worker_id,shift,date,shift_hours,utilization
W0001,Evening,2025-01-14,7.0,0.875
W0001,Evening,2025-01-15,10.0,1.25
W0001,Evening,2025-01-17,7.0,0.875
W0001,Evening,2025-02-25,9.0,1.125
W0001,Evening,2025-04-02,10.0,1.25
W0001,Evening,2025-04-07,7.0,0.875
W0001,Evening,2025-04-18,9.0,1.125
W0001,Evening,2025-04-29,6.0,0.75
W0001,Evening,2025-05-03,9.0,1.125
W0001,Morning,2025-01-25,7.0,0.875
W0001,Morning,2025-01-27,10.0,1.25
W0001,Morning,2025-01-29,8.0,1.0
W0001,Morning,2025-05-04,8.0,1.0
W0001,Morning,2025-05-15,10.0,1.25
W0001,Morning,2025-05-23,10.0,1.25
W0001,Morning,2025-05-24,6.0,0.75
W0001,Night,2025-01-06,9.0,1.125
W0001,Night,2025-01-07,8.0,1.0
W0001,Night,2025-02-07,6.0,0.75
W0001,Night,2025-02-11,8.0,1.0
W0001,Night,2025-02-17,8.0,1.0
W0001,Night,2025-03-12,9.0,1.125
W0001,Night,2025-03-14,6.0,0.75
W0001,Night,2025-04-02,8.0,1.0
W0001,Night,2025-04-08,9.0,1.125
W0001,Night,2025-04-12,10.0,1.25
W0001,Night,2025-04-26,9.0,1.125
W0001,Night,2025-05-22,10.0,1.25
W0001,Night,2025-06-06,9.0,1.125
W0001,Night,2025-06-07,6.0,0.75
W0001,Night,2025-06-13,7.0,0.875
W0001,Night,2025-06-21,9.0,1.125
W0001,Night,2025-06-22,6.0,0.75
W0002,Evening,2025-01-08,6.0,0.75
W0002,Evening,2025-01-09,9.0,1.125
W0002,Evening,2025-02-16,8.0,1.0
W0002,Evening,2025-03-01,7.0,0.875
W0002,Evening,2025-03-19,7.0,0.875
W0002,Evening,2025-04-17,8.0,1.0
W0002,Evening,2025-05-14,6.0,0.75
W0002,Evening,2025-06-18,8.0,1.0
W0002,Morning,2025-01-11,7.0,0.875
W0002,Morning,2025-01-12,10.0,1.25
W0002,Morning,2025-02-14,8.0,1.0
W0002,Morning,2025-02-26,8.0,1.0
W0002,Morning,2025-03-29,10.0,1.25
W0002,Night,2025-01-09,8.0,1.0
W0002,Night,2025-02-12,7.0,0.875
W0002,Night,2025-02-24,9.0,1.125
W0002,Night,2025-03-15,8.0,1.0
W0002,Night,2025-03-17,6.0,0.75
W0002,Night,2025-04-05,10.0,1.25
W0002,Night,2025-05-06,7.0,0.875
W0002,Night,2025-05-08,10.0,1.25
W0002,Night,2025-05-20,10.0,1.25
W0002,Night,2025-05-27,8.0,1.0
W0002,Night,2025-06-04,7.0,0.875
W0003,Evening,2025-02-14,9.0,1.125
W0003,Evening,2025-03-07,7.0,0.875
W0003,Evening,2025-03-28,10.0,1.25
W0003,Evening,2025-04-09,9.0,1.125
W0003,Evening,2025-06-04,6.0,0.75
W0003,Evening,2025-06-15,8.0,1.0
W0003,Evening,2025-06-18,10.0,1.25
W0003,Morning,2025-01-22,7.0,0.875
W0003,Morning,2025-03-19,6.0,0.75
W0003,Morning,2025-03-31,6.0,0.75
W0003,Morning,2025-04-01,8.0,1.0
W0003,Morning,2025-04-07,7.0,0.875
W0003,Morning,2025-04-26,18.0,2.25
W0003,Morning,2025-05-15,7.0,0.875
W0003,Morning,2025-06-29,10.0,1.25
W0003,Night,2025-01-25,6.0,0.75
W0003,Night,2025-03-03,9.0,1.125
W0003,Night,2025-03-20,8.0,1.0
W0003,Night,2025-03-24,6.0,0.75
W0003,Night,2025-04-05,9.0,1.125
W0003,Night,2025-05-11,6.0,0.75
W0003,Night,2025-05-19,6.0,0.75
W0003,Night,2025-05-22,6.0,0.75
W0003,Night,2025-05-29,10.0,1.25
W0003,Night,2025-06-06,6.0,0.75
W0003,Night,2025-06-14,9.0,1.125
W0004,Evening,2025-02-24,7.0,0.875
W0004,Evening,2025-03-15,6.0,0.75
W0004,Evening,2025-04-19,8.0,1.0
W0004,Evening,2025-05-04,6.0,0.75
W0004,Evening,2025-05-23,10.0,1.25
W0004,Evening,2025-05-28,10.0,1.25
W0004,Evening,2025-06-04,9.0,1.125
W0004,Evening,2025-06-29,6.0,0.75
W0004,Morning,2025-01-12,7.0,0.875
W0004,Morning,2025-02-09,7.0,0.875
W0004,Morning,2025-02-12,6.0,0.75
W0004,Morning,2025-03-26,8.0,1.0
W0004,Morning,2025-04-02,10.0,1.25
W0004,Morning,2025-04-21,7.0,0.875
W0004,Morning,2025-05-10,8.0,1.0
W0004,Morning,2025-05-15,7.0,0.875
W0004,Morning,2025-06-20,8.0,1.0
W0004,Night,2025-01-27,16.0,2.0
W0004,Night,2025-02-02,10.0,1.25
W0004,Night,2025-02-28,10.0,1.25
W0004,Night,2025-03-04,6.0,0.75
W0004,Night,2025-03-07,7.0,0.875
W0004,Night,2025-03-08,8.0,1.0
W0004,Night,2025-03-09,6.0,0.75
W0004,Night,2025-03-12,9.0,1.125
W0004,Night,2025-04-10,9.0,1.125
W0004,Night,2025-05-03,8.0,1.0
W0004,Night,2025-05-05,6.0,0.75
W0004,Night,2025-05-09,7.0,0.875
W0004,Night,2025-05-20,8.0,1.0
W0004,Night,2025-05-23,7.0,0.875
W0004,Night,2025-06-03,9.0,1.125
W0004,Night,2025-06-15,9.0,1.125
W0005,Evening,2025-01-29,16.0,2.0
W0005,Evening,2025-03-02,7.0,0.875
W0005,Evening,2025-05-07,8.0,1.0
W0005,Evening,2025-05-12,9.0,1.125
W0005,Evening,2025-05-14,6.0,0.75
W0005,Evening,2025-05-29,6.0,0.75
W0005,Evening,2025-06-07,10.0,1.25
W0005,Evening,2025-06-27,10.0,1.25
W0005,Morning,2025-01-29,8.0,1.0
W0005,Morning,2025-01-31,7.0,0.875
W0005,Morning,2025-03-19,8.0,1.0
W0005,Morning,2025-04-12,9.0,1.125
W0005,Morning,2025-06-26,6.0,0.75
W0005,Night,2025-01-02,6.0,0.75
W0005,Night,2025-01-16,9.0,1.125
W0005,Night,2025-02-02,8.0,1.0
W0005,Night,2025-02-06,8.0,1.0
W0005,Night,2025-02-12,6.0,0.75
W0005,Night,2025-02-20,9.0,1.125
W0005,Night,2025-02-24,7.0,0.875
W0005,Night,2025-03-11,10.0,1.25
W0005,Night,2025-03-12,8.0,1.0
W0005,Night,2025-03-15,6.0,0.75
W0005,Night,2025-04-05,8.0,1.0
W0005,Night,2025-04-28,8.0,1.0
W0005,Night,2025-05-08,6.0,0.75
W0005,Night,2025-05-09,6.0,0.75
W0005,Night,2025-05-17,7.0,0.875
W0005,Night,2025-05-20,8.0,1.0
W0005,Night,2025-05-30,6.0,0.75
W0005,Night,2025-06-04,7.0,0.875
W0005,Night,2025-06-08,6.0,0.75
W0005,Night,2025-06-25,9.0,1.125
W0006,Evening,2025-01-02,9.0,1.125
W0006,Evening,2025-01-03,10.0,1.25
W0006,Evening,2025-01-10,10.0,1.25
W0006,Evening,2025-01-27,9.0,1.125
W0006,Evening,2025-02-23,9.0,1.125
W0006,Evening,2025-03-06,9.0,1.125
W0006,Evening,2025-04-01,6.0,0.75
W0006,Evening,2025-05-02,10.0,1.25
W0006,Evening,2025-05-08,6.0,0.75
W0006,Evening,2025-05-30,6.0,0.75
W0006,Morning,2025-01-28,7.0,0.875
W0006,Morning,2025-02-05,10.0,1.25
W0006,Morning,2025-02-10,8.0,1.0
W0006,Morning,2025-03-23,8.0,1.0
W0006,Morning,2025-05-29,10.0,1.25
W0006,Morning,2025-06-16,9.0,1.125
W0006,Night,2025-01-20,9.0,1.125
W0006,Night,2025-01-24,8.0,1.0
W0006,Night,2025-03-19,8.0,1.0
W0006,Night,2025-04-09,8.0,1.0
W0006,Night,2025-05-18,9.0,1.125
W0006,Night,2025-06-06,8.0,1.0
W0006,Night,2025-06-07,10.0,1.25
W0006,Night,2025-06-14,8.0,1.0
W0006,Night,2025-06-24,6.0,0.75
W0007,Evening,2025-02-05,10.0,1.25
W0007,Evening,2025-02-10,6.0,0.75
W0007,Evening,2025-03-01,6.0,0.75
W0007,Evening,2025-03-10,6.0,0.75
W0007,Evening,2025-03-11,10.0,1.25
W0007,Evening,2025-03-12,7.0,0.875
W0007,Evening,2025-03-27,8.0,1.0
W0007,Evening,2025-04-13,6.0,0.75
W0007,Evening,2025-06-05,8.0,1.0
W0007,Evening,2025-06-11,7.0,0.875
W0007,Evening,2025-06-14,7.0,0.875
W0007,Morning,2025-01-01,7.0,0.875
W0007,Morning,2025-01-24,6.0,0.75
W0007,Morning,2025-03-03,6.0,0.75
W0007,Morning,2025-03-18,9.0,1.125
W0007,Morning,2025-04-09,9.0,1.125
W0007,Morning,2025-04-14,9.0,1.125
W0007,Morning,2025-04-19,10.0,1.25
W0007,Morning,2025-04-30,6.0,0.75
W0007,Morning,2025-05-05,9.0,1.125
W0007,Morning,2025-05-06,8.0,1.0
W0007,Morning,2025-05-12,10.0,1.25
W0007,Morning,2025-05-22,7.0,0.875
W0007,Night,2025-01-06,9.0,1.125
W0007,Night,2025-02-01,9.0,1.125
W0007,Night,2025-02-18,10.0,1.25
W0007,Night,2025-03-21,6.0,0.75
W0007,Night,2025-04-20,9.0,1.125
W0007,Night,2025-04-21,10.0,1.25
W0007,Night,2025-04-26,8.0,1.0
W0007,Night,2025-04-30,17.0,2.125
W0007,Night,2025-05-08,8.0,1.0
W0007,Night,2025-05-12,7.0,0.875
W0007,Night,2025-05-15,7.0,0.875
W0007,Night,2025-06-07,10.0,1.25
W0007,Night,2025-06-22,8.0,1.0
W0007,Night,2025-06-24,9.0,1.125
W0007,Night,2025-06-25,6.0,0.75
W0008,Evening,2025-05-06,10.0,1.25
W0008,Evening,2025-05-07,7.0,0.875
W0008,Evening,2025-06-07,6.0,0.75
W0008,Morning,2025-02-11,8.0,1.0
W0008,Morning,2025-02-19,9.0,1.125
W0008,Morning,2025-03-21,9.0,1.125
W0008,Morning,2025-03-30,10.0,1.25
W0008,Morning,2025-04-09,8.0,1.0
W0008,Morning,2025-04-12,10.0,1.25
W0008,Morning,2025-05-07,10.0,1.25
W0008,Morning,2025-05-16,8.0,1.0
W0008,Morning,2025-05-19,9.0,1.125
W0008,Night,2025-01-10,9.0,1.125
W0008,Night,2025-01-23,8.0,1.0
W0008,Night,2025-01-26,10.0,1.25
W0008,Night,2025-02-22,9.0,1.125
W0008,Night,2025-02-23,8.0,1.0
W0008,Night,2025-03-15,6.0,0.75
W0008,Night,2025-03-26,7.0,0.875
W0008,Night,2025-04-04,9.0,1.125
W0008,Night,2025-04-18,10.0,1.25
W0008,Night,2025-04-29,10.0,1.25
W0008,Night,2025-05-01,10.0,1.25
W0008,Night,2025-06-06,6.0,0.75
W0008,Night,2025-06-09,7.0,0.875
W0008,Night,2025-06-18,6.0,0.75
W0008,Night,2025-06-21,10.0,1.25
W0009,Evening,2025-01-03,7.0,0.875
W0009,Evening,2025-01-16,8.0,1.0
W0009,Evening,2025-01-31,8.0,1.0
W0009,Evening,2025-02-25,6.0,0.75
W0009,Evening,2025-03-29,9.0,1.125
W0009,Evening,2025-04-11,10.0,1.25
W0009,Evening,2025-04-30,7.0,0.875
W0009,Evening,2025-06-20,9.0,1.125
W0009,Morning,2025-02-25,8.0,1.0
W0009,Morning,2025-03-14,7.0,0.875
W0009,Morning,2025-03-18,6.0,0.75
W0009,Morning,2025-04-15,9.0,1.125
W0009,Morning,2025-05-02,6.0,0.75
W0009,Morning,2025-06-17,10.0,1.25
W0009,Night,2025-01-08,10.0,1.25
W0009,Night,2025-01-15,6.0,0.75
W0009,Night,2025-01-25,10.0,1.25
W0009,Night,2025-02-09,9.0,1.125
W0009,Night,2025-02-10,8.0,1.0
W0009,Night,2025-02-22,6.0,0.75
W0009,Night,2025-02-27,18.0,2.25
W0009,Night,2025-03-03,7.0,0.875
W0009,Night,2025-03-15,8.0,1.0
W0009,Night,2025-03-16,7.0,0.875
W0009,Night,2025-03-23,9.0,1.125
W0009,Night,2025-03-30,7.0,0.875
W0009,Night,2025-04-06,6.0,0.75
W0009,Night,2025-04-08,7.0,0.875
W0009,Night,2025-04-25,6.0,0.75
W0009,Night,2025-04-26,10.0,1.25
W0009,Night,2025-05-24,8.0,1.0
W0009,Night,2025-06-19,9.0,1.125
W0009,Night,2025-06-27,10.0,1.25
W0010,Evening,2025-01-01,10.0,1.25
W0010,Evening,2025-01-10,9.0,1.125
W0010,Evening,2025-01-27,10.0,1.25
W0010,Evening,2025-03-17,9.0,1.125
W0010,Evening,2025-03-19,10.0,1.25
W0010,Evening,2025-06-29,9.0,1.125
W0010,Morning,2025-02-10,7.0,0.875
W0010,Morning,2025-02-17,7.0,0.875
W0010,Morning,2025-05-11,10.0,1.25
W0010,Morning,2025-06-10,9.0,1.125
W0010,Morning,2025-06-12,10.0,1.25
W0010,Night,2025-02-02,8.0,1.0
W0010,Night,2025-02-11,10.0,1.25
W0010,Night,2025-02-22,6.0,0.75
W0010,Night,2025-03-08,7.0,0.875
W0010,Night,2025-03-13,9.0,1.125
W0010,Night,2025-03-15,7.0,0.875
W0010,Night,2025-03-16,6.0,0.75
W0010,Night,2025-04-03,10.0,1.25
W0010,Night,2025-04-11,8.0,1.0
W0010,Night,2025-04-18,10.0,1.25
W0010,Night,2025-04-20,7.0,0.875
W0010,Night,2025-05-18,8.0,1.0
W0010,Night,2025-06-04,9.0,1.125
W0010,Night,2025-06-07,8.0,1.0
W0010,Night,2025-06-20,9.0,1.125
W0011,Evening,2025-01-31,7.0,0.875
W0011,Evening,2025-02-28,10.0,1.25
W0011,Evening,2025-03-10,10.0,1.25
W0011,Evening,2025-03-17,9.0,1.125
W0011,Evening,2025-03-24,9.0,1.125
W0011,Evening,2025-04-23,6.0,0.75
W0011,Evening,2025-05-05,7.0,0.875
W0011,Morning,2025-01-04,9.0,1.125
W0011,Morning,2025-01-28,7.0,0.875
W0011,Morning,2025-04-03,6.0,0.75
W0011,Morning,2025-04-06,6.0,0.75
W0011,Morning,2025-04-09,8.0,1.0
W0011,Night,2025-01-19,16.0,2.0
W0011,Night,2025-01-24,7.0,0.875
W0011,Night,2025-01-26,7.0,0.875
W0011,Night,2025-02-14,8.0,1.0
W0011,Night,2025-02-25,8.0,1.0
W0011,Night,2025-03-03,6.0,0.75
W0011,Night,2025-03-13,10.0,1.25
W0011,Night,2025-03-23,8.0,1.0
W0011,Night,2025-03-27,10.0,1.25
W0011,Night,2025-04-04,9.0,1.125
W0011,Night,2025-04-21,7.0,0.875
W0011,Night,2025-05-08,8.0,1.0
W0011,Night,2025-05-30,7.0,0.875
W0011,Night,2025-06-15,8.0,1.0
W0011,Night,2025-06-25,6.0,0.75
W0011,Night,2025-06-28,8.0,1.0
W0012,Evening,2025-01-01,7.0,0.875
W0012,Evening,2025-01-06,10.0,1.25
W0012,Evening,2025-02-03,7.0,0.875
W0012,Evening,2025-02-16,6.0,0.75
W0012,Evening,2025-05-16,7.0,0.875
W0012,Evening,2025-06-04,8.0,1.0
W0012,Morning,2025-01-23,10.0,1.25
W0012,Morning,2025-01-24,6.0,0.75
W0012,Morning,2025-04-24,8.0,1.0
W0012,Morning,2025-04-29,9.0,1.125
W0012,Night,2025-01-11,7.0,0.875
W0012,Night,2025-01-18,10.0,1.25
W0012,Night,2025-01-24,8.0,1.0
W0012,Night,2025-01-25,7.0,0.875
W0012,Night,2025-01-31,9.0,1.125
W0012,Night,2025-03-07,6.0,0.75
W0012,Night,2025-04-11,8.0,1.0
W0012,Night,2025-04-20,7.0,0.875
W0012,Night,2025-04-23,6.0,0.75
W0012,Night,2025-04-29,7.0,0.875
W0012,Night,2025-05-03,10.0,1.25
W0012,Night,2025-05-30,9.0,1.125
W0012,Night,2025-06-15,7.0,0.875
W0013,Evening,2025-01-07,8.0,1.0
W0013,Evening,2025-02-08,10.0,1.25
W0013,Evening,2025-02-28,9.0,1.125
W0013,Evening,2025-03-11,10.0,1.25
W0013,Evening,2025-04-08,9.0,1.125
W0013,Evening,2025-04-21,7.0,0.875
W0013,Evening,2025-05-14,7.0,0.875
W0013,Evening,2025-06-22,9.0,1.125
W0013,Morning,2025-03-08,7.0,0.875
W0013,Morning,2025-03-13,7.0,0.875
W0013,Morning,2025-03-17,7.0,0.875
W0013,Morning,2025-05-12,6.0,0.75
W0013,Night,2025-01-13,10.0,1.25
W0013,Night,2025-01-18,7.0,0.875
W0013,Night,2025-01-30,7.0,0.875
W0013,Night,2025-01-31,7.0,0.875
W0013,Night,2025-02-04,8.0,1.0
W0013,Night,2025-02-11,7.0,0.875
W0013,Night,2025-02-13,6.0,0.75
W0013,Night,2025-02-24,8.0,1.0
W0013,Night,2025-02-26,8.0,1.0
W0013,Night,2025-03-13,8.0,1.0
W0013,Night,2025-03-21,8.0,1.0
W0013,Night,2025-03-23,8.0,1.0
W0013,Night,2025-04-04,8.0,1.0
W0013,Night,2025-04-12,8.0,1.0
W0013,Night,2025-04-15,10.0,1.25
W0013,Night,2025-04-22,7.0,0.875
W0013,Night,2025-05-03,7.0,0.875
W0013,Night,2025-05-05,10.0,1.25
W0013,Night,2025-05-07,7.0,0.875
W0014,Evening,2025-02-16,10.0,1.25
W0014,Evening,2025-02-20,8.0,1.0
W0014,Evening,2025-03-01,7.0,0.875
W0014,Evening,2025-03-19,10.0,1.25
W0014,Evening,2025-06-28,8.0,1.0
W0014,Morning,2025-02-07,6.0,0.75
W0014,Morning,2025-02-09,10.0,1.25
W0014,Morning,2025-02-19,10.0,1.25
W0014,Morning,2025-03-09,7.0,0.875
W0014,Morning,2025-05-19,8.0,1.0
W0014,Morning,2025-06-27,7.0,0.875
W0014,Night,2025-01-13,7.0,0.875
W0014,Night,2025-01-17,9.0,1.125
W0014,Night,2025-02-14,7.0,0.875
W0014,Night,2025-03-01,9.0,1.125
W0014,Night,2025-03-02,7.0,0.875
W0014,Night,2025-03-06,8.0,1.0
W0014,Night,2025-03-09,8.0,1.0
W0014,Night,2025-04-28,10.0,1.25
W0014,Night,2025-05-27,8.0,1.0
W0015,Evening,2025-02-20,6.0,0.75
W0015,Evening,2025-02-21,6.0,0.75
W0015,Evening,2025-04-12,6.0,0.75
W0015,Evening,2025-04-14,6.0,0.75
W0015,Evening,2025-05-05,9.0,1.125
W0015,Morning,2025-01-11,10.0,1.25
W0015,Morning,2025-01-21,7.0,0.875
W0015,Morning,2025-03-07,7.0,0.875
W0015,Morning,2025-05-21,6.0,0.75
W0015,Morning,2025-05-28,8.0,1.0
W0015,Morning,2025-05-29,7.0,0.875
W0015,Morning,2025-06-11,7.0,0.875
W0015,Morning,2025-06-22,9.0,1.125
W0015,Night,2025-01-05,17.0,2.125
W0015,Night,2025-02-05,7.0,0.875
W0015,Night,2025-03-17,7.0,0.875
W0015,Night,2025-04-13,10.0,1.25
W0015,Night,2025-04-14,7.0,0.875
W0015,Night,2025-04-24,7.0,0.875
W0015,Night,2025-05-20,9.0,1.125
W0015,Night,2025-05-31,10.0,1.25
W0015,Night,2025-06-22,7.0,0.875
W0016,Evening,2025-03-02,6.0,0.75
W0016,Evening,2025-03-20,9.0,1.125
W0016,Evening,2025-04-03,9.0,1.125
W0016,Evening,2025-04-06,7.0,0.875
W0016,Evening,2025-04-11,6.0,0.75
W0016,Evening,2025-04-12,8.0,1.0
W0016,Evening,2025-04-19,6.0,0.75
W0016,Evening,2025-05-21,7.0,0.875
W0016,Evening,2025-06-10,10.0,1.25
W0016,Morning,2025-02-09,10.0,1.25
W0016,Morning,2025-03-07,6.0,0.75
W0016,Morning,2025-04-24,10.0,1.25
W0016,Morning,2025-05-11,8.0,1.0
W0016,Morning,2025-05-15,6.0,0.75
W0016,Night,2025-01-07,9.0,1.125
W0016,Night,2025-03-27,9.0,1.125
W0016,Night,2025-04-08,6.0,0.75
W0016,Night,2025-04-27,8.0,1.0
W0016,Night,2025-06-24,9.0,1.125
W0016,Night,2025-06-26,6.0,0.75
W0016,Night,2025-06-28,10.0,1.25
W0017,Evening,2025-01-03,10.0,1.25
W0017,Evening,2025-01-13,10.0,1.25
W0017,Evening,2025-01-26,7.0,0.875
W0017,Evening,2025-02-22,10.0,1.25
W0017,Evening,2025-03-07,7.0,0.875
W0017,Evening,2025-03-13,10.0,1.25
W0017,Evening,2025-04-01,6.0,0.75
W0017,Evening,2025-04-16,9.0,1.125
W0017,Evening,2025-05-07,9.0,1.125
W0017,Morning,2025-01-02,8.0,1.0
W0017,Morning,2025-04-12,7.0,0.875
W0017,Morning,2025-04-13,8.0,1.0
W0017,Morning,2025-05-12,14.0,1.75
W0017,Morning,2025-05-16,10.0,1.25
W0017,Morning,2025-05-26,10.0,1.25
W0017,Morning,2025-06-17,9.0,1.125
W0017,Night,2025-01-19,7.0,0.875
W0017,Night,2025-01-20,8.0,1.0
W0017,Night,2025-01-23,10.0,1.25
W0017,Night,2025-02-22,6.0,0.75
W0017,Night,2025-03-12,9.0,1.125
W0017,Night,2025-03-19,7.0,0.875
W0017,Night,2025-04-11,8.0,1.0
W0017,Night,2025-05-12,10.0,1.25
W0017,Night,2025-05-22,8.0,1.0
W0017,Night,2025-06-06,9.0,1.125
W0018,Evening,2025-01-10,10.0,1.25
W0018,Evening,2025-03-18,7.0,0.875
W0018,Evening,2025-06-02,10.0,1.25
W0018,Evening,2025-06-18,6.0,0.75
W0018,Morning,2025-01-12,9.0,1.125
W0018,Morning,2025-02-20,8.0,1.0
W0018,Morning,2025-02-26,8.0,1.0
W0018,Morning,2025-03-17,6.0,0.75
W0018,Morning,2025-04-27,9.0,1.125
W0018,Morning,2025-04-30,6.0,0.75
W0018,Morning,2025-05-19,7.0,0.875
W0018,Morning,2025-05-25,6.0,0.75
W0018,Night,2025-01-29,7.0,0.875
W0018,Night,2025-01-30,10.0,1.25
W0018,Night,2025-02-06,10.0,1.25
W0018,Night,2025-02-10,16.0,2.0
W0018,Night,2025-02-25,7.0,0.875
W0018,Night,2025-03-02,12.0,1.5
W0018,Night,2025-03-03,7.0,0.875
W0018,Night,2025-03-14,10.0,1.25
W0018,Night,2025-03-15,10.0,1.25
W0018,Night,2025-03-19,9.0,1.125
W0018,Night,2025-03-27,7.0,0.875
W0018,Night,2025-04-25,8.0,1.0
W0018,Night,2025-05-01,9.0,1.125
W0018,Night,2025-05-02,9.0,1.125
W0018,Night,2025-05-11,7.0,0.875
W0018,Night,2025-05-28,10.0,1.25
W0018,Night,2025-06-24,6.0,0.75
W0019,Evening,2025-02-04,6.0,0.75
W0019,Evening,2025-02-18,8.0,1.0
W0019,Evening,2025-02-21,7.0,0.875
W0019,Evening,2025-02-26,8.0,1.0
W0019,Evening,2025-04-01,7.0,0.875
W0019,Evening,2025-04-20,9.0,1.125
W0019,Evening,2025-04-27,8.0,1.0
W0019,Evening,2025-05-13,9.0,1.125
W0019,Evening,2025-05-23,8.0,1.0
W0019,Evening,2025-06-03,8.0,1.0
W0019,Evening,2025-06-13,7.0,0.875
W0019,Morning,2025-01-08,8.0,1.0
W0019,Morning,2025-01-11,6.0,0.75
W0019,Morning,2025-02-10,7.0,0.875
W0019,Morning,2025-02-27,10.0,1.25
W0019,Morning,2025-04-09,9.0,1.125
W0019,Morning,2025-05-13,7.0,0.875
W0019,Morning,2025-06-05,8.0,1.0
W0019,Morning,2025-06-08,10.0,1.25
W0019,Night,2025-01-02,6.0,0.75
W0019,Night,2025-01-12,6.0,0.75
W0019,Night,2025-01-23,10.0,1.25
W0019,Night,2025-02-02,10.0,1.25
W0019,Night,2025-02-14,7.0,0.875
W0019,Night,2025-02-23,7.0,0.875
W0019,Night,2025-03-06,6.0,0.75
W0019,Night,2025-03-26,8.0,1.0
W0019,Night,2025-04-09,6.0,0.75
W0019,Night,2025-04-23,10.0,1.25
W0019,Night,2025-06-18,9.0,1.125
W0020,Evening,2025-01-02,8.0,1.0
W0020,Evening,2025-02-07,6.0,0.75
W0020,Evening,2025-02-17,6.0,0.75
W0020,Evening,2025-03-25,7.0,0.875
W0020,Evening,2025-03-26,6.0,0.75
W0020,Evening,2025-03-28,7.0,0.875
W0020,Evening,2025-04-03,6.0,0.75
W0020,Evening,2025-04-07,9.0,1.125
W0020,Evening,2025-06-07,6.0,0.75
W0020,Evening,2025-06-16,6.0,0.75
W0020,Evening,2025-06-28,9.0,1.125
W0020,Morning,2025-01-11,10.0,1.25
W0020,Morning,2025-01-22,7.0,0.875
W0020,Morning,2025-01-27,10.0,1.25
W0020,Morning,2025-03-02,9.0,1.125
W0020,Morning,2025-06-02,6.0,0.75
W0020,Morning,2025-06-14,9.0,1.125
W0020,Night,2025-01-26,8.0,1.0
W0020,Night,2025-01-31,9.0,1.125
W0020,Night,2025-02-19,8.0,1.0
W0020,Night,2025-02-20,9.0,1.125
W0020,Night,2025-03-17,7.0,0.875
W0020,Night,2025-04-08,7.0,0.875
W0020,Night,2025-05-06,6.0,0.75
W0020,Night,2025-06-07,7.0,0.875
W0020,Night,2025-06-29,7.0,0.875
W0021,Evening,2025-01-05,9.0,1.125
W0021,Evening,2025-02-05,6.0,0.75
W0021,Evening,2025-02-09,8.0,1.0
W0021,Evening,2025-02-21,15.0,1.875
W0021,Evening,2025-02-25,7.0,0.875
W0021,Evening,2025-04-16,8.0,1.0
W0021,Evening,2025-04-23,7.0,0.875
W0021,Evening,2025-05-04,6.0,0.75
W0021,Evening,2025-05-19,8.0,1.0
W0021,Evening,2025-06-02,10.0,1.25
W0021,Morning,2025-01-29,6.0,0.75
W0021,Morning,2025-03-08,6.0,0.75
W0021,Morning,2025-03-14,6.0,0.75
W0021,Morning,2025-04-02,10.0,1.25
W0021,Morning,2025-04-03,7.0,0.875
W0021,Morning,2025-06-26,10.0,1.25
W0021,Night,2025-01-19,10.0,1.25
W0021,Night,2025-01-24,8.0,1.0
W0021,Night,2025-01-25,6.0,0.75
W0021,Night,2025-02-04,10.0,1.25
W0021,Night,2025-03-13,9.0,1.125
W0021,Night,2025-03-25,6.0,0.75
W0021,Night,2025-03-28,10.0,1.25
W0021,Night,2025-04-25,8.0,1.0
W0021,Night,2025-05-01,7.0,0.875
W0021,Night,2025-05-11,7.0,0.875
W0021,Night,2025-05-18,10.0,1.25
W0021,Night,2025-05-27,10.0,1.25
W0021,Night,2025-05-29,6.0,0.75
W0021,Night,2025-06-13,9.0,1.125
W0022,Evening,2025-01-17,8.0,1.0
W0022,Evening,2025-01-30,6.0,0.75
W0022,Evening,2025-02-06,8.0,1.0
W0022,Evening,2025-02-07,9.0,1.125
W0022,Evening,2025-04-01,10.0,1.25
W0022,Evening,2025-04-10,6.0,0.75
W0022,Evening,2025-04-12,10.0,1.25
W0022,Evening,2025-04-24,8.0,1.0
W0022,Evening,2025-05-09,7.0,0.875
W0022,Morning,2025-01-05,6.0,0.75
W0022,Morning,2025-02-08,10.0,1.25
W0022,Morning,2025-04-05,7.0,0.875
W0022,Morning,2025-04-16,7.0,0.875
W0022,Morning,2025-05-25,9.0,1.125
W0022,Morning,2025-06-14,8.0,1.0
W0022,Night,2025-02-02,10.0,1.25
W0022,Night,2025-02-27,6.0,0.75
W0022,Night,2025-03-04,8.0,1.0
W0022,Night,2025-03-08,10.0,1.25
W0022,Night,2025-03-10,10.0,1.25
W0022,Night,2025-03-15,7.0,0.875
W0022,Night,2025-03-24,9.0,1.125
W0022,Night,2025-03-26,6.0,0.75
W0022,Night,2025-03-31,6.0,0.75
W0022,Night,2025-04-08,9.0,1.125
W0022,Night,2025-04-14,10.0,1.25
W0022,Night,2025-04-18,8.0,1.0
W0022,Night,2025-05-02,6.0,0.75
W0022,Night,2025-05-26,9.0,1.125
W0022,Night,2025-06-09,7.0,0.875
W0022,Night,2025-06-16,8.0,1.0
W0022,Night,2025-06-24,7.0,0.875
W0023,Evening,2025-01-24,7.0,0.875
W0023,Evening,2025-02-05,9.0,1.125
W0023,Evening,2025-02-26,10.0,1.25
W0023,Evening,2025-03-03,6.0,0.75
W0023,Evening,2025-04-21,9.0,1.125
W0023,Morning,2025-02-17,10.0,1.25
W0023,Morning,2025-03-04,8.0,1.0
W0023,Morning,2025-05-01,7.0,0.875
W0023,Morning,2025-05-18,8.0,1.0
W0023,Morning,2025-05-22,6.0,0.75
W0023,Morning,2025-05-23,7.0,0.875
W0023,Night,2025-01-02,10.0,1.25
W0023,Night,2025-01-04,7.0,0.875
W0023,Night,2025-01-05,8.0,1.0
W0023,Night,2025-01-10,6.0,0.75
W0023,Night,2025-01-11,10.0,1.25
W0023,Night,2025-01-26,8.0,1.0
W0023,Night,2025-01-30,7.0,0.875
W0023,Night,2025-01-31,8.0,1.0
W0023,Night,2025-02-20,6.0,0.75
W0023,Night,2025-04-02,10.0,1.25
W0023,Night,2025-04-22,7.0,0.875
W0023,Night,2025-05-07,9.0,1.125
W0023,Night,2025-05-12,8.0,1.0
W0023,Night,2025-05-13,8.0,1.0
W0023,Night,2025-05-28,10.0,1.25
W0024,Evening,2025-01-05,8.0,1.0
W0024,Evening,2025-01-30,8.0,1.0
W0024,Evening,2025-03-14,9.0,1.125
W0024,Evening,2025-03-31,9.0,1.125
W0024,Evening,2025-04-26,6.0,0.75
W0024,Evening,2025-05-13,18.0,2.25
W0024,Evening,2025-05-21,6.0,0.75
W0024,Evening,2025-05-25,6.0,0.75
W0024,Morning,2025-02-17,10.0,1.25
W0024,Morning,2025-02-21,8.0,1.0
W0024,Morning,2025-03-19,10.0,1.25
W0024,Morning,2025-04-09,10.0,1.25
W0024,Morning,2025-04-15,9.0,1.125
W0024,Night,2025-01-10,9.0,1.125
W0024,Night,2025-02-02,10.0,1.25
W0024,Night,2025-03-18,6.0,0.75
W0024,Night,2025-04-15,10.0,1.25
W0024,Night,2025-04-24,8.0,1.0
W0024,Night,2025-05-21,9.0,1.125
W0024,Night,2025-06-10,8.0,1.0
W0024,Night,2025-06-14,10.0,1.25
W0024,Night,2025-06-16,8.0,1.0
W0025,Evening,2025-01-03,10.0,1.25
W0025,Evening,2025-01-10,8.0,1.0
W0025,Evening,2025-04-05,8.0,1.0
W0025,Evening,2025-04-26,8.0,1.0
W0025,Evening,2025-05-28,9.0,1.125
W0025,Evening,2025-06-23,8.0,1.0
W0025,Morning,2025-01-13,7.0,0.875
W0025,Morning,2025-03-16,8.0,1.0
W0025,Morning,2025-04-17,10.0,1.25
W0025,Morning,2025-05-01,9.0,1.125
W0025,Morning,2025-05-15,7.0,0.875
W0025,Morning,2025-05-19,7.0,0.875
W0025,Morning,2025-06-11,9.0,1.125
W0025,Morning,2025-06-23,8.0,1.0
W0025,Night,2025-01-08,10.0,1.25
W0025,Night,2025-01-12,7.0,0.875
W0025,Night,2025-02-03,8.0,1.0
W0025,Night,2025-02-06,6.0,0.75
W0025,Night,2025-02-08,8.0,1.0
W0025,Night,2025-02-10,8.0,1.0
W0025,Night,2025-02-25,7.0,0.875
W0025,Night,2025-02-27,6.0,0.75
W0025,Night,2025-03-29,7.0,0.875
W0025,Night,2025-05-07,7.0,0.875
W0025,Night,2025-05-21,6.0,0.75
W0025,Night,2025-06-21,7.0,0.875
W0025,Night,2025-06-29,8.0,1.0
W0026,Evening,2025-01-19,10.0,1.25
W0026,Evening,2025-02-03,10.0,1.25
W0026,Evening,2025-02-12,6.0,0.75
W0026,Evening,2025-02-23,9.0,1.125
W0026,Evening,2025-03-01,9.0,1.125
W0026,Evening,2025-03-20,9.0,1.125
W0026,Evening,2025-04-06,10.0,1.25
W0026,Evening,2025-05-09,8.0,1.0
W0026,Evening,2025-06-22,7.0,0.875
W0026,Morning,2025-01-13,17.0,2.125
W0026,Morning,2025-03-13,6.0,0.75
W0026,Morning,2025-04-18,9.0,1.125
W0026,Morning,2025-04-29,7.0,0.875
W0026,Morning,2025-05-20,9.0,1.125
W0026,Night,2025-01-05,7.0,0.875
W0026,Night,2025-01-07,9.0,1.125
W0026,Night,2025-01-21,7.0,0.875
W0026,Night,2025-02-26,6.0,0.75
W0026,Night,2025-03-05,8.0,1.0
W0026,Night,2025-03-08,8.0,1.0
W0026,Night,2025-03-25,9.0,1.125
W0026,Night,2025-04-06,9.0,1.125
W0026,Night,2025-04-18,6.0,0.75
W0026,Night,2025-05-20,10.0,1.25
W0026,Night,2025-06-24,8.0,1.0
W0027,Evening,2025-02-25,7.0,0.875
W0027,Evening,2025-04-28,10.0,1.25
W0027,Evening,2025-05-11,7.0,0.875
W0027,Evening,2025-05-20,9.0,1.125
W0027,Evening,2025-06-21,7.0,0.875
W0027,Evening,2025-06-26,9.0,1.125
W0027,Evening,2025-06-29,8.0,1.0
W0027,Morning,2025-01-06,8.0,1.0
W0027,Morning,2025-03-27,9.0,1.125
W0027,Morning,2025-04-23,10.0,1.25
W0027,Morning,2025-05-18,8.0,1.0
W0027,Morning,2025-05-30,10.0,1.25
W0027,Night,2025-02-08,6.0,0.75
W0027,Night,2025-03-07,8.0,1.0
W0027,Night,2025-03-19,7.0,0.875
W0027,Night,2025-03-29,10.0,1.25
W0027,Night,2025-03-30,10.0,1.25
W0027,Night,2025-04-07,7.0,0.875
W0027,Night,2025-04-19,6.0,0.75
W0027,Night,2025-04-21,7.0,0.875
W0027,Night,2025-04-23,7.0,0.875
W0027,Night,2025-05-17,10.0,1.25
W0027,Night,2025-05-28,6.0,0.75
W0027,Night,2025-05-31,6.0,0.75
W0027,Night,2025-06-24,10.0,1.25
W0027,Night,2025-06-26,9.0,1.125
W0028,Evening,2025-01-16,10.0,1.25
W0028,Evening,2025-02-18,10.0,1.25
W0028,Evening,2025-03-17,9.0,1.125
W0028,Evening,2025-03-19,9.0,1.125
W0028,Evening,2025-04-02,9.0,1.125
W0028,Evening,2025-05-02,6.0,0.75
W0028,Evening,2025-05-22,9.0,1.125
W0028,Evening,2025-05-23,6.0,0.75
W0028,Evening,2025-06-01,9.0,1.125
W0028,Evening,2025-06-17,9.0,1.125
W0028,Evening,2025-06-24,8.0,1.0
W0028,Morning,2025-02-03,6.0,0.75
W0028,Morning,2025-03-02,7.0,0.875
W0028,Morning,2025-03-22,8.0,1.0
W0028,Morning,2025-04-09,10.0,1.25
W0028,Morning,2025-05-09,7.0,0.875
W0028,Morning,2025-05-24,10.0,1.25
W0028,Morning,2025-06-22,8.0,1.0
W0028,Night,2025-01-10,10.0,1.25
W0028,Night,2025-02-03,9.0,1.125
W0028,Night,2025-02-07,15.0,1.875
W0028,Night,2025-02-09,10.0,1.25
W0028,Night,2025-02-27,6.0,0.75
W0028,Night,2025-03-22,10.0,1.25
W0028,Night,2025-04-06,6.0,0.75
W0028,Night,2025-04-10,7.0,0.875
W0028,Night,2025-04-24,19.0,2.375
W0028,Night,2025-04-28,6.0,0.75
W0028,Night,2025-04-30,9.0,1.125
W0028,Night,2025-05-08,17.0,2.125
W0028,Night,2025-05-09,6.0,0.75
W0028,Night,2025-05-15,20.0,2.5
W0028,Night,2025-05-19,7.0,0.875
W0028,Night,2025-06-03,8.0,1.0
W0028,Night,2025-06-24,8.0,1.0
W0028,Night,2025-06-27,7.0,0.875
W0029,Evening,2025-01-10,9.0,1.125
W0029,Evening,2025-02-13,6.0,0.75
W0029,Evening,2025-02-20,6.0,0.75
W0029,Evening,2025-03-11,6.0,0.75
W0029,Evening,2025-03-31,6.0,0.75
W0029,Evening,2025-05-02,9.0,1.125
W0029,Evening,2025-05-18,10.0,1.25
W0029,Evening,2025-05-24,6.0,0.75
W0029,Evening,2025-06-07,7.0,0.875
W0029,Evening,2025-06-14,9.0,1.125
W0029,Evening,2025-06-20,9.0,1.125
W0029,Morning,2025-02-10,8.0,1.0
W0029,Morning,2025-02-25,6.0,0.75
W0029,Morning,2025-03-07,10.0,1.25
W0029,Morning,2025-04-03,9.0,1.125
W0029,Morning,2025-06-17,7.0,0.875
W0029,Morning,2025-06-23,6.0,0.75
W0029,Morning,2025-06-26,7.0,0.875
W0029,Morning,2025-06-28,6.0,0.75
W0029,Night,2025-01-01,10.0,1.25
W0029,Night,2025-01-05,10.0,1.25
W0029,Night,2025-01-10,8.0,1.0
W0029,Night,2025-02-02,8.0,1.0
W0029,Night,2025-02-12,9.0,1.125
W0029,Night,2025-03-04,6.0,0.75
W0029,Night,2025-03-12,6.0,0.75
W0029,Night,2025-03-23,8.0,1.0
W0029,Night,2025-04-15,12.0,1.5
W0029,Night,2025-04-18,6.0,0.75
W0029,Night,2025-06-02,8.0,1.0
W0029,Night,2025-06-10,6.0,0.75
W0029,Night,2025-06-11,6.0,0.75
W0029,Night,2025-06-12,6.0,0.75
W0030,Evening,2025-01-25,6.0,0.75
W0030,Evening,2025-02-15,6.0,0.75
W0030,Evening,2025-04-04,10.0,1.25
W0030,Evening,2025-04-07,8.0,1.0
W0030,Evening,2025-06-12,8.0,1.0
W0030,Morning,2025-01-22,7.0,0.875
W0030,Morning,2025-03-13,10.0,1.25
W0030,Morning,2025-03-14,6.0,0.75
W0030,Morning,2025-05-05,7.0,0.875
W0030,Morning,2025-05-17,7.0,0.875
W0030,Morning,2025-05-25,8.0,1.0
W0030,Night,2025-01-14,10.0,1.25
W0030,Night,2025-01-24,7.0,0.875
W0030,Night,2025-01-26,9.0,1.125
W0030,Night,2025-02-05,6.0,0.75
W0030,Night,2025-02-09,10.0,1.25
W0030,Night,2025-02-12,8.0,1.0
W0030,Night,2025-02-18,7.0,0.875
W0030,Night,2025-03-21,8.0,1.0
W0030,Night,2025-04-15,7.0,0.875
W0030,Night,2025-04-21,6.0,0.75
W0030,Night,2025-05-04,9.0,1.125
W0030,Night,2025-05-16,6.0,0.75
W0030,Night,2025-05-18,10.0,1.25
W0030,Night,2025-06-14,9.0,1.125
W0031,Evening,2025-01-13,6.0,0.75
W0031,Evening,2025-01-22,10.0,1.25
W0031,Evening,2025-02-04,10.0,1.25
W0031,Evening,2025-02-19,10.0,1.25
W0031,Evening,2025-02-20,8.0,1.0
W0031,Evening,2025-03-29,7.0,0.875
W0031,Evening,2025-04-11,8.0,1.0
W0031,Evening,2025-04-16,9.0,1.125
W0031,Evening,2025-05-17,6.0,0.75
W0031,Evening,2025-05-28,10.0,1.25
W0031,Morning,2025-03-07,10.0,1.25
W0031,Morning,2025-04-17,9.0,1.125
W0031,Morning,2025-05-20,10.0,1.25
W0031,Morning,2025-05-29,10.0,1.25
W0031,Morning,2025-06-01,6.0,0.75
W0031,Morning,2025-06-19,7.0,0.875
W0031,Night,2025-01-09,9.0,1.125
W0031,Night,2025-02-05,10.0,1.25
W0031,Night,2025-02-19,7.0,0.875
W0031,Night,2025-02-21,6.0,0.75
W0031,Night,2025-03-03,6.0,0.75
W0031,Night,2025-03-30,6.0,0.75
W0031,Night,2025-03-31,14.0,1.75
W0031,Night,2025-04-10,8.0,1.0
W0031,Night,2025-04-15,6.0,0.75
W0031,Night,2025-04-24,7.0,0.875
W0031,Night,2025-05-15,8.0,1.0
W0031,Night,2025-05-19,8.0,1.0
W0031,Night,2025-05-28,7.0,0.875
W0031,Night,2025-06-13,9.0,1.125
W0031,Night,2025-06-19,8.0,1.0
W0031,Night,2025-06-23,10.0,1.25
W0032,Evening,2025-01-09,6.0,0.75
W0032,Evening,2025-02-05,10.0,1.25
W0032,Evening,2025-03-02,9.0,1.125
W0032,Evening,2025-04-02,8.0,1.0
W0032,Evening,2025-04-10,7.0,0.875
W0032,Evening,2025-04-24,9.0,1.125
W0032,Evening,2025-04-28,10.0,1.25
W0032,Evening,2025-05-05,8.0,1.0
W0032,Evening,2025-05-13,9.0,1.125
W0032,Evening,2025-06-13,7.0,0.875
W0032,Morning,2025-01-06,8.0,1.0
W0032,Morning,2025-01-14,9.0,1.125
W0032,Morning,2025-01-28,6.0,0.75
W0032,Morning,2025-03-19,10.0,1.25
W0032,Morning,2025-03-30,7.0,0.875
W0032,Morning,2025-04-16,6.0,0.75
W0032,Morning,2025-04-17,18.0,2.25
W0032,Morning,2025-04-24,8.0,1.0
W0032,Morning,2025-05-13,6.0,0.75
W0032,Morning,2025-06-07,8.0,1.0
W0032,Morning,2025-06-16,10.0,1.25
W0032,Morning,2025-06-26,14.0,1.75
W0032,Night,2025-01-05,7.0,0.875
W0032,Night,2025-02-07,9.0,1.125
W0032,Night,2025-02-24,10.0,1.25
W0032,Night,2025-02-27,9.0,1.125
W0032,Night,2025-04-22,9.0,1.125
W0032,Night,2025-04-30,9.0,1.125
W0032,Night,2025-05-03,16.0,2.0
W0032,Night,2025-05-05,7.0,0.875
W0032,Night,2025-05-12,6.0,0.75
W0032,Night,2025-05-20,9.0,1.125
W0032,Night,2025-06-02,10.0,1.25
W0032,Night,2025-06-05,10.0,1.25
W0032,Night,2025-06-23,8.0,1.0
W0033,Evening,2025-01-06,8.0,1.0
W0033,Evening,2025-01-16,8.0,1.0
W0033,Evening,2025-01-18,9.0,1.125
W0033,Evening,2025-01-30,9.0,1.125
W0033,Evening,2025-02-01,8.0,1.0
W0033,Evening,2025-02-06,7.0,0.875
W0033,Evening,2025-03-02,7.0,0.875
W0033,Evening,2025-03-31,8.0,1.0
W0033,Evening,2025-04-01,7.0,0.875
W0033,Evening,2025-04-09,10.0,1.25
W0033,Evening,2025-04-16,13.0,1.625
W0033,Evening,2025-04-20,7.0,0.875
W0033,Evening,2025-05-06,8.0,1.0
W0033,Evening,2025-06-12,10.0,1.25
W0033,Evening,2025-06-17,8.0,1.0
W0033,Morning,2025-01-12,7.0,0.875
W0033,Morning,2025-01-28,10.0,1.25
W0033,Morning,2025-03-17,8.0,1.0
W0033,Morning,2025-03-25,7.0,0.875
W0033,Morning,2025-03-31,10.0,1.25
W0033,Morning,2025-04-19,8.0,1.0
W0033,Morning,2025-04-22,7.0,0.875
W0033,Morning,2025-05-04,8.0,1.0
W0033,Night,2025-01-02,9.0,1.125
W0033,Night,2025-02-21,10.0,1.25
W0033,Night,2025-02-25,7.0,0.875
W0033,Night,2025-04-12,7.0,0.875
W0033,Night,2025-04-13,10.0,1.25
W0033,Night,2025-05-05,6.0,0.75
W0033,Night,2025-05-13,8.0,1.0
W0034,Evening,2025-01-21,8.0,1.0
W0034,Evening,2025-01-28,7.0,0.875
W0034,Evening,2025-03-18,9.0,1.125
W0034,Evening,2025-04-30,7.0,0.875
W0034,Morning,2025-01-26,10.0,1.25
W0034,Morning,2025-02-02,7.0,0.875
W0034,Morning,2025-02-07,6.0,0.75
W0034,Morning,2025-04-11,9.0,1.125
W0034,Morning,2025-06-06,10.0,1.25
W0034,Night,2025-01-16,10.0,1.25
W0034,Night,2025-01-23,9.0,1.125
W0034,Night,2025-01-25,8.0,1.0
W0034,Night,2025-02-21,9.0,1.125
W0034,Night,2025-03-07,8.0,1.0
W0034,Night,2025-03-25,7.0,0.875
W0034,Night,2025-04-04,8.0,1.0
W0034,Night,2025-04-07,8.0,1.0
W0034,Night,2025-05-07,8.0,1.0
W0034,Night,2025-05-27,10.0,1.25
W0034,Night,2025-05-28,6.0,0.75
W0034,Night,2025-06-05,7.0,0.875
W0034,Night,2025-06-22,6.0,0.75
W0034,Night,2025-06-26,7.0,0.875
W0035,Evening,2025-02-15,7.0,0.875
W0035,Evening,2025-02-21,6.0,0.75
W0035,Evening,2025-04-22,10.0,1.25
W0035,Evening,2025-06-07,6.0,0.75
W0035,Morning,2025-01-10,10.0,1.25
W0035,Morning,2025-04-15,10.0,1.25
W0035,Morning,2025-04-27,8.0,1.0
W0035,Morning,2025-06-01,7.0,0.875
W0035,Morning,2025-06-07,6.0,0.75
W0035,Morning,2025-06-20,6.0,0.75
W0035,Morning,2025-06-22,6.0,0.75
W0035,Morning,2025-06-24,7.0,0.875
W0035,Night,2025-01-03,8.0,1.0
W0035,Night,2025-01-04,7.0,0.875
W0035,Night,2025-01-13,9.0,1.125
W0035,Night,2025-01-17,7.0,0.875
W0035,Night,2025-01-20,7.0,0.875
W0035,Night,2025-01-22,7.0,0.875
W0035,Night,2025-01-23,10.0,1.25
W0035,Night,2025-01-24,6.0,0.75
W0035,Night,2025-02-19,10.0,1.25
W0035,Night,2025-03-04,10.0,1.25
W0035,Night,2025-03-06,8.0,1.0
W0035,Night,2025-03-07,9.0,1.125
W0035,Night,2025-04-07,6.0,0.75
W0035,Night,2025-04-09,8.0,1.0
W0035,Night,2025-05-09,8.0,1.0
W0035,Night,2025-05-30,9.0,1.125
W0035,Night,2025-06-06,6.0,0.75
W0036,Evening,2025-01-16,6.0,0.75
W0036,Evening,2025-03-08,6.0,0.75
W0036,Evening,2025-03-19,15.0,1.875
W0036,Evening,2025-03-28,9.0,1.125
W0036,Evening,2025-06-25,6.0,0.75
W0036,Evening,2025-06-29,9.0,1.125
W0036,Morning,2025-01-01,6.0,0.75
W0036,Morning,2025-01-14,9.0,1.125
W0036,Morning,2025-02-01,9.0,1.125
W0036,Morning,2025-02-02,8.0,1.0
W0036,Morning,2025-02-17,9.0,1.125
W0036,Morning,2025-03-14,9.0,1.125
W0036,Morning,2025-04-05,18.0,2.25
W0036,Morning,2025-05-18,6.0,0.75
W0036,Morning,2025-06-26,6.0,0.75
W0036,Night,2025-01-24,6.0,0.75
W0036,Night,2025-01-26,8.0,1.0
W0036,Night,2025-01-27,7.0,0.875
W0036,Night,2025-02-11,9.0,1.125
W0036,Night,2025-02-20,10.0,1.25
W0036,Night,2025-03-15,10.0,1.25
W0036,Night,2025-03-19,7.0,0.875
W0036,Night,2025-03-24,8.0,1.0
W0036,Night,2025-03-28,9.0,1.125
W0036,Night,2025-04-22,9.0,1.125
W0036,Night,2025-05-14,7.0,0.875
W0036,Night,2025-05-25,10.0,1.25
W0036,Night,2025-05-27,9.0,1.125
W0036,Night,2025-05-28,9.0,1.125
W0036,Night,2025-06-27,8.0,1.0
W0037,Evening,2025-01-05,7.0,0.875
W0037,Evening,2025-01-23,6.0,0.75
W0037,Evening,2025-02-02,10.0,1.25
W0037,Evening,2025-03-30,8.0,1.0
W0037,Evening,2025-04-29,7.0,0.875
W0037,Morning,2025-02-20,8.0,1.0
W0037,Morning,2025-04-07,7.0,0.875
W0037,Morning,2025-04-28,6.0,0.75
W0037,Morning,2025-04-30,9.0,1.125
W0037,Morning,2025-05-11,10.0,1.25
W0037,Morning,2025-05-26,10.0,1.25
W0037,Morning,2025-06-01,8.0,1.0
W0037,Morning,2025-06-22,10.0,1.25
W0037,Night,2025-01-02,9.0,1.125
W0037,Night,2025-01-08,10.0,1.25
W0037,Night,2025-01-14,10.0,1.25
W0037,Night,2025-01-19,6.0,0.75
W0037,Night,2025-01-28,10.0,1.25
W0037,Night,2025-02-17,10.0,1.25
W0037,Night,2025-02-25,10.0,1.25
W0037,Night,2025-03-09,10.0,1.25
W0037,Night,2025-04-01,10.0,1.25
W0037,Night,2025-04-06,10.0,1.25
W0037,Night,2025-04-13,6.0,0.75
W0037,Night,2025-04-17,6.0,0.75
W0037,Night,2025-05-05,10.0,1.25
W0037,Night,2025-05-19,10.0,1.25
W0037,Night,2025-06-04,6.0,0.75
W0037,Night,2025-06-22,10.0,1.25
W0037,Night,2025-06-25,8.0,1.0
W0037,Night,2025-06-26,18.0,2.25
W0038,Evening,2025-03-08,8.0,1.0
W0038,Evening,2025-03-15,6.0,0.75
W0038,Evening,2025-04-07,8.0,1.0
W0038,Evening,2025-04-08,9.0,1.125
W0038,Evening,2025-05-07,8.0,1.0
W0038,Evening,2025-05-11,7.0,0.875
W0038,Evening,2025-05-12,10.0,1.25
W0038,Evening,2025-05-21,7.0,0.875
W0038,Evening,2025-06-11,10.0,1.25
W0038,Morning,2025-01-16,6.0,0.75
W0038,Morning,2025-01-24,13.0,1.625
W0038,Morning,2025-03-11,7.0,0.875
W0038,Morning,2025-03-19,6.0,0.75
W0038,Morning,2025-03-22,10.0,1.25
W0038,Morning,2025-03-28,8.0,1.0
W0038,Morning,2025-05-06,10.0,1.25
W0038,Night,2025-02-01,6.0,0.75
W0038,Night,2025-02-08,10.0,1.25
W0038,Night,2025-02-12,13.0,1.625
W0038,Night,2025-02-13,6.0,0.75
W0038,Night,2025-02-17,10.0,1.25
W0038,Night,2025-03-13,6.0,0.75
W0038,Night,2025-03-24,7.0,0.875
W0038,Night,2025-03-30,9.0,1.125
W0038,Night,2025-04-04,6.0,0.75
W0038,Night,2025-04-13,8.0,1.0
W0038,Night,2025-04-16,6.0,0.75
W0038,Night,2025-04-23,13.0,1.625
W0038,Night,2025-04-27,6.0,0.75
W0038,Night,2025-05-12,6.0,0.75
W0038,Night,2025-05-31,8.0,1.0
W0038,Night,2025-06-06,6.0,0.75
W0038,Night,2025-06-17,10.0,1.25
W0039,Evening,2025-01-12,8.0,1.0
W0039,Evening,2025-01-22,9.0,1.125
W0039,Evening,2025-02-16,9.0,1.125
W0039,Evening,2025-02-27,9.0,1.125
W0039,Evening,2025-03-19,10.0,1.25
W0039,Evening,2025-04-29,6.0,0.75
W0039,Evening,2025-05-17,7.0,0.875
W0039,Evening,2025-05-30,19.0,2.375
W0039,Morning,2025-01-09,6.0,0.75
W0039,Morning,2025-02-22,8.0,1.0
W0039,Morning,2025-03-21,8.0,1.0
W0039,Morning,2025-04-10,6.0,0.75
W0039,Morning,2025-05-08,8.0,1.0
W0039,Morning,2025-05-10,9.0,1.125
W0039,Night,2025-01-08,6.0,0.75
W0039,Night,2025-01-11,7.0,0.875
W0039,Night,2025-01-15,8.0,1.0
W0039,Night,2025-01-20,7.0,0.875
W0039,Night,2025-02-10,7.0,0.875
W0039,Night,2025-02-19,7.0,0.875
W0039,Night,2025-03-02,8.0,1.0
W0039,Night,2025-04-15,6.0,0.75
W0039,Night,2025-05-29,10.0,1.25
W0039,Night,2025-06-06,7.0,0.875
W0039,Night,2025-06-12,8.0,1.0
W0039,Night,2025-06-17,6.0,0.75
W0039,Night,2025-06-20,7.0,0.875
W0040,Evening,2025-02-12,9.0,1.125
W0040,Evening,2025-02-22,6.0,0.75
W0040,Evening,2025-05-30,16.0,2.0
W0040,Morning,2025-01-06,7.0,0.875
W0040,Morning,2025-01-15,18.0,2.25
W0040,Morning,2025-01-23,6.0,0.75
W0040,Morning,2025-03-05,9.0,1.125
W0040,Morning,2025-05-07,7.0,0.875
W0040,Morning,2025-05-31,12.0,1.5
W0040,Morning,2025-06-08,6.0,0.75
W0040,Morning,2025-06-10,6.0,0.75
W0040,Morning,2025-06-24,6.0,0.75
W0040,Night,2025-01-13,10.0,1.25
W0040,Night,2025-01-26,8.0,1.0
W0040,Night,2025-01-28,7.0,0.875
W0040,Night,2025-01-29,7.0,0.875
W0040,Night,2025-02-07,6.0,0.75
W0040,Night,2025-02-21,7.0,0.875
W0040,Night,2025-02-23,6.0,0.75
W0040,Night,2025-03-05,8.0,1.0
W0040,Night,2025-03-24,8.0,1.0
W0040,Night,2025-04-02,7.0,0.875
W0040,Night,2025-04-07,10.0,1.25
W0040,Night,2025-04-21,9.0,1.125
W0040,Night,2025-04-27,10.0,1.25
W0040,Night,2025-05-12,9.0,1.125
W0040,Night,2025-05-14,10.0,1.25
W0040,Night,2025-05-15,7.0,0.875
W0040,Night,2025-05-27,6.0,0.75
W0040,Night,2025-06-01,9.0,1.125
W0040,Night,2025-06-05,7.0,0.875
W0040,Night,2025-06-26,10.0,1.25
W0040,Night,2025-06-28,7.0,0.875
W0041,Evening,2025-02-17,8.0,1.0
W0041,Evening,2025-03-18,10.0,1.25
W0041,Evening,2025-03-21,6.0,0.75
W0041,Evening,2025-05-01,9.0,1.125
W0041,Evening,2025-05-21,7.0,0.875
W0041,Evening,2025-05-26,9.0,1.125
W0041,Evening,2025-06-25,9.0,1.125
W0041,Morning,2025-02-26,8.0,1.0
W0041,Morning,2025-06-23,6.0,0.75
W0041,Morning,2025-06-26,7.0,0.875
W0041,Night,2025-01-02,10.0,1.25
W0041,Night,2025-01-04,10.0,1.25
W0041,Night,2025-01-19,16.0,2.0
W0041,Night,2025-01-20,7.0,0.875
W0041,Night,2025-02-13,7.0,0.875
W0041,Night,2025-02-22,6.0,0.75
W0041,Night,2025-03-10,6.0,0.75
W0041,Night,2025-04-04,9.0,1.125
W0041,Night,2025-04-08,10.0,1.25
W0041,Night,2025-04-09,7.0,0.875
W0041,Night,2025-05-01,7.0,0.875
W0041,Night,2025-05-04,8.0,1.0
W0042,Evening,2025-02-10,10.0,1.25
W0042,Evening,2025-03-01,6.0,0.75
W0042,Evening,2025-03-02,10.0,1.25
W0042,Evening,2025-03-06,9.0,1.125
W0042,Evening,2025-05-01,6.0,0.75
W0042,Evening,2025-05-11,6.0,0.75
W0042,Evening,2025-05-12,8.0,1.0
W0042,Morning,2025-01-08,10.0,1.25
W0042,Morning,2025-01-30,9.0,1.125
W0042,Morning,2025-03-26,10.0,1.25
W0042,Morning,2025-04-21,7.0,0.875
W0042,Morning,2025-05-15,7.0,0.875
W0042,Morning,2025-05-17,8.0,1.0
W0042,Night,2025-02-07,8.0,1.0
W0042,Night,2025-02-27,7.0,0.875
W0042,Night,2025-03-18,8.0,1.0
W0042,Night,2025-04-01,9.0,1.125
W0042,Night,2025-04-25,6.0,0.75
W0042,Night,2025-04-30,6.0,0.75
W0042,Night,2025-05-05,6.0,0.75
W0042,Night,2025-05-19,9.0,1.125
W0042,Night,2025-06-02,8.0,1.0
W0042,Night,2025-06-20,8.0,1.0
W0043,Evening,2025-01-12,8.0,1.0
W0043,Evening,2025-02-11,7.0,0.875
W0043,Evening,2025-03-19,10.0,1.25
W0043,Evening,2025-03-27,10.0,1.25
W0043,Evening,2025-03-28,8.0,1.0
W0043,Evening,2025-03-29,7.0,0.875
W0043,Evening,2025-04-01,10.0,1.25
W0043,Evening,2025-04-02,9.0,1.125
W0043,Evening,2025-04-17,9.0,1.125
W0043,Evening,2025-05-21,9.0,1.125
W0043,Evening,2025-06-19,8.0,1.0
W0043,Morning,2025-02-11,7.0,0.875
W0043,Morning,2025-02-27,7.0,0.875
W0043,Morning,2025-02-28,6.0,0.75
W0043,Morning,2025-03-03,10.0,1.25
W0043,Morning,2025-03-10,9.0,1.125
W0043,Morning,2025-04-12,6.0,0.75
W0043,Morning,2025-04-15,9.0,1.125
W0043,Morning,2025-05-23,8.0,1.0
W0043,Morning,2025-06-07,6.0,0.75
W0043,Morning,2025-06-12,7.0,0.875
W0043,Night,2025-01-29,6.0,0.75
W0043,Night,2025-02-06,8.0,1.0
W0043,Night,2025-02-18,9.0,1.125
W0043,Night,2025-02-22,9.0,1.125
W0043,Night,2025-02-24,8.0,1.0
W0043,Night,2025-03-02,9.0,1.125
W0043,Night,2025-03-08,7.0,0.875
W0043,Night,2025-03-18,18.0,2.25
W0043,Night,2025-04-25,8.0,1.0
W0043,Night,2025-05-18,9.0,1.125
W0043,Night,2025-06-06,10.0,1.25
W0044,Evening,2025-01-16,9.0,1.125
W0044,Evening,2025-02-22,10.0,1.25
W0044,Evening,2025-03-06,9.0,1.125
W0044,Evening,2025-03-07,10.0,1.25
W0044,Evening,2025-06-08,10.0,1.25
W0044,Morning,2025-01-23,6.0,0.75
W0044,Morning,2025-01-26,8.0,1.0
W0044,Morning,2025-01-28,10.0,1.25
W0044,Morning,2025-02-13,9.0,1.125
W0044,Morning,2025-04-16,10.0,1.25
W0044,Morning,2025-04-28,10.0,1.25
W0044,Morning,2025-04-30,8.0,1.0
W0044,Morning,2025-05-11,8.0,1.0
W0044,Morning,2025-06-09,10.0,1.25
W0044,Night,2025-01-23,6.0,0.75
W0044,Night,2025-02-09,7.0,0.875
W0044,Night,2025-03-01,10.0,1.25
W0044,Night,2025-03-03,10.0,1.25
W0044,Night,2025-03-15,9.0,1.125
W0044,Night,2025-03-30,9.0,1.125
W0044,Night,2025-05-21,10.0,1.25
W0044,Night,2025-05-28,6.0,0.75
W0044,Night,2025-06-19,10.0,1.25
W0044,Night,2025-06-21,9.0,1.125
W0044,Night,2025-06-22,10.0,1.25
W0044,Night,2025-06-23,8.0,1.0
W0045,Evening,2025-03-01,6.0,0.75
W0045,Evening,2025-03-15,8.0,1.0
W0045,Evening,2025-06-09,10.0,1.25
W0045,Evening,2025-06-11,7.0,0.875
W0045,Morning,2025-02-24,10.0,1.25
W0045,Morning,2025-03-11,6.0,0.75
W0045,Morning,2025-03-15,7.0,0.875
W0045,Morning,2025-03-19,10.0,1.25
W0045,Morning,2025-05-24,16.0,2.0
W0045,Morning,2025-06-20,19.0,2.375
W0045,Night,2025-01-11,9.0,1.125
W0045,Night,2025-01-21,6.0,0.75
W0045,Night,2025-01-23,8.0,1.0
W0045,Night,2025-03-09,8.0,1.0
W0045,Night,2025-04-21,8.0,1.0
W0045,Night,2025-05-07,6.0,0.75
W0045,Night,2025-05-10,6.0,0.75
W0045,Night,2025-05-13,7.0,0.875
W0045,Night,2025-05-17,10.0,1.25
W0045,Night,2025-05-19,7.0,0.875
W0045,Night,2025-05-31,6.0,0.75
W0046,Evening,2025-02-10,10.0,1.25
W0046,Evening,2025-02-25,6.0,0.75
W0046,Evening,2025-03-07,9.0,1.125
W0046,Evening,2025-04-08,9.0,1.125
W0046,Evening,2025-04-14,8.0,1.0
W0046,Evening,2025-04-17,10.0,1.25
W0046,Evening,2025-05-15,10.0,1.25
W0046,Morning,2025-01-31,6.0,0.75
W0046,Morning,2025-02-19,10.0,1.25
W0046,Morning,2025-03-03,8.0,1.0
W0046,Morning,2025-03-16,8.0,1.0
W0046,Morning,2025-04-13,10.0,1.25
W0046,Morning,2025-06-13,7.0,0.875
W0046,Night,2025-01-11,8.0,1.0
W0046,Night,2025-02-06,9.0,1.125
W0046,Night,2025-02-13,9.0,1.125
W0046,Night,2025-02-21,8.0,1.0
W0046,Night,2025-03-05,6.0,0.75
W0046,Night,2025-03-08,7.0,0.875
W0046,Night,2025-03-13,10.0,1.25
W0046,Night,2025-05-30,7.0,0.875
W0046,Night,2025-06-22,6.0,0.75
W0047,Evening,2025-02-26,10.0,1.25
W0047,Evening,2025-03-08,9.0,1.125
W0047,Evening,2025-03-12,6.0,0.75
W0047,Evening,2025-03-15,7.0,0.875
W0047,Evening,2025-04-27,6.0,0.75
W0047,Evening,2025-05-02,10.0,1.25
W0047,Evening,2025-06-03,9.0,1.125
W0047,Morning,2025-02-01,10.0,1.25
W0047,Morning,2025-03-09,10.0,1.25
W0047,Morning,2025-03-12,10.0,1.25
W0047,Morning,2025-03-15,7.0,0.875
W0047,Morning,2025-03-16,10.0,1.25
W0047,Morning,2025-04-09,10.0,1.25
W0047,Morning,2025-04-27,10.0,1.25
W0047,Morning,2025-05-14,6.0,0.75
W0047,Morning,2025-06-03,7.0,0.875
W0047,Morning,2025-06-10,9.0,1.125
W0047,Night,2025-01-19,7.0,0.875
W0047,Night,2025-02-14,7.0,0.875
W0047,Night,2025-03-01,8.0,1.0
W0047,Night,2025-03-04,10.0,1.25
W0047,Night,2025-03-06,10.0,1.25
W0047,Night,2025-03-15,10.0,1.25
W0047,Night,2025-04-17,14.0,1.75
W0047,Night,2025-04-26,6.0,0.75
W0047,Night,2025-06-07,6.0,0.75
W0047,Night,2025-06-08,10.0,1.25
W0047,Night,2025-06-16,10.0,1.25
W0048,Evening,2025-01-09,7.0,0.875
W0048,Evening,2025-01-24,7.0,0.875
W0048,Evening,2025-02-07,7.0,0.875
W0048,Evening,2025-02-14,6.0,0.75
W0048,Evening,2025-02-15,8.0,1.0
W0048,Evening,2025-02-25,7.0,0.875
W0048,Evening,2025-03-09,6.0,0.75
W0048,Evening,2025-04-03,7.0,0.875
W0048,Evening,2025-05-22,8.0,1.0
W0048,Evening,2025-05-24,8.0,1.0
W0048,Evening,2025-06-04,7.0,0.875
W0048,Evening,2025-06-05,10.0,1.25
W0048,Morning,2025-02-06,7.0,0.875
W0048,Morning,2025-03-18,7.0,0.875
W0048,Morning,2025-04-09,6.0,0.75
W0048,Morning,2025-04-21,6.0,0.75
W0048,Morning,2025-05-15,6.0,0.75
W0048,Morning,2025-05-31,7.0,0.875
W0048,Morning,2025-06-11,7.0,0.875
W0048,Night,2025-01-03,7.0,0.875
W0048,Night,2025-01-20,9.0,1.125
W0048,Night,2025-01-28,7.0,0.875
W0048,Night,2025-02-03,7.0,0.875
W0048,Night,2025-02-21,8.0,1.0
W0048,Night,2025-03-03,9.0,1.125
W0048,Night,2025-03-04,6.0,0.75
W0048,Night,2025-03-09,9.0,1.125
W0048,Night,2025-03-15,8.0,1.0
W0048,Night,2025-04-27,6.0,0.75
W0048,Night,2025-04-28,10.0,1.25
W0048,Night,2025-05-08,9.0,1.125
W0048,Night,2025-05-10,10.0,1.25
W0048,Night,2025-05-22,8.0,1.0
W0048,Night,2025-05-31,8.0,1.0
W0048,Night,2025-06-10,9.0,1.125
W0048,Night,2025-06-11,6.0,0.75
W0048,Night,2025-06-28,8.0,1.0
W0049,Evening,2025-02-10,7.0,0.875
W0049,Evening,2025-05-10,7.0,0.875
W0049,Evening,2025-05-22,10.0,1.25
W0049,Evening,2025-05-24,10.0,1.25
W0049,Evening,2025-06-04,7.0,0.875
W0049,Morning,2025-01-20,8.0,1.0
W0049,Morning,2025-02-15,6.0,0.75
W0049,Morning,2025-02-27,6.0,0.75
W0049,Morning,2025-04-19,7.0,0.875
W0049,Night,2025-01-15,9.0,1.125
W0049,Night,2025-01-16,10.0,1.25
W0049,Night,2025-01-23,6.0,0.75
W0049,Night,2025-02-03,9.0,1.125
W0049,Night,2025-02-04,14.0,1.75
W0049,Night,2025-02-25,9.0,1.125
W0049,Night,2025-02-26,8.0,1.0
W0049,Night,2025-03-25,7.0,0.875
W0049,Night,2025-04-09,7.0,0.875
W0049,Night,2025-04-25,7.0,0.875
W0049,Night,2025-04-28,10.0,1.25
W0049,Night,2025-04-30,8.0,1.0
W0049,Night,2025-06-16,7.0,0.875
W0049,Night,2025-06-21,6.0,0.75
W0049,Night,2025-06-22,6.0,0.75
W0050,Evening,2025-01-15,8.0,1.0
W0050,Evening,2025-01-24,8.0,1.0
W0050,Evening,2025-02-10,10.0,1.25
W0050,Evening,2025-03-02,8.0,1.0
W0050,Evening,2025-03-08,8.0,1.0
W0050,Evening,2025-04-05,7.0,0.875
W0050,Evening,2025-05-15,6.0,0.75
W0050,Evening,2025-06-25,10.0,1.25
W0050,Morning,2025-01-03,8.0,1.0
W0050,Morning,2025-01-09,9.0,1.125
W0050,Morning,2025-01-22,10.0,1.25
W0050,Morning,2025-01-31,8.0,1.0
W0050,Morning,2025-02-10,12.0,1.5
W0050,Morning,2025-03-17,10.0,1.25
W0050,Morning,2025-04-09,10.0,1.25
W0050,Morning,2025-05-13,8.0,1.0
W0050,Morning,2025-06-15,8.0,1.0
W0050,Night,2025-01-13,7.0,0.875
W0050,Night,2025-02-16,9.0,1.125
W0050,Night,2025-02-17,10.0,1.25
W0050,Night,2025-02-24,7.0,0.875
W0050,Night,2025-02-28,7.0,0.875
W0050,Night,2025-03-02,10.0,1.25
W0050,Night,2025-03-24,10.0,1.25
W0050,Night,2025-04-12,7.0,0.875
W0050,Night,2025-04-17,10.0,1.25
W0050,Night,2025-04-18,9.0,1.125
W0050,Night,2025-04-23,9.0,1.125
W0050,Night,2025-05-17,10.0,1.25
W0050,Night,2025-05-29,8.0,1.0
W0050,Night,2025-06-01,6.0,0.75
W0050,Night,2025-06-10,8.0,1.0
W0051,Evening,2025-03-16,7.0,0.875
W0051,Evening,2025-03-18,10.0,1.25
W0051,Evening,2025-04-07,7.0,0.875
W0051,Evening,2025-04-23,9.0,1.125
W0051,Evening,2025-04-26,9.0,1.125
W0051,Morning,2025-02-05,7.0,0.875
W0051,Morning,2025-02-09,9.0,1.125
W0051,Morning,2025-03-06,9.0,1.125
W0051,Morning,2025-03-08,7.0,0.875
W0051,Morning,2025-03-12,6.0,0.75
W0051,Morning,2025-04-23,8.0,1.0
W0051,Morning,2025-05-05,10.0,1.25
W0051,Morning,2025-05-19,9.0,1.125
W0051,Morning,2025-05-25,10.0,1.25
W0051,Night,2025-01-16,10.0,1.25
W0051,Night,2025-01-24,7.0,0.875
W0051,Night,2025-01-27,10.0,1.25
W0051,Night,2025-02-01,8.0,1.0
W0051,Night,2025-02-05,10.0,1.25
W0051,Night,2025-02-07,7.0,0.875
W0051,Night,2025-03-05,10.0,1.25
W0051,Night,2025-03-25,8.0,1.0
W0051,Night,2025-03-30,8.0,1.0
W0051,Night,2025-04-11,10.0,1.25
W0051,Night,2025-04-21,9.0,1.125
W0051,Night,2025-05-27,7.0,0.875
W0051,Night,2025-05-30,9.0,1.125
W0051,Night,2025-05-31,9.0,1.125
W0051,Night,2025-06-02,8.0,1.0
W0051,Night,2025-06-13,9.0,1.125
W0051,Night,2025-06-27,9.0,1.125
W0052,Evening,2025-01-29,8.0,1.0
W0052,Evening,2025-02-04,8.0,1.0
W0052,Evening,2025-02-27,17.0,2.125
W0052,Evening,2025-03-25,7.0,0.875
W0052,Evening,2025-05-11,6.0,0.75
W0052,Evening,2025-05-15,6.0,0.75
W0052,Evening,2025-06-10,10.0,1.25
W0052,Evening,2025-06-18,10.0,1.25
W0052,Morning,2025-02-23,7.0,0.875
W0052,Morning,2025-05-09,6.0,0.75
W0052,Morning,2025-05-26,6.0,0.75
W0052,Morning,2025-06-27,7.0,0.875
W0052,Night,2025-01-05,6.0,0.75
W0052,Night,2025-01-17,6.0,0.75
W0052,Night,2025-01-23,10.0,1.25
W0052,Night,2025-02-04,8.0,1.0
W0052,Night,2025-03-08,6.0,0.75
W0052,Night,2025-03-13,7.0,0.875
W0052,Night,2025-03-20,6.0,0.75
W0052,Night,2025-04-09,6.0,0.75
W0052,Night,2025-04-21,6.0,0.75
W0052,Night,2025-04-23,8.0,1.0
W0052,Night,2025-05-19,8.0,1.0
W0052,Night,2025-05-25,10.0,1.25
W0052,Night,2025-05-28,7.0,0.875
W0052,Night,2025-06-01,10.0,1.25
W0052,Night,2025-06-22,8.0,1.0
W0052,Night,2025-06-27,7.0,0.875
W0053,Evening,2025-01-02,10.0,1.25
W0053,Evening,2025-01-30,10.0,1.25
W0053,Evening,2025-03-30,9.0,1.125
W0053,Evening,2025-05-10,6.0,0.75
W0053,Evening,2025-06-22,10.0,1.25
W0053,Morning,2025-01-17,10.0,1.25
W0053,Morning,2025-02-06,8.0,1.0
W0053,Morning,2025-02-19,9.0,1.125
W0053,Morning,2025-03-03,9.0,1.125
W0053,Morning,2025-03-13,8.0,1.0
W0053,Morning,2025-03-23,16.0,2.0
W0053,Morning,2025-04-02,9.0,1.125
W0053,Morning,2025-04-19,10.0,1.25
W0053,Morning,2025-05-20,9.0,1.125
W0053,Morning,2025-06-05,10.0,1.25
W0053,Night,2025-01-07,6.0,0.75
W0053,Night,2025-01-22,9.0,1.125
W0053,Night,2025-01-25,10.0,1.25
W0053,Night,2025-02-05,8.0,1.0
W0053,Night,2025-02-15,6.0,0.75
W0053,Night,2025-02-17,6.0,0.75
W0053,Night,2025-03-08,8.0,1.0
W0053,Night,2025-05-09,10.0,1.25
W0053,Night,2025-05-27,8.0,1.0
W0053,Night,2025-06-01,9.0,1.125
W0053,Night,2025-06-05,8.0,1.0
W0053,Night,2025-06-06,10.0,1.25
W0053,Night,2025-06-10,8.0,1.0
W0053,Night,2025-06-11,8.0,1.0
W0053,Night,2025-06-22,7.0,0.875
W0053,Night,2025-06-25,9.0,1.125
W0054,Evening,2025-01-14,9.0,1.125
W0054,Evening,2025-03-08,7.0,0.875
W0054,Evening,2025-03-21,7.0,0.875
W0054,Evening,2025-04-19,9.0,1.125
W0054,Evening,2025-04-22,10.0,1.25
W0054,Evening,2025-05-01,7.0,0.875
W0054,Evening,2025-05-20,6.0,0.75
W0054,Evening,2025-05-24,8.0,1.0
W0054,Morning,2025-01-05,10.0,1.25
W0054,Morning,2025-03-07,8.0,1.0
W0054,Morning,2025-03-08,7.0,0.875
W0054,Morning,2025-03-21,10.0,1.25
W0054,Morning,2025-05-08,10.0,1.25
W0054,Morning,2025-05-10,8.0,1.0
W0054,Morning,2025-05-20,6.0,0.75
W0054,Morning,2025-05-21,8.0,1.0
W0054,Morning,2025-05-29,6.0,0.75
W0054,Morning,2025-05-31,8.0,1.0
W0054,Morning,2025-06-26,9.0,1.125
W0054,Night,2025-01-20,7.0,0.875
W0054,Night,2025-01-30,10.0,1.25
W0054,Night,2025-02-11,10.0,1.25
W0054,Night,2025-03-04,7.0,0.875
W0054,Night,2025-03-15,10.0,1.25
W0054,Night,2025-03-29,8.0,1.0
W0054,Night,2025-04-07,7.0,0.875
W0054,Night,2025-04-19,8.0,1.0
W0054,Night,2025-04-25,9.0,1.125
W0054,Night,2025-05-27,7.0,0.875
W0054,Night,2025-06-07,9.0,1.125
W0054,Night,2025-06-13,7.0,0.875
W0055,Evening,2025-01-08,9.0,1.125
W0055,Evening,2025-02-21,8.0,1.0
W0055,Evening,2025-03-28,9.0,1.125
W0055,Evening,2025-05-10,7.0,0.875
W0055,Evening,2025-05-14,6.0,0.75
W0055,Evening,2025-06-07,10.0,1.25
W0055,Morning,2025-02-13,8.0,1.0
W0055,Morning,2025-03-16,9.0,1.125
W0055,Morning,2025-03-31,7.0,0.875
W0055,Morning,2025-04-08,10.0,1.25
W0055,Morning,2025-04-17,7.0,0.875
W0055,Night,2025-01-23,7.0,0.875
W0055,Night,2025-02-08,7.0,0.875
W0055,Night,2025-02-09,9.0,1.125
W0055,Night,2025-02-24,9.0,1.125
W0055,Night,2025-03-05,10.0,1.25
W0055,Night,2025-03-17,7.0,0.875
W0055,Night,2025-04-04,7.0,0.875
W0055,Night,2025-04-09,6.0,0.75
W0055,Night,2025-04-17,13.0,1.625
W0055,Night,2025-04-20,6.0,0.75
W0055,Night,2025-05-11,7.0,0.875
W0055,Night,2025-06-18,7.0,0.875
W0056,Evening,2025-01-04,10.0,1.25
W0056,Evening,2025-02-10,6.0,0.75
W0056,Evening,2025-02-27,8.0,1.0
W0056,Evening,2025-03-07,8.0,1.0
W0056,Evening,2025-03-14,10.0,1.25
W0056,Evening,2025-04-15,6.0,0.75
W0056,Evening,2025-06-10,9.0,1.125
W0056,Evening,2025-06-27,7.0,0.875
W0056,Morning,2025-03-27,10.0,1.25
W0056,Night,2025-01-13,10.0,1.25
W0056,Night,2025-01-14,10.0,1.25
W0056,Night,2025-01-17,10.0,1.25
W0056,Night,2025-01-22,7.0,0.875
W0056,Night,2025-01-31,9.0,1.125
W0056,Night,2025-02-11,8.0,1.0
W0056,Night,2025-02-12,18.0,2.25
W0056,Night,2025-02-14,6.0,0.75
W0056,Night,2025-02-22,9.0,1.125
W0056,Night,2025-02-26,10.0,1.25
W0056,Night,2025-03-11,9.0,1.125
W0056,Night,2025-03-17,7.0,0.875
W0056,Night,2025-03-18,9.0,1.125
W0056,Night,2025-03-31,6.0,0.75
W0056,Night,2025-04-02,6.0,0.75
W0056,Night,2025-04-04,6.0,0.75
W0056,Night,2025-04-12,7.0,0.875
W0056,Night,2025-04-16,6.0,0.75
W0056,Night,2025-05-03,8.0,1.0
W0056,Night,2025-05-06,8.0,1.0
W0056,Night,2025-05-07,10.0,1.25
W0056,Night,2025-05-10,7.0,0.875
W0056,Night,2025-05-14,7.0,0.875
W0056,Night,2025-05-20,6.0,0.75
W0056,Night,2025-06-01,8.0,1.0
W0056,Night,2025-06-29,9.0,1.125
W0057,Evening,2025-01-24,9.0,1.125
W0057,Evening,2025-01-26,8.0,1.0
W0057,Evening,2025-02-10,7.0,0.875
W0057,Evening,2025-02-11,9.0,1.125
W0057,Evening,2025-03-17,7.0,0.875
W0057,Evening,2025-04-23,6.0,0.75
W0057,Evening,2025-05-18,6.0,0.75
W0057,Evening,2025-06-04,7.0,0.875
W0057,Evening,2025-06-27,17.0,2.125
W0057,Evening,2025-06-29,6.0,0.75
W0057,Morning,2025-01-05,10.0,1.25
W0057,Morning,2025-01-08,6.0,0.75
W0057,Morning,2025-01-15,18.0,2.25
W0057,Morning,2025-01-24,7.0,0.875
W0057,Morning,2025-01-27,6.0,0.75
W0057,Morning,2025-04-12,8.0,1.0
W0057,Morning,2025-04-24,7.0,0.875
W0057,Morning,2025-05-02,7.0,0.875
W0057,Morning,2025-05-15,7.0,0.875
W0057,Morning,2025-05-25,9.0,1.125
W0057,Morning,2025-06-04,6.0,0.75
W0057,Morning,2025-06-27,7.0,0.875
W0057,Night,2025-01-15,7.0,0.875
W0057,Night,2025-01-30,7.0,0.875
W0057,Night,2025-02-10,7.0,0.875
W0057,Night,2025-03-09,7.0,0.875
W0057,Night,2025-03-23,9.0,1.125
W0057,Night,2025-03-25,6.0,0.75
W0057,Night,2025-03-26,7.0,0.875
W0057,Night,2025-04-28,9.0,1.125
W0058,Evening,2025-01-04,7.0,0.875
W0058,Evening,2025-01-05,10.0,1.25
W0058,Evening,2025-01-08,6.0,0.75
W0058,Evening,2025-03-08,10.0,1.25
W0058,Evening,2025-04-16,7.0,0.875
W0058,Evening,2025-05-23,10.0,1.25
W0058,Evening,2025-06-15,10.0,1.25
W0058,Evening,2025-06-16,7.0,0.875
W0058,Morning,2025-02-27,10.0,1.25
W0058,Morning,2025-03-11,7.0,0.875
W0058,Morning,2025-03-19,6.0,0.75
W0058,Morning,2025-04-19,8.0,1.0
W0058,Morning,2025-04-22,10.0,1.25
W0058,Morning,2025-04-27,10.0,1.25
W0058,Morning,2025-05-16,9.0,1.125
W0058,Morning,2025-05-17,7.0,0.875
W0058,Morning,2025-05-26,7.0,0.875
W0058,Morning,2025-06-23,6.0,0.75
W0058,Night,2025-01-28,9.0,1.125
W0058,Night,2025-02-12,10.0,1.25
W0058,Night,2025-03-03,17.0,2.125
W0058,Night,2025-03-06,9.0,1.125
W0058,Night,2025-03-13,7.0,0.875
W0058,Night,2025-03-14,10.0,1.25
W0058,Night,2025-04-16,6.0,0.75
W0058,Night,2025-05-16,7.0,0.875
W0058,Night,2025-05-17,10.0,1.25
W0058,Night,2025-05-20,16.0,2.0
W0058,Night,2025-06-08,7.0,0.875
W0058,Night,2025-06-13,7.0,0.875
W0058,Night,2025-06-16,9.0,1.125
W0059,Evening,2025-01-06,8.0,1.0
W0059,Evening,2025-01-26,9.0,1.125
W0059,Evening,2025-01-29,9.0,1.125
W0059,Evening,2025-02-15,8.0,1.0
W0059,Evening,2025-03-07,7.0,0.875
W0059,Evening,2025-03-11,8.0,1.0
W0059,Evening,2025-05-30,9.0,1.125
W0059,Morning,2025-03-31,6.0,0.75
W0059,Morning,2025-04-29,6.0,0.75
W0059,Morning,2025-06-03,9.0,1.125
W0059,Morning,2025-06-26,6.0,0.75
W0059,Night,2025-01-10,8.0,1.0
W0059,Night,2025-01-22,8.0,1.0
W0059,Night,2025-01-26,10.0,1.25
W0059,Night,2025-02-24,10.0,1.25
W0059,Night,2025-02-26,8.0,1.0
W0059,Night,2025-03-09,9.0,1.125
W0059,Night,2025-04-12,8.0,1.0
W0059,Night,2025-04-27,7.0,0.875
W0059,Night,2025-04-28,7.0,0.875
W0059,Night,2025-05-01,8.0,1.0
W0059,Night,2025-05-26,8.0,1.0
W0059,Night,2025-06-06,6.0,0.75
W0059,Night,2025-06-14,8.0,1.0
W0059,Night,2025-06-24,6.0,0.75
W0060,Evening,2025-01-15,7.0,0.875
W0060,Evening,2025-03-10,7.0,0.875
W0060,Evening,2025-04-26,7.0,0.875
W0060,Evening,2025-05-19,8.0,1.0
W0060,Evening,2025-05-21,6.0,0.75
W0060,Morning,2025-01-09,10.0,1.25
W0060,Morning,2025-01-10,10.0,1.25
W0060,Morning,2025-01-14,7.0,0.875
W0060,Morning,2025-02-07,10.0,1.25
W0060,Morning,2025-02-08,6.0,0.75
W0060,Morning,2025-02-12,7.0,0.875
W0060,Morning,2025-03-30,7.0,0.875
W0060,Morning,2025-04-20,6.0,0.75
W0060,Morning,2025-04-26,8.0,1.0
W0060,Morning,2025-05-15,6.0,0.75
W0060,Morning,2025-06-08,10.0,1.25
W0060,Night,2025-03-03,6.0,0.75
W0060,Night,2025-03-20,9.0,1.125
W0060,Night,2025-03-22,8.0,1.0
W0060,Night,2025-04-14,8.0,1.0
W0060,Night,2025-05-01,10.0,1.25
W0060,Night,2025-05-14,9.0,1.125
W0060,Night,2025-05-16,10.0,1.25
W0060,Night,2025-05-22,7.0,0.875
W0060,Night,2025-06-05,9.0,1.125
W0060,Night,2025-06-08,6.0,0.75
W0061,Evening,2025-01-01,6.0,0.75
W0061,Evening,2025-01-05,10.0,1.25
W0061,Evening,2025-01-15,7.0,0.875
W0061,Evening,2025-02-10,7.0,0.875
W0061,Evening,2025-02-24,10.0,1.25
W0061,Evening,2025-02-26,6.0,0.75
W0061,Evening,2025-03-11,9.0,1.125
W0061,Evening,2025-04-14,8.0,1.0
W0061,Evening,2025-04-16,10.0,1.25
W0061,Evening,2025-04-22,15.0,1.875
W0061,Evening,2025-05-04,8.0,1.0
W0061,Evening,2025-05-18,9.0,1.125
W0061,Morning,2025-02-05,10.0,1.25
W0061,Morning,2025-02-25,8.0,1.0
W0061,Morning,2025-03-22,10.0,1.25
W0061,Morning,2025-04-21,10.0,1.25
W0061,Morning,2025-05-02,6.0,0.75
W0061,Morning,2025-06-18,10.0,1.25
W0061,Night,2025-01-14,16.0,2.0
W0061,Night,2025-01-18,10.0,1.25
W0061,Night,2025-01-26,9.0,1.125
W0061,Night,2025-02-08,6.0,0.75
W0061,Night,2025-02-11,7.0,0.875
W0061,Night,2025-03-27,10.0,1.25
W0061,Night,2025-03-29,7.0,0.875
W0061,Night,2025-04-04,10.0,1.25
W0061,Night,2025-04-06,10.0,1.25
W0061,Night,2025-04-11,6.0,0.75
W0061,Night,2025-04-24,9.0,1.125
W0061,Night,2025-05-09,9.0,1.125
W0061,Night,2025-05-24,8.0,1.0
W0061,Night,2025-06-12,7.0,0.875
W0061,Night,2025-06-24,8.0,1.0
W0061,Night,2025-06-26,6.0,0.75
W0062,Evening,2025-01-15,6.0,0.75
W0062,Evening,2025-01-29,9.0,1.125
W0062,Evening,2025-02-01,9.0,1.125
W0062,Evening,2025-02-22,9.0,1.125
W0062,Evening,2025-03-20,8.0,1.0
W0062,Evening,2025-03-23,6.0,0.75
W0062,Evening,2025-04-04,9.0,1.125
W0062,Evening,2025-06-21,6.0,0.75
W0062,Morning,2025-01-16,7.0,0.875
W0062,Morning,2025-02-04,10.0,1.25
W0062,Morning,2025-02-16,7.0,0.875
W0062,Morning,2025-04-01,6.0,0.75
W0062,Morning,2025-05-04,6.0,0.75
W0062,Morning,2025-05-20,7.0,0.875
W0062,Morning,2025-05-23,6.0,0.75
W0062,Morning,2025-06-13,10.0,1.25
W0062,Night,2025-01-12,12.0,1.5
W0062,Night,2025-01-18,7.0,0.875
W0062,Night,2025-03-07,9.0,1.125
W0062,Night,2025-03-19,6.0,0.75
W0062,Night,2025-04-05,9.0,1.125
W0062,Night,2025-04-13,8.0,1.0
W0062,Night,2025-05-07,8.0,1.0
W0062,Night,2025-05-08,7.0,0.875
W0062,Night,2025-05-13,9.0,1.125
W0062,Night,2025-05-14,10.0,1.25
W0062,Night,2025-05-15,6.0,0.75
W0062,Night,2025-05-29,10.0,1.25
W0062,Night,2025-05-30,8.0,1.0
W0062,Night,2025-06-04,8.0,1.0
W0062,Night,2025-06-09,7.0,0.875
W0062,Night,2025-06-19,7.0,0.875
W0062,Night,2025-06-29,10.0,1.25
W0063,Evening,2025-01-17,8.0,1.0
W0063,Evening,2025-02-06,6.0,0.75
W0063,Evening,2025-02-07,7.0,0.875
W0063,Evening,2025-02-13,8.0,1.0
W0063,Evening,2025-02-19,10.0,1.25
W0063,Evening,2025-03-27,9.0,1.125
W0063,Evening,2025-04-07,8.0,1.0
W0063,Evening,2025-05-03,9.0,1.125
W0063,Morning,2025-01-19,6.0,0.75
W0063,Morning,2025-03-11,6.0,0.75
W0063,Morning,2025-03-13,10.0,1.25
W0063,Morning,2025-03-16,6.0,0.75
W0063,Morning,2025-04-01,10.0,1.25
W0063,Morning,2025-04-06,9.0,1.125
W0063,Morning,2025-04-16,10.0,1.25
W0063,Morning,2025-04-17,8.0,1.0
W0063,Morning,2025-04-18,6.0,0.75
W0063,Morning,2025-05-02,9.0,1.125
W0063,Morning,2025-05-12,10.0,1.25
W0063,Morning,2025-05-28,7.0,0.875
W0063,Morning,2025-06-06,7.0,0.875
W0063,Morning,2025-06-29,8.0,1.0
W0063,Night,2025-01-08,9.0,1.125
W0063,Night,2025-01-15,9.0,1.125
W0063,Night,2025-01-23,9.0,1.125
W0063,Night,2025-03-09,8.0,1.0
W0063,Night,2025-03-17,6.0,0.75
W0063,Night,2025-03-21,6.0,0.75
W0063,Night,2025-04-15,8.0,1.0
W0063,Night,2025-04-27,7.0,0.875
W0063,Night,2025-04-28,10.0,1.25
W0063,Night,2025-05-02,10.0,1.25
W0063,Night,2025-05-06,8.0,1.0
W0063,Night,2025-05-21,9.0,1.125
W0063,Night,2025-05-31,9.0,1.125
W0063,Night,2025-06-08,6.0,0.75
W0063,Night,2025-06-16,7.0,0.875
W0064,Evening,2025-01-07,9.0,1.125
W0064,Evening,2025-02-07,8.0,1.0
W0064,Evening,2025-02-16,10.0,1.25
W0064,Evening,2025-06-17,8.0,1.0
W0064,Morning,2025-01-16,7.0,0.875
W0064,Morning,2025-01-22,7.0,0.875
W0064,Morning,2025-01-24,10.0,1.25
W0064,Morning,2025-01-30,7.0,0.875
W0064,Morning,2025-02-12,8.0,1.0
W0064,Morning,2025-05-15,8.0,1.0
W0064,Morning,2025-05-30,6.0,0.75
W0064,Morning,2025-06-24,7.0,0.875
W0064,Night,2025-01-01,8.0,1.0
W0064,Night,2025-02-01,9.0,1.125
W0064,Night,2025-02-06,6.0,0.75
W0064,Night,2025-02-07,7.0,0.875
W0064,Night,2025-02-11,10.0,1.25
W0064,Night,2025-02-25,8.0,1.0
W0064,Night,2025-03-04,7.0,0.875
W0064,Night,2025-03-14,10.0,1.25
W0064,Night,2025-04-30,6.0,0.75
W0064,Night,2025-05-04,8.0,1.0
W0064,Night,2025-05-14,6.0,0.75
W0064,Night,2025-06-16,8.0,1.0
W0064,Night,2025-06-19,8.0,1.0
W0064,Night,2025-06-27,7.0,0.875
W0065,Evening,2025-01-02,10.0,1.25
W0065,Evening,2025-02-01,6.0,0.75
W0065,Evening,2025-03-25,9.0,1.125
W0065,Evening,2025-05-04,8.0,1.0
W0065,Evening,2025-05-18,8.0,1.0
W0065,Evening,2025-06-25,9.0,1.125
W0065,Morning,2025-01-09,7.0,0.875
W0065,Morning,2025-01-10,7.0,0.875
W0065,Morning,2025-04-25,7.0,0.875
W0065,Morning,2025-05-24,16.0,2.0
W0065,Morning,2025-06-19,7.0,0.875
W0065,Morning,2025-06-23,6.0,0.75
W0065,Night,2025-01-29,6.0,0.75
W0065,Night,2025-02-02,8.0,1.0
W0065,Night,2025-02-07,10.0,1.25
W0065,Night,2025-02-20,9.0,1.125
W0065,Night,2025-02-24,6.0,0.75
W0065,Night,2025-03-03,8.0,1.0
W0065,Night,2025-04-19,10.0,1.25
W0065,Night,2025-05-01,8.0,1.0
W0065,Night,2025-05-17,10.0,1.25
W0065,Night,2025-06-14,9.0,1.125
W0065,Night,2025-06-18,8.0,1.0
W0065,Night,2025-06-19,6.0,0.75
W0066,Evening,2025-01-01,10.0,1.25
W0066,Evening,2025-01-02,7.0,0.875
W0066,Evening,2025-01-27,8.0,1.0
W0066,Evening,2025-03-06,8.0,1.0
W0066,Evening,2025-03-31,8.0,1.0
W0066,Evening,2025-04-29,6.0,0.75
W0066,Evening,2025-05-10,8.0,1.0
W0066,Evening,2025-06-09,7.0,0.875
W0066,Morning,2025-01-09,7.0,0.875
W0066,Morning,2025-01-25,7.0,0.875
W0066,Morning,2025-02-19,8.0,1.0
W0066,Morning,2025-04-14,6.0,0.75
W0066,Morning,2025-04-19,7.0,0.875
W0066,Morning,2025-04-21,9.0,1.125
W0066,Morning,2025-05-06,8.0,1.0
W0066,Morning,2025-05-09,8.0,1.0
W0066,Morning,2025-05-11,9.0,1.125
W0066,Morning,2025-06-01,10.0,1.25
W0066,Morning,2025-06-08,9.0,1.125
W0066,Morning,2025-06-11,7.0,0.875
W0066,Morning,2025-06-27,7.0,0.875
W0066,Night,2025-01-13,8.0,1.0
W0066,Night,2025-01-20,7.0,0.875
W0066,Night,2025-01-24,6.0,0.75
W0066,Night,2025-01-25,10.0,1.25
W0066,Night,2025-02-19,7.0,0.875
W0066,Night,2025-03-05,10.0,1.25
W0066,Night,2025-03-06,6.0,0.75
W0066,Night,2025-03-15,6.0,0.75
W0066,Night,2025-04-12,8.0,1.0
W0066,Night,2025-04-25,7.0,0.875
W0066,Night,2025-05-11,10.0,1.25
W0066,Night,2025-05-17,6.0,0.75
W0066,Night,2025-05-23,9.0,1.125
W0066,Night,2025-06-06,10.0,1.25
W0066,Night,2025-06-18,9.0,1.125
W0066,Night,2025-06-27,6.0,0.75
W0067,Evening,2025-01-03,6.0,0.75
W0067,Evening,2025-01-17,6.0,0.75
W0067,Evening,2025-03-24,8.0,1.0
W0067,Evening,2025-03-29,9.0,1.125
W0067,Evening,2025-03-31,7.0,0.875
W0067,Evening,2025-05-26,7.0,0.875
W0067,Morning,2025-03-22,9.0,1.125
W0067,Morning,2025-04-24,8.0,1.0
W0067,Morning,2025-06-24,9.0,1.125
W0067,Night,2025-01-29,9.0,1.125
W0067,Night,2025-05-05,10.0,1.25
W0067,Night,2025-05-15,6.0,0.75
W0067,Night,2025-06-06,7.0,0.875
W0068,Evening,2025-01-18,10.0,1.25
W0068,Evening,2025-03-13,6.0,0.75
W0068,Evening,2025-04-02,8.0,1.0
W0068,Evening,2025-04-25,7.0,0.875
W0068,Evening,2025-04-26,8.0,1.0
W0068,Evening,2025-05-12,9.0,1.125
W0068,Evening,2025-05-31,10.0,1.25
W0068,Evening,2025-06-09,7.0,0.875
W0068,Evening,2025-06-16,10.0,1.25
W0068,Morning,2025-01-21,6.0,0.75
W0068,Morning,2025-01-22,9.0,1.125
W0068,Morning,2025-04-05,6.0,0.75
W0068,Morning,2025-04-06,6.0,0.75
W0068,Morning,2025-04-20,7.0,0.875
W0068,Morning,2025-05-11,9.0,1.125
W0068,Morning,2025-06-27,7.0,0.875
W0068,Night,2025-01-12,8.0,1.0
W0068,Night,2025-01-17,6.0,0.75
W0068,Night,2025-02-02,8.0,1.0
W0068,Night,2025-02-13,6.0,0.75
W0068,Night,2025-02-20,6.0,0.75
W0068,Night,2025-02-22,10.0,1.25
W0068,Night,2025-02-27,10.0,1.25
W0068,Night,2025-03-04,8.0,1.0
W0068,Night,2025-03-19,10.0,1.25
W0068,Night,2025-04-21,9.0,1.125
W0068,Night,2025-05-06,16.0,2.0
W0068,Night,2025-05-22,7.0,0.875
W0068,Night,2025-05-24,10.0,1.25
W0068,Night,2025-05-31,9.0,1.125
W0068,Night,2025-06-24,7.0,0.875
W0069,Evening,2025-01-03,8.0,1.0
W0069,Evening,2025-02-21,6.0,0.75
W0069,Evening,2025-04-05,7.0,0.875
W0069,Evening,2025-04-12,8.0,1.0
W0069,Evening,2025-04-15,10.0,1.25
W0069,Evening,2025-05-06,9.0,1.125
W0069,Evening,2025-05-09,6.0,0.75
W0069,Evening,2025-06-23,9.0,1.125
W0069,Evening,2025-06-26,6.0,0.75
W0069,Morning,2025-01-02,10.0,1.25
W0069,Morning,2025-03-28,10.0,1.25
W0069,Morning,2025-04-01,9.0,1.125
W0069,Morning,2025-04-10,7.0,0.875
W0069,Morning,2025-05-17,8.0,1.0
W0069,Morning,2025-05-21,6.0,0.75
W0069,Morning,2025-06-10,7.0,0.875
W0069,Morning,2025-06-13,14.0,1.75
W0069,Morning,2025-06-26,6.0,0.75
W0069,Night,2025-01-06,7.0,0.875
W0069,Night,2025-01-23,7.0,0.875
W0069,Night,2025-02-26,9.0,1.125
W0069,Night,2025-03-15,10.0,1.25
W0069,Night,2025-03-24,8.0,1.0
W0069,Night,2025-03-25,8.0,1.0
W0069,Night,2025-04-15,6.0,0.75
W0069,Night,2025-04-24,10.0,1.25
W0069,Night,2025-05-01,6.0,0.75
W0069,Night,2025-05-15,7.0,0.875
W0069,Night,2025-05-23,8.0,1.0
W0070,Evening,2025-01-02,8.0,1.0
W0070,Evening,2025-01-03,9.0,1.125
W0070,Evening,2025-01-04,8.0,1.0
W0070,Evening,2025-01-11,6.0,0.75
W0070,Evening,2025-02-19,9.0,1.125
W0070,Evening,2025-02-22,7.0,0.875
W0070,Evening,2025-03-19,9.0,1.125
W0070,Evening,2025-03-29,9.0,1.125
W0070,Evening,2025-05-08,6.0,0.75
W0070,Morning,2025-06-06,8.0,1.0
W0070,Night,2025-01-11,8.0,1.0
W0070,Night,2025-01-23,6.0,0.75
W0070,Night,2025-02-05,9.0,1.125
W0070,Night,2025-02-13,6.0,0.75
W0070,Night,2025-02-23,10.0,1.25
W0070,Night,2025-02-25,6.0,0.75
W0070,Night,2025-03-02,8.0,1.0
W0070,Night,2025-04-23,6.0,0.75
W0070,Night,2025-04-28,9.0,1.125
W0070,Night,2025-05-06,10.0,1.25
W0070,Night,2025-05-10,6.0,0.75
W0070,Night,2025-05-22,7.0,0.875
W0070,Night,2025-06-03,10.0,1.25
W0070,Night,2025-06-05,7.0,0.875
W0070,Night,2025-06-08,9.0,1.125
W0070,Night,2025-06-16,9.0,1.125
W0071,Evening,2025-01-02,7.0,0.875
W0071,Evening,2025-01-12,10.0,1.25
W0071,Evening,2025-01-18,10.0,1.25
W0071,Evening,2025-01-26,9.0,1.125
W0071,Evening,2025-02-19,6.0,0.75
W0071,Evening,2025-03-17,7.0,0.875
W0071,Evening,2025-04-20,8.0,1.0
W0071,Evening,2025-05-04,7.0,0.875
W0071,Evening,2025-05-14,6.0,0.75
W0071,Evening,2025-05-29,10.0,1.25
W0071,Evening,2025-06-22,7.0,0.875
W0071,Morning,2025-01-21,7.0,0.875
W0071,Morning,2025-04-29,10.0,1.25
W0071,Morning,2025-05-21,7.0,0.875
W0071,Morning,2025-06-05,8.0,1.0
W0071,Night,2025-01-18,8.0,1.0
W0071,Night,2025-02-11,9.0,1.125
W0071,Night,2025-02-15,8.0,1.0
W0071,Night,2025-03-13,7.0,0.875
W0071,Night,2025-03-16,8.0,1.0
W0071,Night,2025-03-19,9.0,1.125
W0071,Night,2025-04-22,7.0,0.875
W0071,Night,2025-05-04,8.0,1.0
W0071,Night,2025-05-11,7.0,0.875
W0071,Night,2025-06-02,9.0,1.125
W0071,Night,2025-06-03,10.0,1.25
W0071,Night,2025-06-20,10.0,1.25
W0072,Evening,2025-01-26,6.0,0.75
W0072,Evening,2025-03-18,7.0,0.875
W0072,Evening,2025-03-25,7.0,0.875
W0072,Evening,2025-05-17,9.0,1.125
W0072,Morning,2025-02-02,7.0,0.875
W0072,Morning,2025-02-28,8.0,1.0
W0072,Morning,2025-04-20,10.0,1.25
W0072,Morning,2025-04-24,7.0,0.875
W0072,Morning,2025-04-25,9.0,1.125
W0072,Morning,2025-05-07,8.0,1.0
W0072,Morning,2025-05-26,7.0,0.875
W0072,Morning,2025-06-03,10.0,1.25
W0072,Night,2025-01-13,6.0,0.75
W0072,Night,2025-01-16,9.0,1.125
W0072,Night,2025-01-19,10.0,1.25
W0072,Night,2025-01-29,10.0,1.25
W0072,Night,2025-02-01,7.0,0.875
W0072,Night,2025-02-28,7.0,0.875
W0072,Night,2025-03-06,9.0,1.125
W0072,Night,2025-04-06,10.0,1.25
W0072,Night,2025-06-17,7.0,0.875
W0072,Night,2025-06-21,8.0,1.0
W0073,Evening,2025-02-03,8.0,1.0
W0073,Evening,2025-02-06,10.0,1.25
W0073,Evening,2025-02-16,10.0,1.25
W0073,Evening,2025-03-12,6.0,0.75
W0073,Evening,2025-03-18,12.0,1.5
W0073,Evening,2025-05-29,6.0,0.75
W0073,Morning,2025-01-27,10.0,1.25
W0073,Morning,2025-03-17,7.0,0.875
W0073,Morning,2025-04-20,6.0,0.75
W0073,Morning,2025-06-15,10.0,1.25
W0073,Night,2025-01-08,10.0,1.25
W0073,Night,2025-01-19,10.0,1.25
W0073,Night,2025-02-06,7.0,0.875
W0073,Night,2025-02-07,8.0,1.0
W0073,Night,2025-02-15,8.0,1.0
W0073,Night,2025-02-26,7.0,0.875
W0073,Night,2025-03-01,6.0,0.75
W0073,Night,2025-03-11,8.0,1.0
W0073,Night,2025-03-28,8.0,1.0
W0073,Night,2025-05-03,8.0,1.0
W0073,Night,2025-05-06,8.0,1.0
W0073,Night,2025-06-16,8.0,1.0
W0073,Night,2025-06-21,8.0,1.0
W0074,Evening,2025-01-01,9.0,1.125
W0074,Evening,2025-01-22,10.0,1.25
W0074,Evening,2025-02-10,8.0,1.0
W0074,Evening,2025-02-21,7.0,0.875
W0074,Evening,2025-04-23,7.0,0.875
W0074,Evening,2025-04-28,8.0,1.0
W0074,Evening,2025-05-07,10.0,1.25
W0074,Evening,2025-06-19,10.0,1.25
W0074,Evening,2025-06-21,6.0,0.75
W0074,Evening,2025-06-29,9.0,1.125
W0074,Morning,2025-01-20,6.0,0.75
W0074,Morning,2025-01-21,9.0,1.125
W0074,Morning,2025-02-14,7.0,0.875
W0074,Morning,2025-02-18,10.0,1.25
W0074,Morning,2025-02-25,9.0,1.125
W0074,Morning,2025-03-06,8.0,1.0
W0074,Morning,2025-03-08,8.0,1.0
W0074,Morning,2025-04-02,7.0,0.875
W0074,Morning,2025-05-07,9.0,1.125
W0074,Morning,2025-06-09,7.0,0.875
W0074,Night,2025-01-05,6.0,0.75
W0074,Night,2025-01-14,6.0,0.75
W0074,Night,2025-02-22,10.0,1.25
W0074,Night,2025-02-24,7.0,0.875
W0074,Night,2025-03-05,7.0,0.875
W0074,Night,2025-03-09,10.0,1.25
W0074,Night,2025-03-14,7.0,0.875
W0074,Night,2025-03-16,6.0,0.75
W0074,Night,2025-04-23,8.0,1.0
W0074,Night,2025-04-28,9.0,1.125
W0074,Night,2025-05-10,6.0,0.75
W0074,Night,2025-05-20,8.0,1.0
W0074,Night,2025-05-27,6.0,0.75
W0074,Night,2025-06-07,10.0,1.25
W0075,Evening,2025-01-01,7.0,0.875
W0075,Evening,2025-01-03,10.0,1.25
W0075,Evening,2025-01-07,6.0,0.75
W0075,Evening,2025-01-24,6.0,0.75
W0075,Evening,2025-02-05,7.0,0.875
W0075,Evening,2025-03-25,9.0,1.125
W0075,Morning,2025-04-07,10.0,1.25
W0075,Morning,2025-05-18,10.0,1.25
W0075,Morning,2025-05-27,8.0,1.0
W0075,Morning,2025-06-03,9.0,1.125
W0075,Morning,2025-06-04,6.0,0.75
W0075,Night,2025-01-02,8.0,1.0
W0075,Night,2025-01-04,10.0,1.25
W0075,Night,2025-01-08,10.0,1.25
W0075,Night,2025-01-16,8.0,1.0
W0075,Night,2025-01-18,10.0,1.25
W0075,Night,2025-02-11,7.0,0.875
W0075,Night,2025-02-12,10.0,1.25
W0075,Night,2025-02-13,6.0,0.75
W0075,Night,2025-03-02,6.0,0.75
W0075,Night,2025-03-05,6.0,0.75
W0075,Night,2025-03-13,9.0,1.125
W0075,Night,2025-04-09,6.0,0.75
W0075,Night,2025-04-12,8.0,1.0
W0075,Night,2025-04-24,7.0,0.875
W0075,Night,2025-05-07,7.0,0.875
W0075,Night,2025-05-25,10.0,1.25
W0075,Night,2025-05-28,17.0,2.125
W0075,Night,2025-06-04,9.0,1.125
W0075,Night,2025-06-08,7.0,0.875
W0075,Night,2025-06-28,9.0,1.125
W0076,Evening,2025-01-24,10.0,1.25
W0076,Evening,2025-03-08,7.0,0.875
W0076,Evening,2025-03-11,7.0,0.875
W0076,Evening,2025-05-19,7.0,0.875
W0076,Evening,2025-06-15,7.0,0.875
W0076,Evening,2025-06-18,7.0,0.875
W0076,Evening,2025-06-29,9.0,1.125
W0076,Morning,2025-02-02,6.0,0.75
W0076,Morning,2025-02-05,9.0,1.125
W0076,Morning,2025-02-15,10.0,1.25
W0076,Morning,2025-02-21,6.0,0.75
W0076,Morning,2025-03-29,6.0,0.75
W0076,Morning,2025-04-03,9.0,1.125
W0076,Morning,2025-05-02,9.0,1.125
W0076,Morning,2025-05-07,7.0,0.875
W0076,Night,2025-01-12,10.0,1.25
W0076,Night,2025-01-20,8.0,1.0
W0076,Night,2025-02-03,9.0,1.125
W0076,Night,2025-02-25,7.0,0.875
W0076,Night,2025-04-11,10.0,1.25
W0076,Night,2025-04-27,6.0,0.75
W0076,Night,2025-05-15,19.0,2.375
W0076,Night,2025-05-31,16.0,2.0
W0076,Night,2025-06-11,6.0,0.75
W0076,Night,2025-06-13,8.0,1.0
W0076,Night,2025-06-17,8.0,1.0
W0076,Night,2025-06-23,10.0,1.25
W0076,Night,2025-06-24,9.0,1.125
W0077,Evening,2025-01-03,9.0,1.125
W0077,Evening,2025-01-18,10.0,1.25
W0077,Evening,2025-04-02,9.0,1.125
W0077,Evening,2025-06-08,10.0,1.25
W0077,Morning,2025-02-09,8.0,1.0
W0077,Morning,2025-02-20,7.0,0.875
W0077,Morning,2025-02-24,10.0,1.25
W0077,Morning,2025-04-08,9.0,1.125
W0077,Morning,2025-04-29,8.0,1.0
W0077,Night,2025-01-05,8.0,1.0
W0077,Night,2025-01-11,6.0,0.75
W0077,Night,2025-02-01,8.0,1.0
W0077,Night,2025-02-24,9.0,1.125
W0077,Night,2025-03-01,7.0,0.875
W0077,Night,2025-03-31,10.0,1.25
W0077,Night,2025-04-29,7.0,0.875
W0077,Night,2025-05-31,7.0,0.875
W0077,Night,2025-06-07,10.0,1.25
W0077,Night,2025-06-11,9.0,1.125
W0077,Night,2025-06-14,10.0,1.25
W0077,Night,2025-06-25,10.0,1.25
W0078,Evening,2025-01-06,8.0,1.0
W0078,Evening,2025-01-17,7.0,0.875
W0078,Evening,2025-04-03,8.0,1.0
W0078,Evening,2025-04-05,7.0,0.875
W0078,Evening,2025-04-16,10.0,1.25
W0078,Evening,2025-05-02,7.0,0.875
W0078,Evening,2025-05-03,6.0,0.75
W0078,Evening,2025-05-24,6.0,0.75
W0078,Evening,2025-05-26,7.0,0.875
W0078,Morning,2025-01-10,7.0,0.875
W0078,Morning,2025-01-23,6.0,0.75
W0078,Morning,2025-03-01,10.0,1.25
W0078,Morning,2025-03-02,8.0,1.0
W0078,Morning,2025-03-21,10.0,1.25
W0078,Morning,2025-04-29,6.0,0.75
W0078,Morning,2025-05-21,7.0,0.875
W0078,Night,2025-01-04,7.0,0.875
W0078,Night,2025-01-07,10.0,1.25
W0078,Night,2025-01-12,9.0,1.125
W0078,Night,2025-01-28,8.0,1.0
W0078,Night,2025-01-30,9.0,1.125
W0078,Night,2025-02-16,8.0,1.0
W0078,Night,2025-02-17,9.0,1.125
W0078,Night,2025-03-15,7.0,0.875
W0078,Night,2025-03-30,8.0,1.0
W0078,Night,2025-06-03,9.0,1.125
W0078,Night,2025-06-22,9.0,1.125
W0079,Evening,2025-02-02,6.0,0.75
W0079,Evening,2025-04-21,9.0,1.125
W0079,Evening,2025-05-25,7.0,0.875
W0079,Evening,2025-06-08,10.0,1.25
W0079,Morning,2025-01-01,8.0,1.0
W0079,Morning,2025-01-17,8.0,1.0
W0079,Morning,2025-01-20,7.0,0.875
W0079,Morning,2025-03-22,6.0,0.75
W0079,Morning,2025-04-13,8.0,1.0
W0079,Morning,2025-05-08,6.0,0.75
W0079,Morning,2025-05-21,8.0,1.0
W0079,Morning,2025-05-27,8.0,1.0
W0079,Morning,2025-06-23,9.0,1.125
W0079,Night,2025-01-09,17.0,2.125
W0079,Night,2025-01-13,16.0,2.0
W0079,Night,2025-03-06,10.0,1.25
W0079,Night,2025-03-27,9.0,1.125
W0079,Night,2025-04-12,10.0,1.25
W0079,Night,2025-04-17,7.0,0.875
W0079,Night,2025-04-22,7.0,0.875
W0079,Night,2025-04-24,8.0,1.0
W0079,Night,2025-05-01,7.0,0.875
W0079,Night,2025-05-11,6.0,0.75
W0079,Night,2025-05-27,7.0,0.875
W0079,Night,2025-05-29,7.0,0.875
W0079,Night,2025-06-12,9.0,1.125
W0079,Night,2025-06-15,10.0,1.25
W0079,Night,2025-06-19,6.0,0.75
W0079,Night,2025-06-28,10.0,1.25
W0080,Evening,2025-01-12,7.0,0.875
W0080,Evening,2025-02-25,9.0,1.125
W0080,Evening,2025-02-26,8.0,1.0
W0080,Evening,2025-03-04,7.0,0.875
W0080,Evening,2025-05-01,10.0,1.25
W0080,Evening,2025-05-14,8.0,1.0
W0080,Evening,2025-05-23,6.0,0.75
W0080,Evening,2025-06-04,7.0,0.875
W0080,Evening,2025-06-27,6.0,0.75
W0080,Morning,2025-02-13,6.0,0.75
W0080,Morning,2025-02-18,16.0,2.0
W0080,Morning,2025-03-10,14.0,1.75
W0080,Morning,2025-04-04,8.0,1.0
W0080,Morning,2025-04-12,9.0,1.125
W0080,Morning,2025-05-05,6.0,0.75
W0080,Night,2025-01-10,10.0,1.25
W0080,Night,2025-01-27,7.0,0.875
W0080,Night,2025-02-07,6.0,0.75
W0080,Night,2025-03-19,9.0,1.125
W0080,Night,2025-03-29,8.0,1.0
W0080,Night,2025-04-04,10.0,1.25
W0080,Night,2025-04-13,8.0,1.0
W0080,Night,2025-04-19,7.0,0.875
W0080,Night,2025-04-22,9.0,1.125
W0080,Night,2025-06-07,10.0,1.25
W0080,Night,2025-06-13,8.0,1.0
W0080,Night,2025-06-14,9.0,1.125
W0080,Night,2025-06-22,7.0,0.875
W0080,Night,2025-06-25,6.0,0.75
W0081,Evening,2025-01-07,8.0,1.0
W0081,Evening,2025-02-05,16.0,2.0
W0081,Evening,2025-04-11,8.0,1.0
W0081,Evening,2025-04-19,6.0,0.75
W0081,Evening,2025-05-19,7.0,0.875
W0081,Evening,2025-06-03,10.0,1.25
W0081,Evening,2025-06-06,7.0,0.875
W0081,Evening,2025-06-25,6.0,0.75
W0081,Morning,2025-01-03,10.0,1.25
W0081,Morning,2025-01-06,7.0,0.875
W0081,Morning,2025-01-23,10.0,1.25
W0081,Morning,2025-03-03,7.0,0.875
W0081,Morning,2025-03-14,7.0,0.875
W0081,Morning,2025-03-16,7.0,0.875
W0081,Morning,2025-03-23,6.0,0.75
W0081,Morning,2025-03-25,6.0,0.75
W0081,Morning,2025-03-28,8.0,1.0
W0081,Morning,2025-04-09,10.0,1.25
W0081,Morning,2025-05-09,6.0,0.75
W0081,Morning,2025-05-17,6.0,0.75
W0081,Morning,2025-06-08,10.0,1.25
W0081,Morning,2025-06-28,6.0,0.75
W0081,Night,2025-01-25,6.0,0.75
W0081,Night,2025-02-04,7.0,0.875
W0081,Night,2025-02-09,9.0,1.125
W0081,Night,2025-02-17,8.0,1.0
W0081,Night,2025-02-20,10.0,1.25
W0081,Night,2025-02-23,6.0,0.75
W0081,Night,2025-02-24,10.0,1.25
W0081,Night,2025-03-04,6.0,0.75
W0081,Night,2025-03-19,8.0,1.0
W0081,Night,2025-05-04,6.0,0.75
W0081,Night,2025-05-12,6.0,0.75
W0081,Night,2025-06-03,8.0,1.0
W0081,Night,2025-06-12,9.0,1.125
W0081,Night,2025-06-23,7.0,0.875
W0081,Night,2025-06-25,10.0,1.25
W0082,Evening,2025-01-06,9.0,1.125
W0082,Evening,2025-01-10,6.0,0.75
W0082,Evening,2025-02-17,6.0,0.75
W0082,Evening,2025-04-29,9.0,1.125
W0082,Evening,2025-05-05,7.0,0.875
W0082,Evening,2025-06-01,10.0,1.25
W0082,Evening,2025-06-02,8.0,1.0
W0082,Morning,2025-01-17,9.0,1.125
W0082,Morning,2025-02-05,9.0,1.125
W0082,Morning,2025-02-11,6.0,0.75
W0082,Morning,2025-02-27,10.0,1.25
W0082,Morning,2025-05-03,9.0,1.125
W0082,Morning,2025-05-31,7.0,0.875
W0082,Morning,2025-06-04,6.0,0.75
W0082,Night,2025-01-12,16.0,2.0
W0082,Night,2025-01-19,7.0,0.875
W0082,Night,2025-04-14,7.0,0.875
W0082,Night,2025-05-02,6.0,0.75
W0082,Night,2025-05-03,9.0,1.125
W0082,Night,2025-05-09,10.0,1.25
W0082,Night,2025-05-23,6.0,0.75
W0082,Night,2025-06-05,7.0,0.875
W0082,Night,2025-06-06,10.0,1.25
W0082,Night,2025-06-13,10.0,1.25
W0082,Night,2025-06-19,10.0,1.25
W0083,Evening,2025-01-31,9.0,1.125
W0083,Evening,2025-02-16,6.0,0.75
W0083,Evening,2025-02-20,8.0,1.0
W0083,Evening,2025-03-01,9.0,1.125
W0083,Evening,2025-04-09,10.0,1.25
W0083,Evening,2025-04-24,8.0,1.0
W0083,Evening,2025-04-29,6.0,0.75
W0083,Evening,2025-05-01,7.0,0.875
W0083,Evening,2025-05-04,7.0,0.875
W0083,Evening,2025-06-06,8.0,1.0
W0083,Evening,2025-06-26,9.0,1.125
W0083,Morning,2025-01-01,10.0,1.25
W0083,Morning,2025-01-28,6.0,0.75
W0083,Morning,2025-02-05,7.0,0.875
W0083,Morning,2025-02-10,7.0,0.875
W0083,Morning,2025-02-20,7.0,0.875
W0083,Morning,2025-03-03,10.0,1.25
W0083,Morning,2025-04-11,9.0,1.125
W0083,Morning,2025-04-13,6.0,0.75
W0083,Morning,2025-05-18,10.0,1.25
W0083,Morning,2025-06-11,10.0,1.25
W0083,Night,2025-01-24,7.0,0.875
W0083,Night,2025-02-07,8.0,1.0
W0083,Night,2025-02-20,9.0,1.125
W0083,Night,2025-03-01,8.0,1.0
W0083,Night,2025-03-24,8.0,1.0
W0083,Night,2025-04-09,9.0,1.125
W0083,Night,2025-04-16,8.0,1.0
W0083,Night,2025-04-25,6.0,0.75
W0083,Night,2025-06-01,7.0,0.875
W0083,Night,2025-06-25,10.0,1.25
W0084,Evening,2025-01-28,8.0,1.0
W0084,Evening,2025-02-11,7.0,0.875
W0084,Evening,2025-03-16,10.0,1.25
W0084,Evening,2025-04-12,6.0,0.75
W0084,Evening,2025-04-14,13.0,1.625
W0084,Evening,2025-05-25,8.0,1.0
W0084,Morning,2025-02-04,10.0,1.25
W0084,Morning,2025-02-08,10.0,1.25
W0084,Morning,2025-03-03,6.0,0.75
W0084,Morning,2025-04-10,6.0,0.75
W0084,Morning,2025-04-14,7.0,0.875
W0084,Morning,2025-04-22,7.0,0.875
W0084,Morning,2025-05-20,12.0,1.5
W0084,Night,2025-01-05,8.0,1.0
W0084,Night,2025-01-06,9.0,1.125
W0084,Night,2025-01-09,7.0,0.875
W0084,Night,2025-01-28,10.0,1.25
W0084,Night,2025-02-09,8.0,1.0
W0084,Night,2025-02-20,10.0,1.25
W0084,Night,2025-04-01,7.0,0.875
W0084,Night,2025-04-19,10.0,1.25
W0084,Night,2025-04-23,6.0,0.75
W0084,Night,2025-04-28,7.0,0.875
W0084,Night,2025-05-04,6.0,0.75
W0084,Night,2025-05-09,6.0,0.75
W0084,Night,2025-06-25,10.0,1.25
W0084,Night,2025-06-28,9.0,1.125
W0085,Evening,2025-02-07,6.0,0.75
W0085,Evening,2025-04-01,8.0,1.0
W0085,Evening,2025-04-02,7.0,0.875
W0085,Evening,2025-05-22,6.0,0.75
W0085,Evening,2025-05-23,18.0,2.25
W0085,Evening,2025-05-30,10.0,1.25
W0085,Evening,2025-05-31,7.0,0.875
W0085,Morning,2025-01-08,9.0,1.125
W0085,Morning,2025-01-26,10.0,1.25
W0085,Morning,2025-02-28,8.0,1.0
W0085,Morning,2025-04-01,10.0,1.25
W0085,Morning,2025-04-21,6.0,0.75
W0085,Morning,2025-05-27,10.0,1.25
W0085,Night,2025-01-15,9.0,1.125
W0085,Night,2025-01-30,7.0,0.875
W0085,Night,2025-02-27,9.0,1.125
W0085,Night,2025-03-08,7.0,0.875
W0085,Night,2025-03-14,10.0,1.25
W0085,Night,2025-04-22,6.0,0.75
W0085,Night,2025-05-05,16.0,2.0
W0085,Night,2025-05-17,6.0,0.75
W0085,Night,2025-06-01,7.0,0.875
W0085,Night,2025-06-08,7.0,0.875
W0086,Evening,2025-02-25,6.0,0.75
W0086,Evening,2025-03-12,8.0,1.0
W0086,Evening,2025-03-15,9.0,1.125
W0086,Evening,2025-05-11,7.0,0.875
W0086,Evening,2025-05-23,6.0,0.75
W0086,Evening,2025-06-09,6.0,0.75
W0086,Evening,2025-06-15,10.0,1.25
W0086,Morning,2025-01-20,10.0,1.25
W0086,Morning,2025-02-01,6.0,0.75
W0086,Morning,2025-02-05,6.0,0.75
W0086,Morning,2025-02-24,10.0,1.25
W0086,Morning,2025-03-04,7.0,0.875
W0086,Morning,2025-03-30,6.0,0.75
W0086,Morning,2025-03-31,8.0,1.0
W0086,Morning,2025-04-03,7.0,0.875
W0086,Morning,2025-04-05,8.0,1.0
W0086,Morning,2025-05-05,9.0,1.125
W0086,Morning,2025-05-11,10.0,1.25
W0086,Morning,2025-06-19,9.0,1.125
W0086,Morning,2025-06-28,17.0,2.125
W0086,Night,2025-01-06,6.0,0.75
W0086,Night,2025-01-19,8.0,1.0
W0086,Night,2025-01-25,7.0,0.875
W0086,Night,2025-01-28,7.0,0.875
W0086,Night,2025-02-07,8.0,1.0
W0086,Night,2025-02-14,6.0,0.75
W0086,Night,2025-03-02,10.0,1.25
W0086,Night,2025-03-06,10.0,1.25
W0086,Night,2025-04-24,9.0,1.125
W0086,Night,2025-05-21,9.0,1.125
W0086,Night,2025-06-14,10.0,1.25
W0086,Night,2025-06-29,8.0,1.0
W0087,Evening,2025-01-18,10.0,1.25
W0087,Evening,2025-01-21,7.0,0.875
W0087,Evening,2025-02-06,10.0,1.25
W0087,Evening,2025-02-26,10.0,1.25
W0087,Evening,2025-03-13,8.0,1.0
W0087,Evening,2025-04-18,10.0,1.25
W0087,Evening,2025-04-21,9.0,1.125
W0087,Evening,2025-06-29,10.0,1.25
W0087,Morning,2025-02-16,8.0,1.0
W0087,Morning,2025-04-05,6.0,0.75
W0087,Morning,2025-04-21,10.0,1.25
W0087,Morning,2025-04-23,9.0,1.125
W0087,Morning,2025-05-11,6.0,0.75
W0087,Morning,2025-06-02,9.0,1.125
W0087,Morning,2025-06-04,8.0,1.0
W0087,Night,2025-01-13,6.0,0.75
W0087,Night,2025-01-22,8.0,1.0
W0087,Night,2025-02-02,7.0,0.875
W0087,Night,2025-03-01,10.0,1.25
W0087,Night,2025-03-12,8.0,1.0
W0087,Night,2025-03-17,10.0,1.25
W0087,Night,2025-03-25,19.0,2.375
W0087,Night,2025-03-28,8.0,1.0
W0087,Night,2025-05-01,15.0,1.875
W0087,Night,2025-05-07,10.0,1.25
W0087,Night,2025-05-15,6.0,0.75
W0087,Night,2025-05-24,10.0,1.25
W0088,Evening,2025-01-25,10.0,1.25
W0088,Evening,2025-04-16,7.0,0.875
W0088,Evening,2025-06-05,10.0,1.25
W0088,Evening,2025-06-11,10.0,1.25
W0088,Morning,2025-03-20,10.0,1.25
W0088,Morning,2025-03-23,6.0,0.75
W0088,Morning,2025-03-29,6.0,0.75
W0088,Morning,2025-04-08,9.0,1.125
W0088,Morning,2025-05-05,6.0,0.75
W0088,Night,2025-01-06,8.0,1.0
W0088,Night,2025-01-09,10.0,1.25
W0088,Night,2025-01-14,10.0,1.25
W0088,Night,2025-01-23,9.0,1.125
W0088,Night,2025-01-27,7.0,0.875
W0088,Night,2025-02-23,6.0,0.75
W0088,Night,2025-03-05,9.0,1.125
W0088,Night,2025-03-06,7.0,0.875
W0088,Night,2025-03-09,9.0,1.125
W0088,Night,2025-03-31,9.0,1.125
W0088,Night,2025-04-05,9.0,1.125
W0088,Night,2025-05-01,9.0,1.125
W0088,Night,2025-05-09,8.0,1.0
W0088,Night,2025-06-03,7.0,0.875
W0088,Night,2025-06-21,6.0,0.75
W0088,Night,2025-06-23,9.0,1.125
W0089,Evening,2025-01-07,10.0,1.25
W0089,Evening,2025-01-25,7.0,0.875
W0089,Evening,2025-02-02,6.0,0.75
W0089,Evening,2025-04-04,9.0,1.125
W0089,Evening,2025-04-07,7.0,0.875
W0089,Evening,2025-04-14,6.0,0.75
W0089,Evening,2025-05-09,8.0,1.0
W0089,Evening,2025-05-10,10.0,1.25
W0089,Evening,2025-05-17,10.0,1.25
W0089,Evening,2025-05-20,8.0,1.0
W0089,Evening,2025-05-25,6.0,0.75
W0089,Morning,2025-01-23,8.0,1.0
W0089,Morning,2025-01-29,7.0,0.875
W0089,Morning,2025-01-30,7.0,0.875
W0089,Morning,2025-03-01,8.0,1.0
W0089,Morning,2025-03-22,6.0,0.75
W0089,Morning,2025-03-30,6.0,0.75
W0089,Morning,2025-05-06,6.0,0.75
W0089,Morning,2025-05-11,7.0,0.875
W0089,Morning,2025-05-21,9.0,1.125
W0089,Morning,2025-06-10,10.0,1.25
W0089,Morning,2025-06-23,6.0,0.75
W0089,Night,2025-01-09,6.0,0.75
W0089,Night,2025-02-10,10.0,1.25
W0089,Night,2025-03-05,7.0,0.875
W0089,Night,2025-03-07,9.0,1.125
W0089,Night,2025-03-09,17.0,2.125
W0089,Night,2025-03-12,10.0,1.25
W0089,Night,2025-05-12,6.0,0.75
W0090,Evening,2025-01-08,8.0,1.0
W0090,Evening,2025-01-29,9.0,1.125
W0090,Evening,2025-02-19,10.0,1.25
W0090,Evening,2025-02-27,8.0,1.0
W0090,Evening,2025-03-02,6.0,0.75
W0090,Evening,2025-03-21,9.0,1.125
W0090,Evening,2025-03-24,10.0,1.25
W0090,Evening,2025-04-02,6.0,0.75
W0090,Evening,2025-04-13,7.0,0.875
W0090,Evening,2025-05-04,8.0,1.0
W0090,Evening,2025-06-11,8.0,1.0
W0090,Morning,2025-01-03,9.0,1.125
W0090,Morning,2025-01-04,10.0,1.25
W0090,Morning,2025-01-06,8.0,1.0
W0090,Morning,2025-01-21,8.0,1.0
W0090,Morning,2025-01-25,8.0,1.0
W0090,Morning,2025-01-30,7.0,0.875
W0090,Morning,2025-02-18,6.0,0.75
W0090,Morning,2025-02-25,8.0,1.0
W0090,Morning,2025-03-17,10.0,1.25
W0090,Morning,2025-03-20,9.0,1.125
W0090,Morning,2025-04-15,8.0,1.0
W0090,Morning,2025-05-14,10.0,1.25
W0090,Morning,2025-05-26,10.0,1.25
W0090,Morning,2025-06-06,10.0,1.25
W0090,Morning,2025-06-28,10.0,1.25
W0090,Night,2025-01-04,8.0,1.0
W0090,Night,2025-01-11,7.0,0.875
W0090,Night,2025-01-15,9.0,1.125
W0090,Night,2025-02-18,7.0,0.875
W0090,Night,2025-02-21,8.0,1.0
W0090,Night,2025-02-22,7.0,0.875
W0090,Night,2025-03-02,6.0,0.75
W0090,Night,2025-03-23,10.0,1.25
W0090,Night,2025-03-27,9.0,1.125
W0090,Night,2025-04-14,8.0,1.0
W0090,Night,2025-04-22,6.0,0.75
W0090,Night,2025-04-29,10.0,1.25
W0090,Night,2025-05-03,8.0,1.0
W0090,Night,2025-05-13,9.0,1.125
W0090,Night,2025-06-05,7.0,0.875
W0090,Night,2025-06-20,9.0,1.125
W0090,Night,2025-06-24,7.0,0.875
W0091,Evening,2025-01-03,7.0,0.875
W0091,Evening,2025-03-10,10.0,1.25
W0091,Evening,2025-03-27,6.0,0.75
W0091,Evening,2025-05-23,6.0,0.75
W0091,Morning,2025-02-03,9.0,1.125
W0091,Morning,2025-02-09,6.0,0.75
W0091,Morning,2025-02-18,6.0,0.75
W0091,Morning,2025-02-23,6.0,0.75
W0091,Morning,2025-05-19,10.0,1.25
W0091,Morning,2025-05-22,6.0,0.75
W0091,Night,2025-01-26,8.0,1.0
W0091,Night,2025-02-11,10.0,1.25
W0091,Night,2025-03-18,10.0,1.25
W0091,Night,2025-03-22,7.0,0.875
W0091,Night,2025-03-27,7.0,0.875
W0091,Night,2025-03-31,8.0,1.0
W0091,Night,2025-04-09,9.0,1.125
W0091,Night,2025-04-11,8.0,1.0
W0091,Night,2025-04-12,9.0,1.125
W0091,Night,2025-05-08,7.0,0.875
W0091,Night,2025-05-15,8.0,1.0
W0091,Night,2025-05-20,6.0,0.75
W0091,Night,2025-05-25,9.0,1.125
W0091,Night,2025-05-30,9.0,1.125
W0091,Night,2025-06-25,9.0,1.125
W0092,Evening,2025-01-13,10.0,1.25
W0092,Evening,2025-03-04,10.0,1.25
W0092,Evening,2025-03-06,9.0,1.125
W0092,Evening,2025-03-07,6.0,0.75
W0092,Evening,2025-03-13,10.0,1.25
W0092,Evening,2025-05-14,7.0,0.875
W0092,Evening,2025-05-29,9.0,1.125
W0092,Evening,2025-05-31,8.0,1.0
W0092,Evening,2025-06-15,7.0,0.875
W0092,Evening,2025-06-17,10.0,1.25
W0092,Evening,2025-06-24,10.0,1.25
W0092,Evening,2025-06-27,6.0,0.75
W0092,Morning,2025-01-19,7.0,0.875
W0092,Morning,2025-02-10,7.0,0.875
W0092,Morning,2025-03-21,6.0,0.75
W0092,Morning,2025-06-17,9.0,1.125
W0092,Morning,2025-06-18,6.0,0.75
W0092,Night,2025-01-06,8.0,1.0
W0092,Night,2025-01-08,7.0,0.875
W0092,Night,2025-01-27,7.0,0.875
W0092,Night,2025-02-07,6.0,0.75
W0092,Night,2025-03-02,7.0,0.875
W0092,Night,2025-03-29,7.0,0.875
W0092,Night,2025-04-01,9.0,1.125
W0092,Night,2025-04-16,7.0,0.875
W0092,Night,2025-04-17,6.0,0.75
W0092,Night,2025-04-22,9.0,1.125
W0092,Night,2025-05-02,10.0,1.25
W0092,Night,2025-05-16,6.0,0.75
W0092,Night,2025-05-21,7.0,0.875
W0092,Night,2025-05-24,9.0,1.125
W0092,Night,2025-06-04,9.0,1.125
W0092,Night,2025-06-22,15.0,1.875
W0092,Night,2025-06-27,10.0,1.25
W0093,Evening,2025-01-04,9.0,1.125
W0093,Evening,2025-01-12,10.0,1.25
W0093,Evening,2025-03-12,10.0,1.25
W0093,Evening,2025-03-15,10.0,1.25
W0093,Evening,2025-04-05,9.0,1.125
W0093,Evening,2025-04-08,8.0,1.0
W0093,Evening,2025-04-22,6.0,0.75
W0093,Evening,2025-06-27,9.0,1.125
W0093,Morning,2025-02-07,7.0,0.875
W0093,Morning,2025-03-28,8.0,1.0
W0093,Morning,2025-04-02,7.0,0.875
W0093,Morning,2025-04-16,7.0,0.875
W0093,Morning,2025-04-26,7.0,0.875
W0093,Morning,2025-05-14,9.0,1.125
W0093,Morning,2025-05-19,10.0,1.25
W0093,Morning,2025-05-26,6.0,0.75
W0093,Morning,2025-06-28,7.0,0.875
W0093,Night,2025-01-12,6.0,0.75
W0093,Night,2025-01-18,16.0,2.0
W0093,Night,2025-01-22,10.0,1.25
W0093,Night,2025-01-23,8.0,1.0
W0093,Night,2025-01-26,6.0,0.75
W0093,Night,2025-02-03,7.0,0.875
W0093,Night,2025-03-09,7.0,0.875
W0093,Night,2025-03-10,8.0,1.0
W0093,Night,2025-03-22,6.0,0.75
W0093,Night,2025-03-29,7.0,0.875
W0093,Night,2025-04-04,6.0,0.75
W0093,Night,2025-04-11,6.0,0.75
W0093,Night,2025-05-18,9.0,1.125
W0093,Night,2025-05-19,8.0,1.0
W0093,Night,2025-05-31,10.0,1.25
W0093,Night,2025-06-11,10.0,1.25
W0094,Evening,2025-01-28,7.0,0.875
W0094,Evening,2025-02-03,9.0,1.125
W0094,Evening,2025-02-08,9.0,1.125
W0094,Evening,2025-03-30,6.0,0.75
W0094,Evening,2025-04-12,8.0,1.0
W0094,Evening,2025-04-30,7.0,0.875
W0094,Morning,2025-01-12,6.0,0.75
W0094,Morning,2025-03-04,6.0,0.75
W0094,Morning,2025-03-06,7.0,0.875
W0094,Morning,2025-04-30,9.0,1.125
W0094,Morning,2025-05-01,9.0,1.125
W0094,Morning,2025-05-02,9.0,1.125
W0094,Morning,2025-05-06,9.0,1.125
W0094,Morning,2025-05-17,9.0,1.125
W0094,Morning,2025-05-26,6.0,0.75
W0094,Morning,2025-06-23,8.0,1.0
W0094,Night,2025-01-08,10.0,1.25
W0094,Night,2025-01-19,10.0,1.25
W0094,Night,2025-01-31,6.0,0.75
W0094,Night,2025-02-11,10.0,1.25
W0094,Night,2025-02-17,7.0,0.875
W0094,Night,2025-02-21,13.0,1.625
W0094,Night,2025-03-07,9.0,1.125
W0094,Night,2025-03-14,8.0,1.0
W0094,Night,2025-03-25,10.0,1.25
W0094,Night,2025-04-08,6.0,0.75
W0094,Night,2025-05-22,10.0,1.25
W0095,Evening,2025-02-04,9.0,1.125
W0095,Evening,2025-02-09,9.0,1.125
W0095,Evening,2025-02-10,6.0,0.75
W0095,Evening,2025-02-25,9.0,1.125
W0095,Evening,2025-03-29,8.0,1.0
W0095,Morning,2025-01-14,17.0,2.125
W0095,Morning,2025-01-18,17.0,2.125
W0095,Morning,2025-01-20,10.0,1.25
W0095,Morning,2025-02-23,8.0,1.0
W0095,Morning,2025-05-13,10.0,1.25
W0095,Morning,2025-06-10,10.0,1.25
W0095,Morning,2025-06-11,10.0,1.25
W0095,Night,2025-02-12,8.0,1.0
W0095,Night,2025-03-08,8.0,1.0
W0095,Night,2025-03-13,10.0,1.25
W0095,Night,2025-06-04,7.0,0.875
W0095,Night,2025-06-14,6.0,0.75
W0095,Night,2025-06-19,7.0,0.875
W0095,Night,2025-06-27,8.0,1.0
W0096,Evening,2025-01-12,7.0,0.875
W0096,Evening,2025-01-16,8.0,1.0
W0096,Evening,2025-03-18,8.0,1.0
W0096,Evening,2025-03-21,7.0,0.875
W0096,Evening,2025-03-30,10.0,1.25
W0096,Evening,2025-04-17,10.0,1.25
W0096,Evening,2025-05-22,10.0,1.25
W0096,Evening,2025-06-19,10.0,1.25
W0096,Morning,2025-02-06,7.0,0.875
W0096,Morning,2025-02-08,7.0,0.875
W0096,Morning,2025-04-16,9.0,1.125
W0096,Morning,2025-06-17,9.0,1.125
W0096,Morning,2025-06-21,9.0,1.125
W0096,Night,2025-01-06,7.0,0.875
W0096,Night,2025-01-19,6.0,0.75
W0096,Night,2025-02-08,9.0,1.125
W0096,Night,2025-02-20,7.0,0.875
W0096,Night,2025-03-08,13.0,1.625
W0096,Night,2025-03-17,9.0,1.125
W0096,Night,2025-03-22,9.0,1.125
W0096,Night,2025-04-24,8.0,1.0
W0097,Evening,2025-01-04,7.0,0.875
W0097,Evening,2025-01-24,7.0,0.875
W0097,Evening,2025-04-22,7.0,0.875
W0097,Evening,2025-05-02,9.0,1.125
W0097,Evening,2025-05-07,10.0,1.25
W0097,Morning,2025-01-21,7.0,0.875
W0097,Morning,2025-02-06,6.0,0.75
W0097,Morning,2025-02-11,10.0,1.25
W0097,Morning,2025-02-14,7.0,0.875
W0097,Morning,2025-03-23,10.0,1.25
W0097,Morning,2025-04-22,8.0,1.0
W0097,Morning,2025-06-22,10.0,1.25
W0097,Night,2025-01-03,6.0,0.75
W0097,Night,2025-01-21,13.0,1.625
W0097,Night,2025-02-12,10.0,1.25
W0097,Night,2025-02-19,7.0,0.875
W0097,Night,2025-03-01,6.0,0.75
W0097,Night,2025-03-29,6.0,0.75
W0097,Night,2025-04-11,8.0,1.0
W0097,Night,2025-04-21,6.0,0.75
W0097,Night,2025-05-01,8.0,1.0
W0097,Night,2025-05-08,8.0,1.0
W0097,Night,2025-05-16,6.0,0.75
W0097,Night,2025-05-24,9.0,1.125
W0097,Night,2025-06-27,6.0,0.75
W0098,Evening,2025-01-02,6.0,0.75
W0098,Evening,2025-02-24,7.0,0.875
W0098,Evening,2025-04-03,6.0,0.75
W0098,Evening,2025-05-07,7.0,0.875
W0098,Evening,2025-05-20,10.0,1.25
W0098,Evening,2025-05-31,7.0,0.875
W0098,Evening,2025-06-24,8.0,1.0
W0098,Morning,2025-01-22,8.0,1.0
W0098,Morning,2025-04-03,10.0,1.25
W0098,Morning,2025-04-12,6.0,0.75
W0098,Morning,2025-04-22,9.0,1.125
W0098,Morning,2025-05-30,6.0,0.75
W0098,Morning,2025-06-06,8.0,1.0
W0098,Morning,2025-06-17,10.0,1.25
W0098,Night,2025-01-05,9.0,1.125
W0098,Night,2025-01-08,6.0,0.75
W0098,Night,2025-01-09,10.0,1.25
W0098,Night,2025-01-13,6.0,0.75
W0098,Night,2025-01-19,7.0,0.875
W0098,Night,2025-02-06,8.0,1.0
W0098,Night,2025-02-14,6.0,0.75
W0098,Night,2025-03-05,7.0,0.875
W0098,Night,2025-03-10,10.0,1.25
W0098,Night,2025-03-18,8.0,1.0
W0098,Night,2025-04-09,8.0,1.0
W0098,Night,2025-04-13,6.0,0.75
W0098,Night,2025-05-17,6.0,0.75
W0098,Night,2025-05-18,8.0,1.0
W0098,Night,2025-05-19,7.0,0.875
W0098,Night,2025-06-22,17.0,2.125
W0099,Evening,2025-01-06,8.0,1.0
W0099,Evening,2025-01-19,7.0,0.875
W0099,Evening,2025-01-28,7.0,0.875
W0099,Evening,2025-03-09,9.0,1.125
W0099,Evening,2025-03-23,10.0,1.25
W0099,Evening,2025-05-07,8.0,1.0
W0099,Evening,2025-05-09,6.0,0.75
W0099,Evening,2025-05-29,8.0,1.0
W0099,Morning,2025-01-02,8.0,1.0
W0099,Morning,2025-01-12,9.0,1.125
W0099,Morning,2025-01-15,9.0,1.125
W0099,Morning,2025-01-31,9.0,1.125
W0099,Morning,2025-02-19,7.0,0.875
W0099,Morning,2025-04-23,9.0,1.125
W0099,Morning,2025-05-20,8.0,1.0
W0099,Morning,2025-06-09,9.0,1.125
W0099,Night,2025-01-17,10.0,1.25
W0099,Night,2025-01-21,7.0,0.875
W0099,Night,2025-01-25,6.0,0.75
W0099,Night,2025-01-30,6.0,0.75
W0099,Night,2025-02-01,8.0,1.0
W0099,Night,2025-02-04,7.0,0.875
W0099,Night,2025-03-03,8.0,1.0
W0099,Night,2025-03-07,10.0,1.25
W0099,Night,2025-03-08,7.0,0.875
W0099,Night,2025-03-23,10.0,1.25
W0099,Night,2025-04-08,10.0,1.25
W0099,Night,2025-04-29,6.0,0.75
W0099,Night,2025-05-18,7.0,0.875
W0099,Night,2025-05-26,9.0,1.125
W0099,Night,2025-06-22,9.0,1.125
W0100,Evening,2025-01-19,8.0,1.0
W0100,Evening,2025-01-29,10.0,1.25
W0100,Evening,2025-02-09,6.0,0.75
W0100,Evening,2025-02-14,6.0,0.75
W0100,Evening,2025-03-02,6.0,0.75
W0100,Evening,2025-05-08,9.0,1.125
W0100,Evening,2025-05-17,10.0,1.25
W0100,Evening,2025-06-09,8.0,1.0
W0100,Evening,2025-06-24,7.0,0.875
W0100,Morning,2025-01-30,9.0,1.125
W0100,Morning,2025-03-01,7.0,0.875
W0100,Morning,2025-03-03,9.0,1.125
W0100,Morning,2025-03-11,10.0,1.25
W0100,Morning,2025-03-30,8.0,1.0
W0100,Morning,2025-04-12,10.0,1.25
W0100,Morning,2025-06-29,9.0,1.125
W0100,Night,2025-01-09,9.0,1.125
W0100,Night,2025-01-12,9.0,1.125
W0100,Night,2025-01-29,6.0,0.75
W0100,Night,2025-03-02,10.0,1.25
W0100,Night,2025-03-29,7.0,0.875
W0100,Night,2025-04-16,7.0,0.875
W0100,Night,2025-04-18,9.0,1.125
W0100,Night,2025-05-11,10.0,1.25
W0100,Night,2025-05-19,8.0,1.0
W0100,Night,2025-06-04,9.0,1.125
W0100,Night,2025-06-11,9.0,1.125
W0100,Night,2025-06-12,7.0,0.875
W0101,Evening,2025-03-12,8.0,1.0
W0101,Evening,2025-03-18,6.0,0.75
W0101,Evening,2025-03-19,8.0,1.0
W0101,Evening,2025-04-08,6.0,0.75
W0101,Evening,2025-05-02,8.0,1.0
W0101,Morning,2025-01-15,6.0,0.75
W0101,Morning,2025-02-08,9.0,1.125
W0101,Morning,2025-02-19,6.0,0.75
W0101,Morning,2025-03-25,7.0,0.875
W0101,Morning,2025-04-03,7.0,0.875
W0101,Morning,2025-04-08,7.0,0.875
W0101,Morning,2025-05-24,7.0,0.875
W0101,Night,2025-01-14,9.0,1.125
W0101,Night,2025-01-29,10.0,1.25
W0101,Night,2025-02-01,8.0,1.0
W0101,Night,2025-02-14,7.0,0.875
W0101,Night,2025-02-27,7.0,0.875
W0101,Night,2025-03-02,8.0,1.0
W0101,Night,2025-03-25,6.0,0.75
W0101,Night,2025-04-05,10.0,1.25
W0101,Night,2025-04-14,9.0,1.125
W0101,Night,2025-05-07,8.0,1.0
W0101,Night,2025-05-08,6.0,0.75
W0101,Night,2025-05-18,10.0,1.25
W0101,Night,2025-06-13,7.0,0.875
W0102,Evening,2025-01-22,6.0,0.75
W0102,Evening,2025-01-27,10.0,1.25
W0102,Evening,2025-03-21,10.0,1.25
W0102,Evening,2025-05-09,8.0,1.0
W0102,Evening,2025-06-05,9.0,1.125
W0102,Evening,2025-06-07,10.0,1.25
W0102,Morning,2025-01-20,6.0,0.75
W0102,Morning,2025-01-22,9.0,1.125
W0102,Morning,2025-02-12,6.0,0.75
W0102,Morning,2025-03-08,6.0,0.75
W0102,Morning,2025-03-30,7.0,0.875
W0102,Morning,2025-03-31,9.0,1.125
W0102,Morning,2025-04-10,6.0,0.75
W0102,Morning,2025-05-04,9.0,1.125
W0102,Morning,2025-05-16,7.0,0.875
W0102,Morning,2025-05-28,8.0,1.0
W0102,Morning,2025-05-31,10.0,1.25
W0102,Night,2025-01-06,9.0,1.125
W0102,Night,2025-01-09,9.0,1.125
W0102,Night,2025-01-18,9.0,1.125
W0102,Night,2025-01-25,10.0,1.25
W0102,Night,2025-02-12,8.0,1.0
W0102,Night,2025-02-16,8.0,1.0
W0102,Night,2025-04-08,17.0,2.125
W0102,Night,2025-04-11,7.0,0.875
W0102,Night,2025-04-22,7.0,0.875
W0102,Night,2025-05-03,6.0,0.75
W0102,Night,2025-05-21,9.0,1.125
W0102,Night,2025-05-29,6.0,0.75
W0102,Night,2025-06-14,10.0,1.25
W0102,Night,2025-06-20,9.0,1.125
W0103,Evening,2025-01-07,8.0,1.0
W0103,Evening,2025-02-02,6.0,0.75
W0103,Evening,2025-02-07,6.0,0.75
W0103,Evening,2025-02-15,8.0,1.0
W0103,Evening,2025-02-22,6.0,0.75
W0103,Evening,2025-04-10,8.0,1.0
W0103,Evening,2025-05-13,8.0,1.0
W0103,Evening,2025-05-29,9.0,1.125
W0103,Evening,2025-06-10,8.0,1.0
W0103,Evening,2025-06-28,7.0,0.875
W0103,Morning,2025-02-03,7.0,0.875
W0103,Morning,2025-02-15,6.0,0.75
W0103,Morning,2025-03-09,8.0,1.0
W0103,Morning,2025-05-03,8.0,1.0
W0103,Morning,2025-05-24,9.0,1.125
W0103,Morning,2025-06-11,6.0,0.75
W0103,Morning,2025-06-21,9.0,1.125
W0103,Night,2025-01-04,6.0,0.75
W0103,Night,2025-01-26,8.0,1.0
W0103,Night,2025-02-05,16.0,2.0
W0103,Night,2025-02-07,8.0,1.0
W0103,Night,2025-02-09,10.0,1.25
W0103,Night,2025-02-10,7.0,0.875
W0103,Night,2025-02-12,10.0,1.25
W0103,Night,2025-02-13,8.0,1.0
W0103,Night,2025-02-20,8.0,1.0
W0103,Night,2025-02-21,6.0,0.75
W0103,Night,2025-02-26,6.0,0.75
W0103,Night,2025-03-04,6.0,0.75
W0103,Night,2025-04-08,6.0,0.75
W0103,Night,2025-04-09,6.0,0.75
W0103,Night,2025-04-15,7.0,0.875
W0103,Night,2025-04-27,8.0,1.0
W0103,Night,2025-05-01,10.0,1.25
W0103,Night,2025-05-06,8.0,1.0
W0103,Night,2025-05-23,8.0,1.0
W0103,Night,2025-05-28,9.0,1.125
W0103,Night,2025-06-04,9.0,1.125
W0103,Night,2025-06-09,18.0,2.25
W0103,Night,2025-06-15,9.0,1.125
W0103,Night,2025-06-23,7.0,0.875
W0103,Night,2025-06-24,8.0,1.0
W0104,Evening,2025-01-02,7.0,0.875
W0104,Evening,2025-02-06,9.0,1.125
W0104,Evening,2025-03-16,6.0,0.75
W0104,Evening,2025-03-31,7.0,0.875
W0104,Evening,2025-04-08,8.0,1.0
W0104,Evening,2025-04-30,9.0,1.125
W0104,Evening,2025-06-04,9.0,1.125
W0104,Morning,2025-01-04,6.0,0.75
W0104,Morning,2025-01-09,7.0,0.875
W0104,Morning,2025-01-17,7.0,0.875
W0104,Morning,2025-01-26,7.0,0.875
W0104,Morning,2025-02-06,6.0,0.75
W0104,Morning,2025-02-20,10.0,1.25
W0104,Morning,2025-03-23,6.0,0.75
W0104,Morning,2025-06-22,7.0,0.875
W0104,Morning,2025-06-26,6.0,0.75
W0104,Night,2025-01-13,6.0,0.75
W0104,Night,2025-01-28,9.0,1.125
W0104,Night,2025-02-18,8.0,1.0
W0104,Night,2025-02-27,10.0,1.25
W0104,Night,2025-03-28,8.0,1.0
W0104,Night,2025-04-02,6.0,0.75
W0104,Night,2025-04-27,10.0,1.25
W0104,Night,2025-05-11,17.0,2.125
W0104,Night,2025-05-30,9.0,1.125
W0104,Night,2025-06-13,8.0,1.0
W0104,Night,2025-06-14,6.0,0.75
W0104,Night,2025-06-26,8.0,1.0
W0105,Evening,2025-03-16,9.0,1.125
W0105,Evening,2025-06-19,9.0,1.125
W0105,Evening,2025-06-21,9.0,1.125
W0105,Morning,2025-01-08,7.0,0.875
W0105,Morning,2025-01-17,9.0,1.125
W0105,Morning,2025-01-25,8.0,1.0
W0105,Morning,2025-02-09,8.0,1.0
W0105,Morning,2025-03-09,6.0,0.75
W0105,Morning,2025-03-29,10.0,1.25
W0105,Morning,2025-04-12,6.0,0.75
W0105,Morning,2025-06-25,10.0,1.25
W0105,Night,2025-01-18,8.0,1.0
W0105,Night,2025-01-27,6.0,0.75
W0105,Night,2025-03-21,6.0,0.75
W0105,Night,2025-04-01,8.0,1.0
W0105,Night,2025-04-13,8.0,1.0
W0105,Night,2025-04-16,9.0,1.125
W0105,Night,2025-05-04,9.0,1.125
W0105,Night,2025-05-05,7.0,0.875
W0105,Night,2025-05-10,9.0,1.125
W0105,Night,2025-05-13,7.0,0.875
W0105,Night,2025-05-16,9.0,1.125
W0105,Night,2025-06-28,10.0,1.25
W0106,Evening,2025-02-05,10.0,1.25
W0106,Evening,2025-03-30,10.0,1.25
W0106,Evening,2025-04-14,9.0,1.125
W0106,Evening,2025-05-12,10.0,1.25
W0106,Evening,2025-06-09,10.0,1.25
W0106,Evening,2025-06-22,7.0,0.875
W0106,Morning,2025-01-24,9.0,1.125
W0106,Morning,2025-01-27,7.0,0.875
W0106,Morning,2025-03-13,7.0,0.875
W0106,Morning,2025-03-23,7.0,0.875
W0106,Morning,2025-03-24,8.0,1.0
W0106,Morning,2025-03-31,9.0,1.125
W0106,Morning,2025-04-07,10.0,1.25
W0106,Morning,2025-04-20,8.0,1.0
W0106,Morning,2025-05-10,7.0,0.875
W0106,Morning,2025-05-22,8.0,1.0
W0106,Night,2025-01-21,7.0,0.875
W0106,Night,2025-02-16,8.0,1.0
W0106,Night,2025-02-23,8.0,1.0
W0106,Night,2025-03-26,10.0,1.25
W0106,Night,2025-03-27,10.0,1.25
W0106,Night,2025-03-28,6.0,0.75
W0106,Night,2025-03-31,6.0,0.75
W0106,Night,2025-04-17,9.0,1.125
W0106,Night,2025-04-24,10.0,1.25
W0106,Night,2025-05-11,7.0,0.875
W0106,Night,2025-05-23,10.0,1.25
W0106,Night,2025-06-24,10.0,1.25
W0106,Night,2025-06-25,9.0,1.125
W0107,Evening,2025-02-01,8.0,1.0
W0107,Evening,2025-02-08,9.0,1.125
W0107,Evening,2025-03-13,17.0,2.125
W0107,Evening,2025-04-09,6.0,0.75
W0107,Evening,2025-05-08,6.0,0.75
W0107,Morning,2025-01-30,14.0,1.75
W0107,Morning,2025-02-11,7.0,0.875
W0107,Morning,2025-03-08,9.0,1.125
W0107,Morning,2025-04-20,6.0,0.75
W0107,Morning,2025-04-28,8.0,1.0
W0107,Morning,2025-06-14,7.0,0.875
W0107,Morning,2025-06-20,8.0,1.0
W0107,Night,2025-01-03,8.0,1.0
W0107,Night,2025-02-06,6.0,0.75
W0107,Night,2025-02-14,9.0,1.125
W0107,Night,2025-02-15,10.0,1.25
W0107,Night,2025-03-25,13.0,1.625
W0107,Night,2025-04-11,6.0,0.75
W0107,Night,2025-04-19,7.0,0.875
W0107,Night,2025-04-23,7.0,0.875
W0107,Night,2025-04-27,8.0,1.0
W0107,Night,2025-05-02,10.0,1.25
W0107,Night,2025-05-14,8.0,1.0
W0107,Night,2025-05-19,6.0,0.75
W0107,Night,2025-06-08,6.0,0.75
W0107,Night,2025-06-20,6.0,0.75
W0107,Night,2025-06-22,10.0,1.25
W0108,Evening,2025-01-21,7.0,0.875
W0108,Evening,2025-01-30,6.0,0.75
W0108,Evening,2025-04-09,8.0,1.0
W0108,Evening,2025-04-15,18.0,2.25
W0108,Evening,2025-04-28,10.0,1.25
W0108,Evening,2025-05-13,7.0,0.875
W0108,Evening,2025-05-18,6.0,0.75
W0108,Evening,2025-06-07,6.0,0.75
W0108,Evening,2025-06-08,9.0,1.125
W0108,Evening,2025-06-20,8.0,1.0
W0108,Morning,2025-01-01,9.0,1.125
W0108,Morning,2025-01-31,8.0,1.0
W0108,Morning,2025-02-26,9.0,1.125
W0108,Morning,2025-03-25,8.0,1.0
W0108,Morning,2025-04-13,10.0,1.25
W0108,Morning,2025-05-30,9.0,1.125
W0108,Morning,2025-06-21,7.0,0.875
W0108,Morning,2025-06-28,7.0,0.875
W0108,Night,2025-02-06,8.0,1.0
W0108,Night,2025-03-09,7.0,0.875
W0108,Night,2025-03-23,10.0,1.25
W0108,Night,2025-03-29,6.0,0.75
W0108,Night,2025-03-30,7.0,0.875
W0108,Night,2025-04-01,10.0,1.25
W0108,Night,2025-04-25,6.0,0.75
W0108,Night,2025-05-03,8.0,1.0
W0108,Night,2025-05-11,8.0,1.0
W0108,Night,2025-05-20,9.0,1.125
W0108,Night,2025-05-26,8.0,1.0
W0108,Night,2025-06-16,10.0,1.25
W0109,Evening,2025-01-01,8.0,1.0
W0109,Evening,2025-01-23,8.0,1.0
W0109,Evening,2025-06-03,10.0,1.25
W0109,Morning,2025-01-01,10.0,1.25
W0109,Morning,2025-02-23,10.0,1.25
W0109,Morning,2025-02-24,8.0,1.0
W0109,Morning,2025-03-20,7.0,0.875
W0109,Morning,2025-05-06,6.0,0.75
W0109,Morning,2025-05-28,9.0,1.125
W0109,Morning,2025-06-13,9.0,1.125
W0109,Morning,2025-06-17,16.0,2.0
W0109,Night,2025-01-06,8.0,1.0
W0109,Night,2025-01-18,6.0,0.75
W0109,Night,2025-01-25,8.0,1.0
W0109,Night,2025-02-20,6.0,0.75
W0109,Night,2025-03-15,7.0,0.875
W0109,Night,2025-03-21,7.0,0.875
W0109,Night,2025-04-13,7.0,0.875
W0109,Night,2025-05-12,7.0,0.875
W0109,Night,2025-06-06,6.0,0.75
W0109,Night,2025-06-16,10.0,1.25
W0110,Evening,2025-01-06,8.0,1.0
W0110,Evening,2025-01-12,8.0,1.0
W0110,Evening,2025-01-19,9.0,1.125
W0110,Evening,2025-01-21,8.0,1.0
W0110,Evening,2025-02-01,8.0,1.0
W0110,Evening,2025-02-05,10.0,1.25
W0110,Evening,2025-02-24,7.0,0.875
W0110,Evening,2025-05-27,8.0,1.0
W0110,Evening,2025-06-16,10.0,1.25
W0110,Morning,2025-01-02,6.0,0.75
W0110,Morning,2025-02-04,6.0,0.75
W0110,Morning,2025-02-19,7.0,0.875
W0110,Morning,2025-02-23,9.0,1.125
W0110,Morning,2025-03-19,8.0,1.0
W0110,Morning,2025-04-16,9.0,1.125
W0110,Morning,2025-04-22,6.0,0.75
W0110,Morning,2025-06-22,10.0,1.25
W0110,Night,2025-01-03,14.0,1.75
W0110,Night,2025-01-07,8.0,1.0
W0110,Night,2025-01-17,7.0,0.875
W0110,Night,2025-01-21,7.0,0.875
W0110,Night,2025-02-07,8.0,1.0
W0110,Night,2025-02-18,6.0,0.75
W0110,Night,2025-03-17,9.0,1.125
W0110,Night,2025-04-03,10.0,1.25
W0110,Night,2025-04-21,10.0,1.25
W0110,Night,2025-05-06,7.0,0.875
W0110,Night,2025-05-07,7.0,0.875
W0110,Night,2025-05-08,7.0,0.875
W0110,Night,2025-05-14,10.0,1.25
W0110,Night,2025-05-16,8.0,1.0
W0110,Night,2025-05-28,9.0,1.125
W0110,Night,2025-06-15,9.0,1.125
W0111,Evening,2025-01-06,10.0,1.25
W0111,Evening,2025-01-09,9.0,1.125
W0111,Evening,2025-01-15,6.0,0.75
W0111,Evening,2025-01-26,8.0,1.0
W0111,Evening,2025-02-07,9.0,1.125
W0111,Evening,2025-02-24,6.0,0.75
W0111,Evening,2025-03-09,6.0,0.75
W0111,Evening,2025-05-24,6.0,0.75
W0111,Evening,2025-06-03,10.0,1.25
W0111,Evening,2025-06-06,6.0,0.75
W0111,Morning,2025-01-09,7.0,0.875
W0111,Morning,2025-01-14,7.0,0.875
W0111,Morning,2025-01-17,9.0,1.125
W0111,Morning,2025-02-12,8.0,1.0
W0111,Morning,2025-03-11,7.0,0.875
W0111,Morning,2025-05-10,9.0,1.125
W0111,Morning,2025-05-14,10.0,1.25
W0111,Night,2025-01-03,8.0,1.0
W0111,Night,2025-03-09,10.0,1.25
W0111,Night,2025-03-26,7.0,0.875
W0111,Night,2025-03-27,10.0,1.25
W0111,Night,2025-04-09,6.0,0.75
W0111,Night,2025-04-20,10.0,1.25
W0111,Night,2025-05-09,6.0,0.75
W0111,Night,2025-05-28,8.0,1.0
W0111,Night,2025-05-29,9.0,1.125
W0111,Night,2025-06-13,7.0,0.875
W0112,Evening,2025-02-11,8.0,1.0
W0112,Morning,2025-04-05,10.0,1.25
W0112,Morning,2025-04-23,9.0,1.125
W0112,Morning,2025-05-16,8.0,1.0
W0112,Morning,2025-05-21,6.0,0.75
W0112,Morning,2025-05-27,7.0,0.875
W0112,Morning,2025-05-30,7.0,0.875
W0112,Night,2025-01-06,7.0,0.875
W0112,Night,2025-01-07,6.0,0.75
W0112,Night,2025-01-18,7.0,0.875
W0112,Night,2025-02-17,10.0,1.25
W0112,Night,2025-02-23,7.0,0.875
W0112,Night,2025-03-08,10.0,1.25
W0112,Night,2025-03-11,9.0,1.125
W0112,Night,2025-03-21,8.0,1.0
W0112,Night,2025-03-22,9.0,1.125
W0112,Night,2025-04-06,8.0,1.0
W0112,Night,2025-04-07,7.0,0.875
W0112,Night,2025-05-04,7.0,0.875
W0112,Night,2025-06-04,10.0,1.25
W0112,Night,2025-06-24,7.0,0.875
W0113,Evening,2025-01-31,8.0,1.0
W0113,Evening,2025-03-07,9.0,1.125
W0113,Evening,2025-05-16,7.0,0.875
W0113,Evening,2025-05-21,8.0,1.0
W0113,Morning,2025-02-02,17.0,2.125
W0113,Morning,2025-02-07,8.0,1.0
W0113,Morning,2025-03-06,7.0,0.875
W0113,Morning,2025-03-22,9.0,1.125
W0113,Morning,2025-03-28,8.0,1.0
W0113,Morning,2025-04-19,7.0,0.875
W0113,Night,2025-01-06,10.0,1.25
W0113,Night,2025-01-23,10.0,1.25
W0113,Night,2025-02-01,17.0,2.125
W0113,Night,2025-02-26,6.0,0.75
W0113,Night,2025-03-16,8.0,1.0
W0113,Night,2025-03-22,9.0,1.125
W0113,Night,2025-03-25,10.0,1.25
W0113,Night,2025-03-27,6.0,0.75
W0113,Night,2025-04-26,8.0,1.0
W0113,Night,2025-05-24,10.0,1.25
W0114,Evening,2025-01-15,7.0,0.875
W0114,Evening,2025-01-19,10.0,1.25
W0114,Evening,2025-03-26,6.0,0.75
W0114,Morning,2025-01-31,8.0,1.0
W0114,Morning,2025-03-17,10.0,1.25
W0114,Morning,2025-03-29,14.0,1.75
W0114,Morning,2025-04-30,9.0,1.125
W0114,Morning,2025-05-14,16.0,2.0
W0114,Morning,2025-05-29,8.0,1.0
W0114,Morning,2025-06-17,9.0,1.125
W0114,Night,2025-01-14,6.0,0.75
W0114,Night,2025-03-04,9.0,1.125
W0114,Night,2025-03-19,8.0,1.0
W0114,Night,2025-03-26,7.0,0.875
W0114,Night,2025-04-03,6.0,0.75
W0114,Night,2025-04-09,8.0,1.0
W0114,Night,2025-04-12,18.0,2.25
W0114,Night,2025-05-13,10.0,1.25
W0114,Night,2025-05-27,7.0,0.875
W0114,Night,2025-06-09,6.0,0.75
W0115,Evening,2025-01-05,8.0,1.0
W0115,Evening,2025-02-06,10.0,1.25
W0115,Evening,2025-02-13,9.0,1.125
W0115,Evening,2025-05-07,6.0,0.75
W0115,Evening,2025-06-26,14.0,1.75
W0115,Morning,2025-02-13,10.0,1.25
W0115,Morning,2025-03-15,9.0,1.125
W0115,Morning,2025-04-04,9.0,1.125
W0115,Morning,2025-04-06,9.0,1.125
W0115,Morning,2025-06-12,9.0,1.125
W0115,Night,2025-01-07,6.0,0.75
W0115,Night,2025-01-23,7.0,0.875
W0115,Night,2025-01-29,9.0,1.125
W0115,Night,2025-02-10,8.0,1.0
W0115,Night,2025-03-02,8.0,1.0
W0115,Night,2025-03-18,7.0,0.875
W0115,Night,2025-04-28,8.0,1.0
W0115,Night,2025-05-21,6.0,0.75
W0115,Night,2025-05-23,6.0,0.75
W0115,Night,2025-06-01,6.0,0.75
W0115,Night,2025-06-13,10.0,1.25
W0115,Night,2025-06-27,9.0,1.125
W0116,Evening,2025-01-06,10.0,1.25
W0116,Evening,2025-01-14,6.0,0.75
W0116,Evening,2025-01-28,8.0,1.0
W0116,Evening,2025-02-17,6.0,0.75
W0116,Evening,2025-04-27,7.0,0.875
W0116,Evening,2025-05-24,7.0,0.875
W0116,Evening,2025-06-14,7.0,0.875
W0116,Evening,2025-06-24,6.0,0.75
W0116,Evening,2025-06-27,6.0,0.75
W0116,Morning,2025-01-26,6.0,0.75
W0116,Morning,2025-02-25,6.0,0.75
W0116,Morning,2025-03-14,7.0,0.875
W0116,Morning,2025-03-22,6.0,0.75
W0116,Morning,2025-03-31,6.0,0.75
W0116,Morning,2025-04-17,8.0,1.0
W0116,Morning,2025-04-22,8.0,1.0
W0116,Morning,2025-05-12,9.0,1.125
W0116,Night,2025-01-01,6.0,0.75
W0116,Night,2025-01-27,7.0,0.875
W0116,Night,2025-03-09,6.0,0.75
W0116,Night,2025-05-09,7.0,0.875
W0116,Night,2025-05-25,8.0,1.0
W0116,Night,2025-06-06,7.0,0.875
W0116,Night,2025-06-13,8.0,1.0
W0116,Night,2025-06-15,6.0,0.75
W0116,Night,2025-06-21,8.0,1.0
W0116,Night,2025-06-27,7.0,0.875
W0117,Evening,2025-01-28,7.0,0.875
W0117,Evening,2025-02-13,10.0,1.25
W0117,Evening,2025-04-12,9.0,1.125
W0117,Evening,2025-04-22,6.0,0.75
W0117,Evening,2025-05-05,6.0,0.75
W0117,Evening,2025-05-15,7.0,0.875
W0117,Evening,2025-06-03,8.0,1.0
W0117,Evening,2025-06-08,6.0,0.75
W0117,Evening,2025-06-12,7.0,0.875
W0117,Morning,2025-01-11,10.0,1.25
W0117,Morning,2025-01-14,8.0,1.0
W0117,Morning,2025-01-15,8.0,1.0
W0117,Morning,2025-01-31,6.0,0.75
W0117,Morning,2025-03-14,9.0,1.125
W0117,Morning,2025-03-25,8.0,1.0
W0117,Morning,2025-03-26,6.0,0.75
W0117,Morning,2025-03-30,8.0,1.0
W0117,Morning,2025-05-21,7.0,0.875
W0117,Morning,2025-06-04,6.0,0.75
W0117,Morning,2025-06-12,9.0,1.125
W0117,Night,2025-01-27,8.0,1.0
W0117,Night,2025-01-28,7.0,0.875
W0117,Night,2025-02-05,8.0,1.0
W0117,Night,2025-02-23,8.0,1.0
W0117,Night,2025-04-06,9.0,1.125
W0117,Night,2025-04-18,6.0,0.75
W0117,Night,2025-04-20,7.0,0.875
W0117,Night,2025-04-22,8.0,1.0
W0117,Night,2025-05-09,8.0,1.0
W0117,Night,2025-05-13,8.0,1.0
W0117,Night,2025-05-14,10.0,1.25
W0117,Night,2025-05-27,7.0,0.875
W0117,Night,2025-06-06,9.0,1.125
W0117,Night,2025-06-10,9.0,1.125
W0117,Night,2025-06-17,6.0,0.75
W0117,Night,2025-06-24,6.0,0.75
W0118,Evening,2025-03-13,9.0,1.125
W0118,Evening,2025-03-16,8.0,1.0
W0118,Evening,2025-03-31,10.0,1.25
W0118,Evening,2025-04-13,10.0,1.25
W0118,Evening,2025-04-28,7.0,0.875
W0118,Evening,2025-06-16,6.0,0.75
W0118,Morning,2025-01-07,6.0,0.75
W0118,Morning,2025-01-22,8.0,1.0
W0118,Morning,2025-02-02,8.0,1.0
W0118,Morning,2025-02-04,6.0,0.75
W0118,Morning,2025-03-15,6.0,0.75
W0118,Morning,2025-03-29,9.0,1.125
W0118,Morning,2025-04-19,9.0,1.125
W0118,Morning,2025-04-25,7.0,0.875
W0118,Morning,2025-05-21,10.0,1.25
W0118,Morning,2025-06-26,6.0,0.75
W0118,Night,2025-01-24,8.0,1.0
W0118,Night,2025-01-27,8.0,1.0
W0118,Night,2025-02-17,9.0,1.125
W0118,Night,2025-02-27,9.0,1.125
W0118,Night,2025-04-19,9.0,1.125
W0118,Night,2025-05-03,8.0,1.0
W0118,Night,2025-05-07,7.0,0.875
W0118,Night,2025-05-10,10.0,1.25
W0118,Night,2025-05-16,10.0,1.25
W0118,Night,2025-05-19,8.0,1.0
W0118,Night,2025-05-22,8.0,1.0
W0118,Night,2025-05-23,10.0,1.25
W0118,Night,2025-06-12,9.0,1.125
W0118,Night,2025-06-28,10.0,1.25
W0119,Evening,2025-01-02,8.0,1.0
W0119,Evening,2025-01-11,8.0,1.0
W0119,Evening,2025-02-20,9.0,1.125
W0119,Evening,2025-03-01,10.0,1.25
W0119,Evening,2025-03-24,14.0,1.75
W0119,Evening,2025-05-21,10.0,1.25
W0119,Night,2025-01-04,8.0,1.0
W0119,Night,2025-01-14,7.0,0.875
W0119,Night,2025-02-01,8.0,1.0
W0119,Night,2025-02-18,9.0,1.125
W0119,Night,2025-03-09,10.0,1.25
W0119,Night,2025-03-11,7.0,0.875
W0119,Night,2025-03-15,10.0,1.25
W0119,Night,2025-03-21,10.0,1.25
W0119,Night,2025-03-23,8.0,1.0
W0119,Night,2025-03-29,9.0,1.125
W0119,Night,2025-03-30,8.0,1.0
W0119,Night,2025-04-07,7.0,0.875
W0119,Night,2025-04-20,8.0,1.0
W0119,Night,2025-05-05,8.0,1.0
W0119,Night,2025-05-18,10.0,1.25
W0119,Night,2025-05-31,6.0,0.75
W0119,Night,2025-06-08,9.0,1.125
W0119,Night,2025-06-18,10.0,1.25
W0120,Evening,2025-01-06,6.0,0.75
W0120,Evening,2025-01-26,10.0,1.25
W0120,Evening,2025-01-31,7.0,0.875
W0120,Evening,2025-03-02,10.0,1.25
W0120,Evening,2025-04-29,8.0,1.0
W0120,Evening,2025-05-07,8.0,1.0
W0120,Evening,2025-05-11,9.0,1.125
W0120,Evening,2025-05-13,6.0,0.75
W0120,Evening,2025-06-03,6.0,0.75
W0120,Evening,2025-06-06,9.0,1.125
W0120,Evening,2025-06-10,6.0,0.75
W0120,Morning,2025-01-05,10.0,1.25
W0120,Morning,2025-01-19,6.0,0.75
W0120,Morning,2025-02-21,7.0,0.875
W0120,Morning,2025-05-06,10.0,1.25
W0120,Morning,2025-05-27,6.0,0.75
W0120,Night,2025-01-11,8.0,1.0
W0120,Night,2025-02-10,10.0,1.25
W0120,Night,2025-02-18,10.0,1.25
W0120,Night,2025-02-19,7.0,0.875
W0120,Night,2025-02-28,9.0,1.125
W0120,Night,2025-03-05,10.0,1.25
W0120,Night,2025-03-19,9.0,1.125
W0120,Night,2025-04-05,8.0,1.0
W0120,Night,2025-04-22,6.0,0.75
W0120,Night,2025-04-26,7.0,0.875
W0120,Night,2025-05-05,9.0,1.125
W0120,Night,2025-05-16,10.0,1.25
W0120,Night,2025-05-21,7.0,0.875
W0120,Night,2025-05-23,10.0,1.25
W0120,Night,2025-06-06,7.0,0.875
W0120,Night,2025-06-26,8.0,1.0
W0121,Evening,2025-01-03,7.0,0.875
W0121,Evening,2025-01-16,9.0,1.125
W0121,Evening,2025-01-17,9.0,1.125
W0121,Evening,2025-01-25,8.0,1.0
W0121,Evening,2025-05-08,6.0,0.75
W0121,Evening,2025-05-10,6.0,0.75
W0121,Evening,2025-05-18,10.0,1.25
W0121,Evening,2025-06-07,8.0,1.0
W0121,Evening,2025-06-23,9.0,1.125
W0121,Evening,2025-06-28,10.0,1.25
W0121,Morning,2025-01-09,10.0,1.25
W0121,Morning,2025-02-09,9.0,1.125
W0121,Morning,2025-02-16,7.0,0.875
W0121,Morning,2025-02-19,6.0,0.75
W0121,Morning,2025-02-27,8.0,1.0
W0121,Morning,2025-02-28,10.0,1.25
W0121,Morning,2025-03-01,8.0,1.0
W0121,Morning,2025-03-04,9.0,1.125
W0121,Morning,2025-03-10,8.0,1.0
W0121,Morning,2025-04-29,7.0,0.875
W0121,Morning,2025-05-06,7.0,0.875
W0121,Morning,2025-05-07,6.0,0.75
W0121,Morning,2025-05-11,9.0,1.125
W0121,Morning,2025-05-22,9.0,1.125
W0121,Night,2025-01-04,7.0,0.875
W0121,Night,2025-01-29,9.0,1.125
W0121,Night,2025-02-17,8.0,1.0
W0121,Night,2025-02-27,7.0,0.875
W0121,Night,2025-03-01,8.0,1.0
W0121,Night,2025-03-21,7.0,0.875
W0121,Night,2025-03-24,7.0,0.875
W0121,Night,2025-04-05,7.0,0.875
W0121,Night,2025-04-24,8.0,1.0
W0121,Night,2025-04-25,6.0,0.75
W0121,Night,2025-05-02,10.0,1.25
W0121,Night,2025-05-16,9.0,1.125
W0121,Night,2025-05-20,16.0,2.0
W0121,Night,2025-05-22,7.0,0.875
W0121,Night,2025-06-10,9.0,1.125
W0121,Night,2025-06-23,10.0,1.25
W0122,Evening,2025-03-14,6.0,0.75
W0122,Evening,2025-03-26,7.0,0.875
W0122,Evening,2025-03-31,9.0,1.125
W0122,Evening,2025-04-01,8.0,1.0
W0122,Evening,2025-04-04,6.0,0.75
W0122,Evening,2025-04-24,7.0,0.875
W0122,Evening,2025-04-25,6.0,0.75
W0122,Evening,2025-05-04,9.0,1.125
W0122,Evening,2025-06-21,8.0,1.0
W0122,Morning,2025-01-14,10.0,1.25
W0122,Morning,2025-01-20,7.0,0.875
W0122,Morning,2025-02-02,7.0,0.875
W0122,Morning,2025-03-05,9.0,1.125
W0122,Morning,2025-03-10,9.0,1.125
W0122,Morning,2025-04-22,8.0,1.0
W0122,Morning,2025-04-30,7.0,0.875
W0122,Morning,2025-05-05,6.0,0.75
W0122,Morning,2025-06-28,9.0,1.125
W0122,Night,2025-01-12,15.0,1.875
W0122,Night,2025-01-13,6.0,0.75
W0122,Night,2025-01-14,6.0,0.75
W0122,Night,2025-01-16,9.0,1.125
W0122,Night,2025-01-21,9.0,1.125
W0122,Night,2025-03-03,7.0,0.875
W0122,Night,2025-03-17,10.0,1.25
W0122,Night,2025-04-30,8.0,1.0
W0123,Evening,2025-01-10,8.0,1.0
W0123,Evening,2025-01-11,10.0,1.25
W0123,Evening,2025-02-20,8.0,1.0
W0123,Evening,2025-02-23,6.0,0.75
W0123,Evening,2025-03-11,10.0,1.25
W0123,Evening,2025-06-25,7.0,0.875
W0123,Morning,2025-01-15,10.0,1.25
W0123,Morning,2025-02-05,9.0,1.125
W0123,Morning,2025-02-20,10.0,1.25
W0123,Morning,2025-02-28,8.0,1.0
W0123,Morning,2025-04-01,9.0,1.125
W0123,Morning,2025-04-07,6.0,0.75
W0123,Morning,2025-04-28,7.0,0.875
W0123,Morning,2025-04-29,7.0,0.875
W0123,Morning,2025-05-29,7.0,0.875
W0123,Morning,2025-06-28,7.0,0.875
W0123,Night,2025-01-19,7.0,0.875
W0123,Night,2025-02-04,9.0,1.125
W0123,Night,2025-02-11,10.0,1.25
W0123,Night,2025-03-24,6.0,0.75
W0123,Night,2025-03-27,7.0,0.875
W0123,Night,2025-04-02,6.0,0.75
W0123,Night,2025-04-06,7.0,0.875
W0123,Night,2025-04-08,7.0,0.875
W0123,Night,2025-04-14,10.0,1.25
W0123,Night,2025-05-06,7.0,0.875
W0123,Night,2025-06-01,7.0,0.875
W0123,Night,2025-06-07,7.0,0.875
W0123,Night,2025-06-25,10.0,1.25
W0123,Night,2025-06-28,9.0,1.125
W0123,Night,2025-06-29,7.0,0.875
W0124,Evening,2025-01-28,6.0,0.75
W0124,Evening,2025-03-27,9.0,1.125
W0124,Evening,2025-04-22,8.0,1.0
W0124,Evening,2025-05-01,10.0,1.25
W0124,Evening,2025-05-08,18.0,2.25
W0124,Evening,2025-05-19,9.0,1.125
W0124,Evening,2025-06-17,9.0,1.125
W0124,Morning,2025-01-01,6.0,0.75
W0124,Morning,2025-02-10,8.0,1.0
W0124,Morning,2025-05-05,8.0,1.0
W0124,Morning,2025-05-11,10.0,1.25
W0124,Morning,2025-05-20,6.0,0.75
W0124,Morning,2025-05-30,10.0,1.25
W0124,Night,2025-01-14,7.0,0.875
W0124,Night,2025-01-29,9.0,1.125
W0124,Night,2025-02-22,7.0,0.875
W0124,Night,2025-03-02,7.0,0.875
W0124,Night,2025-03-10,7.0,0.875
W0124,Night,2025-03-19,9.0,1.125
W0124,Night,2025-04-14,9.0,1.125
W0124,Night,2025-04-15,6.0,0.75
W0124,Night,2025-04-22,8.0,1.0
W0124,Night,2025-04-23,8.0,1.0
W0124,Night,2025-05-15,9.0,1.125
W0124,Night,2025-05-22,10.0,1.25
W0124,Night,2025-06-06,10.0,1.25
W0124,Night,2025-06-18,7.0,0.875
W0124,Night,2025-06-21,15.0,1.875
W0125,Evening,2025-01-17,10.0,1.25
W0125,Evening,2025-01-23,6.0,0.75
W0125,Evening,2025-02-08,13.0,1.625
W0125,Evening,2025-03-01,10.0,1.25
W0125,Evening,2025-03-10,9.0,1.125
W0125,Evening,2025-03-17,10.0,1.25
W0125,Evening,2025-04-28,10.0,1.25
W0125,Evening,2025-05-07,7.0,0.875
W0125,Evening,2025-06-06,7.0,0.875
W0125,Morning,2025-01-20,7.0,0.875
W0125,Morning,2025-02-17,6.0,0.75
W0125,Morning,2025-02-19,7.0,0.875
W0125,Morning,2025-03-13,7.0,0.875
W0125,Morning,2025-04-10,6.0,0.75
W0125,Morning,2025-05-18,9.0,1.125
W0125,Morning,2025-05-23,10.0,1.25
W0125,Morning,2025-06-01,8.0,1.0
W0125,Morning,2025-06-04,7.0,0.875
W0125,Night,2025-02-21,6.0,0.75
W0125,Night,2025-02-25,9.0,1.125
W0125,Night,2025-02-26,10.0,1.25
W0125,Night,2025-03-03,8.0,1.0
W0125,Night,2025-03-11,7.0,0.875
W0125,Night,2025-03-12,10.0,1.25
W0125,Night,2025-03-23,8.0,1.0
W0125,Night,2025-03-29,7.0,0.875
W0125,Night,2025-04-24,6.0,0.75
W0125,Night,2025-04-30,9.0,1.125
W0125,Night,2025-05-11,9.0,1.125
W0125,Night,2025-06-25,8.0,1.0
W0126,Evening,2025-03-07,7.0,0.875
W0126,Evening,2025-03-13,8.0,1.0
W0126,Evening,2025-03-20,9.0,1.125
W0126,Evening,2025-04-15,6.0,0.75
W0126,Evening,2025-06-05,9.0,1.125
W0126,Evening,2025-06-06,6.0,0.75
W0126,Evening,2025-06-18,6.0,0.75
W0126,Evening,2025-06-25,7.0,0.875
W0126,Evening,2025-06-29,9.0,1.125
W0126,Morning,2025-03-14,8.0,1.0
W0126,Morning,2025-03-22,10.0,1.25
W0126,Morning,2025-04-13,7.0,0.875
W0126,Morning,2025-05-24,8.0,1.0
W0126,Morning,2025-05-25,10.0,1.25
W0126,Morning,2025-06-02,6.0,0.75
W0126,Night,2025-01-09,9.0,1.125
W0126,Night,2025-01-18,6.0,0.75
W0126,Night,2025-01-31,7.0,0.875
W0126,Night,2025-02-03,7.0,0.875
W0126,Night,2025-02-07,17.0,2.125
W0126,Night,2025-02-20,10.0,1.25
W0126,Night,2025-04-15,8.0,1.0
W0126,Night,2025-04-24,7.0,0.875
W0126,Night,2025-04-29,8.0,1.0
W0126,Night,2025-05-09,9.0,1.125
W0126,Night,2025-05-12,6.0,0.75
W0126,Night,2025-05-26,10.0,1.25
W0126,Night,2025-05-29,7.0,0.875
W0127,Evening,2025-01-07,9.0,1.125
W0127,Evening,2025-03-17,9.0,1.125
W0127,Evening,2025-05-19,7.0,0.875
W0127,Evening,2025-05-29,6.0,0.75
W0127,Evening,2025-06-09,7.0,0.875
W0127,Morning,2025-01-19,10.0,1.25
W0127,Morning,2025-02-07,9.0,1.125
W0127,Morning,2025-02-22,6.0,0.75
W0127,Morning,2025-03-28,6.0,0.75
W0127,Morning,2025-05-28,7.0,0.875
W0127,Morning,2025-05-29,9.0,1.125
W0127,Morning,2025-06-12,10.0,1.25
W0127,Morning,2025-06-23,7.0,0.875
W0127,Night,2025-01-01,10.0,1.25
W0127,Night,2025-02-02,6.0,0.75
W0127,Night,2025-02-10,7.0,0.875
W0127,Night,2025-02-24,9.0,1.125
W0127,Night,2025-03-15,9.0,1.125
W0127,Night,2025-04-02,6.0,0.75
W0127,Night,2025-04-13,9.0,1.125
W0127,Night,2025-04-14,10.0,1.25
W0127,Night,2025-04-24,10.0,1.25
W0127,Night,2025-05-02,8.0,1.0
W0127,Night,2025-05-16,9.0,1.125
W0127,Night,2025-05-18,6.0,0.75
W0127,Night,2025-05-20,8.0,1.0
W0127,Night,2025-06-10,10.0,1.25
W0127,Night,2025-06-18,6.0,0.75
W0127,Night,2025-06-20,8.0,1.0
W0128,Evening,2025-01-02,8.0,1.0
W0128,Evening,2025-02-01,6.0,0.75
W0128,Evening,2025-02-06,6.0,0.75
W0128,Evening,2025-02-26,8.0,1.0
W0128,Morning,2025-01-06,10.0,1.25
W0128,Morning,2025-02-01,7.0,0.875
W0128,Morning,2025-02-04,6.0,0.75
W0128,Morning,2025-03-04,10.0,1.25
W0128,Morning,2025-05-04,9.0,1.125
W0128,Morning,2025-05-30,8.0,1.0
W0128,Morning,2025-06-02,10.0,1.25
W0128,Night,2025-01-22,7.0,0.875
W0128,Night,2025-05-05,10.0,1.25
W0128,Night,2025-05-16,6.0,0.75
W0128,Night,2025-05-30,9.0,1.125
W0128,Night,2025-06-15,10.0,1.25
W0129,Evening,2025-01-02,9.0,1.125
W0129,Evening,2025-01-11,7.0,0.875
W0129,Evening,2025-02-18,7.0,0.875
W0129,Evening,2025-05-22,10.0,1.25
W0129,Evening,2025-06-18,9.0,1.125
W0129,Evening,2025-06-23,7.0,0.875
W0129,Morning,2025-01-03,8.0,1.0
W0129,Morning,2025-01-20,10.0,1.25
W0129,Morning,2025-01-29,6.0,0.75
W0129,Morning,2025-02-13,9.0,1.125
W0129,Morning,2025-03-12,8.0,1.0
W0129,Morning,2025-03-21,8.0,1.0
W0129,Morning,2025-04-03,9.0,1.125
W0129,Morning,2025-05-06,7.0,0.875
W0129,Morning,2025-05-07,8.0,1.0
W0129,Morning,2025-05-25,6.0,0.75
W0129,Night,2025-01-09,13.0,1.625
W0129,Night,2025-01-18,7.0,0.875
W0129,Night,2025-02-04,8.0,1.0
W0129,Night,2025-03-01,8.0,1.0
W0129,Night,2025-03-10,16.0,2.0
W0129,Night,2025-03-18,7.0,0.875
W0129,Night,2025-03-27,15.0,1.875
W0129,Night,2025-04-09,7.0,0.875
W0129,Night,2025-04-12,10.0,1.25
W0129,Night,2025-04-22,9.0,1.125
W0129,Night,2025-05-04,6.0,0.75
W0129,Night,2025-05-05,7.0,0.875
W0129,Night,2025-05-19,6.0,0.75
W0129,Night,2025-05-21,8.0,1.0
W0129,Night,2025-05-22,7.0,0.875
W0129,Night,2025-06-21,10.0,1.25
W0130,Evening,2025-01-05,10.0,1.25
W0130,Evening,2025-01-21,7.0,0.875
W0130,Evening,2025-01-29,8.0,1.0
W0130,Evening,2025-02-27,8.0,1.0
W0130,Evening,2025-03-01,10.0,1.25
W0130,Evening,2025-05-04,9.0,1.125
W0130,Evening,2025-05-11,10.0,1.25
W0130,Evening,2025-06-16,10.0,1.25
W0130,Morning,2025-01-28,10.0,1.25
W0130,Morning,2025-02-03,6.0,0.75
W0130,Morning,2025-02-18,6.0,0.75
W0130,Morning,2025-03-02,6.0,0.75
W0130,Morning,2025-04-21,9.0,1.125
W0130,Morning,2025-06-08,7.0,0.875
W0130,Night,2025-01-01,10.0,1.25
W0130,Night,2025-01-07,6.0,0.75
W0130,Night,2025-01-26,8.0,1.0
W0130,Night,2025-02-09,9.0,1.125
W0130,Night,2025-02-22,7.0,0.875
W0130,Night,2025-03-12,10.0,1.25
W0130,Night,2025-03-16,18.0,2.25
W0130,Night,2025-03-25,7.0,0.875
W0130,Night,2025-03-30,9.0,1.125
W0130,Night,2025-04-05,10.0,1.25
W0130,Night,2025-04-22,6.0,0.75
W0130,Night,2025-04-26,6.0,0.75
W0130,Night,2025-04-28,10.0,1.25
W0130,Night,2025-05-30,8.0,1.0
W0130,Night,2025-06-09,7.0,0.875
W0131,Evening,2025-01-21,9.0,1.125
W0131,Evening,2025-03-07,6.0,0.75
W0131,Evening,2025-04-07,6.0,0.75
W0131,Evening,2025-04-10,14.0,1.75
W0131,Evening,2025-04-15,6.0,0.75
W0131,Evening,2025-04-23,9.0,1.125
W0131,Evening,2025-06-04,10.0,1.25
W0131,Morning,2025-01-01,8.0,1.0
W0131,Morning,2025-01-27,17.0,2.125
W0131,Morning,2025-01-30,9.0,1.125
W0131,Morning,2025-02-04,9.0,1.125
W0131,Morning,2025-02-07,9.0,1.125
W0131,Morning,2025-02-20,9.0,1.125
W0131,Morning,2025-03-10,10.0,1.25
W0131,Morning,2025-03-23,8.0,1.0
W0131,Morning,2025-03-26,7.0,0.875
W0131,Morning,2025-04-05,7.0,0.875
W0131,Morning,2025-04-06,10.0,1.25
W0131,Morning,2025-05-02,7.0,0.875
W0131,Morning,2025-05-05,9.0,1.125
W0131,Morning,2025-06-10,10.0,1.25
W0131,Morning,2025-06-21,9.0,1.125
W0131,Night,2025-02-10,8.0,1.0
W0131,Night,2025-04-08,6.0,0.75
W0131,Night,2025-04-13,10.0,1.25
W0131,Night,2025-04-26,10.0,1.25
W0131,Night,2025-05-20,10.0,1.25
W0131,Night,2025-05-25,10.0,1.25
W0132,Evening,2025-02-28,10.0,1.25
W0132,Evening,2025-03-04,6.0,0.75
W0132,Evening,2025-03-06,9.0,1.125
W0132,Evening,2025-04-19,9.0,1.125
W0132,Evening,2025-04-30,7.0,0.875
W0132,Evening,2025-06-09,7.0,0.875
W0132,Evening,2025-06-17,10.0,1.25
W0132,Morning,2025-01-14,9.0,1.125
W0132,Morning,2025-01-16,10.0,1.25
W0132,Morning,2025-01-28,7.0,0.875
W0132,Morning,2025-01-30,10.0,1.25
W0132,Morning,2025-03-03,6.0,0.75
W0132,Morning,2025-06-12,8.0,1.0
W0132,Morning,2025-06-18,8.0,1.0
W0132,Morning,2025-06-27,8.0,1.0
W0132,Night,2025-02-10,8.0,1.0
W0132,Night,2025-02-18,9.0,1.125
W0132,Night,2025-03-18,7.0,0.875
W0132,Night,2025-03-31,8.0,1.0
W0132,Night,2025-04-12,6.0,0.75
W0132,Night,2025-04-19,8.0,1.0
W0132,Night,2025-04-28,6.0,0.75
W0132,Night,2025-05-04,6.0,0.75
W0132,Night,2025-05-08,15.0,1.875
W0132,Night,2025-05-12,7.0,0.875
W0132,Night,2025-05-29,10.0,1.25
W0132,Night,2025-06-01,7.0,0.875
W0132,Night,2025-06-14,9.0,1.125
W0132,Night,2025-06-17,7.0,0.875
W0133,Evening,2025-01-09,8.0,1.0
W0133,Evening,2025-01-13,6.0,0.75
W0133,Evening,2025-02-22,8.0,1.0
W0133,Evening,2025-03-06,9.0,1.125
W0133,Evening,2025-04-04,10.0,1.25
W0133,Evening,2025-04-22,7.0,0.875
W0133,Evening,2025-05-10,7.0,0.875
W0133,Evening,2025-05-23,8.0,1.0
W0133,Evening,2025-06-19,10.0,1.25
W0133,Evening,2025-06-23,7.0,0.875
W0133,Morning,2025-01-05,6.0,0.75
W0133,Morning,2025-01-08,6.0,0.75
W0133,Morning,2025-02-01,9.0,1.125
W0133,Morning,2025-02-26,7.0,0.875
W0133,Morning,2025-03-20,8.0,1.0
W0133,Morning,2025-04-14,6.0,0.75
W0133,Morning,2025-04-23,8.0,1.0
W0133,Morning,2025-06-28,7.0,0.875
W0133,Night,2025-01-03,10.0,1.25
W0133,Night,2025-01-08,8.0,1.0
W0133,Night,2025-01-10,6.0,0.75
W0133,Night,2025-03-22,9.0,1.125
W0133,Night,2025-03-26,10.0,1.25
W0133,Night,2025-03-28,9.0,1.125
W0133,Night,2025-04-04,6.0,0.75
W0133,Night,2025-04-17,10.0,1.25
W0133,Night,2025-05-05,8.0,1.0
W0133,Night,2025-05-17,8.0,1.0
W0133,Night,2025-05-26,8.0,1.0
W0133,Night,2025-06-10,10.0,1.25
W0134,Evening,2025-01-11,9.0,1.125
W0134,Evening,2025-01-30,9.0,1.125
W0134,Evening,2025-03-06,7.0,0.875
W0134,Evening,2025-03-24,8.0,1.0
W0134,Evening,2025-05-01,7.0,0.875
W0134,Evening,2025-06-24,10.0,1.25
W0134,Morning,2025-01-10,6.0,0.75
W0134,Morning,2025-01-13,10.0,1.25
W0134,Morning,2025-01-26,7.0,0.875
W0134,Morning,2025-02-04,9.0,1.125
W0134,Morning,2025-05-04,8.0,1.0
W0134,Morning,2025-06-18,6.0,0.75
W0134,Morning,2025-06-25,8.0,1.0
W0134,Night,2025-01-04,10.0,1.25
W0134,Night,2025-01-17,8.0,1.0
W0134,Night,2025-02-02,9.0,1.125
W0134,Night,2025-03-07,15.0,1.875
W0134,Night,2025-03-22,7.0,0.875
W0134,Night,2025-05-06,8.0,1.0
W0134,Night,2025-05-11,8.0,1.0
W0134,Night,2025-05-28,10.0,1.25
W0134,Night,2025-05-31,10.0,1.25
W0134,Night,2025-06-09,8.0,1.0
W0134,Night,2025-06-18,8.0,1.0
W0134,Night,2025-06-23,6.0,0.75
W0135,Evening,2025-01-16,6.0,0.75
W0135,Evening,2025-01-26,9.0,1.125
W0135,Evening,2025-01-31,6.0,0.75
W0135,Evening,2025-02-16,8.0,1.0
W0135,Evening,2025-04-09,9.0,1.125
W0135,Evening,2025-05-06,10.0,1.25
W0135,Evening,2025-05-12,10.0,1.25
W0135,Evening,2025-05-13,9.0,1.125
W0135,Morning,2025-01-08,8.0,1.0
W0135,Morning,2025-01-14,6.0,0.75
W0135,Morning,2025-02-20,10.0,1.25
W0135,Morning,2025-03-13,6.0,0.75
W0135,Morning,2025-04-05,9.0,1.125
W0135,Morning,2025-04-19,7.0,0.875
W0135,Morning,2025-04-20,10.0,1.25
W0135,Morning,2025-05-06,9.0,1.125
W0135,Night,2025-01-13,19.0,2.375
W0135,Night,2025-03-07,7.0,0.875
W0135,Night,2025-04-11,8.0,1.0
W0135,Night,2025-04-26,9.0,1.125
W0135,Night,2025-05-29,9.0,1.125
W0135,Night,2025-05-31,7.0,0.875
W0135,Night,2025-06-09,6.0,0.75
W0136,Evening,2025-01-27,7.0,0.875
W0136,Evening,2025-01-31,10.0,1.25
W0136,Evening,2025-02-07,8.0,1.0
W0136,Evening,2025-02-11,6.0,0.75
W0136,Evening,2025-02-19,10.0,1.25
W0136,Evening,2025-04-02,10.0,1.25
W0136,Evening,2025-04-11,8.0,1.0
W0136,Evening,2025-04-22,7.0,0.875
W0136,Evening,2025-04-27,7.0,0.875
W0136,Evening,2025-06-20,8.0,1.0
W0136,Evening,2025-06-28,7.0,0.875
W0136,Morning,2025-01-23,9.0,1.125
W0136,Morning,2025-01-27,7.0,0.875
W0136,Morning,2025-02-13,7.0,0.875
W0136,Morning,2025-02-25,6.0,0.75
W0136,Morning,2025-03-02,6.0,0.75
W0136,Morning,2025-04-29,6.0,0.75
W0136,Morning,2025-06-13,10.0,1.25
W0136,Night,2025-01-18,10.0,1.25
W0136,Night,2025-02-16,6.0,0.75
W0136,Night,2025-03-19,10.0,1.25
W0136,Night,2025-03-22,8.0,1.0
W0136,Night,2025-03-23,9.0,1.125
W0136,Night,2025-04-03,10.0,1.25
W0136,Night,2025-04-06,7.0,0.875
W0136,Night,2025-04-10,8.0,1.0
W0136,Night,2025-04-14,10.0,1.25
W0136,Night,2025-04-25,10.0,1.25
W0136,Night,2025-04-29,7.0,0.875
W0136,Night,2025-05-08,7.0,0.875
W0136,Night,2025-05-11,10.0,1.25
W0136,Night,2025-06-05,8.0,1.0
W0136,Night,2025-06-18,8.0,1.0
W0136,Night,2025-06-19,8.0,1.0
W0137,Evening,2025-01-10,9.0,1.125
W0137,Evening,2025-02-07,6.0,0.75
W0137,Morning,2025-01-05,6.0,0.75
W0137,Morning,2025-02-12,7.0,0.875
W0137,Morning,2025-02-22,6.0,0.75
W0137,Night,2025-01-07,8.0,1.0
W0137,Night,2025-01-15,10.0,1.25
W0137,Night,2025-01-17,8.0,1.0
W0137,Night,2025-02-03,9.0,1.125
W0137,Night,2025-02-10,8.0,1.0
W0137,Night,2025-02-16,7.0,0.875
W0137,Night,2025-03-12,10.0,1.25
W0137,Night,2025-03-14,6.0,0.75
W0137,Night,2025-03-17,7.0,0.875
W0137,Night,2025-03-20,6.0,0.75
W0137,Night,2025-05-01,9.0,1.125
W0137,Night,2025-05-05,8.0,1.0
W0137,Night,2025-05-11,6.0,0.75
W0137,Night,2025-05-17,8.0,1.0
W0137,Night,2025-05-18,8.0,1.0
W0137,Night,2025-05-21,7.0,0.875
W0137,Night,2025-05-27,7.0,0.875
W0137,Night,2025-05-30,8.0,1.0
W0137,Night,2025-06-07,6.0,0.75
W0137,Night,2025-06-15,9.0,1.125
W0138,Evening,2025-01-08,8.0,1.0
W0138,Evening,2025-01-25,10.0,1.25
W0138,Evening,2025-03-02,8.0,1.0
W0138,Evening,2025-03-16,7.0,0.875
W0138,Evening,2025-03-30,8.0,1.0
W0138,Evening,2025-04-04,17.0,2.125
W0138,Evening,2025-04-28,6.0,0.75
W0138,Morning,2025-02-10,7.0,0.875
W0138,Morning,2025-04-10,10.0,1.25
W0138,Morning,2025-04-24,6.0,0.75
W0138,Morning,2025-05-16,9.0,1.125
W0138,Morning,2025-06-12,8.0,1.0
W0138,Night,2025-01-10,6.0,0.75
W0138,Night,2025-01-18,6.0,0.75
W0138,Night,2025-02-01,9.0,1.125
W0138,Night,2025-02-02,9.0,1.125
W0138,Night,2025-02-13,7.0,0.875
W0138,Night,2025-02-21,7.0,0.875
W0138,Night,2025-02-27,10.0,1.25
W0138,Night,2025-03-03,6.0,0.75
W0138,Night,2025-03-08,6.0,0.75
W0138,Night,2025-03-15,8.0,1.0
W0138,Night,2025-04-03,8.0,1.0
W0138,Night,2025-04-14,7.0,0.875
W0138,Night,2025-05-01,7.0,0.875
W0138,Night,2025-05-12,6.0,0.75
W0138,Night,2025-06-08,7.0,0.875
W0138,Night,2025-06-26,10.0,1.25
W0139,Evening,2025-01-15,6.0,0.75
W0139,Evening,2025-01-24,8.0,1.0
W0139,Evening,2025-02-01,7.0,0.875
W0139,Evening,2025-02-17,10.0,1.25
W0139,Evening,2025-02-20,8.0,1.0
W0139,Evening,2025-02-23,10.0,1.25
W0139,Evening,2025-05-25,7.0,0.875
W0139,Evening,2025-06-15,10.0,1.25
W0139,Morning,2025-01-06,8.0,1.0
W0139,Morning,2025-01-22,10.0,1.25
W0139,Morning,2025-02-08,7.0,0.875
W0139,Morning,2025-02-26,7.0,0.875
W0139,Morning,2025-03-07,9.0,1.125
W0139,Morning,2025-05-15,10.0,1.25
W0139,Morning,2025-05-19,6.0,0.75
W0139,Morning,2025-06-09,6.0,0.75
W0139,Morning,2025-06-15,6.0,0.75
W0139,Night,2025-01-19,8.0,1.0
W0139,Night,2025-02-12,7.0,0.875
W0139,Night,2025-02-18,8.0,1.0
W0139,Night,2025-03-14,9.0,1.125
W0139,Night,2025-03-25,7.0,0.875
W0139,Night,2025-04-28,6.0,0.75
W0139,Night,2025-05-06,10.0,1.25
W0139,Night,2025-05-08,9.0,1.125
W0139,Night,2025-05-10,9.0,1.125
W0139,Night,2025-05-12,7.0,0.875
W0139,Night,2025-05-20,8.0,1.0
W0139,Night,2025-05-21,10.0,1.25
W0139,Night,2025-06-01,9.0,1.125
W0140,Evening,2025-01-23,10.0,1.25
W0140,Evening,2025-01-31,10.0,1.25
W0140,Evening,2025-03-10,6.0,0.75
W0140,Evening,2025-03-16,6.0,0.75
W0140,Evening,2025-05-02,8.0,1.0
W0140,Morning,2025-01-22,7.0,0.875
W0140,Morning,2025-02-04,9.0,1.125
W0140,Morning,2025-02-07,7.0,0.875
W0140,Morning,2025-02-19,7.0,0.875
W0140,Morning,2025-03-04,9.0,1.125
W0140,Morning,2025-04-24,10.0,1.25
W0140,Morning,2025-05-07,10.0,1.25
W0140,Morning,2025-05-15,10.0,1.25
W0140,Morning,2025-06-18,10.0,1.25
W0140,Night,2025-01-03,7.0,0.875
W0140,Night,2025-01-11,6.0,0.75
W0140,Night,2025-01-14,8.0,1.0
W0140,Night,2025-02-15,8.0,1.0
W0140,Night,2025-02-21,9.0,1.125
W0140,Night,2025-02-27,8.0,1.0
W0140,Night,2025-03-16,8.0,1.0
W0140,Night,2025-03-18,10.0,1.25
W0140,Night,2025-03-23,7.0,0.875
W0140,Night,2025-03-26,8.0,1.0
W0140,Night,2025-04-12,9.0,1.125
W0140,Night,2025-04-28,8.0,1.0
W0140,Night,2025-04-30,7.0,0.875
W0140,Night,2025-05-11,10.0,1.25
W0140,Night,2025-05-21,10.0,1.25
W0140,Night,2025-06-12,9.0,1.125
W0140,Night,2025-06-13,6.0,0.75
W0140,Night,2025-06-27,7.0,0.875
W0140,Night,2025-06-29,6.0,0.75
W0141,Evening,2025-03-04,9.0,1.125
W0141,Evening,2025-05-04,16.0,2.0
W0141,Evening,2025-06-01,9.0,1.125
W0141,Morning,2025-01-18,7.0,0.875
W0141,Morning,2025-01-20,9.0,1.125
W0141,Morning,2025-01-26,7.0,0.875
W0141,Morning,2025-01-28,10.0,1.25
W0141,Morning,2025-04-01,9.0,1.125
W0141,Morning,2025-04-05,8.0,1.0
W0141,Morning,2025-04-09,10.0,1.25
W0141,Night,2025-01-13,9.0,1.125
W0141,Night,2025-01-20,7.0,0.875
W0141,Night,2025-02-01,6.0,0.75
W0141,Night,2025-02-09,7.0,0.875
W0141,Night,2025-02-14,7.0,0.875
W0141,Night,2025-03-27,8.0,1.0
W0141,Night,2025-04-03,6.0,0.75
W0141,Night,2025-04-21,12.0,1.5
W0141,Night,2025-05-07,7.0,0.875
W0141,Night,2025-05-17,8.0,1.0
W0141,Night,2025-05-22,9.0,1.125
W0141,Night,2025-05-27,8.0,1.0
W0141,Night,2025-05-28,9.0,1.125
W0141,Night,2025-06-07,6.0,0.75
W0141,Night,2025-06-29,7.0,0.875
W0142,Evening,2025-02-01,8.0,1.0
W0142,Evening,2025-04-02,6.0,0.75
W0142,Evening,2025-04-06,8.0,1.0
W0142,Evening,2025-06-07,9.0,1.125
W0142,Morning,2025-02-19,7.0,0.875
W0142,Morning,2025-02-24,10.0,1.25
W0142,Morning,2025-04-01,7.0,0.875
W0142,Morning,2025-04-22,7.0,0.875
W0142,Morning,2025-05-12,6.0,0.75
W0142,Morning,2025-06-20,9.0,1.125
W0142,Morning,2025-06-27,7.0,0.875
W0142,Night,2025-01-17,8.0,1.0
W0142,Night,2025-02-13,9.0,1.125
W0142,Night,2025-03-07,9.0,1.125
W0142,Night,2025-03-14,9.0,1.125
W0142,Night,2025-03-25,9.0,1.125
W0142,Night,2025-04-22,7.0,0.875
W0142,Night,2025-04-29,10.0,1.25
W0142,Night,2025-05-23,7.0,0.875
W0142,Night,2025-06-07,9.0,1.125
W0142,Night,2025-06-24,10.0,1.25
W0143,Evening,2025-02-26,10.0,1.25
W0143,Evening,2025-03-27,8.0,1.0
W0143,Evening,2025-04-09,6.0,0.75
W0143,Evening,2025-05-07,10.0,1.25
W0143,Evening,2025-05-24,8.0,1.0
W0143,Morning,2025-01-17,8.0,1.0
W0143,Morning,2025-03-05,6.0,0.75
W0143,Morning,2025-03-09,7.0,0.875
W0143,Morning,2025-03-11,10.0,1.25
W0143,Morning,2025-03-18,8.0,1.0
W0143,Morning,2025-05-22,9.0,1.125
W0143,Morning,2025-06-29,9.0,1.125
W0143,Night,2025-01-03,9.0,1.125
W0143,Night,2025-01-09,6.0,0.75
W0143,Night,2025-02-09,8.0,1.0
W0143,Night,2025-04-09,9.0,1.125
W0143,Night,2025-04-10,8.0,1.0
W0143,Night,2025-04-17,8.0,1.0
W0143,Night,2025-05-03,9.0,1.125
W0143,Night,2025-05-05,6.0,0.75
W0143,Night,2025-05-15,10.0,1.25
W0143,Night,2025-05-19,9.0,1.125
W0143,Night,2025-06-07,9.0,1.125
W0143,Night,2025-06-20,7.0,0.875
W0143,Night,2025-06-21,7.0,0.875
W0144,Evening,2025-01-22,7.0,0.875
W0144,Evening,2025-02-20,8.0,1.0
W0144,Evening,2025-03-14,7.0,0.875
W0144,Evening,2025-04-05,6.0,0.75
W0144,Evening,2025-04-21,10.0,1.25
W0144,Evening,2025-04-27,7.0,0.875
W0144,Evening,2025-04-29,10.0,1.25
W0144,Evening,2025-05-14,8.0,1.0
W0144,Morning,2025-01-31,6.0,0.75
W0144,Morning,2025-02-04,7.0,0.875
W0144,Morning,2025-02-27,13.0,1.625
W0144,Morning,2025-03-20,10.0,1.25
W0144,Morning,2025-06-09,9.0,1.125
W0144,Morning,2025-06-21,7.0,0.875
W0144,Morning,2025-06-29,8.0,1.0
W0144,Night,2025-01-13,8.0,1.0
W0144,Night,2025-01-14,7.0,0.875
W0144,Night,2025-01-16,6.0,0.75
W0144,Night,2025-02-12,10.0,1.25
W0144,Night,2025-02-21,18.0,2.25
W0144,Night,2025-03-15,9.0,1.125
W0144,Night,2025-04-27,7.0,0.875
W0144,Night,2025-05-02,9.0,1.125
W0144,Night,2025-05-05,8.0,1.0
W0144,Night,2025-05-15,9.0,1.125
W0144,Night,2025-05-20,10.0,1.25
W0144,Night,2025-06-13,9.0,1.125
W0145,Evening,2025-01-28,8.0,1.0
W0145,Evening,2025-02-20,7.0,0.875
W0145,Evening,2025-03-06,8.0,1.0
W0145,Evening,2025-03-12,10.0,1.25
W0145,Evening,2025-03-13,7.0,0.875
W0145,Evening,2025-05-07,9.0,1.125
W0145,Evening,2025-05-29,10.0,1.25
W0145,Morning,2025-02-11,8.0,1.0
W0145,Morning,2025-02-12,7.0,0.875
W0145,Morning,2025-02-14,7.0,0.875
W0145,Morning,2025-02-16,10.0,1.25
W0145,Morning,2025-02-19,10.0,1.25
W0145,Morning,2025-03-27,6.0,0.75
W0145,Morning,2025-04-01,8.0,1.0
W0145,Morning,2025-06-23,9.0,1.125
W0145,Night,2025-01-16,8.0,1.0
W0145,Night,2025-01-18,8.0,1.0
W0145,Night,2025-02-13,7.0,0.875
W0145,Night,2025-02-16,8.0,1.0
W0145,Night,2025-02-17,7.0,0.875
W0145,Night,2025-02-23,8.0,1.0
W0145,Night,2025-03-23,6.0,0.75
W0145,Night,2025-03-27,9.0,1.125
W0145,Night,2025-04-04,7.0,0.875
W0145,Night,2025-04-06,8.0,1.0
W0145,Night,2025-04-28,10.0,1.25
W0145,Night,2025-05-02,8.0,1.0
W0145,Night,2025-05-11,9.0,1.125
W0145,Night,2025-05-12,10.0,1.25
W0145,Night,2025-05-13,7.0,0.875
W0145,Night,2025-05-16,6.0,0.75
W0145,Night,2025-05-25,8.0,1.0
W0145,Night,2025-05-31,10.0,1.25
W0145,Night,2025-06-01,7.0,0.875
W0145,Night,2025-06-11,10.0,1.25
W0145,Night,2025-06-19,8.0,1.0
W0145,Night,2025-06-20,10.0,1.25
W0145,Night,2025-06-25,9.0,1.125
W0146,Evening,2025-01-17,6.0,0.75
W0146,Evening,2025-01-22,10.0,1.25
W0146,Evening,2025-02-11,7.0,0.875
W0146,Evening,2025-03-19,10.0,1.25
W0146,Evening,2025-03-29,8.0,1.0
W0146,Evening,2025-04-12,6.0,0.75
W0146,Evening,2025-04-17,9.0,1.125
W0146,Evening,2025-04-18,9.0,1.125
W0146,Evening,2025-05-01,6.0,0.75
W0146,Evening,2025-05-11,7.0,0.875
W0146,Evening,2025-05-29,9.0,1.125
W0146,Evening,2025-06-15,9.0,1.125
W0146,Morning,2025-05-17,9.0,1.125
W0146,Night,2025-03-03,8.0,1.0
W0146,Night,2025-03-13,7.0,0.875
W0146,Night,2025-03-16,10.0,1.25
W0146,Night,2025-03-26,8.0,1.0
W0146,Night,2025-05-16,6.0,0.75
W0146,Night,2025-06-27,10.0,1.25
W0147,Evening,2025-01-06,9.0,1.125
W0147,Evening,2025-01-11,7.0,0.875
W0147,Morning,2025-01-01,10.0,1.25
W0147,Morning,2025-01-13,9.0,1.125
W0147,Morning,2025-01-16,10.0,1.25
W0147,Morning,2025-02-12,6.0,0.75
W0147,Morning,2025-02-21,9.0,1.125
W0147,Morning,2025-04-21,9.0,1.125
W0147,Morning,2025-05-26,8.0,1.0
W0147,Morning,2025-05-30,6.0,0.75
W0147,Morning,2025-06-01,9.0,1.125
W0147,Morning,2025-06-07,9.0,1.125
W0147,Night,2025-01-16,10.0,1.25
W0147,Night,2025-02-05,10.0,1.25
W0147,Night,2025-02-19,19.0,2.375
W0147,Night,2025-03-16,6.0,0.75
W0147,Night,2025-03-22,10.0,1.25
W0147,Night,2025-03-23,6.0,0.75
W0147,Night,2025-04-05,6.0,0.75
W0147,Night,2025-04-22,6.0,0.75
W0147,Night,2025-05-27,8.0,1.0
W0147,Night,2025-06-04,7.0,0.875
W0147,Night,2025-06-06,6.0,0.75
W0147,Night,2025-06-23,8.0,1.0
W0148,Evening,2025-01-14,7.0,0.875
W0148,Evening,2025-01-19,16.0,2.0
W0148,Evening,2025-04-24,7.0,0.875
W0148,Evening,2025-06-04,8.0,1.0
W0148,Evening,2025-06-09,8.0,1.0
W0148,Morning,2025-01-11,9.0,1.125
W0148,Morning,2025-04-12,6.0,0.75
W0148,Morning,2025-04-23,7.0,0.875
W0148,Morning,2025-05-13,8.0,1.0
W0148,Morning,2025-05-16,6.0,0.75
W0148,Morning,2025-05-29,8.0,1.0
W0148,Night,2025-01-24,15.0,1.875
W0148,Night,2025-01-29,8.0,1.0
W0148,Night,2025-03-03,6.0,0.75
W0148,Night,2025-03-08,10.0,1.25
W0148,Night,2025-04-05,10.0,1.25
W0148,Night,2025-04-10,7.0,0.875
W0148,Night,2025-04-27,9.0,1.125
W0148,Night,2025-05-17,6.0,0.75
W0148,Night,2025-06-02,8.0,1.0
W0149,Evening,2025-03-25,7.0,0.875
W0149,Evening,2025-04-02,8.0,1.0
W0149,Evening,2025-04-07,8.0,1.0
W0149,Evening,2025-04-29,7.0,0.875
W0149,Evening,2025-05-19,9.0,1.125
W0149,Morning,2025-01-20,8.0,1.0
W0149,Morning,2025-01-30,7.0,0.875
W0149,Morning,2025-02-17,7.0,0.875
W0149,Morning,2025-02-19,6.0,0.75
W0149,Morning,2025-03-05,8.0,1.0
W0149,Morning,2025-03-29,6.0,0.75
W0149,Morning,2025-05-29,6.0,0.75
W0149,Morning,2025-06-12,9.0,1.125
W0149,Night,2025-01-04,10.0,1.25
W0149,Night,2025-01-24,6.0,0.75
W0149,Night,2025-02-11,7.0,0.875
W0149,Night,2025-02-17,6.0,0.75
W0149,Night,2025-03-10,6.0,0.75
W0149,Night,2025-03-12,10.0,1.25
W0149,Night,2025-03-19,20.0,2.5
W0149,Night,2025-04-12,8.0,1.0
W0149,Night,2025-04-24,9.0,1.125
W0149,Night,2025-05-07,7.0,0.875
W0149,Night,2025-05-22,8.0,1.0
W0149,Night,2025-05-30,9.0,1.125
W0149,Night,2025-06-02,9.0,1.125
W0149,Night,2025-06-25,8.0,1.0
W0149,Night,2025-06-28,9.0,1.125
W0150,Evening,2025-01-27,10.0,1.25
W0150,Evening,2025-02-19,9.0,1.125
W0150,Evening,2025-05-01,9.0,1.125
W0150,Evening,2025-05-07,6.0,0.75
W0150,Evening,2025-05-19,7.0,0.875
W0150,Evening,2025-05-23,9.0,1.125
W0150,Evening,2025-05-25,9.0,1.125
W0150,Evening,2025-06-01,9.0,1.125
W0150,Evening,2025-06-20,6.0,0.75
W0150,Evening,2025-06-21,8.0,1.0
W0150,Morning,2025-01-16,8.0,1.0
W0150,Morning,2025-02-02,7.0,0.875
W0150,Morning,2025-02-16,9.0,1.125
W0150,Morning,2025-02-25,10.0,1.25
W0150,Morning,2025-03-04,10.0,1.25
W0150,Morning,2025-03-12,6.0,0.75
W0150,Morning,2025-04-04,6.0,0.75
W0150,Morning,2025-06-29,9.0,1.125
W0150,Night,2025-01-02,10.0,1.25
W0150,Night,2025-01-08,6.0,0.75
W0150,Night,2025-01-19,6.0,0.75
W0150,Night,2025-02-11,10.0,1.25
W0150,Night,2025-03-19,19.0,2.375
W0150,Night,2025-04-05,7.0,0.875
W0150,Night,2025-04-13,10.0,1.25
W0151,Evening,2025-02-20,10.0,1.25
W0151,Evening,2025-02-28,7.0,0.875
W0151,Evening,2025-03-04,9.0,1.125
W0151,Evening,2025-03-24,8.0,1.0
W0151,Evening,2025-03-29,10.0,1.25
W0151,Evening,2025-05-03,8.0,1.0
W0151,Evening,2025-05-06,6.0,0.75
W0151,Evening,2025-05-11,8.0,1.0
W0151,Evening,2025-05-27,10.0,1.25
W0151,Evening,2025-06-19,8.0,1.0
W0151,Morning,2025-01-10,7.0,0.875
W0151,Morning,2025-02-06,6.0,0.75
W0151,Morning,2025-02-16,6.0,0.75
W0151,Morning,2025-03-04,7.0,0.875
W0151,Morning,2025-03-21,9.0,1.125
W0151,Morning,2025-05-15,6.0,0.75
W0151,Morning,2025-05-23,7.0,0.875
W0151,Morning,2025-05-24,9.0,1.125
W0151,Morning,2025-06-05,10.0,1.25
W0151,Night,2025-01-20,7.0,0.875
W0151,Night,2025-01-22,6.0,0.75
W0151,Night,2025-02-06,7.0,0.875
W0151,Night,2025-02-12,8.0,1.0
W0151,Night,2025-02-14,7.0,0.875
W0151,Night,2025-03-12,10.0,1.25
W0151,Night,2025-03-15,10.0,1.25
W0151,Night,2025-04-08,10.0,1.25
W0151,Night,2025-04-13,6.0,0.75
W0151,Night,2025-04-14,6.0,0.75
W0151,Night,2025-04-26,9.0,1.125
W0151,Night,2025-05-01,9.0,1.125
W0151,Night,2025-05-19,6.0,0.75
W0151,Night,2025-05-29,7.0,0.875
W0151,Night,2025-05-31,7.0,0.875
W0151,Night,2025-06-14,10.0,1.25
W0151,Night,2025-06-18,10.0,1.25
W0151,Night,2025-06-23,8.0,1.0
W0151,Night,2025-06-26,6.0,0.75
W0151,Night,2025-06-28,7.0,0.875
W0152,Evening,2025-03-01,7.0,0.875
W0152,Evening,2025-03-10,6.0,0.75
W0152,Evening,2025-03-22,9.0,1.125
W0152,Evening,2025-05-03,10.0,1.25
W0152,Evening,2025-06-01,8.0,1.0
W0152,Morning,2025-02-14,9.0,1.125
W0152,Morning,2025-03-24,6.0,0.75
W0152,Morning,2025-03-25,10.0,1.25
W0152,Morning,2025-03-29,9.0,1.125
W0152,Morning,2025-04-06,9.0,1.125
W0152,Morning,2025-04-22,7.0,0.875
W0152,Morning,2025-05-06,10.0,1.25
W0152,Morning,2025-05-29,7.0,0.875
W0152,Morning,2025-06-01,8.0,1.0
W0152,Morning,2025-06-17,8.0,1.0
W0152,Morning,2025-06-21,7.0,0.875
W0152,Morning,2025-06-28,9.0,1.125
W0152,Night,2025-01-21,7.0,0.875
W0152,Night,2025-01-23,9.0,1.125
W0152,Night,2025-02-06,10.0,1.25
W0152,Night,2025-03-05,7.0,0.875
W0152,Night,2025-03-07,7.0,0.875
W0152,Night,2025-03-17,9.0,1.125
W0152,Night,2025-03-28,10.0,1.25
W0152,Night,2025-03-30,10.0,1.25
W0152,Night,2025-06-02,9.0,1.125
W0152,Night,2025-06-07,7.0,0.875
W0152,Night,2025-06-09,8.0,1.0
W0152,Night,2025-06-20,10.0,1.25
W0153,Evening,2025-01-05,8.0,1.0
W0153,Evening,2025-01-16,7.0,0.875
W0153,Evening,2025-03-05,8.0,1.0
W0153,Evening,2025-03-10,8.0,1.0
W0153,Evening,2025-03-31,6.0,0.75
W0153,Evening,2025-05-14,10.0,1.25
W0153,Evening,2025-06-13,7.0,0.875
W0153,Evening,2025-06-18,6.0,0.75
W0153,Morning,2025-01-18,7.0,0.875
W0153,Morning,2025-02-14,6.0,0.75
W0153,Morning,2025-02-22,6.0,0.75
W0153,Morning,2025-03-16,8.0,1.0
W0153,Night,2025-01-02,10.0,1.25
W0153,Night,2025-01-16,8.0,1.0
W0153,Night,2025-02-02,6.0,0.75
W0153,Night,2025-02-03,8.0,1.0
W0153,Night,2025-02-09,10.0,1.25
W0153,Night,2025-02-25,9.0,1.125
W0153,Night,2025-02-28,6.0,0.75
W0153,Night,2025-03-18,9.0,1.125
W0153,Night,2025-04-04,7.0,0.875
W0153,Night,2025-04-30,9.0,1.125
W0153,Night,2025-05-04,7.0,0.875
W0153,Night,2025-05-05,6.0,0.75
W0153,Night,2025-05-31,6.0,0.75
W0153,Night,2025-06-23,6.0,0.75
W0154,Evening,2025-02-09,8.0,1.0
W0154,Evening,2025-02-16,9.0,1.125
W0154,Evening,2025-03-10,6.0,0.75
W0154,Evening,2025-05-08,7.0,0.875
W0154,Evening,2025-05-13,9.0,1.125
W0154,Evening,2025-05-16,7.0,0.875
W0154,Evening,2025-05-22,9.0,1.125
W0154,Morning,2025-02-04,6.0,0.75
W0154,Morning,2025-02-19,6.0,0.75
W0154,Morning,2025-03-25,6.0,0.75
W0154,Morning,2025-04-26,7.0,0.875
W0154,Morning,2025-05-23,7.0,0.875
W0154,Morning,2025-06-08,10.0,1.25
W0154,Night,2025-01-21,7.0,0.875
W0154,Night,2025-01-23,6.0,0.75
W0154,Night,2025-01-25,7.0,0.875
W0154,Night,2025-01-31,6.0,0.75
W0154,Night,2025-02-20,9.0,1.125
W0154,Night,2025-02-27,7.0,0.875
W0154,Night,2025-03-03,9.0,1.125
W0154,Night,2025-03-13,7.0,0.875
W0154,Night,2025-03-16,8.0,1.0
W0154,Night,2025-03-19,9.0,1.125
W0154,Night,2025-03-23,10.0,1.25
W0154,Night,2025-03-31,6.0,0.75
W0154,Night,2025-04-09,8.0,1.0
W0154,Night,2025-04-26,6.0,0.75
W0154,Night,2025-05-21,10.0,1.25
W0154,Night,2025-05-27,7.0,0.875
W0154,Night,2025-05-29,6.0,0.75
W0154,Night,2025-06-25,8.0,1.0
W0155,Evening,2025-01-06,8.0,1.0
W0155,Evening,2025-01-07,9.0,1.125
W0155,Evening,2025-02-19,9.0,1.125
W0155,Evening,2025-03-05,10.0,1.25
W0155,Evening,2025-06-07,10.0,1.25
W0155,Morning,2025-01-04,9.0,1.125
W0155,Morning,2025-01-19,9.0,1.125
W0155,Morning,2025-02-11,10.0,1.25
W0155,Morning,2025-02-28,6.0,0.75
W0155,Morning,2025-03-21,6.0,0.75
W0155,Morning,2025-04-05,9.0,1.125
W0155,Morning,2025-04-06,6.0,0.75
W0155,Morning,2025-04-07,10.0,1.25
W0155,Morning,2025-04-22,8.0,1.0
W0155,Morning,2025-05-07,9.0,1.125
W0155,Morning,2025-05-16,8.0,1.0
W0155,Morning,2025-05-26,9.0,1.125
W0155,Night,2025-02-02,6.0,0.75
W0155,Night,2025-02-25,8.0,1.0
W0155,Night,2025-03-10,9.0,1.125
W0155,Night,2025-03-27,10.0,1.25
W0155,Night,2025-04-05,10.0,1.25
W0155,Night,2025-04-27,9.0,1.125
W0155,Night,2025-05-10,9.0,1.125
W0155,Night,2025-05-13,7.0,0.875
W0155,Night,2025-05-17,9.0,1.125
W0155,Night,2025-05-18,10.0,1.25
W0155,Night,2025-05-25,9.0,1.125
W0155,Night,2025-06-15,8.0,1.0
W0156,Evening,2025-02-23,8.0,1.0
W0156,Evening,2025-03-09,10.0,1.25
W0156,Evening,2025-03-21,16.0,2.0
W0156,Evening,2025-03-23,9.0,1.125
W0156,Evening,2025-03-27,8.0,1.0
W0156,Evening,2025-03-28,6.0,0.75
W0156,Evening,2025-04-10,7.0,0.875
W0156,Morning,2025-04-22,6.0,0.75
W0156,Morning,2025-06-19,8.0,1.0
W0156,Night,2025-01-05,7.0,0.875
W0156,Night,2025-01-21,8.0,1.0
W0156,Night,2025-01-24,10.0,1.25
W0156,Night,2025-02-13,7.0,0.875
W0156,Night,2025-02-24,10.0,1.25
W0156,Night,2025-03-01,6.0,0.75
W0156,Night,2025-03-07,7.0,0.875
W0156,Night,2025-03-25,18.0,2.25
W0156,Night,2025-04-10,10.0,1.25
W0156,Night,2025-04-14,9.0,1.125
W0156,Night,2025-04-22,16.0,2.0
W0156,Night,2025-05-03,8.0,1.0
W0156,Night,2025-05-04,14.0,1.75
W0156,Night,2025-05-22,9.0,1.125
W0156,Night,2025-06-04,10.0,1.25
W0156,Night,2025-06-06,6.0,0.75
W0156,Night,2025-06-10,6.0,0.75
W0156,Night,2025-06-11,7.0,0.875
W0156,Night,2025-06-16,9.0,1.125
W0157,Evening,2025-01-12,7.0,0.875
W0157,Evening,2025-01-13,7.0,0.875
W0157,Evening,2025-01-18,7.0,0.875
W0157,Evening,2025-01-26,6.0,0.75
W0157,Evening,2025-02-03,7.0,0.875
W0157,Evening,2025-03-03,9.0,1.125
W0157,Evening,2025-05-06,9.0,1.125
W0157,Evening,2025-05-24,6.0,0.75
W0157,Evening,2025-05-26,10.0,1.25
W0157,Evening,2025-06-19,9.0,1.125
W0157,Morning,2025-01-05,9.0,1.125
W0157,Morning,2025-01-24,9.0,1.125
W0157,Morning,2025-01-28,7.0,0.875
W0157,Morning,2025-05-07,9.0,1.125
W0157,Night,2025-01-08,6.0,0.75
W0157,Night,2025-01-17,7.0,0.875
W0157,Night,2025-01-23,10.0,1.25
W0157,Night,2025-02-20,10.0,1.25
W0157,Night,2025-03-07,6.0,0.75
W0157,Night,2025-03-26,8.0,1.0
W0157,Night,2025-04-11,6.0,0.75
W0157,Night,2025-04-19,7.0,0.875
W0157,Night,2025-04-21,7.0,0.875
W0157,Night,2025-04-25,8.0,1.0
W0157,Night,2025-05-01,7.0,0.875
W0157,Night,2025-05-13,6.0,0.75
W0157,Night,2025-06-03,8.0,1.0
W0157,Night,2025-06-08,6.0,0.75
W0157,Night,2025-06-12,7.0,0.875
W0157,Night,2025-06-22,9.0,1.125
W0158,Evening,2025-01-24,9.0,1.125
W0158,Evening,2025-02-04,9.0,1.125
W0158,Evening,2025-04-07,10.0,1.25
W0158,Evening,2025-05-08,6.0,0.75
W0158,Morning,2025-01-23,9.0,1.125
W0158,Morning,2025-01-29,6.0,0.75
W0158,Morning,2025-04-08,10.0,1.25
W0158,Morning,2025-04-20,7.0,0.875
W0158,Morning,2025-06-03,9.0,1.125
W0158,Night,2025-01-03,6.0,0.75
W0158,Night,2025-01-21,17.0,2.125
W0158,Night,2025-01-29,8.0,1.0
W0158,Night,2025-02-05,9.0,1.125
W0158,Night,2025-02-27,6.0,0.75
W0158,Night,2025-03-15,6.0,0.75
W0158,Night,2025-03-27,7.0,0.875
W0158,Night,2025-04-11,7.0,0.875
W0158,Night,2025-04-28,6.0,0.75
W0158,Night,2025-05-01,9.0,1.125
W0158,Night,2025-05-19,10.0,1.25
W0158,Night,2025-05-28,7.0,0.875
W0158,Night,2025-05-30,7.0,0.875
W0158,Night,2025-06-02,7.0,0.875
W0158,Night,2025-06-04,6.0,0.75
W0158,Night,2025-06-06,8.0,1.0
W0158,Night,2025-06-16,6.0,0.75
W0159,Evening,2025-02-22,8.0,1.0
W0159,Evening,2025-04-30,6.0,0.75
W0159,Evening,2025-05-12,7.0,0.875
W0159,Evening,2025-05-31,7.0,0.875
W0159,Morning,2025-01-05,7.0,0.875
W0159,Morning,2025-02-01,10.0,1.25
W0159,Morning,2025-02-03,6.0,0.75
W0159,Morning,2025-04-29,6.0,0.75
W0159,Morning,2025-05-18,7.0,0.875
W0159,Morning,2025-06-03,7.0,0.875
W0159,Morning,2025-06-04,9.0,1.125
W0159,Night,2025-01-07,9.0,1.125
W0159,Night,2025-01-17,8.0,1.0
W0159,Night,2025-01-27,9.0,1.125
W0159,Night,2025-02-19,6.0,0.75
W0159,Night,2025-02-22,10.0,1.25
W0159,Night,2025-03-19,7.0,0.875
W0159,Night,2025-03-22,7.0,0.875
W0159,Night,2025-04-28,10.0,1.25
W0159,Night,2025-05-07,7.0,0.875
W0159,Night,2025-05-25,9.0,1.125
W0159,Night,2025-05-30,8.0,1.0
W0159,Night,2025-06-03,7.0,0.875
W0159,Night,2025-06-29,6.0,0.75
W0160,Evening,2025-01-03,9.0,1.125
W0160,Evening,2025-03-19,9.0,1.125
W0160,Evening,2025-03-22,6.0,0.75
W0160,Evening,2025-04-22,6.0,0.75
W0160,Evening,2025-05-07,10.0,1.25
W0160,Evening,2025-05-19,7.0,0.875
W0160,Evening,2025-06-21,9.0,1.125
W0160,Evening,2025-06-24,7.0,0.875
W0160,Morning,2025-03-16,10.0,1.25
W0160,Morning,2025-03-19,6.0,0.75
W0160,Morning,2025-06-15,9.0,1.125
W0160,Night,2025-01-20,7.0,0.875
W0160,Night,2025-01-27,6.0,0.75
W0160,Night,2025-01-30,10.0,1.25
W0160,Night,2025-01-31,16.0,2.0
W0160,Night,2025-02-03,10.0,1.25
W0160,Night,2025-02-12,10.0,1.25
W0160,Night,2025-02-18,7.0,0.875
W0160,Night,2025-02-26,6.0,0.75
W0160,Night,2025-03-21,8.0,1.0
W0160,Night,2025-04-10,10.0,1.25
W0160,Night,2025-05-22,9.0,1.125
W0160,Night,2025-05-28,9.0,1.125
W0160,Night,2025-06-04,10.0,1.25
W0161,Evening,2025-01-24,6.0,0.75
W0161,Evening,2025-03-24,10.0,1.25
W0161,Evening,2025-04-15,10.0,1.25
W0161,Evening,2025-06-11,7.0,0.875
W0161,Evening,2025-06-17,6.0,0.75
W0161,Morning,2025-01-03,6.0,0.75
W0161,Morning,2025-01-11,8.0,1.0
W0161,Morning,2025-02-10,10.0,1.25
W0161,Morning,2025-02-27,10.0,1.25
W0161,Morning,2025-02-28,8.0,1.0
W0161,Morning,2025-04-09,7.0,0.875
W0161,Morning,2025-06-12,7.0,0.875
W0161,Night,2025-01-03,6.0,0.75
W0161,Night,2025-01-11,8.0,1.0
W0161,Night,2025-01-13,9.0,1.125
W0161,Night,2025-03-02,6.0,0.75
W0161,Night,2025-03-18,6.0,0.75
W0161,Night,2025-04-03,7.0,0.875
W0161,Night,2025-05-02,6.0,0.75
W0161,Night,2025-05-09,10.0,1.25
W0161,Night,2025-05-16,8.0,1.0
W0161,Night,2025-05-19,10.0,1.25
W0161,Night,2025-06-07,10.0,1.25
W0161,Night,2025-06-24,7.0,0.875
W0162,Evening,2025-01-25,7.0,0.875
W0162,Evening,2025-02-03,10.0,1.25
W0162,Evening,2025-02-09,6.0,0.75
W0162,Evening,2025-02-17,10.0,1.25
W0162,Evening,2025-03-06,9.0,1.125
W0162,Evening,2025-04-02,9.0,1.125
W0162,Evening,2025-05-01,10.0,1.25
W0162,Evening,2025-06-19,7.0,0.875
W0162,Morning,2025-02-10,6.0,0.75
W0162,Morning,2025-02-21,6.0,0.75
W0162,Morning,2025-03-08,8.0,1.0
W0162,Morning,2025-03-12,6.0,0.75
W0162,Morning,2025-03-14,6.0,0.75
W0162,Morning,2025-03-17,9.0,1.125
W0162,Morning,2025-03-24,10.0,1.25
W0162,Morning,2025-04-06,6.0,0.75
W0162,Morning,2025-04-13,9.0,1.125
W0162,Morning,2025-04-23,7.0,0.875
W0162,Morning,2025-04-25,6.0,0.75
W0162,Morning,2025-06-10,14.0,1.75
W0162,Morning,2025-06-29,6.0,0.75
W0162,Night,2025-01-03,7.0,0.875
W0162,Night,2025-01-30,6.0,0.75
W0162,Night,2025-02-02,7.0,0.875
W0162,Night,2025-02-20,8.0,1.0
W0162,Night,2025-03-24,10.0,1.25
W0162,Night,2025-04-03,9.0,1.125
W0162,Night,2025-04-16,8.0,1.0
W0162,Night,2025-04-22,10.0,1.25
W0162,Night,2025-05-08,6.0,0.75
W0162,Night,2025-05-11,10.0,1.25
W0162,Night,2025-05-30,7.0,0.875
W0162,Night,2025-06-06,9.0,1.125
W0163,Evening,2025-01-08,6.0,0.75
W0163,Evening,2025-02-03,10.0,1.25
W0163,Evening,2025-02-10,8.0,1.0
W0163,Evening,2025-03-18,8.0,1.0
W0163,Evening,2025-03-27,6.0,0.75
W0163,Evening,2025-04-23,8.0,1.0
W0163,Evening,2025-04-24,7.0,0.875
W0163,Evening,2025-04-30,6.0,0.75
W0163,Morning,2025-01-20,9.0,1.125
W0163,Morning,2025-02-13,7.0,0.875
W0163,Morning,2025-02-15,9.0,1.125
W0163,Morning,2025-03-19,10.0,1.25
W0163,Morning,2025-03-21,9.0,1.125
W0163,Morning,2025-04-10,7.0,0.875
W0163,Morning,2025-04-13,9.0,1.125
W0163,Night,2025-01-12,7.0,0.875
W0163,Night,2025-01-27,10.0,1.25
W0163,Night,2025-02-24,6.0,0.75
W0163,Night,2025-03-10,8.0,1.0
W0163,Night,2025-03-12,10.0,1.25
W0163,Night,2025-03-16,8.0,1.0
W0163,Night,2025-03-21,10.0,1.25
W0163,Night,2025-03-25,6.0,0.75
W0163,Night,2025-03-26,7.0,0.875
W0163,Night,2025-03-27,7.0,0.875
W0163,Night,2025-04-07,9.0,1.125
W0163,Night,2025-04-19,6.0,0.75
W0163,Night,2025-04-22,10.0,1.25
W0163,Night,2025-05-12,9.0,1.125
W0163,Night,2025-05-17,9.0,1.125
W0164,Evening,2025-01-09,10.0,1.25
W0164,Evening,2025-01-15,6.0,0.75
W0164,Evening,2025-02-03,9.0,1.125
W0164,Evening,2025-02-17,9.0,1.125
W0164,Evening,2025-02-22,7.0,0.875
W0164,Evening,2025-03-24,6.0,0.75
W0164,Evening,2025-04-21,9.0,1.125
W0164,Evening,2025-05-16,8.0,1.0
W0164,Evening,2025-05-27,10.0,1.25
W0164,Evening,2025-06-18,6.0,0.75
W0164,Evening,2025-06-23,9.0,1.125
W0164,Morning,2025-01-28,7.0,0.875
W0164,Morning,2025-01-29,8.0,1.0
W0164,Morning,2025-02-21,9.0,1.125
W0164,Morning,2025-03-06,10.0,1.25
W0164,Morning,2025-04-07,9.0,1.125
W0164,Morning,2025-05-07,8.0,1.0
W0164,Morning,2025-06-05,8.0,1.0
W0164,Night,2025-01-06,10.0,1.25
W0164,Night,2025-01-08,10.0,1.25
W0164,Night,2025-01-30,7.0,0.875
W0164,Night,2025-03-09,6.0,0.75
W0164,Night,2025-03-10,8.0,1.0
W0164,Night,2025-03-15,6.0,0.75
W0164,Night,2025-04-07,6.0,0.75
W0164,Night,2025-04-12,8.0,1.0
W0164,Night,2025-04-21,6.0,0.75
W0164,Night,2025-05-04,10.0,1.25
W0164,Night,2025-05-05,10.0,1.25
W0164,Night,2025-05-06,18.0,2.25
W0164,Night,2025-05-14,6.0,0.75
W0164,Night,2025-05-17,8.0,1.0
W0164,Night,2025-05-24,8.0,1.0
W0164,Night,2025-06-02,7.0,0.875
W0164,Night,2025-06-12,10.0,1.25
W0165,Evening,2025-01-05,6.0,0.75
W0165,Evening,2025-01-23,9.0,1.125
W0165,Evening,2025-03-05,7.0,0.875
W0165,Evening,2025-04-16,9.0,1.125
W0165,Evening,2025-05-15,6.0,0.75
W0165,Morning,2025-02-17,7.0,0.875
W0165,Morning,2025-02-22,8.0,1.0
W0165,Morning,2025-05-07,10.0,1.25
W0165,Morning,2025-06-15,9.0,1.125
W0165,Night,2025-01-08,6.0,0.75
W0165,Night,2025-01-10,6.0,0.75
W0165,Night,2025-02-13,10.0,1.25
W0165,Night,2025-02-17,6.0,0.75
W0165,Night,2025-03-22,8.0,1.0
W0165,Night,2025-03-28,8.0,1.0
W0165,Night,2025-04-04,6.0,0.75
W0165,Night,2025-04-28,8.0,1.0
W0165,Night,2025-05-21,8.0,1.0
W0165,Night,2025-05-24,7.0,0.875
W0165,Night,2025-06-22,9.0,1.125
W0166,Evening,2025-01-07,7.0,0.875
W0166,Evening,2025-01-11,8.0,1.0
W0166,Evening,2025-04-26,9.0,1.125
W0166,Morning,2025-01-15,6.0,0.75
W0166,Morning,2025-04-08,8.0,1.0
W0166,Morning,2025-06-10,8.0,1.0
W0166,Night,2025-01-01,9.0,1.125
W0166,Night,2025-01-03,7.0,0.875
W0166,Night,2025-01-07,7.0,0.875
W0166,Night,2025-01-16,6.0,0.75
W0166,Night,2025-01-29,10.0,1.25
W0166,Night,2025-01-31,7.0,0.875
W0166,Night,2025-02-12,9.0,1.125
W0166,Night,2025-02-28,8.0,1.0
W0166,Night,2025-03-02,7.0,0.875
W0166,Night,2025-03-03,10.0,1.25
W0166,Night,2025-04-14,6.0,0.75
W0166,Night,2025-04-19,10.0,1.25
W0166,Night,2025-05-05,9.0,1.125
W0166,Night,2025-05-12,8.0,1.0
W0166,Night,2025-05-14,15.0,1.875
W0166,Night,2025-05-20,10.0,1.25
W0166,Night,2025-05-31,10.0,1.25
W0166,Night,2025-06-04,9.0,1.125
W0166,Night,2025-06-19,9.0,1.125
W0167,Evening,2025-02-16,8.0,1.0
W0167,Evening,2025-02-25,7.0,0.875
W0167,Evening,2025-03-22,7.0,0.875
W0167,Evening,2025-05-15,8.0,1.0
W0167,Evening,2025-06-08,8.0,1.0
W0167,Evening,2025-06-12,9.0,1.125
W0167,Morning,2025-01-03,10.0,1.25
W0167,Morning,2025-03-22,7.0,0.875
W0167,Morning,2025-05-08,8.0,1.0
W0167,Night,2025-01-11,7.0,0.875
W0167,Night,2025-01-21,6.0,0.75
W0167,Night,2025-02-02,8.0,1.0
W0167,Night,2025-02-08,8.0,1.0
W0167,Night,2025-02-15,7.0,0.875
W0167,Night,2025-02-18,8.0,1.0
W0167,Night,2025-02-26,10.0,1.25
W0167,Night,2025-03-05,6.0,0.75
W0167,Night,2025-03-14,18.0,2.25
W0167,Night,2025-03-19,10.0,1.25
W0167,Night,2025-03-21,7.0,0.875
W0167,Night,2025-03-25,8.0,1.0
W0167,Night,2025-03-27,10.0,1.25
W0167,Night,2025-04-05,8.0,1.0
W0167,Night,2025-04-16,9.0,1.125
W0167,Night,2025-04-22,8.0,1.0
W0167,Night,2025-04-25,9.0,1.125
W0167,Night,2025-04-30,7.0,0.875
W0167,Night,2025-05-19,7.0,0.875
W0168,Evening,2025-03-04,6.0,0.75
W0168,Evening,2025-03-11,6.0,0.75
W0168,Evening,2025-03-18,7.0,0.875
W0168,Evening,2025-04-13,10.0,1.25
W0168,Evening,2025-05-08,9.0,1.125
W0168,Evening,2025-05-27,8.0,1.0
W0168,Morning,2025-01-05,6.0,0.75
W0168,Morning,2025-01-25,7.0,0.875
W0168,Morning,2025-01-28,6.0,0.75
W0168,Morning,2025-01-31,7.0,0.875
W0168,Morning,2025-04-11,10.0,1.25
W0168,Morning,2025-04-16,6.0,0.75
W0168,Morning,2025-05-30,6.0,0.75
W0168,Morning,2025-06-20,8.0,1.0
W0168,Morning,2025-06-24,7.0,0.875
W0168,Night,2025-01-16,6.0,0.75
W0168,Night,2025-01-24,6.0,0.75
W0168,Night,2025-02-14,9.0,1.125
W0168,Night,2025-02-16,9.0,1.125
W0168,Night,2025-03-01,10.0,1.25
W0168,Night,2025-03-07,8.0,1.0
W0168,Night,2025-03-19,9.0,1.125
W0168,Night,2025-03-29,8.0,1.0
W0168,Night,2025-04-14,6.0,0.75
W0168,Night,2025-04-19,7.0,0.875
W0168,Night,2025-05-11,6.0,0.75
W0168,Night,2025-06-10,9.0,1.125
W0168,Night,2025-06-15,10.0,1.25
W0168,Night,2025-06-22,8.0,1.0
W0168,Night,2025-06-27,8.0,1.0
W0169,Evening,2025-01-15,9.0,1.125
W0169,Evening,2025-02-20,7.0,0.875
W0169,Evening,2025-02-22,9.0,1.125
W0169,Evening,2025-03-19,10.0,1.25
W0169,Evening,2025-03-23,9.0,1.125
W0169,Evening,2025-04-11,10.0,1.25
W0169,Evening,2025-05-12,6.0,0.75
W0169,Evening,2025-05-29,6.0,0.75
W0169,Evening,2025-06-02,7.0,0.875
W0169,Evening,2025-06-16,6.0,0.75
W0169,Morning,2025-02-23,7.0,0.875
W0169,Morning,2025-02-24,8.0,1.0
W0169,Morning,2025-03-04,7.0,0.875
W0169,Morning,2025-03-05,10.0,1.25
W0169,Morning,2025-03-21,16.0,2.0
W0169,Morning,2025-04-19,8.0,1.0
W0169,Morning,2025-04-29,9.0,1.125
W0169,Morning,2025-06-25,8.0,1.0
W0169,Night,2025-01-03,10.0,1.25
W0169,Night,2025-01-08,6.0,0.75
W0169,Night,2025-01-14,7.0,0.875
W0169,Night,2025-01-17,8.0,1.0
W0169,Night,2025-02-08,6.0,0.75
W0169,Night,2025-02-15,8.0,1.0
W0169,Night,2025-02-21,6.0,0.75
W0169,Night,2025-02-23,7.0,0.875
W0169,Night,2025-02-26,9.0,1.125
W0169,Night,2025-03-19,6.0,0.75
W0169,Night,2025-03-20,7.0,0.875
W0169,Night,2025-04-03,9.0,1.125
W0169,Night,2025-04-09,8.0,1.0
W0169,Night,2025-04-22,6.0,0.75
W0169,Night,2025-05-07,6.0,0.75
W0169,Night,2025-05-26,9.0,1.125
W0169,Night,2025-05-27,6.0,0.75
W0169,Night,2025-06-10,7.0,0.875
W0169,Night,2025-06-11,8.0,1.0
W0169,Night,2025-06-23,6.0,0.75
W0169,Night,2025-06-26,10.0,1.25
W0169,Night,2025-06-29,9.0,1.125
W0170,Evening,2025-01-09,10.0,1.25
W0170,Evening,2025-02-04,6.0,0.75
W0170,Evening,2025-02-05,8.0,1.0
W0170,Evening,2025-03-30,8.0,1.0
W0170,Evening,2025-04-11,6.0,0.75
W0170,Evening,2025-05-02,9.0,1.125
W0170,Evening,2025-05-09,10.0,1.25
W0170,Evening,2025-05-24,7.0,0.875
W0170,Evening,2025-06-17,7.0,0.875
W0170,Evening,2025-06-26,6.0,0.75
W0170,Morning,2025-02-16,10.0,1.25
W0170,Morning,2025-03-01,8.0,1.0
W0170,Morning,2025-03-15,7.0,0.875
W0170,Morning,2025-05-28,7.0,0.875
W0170,Morning,2025-06-18,7.0,0.875
W0170,Morning,2025-06-22,10.0,1.25
W0170,Night,2025-01-05,7.0,0.875
W0170,Night,2025-01-07,9.0,1.125
W0170,Night,2025-01-12,10.0,1.25
W0170,Night,2025-02-09,9.0,1.125
W0170,Night,2025-02-11,8.0,1.0
W0170,Night,2025-02-13,8.0,1.0
W0170,Night,2025-02-16,8.0,1.0
W0170,Night,2025-02-23,6.0,0.75
W0170,Night,2025-03-29,7.0,0.875
W0170,Night,2025-04-03,6.0,0.75
W0170,Night,2025-04-11,10.0,1.25
W0170,Night,2025-04-18,7.0,0.875
W0170,Night,2025-04-19,8.0,1.0
W0170,Night,2025-04-23,6.0,0.75
W0170,Night,2025-05-17,9.0,1.125
W0170,Night,2025-05-18,8.0,1.0
W0170,Night,2025-06-24,9.0,1.125
W0170,Night,2025-06-27,9.0,1.125
W0171,Evening,2025-01-16,6.0,0.75
W0171,Evening,2025-04-01,8.0,1.0
W0171,Evening,2025-04-16,9.0,1.125
W0171,Evening,2025-04-29,7.0,0.875
W0171,Evening,2025-05-06,9.0,1.125
W0171,Evening,2025-05-16,6.0,0.75
W0171,Evening,2025-05-17,6.0,0.75
W0171,Evening,2025-06-08,10.0,1.25
W0171,Evening,2025-06-21,6.0,0.75
W0171,Morning,2025-01-04,7.0,0.875
W0171,Morning,2025-01-18,7.0,0.875
W0171,Morning,2025-01-26,9.0,1.125
W0171,Morning,2025-04-24,8.0,1.0
W0171,Morning,2025-06-18,7.0,0.875
W0171,Morning,2025-06-20,6.0,0.75
W0171,Morning,2025-06-26,6.0,0.75
W0171,Night,2025-01-09,8.0,1.0
W0171,Night,2025-01-27,9.0,1.125
W0171,Night,2025-01-31,9.0,1.125
W0171,Night,2025-02-13,8.0,1.0
W0171,Night,2025-02-15,8.0,1.0
W0171,Night,2025-02-17,7.0,0.875
W0171,Night,2025-03-24,9.0,1.125
W0171,Night,2025-04-01,7.0,0.875
W0171,Night,2025-04-09,8.0,1.0
W0171,Night,2025-04-19,9.0,1.125
W0171,Night,2025-04-23,18.0,2.25
W0171,Night,2025-05-04,10.0,1.25
W0171,Night,2025-05-10,7.0,0.875
W0171,Night,2025-05-20,10.0,1.25
W0171,Night,2025-05-30,9.0,1.125
W0171,Night,2025-06-04,7.0,0.875
W0171,Night,2025-06-11,7.0,0.875
W0172,Evening,2025-01-11,6.0,0.75
W0172,Evening,2025-03-02,10.0,1.25
W0172,Evening,2025-03-24,9.0,1.125
W0172,Evening,2025-03-25,7.0,0.875
W0172,Evening,2025-05-29,10.0,1.25
W0172,Evening,2025-05-30,10.0,1.25
W0172,Morning,2025-02-03,6.0,0.75
W0172,Morning,2025-04-30,6.0,0.75
W0172,Morning,2025-05-01,9.0,1.125
W0172,Morning,2025-05-04,7.0,0.875
W0172,Morning,2025-05-22,7.0,0.875
W0172,Morning,2025-05-31,6.0,0.75
W0172,Morning,2025-06-28,6.0,0.75
W0172,Night,2025-01-23,10.0,1.25
W0172,Night,2025-01-30,7.0,0.875
W0172,Night,2025-02-22,6.0,0.75
W0172,Night,2025-03-01,8.0,1.0
W0172,Night,2025-03-08,9.0,1.125
W0172,Night,2025-03-16,9.0,1.125
W0172,Night,2025-03-18,9.0,1.125
W0172,Night,2025-03-27,6.0,0.75
W0172,Night,2025-04-27,9.0,1.125
W0172,Night,2025-05-11,10.0,1.25
W0173,Evening,2025-02-05,6.0,0.75
W0173,Evening,2025-03-05,8.0,1.0
W0173,Evening,2025-03-14,10.0,1.25
W0173,Evening,2025-05-23,6.0,0.75
W0173,Evening,2025-06-20,7.0,0.875
W0173,Evening,2025-06-29,17.0,2.125
W0173,Morning,2025-01-06,7.0,0.875
W0173,Morning,2025-01-15,7.0,0.875
W0173,Morning,2025-01-26,7.0,0.875
W0173,Morning,2025-01-27,6.0,0.75
W0173,Morning,2025-01-28,7.0,0.875
W0173,Morning,2025-02-20,6.0,0.75
W0173,Morning,2025-03-01,6.0,0.75
W0173,Morning,2025-03-02,7.0,0.875
W0173,Morning,2025-03-09,9.0,1.125
W0173,Morning,2025-03-30,8.0,1.0
W0173,Morning,2025-03-31,9.0,1.125
W0173,Morning,2025-05-16,6.0,0.75
W0173,Morning,2025-05-25,6.0,0.75
W0173,Morning,2025-05-26,7.0,0.875
W0173,Morning,2025-06-01,10.0,1.25
W0173,Morning,2025-06-21,10.0,1.25
W0173,Morning,2025-06-25,7.0,0.875
W0173,Night,2025-01-16,7.0,0.875
W0173,Night,2025-01-20,8.0,1.0
W0173,Night,2025-01-27,8.0,1.0
W0173,Night,2025-02-04,9.0,1.125
W0173,Night,2025-02-22,9.0,1.125
W0173,Night,2025-03-01,10.0,1.25
W0173,Night,2025-03-04,8.0,1.0
W0173,Night,2025-03-16,7.0,0.875
W0173,Night,2025-03-26,7.0,0.875
W0173,Night,2025-04-23,7.0,0.875
W0173,Night,2025-05-01,6.0,0.75
W0173,Night,2025-05-16,7.0,0.875
W0173,Night,2025-05-17,9.0,1.125
W0173,Night,2025-05-22,7.0,0.875
W0173,Night,2025-06-09,10.0,1.25
W0173,Night,2025-06-11,10.0,1.25
W0173,Night,2025-06-18,6.0,0.75
W0173,Night,2025-06-24,9.0,1.125
W0173,Night,2025-06-27,7.0,0.875
W0174,Evening,2025-01-20,9.0,1.125
W0174,Evening,2025-01-27,9.0,1.125
W0174,Evening,2025-02-28,9.0,1.125
W0174,Evening,2025-03-02,10.0,1.25
W0174,Evening,2025-04-10,8.0,1.0
W0174,Evening,2025-04-15,10.0,1.25
W0174,Evening,2025-06-08,7.0,0.875
W0174,Morning,2025-03-01,6.0,0.75
W0174,Morning,2025-03-02,8.0,1.0
W0174,Morning,2025-03-04,8.0,1.0
W0174,Morning,2025-03-12,9.0,1.125
W0174,Morning,2025-04-20,8.0,1.0
W0174,Morning,2025-04-21,9.0,1.125
W0174,Morning,2025-04-27,7.0,0.875
W0174,Morning,2025-06-10,17.0,2.125
W0174,Night,2025-01-05,10.0,1.25
W0174,Night,2025-01-07,10.0,1.25
W0174,Night,2025-01-25,10.0,1.25
W0174,Night,2025-02-05,8.0,1.0
W0174,Night,2025-02-20,7.0,0.875
W0174,Night,2025-03-17,8.0,1.0
W0174,Night,2025-03-22,8.0,1.0
W0174,Night,2025-03-25,10.0,1.25
W0174,Night,2025-03-30,10.0,1.25
W0174,Night,2025-03-31,10.0,1.25
W0174,Night,2025-05-04,6.0,0.75
W0174,Night,2025-05-27,7.0,0.875
W0174,Night,2025-06-09,6.0,0.75
W0175,Evening,2025-01-03,6.0,0.75
W0175,Evening,2025-03-23,10.0,1.25
W0175,Evening,2025-04-23,6.0,0.75
W0175,Evening,2025-06-13,10.0,1.25
W0175,Evening,2025-06-21,9.0,1.125
W0175,Morning,2025-01-06,8.0,1.0
W0175,Morning,2025-01-15,8.0,1.0
W0175,Morning,2025-02-26,9.0,1.125
W0175,Morning,2025-04-05,7.0,0.875
W0175,Morning,2025-04-13,8.0,1.0
W0175,Morning,2025-05-14,7.0,0.875
W0175,Morning,2025-06-13,6.0,0.75
W0175,Morning,2025-06-14,9.0,1.125
W0175,Morning,2025-06-25,7.0,0.875
W0175,Night,2025-01-28,6.0,0.75
W0175,Night,2025-03-04,7.0,0.875
W0175,Night,2025-03-31,7.0,0.875
W0175,Night,2025-04-04,6.0,0.75
W0175,Night,2025-04-13,9.0,1.125
W0175,Night,2025-05-14,6.0,0.75
W0175,Night,2025-05-29,8.0,1.0
W0175,Night,2025-05-31,8.0,1.0
W0175,Night,2025-06-03,8.0,1.0
W0175,Night,2025-06-05,6.0,0.75
W0175,Night,2025-06-07,7.0,0.875
W0175,Night,2025-06-19,9.0,1.125
W0175,Night,2025-06-23,9.0,1.125
W0176,Evening,2025-01-08,9.0,1.125
W0176,Evening,2025-01-14,7.0,0.875
W0176,Evening,2025-01-16,8.0,1.0
W0176,Evening,2025-02-10,7.0,0.875
W0176,Evening,2025-02-17,10.0,1.25
W0176,Evening,2025-03-08,8.0,1.0
W0176,Evening,2025-04-24,10.0,1.25
W0176,Evening,2025-05-06,7.0,0.875
W0176,Evening,2025-05-21,10.0,1.25
W0176,Evening,2025-05-31,7.0,0.875
W0176,Evening,2025-06-04,10.0,1.25
W0176,Morning,2025-01-28,7.0,0.875
W0176,Morning,2025-02-28,10.0,1.25
W0176,Morning,2025-05-12,8.0,1.0
W0176,Morning,2025-05-31,6.0,0.75
W0176,Night,2025-01-04,9.0,1.125
W0176,Night,2025-01-08,8.0,1.0
W0176,Night,2025-02-21,6.0,0.75
W0176,Night,2025-02-26,7.0,0.875
W0176,Night,2025-03-12,9.0,1.125
W0176,Night,2025-04-29,8.0,1.0
W0176,Night,2025-05-31,10.0,1.25
W0176,Night,2025-06-01,6.0,0.75
W0176,Night,2025-06-28,6.0,0.75
W0177,Evening,2025-01-04,6.0,0.75
W0177,Evening,2025-03-03,10.0,1.25
W0177,Evening,2025-03-26,9.0,1.125
W0177,Evening,2025-05-14,10.0,1.25
W0177,Evening,2025-05-16,9.0,1.125
W0177,Evening,2025-05-29,8.0,1.0
W0177,Evening,2025-06-09,14.0,1.75
W0177,Evening,2025-06-11,8.0,1.0
W0177,Evening,2025-06-17,7.0,0.875
W0177,Morning,2025-04-24,10.0,1.25
W0177,Morning,2025-05-10,8.0,1.0
W0177,Morning,2025-05-16,10.0,1.25
W0177,Morning,2025-06-25,6.0,0.75
W0177,Night,2025-01-06,10.0,1.25
W0177,Night,2025-01-14,7.0,0.875
W0177,Night,2025-02-12,7.0,0.875
W0177,Night,2025-02-20,10.0,1.25
W0177,Night,2025-05-17,6.0,0.75
W0177,Night,2025-05-31,6.0,0.75
W0177,Night,2025-06-04,9.0,1.125
W0177,Night,2025-06-05,10.0,1.25
W0177,Night,2025-06-06,7.0,0.875
W0178,Evening,2025-01-09,10.0,1.25
W0178,Evening,2025-01-29,10.0,1.25
W0178,Evening,2025-02-11,10.0,1.25
W0178,Evening,2025-02-26,8.0,1.0
W0178,Evening,2025-03-03,6.0,0.75
W0178,Evening,2025-03-31,9.0,1.125
W0178,Evening,2025-04-24,6.0,0.75
W0178,Evening,2025-05-11,9.0,1.125
W0178,Evening,2025-06-11,7.0,0.875
W0178,Evening,2025-06-27,10.0,1.25
W0178,Morning,2025-01-14,19.0,2.375
W0178,Morning,2025-01-16,8.0,1.0
W0178,Morning,2025-02-09,7.0,0.875
W0178,Morning,2025-03-27,9.0,1.125
W0178,Morning,2025-04-11,10.0,1.25
W0178,Morning,2025-04-25,9.0,1.125
W0178,Morning,2025-05-16,10.0,1.25
W0178,Morning,2025-05-17,9.0,1.125
W0178,Morning,2025-05-30,6.0,0.75
W0178,Morning,2025-06-26,6.0,0.75
W0178,Morning,2025-06-28,10.0,1.25
W0178,Night,2025-01-19,6.0,0.75
W0178,Night,2025-01-30,7.0,0.875
W0178,Night,2025-02-11,8.0,1.0
W0178,Night,2025-02-13,10.0,1.25
W0178,Night,2025-02-22,6.0,0.75
W0178,Night,2025-02-23,10.0,1.25
W0178,Night,2025-03-03,7.0,0.875
W0178,Night,2025-03-13,10.0,1.25
W0178,Night,2025-04-04,8.0,1.0
W0178,Night,2025-04-05,9.0,1.125
W0178,Night,2025-04-28,6.0,0.75
W0178,Night,2025-04-29,8.0,1.0
W0178,Night,2025-05-11,10.0,1.25
W0178,Night,2025-05-23,8.0,1.0
W0178,Night,2025-05-27,9.0,1.125
W0178,Night,2025-05-29,8.0,1.0
W0178,Night,2025-06-06,7.0,0.875
W0178,Night,2025-06-07,7.0,0.875
W0178,Night,2025-06-14,9.0,1.125
W0178,Night,2025-06-24,9.0,1.125
W0179,Evening,2025-02-03,9.0,1.125
W0179,Evening,2025-02-13,6.0,0.75
W0179,Evening,2025-02-15,6.0,0.75
W0179,Evening,2025-02-22,10.0,1.25
W0179,Evening,2025-03-10,6.0,0.75
W0179,Evening,2025-04-30,8.0,1.0
W0179,Evening,2025-06-12,9.0,1.125
W0179,Evening,2025-06-16,6.0,0.75
W0179,Evening,2025-06-20,10.0,1.25
W0179,Morning,2025-01-25,7.0,0.875
W0179,Morning,2025-01-29,8.0,1.0
W0179,Morning,2025-02-18,9.0,1.125
W0179,Morning,2025-04-07,10.0,1.25
W0179,Morning,2025-04-14,6.0,0.75
W0179,Morning,2025-04-20,6.0,0.75
W0179,Morning,2025-06-21,9.0,1.125
W0179,Night,2025-01-23,10.0,1.25
W0179,Night,2025-03-03,10.0,1.25
W0179,Night,2025-04-08,6.0,0.75
W0179,Night,2025-04-24,10.0,1.25
W0179,Night,2025-05-01,9.0,1.125
W0179,Night,2025-05-03,9.0,1.125
W0179,Night,2025-05-15,9.0,1.125
W0179,Night,2025-05-18,6.0,0.75
W0179,Night,2025-06-08,8.0,1.0
W0179,Night,2025-06-13,9.0,1.125
W0179,Night,2025-06-15,9.0,1.125
W0179,Night,2025-06-24,10.0,1.25
W0180,Evening,2025-01-01,8.0,1.0
W0180,Evening,2025-01-14,10.0,1.25
W0180,Evening,2025-02-08,9.0,1.125
W0180,Evening,2025-02-21,9.0,1.125
W0180,Evening,2025-03-03,9.0,1.125
W0180,Evening,2025-03-04,8.0,1.0
W0180,Evening,2025-03-09,8.0,1.0
W0180,Evening,2025-04-15,8.0,1.0
W0180,Evening,2025-04-27,6.0,0.75
W0180,Evening,2025-05-11,6.0,0.75
W0180,Evening,2025-05-18,10.0,1.25
W0180,Evening,2025-05-25,8.0,1.0
W0180,Evening,2025-05-28,10.0,1.25
W0180,Morning,2025-01-02,8.0,1.0
W0180,Morning,2025-02-19,9.0,1.125
W0180,Morning,2025-03-06,8.0,1.0
W0180,Morning,2025-03-14,6.0,0.75
W0180,Morning,2025-04-08,8.0,1.0
W0180,Night,2025-01-25,10.0,1.25
W0180,Night,2025-02-10,7.0,0.875
W0180,Night,2025-02-13,6.0,0.75
W0180,Night,2025-02-16,9.0,1.125
W0180,Night,2025-02-19,10.0,1.25
W0180,Night,2025-02-24,9.0,1.125
W0180,Night,2025-02-26,8.0,1.0
W0180,Night,2025-03-01,9.0,1.125
W0180,Night,2025-03-20,10.0,1.25
W0180,Night,2025-03-29,6.0,0.75
W0180,Night,2025-05-05,10.0,1.25
W0180,Night,2025-05-12,9.0,1.125
W0180,Night,2025-05-17,9.0,1.125
W0180,Night,2025-05-21,6.0,0.75
W0180,Night,2025-06-22,7.0,0.875
W0181,Evening,2025-02-22,6.0,0.75
W0181,Evening,2025-02-26,7.0,0.875
W0181,Evening,2025-03-02,9.0,1.125
W0181,Evening,2025-03-10,6.0,0.75
W0181,Evening,2025-03-18,10.0,1.25
W0181,Evening,2025-03-26,6.0,0.75
W0181,Evening,2025-04-20,7.0,0.875
W0181,Evening,2025-06-14,7.0,0.875
W0181,Morning,2025-01-09,9.0,1.125
W0181,Morning,2025-02-04,7.0,0.875
W0181,Morning,2025-03-06,8.0,1.0
W0181,Morning,2025-03-27,9.0,1.125
W0181,Morning,2025-04-02,6.0,0.75
W0181,Morning,2025-05-03,8.0,1.0
W0181,Morning,2025-05-09,9.0,1.125
W0181,Night,2025-01-04,6.0,0.75
W0181,Night,2025-02-03,6.0,0.75
W0181,Night,2025-03-13,10.0,1.25
W0181,Night,2025-03-24,9.0,1.125
W0181,Night,2025-03-29,8.0,1.0
W0181,Night,2025-04-04,6.0,0.75
W0181,Night,2025-04-08,9.0,1.125
W0181,Night,2025-05-21,10.0,1.25
W0181,Night,2025-05-25,10.0,1.25
W0181,Night,2025-06-09,7.0,0.875
W0181,Night,2025-06-10,10.0,1.25
W0181,Night,2025-06-25,8.0,1.0
W0181,Night,2025-06-28,9.0,1.125
W0182,Evening,2025-01-02,10.0,1.25
W0182,Evening,2025-02-17,10.0,1.25
W0182,Evening,2025-03-14,6.0,0.75
W0182,Evening,2025-04-07,8.0,1.0
W0182,Evening,2025-06-06,10.0,1.25
W0182,Evening,2025-06-28,7.0,0.875
W0182,Morning,2025-01-10,10.0,1.25
W0182,Morning,2025-01-22,7.0,0.875
W0182,Morning,2025-03-28,7.0,0.875
W0182,Morning,2025-04-07,7.0,0.875
W0182,Morning,2025-05-18,9.0,1.125
W0182,Morning,2025-05-31,6.0,0.75
W0182,Night,2025-01-09,9.0,1.125
W0182,Night,2025-01-11,8.0,1.0
W0182,Night,2025-01-12,9.0,1.125
W0182,Night,2025-01-13,9.0,1.125
W0182,Night,2025-02-09,6.0,0.75
W0182,Night,2025-02-11,7.0,0.875
W0182,Night,2025-02-13,9.0,1.125
W0182,Night,2025-02-18,7.0,0.875
W0182,Night,2025-04-29,8.0,1.0
W0182,Night,2025-05-11,7.0,0.875
W0182,Night,2025-05-17,8.0,1.0
W0182,Night,2025-05-18,8.0,1.0
W0182,Night,2025-06-11,7.0,0.875
W0183,Evening,2025-01-13,10.0,1.25
W0183,Evening,2025-01-21,9.0,1.125
W0183,Evening,2025-02-02,6.0,0.75
W0183,Evening,2025-05-04,9.0,1.125
W0183,Evening,2025-05-23,9.0,1.125
W0183,Morning,2025-01-19,10.0,1.25
W0183,Morning,2025-02-26,10.0,1.25
W0183,Morning,2025-05-29,8.0,1.0
W0183,Morning,2025-06-11,6.0,0.75
W0183,Morning,2025-06-28,8.0,1.0
W0183,Night,2025-01-07,6.0,0.75
W0183,Night,2025-01-14,7.0,0.875
W0183,Night,2025-02-25,7.0,0.875
W0183,Night,2025-03-06,10.0,1.25
W0183,Night,2025-05-07,28.0,3.5
W0183,Night,2025-05-08,10.0,1.25
W0183,Night,2025-05-26,9.0,1.125
W0183,Night,2025-05-29,7.0,0.875
W0183,Night,2025-06-10,18.0,2.25
W0183,Night,2025-06-15,7.0,0.875
W0183,Night,2025-06-18,6.0,0.75
W0183,Night,2025-06-22,6.0,0.75
W0184,Evening,2025-01-01,6.0,0.75
W0184,Evening,2025-01-25,10.0,1.25
W0184,Evening,2025-01-27,6.0,0.75
W0184,Evening,2025-02-24,6.0,0.75
W0184,Evening,2025-04-30,6.0,0.75
W0184,Evening,2025-05-17,9.0,1.125
W0184,Evening,2025-05-19,7.0,0.875
W0184,Evening,2025-06-18,9.0,1.125
W0184,Morning,2025-01-29,7.0,0.875
W0184,Morning,2025-02-04,9.0,1.125
W0184,Morning,2025-02-09,8.0,1.0
W0184,Morning,2025-03-08,8.0,1.0
W0184,Morning,2025-03-11,7.0,0.875
W0184,Morning,2025-04-25,9.0,1.125
W0184,Morning,2025-06-19,8.0,1.0
W0184,Morning,2025-06-22,7.0,0.875
W0184,Morning,2025-06-23,8.0,1.0
W0184,Night,2025-01-07,9.0,1.125
W0184,Night,2025-01-11,9.0,1.125
W0184,Night,2025-01-24,6.0,0.75
W0184,Night,2025-03-04,6.0,0.75
W0184,Night,2025-03-09,9.0,1.125
W0184,Night,2025-03-18,7.0,0.875
W0184,Night,2025-03-27,8.0,1.0
W0184,Night,2025-04-06,10.0,1.25
W0184,Night,2025-04-13,6.0,0.75
W0184,Night,2025-04-20,8.0,1.0
W0184,Night,2025-04-29,8.0,1.0
W0184,Night,2025-05-06,8.0,1.0
W0184,Night,2025-05-10,9.0,1.125
W0184,Night,2025-05-26,6.0,0.75
W0184,Night,2025-05-28,7.0,0.875
W0184,Night,2025-06-08,8.0,1.0
W0185,Evening,2025-01-05,6.0,0.75
W0185,Evening,2025-01-11,9.0,1.125
W0185,Evening,2025-03-24,6.0,0.75
W0185,Evening,2025-05-21,7.0,0.875
W0185,Evening,2025-06-01,6.0,0.75
W0185,Evening,2025-06-16,9.0,1.125
W0185,Morning,2025-01-27,9.0,1.125
W0185,Morning,2025-01-29,10.0,1.25
W0185,Morning,2025-01-30,8.0,1.0
W0185,Morning,2025-02-10,6.0,0.75
W0185,Morning,2025-03-05,6.0,0.75
W0185,Morning,2025-03-10,8.0,1.0
W0185,Morning,2025-03-26,9.0,1.125
W0185,Morning,2025-04-14,6.0,0.75
W0185,Morning,2025-04-20,7.0,0.875
W0185,Morning,2025-05-07,7.0,0.875
W0185,Morning,2025-05-15,7.0,0.875
W0185,Morning,2025-05-26,9.0,1.125
W0185,Morning,2025-06-15,7.0,0.875
W0185,Morning,2025-06-18,8.0,1.0
W0185,Morning,2025-06-28,6.0,0.75
W0185,Night,2025-01-19,7.0,0.875
W0185,Night,2025-01-26,9.0,1.125
W0185,Night,2025-01-29,8.0,1.0
W0185,Night,2025-01-31,7.0,0.875
W0185,Night,2025-02-18,7.0,0.875
W0185,Night,2025-02-20,9.0,1.125
W0185,Night,2025-03-05,6.0,0.75
W0185,Night,2025-03-13,6.0,0.75
W0185,Night,2025-03-26,8.0,1.0
W0185,Night,2025-04-07,10.0,1.25
W0185,Night,2025-04-22,9.0,1.125
W0185,Night,2025-05-05,8.0,1.0
W0185,Night,2025-05-06,10.0,1.25
W0185,Night,2025-05-16,10.0,1.25
W0185,Night,2025-06-26,10.0,1.25
W0186,Evening,2025-01-16,6.0,0.75
W0186,Evening,2025-03-28,6.0,0.75
W0186,Evening,2025-04-15,10.0,1.25
W0186,Evening,2025-06-06,9.0,1.125
W0186,Evening,2025-06-11,8.0,1.0
W0186,Evening,2025-06-15,10.0,1.25
W0186,Morning,2025-01-15,7.0,0.875
W0186,Morning,2025-01-18,6.0,0.75
W0186,Morning,2025-04-20,9.0,1.125
W0186,Morning,2025-05-30,6.0,0.75
W0186,Morning,2025-06-26,8.0,1.0
W0186,Night,2025-02-01,10.0,1.25
W0186,Night,2025-02-08,7.0,0.875
W0186,Night,2025-02-13,8.0,1.0
W0186,Night,2025-02-23,9.0,1.125
W0186,Night,2025-02-28,10.0,1.25
W0186,Night,2025-03-20,9.0,1.125
W0186,Night,2025-03-23,9.0,1.125
W0186,Night,2025-04-13,7.0,0.875
W0186,Night,2025-05-24,7.0,0.875
W0186,Night,2025-06-08,10.0,1.25
W0186,Night,2025-06-17,10.0,1.25
W0187,Evening,2025-03-25,7.0,0.875
W0187,Evening,2025-03-30,10.0,1.25
W0187,Evening,2025-04-03,9.0,1.125
W0187,Morning,2025-01-20,6.0,0.75
W0187,Morning,2025-03-01,6.0,0.75
W0187,Morning,2025-03-22,7.0,0.875
W0187,Morning,2025-04-17,6.0,0.75
W0187,Morning,2025-04-21,10.0,1.25
W0187,Morning,2025-04-22,8.0,1.0
W0187,Morning,2025-04-24,6.0,0.75
W0187,Morning,2025-05-05,10.0,1.25
W0187,Morning,2025-05-12,7.0,0.875
W0187,Night,2025-01-05,9.0,1.125
W0187,Night,2025-01-14,8.0,1.0
W0187,Night,2025-01-23,7.0,0.875
W0187,Night,2025-01-26,7.0,0.875
W0187,Night,2025-02-10,10.0,1.25
W0187,Night,2025-02-22,10.0,1.25
W0187,Night,2025-03-17,10.0,1.25
W0187,Night,2025-03-25,7.0,0.875
W0187,Night,2025-03-28,7.0,0.875
W0187,Night,2025-04-21,9.0,1.125
W0187,Night,2025-04-25,9.0,1.125
W0187,Night,2025-05-11,7.0,0.875
W0187,Night,2025-05-19,9.0,1.125
W0187,Night,2025-05-22,6.0,0.75
W0187,Night,2025-06-01,16.0,2.0
W0187,Night,2025-06-10,17.0,2.125
W0187,Night,2025-06-17,19.0,2.375
W0187,Night,2025-06-18,9.0,1.125
W0187,Night,2025-06-27,10.0,1.25
W0187,Night,2025-06-28,6.0,0.75
W0188,Evening,2025-02-15,7.0,0.875
W0188,Evening,2025-03-11,10.0,1.25
W0188,Evening,2025-04-03,7.0,0.875
W0188,Evening,2025-04-30,8.0,1.0
W0188,Evening,2025-05-03,6.0,0.75
W0188,Evening,2025-05-05,9.0,1.125
W0188,Evening,2025-05-20,7.0,0.875
W0188,Evening,2025-06-18,6.0,0.75
W0188,Evening,2025-06-22,8.0,1.0
W0188,Evening,2025-06-28,9.0,1.125
W0188,Morning,2025-01-09,9.0,1.125
W0188,Morning,2025-03-21,6.0,0.75
W0188,Morning,2025-04-27,6.0,0.75
W0188,Morning,2025-05-15,10.0,1.25
W0188,Morning,2025-05-16,10.0,1.25
W0188,Morning,2025-05-18,10.0,1.25
W0188,Morning,2025-06-26,8.0,1.0
W0188,Night,2025-01-01,9.0,1.125
W0188,Night,2025-01-24,10.0,1.25
W0188,Night,2025-03-01,9.0,1.125
W0188,Night,2025-03-03,6.0,0.75
W0188,Night,2025-03-30,6.0,0.75
W0188,Night,2025-04-01,10.0,1.25
W0188,Night,2025-04-06,18.0,2.25
W0188,Night,2025-04-15,6.0,0.75
W0188,Night,2025-05-13,9.0,1.125
W0188,Night,2025-05-31,10.0,1.25
W0188,Night,2025-06-10,9.0,1.125
W0188,Night,2025-06-14,7.0,0.875
W0189,Evening,2025-01-03,10.0,1.25
W0189,Evening,2025-01-23,8.0,1.0
W0189,Evening,2025-03-04,7.0,0.875
W0189,Evening,2025-03-11,10.0,1.25
W0189,Evening,2025-03-31,7.0,0.875
W0189,Evening,2025-04-05,6.0,0.75
W0189,Evening,2025-04-26,8.0,1.0
W0189,Evening,2025-05-22,7.0,0.875
W0189,Evening,2025-06-26,7.0,0.875
W0189,Morning,2025-01-12,8.0,1.0
W0189,Morning,2025-01-13,6.0,0.75
W0189,Morning,2025-02-12,6.0,0.75
W0189,Morning,2025-02-27,7.0,0.875
W0189,Morning,2025-04-24,6.0,0.75
W0189,Morning,2025-05-04,7.0,0.875
W0189,Morning,2025-05-17,6.0,0.75
W0189,Morning,2025-05-20,7.0,0.875
W0189,Night,2025-01-05,6.0,0.75
W0189,Night,2025-01-11,9.0,1.125
W0189,Night,2025-03-22,7.0,0.875
W0189,Night,2025-04-22,7.0,0.875
W0189,Night,2025-04-24,9.0,1.125
W0189,Night,2025-05-05,7.0,0.875
W0189,Night,2025-06-03,9.0,1.125
W0189,Night,2025-06-13,7.0,0.875
W0189,Night,2025-06-15,8.0,1.0
W0189,Night,2025-06-24,10.0,1.25
W0189,Night,2025-06-26,6.0,0.75
W0190,Evening,2025-01-05,6.0,0.75
W0190,Evening,2025-01-11,8.0,1.0
W0190,Evening,2025-01-28,10.0,1.25
W0190,Evening,2025-03-18,9.0,1.125
W0190,Evening,2025-04-14,6.0,0.75
W0190,Evening,2025-05-30,6.0,0.75
W0190,Evening,2025-06-15,10.0,1.25
W0190,Morning,2025-01-28,8.0,1.0
W0190,Morning,2025-02-07,10.0,1.25
W0190,Morning,2025-02-22,10.0,1.25
W0190,Morning,2025-05-04,14.0,1.75
W0190,Morning,2025-05-15,10.0,1.25
W0190,Morning,2025-05-18,10.0,1.25
W0190,Morning,2025-06-11,6.0,0.75
W0190,Morning,2025-06-20,9.0,1.125
W0190,Night,2025-02-14,9.0,1.125
W0190,Night,2025-02-18,9.0,1.125
W0190,Night,2025-02-22,10.0,1.25
W0190,Night,2025-02-25,10.0,1.25
W0190,Night,2025-03-23,8.0,1.0
W0190,Night,2025-03-26,9.0,1.125
W0190,Night,2025-04-10,8.0,1.0
W0190,Night,2025-04-25,6.0,0.75
W0190,Night,2025-04-26,15.0,1.875
W0190,Night,2025-05-04,6.0,0.75
W0190,Night,2025-05-07,10.0,1.25
W0190,Night,2025-05-28,7.0,0.875
W0190,Night,2025-06-04,9.0,1.125
W0190,Night,2025-06-10,6.0,0.75
W0190,Night,2025-06-26,8.0,1.0
W0191,Evening,2025-01-29,7.0,0.875
W0191,Evening,2025-02-24,10.0,1.25
W0191,Evening,2025-03-28,8.0,1.0
W0191,Evening,2025-06-15,7.0,0.875
W0191,Morning,2025-04-28,10.0,1.25
W0191,Morning,2025-05-09,8.0,1.0
W0191,Night,2025-01-07,9.0,1.125
W0191,Night,2025-01-09,8.0,1.0
W0191,Night,2025-01-24,10.0,1.25
W0191,Night,2025-01-27,7.0,0.875
W0191,Night,2025-02-07,6.0,0.75
W0191,Night,2025-02-09,8.0,1.0
W0191,Night,2025-04-03,7.0,0.875
W0191,Night,2025-04-19,7.0,0.875
W0191,Night,2025-04-23,10.0,1.25
W0191,Night,2025-04-28,7.0,0.875
W0192,Evening,2025-02-27,10.0,1.25
W0192,Evening,2025-03-24,9.0,1.125
W0192,Evening,2025-04-03,9.0,1.125
W0192,Evening,2025-04-28,6.0,0.75
W0192,Evening,2025-05-15,7.0,0.875
W0192,Evening,2025-05-29,9.0,1.125
W0192,Evening,2025-06-10,9.0,1.125
W0192,Morning,2025-01-04,10.0,1.25
W0192,Morning,2025-05-12,8.0,1.0
W0192,Night,2025-01-11,8.0,1.0
W0192,Night,2025-01-21,6.0,0.75
W0192,Night,2025-02-08,6.0,0.75
W0192,Night,2025-02-21,8.0,1.0
W0192,Night,2025-03-13,7.0,0.875
W0192,Night,2025-03-18,7.0,0.875
W0192,Night,2025-03-30,8.0,1.0
W0192,Night,2025-04-07,7.0,0.875
W0192,Night,2025-04-08,8.0,1.0
W0192,Night,2025-04-21,10.0,1.25
W0192,Night,2025-04-29,8.0,1.0
W0192,Night,2025-05-07,9.0,1.125
W0192,Night,2025-05-22,6.0,0.75
W0192,Night,2025-06-07,9.0,1.125
W0192,Night,2025-06-10,7.0,0.875
W0193,Evening,2025-02-03,9.0,1.125
W0193,Evening,2025-02-07,7.0,0.875
W0193,Evening,2025-02-21,8.0,1.0
W0193,Evening,2025-03-01,6.0,0.75
W0193,Evening,2025-04-13,10.0,1.25
W0193,Evening,2025-04-26,9.0,1.125
W0193,Evening,2025-06-14,8.0,1.0
W0193,Morning,2025-01-01,8.0,1.0
W0193,Morning,2025-02-04,10.0,1.25
W0193,Morning,2025-02-08,7.0,0.875
W0193,Morning,2025-03-07,8.0,1.0
W0193,Morning,2025-03-17,9.0,1.125
W0193,Morning,2025-04-22,6.0,0.75
W0193,Night,2025-01-09,9.0,1.125
W0193,Night,2025-01-31,7.0,0.875
W0193,Night,2025-02-11,9.0,1.125
W0193,Night,2025-02-21,7.0,0.875
W0193,Night,2025-02-23,10.0,1.25
W0193,Night,2025-03-06,7.0,0.875
W0193,Night,2025-03-15,10.0,1.25
W0193,Night,2025-03-17,8.0,1.0
W0193,Night,2025-03-20,8.0,1.0
W0193,Night,2025-04-01,7.0,0.875
W0193,Night,2025-04-02,6.0,0.75
W0193,Night,2025-04-06,8.0,1.0
W0193,Night,2025-04-26,9.0,1.125
W0193,Night,2025-05-02,6.0,0.75
W0193,Night,2025-05-05,10.0,1.25
W0193,Night,2025-06-16,8.0,1.0
W0193,Night,2025-06-24,6.0,0.75
W0194,Evening,2025-04-09,7.0,0.875
W0194,Evening,2025-05-17,17.0,2.125
W0194,Evening,2025-06-06,9.0,1.125
W0194,Morning,2025-01-18,10.0,1.25
W0194,Morning,2025-02-01,9.0,1.125
W0194,Morning,2025-02-20,7.0,0.875
W0194,Morning,2025-03-10,8.0,1.0
W0194,Morning,2025-03-31,9.0,1.125
W0194,Morning,2025-04-15,8.0,1.0
W0194,Morning,2025-05-12,7.0,0.875
W0194,Morning,2025-06-19,9.0,1.125
W0194,Night,2025-01-12,9.0,1.125
W0194,Night,2025-02-01,10.0,1.25
W0194,Night,2025-02-04,6.0,0.75
W0194,Night,2025-02-06,10.0,1.25
W0194,Night,2025-02-07,7.0,0.875
W0194,Night,2025-02-18,9.0,1.125
W0194,Night,2025-02-21,6.0,0.75
W0194,Night,2025-03-05,8.0,1.0
W0194,Night,2025-03-15,6.0,0.75
W0194,Night,2025-03-18,6.0,0.75
W0194,Night,2025-03-23,7.0,0.875
W0194,Night,2025-04-04,10.0,1.25
W0194,Night,2025-04-23,14.0,1.75
W0194,Night,2025-04-24,7.0,0.875
W0194,Night,2025-05-02,6.0,0.75
W0194,Night,2025-05-06,8.0,1.0
W0194,Night,2025-05-10,8.0,1.0
W0194,Night,2025-06-01,6.0,0.75
W0194,Night,2025-06-03,9.0,1.125
W0194,Night,2025-06-14,9.0,1.125
W0194,Night,2025-06-16,10.0,1.25
W0194,Night,2025-06-25,6.0,0.75
W0194,Night,2025-06-29,10.0,1.25
W0195,Evening,2025-01-10,14.0,1.75
W0195,Evening,2025-01-25,7.0,0.875
W0195,Evening,2025-03-13,6.0,0.75
W0195,Evening,2025-03-30,10.0,1.25
W0195,Evening,2025-04-13,7.0,0.875
W0195,Evening,2025-06-05,7.0,0.875
W0195,Evening,2025-06-08,8.0,1.0
W0195,Morning,2025-02-11,7.0,0.875
W0195,Morning,2025-02-26,7.0,0.875
W0195,Morning,2025-03-04,8.0,1.0
W0195,Morning,2025-04-04,8.0,1.0
W0195,Morning,2025-05-02,8.0,1.0
W0195,Morning,2025-05-21,10.0,1.25
W0195,Morning,2025-05-24,6.0,0.75
W0195,Morning,2025-06-15,9.0,1.125
W0195,Night,2025-01-22,10.0,1.25
W0195,Night,2025-01-27,10.0,1.25
W0195,Night,2025-02-28,7.0,0.875
W0195,Night,2025-03-31,10.0,1.25
W0195,Night,2025-04-05,8.0,1.0
W0195,Night,2025-04-12,10.0,1.25
W0195,Night,2025-05-10,8.0,1.0
W0195,Night,2025-05-18,8.0,1.0
W0195,Night,2025-06-01,9.0,1.125
W0195,Night,2025-06-10,17.0,2.125
W0195,Night,2025-06-19,8.0,1.0
W0195,Night,2025-06-23,7.0,0.875
W0196,Evening,2025-01-08,10.0,1.25
W0196,Evening,2025-01-22,6.0,0.75
W0196,Evening,2025-04-12,6.0,0.75
W0196,Evening,2025-04-15,7.0,0.875
W0196,Evening,2025-05-07,10.0,1.25
W0196,Evening,2025-05-17,9.0,1.125
W0196,Evening,2025-05-21,6.0,0.75
W0196,Evening,2025-06-07,10.0,1.25
W0196,Morning,2025-02-15,7.0,0.875
W0196,Morning,2025-03-29,10.0,1.25
W0196,Morning,2025-04-02,9.0,1.125
W0196,Morning,2025-04-03,6.0,0.75
W0196,Morning,2025-06-28,7.0,0.875
W0196,Night,2025-01-06,8.0,1.0
W0196,Night,2025-01-24,8.0,1.0
W0196,Night,2025-02-02,9.0,1.125
W0196,Night,2025-02-03,8.0,1.0
W0196,Night,2025-02-06,6.0,0.75
W0196,Night,2025-03-08,7.0,0.875
W0196,Night,2025-03-09,6.0,0.75
W0196,Night,2025-03-31,9.0,1.125
W0196,Night,2025-04-30,10.0,1.25
W0196,Night,2025-05-25,7.0,0.875
W0197,Evening,2025-01-10,9.0,1.125
W0197,Evening,2025-02-28,7.0,0.875
W0197,Evening,2025-05-03,10.0,1.25
W0197,Evening,2025-06-05,10.0,1.25
W0197,Morning,2025-02-03,10.0,1.25
W0197,Morning,2025-03-16,6.0,0.75
W0197,Morning,2025-03-29,10.0,1.25
W0197,Morning,2025-05-26,9.0,1.125
W0197,Morning,2025-06-01,7.0,0.875
W0197,Morning,2025-06-08,9.0,1.125
W0197,Morning,2025-06-28,8.0,1.0
W0197,Morning,2025-06-29,6.0,0.75
W0197,Night,2025-01-10,8.0,1.0
W0197,Night,2025-01-24,9.0,1.125
W0197,Night,2025-01-25,7.0,0.875
W0197,Night,2025-02-01,10.0,1.25
W0197,Night,2025-02-13,9.0,1.125
W0197,Night,2025-02-19,8.0,1.0
W0197,Night,2025-04-08,7.0,0.875
W0197,Night,2025-04-16,9.0,1.125
W0197,Night,2025-05-09,8.0,1.0
W0197,Night,2025-05-17,9.0,1.125
W0197,Night,2025-05-24,8.0,1.0
W0197,Night,2025-06-03,7.0,0.875
W0197,Night,2025-06-19,9.0,1.125
W0198,Evening,2025-01-30,9.0,1.125
W0198,Evening,2025-02-05,10.0,1.25
W0198,Evening,2025-03-05,6.0,0.75
W0198,Evening,2025-03-25,6.0,0.75
W0198,Evening,2025-04-09,6.0,0.75
W0198,Evening,2025-05-06,10.0,1.25
W0198,Evening,2025-05-13,10.0,1.25
W0198,Evening,2025-05-29,9.0,1.125
W0198,Evening,2025-06-13,9.0,1.125
W0198,Morning,2025-01-01,8.0,1.0
W0198,Morning,2025-01-26,9.0,1.125
W0198,Morning,2025-03-06,6.0,0.75
W0198,Morning,2025-05-09,10.0,1.25
W0198,Morning,2025-05-26,10.0,1.25
W0198,Morning,2025-05-29,8.0,1.0
W0198,Morning,2025-06-07,6.0,0.75
W0198,Morning,2025-06-15,6.0,0.75
W0198,Morning,2025-06-17,7.0,0.875
W0198,Night,2025-02-11,8.0,1.0
W0198,Night,2025-02-19,7.0,0.875
W0198,Night,2025-04-11,7.0,0.875
W0198,Night,2025-04-12,8.0,1.0
W0198,Night,2025-05-24,10.0,1.25
W0198,Night,2025-05-26,10.0,1.25
W0198,Night,2025-05-28,6.0,0.75
W0198,Night,2025-05-29,15.0,1.875
W0198,Night,2025-06-13,6.0,0.75
W0198,Night,2025-06-22,9.0,1.125
W0198,Night,2025-06-28,8.0,1.0
W0199,Evening,2025-01-28,10.0,1.25
W0199,Evening,2025-02-23,9.0,1.125
W0199,Evening,2025-03-23,9.0,1.125
W0199,Evening,2025-04-03,8.0,1.0
W0199,Evening,2025-04-26,18.0,2.25
W0199,Evening,2025-05-27,8.0,1.0
W0199,Evening,2025-06-24,6.0,0.75
W0199,Morning,2025-03-28,9.0,1.125
W0199,Morning,2025-04-07,9.0,1.125
W0199,Morning,2025-04-11,9.0,1.125
W0199,Morning,2025-06-29,6.0,0.75
W0199,Night,2025-01-11,10.0,1.25
W0199,Night,2025-01-16,18.0,2.25
W0199,Night,2025-01-23,10.0,1.25
W0199,Night,2025-01-30,10.0,1.25
W0199,Night,2025-01-31,6.0,0.75
W0199,Night,2025-02-11,6.0,0.75
W0199,Night,2025-02-24,10.0,1.25
W0199,Night,2025-03-01,9.0,1.125
W0199,Night,2025-03-14,7.0,0.875
W0199,Night,2025-04-02,10.0,1.25
W0199,Night,2025-04-07,6.0,0.75
W0199,Night,2025-04-12,9.0,1.125
W0199,Night,2025-04-15,6.0,0.75
W0199,Night,2025-04-16,6.0,0.75
W0199,Night,2025-04-20,9.0,1.125
W0199,Night,2025-06-06,8.0,1.0
W0199,Night,2025-06-15,8.0,1.0
W0199,Night,2025-06-24,9.0,1.125
W0200,Evening,2025-01-02,6.0,0.75
W0200,Evening,2025-02-19,8.0,1.0
W0200,Evening,2025-03-14,9.0,1.125
W0200,Evening,2025-03-16,9.0,1.125
W0200,Evening,2025-03-18,8.0,1.0
W0200,Evening,2025-04-30,9.0,1.125
W0200,Evening,2025-05-09,10.0,1.25
W0200,Morning,2025-02-27,10.0,1.25
W0200,Morning,2025-03-02,10.0,1.25
W0200,Morning,2025-03-28,8.0,1.0
W0200,Morning,2025-04-01,16.0,2.0
W0200,Morning,2025-04-17,10.0,1.25
W0200,Morning,2025-05-15,6.0,0.75
W0200,Morning,2025-06-11,7.0,0.875
W0200,Morning,2025-06-29,7.0,0.875
W0200,Night,2025-01-06,7.0,0.875
W0200,Night,2025-01-11,9.0,1.125
W0200,Night,2025-01-15,10.0,1.25
W0200,Night,2025-01-27,8.0,1.0
W0200,Night,2025-01-29,6.0,0.75
W0200,Night,2025-02-18,6.0,0.75
W0200,Night,2025-03-24,7.0,0.875
W0200,Night,2025-03-27,10.0,1.25
W0200,Night,2025-04-25,7.0,0.875
W0200,Night,2025-04-28,7.0,0.875
W0200,Night,2025-05-02,10.0,1.25
W0200,Night,2025-05-06,10.0,1.25
W0200,Night,2025-05-27,6.0,0.75
W0200,Night,2025-06-08,10.0,1.25
W0200,Night,2025-06-19,8.0,1.0
W0201,Evening,2025-01-05,10.0,1.25
W0201,Evening,2025-01-26,6.0,0.75
W0201,Evening,2025-01-31,10.0,1.25
W0201,Evening,2025-04-07,9.0,1.125
W0201,Evening,2025-06-08,6.0,0.75
W0201,Evening,2025-06-14,8.0,1.0
W0201,Morning,2025-01-21,10.0,1.25
W0201,Morning,2025-02-28,6.0,0.75
W0201,Morning,2025-03-20,10.0,1.25
W0201,Morning,2025-03-23,17.0,2.125
W0201,Morning,2025-04-06,10.0,1.25
W0201,Morning,2025-04-27,10.0,1.25
W0201,Morning,2025-05-04,7.0,0.875
W0201,Morning,2025-05-10,6.0,0.75
W0201,Morning,2025-05-16,10.0,1.25
W0201,Night,2025-01-17,6.0,0.75
W0201,Night,2025-02-05,6.0,0.75
W0201,Night,2025-02-22,7.0,0.875
W0201,Night,2025-02-23,7.0,0.875
W0201,Night,2025-03-03,10.0,1.25
W0201,Night,2025-03-14,9.0,1.125
W0201,Night,2025-03-19,9.0,1.125
W0201,Night,2025-03-21,9.0,1.125
W0201,Night,2025-03-29,7.0,0.875
W0201,Night,2025-03-31,7.0,0.875
W0201,Night,2025-04-09,9.0,1.125
W0201,Night,2025-04-17,8.0,1.0
W0201,Night,2025-04-25,7.0,0.875
W0201,Night,2025-04-26,10.0,1.25
W0201,Night,2025-06-15,9.0,1.125
W0202,Evening,2025-02-12,6.0,0.75
W0202,Evening,2025-02-15,8.0,1.0
W0202,Evening,2025-02-18,8.0,1.0
W0202,Evening,2025-03-07,10.0,1.25
W0202,Evening,2025-03-09,7.0,0.875
W0202,Evening,2025-03-31,7.0,0.875
W0202,Evening,2025-05-04,7.0,0.875
W0202,Evening,2025-05-10,9.0,1.125
W0202,Evening,2025-05-13,8.0,1.0
W0202,Morning,2025-01-22,10.0,1.25
W0202,Morning,2025-02-05,8.0,1.0
W0202,Morning,2025-02-08,7.0,0.875
W0202,Morning,2025-02-13,9.0,1.125
W0202,Morning,2025-04-23,8.0,1.0
W0202,Morning,2025-05-11,8.0,1.0
W0202,Morning,2025-06-03,10.0,1.25
W0202,Morning,2025-06-28,10.0,1.25
W0202,Night,2025-01-04,10.0,1.25
W0202,Night,2025-01-25,7.0,0.875
W0202,Night,2025-01-27,9.0,1.125
W0202,Night,2025-03-05,10.0,1.25
W0202,Night,2025-03-24,9.0,1.125
W0202,Night,2025-04-14,8.0,1.0
W0202,Night,2025-04-21,9.0,1.125
W0202,Night,2025-05-12,10.0,1.25
W0202,Night,2025-05-17,8.0,1.0
W0202,Night,2025-05-22,9.0,1.125
W0202,Night,2025-05-29,6.0,0.75
W0202,Night,2025-05-30,8.0,1.0
W0202,Night,2025-06-10,6.0,0.75
W0202,Night,2025-06-15,7.0,0.875
W0202,Night,2025-06-20,8.0,1.0
W0202,Night,2025-06-24,7.0,0.875
W0202,Night,2025-06-26,8.0,1.0
W0203,Evening,2025-01-03,7.0,0.875
W0203,Evening,2025-01-22,10.0,1.25
W0203,Evening,2025-01-29,6.0,0.75
W0203,Evening,2025-02-08,6.0,0.75
W0203,Evening,2025-02-09,8.0,1.0
W0203,Evening,2025-02-16,7.0,0.875
W0203,Evening,2025-03-07,6.0,0.75
W0203,Evening,2025-04-21,6.0,0.75
W0203,Evening,2025-05-01,9.0,1.125
W0203,Evening,2025-05-25,7.0,0.875
W0203,Evening,2025-05-30,7.0,0.875
W0203,Evening,2025-06-02,7.0,0.875
W0203,Evening,2025-06-20,10.0,1.25
W0203,Morning,2025-02-03,10.0,1.25
W0203,Morning,2025-02-09,6.0,0.75
W0203,Morning,2025-03-03,6.0,0.75
W0203,Morning,2025-03-06,8.0,1.0
W0203,Morning,2025-03-12,7.0,0.875
W0203,Morning,2025-03-23,10.0,1.25
W0203,Morning,2025-03-24,8.0,1.0
W0203,Morning,2025-03-26,9.0,1.125
W0203,Morning,2025-04-18,7.0,0.875
W0203,Morning,2025-05-09,9.0,1.125
W0203,Morning,2025-05-14,8.0,1.0
W0203,Night,2025-01-15,7.0,0.875
W0203,Night,2025-01-16,10.0,1.25
W0203,Night,2025-01-22,6.0,0.75
W0203,Night,2025-02-04,6.0,0.75
W0203,Night,2025-02-28,8.0,1.0
W0203,Night,2025-03-03,7.0,0.875
W0203,Night,2025-04-05,8.0,1.0
W0203,Night,2025-04-17,10.0,1.25
W0203,Night,2025-04-25,6.0,0.75
W0203,Night,2025-05-07,6.0,0.75
W0203,Night,2025-06-09,6.0,0.75
W0203,Night,2025-06-29,10.0,1.25
W0204,Evening,2025-01-15,7.0,0.875
W0204,Evening,2025-01-19,6.0,0.75
W0204,Evening,2025-01-25,10.0,1.25
W0204,Evening,2025-02-18,7.0,0.875
W0204,Evening,2025-02-24,6.0,0.75
W0204,Evening,2025-03-17,8.0,1.0
W0204,Evening,2025-03-20,6.0,0.75
W0204,Evening,2025-04-23,10.0,1.25
W0204,Evening,2025-04-29,8.0,1.0
W0204,Evening,2025-05-03,9.0,1.125
W0204,Evening,2025-05-04,10.0,1.25
W0204,Evening,2025-05-14,8.0,1.0
W0204,Evening,2025-05-17,8.0,1.0
W0204,Evening,2025-05-27,10.0,1.25
W0204,Evening,2025-06-04,10.0,1.25
W0204,Evening,2025-06-05,7.0,0.875
W0204,Evening,2025-06-15,7.0,0.875
W0204,Morning,2025-01-10,7.0,0.875
W0204,Morning,2025-01-11,9.0,1.125
W0204,Morning,2025-01-26,10.0,1.25
W0204,Morning,2025-01-30,9.0,1.125
W0204,Morning,2025-04-03,6.0,0.75
W0204,Morning,2025-06-20,8.0,1.0
W0204,Night,2025-01-02,7.0,0.875
W0204,Night,2025-01-03,6.0,0.75
W0204,Night,2025-01-26,7.0,0.875
W0204,Night,2025-01-31,9.0,1.125
W0204,Night,2025-03-01,10.0,1.25
W0204,Night,2025-03-25,6.0,0.75
W0204,Night,2025-04-04,9.0,1.125
W0204,Night,2025-04-08,8.0,1.0
W0204,Night,2025-04-10,9.0,1.125
W0204,Night,2025-04-23,10.0,1.25
W0204,Night,2025-04-27,8.0,1.0
W0204,Night,2025-05-27,10.0,1.25
W0204,Night,2025-05-31,7.0,0.875
W0204,Night,2025-06-29,6.0,0.75
W0205,Evening,2025-01-09,6.0,0.75
W0205,Evening,2025-01-23,8.0,1.0
W0205,Evening,2025-04-01,10.0,1.25
W0205,Evening,2025-04-24,8.0,1.0
W0205,Evening,2025-05-11,7.0,0.875
W0205,Evening,2025-05-13,7.0,0.875
W0205,Evening,2025-05-17,6.0,0.75
W0205,Evening,2025-05-18,7.0,0.875
W0205,Evening,2025-06-01,10.0,1.25
W0205,Morning,2025-01-03,10.0,1.25
W0205,Morning,2025-01-26,8.0,1.0
W0205,Morning,2025-01-28,10.0,1.25
W0205,Morning,2025-04-25,9.0,1.125
W0205,Morning,2025-04-26,9.0,1.125
W0205,Morning,2025-05-26,9.0,1.125
W0205,Morning,2025-05-31,9.0,1.125
W0205,Morning,2025-06-07,7.0,0.875
W0205,Night,2025-01-07,8.0,1.0
W0205,Night,2025-01-25,6.0,0.75
W0205,Night,2025-01-26,6.0,0.75
W0205,Night,2025-02-01,18.0,2.25
W0205,Night,2025-02-05,9.0,1.125
W0205,Night,2025-02-08,10.0,1.25
W0205,Night,2025-03-11,6.0,0.75
W0205,Night,2025-03-24,6.0,0.75
W0205,Night,2025-03-29,6.0,0.75
W0205,Night,2025-03-30,7.0,0.875
W0205,Night,2025-05-05,6.0,0.75
W0205,Night,2025-05-08,10.0,1.25
W0205,Night,2025-05-17,6.0,0.75
W0205,Night,2025-05-29,10.0,1.25
W0205,Night,2025-06-03,10.0,1.25
W0205,Night,2025-06-09,10.0,1.25
W0205,Night,2025-06-13,7.0,0.875
W0205,Night,2025-06-18,10.0,1.25
W0206,Evening,2025-01-13,6.0,0.75
W0206,Evening,2025-01-21,8.0,1.0
W0206,Evening,2025-02-25,10.0,1.25
W0206,Evening,2025-03-13,7.0,0.875
W0206,Evening,2025-04-27,8.0,1.0
W0206,Evening,2025-05-03,7.0,0.875
W0206,Evening,2025-05-09,10.0,1.25
W0206,Evening,2025-06-15,9.0,1.125
W0206,Morning,2025-01-07,6.0,0.75
W0206,Morning,2025-01-09,9.0,1.125
W0206,Morning,2025-01-26,9.0,1.125
W0206,Morning,2025-02-05,9.0,1.125
W0206,Morning,2025-02-13,18.0,2.25
W0206,Morning,2025-02-17,9.0,1.125
W0206,Morning,2025-02-20,10.0,1.25
W0206,Morning,2025-03-06,6.0,0.75
W0206,Morning,2025-03-17,10.0,1.25
W0206,Morning,2025-04-04,7.0,0.875
W0206,Morning,2025-05-09,7.0,0.875
W0206,Morning,2025-06-07,9.0,1.125
W0206,Night,2025-01-05,8.0,1.0
W0206,Night,2025-01-16,7.0,0.875
W0206,Night,2025-01-19,9.0,1.125
W0206,Night,2025-01-25,6.0,0.75
W0206,Night,2025-03-28,7.0,0.875
W0206,Night,2025-04-01,9.0,1.125
W0206,Night,2025-04-16,8.0,1.0
W0206,Night,2025-04-17,7.0,0.875
W0206,Night,2025-04-30,10.0,1.25
W0206,Night,2025-05-01,6.0,0.75
W0206,Night,2025-05-03,10.0,1.25
W0206,Night,2025-05-04,9.0,1.125
W0206,Night,2025-05-06,6.0,0.75
W0206,Night,2025-05-09,9.0,1.125
W0206,Night,2025-05-13,17.0,2.125
W0206,Night,2025-05-21,6.0,0.75
W0206,Night,2025-05-30,8.0,1.0
W0206,Night,2025-06-24,9.0,1.125
W0206,Night,2025-06-26,8.0,1.0
W0207,Evening,2025-01-05,8.0,1.0
W0207,Evening,2025-01-20,8.0,1.0
W0207,Evening,2025-02-02,6.0,0.75
W0207,Evening,2025-03-03,10.0,1.25
W0207,Evening,2025-04-20,6.0,0.75
W0207,Evening,2025-05-04,8.0,1.0
W0207,Evening,2025-06-08,8.0,1.0
W0207,Morning,2025-01-07,8.0,1.0
W0207,Morning,2025-01-08,10.0,1.25
W0207,Morning,2025-01-11,9.0,1.125
W0207,Morning,2025-01-31,9.0,1.125
W0207,Morning,2025-02-22,6.0,0.75
W0207,Morning,2025-02-25,7.0,0.875
W0207,Morning,2025-03-28,6.0,0.75
W0207,Morning,2025-05-07,9.0,1.125
W0207,Morning,2025-06-13,9.0,1.125
W0207,Night,2025-01-29,9.0,1.125
W0207,Night,2025-03-24,8.0,1.0
W0207,Night,2025-03-28,9.0,1.125
W0207,Night,2025-04-11,7.0,0.875
W0207,Night,2025-05-08,8.0,1.0
W0207,Night,2025-05-28,8.0,1.0
W0207,Night,2025-06-09,8.0,1.0
W0207,Night,2025-06-25,7.0,0.875
W0207,Night,2025-06-29,10.0,1.25
W0208,Evening,2025-01-24,7.0,0.875
W0208,Evening,2025-02-23,7.0,0.875
W0208,Evening,2025-05-16,8.0,1.0
W0208,Evening,2025-05-29,9.0,1.125
W0208,Evening,2025-06-26,10.0,1.25
W0208,Morning,2025-01-17,10.0,1.25
W0208,Morning,2025-01-19,9.0,1.125
W0208,Morning,2025-02-03,6.0,0.75
W0208,Morning,2025-02-17,8.0,1.0
W0208,Morning,2025-03-23,8.0,1.0
W0208,Morning,2025-04-01,7.0,0.875
W0208,Morning,2025-04-29,8.0,1.0
W0208,Morning,2025-05-15,9.0,1.125
W0208,Morning,2025-05-22,10.0,1.25
W0208,Morning,2025-05-25,8.0,1.0
W0208,Morning,2025-06-24,10.0,1.25
W0208,Morning,2025-06-25,10.0,1.25
W0208,Night,2025-01-02,7.0,0.875
W0208,Night,2025-01-05,10.0,1.25
W0208,Night,2025-01-09,6.0,0.75
W0208,Night,2025-01-20,7.0,0.875
W0208,Night,2025-01-27,6.0,0.75
W0208,Night,2025-02-22,8.0,1.0
W0208,Night,2025-03-06,9.0,1.125
W0208,Night,2025-04-15,8.0,1.0
W0208,Night,2025-04-28,8.0,1.0
W0208,Night,2025-05-13,8.0,1.0
W0208,Night,2025-06-06,10.0,1.25
W0208,Night,2025-06-15,9.0,1.125
W0209,Evening,2025-01-19,9.0,1.125
W0209,Evening,2025-02-12,8.0,1.0
W0209,Evening,2025-02-21,10.0,1.25
W0209,Evening,2025-06-04,10.0,1.25
W0209,Morning,2025-02-14,7.0,0.875
W0209,Morning,2025-03-02,7.0,0.875
W0209,Morning,2025-03-27,10.0,1.25
W0209,Morning,2025-06-02,7.0,0.875
W0209,Night,2025-01-01,7.0,0.875
W0209,Night,2025-01-03,8.0,1.0
W0209,Night,2025-01-09,9.0,1.125
W0209,Night,2025-02-13,7.0,0.875
W0209,Night,2025-02-21,7.0,0.875
W0209,Night,2025-03-04,7.0,0.875
W0209,Night,2025-03-12,8.0,1.0
W0209,Night,2025-03-19,10.0,1.25
W0209,Night,2025-03-23,7.0,0.875
W0209,Night,2025-04-02,9.0,1.125
W0209,Night,2025-04-04,9.0,1.125
W0209,Night,2025-04-05,10.0,1.25
W0209,Night,2025-04-14,9.0,1.125
W0209,Night,2025-05-03,10.0,1.25
W0209,Night,2025-05-05,7.0,0.875
W0209,Night,2025-05-12,9.0,1.125
W0209,Night,2025-05-29,9.0,1.125
W0209,Night,2025-05-31,9.0,1.125
W0209,Night,2025-06-05,6.0,0.75
W0209,Night,2025-06-24,9.0,1.125
W0210,Evening,2025-01-26,8.0,1.0
W0210,Evening,2025-04-08,9.0,1.125
W0210,Morning,2025-01-25,10.0,1.25
W0210,Morning,2025-01-29,9.0,1.125
W0210,Morning,2025-02-02,8.0,1.0
W0210,Morning,2025-02-14,9.0,1.125
W0210,Morning,2025-04-02,7.0,0.875
W0210,Morning,2025-04-11,9.0,1.125
W0210,Morning,2025-05-06,10.0,1.25
W0210,Morning,2025-05-08,9.0,1.125
W0210,Morning,2025-05-22,9.0,1.125
W0210,Morning,2025-05-31,7.0,0.875
W0210,Night,2025-01-05,7.0,0.875
W0210,Night,2025-01-10,10.0,1.25
W0210,Night,2025-01-26,9.0,1.125
W0210,Night,2025-02-24,12.0,1.5
W0210,Night,2025-03-06,18.0,2.25
W0210,Night,2025-03-22,7.0,0.875
W0210,Night,2025-04-18,8.0,1.0
W0210,Night,2025-05-07,7.0,0.875
W0210,Night,2025-06-02,9.0,1.125
W0210,Night,2025-06-06,7.0,0.875
W0210,Night,2025-06-08,8.0,1.0
W0210,Night,2025-06-15,7.0,0.875
W0210,Night,2025-06-25,8.0,1.0
W0211,Evening,2025-01-17,7.0,0.875
W0211,Evening,2025-01-30,6.0,0.75
W0211,Evening,2025-01-31,9.0,1.125
W0211,Evening,2025-04-19,6.0,0.75
W0211,Morning,2025-03-01,7.0,0.875
W0211,Morning,2025-05-20,9.0,1.125
W0211,Morning,2025-05-26,7.0,0.875
W0211,Morning,2025-05-28,7.0,0.875
W0211,Morning,2025-06-19,9.0,1.125
W0211,Morning,2025-06-23,10.0,1.25
W0211,Night,2025-01-11,6.0,0.75
W0211,Night,2025-01-30,9.0,1.125
W0211,Night,2025-02-22,8.0,1.0
W0211,Night,2025-02-23,8.0,1.0
W0211,Night,2025-03-05,7.0,0.875
W0211,Night,2025-03-16,10.0,1.25
W0211,Night,2025-05-12,8.0,1.0
W0211,Night,2025-05-25,9.0,1.125
W0212,Evening,2025-01-05,10.0,1.25
W0212,Evening,2025-01-29,8.0,1.0
W0212,Evening,2025-03-07,7.0,0.875
W0212,Evening,2025-03-11,9.0,1.125
W0212,Evening,2025-04-02,9.0,1.125
W0212,Evening,2025-04-10,10.0,1.25
W0212,Evening,2025-04-28,6.0,0.75
W0212,Evening,2025-05-08,9.0,1.125
W0212,Evening,2025-06-11,7.0,0.875
W0212,Morning,2025-04-11,10.0,1.25
W0212,Morning,2025-04-27,8.0,1.0
W0212,Morning,2025-06-29,10.0,1.25
W0212,Night,2025-01-16,8.0,1.0
W0212,Night,2025-02-19,7.0,0.875
W0212,Night,2025-02-28,7.0,0.875
W0212,Night,2025-03-09,7.0,0.875
W0212,Night,2025-04-06,9.0,1.125
W0212,Night,2025-04-10,8.0,1.0
W0212,Night,2025-04-12,9.0,1.125
W0212,Night,2025-04-15,10.0,1.25
W0212,Night,2025-05-11,10.0,1.25
W0212,Night,2025-05-14,7.0,0.875
W0212,Night,2025-05-18,6.0,0.75
W0212,Night,2025-06-02,6.0,0.75
W0212,Night,2025-06-21,8.0,1.0
W0212,Night,2025-06-28,9.0,1.125
W0213,Evening,2025-01-24,6.0,0.75
W0213,Evening,2025-01-25,6.0,0.75
W0213,Evening,2025-02-10,8.0,1.0
W0213,Evening,2025-02-24,10.0,1.25
W0213,Evening,2025-03-01,9.0,1.125
W0213,Evening,2025-03-06,10.0,1.25
W0213,Evening,2025-05-05,7.0,0.875
W0213,Evening,2025-05-09,8.0,1.0
W0213,Morning,2025-03-16,9.0,1.125
W0213,Morning,2025-04-16,7.0,0.875
W0213,Morning,2025-04-19,10.0,1.25
W0213,Night,2025-01-07,9.0,1.125
W0213,Night,2025-01-23,6.0,0.75
W0213,Night,2025-01-28,7.0,0.875
W0213,Night,2025-02-06,9.0,1.125
W0213,Night,2025-04-03,8.0,1.0
W0213,Night,2025-04-10,9.0,1.125
W0213,Night,2025-04-22,6.0,0.75
W0213,Night,2025-04-27,6.0,0.75
W0213,Night,2025-06-13,9.0,1.125
W0213,Night,2025-06-16,10.0,1.25
W0213,Night,2025-06-26,10.0,1.25
W0214,Evening,2025-01-09,6.0,0.75
W0214,Evening,2025-01-21,8.0,1.0
W0214,Evening,2025-02-06,10.0,1.25
W0214,Evening,2025-03-01,8.0,1.0
W0214,Evening,2025-04-02,6.0,0.75
W0214,Evening,2025-04-16,10.0,1.25
W0214,Evening,2025-04-26,6.0,0.75
W0214,Evening,2025-06-10,7.0,0.875
W0214,Morning,2025-01-15,6.0,0.75
W0214,Morning,2025-02-09,7.0,0.875
W0214,Morning,2025-03-04,8.0,1.0
W0214,Morning,2025-03-10,9.0,1.125
W0214,Morning,2025-04-06,8.0,1.0
W0214,Morning,2025-04-12,9.0,1.125
W0214,Morning,2025-04-23,7.0,0.875
W0214,Morning,2025-04-28,7.0,0.875
W0214,Morning,2025-06-12,8.0,1.0
W0214,Morning,2025-06-14,8.0,1.0
W0214,Night,2025-01-13,7.0,0.875
W0214,Night,2025-02-09,7.0,0.875
W0214,Night,2025-02-17,6.0,0.75
W0214,Night,2025-02-20,6.0,0.75
W0214,Night,2025-02-27,6.0,0.75
W0214,Night,2025-03-19,7.0,0.875
W0214,Night,2025-05-22,7.0,0.875
W0214,Night,2025-05-24,7.0,0.875
W0214,Night,2025-05-29,8.0,1.0
W0215,Evening,2025-01-02,8.0,1.0
W0215,Evening,2025-01-06,6.0,0.75
W0215,Evening,2025-01-17,8.0,1.0
W0215,Evening,2025-02-22,7.0,0.875
W0215,Evening,2025-03-09,10.0,1.25
W0215,Evening,2025-03-25,7.0,0.875
W0215,Evening,2025-04-03,9.0,1.125
W0215,Evening,2025-04-04,9.0,1.125
W0215,Evening,2025-05-13,10.0,1.25
W0215,Evening,2025-05-14,7.0,0.875
W0215,Evening,2025-05-30,6.0,0.75
W0215,Morning,2025-01-01,6.0,0.75
W0215,Morning,2025-01-02,9.0,1.125
W0215,Morning,2025-01-20,7.0,0.875
W0215,Morning,2025-01-31,20.0,2.5
W0215,Morning,2025-03-28,6.0,0.75
W0215,Morning,2025-04-25,8.0,1.0
W0215,Morning,2025-05-02,6.0,0.75
W0215,Morning,2025-05-31,6.0,0.75
W0215,Morning,2025-06-06,10.0,1.25
W0215,Morning,2025-06-15,8.0,1.0
W0215,Night,2025-01-10,9.0,1.125
W0215,Night,2025-01-15,18.0,2.25
W0215,Night,2025-02-01,14.0,1.75
W0215,Night,2025-02-06,6.0,0.75
W0215,Night,2025-02-15,6.0,0.75
W0215,Night,2025-03-06,8.0,1.0
W0215,Night,2025-03-12,6.0,0.75
W0215,Night,2025-03-17,7.0,0.875
W0215,Night,2025-04-25,10.0,1.25
W0215,Night,2025-05-16,7.0,0.875
W0215,Night,2025-05-18,6.0,0.75
W0215,Night,2025-06-13,7.0,0.875
W0215,Night,2025-06-17,9.0,1.125
W0215,Night,2025-06-18,9.0,1.125
W0215,Night,2025-06-19,9.0,1.125
W0216,Evening,2025-04-08,6.0,0.75
W0216,Evening,2025-04-24,9.0,1.125
W0216,Evening,2025-05-16,10.0,1.25
W0216,Morning,2025-01-01,8.0,1.0
W0216,Morning,2025-01-29,8.0,1.0
W0216,Morning,2025-02-02,10.0,1.25
W0216,Morning,2025-02-18,8.0,1.0
W0216,Morning,2025-02-27,8.0,1.0
W0216,Morning,2025-03-05,10.0,1.25
W0216,Morning,2025-03-19,10.0,1.25
W0216,Morning,2025-04-28,6.0,0.75
W0216,Morning,2025-05-06,6.0,0.75
W0216,Morning,2025-05-17,6.0,0.75
W0216,Morning,2025-06-27,6.0,0.75
W0216,Night,2025-01-07,7.0,0.875
W0216,Night,2025-02-06,7.0,0.875
W0216,Night,2025-02-09,6.0,0.75
W0216,Night,2025-02-17,6.0,0.75
W0216,Night,2025-02-20,7.0,0.875
W0216,Night,2025-03-01,10.0,1.25
W0216,Night,2025-03-22,19.0,2.375
W0216,Night,2025-03-31,9.0,1.125
W0216,Night,2025-04-16,9.0,1.125
W0216,Night,2025-05-04,7.0,0.875
W0216,Night,2025-05-10,6.0,0.75
W0216,Night,2025-05-11,8.0,1.0
W0216,Night,2025-05-15,7.0,0.875
W0216,Night,2025-05-31,7.0,0.875
W0216,Night,2025-06-03,6.0,0.75
W0216,Night,2025-06-04,10.0,1.25
W0216,Night,2025-06-08,6.0,0.75
W0216,Night,2025-06-12,8.0,1.0
W0216,Night,2025-06-22,7.0,0.875
W0216,Night,2025-06-28,9.0,1.125
W0217,Evening,2025-01-03,6.0,0.75
W0217,Evening,2025-01-19,10.0,1.25
W0217,Evening,2025-02-02,9.0,1.125
W0217,Evening,2025-04-14,6.0,0.75
W0217,Evening,2025-04-18,6.0,0.75
W0217,Evening,2025-06-03,8.0,1.0
W0217,Morning,2025-01-07,10.0,1.25
W0217,Morning,2025-01-14,6.0,0.75
W0217,Morning,2025-02-27,6.0,0.75
W0217,Morning,2025-05-04,10.0,1.25
W0217,Morning,2025-05-17,8.0,1.0
W0217,Morning,2025-05-25,8.0,1.0
W0217,Morning,2025-06-25,8.0,1.0
W0217,Night,2025-01-06,6.0,0.75
W0217,Night,2025-01-12,7.0,0.875
W0217,Night,2025-01-15,8.0,1.0
W0217,Night,2025-01-29,10.0,1.25
W0217,Night,2025-02-12,8.0,1.0
W0217,Night,2025-02-22,9.0,1.125
W0217,Night,2025-02-23,8.0,1.0
W0217,Night,2025-03-09,6.0,0.75
W0217,Night,2025-03-11,10.0,1.25
W0217,Night,2025-03-12,9.0,1.125
W0217,Night,2025-03-21,8.0,1.0
W0217,Night,2025-03-31,6.0,0.75
W0217,Night,2025-04-04,10.0,1.25
W0217,Night,2025-04-16,7.0,0.875
W0217,Night,2025-04-27,10.0,1.25
W0217,Night,2025-05-07,7.0,0.875
W0217,Night,2025-06-02,10.0,1.25
W0217,Night,2025-06-21,8.0,1.0
W0217,Night,2025-06-25,7.0,0.875
W0217,Night,2025-06-27,9.0,1.125
W0217,Night,2025-06-28,8.0,1.0
W0218,Evening,2025-01-29,9.0,1.125
W0218,Evening,2025-02-26,10.0,1.25
W0218,Evening,2025-06-01,6.0,0.75
W0218,Morning,2025-01-16,9.0,1.125
W0218,Morning,2025-02-23,6.0,0.75
W0218,Morning,2025-03-27,9.0,1.125
W0218,Morning,2025-05-13,10.0,1.25
W0218,Morning,2025-06-02,10.0,1.25
W0218,Morning,2025-06-16,9.0,1.125
W0218,Night,2025-01-24,10.0,1.25
W0218,Night,2025-01-31,8.0,1.0
W0218,Night,2025-02-03,10.0,1.25
W0218,Night,2025-02-27,7.0,0.875
W0218,Night,2025-03-02,9.0,1.125
W0218,Night,2025-03-08,8.0,1.0
W0218,Night,2025-03-12,6.0,0.75
W0218,Night,2025-04-16,6.0,0.75
W0218,Night,2025-04-27,18.0,2.25
W0218,Night,2025-04-28,9.0,1.125
W0218,Night,2025-05-13,7.0,0.875
W0218,Night,2025-05-26,9.0,1.125
W0218,Night,2025-06-07,9.0,1.125
W0218,Night,2025-06-11,6.0,0.75
W0218,Night,2025-06-12,8.0,1.0
W0218,Night,2025-06-17,10.0,1.25
W0219,Evening,2025-02-23,9.0,1.125
W0219,Evening,2025-06-14,10.0,1.25
W0219,Morning,2025-02-23,6.0,0.75
W0219,Morning,2025-03-14,7.0,0.875
W0219,Morning,2025-04-14,10.0,1.25
W0219,Morning,2025-04-18,6.0,0.75
W0219,Morning,2025-04-22,7.0,0.875
W0219,Morning,2025-05-16,6.0,0.75
W0219,Morning,2025-06-27,10.0,1.25
W0219,Night,2025-01-13,7.0,0.875
W0219,Night,2025-01-18,8.0,1.0
W0219,Night,2025-01-24,10.0,1.25
W0219,Night,2025-01-27,7.0,0.875
W0219,Night,2025-02-14,6.0,0.75
W0219,Night,2025-02-25,7.0,0.875
W0219,Night,2025-02-27,10.0,1.25
W0219,Night,2025-05-02,9.0,1.125
W0219,Night,2025-05-10,9.0,1.125
W0219,Night,2025-05-12,6.0,0.75
W0219,Night,2025-05-15,9.0,1.125
W0219,Night,2025-06-06,7.0,0.875
W0219,Night,2025-06-21,9.0,1.125
W0219,Night,2025-06-27,8.0,1.0
W0220,Evening,2025-01-10,7.0,0.875
W0220,Evening,2025-01-25,8.0,1.0
W0220,Evening,2025-03-12,6.0,0.75
W0220,Evening,2025-03-16,6.0,0.75
W0220,Evening,2025-04-16,6.0,0.75
W0220,Evening,2025-06-04,7.0,0.875
W0220,Morning,2025-01-25,8.0,1.0
W0220,Morning,2025-01-28,7.0,0.875
W0220,Morning,2025-03-06,10.0,1.25
W0220,Morning,2025-03-07,10.0,1.25
W0220,Morning,2025-03-23,8.0,1.0
W0220,Morning,2025-03-31,10.0,1.25
W0220,Morning,2025-05-16,7.0,0.875
W0220,Night,2025-01-16,10.0,1.25
W0220,Night,2025-01-20,7.0,0.875
W0220,Night,2025-01-25,7.0,0.875
W0220,Night,2025-01-30,8.0,1.0
W0220,Night,2025-03-21,19.0,2.375
W0220,Night,2025-03-22,7.0,0.875
W0220,Night,2025-03-27,6.0,0.75
W0220,Night,2025-03-31,7.0,0.875
W0220,Night,2025-04-19,7.0,0.875
W0220,Night,2025-04-27,10.0,1.25
W0220,Night,2025-05-05,6.0,0.75
W0220,Night,2025-05-15,7.0,0.875
W0220,Night,2025-05-28,9.0,1.125
W0220,Night,2025-06-21,10.0,1.25
W0220,Night,2025-06-26,7.0,0.875
W0221,Evening,2025-01-03,6.0,0.75
W0221,Evening,2025-01-22,7.0,0.875
W0221,Evening,2025-03-17,7.0,0.875
W0221,Evening,2025-04-12,7.0,0.875
W0221,Evening,2025-05-23,10.0,1.25
W0221,Morning,2025-01-19,8.0,1.0
W0221,Morning,2025-03-13,7.0,0.875
W0221,Morning,2025-03-30,7.0,0.875
W0221,Morning,2025-06-07,6.0,0.75
W0221,Morning,2025-06-08,10.0,1.25
W0221,Morning,2025-06-09,9.0,1.125
W0221,Morning,2025-06-27,7.0,0.875
W0221,Night,2025-01-02,10.0,1.25
W0221,Night,2025-02-01,6.0,0.75
W0221,Night,2025-02-06,8.0,1.0
W0221,Night,2025-03-01,7.0,0.875
W0221,Night,2025-03-28,7.0,0.875
W0221,Night,2025-04-11,6.0,0.75
W0221,Night,2025-04-29,10.0,1.25
W0221,Night,2025-05-24,6.0,0.75
W0221,Night,2025-05-25,6.0,0.75
W0221,Night,2025-06-01,8.0,1.0
W0221,Night,2025-06-25,10.0,1.25
W0222,Evening,2025-01-05,7.0,0.875
W0222,Evening,2025-01-09,9.0,1.125
W0222,Evening,2025-01-14,8.0,1.0
W0222,Evening,2025-02-07,6.0,0.75
W0222,Evening,2025-03-20,7.0,0.875
W0222,Evening,2025-03-28,8.0,1.0
W0222,Evening,2025-04-03,6.0,0.75
W0222,Evening,2025-04-14,8.0,1.0
W0222,Evening,2025-04-29,7.0,0.875
W0222,Morning,2025-01-14,7.0,0.875
W0222,Morning,2025-01-23,6.0,0.75
W0222,Morning,2025-02-15,10.0,1.25
W0222,Morning,2025-03-27,8.0,1.0
W0222,Morning,2025-04-24,10.0,1.25
W0222,Morning,2025-05-15,6.0,0.75
W0222,Morning,2025-06-14,9.0,1.125
W0222,Night,2025-01-16,8.0,1.0
W0222,Night,2025-01-18,10.0,1.25
W0222,Night,2025-01-29,9.0,1.125
W0222,Night,2025-02-04,10.0,1.25
W0222,Night,2025-02-19,9.0,1.125
W0222,Night,2025-03-06,9.0,1.125
W0222,Night,2025-03-08,10.0,1.25
W0222,Night,2025-03-25,9.0,1.125
W0222,Night,2025-03-27,7.0,0.875
W0222,Night,2025-04-27,10.0,1.25
W0222,Night,2025-06-12,9.0,1.125
W0222,Night,2025-06-28,9.0,1.125
W0223,Evening,2025-01-22,7.0,0.875
W0223,Evening,2025-02-05,10.0,1.25
W0223,Evening,2025-03-01,6.0,0.75
W0223,Evening,2025-03-06,7.0,0.875
W0223,Evening,2025-03-30,8.0,1.0
W0223,Evening,2025-05-11,10.0,1.25
W0223,Evening,2025-05-17,9.0,1.125
W0223,Evening,2025-06-27,10.0,1.25
W0223,Evening,2025-06-29,10.0,1.25
W0223,Morning,2025-01-05,7.0,0.875
W0223,Morning,2025-02-26,6.0,0.75
W0223,Morning,2025-03-11,7.0,0.875
W0223,Morning,2025-03-25,6.0,0.75
W0223,Morning,2025-05-15,9.0,1.125
W0223,Morning,2025-05-17,6.0,0.75
W0223,Morning,2025-06-01,10.0,1.25
W0223,Morning,2025-06-26,9.0,1.125
W0223,Night,2025-01-07,10.0,1.25
W0223,Night,2025-01-18,10.0,1.25
W0223,Night,2025-02-20,8.0,1.0
W0223,Night,2025-02-22,7.0,0.875
W0223,Night,2025-03-03,8.0,1.0
W0223,Night,2025-03-06,8.0,1.0
W0223,Night,2025-03-08,10.0,1.25
W0223,Night,2025-03-17,7.0,0.875
W0223,Night,2025-03-18,8.0,1.0
W0223,Night,2025-03-22,10.0,1.25
W0223,Night,2025-03-24,8.0,1.0
W0223,Night,2025-04-20,8.0,1.0
W0223,Night,2025-05-25,7.0,0.875
W0223,Night,2025-05-28,8.0,1.0
W0223,Night,2025-06-12,8.0,1.0
W0223,Night,2025-06-23,10.0,1.25
W0224,Evening,2025-01-13,10.0,1.25
W0224,Evening,2025-05-07,7.0,0.875
W0224,Evening,2025-05-10,9.0,1.125
W0224,Evening,2025-06-07,10.0,1.25
W0224,Morning,2025-02-24,8.0,1.0
W0224,Morning,2025-05-02,8.0,1.0
W0224,Morning,2025-05-14,7.0,0.875
W0224,Morning,2025-06-10,10.0,1.25
W0224,Night,2025-01-04,7.0,0.875
W0224,Night,2025-01-09,10.0,1.25
W0224,Night,2025-01-16,8.0,1.0
W0224,Night,2025-02-02,9.0,1.125
W0224,Night,2025-02-16,9.0,1.125
W0224,Night,2025-03-05,6.0,0.75
W0224,Night,2025-03-10,6.0,0.75
W0224,Night,2025-03-15,9.0,1.125
W0224,Night,2025-03-19,8.0,1.0
W0224,Night,2025-05-06,6.0,0.75
W0224,Night,2025-05-12,6.0,0.75
W0224,Night,2025-05-21,9.0,1.125
W0224,Night,2025-05-27,9.0,1.125
W0224,Night,2025-06-20,7.0,0.875
W0225,Evening,2025-01-19,7.0,0.875
W0225,Evening,2025-01-20,7.0,0.875
W0225,Evening,2025-02-04,9.0,1.125
W0225,Evening,2025-02-14,10.0,1.25
W0225,Evening,2025-02-26,6.0,0.75
W0225,Evening,2025-02-28,6.0,0.75
W0225,Evening,2025-06-15,8.0,1.0
W0225,Morning,2025-01-13,7.0,0.875
W0225,Morning,2025-01-15,8.0,1.0
W0225,Morning,2025-01-22,10.0,1.25
W0225,Morning,2025-02-28,6.0,0.75
W0225,Morning,2025-05-06,10.0,1.25
W0225,Morning,2025-05-10,10.0,1.25
W0225,Night,2025-01-03,10.0,1.25
W0225,Night,2025-01-08,8.0,1.0
W0225,Night,2025-01-18,6.0,0.75
W0225,Night,2025-01-23,10.0,1.25
W0225,Night,2025-02-02,9.0,1.125
W0225,Night,2025-02-15,6.0,0.75
W0225,Night,2025-03-01,9.0,1.125
W0225,Night,2025-04-11,9.0,1.125
W0225,Night,2025-04-20,9.0,1.125
W0225,Night,2025-04-22,9.0,1.125
W0225,Night,2025-05-19,6.0,0.75
W0225,Night,2025-05-20,8.0,1.0
W0225,Night,2025-05-25,6.0,0.75
W0225,Night,2025-05-30,6.0,0.75
W0225,Night,2025-06-21,6.0,0.75
W0226,Evening,2025-01-25,6.0,0.75
W0226,Evening,2025-02-04,9.0,1.125
W0226,Evening,2025-03-15,9.0,1.125
W0226,Evening,2025-04-30,7.0,0.875
W0226,Evening,2025-05-05,8.0,1.0
W0226,Evening,2025-05-13,9.0,1.125
W0226,Evening,2025-06-23,7.0,0.875
W0226,Morning,2025-01-11,7.0,0.875
W0226,Morning,2025-03-25,9.0,1.125
W0226,Morning,2025-04-10,8.0,1.0
W0226,Morning,2025-04-14,10.0,1.25
W0226,Morning,2025-05-24,10.0,1.25
W0226,Morning,2025-06-03,8.0,1.0
W0226,Morning,2025-06-10,10.0,1.25
W0226,Night,2025-01-30,7.0,0.875
W0226,Night,2025-02-08,6.0,0.75
W0226,Night,2025-02-15,8.0,1.0
W0226,Night,2025-03-26,7.0,0.875
W0226,Night,2025-04-18,6.0,0.75
W0226,Night,2025-04-23,6.0,0.75
W0226,Night,2025-04-27,7.0,0.875
W0226,Night,2025-05-16,6.0,0.75
W0226,Night,2025-05-24,10.0,1.25
W0226,Night,2025-05-27,8.0,1.0
W0227,Evening,2025-01-23,8.0,1.0
W0227,Evening,2025-01-27,7.0,0.875
W0227,Evening,2025-03-22,8.0,1.0
W0227,Evening,2025-04-05,6.0,0.75
W0227,Evening,2025-05-14,6.0,0.75
W0227,Evening,2025-05-26,10.0,1.25
W0227,Morning,2025-01-11,7.0,0.875
W0227,Morning,2025-01-20,6.0,0.75
W0227,Morning,2025-01-22,9.0,1.125
W0227,Morning,2025-02-05,6.0,0.75
W0227,Morning,2025-03-08,9.0,1.125
W0227,Morning,2025-03-12,10.0,1.25
W0227,Morning,2025-03-23,8.0,1.0
W0227,Morning,2025-03-26,9.0,1.125
W0227,Morning,2025-04-08,7.0,0.875
W0227,Morning,2025-04-19,10.0,1.25
W0227,Morning,2025-05-15,7.0,0.875
W0227,Morning,2025-06-12,10.0,1.25
W0227,Night,2025-01-10,6.0,0.75
W0227,Night,2025-01-16,6.0,0.75
W0227,Night,2025-01-21,8.0,1.0
W0227,Night,2025-01-22,10.0,1.25
W0227,Night,2025-01-23,8.0,1.0
W0227,Night,2025-01-24,7.0,0.875
W0227,Night,2025-01-29,9.0,1.125
W0227,Night,2025-02-02,7.0,0.875
W0227,Night,2025-02-07,6.0,0.75
W0227,Night,2025-02-25,6.0,0.75
W0227,Night,2025-03-14,7.0,0.875
W0227,Night,2025-03-17,9.0,1.125
W0227,Night,2025-03-23,6.0,0.75
W0227,Night,2025-04-11,8.0,1.0
W0227,Night,2025-04-19,9.0,1.125
W0227,Night,2025-05-08,10.0,1.25
W0227,Night,2025-05-09,8.0,1.0
W0227,Night,2025-06-05,6.0,0.75
W0228,Evening,2025-01-09,9.0,1.125
W0228,Evening,2025-01-11,8.0,1.0
W0228,Evening,2025-01-22,10.0,1.25
W0228,Evening,2025-02-13,7.0,0.875
W0228,Evening,2025-03-25,9.0,1.125
W0228,Evening,2025-04-03,9.0,1.125
W0228,Evening,2025-04-10,8.0,1.0
W0228,Evening,2025-04-22,9.0,1.125
W0228,Evening,2025-05-02,10.0,1.25
W0228,Evening,2025-06-01,6.0,0.75
W0228,Morning,2025-01-16,7.0,0.875
W0228,Morning,2025-02-08,8.0,1.0
W0228,Morning,2025-02-15,8.0,1.0
W0228,Morning,2025-02-25,8.0,1.0
W0228,Morning,2025-03-11,6.0,0.75
W0228,Morning,2025-03-16,6.0,0.75
W0228,Morning,2025-03-21,8.0,1.0
W0228,Morning,2025-04-03,8.0,1.0
W0228,Morning,2025-04-10,10.0,1.25
W0228,Morning,2025-04-15,7.0,0.875
W0228,Morning,2025-05-05,6.0,0.75
W0228,Morning,2025-05-24,9.0,1.125
W0228,Night,2025-01-05,6.0,0.75
W0228,Night,2025-01-21,10.0,1.25
W0228,Night,2025-03-02,8.0,1.0
W0228,Night,2025-03-23,7.0,0.875
W0228,Night,2025-04-26,9.0,1.125
W0228,Night,2025-06-01,8.0,1.0
W0228,Night,2025-06-08,10.0,1.25
W0228,Night,2025-06-13,6.0,0.75
W0228,Night,2025-06-22,6.0,0.75
W0228,Night,2025-06-25,6.0,0.75
W0229,Evening,2025-01-24,7.0,0.875
W0229,Evening,2025-01-31,6.0,0.75
W0229,Evening,2025-02-17,10.0,1.25
W0229,Evening,2025-02-23,9.0,1.125
W0229,Evening,2025-03-18,8.0,1.0
W0229,Evening,2025-04-09,10.0,1.25
W0229,Evening,2025-04-30,7.0,0.875
W0229,Evening,2025-05-08,9.0,1.125
W0229,Evening,2025-06-12,6.0,0.75
W0229,Evening,2025-06-15,7.0,0.875
W0229,Morning,2025-02-16,8.0,1.0
W0229,Morning,2025-04-30,6.0,0.75
W0229,Morning,2025-05-16,10.0,1.25
W0229,Morning,2025-06-09,9.0,1.125
W0229,Night,2025-01-18,10.0,1.25
W0229,Night,2025-01-26,6.0,0.75
W0229,Night,2025-02-08,7.0,0.875
W0229,Night,2025-02-18,6.0,0.75
W0229,Night,2025-02-26,9.0,1.125
W0229,Night,2025-03-04,7.0,0.875
W0229,Night,2025-03-15,8.0,1.0
W0229,Night,2025-03-20,10.0,1.25
W0229,Night,2025-04-06,8.0,1.0
W0230,Evening,2025-01-17,9.0,1.125
W0230,Evening,2025-03-11,6.0,0.75
W0230,Evening,2025-05-03,7.0,0.875
W0230,Evening,2025-05-10,7.0,0.875
W0230,Morning,2025-02-03,6.0,0.75
W0230,Morning,2025-02-08,9.0,1.125
W0230,Morning,2025-02-27,8.0,1.0
W0230,Morning,2025-04-02,7.0,0.875
W0230,Morning,2025-04-06,7.0,0.875
W0230,Morning,2025-04-08,10.0,1.25
W0230,Night,2025-01-21,10.0,1.25
W0230,Night,2025-01-28,7.0,0.875
W0230,Night,2025-02-12,10.0,1.25
W0230,Night,2025-02-23,10.0,1.25
W0230,Night,2025-02-28,7.0,0.875
W0230,Night,2025-03-06,6.0,0.75
W0230,Night,2025-03-13,8.0,1.0
W0230,Night,2025-03-22,7.0,0.875
W0230,Night,2025-03-29,6.0,0.75
W0230,Night,2025-04-06,7.0,0.875
W0230,Night,2025-04-15,8.0,1.0
W0230,Night,2025-04-17,7.0,0.875
W0230,Night,2025-04-30,9.0,1.125
W0230,Night,2025-05-08,6.0,0.75
W0230,Night,2025-05-16,10.0,1.25
W0230,Night,2025-06-04,7.0,0.875
W0230,Night,2025-06-10,10.0,1.25
W0231,Evening,2025-01-08,9.0,1.125
W0231,Evening,2025-01-21,10.0,1.25
W0231,Evening,2025-01-25,10.0,1.25
W0231,Evening,2025-02-24,8.0,1.0
W0231,Evening,2025-03-05,10.0,1.25
W0231,Evening,2025-05-21,7.0,0.875
W0231,Evening,2025-06-28,10.0,1.25
W0231,Morning,2025-02-01,6.0,0.75
W0231,Morning,2025-02-18,8.0,1.0
W0231,Morning,2025-02-25,6.0,0.75
W0231,Morning,2025-02-26,10.0,1.25
W0231,Morning,2025-02-28,6.0,0.75
W0231,Morning,2025-03-04,7.0,0.875
W0231,Morning,2025-03-23,10.0,1.25
W0231,Morning,2025-05-26,8.0,1.0
W0231,Morning,2025-06-09,6.0,0.75
W0231,Morning,2025-06-12,10.0,1.25
W0231,Night,2025-01-08,8.0,1.0
W0231,Night,2025-01-22,7.0,0.875
W0231,Night,2025-01-24,10.0,1.25
W0231,Night,2025-01-26,8.0,1.0
W0231,Night,2025-02-27,8.0,1.0
W0231,Night,2025-02-28,7.0,0.875
W0231,Night,2025-03-03,17.0,2.125
W0231,Night,2025-04-18,7.0,0.875
W0231,Night,2025-06-06,6.0,0.75
W0231,Night,2025-06-09,6.0,0.75
W0231,Night,2025-06-11,7.0,0.875
W0231,Night,2025-06-13,8.0,1.0
W0231,Night,2025-06-21,6.0,0.75
W0231,Night,2025-06-23,6.0,0.75
W0232,Evening,2025-01-08,8.0,1.0
W0232,Evening,2025-02-06,6.0,0.75
W0232,Evening,2025-02-11,6.0,0.75
W0232,Evening,2025-03-03,8.0,1.0
W0232,Evening,2025-05-07,7.0,0.875
W0232,Evening,2025-05-23,9.0,1.125
W0232,Evening,2025-05-24,6.0,0.75
W0232,Evening,2025-05-31,8.0,1.0
W0232,Evening,2025-06-02,10.0,1.25
W0232,Morning,2025-02-08,7.0,0.875
W0232,Morning,2025-04-06,9.0,1.125
W0232,Morning,2025-06-24,9.0,1.125
W0232,Night,2025-01-10,7.0,0.875
W0232,Night,2025-01-14,8.0,1.0
W0232,Night,2025-01-17,9.0,1.125
W0232,Night,2025-01-31,6.0,0.75
W0232,Night,2025-02-03,18.0,2.25
W0232,Night,2025-02-10,6.0,0.75
W0232,Night,2025-03-02,9.0,1.125
W0232,Night,2025-03-12,10.0,1.25
W0232,Night,2025-03-29,8.0,1.0
W0232,Night,2025-03-31,10.0,1.25
W0232,Night,2025-04-14,9.0,1.125
W0232,Night,2025-04-30,7.0,0.875
W0232,Night,2025-05-31,8.0,1.0
W0232,Night,2025-06-12,10.0,1.25
W0233,Evening,2025-01-04,9.0,1.125
W0233,Evening,2025-01-21,8.0,1.0
W0233,Evening,2025-02-01,7.0,0.875
W0233,Evening,2025-02-28,7.0,0.875
W0233,Evening,2025-03-04,9.0,1.125
W0233,Evening,2025-03-13,7.0,0.875
W0233,Evening,2025-03-31,8.0,1.0
W0233,Evening,2025-04-21,8.0,1.0
W0233,Evening,2025-04-23,9.0,1.125
W0233,Evening,2025-04-25,6.0,0.75
W0233,Evening,2025-05-14,10.0,1.25
W0233,Evening,2025-05-19,9.0,1.125
W0233,Evening,2025-06-04,10.0,1.25
W0233,Morning,2025-02-01,10.0,1.25
W0233,Morning,2025-02-06,9.0,1.125
W0233,Morning,2025-02-10,7.0,0.875
W0233,Morning,2025-02-15,8.0,1.0
W0233,Morning,2025-02-19,9.0,1.125
W0233,Morning,2025-02-25,8.0,1.0
W0233,Morning,2025-03-06,7.0,0.875
W0233,Morning,2025-03-08,9.0,1.125
W0233,Morning,2025-03-18,6.0,0.75
W0233,Morning,2025-04-05,10.0,1.25
W0233,Morning,2025-05-26,7.0,0.875
W0233,Morning,2025-06-08,7.0,0.875
W0233,Morning,2025-06-24,8.0,1.0
W0233,Night,2025-01-02,7.0,0.875
W0233,Night,2025-01-15,9.0,1.125
W0233,Night,2025-01-18,13.0,1.625
W0233,Night,2025-01-27,9.0,1.125
W0233,Night,2025-01-31,8.0,1.0
W0233,Night,2025-02-06,25.0,3.125
W0233,Night,2025-02-14,8.0,1.0
W0233,Night,2025-03-07,9.0,1.125
W0233,Night,2025-03-11,6.0,0.75
W0233,Night,2025-04-09,10.0,1.25
W0233,Night,2025-04-12,7.0,0.875
W0233,Night,2025-05-01,8.0,1.0
W0233,Night,2025-05-24,7.0,0.875
W0233,Night,2025-05-27,8.0,1.0
W0233,Night,2025-06-12,9.0,1.125
W0233,Night,2025-06-18,9.0,1.125
W0233,Night,2025-06-21,9.0,1.125
W0233,Night,2025-06-22,9.0,1.125
W0234,Evening,2025-01-24,6.0,0.75
W0234,Evening,2025-02-26,8.0,1.0
W0234,Evening,2025-03-17,7.0,0.875
W0234,Evening,2025-04-18,6.0,0.75
W0234,Evening,2025-05-01,7.0,0.875
W0234,Evening,2025-06-07,8.0,1.0
W0234,Evening,2025-06-22,6.0,0.75
W0234,Evening,2025-06-25,6.0,0.75
W0234,Morning,2025-01-09,10.0,1.25
W0234,Morning,2025-01-11,8.0,1.0
W0234,Morning,2025-01-19,8.0,1.0
W0234,Morning,2025-04-07,6.0,0.75
W0234,Morning,2025-04-30,7.0,0.875
W0234,Night,2025-01-05,10.0,1.25
W0234,Night,2025-01-21,9.0,1.125
W0234,Night,2025-01-26,10.0,1.25
W0234,Night,2025-01-30,6.0,0.75
W0234,Night,2025-02-04,9.0,1.125
W0234,Night,2025-02-08,9.0,1.125
W0234,Night,2025-02-09,7.0,0.875
W0234,Night,2025-03-15,7.0,0.875
W0234,Night,2025-03-16,6.0,0.75
W0234,Night,2025-03-31,10.0,1.25
W0234,Night,2025-05-03,8.0,1.0
W0234,Night,2025-05-14,6.0,0.75
W0234,Night,2025-06-07,7.0,0.875
W0234,Night,2025-06-20,8.0,1.0
W0234,Night,2025-06-25,8.0,1.0
W0235,Evening,2025-01-03,10.0,1.25
W0235,Evening,2025-02-02,10.0,1.25
W0235,Evening,2025-04-29,7.0,0.875
W0235,Evening,2025-05-07,6.0,0.75
W0235,Morning,2025-01-07,8.0,1.0
W0235,Morning,2025-02-10,7.0,0.875
W0235,Morning,2025-03-09,7.0,0.875
W0235,Morning,2025-03-20,6.0,0.75
W0235,Morning,2025-05-15,9.0,1.125
W0235,Morning,2025-06-20,10.0,1.25
W0235,Morning,2025-06-25,8.0,1.0
W0235,Night,2025-01-14,7.0,0.875
W0235,Night,2025-01-25,10.0,1.25
W0235,Night,2025-02-10,10.0,1.25
W0235,Night,2025-02-17,7.0,0.875
W0235,Night,2025-03-09,6.0,0.75
W0235,Night,2025-04-29,6.0,0.75
W0235,Night,2025-05-10,6.0,0.75
W0235,Night,2025-05-17,6.0,0.75
W0235,Night,2025-06-10,10.0,1.25
W0235,Night,2025-06-26,9.0,1.125
W0236,Evening,2025-01-27,7.0,0.875
W0236,Evening,2025-01-31,10.0,1.25
W0236,Evening,2025-02-02,10.0,1.25
W0236,Evening,2025-02-14,9.0,1.125
W0236,Evening,2025-03-25,6.0,0.75
W0236,Evening,2025-04-03,9.0,1.125
W0236,Evening,2025-04-05,7.0,0.875
W0236,Evening,2025-06-19,8.0,1.0
W0236,Evening,2025-06-27,8.0,1.0
W0236,Morning,2025-01-21,7.0,0.875
W0236,Morning,2025-01-29,10.0,1.25
W0236,Morning,2025-02-18,8.0,1.0
W0236,Morning,2025-03-08,10.0,1.25
W0236,Morning,2025-03-22,7.0,0.875
W0236,Morning,2025-03-30,10.0,1.25
W0236,Morning,2025-04-27,10.0,1.25
W0236,Morning,2025-05-10,7.0,0.875
W0236,Morning,2025-05-28,8.0,1.0
W0236,Night,2025-01-01,10.0,1.25
W0236,Night,2025-01-03,10.0,1.25
W0236,Night,2025-01-09,10.0,1.25
W0236,Night,2025-01-13,6.0,0.75
W0236,Night,2025-01-14,10.0,1.25
W0236,Night,2025-01-25,9.0,1.125
W0236,Night,2025-02-08,9.0,1.125
W0236,Night,2025-02-09,6.0,0.75
W0236,Night,2025-02-14,6.0,0.75
W0236,Night,2025-03-02,7.0,0.875
W0236,Night,2025-03-05,9.0,1.125
W0236,Night,2025-03-08,6.0,0.75
W0236,Night,2025-03-17,8.0,1.0
W0236,Night,2025-03-27,7.0,0.875
W0236,Night,2025-04-27,10.0,1.25
W0236,Night,2025-04-29,8.0,1.0
W0236,Night,2025-05-14,6.0,0.75
W0236,Night,2025-06-13,6.0,0.75
W0236,Night,2025-06-15,10.0,1.25
W0237,Evening,2025-01-21,6.0,0.75
W0237,Evening,2025-02-04,9.0,1.125
W0237,Evening,2025-03-28,9.0,1.125
W0237,Evening,2025-04-06,10.0,1.25
W0237,Evening,2025-05-14,7.0,0.875
W0237,Evening,2025-06-15,7.0,0.875
W0237,Evening,2025-06-26,9.0,1.125
W0237,Morning,2025-02-04,10.0,1.25
W0237,Morning,2025-02-09,7.0,0.875
W0237,Morning,2025-02-10,6.0,0.75
W0237,Morning,2025-02-28,6.0,0.75
W0237,Morning,2025-03-08,10.0,1.25
W0237,Morning,2025-04-15,7.0,0.875
W0237,Morning,2025-06-20,8.0,1.0
W0237,Night,2025-01-22,9.0,1.125
W0237,Night,2025-02-11,8.0,1.0
W0237,Night,2025-05-19,15.0,1.875
W0237,Night,2025-06-13,7.0,0.875
W0238,Evening,2025-01-01,9.0,1.125
W0238,Evening,2025-01-23,8.0,1.0
W0238,Evening,2025-02-04,6.0,0.75
W0238,Evening,2025-04-03,8.0,1.0
W0238,Evening,2025-06-01,8.0,1.0
W0238,Evening,2025-06-16,10.0,1.25
W0238,Morning,2025-01-31,6.0,0.75
W0238,Morning,2025-03-01,9.0,1.125
W0238,Morning,2025-03-30,8.0,1.0
W0238,Morning,2025-04-05,9.0,1.125
W0238,Morning,2025-04-07,10.0,1.25
W0238,Morning,2025-04-26,7.0,0.875
W0238,Morning,2025-06-10,7.0,0.875
W0238,Night,2025-01-09,10.0,1.25
W0238,Night,2025-01-12,8.0,1.0
W0238,Night,2025-01-23,6.0,0.75
W0238,Night,2025-02-05,8.0,1.0
W0238,Night,2025-02-18,7.0,0.875
W0238,Night,2025-02-21,9.0,1.125
W0238,Night,2025-03-05,8.0,1.0
W0238,Night,2025-03-14,7.0,0.875
W0238,Night,2025-03-24,8.0,1.0
W0238,Night,2025-03-29,7.0,0.875
W0238,Night,2025-04-05,7.0,0.875
W0238,Night,2025-04-19,9.0,1.125
W0238,Night,2025-04-27,6.0,0.75
W0238,Night,2025-04-28,8.0,1.0
W0238,Night,2025-05-14,6.0,0.75
W0238,Night,2025-05-23,9.0,1.125
W0238,Night,2025-06-28,8.0,1.0
W0239,Evening,2025-01-19,8.0,1.0
W0239,Evening,2025-02-02,10.0,1.25
W0239,Evening,2025-02-13,7.0,0.875
W0239,Evening,2025-05-06,10.0,1.25
W0239,Evening,2025-06-08,6.0,0.75
W0239,Evening,2025-06-19,8.0,1.0
W0239,Morning,2025-01-19,7.0,0.875
W0239,Morning,2025-02-04,10.0,1.25
W0239,Morning,2025-03-21,9.0,1.125
W0239,Morning,2025-03-24,10.0,1.25
W0239,Morning,2025-03-29,9.0,1.125
W0239,Morning,2025-05-27,9.0,1.125
W0239,Morning,2025-06-12,10.0,1.25
W0239,Morning,2025-06-21,9.0,1.125
W0239,Night,2025-01-13,9.0,1.125
W0239,Night,2025-03-06,8.0,1.0
W0239,Night,2025-04-05,10.0,1.25
W0239,Night,2025-04-28,7.0,0.875
W0239,Night,2025-05-01,10.0,1.25
W0239,Night,2025-06-07,9.0,1.125
W0239,Night,2025-06-12,9.0,1.125
W0239,Night,2025-06-20,9.0,1.125
W0240,Evening,2025-02-23,8.0,1.0
W0240,Evening,2025-02-25,6.0,0.75
W0240,Evening,2025-03-01,18.0,2.25
W0240,Evening,2025-04-30,10.0,1.25
W0240,Evening,2025-06-05,8.0,1.0
W0240,Evening,2025-06-06,8.0,1.0
W0240,Morning,2025-01-06,7.0,0.875
W0240,Morning,2025-01-12,9.0,1.125
W0240,Morning,2025-01-26,9.0,1.125
W0240,Morning,2025-04-06,7.0,0.875
W0240,Morning,2025-04-14,9.0,1.125
W0240,Night,2025-01-02,9.0,1.125
W0240,Night,2025-01-03,9.0,1.125
W0240,Night,2025-01-17,6.0,0.75
W0240,Night,2025-02-01,6.0,0.75
W0240,Night,2025-02-04,7.0,0.875
W0240,Night,2025-02-10,6.0,0.75
W0240,Night,2025-02-15,6.0,0.75
W0240,Night,2025-02-24,8.0,1.0
W0240,Night,2025-03-06,8.0,1.0
W0240,Night,2025-03-10,9.0,1.125
W0240,Night,2025-03-18,6.0,0.75
W0240,Night,2025-03-20,9.0,1.125
W0240,Night,2025-03-21,8.0,1.0
W0240,Night,2025-03-23,6.0,0.75
W0240,Night,2025-03-27,10.0,1.25
W0240,Night,2025-03-29,10.0,1.25
W0240,Night,2025-04-09,6.0,0.75
W0240,Night,2025-04-13,9.0,1.125
W0240,Night,2025-05-11,6.0,0.75
W0240,Night,2025-06-24,9.0,1.125
W0241,Evening,2025-01-06,7.0,0.875
W0241,Evening,2025-02-07,8.0,1.0
W0241,Evening,2025-03-13,10.0,1.25
W0241,Evening,2025-03-18,7.0,0.875
W0241,Evening,2025-03-24,6.0,0.75
W0241,Evening,2025-04-01,10.0,1.25
W0241,Evening,2025-04-16,8.0,1.0
W0241,Evening,2025-04-24,6.0,0.75
W0241,Morning,2025-03-10,8.0,1.0
W0241,Morning,2025-03-11,8.0,1.0
W0241,Morning,2025-03-12,7.0,0.875
W0241,Morning,2025-03-27,8.0,1.0
W0241,Morning,2025-04-14,6.0,0.75
W0241,Morning,2025-04-30,6.0,0.75
W0241,Morning,2025-05-06,9.0,1.125
W0241,Morning,2025-05-13,9.0,1.125
W0241,Morning,2025-06-10,7.0,0.875
W0241,Night,2025-01-05,6.0,0.75
W0241,Night,2025-02-10,9.0,1.125
W0241,Night,2025-02-13,7.0,0.875
W0241,Night,2025-03-07,9.0,1.125
W0241,Night,2025-03-16,8.0,1.0
W0241,Night,2025-04-26,10.0,1.25
W0241,Night,2025-05-01,10.0,1.25
W0241,Night,2025-05-31,6.0,0.75
W0241,Night,2025-06-07,9.0,1.125
W0241,Night,2025-06-15,6.0,0.75
W0241,Night,2025-06-17,7.0,0.875
W0241,Night,2025-06-18,6.0,0.75
W0242,Evening,2025-02-13,10.0,1.25
W0242,Evening,2025-02-19,6.0,0.75
W0242,Evening,2025-03-31,7.0,0.875
W0242,Evening,2025-04-19,10.0,1.25
W0242,Evening,2025-05-11,9.0,1.125
W0242,Evening,2025-06-25,6.0,0.75
W0242,Morning,2025-01-07,7.0,0.875
W0242,Morning,2025-01-29,7.0,0.875
W0242,Morning,2025-02-28,8.0,1.0
W0242,Morning,2025-03-05,8.0,1.0
W0242,Morning,2025-06-05,8.0,1.0
W0242,Morning,2025-06-25,7.0,0.875
W0242,Night,2025-01-10,9.0,1.125
W0242,Night,2025-01-16,7.0,0.875
W0242,Night,2025-02-11,10.0,1.25
W0242,Night,2025-02-16,8.0,1.0
W0242,Night,2025-02-20,8.0,1.0
W0242,Night,2025-03-12,6.0,0.75
W0242,Night,2025-03-14,8.0,1.0
W0242,Night,2025-03-17,10.0,1.25
W0242,Night,2025-03-24,6.0,0.75
W0242,Night,2025-04-24,9.0,1.125
W0242,Night,2025-05-03,7.0,0.875
W0242,Night,2025-06-13,6.0,0.75
W0243,Evening,2025-01-16,6.0,0.75
W0243,Evening,2025-02-01,9.0,1.125
W0243,Evening,2025-04-03,16.0,2.0
W0243,Evening,2025-05-09,10.0,1.25
W0243,Morning,2025-01-18,8.0,1.0
W0243,Morning,2025-02-04,10.0,1.25
W0243,Morning,2025-02-11,9.0,1.125
W0243,Morning,2025-03-28,9.0,1.125
W0243,Morning,2025-04-15,7.0,0.875
W0243,Morning,2025-04-23,6.0,0.75
W0243,Night,2025-01-02,16.0,2.0
W0243,Night,2025-01-11,10.0,1.25
W0243,Night,2025-01-23,9.0,1.125
W0243,Night,2025-01-27,9.0,1.125
W0243,Night,2025-01-29,9.0,1.125
W0243,Night,2025-01-30,8.0,1.0
W0243,Night,2025-02-11,10.0,1.25
W0243,Night,2025-02-20,10.0,1.25
W0243,Night,2025-02-22,8.0,1.0
W0243,Night,2025-02-28,18.0,2.25
W0243,Night,2025-05-05,9.0,1.125
W0243,Night,2025-05-16,8.0,1.0
W0243,Night,2025-05-29,7.0,0.875
W0243,Night,2025-06-12,6.0,0.75
W0243,Night,2025-06-17,6.0,0.75
W0244,Evening,2025-02-05,10.0,1.25
W0244,Evening,2025-02-12,8.0,1.0
W0244,Evening,2025-02-18,10.0,1.25
W0244,Evening,2025-02-19,6.0,0.75
W0244,Evening,2025-05-10,7.0,0.875
W0244,Morning,2025-03-10,7.0,0.875
W0244,Morning,2025-03-14,8.0,1.0
W0244,Morning,2025-04-18,9.0,1.125
W0244,Morning,2025-05-14,8.0,1.0
W0244,Morning,2025-06-18,10.0,1.25
W0244,Night,2025-01-05,10.0,1.25
W0244,Night,2025-01-16,7.0,0.875
W0244,Night,2025-01-31,10.0,1.25
W0244,Night,2025-02-02,6.0,0.75
W0244,Night,2025-02-07,10.0,1.25
W0244,Night,2025-02-08,8.0,1.0
W0244,Night,2025-02-15,8.0,1.0
W0244,Night,2025-03-08,8.0,1.0
W0244,Night,2025-03-15,8.0,1.0
W0244,Night,2025-04-02,7.0,0.875
W0244,Night,2025-04-19,8.0,1.0
W0244,Night,2025-05-04,7.0,0.875
W0244,Night,2025-05-06,10.0,1.25
W0244,Night,2025-05-12,9.0,1.125
W0244,Night,2025-05-18,6.0,0.75
W0244,Night,2025-05-21,9.0,1.125
W0244,Night,2025-06-06,6.0,0.75
W0244,Night,2025-06-16,10.0,1.25
W0244,Night,2025-06-18,7.0,0.875
W0244,Night,2025-06-22,9.0,1.125
W0245,Evening,2025-04-30,9.0,1.125
W0245,Evening,2025-05-02,7.0,0.875
W0245,Evening,2025-06-11,6.0,0.75
W0245,Morning,2025-01-01,8.0,1.0
W0245,Morning,2025-01-27,6.0,0.75
W0245,Morning,2025-03-10,9.0,1.125
W0245,Morning,2025-05-10,10.0,1.25
W0245,Morning,2025-06-05,8.0,1.0
W0245,Morning,2025-06-24,8.0,1.0
W0245,Night,2025-02-01,9.0,1.125
W0245,Night,2025-02-05,6.0,0.75
W0245,Night,2025-02-08,9.0,1.125
W0245,Night,2025-02-18,8.0,1.0
W0245,Night,2025-03-18,10.0,1.25
W0245,Night,2025-03-19,10.0,1.25
W0245,Night,2025-03-25,6.0,0.75
W0245,Night,2025-04-01,6.0,0.75
W0245,Night,2025-04-25,9.0,1.125
W0245,Night,2025-04-29,9.0,1.125
W0245,Night,2025-05-03,7.0,0.875
W0245,Night,2025-05-22,6.0,0.75
W0245,Night,2025-06-14,6.0,0.75
W0245,Night,2025-06-15,6.0,0.75
W0245,Night,2025-06-27,9.0,1.125
W0245,Night,2025-06-28,9.0,1.125
W0246,Evening,2025-01-14,8.0,1.0
W0246,Evening,2025-01-19,9.0,1.125
W0246,Evening,2025-02-05,7.0,0.875
W0246,Evening,2025-03-07,8.0,1.0
W0246,Evening,2025-03-30,6.0,0.75
W0246,Evening,2025-04-23,6.0,0.75
W0246,Evening,2025-04-29,10.0,1.25
W0246,Evening,2025-05-10,6.0,0.75
W0246,Evening,2025-05-18,8.0,1.0
W0246,Evening,2025-05-27,10.0,1.25
W0246,Morning,2025-01-09,9.0,1.125
W0246,Morning,2025-01-10,8.0,1.0
W0246,Morning,2025-02-15,10.0,1.25
W0246,Morning,2025-02-16,8.0,1.0
W0246,Morning,2025-02-23,9.0,1.125
W0246,Morning,2025-03-02,6.0,0.75
W0246,Morning,2025-04-01,7.0,0.875
W0246,Morning,2025-05-06,10.0,1.25
W0246,Morning,2025-05-07,9.0,1.125
W0246,Morning,2025-05-21,10.0,1.25
W0246,Morning,2025-05-26,9.0,1.125
W0246,Morning,2025-06-14,7.0,0.875
W0246,Morning,2025-06-27,6.0,0.75
W0246,Night,2025-01-02,10.0,1.25
W0246,Night,2025-01-04,9.0,1.125
W0246,Night,2025-01-09,7.0,0.875
W0246,Night,2025-02-07,10.0,1.25
W0246,Night,2025-02-15,8.0,1.0
W0246,Night,2025-03-22,8.0,1.0
W0246,Night,2025-03-25,7.0,0.875
W0246,Night,2025-03-26,16.0,2.0
W0246,Night,2025-04-03,6.0,0.75
W0246,Night,2025-04-04,10.0,1.25
W0246,Night,2025-04-18,7.0,0.875
W0246,Night,2025-04-22,7.0,0.875
W0246,Night,2025-04-24,10.0,1.25
W0246,Night,2025-05-12,9.0,1.125
W0246,Night,2025-05-14,9.0,1.125
W0246,Night,2025-06-24,7.0,0.875
W0247,Evening,2025-01-02,7.0,0.875
W0247,Evening,2025-01-16,6.0,0.75
W0247,Evening,2025-01-26,7.0,0.875
W0247,Evening,2025-02-06,9.0,1.125
W0247,Evening,2025-02-13,7.0,0.875
W0247,Evening,2025-02-15,9.0,1.125
W0247,Evening,2025-02-19,8.0,1.0
W0247,Evening,2025-02-28,9.0,1.125
W0247,Evening,2025-03-31,9.0,1.125
W0247,Evening,2025-04-20,6.0,0.75
W0247,Evening,2025-05-05,6.0,0.75
W0247,Evening,2025-05-07,6.0,0.75
W0247,Evening,2025-06-15,7.0,0.875
W0247,Evening,2025-06-29,7.0,0.875
W0247,Morning,2025-01-21,9.0,1.125
W0247,Morning,2025-02-05,8.0,1.0
W0247,Morning,2025-03-01,7.0,0.875
W0247,Morning,2025-03-11,8.0,1.0
W0247,Morning,2025-04-04,6.0,0.75
W0247,Morning,2025-05-14,8.0,1.0
W0247,Morning,2025-05-15,6.0,0.75
W0247,Morning,2025-06-27,7.0,0.875
W0247,Night,2025-01-15,7.0,0.875
W0247,Night,2025-01-18,9.0,1.125
W0247,Night,2025-02-11,7.0,0.875
W0247,Night,2025-03-14,10.0,1.25
W0247,Night,2025-03-26,6.0,0.75
W0247,Night,2025-04-20,9.0,1.125
W0247,Night,2025-05-09,9.0,1.125
W0247,Night,2025-06-06,6.0,0.75
W0247,Night,2025-06-17,6.0,0.75
W0248,Evening,2025-01-13,6.0,0.75
W0248,Evening,2025-01-20,8.0,1.0
W0248,Evening,2025-02-03,8.0,1.0
W0248,Evening,2025-02-17,6.0,0.75
W0248,Evening,2025-03-10,6.0,0.75
W0248,Evening,2025-03-27,6.0,0.75
W0248,Evening,2025-05-22,8.0,1.0
W0248,Evening,2025-06-05,7.0,0.875
W0248,Morning,2025-01-11,10.0,1.25
W0248,Morning,2025-03-04,10.0,1.25
W0248,Morning,2025-03-08,8.0,1.0
W0248,Morning,2025-04-06,8.0,1.0
W0248,Morning,2025-04-22,8.0,1.0
W0248,Morning,2025-06-02,9.0,1.125
W0248,Morning,2025-06-14,6.0,0.75
W0248,Morning,2025-06-24,6.0,0.75
W0248,Night,2025-01-22,10.0,1.25
W0248,Night,2025-01-25,6.0,0.75
W0248,Night,2025-03-14,8.0,1.0
W0248,Night,2025-03-22,10.0,1.25
W0248,Night,2025-04-10,9.0,1.125
W0248,Night,2025-05-17,10.0,1.25
W0248,Night,2025-05-23,10.0,1.25
W0248,Night,2025-06-05,8.0,1.0
W0248,Night,2025-06-08,9.0,1.125
W0248,Night,2025-06-10,8.0,1.0
W0248,Night,2025-06-20,6.0,0.75
W0248,Night,2025-06-23,6.0,0.75
W0249,Evening,2025-02-20,7.0,0.875
W0249,Evening,2025-02-22,6.0,0.75
W0249,Evening,2025-04-06,9.0,1.125
W0249,Evening,2025-06-04,9.0,1.125
W0249,Evening,2025-06-08,6.0,0.75
W0249,Morning,2025-01-24,6.0,0.75
W0249,Morning,2025-03-04,6.0,0.75
W0249,Morning,2025-03-12,10.0,1.25
W0249,Morning,2025-03-17,8.0,1.0
W0249,Morning,2025-05-11,9.0,1.125
W0249,Morning,2025-06-08,6.0,0.75
W0249,Morning,2025-06-20,10.0,1.25
W0249,Night,2025-01-01,10.0,1.25
W0249,Night,2025-01-14,6.0,0.75
W0249,Night,2025-01-30,8.0,1.0
W0249,Night,2025-02-01,6.0,0.75
W0249,Night,2025-02-17,7.0,0.875
W0249,Night,2025-03-22,10.0,1.25
W0249,Night,2025-04-12,10.0,1.25
W0249,Night,2025-04-13,7.0,0.875
W0249,Night,2025-04-21,6.0,0.75
W0249,Night,2025-05-30,10.0,1.25
W0249,Night,2025-06-11,8.0,1.0
W0249,Night,2025-06-25,6.0,0.75
W0249,Night,2025-06-29,6.0,0.75
W0250,Evening,2025-01-19,8.0,1.0
W0250,Evening,2025-02-07,8.0,1.0
W0250,Evening,2025-02-16,9.0,1.125
W0250,Evening,2025-04-09,7.0,0.875
W0250,Evening,2025-05-17,9.0,1.125
W0250,Evening,2025-05-18,9.0,1.125
W0250,Morning,2025-01-23,8.0,1.0
W0250,Morning,2025-03-29,8.0,1.0
W0250,Morning,2025-04-02,10.0,1.25
W0250,Morning,2025-05-13,6.0,0.75
W0250,Morning,2025-05-26,9.0,1.125
W0250,Night,2025-01-18,10.0,1.25
W0250,Night,2025-02-02,9.0,1.125
W0250,Night,2025-02-03,8.0,1.0
W0250,Night,2025-02-22,10.0,1.25
W0250,Night,2025-02-28,8.0,1.0
W0250,Night,2025-03-15,10.0,1.25
W0250,Night,2025-03-20,8.0,1.0
W0250,Night,2025-04-12,9.0,1.125
W0250,Night,2025-04-25,6.0,0.75
W0250,Night,2025-04-26,9.0,1.125
W0250,Night,2025-05-14,8.0,1.0
W0250,Night,2025-05-25,10.0,1.25
W0250,Night,2025-06-26,10.0,1.25
W0250,Night,2025-06-29,9.0,1.125
W0251,Evening,2025-01-08,7.0,0.875
W0251,Evening,2025-01-19,10.0,1.25
W0251,Evening,2025-04-22,9.0,1.125
W0251,Evening,2025-05-02,6.0,0.75
W0251,Evening,2025-06-05,10.0,1.25
W0251,Morning,2025-01-05,7.0,0.875
W0251,Morning,2025-01-20,8.0,1.0
W0251,Morning,2025-01-27,7.0,0.875
W0251,Morning,2025-02-13,7.0,0.875
W0251,Morning,2025-02-22,17.0,2.125
W0251,Morning,2025-05-20,7.0,0.875
W0251,Night,2025-01-25,7.0,0.875
W0251,Night,2025-02-12,15.0,1.875
W0251,Night,2025-02-13,8.0,1.0
W0251,Night,2025-02-19,10.0,1.25
W0251,Night,2025-03-02,8.0,1.0
W0251,Night,2025-03-04,10.0,1.25
W0251,Night,2025-03-05,6.0,0.75
W0251,Night,2025-04-07,9.0,1.125
W0251,Night,2025-04-19,10.0,1.25
W0251,Night,2025-04-21,8.0,1.0
W0251,Night,2025-04-29,7.0,0.875
W0251,Night,2025-05-09,8.0,1.0
W0251,Night,2025-05-15,9.0,1.125
W0251,Night,2025-05-19,7.0,0.875
W0251,Night,2025-06-09,9.0,1.125
W0251,Night,2025-06-16,8.0,1.0
W0251,Night,2025-06-25,8.0,1.0
W0252,Evening,2025-01-28,6.0,0.75
W0252,Evening,2025-02-03,9.0,1.125
W0252,Evening,2025-02-21,6.0,0.75
W0252,Evening,2025-05-03,10.0,1.25
W0252,Evening,2025-06-15,6.0,0.75
W0252,Evening,2025-06-20,8.0,1.0
W0252,Morning,2025-01-23,7.0,0.875
W0252,Morning,2025-02-11,10.0,1.25
W0252,Morning,2025-04-05,9.0,1.125
W0252,Morning,2025-04-15,9.0,1.125
W0252,Morning,2025-05-18,9.0,1.125
W0252,Morning,2025-06-09,8.0,1.0
W0252,Night,2025-01-03,6.0,0.75
W0252,Night,2025-01-16,9.0,1.125
W0252,Night,2025-01-22,7.0,0.875
W0252,Night,2025-01-23,7.0,0.875
W0252,Night,2025-02-08,6.0,0.75
W0252,Night,2025-02-18,8.0,1.0
W0252,Night,2025-04-05,6.0,0.75
W0252,Night,2025-05-02,10.0,1.25
W0252,Night,2025-05-17,6.0,0.75
W0252,Night,2025-05-30,6.0,0.75
W0252,Night,2025-05-31,8.0,1.0
W0252,Night,2025-06-07,8.0,1.0
W0252,Night,2025-06-16,7.0,0.875
W0253,Evening,2025-01-05,7.0,0.875
W0253,Evening,2025-01-24,7.0,0.875
W0253,Evening,2025-03-23,8.0,1.0
W0253,Evening,2025-03-25,7.0,0.875
W0253,Evening,2025-04-04,6.0,0.75
W0253,Evening,2025-04-14,9.0,1.125
W0253,Evening,2025-04-19,10.0,1.25
W0253,Evening,2025-05-01,8.0,1.0
W0253,Evening,2025-05-25,8.0,1.0
W0253,Evening,2025-06-04,6.0,0.75
W0253,Evening,2025-06-08,9.0,1.125
W0253,Morning,2025-01-17,8.0,1.0
W0253,Morning,2025-01-30,10.0,1.25
W0253,Morning,2025-02-13,7.0,0.875
W0253,Morning,2025-02-26,19.0,2.375
W0253,Morning,2025-03-15,8.0,1.0
W0253,Morning,2025-04-08,9.0,1.125
W0253,Morning,2025-04-17,6.0,0.75
W0253,Morning,2025-04-25,8.0,1.0
W0253,Morning,2025-05-01,7.0,0.875
W0253,Night,2025-01-05,8.0,1.0
W0253,Night,2025-01-15,7.0,0.875
W0253,Night,2025-01-23,9.0,1.125
W0253,Night,2025-02-02,9.0,1.125
W0253,Night,2025-02-09,6.0,0.75
W0253,Night,2025-03-04,8.0,1.0
W0253,Night,2025-03-09,7.0,0.875
W0253,Night,2025-03-12,8.0,1.0
W0253,Night,2025-03-18,19.0,2.375
W0253,Night,2025-03-31,6.0,0.75
W0253,Night,2025-04-02,8.0,1.0
W0253,Night,2025-04-03,10.0,1.25
W0253,Night,2025-04-14,6.0,0.75
W0253,Night,2025-04-29,7.0,0.875
W0253,Night,2025-05-20,7.0,0.875
W0253,Night,2025-06-19,7.0,0.875
W0254,Evening,2025-01-03,10.0,1.25
W0254,Evening,2025-01-25,7.0,0.875
W0254,Evening,2025-03-18,7.0,0.875
W0254,Evening,2025-03-30,10.0,1.25
W0254,Evening,2025-04-01,8.0,1.0
W0254,Evening,2025-06-08,17.0,2.125
W0254,Morning,2025-01-19,6.0,0.75
W0254,Morning,2025-01-20,9.0,1.125
W0254,Morning,2025-01-23,9.0,1.125
W0254,Morning,2025-02-10,7.0,0.875
W0254,Morning,2025-02-28,7.0,0.875
W0254,Morning,2025-03-04,9.0,1.125
W0254,Morning,2025-03-31,9.0,1.125
W0254,Morning,2025-04-19,9.0,1.125
W0254,Morning,2025-06-03,7.0,0.875
W0254,Morning,2025-06-09,12.0,1.5
W0254,Night,2025-01-05,7.0,0.875
W0254,Night,2025-01-07,8.0,1.0
W0254,Night,2025-01-22,8.0,1.0
W0254,Night,2025-02-02,10.0,1.25
W0254,Night,2025-02-13,9.0,1.125
W0254,Night,2025-02-28,8.0,1.0
W0254,Night,2025-03-09,6.0,0.75
W0254,Night,2025-04-05,10.0,1.25
W0254,Night,2025-04-18,9.0,1.125
W0254,Night,2025-04-26,6.0,0.75
W0254,Night,2025-04-29,8.0,1.0
W0254,Night,2025-05-25,16.0,2.0
W0254,Night,2025-06-24,10.0,1.25
W0255,Evening,2025-01-05,9.0,1.125
W0255,Evening,2025-01-07,10.0,1.25
W0255,Evening,2025-01-20,7.0,0.875
W0255,Evening,2025-02-14,8.0,1.0
W0255,Evening,2025-02-21,7.0,0.875
W0255,Evening,2025-03-08,9.0,1.125
W0255,Evening,2025-03-14,9.0,1.125
W0255,Evening,2025-03-21,9.0,1.125
W0255,Evening,2025-03-31,9.0,1.125
W0255,Evening,2025-05-28,10.0,1.25
W0255,Evening,2025-05-31,9.0,1.125
W0255,Evening,2025-06-12,7.0,0.875
W0255,Morning,2025-03-10,9.0,1.125
W0255,Morning,2025-03-12,10.0,1.25
W0255,Morning,2025-04-27,10.0,1.25
W0255,Morning,2025-06-20,7.0,0.875
W0255,Night,2025-02-27,8.0,1.0
W0255,Night,2025-03-01,9.0,1.125
W0255,Night,2025-03-16,6.0,0.75
W0255,Night,2025-03-26,8.0,1.0
W0255,Night,2025-04-06,10.0,1.25
W0255,Night,2025-04-12,7.0,0.875
W0255,Night,2025-06-22,10.0,1.25
W0255,Night,2025-06-24,10.0,1.25
W0255,Night,2025-06-28,8.0,1.0
W0256,Evening,2025-03-06,7.0,0.875
W0256,Evening,2025-03-09,10.0,1.25
W0256,Evening,2025-03-12,8.0,1.0
W0256,Evening,2025-04-26,7.0,0.875
W0256,Evening,2025-05-06,10.0,1.25
W0256,Evening,2025-05-09,10.0,1.25
W0256,Evening,2025-06-09,8.0,1.0
W0256,Morning,2025-01-02,8.0,1.0
W0256,Morning,2025-01-12,8.0,1.0
W0256,Morning,2025-01-15,9.0,1.125
W0256,Morning,2025-04-06,7.0,0.875
W0256,Morning,2025-04-20,7.0,0.875
W0256,Morning,2025-04-27,10.0,1.25
W0256,Morning,2025-05-04,9.0,1.125
W0256,Morning,2025-05-08,7.0,0.875
W0256,Morning,2025-05-28,6.0,0.75
W0256,Morning,2025-06-02,7.0,0.875
W0256,Night,2025-01-03,7.0,0.875
W0256,Night,2025-02-12,15.0,1.875
W0256,Night,2025-03-06,6.0,0.75
W0256,Night,2025-04-09,8.0,1.0
W0256,Night,2025-04-25,7.0,0.875
W0256,Night,2025-05-05,7.0,0.875
W0256,Night,2025-05-09,6.0,0.75
W0256,Night,2025-05-24,6.0,0.75
W0257,Evening,2025-03-27,8.0,1.0
W0257,Evening,2025-06-18,7.0,0.875
W0257,Morning,2025-01-06,18.0,2.25
W0257,Morning,2025-01-19,9.0,1.125
W0257,Morning,2025-03-01,7.0,0.875
W0257,Morning,2025-04-10,10.0,1.25
W0257,Morning,2025-04-12,6.0,0.75
W0257,Morning,2025-05-04,7.0,0.875
W0257,Morning,2025-06-09,6.0,0.75
W0257,Night,2025-01-24,10.0,1.25
W0257,Night,2025-02-19,9.0,1.125
W0257,Night,2025-04-09,6.0,0.75
W0257,Night,2025-04-20,6.0,0.75
W0257,Night,2025-05-08,8.0,1.0
W0257,Night,2025-05-20,6.0,0.75
W0257,Night,2025-06-04,10.0,1.25
W0257,Night,2025-06-05,9.0,1.125
W0257,Night,2025-06-15,10.0,1.25
W0258,Evening,2025-01-06,7.0,0.875
W0258,Evening,2025-01-31,9.0,1.125
W0258,Evening,2025-02-02,7.0,0.875
W0258,Evening,2025-02-24,8.0,1.0
W0258,Evening,2025-03-05,6.0,0.75
W0258,Evening,2025-04-16,6.0,0.75
W0258,Evening,2025-06-18,8.0,1.0
W0258,Morning,2025-01-09,8.0,1.0
W0258,Morning,2025-02-08,8.0,1.0
W0258,Morning,2025-03-03,7.0,0.875
W0258,Morning,2025-03-11,6.0,0.75
W0258,Morning,2025-05-11,7.0,0.875
W0258,Night,2025-02-02,8.0,1.0
W0258,Night,2025-02-03,8.0,1.0
W0258,Night,2025-03-07,8.0,1.0
W0258,Night,2025-03-13,7.0,0.875
W0258,Night,2025-03-14,10.0,1.25
W0258,Night,2025-03-16,9.0,1.125
W0258,Night,2025-03-21,8.0,1.0
W0258,Night,2025-03-25,10.0,1.25
W0258,Night,2025-04-08,8.0,1.0
W0258,Night,2025-04-14,8.0,1.0
W0258,Night,2025-05-25,9.0,1.125
W0258,Night,2025-06-05,17.0,2.125
W0258,Night,2025-06-10,6.0,0.75
W0258,Night,2025-06-17,8.0,1.0
W0259,Evening,2025-04-07,17.0,2.125
W0259,Evening,2025-04-08,6.0,0.75
W0259,Evening,2025-05-03,7.0,0.875
W0259,Evening,2025-05-27,8.0,1.0
W0259,Evening,2025-06-02,6.0,0.75
W0259,Evening,2025-06-03,9.0,1.125
W0259,Evening,2025-06-27,9.0,1.125
W0259,Morning,2025-01-05,7.0,0.875
W0259,Morning,2025-01-07,9.0,1.125
W0259,Morning,2025-03-31,9.0,1.125
W0259,Morning,2025-04-08,10.0,1.25
W0259,Morning,2025-04-22,7.0,0.875
W0259,Morning,2025-04-27,6.0,0.75
W0259,Morning,2025-05-26,7.0,0.875
W0259,Morning,2025-06-03,9.0,1.125
W0259,Night,2025-01-04,9.0,1.125
W0259,Night,2025-01-06,9.0,1.125
W0259,Night,2025-02-08,8.0,1.0
W0259,Night,2025-02-15,10.0,1.25
W0259,Night,2025-02-21,7.0,0.875
W0259,Night,2025-03-15,10.0,1.25
W0259,Night,2025-03-17,6.0,0.75
W0259,Night,2025-03-21,6.0,0.75
W0259,Night,2025-03-31,8.0,1.0
W0259,Night,2025-04-09,7.0,0.875
W0259,Night,2025-04-22,7.0,0.875
W0259,Night,2025-04-28,8.0,1.0
W0259,Night,2025-05-06,6.0,0.75
W0259,Night,2025-05-08,7.0,0.875
W0259,Night,2025-05-20,8.0,1.0
W0259,Night,2025-05-28,9.0,1.125
W0259,Night,2025-06-01,10.0,1.25
W0260,Evening,2025-02-16,7.0,0.875
W0260,Evening,2025-02-17,8.0,1.0
W0260,Evening,2025-03-02,8.0,1.0
W0260,Evening,2025-03-11,6.0,0.75
W0260,Evening,2025-03-14,6.0,0.75
W0260,Evening,2025-04-10,8.0,1.0
W0260,Evening,2025-05-16,6.0,0.75
W0260,Morning,2025-01-02,6.0,0.75
W0260,Morning,2025-01-21,8.0,1.0
W0260,Morning,2025-02-09,10.0,1.25
W0260,Morning,2025-03-16,9.0,1.125
W0260,Morning,2025-05-09,9.0,1.125
W0260,Night,2025-01-06,8.0,1.0
W0260,Night,2025-01-16,7.0,0.875
W0260,Night,2025-01-17,6.0,0.75
W0260,Night,2025-01-20,9.0,1.125
W0260,Night,2025-01-21,6.0,0.75
W0260,Night,2025-01-24,8.0,1.0
W0260,Night,2025-02-27,19.0,2.375
W0260,Night,2025-03-12,15.0,1.875
W0260,Night,2025-03-23,8.0,1.0
W0260,Night,2025-03-30,7.0,0.875
W0260,Night,2025-04-02,7.0,0.875
W0260,Night,2025-04-16,7.0,0.875
W0260,Night,2025-04-18,9.0,1.125
W0260,Night,2025-05-16,10.0,1.25
W0261,Evening,2025-01-08,7.0,0.875
W0261,Evening,2025-01-30,10.0,1.25
W0261,Evening,2025-02-09,10.0,1.25
W0261,Evening,2025-03-17,6.0,0.75
W0261,Evening,2025-04-05,7.0,0.875
W0261,Evening,2025-04-19,7.0,0.875
W0261,Evening,2025-04-28,8.0,1.0
W0261,Evening,2025-05-20,16.0,2.0
W0261,Morning,2025-01-21,8.0,1.0
W0261,Morning,2025-01-25,6.0,0.75
W0261,Morning,2025-03-08,9.0,1.125
W0261,Morning,2025-03-26,7.0,0.875
W0261,Morning,2025-03-28,7.0,0.875
W0261,Morning,2025-04-02,10.0,1.25
W0261,Morning,2025-05-26,7.0,0.875
W0261,Morning,2025-05-27,8.0,1.0
W0261,Night,2025-01-01,6.0,0.75
W0261,Night,2025-01-03,10.0,1.25
W0261,Night,2025-01-16,10.0,1.25
W0261,Night,2025-02-22,7.0,0.875
W0261,Night,2025-03-02,9.0,1.125
W0261,Night,2025-03-08,10.0,1.25
W0261,Night,2025-03-21,8.0,1.0
W0261,Night,2025-03-24,8.0,1.0
W0261,Night,2025-04-12,8.0,1.0
W0261,Night,2025-04-20,9.0,1.125
W0261,Night,2025-04-29,7.0,0.875
W0261,Night,2025-05-14,8.0,1.0
W0261,Night,2025-05-16,9.0,1.125
W0261,Night,2025-05-22,8.0,1.0
W0261,Night,2025-06-01,10.0,1.25
W0261,Night,2025-06-06,9.0,1.125
W0261,Night,2025-06-13,7.0,0.875
W0261,Night,2025-06-18,9.0,1.125
W0261,Night,2025-06-20,9.0,1.125
W0262,Evening,2025-02-01,6.0,0.75
W0262,Evening,2025-02-04,10.0,1.25
W0262,Evening,2025-02-28,8.0,1.0
W0262,Evening,2025-05-07,8.0,1.0
W0262,Evening,2025-05-20,10.0,1.25
W0262,Evening,2025-06-05,7.0,0.875
W0262,Morning,2025-01-06,9.0,1.125
W0262,Morning,2025-01-28,9.0,1.125
W0262,Morning,2025-05-24,6.0,0.75
W0262,Morning,2025-05-25,6.0,0.75
W0262,Morning,2025-06-03,9.0,1.125
W0262,Morning,2025-06-12,6.0,0.75
W0262,Morning,2025-06-24,6.0,0.75
W0262,Night,2025-01-02,10.0,1.25
W0262,Night,2025-01-03,6.0,0.75
W0262,Night,2025-01-08,10.0,1.25
W0262,Night,2025-01-14,10.0,1.25
W0262,Night,2025-01-28,9.0,1.125
W0262,Night,2025-02-06,7.0,0.875
W0262,Night,2025-02-13,6.0,0.75
W0262,Night,2025-02-18,8.0,1.0
W0262,Night,2025-03-15,7.0,0.875
W0262,Night,2025-03-18,9.0,1.125
W0262,Night,2025-03-20,8.0,1.0
W0262,Night,2025-03-30,9.0,1.125
W0262,Night,2025-04-02,10.0,1.25
W0262,Night,2025-04-05,10.0,1.25
W0262,Night,2025-05-05,15.0,1.875
W0262,Night,2025-05-06,10.0,1.25
W0262,Night,2025-05-09,9.0,1.125
W0262,Night,2025-05-14,9.0,1.125
W0262,Night,2025-06-03,7.0,0.875
W0262,Night,2025-06-17,10.0,1.25
W0262,Night,2025-06-18,7.0,0.875
W0262,Night,2025-06-29,10.0,1.25
W0263,Evening,2025-05-17,9.0,1.125
W0263,Evening,2025-05-24,6.0,0.75
W0263,Evening,2025-05-31,10.0,1.25
W0263,Evening,2025-06-14,6.0,0.75
W0263,Evening,2025-06-22,6.0,0.75
W0263,Morning,2025-01-12,10.0,1.25
W0263,Morning,2025-04-06,17.0,2.125
W0263,Morning,2025-06-10,9.0,1.125
W0263,Night,2025-01-12,8.0,1.0
W0263,Night,2025-01-17,6.0,0.75
W0263,Night,2025-01-19,7.0,0.875
W0263,Night,2025-03-01,8.0,1.0
W0263,Night,2025-03-04,10.0,1.25
W0263,Night,2025-03-05,8.0,1.0
W0263,Night,2025-03-06,6.0,0.75
W0263,Night,2025-03-27,7.0,0.875
W0263,Night,2025-04-03,7.0,0.875
W0263,Night,2025-04-05,6.0,0.75
W0263,Night,2025-04-08,8.0,1.0
W0263,Night,2025-04-16,9.0,1.125
W0263,Night,2025-04-26,10.0,1.25
W0263,Night,2025-04-28,7.0,0.875
W0263,Night,2025-05-13,8.0,1.0
W0263,Night,2025-05-16,8.0,1.0
W0263,Night,2025-05-28,6.0,0.75
W0264,Evening,2025-01-27,8.0,1.0
W0264,Evening,2025-01-29,10.0,1.25
W0264,Evening,2025-02-01,10.0,1.25
W0264,Evening,2025-02-03,7.0,0.875
W0264,Evening,2025-05-23,8.0,1.0
W0264,Evening,2025-05-24,16.0,2.0
W0264,Evening,2025-06-24,7.0,0.875
W0264,Morning,2025-01-11,7.0,0.875
W0264,Morning,2025-01-21,9.0,1.125
W0264,Morning,2025-02-05,8.0,1.0
W0264,Morning,2025-04-05,9.0,1.125
W0264,Morning,2025-04-07,8.0,1.0
W0264,Morning,2025-05-12,7.0,0.875
W0264,Morning,2025-05-14,6.0,0.75
W0264,Morning,2025-06-10,6.0,0.75
W0264,Morning,2025-06-22,6.0,0.75
W0264,Night,2025-01-03,8.0,1.0
W0264,Night,2025-01-16,10.0,1.25
W0264,Night,2025-01-21,7.0,0.875
W0264,Night,2025-02-12,10.0,1.25
W0264,Night,2025-03-07,8.0,1.0
W0264,Night,2025-03-08,7.0,0.875
W0264,Night,2025-03-30,9.0,1.125
W0264,Night,2025-04-02,15.0,1.875
W0264,Night,2025-04-05,9.0,1.125
W0264,Night,2025-04-16,15.0,1.875
W0264,Night,2025-04-25,10.0,1.25
W0264,Night,2025-04-28,18.0,2.25
W0264,Night,2025-05-26,10.0,1.25
W0264,Night,2025-06-06,6.0,0.75
W0264,Night,2025-06-07,10.0,1.25
W0265,Evening,2025-01-27,7.0,0.875
W0265,Evening,2025-02-04,7.0,0.875
W0265,Evening,2025-02-24,8.0,1.0
W0265,Evening,2025-03-12,6.0,0.75
W0265,Evening,2025-03-19,10.0,1.25
W0265,Evening,2025-05-09,9.0,1.125
W0265,Evening,2025-06-29,7.0,0.875
W0265,Morning,2025-01-06,6.0,0.75
W0265,Morning,2025-04-03,10.0,1.25
W0265,Morning,2025-04-08,7.0,0.875
W0265,Morning,2025-04-19,6.0,0.75
W0265,Morning,2025-04-28,6.0,0.75
W0265,Morning,2025-06-06,10.0,1.25
W0265,Morning,2025-06-23,9.0,1.125
W0265,Night,2025-01-03,6.0,0.75
W0265,Night,2025-01-20,8.0,1.0
W0265,Night,2025-01-22,10.0,1.25
W0265,Night,2025-01-23,9.0,1.125
W0265,Night,2025-01-25,7.0,0.875
W0265,Night,2025-01-28,6.0,0.75
W0265,Night,2025-02-10,18.0,2.25
W0265,Night,2025-02-24,9.0,1.125
W0265,Night,2025-03-02,6.0,0.75
W0265,Night,2025-03-13,16.0,2.0
W0265,Night,2025-03-19,10.0,1.25
W0265,Night,2025-03-30,10.0,1.25
W0265,Night,2025-04-12,10.0,1.25
W0265,Night,2025-04-16,7.0,0.875
W0265,Night,2025-04-17,10.0,1.25
W0265,Night,2025-05-16,25.0,3.125
W0265,Night,2025-05-31,7.0,0.875
W0265,Night,2025-06-08,10.0,1.25
W0265,Night,2025-06-10,9.0,1.125
W0265,Night,2025-06-12,9.0,1.125
W0265,Night,2025-06-16,6.0,0.75
W0266,Evening,2025-01-23,8.0,1.0
W0266,Evening,2025-01-25,14.0,1.75
W0266,Evening,2025-02-16,8.0,1.0
W0266,Evening,2025-02-21,19.0,2.375
W0266,Evening,2025-03-12,7.0,0.875
W0266,Evening,2025-03-29,6.0,0.75
W0266,Evening,2025-04-23,8.0,1.0
W0266,Evening,2025-04-24,9.0,1.125
W0266,Evening,2025-05-04,6.0,0.75
W0266,Evening,2025-06-07,8.0,1.0
W0266,Evening,2025-06-23,6.0,0.75
W0266,Evening,2025-06-25,9.0,1.125
W0266,Morning,2025-01-01,7.0,0.875
W0266,Morning,2025-01-02,6.0,0.75
W0266,Morning,2025-03-18,6.0,0.75
W0266,Morning,2025-04-06,8.0,1.0
W0266,Morning,2025-04-09,8.0,1.0
W0266,Morning,2025-05-05,10.0,1.25
W0266,Morning,2025-06-05,10.0,1.25
W0266,Morning,2025-06-23,8.0,1.0
W0266,Night,2025-01-05,6.0,0.75
W0266,Night,2025-01-23,8.0,1.0
W0266,Night,2025-02-12,9.0,1.125
W0266,Night,2025-02-15,7.0,0.875
W0266,Night,2025-03-13,8.0,1.0
W0266,Night,2025-03-21,7.0,0.875
W0266,Night,2025-03-23,10.0,1.25
W0266,Night,2025-04-15,6.0,0.75
W0266,Night,2025-04-17,17.0,2.125
W0266,Night,2025-05-02,6.0,0.75
W0266,Night,2025-05-11,6.0,0.75
W0266,Night,2025-06-14,8.0,1.0
W0266,Night,2025-06-27,10.0,1.25
W0267,Evening,2025-01-17,10.0,1.25
W0267,Evening,2025-02-15,9.0,1.125
W0267,Evening,2025-03-02,7.0,0.875
W0267,Evening,2025-04-23,9.0,1.125
W0267,Evening,2025-05-02,6.0,0.75
W0267,Evening,2025-05-17,6.0,0.75
W0267,Morning,2025-02-11,6.0,0.75
W0267,Morning,2025-03-09,6.0,0.75
W0267,Morning,2025-03-19,6.0,0.75
W0267,Morning,2025-04-11,9.0,1.125
W0267,Morning,2025-05-11,7.0,0.875
W0267,Morning,2025-05-14,6.0,0.75
W0267,Morning,2025-06-04,6.0,0.75
W0267,Night,2025-02-06,7.0,0.875
W0267,Night,2025-02-09,6.0,0.75
W0267,Night,2025-02-19,8.0,1.0
W0267,Night,2025-02-21,9.0,1.125
W0267,Night,2025-02-25,8.0,1.0
W0267,Night,2025-03-14,7.0,0.875
W0267,Night,2025-03-17,7.0,0.875
W0267,Night,2025-04-05,6.0,0.75
W0267,Night,2025-04-16,8.0,1.0
W0267,Night,2025-04-30,8.0,1.0
W0267,Night,2025-05-14,7.0,0.875
W0267,Night,2025-05-16,10.0,1.25
W0267,Night,2025-05-29,9.0,1.125
W0267,Night,2025-06-11,10.0,1.25
W0267,Night,2025-06-16,9.0,1.125
W0267,Night,2025-06-17,6.0,0.75
W0268,Evening,2025-01-29,10.0,1.25
W0268,Evening,2025-02-18,10.0,1.25
W0268,Evening,2025-05-08,10.0,1.25
W0268,Evening,2025-06-24,10.0,1.25
W0268,Morning,2025-01-17,6.0,0.75
W0268,Morning,2025-01-27,7.0,0.875
W0268,Morning,2025-03-24,8.0,1.0
W0268,Morning,2025-03-25,9.0,1.125
W0268,Morning,2025-03-29,8.0,1.0
W0268,Morning,2025-04-07,9.0,1.125
W0268,Morning,2025-04-13,9.0,1.125
W0268,Morning,2025-05-20,7.0,0.875
W0268,Morning,2025-05-26,7.0,0.875
W0268,Morning,2025-05-28,9.0,1.125
W0268,Morning,2025-05-31,6.0,0.75
W0268,Night,2025-01-17,9.0,1.125
W0268,Night,2025-01-25,9.0,1.125
W0268,Night,2025-02-07,7.0,0.875
W0268,Night,2025-02-18,7.0,0.875
W0268,Night,2025-02-28,7.0,0.875
W0268,Night,2025-04-06,7.0,0.875
W0268,Night,2025-04-07,23.0,2.875
W0268,Night,2025-04-28,8.0,1.0
W0268,Night,2025-05-04,7.0,0.875
W0268,Night,2025-05-10,9.0,1.125
W0268,Night,2025-05-16,8.0,1.0
W0268,Night,2025-05-18,7.0,0.875
W0268,Night,2025-06-06,9.0,1.125
W0269,Evening,2025-01-14,6.0,0.75
W0269,Evening,2025-01-16,8.0,1.0
W0269,Evening,2025-02-15,9.0,1.125
W0269,Evening,2025-04-29,9.0,1.125
W0269,Evening,2025-04-30,6.0,0.75
W0269,Evening,2025-05-01,9.0,1.125
W0269,Evening,2025-05-21,10.0,1.25
W0269,Evening,2025-06-02,7.0,0.875
W0269,Evening,2025-06-10,9.0,1.125
W0269,Morning,2025-01-07,6.0,0.75
W0269,Morning,2025-01-18,7.0,0.875
W0269,Morning,2025-03-10,6.0,0.75
W0269,Morning,2025-05-23,8.0,1.0
W0269,Night,2025-01-09,8.0,1.0
W0269,Night,2025-01-10,10.0,1.25
W0269,Night,2025-01-14,10.0,1.25
W0269,Night,2025-01-17,6.0,0.75
W0269,Night,2025-02-10,14.0,1.75
W0269,Night,2025-02-12,7.0,0.875
W0269,Night,2025-02-21,7.0,0.875
W0269,Night,2025-02-27,7.0,0.875
W0269,Night,2025-03-02,7.0,0.875
W0269,Night,2025-04-01,7.0,0.875
W0269,Night,2025-04-08,8.0,1.0
W0269,Night,2025-04-12,6.0,0.75
W0269,Night,2025-04-29,6.0,0.75
W0269,Night,2025-05-23,6.0,0.75
W0269,Night,2025-06-01,9.0,1.125
W0269,Night,2025-06-04,9.0,1.125
W0270,Evening,2025-02-19,6.0,0.75
W0270,Evening,2025-02-21,8.0,1.0
W0270,Evening,2025-03-19,7.0,0.875
W0270,Evening,2025-04-09,6.0,0.75
W0270,Evening,2025-05-27,6.0,0.75
W0270,Evening,2025-05-31,7.0,0.875
W0270,Morning,2025-03-18,6.0,0.75
W0270,Morning,2025-03-25,10.0,1.25
W0270,Morning,2025-05-10,10.0,1.25
W0270,Morning,2025-06-11,9.0,1.125
W0270,Morning,2025-06-12,10.0,1.25
W0270,Night,2025-01-03,6.0,0.75
W0270,Night,2025-01-04,6.0,0.75
W0270,Night,2025-01-29,7.0,0.875
W0270,Night,2025-02-11,8.0,1.0
W0270,Night,2025-03-03,8.0,1.0
W0270,Night,2025-03-09,10.0,1.25
W0270,Night,2025-03-15,15.0,1.875
W0270,Night,2025-03-29,7.0,0.875
W0270,Night,2025-05-23,6.0,0.75
W0271,Evening,2025-01-21,9.0,1.125
W0271,Evening,2025-02-18,6.0,0.75
W0271,Evening,2025-02-28,6.0,0.75
W0271,Evening,2025-03-28,9.0,1.125
W0271,Evening,2025-05-21,6.0,0.75
W0271,Evening,2025-06-20,7.0,0.875
W0271,Morning,2025-01-04,8.0,1.0
W0271,Morning,2025-02-11,8.0,1.0
W0271,Morning,2025-02-27,7.0,0.875
W0271,Morning,2025-03-08,10.0,1.25
W0271,Morning,2025-03-16,9.0,1.125
W0271,Morning,2025-03-19,9.0,1.125
W0271,Morning,2025-04-17,10.0,1.25
W0271,Morning,2025-04-19,6.0,0.75
W0271,Morning,2025-05-02,6.0,0.75
W0271,Morning,2025-05-09,7.0,0.875
W0271,Morning,2025-05-25,8.0,1.0
W0271,Morning,2025-06-24,6.0,0.75
W0271,Morning,2025-06-26,6.0,0.75
W0271,Night,2025-01-08,7.0,0.875
W0271,Night,2025-01-12,9.0,1.125
W0271,Night,2025-01-13,7.0,0.875
W0271,Night,2025-01-20,8.0,1.0
W0271,Night,2025-01-25,8.0,1.0
W0271,Night,2025-01-26,9.0,1.125
W0271,Night,2025-01-27,7.0,0.875
W0271,Night,2025-02-12,7.0,0.875
W0271,Night,2025-03-14,9.0,1.125
W0271,Night,2025-03-29,8.0,1.0
W0271,Night,2025-03-31,10.0,1.25
W0271,Night,2025-04-01,8.0,1.0
W0271,Night,2025-05-25,8.0,1.0
W0271,Night,2025-05-26,8.0,1.0
W0271,Night,2025-05-28,8.0,1.0
W0271,Night,2025-06-06,7.0,0.875
W0271,Night,2025-06-07,8.0,1.0
W0271,Night,2025-06-16,9.0,1.125
W0272,Evening,2025-04-01,8.0,1.0
W0272,Evening,2025-04-09,7.0,0.875
W0272,Evening,2025-04-18,7.0,0.875
W0272,Evening,2025-04-24,10.0,1.25
W0272,Evening,2025-05-12,8.0,1.0
W0272,Evening,2025-05-22,7.0,0.875
W0272,Evening,2025-06-22,7.0,0.875
W0272,Morning,2025-01-30,6.0,0.75
W0272,Morning,2025-03-14,6.0,0.75
W0272,Morning,2025-04-07,6.0,0.75
W0272,Morning,2025-04-28,6.0,0.75
W0272,Morning,2025-05-07,9.0,1.125
W0272,Night,2025-01-25,8.0,1.0
W0272,Night,2025-01-30,8.0,1.0
W0272,Night,2025-02-09,9.0,1.125
W0272,Night,2025-02-19,10.0,1.25
W0272,Night,2025-02-24,10.0,1.25
W0272,Night,2025-03-09,7.0,0.875
W0272,Night,2025-03-24,8.0,1.0
W0272,Night,2025-05-13,8.0,1.0
W0272,Night,2025-05-24,6.0,0.75
W0272,Night,2025-05-25,8.0,1.0
W0272,Night,2025-06-18,6.0,0.75
W0273,Evening,2025-01-08,10.0,1.25
W0273,Evening,2025-04-30,10.0,1.25
W0273,Evening,2025-05-17,8.0,1.0
W0273,Morning,2025-02-12,6.0,0.75
W0273,Morning,2025-02-15,8.0,1.0
W0273,Morning,2025-02-26,8.0,1.0
W0273,Morning,2025-03-29,6.0,0.75
W0273,Morning,2025-05-06,7.0,0.875
W0273,Morning,2025-06-28,6.0,0.75
W0273,Night,2025-01-03,6.0,0.75
W0273,Night,2025-01-21,7.0,0.875
W0273,Night,2025-02-16,8.0,1.0
W0273,Night,2025-02-26,8.0,1.0
W0273,Night,2025-03-21,8.0,1.0
W0273,Night,2025-03-26,7.0,0.875
W0273,Night,2025-04-06,6.0,0.75
W0273,Night,2025-04-30,6.0,0.75
W0273,Night,2025-05-09,10.0,1.25
W0273,Night,2025-05-19,9.0,1.125
W0273,Night,2025-05-31,8.0,1.0
W0273,Night,2025-06-02,10.0,1.25
W0273,Night,2025-06-19,6.0,0.75
W0274,Evening,2025-01-28,7.0,0.875
W0274,Evening,2025-02-27,8.0,1.0
W0274,Evening,2025-03-02,7.0,0.875
W0274,Evening,2025-03-03,7.0,0.875
W0274,Evening,2025-03-19,7.0,0.875
W0274,Evening,2025-04-12,9.0,1.125
W0274,Evening,2025-04-23,6.0,0.75
W0274,Evening,2025-04-27,7.0,0.875
W0274,Evening,2025-05-10,7.0,0.875
W0274,Evening,2025-06-13,10.0,1.25
W0274,Evening,2025-06-15,6.0,0.75
W0274,Evening,2025-06-24,6.0,0.75
W0274,Morning,2025-01-04,6.0,0.75
W0274,Morning,2025-01-18,10.0,1.25
W0274,Morning,2025-02-03,10.0,1.25
W0274,Morning,2025-02-13,7.0,0.875
W0274,Morning,2025-03-01,9.0,1.125
W0274,Morning,2025-05-01,7.0,0.875
W0274,Morning,2025-05-11,10.0,1.25
W0274,Morning,2025-06-10,8.0,1.0
W0274,Night,2025-01-18,8.0,1.0
W0274,Night,2025-02-24,8.0,1.0
W0274,Night,2025-02-25,9.0,1.125
W0274,Night,2025-03-02,9.0,1.125
W0274,Night,2025-03-05,6.0,0.75
W0274,Night,2025-03-19,10.0,1.25
W0274,Night,2025-03-27,16.0,2.0
W0274,Night,2025-03-31,6.0,0.75
W0274,Night,2025-04-21,9.0,1.125
W0274,Night,2025-04-24,6.0,0.75
W0274,Night,2025-04-27,8.0,1.0
W0274,Night,2025-06-01,9.0,1.125
W0274,Night,2025-06-04,7.0,0.875
W0274,Night,2025-06-17,10.0,1.25
W0274,Night,2025-06-26,9.0,1.125
W0274,Night,2025-06-27,7.0,0.875
W0275,Evening,2025-01-21,6.0,0.75
W0275,Evening,2025-03-17,6.0,0.75
W0275,Evening,2025-04-25,7.0,0.875
W0275,Evening,2025-05-22,8.0,1.0
W0275,Evening,2025-06-20,8.0,1.0
W0275,Morning,2025-01-02,8.0,1.0
W0275,Morning,2025-01-04,7.0,0.875
W0275,Morning,2025-01-13,9.0,1.125
W0275,Morning,2025-02-05,8.0,1.0
W0275,Morning,2025-02-08,10.0,1.25
W0275,Morning,2025-03-14,7.0,0.875
W0275,Morning,2025-03-24,8.0,1.0
W0275,Morning,2025-04-07,10.0,1.25
W0275,Morning,2025-04-27,8.0,1.0
W0275,Morning,2025-06-11,10.0,1.25
W0275,Night,2025-01-12,9.0,1.125
W0275,Night,2025-02-26,9.0,1.125
W0275,Night,2025-04-01,9.0,1.125
W0275,Night,2025-04-05,8.0,1.0
W0275,Night,2025-04-22,9.0,1.125
W0275,Night,2025-04-30,6.0,0.75
W0276,Evening,2025-01-10,8.0,1.0
W0276,Evening,2025-01-13,9.0,1.125
W0276,Evening,2025-01-17,6.0,0.75
W0276,Evening,2025-03-01,10.0,1.25
W0276,Evening,2025-03-15,9.0,1.125
W0276,Evening,2025-03-29,6.0,0.75
W0276,Evening,2025-04-08,10.0,1.25
W0276,Evening,2025-04-22,7.0,0.875
W0276,Evening,2025-05-15,10.0,1.25
W0276,Evening,2025-05-20,7.0,0.875
W0276,Evening,2025-06-01,10.0,1.25
W0276,Evening,2025-06-25,9.0,1.125
W0276,Evening,2025-06-27,6.0,0.75
W0276,Morning,2025-02-15,8.0,1.0
W0276,Morning,2025-03-31,17.0,2.125
W0276,Morning,2025-04-18,10.0,1.25
W0276,Morning,2025-06-05,6.0,0.75
W0276,Morning,2025-06-14,8.0,1.0
W0276,Night,2025-01-08,8.0,1.0
W0276,Night,2025-01-10,10.0,1.25
W0276,Night,2025-01-12,6.0,0.75
W0276,Night,2025-01-15,10.0,1.25
W0276,Night,2025-01-20,6.0,0.75
W0276,Night,2025-01-24,9.0,1.125
W0276,Night,2025-01-27,8.0,1.0
W0276,Night,2025-02-14,6.0,0.75
W0276,Night,2025-03-13,6.0,0.75
W0276,Night,2025-03-14,7.0,0.875
W0276,Night,2025-04-02,10.0,1.25
W0276,Night,2025-05-12,7.0,0.875
W0276,Night,2025-05-19,8.0,1.0
W0276,Night,2025-05-22,9.0,1.125
W0276,Night,2025-06-23,6.0,0.75
W0277,Evening,2025-01-19,7.0,0.875
W0277,Evening,2025-01-24,6.0,0.75
W0277,Evening,2025-02-02,10.0,1.25
W0277,Evening,2025-03-02,9.0,1.125
W0277,Evening,2025-04-06,7.0,0.875
W0277,Evening,2025-05-03,7.0,0.875
W0277,Evening,2025-05-09,7.0,0.875
W0277,Evening,2025-06-09,7.0,0.875
W0277,Morning,2025-01-29,10.0,1.25
W0277,Morning,2025-02-01,8.0,1.0
W0277,Morning,2025-02-24,8.0,1.0
W0277,Morning,2025-04-11,6.0,0.75
W0277,Morning,2025-04-25,6.0,0.75
W0277,Morning,2025-05-11,6.0,0.75
W0277,Morning,2025-05-28,10.0,1.25
W0277,Morning,2025-06-06,10.0,1.25
W0277,Morning,2025-06-23,9.0,1.125
W0277,Morning,2025-06-28,9.0,1.125
W0277,Night,2025-01-13,6.0,0.75
W0277,Night,2025-01-27,9.0,1.125
W0277,Night,2025-02-01,8.0,1.0
W0277,Night,2025-02-25,7.0,0.875
W0277,Night,2025-03-18,10.0,1.25
W0277,Night,2025-03-22,6.0,0.75
W0277,Night,2025-03-24,7.0,0.875
W0277,Night,2025-04-26,6.0,0.75
W0277,Night,2025-05-20,7.0,0.875
W0277,Night,2025-05-27,7.0,0.875
W0277,Night,2025-06-17,9.0,1.125
W0277,Night,2025-06-23,10.0,1.25
W0277,Night,2025-06-27,8.0,1.0
W0278,Evening,2025-01-07,9.0,1.125
W0278,Evening,2025-01-17,9.0,1.125
W0278,Evening,2025-02-09,10.0,1.25
W0278,Evening,2025-03-20,7.0,0.875
W0278,Evening,2025-03-23,6.0,0.75
W0278,Evening,2025-05-02,8.0,1.0
W0278,Evening,2025-05-03,9.0,1.125
W0278,Evening,2025-05-07,8.0,1.0
W0278,Evening,2025-05-08,8.0,1.0
W0278,Evening,2025-06-07,7.0,0.875
W0278,Evening,2025-06-09,8.0,1.0
W0278,Morning,2025-01-21,9.0,1.125
W0278,Morning,2025-01-27,8.0,1.0
W0278,Morning,2025-02-18,7.0,0.875
W0278,Morning,2025-03-21,6.0,0.75
W0278,Morning,2025-04-05,9.0,1.125
W0278,Morning,2025-05-06,8.0,1.0
W0278,Morning,2025-05-19,9.0,1.125
W0278,Morning,2025-05-22,6.0,0.75
W0278,Morning,2025-06-04,6.0,0.75
W0278,Night,2025-01-24,9.0,1.125
W0278,Night,2025-01-29,9.0,1.125
W0278,Night,2025-02-24,10.0,1.25
W0278,Night,2025-03-09,6.0,0.75
W0278,Night,2025-03-18,6.0,0.75
W0278,Night,2025-04-16,8.0,1.0
W0278,Night,2025-04-21,7.0,0.875
W0278,Night,2025-04-22,6.0,0.75
W0278,Night,2025-05-05,7.0,0.875
W0278,Night,2025-05-24,6.0,0.75
W0278,Night,2025-06-02,9.0,1.125
W0279,Evening,2025-01-09,6.0,0.75
W0279,Evening,2025-02-10,7.0,0.875
W0279,Evening,2025-03-05,7.0,0.875
W0279,Evening,2025-04-24,10.0,1.25
W0279,Evening,2025-05-11,6.0,0.75
W0279,Evening,2025-05-22,8.0,1.0
W0279,Evening,2025-05-30,6.0,0.75
W0279,Evening,2025-06-18,9.0,1.125
W0279,Morning,2025-02-10,7.0,0.875
W0279,Morning,2025-03-09,7.0,0.875
W0279,Morning,2025-05-09,7.0,0.875
W0279,Morning,2025-05-21,6.0,0.75
W0279,Morning,2025-05-29,10.0,1.25
W0279,Morning,2025-06-27,6.0,0.75
W0279,Night,2025-01-04,8.0,1.0
W0279,Night,2025-01-18,9.0,1.125
W0279,Night,2025-01-22,6.0,0.75
W0279,Night,2025-01-29,15.0,1.875
W0279,Night,2025-02-15,7.0,0.875
W0279,Night,2025-02-21,8.0,1.0
W0279,Night,2025-02-25,10.0,1.25
W0279,Night,2025-03-01,7.0,0.875
W0279,Night,2025-03-13,6.0,0.75
W0279,Night,2025-04-30,8.0,1.0
W0279,Night,2025-05-04,8.0,1.0
W0279,Night,2025-05-08,6.0,0.75
W0279,Night,2025-06-06,9.0,1.125
W0280,Evening,2025-03-12,9.0,1.125
W0280,Evening,2025-03-21,10.0,1.25
W0280,Evening,2025-03-30,7.0,0.875
W0280,Evening,2025-06-19,8.0,1.0
W0280,Morning,2025-01-15,8.0,1.0
W0280,Morning,2025-02-23,10.0,1.25
W0280,Morning,2025-03-31,6.0,0.75
W0280,Morning,2025-05-11,9.0,1.125
W0280,Morning,2025-05-18,10.0,1.25
W0280,Night,2025-01-21,6.0,0.75
W0280,Night,2025-01-28,6.0,0.75
W0280,Night,2025-02-01,6.0,0.75
W0280,Night,2025-02-08,10.0,1.25
W0280,Night,2025-02-21,10.0,1.25
W0280,Night,2025-03-01,9.0,1.125
W0280,Night,2025-03-17,6.0,0.75
W0280,Night,2025-03-18,10.0,1.25
W0280,Night,2025-04-01,10.0,1.25
W0280,Night,2025-04-21,7.0,0.875
W0280,Night,2025-05-07,8.0,1.0
W0280,Night,2025-05-25,6.0,0.75
W0280,Night,2025-06-11,9.0,1.125
W0281,Evening,2025-01-12,9.0,1.125
W0281,Evening,2025-02-05,8.0,1.0
W0281,Evening,2025-02-21,9.0,1.125
W0281,Evening,2025-03-14,7.0,0.875
W0281,Evening,2025-03-28,7.0,0.875
W0281,Evening,2025-05-17,8.0,1.0
W0281,Evening,2025-06-09,7.0,0.875
W0281,Morning,2025-01-11,9.0,1.125
W0281,Morning,2025-02-07,7.0,0.875
W0281,Morning,2025-02-08,9.0,1.125
W0281,Morning,2025-03-30,9.0,1.125
W0281,Morning,2025-04-16,9.0,1.125
W0281,Morning,2025-04-18,8.0,1.0
W0281,Night,2025-01-05,9.0,1.125
W0281,Night,2025-01-07,6.0,0.75
W0281,Night,2025-01-13,9.0,1.125
W0281,Night,2025-01-18,10.0,1.25
W0281,Night,2025-02-07,6.0,0.75
W0281,Night,2025-03-27,8.0,1.0
W0281,Night,2025-04-04,10.0,1.25
W0281,Night,2025-04-21,8.0,1.0
W0281,Night,2025-05-24,8.0,1.0
W0281,Night,2025-05-26,10.0,1.25
W0281,Night,2025-06-10,8.0,1.0
W0281,Night,2025-06-25,7.0,0.875
W0282,Evening,2025-01-06,7.0,0.875
W0282,Evening,2025-01-26,9.0,1.125
W0282,Evening,2025-01-29,8.0,1.0
W0282,Evening,2025-02-06,6.0,0.75
W0282,Evening,2025-02-23,8.0,1.0
W0282,Evening,2025-02-27,8.0,1.0
W0282,Evening,2025-03-24,7.0,0.875
W0282,Evening,2025-03-29,8.0,1.0
W0282,Evening,2025-04-19,9.0,1.125
W0282,Evening,2025-06-03,7.0,0.875
W0282,Evening,2025-06-26,6.0,0.75
W0282,Morning,2025-01-13,9.0,1.125
W0282,Morning,2025-02-12,10.0,1.25
W0282,Morning,2025-05-06,6.0,0.75
W0282,Morning,2025-05-09,6.0,0.75
W0282,Morning,2025-05-12,7.0,0.875
W0282,Morning,2025-05-22,9.0,1.125
W0282,Morning,2025-06-07,9.0,1.125
W0282,Night,2025-01-04,8.0,1.0
W0282,Night,2025-01-06,7.0,0.875
W0282,Night,2025-01-15,8.0,1.0
W0282,Night,2025-02-19,7.0,0.875
W0282,Night,2025-02-22,7.0,0.875
W0282,Night,2025-03-18,7.0,0.875
W0282,Night,2025-03-19,6.0,0.75
W0282,Night,2025-03-21,7.0,0.875
W0282,Night,2025-03-24,8.0,1.0
W0282,Night,2025-03-26,10.0,1.25
W0282,Night,2025-04-06,10.0,1.25
W0282,Night,2025-04-20,9.0,1.125
W0282,Night,2025-04-27,8.0,1.0
W0282,Night,2025-05-16,6.0,0.75
W0282,Night,2025-06-10,7.0,0.875
W0282,Night,2025-06-22,6.0,0.75
W0282,Night,2025-06-25,9.0,1.125
W0283,Evening,2025-02-03,6.0,0.75
W0283,Evening,2025-03-14,7.0,0.875
W0283,Evening,2025-03-27,8.0,1.0
W0283,Evening,2025-04-08,10.0,1.25
W0283,Evening,2025-04-14,9.0,1.125
W0283,Evening,2025-04-19,6.0,0.75
W0283,Morning,2025-01-13,10.0,1.25
W0283,Morning,2025-01-16,6.0,0.75
W0283,Morning,2025-02-17,8.0,1.0
W0283,Morning,2025-03-04,7.0,0.875
W0283,Morning,2025-04-09,8.0,1.0
W0283,Morning,2025-04-21,8.0,1.0
W0283,Morning,2025-04-27,6.0,0.75
W0283,Morning,2025-06-02,7.0,0.875
W0283,Morning,2025-06-27,10.0,1.25
W0283,Night,2025-01-17,9.0,1.125
W0283,Night,2025-01-18,7.0,0.875
W0283,Night,2025-01-19,10.0,1.25
W0283,Night,2025-01-28,7.0,0.875
W0283,Night,2025-02-02,9.0,1.125
W0283,Night,2025-02-10,7.0,0.875
W0283,Night,2025-02-15,10.0,1.25
W0283,Night,2025-03-18,19.0,2.375
W0283,Night,2025-03-21,6.0,0.75
W0283,Night,2025-04-10,8.0,1.0
W0283,Night,2025-04-30,9.0,1.125
W0284,Evening,2025-01-18,7.0,0.875
W0284,Evening,2025-03-09,6.0,0.75
W0284,Morning,2025-01-01,7.0,0.875
W0284,Morning,2025-01-09,10.0,1.25
W0284,Morning,2025-03-10,6.0,0.75
W0284,Morning,2025-03-12,8.0,1.0
W0284,Morning,2025-04-27,8.0,1.0
W0284,Morning,2025-05-14,10.0,1.25
W0284,Morning,2025-06-13,8.0,1.0
W0284,Morning,2025-06-25,7.0,0.875
W0284,Morning,2025-06-28,8.0,1.0
W0284,Night,2025-01-07,6.0,0.75
W0284,Night,2025-01-09,9.0,1.125
W0284,Night,2025-02-19,9.0,1.125
W0284,Night,2025-03-02,8.0,1.0
W0284,Night,2025-03-12,17.0,2.125
W0284,Night,2025-03-20,8.0,1.0
W0284,Night,2025-03-26,9.0,1.125
W0284,Night,2025-04-07,8.0,1.0
W0284,Night,2025-05-13,9.0,1.125
W0284,Night,2025-05-21,9.0,1.125
W0284,Night,2025-05-25,17.0,2.125
W0284,Night,2025-06-20,7.0,0.875
W0284,Night,2025-06-28,7.0,0.875
W0285,Evening,2025-01-03,6.0,0.75
W0285,Evening,2025-01-25,10.0,1.25
W0285,Evening,2025-04-26,6.0,0.75
W0285,Evening,2025-04-27,6.0,0.75
W0285,Evening,2025-05-03,7.0,0.875
W0285,Morning,2025-01-20,6.0,0.75
W0285,Morning,2025-01-27,6.0,0.75
W0285,Morning,2025-02-08,8.0,1.0
W0285,Morning,2025-03-14,6.0,0.75
W0285,Morning,2025-04-24,6.0,0.75
W0285,Morning,2025-05-27,9.0,1.125
W0285,Morning,2025-05-29,6.0,0.75
W0285,Night,2025-01-18,6.0,0.75
W0285,Night,2025-02-10,6.0,0.75
W0285,Night,2025-02-22,10.0,1.25
W0285,Night,2025-03-07,10.0,1.25
W0285,Night,2025-03-09,10.0,1.25
W0285,Night,2025-03-19,8.0,1.0
W0285,Night,2025-03-20,9.0,1.125
W0285,Night,2025-03-24,6.0,0.75
W0285,Night,2025-04-01,9.0,1.125
W0285,Night,2025-05-14,6.0,0.75
W0285,Night,2025-06-05,10.0,1.25
W0285,Night,2025-06-15,10.0,1.25
W0285,Night,2025-06-16,10.0,1.25
W0286,Evening,2025-01-30,7.0,0.875
W0286,Evening,2025-02-14,7.0,0.875
W0286,Evening,2025-05-06,6.0,0.75
W0286,Evening,2025-05-21,9.0,1.125
W0286,Evening,2025-05-27,7.0,0.875
W0286,Evening,2025-06-05,7.0,0.875
W0286,Evening,2025-06-07,9.0,1.125
W0286,Evening,2025-06-27,6.0,0.75
W0286,Morning,2025-01-22,9.0,1.125
W0286,Morning,2025-02-05,8.0,1.0
W0286,Morning,2025-03-06,7.0,0.875
W0286,Morning,2025-03-09,7.0,0.875
W0286,Morning,2025-03-11,7.0,0.875
W0286,Morning,2025-03-17,6.0,0.75
W0286,Morning,2025-03-20,8.0,1.0
W0286,Morning,2025-04-17,9.0,1.125
W0286,Morning,2025-06-09,9.0,1.125
W0286,Night,2025-01-21,6.0,0.75
W0286,Night,2025-03-03,7.0,0.875
W0286,Night,2025-03-17,8.0,1.0
W0286,Night,2025-04-01,15.0,1.875
W0286,Night,2025-04-17,10.0,1.25
W0286,Night,2025-04-20,8.0,1.0
W0286,Night,2025-04-21,12.0,1.5
W0286,Night,2025-04-30,9.0,1.125
W0286,Night,2025-05-26,7.0,0.875
W0286,Night,2025-05-28,6.0,0.75
W0286,Night,2025-06-03,10.0,1.25
W0286,Night,2025-06-28,7.0,0.875
W0287,Evening,2025-01-08,10.0,1.25
W0287,Evening,2025-02-12,9.0,1.125
W0287,Evening,2025-03-07,16.0,2.0
W0287,Evening,2025-03-13,6.0,0.75
W0287,Evening,2025-04-01,7.0,0.875
W0287,Evening,2025-04-09,9.0,1.125
W0287,Evening,2025-05-17,10.0,1.25
W0287,Evening,2025-06-12,7.0,0.875
W0287,Morning,2025-01-21,8.0,1.0
W0287,Morning,2025-02-16,9.0,1.125
W0287,Morning,2025-02-20,10.0,1.25
W0287,Morning,2025-02-22,10.0,1.25
W0287,Morning,2025-02-27,10.0,1.25
W0287,Morning,2025-03-01,10.0,1.25
W0287,Morning,2025-03-12,10.0,1.25
W0287,Morning,2025-04-29,6.0,0.75
W0287,Morning,2025-05-09,7.0,0.875
W0287,Morning,2025-05-29,6.0,0.75
W0287,Morning,2025-05-31,10.0,1.25
W0287,Morning,2025-06-10,8.0,1.0
W0287,Night,2025-01-13,7.0,0.875
W0287,Night,2025-01-17,10.0,1.25
W0287,Night,2025-01-18,10.0,1.25
W0287,Night,2025-01-28,8.0,1.0
W0287,Night,2025-02-03,8.0,1.0
W0287,Night,2025-02-08,9.0,1.125
W0287,Night,2025-02-22,8.0,1.0
W0287,Night,2025-02-26,10.0,1.25
W0287,Night,2025-04-03,7.0,0.875
W0287,Night,2025-04-22,6.0,0.75
W0287,Night,2025-04-29,9.0,1.125
W0287,Night,2025-04-30,6.0,0.75
W0287,Night,2025-05-23,10.0,1.25
W0287,Night,2025-06-07,10.0,1.25
W0288,Evening,2025-01-11,8.0,1.0
W0288,Evening,2025-01-31,9.0,1.125
W0288,Evening,2025-02-16,7.0,0.875
W0288,Evening,2025-04-07,18.0,2.25
W0288,Evening,2025-06-09,6.0,0.75
W0288,Evening,2025-06-16,7.0,0.875
W0288,Morning,2025-01-31,10.0,1.25
W0288,Morning,2025-04-13,7.0,0.875
W0288,Morning,2025-05-04,10.0,1.25
W0288,Morning,2025-05-24,8.0,1.0
W0288,Morning,2025-05-26,10.0,1.25
W0288,Morning,2025-06-06,9.0,1.125
W0288,Morning,2025-06-24,10.0,1.25
W0288,Morning,2025-06-26,7.0,0.875
W0288,Morning,2025-06-28,8.0,1.0
W0288,Night,2025-01-11,6.0,0.75
W0288,Night,2025-01-13,7.0,0.875
W0288,Night,2025-03-01,10.0,1.25
W0288,Night,2025-03-22,10.0,1.25
W0288,Night,2025-03-23,9.0,1.125
W0288,Night,2025-03-26,8.0,1.0
W0288,Night,2025-04-14,10.0,1.25
W0288,Night,2025-04-20,8.0,1.0
W0288,Night,2025-04-24,9.0,1.125
W0288,Night,2025-04-25,9.0,1.125
W0288,Night,2025-04-30,8.0,1.0
W0288,Night,2025-05-26,18.0,2.25
W0288,Night,2025-06-03,6.0,0.75
W0288,Night,2025-06-06,9.0,1.125
W0289,Evening,2025-01-07,6.0,0.75
W0289,Evening,2025-02-01,6.0,0.75
W0289,Evening,2025-02-18,10.0,1.25
W0289,Evening,2025-02-24,9.0,1.125
W0289,Evening,2025-02-26,10.0,1.25
W0289,Evening,2025-04-04,9.0,1.125
W0289,Evening,2025-04-27,10.0,1.25
W0289,Evening,2025-05-03,8.0,1.0
W0289,Morning,2025-01-16,8.0,1.0
W0289,Morning,2025-05-01,7.0,0.875
W0289,Morning,2025-05-16,9.0,1.125
W0289,Morning,2025-05-26,9.0,1.125
W0289,Morning,2025-06-11,7.0,0.875
W0289,Night,2025-01-14,8.0,1.0
W0289,Night,2025-01-15,10.0,1.25
W0289,Night,2025-01-23,6.0,0.75
W0289,Night,2025-02-04,25.0,3.125
W0289,Night,2025-02-10,10.0,1.25
W0289,Night,2025-03-21,10.0,1.25
W0289,Night,2025-04-05,9.0,1.125
W0289,Night,2025-04-18,9.0,1.125
W0289,Night,2025-05-04,9.0,1.125
W0289,Night,2025-06-01,9.0,1.125
W0290,Evening,2025-01-11,6.0,0.75
W0290,Evening,2025-01-21,6.0,0.75
W0290,Evening,2025-02-20,7.0,0.875
W0290,Evening,2025-02-26,8.0,1.0
W0290,Evening,2025-03-12,8.0,1.0
W0290,Evening,2025-03-14,7.0,0.875
W0290,Evening,2025-03-18,10.0,1.25
W0290,Evening,2025-04-23,7.0,0.875
W0290,Evening,2025-05-09,6.0,0.75
W0290,Evening,2025-05-14,10.0,1.25
W0290,Evening,2025-05-16,6.0,0.75
W0290,Evening,2025-05-29,7.0,0.875
W0290,Evening,2025-06-18,6.0,0.75
W0290,Evening,2025-06-26,8.0,1.0
W0290,Evening,2025-06-29,6.0,0.75
W0290,Morning,2025-01-16,8.0,1.0
W0290,Morning,2025-01-22,6.0,0.75
W0290,Morning,2025-02-06,10.0,1.25
W0290,Morning,2025-02-27,9.0,1.125
W0290,Morning,2025-03-06,9.0,1.125
W0290,Morning,2025-03-08,6.0,0.75
W0290,Morning,2025-03-10,6.0,0.75
W0290,Morning,2025-03-26,9.0,1.125
W0290,Morning,2025-06-05,6.0,0.75
W0290,Morning,2025-06-26,9.0,1.125
W0290,Night,2025-01-17,8.0,1.0
W0290,Night,2025-02-15,7.0,0.875
W0290,Night,2025-02-24,8.0,1.0
W0290,Night,2025-02-28,6.0,0.75
W0290,Night,2025-03-12,9.0,1.125
W0290,Night,2025-03-14,9.0,1.125
W0290,Night,2025-04-13,8.0,1.0
W0290,Night,2025-06-03,6.0,0.75
W0290,Night,2025-06-04,10.0,1.25
W0290,Night,2025-06-05,7.0,0.875
W0290,Night,2025-06-14,6.0,0.75
W0291,Evening,2025-01-03,6.0,0.75
W0291,Evening,2025-01-14,6.0,0.75
W0291,Evening,2025-01-15,7.0,0.875
W0291,Evening,2025-04-15,7.0,0.875
W0291,Morning,2025-02-26,8.0,1.0
W0291,Morning,2025-04-10,8.0,1.0
W0291,Morning,2025-04-20,9.0,1.125
W0291,Morning,2025-05-23,7.0,0.875
W0291,Night,2025-01-14,7.0,0.875
W0291,Night,2025-01-18,7.0,0.875
W0291,Night,2025-02-05,8.0,1.0
W0291,Night,2025-03-23,7.0,0.875
W0291,Night,2025-04-03,7.0,0.875
W0291,Night,2025-05-07,9.0,1.125
W0291,Night,2025-05-15,7.0,0.875
W0291,Night,2025-05-19,10.0,1.25
W0291,Night,2025-05-20,10.0,1.25
W0291,Night,2025-05-24,8.0,1.0
W0291,Night,2025-05-25,8.0,1.0
W0292,Evening,2025-01-05,10.0,1.25
W0292,Evening,2025-01-25,10.0,1.25
W0292,Evening,2025-05-06,8.0,1.0
W0292,Evening,2025-05-09,9.0,1.125
W0292,Evening,2025-05-20,10.0,1.25
W0292,Evening,2025-05-21,7.0,0.875
W0292,Evening,2025-05-29,6.0,0.75
W0292,Morning,2025-01-04,6.0,0.75
W0292,Morning,2025-01-27,9.0,1.125
W0292,Morning,2025-02-02,8.0,1.0
W0292,Morning,2025-03-07,6.0,0.75
W0292,Night,2025-03-01,8.0,1.0
W0292,Night,2025-04-11,7.0,0.875
W0292,Night,2025-04-17,10.0,1.25
W0292,Night,2025-04-25,7.0,0.875
W0292,Night,2025-05-04,9.0,1.125
W0292,Night,2025-05-17,6.0,0.75
W0292,Night,2025-06-07,6.0,0.75
W0292,Night,2025-06-21,6.0,0.75
W0292,Night,2025-06-22,8.0,1.0
W0293,Evening,2025-01-07,8.0,1.0
W0293,Evening,2025-02-22,9.0,1.125
W0293,Evening,2025-02-24,6.0,0.75
W0293,Evening,2025-04-15,9.0,1.125
W0293,Evening,2025-05-15,8.0,1.0
W0293,Morning,2025-01-04,8.0,1.0
W0293,Morning,2025-01-31,10.0,1.25
W0293,Morning,2025-02-08,10.0,1.25
W0293,Morning,2025-04-19,9.0,1.125
W0293,Morning,2025-05-07,6.0,0.75
W0293,Night,2025-01-25,6.0,0.75
W0293,Night,2025-02-16,10.0,1.25
W0293,Night,2025-02-18,9.0,1.125
W0293,Night,2025-02-27,8.0,1.0
W0293,Night,2025-03-03,7.0,0.875
W0293,Night,2025-03-15,9.0,1.125
W0293,Night,2025-04-11,7.0,0.875
W0293,Night,2025-04-17,6.0,0.75
W0293,Night,2025-04-22,10.0,1.25
W0293,Night,2025-04-26,8.0,1.0
W0293,Night,2025-05-22,10.0,1.25
W0293,Night,2025-05-24,8.0,1.0
W0293,Night,2025-06-18,10.0,1.25
W0293,Night,2025-06-24,9.0,1.125
W0293,Night,2025-06-29,7.0,0.875
W0294,Evening,2025-04-19,10.0,1.25
W0294,Evening,2025-05-19,9.0,1.125
W0294,Evening,2025-06-04,9.0,1.125
W0294,Evening,2025-06-14,9.0,1.125
W0294,Morning,2025-01-09,7.0,0.875
W0294,Morning,2025-01-25,6.0,0.75
W0294,Morning,2025-02-13,6.0,0.75
W0294,Morning,2025-06-03,10.0,1.25
W0294,Morning,2025-06-22,9.0,1.125
W0294,Morning,2025-06-28,7.0,0.875
W0294,Night,2025-01-02,10.0,1.25
W0294,Night,2025-01-16,8.0,1.0
W0294,Night,2025-01-23,8.0,1.0
W0294,Night,2025-02-26,9.0,1.125
W0294,Night,2025-02-28,9.0,1.125
W0294,Night,2025-03-02,7.0,0.875
W0294,Night,2025-03-05,10.0,1.25
W0294,Night,2025-03-17,14.0,1.75
W0294,Night,2025-04-14,10.0,1.25
W0294,Night,2025-04-19,6.0,0.75
W0294,Night,2025-05-12,8.0,1.0
W0294,Night,2025-05-21,7.0,0.875
W0294,Night,2025-06-02,8.0,1.0
W0294,Night,2025-06-08,9.0,1.125
W0294,Night,2025-06-20,6.0,0.75
W0295,Evening,2025-01-12,10.0,1.25
W0295,Evening,2025-01-29,6.0,0.75
W0295,Evening,2025-02-04,6.0,0.75
W0295,Evening,2025-04-15,10.0,1.25
W0295,Evening,2025-05-21,6.0,0.75
W0295,Evening,2025-05-22,6.0,0.75
W0295,Morning,2025-01-12,9.0,1.125
W0295,Morning,2025-01-13,6.0,0.75
W0295,Morning,2025-01-20,9.0,1.125
W0295,Morning,2025-04-17,9.0,1.125
W0295,Morning,2025-05-03,10.0,1.25
W0295,Night,2025-01-02,9.0,1.125
W0295,Night,2025-01-04,8.0,1.0
W0295,Night,2025-01-14,6.0,0.75
W0295,Night,2025-02-03,6.0,0.75
W0295,Night,2025-02-04,9.0,1.125
W0295,Night,2025-03-03,10.0,1.25
W0295,Night,2025-04-07,6.0,0.75
W0295,Night,2025-04-14,9.0,1.125
W0295,Night,2025-04-19,7.0,0.875
W0295,Night,2025-04-22,7.0,0.875
W0295,Night,2025-04-30,10.0,1.25
W0295,Night,2025-05-11,9.0,1.125
W0295,Night,2025-05-26,6.0,0.75
W0295,Night,2025-05-27,6.0,0.75
W0295,Night,2025-06-04,10.0,1.25
W0295,Night,2025-06-06,8.0,1.0
W0295,Night,2025-06-24,10.0,1.25
W0296,Evening,2025-01-23,10.0,1.25
W0296,Evening,2025-02-01,7.0,0.875
W0296,Evening,2025-02-11,7.0,0.875
W0296,Evening,2025-04-16,10.0,1.25
W0296,Evening,2025-04-18,8.0,1.0
W0296,Evening,2025-05-04,9.0,1.125
W0296,Morning,2025-01-26,8.0,1.0
W0296,Morning,2025-01-28,8.0,1.0
W0296,Morning,2025-02-13,9.0,1.125
W0296,Morning,2025-03-31,9.0,1.125
W0296,Morning,2025-04-17,6.0,0.75
W0296,Night,2025-01-02,10.0,1.25
W0296,Night,2025-01-03,8.0,1.0
W0296,Night,2025-01-07,7.0,0.875
W0296,Night,2025-01-12,10.0,1.25
W0296,Night,2025-01-13,6.0,0.75
W0296,Night,2025-01-21,6.0,0.75
W0296,Night,2025-02-20,9.0,1.125
W0296,Night,2025-03-13,9.0,1.125
W0296,Night,2025-03-22,10.0,1.25
W0296,Night,2025-04-21,9.0,1.125
W0296,Night,2025-04-23,10.0,1.25
W0296,Night,2025-05-10,7.0,0.875
W0296,Night,2025-05-16,10.0,1.25
W0296,Night,2025-05-22,10.0,1.25
W0296,Night,2025-05-29,7.0,0.875
W0296,Night,2025-05-31,9.0,1.125
W0296,Night,2025-06-06,6.0,0.75
W0296,Night,2025-06-10,7.0,0.875
W0296,Night,2025-06-14,9.0,1.125
W0296,Night,2025-06-26,10.0,1.25
W0296,Night,2025-06-27,7.0,0.875
W0297,Evening,2025-01-11,10.0,1.25
W0297,Evening,2025-01-15,7.0,0.875
W0297,Evening,2025-03-10,10.0,1.25
W0297,Evening,2025-05-21,6.0,0.75
W0297,Evening,2025-05-28,9.0,1.125
W0297,Evening,2025-06-08,10.0,1.25
W0297,Evening,2025-06-27,8.0,1.0
W0297,Morning,2025-03-01,10.0,1.25
W0297,Morning,2025-03-04,7.0,0.875
W0297,Morning,2025-03-16,10.0,1.25
W0297,Morning,2025-03-30,6.0,0.75
W0297,Morning,2025-05-23,9.0,1.125
W0297,Morning,2025-05-26,8.0,1.0
W0297,Morning,2025-05-27,8.0,1.0
W0297,Morning,2025-05-28,7.0,0.875
W0297,Morning,2025-06-29,9.0,1.125
W0297,Night,2025-01-04,10.0,1.25
W0297,Night,2025-01-20,7.0,0.875
W0297,Night,2025-02-14,17.0,2.125
W0297,Night,2025-02-26,7.0,0.875
W0297,Night,2025-03-02,8.0,1.0
W0297,Night,2025-03-26,7.0,0.875
W0297,Night,2025-04-06,8.0,1.0
W0297,Night,2025-04-22,8.0,1.0
W0297,Night,2025-05-03,9.0,1.125
W0297,Night,2025-05-21,10.0,1.25
W0297,Night,2025-06-24,8.0,1.0
W0298,Evening,2025-02-27,8.0,1.0
W0298,Evening,2025-03-06,8.0,1.0
W0298,Evening,2025-03-13,10.0,1.25
W0298,Evening,2025-04-04,9.0,1.125
W0298,Evening,2025-06-06,9.0,1.125
W0298,Evening,2025-06-13,7.0,0.875
W0298,Evening,2025-06-20,6.0,0.75
W0298,Evening,2025-06-23,8.0,1.0
W0298,Morning,2025-01-01,7.0,0.875
W0298,Morning,2025-01-03,10.0,1.25
W0298,Morning,2025-01-28,10.0,1.25
W0298,Morning,2025-02-16,10.0,1.25
W0298,Morning,2025-03-10,8.0,1.0
W0298,Morning,2025-04-13,16.0,2.0
W0298,Morning,2025-05-06,8.0,1.0
W0298,Night,2025-01-11,6.0,0.75
W0298,Night,2025-01-22,10.0,1.25
W0298,Night,2025-02-18,7.0,0.875
W0298,Night,2025-03-02,7.0,0.875
W0298,Night,2025-03-25,9.0,1.125
W0298,Night,2025-04-11,9.0,1.125
W0298,Night,2025-04-25,7.0,0.875
W0298,Night,2025-05-02,6.0,0.75
W0298,Night,2025-05-05,7.0,0.875
W0298,Night,2025-05-07,6.0,0.75
W0298,Night,2025-05-18,8.0,1.0
W0298,Night,2025-05-19,6.0,0.75
W0298,Night,2025-06-01,7.0,0.875
W0298,Night,2025-06-04,6.0,0.75
W0298,Night,2025-06-27,9.0,1.125
W0299,Evening,2025-01-04,6.0,0.75
W0299,Evening,2025-01-29,10.0,1.25
W0299,Evening,2025-02-08,9.0,1.125
W0299,Evening,2025-02-24,6.0,0.75
W0299,Evening,2025-03-27,8.0,1.0
W0299,Evening,2025-04-03,6.0,0.75
W0299,Evening,2025-04-17,6.0,0.75
W0299,Evening,2025-05-07,10.0,1.25
W0299,Morning,2025-01-02,10.0,1.25
W0299,Morning,2025-01-05,9.0,1.125
W0299,Morning,2025-01-17,9.0,1.125
W0299,Morning,2025-01-22,9.0,1.125
W0299,Morning,2025-02-14,6.0,0.75
W0299,Morning,2025-02-25,9.0,1.125
W0299,Morning,2025-03-02,9.0,1.125
W0299,Morning,2025-04-01,10.0,1.25
W0299,Morning,2025-04-12,9.0,1.125
W0299,Morning,2025-06-13,9.0,1.125
W0299,Night,2025-01-14,6.0,0.75
W0299,Night,2025-02-01,7.0,0.875
W0299,Night,2025-02-13,16.0,2.0
W0299,Night,2025-02-20,7.0,0.875
W0299,Night,2025-02-25,7.0,0.875
W0299,Night,2025-02-28,9.0,1.125
W0299,Night,2025-03-10,7.0,0.875
W0299,Night,2025-03-13,7.0,0.875
W0299,Night,2025-03-16,6.0,0.75
W0299,Night,2025-03-24,6.0,0.75
W0299,Night,2025-03-25,8.0,1.0
W0299,Night,2025-03-28,8.0,1.0
W0299,Night,2025-04-01,10.0,1.25
W0299,Night,2025-04-17,8.0,1.0
W0299,Night,2025-05-30,9.0,1.125
W0299,Night,2025-06-05,6.0,0.75
W0299,Night,2025-06-14,7.0,0.875
W0299,Night,2025-06-16,7.0,0.875
W0299,Night,2025-06-23,8.0,1.0
W0300,Evening,2025-01-02,8.0,1.0
W0300,Evening,2025-01-15,9.0,1.125
W0300,Evening,2025-02-05,7.0,0.875
W0300,Evening,2025-02-14,8.0,1.0
W0300,Evening,2025-03-13,6.0,0.75
W0300,Evening,2025-03-14,9.0,1.125
W0300,Evening,2025-04-13,7.0,0.875
W0300,Evening,2025-05-06,8.0,1.0
W0300,Evening,2025-05-11,6.0,0.75
W0300,Evening,2025-06-25,7.0,0.875
W0300,Evening,2025-06-28,10.0,1.25
W0300,Morning,2025-03-10,7.0,0.875
W0300,Morning,2025-03-13,9.0,1.125
W0300,Morning,2025-04-04,6.0,0.75
W0300,Morning,2025-06-09,8.0,1.0
W0300,Night,2025-01-03,6.0,0.75
W0300,Night,2025-01-10,6.0,0.75
W0300,Night,2025-01-30,8.0,1.0
W0300,Night,2025-02-09,8.0,1.0
W0300,Night,2025-02-17,9.0,1.125
W0300,Night,2025-02-18,8.0,1.0
W0300,Night,2025-02-22,6.0,0.75
W0300,Night,2025-02-28,7.0,0.875
W0300,Night,2025-03-08,8.0,1.0
W0300,Night,2025-03-28,10.0,1.25
W0300,Night,2025-03-30,6.0,0.75
W0300,Night,2025-04-05,8.0,1.0
W0300,Night,2025-05-01,7.0,0.875
W0300,Night,2025-05-03,8.0,1.0
W0300,Night,2025-05-26,8.0,1.0
W0300,Night,2025-06-05,10.0,1.25
W0300,Night,2025-06-18,7.0,0.875
W0301,Evening,2025-01-05,10.0,1.25
W0301,Evening,2025-01-23,7.0,0.875
W0301,Evening,2025-04-12,7.0,0.875
W0301,Evening,2025-06-09,10.0,1.25
W0301,Evening,2025-06-20,10.0,1.25
W0301,Morning,2025-02-06,7.0,0.875
W0301,Morning,2025-02-15,10.0,1.25
W0301,Morning,2025-05-17,9.0,1.125
W0301,Night,2025-01-08,6.0,0.75
W0301,Night,2025-01-09,9.0,1.125
W0301,Night,2025-01-16,6.0,0.75
W0301,Night,2025-02-09,6.0,0.75
W0301,Night,2025-02-26,7.0,0.875
W0301,Night,2025-03-12,8.0,1.0
W0301,Night,2025-04-17,7.0,0.875
W0301,Night,2025-04-24,8.0,1.0
W0301,Night,2025-05-27,6.0,0.75
W0301,Night,2025-06-06,10.0,1.25
W0302,Evening,2025-01-23,9.0,1.125
W0302,Evening,2025-04-03,9.0,1.125
W0302,Evening,2025-06-02,9.0,1.125
W0302,Morning,2025-01-10,8.0,1.0
W0302,Morning,2025-01-19,10.0,1.25
W0302,Morning,2025-01-20,6.0,0.75
W0302,Morning,2025-02-20,7.0,0.875
W0302,Morning,2025-04-03,7.0,0.875
W0302,Morning,2025-05-01,9.0,1.125
W0302,Morning,2025-06-29,8.0,1.0
W0302,Night,2025-01-04,6.0,0.75
W0302,Night,2025-01-06,9.0,1.125
W0302,Night,2025-01-25,9.0,1.125
W0302,Night,2025-02-01,8.0,1.0
W0302,Night,2025-03-04,10.0,1.25
W0302,Night,2025-03-15,8.0,1.0
W0302,Night,2025-03-25,13.0,1.625
W0302,Night,2025-04-13,8.0,1.0
W0302,Night,2025-04-14,7.0,0.875
W0302,Night,2025-04-23,6.0,0.75
W0302,Night,2025-05-09,10.0,1.25
W0302,Night,2025-06-03,6.0,0.75
W0302,Night,2025-06-11,10.0,1.25
W0302,Night,2025-06-22,9.0,1.125
W0303,Evening,2025-01-02,6.0,0.75
W0303,Evening,2025-01-24,6.0,0.75
W0303,Evening,2025-01-30,6.0,0.75
W0303,Evening,2025-02-05,10.0,1.25
W0303,Evening,2025-02-23,8.0,1.0
W0303,Evening,2025-03-26,10.0,1.25
W0303,Evening,2025-04-05,6.0,0.75
W0303,Evening,2025-05-04,10.0,1.25
W0303,Evening,2025-06-08,8.0,1.0
W0303,Morning,2025-01-04,9.0,1.125
W0303,Morning,2025-03-11,10.0,1.25
W0303,Morning,2025-05-02,8.0,1.0
W0303,Morning,2025-06-04,9.0,1.125
W0303,Morning,2025-06-16,8.0,1.0
W0303,Morning,2025-06-23,10.0,1.25
W0303,Night,2025-01-04,9.0,1.125
W0303,Night,2025-01-17,9.0,1.125
W0303,Night,2025-01-18,10.0,1.25
W0303,Night,2025-01-27,9.0,1.125
W0303,Night,2025-02-01,6.0,0.75
W0303,Night,2025-03-11,16.0,2.0
W0303,Night,2025-03-13,7.0,0.875
W0303,Night,2025-03-14,8.0,1.0
W0303,Night,2025-03-15,8.0,1.0
W0303,Night,2025-04-02,6.0,0.75
W0303,Night,2025-04-09,6.0,0.75
W0303,Night,2025-04-11,9.0,1.125
W0303,Night,2025-04-13,8.0,1.0
W0303,Night,2025-05-04,10.0,1.25
W0303,Night,2025-05-11,8.0,1.0
W0303,Night,2025-06-07,6.0,0.75
W0303,Night,2025-06-22,7.0,0.875
W0303,Night,2025-06-25,9.0,1.125
W0304,Evening,2025-01-02,7.0,0.875
W0304,Evening,2025-01-14,17.0,2.125
W0304,Evening,2025-02-23,8.0,1.0
W0304,Evening,2025-03-09,10.0,1.25
W0304,Evening,2025-03-31,7.0,0.875
W0304,Evening,2025-06-12,8.0,1.0
W0304,Evening,2025-06-15,10.0,1.25
W0304,Evening,2025-06-23,10.0,1.25
W0304,Morning,2025-03-01,10.0,1.25
W0304,Morning,2025-05-18,10.0,1.25
W0304,Night,2025-01-01,9.0,1.125
W0304,Night,2025-01-05,7.0,0.875
W0304,Night,2025-01-07,9.0,1.125
W0304,Night,2025-01-20,10.0,1.25
W0304,Night,2025-01-27,18.0,2.25
W0304,Night,2025-01-30,6.0,0.75
W0304,Night,2025-02-24,6.0,0.75
W0304,Night,2025-03-06,8.0,1.0
W0304,Night,2025-03-16,7.0,0.875
W0304,Night,2025-03-21,7.0,0.875
W0304,Night,2025-04-19,10.0,1.25
W0304,Night,2025-04-22,10.0,1.25
W0304,Night,2025-05-12,6.0,0.75
W0304,Night,2025-05-23,9.0,1.125
W0305,Evening,2025-02-21,10.0,1.25
W0305,Evening,2025-02-26,6.0,0.75
W0305,Evening,2025-03-24,9.0,1.125
W0305,Evening,2025-04-13,10.0,1.25
W0305,Evening,2025-04-16,6.0,0.75
W0305,Evening,2025-05-30,8.0,1.0
W0305,Morning,2025-02-21,8.0,1.0
W0305,Morning,2025-02-28,8.0,1.0
W0305,Morning,2025-03-01,7.0,0.875
W0305,Morning,2025-03-21,9.0,1.125
W0305,Morning,2025-04-08,8.0,1.0
W0305,Morning,2025-04-09,10.0,1.25
W0305,Morning,2025-04-16,7.0,0.875
W0305,Morning,2025-05-22,7.0,0.875
W0305,Morning,2025-06-03,9.0,1.125
W0305,Morning,2025-06-04,8.0,1.0
W0305,Night,2025-01-13,6.0,0.75
W0305,Night,2025-01-26,9.0,1.125
W0305,Night,2025-02-16,10.0,1.25
W0305,Night,2025-02-25,7.0,0.875
W0305,Night,2025-03-05,10.0,1.25
W0305,Night,2025-03-21,8.0,1.0
W0305,Night,2025-03-26,8.0,1.0
W0305,Night,2025-04-02,10.0,1.25
W0305,Night,2025-05-04,6.0,0.75
W0305,Night,2025-05-24,10.0,1.25
W0305,Night,2025-06-06,14.0,1.75
W0305,Night,2025-06-14,8.0,1.0
W0306,Evening,2025-01-01,10.0,1.25
W0306,Evening,2025-01-28,7.0,0.875
W0306,Evening,2025-01-30,10.0,1.25
W0306,Evening,2025-04-11,10.0,1.25
W0306,Evening,2025-04-22,7.0,0.875
W0306,Evening,2025-04-24,9.0,1.125
W0306,Morning,2025-01-09,7.0,0.875
W0306,Morning,2025-02-16,8.0,1.0
W0306,Morning,2025-02-27,6.0,0.75
W0306,Morning,2025-05-30,9.0,1.125
W0306,Morning,2025-06-22,9.0,1.125
W0306,Night,2025-01-09,14.0,1.75
W0306,Night,2025-02-01,9.0,1.125
W0306,Night,2025-02-12,10.0,1.25
W0306,Night,2025-03-03,6.0,0.75
W0306,Night,2025-03-04,6.0,0.75
W0306,Night,2025-03-07,7.0,0.875
W0306,Night,2025-03-09,10.0,1.25
W0306,Night,2025-03-18,10.0,1.25
W0306,Night,2025-03-26,6.0,0.75
W0306,Night,2025-04-08,8.0,1.0
W0306,Night,2025-04-17,7.0,0.875
W0306,Night,2025-05-09,6.0,0.75
W0306,Night,2025-06-22,7.0,0.875
W0306,Night,2025-06-26,17.0,2.125
W0307,Evening,2025-01-06,8.0,1.0
W0307,Evening,2025-03-06,8.0,1.0
W0307,Evening,2025-04-19,6.0,0.75
W0307,Evening,2025-05-01,6.0,0.75
W0307,Evening,2025-05-03,6.0,0.75
W0307,Evening,2025-05-21,6.0,0.75
W0307,Morning,2025-01-04,8.0,1.0
W0307,Morning,2025-02-10,9.0,1.125
W0307,Morning,2025-03-11,10.0,1.25
W0307,Morning,2025-03-17,10.0,1.25
W0307,Morning,2025-05-01,10.0,1.25
W0307,Morning,2025-05-07,8.0,1.0
W0307,Morning,2025-05-21,10.0,1.25
W0307,Morning,2025-06-10,7.0,0.875
W0307,Morning,2025-06-24,8.0,1.0
W0307,Night,2025-01-07,8.0,1.0
W0307,Night,2025-02-08,8.0,1.0
W0307,Night,2025-02-16,9.0,1.125
W0307,Night,2025-02-24,6.0,0.75
W0307,Night,2025-05-26,8.0,1.0
W0307,Night,2025-06-03,9.0,1.125
W0307,Night,2025-06-04,9.0,1.125
W0307,Night,2025-06-05,9.0,1.125
W0307,Night,2025-06-17,6.0,0.75
W0308,Evening,2025-02-17,7.0,0.875
W0308,Evening,2025-02-25,10.0,1.25
W0308,Evening,2025-03-17,9.0,1.125
W0308,Evening,2025-03-21,7.0,0.875
W0308,Evening,2025-04-02,8.0,1.0
W0308,Evening,2025-04-12,10.0,1.25
W0308,Evening,2025-04-16,7.0,0.875
W0308,Evening,2025-05-20,9.0,1.125
W0308,Evening,2025-06-12,6.0,0.75
W0308,Morning,2025-01-03,9.0,1.125
W0308,Morning,2025-01-09,6.0,0.75
W0308,Morning,2025-02-26,6.0,0.75
W0308,Morning,2025-03-11,9.0,1.125
W0308,Morning,2025-03-20,7.0,0.875
W0308,Morning,2025-04-29,8.0,1.0
W0308,Morning,2025-06-14,8.0,1.0
W0308,Night,2025-01-09,9.0,1.125
W0308,Night,2025-01-10,8.0,1.0
W0308,Night,2025-01-12,9.0,1.125
W0308,Night,2025-01-15,6.0,0.75
W0308,Night,2025-01-23,9.0,1.125
W0308,Night,2025-01-26,8.0,1.0
W0308,Night,2025-03-07,7.0,0.875
W0308,Night,2025-03-16,10.0,1.25
W0308,Night,2025-03-18,7.0,0.875
W0308,Night,2025-03-23,7.0,0.875
W0308,Night,2025-04-04,6.0,0.75
W0308,Night,2025-04-11,6.0,0.75
W0308,Night,2025-04-14,7.0,0.875
W0308,Night,2025-04-20,6.0,0.75
W0308,Night,2025-04-30,7.0,0.875
W0308,Night,2025-05-07,6.0,0.75
W0308,Night,2025-05-12,8.0,1.0
W0308,Night,2025-06-02,6.0,0.75
W0308,Night,2025-06-26,8.0,1.0
W0308,Night,2025-06-29,7.0,0.875
W0309,Evening,2025-03-19,8.0,1.0
W0309,Evening,2025-03-25,10.0,1.25
W0309,Evening,2025-03-31,7.0,0.875
W0309,Evening,2025-05-03,7.0,0.875
W0309,Evening,2025-05-09,9.0,1.125
W0309,Morning,2025-01-31,6.0,0.75
W0309,Morning,2025-02-01,10.0,1.25
W0309,Morning,2025-02-02,6.0,0.75
W0309,Morning,2025-02-25,8.0,1.0
W0309,Morning,2025-03-03,10.0,1.25
W0309,Morning,2025-03-09,9.0,1.125
W0309,Morning,2025-03-27,8.0,1.0
W0309,Morning,2025-03-31,7.0,0.875
W0309,Morning,2025-04-26,9.0,1.125
W0309,Morning,2025-05-12,6.0,0.75
W0309,Morning,2025-05-17,10.0,1.25
W0309,Morning,2025-06-02,8.0,1.0
W0309,Night,2025-01-29,8.0,1.0
W0309,Night,2025-02-15,7.0,0.875
W0309,Night,2025-02-26,10.0,1.25
W0309,Night,2025-03-10,6.0,0.75
W0309,Night,2025-03-13,8.0,1.0
W0309,Night,2025-03-14,9.0,1.125
W0309,Night,2025-03-26,17.0,2.125
W0309,Night,2025-03-27,9.0,1.125
W0309,Night,2025-04-09,9.0,1.125
W0309,Night,2025-04-12,7.0,0.875
W0309,Night,2025-04-17,10.0,1.25
W0309,Night,2025-05-13,6.0,0.75
W0309,Night,2025-05-17,7.0,0.875
W0310,Evening,2025-01-24,8.0,1.0
W0310,Evening,2025-02-05,6.0,0.75
W0310,Evening,2025-02-27,8.0,1.0
W0310,Evening,2025-03-22,6.0,0.75
W0310,Evening,2025-05-05,7.0,0.875
W0310,Evening,2025-05-18,6.0,0.75
W0310,Morning,2025-01-13,10.0,1.25
W0310,Morning,2025-02-13,9.0,1.125
W0310,Morning,2025-03-08,7.0,0.875
W0310,Morning,2025-03-12,7.0,0.875
W0310,Morning,2025-03-18,7.0,0.875
W0310,Morning,2025-03-30,6.0,0.75
W0310,Morning,2025-04-27,10.0,1.25
W0310,Morning,2025-05-08,8.0,1.0
W0310,Morning,2025-05-27,10.0,1.25
W0310,Morning,2025-06-16,8.0,1.0
W0310,Night,2025-01-09,10.0,1.25
W0310,Night,2025-02-14,10.0,1.25
W0310,Night,2025-02-15,8.0,1.0
W0310,Night,2025-02-16,9.0,1.125
W0310,Night,2025-02-24,10.0,1.25
W0310,Night,2025-02-25,10.0,1.25
W0310,Night,2025-03-13,10.0,1.25
W0310,Night,2025-03-31,6.0,0.75
W0310,Night,2025-04-06,8.0,1.0
W0310,Night,2025-05-09,7.0,0.875
W0310,Night,2025-05-11,10.0,1.25
W0310,Night,2025-05-20,6.0,0.75
W0310,Night,2025-05-25,7.0,0.875
W0310,Night,2025-06-03,6.0,0.75
W0310,Night,2025-06-11,9.0,1.125
W0310,Night,2025-06-24,7.0,0.875
W0311,Evening,2025-02-08,10.0,1.25
W0311,Evening,2025-02-20,8.0,1.0
W0311,Evening,2025-02-26,6.0,0.75
W0311,Evening,2025-03-24,7.0,0.875
W0311,Evening,2025-05-05,6.0,0.75
W0311,Evening,2025-05-09,8.0,1.0
W0311,Evening,2025-06-23,6.0,0.75
W0311,Morning,2025-02-19,9.0,1.125
W0311,Morning,2025-03-05,6.0,0.75
W0311,Morning,2025-03-14,9.0,1.125
W0311,Morning,2025-04-10,10.0,1.25
W0311,Morning,2025-04-23,8.0,1.0
W0311,Morning,2025-04-30,9.0,1.125
W0311,Night,2025-01-08,16.0,2.0
W0311,Night,2025-02-20,6.0,0.75
W0311,Night,2025-03-03,6.0,0.75
W0311,Night,2025-04-15,9.0,1.125
W0311,Night,2025-04-26,6.0,0.75
W0311,Night,2025-05-05,9.0,1.125
W0311,Night,2025-05-08,10.0,1.25
W0311,Night,2025-05-21,7.0,0.875
W0311,Night,2025-06-18,7.0,0.875
W0311,Night,2025-06-26,7.0,0.875
W0312,Evening,2025-01-05,10.0,1.25
W0312,Evening,2025-01-27,6.0,0.75
W0312,Evening,2025-04-29,9.0,1.125
W0312,Evening,2025-05-26,7.0,0.875
W0312,Evening,2025-06-08,8.0,1.0
W0312,Morning,2025-02-24,7.0,0.875
W0312,Morning,2025-02-26,6.0,0.75
W0312,Morning,2025-03-26,10.0,1.25
W0312,Morning,2025-04-13,6.0,0.75
W0312,Morning,2025-05-14,7.0,0.875
W0312,Night,2025-01-02,6.0,0.75
W0312,Night,2025-01-04,10.0,1.25
W0312,Night,2025-02-24,8.0,1.0
W0312,Night,2025-03-04,9.0,1.125
W0312,Night,2025-03-18,8.0,1.0
W0312,Night,2025-05-03,6.0,0.75
W0312,Night,2025-05-11,9.0,1.125
W0312,Night,2025-05-21,8.0,1.0
W0312,Night,2025-06-11,6.0,0.75
W0313,Evening,2025-01-13,10.0,1.25
W0313,Evening,2025-01-31,7.0,0.875
W0313,Evening,2025-02-26,7.0,0.875
W0313,Evening,2025-04-14,6.0,0.75
W0313,Evening,2025-05-07,6.0,0.75
W0313,Evening,2025-06-08,7.0,0.875
W0313,Morning,2025-01-08,8.0,1.0
W0313,Morning,2025-01-12,9.0,1.125
W0313,Morning,2025-01-18,10.0,1.25
W0313,Morning,2025-01-20,10.0,1.25
W0313,Morning,2025-01-25,10.0,1.25
W0313,Morning,2025-02-04,9.0,1.125
W0313,Morning,2025-02-09,9.0,1.125
W0313,Night,2025-01-23,6.0,0.75
W0313,Night,2025-02-01,9.0,1.125
W0313,Night,2025-02-14,9.0,1.125
W0313,Night,2025-03-01,9.0,1.125
W0313,Night,2025-03-03,8.0,1.0
W0313,Night,2025-03-05,9.0,1.125
W0313,Night,2025-03-06,9.0,1.125
W0313,Night,2025-03-21,9.0,1.125
W0313,Night,2025-03-23,6.0,0.75
W0313,Night,2025-03-24,8.0,1.0
W0313,Night,2025-03-29,6.0,0.75
W0313,Night,2025-04-12,8.0,1.0
W0313,Night,2025-04-13,7.0,0.875
W0313,Night,2025-04-24,9.0,1.125
W0313,Night,2025-04-26,8.0,1.0
W0313,Night,2025-05-30,8.0,1.0
W0313,Night,2025-06-15,6.0,0.75
W0314,Evening,2025-01-17,6.0,0.75
W0314,Evening,2025-02-02,6.0,0.75
W0314,Evening,2025-02-19,6.0,0.75
W0314,Evening,2025-03-08,7.0,0.875
W0314,Evening,2025-04-26,9.0,1.125
W0314,Evening,2025-05-04,9.0,1.125
W0314,Evening,2025-05-17,10.0,1.25
W0314,Evening,2025-05-29,8.0,1.0
W0314,Evening,2025-06-21,6.0,0.75
W0314,Morning,2025-01-05,6.0,0.75
W0314,Morning,2025-01-27,7.0,0.875
W0314,Morning,2025-02-10,7.0,0.875
W0314,Morning,2025-02-13,9.0,1.125
W0314,Morning,2025-03-24,10.0,1.25
W0314,Morning,2025-04-08,9.0,1.125
W0314,Morning,2025-04-17,13.0,1.625
W0314,Morning,2025-04-23,7.0,0.875
W0314,Morning,2025-04-26,6.0,0.75
W0314,Morning,2025-04-29,9.0,1.125
W0314,Morning,2025-05-02,7.0,0.875
W0314,Morning,2025-05-10,10.0,1.25
W0314,Morning,2025-06-12,6.0,0.75
W0314,Morning,2025-06-25,16.0,2.0
W0314,Night,2025-01-03,7.0,0.875
W0314,Night,2025-01-05,8.0,1.0
W0314,Night,2025-01-17,7.0,0.875
W0314,Night,2025-02-11,9.0,1.125
W0314,Night,2025-03-15,7.0,0.875
W0314,Night,2025-03-26,10.0,1.25
W0314,Night,2025-04-09,7.0,0.875
W0314,Night,2025-04-11,10.0,1.25
W0314,Night,2025-04-25,8.0,1.0
W0314,Night,2025-05-02,9.0,1.125
W0314,Night,2025-05-05,10.0,1.25
W0314,Night,2025-05-19,8.0,1.0
W0314,Night,2025-06-21,8.0,1.0
W0314,Night,2025-06-28,8.0,1.0
W0315,Evening,2025-01-02,6.0,0.75
W0315,Evening,2025-01-15,9.0,1.125
W0315,Evening,2025-02-09,6.0,0.75
W0315,Evening,2025-04-02,6.0,0.75
W0315,Evening,2025-04-30,8.0,1.0
W0315,Evening,2025-05-04,7.0,0.875
W0315,Evening,2025-05-19,9.0,1.125
W0315,Evening,2025-06-27,10.0,1.25
W0315,Morning,2025-02-24,9.0,1.125
W0315,Morning,2025-03-23,9.0,1.125
W0315,Morning,2025-04-12,9.0,1.125
W0315,Morning,2025-05-01,8.0,1.0
W0315,Morning,2025-05-22,10.0,1.25
W0315,Morning,2025-05-24,6.0,0.75
W0315,Morning,2025-05-25,9.0,1.125
W0315,Morning,2025-06-10,8.0,1.0
W0315,Night,2025-01-02,10.0,1.25
W0315,Night,2025-01-14,9.0,1.125
W0315,Night,2025-01-22,9.0,1.125
W0315,Night,2025-01-26,10.0,1.25
W0315,Night,2025-02-05,6.0,0.75
W0315,Night,2025-02-06,6.0,0.75
W0315,Night,2025-02-17,6.0,0.75
W0315,Night,2025-02-18,7.0,0.875
W0315,Night,2025-02-19,7.0,0.875
W0315,Night,2025-03-24,10.0,1.25
W0315,Night,2025-03-25,8.0,1.0
W0315,Night,2025-04-01,8.0,1.0
W0315,Night,2025-04-06,7.0,0.875
W0315,Night,2025-04-15,10.0,1.25
W0315,Night,2025-04-16,6.0,0.75
W0315,Night,2025-04-21,6.0,0.75
W0315,Night,2025-05-24,10.0,1.25
W0315,Night,2025-05-27,10.0,1.25
W0315,Night,2025-06-10,8.0,1.0
W0315,Night,2025-06-15,8.0,1.0
W0315,Night,2025-06-17,6.0,0.75
W0315,Night,2025-06-21,7.0,0.875
W0315,Night,2025-06-24,9.0,1.125
W0316,Evening,2025-01-09,15.0,1.875
W0316,Evening,2025-01-16,7.0,0.875
W0316,Evening,2025-01-18,6.0,0.75
W0316,Evening,2025-01-27,6.0,0.75
W0316,Evening,2025-02-09,9.0,1.125
W0316,Evening,2025-02-20,7.0,0.875
W0316,Evening,2025-02-22,8.0,1.0
W0316,Evening,2025-02-26,8.0,1.0
W0316,Evening,2025-04-28,8.0,1.0
W0316,Evening,2025-05-18,9.0,1.125
W0316,Evening,2025-05-20,7.0,0.875
W0316,Evening,2025-06-06,8.0,1.0
W0316,Morning,2025-01-21,9.0,1.125
W0316,Morning,2025-02-14,6.0,0.75
W0316,Morning,2025-02-15,6.0,0.75
W0316,Morning,2025-03-17,10.0,1.25
W0316,Morning,2025-06-13,10.0,1.25
W0316,Morning,2025-06-27,9.0,1.125
W0316,Night,2025-02-23,8.0,1.0
W0316,Night,2025-03-15,6.0,0.75
W0316,Night,2025-03-31,6.0,0.75
W0316,Night,2025-04-13,6.0,0.75
W0316,Night,2025-04-14,6.0,0.75
W0316,Night,2025-04-19,10.0,1.25
W0316,Night,2025-05-09,10.0,1.25
W0316,Night,2025-05-11,7.0,0.875
W0316,Night,2025-05-15,9.0,1.125
W0316,Night,2025-05-30,8.0,1.0
W0316,Night,2025-06-27,8.0,1.0
W0317,Evening,2025-03-17,10.0,1.25
W0317,Evening,2025-04-06,17.0,2.125
W0317,Evening,2025-06-04,9.0,1.125
W0317,Evening,2025-06-08,7.0,0.875
W0317,Evening,2025-06-26,9.0,1.125
W0317,Morning,2025-01-09,8.0,1.0
W0317,Morning,2025-02-12,6.0,0.75
W0317,Morning,2025-02-19,8.0,1.0
W0317,Morning,2025-03-30,9.0,1.125
W0317,Morning,2025-04-01,10.0,1.25
W0317,Morning,2025-04-16,18.0,2.25
W0317,Morning,2025-05-05,8.0,1.0
W0317,Morning,2025-05-15,6.0,0.75
W0317,Night,2025-01-09,7.0,0.875
W0317,Night,2025-01-22,9.0,1.125
W0317,Night,2025-01-27,8.0,1.0
W0317,Night,2025-02-23,9.0,1.125
W0317,Night,2025-03-02,8.0,1.0
W0317,Night,2025-03-04,10.0,1.25
W0317,Night,2025-04-15,7.0,0.875
W0317,Night,2025-04-16,7.0,0.875
W0317,Night,2025-04-21,8.0,1.0
W0317,Night,2025-04-24,7.0,0.875
W0317,Night,2025-04-29,10.0,1.25
W0317,Night,2025-05-07,10.0,1.25
W0317,Night,2025-05-09,7.0,0.875
W0317,Night,2025-05-25,10.0,1.25
W0317,Night,2025-06-20,7.0,0.875
W0318,Evening,2025-03-09,8.0,1.0
W0318,Evening,2025-03-16,9.0,1.125
W0318,Evening,2025-03-29,16.0,2.0
W0318,Evening,2025-05-13,8.0,1.0
W0318,Evening,2025-06-06,6.0,0.75
W0318,Morning,2025-01-03,9.0,1.125
W0318,Morning,2025-01-14,7.0,0.875
W0318,Morning,2025-03-04,6.0,0.75
W0318,Morning,2025-03-11,9.0,1.125
W0318,Morning,2025-04-02,10.0,1.25
W0318,Morning,2025-04-14,7.0,0.875
W0318,Morning,2025-04-27,8.0,1.0
W0318,Morning,2025-05-12,8.0,1.0
W0318,Morning,2025-05-20,8.0,1.0
W0318,Night,2025-01-13,9.0,1.125
W0318,Night,2025-01-18,10.0,1.25
W0318,Night,2025-01-22,12.0,1.5
W0318,Night,2025-03-08,10.0,1.25
W0318,Night,2025-03-27,10.0,1.25
W0318,Night,2025-04-08,9.0,1.125
W0318,Night,2025-05-19,14.0,1.75
W0318,Night,2025-06-26,6.0,0.75
W0319,Evening,2025-01-30,8.0,1.0
W0319,Evening,2025-03-18,7.0,0.875
W0319,Evening,2025-04-11,6.0,0.75
W0319,Evening,2025-04-26,6.0,0.75
W0319,Evening,2025-05-19,7.0,0.875
W0319,Evening,2025-05-31,9.0,1.125
W0319,Evening,2025-06-06,8.0,1.0
W0319,Evening,2025-06-18,9.0,1.125
W0319,Morning,2025-01-03,10.0,1.25
W0319,Morning,2025-01-27,10.0,1.25
W0319,Morning,2025-02-24,6.0,0.75
W0319,Morning,2025-03-15,9.0,1.125
W0319,Morning,2025-03-17,9.0,1.125
W0319,Morning,2025-04-30,16.0,2.0
W0319,Morning,2025-05-31,6.0,0.75
W0319,Night,2025-01-04,10.0,1.25
W0319,Night,2025-01-11,6.0,0.75
W0319,Night,2025-01-12,16.0,2.0
W0319,Night,2025-02-07,7.0,0.875
W0319,Night,2025-03-02,7.0,0.875
W0319,Night,2025-03-13,6.0,0.75
W0319,Night,2025-03-19,10.0,1.25
W0319,Night,2025-04-10,9.0,1.125
W0319,Night,2025-04-13,7.0,0.875
W0319,Night,2025-04-19,10.0,1.25
W0319,Night,2025-04-22,7.0,0.875
W0319,Night,2025-04-24,10.0,1.25
W0319,Night,2025-04-28,8.0,1.0
W0319,Night,2025-06-05,10.0,1.25
W0319,Night,2025-06-15,6.0,0.75
W0320,Evening,2025-01-16,8.0,1.0
W0320,Evening,2025-03-19,7.0,0.875
W0320,Evening,2025-06-16,9.0,1.125
W0320,Evening,2025-06-17,7.0,0.875
W0320,Evening,2025-06-27,8.0,1.0
W0320,Morning,2025-02-16,6.0,0.75
W0320,Morning,2025-03-26,9.0,1.125
W0320,Morning,2025-04-06,9.0,1.125
W0320,Morning,2025-06-14,6.0,0.75
W0320,Morning,2025-06-23,7.0,0.875
W0320,Morning,2025-06-27,10.0,1.25
W0320,Night,2025-01-04,7.0,0.875
W0320,Night,2025-01-06,10.0,1.25
W0320,Night,2025-02-01,10.0,1.25
W0320,Night,2025-02-25,8.0,1.0
W0320,Night,2025-03-09,6.0,0.75
W0320,Night,2025-03-19,8.0,1.0
W0320,Night,2025-03-26,8.0,1.0
W0320,Night,2025-03-27,6.0,0.75
W0320,Night,2025-04-09,9.0,1.125
W0320,Night,2025-05-01,10.0,1.25
W0320,Night,2025-05-13,7.0,0.875
W0320,Night,2025-06-10,8.0,1.0
W0320,Night,2025-06-12,9.0,1.125
W0320,Night,2025-06-21,10.0,1.25
W0321,Evening,2025-02-13,9.0,1.125
W0321,Evening,2025-05-15,9.0,1.125
W0321,Evening,2025-06-07,6.0,0.75
W0321,Morning,2025-01-06,7.0,0.875
W0321,Morning,2025-01-22,10.0,1.25
W0321,Morning,2025-02-15,9.0,1.125
W0321,Morning,2025-02-28,10.0,1.25
W0321,Morning,2025-03-22,7.0,0.875
W0321,Morning,2025-04-14,9.0,1.125
W0321,Morning,2025-04-17,7.0,0.875
W0321,Morning,2025-04-23,6.0,0.75
W0321,Morning,2025-04-26,8.0,1.0
W0321,Morning,2025-04-29,6.0,0.75
W0321,Morning,2025-05-09,6.0,0.75
W0321,Morning,2025-06-08,6.0,0.75
W0321,Night,2025-01-05,9.0,1.125
W0321,Night,2025-01-31,7.0,0.875
W0321,Night,2025-02-04,9.0,1.125
W0321,Night,2025-02-28,7.0,0.875
W0321,Night,2025-04-12,9.0,1.125
W0321,Night,2025-05-25,9.0,1.125
W0321,Night,2025-06-08,7.0,0.875
W0321,Night,2025-06-11,6.0,0.75
W0322,Evening,2025-02-09,9.0,1.125
W0322,Evening,2025-03-08,7.0,0.875
W0322,Evening,2025-04-29,10.0,1.25
W0322,Evening,2025-05-09,6.0,0.75
W0322,Evening,2025-06-21,7.0,0.875
W0322,Morning,2025-02-17,8.0,1.0
W0322,Morning,2025-03-26,9.0,1.125
W0322,Night,2025-01-27,9.0,1.125
W0322,Night,2025-02-02,10.0,1.25
W0322,Night,2025-02-09,9.0,1.125
W0322,Night,2025-02-24,10.0,1.25
W0322,Night,2025-03-02,7.0,0.875
W0322,Night,2025-03-03,8.0,1.0
W0322,Night,2025-03-10,6.0,0.75
W0322,Night,2025-03-20,8.0,1.0
W0322,Night,2025-04-11,8.0,1.0
W0322,Night,2025-04-21,10.0,1.25
W0322,Night,2025-04-27,7.0,0.875
W0322,Night,2025-04-29,6.0,0.75
W0322,Night,2025-06-03,7.0,0.875
W0322,Night,2025-06-14,10.0,1.25
W0322,Night,2025-06-21,9.0,1.125
W0323,Evening,2025-01-31,8.0,1.0
W0323,Evening,2025-02-02,8.0,1.0
W0323,Evening,2025-02-23,7.0,0.875
W0323,Evening,2025-03-07,9.0,1.125
W0323,Evening,2025-04-20,8.0,1.0
W0323,Evening,2025-04-24,8.0,1.0
W0323,Evening,2025-05-03,6.0,0.75
W0323,Evening,2025-05-23,9.0,1.125
W0323,Evening,2025-06-13,7.0,0.875
W0323,Morning,2025-01-01,6.0,0.75
W0323,Morning,2025-01-14,7.0,0.875
W0323,Morning,2025-01-28,6.0,0.75
W0323,Morning,2025-02-01,8.0,1.0
W0323,Morning,2025-02-24,8.0,1.0
W0323,Morning,2025-03-22,10.0,1.25
W0323,Morning,2025-03-29,7.0,0.875
W0323,Morning,2025-04-08,8.0,1.0
W0323,Morning,2025-04-22,9.0,1.125
W0323,Morning,2025-04-23,6.0,0.75
W0323,Morning,2025-05-11,9.0,1.125
W0323,Morning,2025-05-15,8.0,1.0
W0323,Morning,2025-06-10,6.0,0.75
W0323,Night,2025-01-21,6.0,0.75
W0323,Night,2025-01-28,7.0,0.875
W0323,Night,2025-02-04,6.0,0.75
W0323,Night,2025-02-09,10.0,1.25
W0323,Night,2025-02-15,15.0,1.875
W0323,Night,2025-03-05,10.0,1.25
W0323,Night,2025-03-17,8.0,1.0
W0323,Night,2025-04-08,10.0,1.25
W0323,Night,2025-04-09,10.0,1.25
W0323,Night,2025-04-28,8.0,1.0
W0323,Night,2025-04-30,10.0,1.25
W0323,Night,2025-05-05,10.0,1.25
W0323,Night,2025-06-04,9.0,1.125
W0323,Night,2025-06-06,6.0,0.75
W0323,Night,2025-06-10,9.0,1.125
W0323,Night,2025-06-21,8.0,1.0
W0323,Night,2025-06-26,8.0,1.0
W0324,Evening,2025-01-16,9.0,1.125
W0324,Evening,2025-01-18,9.0,1.125
W0324,Evening,2025-01-23,9.0,1.125
W0324,Evening,2025-02-13,8.0,1.0
W0324,Evening,2025-03-10,6.0,0.75
W0324,Evening,2025-03-12,9.0,1.125
W0324,Evening,2025-03-19,8.0,1.0
W0324,Evening,2025-03-20,17.0,2.125
W0324,Evening,2025-05-06,16.0,2.0
W0324,Evening,2025-06-05,9.0,1.125
W0324,Evening,2025-06-13,10.0,1.25
W0324,Evening,2025-06-28,9.0,1.125
W0324,Morning,2025-01-30,9.0,1.125
W0324,Morning,2025-02-02,8.0,1.0
W0324,Morning,2025-02-25,8.0,1.0
W0324,Morning,2025-03-12,8.0,1.0
W0324,Morning,2025-03-20,6.0,0.75
W0324,Morning,2025-04-01,9.0,1.125
W0324,Morning,2025-04-29,6.0,0.75
W0324,Morning,2025-06-03,8.0,1.0
W0324,Night,2025-01-28,9.0,1.125
W0324,Night,2025-02-09,10.0,1.25
W0324,Night,2025-02-18,6.0,0.75
W0324,Night,2025-02-24,6.0,0.75
W0324,Night,2025-03-11,7.0,0.875
W0324,Night,2025-03-15,10.0,1.25
W0324,Night,2025-03-18,9.0,1.125
W0324,Night,2025-03-21,8.0,1.0
W0324,Night,2025-04-04,10.0,1.25
W0324,Night,2025-04-21,6.0,0.75
W0324,Night,2025-04-22,7.0,0.875
W0324,Night,2025-04-24,8.0,1.0
W0324,Night,2025-05-14,7.0,0.875
W0324,Night,2025-06-09,6.0,0.75
W0324,Night,2025-06-20,10.0,1.25
W0324,Night,2025-06-27,10.0,1.25
W0325,Evening,2025-01-17,10.0,1.25
W0325,Evening,2025-01-30,10.0,1.25
W0325,Evening,2025-03-04,10.0,1.25
W0325,Evening,2025-03-09,9.0,1.125
W0325,Evening,2025-04-03,8.0,1.0
W0325,Evening,2025-04-23,8.0,1.0
W0325,Evening,2025-05-15,10.0,1.25
W0325,Evening,2025-05-29,9.0,1.125
W0325,Evening,2025-06-03,10.0,1.25
W0325,Morning,2025-02-08,8.0,1.0
W0325,Morning,2025-04-03,6.0,0.75
W0325,Morning,2025-04-28,10.0,1.25
W0325,Morning,2025-04-29,6.0,0.75
W0325,Morning,2025-05-05,7.0,0.875
W0325,Morning,2025-06-22,9.0,1.125
W0325,Night,2025-01-15,6.0,0.75
W0325,Night,2025-01-22,7.0,0.875
W0325,Night,2025-02-09,7.0,0.875
W0325,Night,2025-02-26,10.0,1.25
W0325,Night,2025-03-05,6.0,0.75
W0325,Night,2025-03-10,6.0,0.75
W0325,Night,2025-05-11,7.0,0.875
W0325,Night,2025-05-22,10.0,1.25
W0325,Night,2025-06-11,7.0,0.875
W0325,Night,2025-06-13,10.0,1.25
W0325,Night,2025-06-26,10.0,1.25
W0326,Evening,2025-01-24,8.0,1.0
W0326,Evening,2025-02-13,9.0,1.125
W0326,Evening,2025-02-14,10.0,1.25
W0326,Evening,2025-02-28,9.0,1.125
W0326,Evening,2025-03-19,10.0,1.25
W0326,Evening,2025-04-09,7.0,0.875
W0326,Evening,2025-04-29,9.0,1.125
W0326,Evening,2025-05-18,6.0,0.75
W0326,Evening,2025-06-05,18.0,2.25
W0326,Morning,2025-01-08,6.0,0.75
W0326,Morning,2025-02-03,6.0,0.75
W0326,Morning,2025-03-31,10.0,1.25
W0326,Morning,2025-05-14,7.0,0.875
W0326,Night,2025-01-02,7.0,0.875
W0326,Night,2025-01-07,7.0,0.875
W0326,Night,2025-01-10,7.0,0.875
W0326,Night,2025-02-15,6.0,0.75
W0326,Night,2025-03-23,9.0,1.125
W0326,Night,2025-04-09,6.0,0.75
W0326,Night,2025-04-22,9.0,1.125
W0326,Night,2025-04-30,9.0,1.125
W0326,Night,2025-05-11,6.0,0.75
W0326,Night,2025-05-14,8.0,1.0
W0326,Night,2025-05-18,9.0,1.125
W0326,Night,2025-05-27,9.0,1.125
W0326,Night,2025-06-05,16.0,2.0
W0326,Night,2025-06-14,9.0,1.125
W0326,Night,2025-06-18,7.0,0.875
W0327,Evening,2025-02-02,10.0,1.25
W0327,Evening,2025-02-16,7.0,0.875
W0327,Evening,2025-03-12,7.0,0.875
W0327,Evening,2025-04-09,10.0,1.25
W0327,Evening,2025-04-21,9.0,1.125
W0327,Evening,2025-05-16,6.0,0.75
W0327,Evening,2025-06-24,6.0,0.75
W0327,Morning,2025-02-01,9.0,1.125
W0327,Morning,2025-04-16,8.0,1.0
W0327,Morning,2025-05-16,7.0,0.875
W0327,Morning,2025-05-24,7.0,0.875
W0327,Morning,2025-05-26,9.0,1.125
W0327,Night,2025-01-08,9.0,1.125
W0327,Night,2025-02-04,7.0,0.875
W0327,Night,2025-02-17,6.0,0.75
W0327,Night,2025-03-03,6.0,0.75
W0327,Night,2025-03-14,7.0,0.875
W0327,Night,2025-03-23,6.0,0.75
W0327,Night,2025-05-10,9.0,1.125
W0327,Night,2025-05-20,9.0,1.125
W0328,Evening,2025-01-06,8.0,1.0
W0328,Evening,2025-01-12,6.0,0.75
W0328,Evening,2025-01-25,7.0,0.875
W0328,Evening,2025-03-08,7.0,0.875
W0328,Evening,2025-03-16,7.0,0.875
W0328,Evening,2025-03-29,9.0,1.125
W0328,Evening,2025-04-17,6.0,0.75
W0328,Evening,2025-04-20,6.0,0.75
W0328,Evening,2025-06-03,8.0,1.0
W0328,Morning,2025-01-01,10.0,1.25
W0328,Morning,2025-01-15,6.0,0.75
W0328,Morning,2025-03-03,7.0,0.875
W0328,Morning,2025-03-31,6.0,0.75
W0328,Morning,2025-04-15,6.0,0.75
W0328,Morning,2025-05-27,6.0,0.75
W0328,Morning,2025-06-07,8.0,1.0
W0328,Night,2025-01-04,10.0,1.25
W0328,Night,2025-01-11,6.0,0.75
W0328,Night,2025-01-12,19.0,2.375
W0328,Night,2025-01-14,10.0,1.25
W0328,Night,2025-01-18,8.0,1.0
W0328,Night,2025-01-29,8.0,1.0
W0328,Night,2025-03-02,10.0,1.25
W0328,Night,2025-03-06,6.0,0.75
W0328,Night,2025-03-08,10.0,1.25
W0328,Night,2025-03-19,6.0,0.75
W0328,Night,2025-03-30,8.0,1.0
W0328,Night,2025-04-04,10.0,1.25
W0328,Night,2025-04-20,8.0,1.0
W0328,Night,2025-04-29,6.0,0.75
W0328,Night,2025-05-01,7.0,0.875
W0328,Night,2025-05-02,6.0,0.75
W0328,Night,2025-05-03,7.0,0.875
W0328,Night,2025-05-13,6.0,0.75
W0328,Night,2025-05-14,7.0,0.875
W0328,Night,2025-05-19,9.0,1.125
W0328,Night,2025-05-22,8.0,1.0
W0328,Night,2025-05-29,9.0,1.125
W0328,Night,2025-06-13,10.0,1.25
W0328,Night,2025-06-21,6.0,0.75
W0328,Night,2025-06-22,8.0,1.0
W0329,Evening,2025-01-19,8.0,1.0
W0329,Evening,2025-01-24,9.0,1.125
W0329,Evening,2025-04-06,9.0,1.125
W0329,Evening,2025-05-10,10.0,1.25
W0329,Evening,2025-05-23,6.0,0.75
W0329,Evening,2025-05-24,8.0,1.0
W0329,Evening,2025-06-10,6.0,0.75
W0329,Evening,2025-06-23,6.0,0.75
W0329,Morning,2025-01-17,8.0,1.0
W0329,Morning,2025-05-24,7.0,0.875
W0329,Morning,2025-06-24,9.0,1.125
W0329,Night,2025-01-10,15.0,1.875
W0329,Night,2025-01-19,7.0,0.875
W0329,Night,2025-01-21,9.0,1.125
W0329,Night,2025-01-31,10.0,1.25
W0329,Night,2025-02-02,9.0,1.125
W0329,Night,2025-02-12,10.0,1.25
W0329,Night,2025-02-23,9.0,1.125
W0329,Night,2025-04-26,6.0,0.75
W0329,Night,2025-04-28,7.0,0.875
W0329,Night,2025-05-20,10.0,1.25
W0329,Night,2025-06-08,10.0,1.25
W0330,Evening,2025-02-04,9.0,1.125
W0330,Evening,2025-02-20,9.0,1.125
W0330,Evening,2025-03-21,9.0,1.125
W0330,Evening,2025-03-23,8.0,1.0
W0330,Evening,2025-05-18,7.0,0.875
W0330,Evening,2025-05-22,9.0,1.125
W0330,Evening,2025-06-03,8.0,1.0
W0330,Morning,2025-01-18,10.0,1.25
W0330,Morning,2025-03-07,6.0,0.75
W0330,Morning,2025-03-25,10.0,1.25
W0330,Morning,2025-03-26,10.0,1.25
W0330,Morning,2025-05-04,6.0,0.75
W0330,Morning,2025-06-12,7.0,0.875
W0330,Night,2025-01-14,9.0,1.125
W0330,Night,2025-01-24,10.0,1.25
W0330,Night,2025-01-27,7.0,0.875
W0330,Night,2025-02-09,8.0,1.0
W0330,Night,2025-02-13,8.0,1.0
W0330,Night,2025-03-08,10.0,1.25
W0330,Night,2025-03-23,10.0,1.25
W0330,Night,2025-04-15,7.0,0.875
W0330,Night,2025-04-29,7.0,0.875
W0330,Night,2025-06-21,8.0,1.0
W0331,Evening,2025-01-19,7.0,0.875
W0331,Evening,2025-03-08,9.0,1.125
W0331,Evening,2025-03-28,10.0,1.25
W0331,Evening,2025-04-13,10.0,1.25
W0331,Evening,2025-04-29,8.0,1.0
W0331,Evening,2025-05-20,8.0,1.0
W0331,Evening,2025-05-23,8.0,1.0
W0331,Evening,2025-06-17,8.0,1.0
W0331,Evening,2025-06-26,14.0,1.75
W0331,Morning,2025-01-02,6.0,0.75
W0331,Morning,2025-03-04,6.0,0.75
W0331,Morning,2025-03-22,10.0,1.25
W0331,Morning,2025-06-22,7.0,0.875
W0331,Morning,2025-06-29,10.0,1.25
W0331,Night,2025-01-11,7.0,0.875
W0331,Night,2025-01-13,6.0,0.75
W0331,Night,2025-01-20,9.0,1.125
W0331,Night,2025-02-07,7.0,0.875
W0331,Night,2025-02-09,9.0,1.125
W0331,Night,2025-02-20,10.0,1.25
W0331,Night,2025-03-04,9.0,1.125
W0331,Night,2025-03-13,9.0,1.125
W0331,Night,2025-03-16,9.0,1.125
W0331,Night,2025-03-17,9.0,1.125
W0331,Night,2025-04-14,13.0,1.625
W0331,Night,2025-04-19,7.0,0.875
W0331,Night,2025-05-07,9.0,1.125
W0331,Night,2025-05-16,10.0,1.25
W0331,Night,2025-06-28,9.0,1.125
W0332,Evening,2025-01-12,10.0,1.25
W0332,Evening,2025-02-08,9.0,1.125
W0332,Evening,2025-02-23,6.0,0.75
W0332,Evening,2025-02-28,10.0,1.25
W0332,Evening,2025-03-10,9.0,1.125
W0332,Evening,2025-04-03,10.0,1.25
W0332,Evening,2025-04-21,8.0,1.0
W0332,Evening,2025-05-24,6.0,0.75
W0332,Evening,2025-06-11,8.0,1.0
W0332,Morning,2025-01-24,6.0,0.75
W0332,Morning,2025-01-25,10.0,1.25
W0332,Morning,2025-02-08,9.0,1.125
W0332,Morning,2025-03-06,9.0,1.125
W0332,Morning,2025-03-25,6.0,0.75
W0332,Morning,2025-04-29,6.0,0.75
W0332,Morning,2025-05-03,7.0,0.875
W0332,Morning,2025-05-24,17.0,2.125
W0332,Morning,2025-06-24,8.0,1.0
W0332,Night,2025-01-02,6.0,0.75
W0332,Night,2025-01-03,9.0,1.125
W0332,Night,2025-01-18,10.0,1.25
W0332,Night,2025-01-24,6.0,0.75
W0332,Night,2025-01-31,9.0,1.125
W0332,Night,2025-02-12,9.0,1.125
W0332,Night,2025-03-11,7.0,0.875
W0332,Night,2025-03-12,7.0,0.875
W0332,Night,2025-03-29,10.0,1.25
W0332,Night,2025-03-30,9.0,1.125
W0332,Night,2025-04-09,6.0,0.75
W0332,Night,2025-05-06,10.0,1.25
W0332,Night,2025-05-15,8.0,1.0
W0332,Night,2025-06-03,9.0,1.125
W0332,Night,2025-06-29,8.0,1.0
W0333,Evening,2025-01-11,9.0,1.125
W0333,Evening,2025-01-18,9.0,1.125
W0333,Evening,2025-01-22,9.0,1.125
W0333,Evening,2025-03-16,8.0,1.0
W0333,Evening,2025-04-07,9.0,1.125
W0333,Evening,2025-04-19,8.0,1.0
W0333,Evening,2025-04-21,10.0,1.25
W0333,Evening,2025-05-23,10.0,1.25
W0333,Morning,2025-01-04,9.0,1.125
W0333,Morning,2025-01-09,8.0,1.0
W0333,Morning,2025-02-19,7.0,0.875
W0333,Morning,2025-03-08,8.0,1.0
W0333,Morning,2025-03-18,6.0,0.75
W0333,Morning,2025-04-21,8.0,1.0
W0333,Night,2025-01-25,7.0,0.875
W0333,Night,2025-01-31,10.0,1.25
W0333,Night,2025-02-02,9.0,1.125
W0333,Night,2025-02-09,7.0,0.875
W0333,Night,2025-03-01,7.0,0.875
W0333,Night,2025-05-24,7.0,0.875
W0333,Night,2025-05-27,9.0,1.125
W0333,Night,2025-05-30,6.0,0.75
W0333,Night,2025-06-02,6.0,0.75
W0333,Night,2025-06-03,10.0,1.25
W0333,Night,2025-06-23,7.0,0.875
W0333,Night,2025-06-26,7.0,0.875
W0333,Night,2025-06-28,7.0,0.875
W0334,Evening,2025-02-02,10.0,1.25
W0334,Evening,2025-02-04,7.0,0.875
W0334,Evening,2025-02-28,9.0,1.125
W0334,Evening,2025-03-01,6.0,0.75
W0334,Evening,2025-03-16,9.0,1.125
W0334,Evening,2025-05-18,10.0,1.25
W0334,Evening,2025-05-21,7.0,0.875
W0334,Evening,2025-06-07,9.0,1.125
W0334,Morning,2025-01-19,9.0,1.125
W0334,Morning,2025-01-31,6.0,0.75
W0334,Morning,2025-02-07,10.0,1.25
W0334,Morning,2025-03-01,10.0,1.25
W0334,Morning,2025-03-12,9.0,1.125
W0334,Morning,2025-03-15,7.0,0.875
W0334,Morning,2025-04-18,8.0,1.0
W0334,Morning,2025-05-20,9.0,1.125
W0334,Night,2025-01-10,8.0,1.0
W0334,Night,2025-02-04,8.0,1.0
W0334,Night,2025-02-12,8.0,1.0
W0334,Night,2025-02-15,10.0,1.25
W0334,Night,2025-02-26,7.0,0.875
W0334,Night,2025-03-25,6.0,0.75
W0334,Night,2025-04-12,7.0,0.875
W0334,Night,2025-04-14,10.0,1.25
W0334,Night,2025-04-26,9.0,1.125
W0334,Night,2025-05-11,9.0,1.125
W0334,Night,2025-05-12,10.0,1.25
W0334,Night,2025-05-16,10.0,1.25
W0334,Night,2025-05-20,6.0,0.75
W0334,Night,2025-05-21,8.0,1.0
W0334,Night,2025-05-30,7.0,0.875
W0334,Night,2025-06-14,8.0,1.0
W0334,Night,2025-06-21,7.0,0.875
W0335,Evening,2025-01-02,8.0,1.0
W0335,Evening,2025-01-29,8.0,1.0
W0335,Evening,2025-01-30,6.0,0.75
W0335,Evening,2025-02-02,6.0,0.75
W0335,Morning,2025-01-03,10.0,1.25
W0335,Morning,2025-03-29,7.0,0.875
W0335,Morning,2025-04-04,6.0,0.75
W0335,Morning,2025-05-01,10.0,1.25
W0335,Morning,2025-05-20,10.0,1.25
W0335,Night,2025-01-12,7.0,0.875
W0335,Night,2025-01-29,8.0,1.0
W0335,Night,2025-02-02,6.0,0.75
W0335,Night,2025-02-10,8.0,1.0
W0335,Night,2025-02-22,13.0,1.625
W0335,Night,2025-02-25,16.0,2.0
W0335,Night,2025-03-05,10.0,1.25
W0335,Night,2025-04-06,9.0,1.125
W0335,Night,2025-04-09,8.0,1.0
W0335,Night,2025-04-21,9.0,1.125
W0335,Night,2025-04-22,6.0,0.75
W0335,Night,2025-05-06,7.0,0.875
W0335,Night,2025-05-11,6.0,0.75
W0335,Night,2025-05-17,8.0,1.0
W0335,Night,2025-05-27,7.0,0.875
W0335,Night,2025-06-07,6.0,0.75
W0335,Night,2025-06-17,6.0,0.75
W0336,Evening,2025-01-08,6.0,0.75
W0336,Evening,2025-03-15,9.0,1.125
W0336,Evening,2025-04-30,10.0,1.25
W0336,Evening,2025-05-26,9.0,1.125
W0336,Evening,2025-06-06,8.0,1.0
W0336,Morning,2025-01-09,8.0,1.0
W0336,Morning,2025-03-21,7.0,0.875
W0336,Morning,2025-05-27,8.0,1.0
W0336,Morning,2025-05-30,6.0,0.75
W0336,Morning,2025-06-02,10.0,1.25
W0336,Morning,2025-06-09,10.0,1.25
W0336,Morning,2025-06-18,6.0,0.75
W0336,Morning,2025-06-19,8.0,1.0
W0336,Morning,2025-06-25,10.0,1.25
W0336,Night,2025-01-09,10.0,1.25
W0336,Night,2025-01-12,8.0,1.0
W0336,Night,2025-01-18,8.0,1.0
W0336,Night,2025-01-30,7.0,0.875
W0336,Night,2025-02-02,10.0,1.25
W0336,Night,2025-02-10,10.0,1.25
W0336,Night,2025-02-22,8.0,1.0
W0336,Night,2025-03-15,9.0,1.125
W0336,Night,2025-03-29,9.0,1.125
W0336,Night,2025-04-02,7.0,0.875
W0336,Night,2025-04-04,10.0,1.25
W0336,Night,2025-04-10,7.0,0.875
W0336,Night,2025-04-11,6.0,0.75
W0336,Night,2025-04-18,18.0,2.25
W0336,Night,2025-05-03,10.0,1.25
W0336,Night,2025-05-04,7.0,0.875
W0336,Night,2025-05-16,9.0,1.125
W0336,Night,2025-05-17,9.0,1.125
W0336,Night,2025-06-05,8.0,1.0
W0336,Night,2025-06-06,9.0,1.125
W0336,Night,2025-06-10,8.0,1.0
W0336,Night,2025-06-15,7.0,0.875
W0337,Evening,2025-01-20,9.0,1.125
W0337,Evening,2025-01-27,10.0,1.25
W0337,Evening,2025-02-25,8.0,1.0
W0337,Evening,2025-03-16,6.0,0.75
W0337,Evening,2025-04-11,9.0,1.125
W0337,Evening,2025-04-13,8.0,1.0
W0337,Evening,2025-05-17,10.0,1.25
W0337,Evening,2025-05-29,6.0,0.75
W0337,Evening,2025-06-07,10.0,1.25
W0337,Evening,2025-06-14,9.0,1.125
W0337,Evening,2025-06-29,7.0,0.875
W0337,Morning,2025-01-26,9.0,1.125
W0337,Morning,2025-02-15,7.0,0.875
W0337,Morning,2025-03-05,10.0,1.25
W0337,Morning,2025-04-22,8.0,1.0
W0337,Morning,2025-05-30,6.0,0.75
W0337,Morning,2025-06-05,8.0,1.0
W0337,Night,2025-01-12,9.0,1.125
W0337,Night,2025-01-30,9.0,1.125
W0337,Night,2025-02-04,8.0,1.0
W0337,Night,2025-02-06,9.0,1.125
W0337,Night,2025-02-12,6.0,0.75
W0337,Night,2025-02-18,6.0,0.75
W0337,Night,2025-02-20,7.0,0.875
W0337,Night,2025-04-07,10.0,1.25
W0337,Night,2025-04-13,10.0,1.25
W0337,Night,2025-05-25,7.0,0.875
W0337,Night,2025-05-28,9.0,1.125
W0337,Night,2025-06-01,9.0,1.125
W0337,Night,2025-06-07,8.0,1.0
W0337,Night,2025-06-12,6.0,0.75
W0337,Night,2025-06-14,8.0,1.0
W0337,Night,2025-06-15,10.0,1.25
W0337,Night,2025-06-29,7.0,0.875
W0338,Evening,2025-02-03,9.0,1.125
W0338,Evening,2025-03-05,6.0,0.75
W0338,Evening,2025-04-07,10.0,1.25
W0338,Evening,2025-04-15,6.0,0.75
W0338,Evening,2025-05-15,8.0,1.0
W0338,Evening,2025-06-13,6.0,0.75
W0338,Morning,2025-01-31,6.0,0.75
W0338,Morning,2025-02-12,6.0,0.75
W0338,Morning,2025-03-26,10.0,1.25
W0338,Morning,2025-03-29,7.0,0.875
W0338,Morning,2025-04-27,10.0,1.25
W0338,Morning,2025-06-10,7.0,0.875
W0338,Night,2025-01-06,9.0,1.125
W0338,Night,2025-01-28,17.0,2.125
W0338,Night,2025-02-02,7.0,0.875
W0338,Night,2025-02-10,18.0,2.25
W0338,Night,2025-02-22,9.0,1.125
W0338,Night,2025-03-12,7.0,0.875
W0338,Night,2025-03-18,6.0,0.75
W0338,Night,2025-04-12,7.0,0.875
W0338,Night,2025-05-29,8.0,1.0
W0338,Night,2025-06-19,9.0,1.125
W0339,Evening,2025-01-28,9.0,1.125
W0339,Evening,2025-02-07,10.0,1.25
W0339,Evening,2025-02-24,8.0,1.0
W0339,Evening,2025-03-20,8.0,1.0
W0339,Evening,2025-04-06,8.0,1.0
W0339,Evening,2025-04-08,6.0,0.75
W0339,Evening,2025-04-25,9.0,1.125
W0339,Evening,2025-05-04,10.0,1.25
W0339,Morning,2025-01-11,10.0,1.25
W0339,Morning,2025-01-31,7.0,0.875
W0339,Morning,2025-02-28,10.0,1.25
W0339,Morning,2025-04-14,7.0,0.875
W0339,Morning,2025-05-09,6.0,0.75
W0339,Morning,2025-05-21,10.0,1.25
W0339,Morning,2025-05-30,8.0,1.0
W0339,Morning,2025-06-08,10.0,1.25
W0339,Morning,2025-06-25,7.0,0.875
W0339,Night,2025-01-02,7.0,0.875
W0339,Night,2025-01-14,9.0,1.125
W0339,Night,2025-01-21,7.0,0.875
W0339,Night,2025-02-15,6.0,0.75
W0339,Night,2025-02-27,9.0,1.125
W0339,Night,2025-03-09,9.0,1.125
W0339,Night,2025-03-17,8.0,1.0
W0339,Night,2025-03-23,8.0,1.0
W0339,Night,2025-04-03,6.0,0.75
W0339,Night,2025-04-04,17.0,2.125
W0339,Night,2025-04-10,9.0,1.125
W0339,Night,2025-04-13,6.0,0.75
W0339,Night,2025-05-02,15.0,1.875
W0339,Night,2025-05-25,7.0,0.875
W0339,Night,2025-06-15,10.0,1.25
W0339,Night,2025-06-23,6.0,0.75
W0340,Evening,2025-01-05,9.0,1.125
W0340,Evening,2025-01-16,6.0,0.75
W0340,Evening,2025-02-19,9.0,1.125
W0340,Evening,2025-04-21,6.0,0.75
W0340,Evening,2025-05-18,7.0,0.875
W0340,Morning,2025-02-04,9.0,1.125
W0340,Morning,2025-02-05,8.0,1.0
W0340,Morning,2025-02-08,7.0,0.875
W0340,Morning,2025-03-06,7.0,0.875
W0340,Morning,2025-03-20,9.0,1.125
W0340,Morning,2025-03-21,8.0,1.0
W0340,Morning,2025-04-02,10.0,1.25
W0340,Morning,2025-04-10,10.0,1.25
W0340,Morning,2025-04-17,6.0,0.75
W0340,Morning,2025-05-04,10.0,1.25
W0340,Morning,2025-05-12,9.0,1.125
W0340,Night,2025-02-18,10.0,1.25
W0340,Night,2025-02-28,9.0,1.125
W0340,Night,2025-03-05,8.0,1.0
W0340,Night,2025-03-12,6.0,0.75
W0340,Night,2025-03-19,10.0,1.25
W0340,Night,2025-03-21,10.0,1.25
W0340,Night,2025-04-02,16.0,2.0
W0340,Night,2025-04-05,7.0,0.875
W0340,Night,2025-04-06,10.0,1.25
W0340,Night,2025-04-29,7.0,0.875
W0340,Night,2025-06-09,6.0,0.75
W0340,Night,2025-06-21,10.0,1.25
W0341,Evening,2025-01-13,7.0,0.875
W0341,Evening,2025-02-08,9.0,1.125
W0341,Evening,2025-03-07,10.0,1.25
W0341,Evening,2025-05-01,8.0,1.0
W0341,Evening,2025-05-08,7.0,0.875
W0341,Morning,2025-02-15,6.0,0.75
W0341,Morning,2025-03-04,6.0,0.75
W0341,Morning,2025-06-06,10.0,1.25
W0341,Morning,2025-06-22,6.0,0.75
W0341,Morning,2025-06-28,7.0,0.875
W0341,Night,2025-01-03,10.0,1.25
W0341,Night,2025-01-05,8.0,1.0
W0341,Night,2025-01-06,6.0,0.75
W0341,Night,2025-01-08,9.0,1.125
W0341,Night,2025-01-25,6.0,0.75
W0341,Night,2025-01-28,8.0,1.0
W0341,Night,2025-02-15,9.0,1.125
W0341,Night,2025-02-22,9.0,1.125
W0341,Night,2025-02-23,10.0,1.25
W0341,Night,2025-02-24,9.0,1.125
W0341,Night,2025-03-05,10.0,1.25
W0341,Night,2025-03-16,9.0,1.125
W0341,Night,2025-04-21,8.0,1.0
W0341,Night,2025-05-01,7.0,0.875
W0341,Night,2025-05-11,8.0,1.0
W0341,Night,2025-06-19,9.0,1.125
W0342,Evening,2025-01-21,10.0,1.25
W0342,Evening,2025-01-29,9.0,1.125
W0342,Evening,2025-01-31,6.0,0.75
W0342,Evening,2025-02-21,7.0,0.875
W0342,Evening,2025-04-04,10.0,1.25
W0342,Evening,2025-05-17,7.0,0.875
W0342,Evening,2025-06-25,16.0,2.0
W0342,Evening,2025-06-28,10.0,1.25
W0342,Morning,2025-01-16,7.0,0.875
W0342,Morning,2025-03-14,7.0,0.875
W0342,Morning,2025-05-26,18.0,2.25
W0342,Morning,2025-06-22,10.0,1.25
W0342,Night,2025-01-08,10.0,1.25
W0342,Night,2025-02-10,7.0,0.875
W0342,Night,2025-02-23,8.0,1.0
W0342,Night,2025-04-21,14.0,1.75
W0342,Night,2025-04-30,10.0,1.25
W0342,Night,2025-05-10,6.0,0.75
W0342,Night,2025-05-27,19.0,2.375
W0342,Night,2025-05-31,6.0,0.75
W0342,Night,2025-06-11,7.0,0.875
W0342,Night,2025-06-16,10.0,1.25
W0342,Night,2025-06-17,10.0,1.25
W0343,Evening,2025-01-14,9.0,1.125
W0343,Evening,2025-01-15,10.0,1.25
W0343,Evening,2025-03-14,8.0,1.0
W0343,Evening,2025-03-16,10.0,1.25
W0343,Evening,2025-04-01,7.0,0.875
W0343,Evening,2025-05-19,6.0,0.75
W0343,Evening,2025-06-24,9.0,1.125
W0343,Morning,2025-01-02,10.0,1.25
W0343,Morning,2025-02-10,7.0,0.875
W0343,Morning,2025-02-21,9.0,1.125
W0343,Morning,2025-04-26,8.0,1.0
W0343,Morning,2025-05-02,8.0,1.0
W0343,Morning,2025-05-12,6.0,0.75
W0343,Morning,2025-06-12,9.0,1.125
W0343,Morning,2025-06-20,7.0,0.875
W0343,Night,2025-01-07,10.0,1.25
W0343,Night,2025-02-11,7.0,0.875
W0343,Night,2025-02-15,6.0,0.75
W0343,Night,2025-03-01,9.0,1.125
W0343,Night,2025-03-05,7.0,0.875
W0343,Night,2025-03-13,6.0,0.75
W0343,Night,2025-03-31,10.0,1.25
W0343,Night,2025-04-03,7.0,0.875
W0343,Night,2025-06-03,6.0,0.75
W0343,Night,2025-06-10,10.0,1.25
W0343,Night,2025-06-21,7.0,0.875
W0344,Evening,2025-01-31,9.0,1.125
W0344,Evening,2025-02-10,8.0,1.0
W0344,Evening,2025-02-28,7.0,0.875
W0344,Evening,2025-03-08,8.0,1.0
W0344,Evening,2025-03-22,7.0,0.875
W0344,Evening,2025-03-26,6.0,0.75
W0344,Evening,2025-04-03,6.0,0.75
W0344,Evening,2025-06-03,6.0,0.75
W0344,Morning,2025-01-01,7.0,0.875
W0344,Morning,2025-02-15,9.0,1.125
W0344,Morning,2025-04-15,7.0,0.875
W0344,Morning,2025-05-19,7.0,0.875
W0344,Morning,2025-05-27,10.0,1.25
W0344,Morning,2025-06-25,8.0,1.0
W0344,Night,2025-01-01,7.0,0.875
W0344,Night,2025-01-22,8.0,1.0
W0344,Night,2025-01-28,9.0,1.125
W0344,Night,2025-01-30,6.0,0.75
W0344,Night,2025-02-14,8.0,1.0
W0344,Night,2025-03-07,8.0,1.0
W0344,Night,2025-04-01,7.0,0.875
W0344,Night,2025-04-10,9.0,1.125
W0344,Night,2025-04-29,6.0,0.75
W0344,Night,2025-04-30,10.0,1.25
W0344,Night,2025-05-04,7.0,0.875
W0344,Night,2025-05-18,8.0,1.0
W0344,Night,2025-05-21,8.0,1.0
W0345,Evening,2025-01-07,9.0,1.125
W0345,Evening,2025-01-10,10.0,1.25
W0345,Evening,2025-02-01,9.0,1.125
W0345,Evening,2025-02-28,8.0,1.0
W0345,Evening,2025-03-08,10.0,1.25
W0345,Evening,2025-03-09,7.0,0.875
W0345,Evening,2025-03-17,10.0,1.25
W0345,Evening,2025-03-30,6.0,0.75
W0345,Evening,2025-04-04,7.0,0.875
W0345,Evening,2025-04-25,6.0,0.75
W0345,Evening,2025-05-24,10.0,1.25
W0345,Evening,2025-06-02,15.0,1.875
W0345,Evening,2025-06-08,7.0,0.875
W0345,Evening,2025-06-09,9.0,1.125
W0345,Evening,2025-06-16,10.0,1.25
W0345,Morning,2025-01-25,7.0,0.875
W0345,Morning,2025-01-30,9.0,1.125
W0345,Morning,2025-02-12,8.0,1.0
W0345,Morning,2025-05-17,7.0,0.875
W0345,Morning,2025-06-14,6.0,0.75
W0345,Night,2025-01-25,6.0,0.75
W0345,Night,2025-01-28,8.0,1.0
W0345,Night,2025-02-08,10.0,1.25
W0345,Night,2025-02-11,7.0,0.875
W0345,Night,2025-02-20,6.0,0.75
W0345,Night,2025-02-21,6.0,0.75
W0345,Night,2025-02-25,9.0,1.125
W0345,Night,2025-03-04,8.0,1.0
W0345,Night,2025-03-16,7.0,0.875
W0345,Night,2025-03-18,9.0,1.125
W0345,Night,2025-03-31,8.0,1.0
W0345,Night,2025-04-06,7.0,0.875
W0345,Night,2025-04-20,10.0,1.25
W0345,Night,2025-05-20,8.0,1.0
W0345,Night,2025-06-08,6.0,0.75
W0345,Night,2025-06-10,8.0,1.0
W0346,Evening,2025-01-11,6.0,0.75
W0346,Evening,2025-02-07,8.0,1.0
W0346,Evening,2025-03-26,8.0,1.0
W0346,Evening,2025-04-11,9.0,1.125
W0346,Evening,2025-05-31,7.0,0.875
W0346,Evening,2025-06-19,8.0,1.0
W0346,Morning,2025-02-02,6.0,0.75
W0346,Morning,2025-02-20,10.0,1.25
W0346,Morning,2025-03-14,7.0,0.875
W0346,Morning,2025-03-26,6.0,0.75
W0346,Morning,2025-04-28,10.0,1.25
W0346,Morning,2025-05-27,6.0,0.75
W0346,Morning,2025-06-14,8.0,1.0
W0346,Night,2025-01-20,6.0,0.75
W0346,Night,2025-02-20,7.0,0.875
W0346,Night,2025-02-25,10.0,1.25
W0346,Night,2025-03-06,17.0,2.125
W0346,Night,2025-04-07,7.0,0.875
W0346,Night,2025-04-11,9.0,1.125
W0346,Night,2025-04-13,8.0,1.0
W0346,Night,2025-06-21,9.0,1.125
W0347,Evening,2025-01-12,8.0,1.0
W0347,Evening,2025-03-11,7.0,0.875
W0347,Evening,2025-03-20,6.0,0.75
W0347,Evening,2025-04-15,9.0,1.125
W0347,Evening,2025-04-29,6.0,0.75
W0347,Evening,2025-06-11,6.0,0.75
W0347,Morning,2025-01-09,7.0,0.875
W0347,Morning,2025-01-22,7.0,0.875
W0347,Morning,2025-03-06,10.0,1.25
W0347,Morning,2025-04-06,7.0,0.875
W0347,Morning,2025-04-18,6.0,0.75
W0347,Morning,2025-05-09,9.0,1.125
W0347,Night,2025-01-05,7.0,0.875
W0347,Night,2025-01-20,8.0,1.0
W0347,Night,2025-01-29,10.0,1.25
W0347,Night,2025-01-31,6.0,0.75
W0347,Night,2025-02-01,8.0,1.0
W0347,Night,2025-02-04,6.0,0.75
W0347,Night,2025-02-10,6.0,0.75
W0347,Night,2025-02-16,7.0,0.875
W0347,Night,2025-03-05,6.0,0.75
W0347,Night,2025-04-13,9.0,1.125
W0347,Night,2025-04-29,9.0,1.125
W0347,Night,2025-06-04,6.0,0.75
W0347,Night,2025-06-27,6.0,0.75
W0348,Evening,2025-01-24,10.0,1.25
W0348,Evening,2025-02-26,10.0,1.25
W0348,Evening,2025-03-18,7.0,0.875
W0348,Evening,2025-03-19,6.0,0.75
W0348,Evening,2025-03-23,9.0,1.125
W0348,Evening,2025-06-02,6.0,0.75
W0348,Evening,2025-06-03,6.0,0.75
W0348,Evening,2025-06-06,8.0,1.0
W0348,Morning,2025-01-24,7.0,0.875
W0348,Morning,2025-02-01,8.0,1.0
W0348,Morning,2025-03-08,9.0,1.125
W0348,Morning,2025-03-12,9.0,1.125
W0348,Morning,2025-03-14,7.0,0.875
W0348,Morning,2025-04-12,6.0,0.75
W0348,Morning,2025-04-18,6.0,0.75
W0348,Morning,2025-06-04,7.0,0.875
W0348,Morning,2025-06-27,10.0,1.25
W0348,Night,2025-01-05,17.0,2.125
W0348,Night,2025-01-31,6.0,0.75
W0348,Night,2025-02-03,9.0,1.125
W0348,Night,2025-02-08,6.0,0.75
W0348,Night,2025-02-21,6.0,0.75
W0348,Night,2025-03-11,17.0,2.125
W0348,Night,2025-03-18,13.0,1.625
W0348,Night,2025-03-23,7.0,0.875
W0348,Night,2025-04-02,9.0,1.125
W0348,Night,2025-04-24,9.0,1.125
W0348,Night,2025-05-12,8.0,1.0
W0348,Night,2025-05-18,6.0,0.75
W0348,Night,2025-05-24,7.0,0.875
W0348,Night,2025-06-05,7.0,0.875
W0348,Night,2025-06-07,7.0,0.875
W0348,Night,2025-06-09,6.0,0.75
W0349,Evening,2025-02-05,7.0,0.875
W0349,Evening,2025-03-29,10.0,1.25
W0349,Evening,2025-04-03,9.0,1.125
W0349,Evening,2025-04-14,10.0,1.25
W0349,Evening,2025-04-28,6.0,0.75
W0349,Evening,2025-05-06,10.0,1.25
W0349,Evening,2025-06-17,10.0,1.25
W0349,Morning,2025-01-28,10.0,1.25
W0349,Morning,2025-04-01,10.0,1.25
W0349,Morning,2025-05-31,9.0,1.125
W0349,Night,2025-01-14,6.0,0.75
W0349,Night,2025-02-27,16.0,2.0
W0349,Night,2025-02-28,8.0,1.0
W0349,Night,2025-03-11,8.0,1.0
W0349,Night,2025-03-21,7.0,0.875
W0349,Night,2025-04-16,9.0,1.125
W0349,Night,2025-04-29,8.0,1.0
W0349,Night,2025-05-06,7.0,0.875
W0349,Night,2025-05-13,8.0,1.0
W0349,Night,2025-05-23,7.0,0.875
W0349,Night,2025-06-26,10.0,1.25
W0350,Evening,2025-01-06,6.0,0.75
W0350,Evening,2025-01-27,10.0,1.25
W0350,Evening,2025-02-03,8.0,1.0
W0350,Evening,2025-03-04,10.0,1.25
W0350,Evening,2025-04-01,10.0,1.25
W0350,Evening,2025-05-03,10.0,1.25
W0350,Evening,2025-05-12,10.0,1.25
W0350,Evening,2025-05-16,7.0,0.875
W0350,Evening,2025-06-02,6.0,0.75
W0350,Evening,2025-06-05,6.0,0.75
W0350,Morning,2025-01-18,10.0,1.25
W0350,Morning,2025-01-26,9.0,1.125
W0350,Morning,2025-01-29,8.0,1.0
W0350,Morning,2025-03-22,9.0,1.125
W0350,Morning,2025-04-11,6.0,0.75
W0350,Morning,2025-04-21,8.0,1.0
W0350,Morning,2025-04-27,9.0,1.125
W0350,Morning,2025-06-13,10.0,1.25
W0350,Morning,2025-06-26,8.0,1.0
W0350,Morning,2025-06-29,7.0,0.875
W0350,Night,2025-01-16,8.0,1.0
W0350,Night,2025-01-22,7.0,0.875
W0350,Night,2025-01-25,10.0,1.25
W0350,Night,2025-02-01,6.0,0.75
W0350,Night,2025-02-11,8.0,1.0
W0350,Night,2025-02-18,8.0,1.0
W0350,Night,2025-03-05,7.0,0.875
W0350,Night,2025-03-06,9.0,1.125
W0350,Night,2025-03-15,8.0,1.0
W0350,Night,2025-03-28,7.0,0.875
W0350,Night,2025-04-07,9.0,1.125
W0350,Night,2025-05-09,8.0,1.0
W0350,Night,2025-06-07,6.0,0.75
W0350,Night,2025-06-12,10.0,1.25
W0350,Night,2025-06-19,6.0,0.75
W0351,Evening,2025-02-14,9.0,1.125
W0351,Evening,2025-02-21,10.0,1.25
W0351,Evening,2025-02-22,10.0,1.25
W0351,Evening,2025-02-28,10.0,1.25
W0351,Evening,2025-03-21,8.0,1.0
W0351,Evening,2025-03-30,10.0,1.25
W0351,Evening,2025-04-04,8.0,1.0
W0351,Evening,2025-04-21,8.0,1.0
W0351,Evening,2025-05-06,6.0,0.75
W0351,Evening,2025-06-06,9.0,1.125
W0351,Evening,2025-06-08,6.0,0.75
W0351,Evening,2025-06-18,8.0,1.0
W0351,Morning,2025-01-08,6.0,0.75
W0351,Morning,2025-01-16,6.0,0.75
W0351,Morning,2025-02-05,10.0,1.25
W0351,Morning,2025-02-15,6.0,0.75
W0351,Morning,2025-03-15,10.0,1.25
W0351,Morning,2025-03-22,6.0,0.75
W0351,Morning,2025-04-09,7.0,0.875
W0351,Morning,2025-05-23,7.0,0.875
W0351,Morning,2025-06-20,7.0,0.875
W0351,Morning,2025-06-24,9.0,1.125
W0351,Morning,2025-06-29,9.0,1.125
W0351,Night,2025-01-22,14.0,1.75
W0351,Night,2025-02-02,9.0,1.125
W0351,Night,2025-02-06,6.0,0.75
W0351,Night,2025-02-28,7.0,0.875
W0351,Night,2025-03-06,7.0,0.875
W0351,Night,2025-03-07,7.0,0.875
W0351,Night,2025-03-17,10.0,1.25
W0351,Night,2025-04-06,10.0,1.25
W0351,Night,2025-05-05,9.0,1.125
W0351,Night,2025-05-14,6.0,0.75
W0351,Night,2025-05-20,18.0,2.25
W0351,Night,2025-05-27,10.0,1.25
W0351,Night,2025-06-16,7.0,0.875
W0351,Night,2025-06-20,10.0,1.25
W0352,Evening,2025-01-12,10.0,1.25
W0352,Evening,2025-01-15,10.0,1.25
W0352,Evening,2025-03-25,6.0,0.75
W0352,Evening,2025-04-07,6.0,0.75
W0352,Evening,2025-04-19,6.0,0.75
W0352,Evening,2025-04-21,7.0,0.875
W0352,Evening,2025-05-04,10.0,1.25
W0352,Evening,2025-06-16,7.0,0.875
W0352,Morning,2025-03-21,8.0,1.0
W0352,Morning,2025-04-01,10.0,1.25
W0352,Morning,2025-04-13,7.0,0.875
W0352,Morning,2025-05-23,10.0,1.25
W0352,Morning,2025-06-21,10.0,1.25
W0352,Night,2025-01-10,10.0,1.25
W0352,Night,2025-01-16,7.0,0.875
W0352,Night,2025-01-26,8.0,1.0
W0352,Night,2025-01-28,7.0,0.875
W0352,Night,2025-01-31,9.0,1.125
W0352,Night,2025-02-19,6.0,0.75
W0352,Night,2025-03-03,7.0,0.875
W0352,Night,2025-03-18,7.0,0.875
W0352,Night,2025-04-01,9.0,1.125
W0352,Night,2025-04-25,8.0,1.0
W0352,Night,2025-05-08,7.0,0.875
W0352,Night,2025-05-23,8.0,1.0
W0352,Night,2025-05-26,7.0,0.875
W0352,Night,2025-05-27,8.0,1.0
W0352,Night,2025-05-30,6.0,0.75
W0352,Night,2025-06-06,8.0,1.0
W0353,Evening,2025-01-05,9.0,1.125
W0353,Evening,2025-03-07,7.0,0.875
W0353,Evening,2025-05-06,10.0,1.25
W0353,Evening,2025-06-16,9.0,1.125
W0353,Morning,2025-01-12,8.0,1.0
W0353,Morning,2025-01-15,9.0,1.125
W0353,Morning,2025-01-20,9.0,1.125
W0353,Morning,2025-01-24,7.0,0.875
W0353,Morning,2025-03-03,6.0,0.75
W0353,Morning,2025-03-08,7.0,0.875
W0353,Morning,2025-03-24,6.0,0.75
W0353,Morning,2025-03-30,6.0,0.75
W0353,Morning,2025-04-10,10.0,1.25
W0353,Morning,2025-04-20,10.0,1.25
W0353,Morning,2025-06-06,8.0,1.0
W0353,Morning,2025-06-09,7.0,0.875
W0353,Morning,2025-06-22,10.0,1.25
W0353,Night,2025-02-01,6.0,0.75
W0353,Night,2025-02-14,8.0,1.0
W0353,Night,2025-02-15,6.0,0.75
W0353,Night,2025-03-19,9.0,1.125
W0353,Night,2025-04-06,7.0,0.875
W0353,Night,2025-04-17,6.0,0.75
W0353,Night,2025-05-17,6.0,0.75
W0353,Night,2025-06-03,6.0,0.75
W0353,Night,2025-06-07,6.0,0.75
W0353,Night,2025-06-14,7.0,0.875
W0354,Evening,2025-02-07,6.0,0.75
W0354,Evening,2025-02-27,8.0,1.0
W0354,Evening,2025-03-31,6.0,0.75
W0354,Evening,2025-05-04,9.0,1.125
W0354,Evening,2025-05-07,8.0,1.0
W0354,Evening,2025-05-09,6.0,0.75
W0354,Evening,2025-06-17,9.0,1.125
W0354,Morning,2025-01-09,7.0,0.875
W0354,Morning,2025-02-15,9.0,1.125
W0354,Morning,2025-04-10,6.0,0.75
W0354,Morning,2025-05-13,6.0,0.75
W0354,Morning,2025-06-17,17.0,2.125
W0354,Night,2025-01-18,9.0,1.125
W0354,Night,2025-02-15,10.0,1.25
W0354,Night,2025-02-18,10.0,1.25
W0354,Night,2025-02-28,8.0,1.0
W0354,Night,2025-03-03,9.0,1.125
W0354,Night,2025-03-09,6.0,0.75
W0354,Night,2025-03-10,8.0,1.0
W0354,Night,2025-03-13,9.0,1.125
W0354,Night,2025-03-17,8.0,1.0
W0354,Night,2025-03-21,6.0,0.75
W0354,Night,2025-04-08,9.0,1.125
W0354,Night,2025-04-27,7.0,0.875
W0354,Night,2025-05-06,7.0,0.875
W0354,Night,2025-05-17,7.0,0.875
W0354,Night,2025-05-27,10.0,1.25
W0354,Night,2025-06-25,8.0,1.0
W0355,Evening,2025-02-07,8.0,1.0
W0355,Evening,2025-02-28,8.0,1.0
W0355,Evening,2025-04-27,6.0,0.75
W0355,Evening,2025-05-06,6.0,0.75
W0355,Evening,2025-05-07,9.0,1.125
W0355,Evening,2025-05-20,6.0,0.75
W0355,Morning,2025-01-20,10.0,1.25
W0355,Morning,2025-03-05,7.0,0.875
W0355,Morning,2025-03-28,9.0,1.125
W0355,Morning,2025-04-08,7.0,0.875
W0355,Morning,2025-04-19,10.0,1.25
W0355,Morning,2025-05-16,8.0,1.0
W0355,Morning,2025-06-12,18.0,2.25
W0355,Night,2025-02-24,6.0,0.75
W0355,Night,2025-03-27,18.0,2.25
W0355,Night,2025-04-02,10.0,1.25
W0355,Night,2025-04-03,9.0,1.125
W0355,Night,2025-04-21,10.0,1.25
W0355,Night,2025-05-16,7.0,0.875
W0355,Night,2025-05-18,10.0,1.25
W0355,Night,2025-05-19,9.0,1.125
W0355,Night,2025-05-30,10.0,1.25
W0355,Night,2025-05-31,7.0,0.875
W0355,Night,2025-06-07,9.0,1.125
W0355,Night,2025-06-22,8.0,1.0
W0356,Evening,2025-01-10,6.0,0.75
W0356,Evening,2025-02-12,8.0,1.0
W0356,Evening,2025-02-20,6.0,0.75
W0356,Evening,2025-02-25,7.0,0.875
W0356,Evening,2025-04-17,6.0,0.75
W0356,Evening,2025-04-20,7.0,0.875
W0356,Evening,2025-06-17,6.0,0.75
W0356,Evening,2025-06-24,8.0,1.0
W0356,Evening,2025-06-25,6.0,0.75
W0356,Morning,2025-01-02,6.0,0.75
W0356,Morning,2025-04-10,9.0,1.125
W0356,Morning,2025-05-26,9.0,1.125
W0356,Morning,2025-06-28,6.0,0.75
W0356,Night,2025-02-09,7.0,0.875
W0356,Night,2025-03-14,9.0,1.125
W0356,Night,2025-04-14,9.0,1.125
W0356,Night,2025-04-18,9.0,1.125
W0356,Night,2025-05-04,7.0,0.875
W0356,Night,2025-06-01,8.0,1.0
W0356,Night,2025-06-21,8.0,1.0
W0356,Night,2025-06-28,10.0,1.25
W0357,Evening,2025-03-27,8.0,1.0
W0357,Evening,2025-04-05,6.0,0.75
W0357,Evening,2025-04-06,7.0,0.875
W0357,Evening,2025-04-07,7.0,0.875
W0357,Evening,2025-04-22,6.0,0.75
W0357,Evening,2025-05-03,9.0,1.125
W0357,Evening,2025-05-10,14.0,1.75
W0357,Morning,2025-01-12,9.0,1.125
W0357,Morning,2025-01-15,7.0,0.875
W0357,Morning,2025-01-19,8.0,1.0
W0357,Morning,2025-03-11,9.0,1.125
W0357,Morning,2025-03-22,7.0,0.875
W0357,Morning,2025-03-28,7.0,0.875
W0357,Morning,2025-04-03,6.0,0.75
W0357,Morning,2025-04-06,10.0,1.25
W0357,Morning,2025-04-07,6.0,0.75
W0357,Morning,2025-04-18,7.0,0.875
W0357,Morning,2025-06-23,10.0,1.25
W0357,Night,2025-01-04,6.0,0.75
W0357,Night,2025-01-09,10.0,1.25
W0357,Night,2025-01-24,6.0,0.75
W0357,Night,2025-02-15,8.0,1.0
W0357,Night,2025-02-21,9.0,1.125
W0357,Night,2025-03-17,10.0,1.25
W0357,Night,2025-03-18,10.0,1.25
W0357,Night,2025-04-16,6.0,0.75
W0357,Night,2025-05-06,10.0,1.25
W0357,Night,2025-05-22,7.0,0.875
W0357,Night,2025-06-15,8.0,1.0
W0358,Evening,2025-02-16,7.0,0.875
W0358,Evening,2025-03-24,13.0,1.625
W0358,Evening,2025-04-03,10.0,1.25
W0358,Evening,2025-04-06,8.0,1.0
W0358,Evening,2025-05-15,9.0,1.125
W0358,Evening,2025-05-17,8.0,1.0
W0358,Evening,2025-05-23,10.0,1.25
W0358,Evening,2025-06-19,6.0,0.75
W0358,Evening,2025-06-29,7.0,0.875
W0358,Morning,2025-01-23,10.0,1.25
W0358,Morning,2025-03-20,7.0,0.875
W0358,Morning,2025-04-14,10.0,1.25
W0358,Morning,2025-05-11,9.0,1.125
W0358,Night,2025-01-03,7.0,0.875
W0358,Night,2025-02-04,6.0,0.75
W0358,Night,2025-02-08,6.0,0.75
W0358,Night,2025-03-11,6.0,0.75
W0358,Night,2025-05-31,9.0,1.125
W0358,Night,2025-06-07,7.0,0.875
W0358,Night,2025-06-21,7.0,0.875
W0359,Evening,2025-01-30,8.0,1.0
W0359,Evening,2025-02-07,9.0,1.125
W0359,Evening,2025-03-04,9.0,1.125
W0359,Evening,2025-03-10,13.0,1.625
W0359,Evening,2025-03-17,9.0,1.125
W0359,Evening,2025-04-29,7.0,0.875
W0359,Evening,2025-05-05,9.0,1.125
W0359,Evening,2025-06-07,9.0,1.125
W0359,Morning,2025-02-18,9.0,1.125
W0359,Morning,2025-03-05,9.0,1.125
W0359,Morning,2025-03-15,7.0,0.875
W0359,Morning,2025-04-30,9.0,1.125
W0359,Morning,2025-05-10,10.0,1.25
W0359,Morning,2025-05-29,6.0,0.75
W0359,Night,2025-02-07,9.0,1.125
W0359,Night,2025-03-13,10.0,1.25
W0359,Night,2025-04-23,6.0,0.75
W0359,Night,2025-04-27,9.0,1.125
W0359,Night,2025-05-01,8.0,1.0
W0359,Night,2025-05-07,17.0,2.125
W0359,Night,2025-06-04,10.0,1.25
W0359,Night,2025-06-07,6.0,0.75
W0359,Night,2025-06-13,6.0,0.75
W0359,Night,2025-06-22,9.0,1.125
W0360,Evening,2025-01-18,6.0,0.75
W0360,Evening,2025-03-19,6.0,0.75
W0360,Evening,2025-03-28,10.0,1.25
W0360,Evening,2025-04-27,10.0,1.25
W0360,Evening,2025-04-30,7.0,0.875
W0360,Evening,2025-05-03,7.0,0.875
W0360,Evening,2025-05-26,9.0,1.125
W0360,Evening,2025-06-06,9.0,1.125
W0360,Morning,2025-01-14,7.0,0.875
W0360,Morning,2025-01-18,6.0,0.75
W0360,Morning,2025-02-06,9.0,1.125
W0360,Morning,2025-03-11,7.0,0.875
W0360,Morning,2025-05-08,10.0,1.25
W0360,Morning,2025-05-19,6.0,0.75
W0360,Morning,2025-06-07,10.0,1.25
W0360,Night,2025-01-01,6.0,0.75
W0360,Night,2025-01-03,6.0,0.75
W0360,Night,2025-01-06,6.0,0.75
W0360,Night,2025-02-11,7.0,0.875
W0360,Night,2025-03-03,9.0,1.125
W0360,Night,2025-03-11,8.0,1.0
W0360,Night,2025-05-02,6.0,0.75
W0360,Night,2025-05-13,9.0,1.125
W0360,Night,2025-06-01,8.0,1.0
W0360,Night,2025-06-03,8.0,1.0
W0360,Night,2025-06-08,6.0,0.75
W0360,Night,2025-06-11,10.0,1.25
W0360,Night,2025-06-16,16.0,2.0
W0360,Night,2025-06-26,8.0,1.0
W0361,Evening,2025-05-08,9.0,1.125
W0361,Evening,2025-05-12,7.0,0.875
W0361,Evening,2025-05-23,6.0,0.75
W0361,Morning,2025-01-12,6.0,0.75
W0361,Morning,2025-01-15,8.0,1.0
W0361,Morning,2025-02-24,10.0,1.25
W0361,Morning,2025-03-11,9.0,1.125
W0361,Morning,2025-03-13,10.0,1.25
W0361,Morning,2025-03-27,6.0,0.75
W0361,Morning,2025-05-08,7.0,0.875
W0361,Morning,2025-06-29,10.0,1.25
W0361,Night,2025-01-04,10.0,1.25
W0361,Night,2025-01-29,7.0,0.875
W0361,Night,2025-02-13,8.0,1.0
W0361,Night,2025-03-20,6.0,0.75
W0361,Night,2025-04-20,16.0,2.0
W0361,Night,2025-04-24,8.0,1.0
W0361,Night,2025-04-26,10.0,1.25
W0361,Night,2025-04-27,10.0,1.25
W0361,Night,2025-05-10,10.0,1.25
W0361,Night,2025-05-27,9.0,1.125
W0361,Night,2025-06-26,6.0,0.75
W0362,Evening,2025-01-04,7.0,0.875
W0362,Evening,2025-01-25,10.0,1.25
W0362,Evening,2025-05-02,7.0,0.875
W0362,Evening,2025-05-09,6.0,0.75
W0362,Evening,2025-06-02,7.0,0.875
W0362,Morning,2025-01-24,8.0,1.0
W0362,Morning,2025-02-07,9.0,1.125
W0362,Morning,2025-04-04,10.0,1.25
W0362,Morning,2025-05-20,10.0,1.25
W0362,Morning,2025-06-03,6.0,0.75
W0362,Morning,2025-06-24,6.0,0.75
W0362,Night,2025-01-06,7.0,0.875
W0362,Night,2025-01-09,6.0,0.75
W0362,Night,2025-01-10,9.0,1.125
W0362,Night,2025-02-01,8.0,1.0
W0362,Night,2025-02-02,6.0,0.75
W0362,Night,2025-02-05,8.0,1.0
W0362,Night,2025-02-16,7.0,0.875
W0362,Night,2025-02-17,9.0,1.125
W0362,Night,2025-02-24,9.0,1.125
W0362,Night,2025-02-28,7.0,0.875
W0362,Night,2025-03-15,10.0,1.25
W0362,Night,2025-03-19,6.0,0.75
W0362,Night,2025-03-22,10.0,1.25
W0362,Night,2025-04-04,8.0,1.0
W0362,Night,2025-04-08,9.0,1.125
W0362,Night,2025-04-25,10.0,1.25
W0362,Night,2025-05-11,9.0,1.125
W0362,Night,2025-06-04,7.0,0.875
W0362,Night,2025-06-08,7.0,0.875
W0362,Night,2025-06-17,9.0,1.125
W0362,Night,2025-06-29,7.0,0.875
W0363,Evening,2025-01-25,10.0,1.25
W0363,Evening,2025-02-16,6.0,0.75
W0363,Evening,2025-03-17,7.0,0.875
W0363,Evening,2025-04-29,6.0,0.75
W0363,Evening,2025-05-05,7.0,0.875
W0363,Evening,2025-06-07,6.0,0.75
W0363,Evening,2025-06-14,9.0,1.125
W0363,Evening,2025-06-15,9.0,1.125
W0363,Morning,2025-01-06,9.0,1.125
W0363,Morning,2025-01-12,9.0,1.125
W0363,Morning,2025-01-23,7.0,0.875
W0363,Morning,2025-02-03,7.0,0.875
W0363,Morning,2025-02-06,16.0,2.0
W0363,Morning,2025-02-08,9.0,1.125
W0363,Morning,2025-02-28,10.0,1.25
W0363,Morning,2025-03-08,8.0,1.0
W0363,Morning,2025-04-12,6.0,0.75
W0363,Morning,2025-04-27,10.0,1.25
W0363,Morning,2025-06-12,9.0,1.125
W0363,Night,2025-01-17,10.0,1.25
W0363,Night,2025-01-27,9.0,1.125
W0363,Night,2025-02-21,13.0,1.625
W0363,Night,2025-02-25,8.0,1.0
W0363,Night,2025-03-03,18.0,2.25
W0363,Night,2025-03-14,9.0,1.125
W0363,Night,2025-04-17,8.0,1.0
W0363,Night,2025-04-22,8.0,1.0
W0363,Night,2025-05-04,9.0,1.125
W0363,Night,2025-05-29,8.0,1.0
W0363,Night,2025-06-02,8.0,1.0
W0363,Night,2025-06-07,8.0,1.0
W0363,Night,2025-06-27,9.0,1.125
W0364,Evening,2025-01-15,9.0,1.125
W0364,Evening,2025-01-18,10.0,1.25
W0364,Evening,2025-01-23,8.0,1.0
W0364,Evening,2025-02-16,6.0,0.75
W0364,Evening,2025-02-22,7.0,0.875
W0364,Evening,2025-03-09,9.0,1.125
W0364,Evening,2025-03-26,7.0,0.875
W0364,Evening,2025-04-02,7.0,0.875
W0364,Evening,2025-04-18,8.0,1.0
W0364,Evening,2025-06-21,10.0,1.25
W0364,Morning,2025-01-01,7.0,0.875
W0364,Morning,2025-03-01,9.0,1.125
W0364,Morning,2025-03-20,6.0,0.75
W0364,Morning,2025-04-22,7.0,0.875
W0364,Morning,2025-05-29,6.0,0.75
W0364,Morning,2025-06-03,9.0,1.125
W0364,Morning,2025-06-24,6.0,0.75
W0364,Night,2025-01-06,6.0,0.75
W0364,Night,2025-01-07,8.0,1.0
W0364,Night,2025-01-17,9.0,1.125
W0364,Night,2025-01-23,10.0,1.25
W0364,Night,2025-01-26,7.0,0.875
W0364,Night,2025-02-02,8.0,1.0
W0364,Night,2025-02-11,7.0,0.875
W0364,Night,2025-02-19,6.0,0.75
W0364,Night,2025-03-05,8.0,1.0
W0364,Night,2025-03-11,8.0,1.0
W0364,Night,2025-03-31,8.0,1.0
W0364,Night,2025-05-28,6.0,0.75
W0364,Night,2025-05-30,9.0,1.125
W0364,Night,2025-06-03,9.0,1.125
W0364,Night,2025-06-22,7.0,0.875
W0364,Night,2025-06-26,6.0,0.75
W0364,Night,2025-06-28,10.0,1.25
W0365,Evening,2025-02-09,9.0,1.125
W0365,Evening,2025-02-12,7.0,0.875
W0365,Evening,2025-03-10,10.0,1.25
W0365,Evening,2025-04-03,6.0,0.75
W0365,Evening,2025-04-09,7.0,0.875
W0365,Evening,2025-06-05,7.0,0.875
W0365,Morning,2025-01-12,8.0,1.0
W0365,Morning,2025-03-02,8.0,1.0
W0365,Morning,2025-03-21,7.0,0.875
W0365,Morning,2025-06-20,10.0,1.25
W0365,Night,2025-01-23,6.0,0.75
W0365,Night,2025-01-25,7.0,0.875
W0365,Night,2025-02-27,8.0,1.0
W0365,Night,2025-03-06,6.0,0.75
W0365,Night,2025-03-22,6.0,0.75
W0365,Night,2025-03-27,7.0,0.875
W0365,Night,2025-05-02,8.0,1.0
W0365,Night,2025-05-12,10.0,1.25
W0365,Night,2025-05-19,7.0,0.875
W0365,Night,2025-05-22,8.0,1.0
W0365,Night,2025-06-25,10.0,1.25
W0365,Night,2025-06-28,8.0,1.0
W0366,Evening,2025-02-16,10.0,1.25
W0366,Evening,2025-02-28,10.0,1.25
W0366,Evening,2025-03-13,6.0,0.75
W0366,Evening,2025-03-17,8.0,1.0
W0366,Evening,2025-04-03,8.0,1.0
W0366,Evening,2025-06-22,8.0,1.0
W0366,Morning,2025-01-04,10.0,1.25
W0366,Morning,2025-02-15,8.0,1.0
W0366,Morning,2025-02-17,7.0,0.875
W0366,Morning,2025-03-15,6.0,0.75
W0366,Morning,2025-03-27,10.0,1.25
W0366,Morning,2025-06-10,6.0,0.75
W0366,Night,2025-01-08,7.0,0.875
W0366,Night,2025-01-28,8.0,1.0
W0366,Night,2025-02-03,7.0,0.875
W0366,Night,2025-02-05,7.0,0.875
W0366,Night,2025-02-23,8.0,1.0
W0366,Night,2025-03-11,10.0,1.25
W0366,Night,2025-03-15,6.0,0.75
W0366,Night,2025-05-01,10.0,1.25
W0366,Night,2025-05-06,6.0,0.75
W0366,Night,2025-05-18,6.0,0.75
W0366,Night,2025-06-08,6.0,0.75
W0366,Night,2025-06-27,7.0,0.875
W0367,Evening,2025-01-07,8.0,1.0
W0367,Evening,2025-01-25,8.0,1.0
W0367,Evening,2025-02-01,9.0,1.125
W0367,Evening,2025-02-28,8.0,1.0
W0367,Evening,2025-04-09,9.0,1.125
W0367,Evening,2025-04-10,8.0,1.0
W0367,Evening,2025-05-21,10.0,1.25
W0367,Evening,2025-06-16,9.0,1.125
W0367,Evening,2025-06-20,9.0,1.125
W0367,Evening,2025-06-25,9.0,1.125
W0367,Evening,2025-06-26,7.0,0.875
W0367,Morning,2025-01-05,8.0,1.0
W0367,Morning,2025-01-26,7.0,0.875
W0367,Morning,2025-02-10,6.0,0.75
W0367,Morning,2025-03-13,8.0,1.0
W0367,Morning,2025-03-17,7.0,0.875
W0367,Morning,2025-04-07,9.0,1.125
W0367,Morning,2025-04-24,9.0,1.125
W0367,Morning,2025-05-05,9.0,1.125
W0367,Morning,2025-05-21,8.0,1.0
W0367,Morning,2025-06-13,8.0,1.0
W0367,Night,2025-01-08,7.0,0.875
W0367,Night,2025-01-12,10.0,1.25
W0367,Night,2025-02-23,7.0,0.875
W0367,Night,2025-02-26,6.0,0.75
W0367,Night,2025-02-28,10.0,1.25
W0367,Night,2025-03-04,6.0,0.75
W0367,Night,2025-03-18,10.0,1.25
W0367,Night,2025-03-22,16.0,2.0
W0367,Night,2025-03-30,10.0,1.25
W0367,Night,2025-04-21,7.0,0.875
W0367,Night,2025-05-07,10.0,1.25
W0367,Night,2025-05-08,10.0,1.25
W0367,Night,2025-05-10,8.0,1.0
W0367,Night,2025-05-28,6.0,0.75
W0367,Night,2025-06-28,9.0,1.125
W0368,Evening,2025-01-06,9.0,1.125
W0368,Evening,2025-02-05,7.0,0.875
W0368,Evening,2025-02-27,7.0,0.875
W0368,Evening,2025-03-19,9.0,1.125
W0368,Evening,2025-04-10,8.0,1.0
W0368,Evening,2025-05-08,7.0,0.875
W0368,Evening,2025-06-25,6.0,0.75
W0368,Evening,2025-06-29,7.0,0.875
W0368,Morning,2025-03-07,7.0,0.875
W0368,Morning,2025-03-13,8.0,1.0
W0368,Morning,2025-03-23,9.0,1.125
W0368,Morning,2025-03-31,10.0,1.25
W0368,Morning,2025-05-02,6.0,0.75
W0368,Morning,2025-05-17,6.0,0.75
W0368,Morning,2025-06-20,9.0,1.125
W0368,Night,2025-01-10,6.0,0.75
W0368,Night,2025-01-18,9.0,1.125
W0368,Night,2025-02-03,6.0,0.75
W0368,Night,2025-02-13,6.0,0.75
W0368,Night,2025-02-15,18.0,2.25
W0368,Night,2025-02-25,16.0,2.0
W0368,Night,2025-03-08,8.0,1.0
W0368,Night,2025-03-31,6.0,0.75
W0368,Night,2025-04-26,7.0,0.875
W0368,Night,2025-05-08,7.0,0.875
W0368,Night,2025-05-11,9.0,1.125
W0368,Night,2025-05-12,9.0,1.125
W0368,Night,2025-05-13,7.0,0.875
W0368,Night,2025-05-28,8.0,1.0
W0369,Evening,2025-02-10,6.0,0.75
W0369,Evening,2025-02-21,17.0,2.125
W0369,Evening,2025-02-26,6.0,0.75
W0369,Evening,2025-03-09,10.0,1.25
W0369,Evening,2025-03-16,8.0,1.0
W0369,Evening,2025-04-17,6.0,0.75
W0369,Evening,2025-05-04,8.0,1.0
W0369,Evening,2025-06-29,7.0,0.875
W0369,Morning,2025-01-20,6.0,0.75
W0369,Morning,2025-02-21,10.0,1.25
W0369,Morning,2025-03-16,6.0,0.75
W0369,Morning,2025-05-17,9.0,1.125
W0369,Morning,2025-06-13,6.0,0.75
W0369,Morning,2025-06-24,10.0,1.25
W0369,Morning,2025-06-28,7.0,0.875
W0369,Night,2025-01-05,10.0,1.25
W0369,Night,2025-02-04,8.0,1.0
W0369,Night,2025-02-16,8.0,1.0
W0369,Night,2025-02-18,6.0,0.75
W0369,Night,2025-03-07,8.0,1.0
W0369,Night,2025-04-26,7.0,0.875
W0369,Night,2025-06-01,6.0,0.75
W0370,Evening,2025-01-20,6.0,0.75
W0370,Evening,2025-02-06,9.0,1.125
W0370,Evening,2025-02-15,8.0,1.0
W0370,Evening,2025-02-25,10.0,1.25
W0370,Evening,2025-03-10,9.0,1.125
W0370,Evening,2025-04-11,7.0,0.875
W0370,Evening,2025-04-13,7.0,0.875
W0370,Evening,2025-05-24,7.0,0.875
W0370,Evening,2025-06-25,6.0,0.75
W0370,Morning,2025-02-05,10.0,1.25
W0370,Morning,2025-02-09,7.0,0.875
W0370,Morning,2025-02-28,6.0,0.75
W0370,Morning,2025-03-17,8.0,1.0
W0370,Morning,2025-04-12,10.0,1.25
W0370,Morning,2025-04-23,7.0,0.875
W0370,Morning,2025-05-04,6.0,0.75
W0370,Night,2025-01-09,8.0,1.0
W0370,Night,2025-01-10,9.0,1.125
W0370,Night,2025-01-11,6.0,0.75
W0370,Night,2025-01-17,10.0,1.25
W0370,Night,2025-01-26,8.0,1.0
W0370,Night,2025-02-08,8.0,1.0
W0370,Night,2025-02-13,7.0,0.875
W0370,Night,2025-02-14,6.0,0.75
W0370,Night,2025-03-11,8.0,1.0
W0370,Night,2025-03-12,7.0,0.875
W0370,Night,2025-03-27,7.0,0.875
W0370,Night,2025-03-29,8.0,1.0
W0370,Night,2025-03-30,10.0,1.25
W0370,Night,2025-03-31,8.0,1.0
W0370,Night,2025-04-09,6.0,0.75
W0370,Night,2025-04-18,6.0,0.75
W0370,Night,2025-04-20,7.0,0.875
W0370,Night,2025-05-22,7.0,0.875
W0370,Night,2025-05-24,10.0,1.25
W0370,Night,2025-06-05,10.0,1.25
W0370,Night,2025-06-17,10.0,1.25
W0370,Night,2025-06-20,9.0,1.125
W0370,Night,2025-06-22,14.0,1.75
W0371,Evening,2025-01-02,9.0,1.125
W0371,Evening,2025-01-16,8.0,1.0
W0371,Evening,2025-02-10,7.0,0.875
W0371,Evening,2025-02-19,8.0,1.0
W0371,Evening,2025-04-21,6.0,0.75
W0371,Evening,2025-04-27,9.0,1.125
W0371,Evening,2025-05-04,8.0,1.0
W0371,Evening,2025-06-16,9.0,1.125
W0371,Evening,2025-06-24,10.0,1.25
W0371,Morning,2025-02-05,7.0,0.875
W0371,Morning,2025-02-22,6.0,0.75
W0371,Morning,2025-03-27,9.0,1.125
W0371,Morning,2025-05-07,8.0,1.0
W0371,Morning,2025-05-16,7.0,0.875
W0371,Morning,2025-06-03,8.0,1.0
W0371,Morning,2025-06-10,9.0,1.125
W0371,Morning,2025-06-29,7.0,0.875
W0371,Night,2025-01-03,7.0,0.875
W0371,Night,2025-01-24,10.0,1.25
W0371,Night,2025-01-31,7.0,0.875
W0371,Night,2025-02-28,7.0,0.875
W0371,Night,2025-03-13,8.0,1.0
W0371,Night,2025-03-14,7.0,0.875
W0371,Night,2025-03-17,8.0,1.0
W0371,Night,2025-03-28,10.0,1.25
W0371,Night,2025-04-11,16.0,2.0
W0371,Night,2025-05-12,9.0,1.125
W0371,Night,2025-05-15,7.0,0.875
W0371,Night,2025-06-17,6.0,0.75
W0371,Night,2025-06-25,7.0,0.875
W0371,Night,2025-06-28,6.0,0.75
W0372,Evening,2025-01-17,7.0,0.875
W0372,Evening,2025-02-01,9.0,1.125
W0372,Evening,2025-03-22,8.0,1.0
W0372,Evening,2025-04-17,8.0,1.0
W0372,Evening,2025-06-07,6.0,0.75
W0372,Evening,2025-06-21,10.0,1.25
W0372,Morning,2025-01-27,9.0,1.125
W0372,Morning,2025-02-06,10.0,1.25
W0372,Morning,2025-02-27,8.0,1.0
W0372,Morning,2025-03-17,9.0,1.125
W0372,Morning,2025-03-27,7.0,0.875
W0372,Morning,2025-04-16,10.0,1.25
W0372,Morning,2025-06-06,10.0,1.25
W0372,Morning,2025-06-09,9.0,1.125
W0372,Night,2025-01-01,7.0,0.875
W0372,Night,2025-01-23,9.0,1.125
W0372,Night,2025-01-25,10.0,1.25
W0372,Night,2025-03-04,14.0,1.75
W0372,Night,2025-03-05,7.0,0.875
W0372,Night,2025-03-08,10.0,1.25
W0372,Night,2025-03-09,9.0,1.125
W0372,Night,2025-03-17,6.0,0.75
W0372,Night,2025-04-12,10.0,1.25
W0372,Night,2025-05-14,10.0,1.25
W0372,Night,2025-06-05,10.0,1.25
W0372,Night,2025-06-27,10.0,1.25
W0373,Evening,2025-01-15,7.0,0.875
W0373,Evening,2025-02-01,9.0,1.125
W0373,Evening,2025-02-09,6.0,0.75
W0373,Evening,2025-02-16,6.0,0.75
W0373,Evening,2025-03-15,7.0,0.875
W0373,Evening,2025-04-21,9.0,1.125
W0373,Evening,2025-05-21,10.0,1.25
W0373,Evening,2025-06-03,8.0,1.0
W0373,Evening,2025-06-06,16.0,2.0
W0373,Evening,2025-06-09,9.0,1.125
W0373,Morning,2025-01-17,7.0,0.875
W0373,Morning,2025-01-20,9.0,1.125
W0373,Morning,2025-01-27,7.0,0.875
W0373,Morning,2025-02-22,6.0,0.75
W0373,Morning,2025-03-12,10.0,1.25
W0373,Morning,2025-05-08,9.0,1.125
W0373,Morning,2025-06-29,8.0,1.0
W0373,Night,2025-01-18,9.0,1.125
W0373,Night,2025-03-10,8.0,1.0
W0373,Night,2025-03-18,7.0,0.875
W0373,Night,2025-04-02,10.0,1.25
W0373,Night,2025-04-16,8.0,1.0
W0373,Night,2025-04-17,7.0,0.875
W0373,Night,2025-04-30,6.0,0.75
W0373,Night,2025-05-19,8.0,1.0
W0373,Night,2025-05-23,7.0,0.875
W0373,Night,2025-05-27,10.0,1.25
W0373,Night,2025-06-08,6.0,0.75
W0373,Night,2025-06-11,7.0,0.875
W0373,Night,2025-06-15,9.0,1.125
W0374,Evening,2025-03-02,9.0,1.125
W0374,Evening,2025-04-12,6.0,0.75
W0374,Evening,2025-04-20,7.0,0.875
W0374,Morning,2025-01-15,6.0,0.75
W0374,Morning,2025-02-19,10.0,1.25
W0374,Morning,2025-02-22,8.0,1.0
W0374,Morning,2025-03-07,8.0,1.0
W0374,Morning,2025-03-17,9.0,1.125
W0374,Morning,2025-03-18,10.0,1.25
W0374,Morning,2025-03-25,9.0,1.125
W0374,Morning,2025-05-05,7.0,0.875
W0374,Night,2025-02-08,9.0,1.125
W0374,Night,2025-03-12,8.0,1.0
W0374,Night,2025-04-16,6.0,0.75
W0374,Night,2025-05-19,6.0,0.75
W0374,Night,2025-05-21,9.0,1.125
W0374,Night,2025-06-07,10.0,1.25
W0375,Evening,2025-01-02,16.0,2.0
W0375,Evening,2025-01-09,10.0,1.25
W0375,Evening,2025-04-22,8.0,1.0
W0375,Evening,2025-05-22,7.0,0.875
W0375,Evening,2025-06-21,8.0,1.0
W0375,Evening,2025-06-29,10.0,1.25
W0375,Morning,2025-01-03,8.0,1.0
W0375,Morning,2025-02-24,8.0,1.0
W0375,Morning,2025-06-15,10.0,1.25
W0375,Night,2025-01-15,9.0,1.125
W0375,Night,2025-02-06,10.0,1.25
W0375,Night,2025-02-25,10.0,1.25
W0375,Night,2025-03-21,8.0,1.0
W0375,Night,2025-03-25,6.0,0.75
W0375,Night,2025-04-09,10.0,1.25
W0375,Night,2025-04-14,10.0,1.25
W0375,Night,2025-04-15,14.0,1.75
W0375,Night,2025-05-30,10.0,1.25
W0375,Night,2025-06-20,8.0,1.0
W0375,Night,2025-06-22,7.0,0.875
W0375,Night,2025-06-29,10.0,1.25
W0376,Evening,2025-03-21,7.0,0.875
W0376,Evening,2025-03-23,17.0,2.125
W0376,Evening,2025-04-10,9.0,1.125
W0376,Evening,2025-05-13,7.0,0.875
W0376,Evening,2025-06-10,7.0,0.875
W0376,Evening,2025-06-12,7.0,0.875
W0376,Evening,2025-06-26,8.0,1.0
W0376,Morning,2025-01-19,10.0,1.25
W0376,Morning,2025-02-28,6.0,0.75
W0376,Morning,2025-03-30,6.0,0.75
W0376,Morning,2025-04-03,7.0,0.875
W0376,Morning,2025-04-13,8.0,1.0
W0376,Morning,2025-04-30,10.0,1.25
W0376,Morning,2025-06-15,19.0,2.375
W0376,Morning,2025-06-29,6.0,0.75
W0376,Night,2025-01-02,9.0,1.125
W0376,Night,2025-01-14,8.0,1.0
W0376,Night,2025-01-28,6.0,0.75
W0376,Night,2025-02-05,10.0,1.25
W0376,Night,2025-02-07,9.0,1.125
W0376,Night,2025-02-16,10.0,1.25
W0376,Night,2025-02-17,7.0,0.875
W0376,Night,2025-02-20,12.0,1.5
W0376,Night,2025-03-24,8.0,1.0
W0376,Night,2025-04-04,7.0,0.875
W0376,Night,2025-04-08,8.0,1.0
W0376,Night,2025-04-10,10.0,1.25
W0376,Night,2025-05-21,10.0,1.25
W0376,Night,2025-06-03,7.0,0.875
W0376,Night,2025-06-07,9.0,1.125
W0376,Night,2025-06-21,7.0,0.875
W0377,Evening,2025-02-01,6.0,0.75
W0377,Evening,2025-02-10,6.0,0.75
W0377,Evening,2025-04-23,9.0,1.125
W0377,Evening,2025-06-09,6.0,0.75
W0377,Evening,2025-06-11,8.0,1.0
W0377,Evening,2025-06-21,6.0,0.75
W0377,Morning,2025-01-21,6.0,0.75
W0377,Morning,2025-02-20,8.0,1.0
W0377,Morning,2025-03-19,10.0,1.25
W0377,Morning,2025-04-14,7.0,0.875
W0377,Morning,2025-04-27,6.0,0.75
W0377,Morning,2025-05-15,9.0,1.125
W0377,Morning,2025-05-16,9.0,1.125
W0377,Morning,2025-05-29,9.0,1.125
W0377,Morning,2025-06-03,10.0,1.25
W0377,Morning,2025-06-15,6.0,0.75
W0377,Morning,2025-06-18,10.0,1.25
W0377,Night,2025-01-08,8.0,1.0
W0377,Night,2025-02-01,7.0,0.875
W0377,Night,2025-02-04,6.0,0.75
W0377,Night,2025-03-15,10.0,1.25
W0377,Night,2025-03-18,6.0,0.75
W0377,Night,2025-03-21,6.0,0.75
W0377,Night,2025-04-02,9.0,1.125
W0377,Night,2025-04-19,9.0,1.125
W0377,Night,2025-05-01,6.0,0.75
W0377,Night,2025-05-04,10.0,1.25
W0377,Night,2025-05-10,9.0,1.125
W0377,Night,2025-05-14,6.0,0.75
W0377,Night,2025-06-07,6.0,0.75
W0377,Night,2025-06-10,8.0,1.0
W0377,Night,2025-06-11,10.0,1.25
W0377,Night,2025-06-16,10.0,1.25
W0377,Night,2025-06-19,6.0,0.75
W0377,Night,2025-06-23,6.0,0.75
W0378,Evening,2025-02-27,9.0,1.125
W0378,Evening,2025-05-19,10.0,1.25
W0378,Evening,2025-06-16,9.0,1.125
W0378,Evening,2025-06-27,9.0,1.125
W0378,Morning,2025-01-05,9.0,1.125
W0378,Morning,2025-01-26,10.0,1.25
W0378,Morning,2025-06-20,7.0,0.875
W0378,Night,2025-01-03,6.0,0.75
W0378,Night,2025-01-22,7.0,0.875
W0378,Night,2025-01-28,6.0,0.75
W0378,Night,2025-02-07,7.0,0.875
W0378,Night,2025-02-11,8.0,1.0
W0378,Night,2025-02-15,8.0,1.0
W0378,Night,2025-02-25,8.0,1.0
W0378,Night,2025-02-27,7.0,0.875
W0378,Night,2025-03-16,9.0,1.125
W0378,Night,2025-04-06,7.0,0.875
W0378,Night,2025-04-29,16.0,2.0
W0378,Night,2025-05-12,6.0,0.75
W0378,Night,2025-05-24,7.0,0.875
W0378,Night,2025-05-28,7.0,0.875
W0378,Night,2025-05-29,6.0,0.75
W0378,Night,2025-06-02,10.0,1.25
W0378,Night,2025-06-09,10.0,1.25
W0379,Evening,2025-02-06,6.0,0.75
W0379,Evening,2025-02-17,10.0,1.25
W0379,Evening,2025-03-30,10.0,1.25
W0379,Morning,2025-01-05,9.0,1.125
W0379,Morning,2025-02-18,7.0,0.875
W0379,Morning,2025-02-21,7.0,0.875
W0379,Morning,2025-03-03,10.0,1.25
W0379,Morning,2025-04-07,6.0,0.75
W0379,Morning,2025-05-10,6.0,0.75
W0379,Morning,2025-05-18,6.0,0.75
W0379,Morning,2025-05-30,8.0,1.0
W0379,Night,2025-01-09,8.0,1.0
W0379,Night,2025-03-01,8.0,1.0
W0379,Night,2025-03-22,8.0,1.0
W0379,Night,2025-03-27,10.0,1.25
W0379,Night,2025-03-28,8.0,1.0
W0379,Night,2025-04-09,10.0,1.25
W0379,Night,2025-04-13,10.0,1.25
W0379,Night,2025-04-16,7.0,0.875
W0379,Night,2025-04-21,10.0,1.25
W0379,Night,2025-04-23,10.0,1.25
W0379,Night,2025-04-24,8.0,1.0
W0379,Night,2025-04-25,6.0,0.75
W0379,Night,2025-04-29,10.0,1.25
W0379,Night,2025-05-01,7.0,0.875
W0379,Night,2025-05-10,10.0,1.25
W0379,Night,2025-05-12,8.0,1.0
W0379,Night,2025-05-20,9.0,1.125
W0379,Night,2025-05-22,6.0,0.75
W0379,Night,2025-06-06,7.0,0.875
W0379,Night,2025-06-26,8.0,1.0
W0380,Evening,2025-02-20,8.0,1.0
W0380,Evening,2025-02-28,9.0,1.125
W0380,Evening,2025-03-11,10.0,1.25
W0380,Evening,2025-03-19,7.0,0.875
W0380,Evening,2025-04-04,6.0,0.75
W0380,Evening,2025-06-02,10.0,1.25
W0380,Evening,2025-06-10,6.0,0.75
W0380,Morning,2025-02-01,6.0,0.75
W0380,Morning,2025-03-06,7.0,0.875
W0380,Morning,2025-03-11,9.0,1.125
W0380,Morning,2025-05-02,10.0,1.25
W0380,Night,2025-01-10,8.0,1.0
W0380,Night,2025-01-11,9.0,1.125
W0380,Night,2025-01-29,7.0,0.875
W0380,Night,2025-02-02,12.0,1.5
W0380,Night,2025-02-17,6.0,0.75
W0380,Night,2025-03-17,6.0,0.75
W0380,Night,2025-03-24,10.0,1.25
W0380,Night,2025-04-01,10.0,1.25
W0380,Night,2025-04-06,6.0,0.75
W0380,Night,2025-04-08,6.0,0.75
W0380,Night,2025-04-10,7.0,0.875
W0380,Night,2025-04-11,8.0,1.0
W0380,Night,2025-04-17,8.0,1.0
W0380,Night,2025-04-22,7.0,0.875
W0380,Night,2025-04-30,8.0,1.0
W0380,Night,2025-05-01,16.0,2.0
W0380,Night,2025-05-19,9.0,1.125
W0380,Night,2025-06-10,19.0,2.375
W0380,Night,2025-06-15,6.0,0.75
W0380,Night,2025-06-19,6.0,0.75
W0380,Night,2025-06-27,7.0,0.875
W0381,Evening,2025-01-30,7.0,0.875
W0381,Evening,2025-02-12,9.0,1.125
W0381,Evening,2025-02-23,10.0,1.25
W0381,Evening,2025-03-12,8.0,1.0
W0381,Evening,2025-04-01,10.0,1.25
W0381,Evening,2025-04-03,10.0,1.25
W0381,Evening,2025-04-07,7.0,0.875
W0381,Evening,2025-04-12,7.0,0.875
W0381,Evening,2025-05-02,6.0,0.75
W0381,Evening,2025-05-06,9.0,1.125
W0381,Evening,2025-06-10,8.0,1.0
W0381,Evening,2025-06-14,7.0,0.875
W0381,Morning,2025-01-01,7.0,0.875
W0381,Morning,2025-01-11,8.0,1.0
W0381,Morning,2025-01-16,10.0,1.25
W0381,Morning,2025-01-29,10.0,1.25
W0381,Morning,2025-02-26,6.0,0.75
W0381,Morning,2025-03-17,10.0,1.25
W0381,Morning,2025-04-03,6.0,0.75
W0381,Morning,2025-04-06,6.0,0.75
W0381,Morning,2025-04-10,16.0,2.0
W0381,Morning,2025-06-29,9.0,1.125
W0381,Night,2025-02-04,7.0,0.875
W0381,Night,2025-02-06,8.0,1.0
W0381,Night,2025-02-18,7.0,0.875
W0381,Night,2025-03-08,10.0,1.25
W0381,Night,2025-03-11,7.0,0.875
W0381,Night,2025-03-20,10.0,1.25
W0381,Night,2025-03-21,7.0,0.875
W0381,Night,2025-03-26,6.0,0.75
W0381,Night,2025-04-29,10.0,1.25
W0381,Night,2025-05-02,7.0,0.875
W0381,Night,2025-05-19,8.0,1.0
W0381,Night,2025-05-23,9.0,1.125
W0381,Night,2025-06-07,10.0,1.25
W0381,Night,2025-06-08,9.0,1.125
W0381,Night,2025-06-11,6.0,0.75
W0381,Night,2025-06-27,8.0,1.0
W0382,Evening,2025-01-04,9.0,1.125
W0382,Evening,2025-03-24,8.0,1.0
W0382,Evening,2025-03-28,10.0,1.25
W0382,Evening,2025-05-01,7.0,0.875
W0382,Evening,2025-05-09,9.0,1.125
W0382,Evening,2025-06-23,8.0,1.0
W0382,Evening,2025-06-28,10.0,1.25
W0382,Morning,2025-01-12,6.0,0.75
W0382,Morning,2025-02-26,8.0,1.0
W0382,Morning,2025-03-03,8.0,1.0
W0382,Morning,2025-04-20,10.0,1.25
W0382,Morning,2025-05-06,10.0,1.25
W0382,Morning,2025-05-17,10.0,1.25
W0382,Morning,2025-05-25,6.0,0.75
W0382,Morning,2025-05-27,7.0,0.875
W0382,Morning,2025-06-05,10.0,1.25
W0382,Night,2025-01-01,7.0,0.875
W0382,Night,2025-01-03,8.0,1.0
W0382,Night,2025-01-26,6.0,0.75
W0382,Night,2025-02-22,10.0,1.25
W0382,Night,2025-03-10,8.0,1.0
W0382,Night,2025-03-26,10.0,1.25
W0382,Night,2025-03-27,6.0,0.75
W0382,Night,2025-03-28,8.0,1.0
W0382,Night,2025-04-05,6.0,0.75
W0382,Night,2025-04-16,10.0,1.25
W0382,Night,2025-04-27,10.0,1.25
W0382,Night,2025-05-04,8.0,1.0
W0382,Night,2025-05-17,10.0,1.25
W0382,Night,2025-05-22,6.0,0.75
W0382,Night,2025-06-10,10.0,1.25
W0382,Night,2025-06-11,9.0,1.125
W0382,Night,2025-06-25,9.0,1.125
W0383,Evening,2025-03-12,10.0,1.25
W0383,Evening,2025-03-15,6.0,0.75
W0383,Evening,2025-03-16,6.0,0.75
W0383,Evening,2025-04-05,7.0,0.875
W0383,Evening,2025-04-11,8.0,1.0
W0383,Evening,2025-04-17,9.0,1.125
W0383,Evening,2025-04-21,10.0,1.25
W0383,Evening,2025-05-10,8.0,1.0
W0383,Evening,2025-05-26,8.0,1.0
W0383,Morning,2025-01-14,7.0,0.875
W0383,Morning,2025-02-13,9.0,1.125
W0383,Morning,2025-02-17,10.0,1.25
W0383,Morning,2025-03-02,6.0,0.75
W0383,Morning,2025-03-15,8.0,1.0
W0383,Morning,2025-03-19,7.0,0.875
W0383,Morning,2025-04-08,7.0,0.875
W0383,Morning,2025-04-11,7.0,0.875
W0383,Morning,2025-04-28,9.0,1.125
W0383,Morning,2025-05-10,10.0,1.25
W0383,Morning,2025-05-31,9.0,1.125
W0383,Morning,2025-06-26,9.0,1.125
W0383,Night,2025-01-07,8.0,1.0
W0383,Night,2025-01-12,9.0,1.125
W0383,Night,2025-01-21,8.0,1.0
W0383,Night,2025-01-23,10.0,1.25
W0383,Night,2025-01-29,6.0,0.75
W0383,Night,2025-02-03,10.0,1.25
W0383,Night,2025-02-06,9.0,1.125
W0383,Night,2025-02-07,9.0,1.125
W0383,Night,2025-02-13,8.0,1.0
W0383,Night,2025-02-22,15.0,1.875
W0383,Night,2025-03-04,9.0,1.125
W0383,Night,2025-03-07,8.0,1.0
W0383,Night,2025-03-24,9.0,1.125
W0383,Night,2025-04-06,19.0,2.375
W0383,Night,2025-04-15,9.0,1.125
W0383,Night,2025-05-04,9.0,1.125
W0383,Night,2025-05-21,6.0,0.75
W0383,Night,2025-06-23,10.0,1.25
W0384,Evening,2025-01-09,8.0,1.0
W0384,Evening,2025-01-10,6.0,0.75
W0384,Evening,2025-01-25,6.0,0.75
W0384,Evening,2025-02-20,6.0,0.75
W0384,Evening,2025-05-07,8.0,1.0
W0384,Evening,2025-05-19,9.0,1.125
W0384,Evening,2025-05-26,6.0,0.75
W0384,Morning,2025-01-02,8.0,1.0
W0384,Morning,2025-02-22,16.0,2.0
W0384,Morning,2025-03-10,6.0,0.75
W0384,Morning,2025-03-22,7.0,0.875
W0384,Morning,2025-04-21,9.0,1.125
W0384,Morning,2025-06-19,8.0,1.0
W0384,Morning,2025-06-26,8.0,1.0
W0384,Night,2025-01-08,8.0,1.0
W0384,Night,2025-02-05,9.0,1.125
W0384,Night,2025-02-19,9.0,1.125
W0384,Night,2025-02-25,9.0,1.125
W0384,Night,2025-03-02,10.0,1.25
W0384,Night,2025-03-03,9.0,1.125
W0384,Night,2025-03-23,10.0,1.25
W0384,Night,2025-04-04,8.0,1.0
W0384,Night,2025-04-11,6.0,0.75
W0384,Night,2025-04-22,10.0,1.25
W0384,Night,2025-04-23,8.0,1.0
W0384,Night,2025-04-30,8.0,1.0
W0384,Night,2025-05-05,9.0,1.125
W0384,Night,2025-05-11,7.0,0.875
W0384,Night,2025-05-20,10.0,1.25
W0384,Night,2025-06-04,6.0,0.75
W0384,Night,2025-06-08,7.0,0.875
W0385,Evening,2025-01-26,7.0,0.875
W0385,Evening,2025-01-31,9.0,1.125
W0385,Evening,2025-02-16,6.0,0.75
W0385,Evening,2025-02-19,7.0,0.875
W0385,Evening,2025-03-03,8.0,1.0
W0385,Evening,2025-03-15,6.0,0.75
W0385,Evening,2025-03-26,9.0,1.125
W0385,Evening,2025-04-11,7.0,0.875
W0385,Evening,2025-05-12,6.0,0.75
W0385,Evening,2025-06-04,6.0,0.75
W0385,Morning,2025-01-12,6.0,0.75
W0385,Morning,2025-01-16,9.0,1.125
W0385,Morning,2025-01-24,7.0,0.875
W0385,Morning,2025-02-28,8.0,1.0
W0385,Morning,2025-04-05,10.0,1.25
W0385,Morning,2025-05-16,7.0,0.875
W0385,Night,2025-01-13,9.0,1.125
W0385,Night,2025-02-05,10.0,1.25
W0385,Night,2025-02-07,6.0,0.75
W0385,Night,2025-02-10,8.0,1.0
W0385,Night,2025-02-18,8.0,1.0
W0385,Night,2025-03-14,9.0,1.125
W0385,Night,2025-03-19,7.0,0.875
W0385,Night,2025-03-27,6.0,0.75
W0385,Night,2025-04-06,9.0,1.125
W0385,Night,2025-04-08,10.0,1.25
W0385,Night,2025-04-15,10.0,1.25
W0385,Night,2025-05-05,10.0,1.25
W0385,Night,2025-05-07,7.0,0.875
W0385,Night,2025-05-17,7.0,0.875
W0385,Night,2025-06-12,6.0,0.75
W0385,Night,2025-06-16,8.0,1.0
W0385,Night,2025-06-28,10.0,1.25
W0385,Night,2025-06-29,19.0,2.375
W0386,Evening,2025-02-08,7.0,0.875
W0386,Evening,2025-03-15,7.0,0.875
W0386,Evening,2025-06-18,6.0,0.75
W0386,Morning,2025-01-05,6.0,0.75
W0386,Morning,2025-01-18,7.0,0.875
W0386,Morning,2025-02-21,6.0,0.75
W0386,Morning,2025-03-18,6.0,0.75
W0386,Morning,2025-03-19,7.0,0.875
W0386,Morning,2025-04-15,7.0,0.875
W0386,Morning,2025-04-27,8.0,1.0
W0386,Morning,2025-04-28,8.0,1.0
W0386,Morning,2025-06-17,8.0,1.0
W0386,Morning,2025-06-24,9.0,1.125
W0386,Morning,2025-06-29,9.0,1.125
W0386,Night,2025-01-03,19.0,2.375
W0386,Night,2025-01-04,8.0,1.0
W0386,Night,2025-01-06,6.0,0.75
W0386,Night,2025-01-10,9.0,1.125
W0386,Night,2025-01-24,16.0,2.0
W0386,Night,2025-02-02,9.0,1.125
W0386,Night,2025-03-02,9.0,1.125
W0386,Night,2025-03-17,6.0,0.75
W0386,Night,2025-04-06,7.0,0.875
W0386,Night,2025-04-11,7.0,0.875
W0386,Night,2025-04-22,7.0,0.875
W0386,Night,2025-04-24,7.0,0.875
W0386,Night,2025-04-25,7.0,0.875
W0386,Night,2025-05-05,10.0,1.25
W0386,Night,2025-06-21,7.0,0.875
W0386,Night,2025-06-24,7.0,0.875
W0386,Night,2025-06-26,19.0,2.375
W0387,Evening,2025-01-31,8.0,1.0
W0387,Evening,2025-02-09,7.0,0.875
W0387,Evening,2025-02-16,7.0,0.875
W0387,Evening,2025-03-23,8.0,1.0
W0387,Evening,2025-04-11,8.0,1.0
W0387,Evening,2025-04-18,7.0,0.875
W0387,Evening,2025-05-31,6.0,0.75
W0387,Evening,2025-06-06,9.0,1.125
W0387,Evening,2025-06-17,10.0,1.25
W0387,Evening,2025-06-24,10.0,1.25
W0387,Morning,2025-02-12,7.0,0.875
W0387,Morning,2025-02-18,9.0,1.125
W0387,Morning,2025-03-11,7.0,0.875
W0387,Morning,2025-04-21,6.0,0.75
W0387,Morning,2025-04-22,8.0,1.0
W0387,Morning,2025-05-14,6.0,0.75
W0387,Morning,2025-06-01,6.0,0.75
W0387,Morning,2025-06-07,8.0,1.0
W0387,Morning,2025-06-08,9.0,1.125
W0387,Morning,2025-06-09,10.0,1.25
W0387,Morning,2025-06-17,10.0,1.25
W0387,Morning,2025-06-22,9.0,1.125
W0387,Night,2025-01-05,8.0,1.0
W0387,Night,2025-01-07,9.0,1.125
W0387,Night,2025-01-12,7.0,0.875
W0387,Night,2025-01-14,6.0,0.75
W0387,Night,2025-01-15,10.0,1.25
W0387,Night,2025-01-18,7.0,0.875
W0387,Night,2025-01-29,8.0,1.0
W0387,Night,2025-02-02,7.0,0.875
W0387,Night,2025-02-13,9.0,1.125
W0387,Night,2025-03-13,10.0,1.25
W0387,Night,2025-04-20,9.0,1.125
W0387,Night,2025-04-22,18.0,2.25
W0387,Night,2025-04-25,10.0,1.25
W0387,Night,2025-04-29,7.0,0.875
W0387,Night,2025-04-30,10.0,1.25
W0387,Night,2025-05-04,10.0,1.25
W0387,Night,2025-05-13,10.0,1.25
W0387,Night,2025-05-20,6.0,0.75
W0387,Night,2025-06-08,7.0,0.875
W0387,Night,2025-06-23,8.0,1.0
W0387,Night,2025-06-27,7.0,0.875
W0388,Evening,2025-01-11,7.0,0.875
W0388,Evening,2025-01-12,7.0,0.875
W0388,Evening,2025-02-06,6.0,0.75
W0388,Evening,2025-02-27,8.0,1.0
W0388,Evening,2025-04-04,6.0,0.75
W0388,Evening,2025-04-08,8.0,1.0
W0388,Evening,2025-05-03,6.0,0.75
W0388,Morning,2025-03-19,6.0,0.75
W0388,Morning,2025-04-19,10.0,1.25
W0388,Morning,2025-04-28,6.0,0.75
W0388,Morning,2025-05-25,7.0,0.875
W0388,Night,2025-01-07,7.0,0.875
W0388,Night,2025-01-11,9.0,1.125
W0388,Night,2025-01-17,7.0,0.875
W0388,Night,2025-01-19,16.0,2.0
W0388,Night,2025-01-29,7.0,0.875
W0388,Night,2025-02-25,9.0,1.125
W0388,Night,2025-03-04,8.0,1.0
W0388,Night,2025-03-20,8.0,1.0
W0388,Night,2025-03-30,9.0,1.125
W0388,Night,2025-04-21,6.0,0.75
W0388,Night,2025-05-15,7.0,0.875
W0388,Night,2025-05-19,7.0,0.875
W0388,Night,2025-05-20,8.0,1.0
W0388,Night,2025-05-27,6.0,0.75
W0388,Night,2025-06-04,9.0,1.125
W0388,Night,2025-06-12,8.0,1.0
W0388,Night,2025-06-17,9.0,1.125
W0389,Evening,2025-02-03,10.0,1.25
W0389,Evening,2025-02-27,7.0,0.875
W0389,Evening,2025-04-16,8.0,1.0
W0389,Evening,2025-05-07,8.0,1.0
W0389,Evening,2025-05-12,6.0,0.75
W0389,Evening,2025-05-14,7.0,0.875
W0389,Evening,2025-05-30,7.0,0.875
W0389,Morning,2025-02-05,6.0,0.75
W0389,Morning,2025-02-18,10.0,1.25
W0389,Morning,2025-05-27,8.0,1.0
W0389,Morning,2025-06-28,10.0,1.25
W0389,Night,2025-01-09,6.0,0.75
W0389,Night,2025-01-11,8.0,1.0
W0389,Night,2025-01-13,10.0,1.25
W0389,Night,2025-02-11,9.0,1.125
W0389,Night,2025-02-17,10.0,1.25
W0389,Night,2025-03-03,8.0,1.0
W0389,Night,2025-03-16,10.0,1.25
W0389,Night,2025-04-01,9.0,1.125
W0389,Night,2025-04-13,7.0,0.875
W0389,Night,2025-04-16,10.0,1.25
W0389,Night,2025-04-21,9.0,1.125
W0389,Night,2025-04-25,9.0,1.125
W0389,Night,2025-05-28,10.0,1.25
W0389,Night,2025-06-24,9.0,1.125
W0389,Night,2025-06-25,9.0,1.125
W0389,Night,2025-06-28,6.0,0.75
W0390,Evening,2025-03-30,7.0,0.875
W0390,Evening,2025-04-13,10.0,1.25
W0390,Evening,2025-05-19,10.0,1.25
W0390,Evening,2025-06-04,7.0,0.875
W0390,Morning,2025-01-14,7.0,0.875
W0390,Morning,2025-01-27,9.0,1.125
W0390,Morning,2025-02-24,6.0,0.75
W0390,Morning,2025-03-27,8.0,1.0
W0390,Morning,2025-04-18,9.0,1.125
W0390,Morning,2025-05-05,7.0,0.875
W0390,Morning,2025-05-23,9.0,1.125
W0390,Morning,2025-06-01,6.0,0.75
W0390,Morning,2025-06-05,7.0,0.875
W0390,Morning,2025-06-19,7.0,0.875
W0390,Night,2025-01-20,8.0,1.0
W0390,Night,2025-01-21,9.0,1.125
W0390,Night,2025-03-20,10.0,1.25
W0390,Night,2025-03-28,14.0,1.75
W0390,Night,2025-04-20,7.0,0.875
W0390,Night,2025-05-02,6.0,0.75
W0390,Night,2025-05-27,6.0,0.75
W0390,Night,2025-05-29,10.0,1.25
W0390,Night,2025-06-01,6.0,0.75
W0390,Night,2025-06-15,10.0,1.25
W0390,Night,2025-06-20,7.0,0.875
W0391,Evening,2025-02-11,8.0,1.0
W0391,Evening,2025-04-13,6.0,0.75
W0391,Evening,2025-05-20,9.0,1.125
W0391,Morning,2025-03-08,9.0,1.125
W0391,Morning,2025-04-10,10.0,1.25
W0391,Morning,2025-04-23,10.0,1.25
W0391,Morning,2025-04-29,10.0,1.25
W0391,Morning,2025-06-04,8.0,1.0
W0391,Morning,2025-06-28,8.0,1.0
W0391,Night,2025-01-03,6.0,0.75
W0391,Night,2025-01-24,16.0,2.0
W0391,Night,2025-02-01,20.0,2.5
W0391,Night,2025-02-04,10.0,1.25
W0391,Night,2025-02-06,10.0,1.25
W0391,Night,2025-04-07,8.0,1.0
W0391,Night,2025-04-18,7.0,0.875
W0391,Night,2025-04-28,15.0,1.875
W0391,Night,2025-04-29,8.0,1.0
W0391,Night,2025-05-06,7.0,0.875
W0391,Night,2025-05-09,7.0,0.875
W0391,Night,2025-05-12,10.0,1.25
W0391,Night,2025-05-14,16.0,2.0
W0391,Night,2025-05-21,6.0,0.75
W0391,Night,2025-05-24,6.0,0.75
W0391,Night,2025-05-25,10.0,1.25
W0391,Night,2025-06-06,10.0,1.25
W0391,Night,2025-06-07,6.0,0.75
W0391,Night,2025-06-17,10.0,1.25
W0391,Night,2025-06-22,8.0,1.0
W0392,Evening,2025-01-29,7.0,0.875
W0392,Evening,2025-03-24,7.0,0.875
W0392,Evening,2025-05-04,8.0,1.0
W0392,Evening,2025-05-13,6.0,0.75
W0392,Evening,2025-05-15,8.0,1.0
W0392,Evening,2025-06-15,7.0,0.875
W0392,Morning,2025-01-25,9.0,1.125
W0392,Morning,2025-02-17,8.0,1.0
W0392,Morning,2025-02-25,28.0,3.5
W0392,Morning,2025-03-03,7.0,0.875
W0392,Morning,2025-03-27,6.0,0.75
W0392,Morning,2025-05-11,6.0,0.75
W0392,Morning,2025-05-22,8.0,1.0
W0392,Morning,2025-05-23,6.0,0.75
W0392,Morning,2025-06-28,6.0,0.75
W0392,Night,2025-01-09,10.0,1.25
W0392,Night,2025-01-12,9.0,1.125
W0392,Night,2025-01-26,10.0,1.25
W0392,Night,2025-02-27,13.0,1.625
W0392,Night,2025-03-22,7.0,0.875
W0392,Night,2025-03-30,6.0,0.75
W0392,Night,2025-04-22,9.0,1.125
W0392,Night,2025-04-23,6.0,0.75
W0392,Night,2025-05-15,10.0,1.25
W0392,Night,2025-05-19,10.0,1.25
W0392,Night,2025-05-23,10.0,1.25
W0392,Night,2025-06-02,7.0,0.875
W0392,Night,2025-06-09,6.0,0.75
W0392,Night,2025-06-20,10.0,1.25
W0393,Evening,2025-01-01,10.0,1.25
W0393,Evening,2025-01-31,10.0,1.25
W0393,Evening,2025-02-06,9.0,1.125
W0393,Evening,2025-03-08,9.0,1.125
W0393,Evening,2025-03-31,6.0,0.75
W0393,Evening,2025-04-27,19.0,2.375
W0393,Evening,2025-05-26,9.0,1.125
W0393,Evening,2025-06-06,9.0,1.125
W0393,Evening,2025-06-08,7.0,0.875
W0393,Evening,2025-06-21,8.0,1.0
W0393,Morning,2025-03-04,6.0,0.75
W0393,Morning,2025-03-05,7.0,0.875
W0393,Morning,2025-04-03,6.0,0.75
W0393,Morning,2025-04-09,8.0,1.0
W0393,Morning,2025-04-30,7.0,0.875
W0393,Night,2025-01-12,10.0,1.25
W0393,Night,2025-02-12,7.0,0.875
W0393,Night,2025-03-02,6.0,0.75
W0393,Night,2025-03-10,9.0,1.125
W0393,Night,2025-04-03,9.0,1.125
W0393,Night,2025-04-15,7.0,0.875
W0393,Night,2025-05-02,6.0,0.75
W0393,Night,2025-05-29,9.0,1.125
W0393,Night,2025-05-30,10.0,1.25
W0393,Night,2025-06-03,6.0,0.75
W0393,Night,2025-06-16,8.0,1.0
W0393,Night,2025-06-23,8.0,1.0
W0394,Evening,2025-01-02,9.0,1.125
W0394,Evening,2025-01-16,10.0,1.25
W0394,Evening,2025-01-21,19.0,2.375
W0394,Evening,2025-02-21,6.0,0.75
W0394,Evening,2025-03-16,9.0,1.125
W0394,Evening,2025-04-04,7.0,0.875
W0394,Evening,2025-05-28,10.0,1.25
W0394,Evening,2025-06-25,7.0,0.875
W0394,Morning,2025-01-15,8.0,1.0
W0394,Morning,2025-01-27,8.0,1.0
W0394,Morning,2025-02-19,10.0,1.25
W0394,Morning,2025-03-19,9.0,1.125
W0394,Morning,2025-03-23,7.0,0.875
W0394,Morning,2025-03-28,8.0,1.0
W0394,Morning,2025-03-31,7.0,0.875
W0394,Morning,2025-04-02,6.0,0.75
W0394,Morning,2025-05-07,9.0,1.125
W0394,Morning,2025-05-09,10.0,1.25
W0394,Morning,2025-06-18,10.0,1.25
W0394,Night,2025-01-08,10.0,1.25
W0394,Night,2025-01-27,7.0,0.875
W0394,Night,2025-02-05,9.0,1.125
W0394,Night,2025-02-21,8.0,1.0
W0394,Night,2025-02-26,6.0,0.75
W0394,Night,2025-04-16,6.0,0.75
W0394,Night,2025-04-30,6.0,0.75
W0394,Night,2025-05-03,8.0,1.0
W0394,Night,2025-05-11,8.0,1.0
W0394,Night,2025-05-24,7.0,0.875
W0394,Night,2025-06-18,6.0,0.75
W0395,Evening,2025-01-30,9.0,1.125
W0395,Evening,2025-03-03,7.0,0.875
W0395,Evening,2025-04-16,9.0,1.125
W0395,Evening,2025-04-29,9.0,1.125
W0395,Evening,2025-05-14,10.0,1.25
W0395,Evening,2025-05-21,8.0,1.0
W0395,Morning,2025-01-24,6.0,0.75
W0395,Morning,2025-02-13,7.0,0.875
W0395,Morning,2025-06-02,9.0,1.125
W0395,Night,2025-01-01,6.0,0.75
W0395,Night,2025-01-15,19.0,2.375
W0395,Night,2025-02-08,6.0,0.75
W0395,Night,2025-02-11,6.0,0.75
W0395,Night,2025-03-01,6.0,0.75
W0395,Night,2025-03-07,6.0,0.75
W0395,Night,2025-03-23,6.0,0.75
W0395,Night,2025-03-25,9.0,1.125
W0395,Night,2025-03-30,8.0,1.0
W0395,Night,2025-04-24,10.0,1.25
W0395,Night,2025-05-16,7.0,0.875
W0395,Night,2025-05-20,6.0,0.75
W0395,Night,2025-05-25,9.0,1.125
W0395,Night,2025-06-09,8.0,1.0
W0396,Evening,2025-03-04,7.0,0.875
W0396,Evening,2025-04-07,9.0,1.125
W0396,Evening,2025-04-15,7.0,0.875
W0396,Evening,2025-04-26,9.0,1.125
W0396,Evening,2025-05-10,10.0,1.25
W0396,Evening,2025-05-14,6.0,0.75
W0396,Evening,2025-06-14,6.0,0.75
W0396,Morning,2025-02-17,9.0,1.125
W0396,Morning,2025-02-20,7.0,0.875
W0396,Morning,2025-02-21,9.0,1.125
W0396,Morning,2025-02-23,10.0,1.25
W0396,Morning,2025-03-10,7.0,0.875
W0396,Morning,2025-05-17,6.0,0.75
W0396,Night,2025-02-02,6.0,0.75
W0396,Night,2025-02-07,8.0,1.0
W0396,Night,2025-02-10,9.0,1.125
W0396,Night,2025-02-11,7.0,0.875
W0396,Night,2025-02-17,8.0,1.0
W0396,Night,2025-03-20,10.0,1.25
W0396,Night,2025-03-25,9.0,1.125
W0396,Night,2025-04-16,9.0,1.125
W0396,Night,2025-04-20,6.0,0.75
W0396,Night,2025-04-21,6.0,0.75
W0396,Night,2025-05-09,6.0,0.75
W0396,Night,2025-06-28,6.0,0.75
W0397,Evening,2025-01-02,6.0,0.75
W0397,Evening,2025-01-08,10.0,1.25
W0397,Evening,2025-03-09,10.0,1.25
W0397,Evening,2025-05-24,8.0,1.0
W0397,Morning,2025-01-07,16.0,2.0
W0397,Morning,2025-03-23,9.0,1.125
W0397,Morning,2025-03-25,7.0,0.875
W0397,Morning,2025-05-20,6.0,0.75
W0397,Morning,2025-06-06,7.0,0.875
W0397,Morning,2025-06-13,9.0,1.125
W0397,Morning,2025-06-18,10.0,1.25
W0397,Night,2025-01-24,6.0,0.75
W0397,Night,2025-02-02,7.0,0.875
W0397,Night,2025-02-03,7.0,0.875
W0397,Night,2025-02-05,7.0,0.875
W0397,Night,2025-02-19,8.0,1.0
W0397,Night,2025-03-01,10.0,1.25
W0397,Night,2025-03-12,8.0,1.0
W0397,Night,2025-03-17,9.0,1.125
W0397,Night,2025-04-03,9.0,1.125
W0397,Night,2025-04-25,7.0,0.875
W0397,Night,2025-05-24,6.0,0.75
W0397,Night,2025-05-29,6.0,0.75
W0398,Evening,2025-03-09,9.0,1.125
W0398,Evening,2025-03-18,8.0,1.0
W0398,Evening,2025-03-27,10.0,1.25
W0398,Evening,2025-04-21,9.0,1.125
W0398,Evening,2025-05-20,6.0,0.75
W0398,Morning,2025-01-03,8.0,1.0
W0398,Morning,2025-03-14,10.0,1.25
W0398,Morning,2025-04-26,8.0,1.0
W0398,Morning,2025-06-07,8.0,1.0
W0398,Night,2025-02-01,9.0,1.125
W0398,Night,2025-02-12,8.0,1.0
W0398,Night,2025-02-24,8.0,1.0
W0398,Night,2025-03-03,8.0,1.0
W0398,Night,2025-03-11,9.0,1.125
W0398,Night,2025-03-16,7.0,0.875
W0398,Night,2025-03-27,9.0,1.125
W0398,Night,2025-04-15,9.0,1.125
W0398,Night,2025-05-02,7.0,0.875
W0398,Night,2025-05-11,8.0,1.0
W0398,Night,2025-05-24,8.0,1.0
W0398,Night,2025-06-04,8.0,1.0
W0398,Night,2025-06-14,9.0,1.125
W0398,Night,2025-06-15,9.0,1.125
W0399,Evening,2025-01-07,6.0,0.75
W0399,Evening,2025-02-12,6.0,0.75
W0399,Evening,2025-02-23,6.0,0.75
W0399,Evening,2025-02-28,10.0,1.25
W0399,Evening,2025-03-31,8.0,1.0
W0399,Evening,2025-04-08,8.0,1.0
W0399,Evening,2025-04-24,9.0,1.125
W0399,Evening,2025-06-02,9.0,1.125
W0399,Evening,2025-06-26,10.0,1.25
W0399,Morning,2025-01-13,6.0,0.75
W0399,Morning,2025-02-18,10.0,1.25
W0399,Morning,2025-02-22,9.0,1.125
W0399,Morning,2025-04-04,6.0,0.75
W0399,Morning,2025-04-05,7.0,0.875
W0399,Morning,2025-05-31,9.0,1.125
W0399,Night,2025-01-26,7.0,0.875
W0399,Night,2025-02-05,6.0,0.75
W0399,Night,2025-03-17,9.0,1.125
W0399,Night,2025-03-24,6.0,0.75
W0399,Night,2025-03-25,9.0,1.125
W0399,Night,2025-04-10,8.0,1.0
W0399,Night,2025-04-17,8.0,1.0
W0399,Night,2025-04-29,6.0,0.75
W0399,Night,2025-05-04,16.0,2.0
W0399,Night,2025-05-17,10.0,1.25
W0399,Night,2025-05-21,9.0,1.125
W0399,Night,2025-05-23,9.0,1.125
W0399,Night,2025-06-22,10.0,1.25
W0399,Night,2025-06-23,9.0,1.125
W0400,Evening,2025-01-06,8.0,1.0
W0400,Evening,2025-04-11,9.0,1.125
W0400,Evening,2025-04-15,7.0,0.875
W0400,Evening,2025-05-11,7.0,0.875
W0400,Morning,2025-01-19,9.0,1.125
W0400,Morning,2025-02-22,9.0,1.125
W0400,Morning,2025-02-28,8.0,1.0
W0400,Morning,2025-03-27,9.0,1.125
W0400,Morning,2025-05-12,10.0,1.25
W0400,Morning,2025-05-28,7.0,0.875
W0400,Morning,2025-06-07,9.0,1.125
W0400,Morning,2025-06-09,9.0,1.125
W0400,Morning,2025-06-21,6.0,0.75
W0400,Night,2025-01-06,10.0,1.25
W0400,Night,2025-01-07,7.0,0.875
W0400,Night,2025-01-14,8.0,1.0
W0400,Night,2025-01-29,7.0,0.875
W0400,Night,2025-03-01,8.0,1.0
W0400,Night,2025-03-03,10.0,1.25
W0400,Night,2025-03-18,7.0,0.875
W0400,Night,2025-03-27,10.0,1.25
W0400,Night,2025-04-02,7.0,0.875
W0400,Night,2025-04-10,8.0,1.0
W0400,Night,2025-04-23,9.0,1.125
W0400,Night,2025-05-21,8.0,1.0
W0400,Night,2025-05-26,6.0,0.75
W0400,Night,2025-06-02,6.0,0.75
W0401,Evening,2025-01-12,9.0,1.125
W0401,Evening,2025-03-13,7.0,0.875
W0401,Evening,2025-04-17,9.0,1.125
W0401,Evening,2025-04-30,7.0,0.875
W0401,Evening,2025-05-09,7.0,0.875
W0401,Evening,2025-05-28,8.0,1.0
W0401,Evening,2025-06-12,10.0,1.25
W0401,Evening,2025-06-21,6.0,0.75
W0401,Morning,2025-01-16,7.0,0.875
W0401,Morning,2025-02-13,6.0,0.75
W0401,Morning,2025-02-22,10.0,1.25
W0401,Morning,2025-02-23,10.0,1.25
W0401,Morning,2025-02-24,6.0,0.75
W0401,Morning,2025-03-27,10.0,1.25
W0401,Morning,2025-04-18,6.0,0.75
W0401,Morning,2025-05-18,6.0,0.75
W0401,Morning,2025-05-31,8.0,1.0
W0401,Night,2025-01-11,8.0,1.0
W0401,Night,2025-02-12,6.0,0.75
W0401,Night,2025-02-21,10.0,1.25
W0401,Night,2025-03-05,7.0,0.875
W0401,Night,2025-05-23,6.0,0.75
W0401,Night,2025-06-07,8.0,1.0
W0401,Night,2025-06-09,6.0,0.75
W0401,Night,2025-06-14,17.0,2.125
W0401,Night,2025-06-16,6.0,0.75
W0402,Evening,2025-01-17,8.0,1.0
W0402,Evening,2025-02-07,10.0,1.25
W0402,Evening,2025-02-26,6.0,0.75
W0402,Evening,2025-05-06,10.0,1.25
W0402,Evening,2025-05-17,10.0,1.25
W0402,Evening,2025-06-18,25.0,3.125
W0402,Evening,2025-06-26,8.0,1.0
W0402,Morning,2025-01-04,8.0,1.0
W0402,Morning,2025-01-24,7.0,0.875
W0402,Morning,2025-01-30,7.0,0.875
W0402,Morning,2025-02-26,7.0,0.875
W0402,Morning,2025-03-24,6.0,0.75
W0402,Morning,2025-03-26,6.0,0.75
W0402,Morning,2025-04-22,7.0,0.875
W0402,Morning,2025-05-22,6.0,0.75
W0402,Morning,2025-05-23,9.0,1.125
W0402,Morning,2025-06-07,6.0,0.75
W0402,Night,2025-01-16,10.0,1.25
W0402,Night,2025-01-23,8.0,1.0
W0402,Night,2025-02-07,9.0,1.125
W0402,Night,2025-02-11,9.0,1.125
W0402,Night,2025-02-22,16.0,2.0
W0402,Night,2025-03-03,10.0,1.25
W0402,Night,2025-03-21,7.0,0.875
W0402,Night,2025-04-06,7.0,0.875
W0402,Night,2025-04-18,6.0,0.75
W0402,Night,2025-04-20,9.0,1.125
W0402,Night,2025-04-23,7.0,0.875
W0402,Night,2025-05-16,9.0,1.125
W0402,Night,2025-05-23,8.0,1.0
W0402,Night,2025-06-03,9.0,1.125
W0402,Night,2025-06-17,7.0,0.875
W0403,Evening,2025-01-02,10.0,1.25
W0403,Evening,2025-01-03,6.0,0.75
W0403,Evening,2025-01-05,8.0,1.0
W0403,Evening,2025-01-17,6.0,0.75
W0403,Evening,2025-03-05,8.0,1.0
W0403,Evening,2025-03-18,7.0,0.875
W0403,Evening,2025-04-07,8.0,1.0
W0403,Evening,2025-05-12,9.0,1.125
W0403,Evening,2025-06-10,7.0,0.875
W0403,Evening,2025-06-17,9.0,1.125
W0403,Morning,2025-01-06,10.0,1.25
W0403,Morning,2025-02-04,6.0,0.75
W0403,Morning,2025-03-10,6.0,0.75
W0403,Morning,2025-03-14,6.0,0.75
W0403,Morning,2025-04-13,7.0,0.875
W0403,Morning,2025-05-26,10.0,1.25
W0403,Morning,2025-06-01,10.0,1.25
W0403,Night,2025-01-04,8.0,1.0
W0403,Night,2025-01-12,10.0,1.25
W0403,Night,2025-01-18,7.0,0.875
W0403,Night,2025-02-25,9.0,1.125
W0403,Night,2025-03-04,8.0,1.0
W0403,Night,2025-03-14,6.0,0.75
W0403,Night,2025-04-11,8.0,1.0
W0403,Night,2025-05-02,10.0,1.25
W0403,Night,2025-05-15,10.0,1.25
W0403,Night,2025-06-11,9.0,1.125
W0403,Night,2025-06-28,7.0,0.875
W0404,Evening,2025-01-01,7.0,0.875
W0404,Evening,2025-01-09,7.0,0.875
W0404,Evening,2025-01-22,10.0,1.25
W0404,Evening,2025-02-10,8.0,1.0
W0404,Evening,2025-02-11,10.0,1.25
W0404,Evening,2025-03-12,10.0,1.25
W0404,Evening,2025-05-12,7.0,0.875
W0404,Morning,2025-02-10,8.0,1.0
W0404,Morning,2025-03-01,9.0,1.125
W0404,Morning,2025-03-04,6.0,0.75
W0404,Morning,2025-04-04,6.0,0.75
W0404,Morning,2025-05-08,7.0,0.875
W0404,Morning,2025-05-27,10.0,1.25
W0404,Morning,2025-06-16,9.0,1.125
W0404,Morning,2025-06-20,8.0,1.0
W0404,Night,2025-01-16,6.0,0.75
W0404,Night,2025-01-23,9.0,1.125
W0404,Night,2025-01-24,10.0,1.25
W0404,Night,2025-02-15,9.0,1.125
W0404,Night,2025-06-09,9.0,1.125
W0404,Night,2025-06-22,8.0,1.0
W0405,Evening,2025-03-03,10.0,1.25
W0405,Evening,2025-03-11,6.0,0.75
W0405,Evening,2025-03-30,7.0,0.875
W0405,Evening,2025-04-16,7.0,0.875
W0405,Evening,2025-04-30,6.0,0.75
W0405,Evening,2025-05-05,7.0,0.875
W0405,Evening,2025-05-08,8.0,1.0
W0405,Evening,2025-06-07,6.0,0.75
W0405,Morning,2025-02-03,9.0,1.125
W0405,Morning,2025-03-16,9.0,1.125
W0405,Morning,2025-04-06,10.0,1.25
W0405,Morning,2025-04-08,6.0,0.75
W0405,Morning,2025-05-01,9.0,1.125
W0405,Morning,2025-06-05,9.0,1.125
W0405,Night,2025-01-12,6.0,0.75
W0405,Night,2025-01-15,10.0,1.25
W0405,Night,2025-01-17,10.0,1.25
W0405,Night,2025-01-18,9.0,1.125
W0405,Night,2025-01-21,8.0,1.0
W0405,Night,2025-02-12,10.0,1.25
W0405,Night,2025-02-17,7.0,0.875
W0405,Night,2025-02-23,9.0,1.125
W0405,Night,2025-04-16,8.0,1.0
W0405,Night,2025-04-22,9.0,1.125
W0405,Night,2025-04-26,6.0,0.75
W0405,Night,2025-05-12,10.0,1.25
W0405,Night,2025-05-17,9.0,1.125
W0405,Night,2025-05-22,10.0,1.25
W0405,Night,2025-05-23,7.0,0.875
W0405,Night,2025-05-26,6.0,0.75
W0405,Night,2025-05-31,8.0,1.0
W0405,Night,2025-06-10,6.0,0.75
W0406,Evening,2025-01-23,9.0,1.125
W0406,Evening,2025-02-05,10.0,1.25
W0406,Evening,2025-02-22,9.0,1.125
W0406,Evening,2025-03-15,10.0,1.25
W0406,Evening,2025-04-13,6.0,0.75
W0406,Evening,2025-05-14,10.0,1.25
W0406,Evening,2025-05-21,8.0,1.0
W0406,Evening,2025-05-26,6.0,0.75
W0406,Morning,2025-01-10,8.0,1.0
W0406,Morning,2025-01-12,8.0,1.0
W0406,Morning,2025-01-25,10.0,1.25
W0406,Morning,2025-03-01,10.0,1.25
W0406,Morning,2025-04-30,10.0,1.25
W0406,Morning,2025-05-26,8.0,1.0
W0406,Morning,2025-05-29,6.0,0.75
W0406,Morning,2025-06-23,17.0,2.125
W0406,Night,2025-01-09,6.0,0.75
W0406,Night,2025-01-18,6.0,0.75
W0406,Night,2025-01-19,10.0,1.25
W0406,Night,2025-03-29,8.0,1.0
W0406,Night,2025-04-03,10.0,1.25
W0406,Night,2025-04-04,9.0,1.125
W0406,Night,2025-04-12,8.0,1.0
W0406,Night,2025-04-17,8.0,1.0
W0406,Night,2025-04-28,8.0,1.0
W0406,Night,2025-05-06,8.0,1.0
W0406,Night,2025-05-24,8.0,1.0
W0406,Night,2025-06-15,9.0,1.125
W0407,Evening,2025-01-18,6.0,0.75
W0407,Evening,2025-02-05,9.0,1.125
W0407,Evening,2025-02-27,8.0,1.0
W0407,Evening,2025-03-03,6.0,0.75
W0407,Evening,2025-04-02,10.0,1.25
W0407,Evening,2025-05-01,9.0,1.125
W0407,Evening,2025-05-08,10.0,1.25
W0407,Evening,2025-05-22,10.0,1.25
W0407,Morning,2025-02-15,8.0,1.0
W0407,Morning,2025-04-17,10.0,1.25
W0407,Morning,2025-04-19,8.0,1.0
W0407,Morning,2025-06-27,7.0,0.875
W0407,Night,2025-01-16,7.0,0.875
W0407,Night,2025-01-20,9.0,1.125
W0407,Night,2025-02-09,7.0,0.875
W0407,Night,2025-03-17,6.0,0.75
W0407,Night,2025-04-12,9.0,1.125
W0407,Night,2025-04-13,6.0,0.75
W0407,Night,2025-04-20,13.0,1.625
W0407,Night,2025-04-30,6.0,0.75
W0407,Night,2025-05-05,10.0,1.25
W0407,Night,2025-05-31,15.0,1.875
W0407,Night,2025-06-21,6.0,0.75
W0408,Evening,2025-02-08,7.0,0.875
W0408,Evening,2025-03-05,7.0,0.875
W0408,Evening,2025-03-24,8.0,1.0
W0408,Evening,2025-04-05,10.0,1.25
W0408,Evening,2025-05-03,7.0,0.875
W0408,Evening,2025-06-13,9.0,1.125
W0408,Morning,2025-01-11,10.0,1.25
W0408,Morning,2025-02-13,6.0,0.75
W0408,Morning,2025-03-10,10.0,1.25
W0408,Morning,2025-04-01,8.0,1.0
W0408,Morning,2025-04-05,6.0,0.75
W0408,Night,2025-01-23,12.0,1.5
W0408,Night,2025-01-29,9.0,1.125
W0408,Night,2025-02-07,10.0,1.25
W0408,Night,2025-03-12,6.0,0.75
W0408,Night,2025-04-11,6.0,0.75
W0408,Night,2025-04-15,9.0,1.125
W0408,Night,2025-04-23,9.0,1.125
W0408,Night,2025-05-01,8.0,1.0
W0408,Night,2025-05-02,7.0,0.875
W0408,Night,2025-05-11,7.0,0.875
W0408,Night,2025-06-29,7.0,0.875
W0409,Evening,2025-01-12,10.0,1.25
W0409,Evening,2025-01-26,6.0,0.75
W0409,Evening,2025-03-01,6.0,0.75
W0409,Evening,2025-03-06,6.0,0.75
W0409,Evening,2025-03-23,8.0,1.0
W0409,Evening,2025-04-06,10.0,1.25
W0409,Evening,2025-04-10,9.0,1.125
W0409,Evening,2025-06-07,8.0,1.0
W0409,Evening,2025-06-24,8.0,1.0
W0409,Morning,2025-01-15,8.0,1.0
W0409,Morning,2025-02-15,9.0,1.125
W0409,Morning,2025-03-25,8.0,1.0
W0409,Morning,2025-04-11,10.0,1.25
W0409,Morning,2025-05-04,10.0,1.25
W0409,Morning,2025-05-31,9.0,1.125
W0409,Morning,2025-06-04,10.0,1.25
W0409,Morning,2025-06-10,6.0,0.75
W0409,Morning,2025-06-16,8.0,1.0
W0409,Night,2025-01-04,10.0,1.25
W0409,Night,2025-01-18,8.0,1.0
W0409,Night,2025-01-19,10.0,1.25
W0409,Night,2025-02-09,10.0,1.25
W0409,Night,2025-02-10,8.0,1.0
W0409,Night,2025-02-20,10.0,1.25
W0409,Night,2025-02-22,9.0,1.125
W0409,Night,2025-03-05,10.0,1.25
W0409,Night,2025-03-18,6.0,0.75
W0409,Night,2025-03-27,6.0,0.75
W0409,Night,2025-03-28,8.0,1.0
W0409,Night,2025-04-10,7.0,0.875
W0409,Night,2025-04-12,6.0,0.75
W0409,Night,2025-04-19,10.0,1.25
W0409,Night,2025-05-17,6.0,0.75
W0409,Night,2025-05-23,10.0,1.25
W0409,Night,2025-06-07,10.0,1.25
W0409,Night,2025-06-11,10.0,1.25
W0409,Night,2025-06-26,7.0,0.875
W0409,Night,2025-06-29,8.0,1.0
W0410,Evening,2025-02-07,10.0,1.25
W0410,Evening,2025-03-02,8.0,1.0
W0410,Evening,2025-03-20,8.0,1.0
W0410,Evening,2025-05-29,9.0,1.125
W0410,Morning,2025-02-10,7.0,0.875
W0410,Morning,2025-02-26,9.0,1.125
W0410,Morning,2025-02-27,7.0,0.875
W0410,Morning,2025-05-26,9.0,1.125
W0410,Morning,2025-06-16,8.0,1.0
W0410,Morning,2025-06-19,9.0,1.125
W0410,Night,2025-01-13,7.0,0.875
W0410,Night,2025-01-24,8.0,1.0
W0410,Night,2025-02-17,10.0,1.25
W0410,Night,2025-02-19,7.0,0.875
W0410,Night,2025-02-28,6.0,0.75
W0410,Night,2025-03-11,10.0,1.25
W0410,Night,2025-04-09,6.0,0.75
W0410,Night,2025-04-11,8.0,1.0
W0410,Night,2025-04-16,7.0,0.875
W0410,Night,2025-05-23,6.0,0.75
W0410,Night,2025-05-29,10.0,1.25
W0410,Night,2025-06-04,7.0,0.875
W0410,Night,2025-06-21,9.0,1.125
W0411,Evening,2025-02-05,9.0,1.125
W0411,Evening,2025-02-11,9.0,1.125
W0411,Evening,2025-04-01,10.0,1.25
W0411,Evening,2025-04-08,9.0,1.125
W0411,Evening,2025-04-18,9.0,1.125
W0411,Morning,2025-01-10,10.0,1.25
W0411,Morning,2025-01-12,9.0,1.125
W0411,Morning,2025-02-27,10.0,1.25
W0411,Morning,2025-04-08,8.0,1.0
W0411,Morning,2025-05-23,10.0,1.25
W0411,Morning,2025-05-27,6.0,0.75
W0411,Morning,2025-05-29,7.0,0.875
W0411,Morning,2025-05-31,10.0,1.25
W0411,Morning,2025-06-17,20.0,2.5
W0411,Morning,2025-06-26,9.0,1.125
W0411,Morning,2025-06-28,15.0,1.875
W0411,Night,2025-01-18,9.0,1.125
W0411,Night,2025-01-21,9.0,1.125
W0411,Night,2025-02-03,7.0,0.875
W0411,Night,2025-03-19,9.0,1.125
W0411,Night,2025-03-26,9.0,1.125
W0411,Night,2025-04-14,8.0,1.0
W0411,Night,2025-04-27,6.0,0.75
W0411,Night,2025-05-02,10.0,1.25
W0411,Night,2025-05-14,7.0,0.875
W0411,Night,2025-06-02,8.0,1.0
W0411,Night,2025-06-11,9.0,1.125
W0411,Night,2025-06-20,6.0,0.75
W0411,Night,2025-06-22,8.0,1.0
W0412,Evening,2025-01-16,8.0,1.0
W0412,Evening,2025-03-10,8.0,1.0
W0412,Evening,2025-03-15,10.0,1.25
W0412,Evening,2025-03-21,8.0,1.0
W0412,Evening,2025-04-08,6.0,0.75
W0412,Evening,2025-05-08,10.0,1.25
W0412,Morning,2025-01-21,10.0,1.25
W0412,Morning,2025-02-21,10.0,1.25
W0412,Morning,2025-05-11,7.0,0.875
W0412,Morning,2025-05-28,10.0,1.25
W0412,Night,2025-01-30,6.0,0.75
W0412,Night,2025-02-12,8.0,1.0
W0412,Night,2025-02-14,6.0,0.75
W0412,Night,2025-03-05,9.0,1.125
W0412,Night,2025-03-13,6.0,0.75
W0412,Night,2025-03-14,6.0,0.75
W0412,Night,2025-04-06,10.0,1.25
W0412,Night,2025-04-12,8.0,1.0
W0412,Night,2025-05-11,8.0,1.0
W0412,Night,2025-05-14,10.0,1.25
W0412,Night,2025-05-16,8.0,1.0
W0412,Night,2025-06-16,6.0,0.75
W0412,Night,2025-06-29,9.0,1.125
W0413,Evening,2025-01-25,8.0,1.0
W0413,Evening,2025-02-03,7.0,0.875
W0413,Evening,2025-02-19,7.0,0.875
W0413,Evening,2025-02-26,15.0,1.875
W0413,Evening,2025-02-27,10.0,1.25
W0413,Evening,2025-05-05,7.0,0.875
W0413,Evening,2025-06-05,10.0,1.25
W0413,Evening,2025-06-22,6.0,0.75
W0413,Morning,2025-02-04,9.0,1.125
W0413,Morning,2025-02-20,6.0,0.75
W0413,Morning,2025-02-21,10.0,1.25
W0413,Morning,2025-02-23,8.0,1.0
W0413,Morning,2025-03-04,9.0,1.125
W0413,Morning,2025-03-11,10.0,1.25
W0413,Morning,2025-03-25,9.0,1.125
W0413,Morning,2025-05-02,6.0,0.75
W0413,Morning,2025-05-06,7.0,0.875
W0413,Morning,2025-05-22,9.0,1.125
W0413,Morning,2025-05-24,6.0,0.75
W0413,Morning,2025-05-25,10.0,1.25
W0413,Morning,2025-06-15,6.0,0.75
W0413,Night,2025-01-20,9.0,1.125
W0413,Night,2025-02-07,10.0,1.25
W0413,Night,2025-02-08,10.0,1.25
W0413,Night,2025-02-17,7.0,0.875
W0413,Night,2025-03-04,8.0,1.0
W0413,Night,2025-03-21,10.0,1.25
W0413,Night,2025-04-28,13.0,1.625
W0413,Night,2025-05-10,6.0,0.75
W0413,Night,2025-05-12,8.0,1.0
W0413,Night,2025-05-22,8.0,1.0
W0413,Night,2025-06-02,8.0,1.0
W0413,Night,2025-06-20,7.0,0.875
W0413,Night,2025-06-24,7.0,0.875
W0414,Evening,2025-01-16,6.0,0.75
W0414,Evening,2025-02-03,7.0,0.875
W0414,Evening,2025-02-23,7.0,0.875
W0414,Evening,2025-03-30,6.0,0.75
W0414,Evening,2025-04-20,10.0,1.25
W0414,Evening,2025-04-22,9.0,1.125
W0414,Evening,2025-06-06,9.0,1.125
W0414,Evening,2025-06-21,7.0,0.875
W0414,Morning,2025-01-08,8.0,1.0
W0414,Morning,2025-01-24,7.0,0.875
W0414,Morning,2025-02-05,8.0,1.0
W0414,Morning,2025-02-18,6.0,0.75
W0414,Morning,2025-05-28,7.0,0.875
W0414,Morning,2025-06-24,8.0,1.0
W0414,Night,2025-01-10,6.0,0.75
W0414,Night,2025-01-16,10.0,1.25
W0414,Night,2025-01-20,9.0,1.125
W0414,Night,2025-01-31,10.0,1.25
W0414,Night,2025-02-11,9.0,1.125
W0414,Night,2025-02-13,8.0,1.0
W0414,Night,2025-02-15,7.0,0.875
W0414,Night,2025-02-26,6.0,0.75
W0414,Night,2025-03-31,6.0,0.75
W0414,Night,2025-04-11,7.0,0.875
W0414,Night,2025-05-04,10.0,1.25
W0414,Night,2025-05-09,8.0,1.0
W0414,Night,2025-06-07,10.0,1.25
W0414,Night,2025-06-11,7.0,0.875
W0414,Night,2025-06-12,6.0,0.75
W0414,Night,2025-06-14,6.0,0.75
W0415,Evening,2025-01-04,7.0,0.875
W0415,Evening,2025-01-12,6.0,0.75
W0415,Evening,2025-04-05,8.0,1.0
W0415,Evening,2025-04-21,6.0,0.75
W0415,Evening,2025-05-15,9.0,1.125
W0415,Evening,2025-06-08,6.0,0.75
W0415,Evening,2025-06-23,10.0,1.25
W0415,Morning,2025-01-11,6.0,0.75
W0415,Morning,2025-03-26,6.0,0.75
W0415,Morning,2025-04-08,10.0,1.25
W0415,Morning,2025-04-12,8.0,1.0
W0415,Morning,2025-06-18,8.0,1.0
W0415,Morning,2025-06-27,10.0,1.25
W0415,Night,2025-01-09,10.0,1.25
W0415,Night,2025-01-21,10.0,1.25
W0415,Night,2025-01-31,8.0,1.0
W0415,Night,2025-02-04,6.0,0.75
W0415,Night,2025-02-15,17.0,2.125
W0415,Night,2025-02-16,8.0,1.0
W0415,Night,2025-03-03,15.0,1.875
W0415,Night,2025-03-24,8.0,1.0
W0415,Night,2025-03-27,10.0,1.25
W0415,Night,2025-04-12,6.0,0.75
W0415,Night,2025-04-22,7.0,0.875
W0415,Night,2025-05-02,7.0,0.875
W0415,Night,2025-05-18,7.0,0.875
W0416,Evening,2025-02-08,6.0,0.75
W0416,Evening,2025-02-25,8.0,1.0
W0416,Evening,2025-05-02,10.0,1.25
W0416,Evening,2025-06-05,7.0,0.875
W0416,Evening,2025-06-09,8.0,1.0
W0416,Evening,2025-06-15,6.0,0.75
W0416,Evening,2025-06-27,10.0,1.25
W0416,Morning,2025-01-27,8.0,1.0
W0416,Morning,2025-04-07,6.0,0.75
W0416,Morning,2025-05-08,10.0,1.25
W0416,Morning,2025-05-28,7.0,0.875
W0416,Morning,2025-06-18,10.0,1.25
W0416,Morning,2025-06-27,6.0,0.75
W0416,Night,2025-01-13,7.0,0.875
W0416,Night,2025-02-20,8.0,1.0
W0416,Night,2025-02-23,9.0,1.125
W0416,Night,2025-03-18,6.0,0.75
W0416,Night,2025-03-22,9.0,1.125
W0416,Night,2025-03-28,9.0,1.125
W0416,Night,2025-04-04,6.0,0.75
W0416,Night,2025-05-12,9.0,1.125
W0416,Night,2025-05-29,8.0,1.0
W0416,Night,2025-05-30,10.0,1.25
W0417,Evening,2025-01-05,6.0,0.75
W0417,Evening,2025-02-07,6.0,0.75
W0417,Evening,2025-03-24,9.0,1.125
W0417,Evening,2025-04-23,10.0,1.25
W0417,Evening,2025-06-04,6.0,0.75
W0417,Evening,2025-06-25,6.0,0.75
W0417,Morning,2025-02-08,16.0,2.0
W0417,Morning,2025-03-02,7.0,0.875
W0417,Morning,2025-03-28,12.0,1.5
W0417,Morning,2025-04-08,8.0,1.0
W0417,Morning,2025-04-19,7.0,0.875
W0417,Morning,2025-05-21,7.0,0.875
W0417,Morning,2025-06-14,10.0,1.25
W0417,Morning,2025-06-18,6.0,0.75
W0417,Morning,2025-06-26,9.0,1.125
W0417,Night,2025-01-11,6.0,0.75
W0417,Night,2025-03-02,7.0,0.875
W0417,Night,2025-03-11,7.0,0.875
W0417,Night,2025-04-05,6.0,0.75
W0417,Night,2025-04-09,6.0,0.75
W0417,Night,2025-05-01,10.0,1.25
W0417,Night,2025-05-12,9.0,1.125
W0417,Night,2025-06-04,7.0,0.875
W0417,Night,2025-06-17,8.0,1.0
W0417,Night,2025-06-22,7.0,0.875
W0417,Night,2025-06-28,10.0,1.25
W0418,Evening,2025-01-13,9.0,1.125
W0418,Evening,2025-01-22,6.0,0.75
W0418,Evening,2025-02-10,10.0,1.25
W0418,Evening,2025-04-26,9.0,1.125
W0418,Evening,2025-05-13,7.0,0.875
W0418,Evening,2025-05-27,6.0,0.75
W0418,Evening,2025-06-27,8.0,1.0
W0418,Morning,2025-01-31,7.0,0.875
W0418,Morning,2025-03-02,10.0,1.25
W0418,Morning,2025-04-08,6.0,0.75
W0418,Morning,2025-04-13,7.0,0.875
W0418,Morning,2025-05-22,9.0,1.125
W0418,Morning,2025-06-12,10.0,1.25
W0418,Night,2025-01-18,6.0,0.75
W0418,Night,2025-01-23,10.0,1.25
W0418,Night,2025-01-25,7.0,0.875
W0418,Night,2025-02-17,6.0,0.75
W0418,Night,2025-02-22,9.0,1.125
W0418,Night,2025-03-14,6.0,0.75
W0418,Night,2025-03-29,7.0,0.875
W0418,Night,2025-04-04,6.0,0.75
W0418,Night,2025-04-05,9.0,1.125
W0418,Night,2025-04-14,10.0,1.25
W0418,Night,2025-04-18,10.0,1.25
W0418,Night,2025-04-20,6.0,0.75
W0418,Night,2025-04-27,8.0,1.0
W0418,Night,2025-05-02,6.0,0.75
W0418,Night,2025-05-07,10.0,1.25
W0418,Night,2025-05-24,15.0,1.875
W0418,Night,2025-06-24,9.0,1.125
W0419,Evening,2025-01-06,9.0,1.125
W0419,Evening,2025-01-10,7.0,0.875
W0419,Evening,2025-01-14,6.0,0.75
W0419,Evening,2025-02-24,6.0,0.75
W0419,Evening,2025-03-01,9.0,1.125
W0419,Evening,2025-04-04,10.0,1.25
W0419,Evening,2025-06-13,10.0,1.25
W0419,Morning,2025-01-20,8.0,1.0
W0419,Morning,2025-02-07,6.0,0.75
W0419,Morning,2025-03-01,9.0,1.125
W0419,Morning,2025-03-22,10.0,1.25
W0419,Morning,2025-03-28,15.0,1.875
W0419,Morning,2025-04-05,6.0,0.75
W0419,Morning,2025-04-21,10.0,1.25
W0419,Morning,2025-06-01,10.0,1.25
W0419,Morning,2025-06-13,10.0,1.25
W0419,Morning,2025-06-14,10.0,1.25
W0419,Night,2025-01-22,10.0,1.25
W0419,Night,2025-02-11,17.0,2.125
W0419,Night,2025-02-18,9.0,1.125
W0419,Night,2025-02-25,9.0,1.125
W0419,Night,2025-03-20,6.0,0.75
W0419,Night,2025-04-05,7.0,0.875
W0419,Night,2025-05-05,8.0,1.0
W0419,Night,2025-05-13,9.0,1.125
W0419,Night,2025-06-06,10.0,1.25
W0419,Night,2025-06-09,9.0,1.125
W0419,Night,2025-06-11,7.0,0.875
W0419,Night,2025-06-27,13.0,1.625
W0420,Evening,2025-01-25,8.0,1.0
W0420,Evening,2025-03-07,10.0,1.25
W0420,Evening,2025-03-11,7.0,0.875
W0420,Evening,2025-04-15,7.0,0.875
W0420,Evening,2025-05-17,9.0,1.125
W0420,Evening,2025-05-29,6.0,0.75
W0420,Morning,2025-01-19,7.0,0.875
W0420,Morning,2025-02-02,9.0,1.125
W0420,Morning,2025-02-20,9.0,1.125
W0420,Morning,2025-03-04,8.0,1.0
W0420,Morning,2025-04-02,7.0,0.875
W0420,Morning,2025-04-14,9.0,1.125
W0420,Morning,2025-04-20,10.0,1.25
W0420,Morning,2025-05-01,6.0,0.75
W0420,Morning,2025-05-06,7.0,0.875
W0420,Morning,2025-05-14,8.0,1.0
W0420,Night,2025-01-06,7.0,0.875
W0420,Night,2025-01-07,10.0,1.25
W0420,Night,2025-01-15,6.0,0.75
W0420,Night,2025-01-22,9.0,1.125
W0420,Night,2025-02-12,10.0,1.25
W0420,Night,2025-03-05,7.0,0.875
W0420,Night,2025-03-10,7.0,0.875
W0420,Night,2025-03-14,10.0,1.25
W0420,Night,2025-03-28,8.0,1.0
W0420,Night,2025-04-24,9.0,1.125
W0420,Night,2025-04-29,6.0,0.75
W0420,Night,2025-05-30,9.0,1.125
W0420,Night,2025-06-24,9.0,1.125
W0421,Evening,2025-01-21,6.0,0.75
W0421,Evening,2025-01-26,7.0,0.875
W0421,Evening,2025-01-29,9.0,1.125
W0421,Evening,2025-02-10,10.0,1.25
W0421,Evening,2025-02-16,6.0,0.75
W0421,Evening,2025-03-02,9.0,1.125
W0421,Evening,2025-03-31,6.0,0.75
W0421,Evening,2025-05-24,8.0,1.0
W0421,Evening,2025-06-07,8.0,1.0
W0421,Evening,2025-06-09,6.0,0.75
W0421,Evening,2025-06-13,9.0,1.125
W0421,Morning,2025-03-05,8.0,1.0
W0421,Morning,2025-03-26,7.0,0.875
W0421,Morning,2025-05-25,6.0,0.75
W0421,Morning,2025-06-01,9.0,1.125
W0421,Morning,2025-06-08,7.0,0.875
W0421,Morning,2025-06-22,6.0,0.75
W0421,Night,2025-01-02,10.0,1.25
W0421,Night,2025-01-04,8.0,1.0
W0421,Night,2025-01-14,8.0,1.0
W0421,Night,2025-01-26,7.0,0.875
W0421,Night,2025-01-29,8.0,1.0
W0421,Night,2025-02-07,8.0,1.0
W0421,Night,2025-03-06,10.0,1.25
W0421,Night,2025-03-10,6.0,0.75
W0421,Night,2025-03-12,8.0,1.0
W0421,Night,2025-03-15,9.0,1.125
W0421,Night,2025-04-05,9.0,1.125
W0421,Night,2025-04-09,8.0,1.0
W0421,Night,2025-04-13,16.0,2.0
W0421,Night,2025-04-27,8.0,1.0
W0421,Night,2025-05-20,16.0,2.0
W0421,Night,2025-06-13,9.0,1.125
W0421,Night,2025-06-29,9.0,1.125
W0422,Evening,2025-02-28,6.0,0.75
W0422,Evening,2025-03-05,9.0,1.125
W0422,Evening,2025-03-18,8.0,1.0
W0422,Evening,2025-04-28,9.0,1.125
W0422,Evening,2025-05-04,6.0,0.75
W0422,Evening,2025-05-06,8.0,1.0
W0422,Evening,2025-05-27,9.0,1.125
W0422,Evening,2025-06-19,9.0,1.125
W0422,Evening,2025-06-24,9.0,1.125
W0422,Morning,2025-01-14,8.0,1.0
W0422,Morning,2025-02-22,8.0,1.0
W0422,Morning,2025-02-27,6.0,0.75
W0422,Morning,2025-03-08,8.0,1.0
W0422,Morning,2025-03-17,7.0,0.875
W0422,Morning,2025-06-29,7.0,0.875
W0422,Night,2025-01-19,6.0,0.75
W0422,Night,2025-02-14,6.0,0.75
W0422,Night,2025-03-15,14.0,1.75
W0422,Night,2025-03-28,10.0,1.25
W0422,Night,2025-04-05,10.0,1.25
W0422,Night,2025-04-12,7.0,0.875
W0422,Night,2025-04-13,9.0,1.125
W0422,Night,2025-04-15,7.0,0.875
W0422,Night,2025-05-05,10.0,1.25
W0422,Night,2025-05-17,9.0,1.125
W0422,Night,2025-05-29,9.0,1.125
W0422,Night,2025-06-18,9.0,1.125
W0423,Evening,2025-01-01,7.0,0.875
W0423,Evening,2025-02-27,6.0,0.75
W0423,Evening,2025-03-01,8.0,1.0
W0423,Evening,2025-04-08,6.0,0.75
W0423,Evening,2025-04-17,7.0,0.875
W0423,Evening,2025-04-30,7.0,0.875
W0423,Evening,2025-05-01,6.0,0.75
W0423,Evening,2025-05-30,7.0,0.875
W0423,Morning,2025-01-11,8.0,1.0
W0423,Morning,2025-03-31,8.0,1.0
W0423,Morning,2025-04-25,8.0,1.0
W0423,Morning,2025-05-20,7.0,0.875
W0423,Morning,2025-05-25,7.0,0.875
W0423,Night,2025-01-10,10.0,1.25
W0423,Night,2025-01-17,6.0,0.75
W0423,Night,2025-01-25,7.0,0.875
W0423,Night,2025-01-30,7.0,0.875
W0423,Night,2025-02-17,7.0,0.875
W0423,Night,2025-03-10,6.0,0.75
W0423,Night,2025-04-09,6.0,0.75
W0423,Night,2025-04-20,9.0,1.125
W0423,Night,2025-04-29,8.0,1.0
W0423,Night,2025-05-04,10.0,1.25
W0423,Night,2025-06-03,9.0,1.125
W0424,Evening,2025-01-03,6.0,0.75
W0424,Evening,2025-02-09,8.0,1.0
W0424,Evening,2025-02-10,10.0,1.25
W0424,Evening,2025-03-06,7.0,0.875
W0424,Evening,2025-05-06,8.0,1.0
W0424,Evening,2025-05-11,9.0,1.125
W0424,Evening,2025-05-15,9.0,1.125
W0424,Evening,2025-06-22,6.0,0.75
W0424,Morning,2025-01-26,9.0,1.125
W0424,Morning,2025-02-25,6.0,0.75
W0424,Morning,2025-03-26,9.0,1.125
W0424,Morning,2025-04-06,10.0,1.25
W0424,Morning,2025-04-27,10.0,1.25
W0424,Morning,2025-06-16,8.0,1.0
W0424,Night,2025-01-02,7.0,0.875
W0424,Night,2025-01-03,10.0,1.25
W0424,Night,2025-01-16,10.0,1.25
W0424,Night,2025-01-21,7.0,0.875
W0424,Night,2025-02-20,10.0,1.25
W0424,Night,2025-03-11,9.0,1.125
W0424,Night,2025-03-19,6.0,0.75
W0424,Night,2025-03-24,7.0,0.875
W0424,Night,2025-03-25,6.0,0.75
W0424,Night,2025-03-28,7.0,0.875
W0424,Night,2025-04-26,7.0,0.875
W0424,Night,2025-05-05,8.0,1.0
W0424,Night,2025-05-14,6.0,0.75
W0424,Night,2025-06-02,10.0,1.25
W0424,Night,2025-06-04,10.0,1.25
W0425,Evening,2025-01-10,8.0,1.0
W0425,Evening,2025-02-13,6.0,0.75
W0425,Evening,2025-03-04,8.0,1.0
W0425,Evening,2025-03-16,10.0,1.25
W0425,Evening,2025-05-06,7.0,0.875
W0425,Evening,2025-06-09,10.0,1.25
W0425,Morning,2025-01-29,18.0,2.25
W0425,Morning,2025-03-16,9.0,1.125
W0425,Morning,2025-03-20,7.0,0.875
W0425,Morning,2025-03-31,10.0,1.25
W0425,Morning,2025-04-28,10.0,1.25
W0425,Morning,2025-05-04,8.0,1.0
W0425,Morning,2025-05-23,9.0,1.125
W0425,Night,2025-01-01,8.0,1.0
W0425,Night,2025-01-05,7.0,0.875
W0425,Night,2025-01-18,8.0,1.0
W0425,Night,2025-01-29,7.0,0.875
W0425,Night,2025-02-05,6.0,0.75
W0425,Night,2025-02-09,8.0,1.0
W0425,Night,2025-02-12,6.0,0.75
W0425,Night,2025-02-20,7.0,0.875
W0425,Night,2025-02-22,9.0,1.125
W0425,Night,2025-04-06,9.0,1.125
W0425,Night,2025-04-16,7.0,0.875
W0425,Night,2025-04-26,7.0,0.875
W0425,Night,2025-05-21,10.0,1.25
W0425,Night,2025-06-20,6.0,0.75
W0425,Night,2025-06-23,9.0,1.125
W0426,Evening,2025-01-29,7.0,0.875
W0426,Evening,2025-01-30,6.0,0.75
W0426,Evening,2025-02-18,10.0,1.25
W0426,Evening,2025-03-13,8.0,1.0
W0426,Evening,2025-05-01,10.0,1.25
W0426,Evening,2025-05-10,8.0,1.0
W0426,Evening,2025-06-17,10.0,1.25
W0426,Evening,2025-06-28,10.0,1.25
W0426,Morning,2025-01-12,6.0,0.75
W0426,Morning,2025-01-13,7.0,0.875
W0426,Morning,2025-01-27,10.0,1.25
W0426,Morning,2025-02-23,9.0,1.125
W0426,Morning,2025-03-01,10.0,1.25
W0426,Morning,2025-03-31,9.0,1.125
W0426,Morning,2025-04-04,6.0,0.75
W0426,Morning,2025-05-12,7.0,0.875
W0426,Morning,2025-05-22,9.0,1.125
W0426,Morning,2025-05-24,10.0,1.25
W0426,Morning,2025-06-06,8.0,1.0
W0426,Night,2025-01-05,7.0,0.875
W0426,Night,2025-01-30,9.0,1.125
W0426,Night,2025-02-11,9.0,1.125
W0426,Night,2025-02-17,8.0,1.0
W0426,Night,2025-02-27,9.0,1.125
W0426,Night,2025-03-10,8.0,1.0
W0426,Night,2025-03-18,8.0,1.0
W0426,Night,2025-03-19,6.0,0.75
W0426,Night,2025-03-25,10.0,1.25
W0426,Night,2025-04-01,7.0,0.875
W0426,Night,2025-05-02,7.0,0.875
W0426,Night,2025-05-07,8.0,1.0
W0426,Night,2025-05-15,8.0,1.0
W0426,Night,2025-05-20,9.0,1.125
W0426,Night,2025-05-23,6.0,0.75
W0426,Night,2025-05-29,10.0,1.25
W0426,Night,2025-06-08,7.0,0.875
W0427,Evening,2025-01-27,8.0,1.0
W0427,Evening,2025-02-02,6.0,0.75
W0427,Evening,2025-03-11,10.0,1.25
W0427,Evening,2025-03-26,16.0,2.0
W0427,Evening,2025-03-30,8.0,1.0
W0427,Evening,2025-04-26,7.0,0.875
W0427,Morning,2025-02-20,9.0,1.125
W0427,Morning,2025-03-10,6.0,0.75
W0427,Morning,2025-03-23,10.0,1.25
W0427,Morning,2025-04-20,8.0,1.0
W0427,Morning,2025-05-26,6.0,0.75
W0427,Morning,2025-06-07,8.0,1.0
W0427,Night,2025-01-09,10.0,1.25
W0427,Night,2025-01-18,9.0,1.125
W0427,Night,2025-01-30,6.0,0.75
W0427,Night,2025-02-08,8.0,1.0
W0427,Night,2025-02-09,9.0,1.125
W0427,Night,2025-02-21,14.0,1.75
W0427,Night,2025-02-28,6.0,0.75
W0427,Night,2025-03-01,8.0,1.0
W0427,Night,2025-04-29,10.0,1.25
W0427,Night,2025-05-15,7.0,0.875
W0427,Night,2025-06-15,8.0,1.0
W0427,Night,2025-06-23,10.0,1.25
W0428,Evening,2025-01-13,6.0,0.75
W0428,Evening,2025-01-21,10.0,1.25
W0428,Evening,2025-03-13,6.0,0.75
W0428,Evening,2025-04-09,8.0,1.0
W0428,Evening,2025-05-12,10.0,1.25
W0428,Evening,2025-05-13,7.0,0.875
W0428,Evening,2025-05-21,10.0,1.25
W0428,Evening,2025-06-15,6.0,0.75
W0428,Morning,2025-01-11,6.0,0.75
W0428,Morning,2025-01-23,7.0,0.875
W0428,Morning,2025-02-16,8.0,1.0
W0428,Morning,2025-03-12,8.0,1.0
W0428,Morning,2025-04-08,6.0,0.75
W0428,Morning,2025-04-09,10.0,1.25
W0428,Morning,2025-04-17,10.0,1.25
W0428,Morning,2025-04-22,8.0,1.0
W0428,Morning,2025-05-27,9.0,1.125
W0428,Night,2025-01-25,18.0,2.25
W0428,Night,2025-01-29,9.0,1.125
W0428,Night,2025-02-01,10.0,1.25
W0428,Night,2025-02-03,9.0,1.125
W0428,Night,2025-02-13,9.0,1.125
W0428,Night,2025-02-20,9.0,1.125
W0428,Night,2025-02-23,7.0,0.875
W0428,Night,2025-03-20,7.0,0.875
W0428,Night,2025-03-26,6.0,0.75
W0428,Night,2025-04-03,8.0,1.0
W0428,Night,2025-04-07,9.0,1.125
W0428,Night,2025-04-10,9.0,1.125
W0428,Night,2025-04-15,7.0,0.875
W0428,Night,2025-04-22,7.0,0.875
W0428,Night,2025-04-30,10.0,1.25
W0428,Night,2025-05-01,17.0,2.125
W0428,Night,2025-05-20,8.0,1.0
W0428,Night,2025-05-23,6.0,0.75
W0428,Night,2025-06-07,7.0,0.875
W0428,Night,2025-06-14,8.0,1.0
W0428,Night,2025-06-29,6.0,0.75
W0429,Evening,2025-01-31,6.0,0.75
W0429,Evening,2025-02-21,6.0,0.75
W0429,Evening,2025-02-23,6.0,0.75
W0429,Evening,2025-03-07,8.0,1.0
W0429,Evening,2025-03-10,16.0,2.0
W0429,Evening,2025-03-21,10.0,1.25
W0429,Evening,2025-04-09,10.0,1.25
W0429,Evening,2025-04-18,8.0,1.0
W0429,Evening,2025-05-06,6.0,0.75
W0429,Evening,2025-05-11,6.0,0.75
W0429,Evening,2025-05-22,9.0,1.125
W0429,Evening,2025-05-26,10.0,1.25
W0429,Evening,2025-06-23,10.0,1.25
W0429,Morning,2025-02-05,8.0,1.0
W0429,Morning,2025-02-13,7.0,0.875
W0429,Morning,2025-03-23,9.0,1.125
W0429,Morning,2025-04-07,10.0,1.25
W0429,Night,2025-01-11,8.0,1.0
W0429,Night,2025-01-18,16.0,2.0
W0429,Night,2025-02-03,6.0,0.75
W0429,Night,2025-03-06,10.0,1.25
W0429,Night,2025-04-02,8.0,1.0
W0429,Night,2025-04-17,9.0,1.125
W0429,Night,2025-04-21,8.0,1.0
W0429,Night,2025-05-05,15.0,1.875
W0429,Night,2025-06-11,8.0,1.0
W0429,Night,2025-06-24,6.0,0.75
W0430,Evening,2025-02-14,6.0,0.75
W0430,Evening,2025-02-27,9.0,1.125
W0430,Evening,2025-04-14,10.0,1.25
W0430,Evening,2025-05-23,10.0,1.25
W0430,Morning,2025-02-20,10.0,1.25
W0430,Morning,2025-03-02,10.0,1.25
W0430,Morning,2025-05-02,7.0,0.875
W0430,Morning,2025-05-21,8.0,1.0
W0430,Morning,2025-06-05,9.0,1.125
W0430,Morning,2025-06-21,8.0,1.0
W0430,Night,2025-01-05,9.0,1.125
W0430,Night,2025-01-13,8.0,1.0
W0430,Night,2025-01-23,10.0,1.25
W0430,Night,2025-01-29,10.0,1.25
W0430,Night,2025-02-05,10.0,1.25
W0430,Night,2025-02-13,7.0,0.875
W0430,Night,2025-02-15,7.0,0.875
W0430,Night,2025-02-26,7.0,0.875
W0430,Night,2025-02-27,7.0,0.875
W0430,Night,2025-03-23,9.0,1.125
W0430,Night,2025-04-14,6.0,0.75
W0430,Night,2025-04-24,9.0,1.125
W0430,Night,2025-05-16,6.0,0.75
W0430,Night,2025-05-22,7.0,0.875
W0430,Night,2025-06-25,10.0,1.25
W0430,Night,2025-06-27,10.0,1.25
W0431,Evening,2025-01-12,9.0,1.125
W0431,Evening,2025-02-05,9.0,1.125
W0431,Evening,2025-05-04,9.0,1.125
W0431,Evening,2025-06-02,10.0,1.25
W0431,Evening,2025-06-18,10.0,1.25
W0431,Morning,2025-01-31,7.0,0.875
W0431,Morning,2025-03-18,10.0,1.25
W0431,Morning,2025-03-20,7.0,0.875
W0431,Morning,2025-04-09,9.0,1.125
W0431,Morning,2025-04-20,9.0,1.125
W0431,Morning,2025-06-10,9.0,1.125
W0431,Night,2025-01-03,7.0,0.875
W0431,Night,2025-01-14,7.0,0.875
W0431,Night,2025-03-08,7.0,0.875
W0431,Night,2025-03-11,8.0,1.0
W0431,Night,2025-03-16,8.0,1.0
W0431,Night,2025-03-22,10.0,1.25
W0431,Night,2025-03-29,7.0,0.875
W0431,Night,2025-04-25,8.0,1.0
W0431,Night,2025-05-04,10.0,1.25
W0431,Night,2025-05-14,8.0,1.0
W0431,Night,2025-05-27,8.0,1.0
W0431,Night,2025-06-19,7.0,0.875
W0432,Evening,2025-01-24,8.0,1.0
W0432,Evening,2025-03-23,9.0,1.125
W0432,Evening,2025-04-03,10.0,1.25
W0432,Evening,2025-04-10,7.0,0.875
W0432,Evening,2025-04-27,7.0,0.875
W0432,Evening,2025-05-03,6.0,0.75
W0432,Evening,2025-05-27,7.0,0.875
W0432,Evening,2025-06-07,10.0,1.25
W0432,Morning,2025-01-20,9.0,1.125
W0432,Morning,2025-02-21,10.0,1.25
W0432,Morning,2025-03-15,8.0,1.0
W0432,Morning,2025-04-26,6.0,0.75
W0432,Night,2025-01-03,8.0,1.0
W0432,Night,2025-01-17,10.0,1.25
W0432,Night,2025-02-01,7.0,0.875
W0432,Night,2025-02-04,7.0,0.875
W0432,Night,2025-02-06,8.0,1.0
W0432,Night,2025-02-09,8.0,1.0
W0432,Night,2025-02-16,7.0,0.875
W0432,Night,2025-03-18,7.0,0.875
W0432,Night,2025-03-21,20.0,2.5
W0432,Night,2025-03-29,8.0,1.0
W0432,Night,2025-05-19,10.0,1.25
W0432,Night,2025-06-14,10.0,1.25
W0432,Night,2025-06-20,10.0,1.25
W0433,Evening,2025-01-01,10.0,1.25
W0433,Evening,2025-01-29,8.0,1.0
W0433,Evening,2025-04-16,6.0,0.75
W0433,Evening,2025-05-15,9.0,1.125
W0433,Morning,2025-01-05,6.0,0.75
W0433,Morning,2025-01-09,8.0,1.0
W0433,Morning,2025-01-12,10.0,1.25
W0433,Morning,2025-01-22,9.0,1.125
W0433,Morning,2025-02-17,10.0,1.25
W0433,Morning,2025-02-28,9.0,1.125
W0433,Morning,2025-04-19,8.0,1.0
W0433,Morning,2025-05-17,10.0,1.25
W0433,Morning,2025-06-19,6.0,0.75
W0433,Morning,2025-06-29,7.0,0.875
W0433,Night,2025-01-23,6.0,0.75
W0433,Night,2025-02-01,7.0,0.875
W0433,Night,2025-02-07,6.0,0.75
W0433,Night,2025-02-20,8.0,1.0
W0433,Night,2025-04-05,8.0,1.0
W0433,Night,2025-04-09,6.0,0.75
W0433,Night,2025-04-25,6.0,0.75
W0433,Night,2025-04-27,9.0,1.125
W0433,Night,2025-05-11,6.0,0.75
W0433,Night,2025-05-26,6.0,0.75
W0433,Night,2025-06-11,10.0,1.25
W0433,Night,2025-06-18,10.0,1.25
W0434,Evening,2025-01-21,8.0,1.0
W0434,Evening,2025-03-19,10.0,1.25
W0434,Morning,2025-01-25,9.0,1.125
W0434,Morning,2025-01-29,8.0,1.0
W0434,Morning,2025-04-23,9.0,1.125
W0434,Morning,2025-05-13,10.0,1.25
W0434,Morning,2025-06-13,8.0,1.0
W0434,Night,2025-01-09,8.0,1.0
W0434,Night,2025-01-10,7.0,0.875
W0434,Night,2025-01-19,7.0,0.875
W0434,Night,2025-02-12,6.0,0.75
W0434,Night,2025-03-01,6.0,0.75
W0434,Night,2025-03-02,8.0,1.0
W0434,Night,2025-03-20,15.0,1.875
W0434,Night,2025-04-09,6.0,0.75
W0434,Night,2025-04-10,10.0,1.25
W0434,Night,2025-04-19,6.0,0.75
W0434,Night,2025-05-26,10.0,1.25
W0434,Night,2025-06-19,7.0,0.875
W0435,Evening,2025-01-01,6.0,0.75
W0435,Evening,2025-01-10,6.0,0.75
W0435,Evening,2025-01-29,8.0,1.0
W0435,Evening,2025-03-07,8.0,1.0
W0435,Evening,2025-03-24,8.0,1.0
W0435,Evening,2025-04-12,6.0,0.75
W0435,Evening,2025-04-25,8.0,1.0
W0435,Evening,2025-05-09,7.0,0.875
W0435,Evening,2025-06-17,10.0,1.25
W0435,Evening,2025-06-24,8.0,1.0
W0435,Morning,2025-03-18,8.0,1.0
W0435,Morning,2025-03-24,7.0,0.875
W0435,Morning,2025-03-25,9.0,1.125
W0435,Morning,2025-03-26,10.0,1.25
W0435,Morning,2025-04-26,10.0,1.25
W0435,Morning,2025-05-11,10.0,1.25
W0435,Morning,2025-05-19,8.0,1.0
W0435,Morning,2025-05-22,6.0,0.75
W0435,Morning,2025-05-23,6.0,0.75
W0435,Morning,2025-05-26,6.0,0.75
W0435,Morning,2025-06-10,6.0,0.75
W0435,Morning,2025-06-25,7.0,0.875
W0435,Morning,2025-06-26,6.0,0.75
W0435,Night,2025-01-15,9.0,1.125
W0435,Night,2025-01-27,9.0,1.125
W0435,Night,2025-01-28,8.0,1.0
W0435,Night,2025-02-09,9.0,1.125
W0435,Night,2025-02-24,15.0,1.875
W0435,Night,2025-03-15,6.0,0.75
W0435,Night,2025-03-25,8.0,1.0
W0435,Night,2025-04-12,9.0,1.125
W0435,Night,2025-04-22,10.0,1.25
W0435,Night,2025-05-19,9.0,1.125
W0435,Night,2025-06-05,7.0,0.875
W0435,Night,2025-06-08,9.0,1.125
W0435,Night,2025-06-10,9.0,1.125
W0435,Night,2025-06-15,7.0,0.875
W0435,Night,2025-06-23,9.0,1.125
W0435,Night,2025-06-24,6.0,0.75
W0436,Evening,2025-02-15,7.0,0.875
W0436,Evening,2025-04-13,7.0,0.875
W0436,Evening,2025-06-09,6.0,0.75
W0436,Morning,2025-02-06,9.0,1.125
W0436,Morning,2025-03-08,7.0,0.875
W0436,Morning,2025-03-11,6.0,0.75
W0436,Morning,2025-04-29,8.0,1.0
W0436,Morning,2025-05-02,10.0,1.25
W0436,Morning,2025-05-04,17.0,2.125
W0436,Morning,2025-06-05,6.0,0.75
W0436,Morning,2025-06-22,9.0,1.125
W0436,Night,2025-01-17,10.0,1.25
W0436,Night,2025-01-26,8.0,1.0
W0436,Night,2025-02-13,7.0,0.875
W0436,Night,2025-03-11,7.0,0.875
W0436,Night,2025-03-16,8.0,1.0
W0436,Night,2025-03-19,6.0,0.75
W0436,Night,2025-03-27,8.0,1.0
W0436,Night,2025-04-26,9.0,1.125
W0436,Night,2025-04-29,8.0,1.0
W0436,Night,2025-05-20,8.0,1.0
W0436,Night,2025-06-06,9.0,1.125
W0436,Night,2025-06-10,10.0,1.25
W0436,Night,2025-06-18,6.0,0.75
W0436,Night,2025-06-20,8.0,1.0
W0436,Night,2025-06-26,8.0,1.0
W0437,Evening,2025-02-13,7.0,0.875
W0437,Evening,2025-06-11,6.0,0.75
W0437,Evening,2025-06-18,10.0,1.25
W0437,Evening,2025-06-29,8.0,1.0
W0437,Morning,2025-02-02,7.0,0.875
W0437,Morning,2025-03-03,8.0,1.0
W0437,Morning,2025-03-23,7.0,0.875
W0437,Morning,2025-04-07,7.0,0.875
W0437,Morning,2025-04-20,9.0,1.125
W0437,Morning,2025-04-24,10.0,1.25
W0437,Morning,2025-05-01,6.0,0.75
W0437,Morning,2025-05-10,9.0,1.125
W0437,Morning,2025-05-31,6.0,0.75
W0437,Morning,2025-06-01,9.0,1.125
W0437,Morning,2025-06-15,6.0,0.75
W0437,Morning,2025-06-27,10.0,1.25
W0437,Night,2025-01-07,6.0,0.75
W0437,Night,2025-01-10,9.0,1.125
W0437,Night,2025-04-11,6.0,0.75
W0437,Night,2025-04-13,7.0,0.875
W0437,Night,2025-04-18,8.0,1.0
W0437,Night,2025-05-20,7.0,0.875
W0437,Night,2025-05-22,7.0,0.875
W0437,Night,2025-05-28,10.0,1.25
W0437,Night,2025-06-19,9.0,1.125
W0437,Night,2025-06-22,9.0,1.125
W0438,Evening,2025-02-05,9.0,1.125
W0438,Evening,2025-02-17,7.0,0.875
W0438,Evening,2025-03-01,10.0,1.25
W0438,Evening,2025-03-06,6.0,0.75
W0438,Evening,2025-04-26,10.0,1.25
W0438,Evening,2025-05-02,9.0,1.125
W0438,Evening,2025-05-14,10.0,1.25
W0438,Evening,2025-05-18,6.0,0.75
W0438,Evening,2025-06-02,10.0,1.25
W0438,Evening,2025-06-09,10.0,1.25
W0438,Evening,2025-06-28,7.0,0.875
W0438,Morning,2025-02-15,9.0,1.125
W0438,Morning,2025-03-22,9.0,1.125
W0438,Morning,2025-05-01,7.0,0.875
W0438,Morning,2025-06-10,9.0,1.125
W0438,Morning,2025-06-11,9.0,1.125
W0438,Night,2025-01-29,6.0,0.75
W0438,Night,2025-02-17,10.0,1.25
W0438,Night,2025-02-20,9.0,1.125
W0438,Night,2025-02-23,6.0,0.75
W0438,Night,2025-03-01,6.0,0.75
W0438,Night,2025-03-20,6.0,0.75
W0438,Night,2025-03-21,9.0,1.125
W0438,Night,2025-04-14,9.0,1.125
W0438,Night,2025-04-27,10.0,1.25
W0438,Night,2025-04-28,7.0,0.875
W0438,Night,2025-05-19,6.0,0.75
W0438,Night,2025-05-24,6.0,0.75
W0438,Night,2025-05-28,10.0,1.25
W0438,Night,2025-06-05,10.0,1.25
W0438,Night,2025-06-16,7.0,0.875
W0438,Night,2025-06-27,10.0,1.25
W0438,Night,2025-06-29,10.0,1.25
W0439,Evening,2025-01-17,7.0,0.875
W0439,Evening,2025-01-22,10.0,1.25
W0439,Evening,2025-01-26,7.0,0.875
W0439,Evening,2025-02-04,8.0,1.0
W0439,Evening,2025-03-01,7.0,0.875
W0439,Evening,2025-03-04,8.0,1.0
W0439,Evening,2025-03-05,8.0,1.0
W0439,Evening,2025-03-15,7.0,0.875
W0439,Evening,2025-04-06,9.0,1.125
W0439,Evening,2025-05-19,6.0,0.75
W0439,Evening,2025-05-29,7.0,0.875
W0439,Evening,2025-06-16,17.0,2.125
W0439,Morning,2025-01-10,9.0,1.125
W0439,Morning,2025-02-18,17.0,2.125
W0439,Morning,2025-04-05,10.0,1.25
W0439,Morning,2025-05-10,10.0,1.25
W0439,Morning,2025-05-11,9.0,1.125
W0439,Morning,2025-05-18,7.0,0.875
W0439,Night,2025-01-30,6.0,0.75
W0439,Night,2025-04-07,6.0,0.75
W0439,Night,2025-04-28,6.0,0.75
W0439,Night,2025-05-01,6.0,0.75
W0439,Night,2025-05-27,9.0,1.125
W0439,Night,2025-06-15,7.0,0.875
W0439,Night,2025-06-24,9.0,1.125
W0440,Evening,2025-01-04,9.0,1.125
W0440,Evening,2025-02-19,9.0,1.125
W0440,Evening,2025-03-28,9.0,1.125
W0440,Evening,2025-04-04,6.0,0.75
W0440,Evening,2025-04-12,9.0,1.125
W0440,Evening,2025-05-18,7.0,0.875
W0440,Evening,2025-06-08,9.0,1.125
W0440,Morning,2025-01-25,8.0,1.0
W0440,Morning,2025-02-15,8.0,1.0
W0440,Morning,2025-03-18,7.0,0.875
W0440,Morning,2025-03-22,9.0,1.125
W0440,Morning,2025-04-12,7.0,0.875
W0440,Morning,2025-05-06,17.0,2.125
W0440,Night,2025-01-11,7.0,0.875
W0440,Night,2025-01-14,9.0,1.125
W0440,Night,2025-02-12,8.0,1.0
W0440,Night,2025-02-15,10.0,1.25
W0440,Night,2025-02-19,10.0,1.25
W0440,Night,2025-02-22,6.0,0.75
W0440,Night,2025-02-27,8.0,1.0
W0440,Night,2025-03-26,8.0,1.0
W0440,Night,2025-03-30,18.0,2.25
W0440,Night,2025-04-02,7.0,0.875
W0440,Night,2025-04-07,9.0,1.125
W0440,Night,2025-04-16,10.0,1.25
W0440,Night,2025-04-19,17.0,2.125
W0440,Night,2025-04-30,18.0,2.25
W0440,Night,2025-06-02,6.0,0.75
W0440,Night,2025-06-20,7.0,0.875
W0440,Night,2025-06-23,7.0,0.875
W0441,Evening,2025-03-27,8.0,1.0
W0441,Evening,2025-05-21,10.0,1.25
W0441,Evening,2025-06-02,9.0,1.125
W0441,Evening,2025-06-25,10.0,1.25
W0441,Morning,2025-01-07,9.0,1.125
W0441,Morning,2025-01-12,7.0,0.875
W0441,Morning,2025-01-31,7.0,0.875
W0441,Morning,2025-03-19,9.0,1.125
W0441,Morning,2025-04-29,10.0,1.25
W0441,Morning,2025-05-08,9.0,1.125
W0441,Morning,2025-06-23,6.0,0.75
W0441,Night,2025-01-11,9.0,1.125
W0441,Night,2025-01-24,9.0,1.125
W0441,Night,2025-01-31,7.0,0.875
W0441,Night,2025-02-04,9.0,1.125
W0441,Night,2025-02-24,9.0,1.125
W0441,Night,2025-02-26,17.0,2.125
W0441,Night,2025-03-06,6.0,0.75
W0441,Night,2025-03-15,10.0,1.25
W0441,Night,2025-04-02,6.0,0.75
W0441,Night,2025-04-05,6.0,0.75
W0441,Night,2025-04-07,6.0,0.75
W0441,Night,2025-04-29,10.0,1.25
W0441,Night,2025-05-02,8.0,1.0
W0441,Night,2025-05-14,9.0,1.125
W0441,Night,2025-06-16,10.0,1.25
W0442,Evening,2025-01-12,6.0,0.75
W0442,Evening,2025-04-16,7.0,0.875
W0442,Evening,2025-05-15,7.0,0.875
W0442,Evening,2025-06-09,9.0,1.125
W0442,Morning,2025-03-12,10.0,1.25
W0442,Morning,2025-03-22,8.0,1.0
W0442,Morning,2025-04-27,8.0,1.0
W0442,Morning,2025-05-15,8.0,1.0
W0442,Morning,2025-06-13,10.0,1.25
W0442,Night,2025-01-02,15.0,1.875
W0442,Night,2025-01-03,7.0,0.875
W0442,Night,2025-01-31,10.0,1.25
W0442,Night,2025-02-01,10.0,1.25
W0442,Night,2025-02-05,8.0,1.0
W0442,Night,2025-02-16,6.0,0.75
W0442,Night,2025-02-22,10.0,1.25
W0442,Night,2025-03-24,10.0,1.25
W0442,Night,2025-04-04,9.0,1.125
W0442,Night,2025-05-03,7.0,0.875
W0442,Night,2025-05-05,10.0,1.25
W0442,Night,2025-05-22,8.0,1.0
W0442,Night,2025-05-30,10.0,1.25
W0442,Night,2025-06-17,9.0,1.125
W0442,Night,2025-06-22,9.0,1.125
W0442,Night,2025-06-23,9.0,1.125
W0443,Evening,2025-01-10,9.0,1.125
W0443,Evening,2025-02-21,6.0,0.75
W0443,Evening,2025-05-22,8.0,1.0
W0443,Evening,2025-05-23,10.0,1.25
W0443,Evening,2025-06-29,7.0,0.875
W0443,Morning,2025-02-07,15.0,1.875
W0443,Morning,2025-04-05,8.0,1.0
W0443,Morning,2025-06-09,6.0,0.75
W0443,Night,2025-01-04,8.0,1.0
W0443,Night,2025-01-18,8.0,1.0
W0443,Night,2025-01-25,8.0,1.0
W0443,Night,2025-01-31,9.0,1.125
W0443,Night,2025-02-06,7.0,0.875
W0443,Night,2025-02-13,9.0,1.125
W0443,Night,2025-03-02,10.0,1.25
W0443,Night,2025-03-06,7.0,0.875
W0443,Night,2025-03-09,6.0,0.75
W0443,Night,2025-03-10,7.0,0.875
W0443,Night,2025-03-14,6.0,0.75
W0443,Night,2025-03-19,10.0,1.25
W0443,Night,2025-04-09,8.0,1.0
W0443,Night,2025-04-16,18.0,2.25
W0443,Night,2025-04-19,9.0,1.125
W0443,Night,2025-04-24,6.0,0.75
W0443,Night,2025-05-03,6.0,0.75
W0443,Night,2025-05-17,9.0,1.125
W0443,Night,2025-05-26,9.0,1.125
W0443,Night,2025-06-19,9.0,1.125
W0443,Night,2025-06-23,17.0,2.125
W0444,Evening,2025-01-04,7.0,0.875
W0444,Evening,2025-02-18,7.0,0.875
W0444,Evening,2025-03-10,7.0,0.875
W0444,Evening,2025-03-18,8.0,1.0
W0444,Evening,2025-03-27,10.0,1.25
W0444,Evening,2025-05-13,7.0,0.875
W0444,Evening,2025-06-27,8.0,1.0
W0444,Morning,2025-02-16,10.0,1.25
W0444,Morning,2025-02-19,9.0,1.125
W0444,Morning,2025-03-19,10.0,1.25
W0444,Morning,2025-05-03,10.0,1.25
W0444,Morning,2025-05-20,10.0,1.25
W0444,Morning,2025-06-22,7.0,0.875
W0444,Night,2025-01-02,6.0,0.75
W0444,Night,2025-01-18,6.0,0.75
W0444,Night,2025-01-20,10.0,1.25
W0444,Night,2025-02-19,7.0,0.875
W0444,Night,2025-02-20,9.0,1.125
W0444,Night,2025-02-26,16.0,2.0
W0444,Night,2025-03-14,6.0,0.75
W0444,Night,2025-03-15,6.0,0.75
W0444,Night,2025-04-01,10.0,1.25
W0444,Night,2025-04-02,7.0,0.875
W0444,Night,2025-04-04,8.0,1.0
W0444,Night,2025-04-08,6.0,0.75
W0444,Night,2025-04-12,9.0,1.125
W0444,Night,2025-05-13,6.0,0.75
W0444,Night,2025-05-18,9.0,1.125
W0444,Night,2025-05-25,6.0,0.75
W0444,Night,2025-05-28,17.0,2.125
W0444,Night,2025-06-17,9.0,1.125
W0444,Night,2025-06-25,8.0,1.0
W0445,Evening,2025-02-08,8.0,1.0
W0445,Evening,2025-02-22,10.0,1.25
W0445,Evening,2025-03-12,7.0,0.875
W0445,Evening,2025-03-21,7.0,0.875
W0445,Evening,2025-03-26,15.0,1.875
W0445,Evening,2025-05-15,6.0,0.75
W0445,Evening,2025-06-11,7.0,0.875
W0445,Evening,2025-06-24,9.0,1.125
W0445,Morning,2025-01-16,7.0,0.875
W0445,Morning,2025-03-10,9.0,1.125
W0445,Morning,2025-04-17,6.0,0.75
W0445,Morning,2025-06-03,6.0,0.75
W0445,Morning,2025-06-23,9.0,1.125
W0445,Night,2025-01-19,10.0,1.25
W0445,Night,2025-01-20,8.0,1.0
W0445,Night,2025-01-23,10.0,1.25
W0445,Night,2025-02-05,9.0,1.125
W0445,Night,2025-02-21,8.0,1.0
W0445,Night,2025-03-02,7.0,0.875
W0445,Night,2025-03-09,10.0,1.25
W0445,Night,2025-03-13,9.0,1.125
W0445,Night,2025-03-18,10.0,1.25
W0445,Night,2025-04-14,8.0,1.0
W0445,Night,2025-04-18,8.0,1.0
W0445,Night,2025-05-03,10.0,1.25
W0445,Night,2025-05-16,6.0,0.75
W0445,Night,2025-05-24,10.0,1.25
W0445,Night,2025-06-04,7.0,0.875
W0445,Night,2025-06-05,8.0,1.0
W0445,Night,2025-06-23,6.0,0.75
W0445,Night,2025-06-25,6.0,0.75
W0446,Evening,2025-01-17,7.0,0.875
W0446,Evening,2025-01-24,9.0,1.125
W0446,Evening,2025-02-13,6.0,0.75
W0446,Evening,2025-03-14,6.0,0.75
W0446,Evening,2025-03-16,9.0,1.125
W0446,Evening,2025-05-12,9.0,1.125
W0446,Evening,2025-06-20,9.0,1.125
W0446,Evening,2025-06-23,6.0,0.75
W0446,Evening,2025-06-25,6.0,0.75
W0446,Morning,2025-01-11,6.0,0.75
W0446,Morning,2025-01-21,8.0,1.0
W0446,Morning,2025-02-06,17.0,2.125
W0446,Morning,2025-04-10,9.0,1.125
W0446,Morning,2025-05-06,8.0,1.0
W0446,Morning,2025-06-03,9.0,1.125
W0446,Morning,2025-06-08,6.0,0.75
W0446,Morning,2025-06-24,6.0,0.75
W0446,Night,2025-01-01,6.0,0.75
W0446,Night,2025-01-03,6.0,0.75
W0446,Night,2025-01-15,10.0,1.25
W0446,Night,2025-02-24,9.0,1.125
W0446,Night,2025-03-20,6.0,0.75
W0446,Night,2025-03-30,7.0,0.875
W0446,Night,2025-04-12,10.0,1.25
W0446,Night,2025-05-01,6.0,0.75
W0446,Night,2025-05-27,9.0,1.125
W0446,Night,2025-06-01,6.0,0.75
W0446,Night,2025-06-03,7.0,0.875
W0446,Night,2025-06-20,10.0,1.25
W0446,Night,2025-06-21,7.0,0.875
W0446,Night,2025-06-25,9.0,1.125
W0447,Evening,2025-01-14,7.0,0.875
W0447,Evening,2025-02-12,7.0,0.875
W0447,Evening,2025-02-24,6.0,0.75
W0447,Evening,2025-05-04,9.0,1.125
W0447,Evening,2025-06-19,8.0,1.0
W0447,Evening,2025-06-23,10.0,1.25
W0447,Morning,2025-03-07,8.0,1.0
W0447,Morning,2025-03-20,6.0,0.75
W0447,Morning,2025-03-31,9.0,1.125
W0447,Morning,2025-04-19,7.0,0.875
W0447,Morning,2025-05-21,8.0,1.0
W0447,Night,2025-01-17,8.0,1.0
W0447,Night,2025-01-19,8.0,1.0
W0447,Night,2025-03-14,8.0,1.0
W0447,Night,2025-04-08,10.0,1.25
W0447,Night,2025-04-16,9.0,1.125
W0447,Night,2025-04-24,6.0,0.75
W0447,Night,2025-05-02,10.0,1.25
W0447,Night,2025-05-09,10.0,1.25
W0447,Night,2025-05-24,7.0,0.875
W0447,Night,2025-06-01,6.0,0.75
W0447,Night,2025-06-08,15.0,1.875
W0447,Night,2025-06-10,6.0,0.75
W0447,Night,2025-06-11,9.0,1.125
W0447,Night,2025-06-12,6.0,0.75
W0447,Night,2025-06-19,8.0,1.0
W0447,Night,2025-06-21,9.0,1.125
W0448,Evening,2025-01-04,10.0,1.25
W0448,Evening,2025-01-18,9.0,1.125
W0448,Evening,2025-01-19,6.0,0.75
W0448,Evening,2025-02-01,6.0,0.75
W0448,Evening,2025-03-08,9.0,1.125
W0448,Evening,2025-04-11,6.0,0.75
W0448,Evening,2025-06-20,10.0,1.25
W0448,Morning,2025-01-13,7.0,0.875
W0448,Morning,2025-02-18,8.0,1.0
W0448,Morning,2025-02-26,10.0,1.25
W0448,Morning,2025-04-21,7.0,0.875
W0448,Morning,2025-05-11,6.0,0.75
W0448,Morning,2025-05-19,7.0,0.875
W0448,Morning,2025-05-24,8.0,1.0
W0448,Morning,2025-05-25,6.0,0.75
W0448,Night,2025-01-14,6.0,0.75
W0448,Night,2025-01-16,9.0,1.125
W0448,Night,2025-01-17,8.0,1.0
W0448,Night,2025-01-20,7.0,0.875
W0448,Night,2025-01-30,16.0,2.0
W0448,Night,2025-02-07,9.0,1.125
W0448,Night,2025-02-13,10.0,1.25
W0448,Night,2025-02-24,7.0,0.875
W0448,Night,2025-03-07,10.0,1.25
W0448,Night,2025-03-09,8.0,1.0
W0448,Night,2025-03-13,10.0,1.25
W0448,Night,2025-04-08,7.0,0.875
W0448,Night,2025-04-11,7.0,0.875
W0448,Night,2025-04-16,10.0,1.25
W0448,Night,2025-05-05,10.0,1.25
W0448,Night,2025-05-15,10.0,1.25
W0448,Night,2025-06-17,8.0,1.0
W0448,Night,2025-06-27,6.0,0.75
W0449,Evening,2025-02-21,9.0,1.125
W0449,Evening,2025-04-19,9.0,1.125
W0449,Evening,2025-05-05,6.0,0.75
W0449,Evening,2025-05-17,7.0,0.875
W0449,Evening,2025-06-06,14.0,1.75
W0449,Morning,2025-01-05,8.0,1.0
W0449,Morning,2025-01-18,8.0,1.0
W0449,Morning,2025-02-24,8.0,1.0
W0449,Morning,2025-03-03,7.0,0.875
W0449,Morning,2025-03-14,8.0,1.0
W0449,Morning,2025-04-16,10.0,1.25
W0449,Morning,2025-06-05,9.0,1.125
W0449,Morning,2025-06-19,6.0,0.75
W0449,Morning,2025-06-23,18.0,2.25
W0449,Night,2025-01-04,6.0,0.75
W0449,Night,2025-01-12,8.0,1.0
W0449,Night,2025-01-18,10.0,1.25
W0449,Night,2025-01-21,18.0,2.25
W0449,Night,2025-02-23,8.0,1.0
W0449,Night,2025-03-19,9.0,1.125
W0449,Night,2025-04-11,6.0,0.75
W0449,Night,2025-04-16,6.0,0.75
W0449,Night,2025-04-24,7.0,0.875
W0449,Night,2025-05-02,8.0,1.0
W0449,Night,2025-05-04,15.0,1.875
W0449,Night,2025-05-09,6.0,0.75
W0449,Night,2025-05-17,10.0,1.25
W0449,Night,2025-06-05,6.0,0.75
W0449,Night,2025-06-17,6.0,0.75
W0449,Night,2025-06-24,9.0,1.125
W0450,Evening,2025-01-07,8.0,1.0
W0450,Evening,2025-02-04,10.0,1.25
W0450,Evening,2025-02-27,8.0,1.0
W0450,Evening,2025-03-02,10.0,1.25
W0450,Evening,2025-03-13,9.0,1.125
W0450,Evening,2025-03-16,9.0,1.125
W0450,Evening,2025-03-29,6.0,0.75
W0450,Evening,2025-06-01,8.0,1.0
W0450,Evening,2025-06-14,9.0,1.125
W0450,Morning,2025-03-03,9.0,1.125
W0450,Morning,2025-03-24,10.0,1.25
W0450,Morning,2025-04-19,9.0,1.125
W0450,Morning,2025-05-03,6.0,0.75
W0450,Morning,2025-06-24,6.0,0.75
W0450,Morning,2025-06-26,8.0,1.0
W0450,Night,2025-01-19,6.0,0.75
W0450,Night,2025-01-28,9.0,1.125
W0450,Night,2025-02-21,9.0,1.125
W0450,Night,2025-03-04,8.0,1.0
W0450,Night,2025-03-07,9.0,1.125
W0450,Night,2025-04-07,13.0,1.625
W0450,Night,2025-04-09,9.0,1.125
W0450,Night,2025-04-13,7.0,0.875
W0450,Night,2025-04-20,9.0,1.125
W0450,Night,2025-04-24,10.0,1.25
W0450,Night,2025-05-05,6.0,0.75
W0450,Night,2025-05-13,7.0,0.875
W0451,Evening,2025-02-06,9.0,1.125
W0451,Evening,2025-02-07,9.0,1.125
W0451,Evening,2025-03-26,7.0,0.875
W0451,Evening,2025-05-03,6.0,0.75
W0451,Evening,2025-05-07,6.0,0.75
W0451,Evening,2025-05-11,9.0,1.125
W0451,Evening,2025-06-07,9.0,1.125
W0451,Evening,2025-06-24,7.0,0.875
W0451,Evening,2025-06-27,9.0,1.125
W0451,Morning,2025-01-16,8.0,1.0
W0451,Morning,2025-01-19,10.0,1.25
W0451,Morning,2025-01-26,6.0,0.75
W0451,Morning,2025-02-17,9.0,1.125
W0451,Morning,2025-04-05,7.0,0.875
W0451,Morning,2025-04-08,6.0,0.75
W0451,Morning,2025-05-04,7.0,0.875
W0451,Morning,2025-05-05,6.0,0.75
W0451,Morning,2025-05-07,8.0,1.0
W0451,Morning,2025-05-10,10.0,1.25
W0451,Morning,2025-05-12,6.0,0.75
W0451,Morning,2025-05-18,9.0,1.125
W0451,Morning,2025-06-27,9.0,1.125
W0451,Night,2025-01-01,9.0,1.125
W0451,Night,2025-01-18,10.0,1.25
W0451,Night,2025-02-14,8.0,1.0
W0451,Night,2025-02-18,7.0,0.875
W0451,Night,2025-02-20,10.0,1.25
W0451,Night,2025-03-02,9.0,1.125
W0451,Night,2025-03-06,9.0,1.125
W0451,Night,2025-03-10,8.0,1.0
W0451,Night,2025-03-14,9.0,1.125
W0451,Night,2025-04-02,9.0,1.125
W0451,Night,2025-04-16,9.0,1.125
W0451,Night,2025-04-26,10.0,1.25
W0451,Night,2025-04-27,10.0,1.25
W0451,Night,2025-06-09,7.0,0.875
W0451,Night,2025-06-13,7.0,0.875
W0452,Evening,2025-01-01,10.0,1.25
W0452,Evening,2025-01-18,16.0,2.0
W0452,Evening,2025-03-23,7.0,0.875
W0452,Evening,2025-03-26,6.0,0.75
W0452,Evening,2025-04-02,7.0,0.875
W0452,Evening,2025-05-06,6.0,0.75
W0452,Evening,2025-06-17,6.0,0.75
W0452,Evening,2025-06-19,8.0,1.0
W0452,Evening,2025-06-22,7.0,0.875
W0452,Morning,2025-03-02,7.0,0.875
W0452,Morning,2025-05-12,10.0,1.25
W0452,Morning,2025-05-17,7.0,0.875
W0452,Morning,2025-05-20,8.0,1.0
W0452,Morning,2025-06-04,9.0,1.125
W0452,Night,2025-02-08,6.0,0.75
W0452,Night,2025-02-18,8.0,1.0
W0452,Night,2025-02-20,10.0,1.25
W0452,Night,2025-02-21,10.0,1.25
W0452,Night,2025-03-10,7.0,0.875
W0452,Night,2025-03-12,8.0,1.0
W0452,Night,2025-03-15,9.0,1.125
W0452,Night,2025-03-17,6.0,0.75
W0452,Night,2025-03-27,9.0,1.125
W0452,Night,2025-03-28,8.0,1.0
W0452,Night,2025-05-02,15.0,1.875
W0452,Night,2025-05-04,7.0,0.875
W0452,Night,2025-05-31,8.0,1.0
W0452,Night,2025-06-09,8.0,1.0
W0452,Night,2025-06-10,6.0,0.75
W0452,Night,2025-06-25,8.0,1.0
W0452,Night,2025-06-27,9.0,1.125
W0453,Evening,2025-01-05,8.0,1.0
W0453,Evening,2025-01-06,9.0,1.125
W0453,Evening,2025-01-16,8.0,1.0
W0453,Evening,2025-03-06,7.0,0.875
W0453,Evening,2025-03-20,6.0,0.75
W0453,Evening,2025-03-25,9.0,1.125
W0453,Evening,2025-06-05,6.0,0.75
W0453,Morning,2025-01-05,7.0,0.875
W0453,Morning,2025-01-30,10.0,1.25
W0453,Morning,2025-02-01,10.0,1.25
W0453,Morning,2025-02-19,9.0,1.125
W0453,Morning,2025-03-03,6.0,0.75
W0453,Morning,2025-03-21,7.0,0.875
W0453,Morning,2025-04-02,7.0,0.875
W0453,Morning,2025-05-13,9.0,1.125
W0453,Morning,2025-05-19,10.0,1.25
W0453,Morning,2025-06-26,7.0,0.875
W0453,Night,2025-01-25,8.0,1.0
W0453,Night,2025-02-02,9.0,1.125
W0453,Night,2025-02-21,6.0,0.75
W0453,Night,2025-03-01,9.0,1.125
W0453,Night,2025-03-06,6.0,0.75
W0453,Night,2025-03-10,7.0,0.875
W0453,Night,2025-03-28,6.0,0.75
W0453,Night,2025-04-03,10.0,1.25
W0453,Night,2025-04-15,8.0,1.0
W0453,Night,2025-04-17,6.0,0.75
W0453,Night,2025-05-10,10.0,1.25
W0453,Night,2025-05-21,6.0,0.75
W0453,Night,2025-06-03,9.0,1.125
W0453,Night,2025-06-07,6.0,0.75
W0453,Night,2025-06-18,10.0,1.25
W0453,Night,2025-06-23,7.0,0.875
W0454,Evening,2025-02-20,6.0,0.75
W0454,Evening,2025-04-16,6.0,0.75
W0454,Evening,2025-04-26,10.0,1.25
W0454,Evening,2025-06-18,7.0,0.875
W0454,Morning,2025-01-15,8.0,1.0
W0454,Morning,2025-01-24,9.0,1.125
W0454,Morning,2025-03-31,8.0,1.0
W0454,Morning,2025-04-14,8.0,1.0
W0454,Morning,2025-05-03,10.0,1.25
W0454,Morning,2025-05-05,7.0,0.875
W0454,Morning,2025-05-19,7.0,0.875
W0454,Morning,2025-05-26,6.0,0.75
W0454,Morning,2025-06-17,6.0,0.75
W0454,Morning,2025-06-18,9.0,1.125
W0454,Night,2025-01-01,6.0,0.75
W0454,Night,2025-01-22,7.0,0.875
W0454,Night,2025-01-26,10.0,1.25
W0454,Night,2025-01-31,6.0,0.75
W0454,Night,2025-02-10,7.0,0.875
W0454,Night,2025-02-28,6.0,0.75
W0454,Night,2025-03-05,9.0,1.125
W0454,Night,2025-03-08,10.0,1.25
W0454,Night,2025-03-20,10.0,1.25
W0454,Night,2025-04-15,6.0,0.75
W0454,Night,2025-05-04,8.0,1.0
W0454,Night,2025-05-09,7.0,0.875
W0454,Night,2025-06-17,6.0,0.75
W0454,Night,2025-06-18,10.0,1.25
W0455,Evening,2025-01-16,6.0,0.75
W0455,Evening,2025-02-07,6.0,0.75
W0455,Evening,2025-02-27,7.0,0.875
W0455,Evening,2025-03-01,6.0,0.75
W0455,Evening,2025-04-18,9.0,1.125
W0455,Evening,2025-05-14,7.0,0.875
W0455,Morning,2025-02-05,9.0,1.125
W0455,Morning,2025-02-09,10.0,1.25
W0455,Morning,2025-02-13,9.0,1.125
W0455,Morning,2025-03-05,8.0,1.0
W0455,Morning,2025-04-01,10.0,1.25
W0455,Morning,2025-04-11,10.0,1.25
W0455,Morning,2025-04-27,16.0,2.0
W0455,Morning,2025-05-30,6.0,0.75
W0455,Morning,2025-06-11,7.0,0.875
W0455,Night,2025-01-13,7.0,0.875
W0455,Night,2025-01-24,6.0,0.75
W0455,Night,2025-02-01,6.0,0.75
W0455,Night,2025-02-25,8.0,1.0
W0455,Night,2025-02-26,9.0,1.125
W0455,Night,2025-03-02,6.0,0.75
W0455,Night,2025-03-15,9.0,1.125
W0455,Night,2025-04-22,8.0,1.0
W0455,Night,2025-04-30,10.0,1.25
W0455,Night,2025-05-02,8.0,1.0
W0455,Night,2025-05-03,8.0,1.0
W0455,Night,2025-05-31,6.0,0.75
W0455,Night,2025-06-11,18.0,2.25
W0455,Night,2025-06-27,8.0,1.0
W0455,Night,2025-06-29,6.0,0.75
W0456,Evening,2025-02-02,9.0,1.125
W0456,Evening,2025-02-08,8.0,1.0
W0456,Evening,2025-03-17,9.0,1.125
W0456,Evening,2025-03-31,9.0,1.125
W0456,Evening,2025-04-04,7.0,0.875
W0456,Morning,2025-01-06,10.0,1.25
W0456,Morning,2025-03-22,6.0,0.75
W0456,Morning,2025-05-26,6.0,0.75
W0456,Morning,2025-06-05,6.0,0.75
W0456,Night,2025-01-08,10.0,1.25
W0456,Night,2025-02-05,7.0,0.875
W0456,Night,2025-03-21,9.0,1.125
W0456,Night,2025-03-31,9.0,1.125
W0456,Night,2025-04-06,9.0,1.125
W0456,Night,2025-04-07,6.0,0.75
W0456,Night,2025-04-12,6.0,0.75
W0456,Night,2025-04-19,10.0,1.25
W0456,Night,2025-04-22,8.0,1.0
W0456,Night,2025-04-26,6.0,0.75
W0456,Night,2025-05-25,7.0,0.875
W0456,Night,2025-06-27,8.0,1.0
W0457,Evening,2025-01-11,9.0,1.125
W0457,Evening,2025-03-05,8.0,1.0
W0457,Evening,2025-05-11,8.0,1.0
W0457,Morning,2025-01-01,9.0,1.125
W0457,Morning,2025-03-05,7.0,0.875
W0457,Morning,2025-03-21,9.0,1.125
W0457,Morning,2025-04-09,6.0,0.75
W0457,Morning,2025-05-19,8.0,1.0
W0457,Morning,2025-05-25,8.0,1.0
W0457,Night,2025-01-07,10.0,1.25
W0457,Night,2025-02-01,6.0,0.75
W0457,Night,2025-02-03,7.0,0.875
W0457,Night,2025-02-12,10.0,1.25
W0457,Night,2025-02-13,8.0,1.0
W0457,Night,2025-02-15,8.0,1.0
W0457,Night,2025-02-21,10.0,1.25
W0457,Night,2025-02-25,8.0,1.0
W0457,Night,2025-03-05,7.0,0.875
W0457,Night,2025-03-09,7.0,0.875
W0457,Night,2025-03-22,10.0,1.25
W0457,Night,2025-04-27,7.0,0.875
W0457,Night,2025-05-08,9.0,1.125
W0457,Night,2025-06-04,9.0,1.125
W0457,Night,2025-06-09,8.0,1.0
W0457,Night,2025-06-20,7.0,0.875
W0457,Night,2025-06-28,8.0,1.0
W0458,Evening,2025-01-27,9.0,1.125
W0458,Evening,2025-02-13,8.0,1.0
W0458,Evening,2025-02-26,10.0,1.25
W0458,Evening,2025-03-31,6.0,0.75
W0458,Evening,2025-04-20,9.0,1.125
W0458,Evening,2025-05-03,8.0,1.0
W0458,Evening,2025-06-12,9.0,1.125
W0458,Morning,2025-03-08,9.0,1.125
W0458,Morning,2025-04-06,10.0,1.25
W0458,Morning,2025-05-15,10.0,1.25
W0458,Morning,2025-06-04,7.0,0.875
W0458,Morning,2025-06-07,6.0,0.75
W0458,Night,2025-01-03,9.0,1.125
W0458,Night,2025-01-10,10.0,1.25
W0458,Night,2025-01-19,10.0,1.25
W0458,Night,2025-01-25,10.0,1.25
W0458,Night,2025-02-05,8.0,1.0
W0458,Night,2025-02-09,9.0,1.125
W0458,Night,2025-02-10,6.0,0.75
W0458,Night,2025-02-20,8.0,1.0
W0458,Night,2025-03-04,6.0,0.75
W0458,Night,2025-03-11,8.0,1.0
W0458,Night,2025-03-16,8.0,1.0
W0458,Night,2025-04-22,7.0,0.875
W0458,Night,2025-04-23,10.0,1.25
W0458,Night,2025-05-04,9.0,1.125
W0458,Night,2025-05-06,8.0,1.0
W0458,Night,2025-05-11,6.0,0.75
W0458,Night,2025-05-21,7.0,0.875
W0459,Evening,2025-01-27,10.0,1.25
W0459,Evening,2025-02-02,10.0,1.25
W0459,Evening,2025-02-09,9.0,1.125
W0459,Evening,2025-02-11,9.0,1.125
W0459,Evening,2025-02-14,10.0,1.25
W0459,Evening,2025-03-14,8.0,1.0
W0459,Evening,2025-03-22,6.0,0.75
W0459,Evening,2025-05-01,10.0,1.25
W0459,Morning,2025-01-24,7.0,0.875
W0459,Morning,2025-02-04,10.0,1.25
W0459,Morning,2025-03-21,10.0,1.25
W0459,Morning,2025-04-02,7.0,0.875
W0459,Morning,2025-04-13,10.0,1.25
W0459,Night,2025-01-03,8.0,1.0
W0459,Night,2025-01-17,7.0,0.875
W0459,Night,2025-01-25,7.0,0.875
W0459,Night,2025-02-05,7.0,0.875
W0459,Night,2025-02-23,6.0,0.75
W0459,Night,2025-03-06,8.0,1.0
W0459,Night,2025-03-16,8.0,1.0
W0459,Night,2025-03-17,10.0,1.25
W0459,Night,2025-03-22,7.0,0.875
W0459,Night,2025-04-01,10.0,1.25
W0459,Night,2025-04-06,9.0,1.125
W0459,Night,2025-04-19,9.0,1.125
W0459,Night,2025-04-24,6.0,0.75
W0459,Night,2025-05-21,7.0,0.875
W0459,Night,2025-05-26,6.0,0.75
W0459,Night,2025-05-28,9.0,1.125
W0459,Night,2025-05-30,8.0,1.0
W0459,Night,2025-05-31,8.0,1.0
W0459,Night,2025-06-08,6.0,0.75
W0459,Night,2025-06-21,6.0,0.75
W0459,Night,2025-06-23,9.0,1.125
W0460,Evening,2025-01-19,6.0,0.75
W0460,Evening,2025-03-26,6.0,0.75
W0460,Evening,2025-03-31,7.0,0.875
W0460,Evening,2025-05-30,9.0,1.125
W0460,Evening,2025-06-15,6.0,0.75
W0460,Morning,2025-01-29,8.0,1.0
W0460,Morning,2025-02-13,10.0,1.25
W0460,Morning,2025-03-15,8.0,1.0
W0460,Morning,2025-03-21,10.0,1.25
W0460,Morning,2025-04-19,10.0,1.25
W0460,Morning,2025-05-02,8.0,1.0
W0460,Morning,2025-05-03,7.0,0.875
W0460,Morning,2025-05-12,10.0,1.25
W0460,Morning,2025-05-16,10.0,1.25
W0460,Night,2025-01-06,7.0,0.875
W0460,Night,2025-01-08,6.0,0.75
W0460,Night,2025-01-20,9.0,1.125
W0460,Night,2025-01-26,10.0,1.25
W0460,Night,2025-01-30,9.0,1.125
W0460,Night,2025-02-05,6.0,0.75
W0460,Night,2025-02-10,7.0,0.875
W0460,Night,2025-02-25,10.0,1.25
W0460,Night,2025-03-08,9.0,1.125
W0460,Night,2025-03-16,8.0,1.0
W0460,Night,2025-03-18,9.0,1.125
W0460,Night,2025-03-29,6.0,0.75
W0460,Night,2025-04-09,8.0,1.0
W0460,Night,2025-04-28,10.0,1.25
W0460,Night,2025-05-04,6.0,0.75
W0460,Night,2025-05-08,10.0,1.25
W0460,Night,2025-05-11,6.0,0.75
W0460,Night,2025-06-28,6.0,0.75
W0461,Evening,2025-01-08,7.0,0.875
W0461,Evening,2025-01-10,8.0,1.0
W0461,Evening,2025-01-12,10.0,1.25
W0461,Evening,2025-02-05,8.0,1.0
W0461,Evening,2025-03-19,9.0,1.125
W0461,Evening,2025-03-26,8.0,1.0
W0461,Evening,2025-04-26,8.0,1.0
W0461,Evening,2025-05-24,8.0,1.0
W0461,Evening,2025-05-26,8.0,1.0
W0461,Evening,2025-06-12,6.0,0.75
W0461,Morning,2025-01-14,8.0,1.0
W0461,Morning,2025-02-04,7.0,0.875
W0461,Morning,2025-03-18,8.0,1.0
W0461,Morning,2025-03-30,12.0,1.5
W0461,Morning,2025-04-05,10.0,1.25
W0461,Morning,2025-06-13,8.0,1.0
W0461,Night,2025-01-22,8.0,1.0
W0461,Night,2025-02-05,6.0,0.75
W0461,Night,2025-02-07,8.0,1.0
W0461,Night,2025-02-26,6.0,0.75
W0461,Night,2025-02-28,7.0,0.875
W0461,Night,2025-03-23,19.0,2.375
W0461,Night,2025-04-01,6.0,0.75
W0461,Night,2025-04-07,9.0,1.125
W0461,Night,2025-04-15,9.0,1.125
W0461,Night,2025-04-16,9.0,1.125
W0461,Night,2025-05-04,10.0,1.25
W0461,Night,2025-05-10,8.0,1.0
W0461,Night,2025-06-19,8.0,1.0
W0461,Night,2025-06-28,8.0,1.0
W0462,Evening,2025-01-09,9.0,1.125
W0462,Evening,2025-01-23,7.0,0.875
W0462,Evening,2025-03-04,8.0,1.0
W0462,Evening,2025-03-05,9.0,1.125
W0462,Evening,2025-03-07,8.0,1.0
W0462,Evening,2025-05-02,8.0,1.0
W0462,Evening,2025-05-24,9.0,1.125
W0462,Evening,2025-06-16,7.0,0.875
W0462,Evening,2025-06-18,8.0,1.0
W0462,Morning,2025-01-19,10.0,1.25
W0462,Morning,2025-01-22,6.0,0.75
W0462,Morning,2025-01-26,8.0,1.0
W0462,Morning,2025-01-29,7.0,0.875
W0462,Morning,2025-02-09,8.0,1.0
W0462,Morning,2025-03-05,7.0,0.875
W0462,Morning,2025-03-14,7.0,0.875
W0462,Morning,2025-03-18,7.0,0.875
W0462,Morning,2025-04-28,8.0,1.0
W0462,Morning,2025-05-12,10.0,1.25
W0462,Morning,2025-05-26,7.0,0.875
W0462,Morning,2025-06-03,10.0,1.25
W0462,Morning,2025-06-04,8.0,1.0
W0462,Morning,2025-06-17,6.0,0.75
W0462,Night,2025-01-12,9.0,1.125
W0462,Night,2025-01-21,7.0,0.875
W0462,Night,2025-02-05,9.0,1.125
W0462,Night,2025-03-03,7.0,0.875
W0462,Night,2025-03-17,8.0,1.0
W0462,Night,2025-04-08,10.0,1.25
W0462,Night,2025-05-05,10.0,1.25
W0462,Night,2025-05-11,8.0,1.0
W0462,Night,2025-05-15,7.0,0.875
W0462,Night,2025-05-16,8.0,1.0
W0462,Night,2025-06-09,8.0,1.0
W0462,Night,2025-06-28,7.0,0.875
W0463,Evening,2025-04-14,10.0,1.25
W0463,Evening,2025-04-24,6.0,0.75
W0463,Evening,2025-06-02,10.0,1.25
W0463,Morning,2025-03-24,8.0,1.0
W0463,Morning,2025-03-26,6.0,0.75
W0463,Morning,2025-05-03,8.0,1.0
W0463,Morning,2025-06-20,9.0,1.125
W0463,Morning,2025-06-23,6.0,0.75
W0463,Night,2025-01-03,10.0,1.25
W0463,Night,2025-01-06,7.0,0.875
W0463,Night,2025-01-14,10.0,1.25
W0463,Night,2025-01-23,10.0,1.25
W0463,Night,2025-02-05,9.0,1.125
W0463,Night,2025-03-08,7.0,0.875
W0463,Night,2025-03-22,9.0,1.125
W0463,Night,2025-04-06,9.0,1.125
W0463,Night,2025-04-23,9.0,1.125
W0463,Night,2025-05-01,7.0,0.875
W0463,Night,2025-05-20,9.0,1.125
W0463,Night,2025-05-24,9.0,1.125
W0463,Night,2025-06-09,7.0,0.875
W0463,Night,2025-06-16,10.0,1.25
W0463,Night,2025-06-19,8.0,1.0
W0464,Evening,2025-02-18,8.0,1.0
W0464,Evening,2025-04-10,6.0,0.75
W0464,Evening,2025-04-14,10.0,1.25
W0464,Evening,2025-04-28,8.0,1.0
W0464,Evening,2025-05-03,10.0,1.25
W0464,Evening,2025-06-29,7.0,0.875
W0464,Morning,2025-01-13,9.0,1.125
W0464,Morning,2025-01-25,8.0,1.0
W0464,Morning,2025-01-28,8.0,1.0
W0464,Morning,2025-02-09,8.0,1.0
W0464,Morning,2025-02-10,9.0,1.125
W0464,Morning,2025-03-17,10.0,1.25
W0464,Morning,2025-05-29,9.0,1.125
W0464,Morning,2025-06-22,18.0,2.25
W0464,Morning,2025-06-26,6.0,0.75
W0464,Night,2025-01-06,9.0,1.125
W0464,Night,2025-01-21,8.0,1.0
W0464,Night,2025-02-06,6.0,0.75
W0464,Night,2025-02-16,6.0,0.75
W0464,Night,2025-03-02,8.0,1.0
W0464,Night,2025-04-05,10.0,1.25
W0464,Night,2025-04-07,7.0,0.875
W0464,Night,2025-05-04,7.0,0.875
W0464,Night,2025-06-11,6.0,0.75
W0465,Evening,2025-01-10,8.0,1.0
W0465,Evening,2025-02-13,9.0,1.125
W0465,Evening,2025-02-20,6.0,0.75
W0465,Evening,2025-03-06,6.0,0.75
W0465,Evening,2025-03-08,9.0,1.125
W0465,Evening,2025-03-21,10.0,1.25
W0465,Evening,2025-05-16,9.0,1.125
W0465,Evening,2025-05-26,10.0,1.25
W0465,Evening,2025-05-28,9.0,1.125
W0465,Evening,2025-05-30,7.0,0.875
W0465,Evening,2025-06-08,7.0,0.875
W0465,Evening,2025-06-17,9.0,1.125
W0465,Evening,2025-06-28,7.0,0.875
W0465,Morning,2025-01-12,6.0,0.75
W0465,Morning,2025-03-25,10.0,1.25
W0465,Morning,2025-04-08,9.0,1.125
W0465,Morning,2025-04-24,8.0,1.0
W0465,Morning,2025-06-14,9.0,1.125
W0465,Night,2025-02-01,8.0,1.0
W0465,Night,2025-02-06,9.0,1.125
W0465,Night,2025-02-16,6.0,0.75
W0465,Night,2025-02-20,10.0,1.25
W0465,Night,2025-02-28,9.0,1.125
W0465,Night,2025-03-13,9.0,1.125
W0465,Night,2025-04-02,9.0,1.125
W0465,Night,2025-04-17,10.0,1.25
W0465,Night,2025-06-06,9.0,1.125
W0465,Night,2025-06-21,7.0,0.875
W0465,Night,2025-06-29,6.0,0.75
W0466,Evening,2025-02-13,10.0,1.25
W0466,Evening,2025-04-21,7.0,0.875
W0466,Evening,2025-06-07,9.0,1.125
W0466,Morning,2025-04-07,6.0,0.75
W0466,Morning,2025-05-13,17.0,2.125
W0466,Morning,2025-05-26,9.0,1.125
W0466,Morning,2025-06-01,10.0,1.25
W0466,Morning,2025-06-08,7.0,0.875
W0466,Morning,2025-06-17,6.0,0.75
W0466,Morning,2025-06-18,9.0,1.125
W0466,Night,2025-02-06,8.0,1.0
W0466,Night,2025-02-16,9.0,1.125
W0466,Night,2025-03-14,8.0,1.0
W0466,Night,2025-04-07,8.0,1.0
W0466,Night,2025-04-22,9.0,1.125
W0466,Night,2025-04-27,7.0,0.875
W0466,Night,2025-05-25,16.0,2.0
W0466,Night,2025-06-07,9.0,1.125
W0466,Night,2025-06-16,6.0,0.75
W0466,Night,2025-06-19,6.0,0.75
W0466,Night,2025-06-22,8.0,1.0
W0466,Night,2025-06-23,7.0,0.875
W0467,Evening,2025-01-05,10.0,1.25
W0467,Evening,2025-01-19,8.0,1.0
W0467,Evening,2025-01-27,7.0,0.875
W0467,Evening,2025-02-08,8.0,1.0
W0467,Evening,2025-03-31,9.0,1.125
W0467,Evening,2025-05-03,10.0,1.25
W0467,Evening,2025-05-18,7.0,0.875
W0467,Morning,2025-01-06,10.0,1.25
W0467,Morning,2025-01-16,9.0,1.125
W0467,Morning,2025-04-10,7.0,0.875
W0467,Morning,2025-05-08,8.0,1.0
W0467,Morning,2025-05-18,10.0,1.25
W0467,Morning,2025-05-24,9.0,1.125
W0467,Morning,2025-05-27,7.0,0.875
W0467,Morning,2025-06-15,8.0,1.0
W0467,Morning,2025-06-20,10.0,1.25
W0467,Morning,2025-06-25,6.0,0.75
W0467,Night,2025-01-09,10.0,1.25
W0467,Night,2025-01-26,10.0,1.25
W0467,Night,2025-01-29,7.0,0.875
W0467,Night,2025-02-18,10.0,1.25
W0467,Night,2025-03-09,8.0,1.0
W0467,Night,2025-03-25,8.0,1.0
W0467,Night,2025-03-27,7.0,0.875
W0467,Night,2025-04-11,7.0,0.875
W0467,Night,2025-05-01,7.0,0.875
W0467,Night,2025-05-03,7.0,0.875
W0467,Night,2025-05-15,10.0,1.25
W0467,Night,2025-05-20,10.0,1.25
W0467,Night,2025-06-05,9.0,1.125
W0468,Evening,2025-01-01,6.0,0.75
W0468,Evening,2025-03-21,9.0,1.125
W0468,Evening,2025-03-26,8.0,1.0
W0468,Evening,2025-03-30,7.0,0.875
W0468,Evening,2025-04-05,9.0,1.125
W0468,Evening,2025-06-23,10.0,1.25
W0468,Morning,2025-01-01,7.0,0.875
W0468,Morning,2025-01-12,9.0,1.125
W0468,Morning,2025-01-23,8.0,1.0
W0468,Morning,2025-02-09,8.0,1.0
W0468,Morning,2025-04-12,8.0,1.0
W0468,Morning,2025-05-10,9.0,1.125
W0468,Morning,2025-06-03,9.0,1.125
W0468,Night,2025-01-09,22.0,2.75
W0468,Night,2025-01-19,8.0,1.0
W0468,Night,2025-01-20,7.0,0.875
W0468,Night,2025-01-27,7.0,0.875
W0468,Night,2025-01-28,8.0,1.0
W0468,Night,2025-02-14,9.0,1.125
W0468,Night,2025-03-15,9.0,1.125
W0468,Night,2025-03-20,16.0,2.0
W0468,Night,2025-03-27,6.0,0.75
W0468,Night,2025-04-01,7.0,0.875
W0468,Night,2025-04-03,8.0,1.0
W0468,Night,2025-04-12,6.0,0.75
W0468,Night,2025-04-13,8.0,1.0
W0468,Night,2025-05-09,18.0,2.25
W0468,Night,2025-05-20,8.0,1.0
W0468,Night,2025-05-29,9.0,1.125
W0468,Night,2025-05-30,8.0,1.0
W0468,Night,2025-06-28,9.0,1.125
W0469,Evening,2025-02-07,7.0,0.875
W0469,Evening,2025-02-26,9.0,1.125
W0469,Evening,2025-03-05,9.0,1.125
W0469,Morning,2025-03-28,7.0,0.875
W0469,Morning,2025-04-06,9.0,1.125
W0469,Morning,2025-04-24,10.0,1.25
W0469,Morning,2025-05-11,8.0,1.0
W0469,Morning,2025-05-12,6.0,0.75
W0469,Morning,2025-05-30,9.0,1.125
W0469,Morning,2025-06-20,10.0,1.25
W0469,Morning,2025-06-26,10.0,1.25
W0469,Night,2025-01-10,9.0,1.125
W0469,Night,2025-01-29,6.0,0.75
W0469,Night,2025-02-17,7.0,0.875
W0469,Night,2025-02-24,7.0,0.875
W0469,Night,2025-03-03,8.0,1.0
W0469,Night,2025-03-13,8.0,1.0
W0469,Night,2025-03-17,7.0,0.875
W0469,Night,2025-04-23,9.0,1.125
W0469,Night,2025-05-01,6.0,0.75
W0469,Night,2025-05-05,19.0,2.375
W0469,Night,2025-06-06,6.0,0.75
W0469,Night,2025-06-16,8.0,1.0
W0469,Night,2025-06-24,10.0,1.25
W0470,Evening,2025-02-12,9.0,1.125
W0470,Evening,2025-02-17,8.0,1.0
W0470,Evening,2025-02-19,6.0,0.75
W0470,Evening,2025-03-02,9.0,1.125
W0470,Evening,2025-03-08,9.0,1.125
W0470,Evening,2025-04-04,9.0,1.125
W0470,Evening,2025-05-28,8.0,1.0
W0470,Evening,2025-06-22,8.0,1.0
W0470,Evening,2025-06-25,9.0,1.125
W0470,Morning,2025-01-03,9.0,1.125
W0470,Morning,2025-01-25,7.0,0.875
W0470,Morning,2025-02-20,9.0,1.125
W0470,Morning,2025-03-29,6.0,0.75
W0470,Morning,2025-04-21,7.0,0.875
W0470,Morning,2025-05-11,8.0,1.0
W0470,Morning,2025-05-15,7.0,0.875
W0470,Morning,2025-05-16,10.0,1.25
W0470,Morning,2025-05-20,10.0,1.25
W0470,Morning,2025-06-04,9.0,1.125
W0470,Night,2025-01-11,9.0,1.125
W0470,Night,2025-02-03,10.0,1.25
W0470,Night,2025-02-08,6.0,0.75
W0470,Night,2025-04-05,6.0,0.75
W0470,Night,2025-05-03,10.0,1.25
W0470,Night,2025-05-28,8.0,1.0
W0470,Night,2025-05-30,10.0,1.25
W0470,Night,2025-05-31,7.0,0.875
W0470,Night,2025-06-07,7.0,0.875
W0470,Night,2025-06-08,6.0,0.75
W0470,Night,2025-06-22,7.0,0.875
W0471,Evening,2025-01-06,8.0,1.0
W0471,Evening,2025-01-07,8.0,1.0
W0471,Evening,2025-02-02,6.0,0.75
W0471,Evening,2025-02-14,7.0,0.875
W0471,Evening,2025-03-02,10.0,1.25
W0471,Evening,2025-03-24,9.0,1.125
W0471,Evening,2025-04-04,10.0,1.25
W0471,Evening,2025-04-10,9.0,1.125
W0471,Evening,2025-04-26,6.0,0.75
W0471,Evening,2025-05-13,8.0,1.0
W0471,Evening,2025-06-24,10.0,1.25
W0471,Morning,2025-02-11,9.0,1.125
W0471,Morning,2025-03-14,8.0,1.0
W0471,Morning,2025-03-27,10.0,1.25
W0471,Morning,2025-04-03,10.0,1.25
W0471,Morning,2025-04-05,8.0,1.0
W0471,Morning,2025-05-05,8.0,1.0
W0471,Morning,2025-05-14,9.0,1.125
W0471,Morning,2025-06-06,9.0,1.125
W0471,Morning,2025-06-25,7.0,0.875
W0471,Night,2025-01-05,8.0,1.0
W0471,Night,2025-01-07,7.0,0.875
W0471,Night,2025-01-12,8.0,1.0
W0471,Night,2025-01-13,7.0,0.875
W0471,Night,2025-01-26,10.0,1.25
W0471,Night,2025-02-05,10.0,1.25
W0471,Night,2025-02-17,7.0,0.875
W0471,Night,2025-02-23,9.0,1.125
W0471,Night,2025-02-24,6.0,0.75
W0471,Night,2025-04-05,9.0,1.125
W0471,Night,2025-04-06,8.0,1.0
W0471,Night,2025-04-27,7.0,0.875
W0471,Night,2025-05-06,10.0,1.25
W0471,Night,2025-06-14,9.0,1.125
W0472,Evening,2025-01-03,16.0,2.0
W0472,Evening,2025-02-10,9.0,1.125
W0472,Evening,2025-02-22,7.0,0.875
W0472,Evening,2025-03-10,6.0,0.75
W0472,Evening,2025-04-24,10.0,1.25
W0472,Morning,2025-01-28,6.0,0.75
W0472,Morning,2025-01-31,6.0,0.75
W0472,Morning,2025-02-09,10.0,1.25
W0472,Morning,2025-03-23,8.0,1.0
W0472,Morning,2025-04-03,8.0,1.0
W0472,Morning,2025-04-10,7.0,0.875
W0472,Morning,2025-04-14,7.0,0.875
W0472,Morning,2025-05-28,10.0,1.25
W0472,Morning,2025-06-11,9.0,1.125
W0472,Morning,2025-06-28,9.0,1.125
W0472,Night,2025-01-10,9.0,1.125
W0472,Night,2025-01-17,10.0,1.25
W0472,Night,2025-01-18,8.0,1.0
W0472,Night,2025-02-09,10.0,1.25
W0472,Night,2025-02-11,10.0,1.25
W0472,Night,2025-02-20,8.0,1.0
W0472,Night,2025-03-18,7.0,0.875
W0472,Night,2025-04-02,7.0,0.875
W0472,Night,2025-04-11,8.0,1.0
W0472,Night,2025-04-15,8.0,1.0
W0472,Night,2025-04-17,9.0,1.125
W0472,Night,2025-05-03,6.0,0.75
W0472,Night,2025-05-20,7.0,0.875
W0472,Night,2025-05-23,8.0,1.0
W0472,Night,2025-06-08,10.0,1.25
W0472,Night,2025-06-11,10.0,1.25
W0472,Night,2025-06-16,9.0,1.125
W0473,Evening,2025-01-16,8.0,1.0
W0473,Evening,2025-02-20,7.0,0.875
W0473,Evening,2025-03-04,6.0,0.75
W0473,Evening,2025-03-09,7.0,0.875
W0473,Evening,2025-03-16,6.0,0.75
W0473,Evening,2025-04-07,7.0,0.875
W0473,Evening,2025-04-28,8.0,1.0
W0473,Evening,2025-04-30,10.0,1.25
W0473,Evening,2025-05-13,7.0,0.875
W0473,Evening,2025-05-24,9.0,1.125
W0473,Evening,2025-06-21,8.0,1.0
W0473,Morning,2025-01-01,9.0,1.125
W0473,Morning,2025-02-04,10.0,1.25
W0473,Morning,2025-06-16,6.0,0.75
W0473,Night,2025-02-08,7.0,0.875
W0473,Night,2025-02-13,8.0,1.0
W0473,Night,2025-02-25,7.0,0.875
W0473,Night,2025-03-28,10.0,1.25
W0473,Night,2025-04-05,7.0,0.875
W0473,Night,2025-04-11,10.0,1.25
W0473,Night,2025-04-16,9.0,1.125
W0473,Night,2025-05-08,10.0,1.25
W0473,Night,2025-05-23,7.0,0.875
W0473,Night,2025-06-02,8.0,1.0
W0473,Night,2025-06-14,8.0,1.0
W0473,Night,2025-06-25,9.0,1.125
W0474,Evening,2025-01-28,7.0,0.875
W0474,Evening,2025-03-03,10.0,1.25
W0474,Evening,2025-03-20,6.0,0.75
W0474,Evening,2025-04-05,6.0,0.75
W0474,Evening,2025-04-26,9.0,1.125
W0474,Evening,2025-04-27,8.0,1.0
W0474,Evening,2025-05-21,10.0,1.25
W0474,Morning,2025-02-05,10.0,1.25
W0474,Morning,2025-02-22,10.0,1.25
W0474,Morning,2025-03-12,10.0,1.25
W0474,Morning,2025-04-05,10.0,1.25
W0474,Morning,2025-04-21,8.0,1.0
W0474,Morning,2025-05-07,7.0,0.875
W0474,Morning,2025-05-10,8.0,1.0
W0474,Morning,2025-06-25,9.0,1.125
W0474,Night,2025-01-01,6.0,0.75
W0474,Night,2025-01-11,9.0,1.125
W0474,Night,2025-02-25,9.0,1.125
W0474,Night,2025-03-17,7.0,0.875
W0474,Night,2025-03-27,8.0,1.0
W0474,Night,2025-03-28,7.0,0.875
W0474,Night,2025-04-04,16.0,2.0
W0474,Night,2025-04-17,8.0,1.0
W0474,Night,2025-04-18,6.0,0.75
W0474,Night,2025-05-12,7.0,0.875
W0474,Night,2025-05-23,7.0,0.875
W0474,Night,2025-05-25,7.0,0.875
W0474,Night,2025-05-30,6.0,0.75
W0474,Night,2025-06-12,7.0,0.875
W0474,Night,2025-06-13,7.0,0.875
W0474,Night,2025-06-17,9.0,1.125
W0474,Night,2025-06-22,6.0,0.75
W0474,Night,2025-06-28,10.0,1.25
W0475,Evening,2025-02-23,7.0,0.875
W0475,Evening,2025-03-06,6.0,0.75
W0475,Evening,2025-03-10,9.0,1.125
W0475,Evening,2025-03-14,9.0,1.125
W0475,Evening,2025-03-27,6.0,0.75
W0475,Evening,2025-03-28,7.0,0.875
W0475,Evening,2025-04-02,6.0,0.75
W0475,Evening,2025-04-10,6.0,0.75
W0475,Evening,2025-04-12,9.0,1.125
W0475,Evening,2025-04-25,7.0,0.875
W0475,Evening,2025-05-24,8.0,1.0
W0475,Evening,2025-06-25,8.0,1.0
W0475,Morning,2025-01-06,7.0,0.875
W0475,Morning,2025-01-22,8.0,1.0
W0475,Morning,2025-01-30,27.0,3.375
W0475,Morning,2025-02-05,8.0,1.0
W0475,Morning,2025-02-17,6.0,0.75
W0475,Morning,2025-02-24,6.0,0.75
W0475,Morning,2025-02-27,9.0,1.125
W0475,Morning,2025-03-23,7.0,0.875
W0475,Morning,2025-03-25,7.0,0.875
W0475,Morning,2025-04-08,8.0,1.0
W0475,Morning,2025-04-21,7.0,0.875
W0475,Morning,2025-04-29,8.0,1.0
W0475,Morning,2025-05-26,8.0,1.0
W0475,Night,2025-01-15,6.0,0.75
W0475,Night,2025-01-19,8.0,1.0
W0475,Night,2025-01-27,7.0,0.875
W0475,Night,2025-02-06,8.0,1.0
W0475,Night,2025-02-10,7.0,0.875
W0475,Night,2025-03-10,10.0,1.25
W0475,Night,2025-03-14,8.0,1.0
W0475,Night,2025-03-20,7.0,0.875
W0475,Night,2025-03-21,6.0,0.75
W0475,Night,2025-03-29,10.0,1.25
W0475,Night,2025-04-09,6.0,0.75
W0475,Night,2025-05-29,10.0,1.25
W0475,Night,2025-06-07,8.0,1.0
W0475,Night,2025-06-09,6.0,0.75
W0476,Evening,2025-01-03,9.0,1.125
W0476,Evening,2025-02-01,7.0,0.875
W0476,Evening,2025-03-17,7.0,0.875
W0476,Evening,2025-04-04,7.0,0.875
W0476,Evening,2025-05-01,7.0,0.875
W0476,Evening,2025-05-25,7.0,0.875
W0476,Evening,2025-06-04,9.0,1.125
W0476,Evening,2025-06-10,10.0,1.25
W0476,Evening,2025-06-11,10.0,1.25
W0476,Morning,2025-01-24,10.0,1.25
W0476,Morning,2025-01-29,7.0,0.875
W0476,Morning,2025-02-17,9.0,1.125
W0476,Morning,2025-03-11,9.0,1.125
W0476,Morning,2025-03-25,10.0,1.25
W0476,Morning,2025-04-12,7.0,0.875
W0476,Morning,2025-04-28,9.0,1.125
W0476,Morning,2025-06-03,9.0,1.125
W0476,Morning,2025-06-11,6.0,0.75
W0476,Morning,2025-06-13,10.0,1.25
W0476,Morning,2025-06-28,10.0,1.25
W0476,Night,2025-01-15,9.0,1.125
W0476,Night,2025-01-19,6.0,0.75
W0476,Night,2025-01-31,10.0,1.25
W0476,Night,2025-02-08,10.0,1.25
W0476,Night,2025-02-20,9.0,1.125
W0476,Night,2025-03-05,7.0,0.875
W0476,Night,2025-03-10,8.0,1.0
W0476,Night,2025-03-19,7.0,0.875
W0476,Night,2025-03-22,7.0,0.875
W0476,Night,2025-03-29,6.0,0.75
W0476,Night,2025-04-08,7.0,0.875
W0476,Night,2025-04-19,7.0,0.875
W0476,Night,2025-05-27,9.0,1.125
W0476,Night,2025-06-03,10.0,1.25
W0476,Night,2025-06-29,6.0,0.75
W0477,Evening,2025-01-17,7.0,0.875
W0477,Evening,2025-05-31,10.0,1.25
W0477,Evening,2025-06-14,7.0,0.875
W0477,Morning,2025-01-24,6.0,0.75
W0477,Morning,2025-01-30,10.0,1.25
W0477,Morning,2025-02-06,8.0,1.0
W0477,Morning,2025-03-10,8.0,1.0
W0477,Morning,2025-03-21,10.0,1.25
W0477,Morning,2025-04-16,6.0,0.75
W0477,Morning,2025-04-29,6.0,0.75
W0477,Morning,2025-05-27,9.0,1.125
W0477,Morning,2025-05-30,6.0,0.75
W0477,Morning,2025-06-07,9.0,1.125
W0477,Morning,2025-06-13,6.0,0.75
W0477,Morning,2025-06-14,8.0,1.0
W0477,Morning,2025-06-24,7.0,0.875
W0477,Morning,2025-06-25,6.0,0.75
W0477,Night,2025-01-13,10.0,1.25
W0477,Night,2025-01-21,6.0,0.75
W0477,Night,2025-01-22,9.0,1.125
W0477,Night,2025-01-26,6.0,0.75
W0477,Night,2025-03-05,10.0,1.25
W0477,Night,2025-04-07,9.0,1.125
W0477,Night,2025-05-10,10.0,1.25
W0477,Night,2025-05-13,10.0,1.25
W0477,Night,2025-05-29,8.0,1.0
W0477,Night,2025-06-02,18.0,2.25
W0477,Night,2025-06-08,10.0,1.25
W0478,Evening,2025-01-01,6.0,0.75
W0478,Evening,2025-01-11,6.0,0.75
W0478,Evening,2025-01-17,8.0,1.0
W0478,Evening,2025-03-09,10.0,1.25
W0478,Evening,2025-03-19,6.0,0.75
W0478,Evening,2025-03-22,9.0,1.125
W0478,Evening,2025-03-24,6.0,0.75
W0478,Evening,2025-04-19,6.0,0.75
W0478,Evening,2025-04-22,10.0,1.25
W0478,Evening,2025-04-29,6.0,0.75
W0478,Evening,2025-06-08,9.0,1.125
W0478,Evening,2025-06-29,6.0,0.75
W0478,Morning,2025-01-04,7.0,0.875
W0478,Morning,2025-01-18,8.0,1.0
W0478,Morning,2025-02-03,8.0,1.0
W0478,Morning,2025-03-22,8.0,1.0
W0478,Morning,2025-04-04,7.0,0.875
W0478,Morning,2025-05-17,8.0,1.0
W0478,Night,2025-01-13,6.0,0.75
W0478,Night,2025-01-22,8.0,1.0
W0478,Night,2025-01-27,8.0,1.0
W0478,Night,2025-01-28,6.0,0.75
W0478,Night,2025-02-11,7.0,0.875
W0478,Night,2025-03-04,7.0,0.875
W0478,Night,2025-03-27,8.0,1.0
W0478,Night,2025-03-29,7.0,0.875
W0478,Night,2025-03-31,6.0,0.75
W0478,Night,2025-04-20,10.0,1.25
W0478,Night,2025-04-30,7.0,0.875
W0478,Night,2025-05-18,6.0,0.75
W0478,Night,2025-05-21,8.0,1.0
W0478,Night,2025-06-07,7.0,0.875
W0478,Night,2025-06-18,9.0,1.125
W0478,Night,2025-06-21,9.0,1.125
W0478,Night,2025-06-29,6.0,0.75
W0479,Evening,2025-01-28,8.0,1.0
W0479,Evening,2025-04-14,7.0,0.875
W0479,Morning,2025-01-05,7.0,0.875
W0479,Morning,2025-01-10,9.0,1.125
W0479,Morning,2025-02-04,10.0,1.25
W0479,Morning,2025-03-14,6.0,0.75
W0479,Morning,2025-03-31,17.0,2.125
W0479,Morning,2025-04-26,6.0,0.75
W0479,Morning,2025-05-12,9.0,1.125
W0479,Morning,2025-06-05,9.0,1.125
W0479,Night,2025-01-05,9.0,1.125
W0479,Night,2025-01-11,9.0,1.125
W0479,Night,2025-02-01,7.0,0.875
W0479,Night,2025-02-02,9.0,1.125
W0479,Night,2025-02-10,9.0,1.125
W0479,Night,2025-03-06,10.0,1.25
W0479,Night,2025-03-13,6.0,0.75
W0479,Night,2025-03-26,10.0,1.25
W0479,Night,2025-04-10,7.0,0.875
W0479,Night,2025-05-06,10.0,1.25
W0479,Night,2025-05-30,8.0,1.0
W0479,Night,2025-06-14,10.0,1.25
W0480,Evening,2025-01-04,6.0,0.75
W0480,Evening,2025-02-28,8.0,1.0
W0480,Evening,2025-03-06,9.0,1.125
W0480,Evening,2025-03-13,6.0,0.75
W0480,Evening,2025-03-25,10.0,1.25
W0480,Evening,2025-04-16,8.0,1.0
W0480,Evening,2025-04-18,9.0,1.125
W0480,Evening,2025-04-29,7.0,0.875
W0480,Evening,2025-06-16,10.0,1.25
W0480,Morning,2025-01-15,6.0,0.75
W0480,Morning,2025-02-19,8.0,1.0
W0480,Morning,2025-02-23,6.0,0.75
W0480,Morning,2025-03-11,6.0,0.75
W0480,Morning,2025-03-12,6.0,0.75
W0480,Morning,2025-03-23,7.0,0.875
W0480,Morning,2025-04-29,7.0,0.875
W0480,Morning,2025-05-09,7.0,0.875
W0480,Morning,2025-05-14,9.0,1.125
W0480,Morning,2025-05-17,6.0,0.75
W0480,Morning,2025-06-09,6.0,0.75
W0480,Morning,2025-06-16,8.0,1.0
W0480,Morning,2025-06-23,6.0,0.75
W0480,Night,2025-01-02,10.0,1.25
W0480,Night,2025-01-08,7.0,0.875
W0480,Night,2025-01-12,7.0,0.875
W0480,Night,2025-01-18,10.0,1.25
W0480,Night,2025-01-29,10.0,1.25
W0480,Night,2025-03-04,7.0,0.875
W0480,Night,2025-03-07,8.0,1.0
W0480,Night,2025-03-10,8.0,1.0
W0480,Night,2025-03-18,9.0,1.125
W0480,Night,2025-04-11,6.0,0.75
W0480,Night,2025-04-22,6.0,0.75
W0480,Night,2025-04-27,9.0,1.125
W0480,Night,2025-05-03,6.0,0.75
W0480,Night,2025-05-06,8.0,1.0
W0480,Night,2025-05-21,7.0,0.875
W0480,Night,2025-05-25,9.0,1.125
W0480,Night,2025-06-20,8.0,1.0
W0481,Evening,2025-01-26,7.0,0.875
W0481,Evening,2025-02-23,8.0,1.0
W0481,Evening,2025-03-21,10.0,1.25
W0481,Evening,2025-04-10,9.0,1.125
W0481,Evening,2025-04-13,9.0,1.125
W0481,Evening,2025-04-19,6.0,0.75
W0481,Evening,2025-05-01,8.0,1.0
W0481,Evening,2025-05-02,10.0,1.25
W0481,Evening,2025-05-10,9.0,1.125
W0481,Evening,2025-05-29,6.0,0.75
W0481,Morning,2025-01-02,7.0,0.875
W0481,Morning,2025-01-03,9.0,1.125
W0481,Morning,2025-01-18,9.0,1.125
W0481,Morning,2025-02-19,8.0,1.0
W0481,Morning,2025-03-18,8.0,1.0
W0481,Morning,2025-05-15,7.0,0.875
W0481,Night,2025-01-03,10.0,1.25
W0481,Night,2025-01-17,9.0,1.125
W0481,Night,2025-01-26,7.0,0.875
W0481,Night,2025-02-28,10.0,1.25
W0481,Night,2025-03-04,8.0,1.0
W0481,Night,2025-03-26,9.0,1.125
W0481,Night,2025-04-21,10.0,1.25
W0481,Night,2025-05-06,8.0,1.0
W0481,Night,2025-05-13,15.0,1.875
W0481,Night,2025-05-14,7.0,0.875
W0481,Night,2025-05-27,9.0,1.125
W0481,Night,2025-05-28,8.0,1.0
W0481,Night,2025-06-15,7.0,0.875
W0481,Night,2025-06-19,6.0,0.75
W0481,Night,2025-06-26,7.0,0.875
W0482,Evening,2025-01-15,6.0,0.75
W0482,Evening,2025-01-16,7.0,0.875
W0482,Evening,2025-01-23,7.0,0.875
W0482,Evening,2025-01-25,7.0,0.875
W0482,Evening,2025-01-31,8.0,1.0
W0482,Evening,2025-02-18,8.0,1.0
W0482,Evening,2025-03-25,9.0,1.125
W0482,Evening,2025-05-23,9.0,1.125
W0482,Morning,2025-02-25,6.0,0.75
W0482,Morning,2025-03-01,8.0,1.0
W0482,Morning,2025-03-08,7.0,0.875
W0482,Morning,2025-03-09,10.0,1.25
W0482,Morning,2025-03-24,8.0,1.0
W0482,Morning,2025-03-30,8.0,1.0
W0482,Morning,2025-04-22,6.0,0.75
W0482,Morning,2025-06-06,6.0,0.75
W0482,Morning,2025-06-09,6.0,0.75
W0482,Morning,2025-06-22,7.0,0.875
W0482,Morning,2025-06-23,16.0,2.0
W0482,Morning,2025-06-27,7.0,0.875
W0482,Night,2025-01-02,10.0,1.25
W0482,Night,2025-01-05,6.0,0.75
W0482,Night,2025-01-28,7.0,0.875
W0482,Night,2025-01-30,9.0,1.125
W0482,Night,2025-02-10,8.0,1.0
W0482,Night,2025-02-22,10.0,1.25
W0482,Night,2025-03-01,7.0,0.875
W0482,Night,2025-03-16,9.0,1.125
W0482,Night,2025-03-23,10.0,1.25
W0482,Night,2025-05-07,7.0,0.875
W0482,Night,2025-05-14,7.0,0.875
W0482,Night,2025-05-22,9.0,1.125
W0482,Night,2025-05-23,10.0,1.25
W0482,Night,2025-06-04,10.0,1.25
W0482,Night,2025-06-11,10.0,1.25
W0482,Night,2025-06-13,6.0,0.75
W0483,Evening,2025-01-05,6.0,0.75
W0483,Evening,2025-02-14,10.0,1.25
W0483,Evening,2025-03-28,7.0,0.875
W0483,Evening,2025-04-19,7.0,0.875
W0483,Evening,2025-05-18,10.0,1.25
W0483,Evening,2025-05-27,9.0,1.125
W0483,Evening,2025-06-05,10.0,1.25
W0483,Evening,2025-06-09,6.0,0.75
W0483,Morning,2025-01-06,7.0,0.875
W0483,Morning,2025-02-08,7.0,0.875
W0483,Morning,2025-02-17,8.0,1.0
W0483,Morning,2025-02-19,9.0,1.125
W0483,Morning,2025-04-01,6.0,0.75
W0483,Morning,2025-04-12,10.0,1.25
W0483,Morning,2025-04-28,10.0,1.25
W0483,Morning,2025-04-30,6.0,0.75
W0483,Night,2025-01-11,8.0,1.0
W0483,Night,2025-01-29,10.0,1.25
W0483,Night,2025-01-30,8.0,1.0
W0483,Night,2025-02-08,7.0,0.875
W0483,Night,2025-03-09,8.0,1.0
W0483,Night,2025-03-11,8.0,1.0
W0483,Night,2025-03-12,8.0,1.0
W0483,Night,2025-03-21,10.0,1.25
W0483,Night,2025-03-23,8.0,1.0
W0483,Night,2025-04-22,9.0,1.125
W0483,Night,2025-05-15,10.0,1.25
W0483,Night,2025-05-18,8.0,1.0
W0483,Night,2025-05-21,8.0,1.0
W0483,Night,2025-06-05,10.0,1.25
W0483,Night,2025-06-07,9.0,1.125
W0483,Night,2025-06-10,8.0,1.0
W0484,Evening,2025-01-06,9.0,1.125
W0484,Evening,2025-01-17,9.0,1.125
W0484,Evening,2025-03-02,7.0,0.875
W0484,Evening,2025-03-23,6.0,0.75
W0484,Evening,2025-04-03,6.0,0.75
W0484,Evening,2025-05-05,8.0,1.0
W0484,Evening,2025-05-16,10.0,1.25
W0484,Evening,2025-06-07,10.0,1.25
W0484,Evening,2025-06-18,6.0,0.75
W0484,Evening,2025-06-23,16.0,2.0
W0484,Morning,2025-01-21,9.0,1.125
W0484,Morning,2025-02-12,8.0,1.0
W0484,Morning,2025-02-18,10.0,1.25
W0484,Morning,2025-04-13,10.0,1.25
W0484,Morning,2025-05-01,10.0,1.25
W0484,Morning,2025-05-04,6.0,0.75
W0484,Morning,2025-05-13,10.0,1.25
W0484,Morning,2025-06-02,9.0,1.125
W0484,Morning,2025-06-25,7.0,0.875
W0484,Night,2025-01-11,10.0,1.25
W0484,Night,2025-01-16,7.0,0.875
W0484,Night,2025-01-22,9.0,1.125
W0484,Night,2025-02-10,10.0,1.25
W0484,Night,2025-02-11,7.0,0.875
W0484,Night,2025-02-17,8.0,1.0
W0484,Night,2025-02-23,9.0,1.125
W0484,Night,2025-03-02,7.0,0.875
W0484,Night,2025-03-10,7.0,0.875
W0484,Night,2025-03-28,10.0,1.25
W0484,Night,2025-03-30,6.0,0.75
W0484,Night,2025-04-06,10.0,1.25
W0484,Night,2025-05-08,10.0,1.25
W0484,Night,2025-06-18,10.0,1.25
W0485,Evening,2025-01-04,17.0,2.125
W0485,Evening,2025-02-12,10.0,1.25
W0485,Evening,2025-02-15,9.0,1.125
W0485,Evening,2025-02-20,6.0,0.75
W0485,Evening,2025-03-24,10.0,1.25
W0485,Evening,2025-04-03,6.0,0.75
W0485,Evening,2025-05-02,6.0,0.75
W0485,Evening,2025-05-16,9.0,1.125
W0485,Evening,2025-05-19,9.0,1.125
W0485,Morning,2025-01-17,10.0,1.25
W0485,Morning,2025-02-19,9.0,1.125
W0485,Morning,2025-03-29,7.0,0.875
W0485,Morning,2025-06-12,9.0,1.125
W0485,Night,2025-01-05,10.0,1.25
W0485,Night,2025-01-31,9.0,1.125
W0485,Night,2025-02-17,9.0,1.125
W0485,Night,2025-03-31,6.0,0.75
W0485,Night,2025-04-09,9.0,1.125
W0485,Night,2025-04-15,9.0,1.125
W0485,Night,2025-05-17,6.0,0.75
W0485,Night,2025-05-31,8.0,1.0
W0485,Night,2025-06-19,9.0,1.125
W0485,Night,2025-06-22,6.0,0.75
W0485,Night,2025-06-26,9.0,1.125
W0486,Evening,2025-01-09,6.0,0.75
W0486,Evening,2025-01-29,10.0,1.25
W0486,Evening,2025-02-14,10.0,1.25
W0486,Evening,2025-02-22,6.0,0.75
W0486,Evening,2025-03-17,6.0,0.75
W0486,Evening,2025-04-05,9.0,1.125
W0486,Evening,2025-04-15,9.0,1.125
W0486,Evening,2025-05-26,10.0,1.25
W0486,Evening,2025-06-06,10.0,1.25
W0486,Evening,2025-06-20,14.0,1.75
W0486,Evening,2025-06-23,10.0,1.25
W0486,Morning,2025-03-19,8.0,1.0
W0486,Morning,2025-03-22,6.0,0.75
W0486,Morning,2025-04-06,7.0,0.875
W0486,Morning,2025-04-10,8.0,1.0
W0486,Morning,2025-04-24,18.0,2.25
W0486,Morning,2025-04-25,6.0,0.75
W0486,Morning,2025-06-02,6.0,0.75
W0486,Night,2025-01-09,7.0,0.875
W0486,Night,2025-01-11,9.0,1.125
W0486,Night,2025-01-14,7.0,0.875
W0486,Night,2025-01-16,10.0,1.25
W0486,Night,2025-02-14,9.0,1.125
W0486,Night,2025-03-06,8.0,1.0
W0486,Night,2025-04-22,10.0,1.25
W0486,Night,2025-04-28,9.0,1.125
W0486,Night,2025-05-01,9.0,1.125
W0486,Night,2025-06-10,9.0,1.125
W0486,Night,2025-06-11,10.0,1.25
W0487,Evening,2025-01-09,8.0,1.0
W0487,Evening,2025-03-02,10.0,1.25
W0487,Evening,2025-03-09,7.0,0.875
W0487,Evening,2025-03-27,7.0,0.875
W0487,Evening,2025-04-21,9.0,1.125
W0487,Evening,2025-04-25,7.0,0.875
W0487,Evening,2025-06-10,9.0,1.125
W0487,Evening,2025-06-27,9.0,1.125
W0487,Morning,2025-01-04,7.0,0.875
W0487,Morning,2025-01-18,17.0,2.125
W0487,Morning,2025-02-02,10.0,1.25
W0487,Morning,2025-03-06,7.0,0.875
W0487,Morning,2025-03-18,10.0,1.25
W0487,Morning,2025-04-09,10.0,1.25
W0487,Morning,2025-05-05,12.0,1.5
W0487,Morning,2025-05-31,6.0,0.75
W0487,Morning,2025-06-09,7.0,0.875
W0487,Night,2025-01-10,10.0,1.25
W0487,Night,2025-01-14,10.0,1.25
W0487,Night,2025-02-17,8.0,1.0
W0487,Night,2025-02-20,8.0,1.0
W0487,Night,2025-03-02,6.0,0.75
W0487,Night,2025-03-05,10.0,1.25
W0487,Night,2025-03-10,7.0,0.875
W0487,Night,2025-03-11,9.0,1.125
W0487,Night,2025-03-15,8.0,1.0
W0487,Night,2025-03-21,6.0,0.75
W0487,Night,2025-03-24,7.0,0.875
W0487,Night,2025-04-16,8.0,1.0
W0487,Night,2025-05-09,9.0,1.125
W0487,Night,2025-05-12,8.0,1.0
W0487,Night,2025-05-17,9.0,1.125
W0487,Night,2025-05-20,7.0,0.875
W0487,Night,2025-06-02,10.0,1.25
W0487,Night,2025-06-11,7.0,0.875
W0488,Evening,2025-01-25,10.0,1.25
W0488,Evening,2025-01-26,9.0,1.125
W0488,Evening,2025-03-04,10.0,1.25
W0488,Evening,2025-03-21,9.0,1.125
W0488,Morning,2025-01-01,9.0,1.125
W0488,Morning,2025-01-21,7.0,0.875
W0488,Morning,2025-03-21,10.0,1.25
W0488,Morning,2025-03-22,9.0,1.125
W0488,Morning,2025-03-23,6.0,0.75
W0488,Morning,2025-04-10,9.0,1.125
W0488,Morning,2025-05-11,7.0,0.875
W0488,Morning,2025-05-22,7.0,0.875
W0488,Morning,2025-06-08,7.0,0.875
W0488,Morning,2025-06-28,18.0,2.25
W0488,Night,2025-01-05,10.0,1.25
W0488,Night,2025-01-17,6.0,0.75
W0488,Night,2025-01-22,10.0,1.25
W0488,Night,2025-02-18,9.0,1.125
W0488,Night,2025-02-27,8.0,1.0
W0488,Night,2025-03-05,9.0,1.125
W0488,Night,2025-03-08,6.0,0.75
W0488,Night,2025-03-23,7.0,0.875
W0488,Night,2025-03-28,10.0,1.25
W0488,Night,2025-04-14,10.0,1.25
W0488,Night,2025-04-16,10.0,1.25
W0488,Night,2025-05-13,7.0,0.875
W0488,Night,2025-05-15,8.0,1.0
W0488,Night,2025-05-27,10.0,1.25
W0488,Night,2025-06-03,7.0,0.875
W0489,Evening,2025-01-04,9.0,1.125
W0489,Evening,2025-02-10,6.0,0.75
W0489,Evening,2025-03-03,9.0,1.125
W0489,Evening,2025-03-19,8.0,1.0
W0489,Evening,2025-04-10,10.0,1.25
W0489,Evening,2025-05-14,8.0,1.0
W0489,Evening,2025-05-17,8.0,1.0
W0489,Evening,2025-06-01,10.0,1.25
W0489,Morning,2025-02-04,8.0,1.0
W0489,Night,2025-01-08,10.0,1.25
W0489,Night,2025-01-22,9.0,1.125
W0489,Night,2025-02-08,7.0,0.875
W0489,Night,2025-02-18,6.0,0.75
W0489,Night,2025-02-22,9.0,1.125
W0489,Night,2025-03-09,6.0,0.75
W0489,Night,2025-04-02,6.0,0.75
W0489,Night,2025-04-17,6.0,0.75
W0489,Night,2025-05-12,7.0,0.875
W0489,Night,2025-05-29,9.0,1.125
W0489,Night,2025-05-30,7.0,0.875
W0489,Night,2025-06-17,10.0,1.25
W0489,Night,2025-06-22,6.0,0.75
W0489,Night,2025-06-23,6.0,0.75
W0490,Evening,2025-01-01,6.0,0.75
W0490,Evening,2025-01-21,6.0,0.75
W0490,Evening,2025-01-26,8.0,1.0
W0490,Evening,2025-03-02,9.0,1.125
W0490,Evening,2025-04-04,8.0,1.0
W0490,Morning,2025-01-28,8.0,1.0
W0490,Morning,2025-02-28,7.0,0.875
W0490,Night,2025-01-11,6.0,0.75
W0490,Night,2025-01-17,20.0,2.5
W0490,Night,2025-01-23,10.0,1.25
W0490,Night,2025-03-15,10.0,1.25
W0490,Night,2025-03-22,7.0,0.875
W0490,Night,2025-04-02,7.0,0.875
W0490,Night,2025-04-07,6.0,0.75
W0490,Night,2025-04-17,8.0,1.0
W0490,Night,2025-05-10,10.0,1.25
W0490,Night,2025-05-28,9.0,1.125
W0490,Night,2025-06-03,9.0,1.125
W0491,Evening,2025-01-01,9.0,1.125
W0491,Evening,2025-01-13,8.0,1.0
W0491,Evening,2025-01-17,6.0,0.75
W0491,Evening,2025-01-20,10.0,1.25
W0491,Evening,2025-01-29,7.0,0.875
W0491,Evening,2025-04-03,8.0,1.0
W0491,Evening,2025-04-10,9.0,1.125
W0491,Evening,2025-04-25,9.0,1.125
W0491,Evening,2025-05-15,6.0,0.75
W0491,Evening,2025-05-26,7.0,0.875
W0491,Evening,2025-06-01,9.0,1.125
W0491,Evening,2025-06-19,8.0,1.0
W0491,Evening,2025-06-25,6.0,0.75
W0491,Morning,2025-02-09,10.0,1.25
W0491,Morning,2025-02-21,7.0,0.875
W0491,Morning,2025-03-10,7.0,0.875
W0491,Morning,2025-03-18,7.0,0.875
W0491,Morning,2025-04-13,9.0,1.125
W0491,Morning,2025-05-17,8.0,1.0
W0491,Morning,2025-06-04,7.0,0.875
W0491,Morning,2025-06-09,7.0,0.875
W0491,Morning,2025-06-15,6.0,0.75
W0491,Night,2025-01-19,10.0,1.25
W0491,Night,2025-01-24,7.0,0.875
W0491,Night,2025-02-11,9.0,1.125
W0491,Night,2025-02-23,9.0,1.125
W0491,Night,2025-03-04,7.0,0.875
W0491,Night,2025-03-23,6.0,0.75
W0491,Night,2025-04-11,7.0,0.875
W0491,Night,2025-04-15,10.0,1.25
W0491,Night,2025-05-29,9.0,1.125
W0491,Night,2025-06-03,9.0,1.125
W0492,Evening,2025-01-19,9.0,1.125
W0492,Evening,2025-02-01,9.0,1.125
W0492,Evening,2025-02-23,7.0,0.875
W0492,Evening,2025-03-08,8.0,1.0
W0492,Evening,2025-03-22,7.0,0.875
W0492,Evening,2025-05-11,6.0,0.75
W0492,Evening,2025-06-01,9.0,1.125
W0492,Evening,2025-06-06,6.0,0.75
W0492,Evening,2025-06-18,9.0,1.125
W0492,Morning,2025-01-03,8.0,1.0
W0492,Morning,2025-01-15,9.0,1.125
W0492,Morning,2025-05-20,7.0,0.875
W0492,Morning,2025-05-22,8.0,1.0
W0492,Morning,2025-05-25,8.0,1.0
W0492,Night,2025-01-09,10.0,1.25
W0492,Night,2025-01-13,7.0,0.875
W0492,Night,2025-01-23,8.0,1.0
W0492,Night,2025-01-27,10.0,1.25
W0492,Night,2025-02-11,9.0,1.125
W0492,Night,2025-02-15,8.0,1.0
W0492,Night,2025-03-15,6.0,0.75
W0492,Night,2025-03-27,6.0,0.75
W0492,Night,2025-04-01,10.0,1.25
W0492,Night,2025-04-09,6.0,0.75
W0492,Night,2025-04-12,7.0,0.875
W0492,Night,2025-04-22,6.0,0.75
W0492,Night,2025-04-23,10.0,1.25
W0492,Night,2025-04-28,6.0,0.75
W0492,Night,2025-05-07,7.0,0.875
W0492,Night,2025-05-09,9.0,1.125
W0492,Night,2025-05-19,9.0,1.125
W0492,Night,2025-05-21,8.0,1.0
W0492,Night,2025-05-25,9.0,1.125
W0493,Evening,2025-02-03,7.0,0.875
W0493,Evening,2025-02-04,6.0,0.75
W0493,Evening,2025-02-05,10.0,1.25
W0493,Evening,2025-02-17,7.0,0.875
W0493,Evening,2025-02-22,8.0,1.0
W0493,Evening,2025-03-05,7.0,0.875
W0493,Evening,2025-03-08,10.0,1.25
W0493,Evening,2025-03-24,9.0,1.125
W0493,Evening,2025-04-09,9.0,1.125
W0493,Evening,2025-05-01,7.0,0.875
W0493,Evening,2025-05-16,9.0,1.125
W0493,Evening,2025-05-22,9.0,1.125
W0493,Evening,2025-05-27,9.0,1.125
W0493,Evening,2025-06-15,9.0,1.125
W0493,Morning,2025-01-02,10.0,1.25
W0493,Morning,2025-01-20,10.0,1.25
W0493,Morning,2025-02-28,6.0,0.75
W0493,Morning,2025-03-02,8.0,1.0
W0493,Morning,2025-06-28,10.0,1.25
W0493,Night,2025-01-03,7.0,0.875
W0493,Night,2025-01-11,9.0,1.125
W0493,Night,2025-01-17,9.0,1.125
W0493,Night,2025-01-24,9.0,1.125
W0493,Night,2025-01-26,7.0,0.875
W0493,Night,2025-02-05,9.0,1.125
W0493,Night,2025-02-26,8.0,1.0
W0493,Night,2025-03-18,10.0,1.25
W0493,Night,2025-04-02,7.0,0.875
W0493,Night,2025-04-06,8.0,1.0
W0493,Night,2025-04-25,7.0,0.875
W0493,Night,2025-05-15,8.0,1.0
W0493,Night,2025-05-28,7.0,0.875
W0493,Night,2025-05-29,15.0,1.875
W0493,Night,2025-06-09,6.0,0.75
W0493,Night,2025-06-22,6.0,0.75
W0494,Evening,2025-01-03,7.0,0.875
W0494,Evening,2025-01-06,8.0,1.0
W0494,Evening,2025-02-15,8.0,1.0
W0494,Evening,2025-02-17,7.0,0.875
W0494,Evening,2025-03-11,6.0,0.75
W0494,Evening,2025-04-12,8.0,1.0
W0494,Evening,2025-06-14,7.0,0.875
W0494,Morning,2025-01-13,8.0,1.0
W0494,Morning,2025-01-31,8.0,1.0
W0494,Morning,2025-04-07,7.0,0.875
W0494,Morning,2025-04-15,7.0,0.875
W0494,Morning,2025-05-12,10.0,1.25
W0494,Morning,2025-06-15,10.0,1.25
W0494,Morning,2025-06-20,7.0,0.875
W0494,Night,2025-01-13,7.0,0.875
W0494,Night,2025-02-07,9.0,1.125
W0494,Night,2025-02-23,6.0,0.75
W0494,Night,2025-03-04,6.0,0.75
W0494,Night,2025-03-10,8.0,1.0
W0494,Night,2025-03-17,6.0,0.75
W0494,Night,2025-04-27,8.0,1.0
W0494,Night,2025-05-10,7.0,0.875
W0494,Night,2025-05-23,9.0,1.125
W0494,Night,2025-05-27,9.0,1.125
W0494,Night,2025-06-08,9.0,1.125
W0494,Night,2025-06-21,7.0,0.875
W0495,Evening,2025-01-02,6.0,0.75
W0495,Evening,2025-01-08,10.0,1.25
W0495,Evening,2025-01-18,8.0,1.0
W0495,Evening,2025-02-26,8.0,1.0
W0495,Evening,2025-05-15,6.0,0.75
W0495,Evening,2025-06-15,8.0,1.0
W0495,Evening,2025-06-19,7.0,0.875
W0495,Evening,2025-06-25,9.0,1.125
W0495,Morning,2025-01-01,6.0,0.75
W0495,Morning,2025-01-27,7.0,0.875
W0495,Morning,2025-01-30,6.0,0.75
W0495,Morning,2025-03-02,7.0,0.875
W0495,Morning,2025-03-12,9.0,1.125
W0495,Morning,2025-03-21,6.0,0.75
W0495,Morning,2025-04-06,7.0,0.875
W0495,Morning,2025-05-23,9.0,1.125
W0495,Morning,2025-06-04,9.0,1.125
W0495,Night,2025-01-07,9.0,1.125
W0495,Night,2025-01-28,18.0,2.25
W0495,Night,2025-02-27,6.0,0.75
W0495,Night,2025-04-06,6.0,0.75
W0495,Night,2025-04-10,8.0,1.0
W0495,Night,2025-04-11,7.0,0.875
W0495,Night,2025-04-17,9.0,1.125
W0495,Night,2025-04-19,7.0,0.875
W0495,Night,2025-05-15,8.0,1.0
W0495,Night,2025-05-31,10.0,1.25
W0495,Night,2025-06-02,16.0,2.0
W0495,Night,2025-06-06,9.0,1.125
W0495,Night,2025-06-08,6.0,0.75
W0495,Night,2025-06-10,6.0,0.75
W0496,Evening,2025-04-25,7.0,0.875
W0496,Evening,2025-05-06,6.0,0.75
W0496,Evening,2025-05-13,8.0,1.0
W0496,Evening,2025-05-24,17.0,2.125
W0496,Morning,2025-01-13,6.0,0.75
W0496,Morning,2025-01-15,8.0,1.0
W0496,Morning,2025-01-27,10.0,1.25
W0496,Morning,2025-02-03,10.0,1.25
W0496,Morning,2025-02-05,8.0,1.0
W0496,Morning,2025-02-15,8.0,1.0
W0496,Morning,2025-02-20,9.0,1.125
W0496,Morning,2025-05-08,9.0,1.125
W0496,Morning,2025-05-16,6.0,0.75
W0496,Morning,2025-06-07,9.0,1.125
W0496,Night,2025-01-24,9.0,1.125
W0496,Night,2025-02-18,8.0,1.0
W0496,Night,2025-03-03,8.0,1.0
W0496,Night,2025-03-11,7.0,0.875
W0496,Night,2025-03-19,10.0,1.25
W0496,Night,2025-04-20,6.0,0.75
W0496,Night,2025-05-03,8.0,1.0
W0496,Night,2025-05-13,7.0,0.875
W0496,Night,2025-05-19,7.0,0.875
W0496,Night,2025-06-15,6.0,0.75
W0496,Night,2025-06-24,10.0,1.25
W0497,Evening,2025-01-20,9.0,1.125
W0497,Evening,2025-04-05,9.0,1.125
W0497,Evening,2025-05-03,6.0,0.75
W0497,Evening,2025-05-31,9.0,1.125
W0497,Evening,2025-06-11,8.0,1.0
W0497,Evening,2025-06-23,7.0,0.875
W0497,Morning,2025-01-15,6.0,0.75
W0497,Morning,2025-02-16,6.0,0.75
W0497,Morning,2025-03-08,9.0,1.125
W0497,Morning,2025-03-25,10.0,1.25
W0497,Morning,2025-03-26,8.0,1.0
W0497,Morning,2025-04-15,10.0,1.25
W0497,Morning,2025-05-09,7.0,0.875
W0497,Morning,2025-06-04,10.0,1.25
W0497,Morning,2025-06-09,8.0,1.0
W0497,Morning,2025-06-21,10.0,1.25
W0497,Night,2025-02-22,15.0,1.875
W0497,Night,2025-02-25,10.0,1.25
W0497,Night,2025-03-11,10.0,1.25
W0497,Night,2025-03-24,7.0,0.875
W0497,Night,2025-03-27,10.0,1.25
W0497,Night,2025-04-23,10.0,1.25
W0497,Night,2025-04-25,7.0,0.875
W0497,Night,2025-05-03,9.0,1.125
W0497,Night,2025-05-07,9.0,1.125
W0497,Night,2025-05-22,6.0,0.75
W0497,Night,2025-06-06,10.0,1.25
W0497,Night,2025-06-08,10.0,1.25
W0497,Night,2025-06-22,7.0,0.875
W0497,Night,2025-06-24,6.0,0.75
W0498,Evening,2025-01-03,10.0,1.25
W0498,Evening,2025-03-10,6.0,0.75
W0498,Evening,2025-04-01,8.0,1.0
W0498,Evening,2025-04-18,10.0,1.25
W0498,Evening,2025-05-08,7.0,0.875
W0498,Evening,2025-06-19,7.0,0.875
W0498,Morning,2025-02-11,8.0,1.0
W0498,Morning,2025-03-07,10.0,1.25
W0498,Morning,2025-04-16,9.0,1.125
W0498,Morning,2025-04-18,7.0,0.875
W0498,Night,2025-01-12,9.0,1.125
W0498,Night,2025-01-26,8.0,1.0
W0498,Night,2025-03-06,10.0,1.25
W0498,Night,2025-03-07,7.0,0.875
W0498,Night,2025-04-10,6.0,0.75
W0498,Night,2025-04-21,10.0,1.25
W0498,Night,2025-04-29,8.0,1.0
W0498,Night,2025-05-07,8.0,1.0
W0498,Night,2025-05-08,9.0,1.125
W0498,Night,2025-05-10,8.0,1.0
W0498,Night,2025-06-06,10.0,1.25
W0499,Evening,2025-03-11,7.0,0.875
W0499,Evening,2025-03-28,10.0,1.25
W0499,Evening,2025-04-04,10.0,1.25
W0499,Evening,2025-05-08,9.0,1.125
W0499,Evening,2025-05-09,9.0,1.125
W0499,Evening,2025-06-20,6.0,0.75
W0499,Evening,2025-06-25,8.0,1.0
W0499,Morning,2025-01-08,6.0,0.75
W0499,Morning,2025-02-07,9.0,1.125
W0499,Morning,2025-02-24,6.0,0.75
W0499,Morning,2025-04-20,9.0,1.125
W0499,Morning,2025-06-01,10.0,1.25
W0499,Morning,2025-06-26,6.0,0.75
W0499,Night,2025-01-10,7.0,0.875
W0499,Night,2025-01-11,9.0,1.125
W0499,Night,2025-03-21,8.0,1.0
W0499,Night,2025-03-22,7.0,0.875
W0499,Night,2025-04-06,6.0,0.75
W0499,Night,2025-04-07,7.0,0.875
W0499,Night,2025-04-09,6.0,0.75
W0499,Night,2025-04-27,6.0,0.75
W0499,Night,2025-05-17,9.0,1.125
W0499,Night,2025-05-27,6.0,0.75
W0499,Night,2025-06-08,8.0,1.0
W0499,Night,2025-06-13,9.0,1.125
W0499,Night,2025-06-24,8.0,1.0
W0499,Night,2025-06-27,7.0,0.875
W0500,Evening,2025-01-05,8.0,1.0
W0500,Evening,2025-01-15,10.0,1.25
W0500,Evening,2025-01-24,10.0,1.25
W0500,Evening,2025-02-17,7.0,0.875
W0500,Evening,2025-03-06,10.0,1.25
W0500,Evening,2025-03-26,6.0,0.75
W0500,Evening,2025-04-01,9.0,1.125
W0500,Evening,2025-04-15,7.0,0.875
W0500,Evening,2025-04-26,10.0,1.25
W0500,Evening,2025-06-04,8.0,1.0
W0500,Evening,2025-06-19,10.0,1.25
W0500,Morning,2025-01-09,12.0,1.5
W0500,Morning,2025-02-11,9.0,1.125
W0500,Morning,2025-02-12,8.0,1.0
W0500,Morning,2025-03-06,8.0,1.0
W0500,Morning,2025-03-07,8.0,1.0
W0500,Morning,2025-03-08,6.0,0.75
W0500,Morning,2025-03-22,7.0,0.875
W0500,Morning,2025-05-06,9.0,1.125
W0500,Morning,2025-05-13,6.0,0.75
W0500,Morning,2025-05-16,9.0,1.125
W0500,Morning,2025-05-23,8.0,1.0
W0500,Morning,2025-06-08,10.0,1.25
W0500,Morning,2025-06-12,7.0,0.875
W0500,Morning,2025-06-16,8.0,1.0
W0500,Morning,2025-06-18,8.0,1.0
W0500,Morning,2025-06-28,8.0,1.0
W0500,Night,2025-01-03,8.0,1.0
W0500,Night,2025-01-19,10.0,1.25
W0500,Night,2025-01-27,8.0,1.0
W0500,Night,2025-02-10,6.0,0.75
W0500,Night,2025-02-18,8.0,1.0
W0500,Night,2025-03-15,7.0,0.875
W0500,Night,2025-04-03,8.0,1.0
W0500,Night,2025-04-06,10.0,1.25
W0500,Night,2025-04-08,8.0,1.0
W0500,Night,2025-04-11,10.0,1.25
W0500,Night,2025-05-17,17.0,2.125
W0500,Night,2025-05-20,6.0,0.75
W0500,Night,2025-05-22,7.0,0.875
W0500,Night,2025-05-23,7.0,0.875
W0500,Night,2025-05-27,16.0,2.0
W0500,Night,2025-06-02,9.0,1.125
W0500,Night,2025-06-20,7.0,0.875
W0500,Night,2025-06-24,14.0,1.75
W0500,Night,2025-06-27,10.0,1.25
