worker_id,shift,date,total_items_picked,total_errors,total_items_processed,shift_hours,pick_rate,error_rate
W0001,Evening,2025-01-30,27.0,0,1,0.0,0.0,0.0
W0001,Evening,2025-03-06,26.0,0,1,0.0,0.0,0.0
W0001,Evening,2025-03-10,30.0,0,1,0.0,0.0,0.0
W0001,Evening,2025-06-02,38.0,0,1,0.0,0.0,0.0
W0001,Morning,2025-01-13,14.0,1,1,0.0,0.0,1.0
W0001,Morning,2025-01-26,36.0,0,1,0.0,0.0,0.0
W0001,Morning,2025-03-11,41.0,0,1,0.0,0.0,0.0
W0001,Morning,2025-04-13,19.0,1,1,0.0,0.0,1.0
W0001,Night,2025-02-21,9.0,0,1,0.0,0.0,0.0
W0001,Night,2025-03-11,4.0,1,1,0.0,0.0,1.0
W0001,Night,2025-03-17,25.0,1,1,0.0,0.0,1.0
W0001,Night,2025-03-18,25.0,0,1,0.0,0.0,0.0
W0001,Night,2025-04-11,33.0,0,1,0.0,0.0,0.0
W0001,Night,2025-04-16,20.0,1,1,0.0,0.0,1.0
W0001,Night,2025-04-21,18.0,1,1,0.0,0.0,1.0
W0002,Evening,2025-04-27,4.0,1,1,0.0,0.0,1.0
W0002,Morning,2025-02-21,32.0,0,1,0.0,0.0,0.0
W0002,Morning,2025-05-05,1.0,0,1,0.0,0.0,0.0
W0002,Morning,2025-06-16,5.0,1,1,0.0,0.0,1.0
W0002,Night,2025-01-30,32.0,0,1,0.0,0.0,0.0
W0002,Night,2025-02-27,40.0,0,1,0.0,0.0,0.0
W0002,Night,2025-04-07,34.0,0,1,0.0,0.0,0.0
W0002,Night,2025-05-13,5.0,0,1,0.0,0.0,0.0
W0002,Night,2025-05-14,19.0,0,1,0.0,0.0,0.0
W0003,Evening,2025-01-29,20.0,0,1,0.0,0.0,0.0
W0003,Evening,2025-03-20,26.0,0,1,0.0,0.0,0.0
W0003,Evening,2025-03-23,4.0,0,1,0.0,0.0,0.0
W0003,Evening,2025-05-17,3.0,1,1,0.0,0.0,1.0
W0003,Evening,2025-06-04,33.0,0,1,6.0,5.5,0.0
W0003,Morning,2025-01-07,11.0,1,1,0.0,0.0,1.0
W0003,Morning,2025-01-10,18.0,0,1,0.0,0.0,0.0
W0003,Morning,2025-01-18,3.0,0,1,0.0,0.0,0.0
W0003,Morning,2025-02-10,23.0,0,1,0.0,0.0,0.0
W0003,Morning,2025-03-13,23.0,0,1,0.0,0.0,0.0
W0003,Morning,2025-04-04,41.0,0,1,0.0,0.0,0.0
W0003,Morning,2025-04-06,44.0,0,1,0.0,0.0,0.0
W0003,Morning,2025-05-09,24.0,1,1,0.0,0.0,1.0
W0003,Morning,2025-05-31,36.0,0,1,0.0,0.0,0.0
W0003,Night,2025-03-12,30.0,1,1,0.0,0.0,1.0
W0003,Night,2025-04-10,38.0,0,1,0.0,0.0,0.0
W0003,Night,2025-04-23,16.0,0,1,0.0,0.0,0.0
W0003,Night,2025-05-11,33.0,0,1,6.0,5.5,0.0
W0003,Night,2025-05-25,39.0,0,1,0.0,0.0,0.0
W0003,Night,2025-06-14,28.0,1,1,9.0,3.111111111111111,1.0
W0003,Night,2025-06-16,9.0,0,1,0.0,0.0,0.0
W0004,Evening,2025-04-01,23.0,0,1,0.0,0.0,0.0
W0004,Evening,2025-04-28,47.0,1,1,0.0,0.0,1.0
W0004,Morning,2025-01-24,10.0,1,1,0.0,0.0,1.0
W0004,Morning,2025-03-20,31.0,1,1,0.0,0.0,1.0
W0004,Morning,2025-03-31,34.0,0,1,0.0,0.0,0.0
W0004,Morning,2025-04-22,29.0,1,1,0.0,0.0,1.0
W0004,Morning,2025-04-27,5.0,0,1,0.0,0.0,0.0
W0004,Morning,2025-06-14,37.0,1,1,0.0,0.0,1.0
W0004,Morning,2025-06-29,36.0,1,1,0.0,0.0,1.0
W0004,Night,2025-01-29,44.0,0,1,0.0,0.0,0.0
W0005,Evening,2025-02-22,23.0,0,1,0.0,0.0,0.0
W0005,Morning,2025-02-12,34.0,0,1,0.0,0.0,0.0
W0005,Morning,2025-02-26,25.0,0,1,0.0,0.0,0.0
W0005,Morning,2025-04-30,28.0,0,1,0.0,0.0,0.0
W0005,Morning,2025-05-23,30.0,0,1,0.0,0.0,0.0
W0005,Morning,2025-06-15,13.0,0,1,0.0,0.0,0.0
W0005,Night,2025-01-23,38.0,1,1,0.0,0.0,1.0
W0005,Night,2025-03-02,19.0,1,1,0.0,0.0,1.0
W0005,Night,2025-03-09,7.0,1,1,0.0,0.0,1.0
W0005,Night,2025-06-17,49.0,1,1,0.0,0.0,1.0
W0006,Evening,2025-01-17,49.0,1,1,0.0,0.0,1.0
W0006,Evening,2025-02-24,11.0,1,1,0.0,0.0,1.0
W0006,Evening,2025-04-30,44.0,0,1,0.0,0.0,0.0
W0006,Morning,2025-01-02,45.0,0,1,0.0,0.0,0.0
W0006,Morning,2025-01-20,6.0,1,1,0.0,0.0,1.0
W0006,Morning,2025-03-06,26.0,1,1,0.0,0.0,1.0
W0006,Morning,2025-04-26,51.0,1,2,0.0,0.0,0.5
W0006,Morning,2025-05-18,6.0,0,1,0.0,0.0,0.0
W0006,Morning,2025-05-30,42.0,0,1,0.0,0.0,0.0
W0006,Morning,2025-06-07,6.0,0,1,0.0,0.0,0.0
W0006,Morning,2025-06-13,22.0,1,1,0.0,0.0,1.0
W0006,Morning,2025-06-20,44.0,0,1,0.0,0.0,0.0
W0006,Night,2025-02-24,24.0,0,1,0.0,0.0,0.0
W0006,Night,2025-05-22,23.0,1,1,0.0,0.0,1.0
W0006,Night,2025-05-30,5.0,0,1,0.0,0.0,0.0
W0006,Night,2025-06-17,41.0,1,1,0.0,0.0,1.0
W0007,Evening,2025-03-30,39.0,1,1,0.0,0.0,1.0
W0007,Morning,2025-01-16,23.0,1,1,0.0,0.0,1.0
W0007,Morning,2025-02-12,21.0,0,1,0.0,0.0,0.0
W0007,Morning,2025-02-27,22.0,0,1,0.0,0.0,0.0
W0007,Morning,2025-03-12,36.0,0,1,0.0,0.0,0.0
W0007,Morning,2025-03-30,45.0,1,1,0.0,0.0,1.0
W0007,Morning,2025-04-15,1.0,0,1,0.0,0.0,0.0
W0007,Morning,2025-04-16,26.0,1,1,0.0,0.0,1.0
W0007,Morning,2025-05-05,40.0,1,1,9.0,4.444444444444445,1.0
W0007,Morning,2025-05-15,38.0,0,1,0.0,0.0,0.0
W0007,Night,2025-03-04,41.0,0,1,0.0,0.0,0.0
W0007,Night,2025-05-31,31.0,0,1,0.0,0.0,0.0
W0008,Evening,2025-01-22,44.0,0,1,0.0,0.0,0.0
W0008,Evening,2025-01-28,16.0,0,1,0.0,0.0,0.0
W0008,Evening,2025-02-01,36.0,0,1,0.0,0.0,0.0
W0008,Evening,2025-03-24,35.0,1,1,0.0,0.0,1.0
W0008,Evening,2025-05-02,43.0,0,1,0.0,0.0,0.0
W0008,Evening,2025-05-10,3.0,1,1,0.0,0.0,1.0
W0008,Evening,2025-06-15,46.0,1,1,0.0,0.0,1.0
W0008,Morning,2025-02-04,39.0,0,1,0.0,0.0,0.0
W0008,Morning,2025-02-14,29.0,0,1,0.0,0.0,0.0
W0008,Morning,2025-02-26,20.0,0,1,0.0,0.0,0.0
W0008,Morning,2025-05-19,23.0,0,1,9.0,2.5555555555555554,0.0
W0008,Morning,2025-06-07,40.0,1,1,0.0,0.0,1.0
W0008,Morning,2025-06-11,18.0,0,1,0.0,0.0,0.0
W0008,Morning,2025-06-26,9.0,0,1,0.0,0.0,0.0
W0008,Morning,2025-06-29,29.0,0,2,0.0,0.0,0.0
W0008,Night,2025-01-16,26.0,0,1,0.0,0.0,0.0
W0008,Night,2025-02-12,14.0,1,1,0.0,0.0,1.0
W0008,Night,2025-02-23,49.0,0,1,8.0,6.125,0.0
W0008,Night,2025-02-27,18.0,0,1,0.0,0.0,0.0
W0009,Evening,2025-01-15,43.0,0,1,0.0,0.0,0.0
W0009,Evening,2025-02-26,15.0,0,1,0.0,0.0,0.0
W0009,Evening,2025-04-30,9.0,1,1,7.0,1.2857142857142858,1.0
W0009,Evening,2025-05-19,27.0,1,1,0.0,0.0,1.0
W0009,Evening,2025-05-23,44.0,0,1,0.0,0.0,0.0
W0009,Evening,2025-05-28,19.0,0,1,0.0,0.0,0.0
W0009,Morning,2025-01-07,48.0,1,1,0.0,0.0,1.0
W0009,Morning,2025-02-15,44.0,0,1,0.0,0.0,0.0
W0009,Morning,2025-03-13,38.0,0,1,0.0,0.0,0.0
W0009,Morning,2025-03-24,35.0,0,1,0.0,0.0,0.0
W0009,Morning,2025-04-05,49.0,0,1,0.0,0.0,0.0
W0009,Morning,2025-04-19,39.0,0,1,0.0,0.0,0.0
W0009,Morning,2025-04-20,11.0,0,1,0.0,0.0,0.0
W0009,Morning,2025-04-21,15.0,0,1,0.0,0.0,0.0
W0009,Morning,2025-05-05,6.0,0,1,0.0,0.0,0.0
W0009,Morning,2025-05-06,44.0,1,1,0.0,0.0,1.0
W0009,Morning,2025-05-11,3.0,1,1,0.0,0.0,1.0
W0009,Morning,2025-05-24,41.0,0,1,0.0,0.0,0.0
W0009,Night,2025-01-07,6.0,0,1,0.0,0.0,0.0
W0009,Night,2025-02-03,1.0,1,1,0.0,0.0,1.0
W0009,Night,2025-05-01,25.0,0,1,0.0,0.0,0.0
W0009,Night,2025-05-13,17.0,0,1,0.0,0.0,0.0
W0010,Evening,2025-01-14,44.0,0,1,0.0,0.0,0.0
W0010,Evening,2025-04-23,42.0,0,1,0.0,0.0,0.0
W0010,Evening,2025-05-16,27.0,0,1,0.0,0.0,0.0
W0010,Evening,2025-06-06,44.0,0,1,0.0,0.0,0.0
W0010,Morning,2025-01-02,32.0,0,1,0.0,0.0,0.0
W0010,Morning,2025-01-04,15.0,0,1,0.0,0.0,0.0
W0010,Morning,2025-02-05,19.0,0,1,0.0,0.0,0.0
W0010,Morning,2025-02-10,20.0,0,1,7.0,2.857142857142857,0.0
W0010,Morning,2025-02-20,42.0,0,1,0.0,0.0,0.0
W0010,Morning,2025-03-04,29.0,0,1,0.0,0.0,0.0
W0010,Morning,2025-04-12,17.0,0,1,0.0,0.0,0.0
W0010,Morning,2025-04-20,27.0,0,1,0.0,0.0,0.0
W0010,Morning,2025-05-07,30.0,1,1,0.0,0.0,1.0
W0010,Morning,2025-05-12,39.0,0,1,0.0,0.0,0.0
W0010,Morning,2025-05-24,18.0,0,1,0.0,0.0,0.0
W0010,Morning,2025-05-25,21.0,1,1,0.0,0.0,1.0
W0010,Morning,2025-06-05,3.0,0,1,0.0,0.0,0.0
W0010,Morning,2025-06-13,24.0,0,1,0.0,0.0,0.0
W0010,Night,2025-01-27,6.0,1,1,0.0,0.0,1.0
W0010,Night,2025-01-30,8.0,0,1,0.0,0.0,0.0
W0010,Night,2025-04-12,49.0,0,1,0.0,0.0,0.0
W0010,Night,2025-04-24,1.0,0,1,0.0,0.0,0.0
W0010,Night,2025-05-26,48.0,0,1,0.0,0.0,0.0
W0011,Evening,2025-01-28,29.0,0,1,0.0,0.0,0.0
W0011,Evening,2025-06-11,22.0,1,1,0.0,0.0,1.0
W0011,Morning,2025-01-12,11.0,0,1,0.0,0.0,0.0
W0011,Morning,2025-01-15,40.0,1,1,0.0,0.0,1.0
W0011,Morning,2025-01-16,35.0,0,1,0.0,0.0,0.0
W0011,Morning,2025-01-27,6.0,0,1,0.0,0.0,0.0
W0011,Morning,2025-02-09,34.0,0,1,0.0,0.0,0.0
W0011,Morning,2025-02-25,3.0,0,1,0.0,0.0,0.0
W0011,Morning,2025-03-10,25.0,0,1,0.0,0.0,0.0
W0011,Morning,2025-03-18,31.0,0,1,0.0,0.0,0.0
W0011,Morning,2025-04-04,14.0,0,1,0.0,0.0,0.0
W0011,Morning,2025-04-12,31.0,0,1,0.0,0.0,0.0
W0011,Morning,2025-04-15,7.0,1,1,0.0,0.0,1.0
W0011,Morning,2025-04-19,38.0,0,1,0.0,0.0,0.0
W0011,Night,2025-02-23,33.0,0,1,0.0,0.0,0.0
W0011,Night,2025-02-28,6.0,0,1,0.0,0.0,0.0
W0011,Night,2025-05-01,33.0,0,1,0.0,0.0,0.0
W0011,Night,2025-05-17,22.0,0,1,0.0,0.0,0.0
W0012,Evening,2025-02-06,9.0,0,1,0.0,0.0,0.0
W0012,Evening,2025-02-17,30.0,0,1,0.0,0.0,0.0
W0012,Evening,2025-02-23,11.0,0,1,0.0,0.0,0.0
W0012,Evening,2025-03-31,47.0,0,1,0.0,0.0,0.0
W0012,Evening,2025-04-16,3.0,0,1,0.0,0.0,0.0
W0012,Evening,2025-04-29,70.0,1,2,0.0,0.0,0.5
W0012,Evening,2025-06-17,3.0,0,1,0.0,0.0,0.0
W0012,Evening,2025-06-18,3.0,1,1,0.0,0.0,1.0
W0012,Morning,2025-01-14,32.0,1,1,0.0,0.0,1.0
W0012,Morning,2025-01-28,5.0,0,1,0.0,0.0,0.0
W0012,Morning,2025-02-15,29.0,0,1,0.0,0.0,0.0
W0012,Morning,2025-03-12,34.0,0,1,0.0,0.0,0.0
W0012,Morning,2025-04-22,21.0,1,1,0.0,0.0,1.0
W0012,Morning,2025-04-25,33.0,0,1,0.0,0.0,0.0
W0012,Morning,2025-06-08,44.0,0,1,0.0,0.0,0.0
W0012,Morning,2025-06-09,12.0,0,1,0.0,0.0,0.0
W0012,Night,2025-01-25,39.0,0,1,7.0,5.571428571428571,0.0
W0012,Night,2025-01-27,14.0,0,1,0.0,0.0,0.0
W0012,Night,2025-04-21,2.0,0,1,0.0,0.0,0.0
W0012,Night,2025-06-18,36.0,0,1,0.0,0.0,0.0
W0013,Evening,2025-03-06,30.0,0,1,0.0,0.0,0.0
W0013,Evening,2025-03-22,6.0,0,1,0.0,0.0,0.0
W0013,Evening,2025-06-26,27.0,0,1,0.0,0.0,0.0
W0013,Morning,2025-02-08,29.0,0,1,0.0,0.0,0.0
W0013,Morning,2025-03-09,15.0,0,1,0.0,0.0,0.0
W0013,Morning,2025-03-11,39.0,0,1,0.0,0.0,0.0
W0013,Morning,2025-03-19,25.0,0,1,0.0,0.0,0.0
W0013,Morning,2025-03-27,24.0,1,1,0.0,0.0,1.0
W0013,Morning,2025-04-02,40.0,0,1,0.0,0.0,0.0
W0013,Morning,2025-04-24,4.0,0,1,0.0,0.0,0.0
W0013,Night,2025-01-10,12.0,0,1,0.0,0.0,0.0
W0013,Night,2025-01-24,33.0,0,1,0.0,0.0,0.0
W0013,Night,2025-02-24,43.0,1,1,8.0,5.375,1.0
W0013,Night,2025-03-07,27.0,0,1,0.0,0.0,0.0
W0013,Night,2025-04-22,27.0,1,1,7.0,3.857142857142857,1.0
W0013,Night,2025-05-23,2.0,0,1,0.0,0.0,0.0
W0014,Evening,2025-01-11,8.0,0,1,0.0,0.0,0.0
W0014,Evening,2025-02-26,7.0,0,1,0.0,0.0,0.0
W0014,Evening,2025-03-17,39.0,0,1,0.0,0.0,0.0
W0014,Evening,2025-04-17,20.0,1,1,0.0,0.0,1.0
W0014,Evening,2025-04-21,34.0,0,1,0.0,0.0,0.0
W0014,Evening,2025-04-22,38.0,0,1,0.0,0.0,0.0
W0014,Evening,2025-05-06,5.0,0,1,0.0,0.0,0.0
W0014,Morning,2025-01-02,13.0,0,1,0.0,0.0,0.0
W0014,Morning,2025-01-04,9.0,0,1,0.0,0.0,0.0
W0014,Morning,2025-01-19,39.0,0,1,0.0,0.0,0.0
W0014,Morning,2025-02-25,18.0,0,1,0.0,0.0,0.0
W0014,Morning,2025-03-26,48.0,0,1,0.0,0.0,0.0
W0014,Morning,2025-05-12,41.0,0,1,0.0,0.0,0.0
W0014,Morning,2025-05-15,8.0,0,1,0.0,0.0,0.0
W0014,Night,2025-01-21,43.0,1,2,0.0,0.0,0.5
W0014,Night,2025-03-07,18.0,0,1,0.0,0.0,0.0
W0014,Night,2025-04-22,33.0,0,1,0.0,0.0,0.0
W0014,Night,2025-05-23,19.0,1,1,0.0,0.0,1.0
W0015,Evening,2025-03-08,28.0,0,1,0.0,0.0,0.0
W0015,Evening,2025-06-16,43.0,1,1,0.0,0.0,1.0
W0015,Morning,2025-02-19,20.0,0,1,0.0,0.0,0.0
W0015,Morning,2025-02-20,11.0,1,1,0.0,0.0,1.0
W0015,Morning,2025-03-04,15.0,0,1,0.0,0.0,0.0
W0015,Morning,2025-03-10,9.0,0,1,0.0,0.0,0.0
W0015,Morning,2025-03-21,18.0,1,1,0.0,0.0,1.0
W0015,Morning,2025-03-31,87.0,1,2,0.0,0.0,0.5
W0015,Morning,2025-04-02,43.0,0,1,0.0,0.0,0.0
W0015,Morning,2025-06-13,3.0,0,1,0.0,0.0,0.0
W0015,Night,2025-01-06,42.0,0,1,0.0,0.0,0.0
W0015,Night,2025-04-03,47.0,0,1,0.0,0.0,0.0
W0015,Night,2025-05-17,13.0,0,1,0.0,0.0,0.0
W0015,Night,2025-06-17,24.0,0,1,0.0,0.0,0.0
W0016,Evening,2025-01-26,41.0,0,1,0.0,0.0,0.0
W0016,Evening,2025-02-06,9.0,1,1,0.0,0.0,1.0
W0016,Evening,2025-02-09,45.0,1,1,0.0,0.0,1.0
W0016,Evening,2025-03-18,38.0,0,1,0.0,0.0,0.0
W0016,Evening,2025-04-26,47.0,0,1,0.0,0.0,0.0
W0016,Evening,2025-05-17,6.0,1,1,0.0,0.0,1.0
W0016,Evening,2025-06-11,33.0,0,1,0.0,0.0,0.0
W0016,Morning,2025-01-20,26.0,1,1,0.0,0.0,1.0
W0016,Morning,2025-01-29,30.0,1,1,0.0,0.0,1.0
W0016,Morning,2025-03-03,21.0,0,1,0.0,0.0,0.0
W0016,Morning,2025-03-13,3.0,0,1,0.0,0.0,0.0
W0016,Morning,2025-03-14,17.0,0,1,0.0,0.0,0.0
W0016,Morning,2025-03-28,15.0,1,1,0.0,0.0,1.0
W0016,Morning,2025-04-27,24.0,0,1,0.0,0.0,0.0
W0016,Morning,2025-05-10,35.0,0,1,0.0,0.0,0.0
W0016,Morning,2025-05-24,29.0,1,1,0.0,0.0,1.0
W0016,Morning,2025-06-04,48.0,1,1,0.0,0.0,1.0
W0016,Morning,2025-06-17,39.0,0,1,0.0,0.0,0.0
W0016,Night,2025-01-03,37.0,0,1,0.0,0.0,0.0
W0016,Night,2025-02-07,12.0,1,1,0.0,0.0,1.0
W0016,Night,2025-03-18,13.0,0,1,0.0,0.0,0.0
W0016,Night,2025-05-14,47.0,1,1,0.0,0.0,1.0
W0016,Night,2025-06-25,37.0,1,1,0.0,0.0,1.0
W0017,Evening,2025-02-16,14.0,1,1,0.0,0.0,1.0
W0017,Evening,2025-02-19,35.0,0,1,0.0,0.0,0.0
W0017,Evening,2025-05-21,19.0,0,1,0.0,0.0,0.0
W0017,Morning,2025-01-20,10.0,0,1,0.0,0.0,0.0
W0017,Morning,2025-03-31,48.0,0,1,0.0,0.0,0.0
W0017,Morning,2025-04-04,33.0,0,1,0.0,0.0,0.0
W0017,Morning,2025-04-27,35.0,1,1,0.0,0.0,1.0
W0017,Morning,2025-05-25,14.0,0,1,0.0,0.0,0.0
W0017,Morning,2025-06-11,31.0,1,1,0.0,0.0,1.0
W0017,Night,2025-02-15,19.0,1,1,0.0,0.0,1.0
W0017,Night,2025-05-12,15.0,0,1,10.0,1.5,0.0
W0017,Night,2025-05-18,44.0,0,1,0.0,0.0,0.0
W0017,Night,2025-06-25,22.0,0,1,0.0,0.0,0.0
W0018,Evening,2025-01-14,32.0,0,1,0.0,0.0,0.0
W0018,Evening,2025-01-15,14.0,0,1,0.0,0.0,0.0
W0018,Evening,2025-03-17,23.0,0,1,0.0,0.0,0.0
W0018,Evening,2025-04-15,18.0,1,1,0.0,0.0,1.0
W0018,Evening,2025-05-12,43.0,1,1,0.0,0.0,1.0
W0018,Evening,2025-05-14,18.0,0,1,0.0,0.0,0.0
W0018,Morning,2025-01-31,48.0,1,1,0.0,0.0,1.0
W0018,Morning,2025-02-27,30.0,0,1,0.0,0.0,0.0
W0018,Morning,2025-03-11,15.0,0,1,0.0,0.0,0.0
W0018,Morning,2025-05-02,34.0,0,1,0.0,0.0,0.0
W0018,Morning,2025-05-03,11.0,0,1,0.0,0.0,0.0
W0018,Morning,2025-05-11,39.0,1,1,0.0,0.0,1.0
W0018,Morning,2025-05-15,20.0,0,1,0.0,0.0,0.0
W0018,Night,2025-03-04,16.0,0,1,0.0,0.0,0.0
W0018,Night,2025-03-17,1.0,0,1,0.0,0.0,0.0
W0018,Night,2025-05-12,8.0,0,1,0.0,0.0,0.0
W0018,Night,2025-06-20,20.0,0,1,0.0,0.0,0.0
W0019,Evening,2025-03-01,38.0,0,1,0.0,0.0,0.0
W0019,Evening,2025-03-22,19.0,1,1,0.0,0.0,1.0
W0019,Evening,2025-04-13,10.0,0,1,0.0,0.0,0.0
W0019,Evening,2025-05-20,48.0,0,1,0.0,0.0,0.0
W0019,Evening,2025-06-25,13.0,0,1,0.0,0.0,0.0
W0019,Morning,2025-01-29,4.0,1,1,0.0,0.0,1.0
W0019,Morning,2025-02-25,23.0,0,1,0.0,0.0,0.0
W0019,Morning,2025-03-11,31.0,1,1,0.0,0.0,1.0
W0019,Morning,2025-05-30,24.0,1,1,0.0,0.0,1.0
W0019,Night,2025-01-28,42.0,0,1,0.0,0.0,0.0
W0019,Night,2025-03-27,33.0,0,1,0.0,0.0,0.0
W0019,Night,2025-06-01,8.0,1,1,0.0,0.0,1.0
W0019,Night,2025-06-28,44.0,0,1,0.0,0.0,0.0
W0020,Evening,2025-06-20,6.0,0,1,0.0,0.0,0.0
W0020,Morning,2025-01-18,5.0,1,1,0.0,0.0,1.0
W0020,Morning,2025-01-20,8.0,1,1,0.0,0.0,1.0
W0020,Morning,2025-03-18,35.0,0,1,0.0,0.0,0.0
W0020,Morning,2025-04-20,27.0,0,1,0.0,0.0,0.0
W0020,Morning,2025-05-08,20.0,0,1,0.0,0.0,0.0
W0020,Morning,2025-05-09,24.0,0,1,0.0,0.0,0.0
W0020,Morning,2025-05-13,2.0,0,1,0.0,0.0,0.0
W0020,Morning,2025-05-22,31.0,0,1,0.0,0.0,0.0
W0020,Night,2025-02-28,30.0,0,1,0.0,0.0,0.0
W0020,Night,2025-06-06,6.0,0,1,0.0,0.0,0.0
W0021,Evening,2025-02-22,13.0,0,1,0.0,0.0,0.0
W0021,Evening,2025-03-10,49.0,0,1,0.0,0.0,0.0
W0021,Evening,2025-03-21,22.0,0,1,0.0,0.0,0.0
W0021,Evening,2025-05-07,9.0,1,1,0.0,0.0,1.0
W0021,Evening,2025-05-31,39.0,0,1,0.0,0.0,0.0
W0021,Evening,2025-06-10,21.0,0,1,0.0,0.0,0.0
W0021,Evening,2025-06-14,5.0,0,1,0.0,0.0,0.0
W0021,Morning,2025-01-22,32.0,1,1,0.0,0.0,1.0
W0021,Morning,2025-01-28,5.0,0,1,0.0,0.0,0.0
W0021,Morning,2025-02-28,35.0,0,1,0.0,0.0,0.0
W0021,Morning,2025-03-17,3.0,0,1,0.0,0.0,0.0
W0021,Morning,2025-03-21,24.0,0,1,0.0,0.0,0.0
W0021,Morning,2025-03-28,27.0,0,1,0.0,0.0,0.0
W0021,Morning,2025-04-26,44.0,0,1,0.0,0.0,0.0
W0021,Morning,2025-05-24,36.0,0,1,0.0,0.0,0.0
W0021,Morning,2025-06-24,41.0,1,1,0.0,0.0,1.0
W0021,Night,2025-02-21,26.0,0,1,0.0,0.0,0.0
W0021,Night,2025-03-08,49.0,0,1,0.0,0.0,0.0
W0021,Night,2025-04-09,17.0,0,1,0.0,0.0,0.0
W0021,Night,2025-05-17,2.0,0,1,0.0,0.0,0.0
W0021,Night,2025-06-22,27.0,0,1,0.0,0.0,0.0
W0022,Evening,2025-01-26,17.0,1,1,0.0,0.0,1.0
W0022,Evening,2025-02-22,26.0,1,1,0.0,0.0,1.0
W0022,Evening,2025-03-07,40.0,0,1,0.0,0.0,0.0
W0022,Evening,2025-04-06,10.0,0,1,0.0,0.0,0.0
W0022,Evening,2025-05-04,18.0,0,1,0.0,0.0,0.0
W0022,Evening,2025-05-16,26.0,1,1,0.0,0.0,1.0
W0022,Evening,2025-05-20,19.0,0,1,0.0,0.0,0.0
W0022,Evening,2025-05-22,44.0,0,1,0.0,0.0,0.0
W0022,Evening,2025-06-07,48.0,0,1,0.0,0.0,0.0
W0022,Evening,2025-06-16,11.0,0,1,0.0,0.0,0.0
W0022,Morning,2025-01-11,30.0,1,1,0.0,0.0,1.0
W0022,Morning,2025-01-16,27.0,0,1,0.0,0.0,0.0
W0022,Morning,2025-01-18,24.0,0,1,0.0,0.0,0.0
W0022,Morning,2025-01-26,40.0,1,1,0.0,0.0,1.0
W0022,Morning,2025-02-13,42.0,0,1,0.0,0.0,0.0
W0022,Morning,2025-04-11,38.0,0,1,0.0,0.0,0.0
W0022,Morning,2025-04-20,22.0,0,1,0.0,0.0,0.0
W0022,Morning,2025-04-24,41.0,1,1,0.0,0.0,1.0
W0022,Morning,2025-05-01,44.0,0,1,0.0,0.0,0.0
W0022,Night,2025-05-15,49.0,0,1,0.0,0.0,0.0
W0022,Night,2025-06-16,24.0,1,1,8.0,3.0,1.0
W0022,Night,2025-06-22,23.0,0,1,0.0,0.0,0.0
W0023,Evening,2025-01-26,18.0,0,1,0.0,0.0,0.0
W0023,Evening,2025-03-08,27.0,0,1,0.0,0.0,0.0
W0023,Evening,2025-03-26,9.0,0,1,0.0,0.0,0.0
W0023,Morning,2025-01-20,14.0,0,1,0.0,0.0,0.0
W0023,Morning,2025-03-02,21.0,0,1,0.0,0.0,0.0
W0023,Morning,2025-04-11,48.0,0,1,0.0,0.0,0.0
W0023,Morning,2025-04-12,47.0,0,1,0.0,0.0,0.0
W0023,Morning,2025-05-04,37.0,1,1,0.0,0.0,1.0
W0023,Morning,2025-05-29,14.0,0,1,0.0,0.0,0.0
W0023,Morning,2025-06-08,13.0,1,1,0.0,0.0,1.0
W0023,Night,2025-02-07,17.0,0,1,0.0,0.0,0.0
W0023,Night,2025-03-31,37.0,0,1,0.0,0.0,0.0
W0023,Night,2025-05-01,46.0,1,1,0.0,0.0,1.0
W0024,Evening,2025-01-20,35.0,0,1,0.0,0.0,0.0
W0024,Evening,2025-02-23,34.0,0,1,0.0,0.0,0.0
W0024,Morning,2025-01-24,31.0,0,1,0.0,0.0,0.0
W0024,Morning,2025-03-17,25.0,0,1,0.0,0.0,0.0
W0024,Morning,2025-03-20,24.0,1,1,0.0,0.0,1.0
W0024,Morning,2025-06-06,8.0,1,1,0.0,0.0,1.0
W0024,Morning,2025-06-08,28.0,1,1,0.0,0.0,1.0
W0024,Morning,2025-06-23,46.0,0,1,0.0,0.0,0.0
W0024,Night,2025-02-04,21.0,0,1,0.0,0.0,0.0
W0024,Night,2025-04-11,24.0,0,1,0.0,0.0,0.0
W0024,Night,2025-06-22,13.0,0,1,0.0,0.0,0.0
W0025,Evening,2025-02-17,32.0,1,1,0.0,0.0,1.0
W0025,Evening,2025-02-27,43.0,0,1,0.0,0.0,0.0
W0025,Evening,2025-03-05,16.0,0,1,0.0,0.0,0.0
W0025,Evening,2025-04-11,47.0,0,1,0.0,0.0,0.0
W0025,Evening,2025-04-21,37.0,1,1,0.0,0.0,1.0
W0025,Evening,2025-05-17,26.0,0,1,0.0,0.0,0.0
W0025,Morning,2025-01-04,20.0,1,1,0.0,0.0,1.0
W0025,Morning,2025-01-12,17.0,0,1,0.0,0.0,0.0
W0025,Morning,2025-01-21,40.0,0,1,0.0,0.0,0.0
W0025,Morning,2025-02-01,1.0,1,1,0.0,0.0,1.0
W0025,Morning,2025-03-23,26.0,0,1,0.0,0.0,0.0
W0025,Morning,2025-05-29,24.0,1,1,0.0,0.0,1.0
W0025,Morning,2025-06-20,6.0,0,1,0.0,0.0,0.0
W0025,Night,2025-01-13,26.0,0,1,0.0,0.0,0.0
W0025,Night,2025-02-23,8.0,0,1,0.0,0.0,0.0
W0025,Night,2025-03-21,13.0,0,1,0.0,0.0,0.0
W0025,Night,2025-03-27,11.0,1,1,0.0,0.0,1.0
W0025,Night,2025-04-30,8.0,1,1,0.0,0.0,1.0
W0025,Night,2025-06-02,49.0,0,1,0.0,0.0,0.0
W0026,Evening,2025-02-23,29.0,1,1,9.0,3.2222222222222223,1.0
W0026,Evening,2025-05-02,47.0,0,1,0.0,0.0,0.0
W0026,Morning,2025-01-10,49.0,0,1,0.0,0.0,0.0
W0026,Morning,2025-02-07,6.0,1,1,0.0,0.0,1.0
W0026,Morning,2025-02-16,30.0,0,1,0.0,0.0,0.0
W0026,Morning,2025-03-08,31.0,0,1,0.0,0.0,0.0
W0026,Morning,2025-03-10,26.0,1,1,0.0,0.0,1.0
W0026,Morning,2025-03-12,13.0,0,1,0.0,0.0,0.0
W0026,Morning,2025-03-21,11.0,1,1,0.0,0.0,1.0
W0026,Morning,2025-04-12,35.0,0,1,0.0,0.0,0.0
W0026,Morning,2025-04-13,47.0,0,1,0.0,0.0,0.0
W0026,Morning,2025-04-24,20.0,0,1,0.0,0.0,0.0
W0026,Morning,2025-06-02,44.0,0,1,0.0,0.0,0.0
W0026,Morning,2025-06-13,24.0,1,1,0.0,0.0,1.0
W0026,Morning,2025-06-25,16.0,0,1,0.0,0.0,0.0
W0026,Night,2025-01-27,22.0,0,1,0.0,0.0,0.0
W0026,Night,2025-03-08,1.0,1,1,8.0,0.125,1.0
W0026,Night,2025-05-02,14.0,0,1,0.0,0.0,0.0
W0026,Night,2025-06-12,13.0,0,1,0.0,0.0,0.0
W0026,Night,2025-06-18,24.0,0,1,0.0,0.0,0.0
W0027,Evening,2025-01-12,35.0,0,1,0.0,0.0,0.0
W0027,Evening,2025-02-22,14.0,1,1,0.0,0.0,1.0
W0027,Evening,2025-03-20,33.0,0,1,0.0,0.0,0.0
W0027,Evening,2025-04-16,42.0,0,1,0.0,0.0,0.0
W0027,Evening,2025-05-24,27.0,1,1,0.0,0.0,1.0
W0027,Morning,2025-01-03,25.0,1,1,0.0,0.0,1.0
W0027,Morning,2025-01-15,17.0,1,1,0.0,0.0,1.0
W0027,Morning,2025-02-12,3.0,0,1,0.0,0.0,0.0
W0027,Morning,2025-02-22,9.0,0,1,0.0,0.0,0.0
W0027,Morning,2025-03-06,49.0,0,1,0.0,0.0,0.0
W0027,Morning,2025-03-31,44.0,0,1,0.0,0.0,0.0
W0027,Morning,2025-04-05,25.0,0,1,0.0,0.0,0.0
W0027,Morning,2025-04-28,47.0,0,1,0.0,0.0,0.0
W0027,Morning,2025-05-26,38.0,0,2,0.0,0.0,0.0
W0027,Morning,2025-06-06,34.0,0,1,0.0,0.0,0.0
W0027,Night,2025-01-21,31.0,0,1,0.0,0.0,0.0
W0027,Night,2025-01-25,25.0,0,1,0.0,0.0,0.0
W0027,Night,2025-03-02,36.0,0,1,0.0,0.0,0.0
W0027,Night,2025-04-30,9.0,0,1,0.0,0.0,0.0
W0028,Evening,2025-03-04,14.0,1,1,0.0,0.0,1.0
W0028,Evening,2025-05-28,47.0,0,1,0.0,0.0,0.0
W0028,Morning,2025-01-20,14.0,0,1,0.0,0.0,0.0
W0028,Morning,2025-03-26,23.0,0,1,0.0,0.0,0.0
W0028,Morning,2025-04-05,27.0,0,1,0.0,0.0,0.0
W0028,Morning,2025-04-30,8.0,0,1,0.0,0.0,0.0
W0028,Night,2025-02-12,23.0,1,1,0.0,0.0,1.0
W0028,Night,2025-03-02,35.0,0,1,0.0,0.0,0.0
W0028,Night,2025-03-22,39.0,0,1,10.0,3.9,0.0
W0028,Night,2025-04-13,33.0,0,1,0.0,0.0,0.0
W0028,Night,2025-05-18,18.0,0,1,0.0,0.0,0.0
W0028,Night,2025-05-27,18.0,0,1,0.0,0.0,0.0
W0028,Night,2025-06-05,24.0,0,1,0.0,0.0,0.0
W0028,Night,2025-06-14,20.0,1,1,0.0,0.0,1.0
W0029,Evening,2025-01-30,17.0,1,1,0.0,0.0,1.0
W0029,Evening,2025-02-06,22.0,0,1,0.0,0.0,0.0
W0029,Evening,2025-02-09,1.0,1,1,0.0,0.0,1.0
W0029,Morning,2025-01-02,45.0,0,1,0.0,0.0,0.0
W0029,Morning,2025-01-16,33.0,0,1,0.0,0.0,0.0
W0029,Morning,2025-02-02,27.0,0,1,0.0,0.0,0.0
W0029,Morning,2025-02-24,10.0,1,1,0.0,0.0,1.0
W0029,Morning,2025-04-26,26.0,0,1,0.0,0.0,0.0
W0029,Morning,2025-05-15,35.0,0,1,0.0,0.0,0.0
W0029,Morning,2025-06-01,20.0,0,1,0.0,0.0,0.0
W0029,Morning,2025-06-10,44.0,0,1,0.0,0.0,0.0
W0029,Morning,2025-06-19,34.0,0,1,0.0,0.0,0.0
W0029,Night,2025-03-11,23.0,1,1,0.0,0.0,1.0
W0029,Night,2025-03-25,22.0,1,1,0.0,0.0,1.0
W0029,Night,2025-06-08,6.0,0,1,0.0,0.0,0.0
W0029,Night,2025-06-09,44.0,0,1,0.0,0.0,0.0
W0030,Evening,2025-02-01,15.0,0,1,0.0,0.0,0.0
W0030,Evening,2025-04-01,9.0,0,1,0.0,0.0,0.0
W0030,Morning,2025-01-15,29.0,0,1,0.0,0.0,0.0
W0030,Morning,2025-01-25,42.0,0,1,0.0,0.0,0.0
W0030,Morning,2025-03-11,39.0,0,1,0.0,0.0,0.0
W0030,Morning,2025-04-03,30.0,0,1,0.0,0.0,0.0
W0030,Morning,2025-04-05,2.0,0,1,0.0,0.0,0.0
W0030,Morning,2025-04-19,37.0,0,1,0.0,0.0,0.0
W0030,Morning,2025-05-07,19.0,0,1,0.0,0.0,0.0
W0030,Morning,2025-05-12,21.0,0,1,0.0,0.0,0.0
W0030,Morning,2025-06-24,4.0,0,1,0.0,0.0,0.0
W0030,Night,2025-02-21,8.0,0,1,0.0,0.0,0.0
W0030,Night,2025-04-05,16.0,0,1,0.0,0.0,0.0
W0030,Night,2025-04-19,43.0,0,1,0.0,0.0,0.0
W0030,Night,2025-05-19,27.0,0,1,0.0,0.0,0.0
W0030,Night,2025-06-01,30.0,1,1,0.0,0.0,1.0
W0031,Evening,2025-01-21,35.0,1,1,0.0,0.0,1.0
W0031,Evening,2025-02-22,2.0,0,1,0.0,0.0,0.0
W0031,Evening,2025-02-27,15.0,0,1,0.0,0.0,0.0
W0031,Evening,2025-02-28,45.0,0,1,0.0,0.0,0.0
W0031,Evening,2025-03-24,21.0,0,1,0.0,0.0,0.0
W0031,Evening,2025-05-01,15.0,0,1,0.0,0.0,0.0
W0031,Evening,2025-05-14,7.0,0,1,0.0,0.0,0.0
W0031,Evening,2025-05-20,47.0,0,1,0.0,0.0,0.0
W0031,Morning,2025-01-03,39.0,0,1,0.0,0.0,0.0
W0031,Morning,2025-01-11,32.0,0,1,0.0,0.0,0.0
W0031,Morning,2025-01-14,29.0,0,1,0.0,0.0,0.0
W0031,Morning,2025-03-20,18.0,0,1,0.0,0.0,0.0
W0031,Morning,2025-04-02,25.0,1,1,0.0,0.0,1.0
W0031,Morning,2025-04-06,38.0,0,1,0.0,0.0,0.0
W0031,Morning,2025-04-24,48.0,0,1,0.0,0.0,0.0
W0031,Morning,2025-05-03,36.0,0,1,0.0,0.0,0.0
W0031,Morning,2025-06-09,41.0,0,1,0.0,0.0,0.0
W0031,Morning,2025-06-12,39.0,0,1,0.0,0.0,0.0
W0031,Morning,2025-06-14,40.0,0,1,0.0,0.0,0.0
W0031,Night,2025-06-06,43.0,0,1,0.0,0.0,0.0
W0032,Evening,2025-01-22,32.0,0,1,0.0,0.0,0.0
W0032,Evening,2025-01-24,47.0,0,1,0.0,0.0,0.0
W0032,Evening,2025-03-28,31.0,0,1,0.0,0.0,0.0
W0032,Evening,2025-04-27,32.0,0,1,0.0,0.0,0.0
W0032,Evening,2025-05-24,9.0,1,1,0.0,0.0,1.0
W0032,Evening,2025-06-08,23.0,0,1,0.0,0.0,0.0
W0032,Evening,2025-06-20,37.0,1,1,0.0,0.0,1.0
W0032,Evening,2025-06-24,2.0,0,1,0.0,0.0,0.0
W0032,Morning,2025-01-03,11.0,0,1,0.0,0.0,0.0
W0032,Morning,2025-01-30,4.0,0,1,0.0,0.0,0.0
W0032,Morning,2025-02-05,14.0,0,1,0.0,0.0,0.0
W0032,Morning,2025-03-27,22.0,1,1,0.0,0.0,1.0
W0032,Morning,2025-05-01,16.0,0,1,0.0,0.0,0.0
W0032,Morning,2025-05-04,14.0,0,1,0.0,0.0,0.0
W0032,Morning,2025-05-25,20.0,0,1,0.0,0.0,0.0
W0032,Morning,2025-06-01,47.0,0,1,0.0,0.0,0.0
W0032,Morning,2025-06-23,24.0,1,1,0.0,0.0,1.0
W0032,Night,2025-01-03,47.0,0,1,0.0,0.0,0.0
W0032,Night,2025-01-25,2.0,0,1,0.0,0.0,0.0
W0032,Night,2025-05-25,12.0,0,1,0.0,0.0,0.0
W0032,Night,2025-06-18,29.0,0,1,0.0,0.0,0.0
W0033,Evening,2025-01-16,6.0,0,1,8.0,0.75,0.0
W0033,Evening,2025-01-24,40.0,0,1,0.0,0.0,0.0
W0033,Evening,2025-02-07,32.0,0,1,0.0,0.0,0.0
W0033,Evening,2025-02-11,13.0,1,1,0.0,0.0,1.0
W0033,Evening,2025-04-22,18.0,0,1,0.0,0.0,0.0
W0033,Evening,2025-06-02,1.0,0,1,0.0,0.0,0.0
W0033,Morning,2025-01-20,47.0,1,1,0.0,0.0,1.0
W0033,Morning,2025-02-17,27.0,0,1,0.0,0.0,0.0
W0033,Morning,2025-04-25,48.0,0,1,0.0,0.0,0.0
W0033,Morning,2025-05-12,10.0,0,1,0.0,0.0,0.0
W0033,Morning,2025-05-13,17.0,0,1,0.0,0.0,0.0
W0033,Morning,2025-05-14,21.0,0,1,0.0,0.0,0.0
W0033,Morning,2025-06-03,27.0,1,1,0.0,0.0,1.0
W0033,Night,2025-03-06,12.0,0,1,0.0,0.0,0.0
W0033,Night,2025-04-11,10.0,0,1,0.0,0.0,0.0
W0033,Night,2025-05-04,7.0,1,1,0.0,0.0,1.0
W0033,Night,2025-05-08,39.0,0,1,0.0,0.0,0.0
W0034,Evening,2025-02-15,19.0,0,1,0.0,0.0,0.0
W0034,Evening,2025-04-30,14.0,1,1,7.0,2.0,1.0
W0034,Morning,2025-01-07,4.0,0,1,0.0,0.0,0.0
W0034,Morning,2025-04-29,15.0,1,1,0.0,0.0,1.0
W0034,Morning,2025-05-07,32.0,0,1,0.0,0.0,0.0
W0034,Night,2025-02-16,26.0,1,1,0.0,0.0,1.0
W0034,Night,2025-03-06,3.0,0,1,0.0,0.0,0.0
W0034,Night,2025-04-23,33.0,0,1,0.0,0.0,0.0
W0034,Night,2025-05-22,23.0,0,1,0.0,0.0,0.0
W0034,Night,2025-06-28,22.0,0,1,0.0,0.0,0.0
W0035,Evening,2025-01-05,15.0,0,1,0.0,0.0,0.0
W0035,Evening,2025-01-16,19.0,0,1,0.0,0.0,0.0
W0035,Evening,2025-03-23,27.0,0,1,0.0,0.0,0.0
W0035,Evening,2025-04-30,42.0,0,1,0.0,0.0,0.0
W0035,Evening,2025-05-28,5.0,0,1,0.0,0.0,0.0
W0035,Evening,2025-06-14,43.0,0,1,0.0,0.0,0.0
W0035,Evening,2025-06-19,5.0,0,1,0.0,0.0,0.0
W0035,Morning,2025-02-02,18.0,1,1,0.0,0.0,1.0
W0035,Morning,2025-03-07,43.0,0,1,0.0,0.0,0.0
W0035,Morning,2025-04-05,39.0,0,1,0.0,0.0,0.0
W0035,Morning,2025-06-02,9.0,0,1,0.0,0.0,0.0
W0035,Morning,2025-06-17,9.0,0,1,0.0,0.0,0.0
W0035,Night,2025-01-12,28.0,0,1,0.0,0.0,0.0
W0035,Night,2025-03-05,46.0,0,1,0.0,0.0,0.0
W0035,Night,2025-03-18,39.0,0,1,0.0,0.0,0.0
W0035,Night,2025-04-02,39.0,0,1,0.0,0.0,0.0
W0035,Night,2025-05-16,50.0,2,2,0.0,0.0,1.0
W0035,Night,2025-06-03,6.0,0,1,0.0,0.0,0.0
W0035,Night,2025-06-07,34.0,0,1,0.0,0.0,0.0
W0036,Evening,2025-01-08,19.0,0,1,0.0,0.0,0.0
W0036,Evening,2025-02-12,47.0,0,1,0.0,0.0,0.0
W0036,Evening,2025-02-15,30.0,0,1,0.0,0.0,0.0
W0036,Evening,2025-02-19,22.0,1,1,0.0,0.0,1.0
W0036,Evening,2025-02-27,4.0,0,1,0.0,0.0,0.0
W0036,Evening,2025-03-19,1.0,0,1,15.0,0.06666666666666667,0.0
W0036,Morning,2025-01-11,40.0,0,1,0.0,0.0,0.0
W0036,Morning,2025-01-21,16.0,0,1,0.0,0.0,0.0
W0036,Morning,2025-02-07,20.0,0,1,0.0,0.0,0.0
W0036,Morning,2025-02-20,32.0,0,1,0.0,0.0,0.0
W0036,Morning,2025-03-15,14.0,0,1,0.0,0.0,0.0
W0036,Morning,2025-03-19,6.0,0,1,0.0,0.0,0.0
W0036,Morning,2025-03-28,42.0,0,1,0.0,0.0,0.0
W0036,Morning,2025-04-14,15.0,1,1,0.0,0.0,1.0
W0036,Night,2025-01-22,17.0,0,1,0.0,0.0,0.0
W0036,Night,2025-02-05,28.0,0,1,0.0,0.0,0.0
W0036,Night,2025-03-10,27.0,1,1,0.0,0.0,1.0
W0036,Night,2025-04-01,27.0,0,1,0.0,0.0,0.0
W0036,Night,2025-04-14,10.0,0,1,0.0,0.0,0.0
W0036,Night,2025-05-05,38.0,0,1,0.0,0.0,0.0
W0037,Evening,2025-02-03,44.0,0,1,0.0,0.0,0.0
W0037,Evening,2025-03-19,48.0,0,1,0.0,0.0,0.0
W0037,Evening,2025-05-02,16.0,1,1,0.0,0.0,1.0
W0037,Evening,2025-06-05,1.0,1,1,0.0,0.0,1.0
W0037,Evening,2025-06-19,35.0,0,1,0.0,0.0,0.0
W0037,Morning,2025-01-04,1.0,0,1,0.0,0.0,0.0
W0037,Morning,2025-01-17,13.0,0,1,0.0,0.0,0.0
W0037,Morning,2025-02-03,9.0,0,1,0.0,0.0,0.0
W0037,Morning,2025-02-20,43.0,1,1,8.0,5.375,1.0
W0037,Morning,2025-03-06,49.0,0,1,0.0,0.0,0.0
W0037,Morning,2025-03-13,46.0,1,1,0.0,0.0,1.0
W0037,Morning,2025-05-16,59.0,0,2,0.0,0.0,0.0
W0037,Morning,2025-06-19,30.0,0,1,0.0,0.0,0.0
W0037,Morning,2025-06-24,48.0,0,1,0.0,0.0,0.0
W0037,Night,2025-02-19,31.0,0,1,0.0,0.0,0.0
W0037,Night,2025-04-22,36.0,0,1,0.0,0.0,0.0
W0037,Night,2025-05-17,24.0,0,1,0.0,0.0,0.0
W0038,Evening,2025-02-15,23.0,0,1,0.0,0.0,0.0
W0038,Evening,2025-03-28,12.0,0,1,0.0,0.0,0.0
W0038,Morning,2025-01-15,28.0,0,1,0.0,0.0,0.0
W0038,Morning,2025-01-19,28.0,0,1,0.0,0.0,0.0
W0038,Morning,2025-01-23,13.0,0,1,0.0,0.0,0.0
W0038,Morning,2025-02-24,35.0,0,1,0.0,0.0,0.0
W0038,Morning,2025-03-18,44.0,1,1,0.0,0.0,1.0
W0038,Morning,2025-04-13,24.0,0,1,0.0,0.0,0.0
W0038,Morning,2025-05-02,29.0,0,1,0.0,0.0,0.0
W0038,Morning,2025-05-16,30.0,1,1,0.0,0.0,1.0
W0038,Morning,2025-05-24,45.0,1,1,0.0,0.0,1.0
W0038,Morning,2025-06-21,32.0,1,1,0.0,0.0,1.0
W0038,Night,2025-02-02,12.0,1,1,0.0,0.0,1.0
W0038,Night,2025-02-21,23.0,0,1,0.0,0.0,0.0
W0038,Night,2025-03-04,14.0,0,1,0.0,0.0,0.0
W0038,Night,2025-03-17,10.0,1,1,0.0,0.0,1.0
W0038,Night,2025-05-28,36.0,0,1,0.0,0.0,0.0
W0038,Night,2025-06-07,27.0,1,1,0.0,0.0,1.0
W0039,Evening,2025-02-11,21.0,0,1,0.0,0.0,0.0
W0039,Evening,2025-03-23,44.0,0,1,0.0,0.0,0.0
W0039,Morning,2025-01-17,9.0,0,1,0.0,0.0,0.0
W0039,Morning,2025-03-15,33.0,0,1,0.0,0.0,0.0
W0039,Morning,2025-04-11,27.0,0,1,0.0,0.0,0.0
W0039,Morning,2025-04-14,22.0,0,1,0.0,0.0,0.0
W0039,Morning,2025-05-03,8.0,0,1,0.0,0.0,0.0
W0039,Night,2025-01-24,45.0,1,1,0.0,0.0,1.0
W0039,Night,2025-03-16,6.0,0,1,0.0,0.0,0.0
W0039,Night,2025-03-22,24.0,0,1,0.0,0.0,0.0
W0039,Night,2025-05-23,13.0,0,1,0.0,0.0,0.0
W0039,Night,2025-06-03,26.0,0,1,0.0,0.0,0.0
W0040,Evening,2025-01-31,43.0,1,1,0.0,0.0,1.0
W0040,Evening,2025-05-25,4.0,0,1,0.0,0.0,0.0
W0040,Evening,2025-05-26,40.0,0,1,0.0,0.0,0.0
W0040,Evening,2025-06-04,48.0,0,1,0.0,0.0,0.0
W0040,Evening,2025-06-28,38.0,0,1,0.0,0.0,0.0
W0040,Morning,2025-01-04,33.0,0,2,0.0,0.0,0.0
W0040,Morning,2025-01-18,30.0,0,1,0.0,0.0,0.0
W0040,Morning,2025-02-12,3.0,0,1,0.0,0.0,0.0
W0040,Morning,2025-05-05,3.0,1,1,0.0,0.0,1.0
W0040,Morning,2025-06-14,2.0,0,1,0.0,0.0,0.0
W0040,Morning,2025-06-23,3.0,0,1,0.0,0.0,0.0
W0040,Night,2025-02-23,7.0,0,1,6.0,1.1666666666666667,0.0
W0040,Night,2025-04-07,22.0,0,1,10.0,2.2,0.0
W0040,Night,2025-05-04,22.0,0,1,0.0,0.0,0.0
W0040,Night,2025-06-05,11.0,1,1,7.0,1.5714285714285714,1.0
W0041,Evening,2025-01-25,35.0,0,1,0.0,0.0,0.0
W0041,Evening,2025-02-08,10.0,0,1,0.0,0.0,0.0
W0041,Evening,2025-02-13,7.0,0,1,0.0,0.0,0.0
W0041,Evening,2025-03-20,11.0,1,1,0.0,0.0,1.0
W0041,Evening,2025-04-16,12.0,0,1,0.0,0.0,0.0
W0041,Evening,2025-06-07,48.0,1,1,0.0,0.0,1.0
W0041,Morning,2025-02-17,32.0,0,1,0.0,0.0,0.0
W0041,Morning,2025-03-18,4.0,0,1,0.0,0.0,0.0
W0041,Morning,2025-04-04,15.0,0,1,0.0,0.0,0.0
W0041,Morning,2025-04-07,40.0,0,1,0.0,0.0,0.0
W0041,Morning,2025-04-14,34.0,0,1,0.0,0.0,0.0
W0041,Morning,2025-04-21,18.0,0,1,0.0,0.0,0.0
W0041,Morning,2025-04-29,40.0,0,1,0.0,0.0,0.0
W0041,Morning,2025-05-29,36.0,0,1,0.0,0.0,0.0
W0041,Night,2025-02-27,31.0,0,1,0.0,0.0,0.0
W0041,Night,2025-03-01,45.0,0,1,0.0,0.0,0.0
W0041,Night,2025-05-11,11.0,0,1,0.0,0.0,0.0
W0041,Night,2025-05-13,38.0,0,1,0.0,0.0,0.0
W0041,Night,2025-05-24,18.0,0,1,0.0,0.0,0.0
W0041,Night,2025-06-22,23.0,0,1,0.0,0.0,0.0
W0042,Evening,2025-01-17,32.0,1,1,0.0,0.0,1.0
W0042,Evening,2025-02-14,16.0,1,1,0.0,0.0,1.0
W0042,Evening,2025-02-20,9.0,0,1,0.0,0.0,0.0
W0042,Evening,2025-02-25,13.0,0,1,0.0,0.0,0.0
W0042,Evening,2025-04-02,11.0,0,1,0.0,0.0,0.0
W0042,Morning,2025-01-18,45.0,0,1,0.0,0.0,0.0
W0042,Morning,2025-01-25,3.0,0,1,0.0,0.0,0.0
W0042,Morning,2025-02-22,41.0,1,1,0.0,0.0,1.0
W0042,Morning,2025-02-23,48.0,0,1,0.0,0.0,0.0
W0042,Morning,2025-02-28,16.0,0,1,0.0,0.0,0.0
W0042,Morning,2025-05-05,6.0,0,1,0.0,0.0,0.0
W0042,Morning,2025-06-18,5.0,0,1,0.0,0.0,0.0
W0042,Night,2025-01-03,49.0,0,1,0.0,0.0,0.0
W0042,Night,2025-01-23,1.0,0,1,0.0,0.0,0.0
W0042,Night,2025-04-08,44.0,1,2,0.0,0.0,0.5
W0042,Night,2025-05-14,21.0,1,1,0.0,0.0,1.0
W0042,Night,2025-05-22,10.0,0,1,0.0,0.0,0.0
W0042,Night,2025-05-31,26.0,0,1,0.0,0.0,0.0
W0043,Evening,2025-02-07,29.0,0,1,0.0,0.0,0.0
W0043,Evening,2025-02-24,15.0,1,1,0.0,0.0,1.0
W0043,Evening,2025-04-19,25.0,1,1,0.0,0.0,1.0
W0043,Evening,2025-04-28,29.0,0,1,0.0,0.0,0.0
W0043,Evening,2025-05-15,36.0,0,1,0.0,0.0,0.0
W0043,Morning,2025-01-04,6.0,0,1,0.0,0.0,0.0
W0043,Morning,2025-02-02,24.0,0,1,0.0,0.0,0.0
W0043,Morning,2025-03-08,38.0,0,1,0.0,0.0,0.0
W0043,Morning,2025-04-14,46.0,0,1,0.0,0.0,0.0
W0043,Morning,2025-04-24,43.0,0,1,0.0,0.0,0.0
W0043,Morning,2025-05-23,6.0,0,1,8.0,0.75,0.0
W0043,Morning,2025-05-31,42.0,0,1,0.0,0.0,0.0
W0043,Morning,2025-06-16,22.0,0,1,0.0,0.0,0.0
W0043,Night,2025-01-06,9.0,1,1,0.0,0.0,1.0
W0043,Night,2025-04-06,14.0,0,1,0.0,0.0,0.0
W0043,Night,2025-05-10,26.0,0,1,0.0,0.0,0.0
W0044,Evening,2025-01-19,45.0,0,1,0.0,0.0,0.0
W0044,Evening,2025-01-21,22.0,0,1,0.0,0.0,0.0
W0044,Evening,2025-02-06,30.0,0,1,0.0,0.0,0.0
W0044,Evening,2025-02-21,32.0,0,1,0.0,0.0,0.0
W0044,Evening,2025-03-02,95.0,1,2,0.0,0.0,0.5
W0044,Morning,2025-02-11,41.0,0,1,0.0,0.0,0.0
W0044,Morning,2025-02-16,44.0,0,1,0.0,0.0,0.0
W0044,Morning,2025-03-08,29.0,1,1,0.0,0.0,1.0
W0044,Morning,2025-03-19,5.0,1,1,0.0,0.0,1.0
W0044,Morning,2025-03-31,16.0,1,1,0.0,0.0,1.0
W0044,Morning,2025-04-20,14.0,0,1,0.0,0.0,0.0
W0044,Morning,2025-05-04,6.0,0,1,0.0,0.0,0.0
W0044,Morning,2025-05-11,48.0,1,1,8.0,6.0,1.0
W0044,Morning,2025-06-13,17.0,0,1,0.0,0.0,0.0
W0044,Morning,2025-06-20,39.0,0,1,0.0,0.0,0.0
W0044,Night,2025-01-09,33.0,0,1,0.0,0.0,0.0
W0044,Night,2025-01-19,5.0,0,1,0.0,0.0,0.0
W0044,Night,2025-02-20,22.0,0,1,0.0,0.0,0.0
W0044,Night,2025-03-03,49.0,1,1,10.0,4.9,1.0
W0044,Night,2025-03-10,29.0,0,1,0.0,0.0,0.0
W0044,Night,2025-05-05,37.0,0,1,0.0,0.0,0.0
W0044,Night,2025-06-05,28.0,0,1,0.0,0.0,0.0
W0045,Evening,2025-01-25,2.0,0,1,0.0,0.0,0.0
W0045,Evening,2025-01-31,37.0,1,1,0.0,0.0,1.0
W0045,Evening,2025-02-26,26.0,0,1,0.0,0.0,0.0
W0045,Evening,2025-02-28,40.0,0,1,0.0,0.0,0.0
W0045,Evening,2025-03-14,24.0,0,1,0.0,0.0,0.0
W0045,Evening,2025-04-14,12.0,0,1,0.0,0.0,0.0
W0045,Evening,2025-04-25,35.0,0,1,0.0,0.0,0.0
W0045,Evening,2025-06-01,18.0,1,1,0.0,0.0,1.0
W0045,Morning,2025-01-25,21.0,0,1,0.0,0.0,0.0
W0045,Morning,2025-01-29,31.0,1,1,0.0,0.0,1.0
W0045,Morning,2025-04-07,14.0,0,1,0.0,0.0,0.0
W0045,Morning,2025-04-12,19.0,0,1,0.0,0.0,0.0
W0045,Morning,2025-04-13,16.0,0,1,0.0,0.0,0.0
W0045,Morning,2025-05-18,39.0,0,1,0.0,0.0,0.0
W0045,Night,2025-01-09,5.0,0,1,0.0,0.0,0.0
W0045,Night,2025-02-27,6.0,1,1,0.0,0.0,1.0
W0045,Night,2025-04-08,49.0,0,1,0.0,0.0,0.0
W0045,Night,2025-04-19,32.0,0,1,0.0,0.0,0.0
W0045,Night,2025-04-26,23.0,0,1,0.0,0.0,0.0
W0045,Night,2025-05-10,41.0,0,1,6.0,6.833333333333333,0.0
W0046,Evening,2025-01-09,23.0,0,1,0.0,0.0,0.0
W0046,Evening,2025-02-07,10.0,0,1,0.0,0.0,0.0
W0046,Evening,2025-02-18,10.0,0,1,0.0,0.0,0.0
W0046,Evening,2025-02-25,33.0,1,1,6.0,5.5,1.0
W0046,Evening,2025-03-31,48.0,0,1,0.0,0.0,0.0
W0046,Evening,2025-05-11,30.0,0,1,0.0,0.0,0.0
W0046,Evening,2025-05-26,25.0,1,1,0.0,0.0,1.0
W0046,Morning,2025-01-06,13.0,1,1,0.0,0.0,1.0
W0046,Morning,2025-01-16,6.0,0,1,0.0,0.0,0.0
W0046,Morning,2025-01-18,13.0,0,1,0.0,0.0,0.0
W0046,Morning,2025-02-13,46.0,0,1,0.0,0.0,0.0
W0046,Morning,2025-03-22,34.0,0,1,0.0,0.0,0.0
W0046,Morning,2025-03-28,27.0,1,1,0.0,0.0,1.0
W0046,Morning,2025-04-03,10.0,0,1,0.0,0.0,0.0
W0046,Morning,2025-04-11,31.0,0,1,0.0,0.0,0.0
W0046,Morning,2025-06-24,11.0,0,1,0.0,0.0,0.0
W0046,Morning,2025-06-29,2.0,0,1,0.0,0.0,0.0
W0046,Night,2025-02-15,33.0,0,1,0.0,0.0,0.0
W0046,Night,2025-03-06,49.0,0,1,0.0,0.0,0.0
W0046,Night,2025-03-21,29.0,0,1,0.0,0.0,0.0
W0047,Evening,2025-01-07,31.0,0,1,0.0,0.0,0.0
W0047,Evening,2025-04-20,34.0,1,1,0.0,0.0,1.0
W0047,Evening,2025-05-19,43.0,0,1,0.0,0.0,0.0
W0047,Evening,2025-05-24,10.0,1,1,0.0,0.0,1.0
W0047,Morning,2025-01-14,39.0,0,1,0.0,0.0,0.0
W0047,Morning,2025-01-27,29.0,0,1,0.0,0.0,0.0
W0047,Morning,2025-02-04,25.0,0,1,0.0,0.0,0.0
W0047,Morning,2025-02-18,45.0,0,1,0.0,0.0,0.0
W0047,Morning,2025-04-15,17.0,0,1,0.0,0.0,0.0
W0047,Morning,2025-04-20,21.0,0,2,0.0,0.0,0.0
W0047,Morning,2025-05-01,29.0,0,1,0.0,0.0,0.0
W0047,Morning,2025-05-24,38.0,0,1,0.0,0.0,0.0
W0047,Morning,2025-06-01,2.0,0,1,0.0,0.0,0.0
W0047,Morning,2025-06-26,24.0,0,1,0.0,0.0,0.0
W0047,Night,2025-01-20,21.0,0,1,0.0,0.0,0.0
W0047,Night,2025-05-14,40.0,0,1,0.0,0.0,0.0
W0047,Night,2025-06-22,18.0,0,1,0.0,0.0,0.0
W0048,Evening,2025-01-01,48.0,0,1,0.0,0.0,0.0
W0048,Evening,2025-01-30,22.0,0,1,0.0,0.0,0.0
W0048,Evening,2025-02-09,1.0,0,1,0.0,0.0,0.0
W0048,Evening,2025-03-08,29.0,1,1,0.0,0.0,1.0
W0048,Evening,2025-03-15,43.0,0,1,0.0,0.0,0.0
W0048,Evening,2025-05-10,23.0,0,1,0.0,0.0,0.0
W0048,Morning,2025-01-23,42.0,0,1,0.0,0.0,0.0
W0048,Morning,2025-02-04,17.0,1,1,0.0,0.0,1.0
W0048,Morning,2025-03-08,34.0,0,1,0.0,0.0,0.0
W0048,Morning,2025-03-22,33.0,0,1,0.0,0.0,0.0
W0048,Morning,2025-03-23,13.0,0,1,0.0,0.0,0.0
W0048,Morning,2025-04-02,15.0,0,1,0.0,0.0,0.0
W0048,Morning,2025-04-11,45.0,0,1,0.0,0.0,0.0
W0048,Morning,2025-04-25,14.0,0,1,0.0,0.0,0.0
W0048,Morning,2025-04-29,47.0,0,1,0.0,0.0,0.0
W0048,Morning,2025-05-04,69.0,0,2,0.0,0.0,0.0
W0048,Morning,2025-05-06,49.0,0,1,0.0,0.0,0.0
W0048,Morning,2025-05-16,41.0,0,1,0.0,0.0,0.0
W0048,Morning,2025-06-02,38.0,1,1,0.0,0.0,1.0
W0048,Morning,2025-06-25,25.0,0,1,0.0,0.0,0.0
W0049,Evening,2025-01-30,49.0,0,1,0.0,0.0,0.0
W0049,Evening,2025-03-13,30.0,0,1,0.0,0.0,0.0
W0049,Evening,2025-03-27,39.0,0,1,0.0,0.0,0.0
W0049,Evening,2025-04-03,20.0,0,1,0.0,0.0,0.0
W0049,Evening,2025-04-17,38.0,0,1,0.0,0.0,0.0
W0049,Evening,2025-06-07,22.0,0,1,0.0,0.0,0.0
W0049,Morning,2025-01-04,32.0,1,1,0.0,0.0,1.0
W0049,Morning,2025-01-07,19.0,0,1,0.0,0.0,0.0
W0049,Morning,2025-01-30,11.0,0,1,0.0,0.0,0.0
W0049,Morning,2025-02-02,26.0,0,1,0.0,0.0,0.0
W0049,Morning,2025-03-17,11.0,0,1,0.0,0.0,0.0
W0049,Morning,2025-05-21,30.0,0,1,0.0,0.0,0.0
W0049,Night,2025-02-11,2.0,0,1,0.0,0.0,0.0
W0049,Night,2025-03-03,4.0,1,1,0.0,0.0,1.0
W0049,Night,2025-05-02,46.0,0,1,0.0,0.0,0.0
W0050,Evening,2025-01-07,37.0,0,1,0.0,0.0,0.0
W0050,Evening,2025-01-11,28.0,0,1,0.0,0.0,0.0
W0050,Evening,2025-02-26,10.0,0,1,0.0,0.0,0.0
W0050,Evening,2025-03-13,24.0,0,1,0.0,0.0,0.0
W0050,Evening,2025-04-10,28.0,1,1,0.0,0.0,1.0
W0050,Evening,2025-05-01,10.0,1,1,0.0,0.0,1.0
W0050,Evening,2025-06-19,13.0,0,1,0.0,0.0,0.0
W0050,Evening,2025-06-29,2.0,0,1,0.0,0.0,0.0
W0050,Morning,2025-01-27,38.0,0,1,0.0,0.0,0.0
W0050,Morning,2025-02-05,11.0,0,1,0.0,0.0,0.0
W0050,Morning,2025-02-17,28.0,0,1,0.0,0.0,0.0
W0050,Morning,2025-02-18,41.0,0,1,0.0,0.0,0.0
W0050,Morning,2025-02-19,40.0,0,1,0.0,0.0,0.0
W0050,Morning,2025-03-02,33.0,0,1,0.0,0.0,0.0
W0050,Morning,2025-03-30,42.0,0,1,0.0,0.0,0.0
W0050,Morning,2025-04-17,60.0,0,2,0.0,0.0,0.0
W0050,Morning,2025-05-09,43.0,0,1,0.0,0.0,0.0
W0050,Morning,2025-05-27,9.0,0,1,0.0,0.0,0.0
W0050,Morning,2025-06-16,5.0,0,1,0.0,0.0,0.0
W0050,Night,2025-01-03,20.0,0,1,0.0,0.0,0.0
W0050,Night,2025-01-27,39.0,0,1,0.0,0.0,0.0
W0050,Night,2025-02-21,26.0,1,1,0.0,0.0,1.0
W0050,Night,2025-03-07,42.0,0,1,0.0,0.0,0.0
W0050,Night,2025-03-31,46.0,0,1,0.0,0.0,0.0
W0050,Night,2025-04-16,12.0,0,1,0.0,0.0,0.0
W0050,Night,2025-04-18,34.0,0,1,9.0,3.7777777777777777,0.0
W0050,Night,2025-05-12,9.0,0,1,0.0,0.0,0.0
W0050,Night,2025-05-22,48.0,0,1,0.0,0.0,0.0
W0051,Evening,2025-01-08,22.0,0,1,0.0,0.0,0.0
W0051,Evening,2025-03-03,10.0,1,1,0.0,0.0,1.0
W0051,Evening,2025-03-24,11.0,0,1,0.0,0.0,0.0
W0051,Evening,2025-03-25,36.0,1,1,0.0,0.0,1.0
W0051,Evening,2025-04-02,9.0,1,1,0.0,0.0,1.0
W0051,Evening,2025-04-28,17.0,1,1,0.0,0.0,1.0
W0051,Evening,2025-05-05,48.0,0,1,0.0,0.0,0.0
W0051,Evening,2025-06-05,10.0,1,1,0.0,0.0,1.0
W0051,Morning,2025-01-16,20.0,0,1,0.0,0.0,0.0
W0051,Morning,2025-01-27,36.0,0,1,0.0,0.0,0.0
W0051,Morning,2025-02-03,37.0,0,1,0.0,0.0,0.0
W0051,Morning,2025-03-08,46.0,0,1,7.0,6.571428571428571,0.0
W0051,Morning,2025-03-23,26.0,0,1,0.0,0.0,0.0
W0051,Morning,2025-04-12,47.0,1,1,0.0,0.0,1.0
W0051,Morning,2025-05-22,13.0,0,1,0.0,0.0,0.0
W0051,Morning,2025-06-07,20.0,0,1,0.0,0.0,0.0
W0051,Morning,2025-06-14,11.0,0,1,0.0,0.0,0.0
W0051,Morning,2025-06-15,22.0,0,1,0.0,0.0,0.0
W0051,Night,2025-01-19,14.0,1,1,0.0,0.0,1.0
W0051,Night,2025-04-25,37.0,0,1,0.0,0.0,0.0
W0051,Night,2025-05-13,18.0,0,1,0.0,0.0,0.0
W0051,Night,2025-05-23,4.0,0,1,0.0,0.0,0.0
W0052,Evening,2025-01-18,39.0,0,1,0.0,0.0,0.0
W0052,Evening,2025-05-07,16.0,1,1,0.0,0.0,1.0
W0052,Evening,2025-05-24,39.0,1,1,0.0,0.0,1.0
W0052,Evening,2025-05-27,11.0,0,1,0.0,0.0,0.0
W0052,Morning,2025-01-05,36.0,0,1,0.0,0.0,0.0
W0052,Morning,2025-02-03,8.0,0,1,0.0,0.0,0.0
W0052,Morning,2025-04-12,32.0,1,1,0.0,0.0,1.0
W0052,Morning,2025-04-13,39.0,1,1,0.0,0.0,1.0
W0052,Morning,2025-06-15,29.0,1,1,0.0,0.0,1.0
W0052,Morning,2025-06-29,13.0,0,1,0.0,0.0,0.0
W0052,Night,2025-03-11,4.0,0,1,0.0,0.0,0.0
W0052,Night,2025-04-17,49.0,0,1,0.0,0.0,0.0
W0052,Night,2025-05-05,41.0,1,1,0.0,0.0,1.0
W0052,Night,2025-06-28,16.0,0,1,0.0,0.0,0.0
W0053,Evening,2025-01-17,27.0,0,1,0.0,0.0,0.0
W0053,Evening,2025-02-13,26.0,0,1,0.0,0.0,0.0
W0053,Evening,2025-02-23,6.0,0,1,0.0,0.0,0.0
W0053,Evening,2025-03-03,1.0,0,1,0.0,0.0,0.0
W0053,Evening,2025-05-05,36.0,0,1,0.0,0.0,0.0
W0053,Evening,2025-06-03,48.0,0,1,0.0,0.0,0.0
W0053,Evening,2025-06-28,29.0,0,1,0.0,0.0,0.0
W0053,Morning,2025-01-20,13.0,0,1,0.0,0.0,0.0
W0053,Morning,2025-03-01,31.0,0,1,0.0,0.0,0.0
W0053,Morning,2025-03-12,41.0,1,1,0.0,0.0,1.0
W0053,Morning,2025-03-18,40.0,0,1,0.0,0.0,0.0
W0053,Morning,2025-04-18,35.0,0,1,0.0,0.0,0.0
W0053,Morning,2025-05-03,23.0,0,1,0.0,0.0,0.0
W0053,Morning,2025-05-07,27.0,0,1,0.0,0.0,0.0
W0053,Morning,2025-05-18,25.0,0,1,0.0,0.0,0.0
W0053,Morning,2025-05-29,18.0,0,1,0.0,0.0,0.0
W0053,Morning,2025-05-30,7.0,0,1,0.0,0.0,0.0
W0053,Night,2025-03-04,22.0,0,1,0.0,0.0,0.0
W0053,Night,2025-03-25,10.0,0,1,0.0,0.0,0.0
W0053,Night,2025-04-14,40.0,1,1,0.0,0.0,1.0
W0053,Night,2025-05-24,24.0,0,1,0.0,0.0,0.0
W0053,Night,2025-05-28,46.0,1,1,0.0,0.0,1.0
W0054,Evening,2025-05-11,43.0,0,1,0.0,0.0,0.0
W0054,Evening,2025-06-12,18.0,1,1,0.0,0.0,1.0
W0054,Evening,2025-06-26,42.0,0,1,0.0,0.0,0.0
W0054,Morning,2025-01-31,19.0,0,1,0.0,0.0,0.0
W0054,Morning,2025-02-05,26.0,0,1,0.0,0.0,0.0
W0054,Morning,2025-02-08,48.0,0,1,0.0,0.0,0.0
W0054,Morning,2025-04-20,46.0,1,1,0.0,0.0,1.0
W0054,Morning,2025-05-15,29.0,1,1,0.0,0.0,1.0
W0054,Morning,2025-06-29,45.0,0,1,0.0,0.0,0.0
W0054,Night,2025-03-21,21.0,1,1,0.0,0.0,1.0
W0054,Night,2025-06-14,44.0,0,1,0.0,0.0,0.0
W0055,Evening,2025-01-30,41.0,1,1,0.0,0.0,1.0
W0055,Evening,2025-03-12,18.0,1,1,0.0,0.0,1.0
W0055,Evening,2025-03-27,17.0,1,1,0.0,0.0,1.0
W0055,Evening,2025-06-12,14.0,1,1,0.0,0.0,1.0
W0055,Morning,2025-02-04,10.0,0,1,0.0,0.0,0.0
W0055,Morning,2025-02-11,7.0,0,1,0.0,0.0,0.0
W0055,Morning,2025-02-17,42.0,0,1,0.0,0.0,0.0
W0055,Morning,2025-03-12,28.0,0,1,0.0,0.0,0.0
W0055,Morning,2025-03-18,47.0,0,1,0.0,0.0,0.0
W0055,Morning,2025-03-29,37.0,0,1,0.0,0.0,0.0
W0055,Morning,2025-03-30,33.0,1,1,0.0,0.0,1.0
W0055,Morning,2025-05-20,17.0,0,1,0.0,0.0,0.0
W0055,Night,2025-01-07,4.0,0,1,0.0,0.0,0.0
W0055,Night,2025-02-08,34.0,1,1,7.0,4.857142857142857,1.0
W0055,Night,2025-02-28,37.0,0,1,0.0,0.0,0.0
W0055,Night,2025-03-04,44.0,0,1,0.0,0.0,0.0
W0055,Night,2025-03-10,11.0,0,1,0.0,0.0,0.0
W0055,Night,2025-05-25,24.0,0,1,0.0,0.0,0.0
W0056,Evening,2025-01-19,25.0,0,1,0.0,0.0,0.0
W0056,Evening,2025-03-25,39.0,1,1,0.0,0.0,1.0
W0056,Evening,2025-03-30,39.0,0,1,0.0,0.0,0.0
W0056,Evening,2025-04-04,15.0,0,1,0.0,0.0,0.0
W0056,Evening,2025-05-07,7.0,0,1,0.0,0.0,0.0
W0056,Morning,2025-01-05,37.0,0,1,0.0,0.0,0.0
W0056,Morning,2025-01-16,44.0,0,1,0.0,0.0,0.0
W0056,Morning,2025-02-22,8.0,0,1,0.0,0.0,0.0
W0056,Morning,2025-03-25,36.0,0,1,0.0,0.0,0.0
W0056,Morning,2025-04-04,35.0,1,1,0.0,0.0,1.0
W0056,Morning,2025-04-09,5.0,1,1,0.0,0.0,1.0
W0056,Morning,2025-04-22,43.0,0,1,0.0,0.0,0.0
W0056,Morning,2025-04-30,35.0,0,1,0.0,0.0,0.0
W0056,Morning,2025-05-06,15.0,0,1,0.0,0.0,0.0
W0056,Morning,2025-05-21,12.0,0,1,0.0,0.0,0.0
W0056,Morning,2025-06-27,6.0,1,1,0.0,0.0,1.0
W0056,Night,2025-02-26,3.0,1,1,10.0,0.3,1.0
W0056,Night,2025-06-04,18.0,1,1,0.0,0.0,1.0
W0057,Evening,2025-01-27,19.0,1,1,0.0,0.0,1.0
W0057,Evening,2025-02-23,6.0,0,1,0.0,0.0,0.0
W0057,Evening,2025-03-25,9.0,0,1,0.0,0.0,0.0
W0057,Evening,2025-04-08,41.0,1,1,0.0,0.0,1.0
W0057,Evening,2025-05-16,25.0,0,1,0.0,0.0,0.0
W0057,Evening,2025-06-11,2.0,0,1,0.0,0.0,0.0
W0057,Evening,2025-06-18,27.0,0,1,0.0,0.0,0.0
W0057,Morning,2025-01-25,34.0,0,1,0.0,0.0,0.0
W0057,Morning,2025-02-10,46.0,0,1,0.0,0.0,0.0
W0057,Morning,2025-03-17,20.0,0,1,0.0,0.0,0.0
W0057,Morning,2025-03-18,13.0,1,1,0.0,0.0,1.0
W0057,Morning,2025-03-26,15.0,0,1,0.0,0.0,0.0
W0057,Morning,2025-03-27,35.0,0,1,0.0,0.0,0.0
W0057,Morning,2025-03-29,21.0,0,1,0.0,0.0,0.0
W0057,Morning,2025-04-23,26.0,0,1,0.0,0.0,0.0
W0057,Morning,2025-05-19,39.0,0,1,0.0,0.0,0.0
W0057,Morning,2025-05-26,14.0,0,1,0.0,0.0,0.0
W0057,Morning,2025-06-13,8.0,0,1,0.0,0.0,0.0
W0057,Night,2025-01-20,28.0,0,1,0.0,0.0,0.0
W0057,Night,2025-02-23,23.0,0,1,0.0,0.0,0.0
W0057,Night,2025-03-05,26.0,0,1,0.0,0.0,0.0
W0058,Evening,2025-02-12,2.0,1,1,0.0,0.0,1.0
W0058,Evening,2025-02-19,45.0,0,1,0.0,0.0,0.0
W0058,Evening,2025-04-07,6.0,1,1,0.0,0.0,1.0
W0058,Morning,2025-01-09,36.0,0,1,0.0,0.0,0.0
W0058,Morning,2025-03-09,26.0,1,1,0.0,0.0,1.0
W0058,Morning,2025-04-07,23.0,0,1,0.0,0.0,0.0
W0058,Morning,2025-04-29,2.0,0,1,0.0,0.0,0.0
W0058,Morning,2025-06-01,49.0,1,1,0.0,0.0,1.0
W0058,Morning,2025-06-04,43.0,0,1,0.0,0.0,0.0
W0058,Night,2025-01-21,29.0,0,1,0.0,0.0,0.0
W0058,Night,2025-01-26,14.0,0,1,0.0,0.0,0.0
W0058,Night,2025-02-09,8.0,0,1,0.0,0.0,0.0
W0058,Night,2025-02-24,8.0,0,1,0.0,0.0,0.0
W0058,Night,2025-03-09,33.0,0,1,0.0,0.0,0.0
W0058,Night,2025-04-29,24.0,0,1,0.0,0.0,0.0
W0058,Night,2025-05-11,48.0,0,1,0.0,0.0,0.0
W0058,Night,2025-05-19,32.0,0,1,0.0,0.0,0.0
W0058,Night,2025-06-26,21.0,0,1,0.0,0.0,0.0
W0059,Evening,2025-01-18,1.0,0,1,0.0,0.0,0.0
W0059,Evening,2025-01-23,11.0,0,1,0.0,0.0,0.0
W0059,Evening,2025-01-29,19.0,0,1,9.0,2.111111111111111,0.0
W0059,Evening,2025-05-13,38.0,0,1,0.0,0.0,0.0
W0059,Evening,2025-06-14,12.0,0,1,0.0,0.0,0.0
W0059,Morning,2025-01-24,18.0,0,1,0.0,0.0,0.0
W0059,Morning,2025-02-15,40.0,0,1,0.0,0.0,0.0
W0059,Morning,2025-03-13,43.0,0,1,0.0,0.0,0.0
W0059,Morning,2025-03-15,21.0,1,1,0.0,0.0,1.0
W0059,Morning,2025-03-24,45.0,0,1,0.0,0.0,0.0
W0059,Morning,2025-04-07,31.0,0,1,0.0,0.0,0.0
W0059,Morning,2025-05-01,47.0,0,1,0.0,0.0,0.0
W0059,Morning,2025-05-09,33.0,1,1,0.0,0.0,1.0
W0059,Morning,2025-05-13,44.0,0,1,0.0,0.0,0.0
W0059,Morning,2025-06-18,3.0,0,1,0.0,0.0,0.0
W0059,Morning,2025-06-28,18.0,1,1,0.0,0.0,1.0
W0059,Night,2025-02-09,40.0,0,1,0.0,0.0,0.0
W0059,Night,2025-03-17,31.0,0,1,0.0,0.0,0.0
W0059,Night,2025-04-08,20.0,1,1,0.0,0.0,1.0
W0059,Night,2025-04-12,48.0,0,1,8.0,6.0,0.0
W0059,Night,2025-04-25,37.0,0,1,0.0,0.0,0.0
W0059,Night,2025-04-28,9.0,0,1,7.0,1.2857142857142858,0.0
W0059,Night,2025-05-08,4.0,0,1,0.0,0.0,0.0
W0059,Night,2025-06-04,8.0,0,1,0.0,0.0,0.0
W0059,Night,2025-06-26,13.0,1,1,0.0,0.0,1.0
W0060,Evening,2025-01-29,8.0,0,1,0.0,0.0,0.0
W0060,Evening,2025-02-16,1.0,0,1,0.0,0.0,0.0
W0060,Evening,2025-06-01,37.0,0,1,0.0,0.0,0.0
W0060,Evening,2025-06-22,19.0,0,1,0.0,0.0,0.0
W0060,Morning,2025-01-05,47.0,0,1,0.0,0.0,0.0
W0060,Morning,2025-01-15,32.0,0,1,0.0,0.0,0.0
W0060,Morning,2025-02-09,16.0,0,1,0.0,0.0,0.0
W0060,Morning,2025-03-17,30.0,0,1,0.0,0.0,0.0
W0060,Morning,2025-03-26,8.0,0,1,0.0,0.0,0.0
W0060,Morning,2025-04-13,12.0,0,1,0.0,0.0,0.0
W0060,Morning,2025-04-30,3.0,0,1,0.0,0.0,0.0
W0060,Morning,2025-05-08,2.0,0,1,0.0,0.0,0.0
W0060,Night,2025-01-14,9.0,1,1,0.0,0.0,1.0
W0060,Night,2025-02-25,46.0,0,1,0.0,0.0,0.0
W0060,Night,2025-02-26,49.0,0,1,0.0,0.0,0.0
W0060,Night,2025-05-27,17.0,0,1,0.0,0.0,0.0
W0060,Night,2025-06-20,11.0,0,1,0.0,0.0,0.0
W0061,Evening,2025-02-19,13.0,1,1,0.0,0.0,1.0
W0061,Evening,2025-04-08,1.0,0,1,0.0,0.0,0.0
W0061,Morning,2025-02-02,7.0,0,1,0.0,0.0,0.0
W0061,Morning,2025-02-07,25.0,1,1,0.0,0.0,1.0
W0061,Morning,2025-02-15,19.0,0,1,0.0,0.0,0.0
W0061,Morning,2025-03-24,26.0,0,1,0.0,0.0,0.0
W0061,Morning,2025-04-02,36.0,0,1,0.0,0.0,0.0
W0061,Morning,2025-05-01,40.0,0,1,0.0,0.0,0.0
W0061,Morning,2025-05-06,40.0,0,1,0.0,0.0,0.0
W0061,Morning,2025-05-12,49.0,1,1,0.0,0.0,1.0
W0061,Morning,2025-05-25,24.0,0,1,0.0,0.0,0.0
W0061,Night,2025-01-10,1.0,0,1,0.0,0.0,0.0
W0061,Night,2025-01-29,32.0,0,1,0.0,0.0,0.0
W0061,Night,2025-02-11,9.0,0,1,7.0,1.2857142857142858,0.0
W0061,Night,2025-04-02,45.0,0,1,0.0,0.0,0.0
W0061,Night,2025-05-28,44.0,0,1,0.0,0.0,0.0
W0061,Night,2025-06-03,22.0,1,1,0.0,0.0,1.0
W0061,Night,2025-06-27,24.0,0,1,0.0,0.0,0.0
W0062,Evening,2025-01-01,5.0,0,1,0.0,0.0,0.0
W0062,Evening,2025-02-05,41.0,0,1,0.0,0.0,0.0
W0062,Evening,2025-04-11,20.0,0,1,0.0,0.0,0.0
W0062,Evening,2025-06-14,1.0,0,1,0.0,0.0,0.0
W0062,Evening,2025-06-17,5.0,1,1,0.0,0.0,1.0
W0062,Evening,2025-06-28,37.0,0,1,0.0,0.0,0.0
W0062,Morning,2025-01-27,6.0,0,1,0.0,0.0,0.0
W0062,Morning,2025-04-15,21.0,0,1,0.0,0.0,0.0
W0062,Morning,2025-04-20,26.0,0,1,0.0,0.0,0.0
W0062,Morning,2025-05-26,19.0,1,1,0.0,0.0,1.0
W0062,Night,2025-01-16,27.0,0,1,0.0,0.0,0.0
W0062,Night,2025-02-26,25.0,0,1,0.0,0.0,0.0
W0062,Night,2025-06-17,20.0,1,1,0.0,0.0,1.0
W0062,Night,2025-06-29,27.0,0,1,10.0,2.7,0.0
W0063,Evening,2025-01-05,24.0,0,1,0.0,0.0,0.0
W0063,Evening,2025-04-20,47.0,0,1,0.0,0.0,0.0
W0063,Evening,2025-05-24,32.0,0,1,0.0,0.0,0.0
W0063,Morning,2025-02-03,11.0,0,1,0.0,0.0,0.0
W0063,Morning,2025-02-15,35.0,0,1,0.0,0.0,0.0
W0063,Morning,2025-03-12,7.0,0,1,0.0,0.0,0.0
W0063,Morning,2025-03-14,25.0,0,1,0.0,0.0,0.0
W0063,Morning,2025-04-05,14.0,0,1,0.0,0.0,0.0
W0063,Morning,2025-05-16,38.0,0,1,0.0,0.0,0.0
W0063,Morning,2025-06-12,47.0,0,1,0.0,0.0,0.0
W0063,Morning,2025-06-14,19.0,0,1,0.0,0.0,0.0
W0063,Morning,2025-06-15,7.0,0,1,0.0,0.0,0.0
W0063,Morning,2025-06-17,40.0,1,1,0.0,0.0,1.0
W0063,Night,2025-01-11,44.0,0,1,0.0,0.0,0.0
W0063,Night,2025-01-12,44.0,0,1,0.0,0.0,0.0
W0064,Evening,2025-03-05,11.0,0,1,0.0,0.0,0.0
W0064,Evening,2025-06-04,27.0,1,1,0.0,0.0,1.0
W0064,Morning,2025-01-01,8.0,0,1,0.0,0.0,0.0
W0064,Morning,2025-01-04,1.0,0,1,0.0,0.0,0.0
W0064,Morning,2025-01-15,21.0,0,1,0.0,0.0,0.0
W0064,Morning,2025-01-31,12.0,0,1,0.0,0.0,0.0
W0064,Morning,2025-02-07,4.0,1,1,0.0,0.0,1.0
W0064,Morning,2025-03-02,19.0,1,1,0.0,0.0,1.0
W0064,Morning,2025-03-17,45.0,0,1,0.0,0.0,0.0
W0064,Morning,2025-04-14,39.0,1,1,0.0,0.0,1.0
W0064,Morning,2025-04-25,42.0,0,1,0.0,0.0,0.0
W0064,Morning,2025-05-10,49.0,0,1,0.0,0.0,0.0
W0064,Morning,2025-06-20,11.0,1,1,0.0,0.0,1.0
W0064,Night,2025-03-16,47.0,1,1,0.0,0.0,1.0
W0065,Evening,2025-02-06,18.0,0,1,0.0,0.0,0.0
W0065,Evening,2025-06-21,4.0,1,1,0.0,0.0,1.0
W0065,Morning,2025-02-13,24.0,1,1,0.0,0.0,1.0
W0065,Morning,2025-04-15,49.0,1,1,0.0,0.0,1.0
W0065,Morning,2025-04-21,3.0,0,1,0.0,0.0,0.0
W0065,Morning,2025-04-23,2.0,0,1,0.0,0.0,0.0
W0065,Morning,2025-05-14,26.0,0,1,0.0,0.0,0.0
W0065,Morning,2025-05-23,38.0,1,1,0.0,0.0,1.0
W0065,Morning,2025-05-27,14.0,1,1,0.0,0.0,1.0
W0065,Morning,2025-06-03,11.0,0,1,0.0,0.0,0.0
W0065,Morning,2025-06-11,4.0,0,1,0.0,0.0,0.0
W0065,Morning,2025-06-18,19.0,0,1,0.0,0.0,0.0
W0065,Night,2025-03-03,24.0,0,1,8.0,3.0,0.0
W0065,Night,2025-06-22,49.0,0,1,0.0,0.0,0.0
W0066,Evening,2025-01-05,6.0,1,1,0.0,0.0,1.0
W0066,Morning,2025-01-07,45.0,0,1,0.0,0.0,0.0
W0066,Morning,2025-01-17,20.0,0,1,0.0,0.0,0.0
W0066,Morning,2025-02-21,30.0,0,1,0.0,0.0,0.0
W0066,Morning,2025-03-06,24.0,0,1,0.0,0.0,0.0
W0066,Morning,2025-04-10,60.0,0,2,0.0,0.0,0.0
W0066,Morning,2025-04-16,56.0,0,2,0.0,0.0,0.0
W0066,Morning,2025-05-31,11.0,0,1,0.0,0.0,0.0
W0066,Morning,2025-06-06,45.0,0,1,0.0,0.0,0.0
W0066,Morning,2025-06-08,3.0,0,1,9.0,0.3333333333333333,0.0
W0066,Night,2025-02-16,16.0,0,1,0.0,0.0,0.0
W0066,Night,2025-05-13,1.0,0,1,0.0,0.0,0.0
W0066,Night,2025-05-30,44.0,0,1,0.0,0.0,0.0
W0067,Evening,2025-01-13,8.0,0,1,0.0,0.0,0.0
W0067,Evening,2025-04-12,2.0,0,1,0.0,0.0,0.0
W0067,Evening,2025-04-17,37.0,1,1,0.0,0.0,1.0
W0067,Evening,2025-04-20,30.0,1,1,0.0,0.0,1.0
W0067,Evening,2025-05-20,3.0,1,1,0.0,0.0,1.0
W0067,Evening,2025-06-25,25.0,0,1,0.0,0.0,0.0
W0067,Morning,2025-01-08,25.0,0,1,0.0,0.0,0.0
W0067,Morning,2025-03-19,45.0,0,1,0.0,0.0,0.0
W0067,Morning,2025-03-24,26.0,1,1,0.0,0.0,1.0
W0067,Morning,2025-03-26,34.0,0,1,0.0,0.0,0.0
W0067,Morning,2025-03-29,20.0,1,1,0.0,0.0,1.0
W0067,Morning,2025-06-03,24.0,0,1,0.0,0.0,0.0
W0067,Night,2025-01-28,32.0,0,1,0.0,0.0,0.0
W0067,Night,2025-03-13,36.0,1,1,0.0,0.0,1.0
W0067,Night,2025-03-29,15.0,0,1,0.0,0.0,0.0
W0067,Night,2025-04-23,31.0,1,1,0.0,0.0,1.0
W0068,Evening,2025-01-27,20.0,0,1,0.0,0.0,0.0
W0068,Evening,2025-02-01,37.0,0,1,0.0,0.0,0.0
W0068,Evening,2025-02-13,28.0,0,1,0.0,0.0,0.0
W0068,Evening,2025-02-21,11.0,0,1,0.0,0.0,0.0
W0068,Evening,2025-04-08,30.0,0,1,0.0,0.0,0.0
W0068,Evening,2025-04-18,33.0,1,1,0.0,0.0,1.0
W0068,Evening,2025-04-28,28.0,0,1,0.0,0.0,0.0
W0068,Morning,2025-01-25,2.0,1,1,0.0,0.0,1.0
W0068,Morning,2025-02-13,39.0,0,1,0.0,0.0,0.0
W0068,Morning,2025-03-23,26.0,0,1,0.0,0.0,0.0
W0068,Morning,2025-04-26,35.0,0,1,0.0,0.0,0.0
W0068,Morning,2025-05-24,6.0,0,1,0.0,0.0,0.0
W0068,Morning,2025-06-09,15.0,0,1,0.0,0.0,0.0
W0068,Night,2025-01-12,14.0,1,1,8.0,1.75,1.0
W0069,Evening,2025-06-11,27.0,0,1,0.0,0.0,0.0
W0069,Morning,2025-01-22,23.0,1,1,0.0,0.0,1.0
W0069,Morning,2025-01-24,28.0,1,1,0.0,0.0,1.0
W0069,Morning,2025-01-30,49.0,1,1,0.0,0.0,1.0
W0069,Morning,2025-02-05,38.0,0,1,0.0,0.0,0.0
W0069,Morning,2025-03-23,41.0,0,1,0.0,0.0,0.0
W0069,Morning,2025-04-09,35.0,0,1,0.0,0.0,0.0
W0069,Morning,2025-05-09,38.0,1,1,0.0,0.0,1.0
W0069,Morning,2025-06-13,2.0,0,1,14.0,0.14285714285714285,0.0
W0069,Night,2025-06-20,28.0,1,1,0.0,0.0,1.0
W0070,Evening,2025-01-29,24.0,0,1,0.0,0.0,0.0
W0070,Evening,2025-03-16,38.0,0,1,0.0,0.0,0.0
W0070,Evening,2025-04-04,1.0,0,1,0.0,0.0,0.0
W0070,Evening,2025-05-02,49.0,1,1,0.0,0.0,1.0
W0070,Evening,2025-05-29,34.0,1,1,0.0,0.0,1.0
W0070,Morning,2025-01-08,1.0,1,1,0.0,0.0,1.0
W0070,Morning,2025-06-04,17.0,1,1,0.0,0.0,1.0
W0070,Morning,2025-06-13,34.0,0,1,0.0,0.0,0.0
W0070,Morning,2025-06-25,9.0,1,1,0.0,0.0,1.0
W0071,Evening,2025-02-09,48.0,0,1,0.0,0.0,0.0
W0071,Evening,2025-03-23,7.0,1,1,0.0,0.0,1.0
W0071,Evening,2025-04-08,25.0,0,1,0.0,0.0,0.0
W0071,Evening,2025-04-15,43.0,0,1,0.0,0.0,0.0
W0071,Evening,2025-05-11,19.0,0,1,0.0,0.0,0.0
W0071,Evening,2025-06-02,33.0,0,1,0.0,0.0,0.0
W0071,Evening,2025-06-16,15.0,0,1,0.0,0.0,0.0
W0071,Morning,2025-02-15,31.0,0,1,0.0,0.0,0.0
W0071,Morning,2025-02-28,26.0,0,1,0.0,0.0,0.0
W0071,Morning,2025-03-04,18.0,0,1,0.0,0.0,0.0
W0071,Morning,2025-03-08,11.0,0,1,0.0,0.0,0.0
W0071,Morning,2025-04-06,44.0,1,1,0.0,0.0,1.0
W0071,Morning,2025-05-24,25.0,0,1,0.0,0.0,0.0
W0071,Night,2025-01-08,19.0,1,1,0.0,0.0,1.0
W0071,Night,2025-01-28,42.0,1,1,0.0,0.0,1.0
W0071,Night,2025-03-30,4.0,0,1,0.0,0.0,0.0
W0071,Night,2025-04-16,6.0,0,1,0.0,0.0,0.0
W0071,Night,2025-04-22,10.0,0,1,7.0,1.4285714285714286,0.0
W0072,Evening,2025-01-04,5.0,0,1,0.0,0.0,0.0
W0072,Evening,2025-04-21,15.0,0,1,0.0,0.0,0.0
W0072,Evening,2025-04-22,37.0,1,1,0.0,0.0,1.0
W0072,Evening,2025-05-12,5.0,0,1,0.0,0.0,0.0
W0072,Morning,2025-01-12,67.0,1,2,0.0,0.0,0.5
W0072,Morning,2025-01-25,17.0,0,1,0.0,0.0,0.0
W0072,Morning,2025-02-16,18.0,0,1,0.0,0.0,0.0
W0072,Morning,2025-02-21,17.0,0,1,0.0,0.0,0.0
W0072,Morning,2025-03-15,17.0,0,1,0.0,0.0,0.0
W0072,Morning,2025-03-18,16.0,0,1,0.0,0.0,0.0
W0072,Morning,2025-04-18,46.0,0,1,0.0,0.0,0.0
W0072,Morning,2025-05-21,17.0,1,1,0.0,0.0,1.0
W0072,Morning,2025-06-07,3.0,1,1,0.0,0.0,1.0
W0072,Night,2025-04-09,45.0,0,1,0.0,0.0,0.0
W0072,Night,2025-05-22,41.0,0,1,0.0,0.0,0.0
W0073,Evening,2025-01-11,3.0,0,1,0.0,0.0,0.0
W0073,Evening,2025-03-31,11.0,0,1,0.0,0.0,0.0
W0073,Evening,2025-06-27,33.0,1,1,0.0,0.0,1.0
W0073,Morning,2025-01-03,39.0,0,1,0.0,0.0,0.0
W0073,Morning,2025-01-16,5.0,1,1,0.0,0.0,1.0
W0073,Morning,2025-02-02,35.0,0,1,0.0,0.0,0.0
W0073,Morning,2025-04-04,15.0,0,1,0.0,0.0,0.0
W0073,Morning,2025-04-28,36.0,0,1,0.0,0.0,0.0
W0073,Morning,2025-05-03,25.0,1,1,0.0,0.0,1.0
W0073,Morning,2025-05-22,10.0,0,1,0.0,0.0,0.0
W0073,Morning,2025-06-11,11.0,1,1,0.0,0.0,1.0
W0073,Night,2025-01-29,45.0,1,1,0.0,0.0,1.0
W0073,Night,2025-02-05,25.0,0,1,0.0,0.0,0.0
W0073,Night,2025-03-05,6.0,0,1,0.0,0.0,0.0
W0073,Night,2025-05-25,49.0,0,1,0.0,0.0,0.0
W0073,Night,2025-06-06,10.0,0,1,0.0,0.0,0.0
W0073,Night,2025-06-21,15.0,0,1,8.0,1.875,0.0
W0074,Evening,2025-02-26,29.0,0,1,0.0,0.0,0.0
W0074,Evening,2025-04-09,42.0,0,1,0.0,0.0,0.0
W0074,Evening,2025-05-04,12.0,0,1,0.0,0.0,0.0
W0074,Evening,2025-05-06,32.0,1,1,0.0,0.0,1.0
W0074,Evening,2025-05-08,31.0,0,1,0.0,0.0,0.0
W0074,Morning,2025-01-24,30.0,1,1,0.0,0.0,1.0
W0074,Morning,2025-02-12,17.0,0,1,0.0,0.0,0.0
W0074,Morning,2025-02-18,24.0,0,1,10.0,2.4,0.0
W0074,Morning,2025-04-01,16.0,0,1,0.0,0.0,0.0
W0074,Morning,2025-04-24,1.0,0,1,0.0,0.0,0.0
W0074,Night,2025-01-16,9.0,0,1,0.0,0.0,0.0
W0074,Night,2025-01-29,1.0,0,1,0.0,0.0,0.0
W0075,Evening,2025-01-27,24.0,1,1,0.0,0.0,1.0
W0075,Evening,2025-02-10,2.0,0,1,0.0,0.0,0.0
W0075,Evening,2025-02-20,44.0,0,1,0.0,0.0,0.0
W0075,Evening,2025-03-08,1.0,0,1,0.0,0.0,0.0
W0075,Evening,2025-03-29,27.0,0,1,0.0,0.0,0.0
W0075,Evening,2025-04-08,35.0,0,1,0.0,0.0,0.0
W0075,Evening,2025-04-18,14.0,0,1,0.0,0.0,0.0
W0075,Evening,2025-06-27,14.0,0,1,0.0,0.0,0.0
W0075,Morning,2025-01-10,24.0,0,1,0.0,0.0,0.0
W0075,Morning,2025-02-25,27.0,1,1,0.0,0.0,1.0
W0075,Morning,2025-03-03,44.0,0,2,0.0,0.0,0.0
W0075,Morning,2025-04-08,28.0,0,1,0.0,0.0,0.0
W0075,Morning,2025-05-17,11.0,0,1,0.0,0.0,0.0
W0075,Morning,2025-05-22,64.0,1,2,0.0,0.0,0.5
W0075,Morning,2025-05-30,18.0,0,1,0.0,0.0,0.0
W0075,Morning,2025-06-06,28.0,0,1,0.0,0.0,0.0
W0075,Morning,2025-06-28,46.0,0,1,0.0,0.0,0.0
W0075,Night,2025-03-02,26.0,1,1,6.0,4.333333333333333,1.0
W0075,Night,2025-03-16,17.0,1,1,0.0,0.0,1.0
W0075,Night,2025-05-02,47.0,1,1,0.0,0.0,1.0
W0075,Night,2025-06-08,51.0,1,2,7.0,7.285714285714286,0.5
W0075,Night,2025-06-12,8.0,0,1,0.0,0.0,0.0
W0076,Evening,2025-02-25,24.0,0,1,0.0,0.0,0.0
W0076,Evening,2025-03-01,24.0,0,1,0.0,0.0,0.0
W0076,Evening,2025-03-05,8.0,0,1,0.0,0.0,0.0
W0076,Evening,2025-05-21,8.0,0,1,0.0,0.0,0.0
W0076,Evening,2025-05-29,31.0,0,1,0.0,0.0,0.0
W0076,Evening,2025-06-02,8.0,0,1,0.0,0.0,0.0
W0076,Evening,2025-06-10,13.0,0,1,0.0,0.0,0.0
W0076,Evening,2025-06-15,27.0,0,1,7.0,3.857142857142857,0.0
W0076,Evening,2025-06-19,12.0,1,1,0.0,0.0,1.0
W0076,Morning,2025-01-27,46.0,0,1,0.0,0.0,0.0
W0076,Morning,2025-01-29,9.0,0,1,0.0,0.0,0.0
W0076,Night,2025-02-02,40.0,1,1,0.0,0.0,1.0
W0076,Night,2025-02-06,49.0,1,1,0.0,0.0,1.0
W0076,Night,2025-02-12,10.0,0,1,0.0,0.0,0.0
W0076,Night,2025-04-10,31.0,0,1,0.0,0.0,0.0
W0076,Night,2025-04-28,16.0,0,1,0.0,0.0,0.0
W0076,Night,2025-06-25,20.0,0,1,0.0,0.0,0.0
W0077,Evening,2025-02-16,36.0,1,1,0.0,0.0,1.0
W0077,Evening,2025-02-20,25.0,0,1,0.0,0.0,0.0
W0077,Evening,2025-04-19,13.0,0,1,0.0,0.0,0.0
W0077,Evening,2025-04-29,12.0,0,1,0.0,0.0,0.0
W0077,Morning,2025-01-06,22.0,0,1,0.0,0.0,0.0
W0077,Morning,2025-02-02,16.0,1,1,0.0,0.0,1.0
W0077,Morning,2025-02-21,22.0,0,1,0.0,0.0,0.0
W0077,Morning,2025-03-05,26.0,0,1,0.0,0.0,0.0
W0077,Morning,2025-04-12,12.0,1,1,0.0,0.0,1.0
W0077,Morning,2025-04-30,8.0,0,1,0.0,0.0,0.0
W0077,Morning,2025-05-15,36.0,0,1,0.0,0.0,0.0
W0077,Night,2025-01-05,16.0,0,1,8.0,2.0,0.0
W0077,Night,2025-01-12,42.0,1,1,0.0,0.0,1.0
W0077,Night,2025-01-19,49.0,0,1,0.0,0.0,0.0
W0077,Night,2025-02-08,1.0,0,1,0.0,0.0,0.0
W0078,Evening,2025-01-23,34.0,1,1,0.0,0.0,1.0
W0078,Evening,2025-02-06,48.0,1,1,0.0,0.0,1.0
W0078,Evening,2025-02-18,12.0,1,1,0.0,0.0,1.0
W0078,Evening,2025-05-10,24.0,0,1,0.0,0.0,0.0
W0078,Morning,2025-02-19,5.0,0,1,0.0,0.0,0.0
W0078,Morning,2025-04-20,39.0,0,1,0.0,0.0,0.0
W0078,Morning,2025-05-20,19.0,1,1,0.0,0.0,1.0
W0078,Morning,2025-05-25,11.0,0,1,0.0,0.0,0.0
W0078,Morning,2025-05-26,49.0,0,1,0.0,0.0,0.0
W0078,Morning,2025-05-30,8.0,0,1,0.0,0.0,0.0
W0078,Morning,2025-06-03,19.0,0,1,0.0,0.0,0.0
W0078,Morning,2025-06-29,41.0,1,1,0.0,0.0,1.0
W0078,Night,2025-06-15,22.0,0,1,0.0,0.0,0.0
W0078,Night,2025-06-26,41.0,1,1,0.0,0.0,1.0
W0079,Morning,2025-01-02,17.0,0,1,0.0,0.0,0.0
W0079,Morning,2025-01-27,28.0,0,1,0.0,0.0,0.0
W0079,Morning,2025-02-03,36.0,1,1,0.0,0.0,1.0
W0079,Morning,2025-03-10,18.0,0,1,0.0,0.0,0.0
W0079,Morning,2025-03-11,45.0,0,1,0.0,0.0,0.0
W0079,Morning,2025-03-26,11.0,0,1,0.0,0.0,0.0
W0079,Morning,2025-04-27,24.0,0,1,0.0,0.0,0.0
W0079,Morning,2025-05-11,15.0,0,1,0.0,0.0,0.0
W0079,Morning,2025-06-05,31.0,0,1,0.0,0.0,0.0
W0079,Morning,2025-06-24,29.0,0,1,0.0,0.0,0.0
W0079,Night,2025-01-25,13.0,0,1,0.0,0.0,0.0
W0079,Night,2025-04-05,36.0,1,1,0.0,0.0,1.0
W0079,Night,2025-04-13,40.0,1,1,0.0,0.0,1.0
W0079,Night,2025-05-06,41.0,0,1,0.0,0.0,0.0
W0079,Night,2025-06-02,25.0,0,1,0.0,0.0,0.0
W0079,Night,2025-06-10,40.0,1,1,0.0,0.0,1.0
W0080,Evening,2025-01-11,46.0,1,1,0.0,0.0,1.0
W0080,Evening,2025-01-27,9.0,0,1,0.0,0.0,0.0
W0080,Evening,2025-06-17,12.0,0,1,0.0,0.0,0.0
W0080,Evening,2025-06-22,15.0,0,1,0.0,0.0,0.0
W0080,Morning,2025-01-21,24.0,0,1,0.0,0.0,0.0
W0080,Morning,2025-02-06,22.0,0,1,0.0,0.0,0.0
W0080,Morning,2025-02-19,17.0,1,1,0.0,0.0,1.0
W0080,Morning,2025-03-02,37.0,0,1,0.0,0.0,0.0
W0080,Morning,2025-04-01,42.0,0,1,0.0,0.0,0.0
W0080,Night,2025-03-29,21.0,0,1,8.0,2.625,0.0
W0080,Night,2025-06-08,16.0,0,1,0.0,0.0,0.0
W0081,Evening,2025-01-15,23.0,1,1,0.0,0.0,1.0
W0081,Evening,2025-03-22,8.0,0,1,0.0,0.0,0.0
W0081,Evening,2025-03-27,24.0,1,1,0.0,0.0,1.0
W0081,Evening,2025-04-16,12.0,0,1,0.0,0.0,0.0
W0081,Evening,2025-06-20,43.0,1,1,0.0,0.0,1.0
W0081,Morning,2025-02-01,25.0,0,1,0.0,0.0,0.0
W0081,Morning,2025-02-13,31.0,0,1,0.0,0.0,0.0
W0081,Morning,2025-02-25,38.0,1,1,0.0,0.0,1.0
W0081,Morning,2025-03-10,41.0,1,1,0.0,0.0,1.0
W0081,Morning,2025-04-18,31.0,0,1,0.0,0.0,0.0
W0081,Morning,2025-04-22,61.0,1,2,0.0,0.0,0.5
W0081,Morning,2025-06-12,44.0,0,1,0.0,0.0,0.0
W0081,Night,2025-03-06,11.0,1,1,0.0,0.0,1.0
W0082,Evening,2025-01-03,10.0,0,1,0.0,0.0,0.0
W0082,Evening,2025-02-10,41.0,0,1,0.0,0.0,0.0
W0082,Morning,2025-02-06,45.0,0,1,0.0,0.0,0.0
W0082,Morning,2025-02-12,36.0,0,1,0.0,0.0,0.0
W0082,Morning,2025-02-16,34.0,0,1,0.0,0.0,0.0
W0082,Morning,2025-02-20,42.0,0,1,0.0,0.0,0.0
W0082,Morning,2025-02-23,1.0,1,1,0.0,0.0,1.0
W0082,Morning,2025-04-13,39.0,0,1,0.0,0.0,0.0
W0082,Night,2025-01-05,21.0,0,1,0.0,0.0,0.0
W0082,Night,2025-01-18,16.0,0,1,0.0,0.0,0.0
W0082,Night,2025-02-01,2.0,1,1,0.0,0.0,1.0
W0082,Night,2025-03-13,19.0,1,1,0.0,0.0,1.0
W0082,Night,2025-06-01,31.0,0,1,0.0,0.0,0.0
W0082,Night,2025-06-24,11.0,0,1,0.0,0.0,0.0
W0083,Evening,2025-01-11,25.0,0,1,0.0,0.0,0.0
W0083,Evening,2025-05-08,29.0,0,1,0.0,0.0,0.0
W0083,Evening,2025-05-14,15.0,1,1,0.0,0.0,1.0
W0083,Morning,2025-01-05,18.0,0,1,0.0,0.0,0.0
W0083,Morning,2025-01-14,49.0,0,1,0.0,0.0,0.0
W0083,Morning,2025-02-09,24.0,0,1,0.0,0.0,0.0
W0083,Morning,2025-02-28,1.0,0,1,0.0,0.0,0.0
W0083,Morning,2025-03-10,23.0,0,1,0.0,0.0,0.0
W0083,Morning,2025-03-30,31.0,0,1,0.0,0.0,0.0
W0083,Morning,2025-04-03,47.0,0,1,0.0,0.0,0.0
W0083,Morning,2025-04-29,32.0,1,1,0.0,0.0,1.0
W0083,Morning,2025-05-06,38.0,0,1,0.0,0.0,0.0
W0083,Morning,2025-05-10,7.0,0,1,0.0,0.0,0.0
W0083,Morning,2025-05-17,41.0,1,1,0.0,0.0,1.0
W0083,Morning,2025-05-20,34.0,0,1,0.0,0.0,0.0
W0083,Morning,2025-05-30,5.0,0,1,0.0,0.0,0.0
W0083,Night,2025-05-11,18.0,1,1,0.0,0.0,1.0
W0083,Night,2025-06-24,26.0,1,1,0.0,0.0,1.0
W0084,Evening,2025-01-11,1.0,1,1,0.0,0.0,1.0
W0084,Evening,2025-01-25,9.0,1,1,0.0,0.0,1.0
W0084,Evening,2025-04-01,16.0,0,1,0.0,0.0,0.0
W0084,Evening,2025-05-29,23.0,0,1,0.0,0.0,0.0
W0084,Evening,2025-06-03,41.0,0,1,0.0,0.0,0.0
W0084,Morning,2025-01-18,16.0,1,1,0.0,0.0,1.0
W0084,Morning,2025-01-24,15.0,0,1,0.0,0.0,0.0
W0084,Morning,2025-02-04,13.0,0,1,10.0,1.3,0.0
W0084,Morning,2025-02-13,32.0,0,1,0.0,0.0,0.0
W0084,Morning,2025-03-31,36.0,0,1,0.0,0.0,0.0
W0084,Morning,2025-04-07,23.0,0,1,0.0,0.0,0.0
W0084,Morning,2025-04-24,50.0,0,2,0.0,0.0,0.0
W0084,Morning,2025-05-09,12.0,0,1,0.0,0.0,0.0
W0084,Morning,2025-05-10,35.0,0,1,0.0,0.0,0.0
W0084,Morning,2025-06-09,49.0,0,1,0.0,0.0,0.0
W0084,Morning,2025-06-20,28.0,0,1,0.0,0.0,0.0
W0084,Morning,2025-06-27,32.0,1,1,0.0,0.0,1.0
W0084,Night,2025-05-19,24.0,0,1,0.0,0.0,0.0
W0084,Night,2025-06-05,36.0,0,1,0.0,0.0,0.0
W0084,Night,2025-06-08,16.0,0,1,0.0,0.0,0.0
W0085,Evening,2025-01-31,2.0,0,1,0.0,0.0,0.0
W0085,Evening,2025-02-02,23.0,0,1,0.0,0.0,0.0
W0085,Evening,2025-04-17,15.0,0,1,0.0,0.0,0.0
W0085,Evening,2025-04-22,40.0,0,1,0.0,0.0,0.0
W0085,Evening,2025-05-05,10.0,0,1,0.0,0.0,0.0
W0085,Evening,2025-06-04,16.0,1,1,0.0,0.0,1.0
W0085,Morning,2025-01-05,44.0,1,1,0.0,0.0,1.0
W0085,Morning,2025-01-16,42.0,0,1,0.0,0.0,0.0
W0085,Morning,2025-01-21,36.0,0,1,0.0,0.0,0.0
W0085,Morning,2025-01-22,29.0,0,1,0.0,0.0,0.0
W0085,Morning,2025-01-24,8.0,0,1,0.0,0.0,0.0
W0085,Morning,2025-02-21,15.0,0,1,0.0,0.0,0.0
W0085,Morning,2025-03-24,22.0,1,1,0.0,0.0,1.0
W0085,Morning,2025-04-29,47.0,0,1,0.0,0.0,0.0
W0085,Morning,2025-06-12,34.0,1,1,0.0,0.0,1.0
W0085,Morning,2025-06-22,41.0,1,1,0.0,0.0,1.0
W0085,Morning,2025-06-23,11.0,1,1,0.0,0.0,1.0
W0085,Night,2025-01-03,40.0,0,1,0.0,0.0,0.0
W0085,Night,2025-01-05,22.0,0,1,0.0,0.0,0.0
W0085,Night,2025-02-20,2.0,0,1,0.0,0.0,0.0
W0085,Night,2025-03-31,23.0,0,1,0.0,0.0,0.0
W0085,Night,2025-04-11,32.0,0,1,0.0,0.0,0.0
W0085,Night,2025-05-28,24.0,0,1,0.0,0.0,0.0
W0085,Night,2025-06-26,78.0,0,2,0.0,0.0,0.0
W0086,Evening,2025-03-06,1.0,1,1,0.0,0.0,1.0
W0086,Evening,2025-03-24,29.0,0,1,0.0,0.0,0.0
W0086,Evening,2025-05-16,43.0,0,1,0.0,0.0,0.0
W0086,Evening,2025-05-18,18.0,1,1,0.0,0.0,1.0
W0086,Evening,2025-05-26,1.0,0,1,0.0,0.0,0.0
W0086,Morning,2025-01-02,34.0,0,1,0.0,0.0,0.0
W0086,Morning,2025-01-14,40.0,0,1,0.0,0.0,0.0
W0086,Morning,2025-01-20,30.0,0,1,10.0,3.0,0.0
W0086,Morning,2025-01-25,22.0,0,1,0.0,0.0,0.0
W0086,Morning,2025-02-22,46.0,0,1,0.0,0.0,0.0
W0086,Morning,2025-03-13,10.0,0,1,0.0,0.0,0.0
W0086,Morning,2025-04-16,12.0,0,1,0.0,0.0,0.0
W0086,Morning,2025-05-02,5.0,0,1,0.0,0.0,0.0
W0086,Morning,2025-05-11,29.0,0,1,10.0,2.9,0.0
W0086,Night,2025-01-31,12.0,1,1,0.0,0.0,1.0
W0086,Night,2025-04-05,30.0,1,1,0.0,0.0,1.0
W0086,Night,2025-04-16,28.0,0,1,0.0,0.0,0.0
W0086,Night,2025-04-27,26.0,0,1,0.0,0.0,0.0
W0086,Night,2025-05-08,3.0,1,1,0.0,0.0,1.0
W0086,Night,2025-06-08,4.0,1,1,0.0,0.0,1.0
W0086,Night,2025-06-18,24.0,0,1,0.0,0.0,0.0
W0087,Evening,2025-01-25,26.0,0,1,0.0,0.0,0.0
W0087,Evening,2025-03-19,7.0,1,1,0.0,0.0,1.0
W0087,Evening,2025-04-06,11.0,0,1,0.0,0.0,0.0
W0087,Evening,2025-04-09,17.0,0,1,0.0,0.0,0.0
W0087,Evening,2025-05-17,12.0,0,1,0.0,0.0,0.0
W0087,Evening,2025-05-28,7.0,1,1,0.0,0.0,1.0
W0087,Morning,2025-01-16,30.0,1,1,0.0,0.0,1.0
W0087,Morning,2025-01-30,25.0,0,1,0.0,0.0,0.0
W0087,Morning,2025-02-14,24.0,1,1,0.0,0.0,1.0
W0087,Morning,2025-03-15,32.0,0,1,0.0,0.0,0.0
W0087,Morning,2025-04-01,49.0,0,1,0.0,0.0,0.0
W0087,Morning,2025-05-02,39.0,0,1,0.0,0.0,0.0
W0087,Morning,2025-05-09,9.0,1,1,0.0,0.0,1.0
W0087,Morning,2025-06-01,1.0,0,1,0.0,0.0,0.0
W0087,Morning,2025-06-02,5.0,1,1,9.0,0.5555555555555556,1.0
W0087,Morning,2025-06-06,42.0,1,1,0.0,0.0,1.0
W0087,Night,2025-03-08,33.0,0,1,0.0,0.0,0.0
W0087,Night,2025-03-10,18.0,0,1,0.0,0.0,0.0
W0088,Evening,2025-03-21,19.0,1,1,0.0,0.0,1.0
W0088,Morning,2025-01-05,12.0,0,1,0.0,0.0,0.0
W0088,Morning,2025-01-18,48.0,0,1,0.0,0.0,0.0
W0088,Morning,2025-01-27,20.0,1,1,0.0,0.0,1.0
W0088,Morning,2025-02-01,36.0,0,1,0.0,0.0,0.0
W0088,Morning,2025-02-07,6.0,0,1,0.0,0.0,0.0
W0088,Morning,2025-02-12,16.0,0,1,0.0,0.0,0.0
W0088,Morning,2025-03-06,17.0,0,1,0.0,0.0,0.0
W0088,Morning,2025-03-12,38.0,1,1,0.0,0.0,1.0
W0088,Morning,2025-03-16,42.0,1,1,0.0,0.0,1.0
W0088,Morning,2025-03-21,44.0,0,1,0.0,0.0,0.0
W0088,Morning,2025-05-26,28.0,0,1,0.0,0.0,0.0
W0088,Night,2025-03-18,1.0,0,1,0.0,0.0,0.0
W0088,Night,2025-05-01,28.0,0,1,9.0,3.111111111111111,0.0
W0089,Evening,2025-01-09,15.0,0,1,0.0,0.0,0.0
W0089,Evening,2025-04-12,9.0,0,1,0.0,0.0,0.0
W0089,Evening,2025-04-21,39.0,0,1,0.0,0.0,0.0
W0089,Morning,2025-02-03,31.0,0,1,0.0,0.0,0.0
W0089,Morning,2025-02-10,37.0,0,1,0.0,0.0,0.0
W0089,Morning,2025-02-22,31.0,0,1,0.0,0.0,0.0
W0089,Morning,2025-03-10,47.0,0,1,0.0,0.0,0.0
W0089,Morning,2025-03-14,35.0,0,1,0.0,0.0,0.0
W0089,Morning,2025-03-15,20.0,1,1,0.0,0.0,1.0
W0089,Morning,2025-03-29,41.0,0,1,0.0,0.0,0.0
W0089,Morning,2025-05-25,21.0,0,1,0.0,0.0,0.0
W0089,Morning,2025-06-05,47.0,0,1,0.0,0.0,0.0
W0089,Morning,2025-06-13,23.0,0,1,0.0,0.0,0.0
W0089,Morning,2025-06-19,13.0,0,1,0.0,0.0,0.0
W0089,Morning,2025-06-21,14.0,0,1,0.0,0.0,0.0
W0089,Night,2025-01-15,1.0,0,1,0.0,0.0,0.0
W0089,Night,2025-02-20,31.0,1,1,0.0,0.0,1.0
W0089,Night,2025-04-12,28.0,1,1,0.0,0.0,1.0
W0089,Night,2025-05-28,21.0,1,1,0.0,0.0,1.0
W0089,Night,2025-05-30,19.0,0,1,0.0,0.0,0.0
W0089,Night,2025-06-27,15.0,1,1,0.0,0.0,1.0
W0090,Evening,2025-02-01,28.0,0,1,0.0,0.0,0.0
W0090,Evening,2025-02-18,37.0,0,1,0.0,0.0,0.0
W0090,Evening,2025-03-21,21.0,0,1,9.0,2.3333333333333335,0.0
W0090,Evening,2025-04-28,7.0,1,1,0.0,0.0,1.0
W0090,Evening,2025-06-12,19.0,0,1,0.0,0.0,0.0
W0090,Morning,2025-01-12,33.0,0,1,0.0,0.0,0.0
W0090,Morning,2025-02-18,5.0,0,1,6.0,0.8333333333333334,0.0
W0090,Morning,2025-02-22,3.0,0,1,0.0,0.0,0.0
W0090,Morning,2025-02-23,30.0,0,1,0.0,0.0,0.0
W0090,Morning,2025-04-05,42.0,0,1,0.0,0.0,0.0
W0090,Morning,2025-04-07,31.0,1,1,0.0,0.0,1.0
W0090,Morning,2025-04-24,43.0,0,1,0.0,0.0,0.0
W0090,Morning,2025-06-17,6.0,0,1,0.0,0.0,0.0
W0090,Morning,2025-06-22,36.0,0,1,0.0,0.0,0.0
W0090,Night,2025-01-29,23.0,0,1,0.0,0.0,0.0
W0090,Night,2025-06-22,1.0,0,1,0.0,0.0,0.0
W0091,Evening,2025-02-01,6.0,1,1,0.0,0.0,1.0
W0091,Evening,2025-04-15,20.0,1,1,0.0,0.0,1.0
W0091,Evening,2025-05-09,12.0,0,1,0.0,0.0,0.0
W0091,Morning,2025-01-18,27.0,0,1,0.0,0.0,0.0
W0091,Morning,2025-01-29,36.0,0,1,0.0,0.0,0.0
W0091,Morning,2025-01-30,27.0,1,1,0.0,0.0,1.0
W0091,Morning,2025-02-28,32.0,1,1,0.0,0.0,1.0
W0091,Morning,2025-03-09,46.0,0,1,0.0,0.0,0.0
W0091,Morning,2025-04-06,6.0,1,1,0.0,0.0,1.0
W0091,Morning,2025-04-14,14.0,1,1,0.0,0.0,1.0
W0091,Morning,2025-04-29,12.0,1,1,0.0,0.0,1.0
W0091,Morning,2025-05-31,43.0,1,1,0.0,0.0,1.0
W0091,Morning,2025-06-08,39.0,0,1,0.0,0.0,0.0
W0091,Morning,2025-06-17,2.0,0,1,0.0,0.0,0.0
W0091,Morning,2025-06-26,17.0,0,1,0.0,0.0,0.0
W0091,Night,2025-01-10,6.0,0,1,0.0,0.0,0.0
W0091,Night,2025-03-19,44.0,0,1,0.0,0.0,0.0
W0091,Night,2025-04-12,39.0,0,1,9.0,4.333333333333333,0.0
W0092,Evening,2025-02-09,10.0,0,1,0.0,0.0,0.0
W0092,Morning,2025-01-05,10.0,0,1,0.0,0.0,0.0
W0092,Morning,2025-01-15,15.0,0,1,0.0,0.0,0.0
W0092,Morning,2025-01-23,47.0,1,1,0.0,0.0,1.0
W0092,Morning,2025-02-02,9.0,0,1,0.0,0.0,0.0
W0092,Morning,2025-02-04,19.0,0,1,0.0,0.0,0.0
W0092,Morning,2025-03-02,18.0,0,1,0.0,0.0,0.0
W0092,Morning,2025-03-14,19.0,1,1,0.0,0.0,1.0
W0092,Morning,2025-03-16,34.0,0,1,0.0,0.0,0.0
W0092,Morning,2025-03-29,69.0,0,2,0.0,0.0,0.0
W0092,Morning,2025-04-28,48.0,0,1,0.0,0.0,0.0
W0092,Morning,2025-04-29,17.0,0,1,0.0,0.0,0.0
W0092,Morning,2025-05-09,8.0,1,1,0.0,0.0,1.0
W0092,Morning,2025-05-16,24.0,1,1,0.0,0.0,1.0
W0092,Morning,2025-05-24,23.0,1,1,0.0,0.0,1.0
W0092,Morning,2025-05-25,37.0,0,1,0.0,0.0,0.0
W0092,Morning,2025-06-07,2.0,0,1,0.0,0.0,0.0
W0092,Morning,2025-06-13,46.0,0,1,0.0,0.0,0.0
W0092,Night,2025-01-31,47.0,0,1,0.0,0.0,0.0
W0092,Night,2025-03-07,25.0,1,1,0.0,0.0,1.0
W0092,Night,2025-05-05,32.0,0,1,0.0,0.0,0.0
W0092,Night,2025-05-11,14.0,0,1,0.0,0.0,0.0
W0092,Night,2025-05-13,28.0,0,1,0.0,0.0,0.0
W0092,Night,2025-05-19,41.0,0,1,0.0,0.0,0.0
W0092,Night,2025-06-25,9.0,1,1,0.0,0.0,1.0
W0093,Evening,2025-01-27,15.0,1,1,0.0,0.0,1.0
W0093,Evening,2025-02-12,40.0,0,1,0.0,0.0,0.0
W0093,Evening,2025-03-22,40.0,0,1,0.0,0.0,0.0
W0093,Evening,2025-04-08,27.0,1,1,8.0,3.375,1.0
W0093,Evening,2025-04-27,16.0,1,1,0.0,0.0,1.0
W0093,Evening,2025-05-20,30.0,0,1,0.0,0.0,0.0
W0093,Evening,2025-06-20,4.0,1,1,0.0,0.0,1.0
W0093,Morning,2025-01-07,4.0,0,1,0.0,0.0,0.0
W0093,Morning,2025-01-19,12.0,0,1,0.0,0.0,0.0
W0093,Morning,2025-02-05,42.0,0,1,0.0,0.0,0.0
W0093,Morning,2025-02-13,47.0,0,1,0.0,0.0,0.0
W0093,Morning,2025-02-21,25.0,1,1,0.0,0.0,1.0
W0093,Morning,2025-03-03,28.0,1,1,0.0,0.0,1.0
W0093,Morning,2025-03-07,32.0,1,1,0.0,0.0,1.0
W0093,Morning,2025-04-06,31.0,0,1,0.0,0.0,0.0
W0093,Morning,2025-05-16,48.0,0,1,0.0,0.0,0.0
W0093,Night,2025-01-09,41.0,1,1,0.0,0.0,1.0
W0093,Night,2025-01-21,18.0,0,1,0.0,0.0,0.0
W0093,Night,2025-02-08,47.0,1,1,0.0,0.0,1.0
W0093,Night,2025-05-31,26.0,0,1,10.0,2.6,0.0
W0093,Night,2025-06-23,19.0,1,1,0.0,0.0,1.0
W0094,Evening,2025-01-26,42.0,2,2,0.0,0.0,1.0
W0094,Evening,2025-02-13,14.0,1,1,0.0,0.0,1.0
W0094,Evening,2025-03-30,11.0,1,1,6.0,1.8333333333333333,1.0
W0094,Morning,2025-01-13,26.0,0,1,0.0,0.0,0.0
W0094,Morning,2025-01-21,5.0,1,1,0.0,0.0,1.0
W0094,Morning,2025-01-29,11.0,0,1,0.0,0.0,0.0
W0094,Morning,2025-03-16,46.0,0,1,0.0,0.0,0.0
W0094,Morning,2025-03-27,9.0,0,1,0.0,0.0,0.0
W0094,Morning,2025-03-31,23.0,0,1,0.0,0.0,0.0
W0094,Morning,2025-04-23,34.0,0,1,0.0,0.0,0.0
W0094,Morning,2025-05-27,5.0,0,1,0.0,0.0,0.0
W0094,Morning,2025-06-04,31.0,0,1,0.0,0.0,0.0
W0094,Morning,2025-06-07,43.0,0,1,0.0,0.0,0.0
W0094,Morning,2025-06-28,44.0,0,1,0.0,0.0,0.0
W0094,Night,2025-01-05,16.0,0,1,0.0,0.0,0.0
W0094,Night,2025-03-22,3.0,0,1,0.0,0.0,0.0
W0094,Night,2025-03-26,20.0,0,1,0.0,0.0,0.0
W0094,Night,2025-05-31,27.0,0,1,0.0,0.0,0.0
W0094,Night,2025-06-11,13.0,0,1,0.0,0.0,0.0
W0095,Evening,2025-02-25,42.0,0,1,9.0,4.666666666666667,0.0
W0095,Evening,2025-05-03,7.0,1,1,0.0,0.0,1.0
W0095,Morning,2025-02-08,15.0,0,1,0.0,0.0,0.0
W0095,Morning,2025-02-14,49.0,1,1,0.0,0.0,1.0
W0095,Morning,2025-03-10,32.0,0,1,0.0,0.0,0.0
W0095,Morning,2025-03-17,1.0,0,1,0.0,0.0,0.0
W0095,Morning,2025-04-13,43.0,0,1,0.0,0.0,0.0
W0095,Morning,2025-04-14,26.0,0,1,0.0,0.0,0.0
W0095,Morning,2025-05-16,49.0,1,1,0.0,0.0,1.0
W0095,Night,2025-01-01,49.0,0,1,0.0,0.0,0.0
W0095,Night,2025-01-29,20.0,0,1,0.0,0.0,0.0
W0095,Night,2025-03-09,4.0,0,1,0.0,0.0,0.0
W0095,Night,2025-04-06,35.0,0,1,0.0,0.0,0.0
W0095,Night,2025-05-30,24.0,0,1,0.0,0.0,0.0
W0095,Night,2025-06-04,43.0,0,1,7.0,6.142857142857143,0.0
W0096,Evening,2025-01-23,6.0,0,1,0.0,0.0,0.0
W0096,Evening,2025-02-07,24.0,0,1,0.0,0.0,0.0
W0096,Evening,2025-04-15,16.0,1,1,0.0,0.0,1.0
W0096,Evening,2025-04-25,38.0,0,1,0.0,0.0,0.0
W0096,Morning,2025-01-17,23.0,0,1,0.0,0.0,0.0
W0096,Morning,2025-01-26,4.0,0,1,0.0,0.0,0.0
W0096,Morning,2025-03-08,65.0,0,2,0.0,0.0,0.0
W0096,Morning,2025-03-21,40.0,0,1,0.0,0.0,0.0
W0096,Morning,2025-03-30,5.0,0,1,0.0,0.0,0.0
W0096,Morning,2025-05-08,41.0,0,1,0.0,0.0,0.0
W0096,Morning,2025-05-11,4.0,1,1,0.0,0.0,1.0
W0096,Morning,2025-05-26,19.0,0,1,0.0,0.0,0.0
W0096,Morning,2025-06-13,4.0,0,1,0.0,0.0,0.0
W0096,Night,2025-03-11,45.0,0,1,0.0,0.0,0.0
W0096,Night,2025-05-16,45.0,0,1,0.0,0.0,0.0
W0096,Night,2025-05-23,40.0,1,1,0.0,0.0,1.0
W0097,Evening,2025-01-29,37.0,0,1,0.0,0.0,0.0
W0097,Evening,2025-02-18,26.0,0,1,0.0,0.0,0.0
W0097,Evening,2025-03-22,35.0,1,1,0.0,0.0,1.0
W0097,Morning,2025-01-06,35.0,1,1,0.0,0.0,1.0
W0097,Morning,2025-01-16,21.0,0,1,0.0,0.0,0.0
W0097,Morning,2025-02-02,43.0,0,1,0.0,0.0,0.0
W0097,Morning,2025-03-08,45.0,1,1,0.0,0.0,1.0
W0097,Morning,2025-04-16,40.0,0,1,0.0,0.0,0.0
W0097,Morning,2025-06-21,25.0,0,1,0.0,0.0,0.0
W0097,Night,2025-01-17,49.0,0,1,0.0,0.0,0.0
W0097,Night,2025-02-10,33.0,1,1,0.0,0.0,1.0
W0097,Night,2025-03-27,4.0,0,1,0.0,0.0,0.0
W0097,Night,2025-04-25,49.0,1,1,0.0,0.0,1.0
W0097,Night,2025-06-05,2.0,0,1,0.0,0.0,0.0
W0097,Night,2025-06-26,30.0,0,1,0.0,0.0,0.0
W0098,Evening,2025-04-12,26.0,1,1,0.0,0.0,1.0
W0098,Evening,2025-05-29,8.0,1,1,0.0,0.0,1.0
W0098,Evening,2025-06-14,17.0,0,1,0.0,0.0,0.0
W0098,Evening,2025-06-20,45.0,1,1,0.0,0.0,1.0
W0098,Evening,2025-06-27,32.0,0,1,0.0,0.0,0.0
W0098,Morning,2025-01-29,20.0,1,1,0.0,0.0,1.0
W0098,Morning,2025-03-14,33.0,0,1,0.0,0.0,0.0
W0098,Morning,2025-03-19,10.0,0,1,0.0,0.0,0.0
W0098,Morning,2025-04-11,19.0,0,1,0.0,0.0,0.0
W0098,Morning,2025-05-15,40.0,0,1,0.0,0.0,0.0
W0098,Morning,2025-06-23,7.0,1,1,0.0,0.0,1.0
W0098,Night,2025-01-23,44.0,0,1,0.0,0.0,0.0
W0098,Night,2025-02-15,46.0,0,1,0.0,0.0,0.0
W0098,Night,2025-02-22,37.0,0,1,0.0,0.0,0.0
W0098,Night,2025-03-02,47.0,1,1,0.0,0.0,1.0
W0098,Night,2025-04-15,42.0,1,1,0.0,0.0,1.0
W0098,Night,2025-04-20,46.0,0,1,0.0,0.0,0.0
W0098,Night,2025-05-04,31.0,0,1,0.0,0.0,0.0
W0099,Evening,2025-06-03,44.0,0,1,0.0,0.0,0.0
W0099,Evening,2025-06-09,23.0,0,1,0.0,0.0,0.0
W0099,Morning,2025-01-04,18.0,0,1,0.0,0.0,0.0
W0099,Morning,2025-01-09,47.0,1,1,0.0,0.0,1.0
W0099,Morning,2025-01-27,20.0,1,1,0.0,0.0,1.0
W0099,Morning,2025-01-31,41.0,1,1,9.0,4.555555555555555,1.0
W0099,Morning,2025-03-12,27.0,0,1,0.0,0.0,0.0
W0099,Morning,2025-04-18,46.0,0,1,0.0,0.0,0.0
W0099,Morning,2025-05-12,28.0,0,1,0.0,0.0,0.0
W0099,Morning,2025-05-20,43.0,1,1,8.0,5.375,1.0
W0099,Morning,2025-06-04,32.0,0,1,0.0,0.0,0.0
W0099,Night,2025-01-09,41.0,1,1,0.0,0.0,1.0
W0099,Night,2025-02-27,19.0,0,1,0.0,0.0,0.0
W0099,Night,2025-03-19,3.0,1,1,0.0,0.0,1.0
W0099,Night,2025-04-21,26.0,1,1,0.0,0.0,1.0
W0099,Night,2025-04-23,44.0,1,1,0.0,0.0,1.0
W0099,Night,2025-04-26,46.0,1,1,0.0,0.0,1.0
W0100,Evening,2025-01-13,42.0,0,1,0.0,0.0,0.0
W0100,Evening,2025-03-09,26.0,1,1,0.0,0.0,1.0
W0100,Evening,2025-04-15,40.0,1,1,0.0,0.0,1.0
W0100,Evening,2025-05-29,42.0,0,1,0.0,0.0,0.0
W0100,Morning,2025-03-30,4.0,1,1,8.0,0.5,1.0
W0100,Morning,2025-04-22,42.0,1,1,0.0,0.0,1.0
W0100,Morning,2025-04-23,41.0,0,1,0.0,0.0,0.0
W0100,Morning,2025-05-10,1.0,0,1,0.0,0.0,0.0
W0100,Morning,2025-06-17,28.0,0,1,0.0,0.0,0.0
W0100,Morning,2025-06-21,48.0,0,1,0.0,0.0,0.0
W0100,Night,2025-01-29,10.0,0,1,6.0,1.6666666666666667,0.0
W0100,Night,2025-02-23,13.0,0,1,0.0,0.0,0.0
W0100,Night,2025-02-24,12.0,1,1,0.0,0.0,1.0
W0100,Night,2025-04-30,15.0,0,1,0.0,0.0,0.0
W0100,Night,2025-06-08,44.0,0,1,0.0,0.0,0.0
W0101,Evening,2025-04-24,33.0,0,1,0.0,0.0,0.0
W0101,Morning,2025-01-01,39.0,0,1,0.0,0.0,0.0
W0101,Morning,2025-01-23,4.0,0,1,0.0,0.0,0.0
W0101,Morning,2025-02-02,3.0,0,1,0.0,0.0,0.0
W0101,Morning,2025-02-04,2.0,1,1,0.0,0.0,1.0
W0101,Morning,2025-02-22,15.0,1,1,0.0,0.0,1.0
W0101,Morning,2025-03-09,31.0,0,1,0.0,0.0,0.0
W0101,Morning,2025-03-19,41.0,1,1,0.0,0.0,1.0
W0101,Morning,2025-03-20,23.0,0,1,0.0,0.0,0.0
W0101,Morning,2025-04-08,42.0,1,1,7.0,6.0,1.0
W0101,Morning,2025-05-02,38.0,1,1,0.0,0.0,1.0
W0101,Morning,2025-06-10,21.0,0,1,0.0,0.0,0.0
W0101,Night,2025-05-28,15.0,0,1,0.0,0.0,0.0
W0101,Night,2025-06-01,40.0,0,1,0.0,0.0,0.0
W0101,Night,2025-06-13,38.0,0,1,7.0,5.428571428571429,0.0
W0102,Evening,2025-03-17,23.0,0,1,0.0,0.0,0.0
W0102,Evening,2025-04-09,31.0,0,1,0.0,0.0,0.0
W0102,Evening,2025-04-13,49.0,0,1,0.0,0.0,0.0
W0102,Morning,2025-01-03,25.0,0,1,0.0,0.0,0.0
W0102,Morning,2025-01-23,14.0,0,1,0.0,0.0,0.0
W0102,Morning,2025-01-25,7.0,0,1,0.0,0.0,0.0
W0102,Morning,2025-02-12,38.0,1,1,6.0,6.333333333333333,1.0
W0102,Morning,2025-02-21,36.0,1,1,0.0,0.0,1.0
W0102,Morning,2025-03-29,49.0,2,2,0.0,0.0,1.0
W0102,Morning,2025-04-30,28.0,1,1,0.0,0.0,1.0
W0102,Morning,2025-05-05,44.0,0,1,0.0,0.0,0.0
W0102,Morning,2025-05-07,17.0,0,1,0.0,0.0,0.0
W0102,Morning,2025-05-26,24.0,0,1,0.0,0.0,0.0
W0102,Night,2025-01-04,43.0,0,1,0.0,0.0,0.0
W0102,Night,2025-01-09,27.0,0,1,9.0,3.0,0.0
W0102,Night,2025-03-14,15.0,1,1,0.0,0.0,1.0
W0102,Night,2025-04-21,46.0,1,1,0.0,0.0,1.0
W0102,Night,2025-04-22,35.0,0,1,7.0,5.0,0.0
W0102,Night,2025-04-24,31.0,0,1,0.0,0.0,0.0
W0103,Evening,2025-03-01,33.0,1,1,0.0,0.0,1.0
W0103,Evening,2025-03-25,13.0,0,1,0.0,0.0,0.0
W0103,Evening,2025-04-17,21.0,1,1,0.0,0.0,1.0
W0103,Evening,2025-04-22,8.0,1,1,0.0,0.0,1.0
W0103,Evening,2025-05-12,4.0,0,1,0.0,0.0,0.0
W0103,Evening,2025-05-16,12.0,0,1,0.0,0.0,0.0
W0103,Morning,2025-01-07,26.0,0,1,0.0,0.0,0.0
W0103,Morning,2025-01-22,36.0,1,1,0.0,0.0,1.0
W0103,Morning,2025-01-30,27.0,1,1,0.0,0.0,1.0
W0103,Morning,2025-01-31,58.0,1,2,0.0,0.0,0.5
W0103,Morning,2025-03-23,45.0,0,1,0.0,0.0,0.0
W0103,Morning,2025-03-24,30.0,0,1,0.0,0.0,0.0
W0103,Morning,2025-05-20,18.0,0,1,0.0,0.0,0.0
W0103,Morning,2025-05-24,5.0,1,1,9.0,0.5555555555555556,1.0
W0103,Night,2025-01-20,25.0,0,1,0.0,0.0,0.0
W0103,Night,2025-03-13,8.0,0,1,0.0,0.0,0.0
W0103,Night,2025-03-14,19.0,0,1,0.0,0.0,0.0
W0103,Night,2025-03-20,44.0,0,1,0.0,0.0,0.0
W0103,Night,2025-04-24,27.0,0,1,0.0,0.0,0.0
W0104,Evening,2025-01-30,48.0,0,1,0.0,0.0,0.0
W0104,Evening,2025-02-14,24.0,0,1,0.0,0.0,0.0
W0104,Evening,2025-03-16,3.0,0,1,6.0,0.5,0.0
W0104,Evening,2025-03-25,6.0,0,1,0.0,0.0,0.0
W0104,Evening,2025-04-06,22.0,0,1,0.0,0.0,0.0
W0104,Evening,2025-05-08,4.0,0,1,0.0,0.0,0.0
W0104,Evening,2025-05-27,20.0,1,1,0.0,0.0,1.0
W0104,Evening,2025-06-09,15.0,1,1,0.0,0.0,1.0
W0104,Morning,2025-04-03,4.0,0,1,0.0,0.0,0.0
W0104,Morning,2025-04-13,1.0,0,1,0.0,0.0,0.0
W0104,Morning,2025-04-30,6.0,1,1,0.0,0.0,1.0
W0104,Morning,2025-05-01,26.0,0,2,0.0,0.0,0.0
W0104,Morning,2025-05-06,2.0,0,1,0.0,0.0,0.0
W0104,Morning,2025-05-29,30.0,0,1,0.0,0.0,0.0
W0104,Night,2025-01-07,22.0,1,1,0.0,0.0,1.0
W0104,Night,2025-02-09,24.0,1,1,0.0,0.0,1.0
W0104,Night,2025-02-12,47.0,0,1,0.0,0.0,0.0
W0104,Night,2025-02-15,42.0,0,1,0.0,0.0,0.0
W0105,Evening,2025-02-13,30.0,0,1,0.0,0.0,0.0
W0105,Evening,2025-03-17,37.0,1,1,0.0,0.0,1.0
W0105,Evening,2025-04-08,38.0,0,1,0.0,0.0,0.0
W0105,Morning,2025-01-19,19.0,1,1,0.0,0.0,1.0
W0105,Morning,2025-01-28,15.0,0,1,0.0,0.0,0.0
W0105,Morning,2025-02-16,42.0,0,1,0.0,0.0,0.0
W0105,Morning,2025-03-01,38.0,1,1,0.0,0.0,1.0
W0105,Morning,2025-04-27,34.0,0,1,0.0,0.0,0.0
W0105,Morning,2025-05-20,13.0,0,1,0.0,0.0,0.0
W0105,Morning,2025-05-22,20.0,0,1,0.0,0.0,0.0
W0105,Night,2025-01-06,26.0,0,1,0.0,0.0,0.0
W0105,Night,2025-03-07,9.0,0,1,0.0,0.0,0.0
W0105,Night,2025-04-01,15.0,0,1,8.0,1.875,0.0
W0105,Night,2025-05-05,4.0,1,1,7.0,0.5714285714285714,1.0
W0105,Night,2025-06-04,4.0,0,1,0.0,0.0,0.0
W0106,Evening,2025-04-08,46.0,0,1,0.0,0.0,0.0
W0106,Evening,2025-04-23,19.0,1,1,0.0,0.0,1.0
W0106,Evening,2025-06-17,8.0,0,1,0.0,0.0,0.0
W0106,Morning,2025-02-17,25.0,0,1,0.0,0.0,0.0
W0106,Morning,2025-04-11,43.0,1,1,0.0,0.0,1.0
W0106,Morning,2025-05-18,12.0,1,1,0.0,0.0,1.0
W0106,Morning,2025-05-28,15.0,1,1,0.0,0.0,1.0
W0106,Morning,2025-06-23,69.0,1,2,0.0,0.0,0.5
W0106,Night,2025-01-13,31.0,0,1,0.0,0.0,0.0
W0106,Night,2025-03-09,25.0,0,1,0.0,0.0,0.0
W0106,Night,2025-06-14,28.0,0,1,0.0,0.0,0.0
W0107,Evening,2025-01-23,24.0,0,1,0.0,0.0,0.0
W0107,Evening,2025-02-12,15.0,0,1,0.0,0.0,0.0
W0107,Evening,2025-03-27,37.0,0,1,0.0,0.0,0.0
W0107,Evening,2025-04-02,13.0,1,1,0.0,0.0,1.0
W0107,Evening,2025-05-15,41.0,1,2,0.0,0.0,0.5
W0107,Evening,2025-06-15,40.0,1,1,0.0,0.0,1.0
W0107,Evening,2025-06-26,48.0,0,1,0.0,0.0,0.0
W0107,Morning,2025-01-06,33.0,0,1,0.0,0.0,0.0
W0107,Morning,2025-03-11,1.0,1,1,0.0,0.0,1.0
W0107,Morning,2025-03-30,31.0,0,1,0.0,0.0,0.0
W0107,Morning,2025-05-10,34.0,0,1,0.0,0.0,0.0
W0107,Morning,2025-05-18,39.0,1,1,0.0,0.0,1.0
W0107,Morning,2025-05-24,42.0,0,1,0.0,0.0,0.0
W0107,Night,2025-02-14,4.0,0,1,9.0,0.4444444444444444,0.0
W0107,Night,2025-02-22,2.0,0,1,0.0,0.0,0.0
W0107,Night,2025-03-01,28.0,0,1,0.0,0.0,0.0
W0107,Night,2025-04-14,30.0,0,1,0.0,0.0,0.0
W0107,Night,2025-04-30,28.0,0,1,0.0,0.0,0.0
W0107,Night,2025-05-18,49.0,1,1,0.0,0.0,1.0
W0107,Night,2025-06-28,16.0,0,1,0.0,0.0,0.0
W0108,Evening,2025-01-30,41.0,1,1,6.0,6.833333333333333,1.0
W0108,Evening,2025-05-15,11.0,0,1,0.0,0.0,0.0
W0108,Evening,2025-06-11,51.0,0,2,0.0,0.0,0.0
W0108,Morning,2025-01-02,25.0,0,1,0.0,0.0,0.0
W0108,Morning,2025-01-10,30.0,0,1,0.0,0.0,0.0
W0108,Morning,2025-02-07,49.0,0,1,0.0,0.0,0.0
W0108,Morning,2025-02-16,42.0,0,1,0.0,0.0,0.0
W0108,Morning,2025-03-11,19.0,1,1,0.0,0.0,1.0
W0108,Morning,2025-04-09,13.0,1,1,0.0,0.0,1.0
W0108,Morning,2025-04-12,55.0,0,2,0.0,0.0,0.0
W0108,Morning,2025-04-14,9.0,0,1,0.0,0.0,0.0
W0108,Morning,2025-04-18,43.0,0,2,0.0,0.0,0.0
W0108,Morning,2025-04-28,6.0,0,1,0.0,0.0,0.0
W0108,Morning,2025-05-30,49.0,0,1,9.0,5.444444444444445,0.0
W0108,Morning,2025-06-03,12.0,0,1,0.0,0.0,0.0
W0108,Night,2025-01-23,27.0,1,1,0.0,0.0,1.0
W0108,Night,2025-02-21,42.0,0,1,0.0,0.0,0.0
W0108,Night,2025-03-02,10.0,0,1,0.0,0.0,0.0
W0108,Night,2025-05-07,45.0,1,1,0.0,0.0,1.0
W0108,Night,2025-06-15,31.0,0,1,0.0,0.0,0.0
W0108,Night,2025-06-23,4.0,0,1,0.0,0.0,0.0
W0109,Evening,2025-03-01,12.0,0,1,0.0,0.0,0.0
W0109,Evening,2025-06-01,16.0,0,1,0.0,0.0,0.0
W0109,Morning,2025-01-07,28.0,0,1,0.0,0.0,0.0
W0109,Morning,2025-01-09,30.0,0,1,0.0,0.0,0.0
W0109,Morning,2025-01-13,45.0,0,1,0.0,0.0,0.0
W0109,Morning,2025-02-11,15.0,1,1,0.0,0.0,1.0
W0109,Morning,2025-03-05,28.0,0,1,0.0,0.0,0.0
W0109,Morning,2025-03-18,15.0,0,1,0.0,0.0,0.0
W0109,Morning,2025-03-29,41.0,0,1,0.0,0.0,0.0
W0109,Morning,2025-05-02,35.0,0,1,0.0,0.0,0.0
W0109,Morning,2025-05-16,38.0,0,1,0.0,0.0,0.0
W0109,Morning,2025-05-22,16.0,0,1,0.0,0.0,0.0
W0109,Morning,2025-06-10,4.0,0,1,0.0,0.0,0.0
W0109,Morning,2025-06-18,45.0,1,1,0.0,0.0,1.0
W0109,Morning,2025-06-22,38.0,0,1,0.0,0.0,0.0
W0109,Night,2025-01-07,14.0,0,1,0.0,0.0,0.0
W0109,Night,2025-02-01,46.0,0,1,0.0,0.0,0.0
W0109,Night,2025-04-30,26.0,1,1,0.0,0.0,1.0
W0109,Night,2025-05-11,38.0,0,1,0.0,0.0,0.0
W0109,Night,2025-05-15,24.0,0,1,0.0,0.0,0.0
W0109,Night,2025-06-03,20.0,0,1,0.0,0.0,0.0
W0109,Night,2025-06-09,15.0,1,1,0.0,0.0,1.0
W0109,Night,2025-06-22,38.0,1,1,0.0,0.0,1.0
W0110,Evening,2025-05-09,27.0,0,1,0.0,0.0,0.0
W0110,Evening,2025-05-29,41.0,0,1,0.0,0.0,0.0
W0110,Evening,2025-06-26,4.0,0,1,0.0,0.0,0.0
W0110,Morning,2025-03-04,4.0,1,1,0.0,0.0,1.0
W0110,Morning,2025-04-19,16.0,1,1,0.0,0.0,1.0
W0110,Morning,2025-04-26,5.0,0,1,0.0,0.0,0.0
W0110,Morning,2025-06-02,24.0,0,1,0.0,0.0,0.0
W0110,Morning,2025-06-26,41.0,0,1,0.0,0.0,0.0
W0110,Night,2025-01-21,31.0,0,1,7.0,4.428571428571429,0.0
W0110,Night,2025-01-30,47.0,0,1,0.0,0.0,0.0
W0110,Night,2025-02-08,1.0,0,1,0.0,0.0,0.0
W0110,Night,2025-03-14,2.0,0,1,0.0,0.0,0.0
W0110,Night,2025-03-31,34.0,0,1,0.0,0.0,0.0
W0110,Night,2025-05-22,27.0,0,1,0.0,0.0,0.0
W0111,Evening,2025-01-23,19.0,0,1,0.0,0.0,0.0
W0111,Evening,2025-03-25,29.0,0,1,0.0,0.0,0.0
W0111,Evening,2025-04-22,21.0,0,1,0.0,0.0,0.0
W0111,Morning,2025-01-03,48.0,0,1,0.0,0.0,0.0
W0111,Morning,2025-05-12,24.0,1,1,0.0,0.0,1.0
W0111,Morning,2025-06-23,18.0,0,1,0.0,0.0,0.0
W0111,Morning,2025-06-25,46.0,0,1,0.0,0.0,0.0
W0111,Morning,2025-06-29,37.0,0,1,0.0,0.0,0.0
W0111,Night,2025-02-10,35.0,1,1,0.0,0.0,1.0
W0111,Night,2025-03-24,5.0,1,1,0.0,0.0,1.0
W0111,Night,2025-04-19,15.0,0,1,0.0,0.0,0.0
W0111,Night,2025-05-06,3.0,1,1,0.0,0.0,1.0
W0111,Night,2025-05-10,21.0,0,1,0.0,0.0,0.0
W0111,Night,2025-05-12,44.0,0,1,0.0,0.0,0.0
W0111,Night,2025-06-02,43.0,1,1,0.0,0.0,1.0
W0111,Night,2025-06-28,25.0,0,1,0.0,0.0,0.0
W0112,Evening,2025-02-02,32.0,0,1,0.0,0.0,0.0
W0112,Evening,2025-03-19,4.0,1,1,0.0,0.0,1.0
W0112,Evening,2025-06-27,1.0,1,1,0.0,0.0,1.0
W0112,Morning,2025-01-06,9.0,0,1,0.0,0.0,0.0
W0112,Morning,2025-02-03,48.0,0,1,0.0,0.0,0.0
W0112,Morning,2025-04-09,14.0,1,1,0.0,0.0,1.0
W0112,Morning,2025-05-11,6.0,0,1,0.0,0.0,0.0
W0112,Morning,2025-06-24,41.0,1,2,0.0,0.0,0.5
W0112,Night,2025-01-23,36.0,0,1,0.0,0.0,0.0
W0112,Night,2025-01-26,5.0,0,1,0.0,0.0,0.0
W0112,Night,2025-03-18,16.0,0,1,0.0,0.0,0.0
W0112,Night,2025-04-10,30.0,1,1,0.0,0.0,1.0
W0112,Night,2025-05-09,22.0,0,1,0.0,0.0,0.0
W0113,Evening,2025-01-22,24.0,0,1,0.0,0.0,0.0
W0113,Evening,2025-05-23,17.0,0,1,0.0,0.0,0.0
W0113,Evening,2025-06-08,27.0,1,1,0.0,0.0,1.0
W0113,Evening,2025-06-24,33.0,0,1,0.0,0.0,0.0
W0113,Morning,2025-01-01,32.0,0,1,0.0,0.0,0.0
W0113,Morning,2025-02-15,35.0,0,1,0.0,0.0,0.0
W0113,Morning,2025-02-22,45.0,0,1,0.0,0.0,0.0
W0113,Morning,2025-05-14,49.0,0,1,0.0,0.0,0.0
W0113,Night,2025-01-19,9.0,0,1,0.0,0.0,0.0
W0113,Night,2025-01-24,38.0,0,1,0.0,0.0,0.0
W0113,Night,2025-04-27,34.0,1,1,0.0,0.0,1.0
W0113,Night,2025-06-29,18.0,0,1,0.0,0.0,0.0
W0114,Evening,2025-01-03,19.0,0,1,0.0,0.0,0.0
W0114,Evening,2025-03-05,8.0,0,1,0.0,0.0,0.0
W0114,Evening,2025-03-11,17.0,0,1,0.0,0.0,0.0
W0114,Evening,2025-03-13,1.0,0,1,0.0,0.0,0.0
W0114,Evening,2025-04-01,3.0,0,1,0.0,0.0,0.0
W0114,Evening,2025-05-06,40.0,0,1,0.0,0.0,0.0
W0114,Evening,2025-05-13,29.0,0,1,0.0,0.0,0.0
W0114,Evening,2025-06-14,29.0,1,1,0.0,0.0,1.0
W0114,Morning,2025-01-22,48.0,0,1,0.0,0.0,0.0
W0114,Morning,2025-01-24,34.0,1,1,0.0,0.0,1.0
W0114,Morning,2025-05-09,21.0,1,1,0.0,0.0,1.0
W0114,Morning,2025-06-18,42.0,0,1,0.0,0.0,0.0
W0114,Morning,2025-06-19,47.0,0,1,0.0,0.0,0.0
W0114,Morning,2025-06-29,27.0,0,1,0.0,0.0,0.0
W0114,Night,2025-02-13,37.0,0,1,0.0,0.0,0.0
W0114,Night,2025-02-21,48.0,1,1,0.0,0.0,1.0
W0114,Night,2025-03-31,21.0,0,1,0.0,0.0,0.0
W0114,Night,2025-04-06,40.0,0,1,0.0,0.0,0.0
W0114,Night,2025-04-22,29.0,0,1,0.0,0.0,0.0
W0114,Night,2025-05-18,35.0,1,1,0.0,0.0,1.0
W0114,Night,2025-05-20,38.0,0,1,0.0,0.0,0.0
W0115,Evening,2025-01-14,17.0,1,1,0.0,0.0,1.0
W0115,Evening,2025-05-10,8.0,0,1,0.0,0.0,0.0
W0115,Evening,2025-05-15,10.0,0,1,0.0,0.0,0.0
W0115,Evening,2025-05-29,25.0,0,1,0.0,0.0,0.0
W0115,Evening,2025-06-05,19.0,0,1,0.0,0.0,0.0
W0115,Evening,2025-06-22,36.0,0,1,0.0,0.0,0.0
W0115,Morning,2025-04-21,48.0,0,1,0.0,0.0,0.0
W0115,Morning,2025-05-22,17.0,0,1,0.0,0.0,0.0
W0115,Morning,2025-06-15,10.0,1,1,0.0,0.0,1.0
W0115,Night,2025-03-09,21.0,0,1,0.0,0.0,0.0
W0115,Night,2025-03-11,11.0,0,1,0.0,0.0,0.0
W0115,Night,2025-04-04,45.0,1,1,0.0,0.0,1.0
W0115,Night,2025-06-20,36.0,0,1,0.0,0.0,0.0
W0116,Evening,2025-01-11,17.0,0,1,0.0,0.0,0.0
W0116,Evening,2025-01-19,22.0,0,1,0.0,0.0,0.0
W0116,Evening,2025-01-21,40.0,0,1,0.0,0.0,0.0
W0116,Evening,2025-01-29,42.0,0,1,0.0,0.0,0.0
W0116,Evening,2025-05-11,4.0,0,1,0.0,0.0,0.0
W0116,Evening,2025-06-29,49.0,0,1,0.0,0.0,0.0
W0116,Morning,2025-01-14,49.0,0,1,0.0,0.0,0.0
W0116,Morning,2025-02-02,38.0,0,1,0.0,0.0,0.0
W0116,Morning,2025-02-16,20.0,0,1,0.0,0.0,0.0
W0116,Morning,2025-06-06,28.0,0,1,0.0,0.0,0.0
W0116,Night,2025-03-10,20.0,0,1,0.0,0.0,0.0
W0116,Night,2025-04-15,16.0,0,1,0.0,0.0,0.0
W0116,Night,2025-05-23,44.0,1,1,0.0,0.0,1.0
W0117,Evening,2025-01-14,43.0,0,1,0.0,0.0,0.0
W0117,Evening,2025-01-24,32.0,0,1,0.0,0.0,0.0
W0117,Evening,2025-04-21,21.0,0,1,0.0,0.0,0.0
W0117,Evening,2025-04-27,33.0,0,1,0.0,0.0,0.0
W0117,Evening,2025-06-27,14.0,0,1,0.0,0.0,0.0
W0117,Evening,2025-06-28,24.0,0,1,0.0,0.0,0.0
W0117,Morning,2025-01-05,5.0,1,1,0.0,0.0,1.0
W0117,Morning,2025-01-11,41.0,0,1,10.0,4.1,0.0
W0117,Morning,2025-01-23,36.0,0,1,0.0,0.0,0.0
W0117,Morning,2025-03-21,22.0,0,1,0.0,0.0,0.0
W0117,Morning,2025-04-17,48.0,1,1,0.0,0.0,1.0
W0117,Morning,2025-04-21,46.0,0,1,0.0,0.0,0.0
W0117,Morning,2025-04-27,46.0,1,1,0.0,0.0,1.0
W0117,Morning,2025-04-30,14.0,0,1,0.0,0.0,0.0
W0117,Morning,2025-06-18,31.0,0,1,0.0,0.0,0.0
W0117,Night,2025-01-17,28.0,1,1,0.0,0.0,1.0
W0117,Night,2025-02-26,30.0,1,1,0.0,0.0,1.0
W0117,Night,2025-04-05,25.0,0,1,0.0,0.0,0.0
W0117,Night,2025-05-06,12.0,0,1,0.0,0.0,0.0
W0118,Evening,2025-02-03,23.0,0,1,0.0,0.0,0.0
W0118,Evening,2025-02-07,48.0,1,1,0.0,0.0,1.0
W0118,Evening,2025-05-26,49.0,0,1,0.0,0.0,0.0
W0118,Morning,2025-03-11,16.0,1,1,0.0,0.0,1.0
W0118,Morning,2025-03-22,19.0,0,1,0.0,0.0,0.0
W0118,Morning,2025-04-09,10.0,0,1,0.0,0.0,0.0
W0118,Morning,2025-04-15,19.0,1,1,0.0,0.0,1.0
W0118,Morning,2025-05-17,5.0,0,1,0.0,0.0,0.0
W0118,Morning,2025-05-23,11.0,0,1,0.0,0.0,0.0
W0118,Morning,2025-06-26,31.0,1,1,6.0,5.166666666666667,1.0
W0118,Night,2025-04-14,27.0,0,1,0.0,0.0,0.0
W0118,Night,2025-05-18,33.0,0,1,0.0,0.0,0.0
W0119,Evening,2025-02-12,10.0,0,1,0.0,0.0,0.0
W0119,Evening,2025-03-20,43.0,1,1,0.0,0.0,1.0
W0119,Evening,2025-03-23,31.0,0,1,0.0,0.0,0.0
W0119,Evening,2025-05-17,27.0,1,1,0.0,0.0,1.0
W0119,Evening,2025-06-12,35.0,0,1,0.0,0.0,0.0
W0119,Morning,2025-01-07,26.0,0,1,0.0,0.0,0.0
W0119,Morning,2025-01-14,24.0,0,1,0.0,0.0,0.0
W0119,Morning,2025-01-24,31.0,0,1,0.0,0.0,0.0
W0119,Morning,2025-02-01,24.0,0,1,0.0,0.0,0.0
W0119,Morning,2025-03-10,19.0,0,1,0.0,0.0,0.0
W0119,Morning,2025-03-14,2.0,1,1,0.0,0.0,1.0
W0119,Morning,2025-04-22,26.0,0,1,0.0,0.0,0.0
W0119,Morning,2025-05-04,31.0,0,1,0.0,0.0,0.0
W0119,Morning,2025-05-27,40.0,0,1,0.0,0.0,0.0
W0119,Morning,2025-06-04,3.0,1,1,0.0,0.0,1.0
W0119,Morning,2025-06-19,4.0,0,1,0.0,0.0,0.0
W0119,Morning,2025-06-21,7.0,0,1,0.0,0.0,0.0
W0119,Night,2025-01-03,9.0,1,1,0.0,0.0,1.0
W0119,Night,2025-02-10,39.0,0,1,0.0,0.0,0.0
W0119,Night,2025-03-04,18.0,0,1,0.0,0.0,0.0
W0119,Night,2025-03-14,47.0,0,1,0.0,0.0,0.0
W0119,Night,2025-04-15,28.0,0,1,0.0,0.0,0.0
W0119,Night,2025-06-02,12.0,0,1,0.0,0.0,0.0
W0119,Night,2025-06-22,15.0,0,1,0.0,0.0,0.0
W0119,Night,2025-06-29,41.0,0,1,0.0,0.0,0.0
W0120,Evening,2025-01-05,43.0,0,1,0.0,0.0,0.0
W0120,Evening,2025-01-11,47.0,0,1,0.0,0.0,0.0
W0120,Evening,2025-04-20,23.0,0,1,0.0,0.0,0.0
W0120,Evening,2025-06-16,49.0,0,1,0.0,0.0,0.0
W0120,Morning,2025-02-04,63.0,0,2,0.0,0.0,0.0
W0120,Morning,2025-03-04,31.0,0,1,0.0,0.0,0.0
W0120,Morning,2025-03-12,1.0,0,1,0.0,0.0,0.0
W0120,Morning,2025-03-25,26.0,1,1,0.0,0.0,1.0
W0120,Morning,2025-04-12,22.0,0,1,0.0,0.0,0.0
W0120,Morning,2025-05-11,49.0,1,1,0.0,0.0,1.0
W0120,Morning,2025-05-20,28.0,0,1,0.0,0.0,0.0
W0120,Morning,2025-06-05,8.0,0,1,0.0,0.0,0.0
W0120,Morning,2025-06-21,36.0,0,1,0.0,0.0,0.0
W0120,Night,2025-06-05,24.0,0,1,0.0,0.0,0.0
W0121,Evening,2025-01-08,25.0,0,1,0.0,0.0,0.0
W0121,Evening,2025-04-02,23.0,0,1,0.0,0.0,0.0
W0121,Evening,2025-06-01,22.0,1,1,0.0,0.0,1.0
W0121,Evening,2025-06-13,19.0,1,1,0.0,0.0,1.0
W0121,Evening,2025-06-24,3.0,0,1,0.0,0.0,0.0
W0121,Morning,2025-01-05,20.0,0,1,0.0,0.0,0.0
W0121,Morning,2025-01-15,25.0,0,1,0.0,0.0,0.0
W0121,Morning,2025-02-03,25.0,0,1,0.0,0.0,0.0
W0121,Morning,2025-04-05,18.0,0,1,0.0,0.0,0.0
W0121,Morning,2025-04-07,34.0,0,1,0.0,0.0,0.0
W0121,Morning,2025-05-01,5.0,0,1,0.0,0.0,0.0
W0121,Morning,2025-05-17,32.0,0,1,0.0,0.0,0.0
W0121,Morning,2025-05-31,27.0,0,1,0.0,0.0,0.0
W0121,Morning,2025-06-11,40.0,0,1,0.0,0.0,0.0
W0121,Morning,2025-06-24,22.0,0,1,0.0,0.0,0.0
W0121,Night,2025-01-06,25.0,1,1,0.0,0.0,1.0
W0121,Night,2025-01-30,22.0,0,1,0.0,0.0,0.0
W0121,Night,2025-02-02,15.0,0,1,0.0,0.0,0.0
W0121,Night,2025-02-15,23.0,0,1,0.0,0.0,0.0
W0121,Night,2025-04-29,25.0,0,1,0.0,0.0,0.0
W0121,Night,2025-05-01,34.0,0,1,0.0,0.0,0.0
W0121,Night,2025-06-24,29.0,0,1,0.0,0.0,0.0
W0122,Evening,2025-01-05,6.0,0,1,0.0,0.0,0.0
W0122,Evening,2025-02-13,19.0,1,1,0.0,0.0,1.0
W0122,Evening,2025-02-27,16.0,1,1,0.0,0.0,1.0
W0122,Evening,2025-03-30,23.0,0,1,0.0,0.0,0.0
W0122,Evening,2025-05-20,17.0,0,1,0.0,0.0,0.0
W0122,Evening,2025-06-01,38.0,0,1,0.0,0.0,0.0
W0122,Evening,2025-06-05,34.0,0,1,0.0,0.0,0.0
W0122,Evening,2025-06-13,26.0,0,1,0.0,0.0,0.0
W0122,Evening,2025-06-18,12.0,0,1,0.0,0.0,0.0
W0122,Morning,2025-01-01,46.0,0,1,0.0,0.0,0.0
W0122,Morning,2025-01-03,32.0,1,1,0.0,0.0,1.0
W0122,Morning,2025-01-09,27.0,1,1,0.0,0.0,1.0
W0122,Morning,2025-02-04,7.0,1,1,0.0,0.0,1.0
W0122,Morning,2025-02-07,23.0,0,1,0.0,0.0,0.0
W0122,Morning,2025-02-27,6.0,1,1,0.0,0.0,1.0
W0122,Morning,2025-04-03,32.0,0,1,0.0,0.0,0.0
W0122,Morning,2025-04-06,22.0,0,1,0.0,0.0,0.0
W0122,Morning,2025-04-13,48.0,0,1,0.0,0.0,0.0
W0122,Night,2025-01-23,18.0,0,1,0.0,0.0,0.0
W0122,Night,2025-02-15,5.0,1,1,0.0,0.0,1.0
W0122,Night,2025-02-19,36.0,0,1,0.0,0.0,0.0
W0122,Night,2025-06-13,25.0,0,1,0.0,0.0,0.0
W0123,Evening,2025-01-13,3.0,0,1,0.0,0.0,0.0
W0123,Evening,2025-02-22,35.0,0,1,0.0,0.0,0.0
W0123,Evening,2025-03-20,45.0,0,1,0.0,0.0,0.0
W0123,Evening,2025-04-26,45.0,0,1,0.0,0.0,0.0
W0123,Evening,2025-05-07,43.0,0,1,0.0,0.0,0.0
W0123,Evening,2025-06-25,45.0,0,1,7.0,6.428571428571429,0.0
W0123,Morning,2025-01-01,2.0,1,1,0.0,0.0,1.0
W0123,Morning,2025-01-15,44.0,0,1,10.0,4.4,0.0
W0123,Morning,2025-01-20,15.0,0,1,0.0,0.0,0.0
W0123,Morning,2025-01-22,47.0,0,1,0.0,0.0,0.0
W0123,Morning,2025-02-22,1.0,1,1,0.0,0.0,1.0
W0123,Morning,2025-02-23,5.0,0,1,0.0,0.0,0.0
W0123,Morning,2025-03-20,20.0,0,1,0.0,0.0,0.0
W0123,Morning,2025-04-07,34.0,1,1,6.0,5.666666666666667,1.0
W0123,Morning,2025-04-10,27.0,0,1,0.0,0.0,0.0
W0123,Morning,2025-04-26,47.0,1,1,0.0,0.0,1.0
W0123,Morning,2025-05-31,17.0,0,1,0.0,0.0,0.0
W0123,Morning,2025-06-16,25.0,0,1,0.0,0.0,0.0
W0123,Morning,2025-06-29,44.0,1,1,0.0,0.0,1.0
W0123,Night,2025-01-13,6.0,0,1,0.0,0.0,0.0
W0123,Night,2025-02-01,48.0,1,1,0.0,0.0,1.0
W0123,Night,2025-03-25,29.0,0,1,0.0,0.0,0.0
W0124,Evening,2025-01-13,26.0,1,1,0.0,0.0,1.0
W0124,Morning,2025-02-02,49.0,0,1,0.0,0.0,0.0
W0124,Morning,2025-02-11,48.0,0,1,0.0,0.0,0.0
W0124,Morning,2025-02-24,34.0,0,1,0.0,0.0,0.0
W0124,Morning,2025-04-06,33.0,0,1,0.0,0.0,0.0
W0124,Morning,2025-05-15,9.0,1,1,0.0,0.0,1.0
W0124,Morning,2025-06-21,43.0,0,1,0.0,0.0,0.0
W0124,Night,2025-01-12,10.0,0,1,0.0,0.0,0.0
W0124,Night,2025-01-17,49.0,0,1,0.0,0.0,0.0
W0124,Night,2025-02-01,24.0,0,1,0.0,0.0,0.0
W0124,Night,2025-02-05,32.0,0,1,0.0,0.0,0.0
W0124,Night,2025-03-07,35.0,0,1,0.0,0.0,0.0
W0124,Night,2025-03-12,48.0,0,1,0.0,0.0,0.0
W0124,Night,2025-03-26,16.0,1,1,0.0,0.0,1.0
W0124,Night,2025-05-29,45.0,0,1,0.0,0.0,0.0
W0124,Night,2025-06-08,43.0,1,1,0.0,0.0,1.0
W0124,Night,2025-06-16,49.0,1,1,0.0,0.0,1.0
W0124,Night,2025-06-23,5.0,0,1,0.0,0.0,0.0
W0124,Night,2025-06-27,32.0,0,1,0.0,0.0,0.0
W0125,Evening,2025-03-15,37.0,0,1,0.0,0.0,0.0
W0125,Evening,2025-05-14,22.0,0,1,0.0,0.0,0.0
W0125,Morning,2025-01-01,2.0,1,1,0.0,0.0,1.0
W0125,Morning,2025-02-28,28.0,1,1,0.0,0.0,1.0
W0125,Morning,2025-03-06,43.0,0,1,0.0,0.0,0.0
W0125,Morning,2025-03-09,9.0,1,1,0.0,0.0,1.0
W0125,Morning,2025-04-30,1.0,0,1,0.0,0.0,0.0
W0125,Morning,2025-05-18,37.0,1,1,9.0,4.111111111111111,1.0
W0125,Morning,2025-06-05,15.0,1,1,0.0,0.0,1.0
W0125,Night,2025-01-30,35.0,0,1,0.0,0.0,0.0
W0125,Night,2025-02-07,33.0,0,2,0.0,0.0,0.0
W0125,Night,2025-02-11,42.0,1,1,0.0,0.0,1.0
W0125,Night,2025-03-25,21.0,1,1,0.0,0.0,1.0
W0125,Night,2025-03-28,34.0,0,1,0.0,0.0,0.0
W0125,Night,2025-04-16,30.0,0,1,0.0,0.0,0.0
W0125,Night,2025-06-22,25.0,0,1,0.0,0.0,0.0
W0126,Evening,2025-01-02,31.0,0,1,0.0,0.0,0.0
W0126,Evening,2025-01-28,4.0,1,1,0.0,0.0,1.0
W0126,Evening,2025-01-29,28.0,0,1,0.0,0.0,0.0
W0126,Evening,2025-02-15,45.0,0,1,0.0,0.0,0.0
W0126,Evening,2025-02-17,41.0,0,1,0.0,0.0,0.0
W0126,Evening,2025-02-28,41.0,0,1,0.0,0.0,0.0
W0126,Evening,2025-04-22,13.0,1,1,0.0,0.0,1.0
W0126,Evening,2025-06-24,25.0,0,1,0.0,0.0,0.0
W0126,Morning,2025-02-16,14.0,0,1,0.0,0.0,0.0
W0126,Morning,2025-04-07,38.0,0,1,0.0,0.0,0.0
W0126,Morning,2025-05-14,2.0,0,1,0.0,0.0,0.0
W0126,Morning,2025-05-16,7.0,0,1,0.0,0.0,0.0
W0126,Morning,2025-06-05,44.0,0,1,0.0,0.0,0.0
W0126,Night,2025-02-08,31.0,0,1,0.0,0.0,0.0
W0126,Night,2025-02-18,17.0,1,1,0.0,0.0,1.0
W0126,Night,2025-03-09,9.0,0,1,0.0,0.0,0.0
W0126,Night,2025-04-03,27.0,0,1,0.0,0.0,0.0
W0126,Night,2025-04-27,36.0,2,2,0.0,0.0,1.0
W0126,Night,2025-04-28,21.0,0,1,0.0,0.0,0.0
W0127,Evening,2025-01-10,9.0,0,1,0.0,0.0,0.0
W0127,Evening,2025-01-12,40.0,0,1,0.0,0.0,0.0
W0127,Evening,2025-02-09,24.0,1,1,0.0,0.0,1.0
W0127,Evening,2025-03-25,37.0,0,1,0.0,0.0,0.0
W0127,Evening,2025-04-13,27.0,1,1,0.0,0.0,1.0
W0127,Evening,2025-05-09,9.0,0,1,0.0,0.0,0.0
W0127,Evening,2025-05-18,17.0,0,1,0.0,0.0,0.0
W0127,Evening,2025-06-13,26.0,1,1,0.0,0.0,1.0
W0127,Evening,2025-06-17,47.0,0,1,0.0,0.0,0.0
W0127,Morning,2025-01-13,17.0,1,1,0.0,0.0,1.0
W0127,Morning,2025-01-18,26.0,0,1,0.0,0.0,0.0
W0127,Morning,2025-02-03,38.0,0,1,0.0,0.0,0.0
W0127,Morning,2025-02-23,21.0,0,1,0.0,0.0,0.0
W0127,Morning,2025-04-18,4.0,0,1,0.0,0.0,0.0
W0127,Morning,2025-05-19,46.0,1,1,0.0,0.0,1.0
W0127,Morning,2025-06-04,27.0,0,1,0.0,0.0,0.0
W0127,Night,2025-04-15,18.0,0,1,0.0,0.0,0.0
W0127,Night,2025-05-22,29.0,0,1,0.0,0.0,0.0
W0127,Night,2025-06-18,40.0,1,1,6.0,6.666666666666667,1.0
W0128,Evening,2025-03-05,3.0,0,1,0.0,0.0,0.0
W0128,Evening,2025-03-15,45.0,1,1,0.0,0.0,1.0
W0128,Evening,2025-03-29,34.0,0,2,0.0,0.0,0.0
W0128,Evening,2025-04-05,11.0,0,1,0.0,0.0,0.0
W0128,Morning,2025-01-08,12.0,0,1,0.0,0.0,0.0
W0128,Morning,2025-01-22,10.0,0,1,0.0,0.0,0.0
W0128,Morning,2025-02-01,15.0,0,1,7.0,2.142857142857143,0.0
W0128,Morning,2025-02-23,49.0,0,1,0.0,0.0,0.0
W0128,Morning,2025-02-27,5.0,0,1,0.0,0.0,0.0
W0128,Morning,2025-03-02,33.0,1,1,0.0,0.0,1.0
W0128,Morning,2025-04-13,24.0,0,1,0.0,0.0,0.0
W0128,Morning,2025-05-05,44.0,0,1,0.0,0.0,0.0
W0128,Morning,2025-05-17,47.0,0,1,0.0,0.0,0.0
W0128,Morning,2025-05-24,33.0,0,1,0.0,0.0,0.0
W0128,Night,2025-01-17,2.0,0,1,0.0,0.0,0.0
W0128,Night,2025-01-28,11.0,1,1,0.0,0.0,1.0
W0128,Night,2025-03-06,30.0,0,1,0.0,0.0,0.0
W0128,Night,2025-03-07,35.0,0,1,0.0,0.0,0.0
W0128,Night,2025-04-14,16.0,0,1,0.0,0.0,0.0
W0128,Night,2025-06-24,11.0,1,1,0.0,0.0,1.0
W0129,Evening,2025-01-17,36.0,1,1,0.0,0.0,1.0
W0129,Evening,2025-02-24,25.0,0,1,0.0,0.0,0.0
W0129,Evening,2025-03-26,42.0,0,1,0.0,0.0,0.0
W0129,Evening,2025-03-28,46.0,0,1,0.0,0.0,0.0
W0129,Evening,2025-04-09,29.0,1,1,0.0,0.0,1.0
W0129,Evening,2025-05-22,23.0,1,1,10.0,2.3,1.0
W0129,Evening,2025-06-06,47.0,0,1,0.0,0.0,0.0
W0129,Evening,2025-06-16,20.0,0,1,0.0,0.0,0.0
W0129,Morning,2025-01-02,47.0,0,1,0.0,0.0,0.0
W0129,Morning,2025-01-20,34.0,0,1,10.0,3.4,0.0
W0129,Morning,2025-01-21,38.0,0,1,0.0,0.0,0.0
W0129,Morning,2025-02-22,27.0,1,1,0.0,0.0,1.0
W0129,Morning,2025-03-21,36.0,0,1,8.0,4.5,0.0
W0129,Morning,2025-04-30,40.0,0,1,0.0,0.0,0.0
W0129,Morning,2025-05-29,19.0,0,1,0.0,0.0,0.0
W0129,Morning,2025-06-12,31.0,0,1,0.0,0.0,0.0
W0129,Morning,2025-06-16,22.0,1,1,0.0,0.0,1.0
W0129,Morning,2025-06-18,35.0,0,1,0.0,0.0,0.0
W0129,Morning,2025-06-22,34.0,1,1,0.0,0.0,1.0
W0129,Morning,2025-06-25,32.0,0,1,0.0,0.0,0.0
W0129,Morning,2025-06-29,20.0,0,1,0.0,0.0,0.0
W0129,Night,2025-01-12,22.0,0,1,0.0,0.0,0.0
W0129,Night,2025-03-01,22.0,0,1,8.0,2.75,0.0
W0129,Night,2025-03-11,45.0,1,1,0.0,0.0,1.0
W0129,Night,2025-03-16,43.0,0,1,0.0,0.0,0.0
W0129,Night,2025-03-18,22.0,0,1,7.0,3.142857142857143,0.0
W0129,Night,2025-04-22,26.0,0,1,9.0,2.888888888888889,0.0
W0129,Night,2025-06-29,29.0,0,1,0.0,0.0,0.0
W0130,Evening,2025-01-07,8.0,0,1,0.0,0.0,0.0
W0130,Evening,2025-02-27,44.0,1,1,8.0,5.5,1.0
W0130,Evening,2025-03-16,17.0,0,1,0.0,0.0,0.0
W0130,Evening,2025-04-02,32.0,1,1,0.0,0.0,1.0
W0130,Evening,2025-04-09,12.0,0,1,0.0,0.0,0.0
W0130,Evening,2025-04-16,40.0,1,1,0.0,0.0,1.0
W0130,Evening,2025-05-28,3.0,0,1,0.0,0.0,0.0
W0130,Evening,2025-06-03,10.0,0,1,0.0,0.0,0.0
W0130,Morning,2025-01-03,42.0,0,1,0.0,0.0,0.0
W0130,Morning,2025-01-21,8.0,0,1,0.0,0.0,0.0
W0130,Morning,2025-01-30,39.0,1,1,0.0,0.0,1.0
W0130,Morning,2025-02-01,41.0,1,1,0.0,0.0,1.0
W0130,Morning,2025-03-10,47.0,0,1,0.0,0.0,0.0
W0130,Morning,2025-03-18,25.0,0,1,0.0,0.0,0.0
W0130,Morning,2025-03-26,3.0,1,1,0.0,0.0,1.0
W0130,Morning,2025-04-19,44.0,0,1,0.0,0.0,0.0
W0130,Morning,2025-05-04,45.0,0,1,0.0,0.0,0.0
W0130,Morning,2025-05-12,27.0,1,1,0.0,0.0,1.0
W0130,Morning,2025-05-31,39.0,0,1,0.0,0.0,0.0
W0130,Morning,2025-06-27,23.0,0,1,0.0,0.0,0.0
W0130,Night,2025-04-09,36.0,0,1,0.0,0.0,0.0
W0130,Night,2025-05-10,45.0,1,1,0.0,0.0,1.0
W0130,Night,2025-05-15,18.0,0,1,0.0,0.0,0.0
W0130,Night,2025-06-26,30.0,1,1,0.0,0.0,1.0
W0131,Evening,2025-01-26,38.0,0,1,0.0,0.0,0.0
W0131,Evening,2025-04-10,17.0,1,1,14.0,1.2142857142857142,1.0
W0131,Evening,2025-05-02,34.0,1,1,0.0,0.0,1.0
W0131,Evening,2025-05-13,29.0,0,1,0.0,0.0,0.0
W0131,Evening,2025-06-03,49.0,0,1,0.0,0.0,0.0
W0131,Evening,2025-06-08,13.0,0,1,0.0,0.0,0.0
W0131,Evening,2025-06-28,29.0,0,1,0.0,0.0,0.0
W0131,Morning,2025-01-05,9.0,0,1,0.0,0.0,0.0
W0131,Morning,2025-01-12,41.0,0,1,0.0,0.0,0.0
W0131,Morning,2025-02-17,15.0,0,1,0.0,0.0,0.0
W0131,Morning,2025-03-05,15.0,0,1,0.0,0.0,0.0
W0131,Morning,2025-03-15,23.0,0,1,0.0,0.0,0.0
W0131,Morning,2025-03-17,20.0,0,1,0.0,0.0,0.0
W0131,Morning,2025-04-09,22.0,0,1,0.0,0.0,0.0
W0131,Night,2025-01-18,42.0,0,1,0.0,0.0,0.0
W0131,Night,2025-02-27,17.0,0,1,0.0,0.0,0.0
W0131,Night,2025-05-05,16.0,0,1,0.0,0.0,0.0
W0132,Evening,2025-01-25,23.0,0,1,0.0,0.0,0.0
W0132,Evening,2025-03-29,7.0,0,1,0.0,0.0,0.0
W0132,Evening,2025-05-01,17.0,1,1,0.0,0.0,1.0
W0132,Morning,2025-01-08,82.0,0,2,0.0,0.0,0.0
W0132,Morning,2025-01-14,33.0,1,1,9.0,3.6666666666666665,1.0
W0132,Morning,2025-03-19,42.0,0,1,0.0,0.0,0.0
W0132,Morning,2025-04-02,45.0,0,1,0.0,0.0,0.0
W0132,Morning,2025-04-23,31.0,0,1,0.0,0.0,0.0
W0132,Morning,2025-05-09,37.0,0,1,0.0,0.0,0.0
W0132,Morning,2025-05-20,26.0,0,1,0.0,0.0,0.0
W0132,Night,2025-01-20,10.0,0,1,0.0,0.0,0.0
W0132,Night,2025-05-17,27.0,0,1,0.0,0.0,0.0
W0132,Night,2025-05-19,43.0,0,1,0.0,0.0,0.0
W0133,Evening,2025-01-16,5.0,0,1,0.0,0.0,0.0
W0133,Evening,2025-01-20,12.0,0,1,0.0,0.0,0.0
W0133,Evening,2025-02-21,41.0,0,1,0.0,0.0,0.0
W0133,Evening,2025-03-20,42.0,1,1,0.0,0.0,1.0
W0133,Evening,2025-04-14,32.0,0,1,0.0,0.0,0.0
W0133,Evening,2025-05-28,47.0,1,1,0.0,0.0,1.0
W0133,Morning,2025-01-21,14.0,0,1,0.0,0.0,0.0
W0133,Morning,2025-02-20,11.0,1,1,0.0,0.0,1.0
W0133,Morning,2025-05-06,13.0,1,1,0.0,0.0,1.0
W0133,Morning,2025-05-17,49.0,0,1,0.0,0.0,0.0
W0133,Night,2025-01-02,47.0,0,1,0.0,0.0,0.0
W0133,Night,2025-01-16,23.0,0,1,0.0,0.0,0.0
W0133,Night,2025-01-28,19.0,0,1,0.0,0.0,0.0
W0133,Night,2025-04-03,15.0,0,1,0.0,0.0,0.0
W0133,Night,2025-05-12,7.0,0,1,0.0,0.0,0.0
W0133,Night,2025-05-20,22.0,0,1,0.0,0.0,0.0
W0134,Evening,2025-03-19,45.0,0,1,0.0,0.0,0.0
W0134,Evening,2025-04-27,47.0,0,1,0.0,0.0,0.0
W0134,Evening,2025-04-29,5.0,0,1,0.0,0.0,0.0
W0134,Evening,2025-05-25,37.0,0,1,0.0,0.0,0.0
W0134,Evening,2025-06-06,11.0,1,1,0.0,0.0,1.0
W0134,Morning,2025-01-24,27.0,0,1,0.0,0.0,0.0
W0134,Morning,2025-04-20,38.0,0,1,0.0,0.0,0.0
W0134,Morning,2025-05-03,8.0,0,1,0.0,0.0,0.0
W0134,Morning,2025-05-20,38.0,1,1,0.0,0.0,1.0
W0134,Morning,2025-06-05,21.0,0,1,0.0,0.0,0.0
W0134,Morning,2025-06-20,17.0,1,1,0.0,0.0,1.0
W0134,Morning,2025-06-27,18.0,1,1,0.0,0.0,1.0
W0134,Night,2025-01-16,3.0,0,1,0.0,0.0,0.0
W0134,Night,2025-03-04,41.0,0,1,0.0,0.0,0.0
W0134,Night,2025-03-11,49.0,0,1,0.0,0.0,0.0
W0134,Night,2025-04-14,42.0,0,1,0.0,0.0,0.0
W0135,Evening,2025-01-11,20.0,1,1,0.0,0.0,1.0
W0135,Evening,2025-03-03,41.0,0,1,0.0,0.0,0.0
W0135,Evening,2025-05-17,34.0,0,1,0.0,0.0,0.0
W0135,Morning,2025-01-21,11.0,0,1,0.0,0.0,0.0
W0135,Morning,2025-02-22,1.0,0,1,0.0,0.0,0.0
W0135,Morning,2025-03-06,9.0,0,1,0.0,0.0,0.0
W0135,Morning,2025-03-11,29.0,0,1,0.0,0.0,0.0
W0135,Morning,2025-04-17,9.0,0,1,0.0,0.0,0.0
W0135,Morning,2025-05-14,25.0,0,1,0.0,0.0,0.0
W0135,Morning,2025-05-25,11.0,0,1,0.0,0.0,0.0
W0135,Morning,2025-06-20,10.0,0,1,0.0,0.0,0.0
W0135,Night,2025-02-10,25.0,0,1,0.0,0.0,0.0
W0135,Night,2025-04-28,24.0,0,1,0.0,0.0,0.0
W0136,Evening,2025-04-02,14.0,0,1,10.0,1.4,0.0
W0136,Evening,2025-05-11,9.0,1,1,0.0,0.0,1.0
W0136,Morning,2025-02-22,42.0,0,1,0.0,0.0,0.0
W0136,Morning,2025-02-24,13.0,0,1,0.0,0.0,0.0
W0136,Morning,2025-03-11,18.0,1,1,0.0,0.0,1.0
W0136,Morning,2025-03-25,38.0,0,1,0.0,0.0,0.0
W0136,Morning,2025-04-15,26.0,1,1,0.0,0.0,1.0
W0136,Morning,2025-04-19,16.0,0,1,0.0,0.0,0.0
W0136,Morning,2025-05-01,4.0,0,1,0.0,0.0,0.0
W0136,Morning,2025-05-23,35.0,0,1,0.0,0.0,0.0
W0136,Morning,2025-05-24,26.0,0,1,0.0,0.0,0.0
W0136,Morning,2025-05-31,11.0,1,1,0.0,0.0,1.0
W0136,Morning,2025-06-13,32.0,1,1,10.0,3.2,1.0
W0136,Morning,2025-06-19,2.0,1,1,0.0,0.0,1.0
W0136,Night,2025-01-01,25.0,0,1,0.0,0.0,0.0
W0136,Night,2025-05-20,16.0,0,1,0.0,0.0,0.0
W0136,Night,2025-06-01,20.0,0,1,0.0,0.0,0.0
W0137,Evening,2025-01-25,30.0,0,1,0.0,0.0,0.0
W0137,Evening,2025-03-07,37.0,1,1,0.0,0.0,1.0
W0137,Evening,2025-03-18,32.0,0,1,0.0,0.0,0.0
W0137,Evening,2025-04-19,40.0,0,1,0.0,0.0,0.0
W0137,Morning,2025-01-21,82.0,1,2,0.0,0.0,0.5
W0137,Morning,2025-01-23,58.0,2,2,0.0,0.0,1.0
W0137,Morning,2025-01-26,39.0,0,1,0.0,0.0,0.0
W0137,Morning,2025-03-04,21.0,1,1,0.0,0.0,1.0
W0137,Morning,2025-03-10,42.0,0,1,0.0,0.0,0.0
W0137,Morning,2025-03-11,45.0,0,1,0.0,0.0,0.0
W0137,Morning,2025-03-23,12.0,0,1,0.0,0.0,0.0
W0137,Morning,2025-04-29,1.0,0,1,0.0,0.0,0.0
W0137,Morning,2025-05-16,20.0,0,1,0.0,0.0,0.0
W0137,Morning,2025-06-01,38.0,0,1,0.0,0.0,0.0
W0137,Morning,2025-06-15,40.0,0,1,0.0,0.0,0.0
W0137,Night,2025-03-13,34.0,0,1,0.0,0.0,0.0
W0137,Night,2025-03-29,44.0,1,1,0.0,0.0,1.0
W0137,Night,2025-05-26,28.0,0,1,0.0,0.0,0.0
W0138,Evening,2025-01-18,10.0,1,1,0.0,0.0,1.0
W0138,Evening,2025-01-27,36.0,0,1,0.0,0.0,0.0
W0138,Evening,2025-01-29,10.0,0,1,0.0,0.0,0.0
W0138,Evening,2025-03-08,46.0,0,1,0.0,0.0,0.0
W0138,Evening,2025-03-18,8.0,0,1,0.0,0.0,0.0
W0138,Evening,2025-05-16,1.0,0,1,0.0,0.0,0.0
W0138,Evening,2025-05-31,20.0,0,1,0.0,0.0,0.0
W0138,Evening,2025-06-09,8.0,0,1,0.0,0.0,0.0
W0138,Morning,2025-01-17,38.0,0,1,0.0,0.0,0.0
W0138,Morning,2025-01-31,17.0,0,1,0.0,0.0,0.0
W0138,Morning,2025-05-11,47.0,0,1,0.0,0.0,0.0
W0138,Morning,2025-05-14,32.0,0,1,0.0,0.0,0.0
W0138,Morning,2025-05-20,29.0,1,1,0.0,0.0,1.0
W0138,Morning,2025-06-15,2.0,0,1,0.0,0.0,0.0
W0138,Night,2025-01-11,12.0,1,1,0.0,0.0,1.0
W0138,Night,2025-01-14,17.0,0,1,0.0,0.0,0.0
W0138,Night,2025-02-16,35.0,1,1,0.0,0.0,1.0
W0138,Night,2025-04-04,28.0,0,1,0.0,0.0,0.0
W0138,Night,2025-05-13,6.0,0,1,0.0,0.0,0.0
W0138,Night,2025-05-31,26.0,0,1,0.0,0.0,0.0
W0139,Evening,2025-01-17,43.0,0,1,0.0,0.0,0.0
W0139,Evening,2025-03-04,24.0,1,1,0.0,0.0,1.0
W0139,Evening,2025-04-09,46.0,0,1,0.0,0.0,0.0
W0139,Evening,2025-05-04,24.0,0,1,0.0,0.0,0.0
W0139,Evening,2025-05-08,40.0,1,1,0.0,0.0,1.0
W0139,Morning,2025-01-04,48.0,0,1,0.0,0.0,0.0
W0139,Morning,2025-01-07,15.0,0,1,0.0,0.0,0.0
W0139,Morning,2025-01-22,7.0,1,1,10.0,0.7,1.0
W0139,Morning,2025-02-04,22.0,0,1,0.0,0.0,0.0
W0139,Morning,2025-02-22,14.0,0,1,0.0,0.0,0.0
W0139,Morning,2025-03-06,18.0,1,1,0.0,0.0,1.0
W0139,Morning,2025-04-10,2.0,0,1,0.0,0.0,0.0
W0139,Morning,2025-04-20,28.0,0,1,0.0,0.0,0.0
W0139,Morning,2025-05-31,13.0,0,1,0.0,0.0,0.0
W0139,Morning,2025-06-02,27.0,1,1,0.0,0.0,1.0
W0139,Morning,2025-06-16,2.0,0,1,0.0,0.0,0.0
W0139,Night,2025-01-07,10.0,0,1,0.0,0.0,0.0
W0139,Night,2025-01-11,41.0,0,1,0.0,0.0,0.0
W0139,Night,2025-01-26,40.0,0,1,0.0,0.0,0.0
W0139,Night,2025-03-09,12.0,0,1,0.0,0.0,0.0
W0139,Night,2025-03-10,5.0,1,1,0.0,0.0,1.0
W0139,Night,2025-06-03,3.0,0,1,0.0,0.0,0.0
W0140,Evening,2025-02-06,9.0,0,1,0.0,0.0,0.0
W0140,Evening,2025-03-21,7.0,1,1,0.0,0.0,1.0
W0140,Evening,2025-06-20,8.0,0,1,0.0,0.0,0.0
W0140,Morning,2025-01-02,4.0,0,1,0.0,0.0,0.0
W0140,Morning,2025-01-15,17.0,0,1,0.0,0.0,0.0
W0140,Morning,2025-02-02,40.0,0,1,0.0,0.0,0.0
W0140,Morning,2025-02-09,5.0,0,1,0.0,0.0,0.0
W0140,Morning,2025-02-16,23.0,0,1,0.0,0.0,0.0
W0140,Morning,2025-03-18,23.0,0,1,0.0,0.0,0.0
W0140,Morning,2025-03-29,35.0,0,1,0.0,0.0,0.0
W0140,Morning,2025-04-02,1.0,0,1,0.0,0.0,0.0
W0140,Morning,2025-04-22,40.0,0,1,0.0,0.0,0.0
W0140,Morning,2025-04-26,35.0,0,1,0.0,0.0,0.0
W0140,Morning,2025-05-17,43.0,0,1,0.0,0.0,0.0
W0140,Morning,2025-06-18,17.0,1,1,10.0,1.7,1.0
W0140,Morning,2025-06-26,13.0,0,1,0.0,0.0,0.0
W0140,Night,2025-01-23,27.0,0,1,0.0,0.0,0.0
W0140,Night,2025-01-27,32.0,0,1,0.0,0.0,0.0
W0140,Night,2025-02-08,36.0,1,1,0.0,0.0,1.0
W0140,Night,2025-02-17,48.0,1,1,0.0,0.0,1.0
W0140,Night,2025-02-28,13.0,1,1,0.0,0.0,1.0
W0140,Night,2025-03-03,44.0,0,1,0.0,0.0,0.0
W0140,Night,2025-03-17,24.0,0,1,0.0,0.0,0.0
W0140,Night,2025-03-22,36.0,0,1,0.0,0.0,0.0
W0140,Night,2025-03-27,14.0,0,1,0.0,0.0,0.0
W0140,Night,2025-04-22,19.0,0,1,0.0,0.0,0.0
W0141,Evening,2025-01-01,44.0,1,1,0.0,0.0,1.0
W0141,Evening,2025-01-10,24.0,0,1,0.0,0.0,0.0
W0141,Evening,2025-01-17,33.0,0,1,0.0,0.0,0.0
W0141,Evening,2025-03-14,49.0,0,1,0.0,0.0,0.0
W0141,Evening,2025-04-24,38.0,0,1,0.0,0.0,0.0
W0141,Evening,2025-05-31,21.0,0,1,0.0,0.0,0.0
W0141,Evening,2025-06-03,8.0,0,1,0.0,0.0,0.0
W0141,Evening,2025-06-26,42.0,0,1,0.0,0.0,0.0
W0141,Morning,2025-02-03,1.0,0,1,0.0,0.0,0.0
W0141,Morning,2025-04-28,26.0,0,1,0.0,0.0,0.0
W0141,Morning,2025-05-02,16.0,0,1,0.0,0.0,0.0
W0141,Morning,2025-05-05,1.0,0,1,0.0,0.0,0.0
W0141,Morning,2025-06-12,10.0,0,1,0.0,0.0,0.0
W0141,Morning,2025-06-23,1.0,1,1,0.0,0.0,1.0
W0141,Morning,2025-06-26,46.0,1,1,0.0,0.0,1.0
W0141,Night,2025-01-23,36.0,0,1,0.0,0.0,0.0
W0141,Night,2025-03-06,37.0,0,1,0.0,0.0,0.0
W0141,Night,2025-03-11,8.0,0,1,0.0,0.0,0.0
W0141,Night,2025-05-30,9.0,1,1,0.0,0.0,1.0
W0142,Evening,2025-03-12,10.0,0,1,0.0,0.0,0.0
W0142,Evening,2025-03-15,1.0,0,1,0.0,0.0,0.0
W0142,Evening,2025-03-24,1.0,0,1,0.0,0.0,0.0
W0142,Evening,2025-03-30,39.0,0,1,0.0,0.0,0.0
W0142,Evening,2025-05-01,40.0,0,1,0.0,0.0,0.0
W0142,Evening,2025-05-06,33.0,0,1,0.0,0.0,0.0
W0142,Evening,2025-05-22,46.0,0,1,0.0,0.0,0.0
W0142,Evening,2025-06-26,22.0,0,1,0.0,0.0,0.0
W0142,Morning,2025-01-12,15.0,0,1,0.0,0.0,0.0
W0142,Morning,2025-01-26,12.0,0,1,0.0,0.0,0.0
W0142,Morning,2025-02-02,41.0,1,1,0.0,0.0,1.0
W0142,Morning,2025-03-17,19.0,0,1,0.0,0.0,0.0
W0142,Morning,2025-04-07,17.0,1,1,0.0,0.0,1.0
W0142,Morning,2025-05-26,48.0,0,1,0.0,0.0,0.0
W0142,Morning,2025-06-05,28.0,1,1,0.0,0.0,1.0
W0142,Night,2025-01-03,3.0,0,1,0.0,0.0,0.0
W0142,Night,2025-01-28,5.0,1,1,0.0,0.0,1.0
W0142,Night,2025-05-07,11.0,1,1,0.0,0.0,1.0
W0142,Night,2025-05-10,6.0,1,1,0.0,0.0,1.0
W0142,Night,2025-05-18,47.0,0,1,0.0,0.0,0.0
W0142,Night,2025-06-09,47.0,0,1,0.0,0.0,0.0
W0142,Night,2025-06-11,35.0,0,1,0.0,0.0,0.0
W0143,Evening,2025-01-09,10.0,0,1,0.0,0.0,0.0
W0143,Evening,2025-01-25,31.0,0,1,0.0,0.0,0.0
W0143,Evening,2025-01-27,22.0,0,1,0.0,0.0,0.0
W0143,Evening,2025-05-29,13.0,0,1,0.0,0.0,0.0
W0143,Evening,2025-06-07,34.0,0,1,0.0,0.0,0.0
W0143,Morning,2025-01-18,4.0,0,1,0.0,0.0,0.0
W0143,Morning,2025-03-16,47.0,0,1,0.0,0.0,0.0
W0143,Morning,2025-04-26,26.0,0,1,0.0,0.0,0.0
W0143,Morning,2025-04-28,24.0,0,1,0.0,0.0,0.0
W0143,Morning,2025-05-05,39.0,0,1,0.0,0.0,0.0
W0143,Night,2025-01-24,25.0,1,1,0.0,0.0,1.0
W0143,Night,2025-02-20,24.0,0,1,0.0,0.0,0.0
W0143,Night,2025-03-12,33.0,0,1,0.0,0.0,0.0
W0143,Night,2025-04-17,31.0,0,1,8.0,3.875,0.0
W0143,Night,2025-05-10,46.0,1,1,0.0,0.0,1.0
W0143,Night,2025-05-22,14.0,0,1,0.0,0.0,0.0
W0144,Evening,2025-03-21,27.0,1,1,0.0,0.0,1.0
W0144,Evening,2025-04-27,45.0,1,1,7.0,6.428571428571429,1.0
W0144,Evening,2025-05-09,37.0,0,1,0.0,0.0,0.0
W0144,Evening,2025-05-10,46.0,0,1,0.0,0.0,0.0
W0144,Evening,2025-05-25,49.0,0,1,0.0,0.0,0.0
W0144,Morning,2025-01-11,15.0,0,1,0.0,0.0,0.0
W0144,Morning,2025-02-27,39.0,0,1,13.0,3.0,0.0
W0144,Morning,2025-03-06,31.0,1,1,0.0,0.0,1.0
W0144,Morning,2025-03-22,12.0,0,1,0.0,0.0,0.0
W0144,Morning,2025-03-23,9.0,1,1,0.0,0.0,1.0
W0144,Morning,2025-04-09,34.0,1,1,0.0,0.0,1.0
W0144,Morning,2025-05-07,9.0,0,1,0.0,0.0,0.0
W0144,Morning,2025-05-23,17.0,1,1,0.0,0.0,1.0
W0144,Night,2025-01-09,26.0,0,1,0.0,0.0,0.0
W0144,Night,2025-04-23,17.0,0,1,0.0,0.0,0.0
W0144,Night,2025-05-01,19.0,0,1,0.0,0.0,0.0
W0145,Evening,2025-03-12,1.0,0,1,10.0,0.1,0.0
W0145,Evening,2025-03-30,44.0,1,1,0.0,0.0,1.0
W0145,Evening,2025-05-08,17.0,0,1,0.0,0.0,0.0
W0145,Evening,2025-05-31,42.0,0,1,0.0,0.0,0.0
W0145,Evening,2025-06-20,36.0,0,1,0.0,0.0,0.0
W0145,Evening,2025-06-24,14.0,0,1,0.0,0.0,0.0
W0145,Morning,2025-01-31,42.0,0,1,0.0,0.0,0.0
W0145,Morning,2025-03-15,27.0,1,1,0.0,0.0,1.0
W0145,Morning,2025-04-05,30.0,0,1,0.0,0.0,0.0
W0145,Morning,2025-04-16,49.0,0,1,0.0,0.0,0.0
W0145,Morning,2025-05-11,37.0,0,1,0.0,0.0,0.0
W0145,Morning,2025-06-07,3.0,0,1,0.0,0.0,0.0
W0145,Morning,2025-06-08,48.0,0,1,0.0,0.0,0.0
W0145,Morning,2025-06-19,37.0,1,1,0.0,0.0,1.0
W0145,Night,2025-02-10,44.0,0,1,0.0,0.0,0.0
W0145,Night,2025-05-05,17.0,1,1,0.0,0.0,1.0
W0145,Night,2025-05-30,3.0,1,1,0.0,0.0,1.0
W0146,Evening,2025-01-14,48.0,1,1,0.0,0.0,1.0
W0146,Evening,2025-03-08,35.0,1,1,0.0,0.0,1.0
W0146,Evening,2025-06-18,15.0,0,1,0.0,0.0,0.0
W0146,Morning,2025-01-01,25.0,0,1,0.0,0.0,0.0
W0146,Morning,2025-01-11,26.0,1,1,0.0,0.0,1.0
W0146,Morning,2025-01-29,4.0,1,1,0.0,0.0,1.0
W0146,Morning,2025-02-07,43.0,0,1,0.0,0.0,0.0
W0146,Morning,2025-02-22,20.0,1,1,0.0,0.0,1.0
W0146,Morning,2025-03-02,4.0,0,1,0.0,0.0,0.0
W0146,Morning,2025-03-24,41.0,0,1,0.0,0.0,0.0
W0146,Morning,2025-05-08,15.0,0,1,0.0,0.0,0.0
W0146,Morning,2025-05-13,32.0,0,1,0.0,0.0,0.0
W0146,Night,2025-02-25,4.0,1,1,0.0,0.0,1.0
W0146,Night,2025-04-06,21.0,0,1,0.0,0.0,0.0
W0146,Night,2025-04-20,40.0,1,1,0.0,0.0,1.0
W0146,Night,2025-04-24,48.0,0,1,0.0,0.0,0.0
W0146,Night,2025-05-10,42.0,0,1,0.0,0.0,0.0
W0146,Night,2025-06-10,6.0,0,1,0.0,0.0,0.0
W0146,Night,2025-06-26,45.0,0,1,0.0,0.0,0.0
W0147,Evening,2025-01-30,18.0,0,1,0.0,0.0,0.0
W0147,Evening,2025-04-25,22.0,1,1,0.0,0.0,1.0
W0147,Evening,2025-05-21,23.0,0,1,0.0,0.0,0.0
W0147,Evening,2025-06-29,1.0,0,1,0.0,0.0,0.0
W0147,Morning,2025-01-11,42.0,0,1,0.0,0.0,0.0
W0147,Morning,2025-01-24,7.0,1,1,0.0,0.0,1.0
W0147,Morning,2025-02-09,40.0,0,1,0.0,0.0,0.0
W0147,Morning,2025-02-13,10.0,0,1,0.0,0.0,0.0
W0147,Morning,2025-03-03,47.0,0,1,0.0,0.0,0.0
W0147,Morning,2025-03-16,12.0,1,1,0.0,0.0,1.0
W0147,Morning,2025-04-01,12.0,0,1,0.0,0.0,0.0
W0147,Morning,2025-04-22,31.0,1,1,0.0,0.0,1.0
W0147,Morning,2025-05-01,17.0,0,1,0.0,0.0,0.0
W0147,Morning,2025-05-14,28.0,1,1,0.0,0.0,1.0
W0147,Morning,2025-05-19,22.0,0,1,0.0,0.0,0.0
W0147,Morning,2025-05-22,30.0,1,1,0.0,0.0,1.0
W0147,Morning,2025-05-27,16.0,0,1,0.0,0.0,0.0
W0147,Night,2025-01-12,33.0,0,1,0.0,0.0,0.0
W0147,Night,2025-06-06,49.0,0,1,6.0,8.166666666666666,0.0
W0148,Evening,2025-02-14,33.0,0,1,0.0,0.0,0.0
W0148,Evening,2025-02-28,18.0,0,1,0.0,0.0,0.0
W0148,Evening,2025-04-08,14.0,1,2,0.0,0.0,0.5
W0148,Evening,2025-05-04,8.0,0,1,0.0,0.0,0.0
W0148,Evening,2025-05-22,17.0,0,1,0.0,0.0,0.0
W0148,Evening,2025-05-31,48.0,0,1,0.0,0.0,0.0
W0148,Evening,2025-06-04,29.0,0,1,8.0,3.625,0.0
W0148,Morning,2025-01-04,37.0,0,1,0.0,0.0,0.0
W0148,Morning,2025-03-14,8.0,1,1,0.0,0.0,1.0
W0148,Morning,2025-03-17,8.0,0,1,0.0,0.0,0.0
W0148,Morning,2025-03-26,22.0,1,1,0.0,0.0,1.0
W0148,Morning,2025-04-29,30.0,0,1,0.0,0.0,0.0
W0148,Night,2025-03-03,23.0,1,1,6.0,3.8333333333333335,1.0
W0148,Night,2025-04-26,1.0,0,1,0.0,0.0,0.0
W0148,Night,2025-05-11,28.0,0,1,0.0,0.0,0.0
W0148,Night,2025-06-21,23.0,0,1,0.0,0.0,0.0
W0149,Evening,2025-01-19,12.0,1,1,0.0,0.0,1.0
W0149,Evening,2025-01-24,42.0,1,1,0.0,0.0,1.0
W0149,Evening,2025-03-18,9.0,1,1,0.0,0.0,1.0
W0149,Evening,2025-03-19,29.0,0,1,0.0,0.0,0.0
W0149,Morning,2025-02-07,13.0,0,1,0.0,0.0,0.0
W0149,Morning,2025-02-11,8.0,0,1,0.0,0.0,0.0
W0149,Morning,2025-03-21,32.0,0,1,0.0,0.0,0.0
W0149,Morning,2025-03-30,5.0,0,1,0.0,0.0,0.0
W0149,Morning,2025-04-13,33.0,1,1,0.0,0.0,1.0
W0149,Morning,2025-05-15,29.0,1,1,0.0,0.0,1.0
W0149,Morning,2025-05-19,33.0,0,1,0.0,0.0,0.0
W0149,Morning,2025-05-21,26.0,1,1,0.0,0.0,1.0
W0149,Morning,2025-06-18,6.0,1,1,0.0,0.0,1.0
W0149,Morning,2025-06-19,7.0,0,1,0.0,0.0,0.0
W0149,Morning,2025-06-21,7.0,0,1,0.0,0.0,0.0
W0149,Morning,2025-06-23,24.0,1,1,0.0,0.0,1.0
W0149,Morning,2025-06-24,25.0,0,1,0.0,0.0,0.0
W0149,Morning,2025-06-29,35.0,0,1,0.0,0.0,0.0
W0149,Night,2025-01-08,29.0,0,1,0.0,0.0,0.0
W0149,Night,2025-01-28,3.0,0,1,0.0,0.0,0.0
W0149,Night,2025-03-13,20.0,1,1,0.0,0.0,1.0
W0149,Night,2025-04-07,3.0,0,1,0.0,0.0,0.0
W0149,Night,2025-04-30,8.0,0,1,0.0,0.0,0.0
W0149,Night,2025-06-11,16.0,0,1,0.0,0.0,0.0
W0149,Night,2025-06-23,9.0,0,1,0.0,0.0,0.0
W0150,Evening,2025-02-28,18.0,0,1,0.0,0.0,0.0
W0150,Evening,2025-03-25,30.0,0,1,0.0,0.0,0.0
W0150,Evening,2025-05-04,47.0,1,1,0.0,0.0,1.0
W0150,Evening,2025-05-05,47.0,0,1,0.0,0.0,0.0
W0150,Morning,2025-01-07,49.0,1,1,0.0,0.0,1.0
W0150,Morning,2025-01-17,34.0,0,1,0.0,0.0,0.0
W0150,Morning,2025-02-02,17.0,0,1,7.0,2.4285714285714284,0.0
W0150,Morning,2025-03-18,17.0,0,1,0.0,0.0,0.0
W0150,Morning,2025-03-30,35.0,0,1,0.0,0.0,0.0
W0150,Morning,2025-04-05,6.0,0,1,0.0,0.0,0.0
W0150,Morning,2025-05-19,49.0,0,1,0.0,0.0,0.0
W0150,Morning,2025-06-03,1.0,0,1,0.0,0.0,0.0
W0150,Morning,2025-06-17,12.0,0,1,0.0,0.0,0.0
W0150,Night,2025-01-20,46.0,1,1,0.0,0.0,1.0
W0151,Evening,2025-01-08,10.0,1,1,0.0,0.0,1.0
W0151,Evening,2025-05-16,6.0,1,1,0.0,0.0,1.0
W0151,Morning,2025-01-18,8.0,1,1,0.0,0.0,1.0
W0151,Morning,2025-01-30,42.0,0,1,0.0,0.0,0.0
W0151,Morning,2025-03-24,9.0,0,1,0.0,0.0,0.0
W0151,Night,2025-03-07,19.0,1,1,0.0,0.0,1.0
W0151,Night,2025-05-18,6.0,1,1,0.0,0.0,1.0
W0151,Night,2025-05-29,25.0,1,1,7.0,3.5714285714285716,1.0
W0151,Night,2025-06-22,18.0,0,1,0.0,0.0,0.0
W0152,Evening,2025-01-11,43.0,0,1,0.0,0.0,0.0
W0152,Evening,2025-01-15,25.0,0,1,0.0,0.0,0.0
W0152,Evening,2025-02-05,8.0,0,1,0.0,0.0,0.0
W0152,Evening,2025-03-19,19.0,0,1,0.0,0.0,0.0
W0152,Evening,2025-03-23,9.0,1,1,0.0,0.0,1.0
W0152,Evening,2025-03-27,42.0,0,2,0.0,0.0,0.0
W0152,Evening,2025-06-14,9.0,1,1,0.0,0.0,1.0
W0152,Evening,2025-06-29,14.0,0,1,0.0,0.0,0.0
W0152,Morning,2025-01-18,29.0,1,1,0.0,0.0,1.0
W0152,Morning,2025-02-03,29.0,0,1,0.0,0.0,0.0
W0152,Morning,2025-02-21,40.0,0,1,0.0,0.0,0.0
W0152,Morning,2025-04-04,45.0,0,1,0.0,0.0,0.0
W0152,Morning,2025-04-06,6.0,0,1,9.0,0.6666666666666666,0.0
W0152,Morning,2025-04-07,14.0,0,1,0.0,0.0,0.0
W0152,Morning,2025-05-02,36.0,0,1,0.0,0.0,0.0
W0152,Morning,2025-06-04,2.0,0,1,0.0,0.0,0.0
W0152,Morning,2025-06-06,25.0,0,1,0.0,0.0,0.0
W0152,Morning,2025-06-09,23.0,0,1,0.0,0.0,0.0
W0152,Morning,2025-06-26,45.0,0,1,0.0,0.0,0.0
W0152,Night,2025-02-17,19.0,0,1,0.0,0.0,0.0
W0152,Night,2025-05-24,34.0,1,1,0.0,0.0,1.0
W0153,Evening,2025-03-19,14.0,0,1,0.0,0.0,0.0
W0153,Evening,2025-04-04,6.0,0,1,0.0,0.0,0.0
W0153,Evening,2025-04-22,11.0,0,1,0.0,0.0,0.0
W0153,Morning,2025-03-01,3.0,0,1,0.0,0.0,0.0
W0153,Morning,2025-03-05,24.0,0,1,0.0,0.0,0.0
W0153,Morning,2025-03-06,18.0,0,1,0.0,0.0,0.0
W0153,Morning,2025-03-19,48.0,0,1,0.0,0.0,0.0
W0153,Morning,2025-03-31,4.0,0,1,0.0,0.0,0.0
W0153,Morning,2025-04-11,4.0,0,1,0.0,0.0,0.0
W0153,Morning,2025-04-14,25.0,0,1,0.0,0.0,0.0
W0153,Morning,2025-04-19,17.0,0,1,0.0,0.0,0.0
W0153,Morning,2025-04-21,43.0,0,1,0.0,0.0,0.0
W0153,Morning,2025-04-27,41.0,0,1,0.0,0.0,0.0
W0153,Morning,2025-05-04,7.0,0,1,0.0,0.0,0.0
W0153,Morning,2025-05-20,37.0,0,1,0.0,0.0,0.0
W0153,Morning,2025-05-31,41.0,0,1,0.0,0.0,0.0
W0153,Morning,2025-06-27,7.0,0,1,0.0,0.0,0.0
W0153,Night,2025-02-04,22.0,1,1,0.0,0.0,1.0
W0153,Night,2025-03-26,44.0,0,1,0.0,0.0,0.0
W0154,Evening,2025-04-13,32.0,1,1,0.0,0.0,1.0
W0154,Morning,2025-01-03,23.0,1,1,0.0,0.0,1.0
W0154,Morning,2025-01-31,33.0,0,1,0.0,0.0,0.0
W0154,Morning,2025-02-23,43.0,0,1,0.0,0.0,0.0
W0154,Morning,2025-03-30,11.0,1,1,0.0,0.0,1.0
W0154,Morning,2025-04-28,11.0,0,1,0.0,0.0,0.0
W0154,Morning,2025-05-05,7.0,0,1,0.0,0.0,0.0
W0154,Morning,2025-05-14,14.0,0,1,0.0,0.0,0.0
W0154,Morning,2025-06-11,21.0,0,1,0.0,0.0,0.0
W0154,Morning,2025-06-25,16.0,0,1,0.0,0.0,0.0
W0154,Night,2025-01-19,30.0,0,1,0.0,0.0,0.0
W0154,Night,2025-02-16,31.0,0,1,0.0,0.0,0.0
W0154,Night,2025-04-29,33.0,1,1,0.0,0.0,1.0
W0154,Night,2025-06-24,10.0,0,1,0.0,0.0,0.0
W0155,Evening,2025-04-06,8.0,0,1,0.0,0.0,0.0
W0155,Evening,2025-04-27,47.0,0,1,0.0,0.0,0.0
W0155,Evening,2025-05-26,38.0,0,1,0.0,0.0,0.0
W0155,Evening,2025-05-30,29.0,0,1,0.0,0.0,0.0
W0155,Morning,2025-01-02,13.0,0,1,0.0,0.0,0.0
W0155,Morning,2025-01-25,35.0,0,1,0.0,0.0,0.0
W0155,Morning,2025-01-29,27.0,0,1,0.0,0.0,0.0
W0155,Morning,2025-01-30,32.0,1,1,0.0,0.0,1.0
W0155,Morning,2025-02-01,44.0,0,1,0.0,0.0,0.0
W0155,Morning,2025-02-11,21.0,0,1,10.0,2.1,0.0
W0155,Morning,2025-02-20,4.0,0,1,0.0,0.0,0.0
W0155,Morning,2025-03-27,32.0,0,1,0.0,0.0,0.0
W0155,Morning,2025-06-27,8.0,1,1,0.0,0.0,1.0
W0155,Night,2025-01-29,35.0,0,1,0.0,0.0,0.0
W0155,Night,2025-02-13,18.0,0,1,0.0,0.0,0.0
W0155,Night,2025-02-24,20.0,1,1,0.0,0.0,1.0
W0155,Night,2025-03-12,49.0,1,1,0.0,0.0,1.0
W0155,Night,2025-04-03,6.0,0,1,0.0,0.0,0.0
W0155,Night,2025-04-05,31.0,0,1,10.0,3.1,0.0
W0155,Night,2025-04-10,3.0,0,1,0.0,0.0,0.0
W0155,Night,2025-06-19,14.0,0,1,0.0,0.0,0.0
W0155,Night,2025-06-26,41.0,0,1,0.0,0.0,0.0
W0156,Evening,2025-02-22,53.0,1,2,0.0,0.0,0.5
W0156,Morning,2025-02-25,39.0,1,1,0.0,0.0,1.0
W0156,Morning,2025-03-19,27.0,0,1,0.0,0.0,0.0
W0156,Morning,2025-04-26,6.0,0,1,0.0,0.0,0.0
W0156,Morning,2025-05-04,10.0,0,1,0.0,0.0,0.0
W0156,Morning,2025-05-11,15.0,0,1,0.0,0.0,0.0
W0156,Morning,2025-05-15,6.0,0,1,0.0,0.0,0.0
W0156,Morning,2025-05-19,3.0,0,1,0.0,0.0,0.0
W0156,Morning,2025-05-28,37.0,0,1,0.0,0.0,0.0
W0156,Morning,2025-06-06,34.0,0,1,0.0,0.0,0.0
W0156,Morning,2025-06-10,6.0,0,1,0.0,0.0,0.0
W0156,Night,2025-02-19,49.0,0,1,0.0,0.0,0.0
W0156,Night,2025-04-15,4.0,0,1,0.0,0.0,0.0
W0156,Night,2025-05-16,47.0,0,1,0.0,0.0,0.0
W0157,Evening,2025-02-17,20.0,0,1,0.0,0.0,0.0
W0157,Evening,2025-03-28,6.0,0,1,0.0,0.0,0.0
W0157,Evening,2025-04-26,4.0,0,1,0.0,0.0,0.0
W0157,Evening,2025-04-28,10.0,0,1,0.0,0.0,0.0
W0157,Evening,2025-06-17,22.0,0,1,0.0,0.0,0.0
W0157,Morning,2025-01-11,21.0,0,1,0.0,0.0,0.0
W0157,Morning,2025-01-20,32.0,0,2,0.0,0.0,0.0
W0157,Morning,2025-02-08,15.0,1,1,0.0,0.0,1.0
W0157,Morning,2025-02-21,33.0,0,1,0.0,0.0,0.0
W0157,Morning,2025-03-07,5.0,0,1,0.0,0.0,0.0
W0157,Morning,2025-03-20,2.0,0,1,0.0,0.0,0.0
W0157,Morning,2025-05-27,47.0,1,1,0.0,0.0,1.0
W0157,Morning,2025-06-04,7.0,0,1,0.0,0.0,0.0
W0157,Morning,2025-06-28,40.0,0,1,0.0,0.0,0.0
W0157,Night,2025-01-14,21.0,1,1,0.0,0.0,1.0
W0157,Night,2025-02-15,25.0,0,1,0.0,0.0,0.0
W0157,Night,2025-04-08,26.0,0,1,0.0,0.0,0.0
W0157,Night,2025-04-19,22.0,0,1,7.0,3.142857142857143,0.0
W0157,Night,2025-05-13,38.0,1,2,6.0,6.333333333333333,0.5
W0158,Evening,2025-01-04,10.0,1,1,0.0,0.0,1.0
W0158,Evening,2025-01-15,23.0,0,1,0.0,0.0,0.0
W0158,Evening,2025-02-11,6.0,1,1,0.0,0.0,1.0
W0158,Evening,2025-02-21,48.0,0,1,0.0,0.0,0.0
W0158,Evening,2025-02-27,21.0,0,1,0.0,0.0,0.0
W0158,Evening,2025-05-12,4.0,1,1,0.0,0.0,1.0
W0158,Evening,2025-06-26,41.0,1,1,0.0,0.0,1.0
W0158,Morning,2025-01-01,9.0,0,1,0.0,0.0,0.0
W0158,Morning,2025-02-13,13.0,0,1,0.0,0.0,0.0
W0158,Morning,2025-02-15,6.0,0,1,0.0,0.0,0.0
W0158,Morning,2025-03-08,11.0,0,1,0.0,0.0,0.0
W0158,Morning,2025-03-09,21.0,1,1,0.0,0.0,1.0
W0158,Morning,2025-04-03,44.0,1,1,0.0,0.0,1.0
W0158,Morning,2025-04-06,31.0,0,1,0.0,0.0,0.0
W0158,Morning,2025-04-11,21.0,0,1,0.0,0.0,0.0
W0158,Morning,2025-05-03,16.0,1,1,0.0,0.0,1.0
W0158,Morning,2025-05-12,40.0,0,1,0.0,0.0,0.0
W0158,Morning,2025-06-23,24.0,1,1,0.0,0.0,1.0
W0158,Night,2025-01-05,17.0,0,1,0.0,0.0,0.0
W0158,Night,2025-01-09,18.0,0,1,0.0,0.0,0.0
W0158,Night,2025-05-06,19.0,0,1,0.0,0.0,0.0
W0158,Night,2025-05-24,25.0,1,1,0.0,0.0,1.0
W0159,Evening,2025-03-26,48.0,0,1,0.0,0.0,0.0
W0159,Evening,2025-04-03,44.0,0,1,0.0,0.0,0.0
W0159,Morning,2025-01-01,33.0,0,1,0.0,0.0,0.0
W0159,Morning,2025-01-02,2.0,0,1,0.0,0.0,0.0
W0159,Morning,2025-02-03,37.0,0,1,6.0,6.166666666666667,0.0
W0159,Morning,2025-04-18,27.0,0,1,0.0,0.0,0.0
W0159,Morning,2025-04-26,55.0,1,2,0.0,0.0,0.5
W0159,Morning,2025-05-07,24.0,1,1,0.0,0.0,1.0
W0159,Morning,2025-05-14,39.0,1,1,0.0,0.0,1.0
W0159,Morning,2025-06-21,19.0,1,1,0.0,0.0,1.0
W0159,Night,2025-01-06,48.0,1,1,0.0,0.0,1.0
W0159,Night,2025-01-24,33.0,0,1,0.0,0.0,0.0
W0159,Night,2025-02-15,21.0,1,1,0.0,0.0,1.0
W0159,Night,2025-03-15,42.0,0,1,0.0,0.0,0.0
W0159,Night,2025-05-27,42.0,1,1,0.0,0.0,1.0
W0160,Evening,2025-01-18,13.0,0,1,0.0,0.0,0.0
W0160,Evening,2025-01-28,44.0,0,1,0.0,0.0,0.0
W0160,Evening,2025-03-13,35.0,1,1,0.0,0.0,1.0
W0160,Evening,2025-03-27,31.0,1,1,0.0,0.0,1.0
W0160,Evening,2025-06-04,49.0,0,1,0.0,0.0,0.0
W0160,Morning,2025-01-30,17.0,1,1,0.0,0.0,1.0
W0160,Morning,2025-02-12,47.0,0,1,0.0,0.0,0.0
W0160,Morning,2025-02-27,19.0,0,1,0.0,0.0,0.0
W0160,Morning,2025-03-12,31.0,0,1,0.0,0.0,0.0
W0160,Morning,2025-06-15,3.0,0,1,9.0,0.3333333333333333,0.0
W0160,Morning,2025-06-21,48.0,0,1,0.0,0.0,0.0
W0160,Morning,2025-06-22,14.0,0,1,0.0,0.0,0.0
W0160,Night,2025-01-24,31.0,0,1,0.0,0.0,0.0
W0160,Night,2025-01-28,48.0,0,1,0.0,0.0,0.0
W0160,Night,2025-02-22,1.0,0,1,0.0,0.0,0.0
W0160,Night,2025-03-25,28.0,1,1,0.0,0.0,1.0
W0160,Night,2025-04-25,16.0,0,1,0.0,0.0,0.0
W0160,Night,2025-05-15,3.0,0,1,0.0,0.0,0.0
W0160,Night,2025-05-23,32.0,0,1,0.0,0.0,0.0
W0160,Night,2025-06-06,33.0,0,1,0.0,0.0,0.0
W0161,Evening,2025-04-12,24.0,1,1,0.0,0.0,1.0
W0161,Evening,2025-04-30,17.0,0,1,0.0,0.0,0.0
W0161,Morning,2025-02-04,30.0,0,1,0.0,0.0,0.0
W0161,Morning,2025-02-12,34.0,1,1,0.0,0.0,1.0
W0161,Morning,2025-04-02,41.0,0,1,0.0,0.0,0.0
W0161,Morning,2025-06-08,17.0,1,1,0.0,0.0,1.0
W0161,Morning,2025-06-13,45.0,0,1,0.0,0.0,0.0
W0161,Night,2025-01-05,28.0,0,1,0.0,0.0,0.0
W0161,Night,2025-02-05,2.0,0,1,0.0,0.0,0.0
W0161,Night,2025-03-01,40.0,0,1,0.0,0.0,0.0
W0161,Night,2025-06-01,34.0,0,1,0.0,0.0,0.0
W0161,Night,2025-06-03,12.0,0,1,0.0,0.0,0.0
W0162,Evening,2025-01-04,25.0,0,1,0.0,0.0,0.0
W0162,Evening,2025-01-09,41.0,0,1,0.0,0.0,0.0
W0162,Evening,2025-06-23,6.0,0,1,0.0,0.0,0.0
W0162,Morning,2025-01-05,10.0,0,1,0.0,0.0,0.0
W0162,Morning,2025-02-16,36.0,0,1,0.0,0.0,0.0
W0162,Morning,2025-02-23,3.0,0,1,0.0,0.0,0.0
W0162,Morning,2025-03-07,15.0,0,1,0.0,0.0,0.0
W0162,Morning,2025-03-10,27.0,0,1,0.0,0.0,0.0
W0162,Morning,2025-03-11,26.0,0,1,0.0,0.0,0.0
W0162,Morning,2025-03-12,16.0,1,1,6.0,2.6666666666666665,1.0
W0162,Morning,2025-04-15,37.0,1,1,0.0,0.0,1.0
W0162,Morning,2025-04-18,3.0,0,1,0.0,0.0,0.0
W0162,Morning,2025-04-30,30.0,0,1,0.0,0.0,0.0
W0162,Morning,2025-05-13,6.0,0,1,0.0,0.0,0.0
W0162,Morning,2025-06-21,34.0,0,1,0.0,0.0,0.0
W0162,Night,2025-01-18,22.0,0,1,0.0,0.0,0.0
W0162,Night,2025-01-25,29.0,0,1,0.0,0.0,0.0
W0162,Night,2025-03-09,44.0,0,1,0.0,0.0,0.0
W0162,Night,2025-03-28,34.0,0,1,0.0,0.0,0.0
W0162,Night,2025-03-31,5.0,1,1,0.0,0.0,1.0
W0162,Night,2025-04-12,47.0,0,1,0.0,0.0,0.0
W0162,Night,2025-04-13,38.0,1,1,0.0,0.0,1.0
W0162,Night,2025-05-08,24.0,1,1,6.0,4.0,1.0
W0162,Night,2025-05-15,8.0,1,1,0.0,0.0,1.0
W0162,Night,2025-06-16,37.0,0,1,0.0,0.0,0.0
W0162,Night,2025-06-20,32.0,0,1,0.0,0.0,0.0
W0163,Evening,2025-03-19,36.0,1,1,0.0,0.0,1.0
W0163,Evening,2025-06-07,5.0,0,1,0.0,0.0,0.0
W0163,Morning,2025-01-08,41.0,1,1,0.0,0.0,1.0
W0163,Morning,2025-01-15,15.0,0,1,0.0,0.0,0.0
W0163,Morning,2025-02-26,38.0,0,1,0.0,0.0,0.0
W0163,Morning,2025-03-26,43.0,0,1,0.0,0.0,0.0
W0163,Morning,2025-03-28,13.0,0,1,0.0,0.0,0.0
W0163,Morning,2025-05-08,24.0,1,1,0.0,0.0,1.0
W0163,Morning,2025-05-27,38.0,0,1,0.0,0.0,0.0
W0163,Night,2025-01-26,12.0,0,1,0.0,0.0,0.0
W0163,Night,2025-02-12,15.0,0,1,0.0,0.0,0.0
W0163,Night,2025-02-18,42.0,0,1,0.0,0.0,0.0
W0163,Night,2025-03-06,16.0,1,1,0.0,0.0,1.0
W0163,Night,2025-04-02,46.0,0,1,0.0,0.0,0.0
W0163,Night,2025-04-17,21.0,0,1,0.0,0.0,0.0
W0163,Night,2025-04-19,8.0,0,1,6.0,1.3333333333333333,0.0
W0164,Evening,2025-04-03,39.0,0,1,0.0,0.0,0.0
W0164,Evening,2025-05-06,46.0,0,1,0.0,0.0,0.0
W0164,Morning,2025-01-02,21.0,0,1,0.0,0.0,0.0
W0164,Morning,2025-01-04,47.0,0,1,0.0,0.0,0.0
W0164,Morning,2025-01-08,25.0,0,1,0.0,0.0,0.0
W0164,Morning,2025-01-18,5.0,1,1,0.0,0.0,1.0
W0164,Morning,2025-01-21,17.0,0,1,0.0,0.0,0.0
W0164,Morning,2025-03-13,18.0,0,1,0.0,0.0,0.0
W0164,Morning,2025-03-15,42.0,0,1,0.0,0.0,0.0
W0164,Morning,2025-04-05,20.0,0,1,0.0,0.0,0.0
W0164,Morning,2025-04-14,48.0,0,1,0.0,0.0,0.0
W0164,Morning,2025-04-16,8.0,0,1,0.0,0.0,0.0
W0164,Morning,2025-05-05,34.0,0,1,0.0,0.0,0.0
W0164,Morning,2025-05-16,22.0,0,1,0.0,0.0,0.0
W0164,Morning,2025-05-26,29.0,0,1,0.0,0.0,0.0
W0164,Morning,2025-06-10,34.0,0,1,0.0,0.0,0.0
W0164,Morning,2025-06-15,13.0,0,1,0.0,0.0,0.0
W0165,Evening,2025-01-09,43.0,0,1,0.0,0.0,0.0
W0165,Evening,2025-01-18,39.0,0,1,0.0,0.0,0.0
W0165,Evening,2025-01-27,17.0,0,1,0.0,0.0,0.0
W0165,Evening,2025-01-30,37.0,0,1,0.0,0.0,0.0
W0165,Evening,2025-03-13,28.0,0,1,0.0,0.0,0.0
W0165,Evening,2025-03-17,47.0,0,1,0.0,0.0,0.0
W0165,Evening,2025-03-29,30.0,1,1,0.0,0.0,1.0
W0165,Evening,2025-04-09,4.0,0,1,0.0,0.0,0.0
W0165,Evening,2025-04-12,15.0,0,1,0.0,0.0,0.0
W0165,Evening,2025-05-16,2.0,0,1,0.0,0.0,0.0
W0165,Morning,2025-01-22,4.0,0,1,0.0,0.0,0.0
W0165,Morning,2025-01-25,48.0,0,1,0.0,0.0,0.0
W0165,Morning,2025-02-24,26.0,0,1,0.0,0.0,0.0
W0165,Morning,2025-03-20,3.0,0,1,0.0,0.0,0.0
W0165,Morning,2025-03-23,28.0,0,1,0.0,0.0,0.0
W0165,Morning,2025-04-23,4.0,1,1,0.0,0.0,1.0
W0165,Morning,2025-04-25,17.0,0,1,0.0,0.0,0.0
W0165,Morning,2025-05-14,43.0,1,1,0.0,0.0,1.0
W0165,Morning,2025-05-26,36.0,0,1,0.0,0.0,0.0
W0165,Morning,2025-06-16,40.0,0,1,0.0,0.0,0.0
W0165,Morning,2025-06-23,2.0,0,1,0.0,0.0,0.0
W0165,Night,2025-01-01,48.0,0,1,0.0,0.0,0.0
W0165,Night,2025-01-14,10.0,0,1,0.0,0.0,0.0
W0165,Night,2025-02-27,13.0,0,1,0.0,0.0,0.0
W0165,Night,2025-03-09,38.0,0,1,0.0,0.0,0.0
W0165,Night,2025-03-21,24.0,0,1,0.0,0.0,0.0
W0165,Night,2025-04-04,30.0,1,1,6.0,5.0,1.0
W0165,Night,2025-04-07,11.0,0,1,0.0,0.0,0.0
W0165,Night,2025-04-26,3.0,1,1,0.0,0.0,1.0
W0165,Night,2025-05-02,17.0,1,1,0.0,0.0,1.0
W0166,Evening,2025-01-07,21.0,1,1,7.0,3.0,1.0
W0166,Evening,2025-02-19,40.0,0,1,0.0,0.0,0.0
W0166,Evening,2025-04-06,35.0,0,1,0.0,0.0,0.0
W0166,Evening,2025-05-02,23.0,0,1,0.0,0.0,0.0
W0166,Evening,2025-05-15,33.0,1,1,0.0,0.0,1.0
W0166,Evening,2025-05-21,26.0,1,1,0.0,0.0,1.0
W0166,Morning,2025-02-02,14.0,0,1,0.0,0.0,0.0
W0166,Morning,2025-03-13,15.0,0,1,0.0,0.0,0.0
W0166,Morning,2025-03-24,43.0,1,1,0.0,0.0,1.0
W0166,Morning,2025-04-04,26.0,0,1,0.0,0.0,0.0
W0166,Morning,2025-04-15,42.0,0,1,0.0,0.0,0.0
W0166,Morning,2025-05-19,9.0,0,1,0.0,0.0,0.0
W0166,Morning,2025-05-22,10.0,0,1,0.0,0.0,0.0
W0166,Morning,2025-05-25,13.0,0,1,0.0,0.0,0.0
W0166,Morning,2025-06-26,34.0,1,1,0.0,0.0,1.0
W0166,Night,2025-02-21,48.0,1,1,0.0,0.0,1.0
W0166,Night,2025-04-12,48.0,0,1,0.0,0.0,0.0
W0167,Evening,2025-01-29,28.0,0,1,0.0,0.0,0.0
W0167,Evening,2025-03-13,31.0,0,1,0.0,0.0,0.0
W0167,Evening,2025-05-22,14.0,0,1,0.0,0.0,0.0
W0167,Evening,2025-05-30,15.0,0,1,0.0,0.0,0.0
W0167,Morning,2025-02-11,32.0,0,1,0.0,0.0,0.0
W0167,Morning,2025-02-17,43.0,0,1,0.0,0.0,0.0
W0167,Morning,2025-02-22,21.0,0,1,0.0,0.0,0.0
W0167,Morning,2025-03-03,19.0,1,1,0.0,0.0,1.0
W0167,Morning,2025-03-17,11.0,0,1,0.0,0.0,0.0
W0167,Morning,2025-03-28,28.0,1,1,0.0,0.0,1.0
W0167,Morning,2025-05-17,45.0,0,1,0.0,0.0,0.0
W0167,Morning,2025-05-23,6.0,0,1,0.0,0.0,0.0
W0167,Morning,2025-06-08,42.0,1,1,0.0,0.0,1.0
W0167,Morning,2025-06-11,36.0,1,1,0.0,0.0,1.0
W0167,Morning,2025-06-26,29.0,0,1,0.0,0.0,0.0
W0167,Night,2025-01-19,39.0,0,1,0.0,0.0,0.0
W0167,Night,2025-04-22,33.0,0,1,8.0,4.125,0.0
W0168,Evening,2025-01-03,39.0,0,1,0.0,0.0,0.0
W0168,Evening,2025-03-02,13.0,1,1,0.0,0.0,1.0
W0168,Evening,2025-03-21,26.0,1,1,0.0,0.0,1.0
W0168,Evening,2025-04-12,24.0,0,1,0.0,0.0,0.0
W0168,Evening,2025-04-28,29.0,0,1,0.0,0.0,0.0
W0168,Morning,2025-01-12,21.0,0,1,0.0,0.0,0.0
W0168,Morning,2025-01-17,30.0,1,1,0.0,0.0,1.0
W0168,Morning,2025-01-22,32.0,0,1,0.0,0.0,0.0
W0168,Morning,2025-02-28,29.0,0,1,0.0,0.0,0.0
W0168,Morning,2025-03-11,43.0,0,1,0.0,0.0,0.0
W0168,Morning,2025-04-28,46.0,0,1,0.0,0.0,0.0
W0168,Morning,2025-06-03,28.0,0,1,0.0,0.0,0.0
W0168,Morning,2025-06-28,28.0,0,2,0.0,0.0,0.0
W0168,Night,2025-01-28,39.0,0,1,0.0,0.0,0.0
W0168,Night,2025-05-13,23.0,0,1,0.0,0.0,0.0
W0169,Evening,2025-05-04,44.0,0,1,0.0,0.0,0.0
W0169,Morning,2025-02-11,35.0,0,1,0.0,0.0,0.0
W0169,Morning,2025-03-11,18.0,0,1,0.0,0.0,0.0
W0169,Morning,2025-04-29,15.0,1,1,9.0,1.6666666666666667,1.0
W0169,Morning,2025-05-19,1.0,0,1,0.0,0.0,0.0
W0169,Morning,2025-06-06,29.0,0,1,0.0,0.0,0.0
W0169,Night,2025-03-05,14.0,1,1,0.0,0.0,1.0
W0169,Night,2025-03-12,28.0,0,1,0.0,0.0,0.0
W0169,Night,2025-03-20,24.0,1,1,7.0,3.4285714285714284,1.0
W0169,Night,2025-04-03,36.0,0,1,9.0,4.0,0.0
W0169,Night,2025-05-26,14.0,1,1,9.0,1.5555555555555556,1.0
W0170,Evening,2025-03-26,46.0,0,1,0.0,0.0,0.0
W0170,Evening,2025-04-07,4.0,1,1,0.0,0.0,1.0
W0170,Evening,2025-05-01,35.0,0,1,0.0,0.0,0.0
W0170,Evening,2025-05-18,49.0,0,1,0.0,0.0,0.0
W0170,Morning,2025-01-07,5.0,0,1,0.0,0.0,0.0
W0170,Morning,2025-02-10,33.0,1,1,0.0,0.0,1.0
W0170,Morning,2025-02-11,47.0,0,1,0.0,0.0,0.0
W0170,Morning,2025-02-28,30.0,1,1,0.0,0.0,1.0
W0170,Morning,2025-03-18,19.0,1,1,0.0,0.0,1.0
W0170,Morning,2025-03-22,49.0,0,1,0.0,0.0,0.0
W0170,Morning,2025-04-23,3.0,0,1,0.0,0.0,0.0
W0170,Morning,2025-05-03,43.0,1,1,0.0,0.0,1.0
W0170,Morning,2025-05-10,9.0,0,1,0.0,0.0,0.0
W0170,Morning,2025-05-15,26.0,0,1,0.0,0.0,0.0
W0170,Morning,2025-05-21,48.0,0,1,0.0,0.0,0.0
W0170,Night,2025-02-13,7.0,1,1,8.0,0.875,1.0
W0170,Night,2025-02-17,48.0,0,1,0.0,0.0,0.0
W0170,Night,2025-03-15,38.0,1,1,0.0,0.0,1.0
W0170,Night,2025-03-16,41.0,0,1,0.0,0.0,0.0
W0170,Night,2025-05-15,22.0,0,1,0.0,0.0,0.0
W0170,Night,2025-05-17,8.0,1,1,9.0,0.8888888888888888,1.0
W0170,Night,2025-05-29,7.0,0,1,0.0,0.0,0.0
W0170,Night,2025-06-16,23.0,0,1,0.0,0.0,0.0
W0171,Evening,2025-02-22,65.0,0,2,0.0,0.0,0.0
W0171,Evening,2025-03-01,2.0,0,1,0.0,0.0,0.0
W0171,Evening,2025-03-24,48.0,0,1,0.0,0.0,0.0
W0171,Evening,2025-04-26,13.0,0,1,0.0,0.0,0.0
W0171,Evening,2025-06-03,35.0,0,1,0.0,0.0,0.0
W0171,Morning,2025-01-23,22.0,0,1,0.0,0.0,0.0
W0171,Morning,2025-02-13,26.0,0,1,0.0,0.0,0.0
W0171,Morning,2025-02-28,1.0,1,1,0.0,0.0,1.0
W0171,Morning,2025-03-02,47.0,1,1,0.0,0.0,1.0
W0171,Morning,2025-03-11,39.0,1,1,0.0,0.0,1.0
W0171,Morning,2025-03-12,35.0,0,1,0.0,0.0,0.0
W0171,Morning,2025-03-28,22.0,0,1,0.0,0.0,0.0
W0171,Morning,2025-04-22,10.0,0,1,0.0,0.0,0.0
W0171,Night,2025-01-23,39.0,0,1,0.0,0.0,0.0
W0171,Night,2025-02-11,36.0,0,1,0.0,0.0,0.0
W0171,Night,2025-04-03,35.0,1,1,0.0,0.0,1.0
W0171,Night,2025-04-26,7.0,0,1,0.0,0.0,0.0
W0171,Night,2025-04-30,39.0,0,1,0.0,0.0,0.0
W0171,Night,2025-05-03,32.0,0,1,0.0,0.0,0.0
W0171,Night,2025-05-18,19.0,1,1,0.0,0.0,1.0
W0171,Night,2025-05-28,3.0,0,1,0.0,0.0,0.0
W0171,Night,2025-06-09,46.0,1,1,0.0,0.0,1.0
W0171,Night,2025-06-23,11.0,0,1,0.0,0.0,0.0
W0172,Evening,2025-01-21,13.0,1,1,0.0,0.0,1.0
W0172,Evening,2025-03-01,36.0,0,1,0.0,0.0,0.0
W0172,Evening,2025-03-03,2.0,0,1,0.0,0.0,0.0
W0172,Evening,2025-05-20,21.0,0,1,0.0,0.0,0.0
W0172,Morning,2025-02-25,34.0,1,1,0.0,0.0,1.0
W0172,Morning,2025-04-08,3.0,0,1,0.0,0.0,0.0
W0172,Morning,2025-05-01,36.0,0,1,9.0,4.0,0.0
W0172,Morning,2025-05-20,40.0,0,1,0.0,0.0,0.0
W0172,Morning,2025-05-21,40.0,0,1,0.0,0.0,0.0
W0172,Morning,2025-06-20,18.0,1,1,0.0,0.0,1.0
W0172,Night,2025-02-01,20.0,0,1,0.0,0.0,0.0
W0172,Night,2025-02-08,44.0,0,1,0.0,0.0,0.0
W0172,Night,2025-02-28,6.0,0,1,0.0,0.0,0.0
W0172,Night,2025-04-07,20.0,0,1,0.0,0.0,0.0
W0172,Night,2025-04-26,30.0,1,1,0.0,0.0,1.0
W0172,Night,2025-05-15,28.0,0,1,0.0,0.0,0.0
W0172,Night,2025-05-25,21.0,0,1,0.0,0.0,0.0
W0172,Night,2025-06-23,15.0,0,1,0.0,0.0,0.0
W0173,Evening,2025-01-18,22.0,0,1,0.0,0.0,0.0
W0173,Evening,2025-01-30,43.0,1,1,0.0,0.0,1.0
W0173,Evening,2025-02-12,27.0,0,1,0.0,0.0,0.0
W0173,Evening,2025-02-18,38.0,0,1,0.0,0.0,0.0
W0173,Evening,2025-03-22,33.0,0,1,0.0,0.0,0.0
W0173,Evening,2025-03-28,15.0,0,1,0.0,0.0,0.0
W0173,Evening,2025-05-19,27.0,0,1,0.0,0.0,0.0
W0173,Morning,2025-01-02,30.0,0,1,0.0,0.0,0.0
W0173,Morning,2025-01-31,5.0,0,1,0.0,0.0,0.0
W0173,Morning,2025-04-18,25.0,0,1,0.0,0.0,0.0
W0173,Morning,2025-05-01,11.0,1,1,0.0,0.0,1.0
W0173,Morning,2025-05-03,1.0,0,1,0.0,0.0,0.0
W0173,Morning,2025-06-22,6.0,0,1,0.0,0.0,0.0
W0173,Morning,2025-06-26,49.0,0,1,0.0,0.0,0.0
W0173,Night,2025-01-02,16.0,0,1,0.0,0.0,0.0
W0173,Night,2025-02-12,35.0,1,1,0.0,0.0,1.0
W0173,Night,2025-03-28,20.0,0,1,0.0,0.0,0.0
W0173,Night,2025-04-10,14.0,0,1,0.0,0.0,0.0
W0173,Night,2025-06-22,15.0,0,1,0.0,0.0,0.0
W0174,Evening,2025-03-14,13.0,0,1,0.0,0.0,0.0
W0174,Morning,2025-01-05,24.0,0,1,0.0,0.0,0.0
W0174,Morning,2025-04-12,9.0,0,1,0.0,0.0,0.0
W0174,Morning,2025-05-05,5.0,0,1,0.0,0.0,0.0
W0174,Morning,2025-05-20,47.0,0,1,0.0,0.0,0.0
W0174,Morning,2025-05-24,45.0,0,1,0.0,0.0,0.0
W0174,Night,2025-01-01,3.0,0,1,0.0,0.0,0.0
W0174,Night,2025-01-02,11.0,0,1,0.0,0.0,0.0
W0174,Night,2025-03-28,23.0,1,1,0.0,0.0,1.0
W0174,Night,2025-04-25,26.0,0,1,0.0,0.0,0.0
W0174,Night,2025-05-11,45.0,0,1,0.0,0.0,0.0
W0174,Night,2025-06-21,13.0,1,1,0.0,0.0,1.0
W0174,Night,2025-06-28,36.0,0,1,0.0,0.0,0.0
W0175,Evening,2025-02-18,11.0,0,1,0.0,0.0,0.0
W0175,Evening,2025-03-30,16.0,1,1,0.0,0.0,1.0
W0175,Evening,2025-04-03,45.0,0,1,0.0,0.0,0.0
W0175,Evening,2025-04-09,23.0,0,1,0.0,0.0,0.0
W0175,Evening,2025-05-02,48.0,0,1,0.0,0.0,0.0
W0175,Evening,2025-06-02,5.0,0,1,0.0,0.0,0.0
W0175,Evening,2025-06-03,28.0,0,1,0.0,0.0,0.0
W0175,Morning,2025-01-05,40.0,0,1,0.0,0.0,0.0
W0175,Morning,2025-02-05,36.0,0,1,0.0,0.0,0.0
W0175,Morning,2025-02-27,5.0,0,1,0.0,0.0,0.0
W0175,Morning,2025-04-02,38.0,0,1,0.0,0.0,0.0
W0175,Morning,2025-04-11,3.0,1,1,0.0,0.0,1.0
W0175,Morning,2025-04-18,7.0,1,1,0.0,0.0,1.0
W0175,Morning,2025-05-09,1.0,0,1,0.0,0.0,0.0
W0175,Morning,2025-05-12,3.0,1,1,0.0,0.0,1.0
W0175,Morning,2025-06-01,23.0,0,1,0.0,0.0,0.0
W0175,Morning,2025-06-24,31.0,0,1,0.0,0.0,0.0
W0175,Night,2025-02-04,37.0,0,1,0.0,0.0,0.0
W0175,Night,2025-03-11,20.0,0,1,0.0,0.0,0.0
W0175,Night,2025-03-14,22.0,0,1,0.0,0.0,0.0
W0175,Night,2025-03-22,21.0,0,1,0.0,0.0,0.0
W0175,Night,2025-06-22,42.0,0,1,0.0,0.0,0.0
W0176,Evening,2025-04-08,41.0,1,1,0.0,0.0,1.0
W0176,Morning,2025-01-16,26.0,0,1,0.0,0.0,0.0
W0176,Morning,2025-01-17,15.0,1,1,0.0,0.0,1.0
W0176,Morning,2025-01-20,8.0,0,1,0.0,0.0,0.0
W0176,Morning,2025-01-28,1.0,1,1,7.0,0.14285714285714285,1.0
W0176,Morning,2025-02-04,31.0,0,1,0.0,0.0,0.0
W0176,Morning,2025-03-11,11.0,0,1,0.0,0.0,0.0
W0176,Morning,2025-03-16,6.0,0,1,0.0,0.0,0.0
W0176,Morning,2025-04-10,12.0,0,1,0.0,0.0,0.0
W0176,Morning,2025-05-23,2.0,0,1,0.0,0.0,0.0
W0176,Morning,2025-06-01,41.0,0,1,0.0,0.0,0.0
W0176,Morning,2025-06-11,22.0,0,1,0.0,0.0,0.0
W0176,Night,2025-02-18,42.0,0,1,0.0,0.0,0.0
W0176,Night,2025-04-03,25.0,1,1,0.0,0.0,1.0
W0176,Night,2025-05-03,22.0,1,1,0.0,0.0,1.0
W0176,Night,2025-06-18,27.0,0,1,0.0,0.0,0.0
W0177,Evening,2025-01-23,4.0,0,1,0.0,0.0,0.0
W0177,Evening,2025-02-12,16.0,0,1,0.0,0.0,0.0
W0177,Evening,2025-06-06,4.0,0,1,0.0,0.0,0.0
W0177,Morning,2025-01-01,37.0,0,1,0.0,0.0,0.0
W0177,Morning,2025-01-18,40.0,0,1,0.0,0.0,0.0
W0177,Morning,2025-01-25,7.0,0,1,0.0,0.0,0.0
W0177,Morning,2025-02-01,20.0,0,1,0.0,0.0,0.0
W0177,Morning,2025-02-13,28.0,0,1,0.0,0.0,0.0
W0177,Morning,2025-03-18,8.0,0,1,0.0,0.0,0.0
W0177,Morning,2025-03-26,28.0,1,1,0.0,0.0,1.0
W0177,Morning,2025-04-23,44.0,0,1,0.0,0.0,0.0
W0177,Morning,2025-05-25,39.0,0,1,0.0,0.0,0.0
W0177,Morning,2025-06-02,30.0,0,1,0.0,0.0,0.0
W0177,Morning,2025-06-11,41.0,1,1,0.0,0.0,1.0
W0177,Morning,2025-06-16,2.0,0,1,0.0,0.0,0.0
W0177,Morning,2025-06-24,46.0,1,1,0.0,0.0,1.0
W0177,Night,2025-03-26,40.0,0,1,0.0,0.0,0.0
W0177,Night,2025-04-05,36.0,0,1,0.0,0.0,0.0
W0177,Night,2025-05-25,32.0,0,1,0.0,0.0,0.0
W0178,Evening,2025-01-16,46.0,0,1,0.0,0.0,0.0
W0178,Evening,2025-01-18,26.0,1,1,0.0,0.0,1.0
W0178,Evening,2025-02-27,16.0,1,1,0.0,0.0,1.0
W0178,Evening,2025-04-21,3.0,1,1,0.0,0.0,1.0
W0178,Evening,2025-05-19,3.0,0,1,0.0,0.0,0.0
W0178,Evening,2025-06-24,21.0,1,1,0.0,0.0,1.0
W0178,Morning,2025-01-24,31.0,0,1,0.0,0.0,0.0
W0178,Morning,2025-01-30,6.0,0,1,0.0,0.0,0.0
W0178,Morning,2025-03-08,28.0,0,1,0.0,0.0,0.0
W0178,Morning,2025-04-22,8.0,0,1,0.0,0.0,0.0
W0178,Morning,2025-04-26,17.0,1,1,0.0,0.0,1.0
W0178,Morning,2025-05-06,9.0,1,1,0.0,0.0,1.0
W0178,Morning,2025-05-12,37.0,2,2,0.0,0.0,1.0
W0178,Morning,2025-05-23,21.0,0,1,0.0,0.0,0.0
W0178,Morning,2025-05-26,42.0,0,1,0.0,0.0,0.0
W0178,Morning,2025-06-19,45.0,1,1,0.0,0.0,1.0
W0178,Night,2025-03-11,41.0,1,1,0.0,0.0,1.0
W0178,Night,2025-03-21,28.0,0,1,0.0,0.0,0.0
W0179,Evening,2025-01-13,21.0,0,1,0.0,0.0,0.0
W0179,Evening,2025-03-06,39.0,0,1,0.0,0.0,0.0
W0179,Evening,2025-05-03,49.0,0,1,0.0,0.0,0.0
W0179,Morning,2025-01-09,48.0,1,2,0.0,0.0,0.5
W0179,Morning,2025-01-10,32.0,1,1,0.0,0.0,1.0
W0179,Morning,2025-01-27,5.0,0,1,0.0,0.0,0.0
W0179,Morning,2025-02-20,33.0,0,1,0.0,0.0,0.0
W0179,Morning,2025-02-23,24.0,1,1,0.0,0.0,1.0
W0179,Morning,2025-03-02,30.0,0,1,0.0,0.0,0.0
W0179,Morning,2025-03-19,20.0,0,1,0.0,0.0,0.0
W0179,Morning,2025-03-20,12.0,0,1,0.0,0.0,0.0
W0179,Morning,2025-04-12,34.0,0,1,0.0,0.0,0.0
W0179,Morning,2025-05-16,20.0,0,1,0.0,0.0,0.0
W0179,Morning,2025-05-20,4.0,0,1,0.0,0.0,0.0
W0179,Morning,2025-06-02,38.0,0,1,0.0,0.0,0.0
W0179,Morning,2025-06-22,81.0,0,2,0.0,0.0,0.0
W0179,Night,2025-02-08,27.0,1,1,0.0,0.0,1.0
W0179,Night,2025-02-09,49.0,0,1,0.0,0.0,0.0
W0179,Night,2025-02-27,14.0,0,1,0.0,0.0,0.0
W0179,Night,2025-03-07,47.0,0,1,0.0,0.0,0.0
W0179,Night,2025-04-08,33.0,0,1,6.0,5.5,0.0
W0180,Evening,2025-02-01,5.0,0,1,0.0,0.0,0.0
W0180,Evening,2025-02-02,1.0,0,1,0.0,0.0,0.0
W0180,Evening,2025-04-12,17.0,0,1,0.0,0.0,0.0
W0180,Evening,2025-05-17,4.0,0,1,0.0,0.0,0.0
W0180,Evening,2025-05-24,5.0,0,1,0.0,0.0,0.0
W0180,Morning,2025-01-06,23.0,1,1,0.0,0.0,1.0
W0180,Morning,2025-01-18,49.0,0,1,0.0,0.0,0.0
W0180,Morning,2025-01-25,5.0,0,1,0.0,0.0,0.0
W0180,Morning,2025-01-29,49.0,1,2,0.0,0.0,0.5
W0180,Morning,2025-02-20,23.0,0,2,0.0,0.0,0.0
W0180,Morning,2025-02-21,30.0,0,1,0.0,0.0,0.0
W0180,Morning,2025-03-21,8.0,0,1,0.0,0.0,0.0
W0180,Morning,2025-03-22,25.0,0,1,0.0,0.0,0.0
W0180,Morning,2025-03-23,8.0,0,1,0.0,0.0,0.0
W0180,Morning,2025-03-24,31.0,0,1,0.0,0.0,0.0
W0180,Morning,2025-04-14,48.0,0,1,0.0,0.0,0.0
W0180,Morning,2025-04-18,9.0,0,1,0.0,0.0,0.0
W0180,Morning,2025-04-20,44.0,0,1,0.0,0.0,0.0
W0180,Morning,2025-04-25,38.0,0,1,0.0,0.0,0.0
W0180,Morning,2025-05-27,39.0,0,1,0.0,0.0,0.0
W0180,Morning,2025-06-10,48.0,0,1,0.0,0.0,0.0
W0180,Morning,2025-06-15,29.0,0,1,0.0,0.0,0.0
W0180,Night,2025-03-16,1.0,0,1,0.0,0.0,0.0
W0180,Night,2025-04-13,7.0,0,1,0.0,0.0,0.0
W0180,Night,2025-04-27,27.0,0,1,0.0,0.0,0.0
W0181,Evening,2025-01-08,52.0,0,2,0.0,0.0,0.0
W0181,Evening,2025-04-16,9.0,1,1,0.0,0.0,1.0
W0181,Morning,2025-01-13,4.0,0,1,0.0,0.0,0.0
W0181,Morning,2025-01-18,32.0,0,1,0.0,0.0,0.0
W0181,Morning,2025-01-19,1.0,1,1,0.0,0.0,1.0
W0181,Morning,2025-01-26,44.0,0,1,0.0,0.0,0.0
W0181,Morning,2025-02-02,10.0,0,1,0.0,0.0,0.0
W0181,Morning,2025-03-14,43.0,0,1,0.0,0.0,0.0
W0181,Morning,2025-03-15,1.0,0,1,0.0,0.0,0.0
W0181,Morning,2025-03-21,22.0,0,1,0.0,0.0,0.0
W0181,Morning,2025-03-27,35.0,1,1,9.0,3.888888888888889,1.0
W0181,Morning,2025-05-29,28.0,0,1,0.0,0.0,0.0
W0181,Morning,2025-06-20,30.0,0,1,0.0,0.0,0.0
W0181,Morning,2025-06-26,8.0,0,1,0.0,0.0,0.0
W0181,Night,2025-01-07,46.0,1,1,0.0,0.0,1.0
W0181,Night,2025-06-08,4.0,1,1,0.0,0.0,1.0
W0181,Night,2025-06-14,41.0,0,1,0.0,0.0,0.0
W0182,Evening,2025-03-19,11.0,0,1,0.0,0.0,0.0
W0182,Evening,2025-04-25,7.0,0,1,0.0,0.0,0.0
W0182,Evening,2025-04-29,9.0,0,1,0.0,0.0,0.0
W0182,Evening,2025-06-28,12.0,1,1,7.0,1.7142857142857142,1.0
W0182,Morning,2025-02-02,63.0,1,2,0.0,0.0,0.5
W0182,Morning,2025-02-14,2.0,0,1,0.0,0.0,0.0
W0182,Morning,2025-02-17,25.0,0,1,0.0,0.0,0.0
W0182,Morning,2025-03-01,10.0,1,1,0.0,0.0,1.0
W0182,Morning,2025-03-12,3.0,1,1,0.0,0.0,1.0
W0182,Morning,2025-03-16,22.0,0,1,0.0,0.0,0.0
W0182,Morning,2025-05-13,47.0,0,1,0.0,0.0,0.0
W0182,Morning,2025-05-22,24.0,0,1,0.0,0.0,0.0
W0182,Morning,2025-05-27,46.0,0,1,0.0,0.0,0.0
W0182,Morning,2025-05-30,2.0,0,1,0.0,0.0,0.0
W0182,Night,2025-02-08,15.0,0,1,0.0,0.0,0.0
W0182,Night,2025-02-15,48.0,0,1,0.0,0.0,0.0
W0182,Night,2025-03-03,39.0,1,1,0.0,0.0,1.0
W0182,Night,2025-04-17,21.0,0,1,0.0,0.0,0.0
W0182,Night,2025-04-26,39.0,0,1,0.0,0.0,0.0
W0183,Evening,2025-02-28,31.0,1,1,0.0,0.0,1.0
W0183,Evening,2025-03-20,6.0,1,1,0.0,0.0,1.0
W0183,Evening,2025-04-04,48.0,0,1,0.0,0.0,0.0
W0183,Evening,2025-04-10,22.0,0,1,0.0,0.0,0.0
W0183,Evening,2025-04-11,38.0,0,1,0.0,0.0,0.0
W0183,Evening,2025-04-16,25.0,0,1,0.0,0.0,0.0
W0183,Evening,2025-05-18,41.0,0,1,0.0,0.0,0.0
W0183,Evening,2025-06-12,33.0,0,1,0.0,0.0,0.0
W0183,Morning,2025-02-21,43.0,0,1,0.0,0.0,0.0
W0183,Morning,2025-04-09,29.0,0,1,0.0,0.0,0.0
W0183,Morning,2025-04-23,44.0,0,1,0.0,0.0,0.0
W0183,Morning,2025-04-25,32.0,0,1,0.0,0.0,0.0
W0183,Morning,2025-05-17,37.0,0,1,0.0,0.0,0.0
W0183,Morning,2025-06-21,33.0,1,1,0.0,0.0,1.0
W0183,Morning,2025-06-28,10.0,0,1,8.0,1.25,0.0
W0183,Night,2025-01-03,24.0,0,1,0.0,0.0,0.0
W0183,Night,2025-02-02,24.0,0,1,0.0,0.0,0.0
W0183,Night,2025-02-22,9.0,0,1,0.0,0.0,0.0
W0183,Night,2025-03-20,13.0,0,1,0.0,0.0,0.0
W0183,Night,2025-04-11,22.0,0,1,0.0,0.0,0.0
W0184,Evening,2025-01-21,45.0,0,1,0.0,0.0,0.0
W0184,Evening,2025-04-14,35.0,1,1,0.0,0.0,1.0
W0184,Morning,2025-01-08,16.0,0,1,0.0,0.0,0.0
W0184,Morning,2025-02-10,40.0,0,1,0.0,0.0,0.0
W0184,Morning,2025-02-14,16.0,0,1,0.0,0.0,0.0
W0184,Morning,2025-02-16,9.0,0,1,0.0,0.0,0.0
W0184,Morning,2025-03-04,29.0,0,1,0.0,0.0,0.0
W0184,Morning,2025-05-20,11.0,1,1,0.0,0.0,1.0
W0184,Morning,2025-05-26,11.0,0,1,0.0,0.0,0.0
W0184,Morning,2025-05-28,8.0,0,1,0.0,0.0,0.0
W0184,Morning,2025-06-08,13.0,0,1,0.0,0.0,0.0
W0184,Morning,2025-06-16,22.0,0,1,0.0,0.0,0.0
W0184,Night,2025-03-25,20.0,0,1,0.0,0.0,0.0
W0184,Night,2025-04-02,31.0,1,1,0.0,0.0,1.0
W0184,Night,2025-06-09,28.0,0,1,0.0,0.0,0.0
W0185,Evening,2025-01-27,21.0,0,1,0.0,0.0,0.0
W0185,Evening,2025-02-01,30.0,0,1,0.0,0.0,0.0
W0185,Evening,2025-04-24,38.0,1,1,0.0,0.0,1.0
W0185,Evening,2025-04-29,30.0,1,1,0.0,0.0,1.0
W0185,Evening,2025-06-01,27.0,1,1,6.0,4.5,1.0
W0185,Morning,2025-02-03,41.0,1,1,0.0,0.0,1.0
W0185,Morning,2025-03-21,8.0,0,1,0.0,0.0,0.0
W0185,Morning,2025-03-25,32.0,1,1,0.0,0.0,1.0
W0185,Morning,2025-03-30,20.0,0,1,0.0,0.0,0.0
W0185,Morning,2025-04-27,11.0,0,1,0.0,0.0,0.0
W0185,Morning,2025-04-30,24.0,0,1,0.0,0.0,0.0
W0185,Morning,2025-05-29,9.0,0,1,0.0,0.0,0.0
W0185,Morning,2025-06-14,21.0,0,1,0.0,0.0,0.0
W0185,Morning,2025-06-19,19.0,0,1,0.0,0.0,0.0
W0185,Morning,2025-06-26,11.0,1,1,0.0,0.0,1.0
W0185,Morning,2025-06-27,22.0,1,1,0.0,0.0,1.0
W0185,Night,2025-02-17,2.0,1,1,0.0,0.0,1.0
W0185,Night,2025-05-10,15.0,0,1,0.0,0.0,0.0
W0186,Evening,2025-01-20,27.0,0,1,0.0,0.0,0.0
W0186,Evening,2025-03-15,34.0,1,1,0.0,0.0,1.0
W0186,Evening,2025-05-26,17.0,0,1,0.0,0.0,0.0
W0186,Evening,2025-05-30,4.0,1,1,0.0,0.0,1.0
W0186,Morning,2025-02-05,11.0,0,1,0.0,0.0,0.0
W0186,Morning,2025-02-12,40.0,0,1,0.0,0.0,0.0
W0186,Morning,2025-04-25,14.0,1,1,0.0,0.0,1.0
W0186,Morning,2025-05-01,38.0,1,1,0.0,0.0,1.0
W0186,Night,2025-01-08,20.0,0,1,0.0,0.0,0.0
W0187,Evening,2025-02-05,30.0,1,1,0.0,0.0,1.0
W0187,Evening,2025-02-10,42.0,0,1,0.0,0.0,0.0
W0187,Evening,2025-05-15,30.0,0,1,0.0,0.0,0.0
W0187,Evening,2025-05-31,18.0,0,1,0.0,0.0,0.0
W0187,Morning,2025-01-27,7.0,0,1,0.0,0.0,0.0
W0187,Morning,2025-02-03,41.0,0,1,0.0,0.0,0.0
W0187,Morning,2025-02-16,13.0,0,1,0.0,0.0,0.0
W0187,Morning,2025-03-02,13.0,0,1,0.0,0.0,0.0
W0187,Morning,2025-03-08,35.0,0,1,0.0,0.0,0.0
W0187,Morning,2025-06-16,29.0,0,1,0.0,0.0,0.0
W0187,Morning,2025-06-25,30.0,0,1,0.0,0.0,0.0
W0187,Night,2025-01-25,22.0,0,1,0.0,0.0,0.0
W0187,Night,2025-02-13,20.0,1,1,0.0,0.0,1.0
W0187,Night,2025-03-01,12.0,0,1,0.0,0.0,0.0
W0187,Night,2025-05-09,39.0,1,1,0.0,0.0,1.0
W0188,Evening,2025-01-16,3.0,0,1,0.0,0.0,0.0
W0188,Evening,2025-03-18,43.0,0,1,0.0,0.0,0.0
W0188,Evening,2025-03-31,47.0,1,1,0.0,0.0,1.0
W0188,Evening,2025-04-04,34.0,0,1,0.0,0.0,0.0
W0188,Morning,2025-02-18,71.0,0,2,0.0,0.0,0.0
W0188,Morning,2025-03-14,21.0,0,1,0.0,0.0,0.0
W0188,Morning,2025-04-17,11.0,0,1,0.0,0.0,0.0
W0188,Morning,2025-04-26,9.0,0,1,0.0,0.0,0.0
W0188,Morning,2025-06-16,19.0,0,1,0.0,0.0,0.0
W0188,Night,2025-01-28,39.0,0,1,0.0,0.0,0.0
W0189,Evening,2025-01-03,3.0,0,1,10.0,0.3,0.0
W0189,Evening,2025-05-25,30.0,0,1,0.0,0.0,0.0
W0189,Evening,2025-06-06,39.0,0,1,0.0,0.0,0.0
W0189,Morning,2025-01-15,26.0,1,1,0.0,0.0,1.0
W0189,Morning,2025-03-07,3.0,0,1,0.0,0.0,0.0
W0189,Morning,2025-03-31,33.0,0,1,0.0,0.0,0.0
W0189,Morning,2025-05-15,11.0,0,1,0.0,0.0,0.0
W0189,Morning,2025-05-25,20.0,0,1,0.0,0.0,0.0
W0189,Morning,2025-06-19,43.0,0,1,0.0,0.0,0.0
W0189,Night,2025-01-02,33.0,1,1,0.0,0.0,1.0
W0189,Night,2025-01-22,3.0,0,1,0.0,0.0,0.0
W0189,Night,2025-03-14,38.0,0,1,0.0,0.0,0.0
W0189,Night,2025-04-20,36.0,0,1,0.0,0.0,0.0
W0189,Night,2025-06-13,10.0,0,1,7.0,1.4285714285714286,0.0
W0190,Evening,2025-01-01,21.0,0,1,0.0,0.0,0.0
W0190,Evening,2025-02-27,32.0,0,1,0.0,0.0,0.0
W0190,Evening,2025-04-12,23.0,0,1,0.0,0.0,0.0
W0190,Evening,2025-05-17,27.0,1,1,0.0,0.0,1.0
W0190,Evening,2025-06-03,49.0,0,1,0.0,0.0,0.0
W0190,Morning,2025-03-25,14.0,0,1,0.0,0.0,0.0
W0190,Morning,2025-04-06,44.0,0,1,0.0,0.0,0.0
W0190,Morning,2025-04-09,20.0,0,1,0.0,0.0,0.0
W0190,Morning,2025-04-12,14.0,0,1,0.0,0.0,0.0
W0190,Morning,2025-04-19,19.0,0,1,0.0,0.0,0.0
W0190,Morning,2025-04-26,7.0,0,1,0.0,0.0,0.0
W0190,Morning,2025-06-02,45.0,0,1,0.0,0.0,0.0
W0190,Morning,2025-06-27,36.0,0,1,0.0,0.0,0.0
W0190,Night,2025-03-04,4.0,0,1,0.0,0.0,0.0
W0190,Night,2025-03-11,40.0,0,1,0.0,0.0,0.0
W0190,Night,2025-03-19,7.0,1,1,0.0,0.0,1.0
W0190,Night,2025-04-14,36.0,0,1,0.0,0.0,0.0
W0190,Night,2025-04-18,15.0,0,1,0.0,0.0,0.0
W0190,Night,2025-04-23,37.0,0,1,0.0,0.0,0.0
W0190,Night,2025-06-08,46.0,0,1,0.0,0.0,0.0
W0191,Evening,2025-03-18,36.0,0,1,0.0,0.0,0.0
W0191,Evening,2025-05-24,2.0,0,1,0.0,0.0,0.0
W0191,Morning,2025-01-05,27.0,0,1,0.0,0.0,0.0
W0191,Morning,2025-02-22,26.0,0,1,0.0,0.0,0.0
W0191,Morning,2025-03-08,46.0,0,1,0.0,0.0,0.0
W0191,Morning,2025-03-18,18.0,0,1,0.0,0.0,0.0
W0191,Morning,2025-03-28,45.0,0,1,0.0,0.0,0.0
W0191,Morning,2025-05-17,40.0,0,1,0.0,0.0,0.0
W0191,Morning,2025-06-09,44.0,0,1,0.0,0.0,0.0
W0191,Morning,2025-06-20,10.0,1,1,0.0,0.0,1.0
W0191,Night,2025-02-28,43.0,0,1,0.0,0.0,0.0
W0191,Night,2025-04-10,5.0,1,1,0.0,0.0,1.0
W0191,Night,2025-06-12,17.0,0,1,0.0,0.0,0.0
W0191,Night,2025-06-16,38.0,0,1,0.0,0.0,0.0
W0192,Evening,2025-01-30,30.0,0,1,0.0,0.0,0.0
W0192,Evening,2025-02-17,10.0,1,1,0.0,0.0,1.0
W0192,Evening,2025-05-31,46.0,0,1,0.0,0.0,0.0
W0192,Evening,2025-06-05,10.0,0,1,0.0,0.0,0.0
W0192,Morning,2025-02-28,24.0,1,1,0.0,0.0,1.0
W0192,Morning,2025-03-04,28.0,1,1,0.0,0.0,1.0
W0192,Morning,2025-03-22,3.0,0,1,0.0,0.0,0.0
W0192,Morning,2025-03-29,29.0,1,1,0.0,0.0,1.0
W0192,Morning,2025-03-30,13.0,1,1,0.0,0.0,1.0
W0192,Morning,2025-04-06,43.0,1,1,0.0,0.0,1.0
W0192,Morning,2025-05-11,21.0,0,1,0.0,0.0,0.0
W0192,Morning,2025-06-02,7.0,0,1,0.0,0.0,0.0
W0192,Morning,2025-06-17,23.0,0,1,0.0,0.0,0.0
W0192,Morning,2025-06-28,30.0,1,1,0.0,0.0,1.0
W0192,Night,2025-03-02,19.0,0,1,0.0,0.0,0.0
W0192,Night,2025-04-14,27.0,0,1,0.0,0.0,0.0
W0192,Night,2025-04-26,25.0,0,1,0.0,0.0,0.0
W0192,Night,2025-06-26,4.0,0,1,0.0,0.0,0.0
W0193,Evening,2025-03-02,13.0,0,1,0.0,0.0,0.0
W0193,Evening,2025-03-27,2.0,0,1,0.0,0.0,0.0
W0193,Evening,2025-04-13,6.0,0,1,10.0,0.6,0.0
W0193,Evening,2025-05-30,42.0,0,1,0.0,0.0,0.0
W0193,Evening,2025-06-20,7.0,0,1,0.0,0.0,0.0
W0193,Morning,2025-01-08,11.0,0,1,0.0,0.0,0.0
W0193,Morning,2025-02-16,11.0,0,1,0.0,0.0,0.0
W0193,Morning,2025-03-04,44.0,1,1,0.0,0.0,1.0
W0193,Morning,2025-04-12,13.0,0,1,0.0,0.0,0.0
W0193,Morning,2025-04-21,11.0,0,1,0.0,0.0,0.0
W0193,Morning,2025-05-03,36.0,0,1,0.0,0.0,0.0
W0193,Night,2025-01-09,40.0,0,1,9.0,4.444444444444445,0.0
W0193,Night,2025-02-23,3.0,1,1,10.0,0.3,1.0
W0194,Evening,2025-02-26,8.0,1,1,0.0,0.0,1.0
W0194,Evening,2025-06-22,22.0,1,1,0.0,0.0,1.0
W0194,Morning,2025-01-13,8.0,0,1,0.0,0.0,0.0
W0194,Morning,2025-02-12,12.0,0,1,0.0,0.0,0.0
W0194,Morning,2025-02-16,22.0,0,1,0.0,0.0,0.0
W0194,Morning,2025-02-21,48.0,0,1,0.0,0.0,0.0
W0194,Morning,2025-03-02,31.0,1,1,0.0,0.0,1.0
W0194,Morning,2025-04-08,14.0,1,1,0.0,0.0,1.0
W0194,Morning,2025-05-07,13.0,1,1,0.0,0.0,1.0
W0194,Morning,2025-05-19,39.0,1,1,0.0,0.0,1.0
W0194,Morning,2025-05-22,19.0,0,1,0.0,0.0,0.0
W0194,Morning,2025-06-19,40.0,0,1,9.0,4.444444444444445,0.0
W0194,Night,2025-02-02,11.0,1,1,0.0,0.0,1.0
W0194,Night,2025-03-05,10.0,1,1,8.0,1.25,1.0
W0194,Night,2025-03-11,5.0,1,1,0.0,0.0,1.0
W0194,Night,2025-03-15,4.0,0,1,6.0,0.6666666666666666,0.0
W0194,Night,2025-04-08,16.0,0,1,0.0,0.0,0.0
W0194,Night,2025-04-22,46.0,0,1,0.0,0.0,0.0
W0194,Night,2025-04-27,17.0,0,1,0.0,0.0,0.0
W0194,Night,2025-04-28,34.0,0,1,0.0,0.0,0.0
W0194,Night,2025-05-03,49.0,0,1,0.0,0.0,0.0
W0194,Night,2025-06-13,6.0,0,1,0.0,0.0,0.0
W0195,Evening,2025-03-03,41.0,0,1,0.0,0.0,0.0
W0195,Evening,2025-05-06,1.0,1,1,0.0,0.0,1.0
W0195,Evening,2025-05-10,25.0,0,1,0.0,0.0,0.0
W0195,Evening,2025-05-29,41.0,0,1,0.0,0.0,0.0
W0195,Evening,2025-06-19,26.0,1,1,0.0,0.0,1.0
W0195,Morning,2025-01-29,11.0,1,1,0.0,0.0,1.0
W0195,Morning,2025-02-19,1.0,0,1,0.0,0.0,0.0
W0195,Morning,2025-04-09,55.0,0,2,0.0,0.0,0.0
W0195,Morning,2025-05-08,20.0,1,1,0.0,0.0,1.0
W0195,Morning,2025-06-03,46.0,0,1,0.0,0.0,0.0
W0195,Morning,2025-06-05,33.0,0,1,0.0,0.0,0.0
W0195,Morning,2025-06-06,12.0,0,1,0.0,0.0,0.0
W0195,Morning,2025-06-23,43.0,0,1,0.0,0.0,0.0
W0195,Night,2025-03-03,26.0,0,1,0.0,0.0,0.0
W0195,Night,2025-05-20,31.0,0,1,0.0,0.0,0.0
W0195,Night,2025-06-16,48.0,1,1,0.0,0.0,1.0
W0195,Night,2025-06-22,49.0,0,1,0.0,0.0,0.0
W0196,Evening,2025-01-26,46.0,0,1,0.0,0.0,0.0
W0196,Evening,2025-06-23,25.0,0,1,0.0,0.0,0.0
W0196,Morning,2025-02-14,24.0,1,1,0.0,0.0,1.0
W0196,Morning,2025-02-26,41.0,0,1,0.0,0.0,0.0
W0196,Morning,2025-03-24,47.0,0,1,0.0,0.0,0.0
W0196,Morning,2025-04-03,38.0,0,1,6.0,6.333333333333333,0.0
W0196,Morning,2025-05-07,8.0,0,1,0.0,0.0,0.0
W0196,Morning,2025-05-30,24.0,0,1,0.0,0.0,0.0
W0196,Morning,2025-06-08,57.0,0,2,0.0,0.0,0.0
W0196,Morning,2025-06-19,4.0,1,1,0.0,0.0,1.0
W0196,Night,2025-01-02,23.0,1,1,0.0,0.0,1.0
W0196,Night,2025-02-13,23.0,0,1,0.0,0.0,0.0
W0197,Evening,2025-01-18,14.0,1,1,0.0,0.0,1.0
W0197,Evening,2025-04-12,16.0,0,1,0.0,0.0,0.0
W0197,Evening,2025-05-12,39.0,0,1,0.0,0.0,0.0
W0197,Evening,2025-05-24,22.0,0,1,0.0,0.0,0.0
W0197,Evening,2025-05-29,33.0,0,1,0.0,0.0,0.0
W0197,Evening,2025-05-31,16.0,0,1,0.0,0.0,0.0
W0197,Morning,2025-02-06,26.0,0,1,0.0,0.0,0.0
W0197,Morning,2025-02-23,47.0,0,1,0.0,0.0,0.0
W0197,Morning,2025-03-07,12.0,0,1,0.0,0.0,0.0
W0197,Morning,2025-03-15,14.0,0,1,0.0,0.0,0.0
W0197,Morning,2025-04-29,42.0,1,1,0.0,0.0,1.0
W0197,Night,2025-01-26,47.0,0,1,0.0,0.0,0.0
W0197,Night,2025-02-04,21.0,0,1,0.0,0.0,0.0
W0197,Night,2025-02-10,12.0,0,1,0.0,0.0,0.0
W0197,Night,2025-02-22,35.0,0,1,0.0,0.0,0.0
W0197,Night,2025-04-08,7.0,1,1,7.0,1.0,1.0
W0197,Night,2025-05-30,38.0,0,1,0.0,0.0,0.0
W0198,Evening,2025-02-17,42.0,0,1,0.0,0.0,0.0
W0198,Evening,2025-04-16,43.0,0,1,0.0,0.0,0.0
W0198,Evening,2025-05-05,43.0,0,1,0.0,0.0,0.0
W0198,Morning,2025-01-03,30.0,0,1,0.0,0.0,0.0
W0198,Morning,2025-01-10,16.0,1,1,0.0,0.0,1.0
W0198,Morning,2025-01-21,38.0,0,1,0.0,0.0,0.0
W0198,Morning,2025-04-03,17.0,0,1,0.0,0.0,0.0
W0198,Morning,2025-04-20,29.0,1,1,0.0,0.0,1.0
W0198,Morning,2025-05-08,19.0,0,1,0.0,0.0,0.0
W0198,Morning,2025-05-16,39.0,1,1,0.0,0.0,1.0
W0198,Morning,2025-05-22,32.0,1,1,0.0,0.0,1.0
W0198,Night,2025-01-12,3.0,1,1,0.0,0.0,1.0
W0198,Night,2025-01-15,35.0,0,1,0.0,0.0,0.0
W0198,Night,2025-01-29,32.0,0,1,0.0,0.0,0.0
W0198,Night,2025-02-02,19.0,1,1,0.0,0.0,1.0
W0198,Night,2025-02-17,5.0,1,1,0.0,0.0,1.0
W0198,Night,2025-03-01,23.0,0,1,0.0,0.0,0.0
W0198,Night,2025-03-21,1.0,1,1,0.0,0.0,1.0
W0198,Night,2025-04-16,12.0,1,1,0.0,0.0,1.0
W0198,Night,2025-04-21,20.0,0,1,0.0,0.0,0.0
W0198,Night,2025-04-28,19.0,0,1,0.0,0.0,0.0
W0198,Night,2025-05-06,39.0,0,1,0.0,0.0,0.0
W0199,Evening,2025-01-26,44.0,0,1,0.0,0.0,0.0
W0199,Evening,2025-03-09,39.0,1,1,0.0,0.0,1.0
W0199,Morning,2025-01-27,30.0,0,1,0.0,0.0,0.0
W0199,Morning,2025-03-03,25.0,0,1,0.0,0.0,0.0
W0199,Morning,2025-03-08,36.0,1,1,0.0,0.0,1.0
W0199,Morning,2025-04-13,21.0,0,1,0.0,0.0,0.0
W0199,Morning,2025-05-02,18.0,0,1,0.0,0.0,0.0
W0199,Morning,2025-05-15,1.0,1,1,0.0,0.0,1.0
W0199,Night,2025-02-01,5.0,0,1,0.0,0.0,0.0
W0199,Night,2025-03-15,5.0,0,1,0.0,0.0,0.0
W0199,Night,2025-03-29,37.0,0,1,0.0,0.0,0.0
W0200,Evening,2025-02-16,37.0,0,1,0.0,0.0,0.0
W0200,Evening,2025-03-29,39.0,0,1,0.0,0.0,0.0
W0200,Evening,2025-04-11,5.0,0,1,0.0,0.0,0.0
W0200,Morning,2025-01-09,10.0,0,1,0.0,0.0,0.0
W0200,Morning,2025-01-21,14.0,0,1,0.0,0.0,0.0
W0200,Morning,2025-01-29,11.0,0,1,0.0,0.0,0.0
W0200,Morning,2025-02-06,43.0,0,1,0.0,0.0,0.0
W0200,Morning,2025-02-24,45.0,0,1,0.0,0.0,0.0
W0200,Morning,2025-03-06,16.0,0,1,0.0,0.0,0.0
W0200,Morning,2025-03-25,9.0,1,1,0.0,0.0,1.0
W0200,Morning,2025-04-16,45.0,1,1,0.0,0.0,1.0
W0200,Morning,2025-05-18,17.0,0,1,0.0,0.0,0.0
W0200,Morning,2025-05-23,12.0,0,1,0.0,0.0,0.0
W0200,Morning,2025-05-29,15.0,1,1,0.0,0.0,1.0
W0200,Morning,2025-06-05,25.0,0,1,0.0,0.0,0.0
W0200,Morning,2025-06-22,29.0,1,1,0.0,0.0,1.0
W0200,Night,2025-01-04,10.0,1,1,0.0,0.0,1.0
W0200,Night,2025-01-05,45.0,0,1,0.0,0.0,0.0
W0200,Night,2025-02-17,44.0,1,1,0.0,0.0,1.0
W0200,Night,2025-05-04,44.0,0,1,0.0,0.0,0.0
W0200,Night,2025-05-09,5.0,0,1,0.0,0.0,0.0
W0200,Night,2025-06-01,6.0,0,1,0.0,0.0,0.0
W0201,Evening,2025-01-26,44.0,0,1,6.0,7.333333333333333,0.0
W0201,Evening,2025-02-04,30.0,0,1,0.0,0.0,0.0
W0201,Morning,2025-02-10,38.0,0,1,0.0,0.0,0.0
W0201,Morning,2025-02-25,29.0,1,1,0.0,0.0,1.0
W0201,Morning,2025-03-01,16.0,0,1,0.0,0.0,0.0
W0201,Morning,2025-03-02,49.0,0,1,0.0,0.0,0.0
W0201,Morning,2025-03-24,27.0,1,1,0.0,0.0,1.0
W0201,Morning,2025-04-07,46.0,0,1,0.0,0.0,0.0
W0201,Morning,2025-05-27,49.0,0,1,0.0,0.0,0.0
W0201,Morning,2025-06-10,48.0,0,1,0.0,0.0,0.0
W0201,Morning,2025-06-26,34.0,0,1,0.0,0.0,0.0
W0201,Night,2025-02-24,3.0,0,1,0.0,0.0,0.0
W0201,Night,2025-03-09,36.0,0,1,0.0,0.0,0.0
W0202,Evening,2025-01-10,5.0,0,1,0.0,0.0,0.0
W0202,Evening,2025-02-02,9.0,0,1,0.0,0.0,0.0
W0202,Evening,2025-03-23,39.0,0,1,0.0,0.0,0.0
W0202,Evening,2025-04-08,28.0,0,1,0.0,0.0,0.0
W0202,Evening,2025-04-26,16.0,1,1,0.0,0.0,1.0
W0202,Evening,2025-05-08,36.0,1,1,0.0,0.0,1.0
W0202,Evening,2025-05-14,37.0,0,1,0.0,0.0,0.0
W0202,Morning,2025-01-28,34.0,0,1,0.0,0.0,0.0
W0202,Morning,2025-03-01,5.0,0,1,0.0,0.0,0.0
W0202,Morning,2025-05-02,1.0,1,1,0.0,0.0,1.0
W0202,Morning,2025-05-09,47.0,0,1,0.0,0.0,0.0
W0202,Morning,2025-05-16,43.0,0,1,0.0,0.0,0.0
W0202,Morning,2025-06-25,48.0,0,1,0.0,0.0,0.0
W0202,Night,2025-01-20,45.0,0,1,0.0,0.0,0.0
W0202,Night,2025-04-15,14.0,0,1,0.0,0.0,0.0
W0203,Evening,2025-01-01,27.0,0,1,0.0,0.0,0.0
W0203,Evening,2025-02-08,39.0,0,1,6.0,6.5,0.0
W0203,Evening,2025-03-01,24.0,1,1,0.0,0.0,1.0
W0203,Evening,2025-03-20,36.0,1,1,0.0,0.0,1.0
W0203,Evening,2025-03-22,8.0,0,1,0.0,0.0,0.0
W0203,Evening,2025-04-13,21.0,0,1,0.0,0.0,0.0
W0203,Evening,2025-04-14,15.0,0,1,0.0,0.0,0.0
W0203,Morning,2025-02-02,30.0,0,1,0.0,0.0,0.0
W0203,Morning,2025-06-18,47.0,1,1,0.0,0.0,1.0
W0203,Morning,2025-06-21,19.0,1,1,0.0,0.0,1.0
W0203,Night,2025-05-13,18.0,0,1,0.0,0.0,0.0
W0203,Night,2025-06-26,20.0,0,1,0.0,0.0,0.0
W0204,Evening,2025-01-22,26.0,0,1,0.0,0.0,0.0
W0204,Evening,2025-03-29,44.0,0,1,0.0,0.0,0.0
W0204,Evening,2025-04-05,41.0,1,1,0.0,0.0,1.0
W0204,Evening,2025-04-15,31.0,0,1,0.0,0.0,0.0
W0204,Evening,2025-04-20,31.0,0,1,0.0,0.0,0.0
W0204,Evening,2025-05-02,40.0,0,1,0.0,0.0,0.0
W0204,Evening,2025-06-02,31.0,0,1,0.0,0.0,0.0
W0204,Evening,2025-06-18,37.0,0,1,0.0,0.0,0.0
W0204,Morning,2025-01-04,38.0,0,1,0.0,0.0,0.0
W0204,Morning,2025-01-06,35.0,0,1,0.0,0.0,0.0
W0204,Morning,2025-01-19,23.0,0,1,0.0,0.0,0.0
W0204,Morning,2025-01-26,17.0,0,1,10.0,1.7,0.0
W0204,Morning,2025-02-08,22.0,0,1,0.0,0.0,0.0
W0204,Morning,2025-02-19,5.0,0,1,0.0,0.0,0.0
W0204,Morning,2025-03-12,4.0,0,1,0.0,0.0,0.0
W0204,Morning,2025-05-06,26.0,0,1,0.0,0.0,0.0
W0204,Morning,2025-05-10,1.0,0,1,0.0,0.0,0.0
W0204,Morning,2025-06-24,42.0,0,1,0.0,0.0,0.0
W0204,Morning,2025-06-29,5.0,0,1,0.0,0.0,0.0
W0204,Night,2025-01-28,16.0,0,1,0.0,0.0,0.0
W0204,Night,2025-02-28,34.0,0,1,0.0,0.0,0.0
W0204,Night,2025-04-07,9.0,0,1,0.0,0.0,0.0
W0204,Night,2025-05-03,30.0,0,1,0.0,0.0,0.0
W0204,Night,2025-05-28,47.0,0,1,0.0,0.0,0.0
W0204,Night,2025-06-19,40.0,1,1,0.0,0.0,1.0
W0205,Evening,2025-02-24,37.0,0,1,0.0,0.0,0.0
W0205,Evening,2025-03-11,6.0,1,1,0.0,0.0,1.0
W0205,Evening,2025-04-18,22.0,0,1,0.0,0.0,0.0
W0205,Evening,2025-05-04,37.0,1,1,0.0,0.0,1.0
W0205,Evening,2025-06-01,47.0,0,1,10.0,4.7,0.0
W0205,Morning,2025-04-15,36.0,0,1,0.0,0.0,0.0
W0205,Morning,2025-04-30,45.0,0,1,0.0,0.0,0.0
W0205,Morning,2025-05-08,17.0,1,1,0.0,0.0,1.0
W0205,Night,2025-02-05,28.0,0,1,9.0,3.111111111111111,0.0
W0205,Night,2025-03-12,5.0,0,1,0.0,0.0,0.0
W0205,Night,2025-04-19,29.0,0,1,0.0,0.0,0.0
W0205,Night,2025-04-24,19.0,0,1,0.0,0.0,0.0
W0206,Evening,2025-01-03,26.0,0,1,0.0,0.0,0.0
W0206,Evening,2025-01-19,41.0,0,1,0.0,0.0,0.0
W0206,Evening,2025-01-26,21.0,0,1,0.0,0.0,0.0
W0206,Evening,2025-02-15,22.0,1,1,0.0,0.0,1.0
W0206,Evening,2025-04-06,39.0,0,1,0.0,0.0,0.0
W0206,Evening,2025-04-16,37.0,0,1,0.0,0.0,0.0
W0206,Evening,2025-04-20,42.0,0,1,0.0,0.0,0.0
W0206,Evening,2025-05-28,10.0,0,1,0.0,0.0,0.0
W0206,Evening,2025-06-04,33.0,0,1,0.0,0.0,0.0
W0206,Morning,2025-01-10,34.0,0,1,0.0,0.0,0.0
W0206,Morning,2025-01-26,21.0,0,1,9.0,2.3333333333333335,0.0
W0206,Morning,2025-06-08,14.0,1,1,0.0,0.0,1.0
W0206,Morning,2025-06-09,14.0,0,1,0.0,0.0,0.0
W0206,Night,2025-01-20,43.0,0,1,0.0,0.0,0.0
W0206,Night,2025-01-24,28.0,0,1,0.0,0.0,0.0
W0206,Night,2025-02-01,3.0,0,1,0.0,0.0,0.0
W0206,Night,2025-04-22,2.0,0,1,0.0,0.0,0.0
W0206,Night,2025-06-07,35.0,1,1,0.0,0.0,1.0
W0206,Night,2025-06-11,40.0,0,1,0.0,0.0,0.0
W0207,Evening,2025-02-24,16.0,1,1,0.0,0.0,1.0
W0207,Evening,2025-03-05,29.0,0,1,0.0,0.0,0.0
W0207,Evening,2025-04-12,34.0,1,1,0.0,0.0,1.0
W0207,Evening,2025-06-18,18.0,0,1,0.0,0.0,0.0
W0207,Morning,2025-01-26,18.0,1,1,0.0,0.0,1.0
W0207,Morning,2025-02-13,11.0,1,1,0.0,0.0,1.0
W0207,Morning,2025-02-20,12.0,0,1,0.0,0.0,0.0
W0207,Morning,2025-02-22,46.0,1,1,6.0,7.666666666666667,1.0
W0207,Morning,2025-03-13,16.0,0,1,0.0,0.0,0.0
W0207,Morning,2025-03-27,15.0,0,1,0.0,0.0,0.0
W0207,Night,2025-02-27,14.0,1,1,0.0,0.0,1.0
W0207,Night,2025-03-19,40.0,1,1,0.0,0.0,1.0
W0207,Night,2025-06-14,47.0,0,1,0.0,0.0,0.0
W0208,Evening,2025-01-28,27.0,0,1,0.0,0.0,0.0
W0208,Evening,2025-01-30,4.0,0,1,0.0,0.0,0.0
W0208,Evening,2025-03-31,3.0,0,1,0.0,0.0,0.0
W0208,Evening,2025-04-06,17.0,0,1,0.0,0.0,0.0
W0208,Evening,2025-04-14,31.0,0,1,0.0,0.0,0.0
W0208,Evening,2025-04-24,8.0,1,1,0.0,0.0,1.0
W0208,Evening,2025-06-14,22.0,0,1,0.0,0.0,0.0
W0208,Morning,2025-01-13,11.0,1,1,0.0,0.0,1.0
W0208,Morning,2025-02-18,41.0,0,1,0.0,0.0,0.0
W0208,Morning,2025-03-02,48.0,0,1,0.0,0.0,0.0
W0208,Morning,2025-03-21,22.0,1,1,0.0,0.0,1.0
W0208,Morning,2025-04-06,5.0,0,1,0.0,0.0,0.0
W0208,Morning,2025-04-24,34.0,0,1,0.0,0.0,0.0
W0208,Morning,2025-05-10,33.0,1,1,0.0,0.0,1.0
W0208,Morning,2025-05-28,7.0,0,1,0.0,0.0,0.0
W0208,Morning,2025-06-06,18.0,1,1,0.0,0.0,1.0
W0208,Night,2025-01-07,29.0,1,1,0.0,0.0,1.0
W0208,Night,2025-01-16,26.0,0,1,0.0,0.0,0.0
W0208,Night,2025-01-25,37.0,1,1,0.0,0.0,1.0
W0208,Night,2025-02-28,45.0,0,1,0.0,0.0,0.0
W0208,Night,2025-03-31,28.0,0,1,0.0,0.0,0.0
W0208,Night,2025-04-18,27.0,1,1,0.0,0.0,1.0
W0208,Night,2025-05-31,37.0,1,1,0.0,0.0,1.0
W0208,Night,2025-06-11,36.0,0,1,0.0,0.0,0.0
W0209,Evening,2025-04-26,18.0,0,1,0.0,0.0,0.0
W0209,Evening,2025-04-30,9.0,0,1,0.0,0.0,0.0
W0209,Morning,2025-01-23,37.0,0,1,0.0,0.0,0.0
W0209,Morning,2025-04-07,43.0,0,1,0.0,0.0,0.0
W0209,Morning,2025-05-01,8.0,1,1,0.0,0.0,1.0
W0209,Morning,2025-05-09,3.0,1,1,0.0,0.0,1.0
W0209,Morning,2025-05-14,15.0,0,1,0.0,0.0,0.0
W0209,Morning,2025-05-15,20.0,1,1,0.0,0.0,1.0
W0209,Morning,2025-05-25,13.0,0,1,0.0,0.0,0.0
W0209,Morning,2025-06-19,1.0,0,1,0.0,0.0,0.0
W0209,Morning,2025-06-20,46.0,0,1,0.0,0.0,0.0
W0209,Night,2025-01-21,34.0,1,1,0.0,0.0,1.0
W0209,Night,2025-01-24,17.0,0,1,0.0,0.0,0.0
W0209,Night,2025-02-03,5.0,1,1,0.0,0.0,1.0
W0209,Night,2025-03-03,11.0,0,1,0.0,0.0,0.0
W0209,Night,2025-04-21,38.0,0,1,0.0,0.0,0.0
W0209,Night,2025-05-01,57.0,0,2,0.0,0.0,0.0
W0210,Evening,2025-02-08,27.0,0,1,0.0,0.0,0.0
W0210,Evening,2025-02-17,43.0,0,1,0.0,0.0,0.0
W0210,Evening,2025-02-24,7.0,0,1,0.0,0.0,0.0
W0210,Evening,2025-02-26,46.0,0,1,0.0,0.0,0.0
W0210,Evening,2025-02-28,28.0,0,1,0.0,0.0,0.0
W0210,Evening,2025-05-17,36.0,0,1,0.0,0.0,0.0
W0210,Morning,2025-02-02,25.0,0,1,8.0,3.125,0.0
W0210,Morning,2025-02-03,39.0,1,1,0.0,0.0,1.0
W0210,Morning,2025-03-01,48.0,1,1,0.0,0.0,1.0
W0210,Morning,2025-03-26,17.0,1,1,0.0,0.0,1.0
W0210,Morning,2025-03-27,20.0,1,1,0.0,0.0,1.0
W0210,Morning,2025-04-08,9.0,0,1,0.0,0.0,0.0
W0210,Morning,2025-04-10,45.0,0,1,0.0,0.0,0.0
W0210,Morning,2025-05-28,32.0,1,1,0.0,0.0,1.0
W0210,Morning,2025-06-15,8.0,0,1,0.0,0.0,0.0
W0210,Night,2025-01-30,14.0,1,1,0.0,0.0,1.0
W0210,Night,2025-02-14,42.0,0,1,0.0,0.0,0.0
W0210,Night,2025-03-01,42.0,0,1,0.0,0.0,0.0
W0210,Night,2025-03-20,7.0,1,1,0.0,0.0,1.0
W0210,Night,2025-03-28,30.0,0,1,0.0,0.0,0.0
W0210,Night,2025-04-13,47.0,0,1,0.0,0.0,0.0
W0210,Night,2025-05-28,21.0,0,1,0.0,0.0,0.0
W0210,Night,2025-06-04,6.0,1,1,0.0,0.0,1.0
W0210,Night,2025-06-15,47.0,0,1,7.0,6.714285714285714,0.0
W0211,Evening,2025-02-11,40.0,0,1,0.0,0.0,0.0
W0211,Evening,2025-04-26,4.0,0,1,0.0,0.0,0.0
W0211,Evening,2025-05-27,26.0,0,1,0.0,0.0,0.0
W0211,Evening,2025-06-01,8.0,0,1,0.0,0.0,0.0
W0211,Evening,2025-06-28,8.0,0,1,0.0,0.0,0.0
W0211,Morning,2025-01-10,46.0,1,1,0.0,0.0,1.0
W0211,Morning,2025-01-17,44.0,0,1,0.0,0.0,0.0
W0211,Morning,2025-01-25,13.0,0,1,0.0,0.0,0.0
W0211,Morning,2025-01-26,35.0,1,1,0.0,0.0,1.0
W0211,Morning,2025-02-26,28.0,1,1,0.0,0.0,1.0
W0211,Morning,2025-03-06,27.0,1,1,0.0,0.0,1.0
W0211,Morning,2025-04-12,4.0,0,1,0.0,0.0,0.0
W0211,Morning,2025-06-26,47.0,0,1,0.0,0.0,0.0
W0211,Night,2025-01-14,42.0,0,1,0.0,0.0,0.0
W0211,Night,2025-03-03,37.0,0,1,0.0,0.0,0.0
W0211,Night,2025-03-11,27.0,0,1,0.0,0.0,0.0
W0211,Night,2025-03-28,6.0,0,1,0.0,0.0,0.0
W0211,Night,2025-04-06,17.0,0,1,0.0,0.0,0.0
W0211,Night,2025-06-11,8.0,0,1,0.0,0.0,0.0
W0211,Night,2025-06-16,23.0,0,1,0.0,0.0,0.0
W0211,Night,2025-06-29,46.0,0,1,0.0,0.0,0.0
W0212,Evening,2025-02-09,39.0,0,1,0.0,0.0,0.0
W0212,Evening,2025-04-09,36.0,0,1,0.0,0.0,0.0
W0212,Evening,2025-04-12,43.0,0,1,0.0,0.0,0.0
W0212,Morning,2025-02-12,24.0,1,1,0.0,0.0,1.0
W0212,Morning,2025-03-01,43.0,0,1,0.0,0.0,0.0
W0212,Morning,2025-03-19,48.0,0,2,0.0,0.0,0.0
W0212,Morning,2025-03-21,37.0,0,1,0.0,0.0,0.0
W0212,Morning,2025-03-29,43.0,0,1,0.0,0.0,0.0
W0212,Morning,2025-05-20,40.0,0,1,0.0,0.0,0.0
W0212,Morning,2025-06-20,47.0,0,1,0.0,0.0,0.0
W0212,Night,2025-01-24,37.0,0,1,0.0,0.0,0.0
W0212,Night,2025-01-25,10.0,1,1,0.0,0.0,1.0
W0212,Night,2025-02-03,21.0,0,1,0.0,0.0,0.0
W0212,Night,2025-03-21,18.0,0,1,0.0,0.0,0.0
W0212,Night,2025-04-10,44.0,0,1,8.0,5.5,0.0
W0212,Night,2025-06-02,45.0,0,1,6.0,7.5,0.0
W0213,Evening,2025-01-06,9.0,0,1,0.0,0.0,0.0
W0213,Evening,2025-04-10,31.0,0,1,0.0,0.0,0.0
W0213,Evening,2025-05-02,3.0,0,1,0.0,0.0,0.0
W0213,Evening,2025-05-11,11.0,0,1,0.0,0.0,0.0
W0213,Evening,2025-06-18,33.0,1,2,0.0,0.0,0.5
W0213,Evening,2025-06-27,8.0,0,1,0.0,0.0,0.0
W0213,Morning,2025-02-02,41.0,1,1,0.0,0.0,1.0
W0213,Morning,2025-03-08,6.0,0,1,0.0,0.0,0.0
W0213,Morning,2025-04-12,11.0,0,1,0.0,0.0,0.0
W0213,Morning,2025-04-23,10.0,0,1,0.0,0.0,0.0
W0213,Morning,2025-05-04,18.0,0,1,0.0,0.0,0.0
W0213,Morning,2025-06-07,14.0,0,1,0.0,0.0,0.0
W0213,Morning,2025-06-24,30.0,0,1,0.0,0.0,0.0
W0213,Night,2025-02-13,15.0,0,1,0.0,0.0,0.0
W0214,Evening,2025-01-02,5.0,0,1,0.0,0.0,0.0
W0214,Evening,2025-01-28,13.0,1,1,0.0,0.0,1.0
W0214,Evening,2025-02-24,45.0,1,1,0.0,0.0,1.0
W0214,Evening,2025-03-03,40.0,0,1,0.0,0.0,0.0
W0214,Evening,2025-04-11,14.0,0,1,0.0,0.0,0.0
W0214,Evening,2025-04-17,46.0,0,1,0.0,0.0,0.0
W0214,Morning,2025-02-10,27.0,0,1,0.0,0.0,0.0
W0214,Morning,2025-04-10,49.0,0,1,0.0,0.0,0.0
W0214,Morning,2025-04-27,33.0,0,1,0.0,0.0,0.0
W0214,Morning,2025-04-29,29.0,0,1,0.0,0.0,0.0
W0214,Morning,2025-06-26,5.0,0,1,0.0,0.0,0.0
W0214,Night,2025-03-03,37.0,0,1,0.0,0.0,0.0
W0214,Night,2025-03-18,45.0,0,1,0.0,0.0,0.0
W0214,Night,2025-04-09,31.0,1,1,0.0,0.0,1.0
W0214,Night,2025-04-12,3.0,1,1,0.0,0.0,1.0
W0214,Night,2025-05-14,18.0,0,1,0.0,0.0,0.0
W0214,Night,2025-06-27,12.0,0,1,0.0,0.0,0.0
W0215,Evening,2025-01-13,6.0,0,1,0.0,0.0,0.0
W0215,Evening,2025-02-18,35.0,0,1,0.0,0.0,0.0
W0215,Evening,2025-03-11,44.0,0,1,0.0,0.0,0.0
W0215,Evening,2025-03-21,13.0,0,1,0.0,0.0,0.0
W0215,Evening,2025-03-24,12.0,0,1,0.0,0.0,0.0
W0215,Evening,2025-04-06,41.0,0,1,0.0,0.0,0.0
W0215,Evening,2025-04-19,44.0,0,1,0.0,0.0,0.0
W0215,Evening,2025-04-25,23.0,0,1,0.0,0.0,0.0
W0215,Morning,2025-03-13,47.0,0,1,0.0,0.0,0.0
W0215,Morning,2025-03-14,19.0,0,1,0.0,0.0,0.0
W0215,Morning,2025-04-02,19.0,0,1,0.0,0.0,0.0
W0215,Morning,2025-04-30,36.0,1,1,0.0,0.0,1.0
W0215,Morning,2025-05-07,43.0,0,1,0.0,0.0,0.0
W0215,Morning,2025-05-10,3.0,0,1,0.0,0.0,0.0
W0215,Morning,2025-05-20,40.0,1,1,0.0,0.0,1.0
W0215,Morning,2025-05-22,37.0,0,1,0.0,0.0,0.0
W0215,Morning,2025-06-05,45.0,0,1,0.0,0.0,0.0
W0215,Night,2025-01-09,48.0,0,1,0.0,0.0,0.0
W0215,Night,2025-04-07,24.0,0,1,0.0,0.0,0.0
W0215,Night,2025-04-08,32.0,0,1,0.0,0.0,0.0
W0215,Night,2025-04-17,34.0,0,1,0.0,0.0,0.0
W0216,Evening,2025-01-23,43.0,0,1,0.0,0.0,0.0
W0216,Evening,2025-04-17,27.0,0,1,0.0,0.0,0.0
W0216,Evening,2025-05-05,36.0,0,1,0.0,0.0,0.0
W0216,Morning,2025-01-01,15.0,0,1,8.0,1.875,0.0
W0216,Morning,2025-02-22,16.0,1,1,0.0,0.0,1.0
W0216,Morning,2025-03-02,2.0,0,1,0.0,0.0,0.0
W0216,Morning,2025-03-05,2.0,0,1,10.0,0.2,0.0
W0216,Morning,2025-03-17,35.0,1,1,0.0,0.0,1.0
W0216,Morning,2025-04-16,28.0,0,1,0.0,0.0,0.0
W0216,Morning,2025-05-23,49.0,0,1,0.0,0.0,0.0
W0216,Morning,2025-06-19,34.0,0,1,0.0,0.0,0.0
W0216,Morning,2025-06-20,30.0,0,1,0.0,0.0,0.0
W0216,Morning,2025-06-24,48.0,1,1,0.0,0.0,1.0
W0216,Night,2025-01-01,39.0,1,1,0.0,0.0,1.0
W0216,Night,2025-02-02,26.0,0,1,0.0,0.0,0.0
W0216,Night,2025-02-10,19.0,1,1,0.0,0.0,1.0
W0216,Night,2025-05-18,28.0,0,1,0.0,0.0,0.0
W0217,Evening,2025-01-04,22.0,0,1,0.0,0.0,0.0
W0217,Evening,2025-01-15,17.0,1,1,0.0,0.0,1.0
W0217,Evening,2025-04-06,43.0,0,1,0.0,0.0,0.0
W0217,Evening,2025-04-10,32.0,1,1,0.0,0.0,1.0
W0217,Evening,2025-04-26,35.0,0,1,0.0,0.0,0.0
W0217,Evening,2025-05-06,47.0,0,1,0.0,0.0,0.0
W0217,Morning,2025-01-06,48.0,0,1,0.0,0.0,0.0
W0217,Morning,2025-01-16,40.0,0,1,0.0,0.0,0.0
W0217,Morning,2025-02-12,31.0,0,1,0.0,0.0,0.0
W0217,Morning,2025-02-17,2.0,1,1,0.0,0.0,1.0
W0217,Morning,2025-03-11,25.0,0,1,0.0,0.0,0.0
W0217,Morning,2025-03-13,20.0,0,1,0.0,0.0,0.0
W0217,Morning,2025-03-22,17.0,0,1,0.0,0.0,0.0
W0217,Morning,2025-04-14,40.0,0,1,0.0,0.0,0.0
W0217,Morning,2025-06-04,24.0,0,1,0.0,0.0,0.0
W0217,Morning,2025-06-24,22.0,0,1,0.0,0.0,0.0
W0217,Night,2025-03-29,25.0,0,1,0.0,0.0,0.0
W0217,Night,2025-05-01,30.0,0,1,0.0,0.0,0.0
W0218,Evening,2025-01-27,3.0,1,1,0.0,0.0,1.0
W0218,Evening,2025-03-06,10.0,1,1,0.0,0.0,1.0
W0218,Evening,2025-05-24,42.0,0,1,0.0,0.0,0.0
W0218,Morning,2025-02-07,40.0,1,1,0.0,0.0,1.0
W0218,Morning,2025-02-11,43.0,1,1,0.0,0.0,1.0
W0218,Morning,2025-03-10,25.0,1,1,0.0,0.0,1.0
W0218,Morning,2025-03-18,33.0,1,1,0.0,0.0,1.0
W0218,Morning,2025-03-21,49.0,0,1,0.0,0.0,0.0
W0218,Morning,2025-04-23,27.0,1,1,0.0,0.0,1.0
W0218,Morning,2025-05-17,27.0,1,1,0.0,0.0,1.0
W0218,Morning,2025-06-03,39.0,0,1,0.0,0.0,0.0
W0218,Morning,2025-06-06,15.0,0,1,0.0,0.0,0.0
W0218,Morning,2025-06-18,42.0,1,1,0.0,0.0,1.0
W0218,Morning,2025-06-20,11.0,0,1,0.0,0.0,0.0
W0218,Night,2025-01-01,8.0,0,1,0.0,0.0,0.0
W0218,Night,2025-05-11,11.0,0,1,0.0,0.0,0.0
W0219,Evening,2025-01-23,49.0,0,1,0.0,0.0,0.0
W0219,Evening,2025-06-12,44.0,1,1,0.0,0.0,1.0
W0219,Morning,2025-01-08,11.0,1,1,0.0,0.0,1.0
W0219,Morning,2025-01-13,48.0,0,1,0.0,0.0,0.0
W0219,Morning,2025-01-17,11.0,0,1,0.0,0.0,0.0
W0219,Morning,2025-01-20,26.0,0,1,0.0,0.0,0.0
W0219,Morning,2025-01-23,11.0,0,1,0.0,0.0,0.0
W0219,Morning,2025-01-24,31.0,0,1,0.0,0.0,0.0
W0219,Morning,2025-02-26,12.0,0,1,0.0,0.0,0.0
W0219,Morning,2025-03-28,35.0,0,1,0.0,0.0,0.0
W0219,Morning,2025-04-02,12.0,0,1,0.0,0.0,0.0
W0219,Morning,2025-04-14,34.0,1,1,10.0,3.4,1.0
W0219,Morning,2025-04-30,8.0,0,1,0.0,0.0,0.0
W0219,Morning,2025-05-06,16.0,1,1,0.0,0.0,1.0
W0219,Night,2025-01-03,22.0,1,1,0.0,0.0,1.0
W0219,Night,2025-02-21,6.0,0,1,0.0,0.0,0.0
W0219,Night,2025-02-27,35.0,1,1,10.0,3.5,1.0
W0219,Night,2025-03-29,35.0,0,1,0.0,0.0,0.0
W0220,Evening,2025-05-13,35.0,0,1,0.0,0.0,0.0
W0220,Evening,2025-05-27,3.0,1,1,0.0,0.0,1.0
W0220,Morning,2025-01-07,19.0,0,1,0.0,0.0,0.0
W0220,Morning,2025-01-09,24.0,0,1,0.0,0.0,0.0
W0220,Morning,2025-02-13,14.0,0,1,0.0,0.0,0.0
W0220,Morning,2025-02-26,35.0,0,1,0.0,0.0,0.0
W0220,Morning,2025-03-17,38.0,0,1,0.0,0.0,0.0
W0220,Morning,2025-03-24,5.0,0,1,0.0,0.0,0.0
W0220,Morning,2025-03-31,45.0,0,1,10.0,4.5,0.0
W0220,Morning,2025-04-05,20.0,1,1,0.0,0.0,1.0
W0220,Morning,2025-04-26,12.0,0,1,0.0,0.0,0.0
W0220,Morning,2025-05-20,24.0,0,1,0.0,0.0,0.0
W0220,Morning,2025-05-31,18.0,1,1,0.0,0.0,1.0
W0220,Morning,2025-06-04,41.0,0,1,0.0,0.0,0.0
W0220,Morning,2025-06-05,10.0,0,1,0.0,0.0,0.0
W0220,Morning,2025-06-07,38.0,0,1,0.0,0.0,0.0
W0220,Morning,2025-06-10,46.0,0,2,0.0,0.0,0.0
W0220,Morning,2025-06-24,29.0,0,1,0.0,0.0,0.0
W0220,Night,2025-02-23,31.0,1,1,0.0,0.0,1.0
W0220,Night,2025-03-15,10.0,1,1,0.0,0.0,1.0
W0220,Night,2025-06-27,6.0,0,1,0.0,0.0,0.0
W0221,Evening,2025-01-06,6.0,0,1,0.0,0.0,0.0
W0221,Evening,2025-03-16,33.0,0,1,0.0,0.0,0.0
W0221,Evening,2025-04-10,21.0,0,1,0.0,0.0,0.0
W0221,Evening,2025-04-24,35.0,0,1,0.0,0.0,0.0
W0221,Evening,2025-05-09,5.0,0,1,0.0,0.0,0.0
W0221,Evening,2025-05-23,21.0,1,1,10.0,2.1,1.0
W0221,Evening,2025-06-21,42.0,0,1,0.0,0.0,0.0
W0221,Morning,2025-02-13,9.0,1,1,0.0,0.0,1.0
W0221,Morning,2025-03-14,34.0,0,1,0.0,0.0,0.0
W0221,Morning,2025-03-29,45.0,0,1,0.0,0.0,0.0
W0221,Morning,2025-04-17,30.0,0,1,0.0,0.0,0.0
W0221,Morning,2025-04-24,33.0,0,1,0.0,0.0,0.0
W0221,Morning,2025-06-18,5.0,0,1,0.0,0.0,0.0
W0221,Morning,2025-06-20,47.0,1,1,0.0,0.0,1.0
W0221,Morning,2025-06-21,15.0,1,1,0.0,0.0,1.0
W0221,Morning,2025-06-25,11.0,0,1,0.0,0.0,0.0
W0221,Night,2025-01-03,34.0,0,1,0.0,0.0,0.0
W0221,Night,2025-01-07,9.0,0,1,0.0,0.0,0.0
W0221,Night,2025-01-09,27.0,1,1,0.0,0.0,1.0
W0221,Night,2025-01-27,12.0,1,1,0.0,0.0,1.0
W0221,Night,2025-02-22,43.0,0,1,0.0,0.0,0.0
W0221,Night,2025-03-19,13.0,0,1,0.0,0.0,0.0
W0221,Night,2025-03-22,9.0,0,1,0.0,0.0,0.0
W0221,Night,2025-04-16,19.0,1,1,0.0,0.0,1.0
W0221,Night,2025-04-30,47.0,0,1,0.0,0.0,0.0
W0221,Night,2025-06-01,42.0,1,1,8.0,5.25,1.0
W0221,Night,2025-06-02,33.0,1,1,0.0,0.0,1.0
W0221,Night,2025-06-04,18.0,0,1,0.0,0.0,0.0
W0221,Night,2025-06-10,26.0,0,1,0.0,0.0,0.0
W0221,Night,2025-06-15,25.0,0,1,0.0,0.0,0.0
W0221,Night,2025-06-20,28.0,1,1,0.0,0.0,1.0
W0222,Evening,2025-01-08,17.0,1,1,0.0,0.0,1.0
W0222,Evening,2025-03-15,46.0,1,1,0.0,0.0,1.0
W0222,Evening,2025-03-27,36.0,0,1,0.0,0.0,0.0
W0222,Evening,2025-05-19,45.0,0,1,0.0,0.0,0.0
W0222,Evening,2025-06-09,45.0,1,1,0.0,0.0,1.0
W0222,Evening,2025-06-17,45.0,0,1,0.0,0.0,0.0
W0222,Morning,2025-01-10,21.0,1,1,0.0,0.0,1.0
W0222,Morning,2025-02-02,46.0,0,1,0.0,0.0,0.0
W0222,Morning,2025-02-18,6.0,0,1,0.0,0.0,0.0
W0222,Morning,2025-03-02,46.0,1,1,0.0,0.0,1.0
W0222,Morning,2025-03-31,34.0,0,1,0.0,0.0,0.0
W0222,Morning,2025-04-07,15.0,0,1,0.0,0.0,0.0
W0222,Morning,2025-04-08,12.0,1,1,0.0,0.0,1.0
W0222,Morning,2025-04-26,40.0,0,1,0.0,0.0,0.0
W0222,Morning,2025-05-07,19.0,0,1,0.0,0.0,0.0
W0222,Morning,2025-05-19,38.0,0,1,0.0,0.0,0.0
W0222,Morning,2025-06-04,36.0,0,1,0.0,0.0,0.0
W0222,Morning,2025-06-17,2.0,1,1,0.0,0.0,1.0
W0222,Night,2025-01-06,15.0,0,1,0.0,0.0,0.0
W0222,Night,2025-02-19,39.0,1,1,9.0,4.333333333333333,1.0
W0222,Night,2025-04-17,40.0,0,1,0.0,0.0,0.0
W0222,Night,2025-05-15,21.0,0,1,0.0,0.0,0.0
W0223,Evening,2025-05-12,16.0,1,1,0.0,0.0,1.0
W0223,Evening,2025-06-16,20.0,1,1,0.0,0.0,1.0
W0223,Evening,2025-06-28,36.0,0,1,0.0,0.0,0.0
W0223,Morning,2025-01-18,16.0,0,1,0.0,0.0,0.0
W0223,Morning,2025-02-22,35.0,0,1,0.0,0.0,0.0
W0223,Morning,2025-03-02,24.0,0,1,0.0,0.0,0.0
W0223,Morning,2025-04-11,13.0,0,1,0.0,0.0,0.0
W0223,Morning,2025-05-15,30.0,0,1,9.0,3.3333333333333335,0.0
W0223,Morning,2025-05-17,38.0,0,1,6.0,6.333333333333333,0.0
W0223,Night,2025-01-06,12.0,0,1,0.0,0.0,0.0
W0223,Night,2025-01-12,12.0,0,1,0.0,0.0,0.0
W0223,Night,2025-01-15,28.0,0,1,0.0,0.0,0.0
W0223,Night,2025-02-19,42.0,1,1,0.0,0.0,1.0
W0223,Night,2025-05-12,33.0,1,1,0.0,0.0,1.0
W0224,Evening,2025-02-10,34.0,0,1,0.0,0.0,0.0
W0224,Evening,2025-04-24,46.0,1,1,0.0,0.0,1.0
W0224,Evening,2025-04-29,35.0,0,1,0.0,0.0,0.0
W0224,Morning,2025-03-28,22.0,0,1,0.0,0.0,0.0
W0224,Morning,2025-04-06,23.0,0,1,0.0,0.0,0.0
W0224,Morning,2025-04-10,25.0,0,1,0.0,0.0,0.0
W0224,Morning,2025-05-18,29.0,0,1,0.0,0.0,0.0
W0224,Morning,2025-06-05,29.0,0,1,0.0,0.0,0.0
W0224,Morning,2025-06-21,17.0,0,1,0.0,0.0,0.0
W0224,Morning,2025-06-29,24.0,0,1,0.0,0.0,0.0
W0224,Night,2025-02-02,33.0,0,1,9.0,3.6666666666666665,0.0
W0225,Evening,2025-02-25,39.0,0,1,0.0,0.0,0.0
W0225,Evening,2025-03-14,47.0,0,1,0.0,0.0,0.0
W0225,Evening,2025-03-26,16.0,0,1,0.0,0.0,0.0
W0225,Evening,2025-05-16,37.0,0,1,0.0,0.0,0.0
W0225,Evening,2025-06-07,48.0,0,1,0.0,0.0,0.0
W0225,Evening,2025-06-19,37.0,0,1,0.0,0.0,0.0
W0225,Morning,2025-01-01,45.0,0,1,0.0,0.0,0.0
W0225,Morning,2025-01-20,29.0,0,1,0.0,0.0,0.0
W0225,Morning,2025-02-13,28.0,0,1,0.0,0.0,0.0
W0225,Morning,2025-02-21,30.0,0,1,0.0,0.0,0.0
W0225,Morning,2025-02-22,18.0,1,1,0.0,0.0,1.0
W0225,Morning,2025-03-02,4.0,0,1,0.0,0.0,0.0
W0225,Morning,2025-03-17,13.0,0,1,0.0,0.0,0.0
W0225,Morning,2025-03-28,16.0,0,1,0.0,0.0,0.0
W0225,Morning,2025-05-07,41.0,0,1,0.0,0.0,0.0
W0225,Morning,2025-06-19,19.0,1,2,0.0,0.0,0.5
W0225,Night,2025-02-18,45.0,0,1,0.0,0.0,0.0
W0225,Night,2025-02-19,49.0,0,1,0.0,0.0,0.0
W0225,Night,2025-06-13,25.0,1,1,0.0,0.0,1.0
W0225,Night,2025-06-23,22.0,1,1,0.0,0.0,1.0
W0226,Evening,2025-04-11,8.0,0,1,0.0,0.0,0.0
W0226,Evening,2025-04-22,48.0,0,1,0.0,0.0,0.0
W0226,Morning,2025-01-09,97.0,0,2,0.0,0.0,0.0
W0226,Morning,2025-01-17,44.0,0,1,0.0,0.0,0.0
W0226,Morning,2025-01-21,7.0,0,1,0.0,0.0,0.0
W0226,Morning,2025-02-07,35.0,1,1,0.0,0.0,1.0
W0226,Morning,2025-02-26,27.0,0,1,0.0,0.0,0.0
W0226,Morning,2025-03-06,21.0,0,2,0.0,0.0,0.0
W0226,Morning,2025-03-26,43.0,0,1,0.0,0.0,0.0
W0226,Morning,2025-04-09,1.0,0,1,0.0,0.0,0.0
W0226,Morning,2025-04-11,3.0,0,1,0.0,0.0,0.0
W0226,Morning,2025-04-25,9.0,0,1,0.0,0.0,0.0
W0226,Morning,2025-05-01,2.0,0,1,0.0,0.0,0.0
W0226,Morning,2025-05-13,4.0,0,1,0.0,0.0,0.0
W0226,Morning,2025-05-21,8.0,1,1,0.0,0.0,1.0
W0226,Morning,2025-06-01,3.0,0,1,0.0,0.0,0.0
W0226,Morning,2025-06-14,14.0,0,1,0.0,0.0,0.0
W0226,Morning,2025-06-26,22.0,0,1,0.0,0.0,0.0
W0226,Night,2025-01-09,21.0,0,1,0.0,0.0,0.0
W0226,Night,2025-01-15,5.0,0,1,0.0,0.0,0.0
W0226,Night,2025-01-23,31.0,0,1,0.0,0.0,0.0
W0226,Night,2025-02-28,13.0,0,1,0.0,0.0,0.0
W0226,Night,2025-03-17,6.0,1,1,0.0,0.0,1.0
W0227,Evening,2025-02-17,31.0,0,1,0.0,0.0,0.0
W0227,Evening,2025-03-16,32.0,0,1,0.0,0.0,0.0
W0227,Evening,2025-04-15,46.0,1,1,0.0,0.0,1.0
W0227,Evening,2025-05-18,34.0,0,1,0.0,0.0,0.0
W0227,Evening,2025-06-18,20.0,1,1,0.0,0.0,1.0
W0227,Morning,2025-01-13,33.0,0,1,0.0,0.0,0.0
W0227,Morning,2025-02-02,41.0,0,1,0.0,0.0,0.0
W0227,Morning,2025-02-04,8.0,1,1,0.0,0.0,1.0
W0227,Morning,2025-02-25,5.0,1,1,0.0,0.0,1.0
W0227,Morning,2025-03-06,5.0,0,1,0.0,0.0,0.0
W0227,Morning,2025-03-23,2.0,1,1,8.0,0.25,1.0
W0227,Morning,2025-03-31,6.0,0,1,0.0,0.0,0.0
W0227,Morning,2025-05-20,26.0,0,1,0.0,0.0,0.0
W0227,Morning,2025-06-18,37.0,1,1,0.0,0.0,1.0
W0227,Night,2025-02-28,10.0,1,1,0.0,0.0,1.0
W0227,Night,2025-06-18,1.0,0,1,0.0,0.0,0.0
W0227,Night,2025-06-19,26.0,0,1,0.0,0.0,0.0
W0228,Evening,2025-01-02,9.0,0,1,0.0,0.0,0.0
W0228,Evening,2025-02-23,21.0,1,1,0.0,0.0,1.0
W0228,Evening,2025-04-09,32.0,1,1,0.0,0.0,1.0
W0228,Evening,2025-05-27,17.0,0,1,0.0,0.0,0.0
W0228,Morning,2025-01-15,47.0,0,1,0.0,0.0,0.0
W0228,Morning,2025-01-28,9.0,0,1,0.0,0.0,0.0
W0228,Morning,2025-02-04,31.0,1,1,0.0,0.0,1.0
W0228,Morning,2025-02-07,12.0,0,1,0.0,0.0,0.0
W0228,Morning,2025-02-10,41.0,0,1,0.0,0.0,0.0
W0228,Morning,2025-02-21,26.0,0,1,0.0,0.0,0.0
W0228,Morning,2025-02-26,42.0,0,1,0.0,0.0,0.0
W0228,Morning,2025-02-28,40.0,0,1,0.0,0.0,0.0
W0228,Morning,2025-06-16,19.0,0,1,0.0,0.0,0.0
W0228,Morning,2025-06-20,9.0,0,1,0.0,0.0,0.0
W0228,Night,2025-01-27,21.0,0,1,0.0,0.0,0.0
W0228,Night,2025-03-12,25.0,0,1,0.0,0.0,0.0
W0229,Evening,2025-01-28,21.0,1,1,0.0,0.0,1.0
W0229,Evening,2025-04-21,17.0,0,1,0.0,0.0,0.0
W0229,Evening,2025-06-25,15.0,0,1,0.0,0.0,0.0
W0229,Morning,2025-01-18,14.0,0,1,0.0,0.0,0.0
W0229,Morning,2025-01-25,48.0,0,1,0.0,0.0,0.0
W0229,Morning,2025-01-30,28.0,1,1,0.0,0.0,1.0
W0229,Morning,2025-02-12,36.0,0,1,0.0,0.0,0.0
W0229,Morning,2025-02-14,38.0,0,1,0.0,0.0,0.0
W0229,Morning,2025-03-13,28.0,1,1,0.0,0.0,1.0
W0229,Morning,2025-03-31,32.0,1,1,0.0,0.0,1.0
W0229,Morning,2025-04-03,27.0,1,2,0.0,0.0,0.5
W0229,Morning,2025-04-30,22.0,0,1,6.0,3.6666666666666665,0.0
W0229,Morning,2025-05-03,16.0,0,1,0.0,0.0,0.0
W0229,Night,2025-02-08,5.0,1,1,7.0,0.7142857142857143,1.0
W0229,Night,2025-03-01,17.0,0,1,0.0,0.0,0.0
W0229,Night,2025-05-28,26.0,0,1,0.0,0.0,0.0
W0230,Evening,2025-01-29,30.0,0,1,0.0,0.0,0.0
W0230,Evening,2025-02-08,34.0,1,1,0.0,0.0,1.0
W0230,Evening,2025-03-22,6.0,0,1,0.0,0.0,0.0
W0230,Morning,2025-01-17,2.0,0,1,0.0,0.0,0.0
W0230,Morning,2025-01-23,42.0,0,1,0.0,0.0,0.0
W0230,Morning,2025-01-25,21.0,0,1,0.0,0.0,0.0
W0230,Morning,2025-01-31,29.0,1,1,0.0,0.0,1.0
W0230,Morning,2025-03-10,4.0,1,1,0.0,0.0,1.0
W0230,Morning,2025-03-12,40.0,1,1,0.0,0.0,1.0
W0230,Morning,2025-03-18,44.0,0,1,0.0,0.0,0.0
W0230,Morning,2025-03-24,32.0,0,1,0.0,0.0,0.0
W0230,Morning,2025-05-02,44.0,0,1,0.0,0.0,0.0
W0230,Morning,2025-05-21,7.0,0,1,0.0,0.0,0.0
W0230,Morning,2025-06-20,20.0,1,1,0.0,0.0,1.0
W0230,Night,2025-01-13,35.0,1,1,0.0,0.0,1.0
W0230,Night,2025-01-17,48.0,0,1,0.0,0.0,0.0
W0230,Night,2025-02-20,45.0,0,1,0.0,0.0,0.0
W0230,Night,2025-02-23,32.0,0,1,10.0,3.2,0.0
W0230,Night,2025-03-10,3.0,0,1,0.0,0.0,0.0
W0230,Night,2025-05-01,19.0,0,1,0.0,0.0,0.0
W0230,Night,2025-05-09,46.0,1,1,0.0,0.0,1.0
W0230,Night,2025-05-15,47.0,0,1,0.0,0.0,0.0
W0230,Night,2025-05-16,16.0,0,1,10.0,1.6,0.0
W0231,Evening,2025-01-05,8.0,0,1,0.0,0.0,0.0
W0231,Evening,2025-01-17,37.0,1,1,0.0,0.0,1.0
W0231,Evening,2025-01-21,16.0,0,1,10.0,1.6,0.0
W0231,Evening,2025-02-15,12.0,0,1,0.0,0.0,0.0
W0231,Evening,2025-04-03,44.0,0,1,0.0,0.0,0.0
W0231,Evening,2025-04-05,15.0,0,1,0.0,0.0,0.0
W0231,Morning,2025-01-01,30.0,0,1,0.0,0.0,0.0
W0231,Morning,2025-01-02,35.0,1,1,0.0,0.0,1.0
W0231,Morning,2025-02-10,4.0,0,1,0.0,0.0,0.0
W0231,Morning,2025-05-09,25.0,0,1,0.0,0.0,0.0
W0231,Morning,2025-06-21,29.0,0,1,0.0,0.0,0.0
W0231,Night,2025-01-05,38.0,0,1,0.0,0.0,0.0
W0231,Night,2025-03-25,1.0,0,1,0.0,0.0,0.0
W0231,Night,2025-04-04,44.0,0,1,0.0,0.0,0.0
W0231,Night,2025-04-09,12.0,0,1,0.0,0.0,0.0
W0232,Evening,2025-01-18,1.0,1,1,0.0,0.0,1.0
W0232,Evening,2025-02-15,25.0,0,1,0.0,0.0,0.0
W0232,Evening,2025-02-18,43.0,1,1,0.0,0.0,1.0
W0232,Evening,2025-02-20,9.0,0,1,0.0,0.0,0.0
W0232,Evening,2025-06-08,17.0,0,1,0.0,0.0,0.0
W0232,Morning,2025-01-15,44.0,1,1,0.0,0.0,1.0
W0232,Morning,2025-02-12,15.0,0,1,0.0,0.0,0.0
W0232,Morning,2025-02-17,7.0,0,1,0.0,0.0,0.0
W0232,Morning,2025-02-21,13.0,1,1,0.0,0.0,1.0
W0232,Morning,2025-03-04,40.0,0,1,0.0,0.0,0.0
W0232,Morning,2025-03-25,48.0,0,1,0.0,0.0,0.0
W0232,Morning,2025-04-22,36.0,0,1,0.0,0.0,0.0
W0232,Morning,2025-05-15,32.0,0,1,0.0,0.0,0.0
W0232,Morning,2025-05-17,47.0,0,1,0.0,0.0,0.0
W0232,Morning,2025-06-08,29.0,1,1,0.0,0.0,1.0
W0232,Night,2025-02-20,49.0,1,1,0.0,0.0,1.0
W0232,Night,2025-03-27,66.0,1,2,0.0,0.0,0.5
W0232,Night,2025-04-11,38.0,1,1,0.0,0.0,1.0
W0232,Night,2025-04-17,29.0,0,1,0.0,0.0,0.0
W0232,Night,2025-05-20,9.0,0,1,0.0,0.0,0.0
W0232,Night,2025-05-27,25.0,0,1,0.0,0.0,0.0
W0232,Night,2025-06-05,22.0,0,1,0.0,0.0,0.0
W0233,Evening,2025-02-18,18.0,0,1,0.0,0.0,0.0
W0233,Evening,2025-05-24,92.0,1,2,0.0,0.0,0.5
W0233,Morning,2025-01-10,17.0,0,1,0.0,0.0,0.0
W0233,Morning,2025-02-05,48.0,0,1,0.0,0.0,0.0
W0233,Morning,2025-02-06,29.0,0,1,9.0,3.2222222222222223,0.0
W0233,Morning,2025-02-15,36.0,0,1,8.0,4.5,0.0
W0233,Morning,2025-03-07,49.0,0,1,0.0,0.0,0.0
W0233,Morning,2025-04-02,6.0,0,1,0.0,0.0,0.0
W0233,Morning,2025-04-06,1.0,1,1,0.0,0.0,1.0
W0233,Morning,2025-05-14,19.0,0,1,0.0,0.0,0.0
W0233,Morning,2025-05-24,47.0,0,2,0.0,0.0,0.0
W0233,Night,2025-01-13,44.0,0,1,0.0,0.0,0.0
W0233,Night,2025-03-18,38.0,0,1,0.0,0.0,0.0
W0233,Night,2025-06-12,44.0,0,1,9.0,4.888888888888889,0.0
W0233,Night,2025-06-17,31.0,0,1,0.0,0.0,0.0
W0234,Evening,2025-03-06,74.0,0,2,0.0,0.0,0.0
W0234,Evening,2025-03-11,49.0,1,1,0.0,0.0,1.0
W0234,Evening,2025-03-19,4.0,0,1,0.0,0.0,0.0
W0234,Evening,2025-05-21,3.0,1,1,0.0,0.0,1.0
W0234,Morning,2025-01-23,14.0,1,1,0.0,0.0,1.0
W0234,Morning,2025-01-25,5.0,0,1,0.0,0.0,0.0
W0234,Morning,2025-01-27,24.0,0,1,0.0,0.0,0.0
W0234,Morning,2025-03-09,24.0,0,1,0.0,0.0,0.0
W0234,Morning,2025-04-02,45.0,0,1,0.0,0.0,0.0
W0234,Morning,2025-05-02,38.0,1,1,0.0,0.0,1.0
W0234,Morning,2025-05-25,6.0,1,1,0.0,0.0,1.0
W0234,Morning,2025-05-26,7.0,0,1,0.0,0.0,0.0
W0234,Morning,2025-06-10,47.0,0,1,0.0,0.0,0.0
W0234,Night,2025-02-21,47.0,1,1,0.0,0.0,1.0
W0234,Night,2025-04-08,32.0,1,1,0.0,0.0,1.0
W0234,Night,2025-04-16,26.0,0,1,0.0,0.0,0.0
W0234,Night,2025-04-20,32.0,0,1,0.0,0.0,0.0
W0234,Night,2025-04-22,5.0,1,1,0.0,0.0,1.0
W0234,Night,2025-06-22,33.0,1,1,0.0,0.0,1.0
W0235,Evening,2025-01-03,23.0,0,1,10.0,2.3,0.0
W0235,Evening,2025-02-06,49.0,0,1,0.0,0.0,0.0
W0235,Evening,2025-05-12,22.0,0,1,0.0,0.0,0.0
W0235,Morning,2025-01-06,25.0,0,1,0.0,0.0,0.0
W0235,Morning,2025-01-20,90.0,1,2,0.0,0.0,0.5
W0235,Morning,2025-03-09,49.0,0,1,7.0,7.0,0.0
W0235,Morning,2025-04-01,22.0,0,1,0.0,0.0,0.0
W0235,Morning,2025-04-06,10.0,0,1,0.0,0.0,0.0
W0235,Morning,2025-06-13,49.0,0,1,0.0,0.0,0.0
W0235,Morning,2025-06-28,6.0,0,1,0.0,0.0,0.0
W0235,Night,2025-01-26,27.0,0,1,0.0,0.0,0.0
W0235,Night,2025-03-20,20.0,1,1,0.0,0.0,1.0
W0235,Night,2025-04-26,42.0,0,1,0.0,0.0,0.0
W0235,Night,2025-05-13,9.0,0,1,0.0,0.0,0.0
W0235,Night,2025-06-16,43.0,0,1,0.0,0.0,0.0
W0236,Evening,2025-01-18,9.0,1,1,0.0,0.0,1.0
W0236,Evening,2025-01-27,44.0,0,1,7.0,6.285714285714286,0.0
W0236,Evening,2025-02-26,40.0,0,1,0.0,0.0,0.0
W0236,Evening,2025-03-05,34.0,0,1,0.0,0.0,0.0
W0236,Evening,2025-04-17,13.0,1,1,0.0,0.0,1.0
W0236,Evening,2025-06-27,12.0,0,1,8.0,1.5,0.0
W0236,Morning,2025-01-06,40.0,0,1,0.0,0.0,0.0
W0236,Morning,2025-01-07,11.0,1,1,0.0,0.0,1.0
W0236,Morning,2025-03-03,28.0,0,1,0.0,0.0,0.0
W0236,Morning,2025-04-12,47.0,0,1,0.0,0.0,0.0
W0236,Morning,2025-05-12,20.0,0,1,0.0,0.0,0.0
W0236,Morning,2025-05-13,47.0,1,1,0.0,0.0,1.0
W0236,Morning,2025-05-17,43.0,0,1,0.0,0.0,0.0
W0236,Morning,2025-05-28,34.0,0,1,8.0,4.25,0.0
W0236,Morning,2025-06-29,2.0,0,1,0.0,0.0,0.0
W0236,Night,2025-01-17,29.0,1,1,0.0,0.0,1.0
W0236,Night,2025-01-24,17.0,0,1,0.0,0.0,0.0
W0236,Night,2025-04-02,16.0,0,1,0.0,0.0,0.0
W0236,Night,2025-05-05,12.0,0,1,0.0,0.0,0.0
W0236,Night,2025-05-10,22.0,1,1,0.0,0.0,1.0
W0237,Evening,2025-04-07,16.0,0,1,0.0,0.0,0.0
W0237,Evening,2025-05-06,8.0,0,1,0.0,0.0,0.0
W0237,Evening,2025-05-29,36.0,0,1,0.0,0.0,0.0
W0237,Evening,2025-06-17,17.0,1,1,0.0,0.0,1.0
W0237,Evening,2025-06-21,7.0,1,1,0.0,0.0,1.0
W0237,Morning,2025-01-05,36.0,0,1,0.0,0.0,0.0
W0237,Morning,2025-01-13,16.0,0,1,0.0,0.0,0.0
W0237,Morning,2025-01-21,40.0,0,1,0.0,0.0,0.0
W0237,Morning,2025-01-23,24.0,0,1,0.0,0.0,0.0
W0237,Morning,2025-01-24,28.0,0,1,0.0,0.0,0.0
W0237,Morning,2025-02-18,49.0,0,1,0.0,0.0,0.0
W0237,Morning,2025-03-05,49.0,1,1,0.0,0.0,1.0
W0237,Morning,2025-03-18,41.0,0,1,0.0,0.0,0.0
W0237,Morning,2025-04-02,6.0,0,1,0.0,0.0,0.0
W0237,Morning,2025-04-06,23.0,0,1,0.0,0.0,0.0
W0237,Morning,2025-04-26,35.0,0,1,0.0,0.0,0.0
W0237,Morning,2025-05-19,25.0,0,2,0.0,0.0,0.0
W0237,Morning,2025-06-21,10.0,0,1,0.0,0.0,0.0
W0237,Night,2025-01-08,44.0,0,1,0.0,0.0,0.0
W0237,Night,2025-01-12,19.0,0,1,0.0,0.0,0.0
W0237,Night,2025-03-31,24.0,0,1,0.0,0.0,0.0
W0237,Night,2025-04-03,38.0,1,1,0.0,0.0,1.0
W0237,Night,2025-05-06,21.0,0,1,0.0,0.0,0.0
W0237,Night,2025-05-29,3.0,1,1,0.0,0.0,1.0
W0237,Night,2025-06-02,5.0,1,1,0.0,0.0,1.0
W0237,Night,2025-06-24,42.0,0,1,0.0,0.0,0.0
W0238,Evening,2025-01-16,41.0,0,1,0.0,0.0,0.0
W0238,Evening,2025-02-16,7.0,0,1,0.0,0.0,0.0
W0238,Evening,2025-02-23,2.0,0,1,0.0,0.0,0.0
W0238,Evening,2025-05-11,9.0,0,1,0.0,0.0,0.0
W0238,Evening,2025-05-12,34.0,0,1,0.0,0.0,0.0
W0238,Morning,2025-01-06,42.0,1,1,0.0,0.0,1.0
W0238,Morning,2025-01-09,20.0,1,1,0.0,0.0,1.0
W0238,Morning,2025-02-22,28.0,0,1,0.0,0.0,0.0
W0238,Morning,2025-02-27,45.0,1,1,0.0,0.0,1.0
W0238,Morning,2025-03-16,27.0,1,1,0.0,0.0,1.0
W0238,Morning,2025-03-30,26.0,0,1,8.0,3.25,0.0
W0238,Morning,2025-04-09,1.0,0,1,0.0,0.0,0.0
W0238,Morning,2025-04-18,60.0,1,2,0.0,0.0,0.5
W0238,Morning,2025-06-03,9.0,0,1,0.0,0.0,0.0
W0238,Night,2025-01-22,26.0,0,1,0.0,0.0,0.0
W0238,Night,2025-01-24,47.0,0,1,0.0,0.0,0.0
W0238,Night,2025-03-16,14.0,0,1,0.0,0.0,0.0
W0238,Night,2025-05-02,37.0,0,1,0.0,0.0,0.0
W0238,Night,2025-06-17,4.0,1,1,0.0,0.0,1.0
W0239,Evening,2025-02-01,27.0,1,1,0.0,0.0,1.0
W0239,Evening,2025-04-02,12.0,0,1,0.0,0.0,0.0
W0239,Evening,2025-04-05,28.0,0,1,0.0,0.0,0.0
W0239,Evening,2025-04-08,29.0,1,1,0.0,0.0,1.0
W0239,Evening,2025-05-11,29.0,0,1,0.0,0.0,0.0
W0239,Evening,2025-05-26,5.0,1,1,0.0,0.0,1.0
W0239,Evening,2025-06-13,29.0,1,1,0.0,0.0,1.0
W0239,Morning,2025-01-25,47.0,0,1,0.0,0.0,0.0
W0239,Morning,2025-02-07,39.0,0,1,0.0,0.0,0.0
W0239,Morning,2025-04-02,26.0,1,1,0.0,0.0,1.0
W0239,Morning,2025-04-06,34.0,1,1,0.0,0.0,1.0
W0239,Morning,2025-04-27,9.0,0,1,0.0,0.0,0.0
W0239,Morning,2025-05-22,49.0,1,1,0.0,0.0,1.0
W0239,Morning,2025-06-05,30.0,0,1,0.0,0.0,0.0
W0239,Night,2025-03-02,18.0,0,1,0.0,0.0,0.0
W0239,Night,2025-04-02,24.0,0,1,0.0,0.0,0.0
W0240,Evening,2025-04-21,25.0,0,1,0.0,0.0,0.0
W0240,Morning,2025-01-26,37.0,0,1,9.0,4.111111111111111,0.0
W0240,Morning,2025-03-05,27.0,1,1,0.0,0.0,1.0
W0240,Morning,2025-03-13,43.0,0,1,0.0,0.0,0.0
W0240,Morning,2025-03-20,13.0,0,1,0.0,0.0,0.0
W0240,Morning,2025-04-08,43.0,0,1,0.0,0.0,0.0
W0240,Morning,2025-04-14,28.0,0,1,9.0,3.111111111111111,0.0
W0240,Morning,2025-04-28,37.0,0,1,0.0,0.0,0.0
W0240,Morning,2025-06-04,23.0,1,1,0.0,0.0,1.0
W0240,Morning,2025-06-09,18.0,0,1,0.0,0.0,0.0
W0240,Night,2025-02-20,7.0,1,1,0.0,0.0,1.0
W0240,Night,2025-03-01,46.0,0,1,0.0,0.0,0.0
W0240,Night,2025-03-02,24.0,1,1,0.0,0.0,1.0
W0240,Night,2025-03-25,38.0,0,1,0.0,0.0,0.0
W0240,Night,2025-05-08,27.0,1,1,0.0,0.0,1.0
W0240,Night,2025-06-08,30.0,1,1,0.0,0.0,1.0
W0240,Night,2025-06-15,46.0,0,1,0.0,0.0,0.0
W0241,Evening,2025-02-09,56.0,0,2,0.0,0.0,0.0
W0241,Evening,2025-04-09,6.0,0,1,0.0,0.0,0.0
W0241,Evening,2025-04-17,44.0,1,1,0.0,0.0,1.0
W0241,Evening,2025-05-11,45.0,0,1,0.0,0.0,0.0
W0241,Evening,2025-06-10,4.0,0,1,0.0,0.0,0.0
W0241,Morning,2025-01-04,38.0,0,1,0.0,0.0,0.0
W0241,Morning,2025-01-25,12.0,0,1,0.0,0.0,0.0
W0241,Morning,2025-02-01,13.0,0,1,0.0,0.0,0.0
W0241,Morning,2025-03-09,4.0,0,1,0.0,0.0,0.0
W0241,Morning,2025-03-25,19.0,0,1,0.0,0.0,0.0
W0241,Morning,2025-04-12,7.0,0,1,0.0,0.0,0.0
W0241,Morning,2025-04-14,22.0,1,1,6.0,3.6666666666666665,1.0
W0241,Morning,2025-05-06,39.0,0,1,9.0,4.333333333333333,0.0
W0241,Morning,2025-05-19,35.0,0,1,0.0,0.0,0.0
W0241,Night,2025-03-14,33.0,1,1,0.0,0.0,1.0
W0241,Night,2025-04-13,21.0,1,1,0.0,0.0,1.0
W0241,Night,2025-06-10,25.0,0,1,0.0,0.0,0.0
W0242,Evening,2025-01-28,23.0,0,1,0.0,0.0,0.0
W0242,Evening,2025-02-20,41.0,1,1,0.0,0.0,1.0
W0242,Evening,2025-03-14,4.0,0,1,0.0,0.0,0.0
W0242,Evening,2025-04-06,28.0,0,1,0.0,0.0,0.0
W0242,Evening,2025-04-11,3.0,1,1,0.0,0.0,1.0
W0242,Evening,2025-05-25,60.0,1,2,0.0,0.0,0.5
W0242,Evening,2025-06-06,29.0,0,1,0.0,0.0,0.0
W0242,Evening,2025-06-22,26.0,0,1,0.0,0.0,0.0
W0242,Morning,2025-03-21,19.0,0,1,0.0,0.0,0.0
W0242,Morning,2025-03-22,27.0,0,1,0.0,0.0,0.0
W0242,Morning,2025-06-09,12.0,0,1,0.0,0.0,0.0
W0242,Morning,2025-06-11,4.0,1,1,0.0,0.0,1.0
W0242,Night,2025-02-05,28.0,0,1,0.0,0.0,0.0
W0242,Night,2025-02-22,7.0,0,1,0.0,0.0,0.0
W0242,Night,2025-04-08,23.0,1,1,0.0,0.0,1.0
W0242,Night,2025-04-19,6.0,0,1,0.0,0.0,0.0
W0242,Night,2025-05-02,65.0,0,2,0.0,0.0,0.0
W0242,Night,2025-06-24,6.0,0,1,0.0,0.0,0.0
W0243,Evening,2025-02-21,30.0,1,1,0.0,0.0,1.0
W0243,Evening,2025-02-22,42.0,0,1,0.0,0.0,0.0
W0243,Evening,2025-02-23,19.0,0,1,0.0,0.0,0.0
W0243,Evening,2025-05-19,28.0,0,1,0.0,0.0,0.0
W0243,Evening,2025-06-07,41.0,0,1,0.0,0.0,0.0
W0243,Morning,2025-01-13,28.0,0,1,0.0,0.0,0.0
W0243,Morning,2025-01-15,19.0,1,1,0.0,0.0,1.0
W0243,Morning,2025-02-25,4.0,0,1,0.0,0.0,0.0
W0243,Morning,2025-03-06,47.0,1,1,0.0,0.0,1.0
W0243,Morning,2025-03-24,16.0,0,1,0.0,0.0,0.0
W0243,Morning,2025-04-17,22.0,0,1,0.0,0.0,0.0
W0243,Morning,2025-05-22,41.0,0,1,0.0,0.0,0.0
W0243,Morning,2025-05-24,32.0,0,1,0.0,0.0,0.0
W0243,Night,2025-01-02,13.0,0,1,16.0,0.8125,0.0
W0243,Night,2025-01-08,44.0,1,2,0.0,0.0,0.5
W0243,Night,2025-02-25,10.0,0,1,0.0,0.0,0.0
W0243,Night,2025-03-04,39.0,1,1,0.0,0.0,1.0
W0243,Night,2025-03-06,19.0,1,1,0.0,0.0,1.0
W0243,Night,2025-03-25,46.0,0,1,0.0,0.0,0.0
W0243,Night,2025-04-12,40.0,0,1,0.0,0.0,0.0
W0243,Night,2025-04-16,7.0,0,1,0.0,0.0,0.0
W0243,Night,2025-05-01,47.0,1,1,0.0,0.0,1.0
W0244,Evening,2025-01-11,26.0,0,1,0.0,0.0,0.0
W0244,Evening,2025-01-16,2.0,0,1,0.0,0.0,0.0
W0244,Evening,2025-03-11,13.0,1,1,0.0,0.0,1.0
W0244,Evening,2025-06-07,30.0,0,1,0.0,0.0,0.0
W0244,Evening,2025-06-28,4.0,0,1,0.0,0.0,0.0
W0244,Morning,2025-02-28,19.0,0,1,0.0,0.0,0.0
W0244,Morning,2025-03-29,33.0,1,1,0.0,0.0,1.0
W0244,Morning,2025-06-07,33.0,0,1,0.0,0.0,0.0
W0244,Morning,2025-06-21,46.0,0,1,0.0,0.0,0.0
W0244,Night,2025-01-16,48.0,0,1,7.0,6.857142857142857,0.0
W0244,Night,2025-01-31,36.0,0,1,10.0,3.6,0.0
W0244,Night,2025-02-04,25.0,0,1,0.0,0.0,0.0
W0244,Night,2025-02-09,27.0,0,1,0.0,0.0,0.0
W0244,Night,2025-03-12,7.0,0,1,0.0,0.0,0.0
W0244,Night,2025-04-26,39.0,1,1,0.0,0.0,1.0
W0244,Night,2025-05-13,20.0,0,1,0.0,0.0,0.0
W0245,Evening,2025-02-20,44.0,0,1,0.0,0.0,0.0
W0245,Evening,2025-02-23,5.0,1,1,0.0,0.0,1.0
W0245,Evening,2025-04-14,33.0,0,1,0.0,0.0,0.0
W0245,Evening,2025-06-24,15.0,0,1,0.0,0.0,0.0
W0245,Morning,2025-01-19,49.0,1,1,0.0,0.0,1.0
W0245,Morning,2025-03-29,3.0,0,1,0.0,0.0,0.0
W0245,Morning,2025-04-04,24.0,0,1,0.0,0.0,0.0
W0245,Morning,2025-06-02,3.0,0,1,0.0,0.0,0.0
W0245,Morning,2025-06-18,28.0,1,1,0.0,0.0,1.0
W0245,Night,2025-02-07,42.0,0,1,0.0,0.0,0.0
W0245,Night,2025-03-14,12.0,1,1,0.0,0.0,1.0
W0245,Night,2025-03-15,8.0,0,1,0.0,0.0,0.0
W0245,Night,2025-04-14,48.0,0,1,0.0,0.0,0.0
W0245,Night,2025-04-25,24.0,0,1,9.0,2.6666666666666665,0.0
W0245,Night,2025-06-10,46.0,0,1,0.0,0.0,0.0
W0246,Evening,2025-02-27,45.0,0,1,0.0,0.0,0.0
W0246,Evening,2025-05-17,6.0,0,1,0.0,0.0,0.0
W0246,Evening,2025-06-06,38.0,1,1,0.0,0.0,1.0
W0246,Morning,2025-01-26,46.0,0,1,0.0,0.0,0.0
W0246,Morning,2025-03-04,16.0,0,1,0.0,0.0,0.0
W0246,Morning,2025-04-02,47.0,0,1,0.0,0.0,0.0
W0246,Morning,2025-04-05,7.0,0,1,0.0,0.0,0.0
W0246,Morning,2025-04-07,5.0,0,1,0.0,0.0,0.0
W0246,Morning,2025-04-10,1.0,1,1,0.0,0.0,1.0
W0246,Morning,2025-05-23,6.0,0,1,0.0,0.0,0.0
W0246,Night,2025-03-12,37.0,0,1,0.0,0.0,0.0
W0246,Night,2025-03-17,33.0,1,1,0.0,0.0,1.0
W0246,Night,2025-04-20,19.0,0,1,0.0,0.0,0.0
W0246,Night,2025-06-02,45.0,0,1,0.0,0.0,0.0
W0246,Night,2025-06-04,15.0,0,1,0.0,0.0,0.0
W0246,Night,2025-06-22,21.0,1,1,0.0,0.0,1.0
W0247,Evening,2025-01-23,11.0,0,1,0.0,0.0,0.0
W0247,Evening,2025-03-12,17.0,1,1,0.0,0.0,1.0
W0247,Evening,2025-03-29,21.0,0,1,0.0,0.0,0.0
W0247,Evening,2025-04-15,38.0,0,1,0.0,0.0,0.0
W0247,Evening,2025-06-07,36.0,0,1,0.0,0.0,0.0
W0247,Evening,2025-06-28,43.0,0,1,0.0,0.0,0.0
W0247,Morning,2025-02-22,21.0,0,1,0.0,0.0,0.0
W0247,Morning,2025-03-27,9.0,1,1,0.0,0.0,1.0
W0247,Morning,2025-04-25,47.0,0,1,0.0,0.0,0.0
W0247,Morning,2025-04-27,41.0,0,1,0.0,0.0,0.0
W0247,Morning,2025-05-09,47.0,0,1,0.0,0.0,0.0
W0247,Morning,2025-05-11,42.0,1,1,0.0,0.0,1.0
W0247,Morning,2025-06-10,6.0,0,1,0.0,0.0,0.0
W0247,Morning,2025-06-27,2.0,0,1,7.0,0.2857142857142857,0.0
W0247,Night,2025-02-15,3.0,0,1,0.0,0.0,0.0
W0247,Night,2025-03-26,27.0,0,1,6.0,4.5,0.0
W0247,Night,2025-05-31,2.0,0,1,0.0,0.0,0.0
W0247,Night,2025-06-07,47.0,0,1,0.0,0.0,0.0
W0248,Evening,2025-02-04,23.0,1,1,0.0,0.0,1.0
W0248,Evening,2025-02-06,38.0,1,1,0.0,0.0,1.0
W0248,Evening,2025-04-05,27.0,0,1,0.0,0.0,0.0
W0248,Evening,2025-06-24,14.0,1,1,0.0,0.0,1.0
W0248,Morning,2025-01-11,28.0,1,1,10.0,2.8,1.0
W0248,Morning,2025-01-25,43.0,0,1,0.0,0.0,0.0
W0248,Morning,2025-02-17,18.0,1,1,0.0,0.0,1.0
W0248,Morning,2025-02-27,7.0,0,1,0.0,0.0,0.0
W0248,Morning,2025-05-06,42.0,0,1,0.0,0.0,0.0
W0248,Night,2025-02-24,2.0,0,1,0.0,0.0,0.0
W0248,Night,2025-02-25,25.0,0,1,0.0,0.0,0.0
W0248,Night,2025-05-24,31.0,0,1,0.0,0.0,0.0
W0248,Night,2025-06-12,8.0,0,1,0.0,0.0,0.0
W0249,Evening,2025-04-14,3.0,1,1,0.0,0.0,1.0
W0249,Evening,2025-05-10,37.0,0,1,0.0,0.0,0.0
W0249,Morning,2025-02-11,15.0,1,1,0.0,0.0,1.0
W0249,Morning,2025-02-20,47.0,0,1,0.0,0.0,0.0
W0249,Morning,2025-03-14,42.0,0,1,0.0,0.0,0.0
W0249,Morning,2025-03-19,44.0,1,1,0.0,0.0,1.0
W0249,Morning,2025-03-23,25.0,1,1,0.0,0.0,1.0
W0249,Morning,2025-03-30,17.0,0,1,0.0,0.0,0.0
W0249,Morning,2025-04-09,18.0,0,1,0.0,0.0,0.0
W0249,Morning,2025-04-17,39.0,1,1,0.0,0.0,1.0
W0249,Morning,2025-05-17,4.0,0,1,0.0,0.0,0.0
W0249,Morning,2025-06-02,2.0,0,1,0.0,0.0,0.0
W0249,Morning,2025-06-07,43.0,0,1,0.0,0.0,0.0
W0249,Morning,2025-06-08,9.0,0,1,6.0,1.5,0.0
W0249,Night,2025-01-16,8.0,0,1,0.0,0.0,0.0
W0249,Night,2025-02-05,16.0,0,1,0.0,0.0,0.0
W0249,Night,2025-02-15,15.0,1,1,0.0,0.0,1.0
W0249,Night,2025-04-03,17.0,1,1,0.0,0.0,1.0
W0249,Night,2025-06-08,36.0,0,1,0.0,0.0,0.0
W0250,Evening,2025-01-01,49.0,0,1,0.0,0.0,0.0
W0250,Evening,2025-01-18,15.0,0,1,0.0,0.0,0.0
W0250,Evening,2025-02-10,6.0,1,1,0.0,0.0,1.0
W0250,Evening,2025-04-03,15.0,1,1,0.0,0.0,1.0
W0250,Evening,2025-05-30,20.0,0,1,0.0,0.0,0.0
W0250,Evening,2025-05-31,26.0,0,1,0.0,0.0,0.0
W0250,Evening,2025-06-03,39.0,1,1,0.0,0.0,1.0
W0250,Morning,2025-01-08,12.0,1,1,0.0,0.0,1.0
W0250,Morning,2025-01-24,31.0,0,1,0.0,0.0,0.0
W0250,Morning,2025-01-27,37.0,1,1,0.0,0.0,1.0
W0250,Morning,2025-02-07,14.0,0,1,0.0,0.0,0.0
W0250,Morning,2025-02-08,25.0,0,1,0.0,0.0,0.0
W0250,Morning,2025-02-28,9.0,0,1,0.0,0.0,0.0
W0250,Morning,2025-04-05,19.0,0,1,0.0,0.0,0.0
W0250,Morning,2025-04-07,16.0,1,1,0.0,0.0,1.0
W0250,Morning,2025-04-10,34.0,1,1,0.0,0.0,1.0
W0250,Morning,2025-04-30,34.0,0,1,0.0,0.0,0.0
W0250,Morning,2025-05-21,44.0,0,1,0.0,0.0,0.0
W0250,Night,2025-02-05,32.0,0,1,0.0,0.0,0.0
W0250,Night,2025-02-15,10.0,0,1,0.0,0.0,0.0
W0250,Night,2025-02-28,45.0,0,1,8.0,5.625,0.0
W0251,Evening,2025-01-25,11.0,0,1,0.0,0.0,0.0
W0251,Evening,2025-04-16,14.0,0,1,0.0,0.0,0.0
W0251,Evening,2025-06-04,48.0,0,1,0.0,0.0,0.0
W0251,Morning,2025-01-04,36.0,0,2,0.0,0.0,0.0
W0251,Morning,2025-01-16,36.0,0,2,0.0,0.0,0.0
W0251,Morning,2025-03-22,32.0,0,1,0.0,0.0,0.0
W0251,Morning,2025-04-01,16.0,1,1,0.0,0.0,1.0
W0251,Morning,2025-04-03,5.0,0,1,0.0,0.0,0.0
W0251,Morning,2025-04-07,10.0,0,1,0.0,0.0,0.0
W0251,Morning,2025-04-20,23.0,0,1,0.0,0.0,0.0
W0251,Morning,2025-05-03,29.0,0,1,0.0,0.0,0.0
W0251,Morning,2025-05-09,11.0,0,1,0.0,0.0,0.0
W0251,Morning,2025-05-23,37.0,1,1,0.0,0.0,1.0
W0251,Morning,2025-05-29,16.0,0,1,0.0,0.0,0.0
W0251,Night,2025-03-01,18.0,0,1,0.0,0.0,0.0
W0251,Night,2025-03-02,45.0,0,1,8.0,5.625,0.0
W0251,Night,2025-04-06,9.0,0,2,0.0,0.0,0.0
W0251,Night,2025-04-09,29.0,0,1,0.0,0.0,0.0
W0251,Night,2025-04-27,37.0,0,1,0.0,0.0,0.0
W0252,Evening,2025-05-09,5.0,0,1,0.0,0.0,0.0
W0252,Evening,2025-06-06,18.0,1,1,0.0,0.0,1.0
W0252,Evening,2025-06-20,7.0,0,1,8.0,0.875,0.0
W0252,Evening,2025-06-21,12.0,1,1,0.0,0.0,1.0
W0252,Evening,2025-06-24,5.0,0,1,0.0,0.0,0.0
W0252,Morning,2025-01-14,34.0,0,1,0.0,0.0,0.0
W0252,Morning,2025-01-22,27.0,0,1,0.0,0.0,0.0
W0252,Morning,2025-02-08,37.0,0,1,0.0,0.0,0.0
W0252,Morning,2025-03-06,87.0,1,2,0.0,0.0,0.5
W0252,Morning,2025-03-23,17.0,0,1,0.0,0.0,0.0
W0252,Morning,2025-03-24,2.0,1,1,0.0,0.0,1.0
W0252,Morning,2025-03-30,8.0,0,1,0.0,0.0,0.0
W0252,Morning,2025-06-15,15.0,0,1,0.0,0.0,0.0
W0252,Morning,2025-06-18,18.0,0,1,0.0,0.0,0.0
W0252,Night,2025-02-13,25.0,0,1,0.0,0.0,0.0
W0252,Night,2025-04-22,15.0,0,1,0.0,0.0,0.0
W0253,Evening,2025-01-01,23.0,0,1,0.0,0.0,0.0
W0253,Evening,2025-01-31,19.0,0,1,0.0,0.0,0.0
W0253,Evening,2025-02-24,19.0,1,1,0.0,0.0,1.0
W0253,Evening,2025-04-21,12.0,0,1,0.0,0.0,0.0
W0253,Evening,2025-04-24,6.0,0,1,0.0,0.0,0.0
W0253,Evening,2025-06-12,49.0,0,1,0.0,0.0,0.0
W0253,Morning,2025-01-03,2.0,0,1,0.0,0.0,0.0
W0253,Morning,2025-01-05,16.0,0,1,0.0,0.0,0.0
W0253,Morning,2025-02-05,5.0,0,1,0.0,0.0,0.0
W0253,Morning,2025-02-12,22.0,0,1,0.0,0.0,0.0
W0253,Morning,2025-02-15,13.0,0,1,0.0,0.0,0.0
W0253,Morning,2025-02-20,15.0,1,1,0.0,0.0,1.0
W0253,Morning,2025-02-23,36.0,0,1,0.0,0.0,0.0
W0253,Morning,2025-02-25,10.0,0,1,0.0,0.0,0.0
W0253,Morning,2025-03-15,31.0,0,1,8.0,3.875,0.0
W0253,Morning,2025-04-25,24.0,1,1,8.0,3.0,1.0
W0253,Morning,2025-04-28,27.0,0,1,0.0,0.0,0.0
W0253,Morning,2025-05-03,40.0,0,1,0.0,0.0,0.0
W0253,Morning,2025-05-04,38.0,1,1,0.0,0.0,1.0
W0253,Morning,2025-05-12,15.0,0,1,0.0,0.0,0.0
W0253,Morning,2025-06-08,28.0,1,1,0.0,0.0,1.0
W0253,Night,2025-02-21,10.0,0,1,0.0,0.0,0.0
W0253,Night,2025-03-08,1.0,0,1,0.0,0.0,0.0
W0253,Night,2025-04-12,22.0,0,1,0.0,0.0,0.0
W0253,Night,2025-04-20,21.0,0,1,0.0,0.0,0.0
W0253,Night,2025-05-09,47.0,0,1,0.0,0.0,0.0
W0254,Evening,2025-01-18,36.0,0,1,0.0,0.0,0.0
W0254,Evening,2025-01-22,4.0,1,1,0.0,0.0,1.0
W0254,Evening,2025-04-11,15.0,0,1,0.0,0.0,0.0
W0254,Morning,2025-01-08,3.0,1,1,0.0,0.0,1.0
W0254,Morning,2025-02-26,23.0,0,1,0.0,0.0,0.0
W0254,Morning,2025-03-03,37.0,0,1,0.0,0.0,0.0
W0254,Morning,2025-03-17,13.0,0,1,0.0,0.0,0.0
W0254,Morning,2025-04-14,14.0,0,1,0.0,0.0,0.0
W0254,Morning,2025-04-23,15.0,0,1,0.0,0.0,0.0
W0254,Morning,2025-05-22,49.0,0,1,0.0,0.0,0.0
W0254,Morning,2025-06-25,46.0,1,1,0.0,0.0,1.0
W0254,Night,2025-01-06,38.0,0,1,0.0,0.0,0.0
W0254,Night,2025-01-14,42.0,0,1,0.0,0.0,0.0
W0254,Night,2025-01-15,38.0,1,1,0.0,0.0,1.0
W0254,Night,2025-03-21,41.0,1,1,0.0,0.0,1.0
W0254,Night,2025-03-30,48.0,0,1,0.0,0.0,0.0
W0255,Evening,2025-02-23,10.0,1,1,0.0,0.0,1.0
W0255,Evening,2025-04-16,12.0,0,1,0.0,0.0,0.0
W0255,Evening,2025-05-08,28.0,0,1,0.0,0.0,0.0
W0255,Evening,2025-06-11,11.0,0,1,0.0,0.0,0.0
W0255,Evening,2025-06-26,34.0,0,1,0.0,0.0,0.0
W0255,Morning,2025-01-28,35.0,1,1,0.0,0.0,1.0
W0255,Morning,2025-02-08,6.0,0,1,0.0,0.0,0.0
W0255,Morning,2025-03-12,46.0,0,1,10.0,4.6,0.0
W0255,Morning,2025-04-06,40.0,0,1,0.0,0.0,0.0
W0255,Morning,2025-04-27,47.0,1,1,10.0,4.7,1.0
W0255,Morning,2025-05-06,14.0,0,1,0.0,0.0,0.0
W0255,Morning,2025-06-29,43.0,1,1,0.0,0.0,1.0
W0255,Night,2025-01-20,45.0,0,1,0.0,0.0,0.0
W0256,Evening,2025-01-12,33.0,1,1,0.0,0.0,1.0
W0256,Evening,2025-03-27,46.0,0,1,0.0,0.0,0.0
W0256,Evening,2025-06-09,3.0,0,1,8.0,0.375,0.0
W0256,Morning,2025-01-23,19.0,0,1,0.0,0.0,0.0
W0256,Morning,2025-03-28,5.0,0,1,0.0,0.0,0.0
W0256,Morning,2025-03-29,18.0,1,1,0.0,0.0,1.0
W0256,Morning,2025-03-31,52.0,0,2,0.0,0.0,0.0
W0256,Morning,2025-04-12,31.0,0,1,0.0,0.0,0.0
W0256,Morning,2025-04-25,32.0,0,1,0.0,0.0,0.0
W0256,Morning,2025-06-04,15.0,0,1,0.0,0.0,0.0
W0256,Night,2025-04-16,45.0,0,1,0.0,0.0,0.0
W0256,Night,2025-04-19,24.0,0,1,0.0,0.0,0.0
W0256,Night,2025-05-30,24.0,0,1,0.0,0.0,0.0
W0256,Night,2025-06-14,38.0,0,1,0.0,0.0,0.0
W0257,Evening,2025-01-12,44.0,0,1,0.0,0.0,0.0
W0257,Evening,2025-03-11,12.0,0,1,0.0,0.0,0.0
W0257,Evening,2025-04-21,10.0,0,1,0.0,0.0,0.0
W0257,Evening,2025-04-24,40.0,1,1,0.0,0.0,1.0
W0257,Evening,2025-05-06,4.0,0,1,0.0,0.0,0.0
W0257,Evening,2025-05-31,9.0,0,1,0.0,0.0,0.0
W0257,Morning,2025-01-22,19.0,1,1,0.0,0.0,1.0
W0257,Morning,2025-01-29,1.0,1,1,0.0,0.0,1.0
W0257,Morning,2025-02-13,26.0,0,1,0.0,0.0,0.0
W0257,Morning,2025-02-14,28.0,0,1,0.0,0.0,0.0
W0257,Morning,2025-02-28,12.0,0,1,0.0,0.0,0.0
W0257,Morning,2025-03-01,8.0,0,1,7.0,1.1428571428571428,0.0
W0257,Morning,2025-03-07,18.0,1,1,0.0,0.0,1.0
W0257,Morning,2025-04-24,96.0,0,2,0.0,0.0,0.0
W0257,Morning,2025-05-04,44.0,0,1,7.0,6.285714285714286,0.0
W0257,Morning,2025-05-16,8.0,0,1,0.0,0.0,0.0
W0257,Morning,2025-06-07,48.0,0,1,0.0,0.0,0.0
W0257,Night,2025-01-07,45.0,0,1,0.0,0.0,0.0
W0257,Night,2025-01-10,16.0,0,1,0.0,0.0,0.0
W0257,Night,2025-01-18,13.0,0,1,0.0,0.0,0.0
W0257,Night,2025-04-28,13.0,1,1,0.0,0.0,1.0
W0257,Night,2025-05-07,41.0,0,1,0.0,0.0,0.0
W0257,Night,2025-05-10,7.0,0,1,0.0,0.0,0.0
W0257,Night,2025-05-12,15.0,1,1,0.0,0.0,1.0
W0258,Evening,2025-03-26,20.0,0,1,0.0,0.0,0.0
W0258,Evening,2025-04-02,13.0,1,1,0.0,0.0,1.0
W0258,Evening,2025-04-09,14.0,1,1,0.0,0.0,1.0
W0258,Evening,2025-05-03,49.0,0,1,0.0,0.0,0.0
W0258,Evening,2025-05-27,47.0,0,1,0.0,0.0,0.0
W0258,Evening,2025-06-15,36.0,1,1,0.0,0.0,1.0
W0258,Morning,2025-01-30,46.0,0,1,0.0,0.0,0.0
W0258,Morning,2025-02-07,9.0,0,1,0.0,0.0,0.0
W0258,Morning,2025-03-30,7.0,0,1,0.0,0.0,0.0
W0258,Morning,2025-04-01,19.0,0,1,0.0,0.0,0.0
W0258,Morning,2025-04-29,35.0,0,1,0.0,0.0,0.0
W0258,Morning,2025-05-09,39.0,0,1,0.0,0.0,0.0
W0258,Morning,2025-05-12,35.0,0,1,0.0,0.0,0.0
W0258,Morning,2025-06-02,19.0,1,1,0.0,0.0,1.0
W0258,Morning,2025-06-15,49.0,0,1,0.0,0.0,0.0
W0258,Morning,2025-06-24,15.0,0,1,0.0,0.0,0.0
W0259,Evening,2025-01-25,1.0,0,1,0.0,0.0,0.0
W0259,Evening,2025-03-02,7.0,0,1,0.0,0.0,0.0
W0259,Evening,2025-05-22,33.0,0,1,0.0,0.0,0.0
W0259,Morning,2025-01-15,29.0,0,1,0.0,0.0,0.0
W0259,Morning,2025-02-02,8.0,1,1,0.0,0.0,1.0
W0259,Morning,2025-03-01,34.0,0,1,0.0,0.0,0.0
W0259,Morning,2025-03-09,7.0,0,1,0.0,0.0,0.0
W0259,Morning,2025-04-15,23.0,1,1,0.0,0.0,1.0
W0259,Morning,2025-04-17,34.0,0,1,0.0,0.0,0.0
W0259,Morning,2025-05-17,7.0,0,1,0.0,0.0,0.0
W0259,Morning,2025-05-26,3.0,0,1,7.0,0.42857142857142855,0.0
W0259,Morning,2025-06-27,6.0,1,1,0.0,0.0,1.0
W0259,Night,2025-03-19,30.0,0,1,0.0,0.0,0.0
W0259,Night,2025-03-30,21.0,0,1,0.0,0.0,0.0
W0259,Night,2025-04-09,39.0,0,1,7.0,5.571428571428571,0.0
W0259,Night,2025-04-29,24.0,0,1,0.0,0.0,0.0
W0259,Night,2025-06-17,13.0,0,1,0.0,0.0,0.0
W0260,Evening,2025-01-07,22.0,0,1,0.0,0.0,0.0
W0260,Evening,2025-03-15,36.0,0,1,0.0,0.0,0.0
W0260,Evening,2025-03-26,7.0,1,1,0.0,0.0,1.0
W0260,Evening,2025-04-28,25.0,1,1,0.0,0.0,1.0
W0260,Evening,2025-04-29,34.0,1,1,0.0,0.0,1.0
W0260,Evening,2025-06-09,18.0,0,1,0.0,0.0,0.0
W0260,Morning,2025-01-05,12.0,0,1,0.0,0.0,0.0
W0260,Morning,2025-01-21,37.0,0,1,8.0,4.625,0.0
W0260,Morning,2025-01-25,46.0,1,1,0.0,0.0,1.0
W0260,Morning,2025-01-30,49.0,0,1,0.0,0.0,0.0
W0260,Morning,2025-02-03,21.0,0,1,0.0,0.0,0.0
W0260,Morning,2025-04-07,3.0,0,1,0.0,0.0,0.0
W0260,Morning,2025-05-07,36.0,0,1,0.0,0.0,0.0
W0260,Morning,2025-05-24,23.0,1,1,0.0,0.0,1.0
W0260,Night,2025-01-09,30.0,0,1,0.0,0.0,0.0
W0260,Night,2025-01-29,21.0,1,1,0.0,0.0,1.0
W0260,Night,2025-03-22,27.0,0,1,0.0,0.0,0.0
W0260,Night,2025-03-31,38.0,1,1,0.0,0.0,1.0
W0260,Night,2025-05-03,22.0,0,1,0.0,0.0,0.0
W0260,Night,2025-05-07,13.0,0,1,0.0,0.0,0.0
W0260,Night,2025-05-14,47.0,1,1,0.0,0.0,1.0
W0260,Night,2025-05-23,26.0,0,1,0.0,0.0,0.0
W0261,Evening,2025-03-05,38.0,0,1,0.0,0.0,0.0
W0261,Evening,2025-03-16,15.0,0,1,0.0,0.0,0.0
W0261,Evening,2025-04-01,36.0,0,1,0.0,0.0,0.0
W0261,Evening,2025-05-20,38.0,0,1,16.0,2.375,0.0
W0261,Evening,2025-06-07,10.0,0,1,0.0,0.0,0.0
W0261,Evening,2025-06-08,20.0,1,1,0.0,0.0,1.0
W0261,Morning,2025-02-10,28.0,1,1,0.0,0.0,1.0
W0261,Morning,2025-03-04,18.0,0,1,0.0,0.0,0.0
W0261,Morning,2025-03-29,16.0,0,1,0.0,0.0,0.0
W0261,Night,2025-02-23,3.0,0,1,0.0,0.0,0.0
W0261,Night,2025-03-14,47.0,0,1,0.0,0.0,0.0
W0261,Night,2025-04-05,21.0,1,1,0.0,0.0,1.0
W0261,Night,2025-05-03,11.0,0,1,0.0,0.0,0.0
W0261,Night,2025-05-09,45.0,1,1,0.0,0.0,1.0
W0261,Night,2025-05-13,4.0,0,1,0.0,0.0,0.0
W0261,Night,2025-05-26,24.0,1,1,0.0,0.0,1.0
W0261,Night,2025-05-30,49.0,1,1,0.0,0.0,1.0
W0261,Night,2025-06-13,42.0,0,1,7.0,6.0,0.0
W0262,Evening,2025-01-20,18.0,0,1,0.0,0.0,0.0
W0262,Evening,2025-01-28,26.0,0,1,0.0,0.0,0.0
W0262,Morning,2025-01-07,14.0,1,1,0.0,0.0,1.0
W0262,Morning,2025-01-28,17.0,0,1,9.0,1.8888888888888888,0.0
W0262,Morning,2025-02-10,7.0,1,1,0.0,0.0,1.0
W0262,Morning,2025-03-04,34.0,1,1,0.0,0.0,1.0
W0262,Morning,2025-03-29,42.0,0,1,0.0,0.0,0.0
W0262,Morning,2025-03-30,38.0,1,1,0.0,0.0,1.0
W0262,Morning,2025-04-01,14.0,0,1,0.0,0.0,0.0
W0262,Morning,2025-05-03,33.0,0,1,0.0,0.0,0.0
W0262,Morning,2025-05-12,4.0,0,1,0.0,0.0,0.0
W0262,Morning,2025-06-15,10.0,0,1,0.0,0.0,0.0
W0262,Morning,2025-06-27,2.0,0,1,0.0,0.0,0.0
W0262,Night,2025-01-05,37.0,0,1,0.0,0.0,0.0
W0262,Night,2025-01-11,47.0,0,1,0.0,0.0,0.0
W0262,Night,2025-01-31,5.0,0,1,0.0,0.0,0.0
W0262,Night,2025-02-05,38.0,0,1,0.0,0.0,0.0
W0262,Night,2025-02-08,16.0,0,1,0.0,0.0,0.0
W0262,Night,2025-03-01,1.0,1,1,0.0,0.0,1.0
W0263,Evening,2025-03-31,45.0,0,1,0.0,0.0,0.0
W0263,Morning,2025-01-02,7.0,0,1,0.0,0.0,0.0
W0263,Morning,2025-01-03,16.0,0,2,0.0,0.0,0.0
W0263,Morning,2025-01-19,22.0,0,1,0.0,0.0,0.0
W0263,Morning,2025-01-28,12.0,1,1,0.0,0.0,1.0
W0263,Morning,2025-02-06,25.0,1,1,0.0,0.0,1.0
W0263,Morning,2025-02-10,23.0,0,1,0.0,0.0,0.0
W0263,Morning,2025-02-24,43.0,0,1,0.0,0.0,0.0
W0263,Morning,2025-03-06,43.0,1,1,0.0,0.0,1.0
W0263,Morning,2025-04-06,18.0,0,1,17.0,1.0588235294117647,0.0
W0263,Morning,2025-04-15,15.0,0,1,0.0,0.0,0.0
W0263,Morning,2025-04-18,2.0,1,1,0.0,0.0,1.0
W0263,Morning,2025-05-04,49.0,0,1,0.0,0.0,0.0
W0263,Morning,2025-05-27,67.0,0,2,0.0,0.0,0.0
W0263,Night,2025-01-02,4.0,1,1,0.0,0.0,1.0
W0263,Night,2025-04-12,37.0,0,1,0.0,0.0,0.0
W0263,Night,2025-04-20,18.0,0,1,0.0,0.0,0.0
W0263,Night,2025-06-26,6.0,0,1,0.0,0.0,0.0
W0264,Evening,2025-02-20,40.0,0,1,0.0,0.0,0.0
W0264,Evening,2025-04-11,38.0,0,1,0.0,0.0,0.0
W0264,Evening,2025-04-16,5.0,0,1,0.0,0.0,0.0
W0264,Morning,2025-01-02,47.0,0,1,0.0,0.0,0.0
W0264,Morning,2025-01-12,31.0,0,1,0.0,0.0,0.0
W0264,Morning,2025-01-18,16.0,1,1,0.0,0.0,1.0
W0264,Morning,2025-01-30,9.0,0,1,0.0,0.0,0.0
W0264,Morning,2025-05-19,34.0,0,1,0.0,0.0,0.0
W0264,Morning,2025-05-26,13.0,1,1,0.0,0.0,1.0
W0264,Morning,2025-05-27,34.0,1,1,0.0,0.0,1.0
W0264,Morning,2025-06-03,18.0,0,1,0.0,0.0,0.0
W0264,Morning,2025-06-10,35.0,0,1,6.0,5.833333333333333,0.0
W0264,Morning,2025-06-25,36.0,1,1,0.0,0.0,1.0
W0264,Night,2025-03-15,7.0,0,1,0.0,0.0,0.0
W0264,Night,2025-04-06,5.0,1,1,0.0,0.0,1.0
W0264,Night,2025-04-09,37.0,0,1,0.0,0.0,0.0
W0264,Night,2025-04-30,38.0,0,1,0.0,0.0,0.0
W0264,Night,2025-05-17,7.0,1,1,0.0,0.0,1.0
W0264,Night,2025-06-29,31.0,1,1,0.0,0.0,1.0
W0265,Evening,2025-02-02,22.0,0,1,0.0,0.0,0.0
W0265,Evening,2025-02-09,27.0,0,1,0.0,0.0,0.0
W0265,Evening,2025-03-05,13.0,0,1,0.0,0.0,0.0
W0265,Evening,2025-04-29,25.0,0,1,0.0,0.0,0.0
W0265,Evening,2025-06-06,43.0,0,1,0.0,0.0,0.0
W0265,Evening,2025-06-23,35.0,0,1,0.0,0.0,0.0
W0265,Morning,2025-01-05,27.0,0,1,0.0,0.0,0.0
W0265,Morning,2025-02-26,20.0,0,1,0.0,0.0,0.0
W0265,Morning,2025-03-28,47.0,1,1,0.0,0.0,1.0
W0265,Morning,2025-04-03,17.0,0,1,10.0,1.7,0.0
W0265,Morning,2025-04-06,45.0,0,1,0.0,0.0,0.0
W0265,Morning,2025-04-12,38.0,0,1,0.0,0.0,0.0
W0265,Morning,2025-05-25,42.0,0,1,0.0,0.0,0.0
W0265,Morning,2025-05-26,26.0,0,1,0.0,0.0,0.0
W0265,Morning,2025-06-01,30.0,0,1,0.0,0.0,0.0
W0265,Night,2025-02-28,44.0,0,1,0.0,0.0,0.0
W0265,Night,2025-03-23,42.0,0,1,0.0,0.0,0.0
W0266,Evening,2025-01-01,35.0,0,1,0.0,0.0,0.0
W0266,Evening,2025-01-09,42.0,1,1,0.0,0.0,1.0
W0266,Evening,2025-01-23,22.0,1,1,8.0,2.75,1.0
W0266,Evening,2025-02-08,23.0,0,1,0.0,0.0,0.0
W0266,Evening,2025-02-19,22.0,1,1,0.0,0.0,1.0
W0266,Evening,2025-03-15,1.0,0,1,0.0,0.0,0.0
W0266,Evening,2025-03-17,18.0,0,1,0.0,0.0,0.0
W0266,Evening,2025-04-05,48.0,1,1,0.0,0.0,1.0
W0266,Morning,2025-01-13,21.0,1,1,0.0,0.0,1.0
W0266,Morning,2025-01-24,10.0,0,1,0.0,0.0,0.0
W0266,Morning,2025-02-18,39.0,1,1,0.0,0.0,1.0
W0266,Morning,2025-02-26,18.0,0,1,0.0,0.0,0.0
W0266,Morning,2025-03-14,9.0,0,1,0.0,0.0,0.0
W0266,Morning,2025-03-17,31.0,0,1,0.0,0.0,0.0
W0266,Morning,2025-04-18,41.0,0,1,0.0,0.0,0.0
W0266,Morning,2025-05-04,7.0,0,1,0.0,0.0,0.0
W0266,Morning,2025-05-24,33.0,1,1,0.0,0.0,1.0
W0266,Morning,2025-06-06,8.0,1,1,0.0,0.0,1.0
W0266,Night,2025-02-15,7.0,0,1,7.0,1.0,0.0
W0266,Night,2025-02-27,35.0,1,1,0.0,0.0,1.0
W0266,Night,2025-04-08,20.0,0,1,0.0,0.0,0.0
W0266,Night,2025-05-14,48.0,0,1,0.0,0.0,0.0
W0267,Evening,2025-02-05,13.0,0,1,0.0,0.0,0.0
W0267,Evening,2025-02-17,43.0,0,1,0.0,0.0,0.0
W0267,Evening,2025-04-17,8.0,0,1,0.0,0.0,0.0
W0267,Evening,2025-05-17,45.0,0,1,6.0,7.5,0.0
W0267,Morning,2025-01-18,16.0,0,1,0.0,0.0,0.0
W0267,Morning,2025-02-03,18.0,0,1,0.0,0.0,0.0
W0267,Morning,2025-02-18,46.0,0,1,0.0,0.0,0.0
W0267,Morning,2025-03-27,36.0,1,1,0.0,0.0,1.0
W0267,Morning,2025-03-31,41.0,0,1,0.0,0.0,0.0
W0267,Morning,2025-04-01,34.0,1,1,0.0,0.0,1.0
W0267,Morning,2025-05-16,18.0,0,1,0.0,0.0,0.0
W0267,Morning,2025-05-18,35.0,0,1,0.0,0.0,0.0
W0267,Morning,2025-05-20,47.0,0,1,0.0,0.0,0.0
W0267,Morning,2025-05-21,33.0,0,1,0.0,0.0,0.0
W0267,Morning,2025-06-05,4.0,1,1,0.0,0.0,1.0
W0267,Night,2025-01-20,47.0,1,1,0.0,0.0,1.0
W0267,Night,2025-04-02,16.0,0,1,0.0,0.0,0.0
W0268,Evening,2025-01-07,6.0,1,1,0.0,0.0,1.0
W0268,Evening,2025-01-17,43.0,0,1,0.0,0.0,0.0
W0268,Evening,2025-01-25,2.0,0,1,0.0,0.0,0.0
W0268,Evening,2025-02-15,2.0,1,1,0.0,0.0,1.0
W0268,Evening,2025-06-24,6.0,0,1,10.0,0.6,0.0
W0268,Morning,2025-01-17,44.0,1,1,6.0,7.333333333333333,1.0
W0268,Morning,2025-01-23,47.0,0,1,0.0,0.0,0.0
W0268,Morning,2025-03-22,49.0,0,1,0.0,0.0,0.0
W0268,Morning,2025-04-23,44.0,1,1,0.0,0.0,1.0
W0268,Morning,2025-04-28,13.0,1,1,0.0,0.0,1.0
W0268,Morning,2025-05-29,12.0,0,1,0.0,0.0,0.0
W0268,Morning,2025-06-12,14.0,0,1,0.0,0.0,0.0
W0268,Night,2025-03-18,3.0,0,1,0.0,0.0,0.0
W0268,Night,2025-03-19,11.0,0,1,0.0,0.0,0.0
W0268,Night,2025-05-09,26.0,1,1,0.0,0.0,1.0
W0268,Night,2025-05-24,10.0,1,1,0.0,0.0,1.0
W0269,Evening,2025-01-04,41.0,0,1,0.0,0.0,0.0
W0269,Evening,2025-04-03,6.0,0,1,0.0,0.0,0.0
W0269,Evening,2025-04-05,13.0,1,1,0.0,0.0,1.0
W0269,Evening,2025-05-04,27.0,0,1,0.0,0.0,0.0
W0269,Evening,2025-05-20,48.0,1,1,0.0,0.0,1.0
W0269,Evening,2025-06-04,11.0,0,1,0.0,0.0,0.0
W0269,Morning,2025-01-19,3.0,1,1,0.0,0.0,1.0
W0269,Morning,2025-01-23,3.0,0,1,0.0,0.0,0.0
W0269,Morning,2025-02-04,26.0,1,1,0.0,0.0,1.0
W0269,Morning,2025-02-13,14.0,0,1,0.0,0.0,0.0
W0269,Morning,2025-04-09,2.0,0,1,0.0,0.0,0.0
W0269,Morning,2025-04-13,16.0,0,1,0.0,0.0,0.0
W0269,Morning,2025-04-30,15.0,1,1,0.0,0.0,1.0
W0269,Night,2025-03-24,20.0,0,1,0.0,0.0,0.0
W0269,Night,2025-04-30,31.0,0,1,0.0,0.0,0.0
W0269,Night,2025-05-11,4.0,1,1,0.0,0.0,1.0
W0270,Evening,2025-03-01,92.0,0,2,0.0,0.0,0.0
W0270,Evening,2025-03-27,7.0,0,1,0.0,0.0,0.0
W0270,Morning,2025-01-08,4.0,0,1,0.0,0.0,0.0
W0270,Morning,2025-01-27,48.0,0,1,0.0,0.0,0.0
W0270,Morning,2025-02-10,32.0,0,1,0.0,0.0,0.0
W0270,Morning,2025-02-13,43.0,0,1,0.0,0.0,0.0
W0270,Morning,2025-02-27,32.0,0,1,0.0,0.0,0.0
W0270,Morning,2025-04-24,28.0,0,1,0.0,0.0,0.0
W0270,Morning,2025-05-25,33.0,1,1,0.0,0.0,1.0
W0270,Morning,2025-06-20,11.0,0,1,0.0,0.0,0.0
W0270,Night,2025-04-12,38.0,0,1,0.0,0.0,0.0
W0270,Night,2025-06-07,42.0,0,1,0.0,0.0,0.0
W0271,Evening,2025-01-17,1.0,0,1,0.0,0.0,0.0
W0271,Evening,2025-05-03,4.0,0,1,0.0,0.0,0.0
W0271,Morning,2025-01-17,11.0,0,1,0.0,0.0,0.0
W0271,Morning,2025-02-15,5.0,0,1,0.0,0.0,0.0
W0271,Morning,2025-02-18,8.0,0,1,0.0,0.0,0.0
W0271,Morning,2025-03-03,12.0,1,1,0.0,0.0,1.0
W0271,Morning,2025-03-16,23.0,1,1,9.0,2.5555555555555554,1.0
W0271,Morning,2025-05-06,14.0,1,1,0.0,0.0,1.0
W0271,Morning,2025-06-13,25.0,1,1,0.0,0.0,1.0
W0271,Night,2025-03-12,10.0,1,1,0.0,0.0,1.0
W0271,Night,2025-03-21,19.0,0,1,0.0,0.0,0.0
W0271,Night,2025-06-11,25.0,0,1,0.0,0.0,0.0
W0272,Evening,2025-01-07,27.0,1,1,0.0,0.0,1.0
W0272,Evening,2025-03-22,18.0,0,1,0.0,0.0,0.0
W0272,Morning,2025-01-10,2.0,0,1,0.0,0.0,0.0
W0272,Morning,2025-01-21,1.0,0,1,0.0,0.0,0.0
W0272,Morning,2025-03-02,18.0,0,1,0.0,0.0,0.0
W0272,Morning,2025-03-20,9.0,0,1,0.0,0.0,0.0
W0272,Morning,2025-03-28,49.0,0,1,0.0,0.0,0.0
W0272,Morning,2025-05-21,34.0,0,1,0.0,0.0,0.0
W0272,Morning,2025-06-07,40.0,0,1,0.0,0.0,0.0
W0272,Night,2025-01-03,27.0,1,1,0.0,0.0,1.0
W0272,Night,2025-01-30,18.0,0,1,8.0,2.25,0.0
W0272,Night,2025-04-01,6.0,0,1,0.0,0.0,0.0
W0272,Night,2025-04-17,37.0,0,1,0.0,0.0,0.0
W0272,Night,2025-05-11,39.0,0,1,0.0,0.0,0.0
W0272,Night,2025-05-12,41.0,0,1,0.0,0.0,0.0
W0272,Night,2025-05-13,29.0,1,1,8.0,3.625,1.0
W0272,Night,2025-05-21,36.0,0,1,0.0,0.0,0.0
W0272,Night,2025-06-04,6.0,0,1,0.0,0.0,0.0
W0272,Night,2025-06-14,34.0,0,1,0.0,0.0,0.0
W0272,Night,2025-06-20,34.0,0,1,0.0,0.0,0.0
W0273,Evening,2025-02-18,24.0,0,1,0.0,0.0,0.0
W0273,Evening,2025-04-21,21.0,0,1,0.0,0.0,0.0
W0273,Morning,2025-01-13,43.0,0,1,0.0,0.0,0.0
W0273,Morning,2025-02-28,49.0,1,1,0.0,0.0,1.0
W0273,Morning,2025-03-11,24.0,0,1,0.0,0.0,0.0
W0273,Morning,2025-03-15,39.0,0,1,0.0,0.0,0.0
W0273,Morning,2025-03-28,13.0,1,1,0.0,0.0,1.0
W0273,Morning,2025-04-29,35.0,0,1,0.0,0.0,0.0
W0273,Morning,2025-04-30,3.0,1,1,0.0,0.0,1.0
W0273,Morning,2025-06-01,8.0,0,1,0.0,0.0,0.0
W0273,Morning,2025-06-19,27.0,0,1,0.0,0.0,0.0
W0273,Night,2025-01-31,31.0,0,1,0.0,0.0,0.0
W0273,Night,2025-02-06,27.0,0,1,0.0,0.0,0.0
W0273,Night,2025-04-02,35.0,0,1,0.0,0.0,0.0
W0273,Night,2025-05-27,29.0,1,1,0.0,0.0,1.0
W0274,Evening,2025-02-04,32.0,0,1,0.0,0.0,0.0
W0274,Evening,2025-04-30,27.0,1,1,0.0,0.0,1.0
W0274,Evening,2025-05-23,34.0,0,1,0.0,0.0,0.0
W0274,Evening,2025-05-29,9.0,0,1,0.0,0.0,0.0
W0274,Morning,2025-01-27,28.0,0,1,0.0,0.0,0.0
W0274,Morning,2025-03-17,31.0,0,1,0.0,0.0,0.0
W0274,Morning,2025-03-25,30.0,0,1,0.0,0.0,0.0
W0274,Morning,2025-04-08,2.0,0,1,0.0,0.0,0.0
W0274,Morning,2025-04-10,36.0,0,2,0.0,0.0,0.0
W0274,Morning,2025-05-05,39.0,0,1,0.0,0.0,0.0
W0274,Morning,2025-05-16,20.0,1,1,0.0,0.0,1.0
W0274,Morning,2025-06-12,8.0,0,1,0.0,0.0,0.0
W0274,Night,2025-04-22,9.0,0,1,0.0,0.0,0.0
W0274,Night,2025-04-28,20.0,0,1,0.0,0.0,0.0
W0274,Night,2025-06-10,36.0,0,1,0.0,0.0,0.0
W0275,Evening,2025-01-12,24.0,0,1,0.0,0.0,0.0
W0275,Evening,2025-02-15,32.0,0,1,0.0,0.0,0.0
W0275,Evening,2025-03-28,31.0,0,1,0.0,0.0,0.0
W0275,Evening,2025-04-01,25.0,0,1,0.0,0.0,0.0
W0275,Evening,2025-05-25,49.0,0,1,0.0,0.0,0.0
W0275,Evening,2025-06-09,3.0,1,1,0.0,0.0,1.0
W0275,Evening,2025-06-14,39.0,0,1,0.0,0.0,0.0
W0275,Morning,2025-02-11,10.0,0,1,0.0,0.0,0.0
W0275,Morning,2025-02-12,23.0,0,1,0.0,0.0,0.0
W0275,Morning,2025-04-24,18.0,0,1,0.0,0.0,0.0
W0275,Night,2025-01-21,38.0,0,1,0.0,0.0,0.0
W0275,Night,2025-01-26,27.0,1,1,0.0,0.0,1.0
W0275,Night,2025-06-15,45.0,0,1,0.0,0.0,0.0
W0276,Evening,2025-01-11,14.0,0,1,0.0,0.0,0.0
W0276,Evening,2025-02-09,30.0,0,1,0.0,0.0,0.0
W0276,Evening,2025-03-18,40.0,0,1,0.0,0.0,0.0
W0276,Evening,2025-03-27,47.0,0,1,0.0,0.0,0.0
W0276,Evening,2025-04-04,49.0,0,1,0.0,0.0,0.0
W0276,Evening,2025-04-23,49.0,0,1,0.0,0.0,0.0
W0276,Evening,2025-05-23,37.0,0,1,0.0,0.0,0.0
W0276,Evening,2025-06-17,39.0,0,1,0.0,0.0,0.0
W0276,Evening,2025-06-18,1.0,1,1,0.0,0.0,1.0
W0276,Evening,2025-06-20,12.0,0,1,0.0,0.0,0.0
W0276,Morning,2025-02-12,23.0,0,1,0.0,0.0,0.0
W0276,Morning,2025-03-07,10.0,0,1,0.0,0.0,0.0
W0276,Morning,2025-04-11,21.0,1,1,0.0,0.0,1.0
W0276,Morning,2025-04-15,33.0,0,1,0.0,0.0,0.0
W0276,Morning,2025-04-22,30.0,1,1,0.0,0.0,1.0
W0276,Morning,2025-05-02,35.0,1,1,0.0,0.0,1.0
W0276,Morning,2025-05-17,42.0,0,1,0.0,0.0,0.0
W0276,Morning,2025-06-10,4.0,0,1,0.0,0.0,0.0
W0276,Morning,2025-06-12,41.0,0,1,0.0,0.0,0.0
W0276,Morning,2025-06-25,17.0,0,1,0.0,0.0,0.0
W0276,Night,2025-02-01,21.0,0,1,0.0,0.0,0.0
W0277,Evening,2025-01-08,6.0,0,1,0.0,0.0,0.0
W0277,Evening,2025-02-10,29.0,1,1,0.0,0.0,1.0
W0277,Evening,2025-03-01,1.0,0,1,0.0,0.0,0.0
W0277,Evening,2025-06-23,17.0,0,1,0.0,0.0,0.0
W0277,Morning,2025-02-18,26.0,1,1,0.0,0.0,1.0
W0277,Morning,2025-03-18,4.0,0,1,0.0,0.0,0.0
W0277,Morning,2025-04-01,3.0,1,1,0.0,0.0,1.0
W0277,Morning,2025-04-30,48.0,0,1,0.0,0.0,0.0
W0277,Night,2025-02-20,25.0,0,1,0.0,0.0,0.0
W0277,Night,2025-04-16,36.0,0,1,0.0,0.0,0.0
W0277,Night,2025-05-21,8.0,0,1,0.0,0.0,0.0
W0277,Night,2025-06-23,47.0,0,1,10.0,4.7,0.0
W0278,Evening,2025-03-29,15.0,0,1,0.0,0.0,0.0
W0278,Evening,2025-04-04,49.0,0,1,0.0,0.0,0.0
W0278,Evening,2025-05-03,17.0,0,1,9.0,1.8888888888888888,0.0
W0278,Evening,2025-06-15,30.0,0,1,0.0,0.0,0.0
W0278,Morning,2025-02-04,26.0,0,1,0.0,0.0,0.0
W0278,Morning,2025-02-25,25.0,0,1,0.0,0.0,0.0
W0278,Morning,2025-04-15,36.0,0,1,0.0,0.0,0.0
W0278,Morning,2025-06-19,44.0,0,1,0.0,0.0,0.0
W0278,Night,2025-01-09,45.0,0,1,0.0,0.0,0.0
W0278,Night,2025-03-30,8.0,0,1,0.0,0.0,0.0
W0279,Evening,2025-03-20,15.0,0,1,0.0,0.0,0.0
W0279,Evening,2025-04-21,40.0,0,1,0.0,0.0,0.0
W0279,Evening,2025-06-05,1.0,1,1,0.0,0.0,1.0
W0279,Evening,2025-06-15,6.0,1,1,0.0,0.0,1.0
W0279,Morning,2025-01-09,26.0,1,1,0.0,0.0,1.0
W0279,Morning,2025-01-10,8.0,0,1,0.0,0.0,0.0
W0279,Morning,2025-01-12,38.0,0,1,0.0,0.0,0.0
W0279,Morning,2025-02-01,22.0,0,1,0.0,0.0,0.0
W0279,Morning,2025-02-09,5.0,0,1,0.0,0.0,0.0
W0279,Morning,2025-02-19,21.0,1,1,0.0,0.0,1.0
W0279,Morning,2025-02-27,27.0,0,1,0.0,0.0,0.0
W0279,Morning,2025-02-28,43.0,1,1,0.0,0.0,1.0
W0279,Morning,2025-03-18,32.0,0,1,0.0,0.0,0.0
W0279,Morning,2025-04-03,11.0,0,1,0.0,0.0,0.0
W0279,Morning,2025-05-11,31.0,0,1,0.0,0.0,0.0
W0279,Morning,2025-05-12,15.0,1,1,0.0,0.0,1.0
W0279,Morning,2025-05-20,22.0,0,1,0.0,0.0,0.0
W0279,Morning,2025-06-13,36.0,1,1,0.0,0.0,1.0
W0279,Morning,2025-06-15,16.0,0,1,0.0,0.0,0.0
W0279,Morning,2025-06-19,42.0,0,1,0.0,0.0,0.0
W0279,Morning,2025-06-26,40.0,0,1,0.0,0.0,0.0
W0279,Night,2025-01-30,32.0,0,1,0.0,0.0,0.0
W0279,Night,2025-02-08,20.0,0,1,0.0,0.0,0.0
W0279,Night,2025-05-30,26.0,0,1,0.0,0.0,0.0
W0280,Evening,2025-01-06,28.0,0,1,0.0,0.0,0.0
W0280,Evening,2025-01-09,42.0,0,1,0.0,0.0,0.0
W0280,Evening,2025-02-07,46.0,0,1,0.0,0.0,0.0
W0280,Evening,2025-04-24,45.0,0,1,0.0,0.0,0.0
W0280,Evening,2025-05-02,31.0,1,1,0.0,0.0,1.0
W0280,Morning,2025-01-06,19.0,0,1,0.0,0.0,0.0
W0280,Morning,2025-01-07,45.0,1,1,0.0,0.0,1.0
W0280,Morning,2025-01-10,31.0,0,1,0.0,0.0,0.0
W0280,Morning,2025-01-16,45.0,0,1,0.0,0.0,0.0
W0280,Morning,2025-02-05,2.0,1,1,0.0,0.0,1.0
W0280,Morning,2025-04-07,47.0,1,1,0.0,0.0,1.0
W0280,Morning,2025-04-10,39.0,0,1,0.0,0.0,0.0
W0280,Morning,2025-04-17,49.0,1,1,0.0,0.0,1.0
W0280,Morning,2025-05-30,6.0,1,1,0.0,0.0,1.0
W0280,Morning,2025-06-20,3.0,0,1,0.0,0.0,0.0
W0280,Morning,2025-06-24,37.0,0,1,0.0,0.0,0.0
W0280,Night,2025-01-05,14.0,0,1,0.0,0.0,0.0
W0280,Night,2025-02-08,33.0,0,1,10.0,3.3,0.0
W0280,Night,2025-02-09,20.0,0,1,0.0,0.0,0.0
W0280,Night,2025-02-12,39.0,0,1,0.0,0.0,0.0
W0280,Night,2025-02-16,49.0,0,1,0.0,0.0,0.0
W0280,Night,2025-04-02,30.0,0,1,0.0,0.0,0.0
W0280,Night,2025-04-24,5.0,1,1,0.0,0.0,1.0
W0280,Night,2025-05-10,9.0,1,1,0.0,0.0,1.0
W0280,Night,2025-05-12,30.0,0,1,0.0,0.0,0.0
W0281,Evening,2025-04-20,47.0,0,1,0.0,0.0,0.0
W0281,Evening,2025-06-02,13.0,0,1,0.0,0.0,0.0
W0281,Evening,2025-06-17,46.0,1,1,0.0,0.0,1.0
W0281,Morning,2025-01-06,18.0,1,1,0.0,0.0,1.0
W0281,Morning,2025-01-23,22.0,0,1,0.0,0.0,0.0
W0281,Morning,2025-03-18,7.0,0,1,0.0,0.0,0.0
W0281,Morning,2025-03-20,49.0,0,1,0.0,0.0,0.0
W0281,Morning,2025-03-21,36.0,0,1,0.0,0.0,0.0
W0281,Morning,2025-04-14,25.0,1,1,0.0,0.0,1.0
W0281,Morning,2025-04-27,7.0,0,1,0.0,0.0,0.0
W0281,Morning,2025-06-01,19.0,1,1,0.0,0.0,1.0
W0281,Night,2025-02-05,64.0,2,2,0.0,0.0,1.0
W0281,Night,2025-03-12,23.0,0,1,0.0,0.0,0.0
W0281,Night,2025-05-11,34.0,1,1,0.0,0.0,1.0
W0282,Evening,2025-01-03,28.0,0,1,0.0,0.0,0.0
W0282,Evening,2025-01-19,8.0,0,1,0.0,0.0,0.0
W0282,Evening,2025-02-02,27.0,0,1,0.0,0.0,0.0
W0282,Evening,2025-03-04,20.0,0,1,0.0,0.0,0.0
W0282,Evening,2025-04-07,5.0,0,1,0.0,0.0,0.0
W0282,Evening,2025-04-21,25.0,1,1,0.0,0.0,1.0
W0282,Evening,2025-05-11,44.0,0,1,0.0,0.0,0.0
W0282,Evening,2025-06-04,32.0,0,1,0.0,0.0,0.0
W0282,Morning,2025-01-03,2.0,1,1,0.0,0.0,1.0
W0282,Morning,2025-03-31,37.0,1,1,0.0,0.0,1.0
W0282,Morning,2025-05-08,7.0,0,1,0.0,0.0,0.0
W0282,Morning,2025-05-28,37.0,0,1,0.0,0.0,0.0
W0282,Morning,2025-06-23,16.0,0,1,0.0,0.0,0.0
W0282,Night,2025-02-18,2.0,0,1,0.0,0.0,0.0
W0282,Night,2025-03-08,1.0,1,1,0.0,0.0,1.0
W0282,Night,2025-05-05,30.0,1,1,0.0,0.0,1.0
W0282,Night,2025-05-07,35.0,0,1,0.0,0.0,0.0
W0282,Night,2025-06-03,20.0,1,1,0.0,0.0,1.0
W0282,Night,2025-06-11,11.0,1,1,0.0,0.0,1.0
W0282,Night,2025-06-23,12.0,0,1,0.0,0.0,0.0
W0283,Evening,2025-02-16,10.0,0,1,0.0,0.0,0.0
W0283,Evening,2025-02-19,11.0,0,1,0.0,0.0,0.0
W0283,Evening,2025-02-22,15.0,0,1,0.0,0.0,0.0
W0283,Evening,2025-02-28,39.0,1,1,0.0,0.0,1.0
W0283,Evening,2025-05-07,34.0,1,1,0.0,0.0,1.0
W0283,Evening,2025-05-28,46.0,0,1,0.0,0.0,0.0
W0283,Evening,2025-05-31,22.0,0,1,0.0,0.0,0.0
W0283,Morning,2025-03-09,22.0,0,1,0.0,0.0,0.0
W0283,Morning,2025-03-10,36.0,0,1,0.0,0.0,0.0
W0283,Morning,2025-04-02,18.0,1,1,0.0,0.0,1.0
W0283,Morning,2025-04-27,22.0,0,1,6.0,3.6666666666666665,0.0
W0283,Morning,2025-05-05,13.0,0,1,0.0,0.0,0.0
W0283,Morning,2025-06-07,26.0,0,1,0.0,0.0,0.0
W0283,Morning,2025-06-17,10.0,0,1,0.0,0.0,0.0
W0283,Morning,2025-06-22,30.0,0,1,0.0,0.0,0.0
W0283,Morning,2025-06-24,19.0,0,1,0.0,0.0,0.0
W0283,Morning,2025-06-26,26.0,0,1,0.0,0.0,0.0
W0283,Night,2025-01-24,6.0,0,1,0.0,0.0,0.0
W0283,Night,2025-01-27,20.0,0,1,0.0,0.0,0.0
W0283,Night,2025-02-08,49.0,0,1,0.0,0.0,0.0
W0283,Night,2025-02-17,34.0,0,1,0.0,0.0,0.0
W0283,Night,2025-03-11,24.0,0,1,0.0,0.0,0.0
W0283,Night,2025-04-04,34.0,1,1,0.0,0.0,1.0
W0283,Night,2025-04-12,39.0,1,1,0.0,0.0,1.0
W0283,Night,2025-05-18,47.0,0,1,0.0,0.0,0.0
W0284,Evening,2025-02-07,22.0,0,1,0.0,0.0,0.0
W0284,Evening,2025-02-25,22.0,0,1,0.0,0.0,0.0
W0284,Evening,2025-05-22,16.0,0,1,0.0,0.0,0.0
W0284,Evening,2025-05-26,37.0,0,1,0.0,0.0,0.0
W0284,Evening,2025-06-17,47.0,0,1,0.0,0.0,0.0
W0284,Evening,2025-06-26,16.0,0,1,0.0,0.0,0.0
W0284,Morning,2025-01-10,33.0,0,1,0.0,0.0,0.0
W0284,Morning,2025-03-06,12.0,0,1,0.0,0.0,0.0
W0284,Morning,2025-03-09,16.0,0,1,0.0,0.0,0.0
W0284,Morning,2025-03-10,16.0,0,1,6.0,2.6666666666666665,0.0
W0284,Morning,2025-04-11,11.0,0,1,0.0,0.0,0.0
W0284,Morning,2025-05-22,75.0,1,2,0.0,0.0,0.5
W0284,Morning,2025-06-27,21.0,0,1,0.0,0.0,0.0
W0284,Night,2025-01-17,11.0,0,1,0.0,0.0,0.0
W0284,Night,2025-01-25,16.0,0,1,0.0,0.0,0.0
W0284,Night,2025-03-03,41.0,0,1,0.0,0.0,0.0
W0284,Night,2025-04-06,46.0,0,1,0.0,0.0,0.0
W0284,Night,2025-05-17,47.0,0,1,0.0,0.0,0.0
W0284,Night,2025-05-26,36.0,0,1,0.0,0.0,0.0
W0285,Evening,2025-01-13,44.0,1,1,0.0,0.0,1.0
W0285,Evening,2025-02-05,17.0,0,1,0.0,0.0,0.0
W0285,Morning,2025-01-14,49.0,0,1,0.0,0.0,0.0
W0285,Morning,2025-02-26,45.0,0,2,0.0,0.0,0.0
W0285,Morning,2025-03-17,77.0,1,2,0.0,0.0,0.5
W0285,Morning,2025-04-03,2.0,1,1,0.0,0.0,1.0
W0285,Morning,2025-04-18,6.0,0,1,0.0,0.0,0.0
W0285,Morning,2025-05-16,24.0,0,1,0.0,0.0,0.0
W0285,Morning,2025-06-23,39.0,0,1,0.0,0.0,0.0
W0285,Morning,2025-06-25,43.0,0,1,0.0,0.0,0.0
W0285,Night,2025-02-06,5.0,0,1,0.0,0.0,0.0
W0285,Night,2025-05-13,5.0,1,1,0.0,0.0,1.0
W0286,Evening,2025-01-07,22.0,0,1,0.0,0.0,0.0
W0286,Evening,2025-03-02,26.0,0,1,0.0,0.0,0.0
W0286,Evening,2025-03-20,16.0,0,1,0.0,0.0,0.0
W0286,Evening,2025-05-03,27.0,0,1,0.0,0.0,0.0
W0286,Evening,2025-05-04,44.0,0,1,0.0,0.0,0.0
W0286,Morning,2025-02-23,15.0,1,1,0.0,0.0,1.0
W0286,Morning,2025-02-25,4.0,0,1,0.0,0.0,0.0
W0286,Morning,2025-03-26,40.0,0,1,0.0,0.0,0.0
W0286,Morning,2025-04-10,13.0,0,1,0.0,0.0,0.0
W0286,Morning,2025-04-15,26.0,0,1,0.0,0.0,0.0
W0286,Morning,2025-05-11,33.0,0,1,0.0,0.0,0.0
W0286,Morning,2025-05-14,23.0,0,1,0.0,0.0,0.0
W0286,Night,2025-01-06,27.0,0,1,0.0,0.0,0.0
W0286,Night,2025-02-10,2.0,1,1,0.0,0.0,1.0
W0286,Night,2025-05-17,32.0,1,1,0.0,0.0,1.0
W0286,Night,2025-05-25,12.0,1,1,0.0,0.0,1.0
W0286,Night,2025-06-07,20.0,0,1,0.0,0.0,0.0
W0286,Night,2025-06-28,17.0,0,1,7.0,2.4285714285714284,0.0
W0287,Evening,2025-01-10,12.0,1,1,0.0,0.0,1.0
W0287,Evening,2025-03-04,43.0,1,1,0.0,0.0,1.0
W0287,Evening,2025-03-15,33.0,0,1,0.0,0.0,0.0
W0287,Evening,2025-04-23,4.0,1,1,0.0,0.0,1.0
W0287,Evening,2025-05-02,5.0,1,1,0.0,0.0,1.0
W0287,Evening,2025-05-07,31.0,0,1,0.0,0.0,0.0
W0287,Evening,2025-05-12,33.0,0,1,0.0,0.0,0.0
W0287,Evening,2025-05-21,21.0,0,1,0.0,0.0,0.0
W0287,Evening,2025-06-02,22.0,0,1,0.0,0.0,0.0
W0287,Evening,2025-06-15,42.0,0,1,0.0,0.0,0.0
W0287,Morning,2025-01-11,49.0,0,1,0.0,0.0,0.0
W0287,Morning,2025-01-31,8.0,1,1,0.0,0.0,1.0
W0287,Morning,2025-02-13,35.0,1,1,0.0,0.0,1.0
W0287,Morning,2025-04-12,39.0,1,1,0.0,0.0,1.0
W0287,Morning,2025-04-16,28.0,0,1,0.0,0.0,0.0
W0287,Morning,2025-05-08,35.0,0,1,0.0,0.0,0.0
W0287,Night,2025-02-13,36.0,0,1,0.0,0.0,0.0
W0287,Night,2025-04-08,42.0,0,1,0.0,0.0,0.0
W0287,Night,2025-05-19,45.0,0,1,0.0,0.0,0.0
W0287,Night,2025-05-29,45.0,0,1,0.0,0.0,0.0
W0288,Evening,2025-01-03,3.0,0,1,0.0,0.0,0.0
W0288,Evening,2025-01-05,30.0,1,1,0.0,0.0,1.0
W0288,Evening,2025-01-08,38.0,1,1,0.0,0.0,1.0
W0288,Evening,2025-01-18,34.0,0,1,0.0,0.0,0.0
W0288,Evening,2025-02-28,9.0,0,1,0.0,0.0,0.0
W0288,Evening,2025-03-01,8.0,0,1,0.0,0.0,0.0
W0288,Evening,2025-06-21,25.0,0,1,0.0,0.0,0.0
W0288,Morning,2025-01-15,45.0,0,1,0.0,0.0,0.0
W0288,Morning,2025-02-27,27.0,0,1,0.0,0.0,0.0
W0288,Morning,2025-03-10,38.0,0,1,0.0,0.0,0.0
W0288,Morning,2025-03-11,18.0,0,1,0.0,0.0,0.0
W0288,Morning,2025-03-19,30.0,1,1,0.0,0.0,1.0
W0288,Morning,2025-03-23,14.0,0,1,0.0,0.0,0.0
W0288,Morning,2025-05-16,6.0,0,1,0.0,0.0,0.0
W0288,Night,2025-01-11,24.0,0,1,6.0,4.0,0.0
W0288,Night,2025-03-17,28.0,0,1,0.0,0.0,0.0
W0288,Night,2025-03-24,11.0,0,1,0.0,0.0,0.0
W0289,Evening,2025-01-24,27.0,0,1,0.0,0.0,0.0
W0289,Evening,2025-04-22,34.0,1,1,0.0,0.0,1.0
W0289,Evening,2025-06-02,20.0,0,1,0.0,0.0,0.0
W0289,Evening,2025-06-09,42.0,1,1,0.0,0.0,1.0
W0289,Morning,2025-01-31,24.0,0,1,0.0,0.0,0.0
W0289,Morning,2025-02-18,44.0,0,1,0.0,0.0,0.0
W0289,Morning,2025-03-11,43.0,1,1,0.0,0.0,1.0
W0289,Morning,2025-04-16,46.0,0,1,0.0,0.0,0.0
W0289,Morning,2025-05-09,9.0,1,1,0.0,0.0,1.0
W0289,Morning,2025-06-16,22.0,0,1,0.0,0.0,0.0
W0289,Night,2025-01-29,14.0,1,1,0.0,0.0,1.0
W0289,Night,2025-05-05,37.0,1,1,0.0,0.0,1.0
W0289,Night,2025-05-09,24.0,0,1,0.0,0.0,0.0
W0290,Evening,2025-01-09,9.0,0,1,0.0,0.0,0.0
W0290,Evening,2025-02-04,8.0,0,1,0.0,0.0,0.0
W0290,Evening,2025-02-17,24.0,0,1,0.0,0.0,0.0
W0290,Evening,2025-03-03,30.0,1,1,0.0,0.0,1.0
W0290,Evening,2025-03-17,25.0,0,1,0.0,0.0,0.0
W0290,Evening,2025-03-30,26.0,1,1,0.0,0.0,1.0
W0290,Evening,2025-05-05,14.0,0,1,0.0,0.0,0.0
W0290,Evening,2025-05-15,38.0,1,1,0.0,0.0,1.0
W0290,Morning,2025-02-06,21.0,0,1,10.0,2.1,0.0
W0290,Morning,2025-02-07,3.0,0,1,0.0,0.0,0.0
W0290,Morning,2025-02-16,31.0,0,1,0.0,0.0,0.0
W0290,Morning,2025-02-21,21.0,1,1,0.0,0.0,1.0
W0290,Morning,2025-02-24,49.0,0,1,0.0,0.0,0.0
W0290,Morning,2025-03-11,8.0,0,1,0.0,0.0,0.0
W0290,Morning,2025-04-22,6.0,0,1,0.0,0.0,0.0
W0290,Morning,2025-06-07,30.0,1,1,0.0,0.0,1.0
W0290,Night,2025-04-07,43.0,0,1,0.0,0.0,0.0
W0290,Night,2025-04-11,33.0,0,1,0.0,0.0,0.0
W0290,Night,2025-05-20,23.0,0,1,0.0,0.0,0.0
W0290,Night,2025-06-21,20.0,0,1,0.0,0.0,0.0
W0291,Evening,2025-01-03,40.0,0,1,6.0,6.666666666666667,0.0
W0291,Evening,2025-04-29,7.0,0,1,0.0,0.0,0.0
W0291,Morning,2025-02-14,45.0,0,1,0.0,0.0,0.0
W0291,Morning,2025-02-20,18.0,1,1,0.0,0.0,1.0
W0291,Morning,2025-03-21,3.0,0,1,0.0,0.0,0.0
W0291,Morning,2025-04-12,43.0,0,2,0.0,0.0,0.0
W0291,Morning,2025-04-13,31.0,1,1,0.0,0.0,1.0
W0291,Morning,2025-04-30,80.0,1,2,0.0,0.0,0.5
W0291,Morning,2025-05-06,16.0,0,1,0.0,0.0,0.0
W0291,Morning,2025-06-15,48.0,1,1,0.0,0.0,1.0
W0291,Night,2025-01-15,30.0,0,1,0.0,0.0,0.0
W0291,Night,2025-01-26,42.0,1,1,0.0,0.0,1.0
W0291,Night,2025-03-10,12.0,0,1,0.0,0.0,0.0
W0291,Night,2025-06-05,48.0,0,1,0.0,0.0,0.0
W0291,Night,2025-06-18,41.0,0,1,0.0,0.0,0.0
W0292,Evening,2025-01-17,23.0,0,1,0.0,0.0,0.0
W0292,Evening,2025-02-10,46.0,0,1,0.0,0.0,0.0
W0292,Evening,2025-03-10,37.0,0,1,0.0,0.0,0.0
W0292,Evening,2025-04-06,39.0,1,1,0.0,0.0,1.0
W0292,Evening,2025-05-22,23.0,1,1,0.0,0.0,1.0
W0292,Evening,2025-06-13,37.0,1,1,0.0,0.0,1.0
W0292,Evening,2025-06-24,18.0,1,1,0.0,0.0,1.0
W0292,Morning,2025-01-10,43.0,0,1,0.0,0.0,0.0
W0292,Morning,2025-02-03,40.0,1,1,0.0,0.0,1.0
W0292,Morning,2025-02-11,8.0,1,1,0.0,0.0,1.0
W0292,Morning,2025-03-17,33.0,0,1,0.0,0.0,0.0
W0292,Morning,2025-04-07,2.0,0,1,0.0,0.0,0.0
W0292,Morning,2025-05-11,28.0,0,1,0.0,0.0,0.0
W0292,Morning,2025-05-23,38.0,0,1,0.0,0.0,0.0
W0292,Night,2025-02-09,8.0,0,1,0.0,0.0,0.0
W0292,Night,2025-02-13,36.0,1,1,0.0,0.0,1.0
W0292,Night,2025-02-20,38.0,0,1,0.0,0.0,0.0
W0292,Night,2025-04-18,21.0,0,1,0.0,0.0,0.0
W0293,Evening,2025-01-29,48.0,0,1,0.0,0.0,0.0
W0293,Evening,2025-02-19,24.0,0,1,0.0,0.0,0.0
W0293,Evening,2025-02-27,28.0,1,1,0.0,0.0,1.0
W0293,Evening,2025-03-20,32.0,0,1,0.0,0.0,0.0
W0293,Evening,2025-04-11,7.0,0,1,0.0,0.0,0.0
W0293,Evening,2025-04-29,20.0,0,1,0.0,0.0,0.0
W0293,Evening,2025-05-16,16.0,0,1,0.0,0.0,0.0
W0293,Evening,2025-06-10,33.0,0,1,0.0,0.0,0.0
W0293,Morning,2025-01-12,7.0,1,1,0.0,0.0,1.0
W0293,Morning,2025-04-24,6.0,0,1,0.0,0.0,0.0
W0293,Morning,2025-05-04,18.0,0,1,0.0,0.0,0.0
W0293,Morning,2025-05-10,1.0,0,1,0.0,0.0,0.0
W0293,Morning,2025-05-23,13.0,1,1,0.0,0.0,1.0
W0293,Morning,2025-06-28,21.0,0,1,0.0,0.0,0.0
W0293,Night,2025-01-01,43.0,0,1,0.0,0.0,0.0
W0293,Night,2025-03-24,42.0,1,1,0.0,0.0,1.0
W0294,Evening,2025-04-02,13.0,1,1,0.0,0.0,1.0
W0294,Evening,2025-04-13,41.0,0,1,0.0,0.0,0.0
W0294,Morning,2025-01-05,3.0,0,1,0.0,0.0,0.0
W0294,Morning,2025-01-23,24.0,0,1,0.0,0.0,0.0
W0294,Morning,2025-02-23,4.0,0,1,0.0,0.0,0.0
W0294,Morning,2025-03-12,43.0,0,1,0.0,0.0,0.0
W0294,Morning,2025-03-30,32.0,0,1,0.0,0.0,0.0
W0294,Morning,2025-04-21,45.0,0,1,0.0,0.0,0.0
W0294,Morning,2025-05-08,46.0,0,2,0.0,0.0,0.0
W0294,Morning,2025-05-09,26.0,0,1,0.0,0.0,0.0
W0294,Morning,2025-06-05,48.0,0,1,0.0,0.0,0.0
W0294,Morning,2025-06-08,15.0,0,1,0.0,0.0,0.0
W0294,Night,2025-01-21,27.0,1,2,0.0,0.0,0.5
W0294,Night,2025-02-25,33.0,0,1,0.0,0.0,0.0
W0294,Night,2025-03-20,8.0,1,1,0.0,0.0,1.0
W0294,Night,2025-04-03,1.0,1,1,0.0,0.0,1.0
W0294,Night,2025-05-09,17.0,0,1,0.0,0.0,0.0
W0294,Night,2025-05-30,44.0,0,1,0.0,0.0,0.0
W0294,Night,2025-06-07,38.0,0,1,0.0,0.0,0.0
W0294,Night,2025-06-11,17.0,0,1,0.0,0.0,0.0
W0295,Evening,2025-01-06,37.0,0,1,0.0,0.0,0.0
W0295,Evening,2025-01-07,47.0,0,1,0.0,0.0,0.0
W0295,Evening,2025-01-09,44.0,0,1,0.0,0.0,0.0
W0295,Evening,2025-03-03,33.0,0,1,0.0,0.0,0.0
W0295,Evening,2025-04-29,3.0,1,1,0.0,0.0,1.0
W0295,Evening,2025-05-25,39.0,0,1,0.0,0.0,0.0
W0295,Morning,2025-01-01,43.0,1,1,0.0,0.0,1.0
W0295,Morning,2025-01-12,2.0,1,1,9.0,0.2222222222222222,1.0
W0295,Morning,2025-01-20,31.0,0,1,9.0,3.4444444444444446,0.0
W0295,Morning,2025-01-22,12.0,1,1,0.0,0.0,1.0
W0295,Morning,2025-02-25,23.0,0,1,0.0,0.0,0.0
W0295,Morning,2025-04-01,3.0,1,1,0.0,0.0,1.0
W0295,Morning,2025-04-26,28.0,0,1,0.0,0.0,0.0
W0295,Morning,2025-05-18,27.0,0,1,0.0,0.0,0.0
W0295,Night,2025-03-16,3.0,0,1,0.0,0.0,0.0
W0295,Night,2025-03-18,6.0,0,1,0.0,0.0,0.0
W0295,Night,2025-05-11,48.0,1,1,9.0,5.333333333333333,1.0
W0296,Evening,2025-01-22,9.0,0,1,0.0,0.0,0.0
W0296,Evening,2025-02-18,48.0,0,1,0.0,0.0,0.0
W0296,Evening,2025-03-03,37.0,0,1,0.0,0.0,0.0
W0296,Evening,2025-05-31,14.0,0,1,0.0,0.0,0.0
W0296,Evening,2025-06-03,9.0,1,1,0.0,0.0,1.0
W0296,Evening,2025-06-06,8.0,0,1,0.0,0.0,0.0
W0296,Evening,2025-06-22,49.0,0,1,0.0,0.0,0.0
W0296,Morning,2025-01-05,71.0,0,2,0.0,0.0,0.0
W0296,Morning,2025-01-18,32.0,0,1,0.0,0.0,0.0
W0296,Morning,2025-03-05,46.0,0,1,0.0,0.0,0.0
W0296,Morning,2025-03-15,20.0,0,1,0.0,0.0,0.0
W0296,Morning,2025-04-12,21.0,0,1,0.0,0.0,0.0
W0296,Morning,2025-04-26,2.0,0,1,0.0,0.0,0.0
W0296,Morning,2025-05-02,25.0,0,2,0.0,0.0,0.0
W0296,Morning,2025-05-05,17.0,0,1,0.0,0.0,0.0
W0296,Morning,2025-06-22,34.0,0,1,0.0,0.0,0.0
W0296,Morning,2025-06-24,52.0,1,2,0.0,0.0,0.5
W0296,Night,2025-02-03,43.0,0,1,0.0,0.0,0.0
W0296,Night,2025-02-18,13.0,0,1,0.0,0.0,0.0
W0296,Night,2025-04-28,26.0,1,1,0.0,0.0,1.0
W0297,Evening,2025-01-09,15.0,1,1,0.0,0.0,1.0
W0297,Evening,2025-02-06,38.0,1,1,0.0,0.0,1.0
W0297,Evening,2025-03-22,29.0,0,1,0.0,0.0,0.0
W0297,Evening,2025-03-23,18.0,1,1,0.0,0.0,1.0
W0297,Evening,2025-04-24,30.0,1,1,0.0,0.0,1.0
W0297,Evening,2025-05-18,36.0,1,1,0.0,0.0,1.0
W0297,Evening,2025-06-15,12.0,0,1,0.0,0.0,0.0
W0297,Morning,2025-02-13,32.0,0,1,0.0,0.0,0.0
W0297,Morning,2025-02-23,7.0,0,1,0.0,0.0,0.0
W0297,Morning,2025-03-24,7.0,1,1,0.0,0.0,1.0
W0297,Morning,2025-04-01,49.0,1,1,0.0,0.0,1.0
W0297,Morning,2025-04-02,43.0,1,1,0.0,0.0,1.0
W0297,Morning,2025-04-26,30.0,1,1,0.0,0.0,1.0
W0297,Morning,2025-05-05,38.0,0,1,0.0,0.0,0.0
W0297,Morning,2025-05-26,17.0,1,1,8.0,2.125,1.0
W0297,Night,2025-01-01,22.0,0,1,0.0,0.0,0.0
W0297,Night,2025-04-04,22.0,0,1,0.0,0.0,0.0
W0297,Night,2025-04-20,44.0,1,1,0.0,0.0,1.0
W0297,Night,2025-05-09,21.0,1,1,0.0,0.0,1.0
W0297,Night,2025-05-25,11.0,1,1,0.0,0.0,1.0
W0298,Evening,2025-04-08,48.0,1,1,0.0,0.0,1.0
W0298,Evening,2025-04-30,29.0,1,1,0.0,0.0,1.0
W0298,Evening,2025-05-05,13.0,0,1,0.0,0.0,0.0
W0298,Evening,2025-06-12,3.0,0,1,0.0,0.0,0.0
W0298,Evening,2025-06-13,39.0,0,1,7.0,5.571428571428571,0.0
W0298,Morning,2025-01-10,19.0,0,1,0.0,0.0,0.0
W0298,Morning,2025-01-16,14.0,0,1,0.0,0.0,0.0
W0298,Morning,2025-02-13,38.0,0,1,0.0,0.0,0.0
W0298,Morning,2025-02-20,40.0,0,1,0.0,0.0,0.0
W0298,Morning,2025-02-22,6.0,0,1,0.0,0.0,0.0
W0298,Morning,2025-02-25,34.0,0,1,0.0,0.0,0.0
W0298,Morning,2025-03-10,2.0,1,1,8.0,0.25,1.0
W0298,Morning,2025-04-01,2.0,0,1,0.0,0.0,0.0
W0298,Morning,2025-04-29,3.0,0,1,0.0,0.0,0.0
W0298,Night,2025-03-02,32.0,0,1,7.0,4.571428571428571,0.0
W0298,Night,2025-05-05,1.0,1,1,7.0,0.14285714285714285,1.0
W0298,Night,2025-06-04,12.0,0,1,6.0,2.0,0.0
W0299,Evening,2025-04-19,12.0,0,1,0.0,0.0,0.0
W0299,Morning,2025-01-17,32.0,1,1,9.0,3.5555555555555554,1.0
W0299,Morning,2025-01-25,6.0,0,1,0.0,0.0,0.0
W0299,Morning,2025-02-05,8.0,1,1,0.0,0.0,1.0
W0299,Morning,2025-02-21,20.0,0,1,0.0,0.0,0.0
W0299,Morning,2025-03-05,16.0,0,1,0.0,0.0,0.0
W0299,Morning,2025-03-12,32.0,0,1,0.0,0.0,0.0
W0299,Morning,2025-03-15,7.0,1,1,0.0,0.0,1.0
W0299,Morning,2025-03-19,49.0,0,1,0.0,0.0,0.0
W0299,Morning,2025-04-08,45.0,1,1,0.0,0.0,1.0
W0299,Morning,2025-04-19,14.0,0,1,0.0,0.0,0.0
W0299,Morning,2025-04-22,17.0,0,1,0.0,0.0,0.0
W0299,Night,2025-01-13,34.0,1,1,0.0,0.0,1.0
W0299,Night,2025-03-09,11.0,1,1,0.0,0.0,1.0
W0299,Night,2025-03-16,17.0,1,1,6.0,2.8333333333333335,1.0
W0299,Night,2025-03-26,7.0,0,1,0.0,0.0,0.0
W0299,Night,2025-05-01,39.0,1,1,0.0,0.0,1.0
W0299,Night,2025-05-06,24.0,0,1,0.0,0.0,0.0
W0300,Evening,2025-02-05,18.0,0,1,7.0,2.5714285714285716,0.0
W0300,Evening,2025-05-03,4.0,1,1,0.0,0.0,1.0
W0300,Evening,2025-05-18,15.0,0,1,0.0,0.0,0.0
W0300,Evening,2025-06-06,33.0,0,1,0.0,0.0,0.0
W0300,Evening,2025-06-21,43.0,0,1,0.0,0.0,0.0
W0300,Morning,2025-01-15,3.0,0,1,0.0,0.0,0.0
W0300,Morning,2025-01-16,1.0,1,1,0.0,0.0,1.0
W0300,Morning,2025-01-19,25.0,1,1,0.0,0.0,1.0
W0300,Morning,2025-02-03,25.0,1,1,0.0,0.0,1.0
W0300,Morning,2025-02-07,19.0,0,1,0.0,0.0,0.0
W0300,Morning,2025-02-08,48.0,0,1,0.0,0.0,0.0
W0300,Morning,2025-03-30,45.0,1,1,0.0,0.0,1.0
W0300,Morning,2025-04-19,18.0,0,1,0.0,0.0,0.0
W0300,Morning,2025-05-10,17.0,0,1,0.0,0.0,0.0
W0300,Morning,2025-05-23,46.0,0,1,0.0,0.0,0.0
W0300,Night,2025-04-28,5.0,0,1,0.0,0.0,0.0
W0300,Night,2025-06-14,31.0,1,1,0.0,0.0,1.0
W0300,Night,2025-06-21,25.0,0,1,0.0,0.0,0.0
W0301,Evening,2025-01-22,14.0,1,1,0.0,0.0,1.0
W0301,Evening,2025-03-19,41.0,1,1,0.0,0.0,1.0
W0301,Evening,2025-03-28,26.0,0,1,0.0,0.0,0.0
W0301,Evening,2025-04-01,33.0,0,1,0.0,0.0,0.0
W0301,Evening,2025-04-03,2.0,0,1,0.0,0.0,0.0
W0301,Evening,2025-04-11,35.0,0,1,0.0,0.0,0.0
W0301,Evening,2025-06-04,9.0,0,1,0.0,0.0,0.0
W0301,Evening,2025-06-25,15.0,1,1,0.0,0.0,1.0
W0301,Morning,2025-01-08,4.0,0,1,0.0,0.0,0.0
W0301,Morning,2025-03-12,2.0,0,1,0.0,0.0,0.0
W0301,Morning,2025-03-17,28.0,0,1,0.0,0.0,0.0
W0301,Morning,2025-06-26,27.0,0,1,0.0,0.0,0.0
W0301,Night,2025-02-27,5.0,0,1,0.0,0.0,0.0
W0301,Night,2025-03-14,40.0,0,1,0.0,0.0,0.0
W0301,Night,2025-03-25,39.0,0,1,0.0,0.0,0.0
W0302,Evening,2025-04-05,10.0,1,1,0.0,0.0,1.0
W0302,Evening,2025-05-09,38.0,0,1,0.0,0.0,0.0
W0302,Evening,2025-05-20,26.0,0,1,0.0,0.0,0.0
W0302,Morning,2025-02-04,35.0,0,1,0.0,0.0,0.0
W0302,Morning,2025-03-06,45.0,0,1,0.0,0.0,0.0
W0302,Morning,2025-03-12,11.0,1,1,0.0,0.0,1.0
W0302,Morning,2025-04-06,30.0,0,1,0.0,0.0,0.0
W0302,Morning,2025-04-16,14.0,1,1,0.0,0.0,1.0
W0302,Morning,2025-04-28,11.0,0,1,0.0,0.0,0.0
W0302,Morning,2025-05-04,41.0,0,1,0.0,0.0,0.0
W0302,Morning,2025-06-17,21.0,0,1,0.0,0.0,0.0
W0302,Night,2025-01-16,47.0,0,1,0.0,0.0,0.0
W0303,Evening,2025-01-08,42.0,0,1,0.0,0.0,0.0
W0303,Evening,2025-02-02,39.0,0,1,0.0,0.0,0.0
W0303,Evening,2025-05-14,44.0,0,1,0.0,0.0,0.0
W0303,Evening,2025-05-20,23.0,0,1,0.0,0.0,0.0
W0303,Evening,2025-06-05,1.0,0,1,0.0,0.0,0.0
W0303,Evening,2025-06-14,32.0,0,1,0.0,0.0,0.0
W0303,Morning,2025-02-05,40.0,0,1,0.0,0.0,0.0
W0303,Morning,2025-02-10,19.0,1,1,0.0,0.0,1.0
W0303,Morning,2025-02-18,5.0,0,1,0.0,0.0,0.0
W0303,Morning,2025-03-15,3.0,1,1,0.0,0.0,1.0
W0303,Morning,2025-03-26,5.0,1,1,0.0,0.0,1.0
W0303,Morning,2025-04-04,35.0,1,1,0.0,0.0,1.0
W0303,Morning,2025-05-28,36.0,0,1,0.0,0.0,0.0
W0303,Morning,2025-06-04,39.0,0,1,9.0,4.333333333333333,0.0
W0303,Morning,2025-06-29,34.0,1,1,0.0,0.0,1.0
W0303,Night,2025-01-05,6.0,0,1,0.0,0.0,0.0
W0303,Night,2025-03-06,29.0,0,1,0.0,0.0,0.0
W0303,Night,2025-03-15,45.0,0,1,8.0,5.625,0.0
W0303,Night,2025-04-08,48.0,0,1,0.0,0.0,0.0
W0303,Night,2025-04-21,5.0,0,1,0.0,0.0,0.0
W0303,Night,2025-05-05,43.0,0,1,0.0,0.0,0.0
W0303,Night,2025-05-31,23.0,0,1,0.0,0.0,0.0
W0303,Night,2025-06-15,48.0,0,1,0.0,0.0,0.0
W0303,Night,2025-06-20,40.0,0,1,0.0,0.0,0.0
W0304,Morning,2025-01-07,32.0,0,1,0.0,0.0,0.0
W0304,Morning,2025-02-07,47.0,0,1,0.0,0.0,0.0
W0304,Morning,2025-02-25,7.0,0,1,0.0,0.0,0.0
W0304,Morning,2025-03-02,46.0,0,1,0.0,0.0,0.0
W0304,Morning,2025-03-03,31.0,1,2,0.0,0.0,0.5
W0304,Morning,2025-03-23,19.0,0,1,0.0,0.0,0.0
W0304,Morning,2025-05-18,1.0,0,1,10.0,0.1,0.0
W0304,Morning,2025-06-06,39.0,0,1,0.0,0.0,0.0
W0304,Morning,2025-06-25,40.0,0,1,0.0,0.0,0.0
W0304,Night,2025-01-05,15.0,0,1,7.0,2.142857142857143,0.0
W0304,Night,2025-01-18,21.0,0,1,0.0,0.0,0.0
W0304,Night,2025-01-27,15.0,1,1,18.0,0.8333333333333334,1.0
W0304,Night,2025-01-29,21.0,0,1,0.0,0.0,0.0
W0304,Night,2025-02-07,26.0,0,1,0.0,0.0,0.0
W0304,Night,2025-02-28,42.0,0,1,0.0,0.0,0.0
W0304,Night,2025-03-04,17.0,0,1,0.0,0.0,0.0
W0304,Night,2025-04-22,5.0,0,1,10.0,0.5,0.0
W0304,Night,2025-05-28,45.0,1,1,0.0,0.0,1.0
W0304,Night,2025-06-10,47.0,0,1,0.0,0.0,0.0
W0305,Evening,2025-01-23,48.0,0,1,0.0,0.0,0.0
W0305,Evening,2025-02-04,42.0,1,1,0.0,0.0,1.0
W0305,Evening,2025-02-05,48.0,0,1,0.0,0.0,0.0
W0305,Evening,2025-02-22,42.0,0,1,0.0,0.0,0.0
W0305,Evening,2025-03-10,20.0,0,1,0.0,0.0,0.0
W0305,Evening,2025-05-11,25.0,0,1,0.0,0.0,0.0
W0305,Evening,2025-05-27,19.0,0,1,0.0,0.0,0.0
W0305,Evening,2025-06-12,45.0,0,1,0.0,0.0,0.0
W0305,Morning,2025-02-11,19.0,0,1,0.0,0.0,0.0
W0305,Morning,2025-02-20,7.0,1,1,0.0,0.0,1.0
W0305,Morning,2025-02-27,16.0,0,1,0.0,0.0,0.0
W0305,Morning,2025-02-28,17.0,0,1,8.0,2.125,0.0
W0305,Morning,2025-04-15,41.0,0,1,0.0,0.0,0.0
W0305,Morning,2025-04-30,43.0,1,1,0.0,0.0,1.0
W0305,Morning,2025-05-15,29.0,1,1,0.0,0.0,1.0
W0305,Morning,2025-06-06,9.0,0,1,0.0,0.0,0.0
W0305,Morning,2025-06-11,20.0,1,1,0.0,0.0,1.0
W0305,Morning,2025-06-17,18.0,0,1,0.0,0.0,0.0
W0305,Night,2025-01-10,39.0,1,1,0.0,0.0,1.0
W0305,Night,2025-01-30,9.0,0,1,0.0,0.0,0.0
W0305,Night,2025-03-29,27.0,1,1,0.0,0.0,1.0
W0306,Evening,2025-02-11,28.0,0,1,0.0,0.0,0.0
W0306,Evening,2025-03-02,2.0,0,1,0.0,0.0,0.0
W0306,Evening,2025-03-25,5.0,0,1,0.0,0.0,0.0
W0306,Evening,2025-04-02,24.0,0,1,0.0,0.0,0.0
W0306,Evening,2025-04-05,6.0,1,1,0.0,0.0,1.0
W0306,Evening,2025-06-18,38.0,0,1,0.0,0.0,0.0
W0306,Morning,2025-01-27,49.0,0,1,0.0,0.0,0.0
W0306,Morning,2025-01-31,13.0,0,1,0.0,0.0,0.0
W0306,Morning,2025-03-06,33.0,0,1,0.0,0.0,0.0
W0306,Morning,2025-03-15,18.0,0,1,0.0,0.0,0.0
W0306,Morning,2025-05-04,38.0,1,1,0.0,0.0,1.0
W0306,Morning,2025-05-22,31.0,1,1,0.0,0.0,1.0
W0306,Morning,2025-06-26,45.0,0,1,0.0,0.0,0.0
W0306,Night,2025-01-08,19.0,0,1,0.0,0.0,0.0
W0306,Night,2025-01-16,6.0,0,1,0.0,0.0,0.0
W0306,Night,2025-02-10,35.0,0,1,0.0,0.0,0.0
W0306,Night,2025-02-16,29.0,0,1,0.0,0.0,0.0
W0306,Night,2025-02-25,48.0,0,1,0.0,0.0,0.0
W0306,Night,2025-03-02,9.0,0,1,0.0,0.0,0.0
W0306,Night,2025-04-04,23.0,0,1,0.0,0.0,0.0
W0306,Night,2025-04-07,37.0,0,1,0.0,0.0,0.0
W0306,Night,2025-04-23,13.0,1,1,0.0,0.0,1.0
W0306,Night,2025-06-09,35.0,0,1,0.0,0.0,0.0
W0307,Evening,2025-01-01,45.0,1,1,0.0,0.0,1.0
W0307,Evening,2025-02-20,13.0,0,1,0.0,0.0,0.0
W0307,Evening,2025-03-29,38.0,0,1,0.0,0.0,0.0
W0307,Evening,2025-04-03,14.0,0,1,0.0,0.0,0.0
W0307,Evening,2025-05-12,45.0,0,1,0.0,0.0,0.0
W0307,Evening,2025-06-23,22.0,1,1,0.0,0.0,1.0
W0307,Morning,2025-01-25,47.0,0,1,0.0,0.0,0.0
W0307,Morning,2025-01-26,23.0,0,1,0.0,0.0,0.0
W0307,Morning,2025-02-27,38.0,0,1,0.0,0.0,0.0
W0307,Morning,2025-03-25,48.0,1,1,0.0,0.0,1.0
W0307,Morning,2025-04-04,37.0,0,1,0.0,0.0,0.0
W0307,Morning,2025-05-04,49.0,1,1,0.0,0.0,1.0
W0307,Morning,2025-06-25,10.0,1,1,0.0,0.0,1.0
W0307,Night,2025-01-30,21.0,0,1,0.0,0.0,0.0
W0307,Night,2025-01-31,12.0,0,1,0.0,0.0,0.0
W0307,Night,2025-02-02,13.0,1,1,0.0,0.0,1.0
W0307,Night,2025-02-07,35.0,0,1,0.0,0.0,0.0
W0307,Night,2025-03-08,40.0,0,1,0.0,0.0,0.0
W0307,Night,2025-03-22,16.0,1,1,0.0,0.0,1.0
W0307,Night,2025-06-02,35.0,1,1,0.0,0.0,1.0
W0307,Night,2025-06-23,13.0,0,1,0.0,0.0,0.0
W0308,Evening,2025-01-04,3.0,0,1,0.0,0.0,0.0
W0308,Evening,2025-02-03,38.0,0,1,0.0,0.0,0.0
W0308,Evening,2025-02-11,23.0,0,1,0.0,0.0,0.0
W0308,Evening,2025-02-25,24.0,0,1,10.0,2.4,0.0
W0308,Evening,2025-03-22,7.0,0,1,0.0,0.0,0.0
W0308,Evening,2025-06-07,15.0,0,1,0.0,0.0,0.0
W0308,Morning,2025-01-01,7.0,0,1,0.0,0.0,0.0
W0308,Morning,2025-01-03,39.0,0,1,9.0,4.333333333333333,0.0
W0308,Morning,2025-01-06,14.0,0,1,0.0,0.0,0.0
W0308,Morning,2025-02-09,4.0,0,1,0.0,0.0,0.0
W0308,Morning,2025-04-24,3.0,0,1,0.0,0.0,0.0
W0308,Night,2025-01-14,42.0,0,1,0.0,0.0,0.0
W0308,Night,2025-03-07,32.0,0,1,7.0,4.571428571428571,0.0
W0308,Night,2025-03-27,10.0,0,1,0.0,0.0,0.0
W0308,Night,2025-06-09,34.0,1,1,0.0,0.0,1.0
W0309,Evening,2025-02-11,14.0,0,1,0.0,0.0,0.0
W0309,Evening,2025-03-03,33.0,0,1,0.0,0.0,0.0
W0309,Evening,2025-05-29,26.0,0,1,0.0,0.0,0.0
W0309,Evening,2025-06-29,14.0,0,1,0.0,0.0,0.0
W0309,Morning,2025-01-11,49.0,0,1,0.0,0.0,0.0
W0309,Morning,2025-01-18,44.0,1,1,0.0,0.0,1.0
W0309,Morning,2025-01-25,28.0,1,1,0.0,0.0,1.0
W0309,Morning,2025-01-29,27.0,0,1,0.0,0.0,0.0
W0309,Morning,2025-02-15,24.0,1,1,0.0,0.0,1.0
W0309,Morning,2025-02-21,14.0,1,1,0.0,0.0,1.0
W0309,Morning,2025-02-26,26.0,0,1,0.0,0.0,0.0
W0309,Morning,2025-03-05,32.0,0,1,0.0,0.0,0.0
W0309,Morning,2025-03-10,27.0,0,1,0.0,0.0,0.0
W0309,Morning,2025-04-25,35.0,0,1,0.0,0.0,0.0
W0309,Night,2025-03-03,19.0,1,1,0.0,0.0,1.0
W0309,Night,2025-03-14,39.0,0,1,9.0,4.333333333333333,0.0
W0309,Night,2025-04-27,40.0,1,1,0.0,0.0,1.0
W0309,Night,2025-06-04,23.0,0,1,0.0,0.0,0.0
W0309,Night,2025-06-09,6.0,0,1,0.0,0.0,0.0
W0310,Evening,2025-02-14,16.0,0,1,0.0,0.0,0.0
W0310,Evening,2025-02-24,10.0,1,1,0.0,0.0,1.0
W0310,Evening,2025-03-02,3.0,1,1,0.0,0.0,1.0
W0310,Evening,2025-06-17,9.0,0,1,0.0,0.0,0.0
W0310,Morning,2025-01-18,21.0,0,1,0.0,0.0,0.0
W0310,Morning,2025-02-11,46.0,1,1,0.0,0.0,1.0
W0310,Morning,2025-02-16,1.0,1,1,0.0,0.0,1.0
W0310,Morning,2025-02-23,40.0,0,1,0.0,0.0,0.0
W0310,Morning,2025-03-05,7.0,0,1,0.0,0.0,0.0
W0310,Morning,2025-03-26,6.0,0,1,0.0,0.0,0.0
W0310,Morning,2025-04-09,43.0,0,1,0.0,0.0,0.0
W0310,Morning,2025-04-23,23.0,1,1,0.0,0.0,1.0
W0310,Morning,2025-04-29,20.0,0,1,0.0,0.0,0.0
W0310,Morning,2025-05-02,4.0,0,1,0.0,0.0,0.0
W0310,Morning,2025-05-20,30.0,0,1,0.0,0.0,0.0
W0310,Morning,2025-06-10,21.0,0,1,0.0,0.0,0.0
W0310,Night,2025-03-08,15.0,1,1,0.0,0.0,1.0
W0310,Night,2025-04-09,19.0,0,1,0.0,0.0,0.0
W0310,Night,2025-06-11,26.0,0,1,9.0,2.888888888888889,0.0
W0311,Morning,2025-05-03,47.0,0,1,0.0,0.0,0.0
W0311,Morning,2025-05-09,18.0,0,1,0.0,0.0,0.0
W0311,Morning,2025-05-14,38.0,0,2,0.0,0.0,0.0
W0311,Morning,2025-06-24,27.0,0,1,0.0,0.0,0.0
W0311,Morning,2025-06-25,14.0,0,1,0.0,0.0,0.0
W0311,Night,2025-02-06,2.0,0,1,0.0,0.0,0.0
W0311,Night,2025-04-06,37.0,0,1,0.0,0.0,0.0
W0312,Evening,2025-01-12,21.0,1,1,0.0,0.0,1.0
W0312,Evening,2025-03-03,41.0,0,1,0.0,0.0,0.0
W0312,Evening,2025-03-10,15.0,0,1,0.0,0.0,0.0
W0312,Evening,2025-05-19,46.0,0,1,0.0,0.0,0.0
W0312,Evening,2025-06-27,1.0,1,1,0.0,0.0,1.0
W0312,Morning,2025-01-06,30.0,0,1,0.0,0.0,0.0
W0312,Morning,2025-02-21,23.0,0,1,0.0,0.0,0.0
W0312,Morning,2025-03-22,37.0,0,1,0.0,0.0,0.0
W0312,Morning,2025-05-14,32.0,0,1,7.0,4.571428571428571,0.0
W0312,Morning,2025-06-10,55.0,0,2,0.0,0.0,0.0
W0312,Morning,2025-06-13,36.0,0,1,0.0,0.0,0.0
W0312,Morning,2025-06-16,9.0,0,1,0.0,0.0,0.0
W0312,Night,2025-01-17,28.0,1,1,0.0,0.0,1.0
W0312,Night,2025-04-08,33.0,0,1,0.0,0.0,0.0
W0312,Night,2025-04-14,36.0,1,1,0.0,0.0,1.0
W0312,Night,2025-05-21,2.0,0,1,8.0,0.25,0.0
W0313,Evening,2025-01-26,24.0,0,1,0.0,0.0,0.0
W0313,Evening,2025-03-18,36.0,0,1,0.0,0.0,0.0
W0313,Evening,2025-05-26,17.0,1,1,0.0,0.0,1.0
W0313,Morning,2025-01-18,17.0,0,1,10.0,1.7,0.0
W0313,Morning,2025-01-31,28.0,1,1,0.0,0.0,1.0
W0313,Morning,2025-02-02,48.0,0,1,0.0,0.0,0.0
W0313,Morning,2025-03-01,17.0,0,1,0.0,0.0,0.0
W0313,Morning,2025-04-15,2.0,1,1,0.0,0.0,1.0
W0313,Morning,2025-05-24,36.0,0,1,0.0,0.0,0.0
W0313,Morning,2025-06-09,8.0,1,1,0.0,0.0,1.0
W0314,Evening,2025-02-20,37.0,0,1,0.0,0.0,0.0
W0314,Evening,2025-03-27,24.0,0,1,0.0,0.0,0.0
W0314,Evening,2025-06-24,45.0,0,1,0.0,0.0,0.0
W0314,Morning,2025-01-22,45.0,1,1,0.0,0.0,1.0
W0314,Morning,2025-02-02,49.0,0,1,0.0,0.0,0.0
W0314,Morning,2025-02-20,36.0,0,1,0.0,0.0,0.0
W0314,Morning,2025-03-26,47.0,0,1,0.0,0.0,0.0
W0314,Morning,2025-04-16,40.0,0,1,0.0,0.0,0.0
W0314,Morning,2025-06-10,40.0,0,1,0.0,0.0,0.0
W0314,Morning,2025-06-13,3.0,1,1,0.0,0.0,1.0
W0314,Night,2025-01-18,23.0,0,1,0.0,0.0,0.0
W0314,Night,2025-03-17,23.0,0,1,0.0,0.0,0.0
W0314,Night,2025-05-22,66.0,1,2,0.0,0.0,0.5
W0315,Evening,2025-01-25,11.0,1,1,0.0,0.0,1.0
W0315,Evening,2025-04-05,49.0,0,1,0.0,0.0,0.0
W0315,Evening,2025-04-19,16.0,1,1,0.0,0.0,1.0
W0315,Evening,2025-05-01,24.0,0,1,0.0,0.0,0.0
W0315,Evening,2025-06-07,23.0,0,1,0.0,0.0,0.0
W0315,Morning,2025-01-03,19.0,0,1,0.0,0.0,0.0
W0315,Morning,2025-01-24,2.0,1,1,0.0,0.0,1.0
W0315,Morning,2025-02-12,25.0,1,1,0.0,0.0,1.0
W0315,Morning,2025-02-15,33.0,0,1,0.0,0.0,0.0
W0315,Morning,2025-03-12,4.0,0,1,0.0,0.0,0.0
W0315,Morning,2025-03-21,42.0,0,1,0.0,0.0,0.0
W0315,Morning,2025-03-23,48.0,1,1,9.0,5.333333333333333,1.0
W0315,Morning,2025-04-03,40.0,0,1,0.0,0.0,0.0
W0315,Morning,2025-04-14,59.0,1,2,0.0,0.0,0.5
W0315,Morning,2025-04-29,25.0,1,1,0.0,0.0,1.0
W0315,Morning,2025-05-09,42.0,1,1,0.0,0.0,1.0
W0315,Morning,2025-05-16,24.0,1,1,0.0,0.0,1.0
W0315,Morning,2025-05-20,38.0,0,1,0.0,0.0,0.0
W0315,Morning,2025-05-21,7.0,0,1,0.0,0.0,0.0
W0315,Morning,2025-06-02,10.0,0,1,0.0,0.0,0.0
W0315,Night,2025-02-13,4.0,0,1,0.0,0.0,0.0
W0315,Night,2025-04-21,31.0,0,1,6.0,5.166666666666667,0.0
W0315,Night,2025-04-23,30.0,1,1,0.0,0.0,1.0
W0315,Night,2025-06-02,1.0,0,1,0.0,0.0,0.0
W0316,Evening,2025-02-15,48.0,0,1,0.0,0.0,0.0
W0316,Evening,2025-03-30,4.0,0,1,0.0,0.0,0.0
W0316,Morning,2025-01-11,42.0,0,1,0.0,0.0,0.0
W0316,Morning,2025-01-30,31.0,0,1,0.0,0.0,0.0
W0316,Morning,2025-02-09,5.0,1,1,0.0,0.0,1.0
W0316,Morning,2025-02-11,15.0,0,1,0.0,0.0,0.0
W0316,Morning,2025-02-23,38.0,0,1,0.0,0.0,0.0
W0316,Morning,2025-06-28,38.0,0,1,0.0,0.0,0.0
W0316,Night,2025-02-22,3.0,0,1,0.0,0.0,0.0
W0316,Night,2025-03-09,28.0,1,1,0.0,0.0,1.0
W0316,Night,2025-05-23,34.0,1,1,0.0,0.0,1.0
W0316,Night,2025-05-26,39.0,0,1,0.0,0.0,0.0
W0316,Night,2025-06-17,28.0,0,1,0.0,0.0,0.0
W0316,Night,2025-06-25,9.0,0,1,0.0,0.0,0.0
W0317,Evening,2025-01-15,20.0,1,1,0.0,0.0,1.0
W0317,Evening,2025-03-02,35.0,1,1,0.0,0.0,1.0
W0317,Evening,2025-03-14,26.0,1,1,0.0,0.0,1.0
W0317,Morning,2025-01-03,39.0,0,1,0.0,0.0,0.0
W0317,Morning,2025-01-14,24.0,0,1,0.0,0.0,0.0
W0317,Morning,2025-01-22,45.0,0,1,0.0,0.0,0.0
W0317,Morning,2025-01-26,43.0,0,1,0.0,0.0,0.0
W0317,Morning,2025-02-28,44.0,0,1,0.0,0.0,0.0
W0317,Morning,2025-03-03,2.0,0,1,0.0,0.0,0.0
W0317,Morning,2025-04-20,44.0,0,1,0.0,0.0,0.0
W0317,Morning,2025-04-27,27.0,0,1,0.0,0.0,0.0
W0317,Morning,2025-05-14,36.0,1,1,0.0,0.0,1.0
W0317,Morning,2025-06-04,23.0,1,1,0.0,0.0,1.0
W0317,Morning,2025-06-27,31.0,1,1,0.0,0.0,1.0
W0317,Night,2025-03-04,7.0,0,1,10.0,0.7,0.0
W0317,Night,2025-03-23,43.0,0,1,0.0,0.0,0.0
W0317,Night,2025-05-11,39.0,0,1,0.0,0.0,0.0
W0318,Evening,2025-06-24,33.0,0,1,0.0,0.0,0.0
W0318,Morning,2025-01-09,32.0,0,1,0.0,0.0,0.0
W0318,Morning,2025-01-14,48.0,0,1,7.0,6.857142857142857,0.0
W0318,Morning,2025-03-23,36.0,0,1,0.0,0.0,0.0
W0318,Morning,2025-04-30,38.0,1,1,0.0,0.0,1.0
W0318,Morning,2025-05-06,37.0,1,1,0.0,0.0,1.0
W0318,Morning,2025-05-12,23.0,0,1,8.0,2.875,0.0
W0318,Morning,2025-05-17,32.0,0,1,0.0,0.0,0.0
W0318,Morning,2025-05-28,1.0,0,1,0.0,0.0,0.0
W0318,Morning,2025-06-27,31.0,0,1,0.0,0.0,0.0
W0318,Night,2025-03-03,43.0,0,1,0.0,0.0,0.0
W0318,Night,2025-03-07,45.0,1,1,0.0,0.0,1.0
W0318,Night,2025-05-18,6.0,1,1,0.0,0.0,1.0
W0318,Night,2025-06-14,23.0,0,1,0.0,0.0,0.0
W0319,Evening,2025-01-03,7.0,0,1,0.0,0.0,0.0
W0319,Evening,2025-01-12,9.0,1,1,0.0,0.0,1.0
W0319,Evening,2025-02-11,21.0,0,1,0.0,0.0,0.0
W0319,Evening,2025-03-10,15.0,1,1,0.0,0.0,1.0
W0319,Evening,2025-05-06,28.0,0,1,0.0,0.0,0.0
W0319,Evening,2025-06-13,46.0,1,1,0.0,0.0,1.0
W0319,Evening,2025-06-25,4.0,0,1,0.0,0.0,0.0
W0319,Morning,2025-01-04,3.0,0,1,0.0,0.0,0.0
W0319,Morning,2025-01-05,3.0,0,1,0.0,0.0,0.0
W0319,Morning,2025-03-21,32.0,0,1,0.0,0.0,0.0
W0319,Morning,2025-03-25,47.0,0,1,0.0,0.0,0.0
W0319,Morning,2025-03-26,9.0,0,1,0.0,0.0,0.0
W0319,Morning,2025-03-30,10.0,1,1,0.0,0.0,1.0
W0319,Morning,2025-05-11,45.0,0,1,0.0,0.0,0.0
W0319,Morning,2025-05-31,29.0,1,1,6.0,4.833333333333333,1.0
W0319,Morning,2025-06-05,21.0,0,1,0.0,0.0,0.0
W0319,Morning,2025-06-27,21.0,0,1,0.0,0.0,0.0
W0319,Night,2025-01-21,23.0,0,1,0.0,0.0,0.0
W0320,Evening,2025-02-20,33.0,0,1,0.0,0.0,0.0
W0320,Evening,2025-05-19,10.0,0,1,0.0,0.0,0.0
W0320,Evening,2025-06-14,36.0,1,1,0.0,0.0,1.0
W0320,Evening,2025-06-17,49.0,0,1,7.0,7.0,0.0
W0320,Evening,2025-06-24,37.0,1,1,0.0,0.0,1.0
W0320,Morning,2025-01-03,10.0,1,1,0.0,0.0,1.0
W0320,Morning,2025-01-06,42.0,1,1,0.0,0.0,1.0
W0320,Morning,2025-01-21,47.0,1,1,0.0,0.0,1.0
W0320,Morning,2025-01-31,25.0,0,1,0.0,0.0,0.0
W0320,Morning,2025-04-06,27.0,1,1,9.0,3.0,1.0
W0320,Morning,2025-05-18,40.0,0,1,0.0,0.0,0.0
W0320,Morning,2025-06-21,8.0,1,1,0.0,0.0,1.0
W0320,Night,2025-02-25,43.0,0,1,8.0,5.375,0.0
W0320,Night,2025-03-11,49.0,0,1,0.0,0.0,0.0
W0320,Night,2025-06-10,21.0,1,1,8.0,2.625,1.0
W0321,Evening,2025-02-09,40.0,0,1,0.0,0.0,0.0
W0321,Evening,2025-02-20,23.0,0,1,0.0,0.0,0.0
W0321,Evening,2025-03-03,11.0,0,1,0.0,0.0,0.0
W0321,Evening,2025-05-02,43.0,0,1,0.0,0.0,0.0
W0321,Evening,2025-05-27,28.0,0,1,0.0,0.0,0.0
W0321,Evening,2025-06-04,22.0,0,1,0.0,0.0,0.0
W0321,Evening,2025-06-15,44.0,0,1,0.0,0.0,0.0
W0321,Morning,2025-01-05,16.0,1,1,0.0,0.0,1.0
W0321,Morning,2025-01-20,35.0,0,1,0.0,0.0,0.0
W0321,Morning,2025-03-19,21.0,0,1,0.0,0.0,0.0
W0321,Morning,2025-03-23,46.0,1,1,0.0,0.0,1.0
W0321,Morning,2025-04-08,42.0,0,1,0.0,0.0,0.0
W0321,Morning,2025-04-09,9.0,0,1,0.0,0.0,0.0
W0321,Morning,2025-05-31,12.0,0,1,0.0,0.0,0.0
W0321,Morning,2025-06-08,7.0,1,1,6.0,1.1666666666666667,1.0
W0321,Morning,2025-06-13,4.0,0,1,0.0,0.0,0.0
W0321,Night,2025-01-25,34.0,0,1,0.0,0.0,0.0
W0321,Night,2025-01-31,20.0,1,1,7.0,2.857142857142857,1.0
W0321,Night,2025-03-06,49.0,0,1,0.0,0.0,0.0
W0321,Night,2025-04-18,28.0,0,1,0.0,0.0,0.0
W0322,Evening,2025-01-22,28.0,1,1,0.0,0.0,1.0
W0322,Evening,2025-01-26,19.0,0,1,0.0,0.0,0.0
W0322,Morning,2025-02-22,27.0,1,1,0.0,0.0,1.0
W0322,Morning,2025-02-23,22.0,1,1,0.0,0.0,1.0
W0322,Morning,2025-03-01,6.0,1,1,0.0,0.0,1.0
W0322,Morning,2025-03-22,35.0,1,1,0.0,0.0,1.0
W0322,Morning,2025-03-30,37.0,0,1,0.0,0.0,0.0
W0322,Morning,2025-04-02,9.0,0,1,0.0,0.0,0.0
W0322,Morning,2025-04-12,4.0,0,1,0.0,0.0,0.0
W0322,Morning,2025-05-09,33.0,0,1,0.0,0.0,0.0
W0322,Morning,2025-05-25,28.0,0,1,0.0,0.0,0.0
W0322,Morning,2025-05-31,22.0,0,1,0.0,0.0,0.0
W0322,Morning,2025-06-12,16.0,0,1,0.0,0.0,0.0
W0322,Morning,2025-06-28,26.0,0,1,0.0,0.0,0.0
W0323,Evening,2025-01-09,20.0,0,1,0.0,0.0,0.0
W0323,Evening,2025-02-15,13.0,1,1,0.0,0.0,1.0
W0323,Evening,2025-03-25,4.0,0,1,0.0,0.0,0.0
W0323,Evening,2025-04-01,40.0,1,1,0.0,0.0,1.0
W0323,Evening,2025-04-15,8.0,1,1,0.0,0.0,1.0
W0323,Evening,2025-05-02,1.0,0,1,0.0,0.0,0.0
W0323,Evening,2025-05-18,34.0,0,1,0.0,0.0,0.0
W0323,Morning,2025-04-17,1.0,1,1,0.0,0.0,1.0
W0323,Morning,2025-04-23,12.0,0,1,6.0,2.0,0.0
W0323,Morning,2025-06-05,47.0,0,1,0.0,0.0,0.0
W0323,Morning,2025-06-10,19.0,0,1,6.0,3.1666666666666665,0.0
W0323,Morning,2025-06-14,22.0,0,1,0.0,0.0,0.0
W0323,Morning,2025-06-29,44.0,0,1,0.0,0.0,0.0
W0323,Night,2025-02-10,17.0,1,1,0.0,0.0,1.0
W0323,Night,2025-02-26,11.0,0,1,0.0,0.0,0.0
W0323,Night,2025-03-01,45.0,1,1,0.0,0.0,1.0
W0323,Night,2025-05-27,6.0,0,1,0.0,0.0,0.0
W0324,Evening,2025-02-14,37.0,1,1,0.0,0.0,1.0
W0324,Evening,2025-04-12,34.0,0,1,0.0,0.0,0.0
W0324,Evening,2025-04-27,19.0,0,1,0.0,0.0,0.0
W0324,Evening,2025-05-02,11.0,1,1,0.0,0.0,1.0
W0324,Evening,2025-05-04,40.0,1,1,0.0,0.0,1.0
W0324,Morning,2025-01-10,4.0,0,1,0.0,0.0,0.0
W0324,Morning,2025-02-25,36.0,1,1,8.0,4.5,1.0
W0324,Morning,2025-03-03,12.0,0,1,0.0,0.0,0.0
W0324,Morning,2025-03-06,9.0,0,1,0.0,0.0,0.0
W0324,Morning,2025-03-22,47.0,0,1,0.0,0.0,0.0
W0324,Morning,2025-04-18,25.0,0,1,0.0,0.0,0.0
W0324,Morning,2025-04-20,23.0,0,1,0.0,0.0,0.0
W0324,Morning,2025-05-07,11.0,0,1,0.0,0.0,0.0
W0324,Morning,2025-05-30,29.0,1,1,0.0,0.0,1.0
W0324,Night,2025-01-03,12.0,0,1,0.0,0.0,0.0
W0324,Night,2025-01-10,43.0,1,1,0.0,0.0,1.0
W0324,Night,2025-05-08,31.0,1,1,0.0,0.0,1.0
W0324,Night,2025-05-09,29.0,0,1,0.0,0.0,0.0
W0324,Night,2025-06-04,27.0,0,1,0.0,0.0,0.0
W0324,Night,2025-06-16,29.0,0,1,0.0,0.0,0.0
W0325,Evening,2025-01-05,11.0,0,1,0.0,0.0,0.0
W0325,Evening,2025-01-11,31.0,0,1,0.0,0.0,0.0
W0325,Evening,2025-01-23,36.0,0,1,0.0,0.0,0.0
W0325,Evening,2025-03-02,40.0,0,1,0.0,0.0,0.0
W0325,Evening,2025-03-15,6.0,0,1,0.0,0.0,0.0
W0325,Morning,2025-01-13,46.0,0,1,0.0,0.0,0.0
W0325,Morning,2025-02-18,32.0,0,2,0.0,0.0,0.0
W0325,Morning,2025-02-22,39.0,0,1,0.0,0.0,0.0
W0325,Morning,2025-03-04,26.0,0,2,0.0,0.0,0.0
W0325,Morning,2025-03-05,29.0,0,1,0.0,0.0,0.0
W0325,Morning,2025-03-09,48.0,1,1,0.0,0.0,1.0
W0325,Morning,2025-03-15,24.0,0,1,0.0,0.0,0.0
W0325,Morning,2025-03-21,8.0,0,1,0.0,0.0,0.0
W0325,Morning,2025-05-30,29.0,0,1,0.0,0.0,0.0
W0325,Night,2025-02-14,21.0,0,1,0.0,0.0,0.0
W0325,Night,2025-02-28,33.0,0,1,0.0,0.0,0.0
W0325,Night,2025-03-19,24.0,0,1,0.0,0.0,0.0
W0325,Night,2025-04-08,21.0,0,1,0.0,0.0,0.0
W0325,Night,2025-05-18,39.0,0,1,0.0,0.0,0.0
W0325,Night,2025-06-04,39.0,0,1,0.0,0.0,0.0
W0326,Evening,2025-01-30,9.0,1,1,0.0,0.0,1.0
W0326,Evening,2025-02-02,7.0,1,1,0.0,0.0,1.0
W0326,Evening,2025-03-04,21.0,1,1,0.0,0.0,1.0
W0326,Evening,2025-05-10,22.0,1,1,0.0,0.0,1.0
W0326,Morning,2025-01-01,7.0,0,1,0.0,0.0,0.0
W0326,Morning,2025-01-22,33.0,1,2,0.0,0.0,0.5
W0326,Morning,2025-02-03,15.0,0,1,6.0,2.5,0.0
W0326,Morning,2025-02-16,40.0,0,1,0.0,0.0,0.0
W0326,Morning,2025-03-21,12.0,0,1,0.0,0.0,0.0
W0326,Morning,2025-04-08,29.0,0,1,0.0,0.0,0.0
W0326,Morning,2025-04-09,47.0,0,1,0.0,0.0,0.0
W0326,Morning,2025-04-11,34.0,0,1,0.0,0.0,0.0
W0326,Morning,2025-04-14,47.0,0,1,0.0,0.0,0.0
W0326,Morning,2025-04-27,42.0,0,1,0.0,0.0,0.0
W0326,Morning,2025-05-04,36.0,0,1,0.0,0.0,0.0
W0326,Morning,2025-05-12,8.0,0,1,0.0,0.0,0.0
W0326,Morning,2025-05-28,9.0,0,1,0.0,0.0,0.0
W0326,Morning,2025-06-01,6.0,0,1,0.0,0.0,0.0
W0326,Morning,2025-06-03,33.0,1,1,0.0,0.0,1.0
W0326,Night,2025-02-10,22.0,1,1,0.0,0.0,1.0
W0326,Night,2025-05-02,20.0,0,1,0.0,0.0,0.0
W0327,Evening,2025-02-08,36.0,0,1,0.0,0.0,0.0
W0327,Evening,2025-03-16,37.0,0,1,0.0,0.0,0.0
W0327,Evening,2025-04-22,17.0,1,1,0.0,0.0,1.0
W0327,Morning,2025-02-10,40.0,0,1,0.0,0.0,0.0
W0327,Morning,2025-02-24,24.0,0,1,0.0,0.0,0.0
W0327,Morning,2025-03-11,24.0,0,1,0.0,0.0,0.0
W0327,Morning,2025-03-12,13.0,0,1,0.0,0.0,0.0
W0327,Morning,2025-03-15,40.0,0,1,0.0,0.0,0.0
W0327,Morning,2025-04-22,15.0,0,1,0.0,0.0,0.0
W0327,Morning,2025-04-27,25.0,0,1,0.0,0.0,0.0
W0327,Morning,2025-05-09,4.0,0,1,0.0,0.0,0.0
W0327,Morning,2025-06-24,23.0,0,1,0.0,0.0,0.0
W0327,Morning,2025-06-27,46.0,0,1,0.0,0.0,0.0
W0327,Night,2025-01-28,31.0,1,1,0.0,0.0,1.0
W0327,Night,2025-02-08,12.0,0,1,0.0,0.0,0.0
W0327,Night,2025-03-19,26.0,1,1,0.0,0.0,1.0
W0327,Night,2025-03-22,21.0,1,1,0.0,0.0,1.0
W0327,Night,2025-04-10,39.0,1,1,0.0,0.0,1.0
W0327,Night,2025-05-24,26.0,0,1,0.0,0.0,0.0
W0327,Night,2025-05-31,21.0,0,1,0.0,0.0,0.0
W0327,Night,2025-06-25,7.0,0,1,0.0,0.0,0.0
W0328,Evening,2025-01-04,28.0,0,1,0.0,0.0,0.0
W0328,Evening,2025-01-24,40.0,1,1,0.0,0.0,1.0
W0328,Evening,2025-02-02,10.0,1,1,0.0,0.0,1.0
W0328,Evening,2025-02-03,2.0,1,1,0.0,0.0,1.0
W0328,Evening,2025-03-03,41.0,1,1,0.0,0.0,1.0
W0328,Evening,2025-06-03,4.0,0,1,8.0,0.5,0.0
W0328,Evening,2025-06-05,6.0,0,1,0.0,0.0,0.0
W0328,Morning,2025-01-11,37.0,0,1,0.0,0.0,0.0
W0328,Morning,2025-02-14,20.0,0,1,0.0,0.0,0.0
W0328,Morning,2025-04-28,46.0,0,1,0.0,0.0,0.0
W0328,Morning,2025-05-05,26.0,0,1,0.0,0.0,0.0
W0328,Night,2025-01-13,32.0,0,1,0.0,0.0,0.0
W0328,Night,2025-02-15,26.0,0,1,0.0,0.0,0.0
W0328,Night,2025-03-03,16.0,0,1,0.0,0.0,0.0
W0328,Night,2025-04-17,40.0,1,1,0.0,0.0,1.0
W0328,Night,2025-05-06,41.0,0,1,0.0,0.0,0.0
W0328,Night,2025-05-10,28.0,0,1,0.0,0.0,0.0
W0328,Night,2025-05-18,17.0,0,1,0.0,0.0,0.0
W0328,Night,2025-05-26,23.0,0,1,0.0,0.0,0.0
W0328,Night,2025-06-02,41.0,0,1,0.0,0.0,0.0
W0328,Night,2025-06-09,19.0,0,1,0.0,0.0,0.0
W0329,Evening,2025-01-26,4.0,0,1,0.0,0.0,0.0
W0329,Evening,2025-04-04,24.0,0,1,0.0,0.0,0.0
W0329,Evening,2025-04-07,12.0,0,1,0.0,0.0,0.0
W0329,Morning,2025-01-23,1.0,1,1,0.0,0.0,1.0
W0329,Morning,2025-02-23,4.0,0,1,0.0,0.0,0.0
W0329,Morning,2025-02-27,48.0,0,1,0.0,0.0,0.0
W0329,Morning,2025-03-12,26.0,0,1,0.0,0.0,0.0
W0329,Morning,2025-04-13,15.0,0,1,0.0,0.0,0.0
W0329,Morning,2025-04-19,19.0,0,1,0.0,0.0,0.0
W0329,Morning,2025-05-26,8.0,0,1,0.0,0.0,0.0
W0329,Morning,2025-06-10,12.0,0,1,0.0,0.0,0.0
W0329,Morning,2025-06-16,47.0,0,1,0.0,0.0,0.0
W0329,Night,2025-04-10,14.0,0,1,0.0,0.0,0.0
W0329,Night,2025-06-21,31.0,0,1,0.0,0.0,0.0
W0329,Night,2025-06-22,5.0,0,1,0.0,0.0,0.0
W0330,Evening,2025-02-18,8.0,0,1,0.0,0.0,0.0
W0330,Evening,2025-03-21,3.0,0,1,9.0,0.3333333333333333,0.0
W0330,Evening,2025-03-27,32.0,1,1,0.0,0.0,1.0
W0330,Evening,2025-05-08,31.0,0,1,0.0,0.0,0.0
W0330,Evening,2025-05-09,48.0,1,1,0.0,0.0,1.0
W0330,Evening,2025-05-23,8.0,0,1,0.0,0.0,0.0
W0330,Morning,2025-01-14,28.0,1,1,0.0,0.0,1.0
W0330,Morning,2025-01-26,47.0,0,1,0.0,0.0,0.0
W0330,Morning,2025-01-28,2.0,0,1,0.0,0.0,0.0
W0330,Morning,2025-02-18,8.0,0,1,0.0,0.0,0.0
W0330,Morning,2025-02-19,49.0,0,1,0.0,0.0,0.0
W0330,Morning,2025-03-22,4.0,0,1,0.0,0.0,0.0
W0330,Morning,2025-05-17,28.0,0,1,0.0,0.0,0.0
W0330,Morning,2025-05-27,3.0,0,1,0.0,0.0,0.0
W0330,Morning,2025-06-19,7.0,0,1,0.0,0.0,0.0
W0330,Morning,2025-06-25,36.0,0,1,0.0,0.0,0.0
W0330,Night,2025-01-25,24.0,0,1,0.0,0.0,0.0
W0330,Night,2025-02-09,39.0,0,1,8.0,4.875,0.0
W0330,Night,2025-02-12,18.0,0,1,0.0,0.0,0.0
W0330,Night,2025-03-10,16.0,0,1,0.0,0.0,0.0
W0330,Night,2025-04-25,1.0,0,1,0.0,0.0,0.0
W0330,Night,2025-06-18,30.0,0,1,0.0,0.0,0.0
W0331,Evening,2025-01-26,37.0,0,1,0.0,0.0,0.0
W0331,Evening,2025-02-07,26.0,0,1,0.0,0.0,0.0
W0331,Evening,2025-03-08,46.0,1,1,9.0,5.111111111111111,1.0
W0331,Evening,2025-04-16,6.0,0,1,0.0,0.0,0.0
W0331,Evening,2025-04-26,31.0,0,1,0.0,0.0,0.0
W0331,Evening,2025-05-26,42.0,0,1,0.0,0.0,0.0
W0331,Morning,2025-01-14,48.0,0,1,0.0,0.0,0.0
W0331,Morning,2025-01-24,24.0,0,1,0.0,0.0,0.0
W0331,Morning,2025-02-20,4.0,0,1,0.0,0.0,0.0
W0331,Morning,2025-04-15,46.0,0,1,0.0,0.0,0.0
W0331,Morning,2025-05-17,42.0,0,1,0.0,0.0,0.0
W0331,Morning,2025-05-25,7.0,0,1,0.0,0.0,0.0
W0331,Morning,2025-06-13,22.0,0,1,0.0,0.0,0.0
W0331,Morning,2025-06-18,48.0,0,1,0.0,0.0,0.0
W0331,Night,2025-01-05,39.0,0,1,0.0,0.0,0.0
W0331,Night,2025-03-06,4.0,0,1,0.0,0.0,0.0
W0331,Night,2025-06-10,7.0,0,1,0.0,0.0,0.0
W0332,Evening,2025-01-07,41.0,0,1,0.0,0.0,0.0
W0332,Evening,2025-02-02,22.0,1,1,0.0,0.0,1.0
W0332,Evening,2025-02-11,44.0,0,1,0.0,0.0,0.0
W0332,Evening,2025-03-26,24.0,0,1,0.0,0.0,0.0
W0332,Morning,2025-01-04,28.0,0,1,0.0,0.0,0.0
W0332,Morning,2025-01-27,35.0,1,1,0.0,0.0,1.0
W0332,Morning,2025-02-24,40.0,0,1,0.0,0.0,0.0
W0332,Morning,2025-02-27,9.0,0,1,0.0,0.0,0.0
W0332,Morning,2025-04-29,6.0,0,1,6.0,1.0,0.0
W0332,Morning,2025-05-24,12.0,1,1,17.0,0.7058823529411765,1.0
W0332,Night,2025-03-28,46.0,1,1,0.0,0.0,1.0
W0332,Night,2025-05-10,29.0,1,1,0.0,0.0,1.0
W0332,Night,2025-06-10,38.0,0,1,0.0,0.0,0.0
W0332,Night,2025-06-15,40.0,0,1,0.0,0.0,0.0
W0333,Evening,2025-01-02,49.0,0,1,0.0,0.0,0.0
W0333,Evening,2025-02-26,33.0,0,1,0.0,0.0,0.0
W0333,Evening,2025-03-04,43.0,1,1,0.0,0.0,1.0
W0333,Morning,2025-01-13,13.0,0,1,0.0,0.0,0.0
W0333,Morning,2025-03-22,48.0,0,1,0.0,0.0,0.0
W0333,Morning,2025-03-24,35.0,0,1,0.0,0.0,0.0
W0333,Morning,2025-03-30,29.0,0,1,0.0,0.0,0.0
W0333,Morning,2025-04-04,36.0,0,1,0.0,0.0,0.0
W0333,Morning,2025-04-13,28.0,0,1,0.0,0.0,0.0
W0333,Morning,2025-04-14,30.0,1,1,0.0,0.0,1.0
W0333,Morning,2025-05-02,26.0,0,1,0.0,0.0,0.0
W0333,Morning,2025-05-11,48.0,0,1,0.0,0.0,0.0
W0333,Morning,2025-05-21,14.0,1,1,0.0,0.0,1.0
W0333,Morning,2025-06-09,13.0,0,1,0.0,0.0,0.0
W0333,Morning,2025-06-28,32.0,1,1,0.0,0.0,1.0
W0333,Morning,2025-06-29,31.0,0,1,0.0,0.0,0.0
W0333,Night,2025-01-14,41.0,0,1,0.0,0.0,0.0
W0333,Night,2025-01-25,16.0,0,1,7.0,2.2857142857142856,0.0
W0333,Night,2025-01-27,30.0,0,1,0.0,0.0,0.0
W0333,Night,2025-03-02,10.0,1,1,0.0,0.0,1.0
W0333,Night,2025-03-17,49.0,0,1,0.0,0.0,0.0
W0333,Night,2025-03-30,36.0,0,1,0.0,0.0,0.0
W0333,Night,2025-05-26,10.0,1,1,0.0,0.0,1.0
W0333,Night,2025-06-19,42.0,0,1,0.0,0.0,0.0
W0334,Evening,2025-03-01,37.0,0,1,6.0,6.166666666666667,0.0
W0334,Evening,2025-03-07,27.0,0,1,0.0,0.0,0.0
W0334,Evening,2025-03-10,17.0,1,1,0.0,0.0,1.0
W0334,Evening,2025-04-30,13.0,1,1,0.0,0.0,1.0
W0334,Evening,2025-06-05,25.0,0,1,0.0,0.0,0.0
W0334,Evening,2025-06-11,22.0,1,1,0.0,0.0,1.0
W0334,Morning,2025-02-07,19.0,1,1,10.0,1.9,1.0
W0334,Morning,2025-02-21,21.0,0,1,0.0,0.0,0.0
W0334,Morning,2025-03-29,16.0,0,1,0.0,0.0,0.0
W0334,Morning,2025-04-19,48.0,0,1,0.0,0.0,0.0
W0334,Night,2025-01-31,11.0,0,1,0.0,0.0,0.0
W0334,Night,2025-02-10,47.0,0,1,0.0,0.0,0.0
W0334,Night,2025-03-04,30.0,0,1,0.0,0.0,0.0
W0334,Night,2025-04-22,5.0,0,1,0.0,0.0,0.0
W0334,Night,2025-06-04,13.0,0,1,0.0,0.0,0.0
W0334,Night,2025-06-05,7.0,0,1,0.0,0.0,0.0
W0335,Evening,2025-02-13,10.0,0,1,0.0,0.0,0.0
W0335,Evening,2025-04-10,10.0,0,1,0.0,0.0,0.0
W0335,Evening,2025-05-14,11.0,0,1,0.0,0.0,0.0
W0335,Evening,2025-06-25,9.0,0,1,0.0,0.0,0.0
W0335,Morning,2025-01-01,13.0,0,1,0.0,0.0,0.0
W0335,Morning,2025-01-23,32.0,0,1,0.0,0.0,0.0
W0335,Morning,2025-02-14,3.0,1,1,0.0,0.0,1.0
W0335,Morning,2025-03-06,49.0,0,1,0.0,0.0,0.0
W0335,Morning,2025-03-12,25.0,0,1,0.0,0.0,0.0
W0335,Morning,2025-06-01,40.0,0,1,0.0,0.0,0.0
W0335,Morning,2025-06-13,27.0,0,1,0.0,0.0,0.0
W0335,Night,2025-02-03,43.0,0,1,0.0,0.0,0.0
W0335,Night,2025-04-07,1.0,0,1,0.0,0.0,0.0
W0335,Night,2025-04-14,8.0,1,1,0.0,0.0,1.0
W0335,Night,2025-04-27,8.0,0,1,0.0,0.0,0.0
W0336,Evening,2025-01-16,37.0,0,1,0.0,0.0,0.0
W0336,Evening,2025-02-01,6.0,0,1,0.0,0.0,0.0
W0336,Evening,2025-03-20,24.0,0,1,0.0,0.0,0.0
W0336,Evening,2025-04-04,5.0,0,1,0.0,0.0,0.0
W0336,Evening,2025-05-02,17.0,0,1,0.0,0.0,0.0
W0336,Evening,2025-05-13,17.0,0,1,0.0,0.0,0.0
W0336,Evening,2025-06-09,12.0,1,1,0.0,0.0,1.0
W0336,Morning,2025-02-09,41.0,1,1,0.0,0.0,1.0
W0336,Morning,2025-02-20,49.0,1,1,0.0,0.0,1.0
W0336,Morning,2025-02-28,36.0,1,1,0.0,0.0,1.0
W0336,Morning,2025-03-07,33.0,0,1,0.0,0.0,0.0
W0336,Morning,2025-03-25,9.0,0,1,0.0,0.0,0.0
W0336,Morning,2025-04-12,48.0,0,1,0.0,0.0,0.0
W0336,Morning,2025-05-06,4.0,0,1,0.0,0.0,0.0
W0336,Night,2025-01-20,31.0,1,1,0.0,0.0,1.0
W0336,Night,2025-04-22,12.0,0,1,0.0,0.0,0.0
W0336,Night,2025-06-05,43.0,0,1,8.0,5.375,0.0
W0337,Evening,2025-01-19,34.0,1,1,0.0,0.0,1.0
W0337,Evening,2025-03-04,21.0,1,1,0.0,0.0,1.0
W0337,Evening,2025-03-10,1.0,0,1,0.0,0.0,0.0
W0337,Evening,2025-04-16,20.0,1,1,0.0,0.0,1.0
W0337,Evening,2025-05-11,39.0,0,1,0.0,0.0,0.0
W0337,Evening,2025-05-28,44.0,0,1,0.0,0.0,0.0
W0337,Evening,2025-06-26,9.0,0,1,0.0,0.0,0.0
W0337,Evening,2025-06-27,49.0,1,1,0.0,0.0,1.0
W0337,Morning,2025-03-07,23.0,0,1,0.0,0.0,0.0
W0337,Morning,2025-03-08,26.0,0,1,0.0,0.0,0.0
W0337,Morning,2025-03-16,7.0,0,1,0.0,0.0,0.0
W0337,Morning,2025-03-29,45.0,0,1,0.0,0.0,0.0
W0337,Morning,2025-04-29,36.0,0,1,0.0,0.0,0.0
W0337,Morning,2025-05-16,11.0,0,1,0.0,0.0,0.0
W0337,Morning,2025-05-27,12.0,0,1,0.0,0.0,0.0
W0337,Morning,2025-06-28,39.0,0,1,0.0,0.0,0.0
W0337,Night,2025-06-13,49.0,0,1,0.0,0.0,0.0
W0338,Evening,2025-01-16,26.0,0,1,0.0,0.0,0.0
W0338,Evening,2025-01-18,44.0,0,1,0.0,0.0,0.0
W0338,Evening,2025-01-27,27.0,0,1,0.0,0.0,0.0
W0338,Evening,2025-03-01,19.0,0,1,0.0,0.0,0.0
W0338,Evening,2025-03-02,34.0,0,1,0.0,0.0,0.0
W0338,Evening,2025-03-03,29.0,0,1,0.0,0.0,0.0
W0338,Evening,2025-05-07,11.0,1,1,0.0,0.0,1.0
W0338,Evening,2025-05-25,35.0,0,1,0.0,0.0,0.0
W0338,Morning,2025-01-20,38.0,0,1,0.0,0.0,0.0
W0338,Morning,2025-02-23,31.0,0,1,0.0,0.0,0.0
W0338,Morning,2025-03-19,6.0,0,1,0.0,0.0,0.0
W0338,Morning,2025-05-05,35.0,0,1,0.0,0.0,0.0
W0338,Morning,2025-05-11,40.0,0,1,0.0,0.0,0.0
W0338,Morning,2025-05-16,36.0,0,1,0.0,0.0,0.0
W0338,Night,2025-01-03,24.0,1,1,0.0,0.0,1.0
W0338,Night,2025-03-06,33.0,0,1,0.0,0.0,0.0
W0338,Night,2025-03-17,16.0,0,1,0.0,0.0,0.0
W0338,Night,2025-05-23,21.0,1,1,0.0,0.0,1.0
W0338,Night,2025-05-29,25.0,1,1,8.0,3.125,1.0
W0339,Evening,2025-01-03,18.0,1,1,0.0,0.0,1.0
W0339,Evening,2025-01-08,13.0,0,1,0.0,0.0,0.0
W0339,Evening,2025-04-11,38.0,0,1,0.0,0.0,0.0
W0339,Evening,2025-06-08,47.0,0,1,0.0,0.0,0.0
W0339,Evening,2025-06-23,26.0,0,1,0.0,0.0,0.0
W0339,Morning,2025-01-15,47.0,0,1,0.0,0.0,0.0
W0339,Morning,2025-01-20,27.0,1,1,0.0,0.0,1.0
W0339,Morning,2025-03-20,20.0,0,1,0.0,0.0,0.0
W0339,Morning,2025-04-04,13.0,0,1,0.0,0.0,0.0
W0339,Morning,2025-04-16,34.0,0,1,0.0,0.0,0.0
W0339,Morning,2025-05-12,7.0,1,1,0.0,0.0,1.0
W0339,Morning,2025-05-17,30.0,0,1,0.0,0.0,0.0
W0339,Morning,2025-05-19,43.0,0,1,0.0,0.0,0.0
W0339,Morning,2025-06-05,47.0,1,1,0.0,0.0,1.0
W0339,Morning,2025-06-21,35.0,0,1,0.0,0.0,0.0
W0339,Night,2025-01-17,38.0,0,1,0.0,0.0,0.0
W0339,Night,2025-02-19,23.0,0,1,0.0,0.0,0.0
W0339,Night,2025-03-18,48.0,0,1,0.0,0.0,0.0
W0339,Night,2025-05-04,9.0,0,1,0.0,0.0,0.0
W0339,Night,2025-06-01,30.0,0,1,0.0,0.0,0.0
W0340,Evening,2025-03-24,30.0,0,1,0.0,0.0,0.0
W0340,Evening,2025-04-02,43.0,0,1,0.0,0.0,0.0
W0340,Evening,2025-05-21,8.0,0,1,0.0,0.0,0.0
W0340,Morning,2025-01-26,35.0,0,2,0.0,0.0,0.0
W0340,Morning,2025-01-29,3.0,0,1,0.0,0.0,0.0
W0340,Morning,2025-02-06,47.0,0,1,0.0,0.0,0.0
W0340,Morning,2025-02-07,36.0,0,1,0.0,0.0,0.0
W0340,Morning,2025-02-11,44.0,0,1,0.0,0.0,0.0
W0340,Morning,2025-03-02,8.0,0,1,0.0,0.0,0.0
W0340,Morning,2025-03-05,40.0,1,1,0.0,0.0,1.0
W0340,Morning,2025-04-10,9.0,0,1,10.0,0.9,0.0
W0340,Morning,2025-05-11,43.0,1,1,0.0,0.0,1.0
W0340,Morning,2025-05-23,36.0,0,1,0.0,0.0,0.0
W0340,Morning,2025-06-10,20.0,1,1,0.0,0.0,1.0
W0340,Morning,2025-06-17,39.0,0,1,0.0,0.0,0.0
W0340,Night,2025-02-24,40.0,0,1,0.0,0.0,0.0
W0340,Night,2025-02-28,33.0,0,1,9.0,3.6666666666666665,0.0
W0340,Night,2025-03-29,3.0,0,1,0.0,0.0,0.0
W0340,Night,2025-04-25,26.0,0,1,0.0,0.0,0.0
W0340,Night,2025-04-30,1.0,0,1,0.0,0.0,0.0
W0340,Night,2025-06-23,43.0,0,1,0.0,0.0,0.0
W0341,Evening,2025-02-28,9.0,1,1,0.0,0.0,1.0
W0341,Evening,2025-04-20,44.0,0,1,0.0,0.0,0.0
W0341,Evening,2025-04-30,43.0,0,1,0.0,0.0,0.0
W0341,Evening,2025-05-07,21.0,0,1,0.0,0.0,0.0
W0341,Evening,2025-05-08,14.0,1,1,7.0,2.0,1.0
W0341,Evening,2025-05-23,4.0,0,1,0.0,0.0,0.0
W0341,Evening,2025-06-22,36.0,0,1,0.0,0.0,0.0
W0341,Morning,2025-01-22,34.0,1,1,0.0,0.0,1.0
W0341,Morning,2025-01-26,10.0,1,1,0.0,0.0,1.0
W0341,Morning,2025-01-30,22.0,0,1,0.0,0.0,0.0
W0341,Morning,2025-01-31,41.0,0,1,0.0,0.0,0.0
W0341,Morning,2025-02-23,15.0,0,1,0.0,0.0,0.0
W0341,Morning,2025-03-24,44.0,1,1,0.0,0.0,1.0
W0341,Morning,2025-05-05,33.0,0,2,0.0,0.0,0.0
W0341,Morning,2025-05-27,35.0,0,1,0.0,0.0,0.0
W0341,Morning,2025-06-07,7.0,0,1,0.0,0.0,0.0
W0341,Morning,2025-06-10,7.0,1,1,0.0,0.0,1.0
W0341,Morning,2025-06-28,42.0,1,1,7.0,6.0,1.0
W0341,Night,2025-01-16,49.0,0,1,0.0,0.0,0.0
W0341,Night,2025-03-20,40.0,0,1,0.0,0.0,0.0
W0341,Night,2025-05-02,43.0,0,1,0.0,0.0,0.0
W0341,Night,2025-05-24,7.0,0,1,0.0,0.0,0.0
W0341,Night,2025-05-29,23.0,0,1,0.0,0.0,0.0
W0341,Night,2025-06-24,32.0,0,1,0.0,0.0,0.0
W0342,Evening,2025-02-12,12.0,0,1,0.0,0.0,0.0
W0342,Evening,2025-03-12,36.0,0,1,0.0,0.0,0.0
W0342,Evening,2025-03-13,8.0,0,1,0.0,0.0,0.0
W0342,Evening,2025-05-02,8.0,1,1,0.0,0.0,1.0
W0342,Morning,2025-01-26,30.0,0,1,0.0,0.0,0.0
W0342,Morning,2025-02-01,23.0,0,1,0.0,0.0,0.0
W0342,Morning,2025-02-15,40.0,1,1,0.0,0.0,1.0
W0342,Morning,2025-02-17,6.0,0,1,0.0,0.0,0.0
W0342,Morning,2025-02-26,37.0,1,1,0.0,0.0,1.0
W0342,Morning,2025-05-08,43.0,0,1,0.0,0.0,0.0
W0342,Morning,2025-05-17,39.0,0,1,0.0,0.0,0.0
W0342,Morning,2025-05-19,11.0,1,1,0.0,0.0,1.0
W0342,Morning,2025-06-19,1.0,0,1,0.0,0.0,0.0
W0342,Night,2025-02-10,13.0,0,1,7.0,1.8571428571428572,0.0
W0342,Night,2025-04-24,24.0,0,1,0.0,0.0,0.0
W0342,Night,2025-05-23,32.0,0,1,0.0,0.0,0.0
W0342,Night,2025-06-03,11.0,0,1,0.0,0.0,0.0
W0342,Night,2025-06-05,27.0,0,1,0.0,0.0,0.0
W0343,Evening,2025-03-08,49.0,0,1,0.0,0.0,0.0
W0343,Evening,2025-03-27,32.0,0,1,0.0,0.0,0.0
W0343,Evening,2025-05-21,44.0,0,1,0.0,0.0,0.0
W0343,Morning,2025-01-06,41.0,0,1,0.0,0.0,0.0
W0343,Morning,2025-01-10,24.0,0,1,0.0,0.0,0.0
W0343,Morning,2025-01-13,25.0,0,1,0.0,0.0,0.0
W0343,Morning,2025-01-18,3.0,0,1,0.0,0.0,0.0
W0343,Morning,2025-01-24,17.0,0,1,0.0,0.0,0.0
W0343,Morning,2025-02-03,13.0,1,1,0.0,0.0,1.0
W0343,Morning,2025-03-30,46.0,0,1,0.0,0.0,0.0
W0343,Morning,2025-04-05,4.0,1,1,0.0,0.0,1.0
W0343,Morning,2025-04-21,15.0,0,1,0.0,0.0,0.0
W0343,Morning,2025-04-23,10.0,1,1,0.0,0.0,1.0
W0343,Morning,2025-04-24,3.0,0,1,0.0,0.0,0.0
W0343,Morning,2025-06-13,34.0,0,1,0.0,0.0,0.0
W0343,Morning,2025-06-16,46.0,0,1,0.0,0.0,0.0
W0343,Morning,2025-06-27,17.0,1,1,0.0,0.0,1.0
W0343,Night,2025-02-04,48.0,0,1,0.0,0.0,0.0
W0343,Night,2025-02-05,15.0,0,1,0.0,0.0,0.0
W0343,Night,2025-04-28,30.0,0,1,0.0,0.0,0.0
W0343,Night,2025-05-20,32.0,1,1,0.0,0.0,1.0
W0344,Evening,2025-01-08,40.0,0,1,0.0,0.0,0.0
W0344,Evening,2025-03-04,16.0,0,1,0.0,0.0,0.0
W0344,Evening,2025-04-26,39.0,0,1,0.0,0.0,0.0
W0344,Evening,2025-05-09,34.0,0,1,0.0,0.0,0.0
W0344,Evening,2025-05-31,34.0,0,1,0.0,0.0,0.0
W0344,Morning,2025-01-05,9.0,1,1,0.0,0.0,1.0
W0344,Morning,2025-01-12,41.0,0,2,0.0,0.0,0.0
W0344,Morning,2025-05-14,20.0,0,1,0.0,0.0,0.0
W0344,Morning,2025-05-31,23.0,0,1,0.0,0.0,0.0
W0344,Morning,2025-06-08,20.0,0,1,0.0,0.0,0.0
W0344,Morning,2025-06-20,11.0,0,1,0.0,0.0,0.0
W0344,Morning,2025-06-21,6.0,0,1,0.0,0.0,0.0
W0344,Night,2025-01-02,6.0,0,1,0.0,0.0,0.0
W0344,Night,2025-02-24,4.0,0,1,0.0,0.0,0.0
W0344,Night,2025-05-17,43.0,0,1,0.0,0.0,0.0
W0345,Evening,2025-01-11,43.0,1,1,0.0,0.0,1.0
W0345,Evening,2025-01-12,2.0,0,1,0.0,0.0,0.0
W0345,Evening,2025-04-22,43.0,1,1,0.0,0.0,1.0
W0345,Morning,2025-03-27,14.0,0,1,0.0,0.0,0.0
W0345,Morning,2025-04-10,16.0,0,1,0.0,0.0,0.0
W0345,Morning,2025-04-24,17.0,0,1,0.0,0.0,0.0
W0345,Morning,2025-05-21,11.0,1,1,0.0,0.0,1.0
W0345,Night,2025-01-02,15.0,0,1,0.0,0.0,0.0
W0345,Night,2025-01-05,40.0,0,1,0.0,0.0,0.0
W0345,Night,2025-04-24,17.0,0,1,0.0,0.0,0.0
W0345,Night,2025-05-04,14.0,0,1,0.0,0.0,0.0
W0346,Evening,2025-01-22,27.0,0,1,0.0,0.0,0.0
W0346,Evening,2025-02-08,46.0,1,1,0.0,0.0,1.0
W0346,Evening,2025-03-16,19.0,0,1,0.0,0.0,0.0
W0346,Evening,2025-04-16,43.0,1,1,0.0,0.0,1.0
W0346,Evening,2025-04-28,40.0,1,1,0.0,0.0,1.0
W0346,Morning,2025-02-20,47.0,1,1,10.0,4.7,1.0
W0346,Morning,2025-02-21,47.0,0,1,0.0,0.0,0.0
W0346,Morning,2025-03-01,46.0,0,1,0.0,0.0,0.0
W0346,Morning,2025-03-21,36.0,0,1,0.0,0.0,0.0
W0346,Morning,2025-04-30,34.0,0,1,0.0,0.0,0.0
W0346,Morning,2025-05-16,38.0,0,1,0.0,0.0,0.0
W0346,Morning,2025-05-22,7.0,0,1,0.0,0.0,0.0
W0346,Morning,2025-05-28,48.0,0,1,0.0,0.0,0.0
W0346,Morning,2025-05-29,44.0,1,1,0.0,0.0,1.0
W0346,Morning,2025-06-17,6.0,0,1,0.0,0.0,0.0
W0346,Night,2025-01-18,4.0,0,1,0.0,0.0,0.0
W0346,Night,2025-02-25,11.0,0,1,10.0,1.1,0.0
W0346,Night,2025-03-01,29.0,0,1,0.0,0.0,0.0
W0346,Night,2025-03-15,37.0,0,1,0.0,0.0,0.0
W0346,Night,2025-06-29,2.0,0,1,0.0,0.0,0.0
W0347,Evening,2025-01-24,48.0,1,1,0.0,0.0,1.0
W0347,Evening,2025-02-12,1.0,0,1,0.0,0.0,0.0
W0347,Morning,2025-02-22,16.0,0,1,0.0,0.0,0.0
W0347,Morning,2025-02-28,10.0,0,1,0.0,0.0,0.0
W0347,Morning,2025-03-08,4.0,1,1,0.0,0.0,1.0
W0347,Morning,2025-03-22,47.0,0,1,0.0,0.0,0.0
W0347,Morning,2025-05-11,47.0,0,1,0.0,0.0,0.0
W0347,Morning,2025-06-24,4.0,0,1,0.0,0.0,0.0
W0347,Night,2025-02-20,49.0,0,1,0.0,0.0,0.0
W0347,Night,2025-03-16,45.0,0,1,0.0,0.0,0.0
W0347,Night,2025-04-06,20.0,1,1,0.0,0.0,1.0
W0348,Evening,2025-01-28,42.0,0,1,0.0,0.0,0.0
W0348,Evening,2025-02-27,36.0,0,1,0.0,0.0,0.0
W0348,Evening,2025-03-14,49.0,0,1,0.0,0.0,0.0
W0348,Evening,2025-03-24,34.0,1,1,0.0,0.0,1.0
W0348,Evening,2025-03-25,44.0,0,1,0.0,0.0,0.0
W0348,Evening,2025-03-30,2.0,0,1,0.0,0.0,0.0
W0348,Evening,2025-04-11,43.0,0,1,0.0,0.0,0.0
W0348,Morning,2025-01-22,16.0,0,1,0.0,0.0,0.0
W0348,Morning,2025-01-26,10.0,0,1,0.0,0.0,0.0
W0348,Morning,2025-02-01,1.0,0,1,8.0,0.125,0.0
W0348,Morning,2025-05-08,29.0,1,1,0.0,0.0,1.0
W0348,Morning,2025-05-17,16.0,0,1,0.0,0.0,0.0
W0348,Morning,2025-06-25,49.0,0,1,0.0,0.0,0.0
W0348,Morning,2025-06-26,13.0,0,1,0.0,0.0,0.0
W0348,Night,2025-03-15,5.0,1,1,0.0,0.0,1.0
W0348,Night,2025-03-23,1.0,0,1,7.0,0.14285714285714285,0.0
W0348,Night,2025-05-08,36.0,0,1,0.0,0.0,0.0
W0348,Night,2025-05-22,21.0,0,1,0.0,0.0,0.0
W0348,Night,2025-06-09,37.0,0,1,6.0,6.166666666666667,0.0
W0348,Night,2025-06-18,4.0,1,1,0.0,0.0,1.0
W0349,Evening,2025-02-03,28.0,0,1,0.0,0.0,0.0
W0349,Evening,2025-02-13,38.0,0,1,0.0,0.0,0.0
W0349,Evening,2025-05-07,23.0,0,1,0.0,0.0,0.0
W0349,Evening,2025-06-06,34.0,0,1,0.0,0.0,0.0
W0349,Evening,2025-06-17,42.0,0,1,10.0,4.2,0.0
W0349,Morning,2025-02-01,14.0,1,1,0.0,0.0,1.0
W0349,Morning,2025-03-05,21.0,0,1,0.0,0.0,0.0
W0349,Morning,2025-03-10,47.0,1,1,0.0,0.0,1.0
W0349,Morning,2025-03-12,3.0,1,1,0.0,0.0,1.0
W0349,Morning,2025-04-11,37.0,1,1,0.0,0.0,1.0
W0349,Morning,2025-05-06,35.0,1,1,0.0,0.0,1.0
W0349,Morning,2025-05-07,43.0,0,1,0.0,0.0,0.0
W0349,Morning,2025-05-31,24.0,0,1,9.0,2.6666666666666665,0.0
W0349,Morning,2025-06-06,12.0,1,1,0.0,0.0,1.0
W0349,Morning,2025-06-12,26.0,0,1,0.0,0.0,0.0
W0349,Morning,2025-06-17,28.0,0,1,0.0,0.0,0.0
W0349,Night,2025-01-19,25.0,0,1,0.0,0.0,0.0
W0349,Night,2025-04-01,14.0,0,1,0.0,0.0,0.0
W0349,Night,2025-04-09,36.0,0,1,0.0,0.0,0.0
W0349,Night,2025-05-08,45.0,0,1,0.0,0.0,0.0
W0349,Night,2025-06-25,23.0,0,1,0.0,0.0,0.0
W0350,Evening,2025-02-11,49.0,0,1,0.0,0.0,0.0
W0350,Evening,2025-05-29,22.0,0,1,0.0,0.0,0.0
W0350,Evening,2025-06-18,5.0,1,1,0.0,0.0,1.0
W0350,Morning,2025-01-14,29.0,0,1,0.0,0.0,0.0
W0350,Morning,2025-01-25,40.0,0,1,0.0,0.0,0.0
W0350,Morning,2025-03-12,45.0,0,1,0.0,0.0,0.0
W0350,Morning,2025-04-05,46.0,0,1,0.0,0.0,0.0
W0350,Morning,2025-04-23,3.0,0,1,0.0,0.0,0.0
W0350,Morning,2025-05-04,10.0,0,1,0.0,0.0,0.0
W0350,Morning,2025-05-18,32.0,0,1,0.0,0.0,0.0
W0350,Morning,2025-06-14,44.0,0,1,0.0,0.0,0.0
W0350,Night,2025-01-14,37.0,0,1,0.0,0.0,0.0
W0350,Night,2025-05-30,32.0,0,1,0.0,0.0,0.0
W0350,Night,2025-06-22,29.0,0,1,0.0,0.0,0.0
W0350,Night,2025-06-24,5.0,0,1,0.0,0.0,0.0
W0351,Evening,2025-02-04,24.0,0,1,0.0,0.0,0.0
W0351,Evening,2025-02-05,40.0,0,1,0.0,0.0,0.0
W0351,Evening,2025-04-01,19.0,0,1,0.0,0.0,0.0
W0351,Evening,2025-04-11,25.0,0,1,0.0,0.0,0.0
W0351,Evening,2025-04-14,43.0,0,1,0.0,0.0,0.0
W0351,Morning,2025-01-12,44.0,1,1,0.0,0.0,1.0
W0351,Morning,2025-02-13,46.0,0,1,0.0,0.0,0.0
W0351,Morning,2025-02-19,32.0,1,1,0.0,0.0,1.0
W0351,Morning,2025-03-23,42.0,0,1,0.0,0.0,0.0
W0351,Morning,2025-03-28,10.0,0,1,0.0,0.0,0.0
W0351,Morning,2025-04-02,4.0,0,1,0.0,0.0,0.0
W0351,Morning,2025-04-06,28.0,0,1,0.0,0.0,0.0
W0351,Morning,2025-05-14,37.0,0,1,0.0,0.0,0.0
W0351,Morning,2025-06-22,3.0,0,1,0.0,0.0,0.0
W0351,Night,2025-02-10,25.0,0,1,0.0,0.0,0.0
W0351,Night,2025-04-14,2.0,0,1,0.0,0.0,0.0
W0352,Evening,2025-01-09,19.0,0,1,0.0,0.0,0.0
W0352,Evening,2025-02-23,49.0,1,1,0.0,0.0,1.0
W0352,Evening,2025-06-09,8.0,0,1,0.0,0.0,0.0
W0352,Morning,2025-01-13,20.0,0,1,0.0,0.0,0.0
W0352,Morning,2025-02-01,25.0,0,1,0.0,0.0,0.0
W0352,Morning,2025-02-21,38.0,0,1,0.0,0.0,0.0
W0352,Morning,2025-02-26,13.0,0,1,0.0,0.0,0.0
W0352,Morning,2025-03-10,41.0,0,1,0.0,0.0,0.0
W0352,Morning,2025-03-13,42.0,0,1,0.0,0.0,0.0
W0352,Morning,2025-03-14,15.0,0,1,0.0,0.0,0.0
W0352,Morning,2025-03-21,39.0,0,1,8.0,4.875,0.0
W0352,Morning,2025-04-03,38.0,1,1,0.0,0.0,1.0
W0352,Morning,2025-04-17,45.0,1,1,0.0,0.0,1.0
W0352,Morning,2025-06-07,5.0,0,1,0.0,0.0,0.0
W0352,Night,2025-02-01,4.0,0,1,0.0,0.0,0.0
W0352,Night,2025-03-08,25.0,0,1,0.0,0.0,0.0
W0352,Night,2025-05-27,46.0,0,1,8.0,5.75,0.0
W0352,Night,2025-06-25,33.0,0,1,0.0,0.0,0.0
W0353,Evening,2025-03-18,40.0,0,1,0.0,0.0,0.0
W0353,Morning,2025-02-01,17.0,0,1,0.0,0.0,0.0
W0353,Morning,2025-02-14,1.0,0,1,0.0,0.0,0.0
W0353,Morning,2025-02-25,4.0,0,1,0.0,0.0,0.0
W0353,Morning,2025-03-12,9.0,0,1,0.0,0.0,0.0
W0353,Morning,2025-03-28,31.0,1,1,0.0,0.0,1.0
W0353,Morning,2025-04-08,18.0,0,1,0.0,0.0,0.0
W0353,Morning,2025-04-11,9.0,0,1,0.0,0.0,0.0
W0353,Morning,2025-06-19,8.0,0,1,0.0,0.0,0.0
W0353,Morning,2025-06-29,30.0,0,1,0.0,0.0,0.0
W0353,Night,2025-03-14,2.0,1,1,0.0,0.0,1.0
W0353,Night,2025-03-21,37.0,0,1,0.0,0.0,0.0
W0353,Night,2025-04-10,10.0,0,1,0.0,0.0,0.0
W0353,Night,2025-04-13,48.0,1,1,0.0,0.0,1.0
W0353,Night,2025-05-27,8.0,0,1,0.0,0.0,0.0
W0354,Evening,2025-02-26,34.0,1,1,0.0,0.0,1.0
W0354,Evening,2025-05-27,15.0,0,1,0.0,0.0,0.0
W0354,Evening,2025-06-14,47.0,1,1,0.0,0.0,1.0
W0354,Morning,2025-01-18,16.0,0,1,0.0,0.0,0.0
W0354,Morning,2025-03-27,25.0,0,1,0.0,0.0,0.0
W0354,Morning,2025-04-01,47.0,0,1,0.0,0.0,0.0
W0354,Morning,2025-04-06,34.0,0,1,0.0,0.0,0.0
W0354,Morning,2025-06-20,26.0,0,1,0.0,0.0,0.0
W0354,Night,2025-03-09,44.0,0,1,6.0,7.333333333333333,0.0
W0354,Night,2025-04-01,36.0,0,1,0.0,0.0,0.0
W0354,Night,2025-05-23,49.0,1,1,0.0,0.0,1.0
W0354,Night,2025-05-30,27.0,0,1,0.0,0.0,0.0
W0355,Evening,2025-06-22,16.0,1,1,0.0,0.0,1.0
W0355,Morning,2025-03-23,15.0,0,1,0.0,0.0,0.0
W0355,Morning,2025-03-24,24.0,0,1,0.0,0.0,0.0
W0355,Morning,2025-06-26,1.0,0,1,0.0,0.0,0.0
W0355,Night,2025-01-15,34.0,0,1,0.0,0.0,0.0
W0355,Night,2025-02-27,13.0,0,1,0.0,0.0,0.0
W0355,Night,2025-03-25,6.0,1,1,0.0,0.0,1.0
W0355,Night,2025-05-20,1.0,1,1,0.0,0.0,1.0
W0356,Evening,2025-01-14,19.0,0,1,0.0,0.0,0.0
W0356,Evening,2025-02-12,3.0,0,1,8.0,0.375,0.0
W0356,Evening,2025-02-26,47.0,0,1,0.0,0.0,0.0
W0356,Evening,2025-03-17,39.0,0,1,0.0,0.0,0.0
W0356,Evening,2025-06-18,23.0,0,1,0.0,0.0,0.0
W0356,Evening,2025-06-21,12.0,0,1,0.0,0.0,0.0
W0356,Morning,2025-02-21,37.0,0,1,0.0,0.0,0.0
W0356,Morning,2025-03-03,17.0,1,1,0.0,0.0,1.0
W0356,Morning,2025-03-12,13.0,0,1,0.0,0.0,0.0
W0356,Morning,2025-03-25,12.0,0,1,0.0,0.0,0.0
W0356,Morning,2025-04-13,58.0,2,2,0.0,0.0,1.0
W0356,Morning,2025-04-24,13.0,0,1,0.0,0.0,0.0
W0356,Morning,2025-04-25,42.0,1,1,0.0,0.0,1.0
W0356,Morning,2025-05-15,47.0,0,1,0.0,0.0,0.0
W0356,Morning,2025-05-26,18.0,1,1,9.0,2.0,1.0
W0356,Morning,2025-06-23,45.0,0,1,0.0,0.0,0.0
W0356,Night,2025-01-18,14.0,0,1,0.0,0.0,0.0
W0356,Night,2025-02-12,11.0,1,1,0.0,0.0,1.0
W0356,Night,2025-04-16,29.0,0,1,0.0,0.0,0.0
W0356,Night,2025-05-06,37.0,0,1,0.0,0.0,0.0
W0356,Night,2025-06-25,11.0,0,1,0.0,0.0,0.0
W0357,Evening,2025-01-13,24.0,0,1,0.0,0.0,0.0
W0357,Evening,2025-02-19,26.0,0,1,0.0,0.0,0.0
W0357,Evening,2025-03-08,45.0,0,1,0.0,0.0,0.0
W0357,Evening,2025-03-14,13.0,0,1,0.0,0.0,0.0
W0357,Morning,2025-02-13,44.0,1,1,0.0,0.0,1.0
W0357,Morning,2025-02-25,29.0,0,1,0.0,0.0,0.0
W0357,Morning,2025-03-16,17.0,0,1,0.0,0.0,0.0
W0357,Morning,2025-03-25,12.0,1,1,0.0,0.0,1.0
W0357,Morning,2025-04-04,37.0,0,1,0.0,0.0,0.0
W0357,Morning,2025-04-14,8.0,0,1,0.0,0.0,0.0
W0357,Morning,2025-05-08,32.0,1,1,0.0,0.0,1.0
W0357,Morning,2025-05-09,33.0,0,1,0.0,0.0,0.0
W0357,Morning,2025-05-17,7.0,0,1,0.0,0.0,0.0
W0357,Morning,2025-05-25,23.0,1,1,0.0,0.0,1.0
W0357,Morning,2025-06-07,35.0,1,1,0.0,0.0,1.0
W0357,Morning,2025-06-16,2.0,0,1,0.0,0.0,0.0
W0357,Morning,2025-06-21,2.0,0,1,0.0,0.0,0.0
W0357,Night,2025-06-03,25.0,0,1,0.0,0.0,0.0
W0358,Evening,2025-01-15,38.0,0,1,0.0,0.0,0.0
W0358,Evening,2025-03-14,42.0,1,1,0.0,0.0,1.0
W0358,Evening,2025-05-28,24.0,0,1,0.0,0.0,0.0
W0358,Morning,2025-01-23,22.0,0,1,10.0,2.2,0.0
W0358,Morning,2025-01-31,38.0,0,1,0.0,0.0,0.0
W0358,Morning,2025-02-07,33.0,1,1,0.0,0.0,1.0
W0358,Morning,2025-02-24,40.0,0,1,0.0,0.0,0.0
W0358,Morning,2025-03-01,16.0,1,1,0.0,0.0,1.0
W0358,Morning,2025-03-29,17.0,0,1,0.0,0.0,0.0
W0358,Morning,2025-04-01,9.0,1,1,0.0,0.0,1.0
W0358,Morning,2025-04-12,48.0,0,1,0.0,0.0,0.0
W0358,Morning,2025-04-20,30.0,1,1,0.0,0.0,1.0
W0358,Morning,2025-05-10,18.0,0,1,0.0,0.0,0.0
W0358,Morning,2025-05-25,37.0,0,1,0.0,0.0,0.0
W0358,Morning,2025-05-31,42.0,0,1,0.0,0.0,0.0
W0358,Morning,2025-06-08,26.0,0,1,0.0,0.0,0.0
W0358,Night,2025-03-17,16.0,0,1,0.0,0.0,0.0
W0358,Night,2025-04-03,27.0,0,1,0.0,0.0,0.0
W0358,Night,2025-04-08,1.0,0,1,0.0,0.0,0.0
W0358,Night,2025-05-26,9.0,0,1,0.0,0.0,0.0
W0358,Night,2025-06-20,2.0,0,1,0.0,0.0,0.0
W0359,Evening,2025-01-06,41.0,0,1,0.0,0.0,0.0
W0359,Evening,2025-02-06,21.0,0,1,0.0,0.0,0.0
W0359,Evening,2025-06-05,35.0,0,1,0.0,0.0,0.0
W0359,Evening,2025-06-25,19.0,1,1,0.0,0.0,1.0
W0359,Morning,2025-02-23,17.0,0,1,0.0,0.0,0.0
W0359,Morning,2025-03-28,43.0,1,1,0.0,0.0,1.0
W0359,Morning,2025-05-26,22.0,1,1,0.0,0.0,1.0
W0359,Morning,2025-06-28,27.0,0,1,0.0,0.0,0.0
W0359,Night,2025-02-03,34.0,0,1,0.0,0.0,0.0
W0359,Night,2025-02-18,28.0,0,1,0.0,0.0,0.0
W0359,Night,2025-02-25,23.0,1,1,0.0,0.0,1.0
W0359,Night,2025-03-06,29.0,0,1,0.0,0.0,0.0
W0359,Night,2025-03-25,40.0,0,1,0.0,0.0,0.0
W0360,Evening,2025-02-21,20.0,0,1,0.0,0.0,0.0
W0360,Morning,2025-01-02,5.0,0,1,0.0,0.0,0.0
W0360,Morning,2025-01-08,1.0,0,1,0.0,0.0,0.0
W0360,Morning,2025-01-28,2.0,0,1,0.0,0.0,0.0
W0360,Morning,2025-02-05,44.0,0,1,0.0,0.0,0.0
W0360,Morning,2025-02-21,31.0,0,1,0.0,0.0,0.0
W0360,Morning,2025-03-25,17.0,0,1,0.0,0.0,0.0
W0360,Morning,2025-04-01,19.0,0,1,0.0,0.0,0.0
W0360,Morning,2025-04-20,10.0,0,1,0.0,0.0,0.0
W0360,Morning,2025-04-22,42.0,0,1,0.0,0.0,0.0
W0360,Morning,2025-06-25,16.0,0,1,0.0,0.0,0.0
W0360,Night,2025-01-30,39.0,0,1,0.0,0.0,0.0
W0360,Night,2025-03-10,29.0,0,1,0.0,0.0,0.0
W0360,Night,2025-03-17,33.0,0,1,0.0,0.0,0.0
W0360,Night,2025-03-22,14.0,0,1,0.0,0.0,0.0
W0360,Night,2025-04-06,20.0,1,1,0.0,0.0,1.0
W0360,Night,2025-04-17,30.0,0,1,0.0,0.0,0.0
W0360,Night,2025-05-03,18.0,0,1,0.0,0.0,0.0
W0361,Evening,2025-01-08,48.0,0,1,0.0,0.0,0.0
W0361,Evening,2025-01-16,29.0,0,1,0.0,0.0,0.0
W0361,Evening,2025-04-06,42.0,0,1,0.0,0.0,0.0
W0361,Evening,2025-04-15,40.0,0,1,0.0,0.0,0.0
W0361,Evening,2025-04-22,45.0,0,1,0.0,0.0,0.0
W0361,Evening,2025-04-29,48.0,0,1,0.0,0.0,0.0
W0361,Morning,2025-01-04,8.0,0,1,0.0,0.0,0.0
W0361,Morning,2025-01-18,44.0,0,1,0.0,0.0,0.0
W0361,Morning,2025-01-19,45.0,0,1,0.0,0.0,0.0
W0361,Morning,2025-01-27,28.0,1,1,0.0,0.0,1.0
W0361,Morning,2025-02-02,44.0,0,1,0.0,0.0,0.0
W0361,Morning,2025-03-06,15.0,0,1,0.0,0.0,0.0
W0361,Morning,2025-04-14,16.0,0,1,0.0,0.0,0.0
W0361,Morning,2025-04-16,12.0,1,1,0.0,0.0,1.0
W0361,Morning,2025-04-25,46.0,1,1,0.0,0.0,1.0
W0361,Morning,2025-05-23,6.0,0,1,0.0,0.0,0.0
W0361,Morning,2025-05-26,44.0,0,1,0.0,0.0,0.0
W0361,Morning,2025-06-12,39.0,0,1,0.0,0.0,0.0
W0361,Night,2025-05-28,26.0,0,1,0.0,0.0,0.0
W0361,Night,2025-06-06,14.0,0,1,0.0,0.0,0.0
W0361,Night,2025-06-18,22.0,0,1,0.0,0.0,0.0
W0362,Evening,2025-03-15,18.0,1,1,0.0,0.0,1.0
W0362,Evening,2025-03-21,47.0,0,1,0.0,0.0,0.0
W0362,Evening,2025-04-09,29.0,0,1,0.0,0.0,0.0
W0362,Morning,2025-01-05,22.0,1,1,0.0,0.0,1.0
W0362,Morning,2025-04-14,18.0,1,1,0.0,0.0,1.0
W0362,Morning,2025-05-07,26.0,0,1,0.0,0.0,0.0
W0362,Night,2025-01-06,15.0,0,1,7.0,2.142857142857143,0.0
W0362,Night,2025-02-25,37.0,0,1,0.0,0.0,0.0
W0362,Night,2025-03-02,12.0,0,1,0.0,0.0,0.0
W0362,Night,2025-03-06,15.0,0,1,0.0,0.0,0.0
W0362,Night,2025-03-17,39.0,1,1,0.0,0.0,1.0
W0362,Night,2025-06-23,32.0,0,1,0.0,0.0,0.0
W0363,Evening,2025-03-07,27.0,0,1,0.0,0.0,0.0
W0363,Evening,2025-05-21,46.0,0,1,0.0,0.0,0.0
W0363,Evening,2025-06-01,42.0,0,1,0.0,0.0,0.0
W0363,Evening,2025-06-20,30.0,0,1,0.0,0.0,0.0
W0363,Morning,2025-01-22,2.0,1,1,0.0,0.0,1.0
W0363,Morning,2025-04-08,15.0,0,1,0.0,0.0,0.0
W0363,Morning,2025-05-13,44.0,0,1,0.0,0.0,0.0
W0363,Morning,2025-05-18,27.0,0,1,0.0,0.0,0.0
W0363,Morning,2025-05-22,10.0,0,1,0.0,0.0,0.0
W0363,Morning,2025-05-30,4.0,0,1,0.0,0.0,0.0
W0363,Morning,2025-06-26,46.0,0,1,0.0,0.0,0.0
W0363,Night,2025-01-07,49.0,0,1,0.0,0.0,0.0
W0363,Night,2025-02-20,36.0,1,1,0.0,0.0,1.0
W0363,Night,2025-02-28,21.0,0,1,0.0,0.0,0.0
W0363,Night,2025-03-21,6.0,0,1,0.0,0.0,0.0
W0363,Night,2025-05-11,24.0,1,1,0.0,0.0,1.0
W0363,Night,2025-06-03,22.0,1,1,0.0,0.0,1.0
W0364,Evening,2025-01-17,19.0,0,1,0.0,0.0,0.0
W0364,Evening,2025-02-03,20.0,0,1,0.0,0.0,0.0
W0364,Evening,2025-03-05,7.0,1,1,0.0,0.0,1.0
W0364,Evening,2025-03-06,30.0,0,1,0.0,0.0,0.0
W0364,Evening,2025-06-08,13.0,0,1,0.0,0.0,0.0
W0364,Morning,2025-01-17,16.0,0,1,0.0,0.0,0.0
W0364,Morning,2025-02-05,32.0,0,1,0.0,0.0,0.0
W0364,Morning,2025-02-16,26.0,0,1,0.0,0.0,0.0
W0364,Morning,2025-02-17,3.0,1,1,0.0,0.0,1.0
W0364,Morning,2025-03-10,39.0,0,1,0.0,0.0,0.0
W0364,Morning,2025-03-12,29.0,0,1,0.0,0.0,0.0
W0364,Morning,2025-03-24,2.0,0,1,0.0,0.0,0.0
W0364,Morning,2025-04-17,29.0,0,1,0.0,0.0,0.0
W0364,Morning,2025-04-18,15.0,0,1,0.0,0.0,0.0
W0364,Morning,2025-05-02,39.0,1,1,0.0,0.0,1.0
W0364,Night,2025-03-11,15.0,0,1,8.0,1.875,0.0
W0364,Night,2025-03-13,41.0,0,1,0.0,0.0,0.0
W0364,Night,2025-03-28,45.0,0,1,0.0,0.0,0.0
W0364,Night,2025-04-10,27.0,0,1,0.0,0.0,0.0
W0364,Night,2025-06-07,41.0,0,1,0.0,0.0,0.0
W0365,Evening,2025-02-01,49.0,0,1,0.0,0.0,0.0
W0365,Morning,2025-01-02,1.0,0,1,0.0,0.0,0.0
W0365,Morning,2025-02-10,10.0,0,1,0.0,0.0,0.0
W0365,Morning,2025-02-11,1.0,1,1,0.0,0.0,1.0
W0365,Morning,2025-03-22,25.0,0,1,0.0,0.0,0.0
W0365,Morning,2025-04-01,2.0,1,1,0.0,0.0,1.0
W0365,Morning,2025-05-04,27.0,0,1,0.0,0.0,0.0
W0365,Morning,2025-06-01,47.0,0,1,0.0,0.0,0.0
W0365,Morning,2025-06-03,36.0,1,1,0.0,0.0,1.0
W0365,Morning,2025-06-15,46.0,0,1,0.0,0.0,0.0
W0365,Morning,2025-06-29,37.0,0,1,0.0,0.0,0.0
W0365,Night,2025-01-07,10.0,0,1,0.0,0.0,0.0
W0365,Night,2025-01-17,5.0,0,1,0.0,0.0,0.0
W0365,Night,2025-04-14,12.0,0,1,0.0,0.0,0.0
W0365,Night,2025-05-21,36.0,1,1,0.0,0.0,1.0
W0365,Night,2025-06-20,20.0,1,1,0.0,0.0,1.0
W0366,Evening,2025-01-15,49.0,0,1,0.0,0.0,0.0
W0366,Evening,2025-01-30,25.0,0,1,0.0,0.0,0.0
W0366,Evening,2025-02-27,37.0,1,2,0.0,0.0,0.5
W0366,Evening,2025-03-23,40.0,0,1,0.0,0.0,0.0
W0366,Evening,2025-06-11,4.0,0,1,0.0,0.0,0.0
W0366,Morning,2025-02-10,21.0,1,2,0.0,0.0,0.5
W0366,Morning,2025-02-23,28.0,0,1,0.0,0.0,0.0
W0366,Morning,2025-03-16,35.0,0,1,0.0,0.0,0.0
W0366,Morning,2025-03-30,38.0,0,1,0.0,0.0,0.0
W0366,Morning,2025-04-18,7.0,0,1,0.0,0.0,0.0
W0366,Morning,2025-05-07,47.0,0,1,0.0,0.0,0.0
W0366,Morning,2025-06-17,41.0,0,1,0.0,0.0,0.0
W0366,Morning,2025-06-22,17.0,0,1,0.0,0.0,0.0
W0366,Morning,2025-06-28,10.0,1,1,0.0,0.0,1.0
W0366,Night,2025-02-03,30.0,0,1,7.0,4.285714285714286,0.0
W0366,Night,2025-03-09,12.0,0,1,0.0,0.0,0.0
W0367,Evening,2025-01-20,49.0,0,1,0.0,0.0,0.0
W0367,Evening,2025-03-12,19.0,1,1,0.0,0.0,1.0
W0367,Evening,2025-04-25,47.0,0,1,0.0,0.0,0.0
W0367,Evening,2025-04-30,14.0,0,1,0.0,0.0,0.0
W0367,Evening,2025-05-11,14.0,0,1,0.0,0.0,0.0
W0367,Evening,2025-06-04,8.0,0,1,0.0,0.0,0.0
W0367,Evening,2025-06-25,28.0,0,1,9.0,3.111111111111111,0.0
W0367,Morning,2025-02-05,41.0,0,1,0.0,0.0,0.0
W0367,Morning,2025-02-13,39.0,0,1,0.0,0.0,0.0
W0367,Morning,2025-03-09,28.0,0,1,0.0,0.0,0.0
W0367,Morning,2025-03-11,27.0,0,1,0.0,0.0,0.0
W0367,Morning,2025-06-09,35.0,0,1,0.0,0.0,0.0
W0367,Morning,2025-06-23,19.0,0,1,0.0,0.0,0.0
W0367,Morning,2025-06-24,18.0,0,1,0.0,0.0,0.0
W0367,Night,2025-01-31,16.0,0,1,0.0,0.0,0.0
W0367,Night,2025-06-02,18.0,0,1,0.0,0.0,0.0
W0367,Night,2025-06-11,38.0,0,1,0.0,0.0,0.0
W0368,Evening,2025-01-08,34.0,0,1,0.0,0.0,0.0
W0368,Evening,2025-01-21,11.0,1,1,0.0,0.0,1.0
W0368,Evening,2025-03-16,3.0,1,1,0.0,0.0,1.0
W0368,Evening,2025-03-19,40.0,1,1,9.0,4.444444444444445,1.0
W0368,Evening,2025-05-01,20.0,1,1,0.0,0.0,1.0
W0368,Morning,2025-01-31,39.0,0,1,0.0,0.0,0.0
W0368,Morning,2025-02-04,8.0,0,1,0.0,0.0,0.0
W0368,Morning,2025-02-20,23.0,1,1,0.0,0.0,1.0
W0368,Morning,2025-05-03,21.0,0,1,0.0,0.0,0.0
W0368,Morning,2025-05-25,6.0,0,1,0.0,0.0,0.0
W0368,Morning,2025-06-22,37.0,0,1,0.0,0.0,0.0
W0368,Morning,2025-06-26,42.0,0,1,0.0,0.0,0.0
W0368,Night,2025-01-29,39.0,1,1,0.0,0.0,1.0
W0368,Night,2025-03-07,20.0,0,1,0.0,0.0,0.0
W0368,Night,2025-05-20,21.0,1,1,0.0,0.0,1.0
W0369,Evening,2025-05-19,27.0,1,1,0.0,0.0,1.0
W0369,Evening,2025-06-23,40.0,0,1,0.0,0.0,0.0
W0369,Morning,2025-02-28,48.0,0,1,0.0,0.0,0.0
W0369,Morning,2025-04-08,48.0,1,1,0.0,0.0,1.0
W0369,Morning,2025-06-25,42.0,0,1,0.0,0.0,0.0
W0369,Night,2025-02-08,6.0,0,1,0.0,0.0,0.0
W0369,Night,2025-02-17,7.0,0,1,0.0,0.0,0.0
W0369,Night,2025-02-25,29.0,0,1,0.0,0.0,0.0
W0369,Night,2025-04-05,14.0,1,1,0.0,0.0,1.0
W0369,Night,2025-05-20,33.0,0,1,0.0,0.0,0.0
W0370,Evening,2025-01-19,49.0,1,1,0.0,0.0,1.0
W0370,Evening,2025-02-09,37.0,0,1,0.0,0.0,0.0
W0370,Evening,2025-02-15,3.0,0,1,8.0,0.375,0.0
W0370,Evening,2025-02-24,24.0,0,1,0.0,0.0,0.0
W0370,Evening,2025-03-10,30.0,0,1,9.0,3.3333333333333335,0.0
W0370,Evening,2025-03-23,15.0,1,1,0.0,0.0,1.0
W0370,Morning,2025-01-27,11.0,0,1,0.0,0.0,0.0
W0370,Morning,2025-02-10,26.0,0,1,0.0,0.0,0.0
W0370,Morning,2025-02-18,14.0,0,1,0.0,0.0,0.0
W0370,Morning,2025-02-22,38.0,0,1,0.0,0.0,0.0
W0370,Morning,2025-02-24,11.0,0,1,0.0,0.0,0.0
W0370,Morning,2025-03-24,40.0,0,1,0.0,0.0,0.0
W0370,Morning,2025-04-07,40.0,0,1,0.0,0.0,0.0
W0370,Morning,2025-04-16,5.0,0,1,0.0,0.0,0.0
W0370,Morning,2025-05-01,26.0,0,1,0.0,0.0,0.0
W0370,Morning,2025-05-06,42.0,0,1,0.0,0.0,0.0
W0370,Morning,2025-05-29,27.0,0,1,0.0,0.0,0.0
W0370,Morning,2025-06-10,22.0,0,1,0.0,0.0,0.0
W0370,Morning,2025-06-12,11.0,0,1,0.0,0.0,0.0
W0370,Night,2025-01-20,46.0,1,1,0.0,0.0,1.0
W0370,Night,2025-06-19,33.0,0,1,0.0,0.0,0.0
W0371,Evening,2025-01-12,27.0,0,1,0.0,0.0,0.0
W0371,Evening,2025-04-08,23.0,0,1,0.0,0.0,0.0
W0371,Evening,2025-05-02,28.0,0,1,0.0,0.0,0.0
W0371,Evening,2025-05-12,11.0,0,1,0.0,0.0,0.0
W0371,Evening,2025-05-17,12.0,1,1,0.0,0.0,1.0
W0371,Evening,2025-06-05,5.0,0,1,0.0,0.0,0.0
W0371,Morning,2025-01-05,1.0,1,1,0.0,0.0,1.0
W0371,Morning,2025-01-06,40.0,1,1,0.0,0.0,1.0
W0371,Morning,2025-01-29,18.0,1,1,0.0,0.0,1.0
W0371,Morning,2025-02-13,48.0,1,1,0.0,0.0,1.0
W0371,Morning,2025-02-16,27.0,0,1,0.0,0.0,0.0
W0371,Morning,2025-03-11,13.0,0,1,0.0,0.0,0.0
W0371,Morning,2025-03-29,18.0,0,1,0.0,0.0,0.0
W0371,Morning,2025-04-13,46.0,1,1,0.0,0.0,1.0
W0371,Morning,2025-04-26,14.0,0,1,0.0,0.0,0.0
W0371,Morning,2025-05-21,44.0,0,1,0.0,0.0,0.0
W0371,Morning,2025-05-27,7.0,0,1,0.0,0.0,0.0
W0371,Morning,2025-06-02,35.0,1,1,0.0,0.0,1.0
W0371,Morning,2025-06-06,11.0,0,1,0.0,0.0,0.0
W0371,Morning,2025-06-14,10.0,0,1,0.0,0.0,0.0
W0371,Morning,2025-06-17,40.0,0,1,0.0,0.0,0.0
W0371,Morning,2025-06-25,22.0,0,1,0.0,0.0,0.0
W0371,Night,2025-02-02,7.0,0,1,0.0,0.0,0.0
W0371,Night,2025-02-11,29.0,0,1,0.0,0.0,0.0
W0371,Night,2025-02-16,43.0,0,1,0.0,0.0,0.0
W0371,Night,2025-05-30,9.0,0,1,0.0,0.0,0.0
W0372,Evening,2025-01-04,1.0,0,1,0.0,0.0,0.0
W0372,Evening,2025-02-07,12.0,1,1,0.0,0.0,1.0
W0372,Evening,2025-02-15,48.0,1,1,0.0,0.0,1.0
W0372,Evening,2025-04-04,23.0,0,1,0.0,0.0,0.0
W0372,Evening,2025-04-14,47.0,0,1,0.0,0.0,0.0
W0372,Evening,2025-05-12,20.0,0,1,0.0,0.0,0.0
W0372,Evening,2025-06-04,3.0,0,1,0.0,0.0,0.0
W0372,Morning,2025-01-12,47.0,1,1,0.0,0.0,1.0
W0372,Morning,2025-02-05,22.0,0,1,0.0,0.0,0.0
W0372,Morning,2025-02-13,42.0,0,1,0.0,0.0,0.0
W0372,Morning,2025-03-13,12.0,0,1,0.0,0.0,0.0
W0372,Morning,2025-03-16,15.0,0,1,0.0,0.0,0.0
W0372,Morning,2025-04-02,25.0,1,1,0.0,0.0,1.0
W0372,Morning,2025-04-21,4.0,0,1,0.0,0.0,0.0
W0372,Morning,2025-05-03,16.0,0,1,0.0,0.0,0.0
W0372,Morning,2025-06-01,32.0,0,1,0.0,0.0,0.0
W0372,Night,2025-01-15,5.0,0,1,0.0,0.0,0.0
W0372,Night,2025-02-14,31.0,0,1,0.0,0.0,0.0
W0372,Night,2025-04-12,15.0,0,1,10.0,1.5,0.0
W0373,Evening,2025-02-24,46.0,0,1,0.0,0.0,0.0
W0373,Evening,2025-04-10,18.0,0,1,0.0,0.0,0.0
W0373,Evening,2025-05-05,9.0,0,1,0.0,0.0,0.0
W0373,Morning,2025-01-08,29.0,0,1,0.0,0.0,0.0
W0373,Morning,2025-01-11,15.0,0,1,0.0,0.0,0.0
W0373,Morning,2025-02-25,27.0,0,1,0.0,0.0,0.0
W0373,Morning,2025-03-05,26.0,0,1,0.0,0.0,0.0
W0373,Morning,2025-03-16,36.0,1,1,0.0,0.0,1.0
W0373,Morning,2025-04-27,45.0,0,1,0.0,0.0,0.0
W0373,Morning,2025-05-08,46.0,0,1,9.0,5.111111111111111,0.0
W0373,Morning,2025-06-10,23.0,0,1,0.0,0.0,0.0
W0373,Morning,2025-06-12,43.0,0,1,0.0,0.0,0.0
W0373,Night,2025-01-16,41.0,0,1,0.0,0.0,0.0
W0373,Night,2025-01-27,44.0,0,1,0.0,0.0,0.0
W0373,Night,2025-02-06,47.0,0,1,0.0,0.0,0.0
W0373,Night,2025-02-14,14.0,0,1,0.0,0.0,0.0
W0373,Night,2025-04-15,5.0,0,1,0.0,0.0,0.0
W0373,Night,2025-05-13,5.0,0,1,0.0,0.0,0.0
W0373,Night,2025-06-10,40.0,0,1,0.0,0.0,0.0
W0374,Evening,2025-01-29,33.0,0,1,0.0,0.0,0.0
W0374,Evening,2025-02-10,21.0,0,1,0.0,0.0,0.0
W0374,Morning,2025-01-21,18.0,0,1,0.0,0.0,0.0
W0374,Morning,2025-02-02,42.0,0,1,0.0,0.0,0.0
W0374,Morning,2025-02-28,8.0,0,1,0.0,0.0,0.0
W0374,Morning,2025-03-25,3.0,0,1,9.0,0.3333333333333333,0.0
W0374,Morning,2025-03-26,29.0,0,1,0.0,0.0,0.0
W0374,Morning,2025-04-21,15.0,1,1,0.0,0.0,1.0
W0374,Morning,2025-05-31,30.0,0,1,0.0,0.0,0.0
W0374,Morning,2025-06-02,45.0,1,1,0.0,0.0,1.0
W0374,Morning,2025-06-08,42.0,0,1,0.0,0.0,0.0
W0374,Night,2025-01-07,3.0,1,1,0.0,0.0,1.0
W0374,Night,2025-03-08,22.0,0,1,0.0,0.0,0.0
W0374,Night,2025-03-10,10.0,0,1,0.0,0.0,0.0
W0374,Night,2025-04-23,11.0,0,1,0.0,0.0,0.0
W0374,Night,2025-05-25,24.0,1,1,0.0,0.0,1.0
W0374,Night,2025-06-08,22.0,0,1,0.0,0.0,0.0
W0375,Evening,2025-04-04,41.0,0,1,0.0,0.0,0.0
W0375,Evening,2025-04-17,40.0,0,1,0.0,0.0,0.0
W0375,Evening,2025-05-01,48.0,0,1,0.0,0.0,0.0
W0375,Evening,2025-05-05,27.0,1,1,0.0,0.0,1.0
W0375,Evening,2025-06-06,1.0,0,1,0.0,0.0,0.0
W0375,Morning,2025-01-04,38.0,0,1,0.0,0.0,0.0
W0375,Morning,2025-01-30,27.0,0,1,0.0,0.0,0.0
W0375,Morning,2025-02-02,30.0,0,1,0.0,0.0,0.0
W0375,Morning,2025-03-14,25.0,1,1,0.0,0.0,1.0
W0375,Morning,2025-04-11,11.0,0,1,0.0,0.0,0.0
W0375,Morning,2025-05-07,37.0,0,1,0.0,0.0,0.0
W0375,Morning,2025-06-01,47.0,1,1,0.0,0.0,1.0
W0375,Morning,2025-06-04,42.0,1,1,0.0,0.0,1.0
W0375,Morning,2025-06-05,16.0,1,1,0.0,0.0,1.0
W0375,Night,2025-02-07,38.0,1,1,0.0,0.0,1.0
W0375,Night,2025-02-10,1.0,0,1,0.0,0.0,0.0
W0376,Evening,2025-02-02,7.0,1,1,0.0,0.0,1.0
W0376,Evening,2025-02-09,12.0,1,1,0.0,0.0,1.0
W0376,Evening,2025-04-11,12.0,0,1,0.0,0.0,0.0
W0376,Evening,2025-05-02,36.0,0,1,0.0,0.0,0.0
W0376,Morning,2025-02-01,32.0,0,1,0.0,0.0,0.0
W0376,Morning,2025-02-02,7.0,0,1,0.0,0.0,0.0
W0376,Morning,2025-03-18,34.0,0,1,0.0,0.0,0.0
W0376,Night,2025-02-05,37.0,0,1,10.0,3.7,0.0
W0376,Night,2025-02-17,91.0,1,2,7.0,13.0,0.5
W0377,Evening,2025-04-22,49.0,0,1,0.0,0.0,0.0
W0377,Evening,2025-06-21,35.0,0,1,6.0,5.833333333333333,0.0
W0377,Morning,2025-01-01,10.0,0,1,0.0,0.0,0.0
W0377,Morning,2025-01-08,34.0,1,1,0.0,0.0,1.0
W0377,Morning,2025-02-03,47.0,0,1,0.0,0.0,0.0
W0377,Morning,2025-02-05,4.0,0,1,0.0,0.0,0.0
W0377,Morning,2025-02-10,8.0,1,1,0.0,0.0,1.0
W0377,Morning,2025-03-13,13.0,1,1,0.0,0.0,1.0
W0377,Morning,2025-03-28,46.0,0,1,0.0,0.0,0.0
W0377,Morning,2025-04-15,39.0,0,1,0.0,0.0,0.0
W0377,Morning,2025-05-23,3.0,0,1,0.0,0.0,0.0
W0377,Morning,2025-06-18,1.0,0,1,10.0,0.1,0.0
W0377,Night,2025-01-02,9.0,1,1,0.0,0.0,1.0
W0377,Night,2025-01-08,37.0,0,1,8.0,4.625,0.0
W0377,Night,2025-01-11,3.0,1,1,0.0,0.0,1.0
W0377,Night,2025-02-25,38.0,0,1,0.0,0.0,0.0
W0378,Evening,2025-03-04,25.0,1,1,0.0,0.0,1.0
W0378,Evening,2025-03-31,2.0,1,1,0.0,0.0,1.0
W0378,Evening,2025-05-06,2.0,0,1,0.0,0.0,0.0
W0378,Evening,2025-05-09,13.0,0,1,0.0,0.0,0.0
W0378,Evening,2025-05-15,36.0,0,1,0.0,0.0,0.0
W0378,Evening,2025-05-29,37.0,0,1,0.0,0.0,0.0
W0378,Morning,2025-02-09,2.0,1,1,0.0,0.0,1.0
W0378,Morning,2025-02-13,36.0,0,1,0.0,0.0,0.0
W0378,Morning,2025-04-09,23.0,0,1,0.0,0.0,0.0
W0378,Morning,2025-05-31,11.0,0,1,0.0,0.0,0.0
W0378,Morning,2025-06-02,27.0,1,1,0.0,0.0,1.0
W0378,Morning,2025-06-08,47.0,0,1,0.0,0.0,0.0
W0378,Morning,2025-06-25,11.0,0,1,0.0,0.0,0.0
W0378,Morning,2025-06-29,49.0,0,1,0.0,0.0,0.0
W0378,Night,2025-03-14,40.0,0,1,0.0,0.0,0.0
W0378,Night,2025-04-02,10.0,0,1,0.0,0.0,0.0
W0378,Night,2025-05-21,38.0,0,1,0.0,0.0,0.0
W0379,Evening,2025-02-15,5.0,0,1,0.0,0.0,0.0
W0379,Evening,2025-02-21,17.0,0,1,0.0,0.0,0.0
W0379,Evening,2025-03-10,32.0,0,1,0.0,0.0,0.0
W0379,Evening,2025-03-17,26.0,0,1,0.0,0.0,0.0
W0379,Evening,2025-04-21,42.0,0,1,0.0,0.0,0.0
W0379,Evening,2025-05-23,32.0,0,1,0.0,0.0,0.0
W0379,Evening,2025-05-28,42.0,0,1,0.0,0.0,0.0
W0379,Morning,2025-01-25,15.0,0,1,0.0,0.0,0.0
W0379,Morning,2025-01-30,25.0,1,1,0.0,0.0,1.0
W0379,Morning,2025-02-04,20.0,1,1,0.0,0.0,1.0
W0379,Morning,2025-02-07,40.0,0,1,0.0,0.0,0.0
W0379,Morning,2025-04-04,30.0,0,1,0.0,0.0,0.0
W0379,Morning,2025-04-27,40.0,0,1,0.0,0.0,0.0
W0379,Morning,2025-06-07,20.0,0,1,0.0,0.0,0.0
W0379,Morning,2025-06-13,7.0,0,1,0.0,0.0,0.0
W0379,Morning,2025-06-18,17.0,1,1,0.0,0.0,1.0
W0379,Night,2025-01-07,34.0,1,1,0.0,0.0,1.0
W0379,Night,2025-01-09,40.0,0,1,8.0,5.0,0.0
W0379,Night,2025-03-22,6.0,1,1,8.0,0.75,1.0
W0379,Night,2025-04-13,21.0,1,1,10.0,2.1,1.0
W0379,Night,2025-04-14,17.0,0,1,0.0,0.0,0.0
W0380,Evening,2025-01-05,2.0,0,1,0.0,0.0,0.0
W0380,Evening,2025-02-13,5.0,0,1,0.0,0.0,0.0
W0380,Evening,2025-02-24,25.0,0,1,0.0,0.0,0.0
W0380,Evening,2025-02-27,35.0,0,1,0.0,0.0,0.0
W0380,Evening,2025-03-04,46.0,0,1,0.0,0.0,0.0
W0380,Evening,2025-03-06,14.0,0,1,0.0,0.0,0.0
W0380,Evening,2025-05-13,43.0,1,1,0.0,0.0,1.0
W0380,Morning,2025-04-20,49.0,0,1,0.0,0.0,0.0
W0380,Morning,2025-05-10,27.0,0,1,0.0,0.0,0.0
W0380,Morning,2025-05-17,29.0,1,1,0.0,0.0,1.0
W0380,Morning,2025-05-22,9.0,1,1,0.0,0.0,1.0
W0380,Morning,2025-06-19,18.0,0,1,0.0,0.0,0.0
W0380,Night,2025-02-03,7.0,0,1,0.0,0.0,0.0
W0380,Night,2025-02-21,42.0,0,1,0.0,0.0,0.0
W0380,Night,2025-02-26,4.0,1,1,0.0,0.0,1.0
W0380,Night,2025-04-12,11.0,1,1,0.0,0.0,1.0
W0381,Evening,2025-01-20,27.0,1,1,0.0,0.0,1.0
W0381,Evening,2025-02-01,43.0,0,1,0.0,0.0,0.0
W0381,Evening,2025-03-21,7.0,0,1,0.0,0.0,0.0
W0381,Evening,2025-04-03,11.0,0,1,10.0,1.1,0.0
W0381,Evening,2025-04-07,37.0,0,1,7.0,5.285714285714286,0.0
W0381,Evening,2025-04-20,48.0,0,1,0.0,0.0,0.0
W0381,Evening,2025-04-24,8.0,0,1,0.0,0.0,0.0
W0381,Evening,2025-06-14,9.0,0,1,7.0,1.2857142857142858,0.0
W0381,Morning,2025-01-03,20.0,0,1,0.0,0.0,0.0
W0381,Morning,2025-01-30,13.0,1,1,0.0,0.0,1.0
W0381,Morning,2025-03-06,36.0,0,1,0.0,0.0,0.0
W0381,Morning,2025-03-10,13.0,0,1,0.0,0.0,0.0
W0381,Morning,2025-04-09,19.0,0,1,0.0,0.0,0.0
W0381,Morning,2025-04-22,36.0,0,1,0.0,0.0,0.0
W0381,Morning,2025-05-03,1.0,0,1,0.0,0.0,0.0
W0381,Morning,2025-05-08,2.0,1,1,0.0,0.0,1.0
W0381,Morning,2025-05-20,24.0,0,1,0.0,0.0,0.0
W0381,Morning,2025-06-01,3.0,1,1,0.0,0.0,1.0
W0381,Morning,2025-06-09,48.0,0,1,0.0,0.0,0.0
W0381,Night,2025-03-04,5.0,0,1,0.0,0.0,0.0
W0381,Night,2025-03-29,48.0,1,1,0.0,0.0,1.0
W0381,Night,2025-04-10,10.0,0,1,0.0,0.0,0.0
W0381,Night,2025-06-17,29.0,1,1,0.0,0.0,1.0
W0381,Night,2025-06-19,11.0,1,1,0.0,0.0,1.0
W0381,Night,2025-06-20,21.0,0,1,0.0,0.0,0.0
W0381,Night,2025-06-29,24.0,0,1,0.0,0.0,0.0
W0382,Evening,2025-01-26,25.0,1,1,0.0,0.0,1.0
W0382,Evening,2025-02-12,43.0,0,1,0.0,0.0,0.0
W0382,Morning,2025-01-02,44.0,0,1,0.0,0.0,0.0
W0382,Morning,2025-01-18,44.0,0,1,0.0,0.0,0.0
W0382,Morning,2025-02-27,8.0,1,1,0.0,0.0,1.0
W0382,Morning,2025-03-02,17.0,0,1,0.0,0.0,0.0
W0382,Morning,2025-03-21,2.0,1,1,0.0,0.0,1.0
W0382,Morning,2025-03-31,21.0,1,1,0.0,0.0,1.0
W0382,Morning,2025-04-05,27.0,0,1,0.0,0.0,0.0
W0382,Morning,2025-04-13,25.0,0,1,0.0,0.0,0.0
W0382,Morning,2025-04-24,9.0,1,1,0.0,0.0,1.0
W0382,Morning,2025-05-03,10.0,1,1,0.0,0.0,1.0
W0382,Morning,2025-05-15,30.0,1,1,0.0,0.0,1.0
W0382,Night,2025-01-11,36.0,0,1,0.0,0.0,0.0
W0382,Night,2025-03-16,18.0,0,1,0.0,0.0,0.0
W0382,Night,2025-04-11,31.0,0,1,0.0,0.0,0.0
W0383,Evening,2025-02-06,6.0,0,1,0.0,0.0,0.0
W0383,Evening,2025-02-24,22.0,0,1,0.0,0.0,0.0
W0383,Evening,2025-03-29,31.0,0,1,0.0,0.0,0.0
W0383,Evening,2025-04-19,18.0,0,1,0.0,0.0,0.0
W0383,Morning,2025-02-06,38.0,0,1,0.0,0.0,0.0
W0383,Morning,2025-03-01,38.0,1,1,0.0,0.0,1.0
W0383,Morning,2025-03-14,11.0,0,1,0.0,0.0,0.0
W0383,Morning,2025-05-06,48.0,1,1,0.0,0.0,1.0
W0383,Morning,2025-05-15,41.0,0,1,0.0,0.0,0.0
W0383,Night,2025-03-12,9.0,0,1,0.0,0.0,0.0
W0383,Night,2025-03-14,16.0,0,1,0.0,0.0,0.0
W0383,Night,2025-03-19,45.0,0,1,0.0,0.0,0.0
W0383,Night,2025-03-22,16.0,0,1,0.0,0.0,0.0
W0384,Evening,2025-02-20,43.0,0,1,6.0,7.166666666666667,0.0
W0384,Evening,2025-03-14,40.0,1,1,0.0,0.0,1.0
W0384,Evening,2025-03-20,44.0,0,1,0.0,0.0,0.0
W0384,Morning,2025-01-07,49.0,0,1,0.0,0.0,0.0
W0384,Morning,2025-02-06,32.0,0,1,0.0,0.0,0.0
W0384,Morning,2025-03-10,1.0,0,1,6.0,0.16666666666666666,0.0
W0384,Morning,2025-03-12,34.0,0,1,0.0,0.0,0.0
W0384,Morning,2025-05-29,31.0,0,1,0.0,0.0,0.0
W0384,Morning,2025-06-06,47.0,0,1,0.0,0.0,0.0
W0384,Morning,2025-06-17,47.0,0,1,0.0,0.0,0.0
W0384,Night,2025-04-16,30.0,0,1,0.0,0.0,0.0
W0385,Evening,2025-01-04,5.0,0,1,0.0,0.0,0.0
W0385,Evening,2025-01-23,5.0,0,1,0.0,0.0,0.0
W0385,Evening,2025-01-25,42.0,1,1,0.0,0.0,1.0
W0385,Evening,2025-02-22,43.0,0,1,0.0,0.0,0.0
W0385,Evening,2025-04-18,42.0,0,1,0.0,0.0,0.0
W0385,Morning,2025-01-03,28.0,0,1,0.0,0.0,0.0
W0385,Morning,2025-01-22,24.0,0,1,0.0,0.0,0.0
W0385,Morning,2025-02-16,43.0,0,1,0.0,0.0,0.0
W0385,Morning,2025-03-26,13.0,0,1,0.0,0.0,0.0
W0385,Morning,2025-04-29,9.0,0,1,0.0,0.0,0.0
W0385,Morning,2025-05-11,28.0,1,1,0.0,0.0,1.0
W0385,Morning,2025-05-12,48.0,0,1,0.0,0.0,0.0
W0385,Morning,2025-05-13,33.0,0,1,0.0,0.0,0.0
W0385,Morning,2025-06-05,31.0,1,1,0.0,0.0,1.0
W0385,Morning,2025-06-19,13.0,0,1,0.0,0.0,0.0
W0385,Night,2025-02-14,14.0,1,1,0.0,0.0,1.0
W0385,Night,2025-04-11,36.0,0,1,0.0,0.0,0.0
W0385,Night,2025-06-07,34.0,0,1,0.0,0.0,0.0
W0385,Night,2025-06-11,20.0,1,1,0.0,0.0,1.0
W0386,Evening,2025-01-24,5.0,0,1,0.0,0.0,0.0
W0386,Morning,2025-01-12,38.0,1,1,0.0,0.0,1.0
W0386,Morning,2025-01-20,14.0,0,1,0.0,0.0,0.0
W0386,Morning,2025-03-29,4.0,0,1,0.0,0.0,0.0
W0386,Morning,2025-04-18,10.0,0,1,0.0,0.0,0.0
W0386,Morning,2025-04-29,35.0,1,1,0.0,0.0,1.0
W0386,Morning,2025-06-23,17.0,0,1,0.0,0.0,0.0
W0386,Night,2025-02-22,34.0,1,1,0.0,0.0,1.0
W0386,Night,2025-06-05,7.0,0,1,0.0,0.0,0.0
W0386,Night,2025-06-09,44.0,0,1,0.0,0.0,0.0
W0387,Evening,2025-01-27,1.0,0,1,0.0,0.0,0.0
W0387,Evening,2025-02-15,18.0,1,1,0.0,0.0,1.0
W0387,Evening,2025-03-25,32.0,0,1,0.0,0.0,0.0
W0387,Evening,2025-05-03,44.0,0,1,0.0,0.0,0.0
W0387,Morning,2025-02-15,10.0,1,1,0.0,0.0,1.0
W0387,Morning,2025-03-06,1.0,0,1,0.0,0.0,0.0
W0387,Morning,2025-03-07,5.0,1,1,0.0,0.0,1.0
W0387,Morning,2025-03-27,15.0,0,1,0.0,0.0,0.0
W0387,Morning,2025-04-30,15.0,0,1,0.0,0.0,0.0
W0387,Morning,2025-05-28,8.0,1,1,0.0,0.0,1.0
W0387,Morning,2025-06-28,14.0,1,1,0.0,0.0,1.0
W0387,Night,2025-05-21,12.0,0,1,0.0,0.0,0.0
W0387,Night,2025-06-29,20.0,0,1,0.0,0.0,0.0
W0388,Evening,2025-02-22,9.0,0,1,0.0,0.0,0.0
W0388,Evening,2025-04-10,6.0,0,1,0.0,0.0,0.0
W0388,Evening,2025-05-22,3.0,1,1,0.0,0.0,1.0
W0388,Evening,2025-06-26,42.0,0,1,0.0,0.0,0.0
W0388,Morning,2025-01-02,43.0,0,1,0.0,0.0,0.0
W0388,Morning,2025-01-25,11.0,0,1,0.0,0.0,0.0
W0388,Morning,2025-02-06,16.0,1,1,0.0,0.0,1.0
W0388,Morning,2025-02-10,15.0,0,1,0.0,0.0,0.0
W0388,Morning,2025-03-02,12.0,0,1,0.0,0.0,0.0
W0388,Morning,2025-05-30,19.0,0,1,0.0,0.0,0.0
W0388,Morning,2025-06-06,38.0,1,1,0.0,0.0,1.0
W0388,Night,2025-01-19,3.0,0,1,16.0,0.1875,0.0
W0388,Night,2025-03-02,71.0,1,2,0.0,0.0,0.5
W0388,Night,2025-06-17,28.0,0,1,9.0,3.111111111111111,0.0
W0389,Evening,2025-04-07,32.0,0,1,0.0,0.0,0.0
W0389,Evening,2025-05-30,8.0,0,1,7.0,1.1428571428571428,0.0
W0389,Evening,2025-06-26,46.0,0,1,0.0,0.0,0.0
W0389,Morning,2025-03-06,17.0,0,1,0.0,0.0,0.0
W0389,Morning,2025-03-07,43.0,0,1,0.0,0.0,0.0
W0389,Morning,2025-03-24,25.0,0,1,0.0,0.0,0.0
W0389,Morning,2025-04-25,47.0,0,1,0.0,0.0,0.0
W0389,Morning,2025-05-05,6.0,1,1,0.0,0.0,1.0
W0389,Morning,2025-05-09,20.0,0,1,0.0,0.0,0.0
W0389,Night,2025-01-19,46.0,0,1,0.0,0.0,0.0
W0389,Night,2025-02-08,28.0,0,1,0.0,0.0,0.0
W0389,Night,2025-03-05,9.0,0,1,0.0,0.0,0.0
W0389,Night,2025-05-23,38.0,0,1,0.0,0.0,0.0
W0389,Night,2025-06-27,3.0,0,1,0.0,0.0,0.0
W0390,Evening,2025-01-12,19.0,0,1,0.0,0.0,0.0
W0390,Evening,2025-01-19,18.0,0,1,0.0,0.0,0.0
W0390,Evening,2025-02-06,1.0,0,1,0.0,0.0,0.0
W0390,Evening,2025-03-27,24.0,1,1,0.0,0.0,1.0
W0390,Evening,2025-04-01,25.0,1,1,0.0,0.0,1.0
W0390,Evening,2025-05-07,46.0,0,1,0.0,0.0,0.0
W0390,Evening,2025-05-31,49.0,0,1,0.0,0.0,0.0
W0390,Evening,2025-06-28,13.0,0,1,0.0,0.0,0.0
W0390,Morning,2025-01-17,48.0,1,1,0.0,0.0,1.0
W0390,Morning,2025-03-01,24.0,1,1,0.0,0.0,1.0
W0390,Morning,2025-03-10,12.0,0,1,0.0,0.0,0.0
W0390,Morning,2025-04-05,1.0,0,1,0.0,0.0,0.0
W0390,Morning,2025-04-09,4.0,0,1,0.0,0.0,0.0
W0390,Morning,2025-04-10,34.0,0,1,0.0,0.0,0.0
W0390,Morning,2025-04-22,39.0,0,1,0.0,0.0,0.0
W0390,Night,2025-02-04,44.0,0,1,0.0,0.0,0.0
W0390,Night,2025-02-26,40.0,0,1,0.0,0.0,0.0
W0390,Night,2025-06-13,46.0,1,1,0.0,0.0,1.0
W0390,Night,2025-06-29,43.0,0,1,0.0,0.0,0.0
W0391,Evening,2025-02-11,46.0,0,1,8.0,5.75,0.0
W0391,Evening,2025-03-25,2.0,1,1,0.0,0.0,1.0
W0391,Evening,2025-03-30,30.0,1,1,0.0,0.0,1.0
W0391,Evening,2025-06-28,27.0,0,1,0.0,0.0,0.0
W0391,Morning,2025-01-16,38.0,0,1,0.0,0.0,0.0
W0391,Morning,2025-02-26,11.0,1,1,0.0,0.0,1.0
W0391,Morning,2025-03-10,14.0,0,1,0.0,0.0,0.0
W0391,Morning,2025-03-27,25.0,0,1,0.0,0.0,0.0
W0391,Morning,2025-05-17,7.0,0,1,0.0,0.0,0.0
W0391,Morning,2025-05-25,1.0,0,1,0.0,0.0,0.0
W0391,Morning,2025-06-04,45.0,0,1,8.0,5.625,0.0
W0391,Morning,2025-06-29,49.0,1,1,0.0,0.0,1.0
W0391,Night,2025-01-23,24.0,0,1,0.0,0.0,0.0
W0391,Night,2025-02-14,14.0,0,1,0.0,0.0,0.0
W0391,Night,2025-05-26,49.0,0,1,0.0,0.0,0.0
W0392,Evening,2025-01-13,10.0,0,1,0.0,0.0,0.0
W0392,Evening,2025-02-08,19.0,0,1,0.0,0.0,0.0
W0392,Evening,2025-04-29,34.0,0,1,0.0,0.0,0.0
W0392,Evening,2025-05-04,23.0,1,1,8.0,2.875,1.0
W0392,Evening,2025-05-18,5.0,0,1,0.0,0.0,0.0
W0392,Morning,2025-01-04,30.0,0,1,0.0,0.0,0.0
W0392,Morning,2025-02-02,49.0,0,1,0.0,0.0,0.0
W0392,Morning,2025-02-26,27.0,0,1,0.0,0.0,0.0
W0392,Morning,2025-04-11,25.0,0,1,0.0,0.0,0.0
W0392,Morning,2025-04-26,26.0,1,1,0.0,0.0,1.0
W0392,Morning,2025-05-23,10.0,0,1,6.0,1.6666666666666667,0.0
W0392,Morning,2025-06-11,45.0,0,1,0.0,0.0,0.0
W0392,Night,2025-02-01,15.0,1,1,0.0,0.0,1.0
W0392,Night,2025-04-23,12.0,0,1,6.0,2.0,0.0
W0392,Night,2025-05-16,18.0,1,1,0.0,0.0,1.0
W0393,Evening,2025-05-01,34.0,0,1,0.0,0.0,0.0
W0393,Evening,2025-05-29,2.0,0,1,0.0,0.0,0.0
W0393,Morning,2025-01-18,67.0,2,2,0.0,0.0,1.0
W0393,Morning,2025-01-24,38.0,0,1,0.0,0.0,0.0
W0393,Morning,2025-02-10,6.0,1,1,0.0,0.0,1.0
W0393,Morning,2025-02-14,36.0,1,1,0.0,0.0,1.0
W0393,Morning,2025-03-06,43.0,0,1,0.0,0.0,0.0
W0393,Morning,2025-03-18,47.0,0,1,0.0,0.0,0.0
W0393,Morning,2025-04-09,26.0,0,1,8.0,3.25,0.0
W0393,Morning,2025-04-26,37.0,0,1,0.0,0.0,0.0
W0393,Morning,2025-05-17,22.0,1,1,0.0,0.0,1.0
W0393,Morning,2025-05-30,16.0,0,1,0.0,0.0,0.0
W0393,Night,2025-01-26,6.0,0,1,0.0,0.0,0.0
W0393,Night,2025-05-04,33.0,0,1,0.0,0.0,0.0
W0393,Night,2025-05-30,8.0,0,1,10.0,0.8,0.0
W0393,Night,2025-06-28,35.0,0,1,0.0,0.0,0.0
W0394,Evening,2025-01-23,48.0,1,1,0.0,0.0,1.0
W0394,Evening,2025-01-30,29.0,0,1,0.0,0.0,0.0
W0394,Evening,2025-03-27,36.0,1,1,0.0,0.0,1.0
W0394,Evening,2025-04-16,9.0,0,1,0.0,0.0,0.0
W0394,Evening,2025-05-05,2.0,0,1,0.0,0.0,0.0
W0394,Morning,2025-01-01,20.0,0,1,0.0,0.0,0.0
W0394,Morning,2025-02-04,10.0,0,1,0.0,0.0,0.0
W0394,Morning,2025-02-19,6.0,0,1,10.0,0.6,0.0
W0394,Morning,2025-03-22,22.0,0,1,0.0,0.0,0.0
W0394,Morning,2025-04-01,44.0,1,1,0.0,0.0,1.0
W0394,Morning,2025-04-23,39.0,0,1,0.0,0.0,0.0
W0394,Morning,2025-04-30,41.0,0,1,0.0,0.0,0.0
W0394,Morning,2025-06-03,17.0,0,1,0.0,0.0,0.0
W0394,Morning,2025-06-06,26.0,0,1,0.0,0.0,0.0
W0394,Morning,2025-06-10,17.0,0,1,0.0,0.0,0.0
W0394,Night,2025-03-01,44.0,0,1,0.0,0.0,0.0
W0394,Night,2025-04-03,15.0,0,1,0.0,0.0,0.0
W0394,Night,2025-04-05,24.0,0,1,0.0,0.0,0.0
W0394,Night,2025-06-03,18.0,1,1,0.0,0.0,1.0
W0395,Evening,2025-02-24,45.0,0,1,0.0,0.0,0.0
W0395,Evening,2025-04-05,1.0,1,1,0.0,0.0,1.0
W0395,Evening,2025-04-07,8.0,0,1,0.0,0.0,0.0
W0395,Evening,2025-05-22,47.0,0,1,0.0,0.0,0.0
W0395,Evening,2025-06-23,2.0,1,1,0.0,0.0,1.0
W0395,Morning,2025-01-17,47.0,1,1,0.0,0.0,1.0
W0395,Morning,2025-01-22,2.0,0,1,0.0,0.0,0.0
W0395,Morning,2025-02-07,39.0,0,1,0.0,0.0,0.0
W0395,Morning,2025-03-20,37.0,0,1,0.0,0.0,0.0
W0395,Morning,2025-03-25,36.0,0,1,0.0,0.0,0.0
W0395,Morning,2025-03-26,21.0,0,1,0.0,0.0,0.0
W0395,Morning,2025-05-11,6.0,1,1,0.0,0.0,1.0
W0395,Morning,2025-06-14,43.0,0,1,0.0,0.0,0.0
W0395,Morning,2025-06-23,24.0,0,1,0.0,0.0,0.0
W0395,Night,2025-02-04,4.0,0,1,0.0,0.0,0.0
W0396,Evening,2025-01-05,27.0,0,1,0.0,0.0,0.0
W0396,Evening,2025-01-16,37.0,0,1,0.0,0.0,0.0
W0396,Evening,2025-01-26,13.0,0,1,0.0,0.0,0.0
W0396,Evening,2025-02-23,10.0,0,1,0.0,0.0,0.0
W0396,Evening,2025-03-28,14.0,0,1,0.0,0.0,0.0
W0396,Evening,2025-04-21,49.0,0,1,0.0,0.0,0.0
W0396,Evening,2025-05-07,49.0,0,1,0.0,0.0,0.0
W0396,Evening,2025-06-20,31.0,0,1,0.0,0.0,0.0
W0396,Morning,2025-01-07,18.0,0,1,0.0,0.0,0.0
W0396,Morning,2025-01-27,17.0,1,1,0.0,0.0,1.0
W0396,Morning,2025-03-21,16.0,1,1,0.0,0.0,1.0
W0396,Morning,2025-04-03,30.0,0,1,0.0,0.0,0.0
W0396,Morning,2025-04-21,24.0,0,1,0.0,0.0,0.0
W0396,Morning,2025-06-02,44.0,0,1,0.0,0.0,0.0
W0396,Night,2025-01-17,23.0,0,1,0.0,0.0,0.0
W0396,Night,2025-02-01,13.0,0,1,0.0,0.0,0.0
W0396,Night,2025-03-17,4.0,1,1,0.0,0.0,1.0
W0396,Night,2025-06-18,42.0,0,1,0.0,0.0,0.0
W0397,Evening,2025-01-04,29.0,1,1,0.0,0.0,1.0
W0397,Evening,2025-01-14,41.0,0,1,0.0,0.0,0.0
W0397,Evening,2025-01-27,28.0,0,1,0.0,0.0,0.0
W0397,Evening,2025-02-01,8.0,0,1,0.0,0.0,0.0
W0397,Evening,2025-02-11,44.0,0,1,0.0,0.0,0.0
W0397,Evening,2025-03-09,42.0,0,2,10.0,4.2,0.0
W0397,Morning,2025-02-20,36.0,1,1,0.0,0.0,1.0
W0397,Morning,2025-03-03,7.0,1,1,0.0,0.0,1.0
W0397,Morning,2025-05-11,12.0,0,1,0.0,0.0,0.0
W0397,Morning,2025-05-26,12.0,0,1,0.0,0.0,0.0
W0397,Morning,2025-06-16,43.0,0,1,0.0,0.0,0.0
W0397,Morning,2025-06-22,40.0,0,1,0.0,0.0,0.0
W0397,Morning,2025-06-23,20.0,1,1,0.0,0.0,1.0
W0397,Morning,2025-06-28,4.0,1,1,0.0,0.0,1.0
W0397,Night,2025-01-19,17.0,0,1,0.0,0.0,0.0
W0397,Night,2025-03-04,48.0,0,1,0.0,0.0,0.0
W0397,Night,2025-03-11,8.0,0,1,0.0,0.0,0.0
W0397,Night,2025-04-21,10.0,1,1,0.0,0.0,1.0
W0397,Night,2025-06-05,24.0,0,1,0.0,0.0,0.0
W0398,Evening,2025-01-06,48.0,0,1,0.0,0.0,0.0
W0398,Evening,2025-04-15,33.0,0,1,0.0,0.0,0.0
W0398,Evening,2025-05-15,9.0,0,1,0.0,0.0,0.0
W0398,Evening,2025-06-25,12.0,0,1,0.0,0.0,0.0
W0398,Morning,2025-01-21,19.0,1,1,0.0,0.0,1.0
W0398,Morning,2025-01-28,6.0,1,1,0.0,0.0,1.0
W0398,Morning,2025-02-05,49.0,0,1,0.0,0.0,0.0
W0398,Morning,2025-03-02,23.0,0,1,0.0,0.0,0.0
W0398,Morning,2025-03-17,32.0,0,1,0.0,0.0,0.0
W0398,Morning,2025-03-18,50.0,1,2,0.0,0.0,0.5
W0398,Morning,2025-04-06,10.0,0,1,0.0,0.0,0.0
W0398,Morning,2025-05-01,17.0,0,1,0.0,0.0,0.0
W0398,Morning,2025-05-19,12.0,1,1,0.0,0.0,1.0
W0398,Morning,2025-05-24,47.0,0,2,0.0,0.0,0.0
W0398,Morning,2025-06-07,5.0,0,1,8.0,0.625,0.0
W0398,Night,2025-03-21,35.0,0,1,0.0,0.0,0.0
W0398,Night,2025-05-19,45.0,0,1,0.0,0.0,0.0
W0399,Evening,2025-05-25,29.0,0,1,0.0,0.0,0.0
W0399,Morning,2025-01-26,35.0,0,1,0.0,0.0,0.0
W0399,Morning,2025-03-28,47.0,1,1,0.0,0.0,1.0
W0399,Morning,2025-04-15,31.0,0,1,0.0,0.0,0.0
W0399,Morning,2025-05-16,11.0,0,1,0.0,0.0,0.0
W0399,Morning,2025-06-17,7.0,1,1,0.0,0.0,1.0
W0399,Night,2025-02-01,34.0,1,1,0.0,0.0,1.0
W0399,Night,2025-03-24,43.0,0,1,6.0,7.166666666666667,0.0
W0399,Night,2025-04-29,6.0,1,1,6.0,1.0,1.0
W0400,Evening,2025-01-08,22.0,0,1,0.0,0.0,0.0
W0400,Evening,2025-01-17,10.0,0,1,0.0,0.0,0.0
W0400,Evening,2025-02-07,41.0,0,1,0.0,0.0,0.0
W0400,Evening,2025-05-08,45.0,0,1,0.0,0.0,0.0
W0400,Evening,2025-06-15,46.0,0,1,0.0,0.0,0.0
W0400,Evening,2025-06-25,48.0,0,1,0.0,0.0,0.0
W0400,Evening,2025-06-29,7.0,0,1,0.0,0.0,0.0
W0400,Morning,2025-01-09,2.0,0,1,0.0,0.0,0.0
W0400,Morning,2025-01-26,9.0,1,1,0.0,0.0,1.0
W0400,Morning,2025-03-19,32.0,0,1,0.0,0.0,0.0
W0400,Morning,2025-04-17,15.0,0,1,0.0,0.0,0.0
W0400,Morning,2025-05-08,7.0,0,1,0.0,0.0,0.0
W0400,Morning,2025-05-21,17.0,0,1,0.0,0.0,0.0
W0400,Morning,2025-05-26,28.0,0,1,0.0,0.0,0.0
W0400,Morning,2025-06-25,36.0,0,1,0.0,0.0,0.0
W0400,Morning,2025-06-29,31.0,1,1,0.0,0.0,1.0
W0400,Night,2025-01-02,4.0,1,1,0.0,0.0,1.0
W0400,Night,2025-02-27,1.0,0,1,0.0,0.0,0.0
W0401,Evening,2025-02-11,2.0,0,1,0.0,0.0,0.0
W0401,Evening,2025-03-30,1.0,0,1,0.0,0.0,0.0
W0401,Morning,2025-01-05,35.0,0,1,0.0,0.0,0.0
W0401,Morning,2025-03-08,6.0,0,1,0.0,0.0,0.0
W0401,Morning,2025-03-26,15.0,1,1,0.0,0.0,1.0
W0401,Morning,2025-04-17,19.0,0,1,0.0,0.0,0.0
W0401,Morning,2025-04-22,31.0,1,1,0.0,0.0,1.0
W0401,Morning,2025-05-21,33.0,0,1,0.0,0.0,0.0
W0401,Night,2025-01-17,16.0,0,1,0.0,0.0,0.0
W0401,Night,2025-02-14,43.0,1,1,0.0,0.0,1.0
W0401,Night,2025-04-07,2.0,1,1,0.0,0.0,1.0
W0401,Night,2025-05-05,7.0,0,1,0.0,0.0,0.0
W0401,Night,2025-06-16,21.0,0,1,6.0,3.5,0.0
W0401,Night,2025-06-27,4.0,0,1,0.0,0.0,0.0
W0402,Evening,2025-01-20,11.0,1,1,0.0,0.0,1.0
W0402,Evening,2025-05-01,35.0,0,1,0.0,0.0,0.0
W0402,Morning,2025-02-08,32.0,0,1,0.0,0.0,0.0
W0402,Morning,2025-03-03,11.0,0,1,0.0,0.0,0.0
W0402,Morning,2025-03-08,4.0,0,1,0.0,0.0,0.0
W0402,Morning,2025-03-26,9.0,0,1,6.0,1.5,0.0
W0402,Morning,2025-04-12,45.0,0,1,0.0,0.0,0.0
W0402,Morning,2025-05-18,20.0,0,1,0.0,0.0,0.0
W0402,Morning,2025-05-23,29.0,0,1,9.0,3.2222222222222223,0.0
W0402,Morning,2025-06-08,13.0,1,1,0.0,0.0,1.0
W0402,Morning,2025-06-20,22.0,0,1,0.0,0.0,0.0
W0402,Night,2025-02-27,38.0,0,1,0.0,0.0,0.0
W0402,Night,2025-04-22,46.0,0,1,0.0,0.0,0.0
W0403,Evening,2025-01-01,15.0,0,1,0.0,0.0,0.0
W0403,Evening,2025-01-19,5.0,1,1,0.0,0.0,1.0
W0403,Evening,2025-01-31,40.0,1,1,0.0,0.0,1.0
W0403,Evening,2025-04-20,39.0,0,1,0.0,0.0,0.0
W0403,Evening,2025-05-20,53.0,1,2,0.0,0.0,0.5
W0403,Morning,2025-01-30,22.0,0,1,0.0,0.0,0.0
W0403,Morning,2025-02-20,22.0,1,1,0.0,0.0,1.0
W0403,Morning,2025-03-10,36.0,0,1,6.0,6.0,0.0
W0403,Morning,2025-03-26,5.0,1,1,0.0,0.0,1.0
W0403,Morning,2025-04-28,40.0,1,1,0.0,0.0,1.0
W0403,Morning,2025-05-19,43.0,2,2,0.0,0.0,1.0
W0403,Morning,2025-05-24,34.0,0,1,0.0,0.0,0.0
W0403,Morning,2025-05-28,4.0,0,1,0.0,0.0,0.0
W0403,Morning,2025-06-15,11.0,0,1,0.0,0.0,0.0
W0403,Morning,2025-06-27,4.0,0,1,0.0,0.0,0.0
W0403,Night,2025-01-05,30.0,0,1,0.0,0.0,0.0
W0403,Night,2025-02-11,32.0,1,1,0.0,0.0,1.0
W0403,Night,2025-04-22,44.0,0,1,0.0,0.0,0.0
W0404,Evening,2025-01-17,26.0,0,1,0.0,0.0,0.0
W0404,Evening,2025-02-06,4.0,0,1,0.0,0.0,0.0
W0404,Evening,2025-03-23,5.0,0,1,0.0,0.0,0.0
W0404,Evening,2025-05-02,49.0,1,1,0.0,0.0,1.0
W0404,Morning,2025-01-22,33.0,1,1,0.0,0.0,1.0
W0404,Morning,2025-01-24,39.0,0,1,0.0,0.0,0.0
W0404,Morning,2025-01-30,25.0,0,1,0.0,0.0,0.0
W0404,Morning,2025-02-04,12.0,0,1,0.0,0.0,0.0
W0404,Morning,2025-02-10,5.0,1,1,8.0,0.625,1.0
W0404,Morning,2025-03-03,17.0,0,1,0.0,0.0,0.0
W0404,Morning,2025-03-19,29.0,0,1,0.0,0.0,0.0
W0404,Morning,2025-03-27,16.0,0,1,0.0,0.0,0.0
W0404,Morning,2025-05-15,14.0,0,1,0.0,0.0,0.0
W0404,Morning,2025-05-22,27.0,1,1,0.0,0.0,1.0
W0404,Morning,2025-06-03,25.0,0,1,0.0,0.0,0.0
W0404,Morning,2025-06-17,49.0,1,1,0.0,0.0,1.0
W0404,Night,2025-04-11,39.0,0,1,0.0,0.0,0.0
W0405,Evening,2025-01-18,21.0,0,1,0.0,0.0,0.0
W0405,Evening,2025-01-31,19.0,0,1,0.0,0.0,0.0
W0405,Evening,2025-02-02,8.0,0,1,0.0,0.0,0.0
W0405,Evening,2025-05-20,43.0,0,1,0.0,0.0,0.0
W0405,Morning,2025-01-12,24.0,1,1,0.0,0.0,1.0
W0405,Morning,2025-02-24,19.0,0,1,0.0,0.0,0.0
W0405,Morning,2025-02-28,3.0,1,1,0.0,0.0,1.0
W0405,Morning,2025-03-11,4.0,0,1,0.0,0.0,0.0
W0405,Morning,2025-03-22,12.0,0,1,0.0,0.0,0.0
W0405,Morning,2025-03-26,21.0,0,1,0.0,0.0,0.0
W0405,Morning,2025-04-04,3.0,0,1,0.0,0.0,0.0
W0405,Morning,2025-04-13,43.0,0,1,0.0,0.0,0.0
W0405,Morning,2025-04-16,34.0,2,2,0.0,0.0,1.0
W0405,Morning,2025-04-24,30.0,0,1,0.0,0.0,0.0
W0405,Morning,2025-04-30,17.0,0,1,0.0,0.0,0.0
W0405,Morning,2025-05-04,5.0,0,1,0.0,0.0,0.0
W0405,Morning,2025-05-17,12.0,0,1,0.0,0.0,0.0
W0405,Morning,2025-06-10,38.0,0,1,0.0,0.0,0.0
W0405,Night,2025-01-19,16.0,0,1,0.0,0.0,0.0
W0405,Night,2025-01-25,42.0,0,1,0.0,0.0,0.0
W0405,Night,2025-02-18,36.0,0,1,0.0,0.0,0.0
W0405,Night,2025-02-21,23.0,1,1,0.0,0.0,1.0
W0405,Night,2025-03-11,18.0,1,1,0.0,0.0,1.0
W0405,Night,2025-03-17,15.0,0,1,0.0,0.0,0.0
W0405,Night,2025-05-13,45.0,0,1,0.0,0.0,0.0
W0405,Night,2025-05-15,42.0,1,1,0.0,0.0,1.0
W0406,Evening,2025-03-29,41.0,1,1,0.0,0.0,1.0
W0406,Evening,2025-04-27,8.0,1,1,0.0,0.0,1.0
W0406,Evening,2025-05-06,4.0,1,1,0.0,0.0,1.0
W0406,Morning,2025-02-06,41.0,0,1,0.0,0.0,0.0
W0406,Morning,2025-03-01,11.0,0,1,10.0,1.1,0.0
W0406,Morning,2025-04-26,21.0,0,1,0.0,0.0,0.0
W0406,Morning,2025-05-23,47.0,1,1,0.0,0.0,1.0
W0406,Morning,2025-06-21,16.0,0,1,0.0,0.0,0.0
W0406,Night,2025-01-17,10.0,0,1,0.0,0.0,0.0
W0406,Night,2025-01-27,22.0,0,1,0.0,0.0,0.0
W0406,Night,2025-03-04,49.0,0,1,0.0,0.0,0.0
W0406,Night,2025-04-30,43.0,0,1,0.0,0.0,0.0
W0407,Evening,2025-02-19,7.0,0,1,0.0,0.0,0.0
W0407,Evening,2025-02-24,48.0,1,1,0.0,0.0,1.0
W0407,Evening,2025-04-23,22.0,0,1,0.0,0.0,0.0
W0407,Evening,2025-06-04,16.0,0,1,0.0,0.0,0.0
W0407,Morning,2025-01-06,43.0,1,1,0.0,0.0,1.0
W0407,Morning,2025-02-13,19.0,0,1,0.0,0.0,0.0
W0407,Morning,2025-03-03,15.0,0,1,0.0,0.0,0.0
W0407,Morning,2025-03-04,30.0,1,1,0.0,0.0,1.0
W0407,Morning,2025-03-26,15.0,1,1,0.0,0.0,1.0
W0407,Morning,2025-05-18,14.0,0,1,0.0,0.0,0.0
W0407,Morning,2025-05-24,30.0,1,1,0.0,0.0,1.0
W0407,Night,2025-01-13,19.0,0,1,0.0,0.0,0.0
W0407,Night,2025-02-07,13.0,0,1,0.0,0.0,0.0
W0407,Night,2025-05-06,30.0,0,1,0.0,0.0,0.0
W0407,Night,2025-06-01,27.0,0,1,0.0,0.0,0.0
W0407,Night,2025-06-28,38.0,0,1,0.0,0.0,0.0
W0408,Evening,2025-01-28,35.0,0,1,0.0,0.0,0.0
W0408,Evening,2025-02-03,19.0,1,1,0.0,0.0,1.0
W0408,Evening,2025-04-15,29.0,0,1,0.0,0.0,0.0
W0408,Evening,2025-05-09,44.0,0,1,0.0,0.0,0.0
W0408,Morning,2025-03-10,34.0,0,1,10.0,3.4,0.0
W0408,Night,2025-03-02,19.0,1,1,0.0,0.0,1.0
W0408,Night,2025-04-04,2.0,0,1,0.0,0.0,0.0
W0408,Night,2025-06-02,26.0,0,1,0.0,0.0,0.0
W0408,Night,2025-06-12,27.0,0,1,0.0,0.0,0.0
W0408,Night,2025-06-13,32.0,0,1,0.0,0.0,0.0
W0409,Evening,2025-01-20,32.0,0,1,0.0,0.0,0.0
W0409,Evening,2025-03-17,44.0,0,1,0.0,0.0,0.0
W0409,Evening,2025-04-10,30.0,0,1,9.0,3.3333333333333335,0.0
W0409,Evening,2025-04-18,4.0,1,1,0.0,0.0,1.0
W0409,Evening,2025-04-25,12.0,0,1,0.0,0.0,0.0
W0409,Evening,2025-04-27,6.0,0,1,0.0,0.0,0.0
W0409,Morning,2025-02-07,37.0,0,1,0.0,0.0,0.0
W0409,Morning,2025-03-19,8.0,0,1,0.0,0.0,0.0
W0409,Morning,2025-03-30,45.0,0,1,0.0,0.0,0.0
W0409,Morning,2025-04-06,33.0,1,1,0.0,0.0,1.0
W0409,Morning,2025-05-12,57.0,0,2,0.0,0.0,0.0
W0409,Morning,2025-06-23,31.0,0,1,0.0,0.0,0.0
W0409,Night,2025-01-02,27.0,0,1,0.0,0.0,0.0
W0409,Night,2025-01-11,4.0,0,1,0.0,0.0,0.0
W0409,Night,2025-02-07,9.0,0,1,0.0,0.0,0.0
W0409,Night,2025-02-18,9.0,0,1,0.0,0.0,0.0
W0409,Night,2025-02-24,22.0,1,1,0.0,0.0,1.0
W0409,Night,2025-03-05,25.0,0,1,10.0,2.5,0.0
W0409,Night,2025-03-09,1.0,0,1,0.0,0.0,0.0
W0409,Night,2025-03-11,20.0,0,1,0.0,0.0,0.0
W0409,Night,2025-03-27,32.0,0,1,6.0,5.333333333333333,0.0
W0409,Night,2025-04-09,37.0,0,1,0.0,0.0,0.0
W0410,Evening,2025-03-03,28.0,0,1,0.0,0.0,0.0
W0410,Evening,2025-06-10,8.0,1,1,0.0,0.0,1.0
W0410,Evening,2025-06-21,39.0,0,1,0.0,0.0,0.0
W0410,Morning,2025-01-15,23.0,1,1,0.0,0.0,1.0
W0410,Morning,2025-01-28,8.0,0,1,0.0,0.0,0.0
W0410,Morning,2025-02-19,20.0,0,1,0.0,0.0,0.0
W0410,Morning,2025-02-20,28.0,0,1,0.0,0.0,0.0
W0410,Morning,2025-02-24,10.0,0,1,0.0,0.0,0.0
W0410,Morning,2025-03-01,49.0,1,1,0.0,0.0,1.0
W0410,Morning,2025-03-16,46.0,0,1,0.0,0.0,0.0
W0410,Morning,2025-04-06,36.0,0,1,0.0,0.0,0.0
W0410,Morning,2025-04-23,65.0,0,2,0.0,0.0,0.0
W0410,Morning,2025-06-12,37.0,0,1,0.0,0.0,0.0
W0410,Night,2025-02-27,42.0,1,1,0.0,0.0,1.0
W0410,Night,2025-03-12,13.0,0,1,0.0,0.0,0.0
W0410,Night,2025-06-12,28.0,0,1,0.0,0.0,0.0
W0410,Night,2025-06-20,27.0,0,1,0.0,0.0,0.0
W0411,Evening,2025-03-07,49.0,0,1,0.0,0.0,0.0
W0411,Evening,2025-05-07,11.0,0,1,0.0,0.0,0.0
W0411,Morning,2025-02-02,34.0,0,1,0.0,0.0,0.0
W0411,Morning,2025-02-23,17.0,0,1,0.0,0.0,0.0
W0411,Morning,2025-03-02,33.0,0,1,0.0,0.0,0.0
W0411,Morning,2025-03-15,38.0,0,1,0.0,0.0,0.0
W0411,Morning,2025-03-28,14.0,0,1,0.0,0.0,0.0
W0411,Morning,2025-06-26,3.0,0,1,9.0,0.3333333333333333,0.0
W0411,Night,2025-03-19,42.0,0,1,9.0,4.666666666666667,0.0
W0411,Night,2025-04-17,7.0,0,1,0.0,0.0,0.0
W0411,Night,2025-05-12,30.0,1,1,0.0,0.0,1.0
W0412,Evening,2025-04-01,33.0,1,1,0.0,0.0,1.0
W0412,Evening,2025-04-04,3.0,0,1,0.0,0.0,0.0
W0412,Evening,2025-06-05,48.0,0,1,0.0,0.0,0.0
W0412,Morning,2025-01-05,49.0,0,1,0.0,0.0,0.0
W0412,Morning,2025-01-17,25.0,0,1,0.0,0.0,0.0
W0412,Morning,2025-02-04,2.0,1,1,0.0,0.0,1.0
W0412,Morning,2025-03-18,38.0,0,1,0.0,0.0,0.0
W0412,Morning,2025-03-19,28.0,0,1,0.0,0.0,0.0
W0412,Morning,2025-04-22,32.0,1,1,0.0,0.0,1.0
W0412,Morning,2025-05-08,19.0,0,1,0.0,0.0,0.0
W0412,Morning,2025-05-11,30.0,0,1,7.0,4.285714285714286,0.0
W0412,Morning,2025-05-28,42.0,0,1,10.0,4.2,0.0
W0412,Morning,2025-06-06,2.0,0,1,0.0,0.0,0.0
W0412,Morning,2025-06-11,27.0,0,1,0.0,0.0,0.0
W0412,Night,2025-01-03,5.0,0,1,0.0,0.0,0.0
W0412,Night,2025-05-09,20.0,1,1,0.0,0.0,1.0
W0412,Night,2025-06-01,5.0,0,1,0.0,0.0,0.0
W0412,Night,2025-06-08,12.0,0,1,0.0,0.0,0.0
W0412,Night,2025-06-10,13.0,0,1,0.0,0.0,0.0
W0412,Night,2025-06-14,13.0,1,1,0.0,0.0,1.0
W0413,Evening,2025-02-12,25.0,0,1,0.0,0.0,0.0
W0413,Evening,2025-04-05,48.0,0,1,0.0,0.0,0.0
W0413,Evening,2025-05-04,1.0,0,1,0.0,0.0,0.0
W0413,Evening,2025-06-04,42.0,0,1,0.0,0.0,0.0
W0413,Morning,2025-01-19,49.0,0,1,0.0,0.0,0.0
W0413,Morning,2025-01-21,17.0,1,1,0.0,0.0,1.0
W0413,Morning,2025-02-01,45.0,0,1,0.0,0.0,0.0
W0413,Morning,2025-04-16,30.0,1,1,0.0,0.0,1.0
W0413,Morning,2025-04-30,22.0,0,1,0.0,0.0,0.0
W0413,Morning,2025-05-17,30.0,0,1,0.0,0.0,0.0
W0413,Morning,2025-05-25,1.0,0,1,10.0,0.1,0.0
W0413,Night,2025-01-08,44.0,0,1,0.0,0.0,0.0
W0413,Night,2025-01-24,17.0,0,1,0.0,0.0,0.0
W0413,Night,2025-05-31,41.0,0,1,0.0,0.0,0.0
W0414,Evening,2025-01-03,7.0,0,1,0.0,0.0,0.0
W0414,Evening,2025-01-11,24.0,0,1,0.0,0.0,0.0
W0414,Evening,2025-01-18,32.0,0,1,0.0,0.0,0.0
W0414,Evening,2025-02-15,54.0,0,2,0.0,0.0,0.0
W0414,Evening,2025-02-25,41.0,1,1,0.0,0.0,1.0
W0414,Evening,2025-03-27,40.0,0,1,0.0,0.0,0.0
W0414,Evening,2025-04-28,6.0,0,1,0.0,0.0,0.0
W0414,Evening,2025-05-04,31.0,0,1,0.0,0.0,0.0
W0414,Evening,2025-05-09,45.0,0,1,0.0,0.0,0.0
W0414,Evening,2025-05-25,40.0,1,1,0.0,0.0,1.0
W0414,Evening,2025-06-05,3.0,1,1,0.0,0.0,1.0
W0414,Evening,2025-06-10,2.0,1,1,0.0,0.0,1.0
W0414,Evening,2025-06-23,36.0,0,1,0.0,0.0,0.0
W0414,Morning,2025-05-03,34.0,0,1,0.0,0.0,0.0
W0414,Morning,2025-05-08,2.0,0,1,0.0,0.0,0.0
W0414,Morning,2025-05-31,34.0,0,1,0.0,0.0,0.0
W0414,Morning,2025-06-04,42.0,0,1,0.0,0.0,0.0
W0414,Night,2025-02-13,44.0,1,1,8.0,5.5,1.0
W0414,Night,2025-02-24,14.0,0,1,0.0,0.0,0.0
W0414,Night,2025-03-10,27.0,0,1,0.0,0.0,0.0
W0414,Night,2025-04-01,7.0,0,1,0.0,0.0,0.0
W0414,Night,2025-05-27,27.0,0,1,0.0,0.0,0.0
W0414,Night,2025-06-11,10.0,0,1,7.0,1.4285714285714286,0.0
W0415,Evening,2025-01-03,24.0,1,1,0.0,0.0,1.0
W0415,Evening,2025-03-08,32.0,0,1,0.0,0.0,0.0
W0415,Evening,2025-05-01,24.0,0,1,0.0,0.0,0.0
W0415,Evening,2025-06-14,6.0,0,1,0.0,0.0,0.0
W0415,Evening,2025-06-19,4.0,1,1,0.0,0.0,1.0
W0415,Evening,2025-06-21,13.0,0,1,0.0,0.0,0.0
W0415,Morning,2025-01-23,31.0,0,1,0.0,0.0,0.0
W0415,Morning,2025-01-28,34.0,0,1,0.0,0.0,0.0
W0415,Morning,2025-02-08,31.0,1,1,0.0,0.0,1.0
W0415,Morning,2025-02-12,15.0,0,1,0.0,0.0,0.0
W0415,Morning,2025-03-29,2.0,0,1,0.0,0.0,0.0
W0415,Morning,2025-04-24,27.0,0,1,0.0,0.0,0.0
W0415,Morning,2025-06-11,9.0,0,1,0.0,0.0,0.0
W0415,Night,2025-02-01,30.0,0,1,0.0,0.0,0.0
W0415,Night,2025-04-01,33.0,0,1,0.0,0.0,0.0
W0415,Night,2025-06-15,26.0,1,1,0.0,0.0,1.0
W0415,Night,2025-06-28,28.0,0,1,0.0,0.0,0.0
W0416,Evening,2025-02-12,38.0,0,1,0.0,0.0,0.0
W0416,Evening,2025-04-17,3.0,1,1,0.0,0.0,1.0
W0416,Evening,2025-06-04,27.0,1,1,0.0,0.0,1.0
W0416,Evening,2025-06-19,8.0,1,1,0.0,0.0,1.0
W0416,Morning,2025-02-01,9.0,1,1,0.0,0.0,1.0
W0416,Morning,2025-02-25,23.0,0,1,0.0,0.0,0.0
W0416,Morning,2025-04-12,24.0,0,1,0.0,0.0,0.0
W0416,Morning,2025-05-05,34.0,0,1,0.0,0.0,0.0
W0416,Morning,2025-06-18,14.0,0,1,10.0,1.4,0.0
W0416,Morning,2025-06-26,12.0,1,1,0.0,0.0,1.0
W0416,Morning,2025-06-27,33.0,0,1,6.0,5.5,0.0
W0416,Night,2025-05-18,34.0,0,1,0.0,0.0,0.0
W0416,Night,2025-06-09,32.0,0,1,0.0,0.0,0.0
W0416,Night,2025-06-18,15.0,1,1,0.0,0.0,1.0
W0417,Evening,2025-03-29,3.0,0,1,0.0,0.0,0.0
W0417,Morning,2025-01-07,1.0,0,1,0.0,0.0,0.0
W0417,Morning,2025-01-11,35.0,0,1,0.0,0.0,0.0
W0417,Morning,2025-02-25,30.0,1,1,0.0,0.0,1.0
W0417,Morning,2025-02-26,44.0,0,1,0.0,0.0,0.0
W0417,Morning,2025-02-27,13.0,0,1,0.0,0.0,0.0
W0417,Morning,2025-05-01,19.0,1,1,0.0,0.0,1.0
W0417,Morning,2025-05-13,17.0,0,1,0.0,0.0,0.0
W0417,Morning,2025-05-14,7.0,0,1,0.0,0.0,0.0
W0417,Morning,2025-05-24,45.0,0,1,0.0,0.0,0.0
W0417,Morning,2025-06-01,45.0,0,1,0.0,0.0,0.0
W0417,Night,2025-01-13,34.0,0,1,0.0,0.0,0.0
W0417,Night,2025-02-06,14.0,0,1,0.0,0.0,0.0
W0418,Evening,2025-02-05,12.0,0,1,0.0,0.0,0.0
W0418,Evening,2025-03-06,36.0,0,1,0.0,0.0,0.0
W0418,Evening,2025-03-08,47.0,1,1,0.0,0.0,1.0
W0418,Evening,2025-04-02,31.0,1,1,0.0,0.0,1.0
W0418,Evening,2025-05-10,42.0,0,1,0.0,0.0,0.0
W0418,Evening,2025-06-26,30.0,1,1,0.0,0.0,1.0
W0418,Morning,2025-01-09,8.0,0,1,0.0,0.0,0.0
W0418,Morning,2025-01-31,34.0,0,1,7.0,4.857142857142857,0.0
W0418,Morning,2025-02-02,31.0,0,1,0.0,0.0,0.0
W0418,Morning,2025-03-25,23.0,0,1,0.0,0.0,0.0
W0418,Morning,2025-03-29,49.0,0,1,0.0,0.0,0.0
W0418,Morning,2025-05-31,37.0,0,1,0.0,0.0,0.0
W0418,Morning,2025-06-07,15.0,0,1,0.0,0.0,0.0
W0418,Morning,2025-06-12,17.0,1,1,10.0,1.7,1.0
W0418,Morning,2025-06-14,25.0,0,1,0.0,0.0,0.0
W0418,Night,2025-01-09,9.0,0,1,0.0,0.0,0.0
W0418,Night,2025-02-01,45.0,0,1,0.0,0.0,0.0
W0418,Night,2025-03-14,21.0,0,1,6.0,3.5,0.0
W0418,Night,2025-03-18,13.0,0,1,0.0,0.0,0.0
W0418,Night,2025-04-07,9.0,1,1,0.0,0.0,1.0
W0419,Evening,2025-04-12,6.0,1,1,0.0,0.0,1.0
W0419,Evening,2025-04-24,20.0,0,1,0.0,0.0,0.0
W0419,Evening,2025-06-06,9.0,1,1,0.0,0.0,1.0
W0419,Morning,2025-03-16,22.0,0,1,0.0,0.0,0.0
W0419,Morning,2025-03-27,4.0,0,1,0.0,0.0,0.0
W0419,Morning,2025-04-20,33.0,0,1,0.0,0.0,0.0
W0419,Morning,2025-04-24,37.0,0,1,0.0,0.0,0.0
W0419,Morning,2025-04-29,19.0,1,1,0.0,0.0,1.0
W0419,Morning,2025-06-14,36.0,1,1,10.0,3.6,1.0
W0419,Night,2025-01-16,47.0,0,1,0.0,0.0,0.0
W0419,Night,2025-04-13,49.0,0,1,0.0,0.0,0.0
W0420,Evening,2025-01-09,7.0,0,1,0.0,0.0,0.0
W0420,Evening,2025-01-16,29.0,0,1,0.0,0.0,0.0
W0420,Evening,2025-03-26,40.0,1,1,0.0,0.0,1.0
W0420,Evening,2025-06-28,29.0,0,1,0.0,0.0,0.0
W0420,Morning,2025-02-08,10.0,0,1,0.0,0.0,0.0
W0420,Morning,2025-02-12,3.0,1,1,0.0,0.0,1.0
W0420,Morning,2025-02-17,32.0,0,1,0.0,0.0,0.0
W0420,Morning,2025-02-20,31.0,0,1,9.0,3.4444444444444446,0.0
W0420,Morning,2025-02-23,38.0,0,1,0.0,0.0,0.0
W0420,Morning,2025-03-07,33.0,1,1,0.0,0.0,1.0
W0420,Morning,2025-03-18,18.0,0,1,0.0,0.0,0.0
W0420,Morning,2025-03-28,15.0,0,1,0.0,0.0,0.0
W0420,Morning,2025-03-31,23.0,0,1,0.0,0.0,0.0
W0420,Morning,2025-04-03,9.0,0,1,0.0,0.0,0.0
W0420,Morning,2025-04-15,35.0,0,1,0.0,0.0,0.0
W0420,Morning,2025-04-19,39.0,1,1,0.0,0.0,1.0
W0420,Morning,2025-05-17,29.0,0,1,0.0,0.0,0.0
W0420,Morning,2025-05-20,23.0,0,1,0.0,0.0,0.0
W0420,Morning,2025-05-29,4.0,0,1,0.0,0.0,0.0
W0420,Morning,2025-06-17,23.0,0,1,0.0,0.0,0.0
W0420,Morning,2025-06-24,31.0,0,1,0.0,0.0,0.0
W0420,Morning,2025-06-27,48.0,1,1,0.0,0.0,1.0
W0420,Night,2025-01-01,28.0,0,1,0.0,0.0,0.0
W0420,Night,2025-01-30,16.0,0,1,0.0,0.0,0.0
W0420,Night,2025-03-10,33.0,0,1,7.0,4.714285714285714,0.0
W0420,Night,2025-05-13,46.0,0,1,0.0,0.0,0.0
W0420,Night,2025-05-28,17.0,1,1,0.0,0.0,1.0
W0421,Evening,2025-03-01,26.0,0,1,0.0,0.0,0.0
W0421,Evening,2025-03-05,10.0,0,1,0.0,0.0,0.0
W0421,Evening,2025-05-01,30.0,1,1,0.0,0.0,1.0
W0421,Evening,2025-06-06,30.0,0,1,0.0,0.0,0.0
W0421,Evening,2025-06-17,11.0,0,1,0.0,0.0,0.0
W0421,Morning,2025-01-17,48.0,1,1,0.0,0.0,1.0
W0421,Morning,2025-02-01,55.0,0,2,0.0,0.0,0.0
W0421,Morning,2025-02-15,44.0,0,1,0.0,0.0,0.0
W0421,Morning,2025-03-23,43.0,0,1,0.0,0.0,0.0
W0421,Morning,2025-04-15,6.0,0,1,0.0,0.0,0.0
W0421,Morning,2025-05-16,49.0,0,1,0.0,0.0,0.0
W0421,Morning,2025-05-17,46.0,0,1,0.0,0.0,0.0
W0421,Morning,2025-05-24,25.0,1,1,0.0,0.0,1.0
W0421,Morning,2025-06-16,34.0,0,1,0.0,0.0,0.0
W0421,Morning,2025-06-24,37.0,0,1,0.0,0.0,0.0
W0421,Night,2025-01-25,43.0,0,1,0.0,0.0,0.0
W0421,Night,2025-01-29,21.0,0,1,8.0,2.625,0.0
W0421,Night,2025-02-24,26.0,1,1,0.0,0.0,1.0
W0421,Night,2025-02-27,44.0,0,1,0.0,0.0,0.0
W0421,Night,2025-04-01,25.0,1,1,0.0,0.0,1.0
W0421,Night,2025-04-26,31.0,0,1,0.0,0.0,0.0
W0421,Night,2025-04-28,39.0,0,1,0.0,0.0,0.0
W0421,Night,2025-05-28,14.0,0,1,0.0,0.0,0.0
W0422,Evening,2025-04-10,17.0,0,1,0.0,0.0,0.0
W0422,Evening,2025-05-05,26.0,0,1,0.0,0.0,0.0
W0422,Morning,2025-01-06,45.0,0,1,0.0,0.0,0.0
W0422,Morning,2025-01-24,3.0,0,1,0.0,0.0,0.0
W0422,Morning,2025-01-26,10.0,1,1,0.0,0.0,1.0
W0422,Morning,2025-03-08,2.0,0,1,8.0,0.25,0.0
W0422,Morning,2025-03-14,1.0,0,1,0.0,0.0,0.0
W0422,Morning,2025-04-04,40.0,0,1,0.0,0.0,0.0
W0422,Morning,2025-05-01,36.0,0,1,0.0,0.0,0.0
W0422,Morning,2025-05-21,33.0,0,1,0.0,0.0,0.0
W0422,Morning,2025-06-23,37.0,1,1,0.0,0.0,1.0
W0423,Evening,2025-01-12,18.0,0,1,0.0,0.0,0.0
W0423,Evening,2025-04-30,47.0,0,1,7.0,6.714285714285714,0.0
W0423,Evening,2025-05-01,43.0,1,1,6.0,7.166666666666667,1.0
W0423,Evening,2025-05-12,37.0,0,1,0.0,0.0,0.0
W0423,Morning,2025-01-02,18.0,0,1,0.0,0.0,0.0
W0423,Morning,2025-01-23,6.0,0,1,0.0,0.0,0.0
W0423,Morning,2025-01-31,12.0,0,1,0.0,0.0,0.0
W0423,Morning,2025-02-13,47.0,0,1,0.0,0.0,0.0
W0423,Morning,2025-03-15,7.0,0,1,0.0,0.0,0.0
W0423,Morning,2025-04-13,3.0,0,1,0.0,0.0,0.0
W0423,Morning,2025-05-04,16.0,0,1,0.0,0.0,0.0
W0423,Morning,2025-05-08,9.0,1,1,0.0,0.0,1.0
W0423,Morning,2025-05-14,44.0,0,1,0.0,0.0,0.0
W0423,Morning,2025-05-16,30.0,1,1,0.0,0.0,1.0
W0423,Morning,2025-05-19,32.0,0,1,0.0,0.0,0.0
W0423,Morning,2025-05-25,26.0,1,1,7.0,3.7142857142857144,1.0
W0423,Morning,2025-05-26,28.0,1,1,0.0,0.0,1.0
W0423,Morning,2025-06-09,44.0,0,1,0.0,0.0,0.0
W0423,Morning,2025-06-23,48.0,0,1,0.0,0.0,0.0
W0424,Evening,2025-02-27,43.0,1,1,0.0,0.0,1.0
W0424,Morning,2025-01-01,10.0,0,1,0.0,0.0,0.0
W0424,Morning,2025-01-09,35.0,0,1,0.0,0.0,0.0
W0424,Morning,2025-02-23,28.0,0,1,0.0,0.0,0.0
W0424,Morning,2025-03-04,49.0,0,1,0.0,0.0,0.0
W0424,Morning,2025-04-11,6.0,0,1,0.0,0.0,0.0
W0424,Morning,2025-04-14,47.0,0,1,0.0,0.0,0.0
W0424,Morning,2025-04-26,39.0,1,1,0.0,0.0,1.0
W0424,Morning,2025-05-14,45.0,0,1,0.0,0.0,0.0
W0424,Morning,2025-05-28,47.0,0,1,0.0,0.0,0.0
W0424,Morning,2025-06-05,10.0,1,1,0.0,0.0,1.0
W0424,Night,2025-02-03,24.0,1,1,0.0,0.0,1.0
W0424,Night,2025-02-25,20.0,1,1,0.0,0.0,1.0
W0424,Night,2025-04-26,15.0,0,1,7.0,2.142857142857143,0.0
W0424,Night,2025-05-28,5.0,0,1,0.0,0.0,0.0
W0425,Evening,2025-01-18,4.0,0,1,0.0,0.0,0.0
W0425,Evening,2025-02-03,45.0,0,1,0.0,0.0,0.0
W0425,Evening,2025-03-16,23.0,1,1,10.0,2.3,1.0
W0425,Evening,2025-04-24,4.0,0,1,0.0,0.0,0.0
W0425,Evening,2025-04-26,42.0,0,1,0.0,0.0,0.0
W0425,Evening,2025-05-12,4.0,0,1,0.0,0.0,0.0
W0425,Evening,2025-06-06,27.0,1,1,0.0,0.0,1.0
W0425,Morning,2025-01-07,11.0,1,1,0.0,0.0,1.0
W0425,Morning,2025-03-27,27.0,0,1,0.0,0.0,0.0
W0425,Morning,2025-05-03,47.0,0,1,0.0,0.0,0.0
W0425,Morning,2025-05-21,8.0,0,1,0.0,0.0,0.0
W0425,Night,2025-03-29,20.0,0,1,0.0,0.0,0.0
W0425,Night,2025-04-10,49.0,0,1,0.0,0.0,0.0
W0425,Night,2025-04-30,13.0,0,1,0.0,0.0,0.0
W0426,Evening,2025-01-18,43.0,0,1,0.0,0.0,0.0
W0426,Evening,2025-02-21,28.0,1,1,0.0,0.0,1.0
W0426,Evening,2025-03-15,13.0,0,1,0.0,0.0,0.0
W0426,Evening,2025-06-17,39.0,0,1,10.0,3.9,0.0
W0426,Morning,2025-01-03,8.0,0,1,0.0,0.0,0.0
W0426,Morning,2025-02-02,21.0,0,1,0.0,0.0,0.0
W0426,Morning,2025-02-23,48.0,1,1,9.0,5.333333333333333,1.0
W0426,Morning,2025-03-07,16.0,1,1,0.0,0.0,1.0
W0426,Morning,2025-03-14,24.0,0,1,0.0,0.0,0.0
W0426,Morning,2025-03-22,43.0,0,1,0.0,0.0,0.0
W0426,Morning,2025-04-12,36.0,0,1,0.0,0.0,0.0
W0426,Morning,2025-04-25,39.0,0,1,0.0,0.0,0.0
W0426,Morning,2025-04-29,32.0,0,1,0.0,0.0,0.0
W0426,Night,2025-01-21,5.0,0,1,0.0,0.0,0.0
W0426,Night,2025-03-02,15.0,0,1,0.0,0.0,0.0
W0426,Night,2025-04-23,37.0,0,1,0.0,0.0,0.0
W0426,Night,2025-06-29,5.0,0,1,0.0,0.0,0.0
W0427,Evening,2025-03-24,31.0,1,1,0.0,0.0,1.0
W0427,Evening,2025-05-19,30.0,0,1,0.0,0.0,0.0
W0427,Morning,2025-01-01,39.0,1,1,0.0,0.0,1.0
W0427,Morning,2025-01-24,42.0,1,1,0.0,0.0,1.0
W0427,Morning,2025-03-29,38.0,0,1,0.0,0.0,0.0
W0427,Morning,2025-05-11,28.0,1,1,0.0,0.0,1.0
W0427,Night,2025-01-27,14.0,1,1,0.0,0.0,1.0
W0427,Night,2025-01-29,24.0,0,1,0.0,0.0,0.0
W0427,Night,2025-02-10,34.0,0,1,0.0,0.0,0.0
W0427,Night,2025-02-20,10.0,1,1,0.0,0.0,1.0
W0427,Night,2025-05-05,35.0,0,1,0.0,0.0,0.0
W0427,Night,2025-05-08,7.0,0,1,0.0,0.0,0.0
W0427,Night,2025-05-29,2.0,0,1,0.0,0.0,0.0
W0427,Night,2025-06-07,23.0,0,1,0.0,0.0,0.0
W0428,Evening,2025-02-19,5.0,1,1,0.0,0.0,1.0
W0428,Evening,2025-03-15,13.0,0,1,0.0,0.0,0.0
W0428,Morning,2025-01-19,3.0,0,1,0.0,0.0,0.0
W0428,Morning,2025-03-31,24.0,0,1,0.0,0.0,0.0
W0428,Morning,2025-04-03,4.0,0,1,0.0,0.0,0.0
W0428,Morning,2025-04-16,24.0,0,1,0.0,0.0,0.0
W0428,Morning,2025-04-25,5.0,1,1,0.0,0.0,1.0
W0428,Night,2025-01-15,5.0,0,1,0.0,0.0,0.0
W0428,Night,2025-05-07,18.0,0,1,0.0,0.0,0.0
W0428,Night,2025-06-01,31.0,0,1,0.0,0.0,0.0
W0428,Night,2025-06-15,20.0,0,1,0.0,0.0,0.0
W0429,Evening,2025-01-03,34.0,0,1,0.0,0.0,0.0
W0429,Morning,2025-01-20,17.0,0,1,0.0,0.0,0.0
W0429,Morning,2025-01-21,33.0,0,1,0.0,0.0,0.0
W0429,Morning,2025-01-29,22.0,0,1,0.0,0.0,0.0
W0429,Morning,2025-02-09,45.0,0,1,0.0,0.0,0.0
W0429,Morning,2025-03-06,39.0,0,1,0.0,0.0,0.0
W0429,Morning,2025-03-18,29.0,0,1,0.0,0.0,0.0
W0429,Morning,2025-03-26,49.0,0,1,0.0,0.0,0.0
W0429,Morning,2025-04-15,3.0,0,1,0.0,0.0,0.0
W0429,Morning,2025-04-19,38.0,0,1,0.0,0.0,0.0
W0429,Morning,2025-04-23,41.0,0,1,0.0,0.0,0.0
W0429,Morning,2025-05-04,12.0,0,1,0.0,0.0,0.0
W0429,Morning,2025-05-26,49.0,0,1,0.0,0.0,0.0
W0429,Morning,2025-06-12,16.0,1,1,0.0,0.0,1.0
W0429,Night,2025-03-22,4.0,0,1,0.0,0.0,0.0
W0429,Night,2025-05-17,28.0,0,1,0.0,0.0,0.0
W0430,Evening,2025-02-10,25.0,0,1,0.0,0.0,0.0
W0430,Evening,2025-03-17,25.0,0,1,0.0,0.0,0.0
W0430,Evening,2025-03-19,27.0,0,1,0.0,0.0,0.0
W0430,Evening,2025-04-25,36.0,0,1,0.0,0.0,0.0
W0430,Evening,2025-06-23,32.0,0,1,0.0,0.0,0.0
W0430,Morning,2025-01-15,47.0,1,1,0.0,0.0,1.0
W0430,Morning,2025-01-19,15.0,0,1,0.0,0.0,0.0
W0430,Morning,2025-01-28,25.0,0,1,0.0,0.0,0.0
W0430,Morning,2025-02-12,17.0,1,1,0.0,0.0,1.0
W0430,Morning,2025-02-27,2.0,0,1,0.0,0.0,0.0
W0430,Morning,2025-03-21,35.0,0,1,0.0,0.0,0.0
W0430,Morning,2025-04-11,33.0,0,1,0.0,0.0,0.0
W0430,Morning,2025-04-19,29.0,0,1,0.0,0.0,0.0
W0430,Morning,2025-05-04,44.0,0,1,0.0,0.0,0.0
W0430,Morning,2025-06-25,37.0,1,1,0.0,0.0,1.0
W0430,Morning,2025-06-26,2.0,0,1,0.0,0.0,0.0
W0430,Night,2025-01-06,11.0,1,1,0.0,0.0,1.0
W0430,Night,2025-02-17,11.0,0,1,0.0,0.0,0.0
W0430,Night,2025-04-23,24.0,0,1,0.0,0.0,0.0
W0430,Night,2025-04-26,39.0,0,1,0.0,0.0,0.0
W0430,Night,2025-04-28,38.0,0,1,0.0,0.0,0.0
W0430,Night,2025-05-25,5.0,1,1,0.0,0.0,1.0
W0431,Evening,2025-01-04,37.0,0,1,0.0,0.0,0.0
W0431,Evening,2025-01-17,42.0,0,1,0.0,0.0,0.0
W0431,Evening,2025-02-22,14.0,1,1,0.0,0.0,1.0
W0431,Evening,2025-03-18,25.0,0,1,0.0,0.0,0.0
W0431,Evening,2025-04-11,20.0,0,1,0.0,0.0,0.0
W0431,Evening,2025-04-26,6.0,0,1,0.0,0.0,0.0
W0431,Morning,2025-01-13,4.0,1,1,0.0,0.0,1.0
W0431,Morning,2025-02-20,24.0,1,1,0.0,0.0,1.0
W0431,Morning,2025-02-23,38.0,0,1,0.0,0.0,0.0
W0431,Morning,2025-03-06,10.0,0,1,0.0,0.0,0.0
W0431,Morning,2025-03-09,16.0,0,1,0.0,0.0,0.0
W0431,Morning,2025-03-15,44.0,0,1,0.0,0.0,0.0
W0431,Morning,2025-04-20,33.0,0,1,9.0,3.6666666666666665,0.0
W0431,Morning,2025-04-23,22.0,0,1,0.0,0.0,0.0
W0431,Morning,2025-05-10,36.0,0,1,0.0,0.0,0.0
W0431,Morning,2025-05-19,29.0,0,1,0.0,0.0,0.0
W0431,Morning,2025-05-28,26.0,0,1,0.0,0.0,0.0
W0431,Morning,2025-06-12,40.0,0,1,0.0,0.0,0.0
W0431,Night,2025-02-27,5.0,0,1,0.0,0.0,0.0
W0431,Night,2025-06-14,2.0,0,1,0.0,0.0,0.0
W0431,Night,2025-06-16,25.0,0,1,0.0,0.0,0.0
W0431,Night,2025-06-22,44.0,0,1,0.0,0.0,0.0
W0431,Night,2025-06-27,7.0,0,1,0.0,0.0,0.0
W0432,Evening,2025-01-25,25.0,1,1,0.0,0.0,1.0
W0432,Evening,2025-03-06,26.0,0,1,0.0,0.0,0.0
W0432,Evening,2025-05-30,36.0,0,1,0.0,0.0,0.0
W0432,Evening,2025-06-22,21.0,0,1,0.0,0.0,0.0
W0432,Evening,2025-06-26,25.0,0,1,0.0,0.0,0.0
W0432,Evening,2025-06-28,49.0,0,1,0.0,0.0,0.0
W0432,Morning,2025-01-12,20.0,0,1,0.0,0.0,0.0
W0432,Morning,2025-02-06,33.0,0,1,0.0,0.0,0.0
W0432,Morning,2025-03-05,6.0,1,1,0.0,0.0,1.0
W0432,Morning,2025-04-01,2.0,0,1,0.0,0.0,0.0
W0432,Morning,2025-05-13,25.0,0,1,0.0,0.0,0.0
W0432,Morning,2025-06-01,25.0,1,1,0.0,0.0,1.0
W0432,Morning,2025-06-09,6.0,1,1,0.0,0.0,1.0
W0432,Night,2025-01-06,12.0,0,1,0.0,0.0,0.0
W0432,Night,2025-01-08,19.0,1,1,0.0,0.0,1.0
W0432,Night,2025-05-30,36.0,0,1,0.0,0.0,0.0
W0432,Night,2025-06-10,3.0,0,1,0.0,0.0,0.0
W0433,Evening,2025-01-01,40.0,0,1,10.0,4.0,0.0
W0433,Evening,2025-05-29,29.0,0,1,0.0,0.0,0.0
W0433,Morning,2025-01-12,29.0,0,1,10.0,2.9,0.0
W0433,Morning,2025-02-19,18.0,1,1,0.0,0.0,1.0
W0433,Morning,2025-03-04,49.0,0,1,0.0,0.0,0.0
W0433,Morning,2025-04-01,1.0,1,1,0.0,0.0,1.0
W0433,Morning,2025-04-23,37.0,0,1,0.0,0.0,0.0
W0433,Morning,2025-05-13,16.0,0,1,0.0,0.0,0.0
W0433,Morning,2025-05-18,15.0,0,1,0.0,0.0,0.0
W0433,Morning,2025-05-31,13.0,1,1,0.0,0.0,1.0
W0433,Morning,2025-06-09,2.0,0,1,0.0,0.0,0.0
W0433,Morning,2025-06-24,22.0,0,1,0.0,0.0,0.0
W0433,Night,2025-02-15,46.0,0,1,0.0,0.0,0.0
W0433,Night,2025-02-16,45.0,1,1,0.0,0.0,1.0
W0433,Night,2025-02-22,7.0,1,1,0.0,0.0,1.0
W0433,Night,2025-03-02,5.0,0,1,0.0,0.0,0.0
W0433,Night,2025-03-08,27.0,0,1,0.0,0.0,0.0
W0433,Night,2025-03-30,33.0,0,1,0.0,0.0,0.0
W0434,Evening,2025-01-01,13.0,0,1,0.0,0.0,0.0
W0434,Evening,2025-01-23,41.0,0,1,0.0,0.0,0.0
W0434,Evening,2025-02-17,45.0,1,1,0.0,0.0,1.0
W0434,Morning,2025-02-28,26.0,1,1,0.0,0.0,1.0
W0434,Morning,2025-03-26,25.0,0,1,0.0,0.0,0.0
W0434,Morning,2025-06-05,15.0,0,1,0.0,0.0,0.0
W0434,Night,2025-02-07,47.0,0,1,0.0,0.0,0.0
W0434,Night,2025-03-28,39.0,0,1,0.0,0.0,0.0
W0435,Evening,2025-01-02,43.0,1,1,0.0,0.0,1.0
W0435,Evening,2025-03-02,39.0,0,1,0.0,0.0,0.0
W0435,Evening,2025-03-04,19.0,0,1,0.0,0.0,0.0
W0435,Evening,2025-03-19,16.0,0,1,0.0,0.0,0.0
W0435,Morning,2025-01-03,40.0,0,1,0.0,0.0,0.0
W0435,Morning,2025-01-13,44.0,0,1,0.0,0.0,0.0
W0435,Morning,2025-01-15,31.0,0,1,0.0,0.0,0.0
W0435,Morning,2025-01-20,48.0,0,1,0.0,0.0,0.0
W0435,Morning,2025-01-21,47.0,0,1,0.0,0.0,0.0
W0435,Morning,2025-04-04,16.0,0,1,0.0,0.0,0.0
W0435,Morning,2025-04-14,47.0,0,1,0.0,0.0,0.0
W0435,Morning,2025-06-12,8.0,0,1,0.0,0.0,0.0
W0435,Morning,2025-06-13,5.0,0,1,0.0,0.0,0.0
W0435,Morning,2025-06-15,13.0,0,1,0.0,0.0,0.0
W0435,Morning,2025-06-23,18.0,0,1,0.0,0.0,0.0
W0435,Night,2025-01-23,16.0,1,1,0.0,0.0,1.0
W0435,Night,2025-02-21,12.0,0,1,0.0,0.0,0.0
W0435,Night,2025-05-30,34.0,0,1,0.0,0.0,0.0
W0435,Night,2025-06-08,13.0,0,1,9.0,1.4444444444444444,0.0
W0436,Evening,2025-02-03,38.0,0,1,0.0,0.0,0.0
W0436,Evening,2025-02-11,10.0,0,1,0.0,0.0,0.0
W0436,Evening,2025-03-05,38.0,0,1,0.0,0.0,0.0
W0436,Evening,2025-06-01,34.0,0,1,0.0,0.0,0.0
W0436,Evening,2025-06-24,49.0,1,1,0.0,0.0,1.0
W0436,Morning,2025-02-19,9.0,0,1,0.0,0.0,0.0
W0436,Morning,2025-02-21,22.0,0,1,0.0,0.0,0.0
W0436,Morning,2025-03-16,11.0,0,1,0.0,0.0,0.0
W0436,Morning,2025-04-02,2.0,0,1,0.0,0.0,0.0
W0436,Morning,2025-04-05,28.0,0,1,0.0,0.0,0.0
W0436,Morning,2025-05-04,36.0,0,1,17.0,2.1176470588235294,0.0
W0436,Morning,2025-05-14,43.0,0,1,0.0,0.0,0.0
W0436,Morning,2025-05-15,16.0,0,1,0.0,0.0,0.0
W0436,Morning,2025-06-22,32.0,0,1,9.0,3.5555555555555554,0.0
W0436,Morning,2025-06-29,39.0,0,1,0.0,0.0,0.0
W0436,Night,2025-02-02,34.0,0,1,0.0,0.0,0.0
W0436,Night,2025-03-02,15.0,0,1,0.0,0.0,0.0
W0436,Night,2025-03-12,19.0,1,1,0.0,0.0,1.0
W0436,Night,2025-03-24,40.0,0,1,0.0,0.0,0.0
W0437,Evening,2025-01-24,35.0,1,1,0.0,0.0,1.0
W0437,Evening,2025-02-10,4.0,0,1,0.0,0.0,0.0
W0437,Evening,2025-05-24,25.0,0,1,0.0,0.0,0.0
W0437,Morning,2025-01-13,13.0,0,1,0.0,0.0,0.0
W0437,Morning,2025-02-20,13.0,1,1,0.0,0.0,1.0
W0437,Morning,2025-03-03,11.0,0,1,8.0,1.375,0.0
W0437,Morning,2025-04-05,47.0,1,1,0.0,0.0,1.0
W0437,Morning,2025-04-12,18.0,0,1,0.0,0.0,0.0
W0437,Morning,2025-05-17,3.0,0,1,0.0,0.0,0.0
W0437,Morning,2025-06-03,44.0,1,1,0.0,0.0,1.0
W0437,Morning,2025-06-09,1.0,1,1,0.0,0.0,1.0
W0437,Night,2025-01-12,10.0,0,1,0.0,0.0,0.0
W0437,Night,2025-01-26,14.0,0,1,0.0,0.0,0.0
W0437,Night,2025-02-10,4.0,0,1,0.0,0.0,0.0
W0438,Evening,2025-01-20,38.0,1,1,0.0,0.0,1.0
W0438,Evening,2025-02-22,3.0,0,1,0.0,0.0,0.0
W0438,Evening,2025-03-04,16.0,0,1,0.0,0.0,0.0
W0438,Evening,2025-06-24,33.0,0,1,0.0,0.0,0.0
W0438,Morning,2025-01-21,2.0,1,1,0.0,0.0,1.0
W0438,Morning,2025-03-18,28.0,0,1,0.0,0.0,0.0
W0438,Morning,2025-05-04,35.0,0,1,0.0,0.0,0.0
W0438,Morning,2025-05-05,41.0,1,1,0.0,0.0,1.0
W0438,Morning,2025-05-10,49.0,0,1,0.0,0.0,0.0
W0438,Morning,2025-05-24,12.0,0,1,0.0,0.0,0.0
W0438,Night,2025-01-17,23.0,0,1,0.0,0.0,0.0
W0438,Night,2025-02-21,1.0,0,1,0.0,0.0,0.0
W0438,Night,2025-03-27,4.0,1,1,0.0,0.0,1.0
W0438,Night,2025-06-02,47.0,0,1,0.0,0.0,0.0
W0439,Evening,2025-04-13,27.0,0,1,0.0,0.0,0.0
W0439,Evening,2025-05-01,15.0,0,1,0.0,0.0,0.0
W0439,Evening,2025-06-08,39.0,0,1,0.0,0.0,0.0
W0439,Evening,2025-06-27,39.0,0,1,0.0,0.0,0.0
W0439,Morning,2025-01-29,23.0,0,1,0.0,0.0,0.0
W0439,Morning,2025-02-05,22.0,0,1,0.0,0.0,0.0
W0439,Morning,2025-03-21,47.0,0,1,0.0,0.0,0.0
W0439,Morning,2025-04-19,32.0,1,1,0.0,0.0,1.0
W0439,Night,2025-05-10,9.0,0,1,0.0,0.0,0.0
W0440,Evening,2025-02-26,37.0,0,1,0.0,0.0,0.0
W0440,Evening,2025-03-17,11.0,0,1,0.0,0.0,0.0
W0440,Evening,2025-03-19,5.0,0,1,0.0,0.0,0.0
W0440,Evening,2025-04-02,10.0,1,1,0.0,0.0,1.0
W0440,Evening,2025-05-21,27.0,0,1,0.0,0.0,0.0
W0440,Morning,2025-02-05,42.0,0,1,0.0,0.0,0.0
W0440,Morning,2025-02-12,6.0,0,1,0.0,0.0,0.0
W0440,Morning,2025-04-22,7.0,0,1,0.0,0.0,0.0
W0440,Morning,2025-05-17,33.0,0,1,0.0,0.0,0.0
W0440,Night,2025-01-16,8.0,0,1,0.0,0.0,0.0
W0440,Night,2025-02-28,41.0,0,1,0.0,0.0,0.0
W0440,Night,2025-03-04,1.0,0,1,0.0,0.0,0.0
W0440,Night,2025-06-21,21.0,1,1,0.0,0.0,1.0
W0440,Night,2025-06-26,20.0,0,1,0.0,0.0,0.0
W0441,Evening,2025-03-06,30.0,1,1,0.0,0.0,1.0
W0441,Evening,2025-03-24,42.0,0,1,0.0,0.0,0.0
W0441,Evening,2025-04-10,39.0,0,1,0.0,0.0,0.0
W0441,Evening,2025-04-18,30.0,1,1,0.0,0.0,1.0
W0441,Evening,2025-06-05,45.0,0,1,0.0,0.0,0.0
W0441,Evening,2025-06-08,5.0,0,1,0.0,0.0,0.0
W0441,Evening,2025-06-14,40.0,0,1,0.0,0.0,0.0
W0441,Morning,2025-01-10,15.0,1,1,0.0,0.0,1.0
W0441,Morning,2025-01-14,40.0,0,1,0.0,0.0,0.0
W0441,Morning,2025-03-11,33.0,1,1,0.0,0.0,1.0
W0441,Night,2025-01-05,39.0,0,1,0.0,0.0,0.0
W0441,Night,2025-01-09,15.0,0,1,0.0,0.0,0.0
W0441,Night,2025-03-03,39.0,0,1,0.0,0.0,0.0
W0442,Evening,2025-01-10,38.0,0,1,0.0,0.0,0.0
W0442,Evening,2025-03-22,3.0,0,1,0.0,0.0,0.0
W0442,Evening,2025-03-25,40.0,0,1,0.0,0.0,0.0
W0442,Evening,2025-05-17,25.0,1,1,0.0,0.0,1.0
W0442,Morning,2025-01-19,49.0,0,1,0.0,0.0,0.0
W0442,Morning,2025-03-20,2.0,1,1,0.0,0.0,1.0
W0442,Morning,2025-04-16,15.0,1,1,0.0,0.0,1.0
W0442,Morning,2025-06-04,22.0,1,1,0.0,0.0,1.0
W0442,Night,2025-03-12,15.0,1,1,0.0,0.0,1.0
W0442,Night,2025-03-15,15.0,0,1,0.0,0.0,0.0
W0442,Night,2025-03-25,31.0,0,1,0.0,0.0,0.0
W0442,Night,2025-04-07,3.0,0,1,0.0,0.0,0.0
W0442,Night,2025-06-02,45.0,0,1,0.0,0.0,0.0
W0443,Evening,2025-01-19,25.0,1,1,0.0,0.0,1.0
W0443,Evening,2025-04-09,26.0,0,1,0.0,0.0,0.0
W0443,Evening,2025-04-19,28.0,0,1,0.0,0.0,0.0
W0443,Evening,2025-04-20,1.0,1,1,0.0,0.0,1.0
W0443,Evening,2025-04-29,18.0,1,1,0.0,0.0,1.0
W0443,Evening,2025-05-15,2.0,0,1,0.0,0.0,0.0
W0443,Morning,2025-02-08,13.0,0,1,0.0,0.0,0.0
W0443,Morning,2025-03-23,28.0,0,1,0.0,0.0,0.0
W0443,Morning,2025-03-27,21.0,0,1,0.0,0.0,0.0
W0443,Morning,2025-03-29,11.0,0,1,0.0,0.0,0.0
W0443,Morning,2025-04-12,44.0,0,1,0.0,0.0,0.0
W0443,Morning,2025-05-04,2.0,0,1,0.0,0.0,0.0
W0443,Morning,2025-06-17,38.0,0,1,0.0,0.0,0.0
W0443,Night,2025-01-03,45.0,0,1,0.0,0.0,0.0
W0443,Night,2025-02-22,24.0,0,1,0.0,0.0,0.0
W0443,Night,2025-02-28,5.0,0,1,0.0,0.0,0.0
W0443,Night,2025-04-01,7.0,1,1,0.0,0.0,1.0
W0443,Night,2025-04-10,33.0,0,1,0.0,0.0,0.0
W0443,Night,2025-06-07,28.0,0,1,0.0,0.0,0.0
W0443,Night,2025-06-15,21.0,1,1,0.0,0.0,1.0
W0444,Evening,2025-02-26,11.0,0,1,0.0,0.0,0.0
W0444,Evening,2025-03-07,15.0,0,1,0.0,0.0,0.0
W0444,Evening,2025-06-04,48.0,0,1,0.0,0.0,0.0
W0444,Evening,2025-06-11,11.0,0,1,0.0,0.0,0.0
W0444,Morning,2025-01-30,36.0,0,1,0.0,0.0,0.0
W0444,Morning,2025-02-23,40.0,1,1,0.0,0.0,1.0
W0444,Morning,2025-04-13,23.0,0,1,0.0,0.0,0.0
W0444,Morning,2025-04-27,25.0,0,1,0.0,0.0,0.0
W0444,Morning,2025-05-20,8.0,0,1,10.0,0.8,0.0
W0444,Morning,2025-06-02,20.0,0,1,0.0,0.0,0.0
W0444,Night,2025-01-06,39.0,1,1,0.0,0.0,1.0
W0444,Night,2025-05-05,38.0,0,1,0.0,0.0,0.0
W0445,Evening,2025-02-16,41.0,0,1,0.0,0.0,0.0
W0445,Evening,2025-06-03,35.0,0,1,0.0,0.0,0.0
W0445,Evening,2025-06-21,29.0,0,1,0.0,0.0,0.0
W0445,Morning,2025-01-04,40.0,1,1,0.0,0.0,1.0
W0445,Morning,2025-01-26,2.0,1,1,0.0,0.0,1.0
W0445,Morning,2025-01-29,7.0,0,1,0.0,0.0,0.0
W0445,Morning,2025-02-04,43.0,1,1,0.0,0.0,1.0
W0445,Morning,2025-02-19,40.0,0,1,0.0,0.0,0.0
W0445,Morning,2025-02-21,17.0,0,1,0.0,0.0,0.0
W0445,Morning,2025-03-27,29.0,1,1,0.0,0.0,1.0
W0445,Morning,2025-04-08,10.0,0,1,0.0,0.0,0.0
W0445,Morning,2025-05-04,49.0,0,1,0.0,0.0,0.0
W0445,Morning,2025-06-24,9.0,0,1,0.0,0.0,0.0
W0445,Night,2025-01-04,38.0,0,1,0.0,0.0,0.0
W0445,Night,2025-05-06,11.0,0,1,0.0,0.0,0.0
W0445,Night,2025-06-09,15.0,0,1,0.0,0.0,0.0
W0445,Night,2025-06-22,39.0,0,1,0.0,0.0,0.0
W0446,Evening,2025-01-15,48.0,0,1,0.0,0.0,0.0
W0446,Evening,2025-01-18,36.0,0,1,0.0,0.0,0.0
W0446,Evening,2025-02-17,45.0,1,1,0.0,0.0,1.0
W0446,Evening,2025-02-28,10.0,1,1,0.0,0.0,1.0
W0446,Evening,2025-04-21,3.0,0,1,0.0,0.0,0.0
W0446,Evening,2025-06-26,34.0,0,1,0.0,0.0,0.0
W0446,Morning,2025-01-14,3.0,0,1,0.0,0.0,0.0
W0446,Morning,2025-01-15,27.0,0,1,0.0,0.0,0.0
W0446,Morning,2025-03-19,43.0,0,1,0.0,0.0,0.0
W0446,Morning,2025-03-24,25.0,0,1,0.0,0.0,0.0
W0446,Morning,2025-04-14,14.0,1,1,0.0,0.0,1.0
W0446,Morning,2025-05-12,31.0,0,1,0.0,0.0,0.0
W0446,Morning,2025-05-23,37.0,0,1,0.0,0.0,0.0
W0446,Morning,2025-06-01,58.0,2,3,0.0,0.0,0.6666666666666666
W0446,Morning,2025-06-07,4.0,0,1,0.0,0.0,0.0
W0446,Night,2025-04-08,6.0,1,1,0.0,0.0,1.0
W0446,Night,2025-05-23,29.0,1,1,0.0,0.0,1.0
W0446,Night,2025-06-12,7.0,1,1,0.0,0.0,1.0
W0446,Night,2025-06-15,23.0,1,1,0.0,0.0,1.0
W0447,Evening,2025-01-03,30.0,0,1,0.0,0.0,0.0
W0447,Evening,2025-02-26,13.0,0,1,0.0,0.0,0.0
W0447,Evening,2025-03-23,31.0,1,1,0.0,0.0,1.0
W0447,Evening,2025-04-15,6.0,0,1,0.0,0.0,0.0
W0447,Evening,2025-04-27,12.0,0,1,0.0,0.0,0.0
W0447,Evening,2025-04-29,32.0,1,1,0.0,0.0,1.0
W0447,Evening,2025-04-30,22.0,0,1,0.0,0.0,0.0
W0447,Evening,2025-05-24,9.0,1,1,0.0,0.0,1.0
W0447,Evening,2025-06-15,35.0,0,1,0.0,0.0,0.0
W0447,Morning,2025-01-06,1.0,0,1,0.0,0.0,0.0
W0447,Morning,2025-03-06,13.0,0,1,0.0,0.0,0.0
W0447,Morning,2025-03-09,28.0,0,1,0.0,0.0,0.0
W0447,Morning,2025-03-30,4.0,0,1,0.0,0.0,0.0
W0447,Morning,2025-04-07,21.0,0,1,0.0,0.0,0.0
W0447,Morning,2025-05-06,18.0,0,1,0.0,0.0,0.0
W0447,Morning,2025-05-14,28.0,0,1,0.0,0.0,0.0
W0447,Morning,2025-05-18,24.0,0,1,0.0,0.0,0.0
W0447,Morning,2025-05-21,46.0,0,1,8.0,5.75,0.0
W0447,Morning,2025-06-20,27.0,0,1,0.0,0.0,0.0
W0447,Morning,2025-06-25,47.0,0,1,0.0,0.0,0.0
W0447,Night,2025-01-16,21.0,0,1,0.0,0.0,0.0
W0447,Night,2025-02-14,10.0,0,1,0.0,0.0,0.0
W0447,Night,2025-03-29,36.0,0,1,0.0,0.0,0.0
W0447,Night,2025-04-21,21.0,0,1,0.0,0.0,0.0
W0447,Night,2025-04-23,38.0,0,1,0.0,0.0,0.0
W0447,Night,2025-05-08,9.0,0,1,0.0,0.0,0.0
W0448,Evening,2025-02-22,8.0,1,1,0.0,0.0,1.0
W0448,Evening,2025-03-09,3.0,1,1,0.0,0.0,1.0
W0448,Evening,2025-06-11,17.0,1,1,0.0,0.0,1.0
W0448,Morning,2025-01-25,32.0,0,1,0.0,0.0,0.0
W0448,Morning,2025-01-28,20.0,0,1,0.0,0.0,0.0
W0448,Morning,2025-02-28,35.0,0,1,0.0,0.0,0.0
W0448,Morning,2025-05-05,45.0,0,1,0.0,0.0,0.0
W0448,Morning,2025-05-07,4.0,1,1,0.0,0.0,1.0
W0448,Morning,2025-06-12,47.0,0,1,0.0,0.0,0.0
W0448,Night,2025-01-09,39.0,0,1,0.0,0.0,0.0
W0448,Night,2025-01-12,31.0,0,1,0.0,0.0,0.0
W0448,Night,2025-01-24,28.0,0,1,0.0,0.0,0.0
W0448,Night,2025-02-02,39.0,0,1,0.0,0.0,0.0
W0448,Night,2025-04-06,30.0,1,1,0.0,0.0,1.0
W0448,Night,2025-04-11,27.0,0,1,7.0,3.857142857142857,0.0
W0448,Night,2025-05-22,27.0,1,1,0.0,0.0,1.0
W0448,Night,2025-06-11,12.0,0,1,0.0,0.0,0.0
W0449,Evening,2025-01-22,26.0,0,1,0.0,0.0,0.0
W0449,Evening,2025-04-27,22.0,0,1,0.0,0.0,0.0
W0449,Morning,2025-02-09,23.0,0,1,0.0,0.0,0.0
W0449,Morning,2025-02-10,25.0,1,1,0.0,0.0,1.0
W0449,Morning,2025-04-30,12.0,0,1,0.0,0.0,0.0
W0449,Morning,2025-05-05,36.0,1,1,0.0,0.0,1.0
W0449,Morning,2025-05-09,4.0,0,1,0.0,0.0,0.0
W0449,Morning,2025-05-25,15.0,0,1,0.0,0.0,0.0
W0449,Morning,2025-06-05,14.0,0,1,9.0,1.5555555555555556,0.0
W0449,Morning,2025-06-10,44.0,0,1,0.0,0.0,0.0
W0449,Morning,2025-06-11,36.0,0,1,0.0,0.0,0.0
W0449,Night,2025-01-03,15.0,0,1,0.0,0.0,0.0
W0449,Night,2025-01-11,49.0,0,1,0.0,0.0,0.0
W0449,Night,2025-03-17,38.0,0,1,0.0,0.0,0.0
W0449,Night,2025-06-07,5.0,0,1,0.0,0.0,0.0
W0449,Night,2025-06-11,26.0,0,1,0.0,0.0,0.0
W0450,Evening,2025-02-09,5.0,0,1,0.0,0.0,0.0
W0450,Evening,2025-04-02,7.0,0,1,0.0,0.0,0.0
W0450,Evening,2025-04-10,12.0,0,1,0.0,0.0,0.0
W0450,Evening,2025-05-06,28.0,0,1,0.0,0.0,0.0
W0450,Morning,2025-02-07,34.0,1,1,0.0,0.0,1.0
W0450,Morning,2025-03-25,34.0,0,1,0.0,0.0,0.0
W0450,Morning,2025-03-27,27.0,0,1,0.0,0.0,0.0
W0450,Morning,2025-03-30,18.0,1,1,0.0,0.0,1.0
W0450,Morning,2025-04-12,41.0,1,1,0.0,0.0,1.0
W0450,Morning,2025-04-27,1.0,0,1,0.0,0.0,0.0
W0450,Morning,2025-05-12,47.0,0,1,0.0,0.0,0.0
W0450,Night,2025-01-11,38.0,1,1,0.0,0.0,1.0
W0450,Night,2025-02-11,10.0,0,1,0.0,0.0,0.0
W0450,Night,2025-03-29,4.0,0,1,0.0,0.0,0.0
W0450,Night,2025-04-01,26.0,0,1,0.0,0.0,0.0
W0450,Night,2025-04-19,5.0,0,1,0.0,0.0,0.0
W0450,Night,2025-05-22,5.0,1,1,0.0,0.0,1.0
W0450,Night,2025-05-27,12.0,0,1,0.0,0.0,0.0
W0451,Evening,2025-01-06,34.0,1,1,0.0,0.0,1.0
W0451,Evening,2025-03-16,4.0,1,1,0.0,0.0,1.0
W0451,Evening,2025-06-06,32.0,0,1,0.0,0.0,0.0
W0451,Evening,2025-06-20,47.0,0,1,0.0,0.0,0.0
W0451,Morning,2025-02-19,1.0,1,1,0.0,0.0,1.0
W0451,Morning,2025-02-24,18.0,0,1,0.0,0.0,0.0
W0451,Morning,2025-03-16,23.0,0,1,0.0,0.0,0.0
W0451,Morning,2025-03-22,35.0,0,1,0.0,0.0,0.0
W0451,Morning,2025-04-05,33.0,1,1,7.0,4.714285714285714,1.0
W0451,Morning,2025-04-06,30.0,1,1,0.0,0.0,1.0
W0451,Morning,2025-05-29,4.0,0,1,0.0,0.0,0.0
W0451,Morning,2025-06-03,20.0,1,1,0.0,0.0,1.0
W0451,Morning,2025-06-17,47.0,1,1,0.0,0.0,1.0
W0451,Morning,2025-06-25,3.0,1,1,0.0,0.0,1.0
W0451,Night,2025-02-12,31.0,0,1,0.0,0.0,0.0
W0451,Night,2025-02-13,42.0,0,1,0.0,0.0,0.0
W0451,Night,2025-02-14,41.0,1,1,8.0,5.125,1.0
W0451,Night,2025-03-01,24.0,0,1,0.0,0.0,0.0
W0451,Night,2025-05-17,7.0,0,1,0.0,0.0,0.0
W0451,Night,2025-05-26,36.0,1,1,0.0,0.0,1.0
W0452,Evening,2025-01-26,43.0,0,1,0.0,0.0,0.0
W0452,Evening,2025-03-25,11.0,0,1,0.0,0.0,0.0
W0452,Evening,2025-05-12,43.0,0,1,0.0,0.0,0.0
W0452,Evening,2025-05-23,47.0,1,1,0.0,0.0,1.0
W0452,Morning,2025-01-06,3.0,0,1,0.0,0.0,0.0
W0452,Morning,2025-01-21,28.0,0,1,0.0,0.0,0.0
W0452,Morning,2025-02-22,24.0,0,1,0.0,0.0,0.0
W0452,Morning,2025-02-24,18.0,0,1,0.0,0.0,0.0
W0452,Morning,2025-03-03,7.0,0,1,0.0,0.0,0.0
W0452,Morning,2025-03-22,3.0,0,1,0.0,0.0,0.0
W0452,Morning,2025-04-08,39.0,0,1,0.0,0.0,0.0
W0452,Morning,2025-04-27,35.0,1,1,0.0,0.0,1.0
W0452,Morning,2025-05-20,45.0,0,1,8.0,5.625,0.0
W0452,Morning,2025-06-06,25.0,0,1,0.0,0.0,0.0
W0452,Night,2025-02-11,26.0,0,1,0.0,0.0,0.0
W0452,Night,2025-03-03,33.0,1,1,0.0,0.0,1.0
W0452,Night,2025-04-22,16.0,0,1,0.0,0.0,0.0
W0452,Night,2025-04-28,2.0,0,1,0.0,0.0,0.0
W0453,Evening,2025-01-10,5.0,0,1,0.0,0.0,0.0
W0453,Evening,2025-01-24,22.0,1,1,0.0,0.0,1.0
W0453,Evening,2025-02-02,45.0,0,1,0.0,0.0,0.0
W0453,Morning,2025-01-21,32.0,0,1,0.0,0.0,0.0
W0453,Morning,2025-01-27,24.0,1,1,0.0,0.0,1.0
W0453,Morning,2025-02-21,27.0,0,1,0.0,0.0,0.0
W0453,Morning,2025-04-08,15.0,0,1,0.0,0.0,0.0
W0453,Morning,2025-04-14,41.0,0,1,0.0,0.0,0.0
W0453,Night,2025-01-30,19.0,0,1,0.0,0.0,0.0
W0453,Night,2025-02-27,28.0,0,1,0.0,0.0,0.0
W0453,Night,2025-04-19,32.0,0,1,0.0,0.0,0.0
W0453,Night,2025-04-30,33.0,1,1,0.0,0.0,1.0
W0453,Night,2025-06-06,12.0,0,1,0.0,0.0,0.0
W0454,Evening,2025-01-11,24.0,0,1,0.0,0.0,0.0
W0454,Evening,2025-02-28,19.0,1,1,0.0,0.0,1.0
W0454,Evening,2025-04-04,42.0,1,1,0.0,0.0,1.0
W0454,Evening,2025-05-25,23.0,0,1,0.0,0.0,0.0
W0454,Morning,2025-01-29,11.0,1,1,0.0,0.0,1.0
W0454,Morning,2025-02-12,43.0,0,1,0.0,0.0,0.0
W0454,Morning,2025-03-09,7.0,0,1,0.0,0.0,0.0
W0454,Morning,2025-03-17,3.0,0,1,0.0,0.0,0.0
W0454,Morning,2025-03-18,41.0,0,1,0.0,0.0,0.0
W0454,Morning,2025-03-23,1.0,0,1,0.0,0.0,0.0
W0454,Morning,2025-05-31,33.0,0,1,0.0,0.0,0.0
W0454,Morning,2025-06-10,17.0,0,1,0.0,0.0,0.0
W0454,Night,2025-01-06,48.0,0,1,0.0,0.0,0.0
W0454,Night,2025-01-21,35.0,0,1,0.0,0.0,0.0
W0454,Night,2025-02-12,6.0,0,1,0.0,0.0,0.0
W0454,Night,2025-05-04,47.0,0,1,8.0,5.875,0.0
W0455,Evening,2025-01-02,39.0,1,1,0.0,0.0,1.0
W0455,Evening,2025-04-04,6.0,1,1,0.0,0.0,1.0
W0455,Evening,2025-04-13,16.0,0,1,0.0,0.0,0.0
W0455,Evening,2025-06-15,33.0,0,1,0.0,0.0,0.0
W0455,Morning,2025-01-03,20.0,0,1,0.0,0.0,0.0
W0455,Morning,2025-02-15,65.0,0,2,0.0,0.0,0.0
W0455,Morning,2025-03-05,43.0,0,1,8.0,5.375,0.0
W0455,Morning,2025-05-18,12.0,1,1,0.0,0.0,1.0
W0455,Morning,2025-05-29,29.0,0,1,0.0,0.0,0.0
W0455,Morning,2025-06-25,46.0,1,1,0.0,0.0,1.0
W0455,Night,2025-01-05,27.0,1,1,0.0,0.0,1.0
W0455,Night,2025-01-07,6.0,1,1,0.0,0.0,1.0
W0455,Night,2025-01-15,19.0,0,1,0.0,0.0,0.0
W0455,Night,2025-02-22,16.0,1,1,0.0,0.0,1.0
W0455,Night,2025-03-04,37.0,0,1,0.0,0.0,0.0
W0455,Night,2025-04-12,38.0,0,1,0.0,0.0,0.0
W0455,Night,2025-05-29,7.0,0,1,0.0,0.0,0.0
W0455,Night,2025-06-26,8.0,0,1,0.0,0.0,0.0
W0455,Night,2025-06-27,7.0,0,1,8.0,0.875,0.0
W0456,Evening,2025-02-01,2.0,0,1,0.0,0.0,0.0
W0456,Evening,2025-02-12,35.0,0,1,0.0,0.0,0.0
W0456,Evening,2025-02-14,20.0,0,1,0.0,0.0,0.0
W0456,Evening,2025-02-27,7.0,0,1,0.0,0.0,0.0
W0456,Evening,2025-04-19,46.0,0,1,0.0,0.0,0.0
W0456,Evening,2025-05-12,3.0,0,1,0.0,0.0,0.0
W0456,Evening,2025-06-06,36.0,1,1,0.0,0.0,1.0
W0456,Evening,2025-06-25,40.0,0,1,0.0,0.0,0.0
W0456,Morning,2025-01-12,13.0,0,1,0.0,0.0,0.0
W0456,Morning,2025-01-15,8.0,0,1,0.0,0.0,0.0
W0456,Morning,2025-01-23,42.0,1,1,0.0,0.0,1.0
W0456,Morning,2025-02-05,26.0,0,1,0.0,0.0,0.0
W0456,Morning,2025-02-17,23.0,0,1,0.0,0.0,0.0
W0456,Morning,2025-03-24,8.0,0,1,0.0,0.0,0.0
W0456,Morning,2025-04-15,5.0,1,1,0.0,0.0,1.0
W0456,Morning,2025-04-28,1.0,0,1,0.0,0.0,0.0
W0456,Morning,2025-05-18,42.0,0,1,0.0,0.0,0.0
W0456,Morning,2025-06-01,16.0,1,1,0.0,0.0,1.0
W0456,Night,2025-02-27,42.0,1,1,0.0,0.0,1.0
W0456,Night,2025-03-09,48.0,0,1,0.0,0.0,0.0
W0456,Night,2025-04-27,48.0,0,1,0.0,0.0,0.0
W0456,Night,2025-05-01,45.0,0,1,0.0,0.0,0.0
W0456,Night,2025-05-23,22.0,1,1,0.0,0.0,1.0
W0456,Night,2025-06-07,16.0,0,1,0.0,0.0,0.0
W0457,Evening,2025-01-20,15.0,0,1,0.0,0.0,0.0
W0457,Evening,2025-02-08,20.0,1,1,0.0,0.0,1.0
W0457,Evening,2025-02-15,24.0,0,1,0.0,0.0,0.0
W0457,Evening,2025-04-15,36.0,0,1,0.0,0.0,0.0
W0457,Evening,2025-05-30,17.0,0,1,0.0,0.0,0.0
W0457,Evening,2025-06-01,7.0,1,1,0.0,0.0,1.0
W0457,Evening,2025-06-03,5.0,0,1,0.0,0.0,0.0
W0457,Morning,2025-01-12,25.0,0,1,0.0,0.0,0.0
W0457,Morning,2025-02-01,26.0,0,1,0.0,0.0,0.0
W0457,Morning,2025-02-16,39.0,1,1,0.0,0.0,1.0
W0457,Morning,2025-02-27,12.0,1,1,0.0,0.0,1.0
W0457,Morning,2025-05-22,11.0,0,1,0.0,0.0,0.0
W0457,Morning,2025-05-27,2.0,0,1,0.0,0.0,0.0
W0457,Morning,2025-06-06,27.0,1,1,0.0,0.0,1.0
W0457,Morning,2025-06-27,21.0,0,1,0.0,0.0,0.0
W0457,Morning,2025-06-28,22.0,0,1,0.0,0.0,0.0
W0457,Night,2025-01-22,5.0,0,1,0.0,0.0,0.0
W0457,Night,2025-01-27,19.0,1,1,0.0,0.0,1.0
W0457,Night,2025-02-17,48.0,0,1,0.0,0.0,0.0
W0457,Night,2025-03-08,37.0,0,1,0.0,0.0,0.0
W0457,Night,2025-04-23,5.0,1,1,0.0,0.0,1.0
W0457,Night,2025-05-06,49.0,0,1,0.0,0.0,0.0
W0457,Night,2025-05-30,13.0,0,1,0.0,0.0,0.0
W0457,Night,2025-06-09,31.0,0,1,8.0,3.875,0.0
W0458,Evening,2025-01-01,25.0,1,1,0.0,0.0,1.0
W0458,Evening,2025-01-30,41.0,1,1,0.0,0.0,1.0
W0458,Evening,2025-05-15,49.0,1,1,0.0,0.0,1.0
W0458,Evening,2025-06-05,37.0,0,1,0.0,0.0,0.0
W0458,Morning,2025-01-19,6.0,0,1,0.0,0.0,0.0
W0458,Morning,2025-01-21,9.0,0,1,0.0,0.0,0.0
W0458,Morning,2025-02-09,17.0,0,1,0.0,0.0,0.0
W0458,Morning,2025-02-25,45.0,0,1,0.0,0.0,0.0
W0458,Morning,2025-03-02,8.0,0,1,0.0,0.0,0.0
W0458,Morning,2025-03-05,31.0,0,1,0.0,0.0,0.0
W0458,Morning,2025-03-22,16.0,1,1,0.0,0.0,1.0
W0458,Morning,2025-04-13,11.0,0,1,0.0,0.0,0.0
W0458,Morning,2025-05-05,23.0,0,1,0.0,0.0,0.0
W0458,Morning,2025-05-08,22.0,0,1,0.0,0.0,0.0
W0458,Morning,2025-05-20,47.0,0,1,0.0,0.0,0.0
W0458,Morning,2025-06-21,21.0,1,1,0.0,0.0,1.0
W0458,Night,2025-02-14,42.0,0,1,0.0,0.0,0.0
W0458,Night,2025-04-27,2.0,0,1,0.0,0.0,0.0
W0458,Night,2025-06-01,35.0,0,1,0.0,0.0,0.0
W0459,Evening,2025-01-18,18.0,1,1,0.0,0.0,1.0
W0459,Evening,2025-02-07,27.0,1,1,0.0,0.0,1.0
W0459,Evening,2025-04-07,33.0,0,1,0.0,0.0,0.0
W0459,Evening,2025-05-09,42.0,0,1,0.0,0.0,0.0
W0459,Evening,2025-05-10,12.0,0,1,0.0,0.0,0.0
W0459,Evening,2025-06-13,1.0,1,1,0.0,0.0,1.0
W0459,Morning,2025-01-22,27.0,1,1,0.0,0.0,1.0
W0459,Morning,2025-01-24,49.0,0,1,7.0,7.0,0.0
W0459,Morning,2025-02-10,9.0,0,1,0.0,0.0,0.0
W0459,Morning,2025-02-17,33.0,1,1,0.0,0.0,1.0
W0459,Morning,2025-02-27,40.0,1,1,0.0,0.0,1.0
W0459,Morning,2025-04-10,24.0,0,1,0.0,0.0,0.0
W0459,Morning,2025-06-09,36.0,0,1,0.0,0.0,0.0
W0459,Morning,2025-06-23,3.0,0,1,0.0,0.0,0.0
W0459,Night,2025-01-02,45.0,0,1,0.0,0.0,0.0
W0459,Night,2025-02-14,41.0,0,1,0.0,0.0,0.0
W0459,Night,2025-05-05,27.0,1,1,0.0,0.0,1.0
W0459,Night,2025-05-22,47.0,0,1,0.0,0.0,0.0
W0459,Night,2025-06-12,34.0,0,1,0.0,0.0,0.0
W0459,Night,2025-06-26,45.0,0,1,0.0,0.0,0.0
W0460,Evening,2025-05-13,12.0,0,1,0.0,0.0,0.0
W0460,Evening,2025-06-09,4.0,0,1,0.0,0.0,0.0
W0460,Morning,2025-01-12,42.0,1,3,0.0,0.0,0.3333333333333333
W0460,Morning,2025-03-23,37.0,1,1,0.0,0.0,1.0
W0460,Morning,2025-04-23,12.0,0,1,0.0,0.0,0.0
W0460,Morning,2025-05-18,14.0,0,1,0.0,0.0,0.0
W0460,Morning,2025-05-23,14.0,1,1,0.0,0.0,1.0
W0460,Night,2025-02-03,30.0,0,1,0.0,0.0,0.0
W0460,Night,2025-04-12,42.0,1,1,0.0,0.0,1.0
W0460,Night,2025-06-16,14.0,1,1,0.0,0.0,1.0
W0461,Evening,2025-02-10,46.0,0,1,0.0,0.0,0.0
W0461,Evening,2025-03-06,48.0,1,1,0.0,0.0,1.0
W0461,Evening,2025-04-20,22.0,0,1,0.0,0.0,0.0
W0461,Evening,2025-05-19,49.0,1,1,0.0,0.0,1.0
W0461,Morning,2025-01-21,4.0,0,1,0.0,0.0,0.0
W0461,Morning,2025-02-12,24.0,0,1,0.0,0.0,0.0
W0461,Morning,2025-03-31,3.0,0,1,0.0,0.0,0.0
W0461,Morning,2025-04-20,34.0,0,1,0.0,0.0,0.0
W0461,Morning,2025-05-11,2.0,0,1,0.0,0.0,0.0
W0461,Morning,2025-06-03,17.0,0,1,0.0,0.0,0.0
W0461,Morning,2025-06-28,41.0,0,1,0.0,0.0,0.0
W0461,Night,2025-02-24,3.0,0,1,0.0,0.0,0.0
W0461,Night,2025-04-15,45.0,0,1,9.0,5.0,0.0
W0461,Night,2025-04-16,1.0,0,1,9.0,0.1111111111111111,0.0
W0461,Night,2025-05-23,42.0,0,1,0.0,0.0,0.0
W0461,Night,2025-06-02,19.0,0,1,0.0,0.0,0.0
W0461,Night,2025-06-08,28.0,0,1,0.0,0.0,0.0
W0462,Evening,2025-01-04,32.0,0,1,0.0,0.0,0.0
W0462,Evening,2025-01-22,6.0,0,1,0.0,0.0,0.0
W0462,Evening,2025-02-06,18.0,1,1,0.0,0.0,1.0
W0462,Evening,2025-03-07,21.0,0,1,8.0,2.625,0.0
W0462,Evening,2025-03-09,15.0,0,1,0.0,0.0,0.0
W0462,Evening,2025-04-07,41.0,0,1,0.0,0.0,0.0
W0462,Evening,2025-05-20,23.0,0,1,0.0,0.0,0.0
W0462,Morning,2025-01-06,26.0,0,1,0.0,0.0,0.0
W0462,Morning,2025-01-12,4.0,0,1,0.0,0.0,0.0
W0462,Morning,2025-03-10,32.0,0,1,0.0,0.0,0.0
W0462,Morning,2025-03-14,49.0,1,1,7.0,7.0,1.0
W0462,Morning,2025-04-03,18.0,0,1,0.0,0.0,0.0
W0462,Morning,2025-04-04,40.0,0,1,0.0,0.0,0.0
W0462,Morning,2025-04-24,28.0,1,1,0.0,0.0,1.0
W0462,Morning,2025-06-09,17.0,0,1,0.0,0.0,0.0
W0462,Night,2025-04-23,14.0,0,1,0.0,0.0,0.0
W0462,Night,2025-04-30,24.0,0,1,0.0,0.0,0.0
W0462,Night,2025-06-17,19.0,0,1,0.0,0.0,0.0
W0462,Night,2025-06-19,48.0,0,1,0.0,0.0,0.0
W0463,Evening,2025-01-31,13.0,0,1,0.0,0.0,0.0
W0463,Evening,2025-02-28,35.0,0,1,0.0,0.0,0.0
W0463,Evening,2025-03-10,1.0,1,1,0.0,0.0,1.0
W0463,Evening,2025-06-08,42.0,0,1,0.0,0.0,0.0
W0463,Morning,2025-04-15,11.0,0,1,0.0,0.0,0.0
W0463,Morning,2025-05-13,34.0,0,1,0.0,0.0,0.0
W0463,Morning,2025-05-24,20.0,1,1,0.0,0.0,1.0
W0463,Morning,2025-05-29,6.0,1,1,0.0,0.0,1.0
W0463,Morning,2025-06-03,22.0,0,1,0.0,0.0,0.0
W0463,Morning,2025-06-24,14.0,1,1,0.0,0.0,1.0
W0463,Morning,2025-06-27,32.0,0,1,0.0,0.0,0.0
W0463,Night,2025-02-11,11.0,0,1,0.0,0.0,0.0
W0463,Night,2025-03-25,28.0,1,1,0.0,0.0,1.0
W0463,Night,2025-03-28,44.0,0,1,0.0,0.0,0.0
W0464,Evening,2025-03-19,6.0,0,1,0.0,0.0,0.0
W0464,Evening,2025-05-25,41.0,0,1,0.0,0.0,0.0
W0464,Evening,2025-06-22,40.0,0,1,0.0,0.0,0.0
W0464,Morning,2025-03-05,24.0,0,1,0.0,0.0,0.0
W0464,Morning,2025-03-16,45.0,0,1,0.0,0.0,0.0
W0464,Morning,2025-03-24,34.0,0,1,0.0,0.0,0.0
W0464,Morning,2025-05-21,26.0,0,1,0.0,0.0,0.0
W0464,Morning,2025-05-28,29.0,0,1,0.0,0.0,0.0
W0464,Morning,2025-06-17,37.0,0,1,0.0,0.0,0.0
W0464,Morning,2025-06-23,12.0,0,1,0.0,0.0,0.0
W0464,Morning,2025-06-25,17.0,0,1,0.0,0.0,0.0
W0464,Night,2025-01-23,45.0,1,1,0.0,0.0,1.0
W0464,Night,2025-03-15,49.0,1,1,0.0,0.0,1.0
W0464,Night,2025-03-23,35.0,1,1,0.0,0.0,1.0
W0464,Night,2025-06-05,46.0,1,1,0.0,0.0,1.0
W0464,Night,2025-06-06,12.0,0,1,0.0,0.0,0.0
W0465,Evening,2025-01-06,49.0,0,1,0.0,0.0,0.0
W0465,Evening,2025-01-27,33.0,1,1,0.0,0.0,1.0
W0465,Evening,2025-01-29,25.0,0,1,0.0,0.0,0.0
W0465,Evening,2025-03-29,33.0,0,1,0.0,0.0,0.0
W0465,Evening,2025-04-20,25.0,0,1,0.0,0.0,0.0
W0465,Evening,2025-05-04,15.0,0,1,0.0,0.0,0.0
W0465,Evening,2025-06-22,21.0,0,1,0.0,0.0,0.0
W0465,Morning,2025-01-09,49.0,0,1,0.0,0.0,0.0
W0465,Morning,2025-01-23,10.0,0,1,0.0,0.0,0.0
W0465,Morning,2025-02-14,33.0,0,1,0.0,0.0,0.0
W0465,Morning,2025-02-21,1.0,0,1,0.0,0.0,0.0
W0465,Morning,2025-02-22,5.0,0,1,0.0,0.0,0.0
W0465,Morning,2025-03-15,41.0,1,1,0.0,0.0,1.0
W0465,Morning,2025-03-22,7.0,0,1,0.0,0.0,0.0
W0465,Morning,2025-04-28,2.0,0,1,0.0,0.0,0.0
W0465,Morning,2025-05-07,21.0,1,1,0.0,0.0,1.0
W0465,Morning,2025-05-14,7.0,0,2,0.0,0.0,0.0
W0465,Night,2025-02-02,41.0,1,1,0.0,0.0,1.0
W0465,Night,2025-03-15,26.0,1,1,0.0,0.0,1.0
W0465,Night,2025-03-20,20.0,0,1,0.0,0.0,0.0
W0465,Night,2025-04-02,18.0,0,1,9.0,2.0,0.0
W0465,Night,2025-06-06,3.0,1,1,9.0,0.3333333333333333,1.0
W0465,Night,2025-06-14,49.0,0,1,0.0,0.0,0.0
W0465,Night,2025-06-26,13.0,0,1,0.0,0.0,0.0
W0465,Night,2025-06-28,35.0,0,1,0.0,0.0,0.0
W0466,Evening,2025-04-25,39.0,0,1,0.0,0.0,0.0
W0466,Evening,2025-06-02,22.0,0,1,0.0,0.0,0.0
W0466,Evening,2025-06-04,21.0,1,1,0.0,0.0,1.0
W0466,Morning,2025-01-10,41.0,0,1,0.0,0.0,0.0
W0466,Morning,2025-01-30,38.0,0,1,0.0,0.0,0.0
W0466,Morning,2025-02-04,49.0,0,1,0.0,0.0,0.0
W0466,Morning,2025-03-02,20.0,0,1,0.0,0.0,0.0
W0466,Morning,2025-04-04,43.0,0,1,0.0,0.0,0.0
W0466,Morning,2025-04-10,11.0,0,1,0.0,0.0,0.0
W0466,Morning,2025-04-18,15.0,0,1,0.0,0.0,0.0
W0466,Morning,2025-05-07,7.0,0,1,0.0,0.0,0.0
W0466,Morning,2025-05-21,12.0,0,1,0.0,0.0,0.0
W0466,Night,2025-01-03,41.0,0,1,0.0,0.0,0.0
W0466,Night,2025-02-04,14.0,1,1,0.0,0.0,1.0
W0466,Night,2025-02-11,6.0,0,1,0.0,0.0,0.0
W0466,Night,2025-04-25,40.0,0,1,0.0,0.0,0.0
W0466,Night,2025-06-06,44.0,0,1,0.0,0.0,0.0
W0466,Night,2025-06-09,32.0,0,1,0.0,0.0,0.0
W0467,Evening,2025-01-16,45.0,0,1,0.0,0.0,0.0
W0467,Evening,2025-04-11,8.0,0,1,0.0,0.0,0.0
W0467,Evening,2025-05-21,5.0,0,1,0.0,0.0,0.0
W0467,Morning,2025-01-06,9.0,0,1,10.0,0.9,0.0
W0467,Morning,2025-01-07,38.0,0,1,0.0,0.0,0.0
W0467,Morning,2025-01-18,47.0,0,1,0.0,0.0,0.0
W0467,Morning,2025-03-15,2.0,0,1,0.0,0.0,0.0
W0467,Morning,2025-04-25,33.0,0,1,0.0,0.0,0.0
W0467,Morning,2025-05-09,48.0,1,1,0.0,0.0,1.0
W0467,Night,2025-03-11,18.0,0,1,0.0,0.0,0.0
W0467,Night,2025-03-12,34.0,0,1,0.0,0.0,0.0
W0467,Night,2025-03-26,19.0,0,1,0.0,0.0,0.0
W0467,Night,2025-05-29,18.0,0,1,0.0,0.0,0.0
W0467,Night,2025-06-06,19.0,1,1,0.0,0.0,1.0
W0468,Evening,2025-01-24,45.0,0,1,0.0,0.0,0.0
W0468,Evening,2025-02-27,21.0,0,1,0.0,0.0,0.0
W0468,Evening,2025-06-07,29.0,0,1,0.0,0.0,0.0
W0468,Evening,2025-06-24,13.0,1,1,0.0,0.0,1.0
W0468,Morning,2025-02-12,41.0,0,1,0.0,0.0,0.0
W0468,Morning,2025-04-16,37.0,0,1,0.0,0.0,0.0
W0468,Morning,2025-04-19,36.0,1,1,0.0,0.0,1.0
W0468,Morning,2025-04-28,32.0,0,1,0.0,0.0,0.0
W0468,Morning,2025-05-05,11.0,1,1,0.0,0.0,1.0
W0468,Morning,2025-06-07,36.0,1,1,0.0,0.0,1.0
W0468,Morning,2025-06-20,38.0,0,1,0.0,0.0,0.0
W0468,Morning,2025-06-22,8.0,1,1,0.0,0.0,1.0
W0468,Morning,2025-06-28,7.0,0,1,0.0,0.0,0.0
W0468,Night,2025-01-26,2.0,0,1,0.0,0.0,0.0
W0468,Night,2025-03-15,23.0,1,1,9.0,2.5555555555555554,1.0
W0468,Night,2025-04-08,21.0,1,1,0.0,0.0,1.0
W0468,Night,2025-05-03,9.0,0,1,0.0,0.0,0.0
W0468,Night,2025-05-30,34.0,0,1,8.0,4.25,0.0
W0468,Night,2025-06-19,13.0,0,1,0.0,0.0,0.0
W0469,Evening,2025-01-11,47.0,0,1,0.0,0.0,0.0
W0469,Evening,2025-03-08,42.0,0,1,0.0,0.0,0.0
W0469,Evening,2025-03-18,26.0,0,1,0.0,0.0,0.0
W0469,Evening,2025-04-22,23.0,1,1,0.0,0.0,1.0
W0469,Evening,2025-05-28,21.0,1,1,0.0,0.0,1.0
W0469,Evening,2025-06-28,18.0,0,1,0.0,0.0,0.0
W0469,Morning,2025-01-20,23.0,0,1,0.0,0.0,0.0
W0469,Morning,2025-02-07,40.0,0,1,0.0,0.0,0.0
W0469,Morning,2025-02-14,1.0,0,1,0.0,0.0,0.0
W0469,Morning,2025-02-16,45.0,0,1,0.0,0.0,0.0
W0469,Morning,2025-04-21,29.0,0,2,0.0,0.0,0.0
W0469,Morning,2025-04-25,48.0,0,1,0.0,0.0,0.0
W0469,Morning,2025-05-19,32.0,1,1,0.0,0.0,1.0
W0469,Morning,2025-05-21,47.0,0,1,0.0,0.0,0.0
W0469,Morning,2025-05-23,40.0,0,1,0.0,0.0,0.0
W0469,Morning,2025-06-25,34.0,1,1,0.0,0.0,1.0
W0469,Night,2025-06-24,49.0,0,1,10.0,4.9,0.0
W0469,Night,2025-06-26,47.0,0,1,0.0,0.0,0.0
W0470,Evening,2025-01-17,4.0,1,1,0.0,0.0,1.0
W0470,Evening,2025-02-12,1.0,0,1,9.0,0.1111111111111111,0.0
W0470,Evening,2025-02-19,47.0,0,1,6.0,7.833333333333333,0.0
W0470,Evening,2025-04-17,14.0,0,1,0.0,0.0,0.0
W0470,Morning,2025-01-29,40.0,0,1,0.0,0.0,0.0
W0470,Morning,2025-02-13,1.0,0,1,0.0,0.0,0.0
W0470,Morning,2025-02-15,31.0,0,1,0.0,0.0,0.0
W0470,Morning,2025-02-23,47.0,1,1,0.0,0.0,1.0
W0470,Morning,2025-03-27,9.0,0,1,0.0,0.0,0.0
W0470,Morning,2025-04-14,23.0,0,1,0.0,0.0,0.0
W0470,Morning,2025-04-21,36.0,1,1,7.0,5.142857142857143,1.0
W0470,Morning,2025-04-27,41.0,0,1,0.0,0.0,0.0
W0470,Morning,2025-06-06,32.0,1,1,0.0,0.0,1.0
W0470,Morning,2025-06-13,11.0,0,1,0.0,0.0,0.0
W0470,Morning,2025-06-25,21.0,0,1,0.0,0.0,0.0
W0470,Night,2025-03-09,8.0,0,1,0.0,0.0,0.0
W0470,Night,2025-03-20,15.0,0,1,0.0,0.0,0.0
W0470,Night,2025-04-22,41.0,0,1,0.0,0.0,0.0
W0470,Night,2025-05-09,23.0,0,1,0.0,0.0,0.0
W0470,Night,2025-06-06,10.0,0,1,0.0,0.0,0.0
W0470,Night,2025-06-17,12.0,0,1,0.0,0.0,0.0
W0471,Evening,2025-04-22,6.0,0,1,0.0,0.0,0.0
W0471,Evening,2025-05-18,46.0,0,1,0.0,0.0,0.0
W0471,Evening,2025-05-28,20.0,0,1,0.0,0.0,0.0
W0471,Morning,2025-01-20,12.0,1,1,0.0,0.0,1.0
W0471,Morning,2025-01-26,41.0,0,1,0.0,0.0,0.0
W0471,Morning,2025-01-29,17.0,0,1,0.0,0.0,0.0
W0471,Morning,2025-03-14,8.0,0,1,8.0,1.0,0.0
W0471,Morning,2025-04-06,25.0,0,1,0.0,0.0,0.0
W0471,Morning,2025-04-22,21.0,0,1,0.0,0.0,0.0
W0471,Morning,2025-05-03,13.0,0,1,0.0,0.0,0.0
W0471,Morning,2025-05-12,47.0,0,1,0.0,0.0,0.0
W0471,Morning,2025-05-18,35.0,1,1,0.0,0.0,1.0
W0471,Morning,2025-05-28,21.0,0,1,0.0,0.0,0.0
W0471,Morning,2025-06-07,24.0,0,1,0.0,0.0,0.0
W0471,Night,2025-01-16,32.0,1,1,0.0,0.0,1.0
W0471,Night,2025-03-13,44.0,0,1,0.0,0.0,0.0
W0471,Night,2025-04-25,33.0,0,1,0.0,0.0,0.0
W0472,Evening,2025-01-07,33.0,0,1,0.0,0.0,0.0
W0472,Evening,2025-02-08,34.0,1,1,0.0,0.0,1.0
W0472,Evening,2025-04-02,3.0,1,1,0.0,0.0,1.0
W0472,Morning,2025-01-02,42.0,1,1,0.0,0.0,1.0
W0472,Morning,2025-01-15,20.0,0,1,0.0,0.0,0.0
W0472,Morning,2025-02-24,22.0,0,1,0.0,0.0,0.0
W0472,Morning,2025-02-27,13.0,0,1,0.0,0.0,0.0
W0472,Morning,2025-03-13,36.0,1,1,0.0,0.0,1.0
W0472,Morning,2025-03-21,37.0,1,1,0.0,0.0,1.0
W0472,Morning,2025-04-01,27.0,0,1,0.0,0.0,0.0
W0472,Morning,2025-04-05,42.0,0,1,0.0,0.0,0.0
W0472,Morning,2025-04-22,32.0,0,1,0.0,0.0,0.0
W0472,Morning,2025-05-22,6.0,0,1,0.0,0.0,0.0
W0472,Morning,2025-05-23,5.0,0,1,0.0,0.0,0.0
W0472,Morning,2025-06-02,30.0,0,1,0.0,0.0,0.0
W0472,Morning,2025-06-18,45.0,0,1,0.0,0.0,0.0
W0472,Night,2025-01-17,23.0,0,1,10.0,2.3,0.0
W0472,Night,2025-06-14,7.0,0,1,0.0,0.0,0.0
W0473,Evening,2025-03-10,42.0,0,1,0.0,0.0,0.0
W0473,Evening,2025-06-03,34.0,0,1,0.0,0.0,0.0
W0473,Evening,2025-06-25,41.0,0,1,0.0,0.0,0.0
W0473,Morning,2025-02-03,4.0,0,1,0.0,0.0,0.0
W0473,Morning,2025-02-06,17.0,0,1,0.0,0.0,0.0
W0473,Morning,2025-02-18,31.0,0,1,0.0,0.0,0.0
W0473,Morning,2025-02-27,45.0,1,1,0.0,0.0,1.0
W0473,Morning,2025-04-07,17.0,1,1,0.0,0.0,1.0
W0473,Morning,2025-05-10,24.0,0,1,0.0,0.0,0.0
W0473,Morning,2025-05-20,42.0,0,1,0.0,0.0,0.0
W0473,Morning,2025-05-25,37.0,0,1,0.0,0.0,0.0
W0473,Morning,2025-06-07,22.0,1,1,0.0,0.0,1.0
W0473,Morning,2025-06-16,30.0,1,1,6.0,5.0,1.0
W0473,Morning,2025-06-17,49.0,0,1,0.0,0.0,0.0
W0473,Morning,2025-06-29,39.0,0,1,0.0,0.0,0.0
W0473,Night,2025-03-20,35.0,1,1,0.0,0.0,1.0
W0473,Night,2025-03-24,41.0,1,1,0.0,0.0,1.0
W0473,Night,2025-03-29,25.0,0,1,0.0,0.0,0.0
W0473,Night,2025-04-15,12.0,1,1,0.0,0.0,1.0
W0473,Night,2025-05-03,7.0,0,1,0.0,0.0,0.0
W0473,Night,2025-05-24,40.0,1,1,0.0,0.0,1.0
W0474,Evening,2025-01-02,19.0,1,1,0.0,0.0,1.0
W0474,Evening,2025-03-04,24.0,0,1,0.0,0.0,0.0
W0474,Morning,2025-01-26,12.0,0,1,0.0,0.0,0.0
W0474,Morning,2025-04-30,37.0,0,1,0.0,0.0,0.0
W0474,Morning,2025-05-17,8.0,1,1,0.0,0.0,1.0
W0474,Morning,2025-05-26,30.0,0,1,0.0,0.0,0.0
W0474,Morning,2025-05-29,25.0,0,1,0.0,0.0,0.0
W0474,Night,2025-01-13,39.0,1,1,0.0,0.0,1.0
W0474,Night,2025-01-23,38.0,1,1,0.0,0.0,1.0
W0474,Night,2025-02-17,6.0,1,1,0.0,0.0,1.0
W0474,Night,2025-03-13,49.0,0,1,0.0,0.0,0.0
W0474,Night,2025-05-08,5.0,1,1,0.0,0.0,1.0
W0474,Night,2025-06-02,31.0,0,1,0.0,0.0,0.0
W0475,Evening,2025-03-13,35.0,0,1,0.0,0.0,0.0
W0475,Evening,2025-03-27,31.0,0,1,6.0,5.166666666666667,0.0
W0475,Evening,2025-04-07,11.0,1,1,0.0,0.0,1.0
W0475,Evening,2025-05-04,39.0,0,1,0.0,0.0,0.0
W0475,Morning,2025-01-01,37.0,0,1,0.0,0.0,0.0
W0475,Morning,2025-01-23,14.0,0,1,0.0,0.0,0.0
W0475,Morning,2025-02-08,3.0,0,1,0.0,0.0,0.0
W0475,Morning,2025-02-19,1.0,0,1,0.0,0.0,0.0
W0475,Morning,2025-03-12,37.0,0,1,0.0,0.0,0.0
W0475,Morning,2025-03-17,3.0,0,1,0.0,0.0,0.0
W0475,Morning,2025-03-31,16.0,0,1,0.0,0.0,0.0
W0475,Morning,2025-04-10,23.0,0,1,0.0,0.0,0.0
W0475,Morning,2025-04-15,14.0,0,1,0.0,0.0,0.0
W0475,Morning,2025-05-10,21.0,1,1,0.0,0.0,1.0
W0475,Night,2025-01-19,7.0,1,1,8.0,0.875,1.0
W0475,Night,2025-01-26,33.0,0,1,0.0,0.0,0.0
W0475,Night,2025-03-19,8.0,1,1,0.0,0.0,1.0
W0475,Night,2025-04-27,6.0,0,1,0.0,0.0,0.0
W0476,Evening,2025-01-20,46.0,1,1,0.0,0.0,1.0
W0476,Evening,2025-01-28,6.0,0,1,0.0,0.0,0.0
W0476,Evening,2025-02-16,45.0,1,1,0.0,0.0,1.0
W0476,Evening,2025-02-23,25.0,1,1,0.0,0.0,1.0
W0476,Evening,2025-03-15,11.0,0,1,0.0,0.0,0.0
W0476,Evening,2025-04-09,6.0,1,1,0.0,0.0,1.0
W0476,Evening,2025-05-09,19.0,0,1,0.0,0.0,0.0
W0476,Morning,2025-03-09,42.0,0,1,0.0,0.0,0.0
W0476,Morning,2025-03-15,22.0,1,1,0.0,0.0,1.0
W0476,Morning,2025-03-17,29.0,0,1,0.0,0.0,0.0
W0476,Morning,2025-05-09,7.0,1,1,0.0,0.0,1.0
W0476,Morning,2025-06-19,15.0,0,1,0.0,0.0,0.0
W0477,Evening,2025-04-13,34.0,0,1,0.0,0.0,0.0
W0477,Evening,2025-05-24,6.0,0,1,0.0,0.0,0.0
W0477,Evening,2025-05-31,6.0,0,1,10.0,0.6,0.0
W0477,Evening,2025-06-19,18.0,1,1,0.0,0.0,1.0
W0477,Morning,2025-01-01,32.0,1,1,0.0,0.0,1.0
W0477,Morning,2025-01-20,31.0,0,1,0.0,0.0,0.0
W0477,Morning,2025-01-23,33.0,0,1,0.0,0.0,0.0
W0477,Morning,2025-02-16,39.0,0,1,0.0,0.0,0.0
W0477,Morning,2025-03-06,40.0,0,1,0.0,0.0,0.0
W0477,Morning,2025-03-31,22.0,0,1,0.0,0.0,0.0
W0477,Morning,2025-05-15,14.0,1,1,0.0,0.0,1.0
W0477,Morning,2025-05-29,9.0,0,1,0.0,0.0,0.0
W0477,Morning,2025-06-25,17.0,1,1,6.0,2.8333333333333335,1.0
W0477,Night,2025-01-28,13.0,0,1,0.0,0.0,0.0
W0477,Night,2025-02-16,21.0,0,1,0.0,0.0,0.0
W0477,Night,2025-02-21,35.0,0,1,0.0,0.0,0.0
W0477,Night,2025-04-18,26.0,0,1,0.0,0.0,0.0
W0478,Evening,2025-01-29,7.0,0,1,0.0,0.0,0.0
W0478,Evening,2025-02-24,46.0,0,1,0.0,0.0,0.0
W0478,Evening,2025-03-17,33.0,0,1,0.0,0.0,0.0
W0478,Evening,2025-04-01,2.0,1,1,0.0,0.0,1.0
W0478,Evening,2025-04-22,44.0,0,1,10.0,4.4,0.0
W0478,Evening,2025-05-05,33.0,0,2,0.0,0.0,0.0
W0478,Morning,2025-01-03,23.0,0,1,0.0,0.0,0.0
W0478,Morning,2025-01-22,33.0,0,1,0.0,0.0,0.0
W0478,Morning,2025-01-25,14.0,1,1,0.0,0.0,1.0
W0478,Morning,2025-01-29,33.0,0,1,0.0,0.0,0.0
W0478,Morning,2025-03-28,34.0,0,1,0.0,0.0,0.0
W0478,Morning,2025-04-02,24.0,0,1,0.0,0.0,0.0
W0478,Morning,2025-04-12,44.0,1,1,0.0,0.0,1.0
W0478,Morning,2025-04-18,8.0,1,1,0.0,0.0,1.0
W0478,Morning,2025-06-14,2.0,1,1,0.0,0.0,1.0
W0478,Morning,2025-06-27,12.0,0,1,0.0,0.0,0.0
W0478,Night,2025-01-12,58.0,1,2,0.0,0.0,0.5
W0478,Night,2025-03-15,19.0,0,1,0.0,0.0,0.0
W0478,Night,2025-04-11,14.0,0,1,0.0,0.0,0.0
W0478,Night,2025-04-18,12.0,0,1,0.0,0.0,0.0
W0478,Night,2025-04-24,52.0,0,2,0.0,0.0,0.0
W0478,Night,2025-04-29,10.0,0,1,0.0,0.0,0.0
W0478,Night,2025-05-21,23.0,0,1,8.0,2.875,0.0
W0479,Evening,2025-01-09,47.0,0,1,0.0,0.0,0.0
W0479,Evening,2025-01-19,2.0,0,1,0.0,0.0,0.0
W0479,Evening,2025-01-27,43.0,0,1,0.0,0.0,0.0
W0479,Evening,2025-03-20,23.0,0,1,0.0,0.0,0.0
W0479,Evening,2025-05-20,3.0,0,1,0.0,0.0,0.0
W0479,Evening,2025-06-03,35.0,0,1,0.0,0.0,0.0
W0479,Morning,2025-01-08,16.0,1,1,0.0,0.0,1.0
W0479,Morning,2025-01-27,9.0,0,1,0.0,0.0,0.0
W0479,Morning,2025-02-02,5.0,0,1,0.0,0.0,0.0
W0479,Morning,2025-02-19,24.0,0,1,0.0,0.0,0.0
W0479,Morning,2025-02-23,25.0,1,2,0.0,0.0,0.5
W0479,Morning,2025-03-07,25.0,0,1,0.0,0.0,0.0
W0479,Morning,2025-03-09,4.0,0,1,0.0,0.0,0.0
W0479,Morning,2025-03-13,39.0,0,1,0.0,0.0,0.0
W0479,Morning,2025-03-16,27.0,1,1,0.0,0.0,1.0
W0479,Morning,2025-05-05,14.0,0,1,0.0,0.0,0.0
W0479,Night,2025-01-09,37.0,0,1,0.0,0.0,0.0
W0479,Night,2025-01-14,14.0,1,1,0.0,0.0,1.0
W0479,Night,2025-01-26,8.0,0,1,0.0,0.0,0.0
W0479,Night,2025-04-22,34.0,0,1,0.0,0.0,0.0
W0480,Evening,2025-01-11,25.0,1,1,0.0,0.0,1.0
W0480,Evening,2025-04-15,42.0,0,1,0.0,0.0,0.0
W0480,Evening,2025-04-28,3.0,0,1,0.0,0.0,0.0
W0480,Morning,2025-01-12,23.0,0,1,0.0,0.0,0.0
W0480,Morning,2025-02-02,8.0,0,1,0.0,0.0,0.0
W0480,Morning,2025-02-08,46.0,0,1,0.0,0.0,0.0
W0480,Morning,2025-02-14,48.0,0,1,0.0,0.0,0.0
W0480,Morning,2025-02-25,39.0,1,1,0.0,0.0,1.0
W0480,Morning,2025-03-06,36.0,0,1,0.0,0.0,0.0
W0480,Morning,2025-03-28,25.0,1,1,0.0,0.0,1.0
W0480,Morning,2025-04-05,25.0,0,1,0.0,0.0,0.0
W0480,Morning,2025-04-18,48.0,0,1,0.0,0.0,0.0
W0480,Morning,2025-05-30,19.0,0,1,0.0,0.0,0.0
W0480,Morning,2025-06-05,17.0,0,1,0.0,0.0,0.0
W0480,Morning,2025-06-08,23.0,1,1,0.0,0.0,1.0
W0480,Morning,2025-06-16,43.0,0,1,8.0,5.375,0.0
W0480,Night,2025-03-06,33.0,0,1,0.0,0.0,0.0
W0480,Night,2025-05-16,31.0,0,1,0.0,0.0,0.0
W0480,Night,2025-06-08,11.0,0,1,0.0,0.0,0.0
W0481,Evening,2025-03-21,25.0,0,1,10.0,2.5,0.0
W0481,Evening,2025-05-05,19.0,0,1,0.0,0.0,0.0
W0481,Evening,2025-06-16,23.0,1,1,0.0,0.0,1.0
W0481,Morning,2025-01-13,23.0,1,1,0.0,0.0,1.0
W0481,Morning,2025-02-06,9.0,0,1,0.0,0.0,0.0
W0481,Morning,2025-02-18,7.0,0,1,0.0,0.0,0.0
W0481,Morning,2025-03-10,20.0,0,1,0.0,0.0,0.0
W0481,Morning,2025-04-28,33.0,1,1,0.0,0.0,1.0
W0481,Morning,2025-05-28,29.0,0,1,0.0,0.0,0.0
W0481,Night,2025-01-08,14.0,0,1,0.0,0.0,0.0
W0481,Night,2025-01-14,31.0,0,1,0.0,0.0,0.0
W0481,Night,2025-02-14,22.0,1,1,0.0,0.0,1.0
W0481,Night,2025-03-27,10.0,0,1,0.0,0.0,0.0
W0481,Night,2025-04-09,49.0,0,1,0.0,0.0,0.0
W0481,Night,2025-05-20,33.0,1,1,0.0,0.0,1.0
W0481,Night,2025-06-16,8.0,1,1,0.0,0.0,1.0
W0482,Evening,2025-02-08,43.0,1,1,0.0,0.0,1.0
W0482,Evening,2025-03-22,10.0,0,1,0.0,0.0,0.0
W0482,Evening,2025-05-05,36.0,1,1,0.0,0.0,1.0
W0482,Evening,2025-05-24,19.0,1,1,0.0,0.0,1.0
W0482,Evening,2025-06-05,9.0,0,1,0.0,0.0,0.0
W0482,Morning,2025-01-10,9.0,1,1,0.0,0.0,1.0
W0482,Morning,2025-01-14,33.0,0,1,0.0,0.0,0.0
W0482,Morning,2025-02-13,9.0,0,1,0.0,0.0,0.0
W0482,Morning,2025-03-14,48.0,1,1,0.0,0.0,1.0
W0482,Morning,2025-03-27,36.0,1,1,0.0,0.0,1.0
W0482,Morning,2025-04-08,10.0,0,1,0.0,0.0,0.0
W0482,Morning,2025-04-21,36.0,1,1,0.0,0.0,1.0
W0482,Morning,2025-06-07,29.0,1,1,0.0,0.0,1.0
W0482,Night,2025-05-31,21.0,0,1,0.0,0.0,0.0
W0483,Evening,2025-02-06,13.0,0,1,0.0,0.0,0.0
W0483,Evening,2025-02-27,10.0,0,1,0.0,0.0,0.0
W0483,Morning,2025-01-10,48.0,0,1,0.0,0.0,0.0
W0483,Morning,2025-01-11,17.0,0,1,0.0,0.0,0.0
W0483,Morning,2025-03-01,40.0,0,1,0.0,0.0,0.0
W0483,Morning,2025-03-03,43.0,0,1,0.0,0.0,0.0
W0483,Morning,2025-04-09,16.0,0,1,0.0,0.0,0.0
W0483,Morning,2025-04-21,26.0,0,1,0.0,0.0,0.0
W0483,Morning,2025-05-09,27.0,1,1,0.0,0.0,1.0
W0483,Morning,2025-05-11,26.0,0,1,0.0,0.0,0.0
W0483,Morning,2025-05-12,14.0,0,1,0.0,0.0,0.0
W0483,Morning,2025-06-05,45.0,0,1,0.0,0.0,0.0
W0483,Morning,2025-06-13,14.0,0,1,0.0,0.0,0.0
W0483,Night,2025-01-30,18.0,0,1,8.0,2.25,0.0
W0483,Night,2025-02-25,30.0,0,1,0.0,0.0,0.0
W0483,Night,2025-03-17,8.0,0,1,0.0,0.0,0.0
W0483,Night,2025-05-23,8.0,0,1,0.0,0.0,0.0
W0484,Evening,2025-01-04,44.0,0,1,0.0,0.0,0.0
W0484,Evening,2025-04-01,42.0,0,1,0.0,0.0,0.0
W0484,Evening,2025-04-26,42.0,1,1,0.0,0.0,1.0
W0484,Evening,2025-04-27,41.0,0,1,0.0,0.0,0.0
W0484,Evening,2025-05-04,48.0,1,1,0.0,0.0,1.0
W0484,Evening,2025-05-27,36.0,0,1,0.0,0.0,0.0
W0484,Morning,2025-01-19,39.0,1,1,0.0,0.0,1.0
W0484,Morning,2025-01-30,29.0,1,1,0.0,0.0,1.0
W0484,Morning,2025-02-02,36.0,1,1,0.0,0.0,1.0
W0484,Morning,2025-02-27,8.0,0,1,0.0,0.0,0.0
W0484,Morning,2025-03-16,22.0,0,1,0.0,0.0,0.0
W0484,Morning,2025-04-16,3.0,0,1,0.0,0.0,0.0
W0484,Morning,2025-04-20,4.0,1,1,0.0,0.0,1.0
W0484,Morning,2025-04-29,44.0,0,1,0.0,0.0,0.0
W0484,Morning,2025-05-14,17.0,0,1,0.0,0.0,0.0
W0484,Morning,2025-06-20,1.0,0,1,0.0,0.0,0.0
W0484,Night,2025-03-28,44.0,0,1,10.0,4.4,0.0
W0484,Night,2025-04-02,24.0,0,1,0.0,0.0,0.0
W0484,Night,2025-05-03,44.0,0,1,0.0,0.0,0.0
W0484,Night,2025-05-20,24.0,0,1,0.0,0.0,0.0
W0484,Night,2025-06-08,37.0,1,1,0.0,0.0,1.0
W0484,Night,2025-06-25,33.0,0,1,0.0,0.0,0.0
W0485,Evening,2025-01-01,25.0,0,1,0.0,0.0,0.0
W0485,Evening,2025-02-13,10.0,1,1,0.0,0.0,1.0
W0485,Evening,2025-04-28,23.0,0,1,0.0,0.0,0.0
W0485,Evening,2025-06-20,48.0,0,1,0.0,0.0,0.0
W0485,Evening,2025-06-28,31.0,0,1,0.0,0.0,0.0
W0485,Morning,2025-02-05,32.0,1,1,0.0,0.0,1.0
W0485,Morning,2025-02-11,39.0,1,1,0.0,0.0,1.0
W0485,Morning,2025-02-21,4.0,1,1,0.0,0.0,1.0
W0485,Morning,2025-04-11,26.0,0,1,0.0,0.0,0.0
W0485,Morning,2025-05-22,30.0,0,1,0.0,0.0,0.0
W0485,Morning,2025-06-10,42.0,0,1,0.0,0.0,0.0
W0485,Night,2025-01-11,6.0,0,1,0.0,0.0,0.0
W0485,Night,2025-02-05,78.0,1,2,0.0,0.0,0.5
W0485,Night,2025-04-29,19.0,0,1,0.0,0.0,0.0
W0485,Night,2025-05-07,3.0,0,1,0.0,0.0,0.0
W0486,Evening,2025-01-30,26.0,0,1,0.0,0.0,0.0
W0486,Evening,2025-05-08,40.0,1,1,0.0,0.0,1.0
W0486,Evening,2025-06-28,49.0,0,1,0.0,0.0,0.0
W0486,Morning,2025-01-25,1.0,0,1,0.0,0.0,0.0
W0486,Morning,2025-02-06,46.0,0,1,0.0,0.0,0.0
W0486,Morning,2025-02-15,47.0,0,1,0.0,0.0,0.0
W0486,Morning,2025-02-22,35.0,0,1,0.0,0.0,0.0
W0486,Morning,2025-03-04,1.0,0,1,0.0,0.0,0.0
W0486,Morning,2025-03-05,17.0,0,1,0.0,0.0,0.0
W0486,Morning,2025-03-21,36.0,1,1,0.0,0.0,1.0
W0486,Morning,2025-03-24,25.0,0,1,0.0,0.0,0.0
W0486,Morning,2025-04-02,22.0,1,1,0.0,0.0,1.0
W0486,Morning,2025-04-05,4.0,0,1,0.0,0.0,0.0
W0486,Morning,2025-05-11,14.0,1,1,0.0,0.0,1.0
W0486,Morning,2025-05-14,47.0,0,1,0.0,0.0,0.0
W0486,Morning,2025-05-19,37.0,0,1,0.0,0.0,0.0
W0486,Morning,2025-05-26,44.0,0,1,0.0,0.0,0.0
W0486,Night,2025-02-13,34.0,0,1,0.0,0.0,0.0
W0486,Night,2025-02-27,31.0,0,1,0.0,0.0,0.0
W0486,Night,2025-05-06,26.0,1,1,0.0,0.0,1.0
W0487,Evening,2025-02-15,9.0,0,1,0.0,0.0,0.0
W0487,Evening,2025-06-26,16.0,0,1,0.0,0.0,0.0
W0487,Morning,2025-01-11,21.0,0,1,0.0,0.0,0.0
W0487,Morning,2025-01-22,21.0,0,1,0.0,0.0,0.0
W0487,Morning,2025-01-28,4.0,0,1,0.0,0.0,0.0
W0487,Morning,2025-02-07,40.0,0,1,0.0,0.0,0.0
W0487,Morning,2025-03-08,40.0,0,1,0.0,0.0,0.0
W0487,Morning,2025-03-29,12.0,1,1,0.0,0.0,1.0
W0487,Morning,2025-05-10,11.0,0,1,0.0,0.0,0.0
W0487,Morning,2025-06-06,36.0,0,1,0.0,0.0,0.0
W0487,Night,2025-02-24,36.0,0,1,0.0,0.0,0.0
W0487,Night,2025-04-20,48.0,0,1,0.0,0.0,0.0
W0487,Night,2025-06-26,3.0,0,1,0.0,0.0,0.0
W0488,Evening,2025-01-23,25.0,0,1,0.0,0.0,0.0
W0488,Evening,2025-02-07,22.0,0,1,0.0,0.0,0.0
W0488,Morning,2025-01-09,47.0,0,1,0.0,0.0,0.0
W0488,Morning,2025-02-01,46.0,0,1,0.0,0.0,0.0
W0488,Morning,2025-02-04,36.0,1,1,0.0,0.0,1.0
W0488,Morning,2025-02-10,46.0,0,1,0.0,0.0,0.0
W0488,Morning,2025-04-02,6.0,0,1,0.0,0.0,0.0
W0488,Morning,2025-04-19,35.0,0,1,0.0,0.0,0.0
W0488,Morning,2025-05-26,39.0,1,1,0.0,0.0,1.0
W0488,Morning,2025-06-07,1.0,0,1,0.0,0.0,0.0
W0488,Night,2025-01-06,19.0,0,1,0.0,0.0,0.0
W0488,Night,2025-02-07,4.0,0,1,0.0,0.0,0.0
W0488,Night,2025-06-08,7.0,1,1,0.0,0.0,1.0
W0488,Night,2025-06-23,3.0,0,1,0.0,0.0,0.0
W0488,Night,2025-06-29,41.0,1,1,0.0,0.0,1.0
W0489,Evening,2025-03-12,42.0,1,1,0.0,0.0,1.0
W0489,Evening,2025-04-16,21.0,0,1,0.0,0.0,0.0
W0489,Evening,2025-05-24,44.0,1,1,0.0,0.0,1.0
W0489,Morning,2025-01-02,18.0,0,1,0.0,0.0,0.0
W0489,Morning,2025-01-04,22.0,0,1,0.0,0.0,0.0
W0489,Morning,2025-01-18,49.0,1,1,0.0,0.0,1.0
W0489,Morning,2025-01-22,30.0,1,1,0.0,0.0,1.0
W0489,Morning,2025-03-18,11.0,0,1,0.0,0.0,0.0
W0489,Morning,2025-05-01,14.0,1,1,0.0,0.0,1.0
W0489,Morning,2025-05-09,8.0,0,1,0.0,0.0,0.0
W0489,Morning,2025-06-02,3.0,1,1,0.0,0.0,1.0
W0489,Morning,2025-06-06,2.0,1,1,0.0,0.0,1.0
W0489,Morning,2025-06-15,25.0,0,1,0.0,0.0,0.0
W0489,Night,2025-01-03,22.0,1,1,0.0,0.0,1.0
W0489,Night,2025-04-09,2.0,0,1,0.0,0.0,0.0
W0489,Night,2025-04-16,49.0,0,1,0.0,0.0,0.0
W0489,Night,2025-05-20,11.0,1,1,0.0,0.0,1.0
W0490,Morning,2025-01-23,34.0,1,1,0.0,0.0,1.0
W0490,Morning,2025-02-22,47.0,0,1,0.0,0.0,0.0
W0490,Morning,2025-03-16,45.0,0,1,0.0,0.0,0.0
W0490,Morning,2025-04-05,42.0,0,1,0.0,0.0,0.0
W0490,Morning,2025-04-08,47.0,1,1,0.0,0.0,1.0
W0490,Morning,2025-04-10,42.0,1,1,0.0,0.0,1.0
W0490,Morning,2025-04-19,30.0,1,1,0.0,0.0,1.0
W0490,Morning,2025-05-05,18.0,1,1,0.0,0.0,1.0
W0490,Morning,2025-05-10,32.0,1,1,0.0,0.0,1.0
W0490,Morning,2025-05-21,7.0,0,1,0.0,0.0,0.0
W0490,Morning,2025-05-31,14.0,0,1,0.0,0.0,0.0
W0490,Morning,2025-06-11,25.0,0,1,0.0,0.0,0.0
W0490,Morning,2025-06-19,43.0,0,1,0.0,0.0,0.0
W0490,Night,2025-03-23,45.0,0,1,0.0,0.0,0.0
W0490,Night,2025-03-24,45.0,0,1,0.0,0.0,0.0
W0490,Night,2025-06-23,10.0,1,1,0.0,0.0,1.0
W0491,Evening,2025-02-07,47.0,0,1,0.0,0.0,0.0
W0491,Evening,2025-04-18,43.0,0,1,0.0,0.0,0.0
W0491,Evening,2025-04-23,9.0,0,1,0.0,0.0,0.0
W0491,Evening,2025-04-30,42.0,0,1,0.0,0.0,0.0
W0491,Evening,2025-06-09,33.0,0,1,0.0,0.0,0.0
W0491,Evening,2025-06-19,45.0,0,1,8.0,5.625,0.0
W0491,Morning,2025-01-05,26.0,0,1,0.0,0.0,0.0
W0491,Morning,2025-04-07,32.0,0,1,0.0,0.0,0.0
W0491,Morning,2025-05-11,15.0,1,1,0.0,0.0,1.0
W0491,Night,2025-02-28,8.0,0,1,0.0,0.0,0.0
W0491,Night,2025-04-28,44.0,1,1,0.0,0.0,1.0
W0491,Night,2025-06-05,24.0,0,1,0.0,0.0,0.0
W0491,Night,2025-06-14,42.0,0,1,0.0,0.0,0.0
W0491,Night,2025-06-25,41.0,0,1,0.0,0.0,0.0
W0492,Evening,2025-03-21,26.0,0,1,0.0,0.0,0.0
W0492,Evening,2025-04-23,35.0,0,1,0.0,0.0,0.0
W0492,Evening,2025-05-07,35.0,0,1,0.0,0.0,0.0
W0492,Evening,2025-06-10,14.0,0,1,0.0,0.0,0.0
W0492,Morning,2025-01-17,28.0,0,1,0.0,0.0,0.0
W0492,Morning,2025-01-25,22.0,0,1,0.0,0.0,0.0
W0492,Morning,2025-02-19,44.0,0,1,0.0,0.0,0.0
W0492,Morning,2025-03-04,49.0,1,1,0.0,0.0,1.0
W0492,Morning,2025-05-29,11.0,0,1,0.0,0.0,0.0
W0492,Morning,2025-06-07,14.0,0,1,0.0,0.0,0.0
W0492,Morning,2025-06-27,21.0,0,1,0.0,0.0,0.0
W0492,Night,2025-01-15,31.0,1,1,0.0,0.0,1.0
W0492,Night,2025-01-18,31.0,1,1,0.0,0.0,1.0
W0492,Night,2025-02-16,48.0,0,1,0.0,0.0,0.0
W0492,Night,2025-02-24,2.0,1,1,0.0,0.0,1.0
W0492,Night,2025-04-11,15.0,0,1,0.0,0.0,0.0
W0492,Night,2025-05-23,23.0,0,1,0.0,0.0,0.0
W0492,Night,2025-06-25,35.0,1,1,0.0,0.0,1.0
W0493,Evening,2025-01-17,19.0,0,1,0.0,0.0,0.0
W0493,Evening,2025-02-05,23.0,0,1,10.0,2.3,0.0
W0493,Evening,2025-05-06,23.0,1,1,0.0,0.0,1.0
W0493,Evening,2025-05-16,42.0,1,1,9.0,4.666666666666667,1.0
W0493,Evening,2025-05-30,8.0,1,1,0.0,0.0,1.0
W0493,Evening,2025-06-14,34.0,0,1,0.0,0.0,0.0
W0493,Morning,2025-01-03,5.0,1,1,0.0,0.0,1.0
W0493,Morning,2025-01-12,16.0,0,1,0.0,0.0,0.0
W0493,Morning,2025-01-17,22.0,0,1,0.0,0.0,0.0
W0493,Morning,2025-01-24,32.0,0,1,0.0,0.0,0.0
W0493,Morning,2025-02-26,9.0,0,1,0.0,0.0,0.0
W0493,Morning,2025-03-13,7.0,1,1,0.0,0.0,1.0
W0493,Morning,2025-03-19,24.0,0,1,0.0,0.0,0.0
W0493,Morning,2025-03-31,5.0,1,1,0.0,0.0,1.0
W0493,Morning,2025-05-11,29.0,0,1,0.0,0.0,0.0
W0493,Morning,2025-05-18,33.0,1,1,0.0,0.0,1.0
W0493,Morning,2025-06-04,38.0,0,1,0.0,0.0,0.0
W0493,Morning,2025-06-10,38.0,0,1,0.0,0.0,0.0
W0493,Night,2025-01-20,7.0,0,1,0.0,0.0,0.0
W0493,Night,2025-01-26,22.0,0,1,7.0,3.142857142857143,0.0
W0493,Night,2025-03-26,14.0,0,1,0.0,0.0,0.0
W0493,Night,2025-05-06,31.0,0,1,0.0,0.0,0.0
W0493,Night,2025-06-12,13.0,1,1,0.0,0.0,1.0
W0493,Night,2025-06-18,32.0,1,1,0.0,0.0,1.0
W0494,Evening,2025-03-24,21.0,1,1,0.0,0.0,1.0
W0494,Evening,2025-06-18,10.0,1,1,0.0,0.0,1.0
W0494,Evening,2025-06-26,36.0,0,1,0.0,0.0,0.0
W0494,Evening,2025-06-28,29.0,0,1,0.0,0.0,0.0
W0494,Morning,2025-01-03,14.0,0,1,0.0,0.0,0.0
W0494,Morning,2025-01-29,29.0,0,1,0.0,0.0,0.0
W0494,Morning,2025-03-20,18.0,0,1,0.0,0.0,0.0
W0494,Morning,2025-06-03,31.0,1,1,0.0,0.0,1.0
W0494,Morning,2025-06-07,17.0,0,1,0.0,0.0,0.0
W0494,Morning,2025-06-11,49.0,1,1,0.0,0.0,1.0
W0494,Morning,2025-06-20,21.0,0,1,7.0,3.0,0.0
W0494,Morning,2025-06-29,45.0,0,1,0.0,0.0,0.0
W0494,Night,2025-01-20,11.0,0,1,0.0,0.0,0.0
W0494,Night,2025-03-10,49.0,1,1,8.0,6.125,1.0
W0494,Night,2025-05-01,42.0,0,1,0.0,0.0,0.0
W0495,Evening,2025-01-22,38.0,0,1,0.0,0.0,0.0
W0495,Evening,2025-02-27,39.0,0,1,0.0,0.0,0.0
W0495,Evening,2025-05-21,21.0,1,1,0.0,0.0,1.0
W0495,Evening,2025-06-02,11.0,0,1,0.0,0.0,0.0
W0495,Evening,2025-06-28,49.0,0,1,0.0,0.0,0.0
W0495,Morning,2025-01-03,30.0,0,1,0.0,0.0,0.0
W0495,Morning,2025-02-04,37.0,0,1,0.0,0.0,0.0
W0495,Morning,2025-02-05,11.0,1,1,0.0,0.0,1.0
W0495,Morning,2025-03-10,24.0,0,1,0.0,0.0,0.0
W0495,Morning,2025-03-18,37.0,0,1,0.0,0.0,0.0
W0495,Morning,2025-03-31,40.0,0,1,0.0,0.0,0.0
W0495,Morning,2025-04-14,42.0,0,1,0.0,0.0,0.0
W0495,Morning,2025-06-08,20.0,0,1,0.0,0.0,0.0
W0495,Morning,2025-06-15,13.0,1,1,0.0,0.0,1.0
W0495,Night,2025-04-16,40.0,0,1,0.0,0.0,0.0
W0496,Evening,2025-03-04,35.0,0,1,0.0,0.0,0.0
W0496,Evening,2025-03-25,42.0,0,1,0.0,0.0,0.0
W0496,Evening,2025-05-06,39.0,0,1,6.0,6.5,0.0
W0496,Evening,2025-05-07,41.0,0,1,0.0,0.0,0.0
W0496,Morning,2025-01-16,17.0,0,1,0.0,0.0,0.0
W0496,Morning,2025-02-03,42.0,0,1,10.0,4.2,0.0
W0496,Morning,2025-03-10,38.0,0,1,0.0,0.0,0.0
W0496,Morning,2025-04-29,1.0,0,1,0.0,0.0,0.0
W0496,Morning,2025-05-23,22.0,0,1,0.0,0.0,0.0
W0496,Night,2025-01-12,21.0,1,1,0.0,0.0,1.0
W0496,Night,2025-02-16,8.0,0,1,0.0,0.0,0.0
W0496,Night,2025-03-16,15.0,1,1,0.0,0.0,1.0
W0496,Night,2025-03-25,1.0,0,1,0.0,0.0,0.0
W0496,Night,2025-05-12,12.0,0,1,0.0,0.0,0.0
W0496,Night,2025-05-27,5.0,1,1,0.0,0.0,1.0
W0496,Night,2025-05-29,41.0,0,1,0.0,0.0,0.0
W0497,Evening,2025-02-24,6.0,1,1,0.0,0.0,1.0
W0497,Evening,2025-03-22,48.0,0,1,0.0,0.0,0.0
W0497,Evening,2025-04-29,39.0,0,1,0.0,0.0,0.0
W0497,Evening,2025-06-29,27.0,0,1,0.0,0.0,0.0
W0497,Morning,2025-02-08,49.0,0,1,0.0,0.0,0.0
W0497,Morning,2025-02-11,47.0,0,1,0.0,0.0,0.0
W0497,Morning,2025-04-24,36.0,0,1,0.0,0.0,0.0
W0497,Morning,2025-04-29,17.0,0,1,0.0,0.0,0.0
W0497,Morning,2025-06-10,15.0,1,1,0.0,0.0,1.0
W0497,Morning,2025-06-20,29.0,1,1,0.0,0.0,1.0
W0497,Morning,2025-06-22,15.0,0,1,0.0,0.0,0.0
W0497,Night,2025-01-26,13.0,0,1,0.0,0.0,0.0
W0497,Night,2025-02-28,14.0,0,1,0.0,0.0,0.0
W0497,Night,2025-03-04,43.0,1,1,0.0,0.0,1.0
W0497,Night,2025-05-03,33.0,0,1,9.0,3.6666666666666665,0.0
W0497,Night,2025-05-08,13.0,1,1,0.0,0.0,1.0
W0498,Evening,2025-01-27,28.0,0,1,0.0,0.0,0.0
W0498,Evening,2025-02-02,15.0,0,1,0.0,0.0,0.0
W0498,Evening,2025-03-21,26.0,0,1,0.0,0.0,0.0
W0498,Evening,2025-06-23,8.0,1,1,0.0,0.0,1.0
W0498,Morning,2025-02-25,46.0,1,1,0.0,0.0,1.0
W0498,Morning,2025-03-05,16.0,1,1,0.0,0.0,1.0
W0498,Morning,2025-03-14,2.0,1,1,0.0,0.0,1.0
W0498,Morning,2025-04-06,12.0,0,1,0.0,0.0,0.0
W0498,Morning,2025-04-22,14.0,0,1,0.0,0.0,0.0
W0498,Morning,2025-06-08,47.0,0,1,0.0,0.0,0.0
W0498,Morning,2025-06-23,25.0,0,1,0.0,0.0,0.0
W0498,Night,2025-02-23,1.0,0,1,0.0,0.0,0.0
W0498,Night,2025-06-02,36.0,1,1,0.0,0.0,1.0
W0498,Night,2025-06-16,40.0,1,1,0.0,0.0,1.0
W0498,Night,2025-06-21,6.0,1,1,0.0,0.0,1.0
W0499,Evening,2025-03-16,27.0,1,1,0.0,0.0,1.0
W0499,Evening,2025-03-21,16.0,1,1,0.0,0.0,1.0
W0499,Evening,2025-05-24,27.0,0,1,0.0,0.0,0.0
W0499,Morning,2025-01-12,41.0,0,1,0.0,0.0,0.0
W0499,Morning,2025-02-02,36.0,0,1,0.0,0.0,0.0
W0499,Morning,2025-02-09,27.0,0,1,0.0,0.0,0.0
W0499,Morning,2025-02-20,13.0,0,1,0.0,0.0,0.0
W0499,Morning,2025-04-27,8.0,0,1,0.0,0.0,0.0
W0499,Morning,2025-06-09,35.0,0,1,0.0,0.0,0.0
W0499,Night,2025-03-01,34.0,0,1,0.0,0.0,0.0
W0499,Night,2025-03-09,23.0,0,1,0.0,0.0,0.0
W0499,Night,2025-04-11,14.0,0,1,0.0,0.0,0.0
W0499,Night,2025-05-04,43.0,0,1,0.0,0.0,0.0
W0499,Night,2025-05-20,3.0,0,1,0.0,0.0,0.0
W0500,Evening,2025-02-01,27.0,0,1,0.0,0.0,0.0
W0500,Evening,2025-04-17,31.0,0,1,0.0,0.0,0.0
W0500,Evening,2025-06-29,2.0,0,1,0.0,0.0,0.0
W0500,Morning,2025-01-07,45.0,0,1,0.0,0.0,0.0
W0500,Morning,2025-01-09,38.0,1,1,12.0,3.1666666666666665,1.0
W0500,Morning,2025-01-14,31.0,0,1,0.0,0.0,0.0
W0500,Morning,2025-02-10,20.0,1,1,0.0,0.0,1.0
W0500,Morning,2025-04-03,31.0,1,1,0.0,0.0,1.0
W0500,Morning,2025-06-12,31.0,1,1,7.0,4.428571428571429,1.0
W0500,Morning,2025-06-25,17.0,0,1,0.0,0.0,0.0
W0500,Night,2025-05-06,39.0,0,1,0.0,0.0,0.0
