operation_id,date,worker_id,shift_id,zone,items_picked,error_count
OP100000,2025-02-23,W0243,S1,E,19.0,0
OP100002,2025-01-03,W0263,S2,B,9.0,0
OP100003,2025-01-28,W0415,S2,D,34.0,0
OP100011,2025-02-07,W0108,S2,B,49.0,0
OP100012,2025-02-26,W0391,S2,D,11.0,1
OP100014,2025-06-12,W0274,S2,C,8.0,0
OP100015,2025-04-06,W0233,S2,E,1.0,1
OP100016,2025-05-24,W0027,S1,E,27.0,1
OP100017,2025-04-19,W0256,S3,A,24.0,0
OP100018,2025-03-09,W0100,S1,C,26.0,1
OP100020,2025-01-26,W0468,S3,A,2.0,0
OP100022,2025-05-09,W0087,S2,C,9.0,1
OP100024,2025-02-18,W0481,S2,B,7.0,0
OP100026,2025-06-28,W0286,S3,B,17.0,0
OP100028,2025-01-29,W0016,S2,E,30.0,1
OP100030,2025-02-01,W0336,S1,C,6.0,0
OP100031,2025-04-16,W0071,S3,A,6.0,0
OP100038,2025-01-02,W0243,S3,E,13.0,0
OP100039,2025-01-30,W0001,S1,D,27.0,0
OP100040,2025-05-09,W0187,S3,A,39.0,1
OP100042,2025-05-07,W0465,S2,C,21.0,1
OP100043,2025-05-20,W0083,S2,E,34.0,0
OP100044,2025-04-16,W0442,S2,B,15.0,1
OP100045,2025-01-02,W0360,S2,C,5.0,0
OP100046,2025-06-14,W0063,S2,E,19.0,0
OP100048,2025-06-17,W0150,S2,B,12.0,0
OP100051,2025-03-02,W0433,S3,C,5.0,0
OP100053,2025-05-24,W0047,S1,E,10.0,1
OP100054,2025-04-14,W0335,S3,E,8.0,1
OP100056,2025-01-11,W0139,S3,C,41.0,0
OP100058,2025-02-04,W0269,S2,E,26.0,1
OP100063,2025-04-19,W0205,S3,C,29.0,0
OP100065,2025-02-02,W0376,S2,A,7.0,0
OP100069,2025-01-16,W0087,S2,A,30.0,1
OP100075,2025-05-23,W0496,S2,E,22.0,0
OP100081,2025-05-24,W0437,S1,A,25.0,0
OP100082,2025-01-22,W0128,S2,B,10.0,0
OP100085,2025-01-23,W0294,S2,E,24.0,0
OP100088,2025-03-17,W0483,S3,C,8.0,0
OP100089,2025-06-16,W0498,S3,E,40.0,1
OP100093,2025-02-12,W0468,S2,A,41.0,0
OP100094,2025-02-05,W0495,S2,E,11.0,1
OP100095,2025-06-08,W0294,S2,A,15.0,0
OP100100,2025-06-06,W0066,S2,E,45.0,0
OP100102,2025-02-18,W0173,S1,E,38.0,0
OP100107,2025-04-16,W0339,S2,C,34.0,0
OP100109,2025-05-22,W0292,S1,E,23.0,1
OP100112,2025-04-10,W0155,S3,E,3.0,0
OP100115,2025-01-24,W0427,S2,A,42.0,1
OP100117,2025-05-23,W0446,S3,B,29.0,1
OP100120,2025-06-10,W0312,S2,C,21.0,0
OP100122,2025-06-12,W0448,S2,E,47.0,0
OP100123,2025-05-07,W0341,S1,B,21.0,0
OP100124,2025-04-16,W0405,S2,C,13.0,1
OP100125,2025-03-10,W0374,S3,E,10.0,0
OP100126,2025-01-28,W0262,S2,D,17.0,0
OP100127,2025-02-03,W0052,S2,A,8.0,0
OP100131,2025-06-09,W0432,S2,B,6.0,1
OP100132,2025-03-26,W0247,S3,A,27.0,0
OP100133,2025-02-21,W0219,S3,B,6.0,0
OP100136,2025-02-23,W0310,S2,A,40.0,0
OP100138,2025-05-06,W0158,S3,B,19.0,0
OP100139,2025-03-01,W0322,S2,A,6.0,1
OP100140,2025-04-01,W0297,S2,D,49.0,1
OP100146,2025-04-02,W0051,S1,E,9.0,1
OP100148,2025-02-23,W0057,S1,B,6.0,0
OP100150,2025-03-11,W0168,S2,D,43.0,0
OP100153,2025-06-27,W0236,S1,B,12.0,0
OP100154,2025-01-06,W0312,S2,D,30.0,0
OP100156,2025-01-28,W0012,S2,D,5.0,0
OP100158,2025-03-21,W0088,S2,C,44.0,0
OP100159,2025-04-24,W0221,S1,C,35.0,0
OP100160,2025-01-08,W0377,S2,B,34.0,1
OP100162,2025-01-06,W0221,S1,C,6.0,0
OP100165,2025-02-18,W0289,S2,C,44.0,0
OP100166,2025-03-14,W0102,S3,A,15.0,1
OP100167,2025-05-22,W0314,S3,C,28.0,0
OP100172,2025-04-11,W0098,S2,B,19.0,0
OP100173,2025-06-29,W0333,S2,A,31.0,0
OP100175,2025-02-10,W0327,S2,A,40.0,0
OP100176,2025-02-28,W0227,S3,C,10.0,1
OP100181,2025-03-13,W0137,S3,D,34.0,0
OP100184,2025-03-11,W0136,S2,E,18.0,1
OP100185,2025-03-02,W0028,S3,C,35.0,0
OP100186,2025-05-17,W0190,S1,D,27.0,1
OP100194,2025-05-13,W0380,S1,D,43.0,1
OP100195,2025-01-20,W0295,S2,D,31.0,0
OP100197,2025-03-11,W0283,S3,A,24.0,0
OP100198,2025-05-09,W0252,S1,B,5.0,0
OP100199,2025-03-08,W0457,S3,B,37.0,0
OP100202,2025-05-06,W0217,S1,D,47.0,0
OP100203,2025-05-28,W0061,S3,C,44.0,0
OP100205,2025-01-01,W0146,S2,B,25.0,0
OP100207,2025-02-28,W0325,S3,C,33.0,0
OP100211,2025-01-02,W0079,S2,E,17.0,0
OP100212,2025-01-03,W0426,S2,C,8.0,0
OP100213,2025-04-13,W0423,S2,A,3.0,0
OP100215,2025-04-29,W0298,S2,C,3.0,0
OP100220,2025-05-17,W0440,S2,A,33.0,0
OP100222,2025-05-04,W0150,S1,E,47.0,1
OP100223,2025-06-05,W0192,S1,A,10.0,0
OP100226,2025-02-19,W0351,S2,D,32.0,1
OP100228,2025-04-07,W0209,S2,D,43.0,0
OP100230,2025-04-20,W0047,S2,C,1.0,0
OP100240,2025-04-07,W0250,S2,C,16.0,1
OP100241,2025-06-15,W0108,S3,B,31.0,0
OP100243,2025-05-20,W0261,S1,B,38.0,0
OP100245,2025-01-03,W0119,S3,B,9.0,1
OP100249,2025-06-12,W0418,S2,A,17.0,1
OP100250,2025-01-05,W0094,S3,A,16.0,0
OP100256,2025-01-17,W0400,S1,E,10.0,0
OP100258,2025-06-18,W0306,S1,D,38.0,0
OP100259,2025-02-13,W0292,S3,B,36.0,1
OP100262,2025-01-05,W0117,S2,E,5.0,1
OP100270,2025-04-28,W0157,S1,D,10.0,0
OP100271,2025-01-26,W0206,S2,D,21.0,0
OP100273,2025-01-02,W0029,S2,D,45.0,0
OP100274,2025-05-11,W0367,S1,C,14.0,0
OP100278,2025-01-03,W0415,S1,C,24.0,1
OP100279,2025-06-23,W0459,S2,C,3.0,0
OP100281,2025-06-17,W0381,S3,D,29.0,1
OP100287,2025-04-21,W0374,S2,D,15.0,1
OP100292,2025-02-12,W0280,S3,A,39.0,0
OP100294,2025-03-16,W0347,S3,A,45.0,0
OP100298,2025-03-03,W0410,S1,D,28.0,0
OP100299,2025-03-10,W0130,S2,E,47.0,0
OP100302,2025-05-18,W0086,S1,A,18.0,1
OP100305,2025-06-07,W0283,S2,C,26.0,0
OP100306,2025-06-01,W0175,S2,E,23.0,0
OP100308,2025-06-10,W0304,S3,C,47.0,0
OP100311,2025-05-01,W0011,S3,D,33.0,0
OP100312,2025-05-04,W0200,S3,E,44.0,0
OP100317,2025-02-27,W0128,S2,D,5.0,0
OP100318,2025-05-21,W0287,S1,D,21.0,0
OP100320,2025-04-09,W0481,S3,E,49.0,0
OP100321,2025-03-02,W0146,S2,D,4.0,0
OP100322,2025-02-10,W0377,S2,E,8.0,1
OP100324,2025-05-05,W0002,S2,B,1.0,0
OP100327,2025-06-16,W0120,S1,E,49.0,0
OP100328,2025-01-30,W0279,S3,D,32.0,0
OP100333,2025-06-06,W0412,S2,E,2.0,0
OP100335,2025-01-06,W0447,S2,D,1.0,0
OP100338,2025-01-21,W0458,S2,B,9.0,0
OP100339,2025-03-22,W0394,S2,A,22.0,0
OP100341,2025-06-01,W0458,S3,B,35.0,0
OP100342,2025-04-24,W0343,S2,C,3.0,0
OP100344,2025-05-28,W0208,S2,E,7.0,0
OP100345,2025-01-08,W0481,S3,C,14.0,0
OP100348,2025-01-12,W0223,S3,E,12.0,0
OP100349,2025-06-13,W0343,S2,B,34.0,0
OP100350,2025-02-27,W0179,S3,D,14.0,0
OP100351,2025-02-26,W0266,S2,B,18.0,0
OP100352,2025-02-19,W0058,S1,A,45.0,0
OP100353,2025-02-01,W0090,S1,A,28.0,0
OP100354,2025-06-23,W0307,S3,B,13.0,0
OP100356,2025-06-29,W0426,S3,A,5.0,0
OP100357,2025-05-06,W0445,S3,C,11.0,0
OP100359,2025-04-22,W0479,S3,A,34.0,0
OP100360,2025-03-29,W0256,S2,D,18.0,1
OP100362,2025-02-25,W0011,S2,B,3.0,0
OP100367,2025-03-30,W0254,S3,B,48.0,0
OP100368,2025-06-25,W0464,S2,E,17.0,0
OP100370,2025-02-02,W0282,S1,E,27.0,0
OP100373,2025-05-11,W0116,S1,E,4.0,0
OP100376,2025-03-25,W0463,S3,B,28.0,1
OP100384,2025-01-26,W0240,S2,C,37.0,0
OP100388,2025-03-22,W0094,S3,A,3.0,0
OP100391,2025-03-06,W0033,S3,E,12.0,0
OP100393,2025-01-29,W0309,S2,C,27.0,0
OP100395,2025-04-01,W0415,S3,C,33.0,0
OP100397,2025-03-02,W0050,S2,C,33.0,0
OP100398,2025-04-11,W0022,S2,E,38.0,0
OP100400,2025-02-02,W0303,S1,B,39.0,0
OP100401,2025-01-12,W0072,S2,B,38.0,1
OP100402,2025-06-03,W0141,S1,A,8.0,0
OP100404,2025-04-14,W0217,S2,A,40.0,0
OP100405,2025-03-02,W0168,S1,D,13.0,1
OP100406,2025-03-16,W0064,S3,C,47.0,1
OP100410,2025-05-11,W0112,S2,A,6.0,0
OP100411,2025-06-18,W0032,S3,C,29.0,0
OP100414,2025-05-30,W0325,S2,B,29.0,0
OP100415,2025-02-01,W0180,S1,D,5.0,0
OP100417,2025-01-03,W0288,S1,D,3.0,0
OP100420,2025-02-23,W0008,S3,E,49.0,0
OP100423,2025-04-07,W0462,S1,E,41.0,0
OP100429,2025-06-04,W0416,S1,B,27.0,1
OP100430,2025-01-21,W0438,S2,B,2.0,1
OP100431,2025-02-24,W0006,S3,D,24.0,0
OP100433,2025-02-25,W0019,S2,E,23.0,0
OP100434,2025-06-07,W0379,S2,D,20.0,0
OP100437,2025-03-31,W0208,S1,B,3.0,0
OP100438,2025-02-08,W0157,S2,B,15.0,1
OP100439,2025-01-29,W0059,S1,D,19.0,0
OP100440,2025-02-04,W0047,S2,D,25.0,0
OP100441,2025-03-08,W0487,S2,B,40.0,0
OP100442,2025-03-21,W0178,S3,D,28.0,0
OP100445,2025-04-04,W0307,S2,D,37.0,0
OP100446,2025-01-16,W0176,S2,B,26.0,0
OP100448,2025-02-20,W0336,S2,D,49.0,1
OP100450,2025-04-21,W0198,S3,B,20.0,0
OP100453,2025-06-28,W0390,S1,C,13.0,0
OP100456,2025-03-06,W0387,S2,E,1.0,0
OP100458,2025-03-28,W0364,S3,B,45.0,0
OP100460,2025-02-11,W0403,S3,A,32.0,1
OP100462,2025-06-21,W0498,S3,A,6.0,1
OP100463,2025-02-05,W0062,S1,B,41.0,0
OP100464,2025-04-22,W0167,S3,B,33.0,0
OP100470,2025-01-31,W0045,S1,D,37.0,1
OP100473,2025-04-25,W0096,S1,B,38.0,0
OP100477,2025-05-08,W0139,S1,E,40.0,1
OP100478,2025-01-10,W0287,S1,E,12.0,1
OP100479,2025-06-26,W0348,S2,B,13.0,0
OP100481,2025-05-23,W0342,S3,D,32.0,0
OP100482,2025-05-02,W0296,S2,D,24.0,0
OP100483,2025-03-10,W0288,S2,C,38.0,0
OP100484,2025-02-16,W0194,S2,B,22.0,0
OP100486,2025-05-26,W0086,S1,C,1.0,0
OP100488,2025-06-23,W0108,S3,E,4.0,0
OP100489,2025-06-13,W0010,S2,B,24.0,0
OP100490,2025-03-09,W0139,S3,B,12.0,0
OP100491,2025-01-17,W0268,S1,B,43.0,0
OP100492,2025-05-02,W0175,S1,A,48.0,0
OP100493,2025-03-09,W0058,S3,A,33.0,0
OP100496,2025-06-04,W0375,S2,C,42.0,1
OP100498,2025-05-13,W0033,S2,C,17.0,0
OP100500,2025-01-27,W0047,S2,B,29.0,0
OP100501,2025-02-23,W0012,S1,D,11.0,0
OP100503,2025-04-30,W0264,S3,B,38.0,0
OP100504,2025-05-24,W0136,S2,C,26.0,0
OP100505,2025-05-13,W0336,S1,D,17.0,0
OP100509,2025-05-21,W0147,S1,C,23.0,0
OP100517,2025-03-06,W0066,S2,E,24.0,0
OP100520,2025-05-16,W0096,S3,E,45.0,0
OP100521,2025-01-03,W0206,S1,B,26.0,0
OP100524,2025-01-01,W0477,S2,E,32.0,1
OP100526,2025-05-31,W0141,S1,E,21.0,0
OP100527,2025-05-14,W0465,S2,D,4.0,0
OP100531,2025-02-22,W0197,S3,C,35.0,0
OP100533,2025-03-27,W0025,S3,C,11.0,1
OP100534,2025-06-08,W0161,S2,E,17.0,1
OP100539,2025-02-07,W0375,S3,A,38.0,1
OP100540,2025-02-25,W0359,S3,D,23.0,1
OP100542,2025-05-10,W0358,S2,A,18.0,0
OP100544,2025-03-12,W0436,S3,A,19.0,1
OP100547,2025-01-03,W0154,S2,B,23.0,1
OP100549,2025-05-04,W0032,S2,D,14.0,0
OP100552,2025-04-24,W0382,S2,B,9.0,1
OP100554,2025-05-15,W0014,S2,C,8.0,0
OP100555,2025-03-29,W0092,S2,E,49.0,0
OP100557,2025-06-06,W0129,S1,B,47.0,0
OP100560,2025-05-22,W0284,S1,D,16.0,0
OP100561,2025-01-03,W0291,S1,C,40.0,0
OP100565,2025-05-14,W0159,S2,B,39.0,1
OP100566,2025-04-27,W0326,S2,E,42.0,0
OP100567,2025-02-19,W0445,S2,E,40.0,0
OP100568,2025-01-22,W0404,S2,C,33.0,1
OP100569,2025-06-06,W0134,S1,E,11.0,1
OP100576,2025-05-18,W0283,S3,D,47.0,0
OP100578,2025-03-08,W0422,S2,C,2.0,0
OP100580,2025-05-13,W0051,S3,E,18.0,0
OP100582,2025-04-12,W0190,S1,C,23.0,0
OP100584,2025-04-23,W0287,S1,B,4.0,1
OP100586,2025-04-05,W0413,S1,A,48.0,0
OP100590,2025-05-05,W0052,S3,C,41.0,1
OP100592,2025-02-18,W0175,S1,E,11.0,0
OP100593,2025-02-27,W0122,S1,E,16.0,1
OP100594,2025-02-05,W0351,S1,A,40.0,0
OP100596,2025-03-22,W0322,S2,E,35.0,1
OP100598,2025-03-26,W0420,S1,D,40.0,1
OP100602,2025-03-02,W0466,S2,B,20.0,0
OP100608,2025-04-12,W0051,S2,E,47.0,1
OP100609,2025-05-25,W0172,S3,A,21.0,0
OP100610,2025-05-17,W0210,S1,C,36.0,0
OP100615,2025-03-13,W0165,S1,C,28.0,0
OP100616,2025-01-22,W0032,S1,B,32.0,0
OP100619,2025-05-12,W0018,S3,C,8.0,0
OP100620,2025-06-14,W0256,S3,B,38.0,0
OP100622,2025-04-27,W0079,S2,D,24.0,0
OP100626,2025-06-17,W0157,S1,C,22.0,0
OP100630,2025-04-14,W0245,S1,D,33.0,0
OP100631,2025-06-05,W0134,S2,D,21.0,0
OP100632,2025-06-21,W0119,S2,C,7.0,0
OP100639,2025-06-13,W0026,S2,E,24.0,1
OP100640,2025-03-31,W0208,S3,E,28.0,0
OP100642,2025-05-08,W0400,S2,E,7.0,0
OP100643,2025-01-28,W0105,S2,B,15.0,0
OP100644,2025-06-08,W0080,S3,C,16.0,0
OP100648,2025-05-30,W0155,S1,B,29.0,0
OP100653,2025-03-09,W0259,S2,E,7.0,0
OP100654,2025-05-28,W0053,S3,A,46.0,1
OP100660,2025-06-19,W0145,S2,C,37.0,1
OP100661,2025-06-16,W0170,S3,C,23.0,0
OP100663,2025-04-20,W0234,S3,C,32.0,0
OP100664,2025-04-04,W0003,S2,B,41.0,0
OP100670,2025-02-06,W0200,S2,E,43.0,0
OP100671,2025-04-25,W0186,S2,C,14.0,1
OP100673,2025-01-23,W0111,S1,A,19.0,0
OP100674,2025-06-19,W0037,S2,D,30.0,0
OP100676,2025-03-27,W0425,S2,A,27.0,0
OP100677,2025-01-08,W0051,S1,A,22.0,0
OP100679,2025-06-22,W0350,S3,A,29.0,0
OP100680,2025-02-24,W0405,S2,C,19.0,0
OP100681,2025-03-15,W0264,S3,B,7.0,0
OP100682,2025-01-05,W0174,S2,E,24.0,0
OP100684,2025-06-25,W0187,S2,A,30.0,0
OP100685,2025-02-02,W0035,S2,C,18.0,1
OP100686,2025-03-14,W0266,S2,C,9.0,0
OP100687,2025-05-25,W0135,S2,A,11.0,0
OP100688,2025-05-15,W0436,S2,D,16.0,0
OP100690,2025-06-06,W0419,S1,C,9.0,1
OP100692,2025-01-07,W0268,S1,C,6.0,1
OP100696,2025-05-16,W0225,S1,C,37.0,0
OP100698,2025-04-27,W0017,S2,C,35.0,1
OP100699,2025-03-23,W0315,S2,C,48.0,1
OP100701,2025-01-29,W0116,S1,E,42.0,0
OP100702,2025-01-11,W0469,S1,A,47.0,0
OP100705,2025-01-05,W0066,S1,A,6.0,1
OP100706,2025-06-11,W0069,S1,C,27.0,0
OP100707,2025-05-24,W0421,S2,A,25.0,1
OP100709,2025-03-26,W0226,S2,A,43.0,0
OP100711,2025-03-25,W0450,S2,B,34.0,0
OP100712,2025-04-16,W0216,S2,C,28.0,0
OP100713,2025-03-21,W0144,S1,E,27.0,1
OP100715,2025-06-08,W0023,S2,E,13.0,1
OP100716,2025-03-10,W0496,S2,D,38.0,0
OP100718,2025-05-07,W0496,S1,C,41.0,0
OP100722,2025-01-07,W0304,S2,D,32.0,0
OP100723,2025-01-26,W0422,S2,E,10.0,1
OP100724,2025-02-11,W0171,S3,C,36.0,0
OP100727,2025-01-06,W0097,S2,C,35.0,1
OP100729,2025-04-15,W0331,S2,C,46.0,0
OP100730,2025-02-22,W0027,S1,C,14.0,1
OP100735,2025-01-07,W0384,S2,A,49.0,0
OP100736,2025-03-06,W0480,S2,D,36.0,0
OP100737,2025-03-16,W0092,S2,B,34.0,0
OP100738,2025-01-31,W0463,S1,D,13.0,0
OP100740,2025-02-13,W0068,S1,D,28.0,0
OP100742,2025-01-20,W0123,S2,A,15.0,0
OP100751,2025-05-01,W0172,S2,B,36.0,0
OP100753,2025-02-25,W0095,S1,E,42.0,0
OP100757,2025-04-15,W0118,S2,B,19.0,1
OP100761,2025-06-03,W0238,S2,C,9.0,0
OP100762,2025-02-02,W0203,S2,C,30.0,0
OP100763,2025-06-23,W0307,S1,A,22.0,1
OP100764,2025-06-26,W0487,S1,B,16.0,0
OP100768,2025-03-14,W0119,S3,C,47.0,0
OP100772,2025-02-24,W0200,S2,E,45.0,0
OP100773,2025-02-10,W0135,S3,C,25.0,0
OP100774,2025-03-09,W0199,S1,E,39.0,1
OP100775,2025-02-07,W0488,S3,E,4.0,0
OP100776,2025-04-24,W0141,S1,B,38.0,0
OP100780,2025-01-27,W0138,S1,D,36.0,0
OP100783,2025-06-20,W0032,S1,B,37.0,1
OP100786,2025-06-06,W0020,S3,C,6.0,0
OP100791,2025-05-16,W0037,S2,C,39.0,0
OP100796,2025-01-04,W0025,S2,E,20.0,1
OP100797,2025-01-12,W0237,S3,A,19.0,0
OP100799,2025-02-15,W0034,S1,A,19.0,0
OP100800,2025-05-17,W0140,S2,C,43.0,0
OP100801,2025-02-13,W0371,S2,A,48.0,1
OP100802,2025-01-23,W0329,S2,C,1.0,1
OP100810,2025-06-26,W0107,S1,A,48.0,0
OP100811,2025-03-10,W0364,S2,D,39.0,0
OP100812,2025-01-30,W0379,S2,D,25.0,1
OP100814,2025-01-27,W0479,S1,C,43.0,0
OP100817,2025-02-22,W0042,S2,B,41.0,1
OP100824,2025-04-30,W0027,S3,C,9.0,0
OP100832,2025-05-30,W0324,S2,B,29.0,1
OP100834,2025-03-02,W0286,S1,B,26.0,0
OP100835,2025-01-12,W0131,S2,E,41.0,0
OP100839,2025-01-07,W0130,S1,C,8.0,0
OP100841,2025-03-27,W0267,S2,B,36.0,1
OP100847,2025-04-14,W0446,S2,A,14.0,1
OP100849,2025-01-08,W0288,S1,D,38.0,1
OP100851,2025-05-21,W0272,S3,E,36.0,0
OP100854,2025-03-30,W0366,S2,D,38.0,0
OP100855,2025-05-11,W0395,S2,C,6.0,1
OP100856,2025-05-25,W0040,S1,D,4.0,0
OP100857,2025-01-07,W0208,S3,D,29.0,1
OP100860,2025-02-25,W0243,S2,B,4.0,0
OP100865,2025-01-30,W0272,S3,B,18.0,0
OP100868,2025-04-20,W0341,S1,E,44.0,0
OP100873,2025-03-05,W0455,S2,A,43.0,0
OP100879,2025-05-14,W0335,S1,E,11.0,0
OP100880,2025-03-05,W0310,S2,E,7.0,0
OP100881,2025-04-09,W0476,S1,C,6.0,1
OP100882,2025-02-21,W0477,S3,E,35.0,0
OP100883,2025-04-20,W0120,S1,A,23.0,0
OP100886,2025-06-22,W0445,S3,A,39.0,0
OP100888,2025-04-10,W0221,S1,D,21.0,0
OP100892,2025-04-26,W0425,S1,B,42.0,0
OP100896,2025-01-03,W0168,S1,E,39.0,0
OP100900,2025-01-09,W0109,S2,A,30.0,0
OP100904,2025-01-14,W0331,S2,D,48.0,0
OP100906,2025-03-01,W0383,S2,D,38.0,1
OP100910,2025-04-03,W0394,S3,C,15.0,0
OP100913,2025-04-15,W0377,S2,C,39.0,0
OP100914,2025-03-08,W0048,S2,E,34.0,0
OP100922,2025-05-23,W0221,S1,A,21.0,1
OP100924,2025-02-21,W0194,S2,D,48.0,0
OP100926,2025-03-29,W0132,S1,E,7.0,0
OP100927,2025-04-25,W0428,S2,C,5.0,1
OP100930,2025-01-15,W0152,S1,D,25.0,0
OP100936,2025-02-07,W0118,S1,A,48.0,1
OP100938,2025-02-08,W0327,S3,A,12.0,0
OP100940,2025-05-29,W0420,S2,C,4.0,0
OP100941,2025-04-10,W0422,S1,D,17.0,0
OP100952,2025-03-31,W0222,S2,E,34.0,0
OP100957,2025-03-16,W0094,S2,A,46.0,0
OP100959,2025-03-18,W0020,S2,B,35.0,0
OP100960,2025-05-18,W0006,S2,D,6.0,0
OP100961,2025-06-18,W0245,S2,B,28.0,1
OP100965,2025-02-22,W0086,S2,A,46.0,0
OP100966,2025-02-08,W0250,S2,C,25.0,0
OP100968,2025-01-14,W0018,S1,A,32.0,0
OP100970,2025-04-04,W0056,S1,E,15.0,0
OP100972,2025-05-17,W0331,S2,C,42.0,0
OP100973,2025-05-04,W0263,S2,B,49.0,0
OP100975,2025-03-09,W0397,S1,D,15.0,0
OP100981,2025-04-17,W0214,S1,E,46.0,0
OP100986,2025-05-11,W0247,S2,C,42.0,1
OP100987,2025-03-14,W0103,S3,C,19.0,0
OP100997,2025-01-13,W0025,S3,E,26.0,0
OP100999,2025-02-02,W0194,S3,B,11.0,1
OP101003,2025-02-24,W0214,S1,B,45.0,1
OP101005,2025-05-22,W0284,S2,B,29.0,1
OP101007,2025-03-10,W0379,S1,B,32.0,0
OP101009,2025-01-29,W0465,S1,C,25.0,0
OP101014,2025-04-04,W0297,S3,A,22.0,0
OP101015,2025-01-26,W0497,S3,E,13.0,0
OP101017,2025-06-27,W0084,S2,E,32.0,1
OP101019,2025-06-21,W0224,S2,C,17.0,0
OP101021,2025-06-11,W0176,S2,E,22.0,0
OP101024,2025-05-18,W0320,S2,D,40.0,0
OP101027,2025-06-03,W0150,S2,E,1.0,0
OP101029,2025-03-18,W0170,S2,C,19.0,1
OP101031,2025-03-10,W0079,S2,A,18.0,0
OP101033,2025-05-17,W0318,S2,C,32.0,0
OP101034,2025-01-03,W0435,S2,E,40.0,0
OP101040,2025-01-30,W0032,S2,A,4.0,0
OP101041,2025-06-02,W0442,S3,B,45.0,0
OP101043,2025-02-11,W0039,S1,B,21.0,0
OP101044,2025-05-23,W0469,S2,A,40.0,0
OP101047,2025-01-23,W0171,S3,A,39.0,0
OP101053,2025-04-29,W0012,S1,E,39.0,1
OP101056,2025-01-03,W0042,S3,A,49.0,0
OP101057,2025-05-31,W0138,S1,D,20.0,0
OP101059,2025-06-10,W0329,S2,A,12.0,0
OP101060,2025-03-19,W0446,S2,B,43.0,0
OP101062,2025-02-17,W0248,S2,E,18.0,1
OP101065,2025-04-22,W0232,S2,C,36.0,0
OP101067,2025-03-01,W0129,S3,D,22.0,0
OP101068,2025-05-23,W0377,S2,E,3.0,0
OP101071,2025-02-17,W0157,S1,E,20.0,0
OP101072,2025-05-16,W0315,S2,B,24.0,1
OP101073,2025-01-21,W0429,S2,E,33.0,0
OP101075,2025-04-28,W0296,S3,E,26.0,1
OP101077,2025-03-08,W0096,S2,A,47.0,0
OP101078,2025-05-16,W0267,S2,C,18.0,0
OP101080,2025-03-22,W0365,S2,E,25.0,0
OP101082,2025-02-13,W0220,S2,A,14.0,0
OP101084,2025-04-06,W0217,S1,A,43.0,0
OP101086,2025-03-31,W0162,S3,C,5.0,1
OP101087,2025-01-02,W0489,S2,A,18.0,0
OP101091,2025-01-18,W0425,S1,A,4.0,0
OP101093,2025-06-21,W0203,S2,C,19.0,1
OP101094,2025-03-02,W0240,S3,A,24.0,1
OP101095,2025-04-30,W0406,S3,A,43.0,0
OP101096,2025-05-22,W0110,S3,B,27.0,0
OP101097,2025-03-30,W0348,S1,C,2.0,0
OP101098,2025-02-18,W0330,S2,B,8.0,0
OP101103,2025-05-14,W0047,S3,B,40.0,0
OP101104,2025-04-19,W0157,S3,D,22.0,0
OP101107,2025-05-17,W0348,S2,B,16.0,0
OP101108,2025-06-22,W0115,S1,E,36.0,0
OP101109,2025-01-03,W0272,S3,A,27.0,1
OP101111,2025-04-30,W0447,S1,A,22.0,0
OP101114,2025-06-04,W0003,S1,E,33.0,0
OP101115,2025-05-10,W0326,S1,C,22.0,1
OP101116,2025-03-15,W0465,S3,B,26.0,1
OP101117,2025-01-12,W0295,S2,E,2.0,1
OP101118,2025-02-01,W0457,S2,D,26.0,0
OP101119,2025-06-03,W0457,S1,A,5.0,0
OP101120,2025-06-22,W0173,S2,D,6.0,0
OP101121,2025-02-22,W0056,S2,C,8.0,0
OP101123,2025-03-21,W0352,S2,C,39.0,0
OP101124,2025-04-29,W0399,S3,A,6.0,1
OP101125,2025-04-04,W0011,S2,D,14.0,0
OP101128,2025-02-08,W0013,S2,D,29.0,0
OP101130,2025-02-12,W0173,S1,C,27.0,0
OP101133,2025-03-07,W0157,S2,D,5.0,0
OP101134,2025-01-31,W0287,S2,B,8.0,1
OP101136,2025-06-12,W0322,S2,D,16.0,0
OP101144,2025-01-07,W0500,S2,A,45.0,0
OP101146,2025-06-28,W0495,S1,A,49.0,0
OP101147,2025-04-16,W0050,S3,C,12.0,0
OP101149,2025-05-07,W0053,S2,C,27.0,0
OP101152,2025-06-27,W0319,S2,A,21.0,0
OP101153,2025-01-27,W0283,S3,C,20.0,0
OP101155,2025-02-23,W0396,S1,B,10.0,0
OP101158,2025-02-21,W0066,S2,C,30.0,0
OP101161,2025-03-19,W0268,S3,E,11.0,0
OP101165,2025-05-16,W0138,S1,A,1.0,0
OP101167,2025-04-07,W0381,S1,A,37.0,0
OP101169,2025-01-18,W0405,S1,B,21.0,0
OP101170,2025-06-19,W0477,S1,C,18.0,1
OP101172,2025-01-11,W0138,S3,C,12.0,1
OP101173,2025-06-21,W0159,S2,A,19.0,1
OP101174,2025-06-14,W0415,S1,E,6.0,0
OP101175,2025-02-09,W0179,S3,C,49.0,0
OP101184,2025-05-02,W0049,S3,E,46.0,0
OP101185,2025-02-11,W0310,S2,E,46.0,1
OP101186,2025-06-22,W0090,S2,C,36.0,0
OP101187,2025-02-13,W0147,S2,C,10.0,0
OP101192,2025-05-11,W0096,S2,A,4.0,1
OP101196,2025-06-19,W0050,S1,D,13.0,0
OP101202,2025-03-11,W0135,S2,A,29.0,0
OP101206,2025-05-07,W0428,S3,E,18.0,0
OP101207,2025-06-02,W0495,S1,D,11.0,0
OP101210,2025-02-25,W0286,S2,D,4.0,0
OP101211,2025-05-02,W0376,S1,C,36.0,0
OP101212,2025-05-06,W0237,S1,E,8.0,0
OP101213,2025-02-10,W0277,S1,E,29.0,1
OP101214,2025-01-19,W0263,S2,E,22.0,0
OP101215,2025-02-18,W0273,S1,C,24.0,0
OP101217,2025-02-28,W0171,S2,B,1.0,1
OP101218,2025-01-26,W0211,S2,E,35.0,1
OP101222,2025-05-14,W0303,S1,E,44.0,0
OP101227,2025-06-25,W0202,S2,A,48.0,0
OP101228,2025-01-25,W0208,S3,C,37.0,1
OP101229,2025-03-25,W0306,S1,D,5.0,0
OP101233,2025-05-21,W0272,S2,D,34.0,0
OP101241,2025-02-09,W0449,S2,B,23.0,0
OP101242,2025-06-19,W0225,S2,E,12.0,0
OP101245,2025-04-30,W0305,S2,C,43.0,1
OP101246,2025-05-07,W0283,S1,B,34.0,1
OP101250,2025-05-06,W0407,S3,C,30.0,0
OP101251,2025-06-24,W0217,S2,C,22.0,0
OP101254,2025-06-29,W0052,S2,B,13.0,0
OP101255,2025-05-02,W0296,S2,D,1.0,0
OP101261,2025-02-02,W0181,S2,C,10.0,0
OP101263,2025-03-25,W0185,S2,E,32.0,1
OP101265,2025-03-21,W0046,S3,A,29.0,0
OP101268,2025-06-27,W0112,S1,C,1.0,1
OP101269,2025-05-23,W0216,S2,A,49.0,0
OP101276,2025-01-16,W0341,S3,D,49.0,0
OP101279,2025-01-13,W0352,S2,C,20.0,0
OP101280,2025-04-20,W0253,S3,D,21.0,0
OP101283,2025-04-28,W0090,S1,A,7.0,1
OP101284,2025-01-04,W0385,S1,D,5.0,0
OP101285,2025-01-02,W0423,S2,C,18.0,0
OP101287,2025-05-22,W0243,S2,E,41.0,0
OP101288,2025-02-02,W0405,S1,A,8.0,0
OP101290,2025-06-06,W0300,S1,C,33.0,0
OP101292,2025-06-20,W0216,S2,C,30.0,0
OP101293,2025-01-27,W0012,S3,E,14.0,0
OP101294,2025-04-28,W0465,S2,A,2.0,0
OP101295,2025-04-08,W0197,S3,C,7.0,1
OP101298,2025-06-05,W0449,S2,A,14.0,0
OP101299,2025-04-04,W0166,S2,E,26.0,0
OP101303,2025-05-03,W0171,S3,A,32.0,0
OP101306,2025-01-05,W0035,S1,B,15.0,0
OP101307,2025-02-15,W0061,S2,E,19.0,0
OP101309,2025-05-13,W0235,S3,C,9.0,0
OP101312,2025-04-10,W0490,S2,D,42.0,1
OP101316,2025-04-15,W0286,S2,A,26.0,0
OP101317,2025-06-02,W0079,S3,B,25.0,0
OP101319,2025-02-22,W0455,S3,B,16.0,1
OP101321,2025-03-06,W0243,S3,C,19.0,1
OP101323,2025-03-05,W0421,S1,A,10.0,0
OP101324,2025-05-10,W0249,S1,D,37.0,0
OP101325,2025-06-14,W0318,S3,C,23.0,0
OP101328,2025-01-31,W0086,S3,D,12.0,1
OP101329,2025-06-15,W0008,S1,C,46.0,1
OP101333,2025-03-09,W0409,S3,C,1.0,0
OP101334,2025-04-20,W0198,S2,D,29.0,1
OP101335,2025-04-05,W0246,S2,C,7.0,0
OP101337,2025-02-04,W0495,S2,D,37.0,0
OP101342,2025-03-27,W0193,S1,E,2.0,0
OP101343,2025-01-12,W0256,S1,A,33.0,1
OP101347,2025-03-29,W0245,S2,A,3.0,0
OP101348,2025-02-20,W0133,S2,D,11.0,1
OP101349,2025-01-25,W0315,S1,D,11.0,1
OP101350,2025-02-27,W0301,S3,A,5.0,0
OP101351,2025-03-06,W0013,S1,A,30.0,0
OP101353,2025-05-24,W0107,S2,C,42.0,0
OP101354,2025-06-17,W0320,S1,C,49.0,0
OP101356,2025-06-21,W0410,S1,D,39.0,0
OP101361,2025-04-26,W0244,S3,C,39.0,1
OP101364,2025-03-17,W0105,S1,C,37.0,1
OP101366,2025-01-10,W0211,S2,D,46.0,1
OP101367,2025-06-12,W0055,S1,E,14.0,1
OP101370,2025-05-12,W0262,S2,E,4.0,0
OP101371,2025-04-09,W0362,S1,B,29.0,0
OP101372,2025-03-11,W0107,S2,B,1.0,1
OP101373,2025-06-23,W0225,S3,E,22.0,1
OP101374,2025-02-04,W0248,S1,D,23.0,1
OP101376,2025-06-16,W0324,S3,C,29.0,0
OP101378,2025-04-14,W0108,S2,D,9.0,0
OP101380,2025-03-29,W0386,S2,E,4.0,0
OP101381,2025-02-22,W0098,S3,B,37.0,0
OP101382,2025-03-26,W0067,S2,D,34.0,0
OP101383,2025-05-22,W0472,S2,E,6.0,0
OP101384,2025-05-26,W0329,S2,D,8.0,0
OP101387,2025-02-03,W0009,S3,B,1.0,1
OP101388,2025-03-03,W0452,S3,A,33.0,1
OP101396,2025-01-12,W0433,S2,C,29.0,0
OP101397,2025-02-14,W0104,S1,D,24.0,0
OP101399,2025-01-25,W0041,S1,E,35.0,0
OP101401,2025-05-14,W0138,S2,D,32.0,0
OP101402,2025-05-12,W0223,S3,A,33.0,1
OP101403,2025-05-20,W0473,S2,E,42.0,0
OP101404,2025-01-30,W0091,S2,C,27.0,1
OP101405,2025-01-27,W0304,S3,B,15.0,1
OP101407,2025-02-14,W0393,S2,B,36.0,1
OP101410,2025-01-29,W0421,S3,A,21.0,0
OP101415,2025-06-03,W0053,S1,D,48.0,0
OP101416,2025-03-18,W0112,S3,C,16.0,0
OP101417,2025-04-29,W0058,S2,D,2.0,0
OP101420,2025-05-12,W0279,S2,B,15.0,1
OP101426,2025-05-31,W0066,S2,A,11.0,0
OP101427,2025-06-05,W0125,S2,C,15.0,1
OP101432,2025-05-24,W0032,S1,D,9.0,1
OP101435,2025-02-23,W0498,S3,D,1.0,0
OP101439,2025-06-07,W0352,S2,B,5.0,0
OP101440,2025-01-17,W0470,S1,D,4.0,1
OP101444,2025-03-22,W0324,S2,C,47.0,0
OP101447,2025-04-13,W0128,S2,A,24.0,0
OP101448,2025-06-22,W0368,S2,B,37.0,0
OP101449,2025-04-18,W0075,S1,B,14.0,0
OP101451,2025-03-06,W0027,S2,C,49.0,0
OP101452,2025-06-24,W0318,S1,E,33.0,0
OP101453,2025-01-04,W0139,S2,B,48.0,0
OP101455,2025-04-15,W0323,S1,D,8.0,1
OP101459,2025-06-06,W0451,S1,D,32.0,0
OP101460,2025-03-20,W0336,S1,B,24.0,0
OP101462,2025-01-23,W0107,S1,B,24.0,0
OP101463,2025-05-14,W0311,S2,D,2.0,0
OP101466,2025-02-03,W0300,S2,C,25.0,1
OP101470,2025-06-02,W0204,S1,A,31.0,0
OP101472,2025-04-08,W0194,S2,C,14.0,1
OP101473,2025-01-06,W0467,S2,E,9.0,0
OP101475,2025-05-01,W0243,S3,C,47.0,1
OP101477,2025-05-07,W0144,S2,C,9.0,0
OP101479,2025-03-27,W0107,S1,E,37.0,0
OP101481,2025-03-29,W0057,S2,A,21.0,0
OP101483,2025-04-23,W0429,S2,C,41.0,0
OP101484,2025-02-10,W0216,S3,B,19.0,1
OP101488,2025-05-16,W0346,S2,A,38.0,0
OP101489,2025-02-21,W0002,S2,E,32.0,0
OP101490,2025-01-25,W0165,S2,B,48.0,0
OP101494,2025-06-05,W0424,S2,D,10.0,1
OP101497,2025-03-30,W0100,S2,D,4.0,1
OP101498,2025-05-26,W0142,S2,E,48.0,0
OP101499,2025-06-24,W0121,S3,E,29.0,0
OP101502,2025-05-19,W0264,S2,C,34.0,0
OP101503,2025-04-05,W0128,S1,D,11.0,0
OP101504,2025-04-28,W0430,S3,E,38.0,0
OP101506,2025-03-08,W0026,S2,A,31.0,0
OP101507,2025-01-03,W0320,S2,A,10.0,1
OP101513,2025-04-04,W0115,S3,A,45.0,1
OP101516,2025-05-18,W0471,S2,E,35.0,1
OP101517,2025-06-03,W0328,S1,E,4.0,0
OP101521,2025-06-13,W0161,S2,C,45.0,0
OP101523,2025-03-03,W0209,S3,B,11.0,0
OP101527,2025-05-04,W0465,S1,B,15.0,0
OP101528,2025-03-24,W0166,S2,A,43.0,1
OP101529,2025-04-21,W0025,S1,A,37.0,1
OP101531,2025-02-21,W0290,S2,E,21.0,1
OP101534,2025-06-11,W0294,S3,E,17.0,0
OP101535,2025-05-16,W0137,S2,E,20.0,0
OP101536,2025-02-15,W0414,S1,B,25.0,0
OP101537,2025-04-26,W0021,S2,A,44.0,0
OP101538,2025-05-28,W0303,S2,A,36.0,0
OP101542,2025-04-16,W0097,S2,A,40.0,0
OP101543,2025-04-29,W0259,S3,D,24.0,0
OP101544,2025-03-20,W0494,S2,B,18.0,0
OP101545,2025-05-12,W0450,S2,C,47.0,0
OP101547,2025-03-03,W0356,S2,D,17.0,1
OP101548,2025-01-23,W0005,S3,C,38.0,1
OP101549,2025-03-12,W0155,S3,B,49.0,1
OP101550,2025-04-29,W0337,S2,B,36.0,0
OP101554,2025-04-14,W0312,S3,E,36.0,1
OP101555,2025-01-07,W0119,S2,B,26.0,0
OP101559,2025-02-19,W0078,S2,D,5.0,0
OP101560,2025-02-02,W0314,S2,C,49.0,0
OP101564,2025-05-04,W0205,S1,A,37.0,1
OP101566,2025-03-29,W0247,S1,D,21.0,0
OP101567,2025-06-13,W0314,S2,C,3.0,1
OP101569,2025-04-22,W0304,S3,B,5.0,0
OP101570,2025-06-11,W0449,S3,C,26.0,0
OP101571,2025-03-10,W0403,S2,E,36.0,0
OP101576,2025-02-05,W0205,S3,D,28.0,0
OP101579,2025-01-13,W0215,S1,B,6.0,0
OP101580,2025-04-19,W0383,S1,D,18.0,0
OP101584,2025-01-22,W0139,S2,D,7.0,1
OP101585,2025-01-23,W0098,S3,B,44.0,0
OP101587,2025-05-05,W0007,S2,A,40.0,1
OP101590,2025-05-11,W0317,S3,D,39.0,0
OP101592,2025-02-13,W0171,S2,C,26.0,0
OP101594,2025-06-23,W0196,S1,D,25.0,0
OP101599,2025-03-10,W0162,S2,D,27.0,0
OP101601,2025-02-20,W0044,S3,E,22.0,0
OP101602,2025-06-07,W0163,S1,C,5.0,0
OP101607,2025-05-03,W0471,S2,E,13.0,0
OP101608,2025-01-04,W0099,S2,B,18.0,0
OP101609,2025-02-26,W0380,S3,C,4.0,1
OP101612,2025-02-24,W0487,S3,C,36.0,0
OP101613,2025-06-01,W0335,S2,D,40.0,0
OP101618,2025-01-22,W0123,S2,D,47.0,0
OP101620,2025-06-05,W0142,S2,C,28.0,1
OP101621,2025-04-26,W0006,S2,B,21.0,1
OP101625,2025-02-12,W0160,S2,D,47.0,0
OP101629,2025-03-01,W0259,S2,A,34.0,0
OP101630,2025-02-01,W0199,S3,D,5.0,0
OP101635,2025-04-24,W0074,S2,A,1.0,0
OP101636,2025-04-19,W0490,S2,B,30.0,1
OP101638,2025-06-22,W0397,S2,D,40.0,0
OP101640,2025-02-04,W0343,S3,B,48.0,0
OP101642,2025-05-07,W0257,S3,A,41.0,0
OP101644,2025-05-17,W0267,S1,E,45.0,0
OP101652,2025-02-07,W0125,S3,D,9.0,0
OP101656,2025-02-13,W0187,S3,B,20.0,1
OP101657,2025-06-20,W0193,S1,A,7.0,0
OP101660,2025-06-12,W0459,S3,B,34.0,0
OP101662,2025-06-09,W0206,S2,E,14.0,0
OP101663,2025-01-04,W0361,S2,A,8.0,0
OP101664,2025-01-25,W0057,S2,B,34.0,0
OP101665,2025-06-26,W0283,S2,E,26.0,0
OP101666,2025-04-25,W0174,S3,A,26.0,0
OP101667,2025-05-07,W0448,S2,C,4.0,1
OP101668,2025-06-29,W0497,S1,C,27.0,0
OP101669,2025-06-16,W0162,S3,D,37.0,0
OP101670,2025-04-26,W0209,S1,C,18.0,0
OP101672,2025-03-27,W0394,S1,D,36.0,1
OP101673,2025-04-21,W0115,S2,E,48.0,0
OP101675,2025-05-29,W0455,S2,A,29.0,0
OP101677,2025-03-29,W0262,S2,B,42.0,0
OP101678,2025-03-08,W0138,S1,A,46.0,0
OP101679,2025-05-05,W0128,S2,A,44.0,0
OP101683,2025-03-21,W0015,S2,A,18.0,1
OP101687,2025-06-05,W0037,S1,A,1.0,1
OP101694,2025-02-15,W0231,S1,A,12.0,0
OP101698,2025-05-25,W0414,S1,B,40.0,1
OP101703,2025-01-30,W0326,S1,C,9.0,1
OP101705,2025-02-10,W0488,S2,E,46.0,0
OP101706,2025-05-11,W0213,S1,A,11.0,0
OP101707,2025-02-22,W0385,S1,C,43.0,0
OP101709,2025-01-25,W0234,S2,E,5.0,0
OP101710,2025-06-25,W0360,S2,A,16.0,0
OP101714,2025-04-23,W0343,S2,C,10.0,1
OP101717,2025-01-18,W0138,S1,C,10.0,1
OP101718,2025-03-21,W0025,S3,A,13.0,0
OP101720,2025-06-07,W0220,S2,C,38.0,0
OP101723,2025-05-17,W0223,S2,E,38.0,0
OP101725,2025-06-02,W0371,S2,B,35.0,1
OP101726,2025-06-02,W0315,S2,D,10.0,0
OP101727,2025-04-20,W0431,S2,D,33.0,0
OP101733,2025-06-18,W0109,S2,E,45.0,1
OP101734,2025-06-20,W0221,S2,D,47.0,1
OP101735,2025-05-04,W0023,S2,A,37.0,1
OP101736,2025-04-12,W0091,S3,E,39.0,0
OP101737,2025-06-29,W0400,S1,B,7.0,0
OP101738,2025-02-03,W0112,S2,B,48.0,0
OP101742,2025-01-10,W0343,S2,B,24.0,0
OP101746,2025-01-08,W0400,S1,D,22.0,0
OP101749,2025-05-04,W0326,S2,C,36.0,0
OP101751,2025-01-12,W0124,S3,A,10.0,0
OP101753,2025-03-11,W0118,S2,D,16.0,1
OP101755,2025-02-13,W0297,S2,D,32.0,0
OP101756,2025-04-22,W0012,S2,D,21.0,1
OP101757,2025-01-01,W0113,S2,A,32.0,0
OP101760,2025-01-22,W0449,S1,A,26.0,0
OP101761,2025-03-25,W0355,S3,C,6.0,1
OP101764,2025-05-08,W0083,S1,B,29.0,0
OP101768,2025-03-31,W0220,S2,A,45.0,0
OP101769,2025-01-07,W0049,S2,B,19.0,0
OP101774,2025-01-04,W0204,S2,A,38.0,0
OP101776,2025-03-25,W0319,S2,D,47.0,0
OP101778,2025-06-11,W0392,S2,E,45.0,0
OP101780,2025-04-30,W0125,S2,A,1.0,0
OP101781,2025-05-08,W0060,S2,E,2.0,0
OP101783,2025-06-18,W0117,S2,A,31.0,0
OP101785,2025-04-05,W0204,S1,E,41.0,1
OP101787,2025-03-29,W0199,S3,B,37.0,0
OP101788,2025-02-16,W0385,S2,D,43.0,0
OP101791,2025-02-04,W0290,S1,C,8.0,0
OP101793,2025-06-08,W0253,S2,D,28.0,1
OP101795,2025-01-27,W0250,S2,A,37.0,1
OP101796,2025-06-14,W0226,S2,B,14.0,0
OP101798,2025-05-30,W0354,S3,E,27.0,0
OP101799,2025-01-18,W0173,S1,A,22.0,0
OP101801,2025-03-12,W0467,S3,B,34.0,0
OP101802,2025-04-20,W0020,S2,D,27.0,0
OP101803,2025-03-10,W0015,S2,A,9.0,0
OP101804,2025-05-05,W0479,S2,D,14.0,0
OP101806,2025-06-13,W0044,S2,A,17.0,0
OP101809,2025-06-15,W0258,S1,A,36.0,1
OP101810,2025-02-11,W0149,S2,E,8.0,0
OP101812,2025-05-31,W0433,S2,C,13.0,1
OP101814,2025-06-26,W0110,S1,A,4.0,0
OP101817,2025-06-12,W0075,S3,D,8.0,0
OP101820,2025-06-21,W0244,S2,A,46.0,0
OP101821,2025-04-26,W0222,S2,E,40.0,0
OP101825,2025-01-29,W0257,S2,A,1.0,1
OP101826,2025-05-24,W0218,S1,C,42.0,0
OP101828,2025-06-08,W0032,S1,D,23.0,0
OP101830,2025-05-05,W0444,S3,C,38.0,0
OP101831,2025-05-07,W0324,S2,E,11.0,0
OP101832,2025-01-14,W0482,S2,A,33.0,0
OP101839,2025-03-30,W0433,S3,E,33.0,0
OP101842,2025-02-14,W0373,S3,D,14.0,0
OP101843,2025-05-18,W0142,S3,B,47.0,0
OP101845,2025-04-27,W0327,S2,E,25.0,0
OP101848,2025-05-21,W0387,S3,A,12.0,0
OP101849,2025-03-11,W0371,S2,C,13.0,0
OP101850,2025-01-18,W0393,S2,A,24.0,1
OP101855,2025-03-27,W0481,S3,D,10.0,0
OP101857,2025-03-27,W0232,S3,E,23.0,1
OP101858,2025-02-06,W0384,S2,C,32.0,0
OP101861,2025-04-02,W0246,S2,A,47.0,0
OP101862,2025-02-28,W0341,S1,A,9.0,1
OP101866,2025-05-02,W0238,S3,D,37.0,0
OP101867,2025-02-18,W0176,S3,D,42.0,0
OP101869,2025-04-23,W0460,S2,D,12.0,0
OP101870,2025-06-05,W0397,S3,E,24.0,0
OP101873,2025-01-11,W0287,S2,D,49.0,0
OP101874,2025-05-16,W0230,S3,E,16.0,0
OP101875,2025-03-08,W0307,S3,C,40.0,0
OP101876,2025-06-25,W0359,S1,D,19.0,1
OP101879,2025-05-23,W0005,S2,E,30.0,0
OP101880,2025-04-08,W0446,S3,E,6.0,1
OP101881,2025-05-04,W0423,S2,D,16.0,0
OP101883,2025-03-23,W0035,S1,D,27.0,0
OP101885,2025-06-08,W0439,S1,A,39.0,0
OP101887,2025-03-15,W0468,S3,C,23.0,1
OP101890,2025-03-29,W0337,S2,D,45.0,0
OP101896,2025-04-24,W0297,S1,E,30.0,1
OP101897,2025-04-20,W0403,S1,C,39.0,0
OP101899,2025-05-20,W0479,S1,B,3.0,0
OP101904,2025-04-12,W0161,S1,B,24.0,1
OP101912,2025-02-10,W0262,S2,C,7.0,1
OP101915,2025-06-24,W0113,S1,B,33.0,0
OP101916,2025-06-09,W0348,S3,A,37.0,0
OP101920,2025-03-20,W0235,S3,C,20.0,1
OP101921,2025-03-07,W0387,S2,E,5.0,1
OP101922,2025-06-28,W0407,S3,D,38.0,0
OP101923,2025-06-07,W0257,S2,A,48.0,0
OP101924,2025-06-27,W0185,S2,A,22.0,1
OP101926,2025-02-19,W0195,S2,B,1.0,0
OP101927,2025-03-22,W0312,S2,C,37.0,0
OP101928,2025-04-19,W0429,S2,B,38.0,0
OP101930,2025-06-09,W0499,S2,E,35.0,0
OP101934,2025-05-24,W0341,S3,E,7.0,0
OP101937,2025-04-06,W0451,S2,D,30.0,1
OP101938,2025-03-19,W0234,S1,E,4.0,0
OP101939,2025-01-07,W0379,S3,C,34.0,1
OP101940,2025-05-03,W0018,S2,E,11.0,0
OP101943,2025-05-29,W0341,S3,E,23.0,0
OP101944,2025-04-19,W0130,S2,C,44.0,0
OP101948,2025-03-18,W0149,S1,B,9.0,1
OP101951,2025-01-14,W0446,S2,D,3.0,0
OP101957,2025-03-23,W0370,S1,D,15.0,1
OP101960,2025-02-14,W0447,S3,C,10.0,0
OP101966,2025-06-14,W0028,S3,B,20.0,1
OP101967,2025-05-05,W0416,S2,C,34.0,0
OP101968,2025-06-19,W0370,S3,B,33.0,0
OP101969,2025-06-10,W0454,S2,B,17.0,0
OP101971,2025-02-21,W0445,S2,E,17.0,0
OP101973,2025-04-29,W0137,S2,D,1.0,0
OP101975,2025-01-05,W0092,S2,A,10.0,0
OP101976,2025-01-13,W0123,S1,C,3.0,0
OP101977,2025-03-27,W0247,S2,E,9.0,1
OP101982,2025-01-27,W0050,S3,A,39.0,0
OP101983,2025-02-09,W0280,S3,C,20.0,0
OP101984,2025-02-04,W0120,S2,B,47.0,0
OP101986,2025-01-03,W0016,S3,D,37.0,0
OP101989,2025-05-27,W0211,S1,E,26.0,0
OP101991,2025-06-17,W0302,S2,E,21.0,0
OP101992,2025-03-18,W0495,S2,C,37.0,0
OP101993,2025-03-15,W0303,S3,D,45.0,0
OP101996,2025-02-04,W0048,S2,D,17.0,1
OP102003,2025-06-25,W0400,S2,A,36.0,0
OP102005,2025-04-29,W0185,S1,A,30.0,1
OP102006,2025-03-12,W0142,S1,E,10.0,0
OP102009,2025-05-05,W0289,S3,E,37.0,1
OP102010,2025-01-13,W0328,S3,E,32.0,0
OP102011,2025-02-02,W0418,S2,D,31.0,0
OP102015,2025-06-19,W0196,S2,D,4.0,1
OP102019,2025-04-20,W0206,S1,D,42.0,0
OP102024,2025-04-24,W0419,S2,E,37.0,0
OP102026,2025-01-03,W0494,S2,D,14.0,0
OP102030,2025-01-31,W0253,S1,A,19.0,0
OP102033,2025-02-14,W0372,S3,E,31.0,0
OP102034,2025-04-13,W0019,S1,A,10.0,0
OP102038,2025-04-28,W0485,S1,E,23.0,0
OP102039,2025-06-20,W0084,S2,C,28.0,0
OP102041,2025-02-06,W0080,S2,A,22.0,0
OP102043,2025-01-28,W0360,S2,D,2.0,0
OP102047,2025-06-26,W0118,S2,A,31.0,1
OP102048,2025-03-22,W0118,S2,A,19.0,0
OP102055,2025-06-11,W0444,S1,A,11.0,0
OP102061,2025-03-14,W0357,S1,C,13.0,0
OP102066,2025-01-29,W0494,S2,A,29.0,0
OP102067,2025-05-26,W0096,S2,A,19.0,0
OP102071,2025-03-25,W0241,S2,B,19.0,0
OP102074,2025-06-02,W0087,S2,E,5.0,1
OP102079,2025-06-01,W0032,S2,E,47.0,0
OP102082,2025-01-30,W0151,S2,C,42.0,0
OP102086,2025-01-21,W0226,S2,D,7.0,0
OP102087,2025-06-20,W0221,S3,C,28.0,1
OP102089,2025-02-17,W0033,S2,E,27.0,0
OP102091,2025-06-10,W0310,S2,B,21.0,0
OP102092,2025-05-05,W0042,S2,E,6.0,0
OP102094,2025-05-28,W0304,S3,D,45.0,1
OP102097,2025-03-05,W0296,S2,E,46.0,0
OP102100,2025-01-08,W0128,S2,C,12.0,0
OP102101,2025-04-16,W0489,S3,D,49.0,0
OP102105,2025-02-11,W0350,S1,D,49.0,0
OP102106,2025-02-13,W0122,S1,A,19.0,1
OP102107,2025-04-11,W0375,S2,A,11.0,0
OP102108,2025-03-18,W0230,S2,E,44.0,0
OP102109,2025-06-29,W0149,S2,B,35.0,0
OP102110,2025-05-16,W0493,S1,A,42.0,1
OP102112,2025-02-02,W0480,S2,E,8.0,0
OP102113,2025-01-21,W0209,S3,E,34.0,1
OP102115,2025-05-08,W0086,S3,E,3.0,1
OP102116,2025-06-05,W0385,S2,D,31.0,1
OP102119,2025-03-03,W0296,S1,E,37.0,0
OP102121,2025-06-15,W0278,S1,A,30.0,0
OP102122,2025-02-01,W0276,S3,A,21.0,0
OP102123,2025-02-03,W0424,S3,E,24.0,1
OP102125,2025-06-22,W0341,S1,C,36.0,0
OP102129,2025-03-26,W0258,S1,B,20.0,0
OP102135,2025-03-26,W0434,S2,E,25.0,0
OP102139,2025-06-16,W0191,S3,A,38.0,0
OP102142,2025-03-29,W0217,S3,D,25.0,0
OP102143,2025-05-30,W0435,S3,D,34.0,0
OP102147,2025-05-01,W0121,S3,C,34.0,0
OP102148,2025-05-18,W0297,S1,B,36.0,1
OP102150,2025-05-15,W0404,S2,A,14.0,0
OP102152,2025-02-11,W0316,S2,D,15.0,0
OP102154,2025-05-16,W0126,S2,B,7.0,0
OP102162,2025-04-24,W0293,S2,D,6.0,0
OP102165,2025-02-27,W0495,S1,E,39.0,0
OP102167,2025-02-02,W0097,S2,A,43.0,0
OP102169,2025-03-10,W0414,S3,E,27.0,0
OP102173,2025-02-27,W0045,S3,E,6.0,1
OP102176,2025-03-10,W0137,S2,C,42.0,0
OP102177,2025-05-04,W0339,S3,A,9.0,0
OP102178,2025-03-29,W0128,S1,E,21.0,0
OP102179,2025-03-14,W0426,S2,E,24.0,0
OP102182,2025-05-23,W0316,S3,D,34.0,1
OP102184,2025-06-02,W0001,S1,A,38.0,0
OP102185,2025-01-05,W0200,S3,C,45.0,0
OP102187,2025-03-26,W0014,S2,B,48.0,0
OP102188,2025-01-14,W0132,S2,C,33.0,1
OP102189,2025-05-12,W0258,S2,C,35.0,0
OP102191,2025-06-18,W0218,S2,D,42.0,1
OP102194,2025-01-13,W0109,S2,A,45.0,0
OP102195,2025-06-22,W0109,S2,A,38.0,0
OP102196,2025-05-05,W0283,S2,A,13.0,0
OP102197,2025-05-05,W0105,S3,B,4.0,1
OP102199,2025-04-05,W0261,S3,D,21.0,1
OP102200,2025-04-04,W0153,S1,C,6.0,0
OP102202,2025-05-12,W0423,S1,D,37.0,0
OP102205,2025-06-17,W0346,S2,B,6.0,0
OP102207,2025-04-30,W0117,S2,C,14.0,0
OP102208,2025-04-14,W0036,S3,B,10.0,0
OP102210,2025-06-13,W0261,S3,E,42.0,0
OP102216,2025-03-25,W0323,S1,B,4.0,0
OP102218,2025-05-14,W0312,S2,D,32.0,0
OP102220,2025-02-17,W0232,S2,C,7.0,0
OP102222,2025-02-20,W0347,S3,E,49.0,0
OP102223,2025-05-02,W0234,S2,D,38.0,1
OP102226,2025-06-19,W0476,S2,D,15.0,0
OP102227,2025-05-08,W0497,S3,C,13.0,1
OP102230,2025-05-26,W0391,S3,D,49.0,0
OP102232,2025-04-29,W0041,S2,E,40.0,0
OP102233,2025-02-20,W0331,S2,B,4.0,0
OP102235,2025-06-21,W0065,S1,D,4.0,1
OP102240,2025-03-30,W0319,S2,B,10.0,1
OP102241,2025-03-26,W0402,S2,E,9.0,0
OP102242,2025-02-27,W0248,S2,E,7.0,0
OP102245,2025-02-08,W0497,S2,B,49.0,0
OP102247,2025-03-06,W0361,S2,E,15.0,0
OP102248,2025-03-07,W0334,S1,C,27.0,0
OP102251,2025-06-07,W0398,S2,C,5.0,0
OP102252,2025-01-26,W0493,S3,C,22.0,0
OP102253,2025-01-01,W0174,S3,B,3.0,0
OP102255,2025-05-01,W0375,S1,B,48.0,0
OP102257,2025-02-04,W0122,S2,C,7.0,1
OP102258,2025-02-26,W0211,S2,C,28.0,1
OP102260,2025-06-24,W0421,S2,B,37.0,0
OP102261,2025-04-17,W0216,S1,B,27.0,0
OP102262,2025-05-08,W0400,S1,A,45.0,0
OP102263,2025-02-06,W0311,S3,E,2.0,0
OP102264,2025-04-09,W0249,S2,D,18.0,0
OP102266,2025-06-06,W0421,S1,E,30.0,0
OP102267,2025-06-07,W0427,S3,C,23.0,0
OP102269,2025-03-19,W0368,S1,E,40.0,1
OP102271,2025-03-14,W0215,S2,B,19.0,0
OP102272,2025-05-05,W0427,S3,C,35.0,0
OP102273,2025-02-24,W0380,S1,A,25.0,0
OP102276,2025-02-25,W0306,S3,C,48.0,0
OP102280,2025-04-15,W0098,S3,A,42.0,1
OP102281,2025-04-09,W0144,S2,A,34.0,1
OP102285,2025-06-06,W0361,S3,E,14.0,0
OP102287,2025-03-03,W0295,S1,D,33.0,0
OP102291,2025-01-25,W0299,S2,E,6.0,0
OP102293,2025-01-08,W0164,S2,A,25.0,0
OP102299,2025-05-01,W0132,S1,D,17.0,1
OP102301,2025-01-27,W0099,S2,B,20.0,1
OP102302,2025-01-28,W0008,S1,D,16.0,0
OP102304,2025-05-05,W0053,S1,B,36.0,0
OP102307,2025-01-23,W0394,S1,A,48.0,1
OP102316,2025-03-21,W0271,S3,B,19.0,0
OP102317,2025-05-06,W0383,S2,C,48.0,1
OP102319,2025-02-24,W0452,S2,A,18.0,0
OP102321,2025-01-29,W0076,S2,D,9.0,0
OP102322,2025-05-15,W0356,S2,A,47.0,0
OP102324,2025-02-16,W0017,S1,C,14.0,1
OP102326,2025-04-06,W0031,S2,B,38.0,0
OP102328,2025-02-15,W0253,S2,D,13.0,0
OP102329,2025-03-17,W0290,S1,B,25.0,0
OP102330,2025-03-21,W0430,S2,B,35.0,0
OP102331,2025-06-07,W0290,S2,E,30.0,1
OP102332,2025-04-30,W0102,S2,C,28.0,1
OP102333,2025-03-01,W0240,S3,E,46.0,0
OP102334,2025-05-09,W0294,S3,A,17.0,0
OP102338,2025-04-23,W0457,S3,B,5.0,1
OP102339,2025-02-15,W0121,S3,C,23.0,0
OP102340,2025-03-04,W0287,S1,A,43.0,1
OP102341,2025-05-29,W0124,S3,B,45.0,0
OP102342,2025-06-09,W0381,S2,B,48.0,0
OP102343,2025-03-07,W0389,S2,E,43.0,0
OP102349,2025-02-22,W0123,S1,B,35.0,0
OP102359,2025-04-03,W0269,S1,B,6.0,0
OP102360,2025-04-22,W0102,S3,B,35.0,0
OP102361,2025-02-20,W0305,S2,C,7.0,1
OP102362,2025-03-31,W0495,S2,E,40.0,0
OP102363,2025-02-27,W0246,S1,D,45.0,0
OP102366,2025-03-28,W0359,S2,D,43.0,1
OP102367,2025-06-04,W0119,S2,C,3.0,1
OP102368,2025-05-13,W0138,S3,C,6.0,0
OP102374,2025-04-27,W0144,S1,B,45.0,1
OP102386,2025-04-06,W0124,S2,C,33.0,0
OP102387,2025-04-06,W0071,S2,D,44.0,1
OP102390,2025-02-27,W0456,S1,D,7.0,0
OP102391,2025-02-19,W0156,S3,A,49.0,0
OP102394,2025-01-21,W0231,S1,A,16.0,0
OP102395,2025-06-05,W0464,S3,A,46.0,1
OP102396,2025-04-07,W0041,S2,A,40.0,0
OP102399,2025-03-25,W0359,S3,B,40.0,0
OP102400,2025-01-23,W0137,S2,B,15.0,1
OP102402,2025-03-09,W0499,S3,D,23.0,0
OP102409,2025-02-10,W0437,S3,C,4.0,0
OP102410,2025-04-08,W0093,S1,C,27.0,1
OP102412,2025-06-26,W0255,S1,C,34.0,0
OP102414,2025-04-22,W0129,S3,E,26.0,0
OP102416,2025-03-06,W0252,S2,C,46.0,1
OP102417,2025-02-02,W0411,S2,E,34.0,0
OP102420,2025-04-22,W0140,S2,E,40.0,0
OP102422,2025-06-05,W0328,S1,D,6.0,0
OP102424,2025-04-26,W0295,S2,A,28.0,0
OP102425,2025-06-16,W0139,S2,B,2.0,0
OP102431,2025-04-30,W0269,S3,C,31.0,0
OP102432,2025-04-12,W0270,S3,C,38.0,0
OP102433,2025-06-28,W0235,S2,B,6.0,0
OP102434,2025-01-11,W0262,S3,B,47.0,0
OP102435,2025-01-15,W0472,S2,B,20.0,0
OP102436,2025-05-25,W0092,S2,B,37.0,0
OP102444,2025-04-11,W0085,S3,B,32.0,0
OP102447,2025-03-31,W0263,S1,A,45.0,0
OP102449,2025-01-05,W0231,S3,B,38.0,0
OP102452,2025-02-01,W0352,S2,B,25.0,0
OP102454,2025-01-30,W0178,S2,E,6.0,0
OP102455,2025-01-21,W0172,S1,A,13.0,1
OP102457,2025-03-21,W0140,S1,D,7.0,1
OP102458,2025-03-08,W0418,S1,C,47.0,1
OP102459,2025-05-18,W0325,S3,E,39.0,0
OP102462,2025-02-04,W0466,S3,A,14.0,1
OP102463,2025-04-17,W0135,S2,D,9.0,0
OP102465,2025-02-07,W0469,S2,A,40.0,0
OP102466,2025-06-20,W0025,S2,E,6.0,0
OP102468,2025-06-24,W0311,S2,A,27.0,0
OP102470,2025-03-26,W0177,S2,C,28.0,1
OP102472,2025-05-25,W0234,S2,B,6.0,1
OP102474,2025-05-04,W0130,S2,C,45.0,0
OP102476,2025-02-13,W0270,S2,D,43.0,0
OP102478,2025-03-14,W0422,S2,C,1.0,0
OP102483,2025-04-30,W0291,S2,E,35.0,0
OP102493,2025-04-11,W0478,S3,C,14.0,0
OP102494,2025-04-02,W0283,S2,A,18.0,1
OP102495,2025-04-12,W0165,S1,C,15.0,0
OP102496,2025-01-11,W0135,S1,C,20.0,1
OP102499,2025-04-04,W0455,S1,A,6.0,1
OP102500,2025-05-30,W0371,S3,B,9.0,0
OP102501,2025-05-10,W0048,S1,E,23.0,0
OP102502,2025-04-28,W0027,S2,E,47.0,0
OP102505,2025-04-29,W0083,S2,B,32.0,1
OP102506,2025-04-29,W0265,S1,A,25.0,0
OP102507,2025-03-15,W0128,S1,D,45.0,1
OP102508,2025-04-09,W0231,S3,C,12.0,0
OP102512,2025-01-25,W0030,S2,C,42.0,0
OP102515,2025-05-22,W0129,S1,D,23.0,1
OP102516,2025-01-30,W0381,S2,A,13.0,1
OP102517,2025-04-18,W0364,S2,B,15.0,0
OP102521,2025-06-08,W0086,S3,D,4.0,1
OP102527,2025-06-29,W0204,S2,A,5.0,0
OP102528,2025-04-22,W0381,S2,D,36.0,0
OP102529,2025-05-27,W0323,S3,C,6.0,0
OP102531,2025-02-20,W0015,S2,E,11.0,1
OP102534,2025-03-16,W0368,S1,C,3.0,1
OP102537,2025-02-06,W0481,S2,A,9.0,0
OP102538,2025-02-24,W0043,S1,E,15.0,1
OP102539,2025-01-28,W0476,S1,A,6.0,0
OP102541,2025-05-15,W0232,S2,B,32.0,0
OP102544,2025-05-28,W0130,S1,C,3.0,0
OP102545,2025-06-01,W0365,S2,E,47.0,0
OP102547,2025-02-10,W0323,S3,D,17.0,1
OP102548,2025-04-22,W0178,S2,B,8.0,0
OP102552,2025-06-26,W0146,S3,C,45.0,0
OP102553,2025-04-25,W0253,S2,A,24.0,1
OP102554,2025-04-21,W0470,S2,B,36.0,1
OP102558,2025-01-12,W0351,S2,B,44.0,1
OP102562,2025-03-24,W0103,S2,B,30.0,0
OP102568,2025-05-12,W0257,S3,B,15.0,1
OP102571,2025-05-17,W0128,S2,D,47.0,0
OP102572,2025-02-18,W0208,S2,D,41.0,0
OP102573,2025-02-23,W0444,S2,B,40.0,1
OP102574,2025-05-20,W0138,S2,B,29.0,1
OP102576,2025-06-23,W0282,S2,E,16.0,0
OP102579,2025-03-16,W0490,S2,A,45.0,0
OP102583,2025-03-27,W0482,S2,A,36.0,1
OP102586,2025-06-05,W0051,S1,C,10.0,1
OP102588,2025-05-29,W0129,S2,E,19.0,0
OP102590,2025-04-12,W0052,S2,A,32.0,1
OP102592,2025-03-01,W0229,S3,B,17.0,0
OP102597,2025-03-27,W0314,S1,E,24.0,0
OP102598,2025-05-28,W0171,S3,A,3.0,0
OP102600,2025-02-07,W0379,S2,D,40.0,0
OP102601,2025-04-01,W0258,S2,C,19.0,0
OP102605,2025-03-02,W0317,S1,C,35.0,1
OP102609,2025-06-07,W0270,S3,D,42.0,0
OP102612,2025-01-15,W0189,S2,E,26.0,1
OP102614,2025-05-17,W0357,S2,A,7.0,0
OP102617,2025-03-28,W0411,S2,C,14.0,0
OP102622,2025-03-03,W0065,S3,D,24.0,0
OP102625,2025-05-14,W0344,S2,C,20.0,0
OP102629,2025-06-27,W0457,S2,A,21.0,0
OP102631,2025-06-27,W0075,S1,E,14.0,0
OP102632,2025-03-23,W0443,S2,A,28.0,0
OP102637,2025-02-23,W0424,S2,C,28.0,0
OP102638,2025-04-21,W0089,S1,A,39.0,0
OP102640,2025-03-11,W0289,S2,A,43.0,1
OP102643,2025-06-04,W0407,S1,A,16.0,0
OP102648,2025-04-08,W0312,S3,E,33.0,0
OP102651,2025-04-15,W0313,S2,C,2.0,1
OP102652,2025-01-04,W0375,S2,E,38.0,0
OP102654,2025-02-23,W0024,S1,C,34.0,0
OP102657,2025-01-02,W0086,S2,A,34.0,0
OP102658,2025-05-09,W0144,S1,E,37.0,0
OP102659,2025-04-29,W0295,S1,A,3.0,1
OP102666,2025-05-26,W0264,S2,C,13.0,1
OP102669,2025-02-05,W0249,S3,B,16.0,0
OP102670,2025-03-16,W0464,S2,C,45.0,0
OP102671,2025-06-11,W0094,S3,D,13.0,0
OP102672,2025-01-31,W0054,S2,C,19.0,0
OP102673,2025-04-15,W0429,S2,C,3.0,0
OP102674,2025-02-24,W0006,S1,C,11.0,1
OP102680,2025-05-12,W0158,S2,C,40.0,0
OP102682,2025-03-08,W0097,S2,A,45.0,1
OP102686,2025-04-06,W0251,S3,C,5.0,0
OP102691,2025-03-11,W0190,S3,D,40.0,0
OP102692,2025-04-26,W0235,S3,A,42.0,0
OP102693,2025-06-20,W0497,S2,D,29.0,1
OP102695,2025-01-20,W0150,S3,C,46.0,1
OP102697,2025-05-31,W0283,S1,D,22.0,0
OP102699,2025-06-17,W0426,S1,C,39.0,0
OP102701,2025-05-26,W0184,S2,D,11.0,0
OP102703,2025-02-08,W0475,S2,D,3.0,0
OP102704,2025-02-27,W0473,S2,B,45.0,1
OP102706,2025-02-12,W0451,S3,D,31.0,0
OP102710,2025-02-21,W0183,S2,E,43.0,0
OP102713,2025-01-26,W0201,S1,D,44.0,0
OP102716,2025-03-19,W0067,S2,D,45.0,0
OP102719,2025-06-23,W0488,S3,E,3.0,0
OP102720,2025-01-02,W0133,S3,C,47.0,0
OP102721,2025-05-30,W0393,S3,B,8.0,0
OP102722,2025-05-22,W0166,S2,D,10.0,0
OP102723,2025-05-26,W0178,S2,A,42.0,0
OP102724,2025-03-02,W0426,S3,D,15.0,0
OP102727,2025-06-20,W0358,S3,D,2.0,0
OP102728,2025-05-23,W0144,S2,B,17.0,1
OP102732,2025-06-01,W0363,S1,C,42.0,0
OP102733,2025-01-16,W0074,S3,E,9.0,0
OP102737,2025-01-18,W0264,S2,B,16.0,1
OP102738,2025-06-29,W0046,S2,A,2.0,0
OP102739,2025-03-05,W0035,S3,E,46.0,0
OP102743,2025-04-24,W0146,S3,B,48.0,0
OP102744,2025-03-12,W0182,S2,A,3.0,1
OP102745,2025-02-12,W0082,S2,C,36.0,0
OP102747,2025-04-11,W0232,S3,D,38.0,1
OP102750,2025-06-14,W0185,S2,C,21.0,0
OP102751,2025-03-24,W0220,S2,E,5.0,0
OP102753,2025-02-14,W0210,S3,D,42.0,0
OP102754,2025-05-17,W0393,S2,B,22.0,1
OP102760,2025-02-13,W0470,S2,C,1.0,0
OP102763,2025-05-12,W0452,S1,D,43.0,0
OP102764,2025-06-04,W0466,S1,B,21.0,1
OP102765,2025-01-26,W0094,S1,C,31.0,1
OP102766,2025-06-17,W0012,S1,C,3.0,0
OP102767,2025-04-04,W0278,S1,D,49.0,0
OP102768,2025-02-06,W0248,S1,B,38.0,1
OP102771,2025-06-08,W0249,S3,B,36.0,0
OP102773,2025-05-15,W0162,S3,C,8.0,1
OP102777,2025-03-17,W0049,S2,D,11.0,0
OP102778,2025-03-15,W0199,S3,A,5.0,0
OP102779,2025-03-03,W0199,S2,B,25.0,0
OP102780,2025-01-16,W0338,S1,A,26.0,0
OP102782,2025-06-17,W0284,S1,B,47.0,0
OP102783,2025-04-30,W0219,S2,B,8.0,0
OP102792,2025-01-28,W0448,S2,E,20.0,0
OP102794,2025-06-28,W0053,S1,C,29.0,0
OP102795,2025-04-19,W0163,S3,A,8.0,0
OP102797,2025-05-01,W0136,S2,D,4.0,0
OP102799,2025-02-03,W0141,S2,D,1.0,0
OP102800,2025-03-09,W0431,S2,D,16.0,0
OP102803,2025-01-31,W0423,S2,A,12.0,0
OP102804,2025-04-26,W0371,S2,B,14.0,0
OP102805,2025-03-02,W0225,S2,A,4.0,0
OP102807,2025-04-15,W0018,S1,E,18.0,1
OP102810,2025-06-13,W0070,S2,B,34.0,0
OP102813,2025-05-03,W0311,S2,B,47.0,0
OP102817,2025-02-07,W0284,S1,E,22.0,0
OP102820,2025-03-25,W0103,S1,C,13.0,0
OP102822,2025-05-14,W0484,S2,E,17.0,0
OP102824,2025-03-28,W0377,S2,B,46.0,0
OP102825,2025-03-22,W0379,S3,D,6.0,1
OP102826,2025-02-23,W0154,S2,D,43.0,0
OP102827,2025-03-12,W0315,S2,B,4.0,0
OP102828,2025-05-04,W0213,S2,E,18.0,0
OP102832,2025-05-08,W0486,S1,E,40.0,1
OP102834,2025-05-17,W0180,S1,C,4.0,0
OP102837,2025-02-14,W0481,S3,A,22.0,1
OP102841,2025-03-05,W0109,S2,E,28.0,0
OP102843,2025-02-17,W0198,S3,A,5.0,1
OP102844,2025-03-05,W0216,S2,E,2.0,0
OP102845,2025-03-18,W0191,S2,D,18.0,0
OP102850,2025-02-22,W0171,S1,B,22.0,0
OP102853,2025-04-21,W0396,S1,D,49.0,0
OP102855,2025-03-18,W0016,S3,B,13.0,0
OP102856,2025-01-20,W0370,S3,D,46.0,1
OP102860,2025-05-11,W0041,S3,E,11.0,0
OP102861,2025-06-11,W0108,S1,C,19.0,0
OP102866,2025-06-06,W0087,S2,E,42.0,1
OP102869,2025-05-02,W0341,S3,D,43.0,0
OP102871,2025-03-26,W0130,S2,E,3.0,1
OP102873,2025-01-31,W0064,S2,C,12.0,0
OP102881,2025-06-23,W0490,S3,B,10.0,1
OP102882,2025-02-22,W0243,S1,A,42.0,0
OP102884,2025-04-11,W0033,S3,C,10.0,0
OP102885,2025-01-24,W0283,S3,C,6.0,0
OP102887,2025-04-22,W0004,S2,E,29.0,1
OP102889,2025-03-30,W0278,S3,A,8.0,0
OP102890,2025-06-21,W0415,S1,A,13.0,0
OP102892,2025-03-14,W0181,S2,A,43.0,0
OP102898,2025-01-17,W0365,S3,D,5.0,0
OP102899,2025-04-08,W0468,S3,A,21.0,1
OP102903,2025-01-21,W0398,S2,D,19.0,1
OP102904,2025-05-10,W0078,S1,C,24.0,0
OP102905,2025-02-04,W0101,S2,A,2.0,1
OP102907,2025-04-10,W0246,S2,B,1.0,1
OP102913,2025-02-10,W0437,S1,B,4.0,0
OP102915,2025-04-14,W0470,S2,C,23.0,0
OP102917,2025-06-19,W0385,S2,A,13.0,0
OP102925,2025-04-23,W0003,S3,C,16.0,0
OP102927,2025-01-28,W0071,S3,C,42.0,1
OP102928,2025-06-02,W0378,S2,D,27.0,1
OP102933,2025-01-13,W0094,S2,D,26.0,0
OP102934,2025-05-04,W0324,S1,C,40.0,1
OP102935,2025-01-17,W0231,S1,E,37.0,1
OP102936,2025-03-13,W0050,S1,A,24.0,0
OP102937,2025-06-11,W0167,S2,D,36.0,1
OP102941,2025-01-08,W0193,S2,C,11.0,0
OP102946,2025-02-14,W0042,S1,C,16.0,1
OP102947,2025-02-23,W0420,S2,D,38.0,0
OP102949,2025-02-13,W0225,S2,A,28.0,0
OP102950,2025-03-23,W0119,S1,D,31.0,0
OP102951,2025-05-11,W0412,S2,B,30.0,0
OP102954,2025-01-13,W0230,S3,A,35.0,1
OP102955,2025-03-23,W0144,S2,E,9.0,1
OP102956,2025-03-20,W0119,S1,B,43.0,1
OP102958,2025-06-01,W0060,S1,B,37.0,0
OP102960,2025-02-08,W0255,S2,A,6.0,0
OP102962,2025-01-31,W0145,S2,D,42.0,0
OP102963,2025-05-22,W0346,S2,A,7.0,0
OP102966,2025-02-05,W0299,S2,A,8.0,1
OP102969,2025-01-12,W0390,S1,A,19.0,0
OP102972,2025-01-27,W0406,S3,B,22.0,0
OP102975,2025-01-26,W0393,S3,E,6.0,0
OP102978,2025-06-25,W0301,S1,E,15.0,1
OP102979,2025-04-25,W0467,S2,D,33.0,0
OP102981,2025-03-05,W0409,S3,E,25.0,0
OP102982,2025-03-11,W0327,S2,A,24.0,0
OP102984,2025-01-20,W0402,S1,D,11.0,1
OP102985,2025-01-04,W0372,S1,C,1.0,0
OP102987,2025-01-10,W0279,S2,E,8.0,0
OP102991,2025-03-19,W0099,S3,E,3.0,1
OP102994,2025-03-01,W0499,S3,C,34.0,0
OP103000,2025-01-17,W0299,S2,B,32.0,1
OP103001,2025-03-19,W0221,S3,C,13.0,0
OP103002,2025-03-04,W0134,S3,B,41.0,0
OP103011,2025-05-12,W0372,S1,A,20.0,0
OP103014,2025-01-06,W0213,S1,D,9.0,0
OP103018,2025-01-24,W0437,S1,C,35.0,1
OP103019,2025-04-11,W0254,S1,C,15.0,0
OP103022,2025-06-25,W0076,S3,B,20.0,0
OP103025,2025-03-20,W0479,S1,C,23.0,0
OP103026,2025-04-06,W0410,S2,E,36.0,0
OP103027,2025-06-21,W0458,S2,E,21.0,1
OP103028,2025-05-04,W0430,S2,D,44.0,0
OP103035,2025-04-07,W0370,S2,D,40.0,0
OP103040,2025-06-15,W0400,S1,E,46.0,0
OP103041,2025-04-04,W0405,S2,A,3.0,0
OP103043,2025-06-06,W0218,S2,B,15.0,0
OP103050,2025-06-03,W0065,S2,E,11.0,0
OP103051,2025-03-06,W0431,S2,C,10.0,0
OP103052,2025-05-10,W0115,S1,B,8.0,0
OP103053,2025-02-05,W0050,S2,C,11.0,0
OP103056,2025-02-04,W0197,S3,C,21.0,0
OP103057,2025-06-01,W0122,S1,D,38.0,0
OP103058,2025-03-07,W0337,S2,E,23.0,0
OP103062,2025-01-13,W0179,S1,A,21.0,0
OP103063,2025-01-22,W0254,S1,B,4.0,1
OP103064,2025-05-24,W0052,S1,A,39.0,1
OP103065,2025-04-11,W0431,S1,D,20.0,0
OP103066,2025-06-14,W0412,S3,D,13.0,1
OP103069,2025-06-01,W0372,S2,D,32.0,0
OP103072,2025-03-30,W0071,S3,A,4.0,0
OP103077,2025-06-09,W0445,S3,A,15.0,0
OP103080,2025-01-28,W0228,S2,B,9.0,0
OP103081,2025-03-29,W0092,S2,E,20.0,0
OP103082,2025-02-21,W0352,S2,C,38.0,0
OP103083,2025-06-16,W0003,S3,B,9.0,0
OP103085,2025-06-02,W0281,S1,A,13.0,0
OP103087,2025-02-02,W0116,S2,E,38.0,0
OP103090,2025-04-27,W0406,S1,A,8.0,1
OP103094,2025-05-04,W0156,S2,A,10.0,0
OP103099,2025-05-25,W0454,S1,D,23.0,0
OP103100,2025-04-01,W0412,S1,C,33.0,1
OP103102,2025-06-25,W0319,S1,E,4.0,0
OP103104,2025-03-07,W0137,S1,A,37.0,1
OP103105,2025-01-01,W0377,S2,A,10.0,0
OP103108,2025-02-05,W0485,S3,E,36.0,1
OP103109,2025-01-12,W0198,S3,A,3.0,1
OP103115,2025-04-26,W0123,S2,C,47.0,1
OP103117,2025-02-28,W0031,S1,B,45.0,0
OP103119,2025-04-03,W0315,S2,A,40.0,0
OP103120,2025-04-14,W0043,S2,D,46.0,0
OP103121,2025-05-29,W0496,S3,C,41.0,0
OP103124,2025-01-31,W0403,S1,C,40.0,1
OP103125,2025-01-23,W0042,S3,B,1.0,0
OP103129,2025-03-06,W0338,S3,D,33.0,0
OP103130,2025-01-03,W0381,S2,C,20.0,0
OP103132,2025-05-27,W0330,S2,A,3.0,0
OP103135,2025-03-26,W0405,S2,C,21.0,0
OP103136,2025-01-27,W0011,S2,E,6.0,0
OP103139,2025-03-09,W0005,S3,B,7.0,1
OP103140,2025-02-16,W0108,S2,A,42.0,0
OP103143,2025-01-22,W0395,S2,D,2.0,0
OP103146,2025-06-28,W0461,S2,E,41.0,0
OP103148,2025-02-22,W0490,S2,D,47.0,0
OP103149,2025-03-19,W0475,S3,D,8.0,1
OP103150,2025-01-18,W0361,S2,B,44.0,0
OP103151,2025-01-20,W0267,S3,A,47.0,1
OP103154,2025-03-02,W0333,S3,A,10.0,1
OP103159,2025-02-17,W0434,S1,E,45.0,1
OP103163,2025-03-12,W0026,S2,A,13.0,0
OP103164,2025-02-03,W0267,S2,C,18.0,0
OP103165,2025-02-03,W0436,S1,B,38.0,0
OP103166,2025-04-24,W0022,S2,E,41.0,1
OP103167,2025-04-10,W0425,S3,C,49.0,0
OP103170,2025-05-13,W0417,S2,E,17.0,0
OP103171,2025-01-25,W0421,S3,C,43.0,0
OP103175,2025-03-11,W0288,S2,E,18.0,0
OP103176,2025-05-27,W0337,S2,D,12.0,0
OP103181,2025-01-09,W0448,S3,E,39.0,0
OP103182,2025-06-17,W0222,S2,B,2.0,1
OP103183,2025-03-25,W0056,S1,B,39.0,1
OP103189,2025-04-21,W0193,S2,C,11.0,0
OP103193,2025-06-13,W0312,S2,B,36.0,0
OP103196,2025-02-04,W0176,S2,D,31.0,0
OP103200,2025-04-24,W0270,S2,A,28.0,0
OP103201,2025-02-22,W0433,S3,E,7.0,1
OP103202,2025-01-04,W0102,S3,D,43.0,0
OP103203,2025-06-02,W0307,S3,C,35.0,1
OP103204,2025-01-11,W0414,S1,B,24.0,0
OP103206,2025-04-23,W0491,S1,C,9.0,0
OP103207,2025-02-15,W0309,S2,A,24.0,1
OP103208,2025-01-18,W0177,S2,A,40.0,0
OP103209,2025-05-08,W0342,S2,B,43.0,0
OP103211,2025-02-21,W0077,S2,B,22.0,0
OP103212,2025-01-17,W0284,S3,C,11.0,0
OP103213,2025-04-24,W0415,S2,A,27.0,0
OP103218,2025-05-03,W0278,S1,E,17.0,0
OP103221,2025-03-22,W0458,S2,A,16.0,1
OP103225,2025-05-06,W0111,S3,A,3.0,1
OP103228,2025-04-27,W0086,S3,C,26.0,0
OP103230,2025-03-30,W0175,S1,B,16.0,1
OP103236,2025-03-13,W0166,S2,E,15.0,0
OP103238,2025-06-15,W0210,S2,C,8.0,0
OP103239,2025-03-12,W0246,S3,C,37.0,0
OP103241,2025-03-02,W0458,S2,C,8.0,0
OP103243,2025-04-14,W0453,S2,D,41.0,0
OP103252,2025-04-27,W0214,S2,A,33.0,0
OP103254,2025-02-24,W0370,S1,D,24.0,0
OP103259,2025-02-25,W0320,S3,E,43.0,0
OP103260,2025-05-30,W0294,S3,B,44.0,0
OP103261,2025-06-22,W0021,S3,C,27.0,0
OP103262,2025-06-20,W0006,S2,C,44.0,0
OP103264,2025-04-12,W0011,S2,B,31.0,0
OP103273,2025-05-08,W0348,S2,A,29.0,1
OP103274,2025-05-31,W0482,S3,B,21.0,0
OP103276,2025-05-28,W0210,S2,A,32.0,1
OP103279,2025-03-12,W0364,S2,A,29.0,0
OP103282,2025-05-20,W0458,S2,D,47.0,0
OP103284,2025-01-06,W0359,S1,B,41.0,0
OP103285,2025-03-07,W0479,S2,C,25.0,0
OP103286,2025-01-11,W0031,S2,D,32.0,0
OP103289,2025-04-08,W0482,S2,E,10.0,0
OP103294,2025-01-30,W0108,S1,A,41.0,1
OP103295,2025-02-16,W0162,S2,B,36.0,0
OP103297,2025-03-31,W0493,S2,C,5.0,1
OP103301,2025-04-13,W0162,S3,E,38.0,1
OP103303,2025-05-15,W0477,S2,A,14.0,1
OP103305,2025-01-27,W0080,S1,A,9.0,0
OP103307,2025-06-16,W0187,S2,A,29.0,0
OP103311,2025-03-21,W0381,S1,E,7.0,0
OP103312,2025-02-02,W0121,S3,E,15.0,0
OP103314,2025-03-17,W0478,S1,D,33.0,0
OP103315,2025-02-07,W0358,S2,D,33.0,1
OP103316,2025-01-06,W0121,S3,E,25.0,1
OP103318,2025-02-26,W0228,S2,C,42.0,0
OP103320,2025-03-15,W0348,S3,B,5.0,1
OP103321,2025-04-30,W0161,S1,E,17.0,0
OP103323,2025-03-09,W0448,S1,C,3.0,1
OP103324,2025-03-15,W0087,S2,B,32.0,0
OP103325,2025-01-22,W0252,S2,D,27.0,0
OP103331,2025-01-12,W0344,S2,A,32.0,0
OP103337,2025-02-23,W0359,S2,B,17.0,0
OP103339,2025-04-29,W0085,S2,A,47.0,0
OP103340,2025-03-19,W0400,S2,E,32.0,0
OP103347,2025-04-27,W0255,S2,B,47.0,1
OP103349,2025-05-30,W0261,S3,C,49.0,1
OP103353,2025-05-23,W0406,S2,E,47.0,1
OP103358,2025-02-10,W0057,S2,A,46.0,0
OP103359,2025-05-16,W0293,S1,E,16.0,0
OP103364,2025-05-01,W0173,S2,D,11.0,1
OP103365,2025-03-24,W0111,S3,B,5.0,1
OP103369,2025-02-22,W0448,S1,A,8.0,1
OP103371,2025-03-05,W0128,S1,B,3.0,0
OP103372,2025-05-24,W0482,S1,E,19.0,1
OP103373,2025-01-25,W0180,S2,B,5.0,0
OP103377,2025-06-17,W0384,S2,A,47.0,0
OP103383,2025-05-25,W0413,S2,E,1.0,0
OP103388,2025-02-21,W0166,S3,B,48.0,1
OP103391,2025-01-02,W0455,S1,E,39.0,1
OP103392,2025-02-12,W0347,S1,A,1.0,0
OP103393,2025-05-24,W0268,S3,C,10.0,1
OP103394,2025-03-27,W0181,S2,A,35.0,1
OP103395,2025-01-07,W0009,S3,E,6.0,0
OP103397,2025-06-20,W0365,S3,D,20.0,1
OP103402,2025-05-31,W0477,S1,A,6.0,0
OP103403,2025-05-01,W0423,S1,B,43.0,1
OP103407,2025-02-14,W0196,S2,B,24.0,1
OP103409,2025-01-25,W0079,S3,C,13.0,0
OP103410,2025-06-20,W0252,S1,D,7.0,0
OP103412,2025-03-20,W0384,S1,C,44.0,0
OP103415,2025-01-20,W0157,S2,C,6.0,0
OP103416,2025-03-11,W0409,S3,A,20.0,0
OP103418,2025-01-06,W0223,S3,C,12.0,0
OP103420,2025-05-20,W0489,S3,A,11.0,1
OP103422,2025-01-15,W0259,S2,E,29.0,0
OP103423,2025-06-15,W0180,S2,E,29.0,0
OP103424,2025-02-11,W0485,S2,D,39.0,1
OP103427,2025-01-11,W0080,S1,B,46.0,1
OP103428,2025-06-09,W0184,S3,B,28.0,0
OP103431,2025-06-15,W0279,S1,C,6.0,1
OP103432,2025-05-13,W0203,S3,C,18.0,0
OP103435,2025-04-23,W0218,S2,D,27.0,1
OP103436,2025-04-21,W0240,S1,D,25.0,0
OP103437,2025-04-17,W0323,S2,B,1.0,1
OP103438,2025-01-03,W0412,S3,D,5.0,0
OP103439,2025-02-04,W0161,S2,B,30.0,0
OP103440,2025-03-03,W0328,S1,E,41.0,1
OP103442,2025-06-25,W0335,S1,E,9.0,0
OP103443,2025-03-09,W0158,S2,D,21.0,1
OP103444,2025-04-12,W0402,S2,E,45.0,0
OP103445,2025-05-02,W0026,S1,D,47.0,0
OP103448,2025-04-16,W0405,S2,A,21.0,1
OP103450,2025-02-13,W0022,S2,E,42.0,0
OP103451,2025-05-18,W0200,S2,B,17.0,0
OP103452,2025-05-02,W0404,S1,D,49.0,1
OP103458,2025-03-24,W0441,S1,D,42.0,0
OP103461,2025-03-06,W0380,S1,C,14.0,0
OP103462,2025-02-17,W0106,S2,E,25.0,0
OP103465,2025-01-01,W0190,S1,B,21.0,0
OP103472,2025-05-07,W0366,S2,A,47.0,0
OP103474,2025-03-03,W0214,S1,A,40.0,0
OP103475,2025-05-31,W0319,S2,B,29.0,1
OP103476,2025-05-18,W0363,S2,E,27.0,0
OP103477,2025-03-11,W0211,S3,C,27.0,0
OP103478,2025-04-13,W0154,S1,B,32.0,1
OP103480,2025-02-06,W0486,S2,B,46.0,0
OP103481,2025-04-05,W0343,S2,C,4.0,1
OP103483,2025-05-22,W0143,S3,D,14.0,0
OP103484,2025-04-10,W0212,S3,D,44.0,0
OP103485,2025-01-25,W0259,S1,D,1.0,0
OP103486,2025-06-15,W0403,S2,C,11.0,0
OP103487,2025-05-09,W0258,S2,D,39.0,0
OP103488,2025-03-26,W0374,S2,E,29.0,0
OP103489,2025-03-16,W0357,S2,C,17.0,0
OP103490,2025-02-11,W0049,S3,B,2.0,0
OP103491,2025-02-07,W0043,S1,E,29.0,0
OP103494,2025-06-08,W0374,S3,D,22.0,0
OP103495,2025-04-26,W0068,S2,B,35.0,0
OP103497,2025-01-25,W0229,S2,E,48.0,0
OP103498,2025-03-24,W0252,S2,E,2.0,1
OP103499,2025-04-08,W0042,S3,E,27.0,0
OP103500,2025-05-01,W0368,S1,C,20.0,1
OP103506,2025-01-10,W0222,S2,C,21.0,1
OP103508,2025-06-09,W0099,S1,A,23.0,0
OP103509,2025-06-21,W0100,S2,B,48.0,0
OP103510,2025-04-30,W0034,S1,D,14.0,1
OP103513,2025-02-01,W0206,S3,C,3.0,0
OP103514,2025-02-12,W0456,S1,C,35.0,0
OP103517,2025-04-15,W0204,S1,D,31.0,0
OP103520,2025-02-01,W0342,S2,E,23.0,0
OP103524,2025-04-06,W0155,S1,C,8.0,0
OP103525,2025-06-21,W0038,S2,E,32.0,1
OP103527,2025-04-08,W0303,S3,B,48.0,0
OP103531,2025-06-19,W0273,S2,C,27.0,0
OP103535,2025-04-29,W0443,S1,E,18.0,1
OP103537,2025-03-12,W0063,S2,E,7.0,0
OP103538,2025-06-24,W0213,S2,B,30.0,0
OP103540,2025-01-18,W0165,S1,C,39.0,0
OP103543,2025-03-23,W0152,S1,C,9.0,1
OP103546,2025-02-12,W0088,S2,D,16.0,0
OP103548,2025-05-26,W0486,S2,E,44.0,0
OP103554,2025-01-04,W0431,S1,D,37.0,0
OP103557,2025-03-12,W0145,S1,A,1.0,0
OP103561,2025-06-26,W0368,S2,D,42.0,0
OP103562,2025-01-25,W0241,S2,E,12.0,0
OP103563,2025-05-31,W0250,S1,C,26.0,0
OP103564,2025-03-17,W0001,S3,B,25.0,1
OP103566,2025-06-03,W0099,S1,B,44.0,0
OP103567,2025-04-04,W0379,S2,D,30.0,0
OP103569,2025-05-22,W0147,S2,D,30.0,1
OP103573,2025-05-20,W0120,S2,A,28.0,0
OP103575,2025-04-22,W0440,S2,E,7.0,0
OP103576,2025-03-13,W0167,S1,D,31.0,0
OP103580,2025-01-11,W0248,S2,C,28.0,1
OP103584,2025-01-03,W0221,S3,D,34.0,0
OP103586,2025-05-04,W0253,S2,E,38.0,1
OP103589,2025-06-17,W0281,S1,C,46.0,1
OP103590,2025-04-28,W0421,S3,C,39.0,0
OP103591,2025-02-11,W0125,S3,B,42.0,1
OP103594,2025-01-06,W0343,S2,C,41.0,0
OP103596,2025-05-13,W0059,S2,C,44.0,0
OP103597,2025-02-19,W0451,S2,C,1.0,1
OP103599,2025-01-21,W0093,S3,A,18.0,0
OP103606,2025-03-04,W0325,S2,C,25.0,0
OP103610,2025-03-20,W0004,S2,E,31.0,1
OP103611,2025-03-07,W0363,S1,E,27.0,0
OP103614,2025-04-10,W0139,S2,A,2.0,0
OP103615,2025-06-02,W0315,S3,A,1.0,0
OP103616,2025-06-24,W0314,S1,E,45.0,0
OP103617,2025-05-22,W0034,S3,E,23.0,0
OP103620,2025-06-26,W0355,S2,E,1.0,0
OP103621,2025-04-09,W0326,S2,A,47.0,0
OP103623,2025-04-18,W0072,S2,A,46.0,0
OP103625,2025-01-26,W0348,S2,C,10.0,0
OP103627,2025-06-15,W0164,S2,D,13.0,0
OP103629,2025-05-26,W0155,S1,B,38.0,0
OP103630,2025-04-18,W0068,S1,A,33.0,1
OP103631,2025-05-17,W0132,S3,C,27.0,0
OP103632,2025-04-15,W0457,S1,B,36.0,0
OP103636,2025-03-07,W0308,S3,A,32.0,0
OP103637,2025-01-20,W0176,S2,A,8.0,0
OP103640,2025-03-25,W0125,S3,B,21.0,1
OP103641,2025-04-07,W0475,S1,C,11.0,1
OP103643,2025-05-05,W0478,S1,A,32.0,0
OP103648,2025-02-06,W0297,S1,D,38.0,1
OP103649,2025-06-17,W0192,S2,C,23.0,0
OP103651,2025-03-29,W0102,S2,D,9.0,1
OP103656,2025-03-03,W0044,S3,E,49.0,1
OP103659,2025-02-05,W0456,S2,B,26.0,0
OP103660,2025-03-25,W0356,S2,B,12.0,0
OP103662,2025-02-15,W0046,S3,B,33.0,0
OP103667,2025-05-25,W0391,S2,D,1.0,0
OP103668,2025-06-16,W0123,S2,B,25.0,0
OP103671,2025-05-26,W0259,S2,A,3.0,0
OP103672,2025-03-02,W0306,S1,D,2.0,0
OP103673,2025-04-22,W0377,S1,D,49.0,0
OP103675,2025-04-22,W0274,S3,A,9.0,0
OP103680,2025-05-09,W0357,S2,C,33.0,0
OP103681,2025-01-07,W0103,S2,E,26.0,0
OP103683,2025-04-08,W0071,S1,B,25.0,0
OP103684,2025-04-05,W0117,S3,B,25.0,0
OP103686,2025-01-30,W0264,S2,B,9.0,0
OP103687,2025-04-27,W0185,S2,A,11.0,0
OP103689,2025-04-08,W0210,S2,D,9.0,0
OP103692,2025-06-11,W0414,S3,B,10.0,0
OP103697,2025-01-26,W0313,S1,B,24.0,0
OP103698,2025-05-09,W0414,S1,C,45.0,0
OP103703,2025-04-06,W0206,S1,C,39.0,0
OP103708,2025-01-16,W0073,S2,A,5.0,1
OP103709,2025-04-07,W0280,S2,C,47.0,1
OP103713,2025-02-24,W0414,S3,B,14.0,0
OP103716,2025-05-22,W0075,S2,D,31.0,0
OP103718,2025-05-20,W0499,S3,B,3.0,0
OP103720,2025-06-18,W0350,S1,A,5.0,1
OP103726,2025-06-15,W0252,S2,A,15.0,0
OP103729,2025-02-02,W0112,S1,A,32.0,0
OP103733,2025-02-24,W0421,S3,B,26.0,1
OP103740,2025-01-18,W0082,S3,C,16.0,0
OP103743,2025-05-03,W0258,S1,A,49.0,0
OP103745,2025-02-10,W0303,S2,C,19.0,1
OP103746,2025-02-18,W0303,S2,A,5.0,0
OP103747,2025-03-14,W0418,S3,D,21.0,0
OP103748,2025-03-05,W0349,S2,E,21.0,0
OP103756,2025-04-26,W0431,S1,C,6.0,0
OP103757,2025-05-21,W0467,S1,C,5.0,0
OP103758,2025-06-01,W0045,S1,C,18.0,1
OP103760,2025-06-23,W0111,S2,D,18.0,0
OP103761,2025-03-08,W0043,S2,B,38.0,0
OP103762,2025-01-09,W0278,S3,D,45.0,0
OP103763,2025-01-19,W0206,S1,B,41.0,0
OP103764,2025-04-05,W0269,S1,B,13.0,1
OP103766,2025-06-01,W0136,S3,E,20.0,0
OP103768,2025-04-04,W0435,S2,A,16.0,0
OP103770,2025-03-29,W0334,S2,D,16.0,0
OP103773,2025-06-25,W0316,S3,A,9.0,0
OP103774,2025-03-19,W0338,S2,D,6.0,0
OP103776,2025-06-15,W0287,S1,B,42.0,0
OP103779,2025-03-09,W0162,S3,A,44.0,0
OP103783,2025-04-16,W0164,S2,C,8.0,0
OP103784,2025-04-22,W0327,S1,A,17.0,1
OP103786,2025-04-12,W0322,S2,D,4.0,0
OP103790,2025-05-02,W0333,S2,A,26.0,0
OP103791,2025-03-28,W0046,S2,C,27.0,1
OP103798,2025-05-13,W0059,S1,A,38.0,0
OP103800,2025-06-23,W0162,S1,A,6.0,0
OP103801,2025-01-27,W0187,S2,C,7.0,0
OP103802,2025-04-29,W0048,S2,A,47.0,0
OP103805,2025-05-12,W0061,S2,A,49.0,1
OP103806,2025-02-24,W0263,S2,A,43.0,0
OP103809,2025-03-28,W0225,S2,D,16.0,0
OP103811,2025-04-11,W0348,S1,A,43.0,0
OP103816,2025-03-07,W0013,S3,D,27.0,0
OP103822,2025-03-15,W0194,S3,A,4.0,0
OP103827,2025-01-14,W0479,S3,D,14.0,1
OP103828,2025-03-10,W0390,S2,C,12.0,0
OP103832,2025-04-11,W0183,S1,D,38.0,0
OP103834,2025-03-20,W0183,S3,D,13.0,0
OP103837,2025-05-17,W0167,S2,B,45.0,0
OP103838,2025-06-28,W0117,S1,A,24.0,0
OP103842,2025-04-18,W0441,S1,C,30.0,1
OP103845,2025-05-20,W0099,S2,A,43.0,1
OP103847,2025-04-18,W0480,S2,B,48.0,0
OP103848,2025-06-13,W0321,S2,C,4.0,0
OP103854,2025-02-10,W0214,S2,A,27.0,0
OP103858,2025-05-31,W0043,S2,E,42.0,0
OP103861,2025-05-12,W0425,S1,C,4.0,0
OP103865,2025-04-07,W0172,S3,A,20.0,0
OP103866,2025-03-12,W0143,S3,C,33.0,0
OP103867,2025-03-10,W0352,S2,D,41.0,0
OP103868,2025-03-23,W0490,S3,E,45.0,0
OP103869,2025-04-24,W0043,S2,B,43.0,0
OP103874,2025-05-09,W0330,S1,D,48.0,1
OP103876,2025-01-18,W0426,S1,C,43.0,0
OP103877,2025-04-23,W0433,S2,E,37.0,0
OP103878,2025-02-28,W0226,S3,E,13.0,0
OP103881,2025-05-01,W0031,S1,A,15.0,0
OP103883,2025-05-30,W0389,S1,E,8.0,0
OP103884,2025-05-28,W0358,S1,E,24.0,0
OP103885,2025-01-16,W0251,S2,E,23.0,0
OP103886,2025-05-23,W0341,S1,C,4.0,0
OP103887,2025-03-25,W0442,S3,A,31.0,0
OP103888,2025-06-11,W0057,S1,D,2.0,0
OP103889,2025-04-10,W0066,S2,E,28.0,0
OP103890,2025-04-02,W0478,S2,C,24.0,0
OP103893,2025-03-17,W0285,S2,A,41.0,0
OP103894,2025-01-01,W0216,S2,D,15.0,0
OP103895,2025-06-17,W0091,S2,E,2.0,0
OP103896,2025-01-28,W0202,S2,C,34.0,0
OP103899,2025-05-06,W0195,S1,B,1.0,1
OP103904,2025-02-22,W0160,S3,E,1.0,0
OP103905,2025-04-28,W0092,S2,C,48.0,0
OP103906,2025-01-29,W0470,S2,D,40.0,0
OP103907,2025-05-29,W0433,S1,B,29.0,0
OP103910,2025-02-18,W0188,S2,C,28.0,0
OP103911,2025-03-11,W0169,S2,D,18.0,0
OP103919,2025-03-19,W0325,S3,E,24.0,0
OP103925,2025-04-23,W0254,S2,C,15.0,0
OP103927,2025-02-17,W0131,S2,C,15.0,0
OP103928,2025-03-14,W0241,S3,C,33.0,1
OP103929,2025-01-30,W0160,S2,D,17.0,1
OP103933,2025-04-15,W0007,S2,B,1.0,0
OP103934,2025-06-22,W0090,S3,C,1.0,0
OP103937,2025-03-31,W0282,S2,A,37.0,1
OP103939,2025-04-27,W0117,S2,A,46.0,1
OP103940,2025-03-22,W0039,S3,B,24.0,0
OP103942,2025-04-10,W0409,S1,E,30.0,0
OP103943,2025-06-20,W0044,S2,B,39.0,0
OP103945,2025-06-13,W0089,S2,E,23.0,0
OP103947,2025-02-18,W0266,S2,E,39.0,1
OP103950,2025-02-06,W0235,S1,C,49.0,0
OP103953,2025-05-22,W0380,S2,C,9.0,1
OP103955,2025-06-21,W0089,S2,E,14.0,0
OP103956,2025-03-11,W0273,S2,C,24.0,0
OP103959,2025-02-17,W0457,S3,C,48.0,0
OP103960,2025-06-17,W0237,S1,D,17.0,1
OP103961,2025-01-12,W0371,S1,D,27.0,0
OP103964,2025-06-17,W0127,S1,B,47.0,0
OP103968,2025-03-28,W0256,S2,A,5.0,0
OP103973,2025-04-26,W0430,S3,E,39.0,0
OP103979,2025-03-07,W0368,S3,C,20.0,0
OP103980,2025-01-20,W0202,S3,C,45.0,0
OP103981,2025-02-21,W0044,S1,E,32.0,0
OP103982,2025-01-08,W0181,S1,B,31.0,0
OP103984,2025-02-13,W0158,S2,E,13.0,0
OP103986,2025-01-27,W0427,S3,E,14.0,1
OP103988,2025-05-27,W0065,S2,D,14.0,1
OP103990,2025-01-22,W0487,S2,B,21.0,0
OP103994,2025-06-14,W0031,S2,A,40.0,0
OP103995,2025-01-29,W0200,S2,A,11.0,0
OP103996,2025-06-04,W0303,S2,D,39.0,0
OP103997,2025-05-19,W0398,S3,D,45.0,0
OP104001,2025-04-02,W0163,S3,B,46.0,0
OP104003,2025-02-24,W0310,S1,A,10.0,1
OP104007,2025-02-25,W0483,S3,A,30.0,0
OP104008,2025-05-29,W0110,S1,B,41.0,0
OP104010,2025-04-04,W0372,S1,A,23.0,0
OP104012,2025-06-01,W0381,S2,C,3.0,1
OP104013,2025-02-04,W0412,S2,C,2.0,1
OP104016,2025-01-18,W0338,S1,B,44.0,0
OP104017,2025-06-29,W0500,S1,A,2.0,0
OP104020,2025-01-31,W0307,S3,B,12.0,0
OP104022,2025-06-24,W0468,S1,D,13.0,1
OP104027,2025-05-05,W0338,S2,A,35.0,0
OP104029,2025-04-22,W0194,S3,D,46.0,0
OP104030,2025-02-20,W0143,S3,E,24.0,0
OP104031,2025-05-10,W0185,S3,B,15.0,0
OP104032,2025-06-01,W0417,S2,A,45.0,0
OP104036,2025-02-26,W0342,S2,A,37.0,1
OP104038,2025-04-13,W0329,S2,A,15.0,0
OP104039,2025-03-21,W0382,S2,D,2.0,1
OP104042,2025-06-13,W0101,S3,D,38.0,0
OP104043,2025-04-18,W0385,S1,A,42.0,0
OP104044,2025-05-19,W0431,S2,A,29.0,0
OP104045,2025-02-07,W0304,S2,D,47.0,0
OP104046,2025-04-02,W0239,S1,A,12.0,0
OP104053,2025-04-11,W0392,S2,E,25.0,0
OP104054,2025-03-06,W0211,S2,C,27.0,1
OP104056,2025-01-20,W0057,S3,C,28.0,0
OP104058,2025-06-19,W0462,S3,A,48.0,0
OP104060,2025-06-18,W0204,S1,C,37.0,0
OP104061,2025-01-16,W0051,S2,D,20.0,0
OP104062,2025-04-26,W0202,S1,D,16.0,1
OP104064,2025-06-17,W0451,S2,A,47.0,1
OP104065,2025-04-21,W0041,S2,D,18.0,0
OP104074,2025-01-03,W0114,S1,A,19.0,0
OP104075,2025-05-29,W0378,S1,B,37.0,0
OP104076,2025-03-21,W0325,S2,E,8.0,0
OP104080,2025-03-11,W0137,S2,E,45.0,0
OP104085,2025-01-12,W0063,S3,D,44.0,0
OP104086,2025-02-12,W0330,S3,A,18.0,0
OP104087,2025-01-23,W0256,S2,E,19.0,0
OP104090,2025-01-15,W0446,S2,A,27.0,0
OP104091,2025-01-31,W0358,S2,E,38.0,0
OP104094,2025-03-10,W0139,S3,E,5.0,1
OP104095,2025-04-30,W0149,S3,D,8.0,0
OP104096,2025-06-13,W0194,S3,D,6.0,0
OP104097,2025-05-12,W0326,S2,B,8.0,0
OP104098,2025-01-30,W0260,S2,C,49.0,0
OP104099,2025-04-28,W0143,S2,D,24.0,0
OP104102,2025-01-07,W0009,S2,D,48.0,1
OP104104,2025-01-10,W0108,S2,B,30.0,0
OP104107,2025-04-09,W0183,S2,E,29.0,0
OP104108,2025-05-28,W0028,S1,B,47.0,0
OP104111,2025-03-28,W0167,S2,D,28.0,1
OP104113,2025-06-17,W0473,S2,E,49.0,0
OP104116,2025-04-16,W0007,S2,D,26.0,1
OP104117,2025-05-26,W0165,S2,B,36.0,0
OP104118,2025-05-29,W0084,S1,A,23.0,0
OP104120,2025-01-21,W0184,S1,D,45.0,0
OP104121,2025-04-05,W0382,S2,A,27.0,0
OP104123,2025-02-28,W0192,S2,E,24.0,1
OP104124,2025-05-15,W0130,S3,A,18.0,0
OP104131,2025-04-01,W0414,S3,C,7.0,0
OP104133,2025-03-27,W0155,S2,B,32.0,0
OP104134,2025-02-21,W0228,S2,A,26.0,0
OP104136,2025-02-12,W0007,S2,E,21.0,0
OP104137,2025-01-18,W0160,S1,D,13.0,0
OP104139,2025-05-26,W0284,S3,B,36.0,0
OP104148,2025-02-18,W0097,S1,D,26.0,0
OP104150,2025-05-10,W0100,S2,A,1.0,0
OP104153,2025-05-22,W0020,S2,A,31.0,0
OP104155,2025-05-17,W0391,S2,B,7.0,0
OP104160,2025-04-04,W0041,S2,C,15.0,0
OP104161,2025-01-22,W0204,S1,D,26.0,0
OP104165,2025-02-10,W0228,S2,D,41.0,0
OP104166,2025-02-26,W0285,S2,D,41.0,0
OP104167,2025-05-03,W0381,S2,C,1.0,0
OP104170,2025-03-30,W0322,S2,E,37.0,0
OP104171,2025-03-11,W0129,S3,C,45.0,1
OP104172,2025-06-08,W0066,S2,A,3.0,0
OP104173,2025-05-07,W0222,S2,E,19.0,0
OP104176,2025-04-15,W0065,S2,E,49.0,1
OP104177,2025-01-28,W0142,S3,C,5.0,1
OP104179,2025-01-18,W0223,S2,C,16.0,0
OP104180,2025-03-27,W0330,S1,A,32.0,1
OP104183,2025-01-18,W0131,S3,A,42.0,0
OP104187,2025-04-10,W0459,S2,A,24.0,0
OP104192,2025-04-02,W0215,S2,D,19.0,0
OP104193,2025-05-07,W0466,S2,E,7.0,0
OP104196,2025-01-08,W0413,S3,A,44.0,0
OP104199,2025-03-25,W0232,S2,B,48.0,0
OP104203,2025-01-04,W0251,S2,C,9.0,0
OP104205,2025-05-25,W0242,S1,B,42.0,0
OP104206,2025-06-17,W0222,S1,A,45.0,0
OP104207,2025-05-05,W0481,S1,E,19.0,0
OP104208,2025-04-19,W0453,S3,D,32.0,0
OP104209,2025-02-12,W0382,S1,E,43.0,0
OP104214,2025-05-01,W0421,S1,C,30.0,1
OP104216,2025-05-20,W0153,S2,D,37.0,0
OP104220,2025-03-31,W0189,S2,B,33.0,0
OP104222,2025-01-05,W0296,S2,A,43.0,0
OP104223,2025-04-07,W0246,S2,B,5.0,0
OP104225,2025-05-31,W0220,S2,C,18.0,1
OP104226,2025-04-29,W0169,S2,C,15.0,1
OP104229,2025-06-24,W0245,S1,B,15.0,0
OP104232,2025-05-14,W0165,S2,D,43.0,1
OP104234,2025-01-08,W0254,S2,C,3.0,1
OP104237,2025-04-13,W0458,S2,D,11.0,0
OP104238,2025-01-07,W0332,S1,C,41.0,0
OP104242,2025-01-17,W0421,S2,B,48.0,1
OP104243,2025-06-18,W0127,S3,A,40.0,1
OP104244,2025-06-14,W0208,S1,B,22.0,0
OP104246,2025-05-11,W0018,S2,D,39.0,1
OP104252,2025-01-27,W0270,S2,B,48.0,0
OP104260,2025-03-11,W0108,S2,A,19.0,1
OP104265,2025-03-19,W0037,S1,C,48.0,0
OP104266,2025-04-07,W0491,S2,A,32.0,0
OP104267,2025-02-04,W0404,S2,C,12.0,0
OP104269,2025-05-29,W0104,S2,A,30.0,0
OP104271,2025-06-04,W0309,S3,D,23.0,0
OP104277,2025-01-11,W0487,S2,D,21.0,0
OP104279,2025-05-08,W0096,S2,D,41.0,0
OP104282,2025-01-05,W0131,S2,C,9.0,0
OP104283,2025-06-18,W0129,S2,D,35.0,0
OP104287,2025-06-14,W0431,S3,A,2.0,0
OP104290,2025-04-20,W0098,S3,C,46.0,0
OP104292,2025-01-06,W0320,S2,A,42.0,1
OP104293,2025-02-24,W0478,S1,D,46.0,0
OP104298,2025-05-04,W0392,S1,B,23.0,1
OP104308,2025-06-07,W0206,S3,D,35.0,1
OP104312,2025-03-04,W0243,S3,C,39.0,1
OP104317,2025-05-28,W0471,S1,B,20.0,0
OP104323,2025-01-25,W0486,S2,B,1.0,0
OP104326,2025-05-17,W0119,S1,B,27.0,1
OP104328,2025-05-04,W0405,S2,D,5.0,0
OP104332,2025-04-21,W0229,S1,C,17.0,0
OP104333,2025-06-15,W0435,S2,B,13.0,0
OP104335,2025-01-23,W0490,S2,A,34.0,1
OP104336,2025-03-07,W0444,S1,A,15.0,0
OP104337,2025-06-28,W0420,S1,D,29.0,0
OP104340,2025-02-08,W0252,S2,B,37.0,0
OP104342,2025-06-01,W0326,S2,A,6.0,0
OP104344,2025-04-27,W0153,S2,B,41.0,0
OP104348,2025-04-17,W0328,S3,C,40.0,1
OP104349,2025-03-25,W0360,S2,E,17.0,0
OP104352,2025-03-18,W0398,S2,A,2.0,1
OP104353,2025-05-26,W0429,S2,D,49.0,0
OP104360,2025-01-27,W0050,S2,D,38.0,0
OP104365,2025-04-02,W0233,S2,C,6.0,0
OP104367,2025-03-08,W0374,S3,C,22.0,0
OP104370,2025-05-24,W0038,S2,B,45.0,1
OP104371,2025-06-24,W0082,S3,A,11.0,0
OP104376,2025-04-21,W0482,S2,E,36.0,1
OP104378,2025-04-01,W0390,S1,B,25.0,1
OP104380,2025-03-05,W0325,S2,B,29.0,0
OP104381,2025-05-07,W0492,S1,E,35.0,0
OP104382,2025-01-11,W0454,S1,E,24.0,0
OP104383,2025-05-19,W0398,S2,B,12.0,1
OP104385,2025-02-25,W0298,S2,A,34.0,0
OP104388,2025-06-16,W0129,S1,B,20.0,0
OP104392,2025-03-22,W0221,S3,D,9.0,0
OP104393,2025-02-01,W0381,S1,D,43.0,0
OP104396,2025-03-30,W0259,S3,E,21.0,0
OP104398,2025-01-30,W0110,S3,A,47.0,0
OP104406,2025-01-13,W0067,S1,D,8.0,0
OP104407,2025-05-24,W0053,S3,C,24.0,0
OP104408,2025-05-30,W0108,S2,A,49.0,0
OP104409,2025-01-04,W0064,S2,E,1.0,0
OP104411,2025-02-02,W0216,S3,A,26.0,0
OP104412,2025-06-26,W0008,S2,C,9.0,0
OP104414,2025-02-17,W0376,S3,C,47.0,0
OP104417,2025-02-19,W0407,S1,D,7.0,0
OP104423,2025-05-04,W0033,S3,E,7.0,1
OP104426,2025-01-01,W0433,S1,E,40.0,0
OP104428,2025-02-08,W0055,S3,A,34.0,1
OP104430,2025-04-07,W0251,S2,B,10.0,0
OP104431,2025-04-06,W0104,S1,B,22.0,0
OP104432,2025-06-02,W0245,S2,A,3.0,0
OP104435,2025-05-30,W0141,S3,E,9.0,1
OP104438,2025-03-13,W0475,S1,A,35.0,0
OP104439,2025-02-05,W0124,S3,E,32.0,0
OP104440,2025-04-04,W0333,S2,D,36.0,0
OP104441,2025-03-01,W0338,S1,C,19.0,0
OP104445,2025-04-20,W0047,S2,D,20.0,0
OP104446,2025-06-06,W0160,S3,A,33.0,0
OP104449,2025-06-29,W0078,S2,E,41.0,1
OP104452,2025-04-16,W0428,S2,D,24.0,0
OP104455,2025-02-28,W0183,S1,D,31.0,1
OP104456,2025-06-09,W0031,S2,A,41.0,0
OP104458,2025-01-10,W0483,S2,E,48.0,0
OP104460,2025-01-04,W0489,S2,A,22.0,0
OP104462,2025-05-29,W0370,S2,E,27.0,0
OP104463,2025-01-04,W0049,S2,E,32.0,1
OP104464,2025-01-11,W0276,S1,C,14.0,0
OP104466,2025-05-21,W0466,S2,D,12.0,0
OP104469,2025-06-24,W0268,S1,D,6.0,0
OP104470,2025-04-13,W0193,S1,C,6.0,0
OP104474,2025-06-03,W0033,S2,C,27.0,1
OP104476,2025-06-26,W0085,S3,D,49.0,0
OP104479,2025-03-04,W0492,S2,C,49.0,1
OP104480,2025-02-19,W0475,S2,E,1.0,0
OP104481,2025-06-03,W0494,S2,C,31.0,1
OP104489,2025-01-20,W0435,S2,B,48.0,0
OP104490,2025-05-07,W0225,S2,B,41.0,0
OP104492,2025-05-12,W0409,S2,C,11.0,0
OP104493,2025-03-07,W0189,S2,E,3.0,0
OP104499,2025-05-20,W0290,S3,A,23.0,0
OP104500,2025-06-22,W0465,S1,B,21.0,0
OP104502,2025-06-09,W0289,S1,C,42.0,1
OP104503,2025-03-01,W0019,S1,A,38.0,0
OP104504,2025-06-17,W0080,S1,C,12.0,0
OP104507,2025-06-04,W0301,S1,E,9.0,0
OP104509,2025-01-20,W0020,S2,B,8.0,1
OP104510,2025-06-06,W0296,S1,D,8.0,0
OP104516,2025-05-20,W0093,S1,E,30.0,0
OP104518,2025-05-15,W0149,S2,E,29.0,1
OP104522,2025-04-09,W0130,S3,B,36.0,0
OP104523,2025-01-18,W0467,S2,E,47.0,0
OP104524,2025-01-23,W0140,S3,B,27.0,0
OP104525,2025-05-02,W0086,S2,D,5.0,0
OP104526,2025-03-11,W0215,S1,D,44.0,0
OP104529,2025-03-29,W0450,S3,B,4.0,0
OP104532,2025-06-27,W0318,S2,D,31.0,0
OP104536,2025-05-30,W0432,S3,B,36.0,0
OP104537,2025-02-12,W0356,S1,B,3.0,0
OP104539,2025-05-21,W0478,S3,C,23.0,0
OP104546,2025-06-20,W0134,S2,C,17.0,1
OP104550,2025-02-15,W0038,S1,C,23.0,0
OP104552,2025-03-10,W0370,S1,A,30.0,0
OP104558,2025-04-07,W0473,S2,C,17.0,1
OP104559,2025-01-23,W0335,S2,E,32.0,0
OP104565,2025-02-25,W0424,S3,E,20.0,1
OP104569,2025-04-05,W0231,S1,B,15.0,0
OP104570,2025-02-25,W0480,S2,D,39.0,1
OP104574,2025-01-20,W0157,S2,D,26.0,0
OP104575,2025-02-13,W0257,S2,C,26.0,0
OP104582,2025-01-19,W0389,S3,E,46.0,0
OP104583,2025-04-05,W0220,S2,B,20.0,1
OP104584,2025-01-23,W0122,S3,A,18.0,0
OP104587,2025-05-24,W0016,S2,B,29.0,1
OP104590,2025-06-13,W0136,S2,C,32.0,1
OP104592,2025-02-10,W0459,S2,C,9.0,0
OP104597,2025-01-05,W0088,S2,D,12.0,0
OP104598,2025-03-21,W0281,S2,C,36.0,0
OP104599,2025-04-28,W0260,S1,A,25.0,1
OP104600,2025-06-07,W0294,S3,E,38.0,0
OP104601,2025-03-05,W0389,S3,A,9.0,0
OP104602,2025-06-16,W0022,S3,B,24.0,1
OP104603,2025-03-17,W0449,S3,D,38.0,0
OP104606,2025-06-11,W0073,S2,B,11.0,1
OP104607,2025-06-09,W0171,S3,B,46.0,1
OP104609,2025-02-27,W0175,S2,D,5.0,0
OP104610,2025-05-04,W0445,S2,D,49.0,0
OP104611,2025-06-01,W0137,S2,C,38.0,0
OP104612,2025-05-30,W0256,S3,D,24.0,0
OP104614,2025-05-01,W0456,S3,D,45.0,0
OP104617,2025-06-03,W0296,S1,D,9.0,1
OP104622,2025-04-16,W0221,S3,A,19.0,1
OP104623,2025-01-17,W0412,S2,B,25.0,0
OP104624,2025-01-23,W0108,S3,B,27.0,1
OP104626,2025-03-31,W0023,S3,B,37.0,0
OP104627,2025-06-05,W0291,S3,A,48.0,0
OP104629,2025-03-23,W0068,S2,C,26.0,0
OP104630,2025-02-13,W0207,S2,A,11.0,1
OP104631,2025-03-30,W0055,S2,B,33.0,1
OP104638,2025-05-10,W0473,S2,D,24.0,0
OP104640,2025-02-09,W0308,S2,B,4.0,0
OP104641,2025-02-03,W0296,S3,B,43.0,0
OP104647,2025-05-13,W0002,S3,C,5.0,0
OP104651,2025-06-25,W0400,S1,A,48.0,0
OP104652,2025-05-16,W0198,S2,B,39.0,1
OP104655,2025-04-02,W0219,S2,B,12.0,0
OP104657,2025-06-26,W0167,S2,E,29.0,0
OP104658,2025-01-24,W0386,S1,C,5.0,0
OP104659,2025-04-27,W0016,S2,D,24.0,0
OP104661,2025-03-16,W0238,S2,D,27.0,1
OP104662,2025-05-27,W0264,S2,C,34.0,1
OP104664,2025-05-05,W0449,S2,D,36.0,1
OP104666,2025-03-28,W0301,S1,D,26.0,0
OP104669,2025-05-23,W0402,S2,A,29.0,0
OP104671,2025-03-27,W0094,S2,D,9.0,0
OP104672,2025-05-15,W0043,S1,E,36.0,0
OP104677,2025-01-26,W0437,S3,C,14.0,0
OP104680,2025-01-24,W0159,S3,C,33.0,0
OP104682,2025-03-13,W0474,S3,E,49.0,0
OP104685,2025-04-06,W0158,S2,B,31.0,0
OP104689,2025-05-29,W0251,S2,E,16.0,0
OP104692,2025-03-06,W0324,S2,E,9.0,0
OP104693,2025-01-20,W0006,S2,E,6.0,1
OP104699,2025-04-29,W0293,S1,C,20.0,0
OP104701,2025-04-22,W0234,S3,C,5.0,1
OP104702,2025-05-27,W0182,S2,A,46.0,0
OP104703,2025-03-18,W0429,S2,E,29.0,0
OP104704,2025-05-10,W0332,S3,D,29.0,1
OP104705,2025-02-22,W0146,S2,E,20.0,1
OP104706,2025-01-05,W0085,S3,C,22.0,0
OP104710,2025-01-02,W0164,S2,A,21.0,0
OP104711,2025-06-10,W0274,S3,C,36.0,0
OP104712,2025-05-19,W0342,S2,A,11.0,1
OP104714,2025-04-11,W0404,S3,A,39.0,0
OP104719,2025-02-07,W0064,S2,C,4.0,1
OP104723,2025-04-30,W0318,S2,C,38.0,1
OP104725,2025-01-24,W0236,S3,B,17.0,0
OP104726,2025-04-02,W0107,S1,B,13.0,1
OP104737,2025-04-13,W0060,S2,B,12.0,0
OP104739,2025-05-26,W0423,S2,B,28.0,1
OP104740,2025-06-01,W0121,S1,D,22.0,1
OP104743,2025-04-19,W0468,S2,D,36.0,1
OP104745,2025-05-02,W0038,S2,E,29.0,0
OP104746,2025-02-03,W0496,S2,D,42.0,0
OP104750,2025-05-25,W0275,S1,E,49.0,0
OP104755,2025-03-29,W0212,S2,D,43.0,0
OP104756,2025-01-05,W0265,S2,A,27.0,0
OP104757,2025-05-26,W0040,S1,D,40.0,0
OP104758,2025-02-07,W0245,S3,B,42.0,0
OP104760,2025-05-24,W0103,S2,C,5.0,1
OP104761,2025-01-25,W0155,S2,E,35.0,0
OP104768,2025-06-14,W0004,S2,D,37.0,1
OP104769,2025-06-08,W0378,S2,B,47.0,0
OP104772,2025-02-10,W0145,S3,C,44.0,0
OP104773,2025-03-10,W0408,S2,C,34.0,0
OP104775,2025-05-21,W0440,S1,D,27.0,0
OP104776,2025-04-29,W0361,S1,B,48.0,0
OP104777,2025-03-22,W0482,S1,A,10.0,0
OP104778,2025-03-03,W0172,S1,A,2.0,0
OP104780,2025-04-14,W0315,S2,C,49.0,1
OP104782,2025-06-07,W0471,S2,D,24.0,0
OP104786,2025-03-18,W0188,S1,A,43.0,0
OP104789,2025-01-26,W0474,S2,E,12.0,0
OP104790,2025-02-16,W0496,S3,E,8.0,0
OP104792,2025-06-05,W0126,S2,E,44.0,0
OP104794,2025-01-22,W0069,S2,E,23.0,1
OP104795,2025-03-22,W0081,S1,E,8.0,0
OP104797,2025-06-24,W0327,S2,A,23.0,0
OP104798,2025-06-14,W0062,S1,C,1.0,0
OP104800,2025-06-02,W0111,S3,A,43.0,1
OP104803,2025-01-01,W0165,S3,C,48.0,0
OP104804,2025-05-13,W0385,S2,C,33.0,0
OP104810,2025-03-20,W0341,S3,C,40.0,0
OP104812,2025-05-08,W0287,S2,B,35.0,0
OP104813,2025-05-20,W0172,S1,B,21.0,0
OP104814,2025-03-04,W0424,S2,A,49.0,0
OP104815,2025-02-11,W0169,S2,B,35.0,0
OP104819,2025-06-03,W0218,S2,B,39.0,0
OP104821,2025-03-21,W0090,S1,A,21.0,0
OP104829,2025-01-18,W0152,S2,B,29.0,1
OP104831,2025-03-04,W0139,S1,A,24.0,1
OP104832,2025-04-09,W0021,S3,B,17.0,0
OP104834,2025-02-11,W0340,S2,B,44.0,0
OP104835,2025-02-09,W0265,S1,E,27.0,0
OP104841,2025-01-30,W0130,S2,A,39.0,1
OP104845,2025-03-17,W0338,S3,C,16.0,0
OP104848,2025-03-28,W0480,S2,D,25.0,1
OP104851,2025-06-04,W0414,S2,E,42.0,0
OP104852,2025-04-06,W0292,S1,B,39.0,1
OP104853,2025-01-18,W0046,S2,B,13.0,0
OP104854,2025-03-23,W0317,S3,C,43.0,0
OP104857,2025-06-01,W0412,S3,D,5.0,0
OP104858,2025-05-27,W0163,S2,B,38.0,0
OP104859,2025-06-04,W0251,S1,D,48.0,0
OP104863,2025-03-25,W0243,S3,A,46.0,0
OP104865,2025-06-08,W0498,S2,A,47.0,0
OP104866,2025-04-13,W0333,S2,C,28.0,0
OP104867,2025-01-28,W0430,S2,E,25.0,0
OP104869,2025-05-05,W0468,S2,A,11.0,1
OP104872,2025-01-02,W0174,S3,B,11.0,0
OP104875,2025-03-17,W0095,S2,E,1.0,0
OP104876,2025-06-02,W0461,S3,A,19.0,0
OP104878,2025-04-06,W0114,S3,D,40.0,0
OP104881,2025-02-03,W0121,S2,E,25.0,0
OP104885,2025-05-01,W0147,S2,A,17.0,0
OP104886,2025-01-02,W0014,S2,D,13.0,0
OP104888,2025-06-19,W0333,S3,C,42.0,0
OP104889,2025-03-03,W0016,S2,C,21.0,0
OP104892,2025-01-02,W0231,S2,E,35.0,1
OP104894,2025-03-28,W0219,S2,E,35.0,0
OP104896,2025-05-30,W0053,S2,C,7.0,0
OP104898,2025-06-28,W0052,S3,B,16.0,0
OP104900,2025-03-14,W0175,S3,E,22.0,0
OP104903,2025-04-08,W0490,S2,D,47.0,1
OP104904,2025-06-28,W0465,S3,A,35.0,0
OP104905,2025-03-01,W0109,S1,D,12.0,0
OP104908,2025-05-19,W0287,S3,D,45.0,0
OP104910,2025-06-25,W0455,S2,A,46.0,1
OP104913,2025-03-25,W0387,S1,B,32.0,0
OP104914,2025-06-12,W0183,S1,D,33.0,0
OP104916,2025-03-03,W0338,S1,E,29.0,0
OP104924,2025-05-30,W0089,S3,E,19.0,0
OP104926,2025-02-20,W0368,S2,E,23.0,1
OP104927,2025-02-11,W0436,S1,C,10.0,0
OP104929,2025-02-22,W0325,S2,A,39.0,0
OP104931,2025-03-12,W0053,S2,D,41.0,1
OP104937,2025-02-26,W0493,S2,D,9.0,0
OP104938,2025-04-23,W0034,S3,E,33.0,0
OP104941,2025-03-02,W0216,S2,C,2.0,0
OP104942,2025-01-11,W0036,S2,E,40.0,0
OP104948,2025-05-16,W0035,S3,D,40.0,1
OP104950,2025-01-25,W0388,S2,D,11.0,0
OP104953,2025-03-23,W0003,S1,D,4.0,0
OP104958,2025-04-12,W0236,S2,E,47.0,0
OP104959,2025-05-23,W0051,S3,C,4.0,0
OP104961,2025-05-28,W0469,S1,A,21.0,1
OP104963,2025-05-10,W0490,S2,C,32.0,1
OP104964,2025-01-29,W0293,S1,E,48.0,0
OP104966,2025-02-15,W0455,S2,B,46.0,0
OP104975,2025-04-09,W0102,S1,D,31.0,0
OP104976,2025-02-02,W0328,S1,D,10.0,1
OP104977,2025-05-29,W0100,S1,B,42.0,0
OP104978,2025-01-18,W0288,S1,E,34.0,0
OP104982,2025-01-07,W0236,S2,E,11.0,1
OP104984,2025-04-14,W0184,S1,E,35.0,1
OP104986,2025-02-21,W0360,S2,C,31.0,0
OP104989,2025-06-13,W0408,S3,B,32.0,0
OP104993,2025-06-08,W0113,S1,A,27.0,1
OP104996,2025-04-30,W0215,S2,C,36.0,1
OP105001,2025-02-18,W0126,S3,D,17.0,1
OP105003,2025-05-12,W0130,S2,E,27.0,1
OP105006,2025-01-12,W0496,S3,A,21.0,1
OP105007,2025-05-18,W0125,S2,B,37.0,1
OP105008,2025-01-23,W0474,S3,E,38.0,1
OP105010,2025-06-26,W0459,S3,B,45.0,0
OP105017,2025-02-16,W0184,S2,D,9.0,0
OP105018,2025-01-12,W0068,S3,C,14.0,1
OP105019,2025-06-09,W0029,S3,E,44.0,0
OP105022,2025-04-11,W0183,S3,B,22.0,0
OP105023,2025-01-16,W0178,S1,B,46.0,0
OP105029,2025-04-27,W0126,S3,E,20.0,1
OP105030,2025-01-07,W0467,S2,A,38.0,0
OP105034,2025-01-24,W0004,S2,D,10.0,1
OP105035,2025-03-17,W0398,S2,D,32.0,0
OP105042,2025-01-16,W0133,S1,A,5.0,0
OP105043,2025-02-12,W0028,S3,C,23.0,1
OP105045,2025-01-04,W0200,S3,A,10.0,1
OP105047,2025-02-09,W0450,S1,B,5.0,0
OP105048,2025-03-01,W0483,S2,B,40.0,0
OP105049,2025-01-20,W0086,S2,B,30.0,0
OP105050,2025-05-18,W0447,S2,D,24.0,0
OP105053,2025-06-18,W0416,S2,D,14.0,0
OP105056,2025-02-15,W0328,S3,D,26.0,0
OP105062,2025-06-18,W0059,S2,E,3.0,0
OP105066,2025-05-20,W0462,S1,D,23.0,0
OP105070,2025-06-11,W0008,S2,D,18.0,0
OP105075,2025-04-06,W0265,S2,B,45.0,0
OP105079,2025-04-10,W0450,S1,C,12.0,0
OP105081,2025-04-06,W0361,S1,B,42.0,0
OP105084,2025-02-16,W0200,S1,E,37.0,0
OP105085,2025-02-01,W0399,S3,A,34.0,1
OP105087,2025-06-14,W0106,S3,D,28.0,0
OP105088,2025-03-03,W0309,S3,B,19.0,1
OP105089,2025-05-12,W0103,S1,C,4.0,0
OP105090,2025-04-30,W0162,S2,B,30.0,0
OP105091,2025-02-28,W0369,S2,D,48.0,0
OP105092,2025-01-08,W0071,S3,E,19.0,1
OP105093,2025-04-08,W0172,S2,E,3.0,0
OP105095,2025-05-16,W0164,S2,D,22.0,0
OP105096,2025-04-17,W0272,S3,E,37.0,0
OP105099,2025-02-01,W0241,S2,C,13.0,0
OP105102,2025-05-02,W0037,S1,E,16.0,1
OP105103,2025-06-24,W0347,S2,A,4.0,0
OP105105,2025-04-28,W0051,S1,C,17.0,1
OP105107,2025-04-05,W0480,S2,D,25.0,0
OP105109,2025-02-23,W0040,S3,D,7.0,0
OP105111,2025-05-31,W0327,S3,A,21.0,0
OP105112,2025-04-10,W0443,S3,B,33.0,0
OP105114,2025-03-29,W0425,S3,A,20.0,0
OP105116,2025-03-30,W0249,S2,E,17.0,0
OP105117,2025-01-09,W0200,S2,B,10.0,0
OP105127,2025-02-28,W0434,S2,B,26.0,1
OP105130,2025-01-17,W0339,S3,D,38.0,0
OP105132,2025-01-12,W0344,S2,B,9.0,0
OP105133,2025-01-08,W0163,S2,D,41.0,1
OP105137,2025-04-03,W0301,S1,D,2.0,0
OP105141,2025-05-09,W0020,S2,A,24.0,0
OP105142,2025-01-28,W0330,S2,D,2.0,0
OP105143,2025-04-25,W0361,S2,C,46.0,1
OP105145,2025-04-20,W0487,S3,C,48.0,0
OP105147,2025-06-08,W0344,S2,B,20.0,0
OP105152,2025-03-01,W0270,S1,A,46.0,0
OP105155,2025-04-14,W0357,S2,C,8.0,0
OP105158,2025-01-19,W0443,S1,C,25.0,1
OP105159,2025-04-10,W0280,S2,E,39.0,0
OP105165,2025-06-26,W0279,S2,C,40.0,0
OP105166,2025-02-20,W0179,S2,E,33.0,0
OP105167,2025-02-04,W0305,S1,E,42.0,1
OP105168,2025-03-17,W0018,S3,A,1.0,0
OP105171,2025-02-08,W0126,S3,D,31.0,0
OP105174,2025-01-13,W0417,S3,A,34.0,0
OP105175,2025-05-27,W0104,S1,C,20.0,1
OP105177,2025-03-17,W0057,S2,D,20.0,0
OP105178,2025-03-16,W0227,S1,D,32.0,0
OP105179,2025-06-27,W0492,S2,A,21.0,0
OP105180,2025-03-25,W0160,S3,B,28.0,1
OP105181,2025-04-06,W0146,S3,A,21.0,0
OP105186,2025-02-09,W0336,S2,C,41.0,1
OP105188,2025-04-03,W0229,S2,B,18.0,0
OP105190,2025-02-01,W0365,S1,A,49.0,0
OP105191,2025-05-19,W0237,S2,A,18.0,0
OP105192,2025-05-14,W0465,S2,E,3.0,0
OP105195,2025-04-26,W0148,S3,C,1.0,0
OP105198,2025-06-02,W0474,S3,E,31.0,0
OP105200,2025-05-11,W0241,S1,C,45.0,0
OP105204,2025-04-22,W0100,S2,E,42.0,1
OP105205,2025-03-15,W0181,S2,C,1.0,0
OP105212,2025-02-15,W0421,S2,E,44.0,0
OP105213,2025-04-10,W0388,S1,E,6.0,0
OP105214,2025-06-23,W0435,S2,D,18.0,0
OP105215,2025-01-15,W0060,S2,A,32.0,0
OP105217,2025-06-05,W0334,S3,A,7.0,0
OP105218,2025-04-21,W0117,S2,A,46.0,0
OP105219,2025-03-04,W0433,S2,D,49.0,0
OP105221,2025-06-25,W0016,S3,D,37.0,1
OP105223,2025-03-04,W0261,S2,B,18.0,0
OP105224,2025-02-28,W0148,S1,B,18.0,0
OP105225,2025-04-27,W0499,S2,D,8.0,0
OP105227,2025-01-01,W0225,S2,A,45.0,0
OP105229,2025-04-14,W0091,S2,E,14.0,1
OP105230,2025-02-13,W0213,S3,B,15.0,0
OP105233,2025-04-23,W0315,S3,C,30.0,1
OP105234,2025-05-18,W0017,S3,A,44.0,0
OP105235,2025-05-04,W0307,S2,B,49.0,1
OP105236,2025-04-16,W0384,S3,B,30.0,0
OP105238,2025-01-30,W0486,S1,D,26.0,0
OP105239,2025-05-23,W0013,S3,B,2.0,0
OP105244,2025-06-22,W0085,S2,E,41.0,1
OP105245,2025-04-15,W0091,S1,B,20.0,1
OP105246,2025-03-07,W0233,S2,C,49.0,0
OP105248,2025-04-22,W0013,S3,A,27.0,1
OP105250,2025-01-16,W0396,S1,E,37.0,0
OP105252,2025-01-06,W0180,S2,C,23.0,1
OP105257,2025-02-28,W0257,S2,E,12.0,0
OP105259,2025-06-19,W0195,S1,C,26.0,1
OP105261,2025-04-09,W0443,S1,E,26.0,0
OP105266,2025-02-16,W0371,S2,D,27.0,0
OP105267,2025-03-05,W0077,S2,B,26.0,0
OP105268,2025-04-01,W0323,S1,D,40.0,1
OP105269,2025-03-19,W0409,S2,A,8.0,0
OP105270,2025-03-15,W0465,S2,E,41.0,1
OP105271,2025-01-02,W0435,S1,D,43.0,1
OP105272,2025-04-15,W0408,S1,C,29.0,0
OP105273,2025-04-23,W0183,S2,B,44.0,0
OP105274,2025-02-23,W0197,S2,E,47.0,0
OP105275,2025-01-18,W0459,S1,B,18.0,1
OP105276,2025-03-26,W0170,S1,C,46.0,0
OP105279,2025-01-08,W0361,S1,A,48.0,0
OP105283,2025-03-14,W0348,S1,E,49.0,0
OP105284,2025-04-20,W0465,S1,B,25.0,0
OP105287,2025-04-06,W0320,S2,A,27.0,1
OP105291,2025-06-18,W0065,S2,E,19.0,0
OP105302,2025-01-19,W0204,S2,A,23.0,0
OP105303,2025-06-11,W0154,S2,C,21.0,0
OP105306,2025-05-09,W0412,S3,B,20.0,1
OP105308,2025-05-24,W0417,S2,C,45.0,0
OP105309,2025-05-10,W0204,S2,D,1.0,0
OP105311,2025-03-20,W0286,S1,E,16.0,0
OP105317,2025-04-03,W0307,S1,C,14.0,0
OP105319,2025-04-24,W0425,S1,B,4.0,0
OP105320,2025-05-27,W0352,S3,E,46.0,0
OP105322,2025-01-09,W0144,S3,B,26.0,0
OP105323,2025-03-31,W0428,S2,E,24.0,0
OP105324,2025-05-28,W0236,S2,B,34.0,0
OP105325,2025-05-28,W0412,S2,C,42.0,0
OP105326,2025-03-22,W0175,S3,E,21.0,0
OP105327,2025-06-26,W0201,S2,E,34.0,0
OP105328,2025-02-09,W0292,S3,A,8.0,0
OP105329,2025-04-21,W0257,S1,D,10.0,0
OP105331,2025-01-27,W0396,S2,E,17.0,1
OP105332,2025-05-26,W0239,S1,E,5.0,1
OP105335,2025-02-27,W0270,S2,A,32.0,0
OP105339,2025-02-10,W0342,S3,E,13.0,0
OP105341,2025-04-17,W0182,S3,E,21.0,0
OP105342,2025-04-18,W0205,S1,D,22.0,0
OP105343,2025-01-23,W0423,S2,B,6.0,0
OP105349,2025-06-04,W0016,S2,C,48.0,1
OP105355,2025-04-17,W0163,S3,B,21.0,0
OP105356,2025-05-14,W0033,S2,B,21.0,0
OP105358,2025-01-05,W0321,S2,D,16.0,1
OP105359,2025-01-04,W0251,S2,B,27.0,0
OP105362,2025-04-26,W0188,S2,D,9.0,0
OP105369,2025-01-24,W0250,S2,C,31.0,0
OP105372,2025-05-18,W0295,S2,E,27.0,0
OP105373,2025-03-17,W0140,S3,A,24.0,0
OP105376,2025-02-21,W0102,S2,C,36.0,1
OP105379,2025-01-09,W0179,S2,C,20.0,0
OP105380,2025-03-21,W0492,S1,C,26.0,0
OP105381,2025-02-02,W0180,S1,B,1.0,0
OP105384,2025-04-15,W0398,S1,A,33.0,0
OP105387,2025-03-29,W0075,S1,C,27.0,0
OP105388,2025-02-05,W0010,S2,C,19.0,0
OP105390,2025-06-09,W0333,S2,C,13.0,0
OP105392,2025-04-23,W0177,S2,E,44.0,0
OP105397,2025-05-05,W0482,S1,B,36.0,1
OP105399,2025-04-24,W0308,S2,A,3.0,0
OP105400,2025-03-22,W0383,S3,E,16.0,0
OP105401,2025-03-01,W0334,S1,A,37.0,0
OP105405,2025-03-16,W0104,S1,A,3.0,0
OP105406,2025-03-22,W0019,S1,C,19.0,1
OP105407,2025-01-02,W0472,S2,B,42.0,1
OP105408,2025-01-16,W0035,S1,B,19.0,0
OP105409,2025-06-26,W0469,S3,C,47.0,0
OP105410,2025-03-06,W0037,S2,A,49.0,0
OP105411,2025-06-21,W0160,S2,B,48.0,0
OP105413,2025-01-05,W0056,S2,A,37.0,0
OP105414,2025-02-15,W0372,S1,A,48.0,1
OP105415,2025-05-04,W0365,S2,D,27.0,0
OP105419,2025-04-19,W0439,S2,E,32.0,1
OP105424,2025-05-27,W0050,S2,D,9.0,0
OP105425,2025-03-28,W0171,S2,A,22.0,0
OP105426,2025-03-14,W0242,S1,D,4.0,0
OP105427,2025-03-08,W0352,S3,C,25.0,0
OP105430,2025-03-13,W0160,S1,C,35.0,1
OP105434,2025-03-13,W0049,S1,C,30.0,0
OP105435,2025-03-10,W0055,S3,E,11.0,0
OP105436,2025-05-03,W0073,S2,D,25.0,1
OP105441,2025-03-30,W0252,S2,A,8.0,0
OP105442,2025-05-16,W0010,S1,D,27.0,0
OP105443,2025-04-22,W0171,S2,D,10.0,0
OP105445,2025-01-15,W0027,S2,C,17.0,1
OP105450,2025-02-27,W0025,S1,A,43.0,0
OP105452,2025-01-22,W0301,S1,E,14.0,1
OP105453,2025-03-18,W0268,S3,D,3.0,0
OP105459,2025-03-17,W0476,S2,D,29.0,0
OP105460,2025-04-08,W0445,S2,D,10.0,0
OP105461,2025-05-08,W0282,S2,A,7.0,0
OP105464,2025-01-11,W0417,S2,C,35.0,0
OP105465,2025-02-25,W0369,S3,C,29.0,0
OP105466,2025-02-23,W0479,S2,B,1.0,0
OP105471,2025-05-09,W0175,S2,D,1.0,0
OP105474,2025-01-24,W0134,S2,E,27.0,0
OP105476,2025-06-13,W0006,S2,B,22.0,1
OP105478,2025-03-16,W0372,S2,D,15.0,0
OP105479,2025-01-21,W0129,S2,A,38.0,0
OP105482,2025-03-17,W0396,S3,C,4.0,1
OP105484,2025-06-17,W0371,S2,E,40.0,0
OP105486,2025-04-17,W0267,S1,B,8.0,0
OP105487,2025-04-12,W0253,S3,D,22.0,0
OP105488,2025-03-11,W0405,S3,A,18.0,1
OP105489,2025-04-09,W0381,S2,B,19.0,0
OP105490,2025-01-14,W0010,S1,D,44.0,0
OP105492,2025-02-21,W0438,S3,B,1.0,0
OP105495,2025-03-05,W0261,S1,B,38.0,0
OP105497,2025-04-21,W0009,S2,A,15.0,0
OP105499,2025-04-05,W0030,S2,B,2.0,0
OP105500,2025-03-19,W0190,S3,E,7.0,1
OP105501,2025-05-09,W0311,S2,D,18.0,0
OP105502,2025-02-26,W0390,S3,D,40.0,0
OP105504,2025-05-31,W0390,S1,E,49.0,0
OP105509,2025-06-18,W0042,S2,B,5.0,0
OP105512,2025-02-07,W0033,S1,D,32.0,0
OP105513,2025-01-02,W0214,S1,E,5.0,0
OP105514,2025-03-16,W0484,S2,D,22.0,0
OP105515,2025-04-10,W0329,S3,E,14.0,0
OP105517,2025-01-04,W0445,S3,A,38.0,0
OP105518,2025-01-15,W0492,S3,B,31.0,1
OP105521,2025-05-23,W0461,S3,C,42.0,0
OP105522,2025-03-29,W0417,S1,B,3.0,0
OP105529,2025-04-11,W0023,S2,D,48.0,0
OP105532,2025-02-25,W0416,S2,D,23.0,0
OP105533,2025-06-14,W0152,S1,E,9.0,1
OP105535,2025-04-02,W0488,S2,B,6.0,0
OP105536,2025-04-04,W0183,S1,C,48.0,0
OP105541,2025-03-09,W0165,S3,C,38.0,0
OP105542,2025-04-08,W0222,S2,E,12.0,1
OP105543,2025-06-28,W0107,S3,A,16.0,0
OP105547,2025-03-28,W0021,S2,E,27.0,0
OP105551,2025-03-13,W0493,S2,D,7.0,1
OP105556,2025-06-24,W0420,S2,B,31.0,0
OP105557,2025-03-09,W0367,S2,C,28.0,0
OP105559,2025-02-14,W0310,S1,D,16.0,0
OP105563,2025-03-21,W0165,S3,C,24.0,0
OP105566,2025-02-09,W0058,S3,A,8.0,0
OP105573,2025-03-14,W0462,S2,C,49.0,1
OP105574,2025-01-18,W0296,S2,C,32.0,0
OP105577,2025-06-25,W0276,S2,C,17.0,0
OP105583,2025-05-02,W0280,S1,B,31.0,1
OP105588,2025-01-13,W0431,S2,C,4.0,1
OP105589,2025-05-24,W0313,S2,B,36.0,0
OP105591,2025-02-15,W0315,S2,D,33.0,0
OP105592,2025-02-02,W0376,S1,E,7.0,1
OP105595,2025-02-24,W0155,S3,B,20.0,1
OP105599,2025-06-07,W0243,S1,C,41.0,0
OP105600,2025-01-10,W0441,S2,D,15.0,1
OP105601,2025-04-27,W0317,S2,E,27.0,0
OP105602,2025-06-15,W0489,S2,E,25.0,0
OP105605,2025-02-22,W0283,S1,E,15.0,0
OP105606,2025-06-23,W0367,S2,D,19.0,0
OP105607,2025-05-04,W0044,S2,D,6.0,0
OP105609,2025-04-14,W0249,S1,A,3.0,1
OP105610,2025-01-22,W0322,S1,A,28.0,1
OP105611,2025-03-12,W0255,S2,A,46.0,0
OP105612,2025-01-17,W0096,S2,E,23.0,0
OP105613,2025-05-15,W0290,S1,C,38.0,1
OP105614,2025-02-09,W0458,S2,D,17.0,0
OP105615,2025-05-15,W0230,S3,D,47.0,0
OP105616,2025-04-12,W0067,S1,A,2.0,0
OP105617,2025-01-08,W0181,S1,C,21.0,0
OP105618,2025-04-25,W0469,S2,E,48.0,0
OP105620,2025-06-22,W0179,S2,A,47.0,0
OP105623,2025-05-13,W0114,S1,B,29.0,0
OP105624,2025-06-17,W0016,S2,B,39.0,0
OP105628,2025-03-25,W0200,S2,B,9.0,1
OP105630,2025-05-08,W0104,S1,A,4.0,0
OP105631,2025-01-21,W0044,S1,D,22.0,0
OP105632,2025-02-19,W0037,S3,D,31.0,0
OP105633,2025-01-16,W0208,S3,D,26.0,0
OP105634,2025-03-20,W0003,S1,B,26.0,0
OP105641,2025-02-26,W0444,S1,A,11.0,0
OP105642,2025-05-09,W0302,S1,E,38.0,0
OP105644,2025-01-27,W0140,S3,E,32.0,0
OP105647,2025-03-14,W0063,S2,E,25.0,0
OP105649,2025-03-27,W0055,S1,E,17.0,1
OP105650,2025-02-20,W0346,S2,D,47.0,1
OP105651,2025-05-12,W0099,S2,E,28.0,0
OP105653,2025-04-10,W0441,S1,B,39.0,0
OP105654,2025-04-13,W0180,S3,B,7.0,0
OP105655,2025-02-02,W0374,S2,A,42.0,0
OP105659,2025-06-06,W0304,S2,B,39.0,0
OP105660,2025-01-07,W0472,S1,C,33.0,0
OP105662,2025-03-15,W0159,S3,A,42.0,0
OP105663,2025-04-28,W0274,S3,D,20.0,0
OP105664,2025-06-21,W0377,S1,D,35.0,0
OP105671,2025-04-03,W0133,S3,D,15.0,0
OP105674,2025-06-06,W0349,S2,A,12.0,1
OP105677,2025-05-25,W0032,S2,E,20.0,0
OP105679,2025-01-27,W0051,S2,B,36.0,0
OP105681,2025-04-25,W0356,S2,A,42.0,1
OP105683,2025-02-12,W0212,S2,D,24.0,1
OP105684,2025-06-09,W0308,S3,C,34.0,1
OP105689,2025-03-03,W0437,S2,E,11.0,0
OP105691,2025-03-31,W0237,S3,D,24.0,0
OP105692,2025-01-06,W0295,S1,A,37.0,0
OP105694,2025-05-14,W0317,S2,A,36.0,1
OP105695,2025-03-30,W0238,S2,E,26.0,0
OP105696,2025-04-12,W0419,S1,B,6.0,1
OP105699,2025-02-02,W0210,S2,D,25.0,0
OP105700,2025-01-17,W0431,S1,D,42.0,0
OP105701,2025-03-16,W0221,S1,E,33.0,0
OP105702,2025-05-09,W0209,S2,A,3.0,1
OP105704,2025-04-20,W0251,S2,C,23.0,0
OP105706,2025-03-20,W0442,S2,A,2.0,1
OP105707,2025-05-07,W0052,S1,D,16.0,1
OP105710,2025-02-16,W0116,S2,A,20.0,0
OP105715,2025-03-08,W0402,S2,B,4.0,0
OP105717,2025-03-12,W0294,S2,E,43.0,0
OP105718,2025-05-04,W0429,S2,B,12.0,0
OP105720,2025-01-26,W0307,S2,D,23.0,0
OP105721,2025-06-11,W0271,S3,E,25.0,0
OP105722,2025-03-29,W0137,S3,B,44.0,1
OP105726,2025-04-25,W0180,S2,C,38.0,0
OP105728,2025-02-01,W0416,S2,B,9.0,1
OP105729,2025-03-15,W0325,S1,B,6.0,0
OP105730,2025-04-05,W0350,S2,C,46.0,0
OP105732,2025-06-26,W0388,S1,A,42.0,0
OP105733,2025-03-11,W0205,S1,E,6.0,1
OP105734,2025-05-25,W0055,S3,A,24.0,0
OP105735,2025-05-17,W0218,S2,C,27.0,1
OP105736,2025-01-23,W0226,S3,B,31.0,0
OP105738,2025-06-13,W0435,S2,A,5.0,0
OP105739,2025-01-03,W0385,S2,A,28.0,0
OP105740,2025-02-27,W0036,S1,E,4.0,0
OP105742,2025-06-02,W0367,S3,A,18.0,0
OP105746,2025-03-23,W0103,S2,E,45.0,0
OP105748,2025-02-26,W0219,S2,B,12.0,0
OP105754,2025-01-13,W0357,S1,E,24.0,0
OP105758,2025-06-15,W0297,S1,D,12.0,0
OP105766,2025-05-24,W0398,S2,E,1.0,0
OP105769,2025-02-16,W0187,S2,E,13.0,0
OP105772,2025-01-21,W0137,S2,C,43.0,1
OP105776,2025-05-11,W0238,S1,E,9.0,0
OP105779,2025-03-23,W0297,S1,C,18.0,1
OP105780,2025-02-16,W0477,S2,E,39.0,0
OP105784,2025-04-20,W0134,S2,C,38.0,0
OP105787,2025-02-02,W0227,S2,A,41.0,0
OP105788,2025-04-05,W0315,S1,A,49.0,0
OP105789,2025-02-02,W0043,S2,E,24.0,0
OP105790,2025-02-18,W0325,S2,C,28.0,0
OP105792,2025-06-19,W0149,S2,B,7.0,0
OP105796,2025-01-28,W0242,S1,B,23.0,0
OP105801,2025-02-16,W0072,S2,C,18.0,0
OP105802,2025-03-06,W0141,S3,E,37.0,0
OP105805,2025-01-03,W0102,S2,C,25.0,0
OP105808,2025-06-02,W0175,S1,E,5.0,0
OP105809,2025-03-25,W0150,S1,A,30.0,0
OP105811,2025-05-18,W0171,S3,D,19.0,1
OP105813,2025-02-18,W0232,S1,E,43.0,1
OP105815,2025-01-10,W0453,S1,A,5.0,0
OP105816,2025-06-19,W0342,S2,E,1.0,0
OP105817,2025-04-10,W0173,S3,A,14.0,0
OP105820,2025-04-05,W0027,S2,B,25.0,0
OP105823,2025-03-09,W0454,S2,D,7.0,0
OP105825,2025-05-01,W0402,S1,D,35.0,0
OP105826,2025-05-01,W0061,S2,C,40.0,0
OP105827,2025-05-02,W0199,S2,C,18.0,0
OP105830,2025-02-15,W0249,S3,A,15.0,1
OP105833,2025-06-01,W0339,S3,E,30.0,0
OP105834,2025-06-01,W0185,S1,D,27.0,1
OP105836,2025-01-22,W0114,S2,C,48.0,0
OP105837,2025-04-07,W0459,S1,D,33.0,0
OP105840,2025-03-17,W0220,S2,B,38.0,0
OP105842,2025-04-06,W0251,S3,E,4.0,0
OP105845,2025-01-05,W0345,S3,B,40.0,0
OP105846,2025-04-19,W0242,S3,C,6.0,0
OP105847,2025-06-16,W0177,S2,D,2.0,0
OP105850,2025-04-15,W0119,S3,D,28.0,0
OP105851,2025-06-08,W0012,S2,E,44.0,0
OP105853,2025-01-28,W0262,S1,B,26.0,0
OP105856,2025-01-15,W0198,S3,E,35.0,0
OP105859,2025-03-01,W0172,S1,C,36.0,0
OP105860,2025-03-22,W0217,S2,A,17.0,0
OP105863,2025-03-05,W0432,S2,E,6.0,1
OP105866,2025-01-13,W0127,S2,D,17.0,1
OP105868,2025-04-08,W0371,S1,E,23.0,0
OP105869,2025-01-10,W0466,S2,A,41.0,0
OP105870,2025-05-04,W0074,S1,A,12.0,0
OP105874,2025-04-09,W0069,S2,E,35.0,0
OP105875,2025-06-10,W0220,S2,E,14.0,0
OP105876,2025-03-23,W0249,S2,A,25.0,1
OP105878,2025-05-12,W0033,S2,A,10.0,0
OP105881,2025-02-05,W0187,S1,B,30.0,1
OP105887,2025-01-10,W0003,S2,B,18.0,0
OP105888,2025-05-08,W0020,S2,D,20.0,0
OP105890,2025-02-07,W0250,S2,A,14.0,0
OP105894,2025-06-07,W0094,S2,E,43.0,0
OP105899,2025-05-06,W0237,S3,C,21.0,0
OP105901,2025-01-14,W0397,S1,C,41.0,0
OP105907,2025-06-24,W0445,S2,E,9.0,0
OP105909,2025-01-18,W0232,S1,D,1.0,1
OP105910,2025-03-25,W0056,S2,D,36.0,0
OP105911,2025-04-01,W0084,S1,E,16.0,0
OP105912,2025-04-18,W0108,S2,E,28.0,0
OP105913,2025-03-10,W0305,S1,A,20.0,0
OP105918,2025-03-24,W0389,S2,D,25.0,0
OP105919,2025-05-17,W0421,S2,C,46.0,0
OP105920,2025-04-17,W0236,S1,B,13.0,1
OP105922,2025-03-07,W0151,S3,D,19.0,1
OP105924,2025-01-12,W0386,S2,C,38.0,1
OP105926,2025-02-20,W0298,S2,D,40.0,0
OP105934,2025-04-02,W0450,S1,E,7.0,0
OP105936,2025-02-18,W0233,S1,E,18.0,0
OP105938,2025-03-30,W0094,S1,B,11.0,1
OP105939,2025-06-09,W0152,S2,B,23.0,0
OP105942,2025-06-09,W0491,S1,C,33.0,0
OP105943,2025-04-26,W0016,S1,C,47.0,0
OP105944,2025-02-08,W0182,S3,C,15.0,0
OP105945,2025-06-26,W0446,S1,A,34.0,0
OP105947,2025-05-20,W0132,S2,D,26.0,0
OP105948,2025-01-30,W0360,S3,D,39.0,0
OP105949,2025-02-13,W0170,S3,D,7.0,1
OP105950,2025-06-19,W0381,S3,D,11.0,1
OP105953,2025-05-03,W0372,S2,A,16.0,0
OP105954,2025-01-04,W0217,S1,A,22.0,0
OP105955,2025-01-16,W0029,S2,D,33.0,0
OP105958,2025-03-05,W0073,S3,B,6.0,0
OP105961,2025-06-15,W0262,S2,B,10.0,0
OP105964,2025-04-24,W0345,S2,D,17.0,0
OP105968,2025-03-10,W0116,S3,D,20.0,0
OP105970,2025-03-03,W0236,S2,A,28.0,0
OP105976,2025-02-27,W0238,S2,C,45.0,1
OP105977,2025-02-02,W0213,S2,A,41.0,1
OP105978,2025-03-21,W0362,S1,E,47.0,0
OP105983,2025-02-21,W0085,S2,D,15.0,0
OP105984,2025-04-13,W0095,S2,D,43.0,0
OP105985,2025-04-30,W0273,S2,A,3.0,1
OP105986,2025-01-23,W0358,S2,B,22.0,0
OP105987,2025-06-28,W0157,S2,B,40.0,0
OP105988,2025-06-03,W0035,S3,E,6.0,0
OP105989,2025-02-03,W0366,S3,B,30.0,0
OP105990,2025-06-11,W0142,S3,A,35.0,0
OP105991,2025-06-24,W0341,S3,B,32.0,0
OP105993,2025-02-23,W0100,S3,D,13.0,0
OP105994,2025-04-17,W0401,S2,B,19.0,0
OP105995,2025-06-11,W0415,S2,A,9.0,0
OP105996,2025-03-15,W0426,S1,D,13.0,0
OP105997,2025-03-09,W0013,S2,D,15.0,0
OP105998,2025-04-27,W0379,S2,B,40.0,0
OP105999,2025-02-21,W0232,S2,E,13.0,1
OP106001,2025-01-14,W0330,S2,A,28.0,1
OP106009,2025-05-07,W0034,S2,A,32.0,0
OP106015,2025-05-07,W0260,S2,A,36.0,0
OP106016,2025-04-23,W0431,S2,D,22.0,0
OP106017,2025-02-01,W0128,S2,C,15.0,0
OP106020,2025-06-13,W0225,S3,B,25.0,1
OP106026,2025-06-28,W0468,S2,E,7.0,0
OP106030,2025-06-03,W0363,S3,C,22.0,1
OP106031,2025-03-23,W0137,S2,B,12.0,0
OP106033,2025-01-21,W0461,S2,E,4.0,0
OP106037,2025-01-22,W0314,S2,A,45.0,1
OP106038,2025-04-04,W0412,S1,D,3.0,0
OP106040,2025-06-17,W0310,S1,D,9.0,0
OP106041,2025-05-23,W0039,S3,D,13.0,0
OP106044,2025-04-17,W0085,S1,C,15.0,0
OP106045,2025-01-15,W0038,S2,E,28.0,0
OP106046,2025-05-27,W0371,S2,A,7.0,0
OP106049,2025-06-05,W0040,S3,B,11.0,1
OP106052,2025-05-01,W0104,S2,A,23.0,0
OP106058,2025-06-14,W0419,S2,B,36.0,1
OP106063,2025-04-01,W0087,S2,E,49.0,0
OP106065,2025-01-01,W0218,S3,C,8.0,0
OP106066,2025-03-16,W0436,S2,D,11.0,0
OP106067,2025-01-12,W0405,S2,D,24.0,1
OP106069,2025-04-10,W0327,S3,A,39.0,1
OP106070,2025-02-27,W0348,S1,D,36.0,0
OP106071,2025-01-29,W0155,S3,A,35.0,0
OP106072,2025-02-27,W0007,S2,A,22.0,0
OP106075,2025-05-05,W0102,S2,D,44.0,0
OP106077,2025-02-10,W0197,S3,D,12.0,0
OP106078,2025-06-08,W0441,S1,C,5.0,0
OP106079,2025-01-24,W0459,S2,E,49.0,0
OP106081,2025-02-15,W0487,S1,B,9.0,0
OP106082,2025-04-15,W0156,S3,D,4.0,0
OP106083,2025-03-19,W0153,S1,D,14.0,0
OP106089,2025-04-30,W0405,S2,A,17.0,0
OP106090,2025-03-21,W0021,S1,E,22.0,0
OP106092,2025-01-12,W0077,S3,C,42.0,1
OP106094,2025-06-15,W0321,S1,D,44.0,0
OP106097,2025-03-10,W0291,S3,E,12.0,0
OP106098,2025-03-15,W0145,S2,B,27.0,1
OP106102,2025-04-03,W0049,S1,A,20.0,0
OP106103,2025-02-03,W0051,S2,C,37.0,0
OP106104,2025-01-30,W0103,S2,B,27.0,1
OP106109,2025-03-06,W0227,S2,D,5.0,0
OP106110,2025-05-29,W0025,S2,C,24.0,1
OP106112,2025-06-17,W0062,S3,D,20.0,1
OP106115,2025-06-18,W0472,S2,A,45.0,0
OP106116,2025-04-30,W0449,S2,A,12.0,0
OP106117,2025-04-18,W0238,S2,E,49.0,0
OP106118,2025-02-05,W0233,S2,B,48.0,0
OP106121,2025-03-29,W0165,S1,C,30.0,1
OP106122,2025-06-15,W0415,S3,C,26.0,1
OP106125,2025-03-24,W0490,S3,D,45.0,0
OP106126,2025-05-04,W0119,S2,E,31.0,0
OP106129,2025-01-21,W0374,S2,C,18.0,0
OP106130,2025-05-20,W0310,S2,C,30.0,0
OP106134,2025-01-20,W0438,S1,B,38.0,1
OP106135,2025-02-16,W0077,S1,A,36.0,1
OP106138,2025-02-19,W0166,S1,B,40.0,0
OP106141,2025-04-25,W0466,S3,D,40.0,0
OP106142,2025-02-11,W0155,S2,A,21.0,0
OP106143,2025-04-08,W0179,S3,A,33.0,0
OP106149,2025-06-18,W0379,S2,C,17.0,1
OP106158,2025-05-29,W0338,S3,A,25.0,1
OP106159,2025-05-04,W0048,S2,E,36.0,0
OP106161,2025-04-09,W0131,S2,E,22.0,0
OP106163,2025-05-18,W0045,S2,B,39.0,0
OP106164,2025-01-07,W0109,S3,C,14.0,0
OP106166,2025-04-20,W0461,S2,A,34.0,0
OP106168,2025-06-26,W0306,S2,E,45.0,0
OP106171,2025-04-17,W0364,S2,D,29.0,0
OP106172,2025-04-15,W0259,S2,E,23.0,1
OP106175,2025-01-07,W0109,S2,B,28.0,0
OP106177,2025-04-03,W0175,S1,C,45.0,0
OP106180,2025-04-04,W0231,S3,A,44.0,0
OP106181,2025-03-21,W0499,S1,D,16.0,1
OP106183,2025-06-28,W0337,S2,B,39.0,0
OP106184,2025-02-14,W0469,S2,E,1.0,0
OP106187,2025-05-06,W0370,S2,D,42.0,0
OP106192,2025-01-09,W0093,S3,E,41.0,1
OP106193,2025-05-20,W0227,S2,E,26.0,0
OP106201,2025-01-21,W0453,S2,E,32.0,0
OP106202,2025-03-17,W0409,S1,C,44.0,0
OP106205,2025-03-29,W0192,S2,A,29.0,1
OP106209,2025-05-28,W0156,S2,D,37.0,0
OP106211,2025-02-23,W0245,S1,D,5.0,1
OP106212,2025-06-29,W0378,S2,E,49.0,0
OP106215,2025-03-27,W0222,S1,E,36.0,0
OP106216,2025-02-21,W0465,S2,D,1.0,0
OP106221,2025-01-27,W0088,S2,C,20.0,1
OP106222,2025-05-09,W0324,S3,A,29.0,0
OP106224,2025-05-10,W0142,S3,B,6.0,1
OP106225,2025-04-06,W0409,S2,C,33.0,1
OP106226,2025-03-03,W0452,S2,A,7.0,0
OP106229,2025-05-04,W0266,S2,D,7.0,0
OP106230,2025-05-05,W0290,S1,B,14.0,0
OP106231,2025-01-11,W0480,S1,B,25.0,1
OP106232,2025-02-10,W0374,S1,A,21.0,0
OP106233,2025-04-03,W0229,S2,A,9.0,1
OP106235,2025-02-25,W0253,S2,C,10.0,0
OP106238,2025-05-17,W0286,S3,D,32.0,1
OP106244,2025-05-17,W0133,S2,B,49.0,0
OP106245,2025-04-15,W0162,S2,D,37.0,1
OP106246,2025-01-25,W0260,S2,A,46.0,1
OP106247,2025-03-28,W0157,S1,C,6.0,0
OP106248,2025-06-19,W0491,S1,B,45.0,0
OP106249,2025-06-18,W0227,S1,C,20.0,1
OP106253,2025-04-17,W0232,S3,D,29.0,0
OP106258,2025-04-02,W0239,S3,B,24.0,0
OP106259,2025-01-22,W0326,S2,C,14.0,0
OP106260,2025-03-05,W0309,S2,B,32.0,0
OP106263,2025-06-08,W0196,S2,A,13.0,0
OP106266,2025-06-07,W0364,S3,D,41.0,0
OP106267,2025-05-04,W0413,S1,A,1.0,0
OP106268,2025-05-26,W0234,S2,A,7.0,0
OP106269,2025-03-26,W0153,S3,D,44.0,0
OP106270,2025-03-24,W0341,S2,C,44.0,1
OP106271,2025-01-02,W0126,S1,E,31.0,0
OP106273,2025-06-08,W0084,S3,C,16.0,0
OP106274,2025-04-07,W0142,S2,A,17.0,1
OP106275,2025-05-22,W0363,S2,A,10.0,0
OP106277,2025-03-02,W0411,S2,A,33.0,0
OP106278,2025-04-15,W0062,S2,E,21.0,0
OP106279,2025-05-20,W0134,S2,B,38.0,1
OP106280,2025-06-15,W0428,S3,D,20.0,0
OP106286,2025-01-27,W0479,S2,A,9.0,0
OP106287,2025-02-02,W0313,S2,C,48.0,0
OP106288,2025-04-23,W0407,S1,B,22.0,0
OP106290,2025-04-05,W0490,S2,D,42.0,0
OP106293,2025-05-14,W0311,S2,A,36.0,0
OP106294,2025-01-01,W0293,S3,E,43.0,0
OP106296,2025-02-04,W0368,S2,D,8.0,0
OP106297,2025-01-02,W0365,S2,E,1.0,0
OP106298,2025-06-02,W0026,S2,B,44.0,0
OP106301,2025-06-28,W0494,S1,E,29.0,0
OP106302,2025-03-03,W0051,S1,D,10.0,1
OP106303,2025-06-20,W0020,S1,D,6.0,0
OP106306,2025-03-08,W0051,S2,A,46.0,0
OP106308,2025-05-04,W0257,S2,C,44.0,0
OP106309,2025-03-02,W0044,S1,B,47.0,1
OP106310,2025-01-06,W0235,S2,E,25.0,0
OP106314,2025-01-22,W0462,S1,D,6.0,0
OP106315,2025-04-03,W0104,S2,E,4.0,0
OP106316,2025-03-21,W0212,S2,E,37.0,0
OP106318,2025-06-23,W0040,S2,E,3.0,0
OP106319,2025-02-27,W0459,S2,A,40.0,1
OP106322,2025-03-26,W0310,S2,D,6.0,0
OP106324,2025-04-22,W0111,S1,C,21.0,0
OP106325,2025-01-28,W0398,S2,A,6.0,1
OP106326,2025-04-12,W0193,S2,B,13.0,0
OP106329,2025-02-18,W0405,S3,C,36.0,0
OP106330,2025-04-21,W0273,S1,E,21.0,0
OP106333,2025-06-23,W0171,S3,C,11.0,0
OP106334,2025-02-22,W0370,S2,E,38.0,0
OP106336,2025-05-28,W0106,S2,A,15.0,1
OP106339,2025-03-10,W0391,S2,D,14.0,0
OP106340,2025-01-09,W0488,S2,E,47.0,0
OP106342,2025-01-23,W0048,S2,A,42.0,0
OP106346,2025-06-28,W0244,S1,C,4.0,0
OP106347,2025-05-12,W0483,S2,C,14.0,0
OP106349,2025-06-28,W0391,S1,B,27.0,0
OP106354,2025-03-14,W0119,S2,D,2.0,1
OP106358,2025-05-06,W0291,S2,A,16.0,0
OP106359,2025-06-05,W0375,S2,A,16.0,1
OP106361,2025-02-24,W0395,S1,D,45.0,0
OP106362,2025-06-19,W0490,S2,C,43.0,0
OP106364,2025-02-21,W0234,S3,E,47.0,1
OP106367,2025-06-13,W0235,S2,D,49.0,0
OP106368,2025-01-09,W0099,S3,E,41.0,1
OP106369,2025-02-15,W0232,S1,E,25.0,0
OP106371,2025-04-06,W0471,S2,A,25.0,0
OP106373,2025-04-30,W0277,S2,B,48.0,0
OP106374,2025-05-27,W0119,S2,A,40.0,0
OP106382,2025-06-08,W0181,S3,A,4.0,1
OP106383,2025-02-12,W0173,S3,B,35.0,1
OP106385,2025-06-27,W0416,S2,D,33.0,0
OP106386,2025-02-05,W0262,S3,B,38.0,0
OP106388,2025-01-03,W0253,S2,D,2.0,0
OP106389,2025-02-21,W0485,S2,B,4.0,1
OP106390,2025-02-23,W0082,S2,E,1.0,1
OP106391,2025-04-20,W0204,S1,D,31.0,0
OP106394,2025-01-16,W0011,S2,A,35.0,0
OP106397,2025-04-27,W0444,S2,C,25.0,0
OP106398,2025-02-22,W0022,S1,D,26.0,1
OP106401,2025-04-27,W0458,S3,B,2.0,0
OP106406,2025-03-06,W0163,S3,E,16.0,1
OP106407,2025-01-29,W0427,S3,B,24.0,0
OP106409,2025-06-09,W0306,S3,A,35.0,0
OP106413,2025-03-03,W0182,S3,E,39.0,1
OP106415,2025-06-13,W0121,S1,C,19.0,1
OP106417,2025-06-19,W0330,S2,C,7.0,0
OP106421,2025-01-04,W0462,S1,C,32.0,0
OP106422,2025-06-07,W0041,S1,A,48.0,1
OP106423,2025-04-05,W0155,S3,D,31.0,0
OP106424,2025-02-04,W0244,S3,C,25.0,0
OP106430,2025-01-26,W0291,S3,A,42.0,1
OP106433,2025-02-25,W0346,S3,E,11.0,0
OP106435,2025-05-24,W0191,S1,A,2.0,0
OP106437,2025-02-23,W0297,S2,A,7.0,0
OP106438,2025-01-23,W0305,S1,D,48.0,0
OP106444,2025-04-10,W0076,S3,A,31.0,0
OP106445,2025-02-20,W0036,S2,B,32.0,0
OP106446,2025-05-15,W0443,S1,E,2.0,0
OP106447,2025-03-14,W0245,S3,C,12.0,1
OP106448,2025-03-06,W0226,S2,A,2.0,0
OP106449,2025-05-12,W0471,S2,A,47.0,0
OP106450,2025-06-28,W0486,S1,A,49.0,0
OP106452,2025-04-18,W0108,S2,A,15.0,0
OP106455,2025-04-13,W0353,S3,C,48.0,1
OP106456,2025-01-12,W0480,S2,C,23.0,0
OP106457,2025-02-08,W0210,S1,D,27.0,0
OP106458,2025-02-21,W0068,S1,C,11.0,0
OP106462,2025-04-15,W0263,S2,D,15.0,0
OP106463,2025-06-07,W0494,S2,B,17.0,0
OP106466,2025-02-11,W0371,S3,A,29.0,0
OP106467,2025-05-11,W0305,S1,C,25.0,0
OP106468,2025-04-12,W0190,S2,E,14.0,0
OP106471,2025-01-21,W0135,S2,D,11.0,0
OP106474,2025-01-07,W0220,S2,B,19.0,0
OP106475,2025-06-24,W0220,S2,C,29.0,0
OP106476,2025-06-04,W0221,S3,A,18.0,0
OP106477,2025-04-03,W0462,S2,B,18.0,0
OP106480,2025-01-23,W0219,S1,A,49.0,0
OP106481,2025-03-28,W0351,S2,B,10.0,0
OP106484,2025-05-18,W0107,S3,D,49.0,1
OP106487,2025-04-09,W0483,S2,A,16.0,0
OP106488,2025-04-17,W0049,S1,A,38.0,0
OP106490,2025-06-29,W0119,S3,B,41.0,0
OP106491,2025-04-09,W0112,S2,D,14.0,1
OP106492,2025-03-11,W0052,S3,B,4.0,0
OP106493,2025-05-10,W0475,S2,E,21.0,1
OP106496,2025-06-09,W0309,S3,A,6.0,0
OP106497,2025-05-19,W0008,S2,D,23.0,0
OP106498,2025-05-17,W0405,S2,C,12.0,0
OP106499,2025-03-11,W0096,S3,C,45.0,0
OP106504,2025-03-14,W0482,S2,C,48.0,1
OP106506,2025-03-04,W0110,S2,E,4.0,1
OP106507,2025-05-19,W0369,S1,D,27.0,1
OP106509,2025-03-07,W0462,S1,A,21.0,0
OP106511,2025-05-05,W0438,S2,C,41.0,1
OP106513,2025-04-22,W0345,S1,C,43.0,1
OP106515,2025-05-24,W0327,S3,E,26.0,0
OP106516,2025-06-27,W0153,S2,B,7.0,0
OP106518,2025-05-20,W0315,S2,A,38.0,0
OP106519,2025-01-25,W0385,S1,B,42.0,1
OP106520,2025-03-31,W0114,S3,E,21.0,0
OP106522,2025-02-20,W0037,S2,D,43.0,1
OP106526,2025-05-25,W0430,S3,B,5.0,1
OP106527,2025-03-05,W0498,S2,A,16.0,1
OP106528,2025-01-26,W0322,S1,A,19.0,0
OP106530,2025-06-29,W0114,S2,A,27.0,0
OP106531,2025-02-20,W0253,S2,E,15.0,1
OP106535,2025-01-04,W0010,S2,A,15.0,0
OP106536,2025-05-11,W0145,S2,E,37.0,0
OP106537,2025-01-12,W0025,S2,D,17.0,0
OP106539,2025-03-05,W0076,S1,B,8.0,0
OP106544,2025-02-19,W0357,S1,A,26.0,0
OP106545,2025-06-17,W0366,S2,C,41.0,0
OP106546,2025-05-11,W0272,S3,C,39.0,0
OP106549,2025-02-15,W0009,S2,B,44.0,0
OP106551,2025-01-22,W0257,S2,B,19.0,1
OP106552,2025-06-13,W0459,S1,A,1.0,1
OP106553,2025-05-13,W0285,S3,C,5.0,1
OP106555,2025-04-05,W0079,S3,B,36.0,1
OP106556,2025-05-15,W0170,S2,B,26.0,0
OP106558,2025-01-24,W0206,S3,C,28.0,0
OP106563,2025-04-15,W0463,S2,D,11.0,0
OP106564,2025-01-15,W0455,S3,C,19.0,0
OP106565,2025-01-27,W0234,S2,B,24.0,0
OP106568,2025-05-17,W0246,S1,E,6.0,0
OP106572,2025-05-04,W0484,S1,A,48.0,1
OP106573,2025-02-27,W0484,S2,C,8.0,0
OP106574,2025-05-07,W0123,S1,E,43.0,0
OP106575,2025-02-22,W0225,S2,E,18.0,1
OP106576,2025-05-11,W0218,S3,C,11.0,0
OP106577,2025-05-11,W0397,S2,C,12.0,0
OP106581,2025-05-03,W0473,S3,A,7.0,0
OP106583,2025-06-10,W0449,S2,C,44.0,0
OP106586,2025-06-26,W0091,S2,E,17.0,0
OP106588,2025-04-01,W0365,S2,E,2.0,1
OP106591,2025-03-19,W0412,S2,B,28.0,0
OP106593,2025-01-01,W0424,S2,E,10.0,0
OP106596,2025-02-06,W0029,S1,B,22.0,0
OP106599,2025-02-13,W0349,S1,D,38.0,0
OP106600,2025-02-23,W0470,S2,D,47.0,1
OP106601,2025-05-20,W0019,S1,C,48.0,0
OP106602,2025-01-16,W0033,S1,D,6.0,0
OP106604,2025-02-15,W0457,S1,B,24.0,0
OP106605,2025-06-22,W0160,S2,E,14.0,0
OP106610,2025-03-06,W0046,S3,C,49.0,0
OP106611,2025-03-31,W0085,S3,B,23.0,0
OP106613,2025-02-23,W0011,S3,C,33.0,0
OP106614,2025-04-30,W0425,S3,E,13.0,0
OP106616,2025-04-09,W0087,S1,E,17.0,0
OP106617,2025-05-29,W0268,S2,A,12.0,0
OP106619,2025-03-29,W0465,S1,C,33.0,0
OP106620,2025-03-03,W0317,S2,D,2.0,0
OP106624,2025-06-01,W0375,S2,B,47.0,1
OP106625,2025-03-21,W0242,S2,E,19.0,0
OP106626,2025-05-16,W0022,S1,D,26.0,1
OP106628,2025-06-20,W0172,S2,C,18.0,1
OP106631,2025-03-28,W0036,S2,B,42.0,0
OP106632,2025-04-18,W0180,S2,A,9.0,0
OP106637,2025-01-26,W0197,S3,C,47.0,0
OP106638,2025-01-21,W0294,S3,D,25.0,1
OP106647,2025-03-23,W0180,S2,E,8.0,0
OP106649,2025-02-19,W0492,S2,A,44.0,0
OP106650,2025-04-16,W0356,S3,A,29.0,0
OP106652,2025-06-25,W0398,S1,E,12.0,0
OP106656,2025-02-26,W0196,S2,A,41.0,0
OP106657,2025-03-17,W0024,S2,A,25.0,0
OP106658,2025-05-18,W0227,S1,C,34.0,0
OP106659,2025-02-18,W0222,S2,A,6.0,0
OP106661,2025-01-16,W0085,S2,D,42.0,0
OP106663,2025-06-26,W0440,S3,C,20.0,0
OP106666,2025-05-08,W0163,S2,E,24.0,1
OP106667,2025-05-28,W0085,S3,D,24.0,0
OP106671,2025-02-05,W0440,S2,A,42.0,0
OP106672,2025-03-29,W0244,S2,B,33.0,1
OP106674,2025-01-02,W0006,S2,E,45.0,0
OP106675,2025-02-18,W0163,S3,D,42.0,0
OP106678,2025-02-02,W0150,S2,C,17.0,0
OP106679,2025-04-01,W0272,S3,B,6.0,0
OP106682,2025-04-13,W0038,S2,B,24.0,0
OP106683,2025-01-04,W0164,S2,B,47.0,0
OP106684,2025-06-11,W0449,S2,E,36.0,0
OP106685,2025-01-10,W0280,S2,A,31.0,0
OP106686,2025-05-01,W0489,S2,B,14.0,1
OP106690,2025-03-01,W0406,S2,D,11.0,0
OP106691,2025-02-05,W0267,S1,C,13.0,0
OP106693,2025-02-12,W0276,S2,D,23.0,0
OP106700,2025-03-19,W0464,S1,B,6.0,0
OP106703,2025-01-18,W0489,S2,A,49.0,1
OP106704,2025-02-14,W0008,S2,A,29.0,0
OP106705,2025-06-14,W0418,S2,B,25.0,0
OP106709,2025-01-07,W0257,S3,D,45.0,0
OP106712,2025-03-09,W0095,S3,B,4.0,0
OP106714,2025-04-08,W0353,S2,B,18.0,0
OP106715,2025-05-02,W0026,S3,E,14.0,0
OP106716,2025-05-19,W0030,S3,C,27.0,0
OP106719,2025-05-08,W0341,S1,C,14.0,1
OP106720,2025-06-23,W0124,S3,D,5.0,0
OP106724,2025-05-20,W0403,S1,E,38.0,1
OP106725,2025-06-05,W0195,S2,C,33.0,0
OP106726,2025-04-11,W0242,S1,A,3.0,1
OP106727,2025-05-10,W0280,S3,E,9.0,1
OP106733,2025-02-20,W0307,S1,B,13.0,0
OP106737,2025-01-15,W0435,S2,A,31.0,0
OP106739,2025-04-24,W0405,S2,C,30.0,0
OP106740,2025-04-11,W0349,S2,E,37.0,1
OP106742,2025-02-22,W0101,S2,D,15.0,1
OP106744,2025-05-01,W0417,S2,C,19.0,1
OP106746,2025-03-10,W0298,S2,B,2.0,1
OP106747,2025-05-21,W0464,S2,C,26.0,0
OP106748,2025-01-18,W0229,S2,D,14.0,0
OP106749,2025-01-30,W0121,S3,E,22.0,0
OP106754,2025-04-27,W0105,S2,B,34.0,0
OP106757,2025-02-05,W0367,S2,A,41.0,0
OP106760,2025-05-05,W0085,S1,B,10.0,0
OP106761,2025-03-13,W0164,S2,E,18.0,0
OP106767,2025-06-19,W0279,S2,D,42.0,0
OP106771,2025-06-09,W0240,S2,D,18.0,0
OP106773,2025-05-26,W0078,S2,B,49.0,0
OP106774,2025-06-27,W0431,S3,D,7.0,0
OP106776,2025-06-19,W0415,S1,D,4.0,1
OP106779,2025-01-18,W0059,S1,B,1.0,0
OP106780,2025-06-22,W0047,S3,E,18.0,0
OP106782,2025-06-16,W0481,S1,C,23.0,1
OP106786,2025-04-27,W0324,S1,B,19.0,0
OP106789,2025-03-10,W0309,S2,D,27.0,0
OP106790,2025-02-01,W0418,S3,E,45.0,0
OP106792,2025-02-16,W0154,S3,A,31.0,0
OP106797,2025-03-02,W0306,S3,E,9.0,0
OP106798,2025-05-06,W0204,S2,A,26.0,0
OP106799,2025-01-24,W0453,S1,D,22.0,1
OP106800,2025-01-12,W0372,S2,C,47.0,1
OP106801,2025-06-09,W0462,S2,C,17.0,0
OP106802,2025-01-17,W0268,S2,B,44.0,1
OP106804,2025-05-27,W0147,S2,E,16.0,0
OP106808,2025-06-04,W0040,S1,A,48.0,0
OP106811,2025-04-07,W0058,S2,E,23.0,0
OP106814,2025-06-14,W0493,S1,A,34.0,0
OP106821,2025-01-23,W0477,S2,A,33.0,0
OP106823,2025-03-19,W0036,S1,C,1.0,0
OP106824,2025-06-24,W0126,S1,B,25.0,0
OP106826,2025-04-19,W0137,S1,D,40.0,0
OP106828,2025-01-29,W0091,S2,B,36.0,0
OP106829,2025-03-08,W0026,S3,E,1.0,1
OP106830,2025-03-24,W0427,S1,A,31.0,1
OP106831,2025-01-15,W0092,S2,D,15.0,0
OP106833,2025-02-26,W0009,S1,C,15.0,0
OP106834,2025-06-26,W0494,S1,B,36.0,0
OP106835,2025-05-15,W0108,S1,C,11.0,0
OP106837,2025-01-18,W0382,S2,B,44.0,0
OP106840,2025-06-16,W0022,S1,B,11.0,0
OP106841,2025-01-23,W0247,S1,B,11.0,0
OP106842,2025-03-04,W0246,S2,E,16.0,0
OP106844,2025-02-09,W0029,S1,A,1.0,1
OP106847,2025-01-01,W0295,S2,D,43.0,1
OP106848,2025-03-23,W0048,S2,D,13.0,0
OP106850,2025-06-02,W0190,S2,C,45.0,0
OP106854,2025-02-16,W0140,S2,B,23.0,0
OP106856,2025-01-23,W0078,S1,A,34.0,1
OP106859,2025-04-20,W0246,S3,D,19.0,0
OP106860,2025-01-25,W0239,S2,C,47.0,0
OP106862,2025-03-21,W0326,S2,D,12.0,0
OP106863,2025-04-26,W0296,S2,A,2.0,0
OP106866,2025-04-22,W0252,S3,A,15.0,0
OP106870,2025-03-19,W0101,S2,C,41.0,1
OP106872,2025-01-01,W0335,S2,E,13.0,0
OP106873,2025-04-07,W0149,S3,D,3.0,0
OP106875,2025-01-09,W0418,S3,C,9.0,0
OP106877,2025-03-23,W0202,S1,C,39.0,0
OP106879,2025-01-10,W0202,S1,D,5.0,0
OP106881,2025-06-25,W0367,S1,B,28.0,0
OP106882,2025-06-21,W0183,S2,D,33.0,1
OP106885,2025-06-25,W0048,S2,C,25.0,0
OP106886,2025-02-01,W0030,S1,C,15.0,0
OP106888,2025-02-28,W0283,S1,C,39.0,1
OP106890,2025-06-23,W0339,S1,A,26.0,0
OP106893,2025-02-19,W0470,S1,D,47.0,0
OP106899,2025-01-21,W0014,S3,D,26.0,0
OP106901,2025-03-08,W0199,S2,C,36.0,1
OP106903,2025-02-03,W0212,S3,E,21.0,0
OP106904,2025-01-10,W0298,S2,A,19.0,0
OP106905,2025-06-27,W0117,S1,B,14.0,0
OP106906,2025-02-15,W0113,S2,C,35.0,0
OP106908,2025-06-06,W0371,S2,E,11.0,0
OP106909,2025-02-23,W0316,S2,E,38.0,0
OP106910,2025-06-08,W0364,S1,E,13.0,0
OP106914,2025-02-13,W0451,S3,A,42.0,0
OP106916,2025-03-17,W0038,S3,C,10.0,1
OP106917,2025-04-24,W0497,S2,E,36.0,0
OP106920,2025-05-30,W0196,S2,D,24.0,0
OP106921,2025-05-01,W0121,S2,B,5.0,0
OP106924,2025-06-29,W0116,S1,B,49.0,0
OP106926,2025-03-18,W0057,S2,A,13.0,1
OP106927,2025-02-09,W0071,S1,D,48.0,0
OP106929,2025-04-22,W0014,S3,B,33.0,0
OP106930,2025-06-24,W0438,S1,B,33.0,0
OP106931,2025-06-27,W0337,S1,A,49.0,1
OP106934,2025-02-19,W0122,S3,C,36.0,0
OP106936,2025-06-29,W0050,S1,D,2.0,0
OP106937,2025-04-04,W0245,S2,A,24.0,0
OP106939,2025-04-29,W0497,S2,D,17.0,0
OP106940,2025-04-16,W0277,S3,E,36.0,0
OP106942,2025-01-03,W0082,S1,B,10.0,0
OP106943,2025-06-29,W0111,S2,B,37.0,0
OP106946,2025-01-16,W0244,S1,C,2.0,0
OP106950,2025-06-03,W0109,S3,D,20.0,0
OP106951,2025-03-01,W0107,S3,D,28.0,0
OP106954,2025-02-24,W0492,S3,A,2.0,1
OP106957,2025-03-08,W0213,S2,A,6.0,0
OP106961,2025-03-05,W0364,S1,D,7.0,1
OP106962,2025-03-14,W0353,S3,A,2.0,1
OP106964,2025-02-23,W0042,S2,D,48.0,0
OP106965,2025-02-10,W0370,S2,D,26.0,0
OP106966,2025-02-17,W0267,S1,C,43.0,0
OP106967,2025-01-03,W0235,S1,B,23.0,0
OP106969,2025-06-29,W0113,S3,D,18.0,0
OP106970,2025-06-22,W0432,S1,A,21.0,0
OP106973,2025-02-15,W0159,S3,D,21.0,1
OP106975,2025-04-10,W0066,S2,B,32.0,0
OP106976,2025-06-06,W0169,S2,E,29.0,0
OP106983,2025-03-06,W0218,S1,C,10.0,1
OP106984,2025-02-23,W0479,S2,C,24.0,1
OP106985,2025-06-07,W0492,S2,D,14.0,0
OP106987,2025-02-03,W0079,S2,C,36.0,1
OP106988,2025-05-11,W0281,S3,C,34.0,1
OP106989,2025-06-24,W0463,S2,C,14.0,1
OP106991,2025-03-21,W0353,S3,C,37.0,0
OP106995,2025-01-04,W0043,S2,D,6.0,0
OP106996,2025-06-11,W0255,S1,A,11.0,0
OP106997,2025-05-22,W0254,S2,E,49.0,0
OP106998,2025-05-25,W0322,S2,C,28.0,0
OP106999,2025-04-27,W0004,S2,A,5.0,0
OP107000,2025-04-28,W0456,S2,D,1.0,0
OP107003,2025-05-21,W0343,S1,E,44.0,0
OP107005,2025-03-01,W0358,S2,D,16.0,1
OP107006,2025-06-02,W0221,S3,E,33.0,1
OP107007,2025-04-30,W0035,S1,B,42.0,0
OP107008,2025-03-20,W0470,S3,D,15.0,0
OP107013,2025-05-29,W0041,S2,E,36.0,0
OP107014,2025-03-19,W0112,S1,A,4.0,1
OP107015,2025-05-29,W0197,S1,C,33.0,0
OP107019,2025-06-06,W0195,S2,A,12.0,0
OP107021,2025-03-26,W0163,S2,D,43.0,0
OP107023,2025-05-01,W0022,S2,B,44.0,0
OP107025,2025-06-18,W0396,S3,D,42.0,0
OP107026,2025-02-06,W0483,S1,A,13.0,0
OP107029,2025-03-20,W0123,S1,D,45.0,0
OP107030,2025-05-06,W0009,S2,A,44.0,1
OP107031,2025-05-02,W0336,S1,C,17.0,0
OP107032,2025-06-18,W0057,S1,C,27.0,0
OP107033,2025-02-09,W0059,S3,B,40.0,0
OP107034,2025-02-21,W0114,S3,D,48.0,1
OP107035,2025-05-25,W0144,S1,C,49.0,0
OP107046,2025-01-06,W0430,S3,A,11.0,1
OP107047,2025-01-12,W0423,S1,D,18.0,0
OP107048,2025-01-02,W0140,S2,A,4.0,0
OP107052,2025-01-12,W0457,S2,D,25.0,0
OP107053,2025-05-09,W0231,S2,A,25.0,0
OP107054,2025-01-07,W0363,S3,E,49.0,0
OP107057,2025-06-03,W0250,S1,B,39.0,1
OP107064,2025-05-11,W0009,S2,A,3.0,1
OP107069,2025-03-18,W0233,S3,B,38.0,0
OP107070,2025-03-26,W0057,S2,D,15.0,0
OP107071,2025-01-25,W0012,S3,D,39.0,0
OP107072,2025-04-03,W0159,S1,D,44.0,0
OP107073,2025-01-12,W0460,S2,A,20.0,1
OP107075,2025-06-08,W0480,S3,B,11.0,0
OP107076,2025-03-04,W0028,S1,C,14.0,1
OP107078,2025-05-17,W0021,S3,E,2.0,0
OP107081,2025-02-21,W0021,S3,B,26.0,0
OP107082,2025-02-01,W0130,S2,D,41.0,1
OP107083,2025-05-31,W0139,S2,D,13.0,0
OP107085,2025-01-17,W0039,S2,E,9.0,0
OP107087,2025-04-14,W0351,S3,A,2.0,0
OP107094,2025-04-14,W0192,S3,C,27.0,0
OP107096,2025-01-26,W0022,S2,E,40.0,1
OP107099,2025-02-18,W0046,S1,E,10.0,0
OP107102,2025-03-27,W0057,S2,B,35.0,0
OP107103,2025-01-18,W0304,S3,D,21.0,0
OP107105,2025-06-04,W0095,S3,D,43.0,0
OP107107,2025-03-12,W0007,S2,A,36.0,0
OP107113,2025-01-04,W0158,S1,B,10.0,1
OP107115,2025-01-08,W0306,S3,A,19.0,0
OP107121,2025-05-19,W0222,S2,A,38.0,0
OP107122,2025-03-18,W0138,S1,C,8.0,0
OP107126,2025-05-19,W0243,S1,A,28.0,0
OP107131,2025-02-20,W0363,S3,E,36.0,1
OP107133,2025-05-14,W0042,S3,C,21.0,1
OP107135,2025-02-12,W0040,S2,E,3.0,0
OP107136,2025-05-21,W0495,S1,E,21.0,1
OP107138,2025-04-15,W0127,S3,C,18.0,0
OP107141,2025-01-25,W0379,S2,E,15.0,0
OP107143,2025-01-11,W0157,S2,A,21.0,0
OP107145,2025-02-15,W0370,S1,C,3.0,0
OP107146,2025-02-28,W0463,S1,E,35.0,0
OP107149,2025-05-29,W0463,S2,B,6.0,1
OP107153,2025-01-01,W0064,S2,C,8.0,0
OP107154,2025-04-16,W0145,S2,A,49.0,0
OP107155,2025-02-27,W0382,S2,A,8.0,1
OP107156,2025-05-01,W0398,S2,C,17.0,0
OP107162,2025-01-05,W0380,S1,C,2.0,0
OP107167,2025-04-08,W0176,S1,C,41.0,1
OP107168,2025-01-20,W0023,S2,C,14.0,0
OP107171,2025-03-20,W0031,S2,C,18.0,0
OP107174,2025-03-26,W0225,S1,D,16.0,0
OP107176,2025-03-18,W0393,S2,C,47.0,0
OP107178,2025-06-22,W0129,S2,A,34.0,1
OP107186,2025-02-25,W0156,S2,A,39.0,1
OP107188,2025-01-09,W0102,S3,A,27.0,0
OP107190,2025-04-08,W0105,S1,C,38.0,0
OP107191,2025-04-13,W0382,S2,E,25.0,0
OP107193,2025-03-03,W0402,S2,E,11.0,0
OP107194,2025-04-05,W0248,S1,C,27.0,0
OP107196,2025-06-04,W0282,S1,B,32.0,0
OP107199,2025-05-12,W0318,S2,D,23.0,0
OP107202,2025-05-15,W0166,S1,D,33.0,1
OP107203,2025-06-05,W0294,S2,B,48.0,0
OP107205,2025-02-16,W0306,S3,C,29.0,0
OP107207,2025-01-15,W0158,S1,D,23.0,0
OP107209,2025-02-13,W0068,S2,A,39.0,0
OP107210,2025-05-26,W0027,S2,A,12.0,0
OP107212,2025-06-06,W0116,S2,E,28.0,0
OP107215,2025-02-12,W0163,S3,B,15.0,0
OP107217,2025-03-25,W0029,S3,C,22.0,1
OP107218,2025-01-12,W0478,S3,A,42.0,0
OP107222,2025-06-20,W0354,S2,D,26.0,0
OP107224,2025-05-14,W0424,S2,A,45.0,0
OP107227,2025-03-08,W0253,S3,C,1.0,0
OP107235,2025-04-25,W0183,S2,C,32.0,0
OP107238,2025-04-29,W0386,S2,C,35.0,1
OP107241,2025-05-14,W0126,S2,A,2.0,0
OP107242,2025-03-28,W0273,S2,C,13.0,1
OP107244,2025-02-15,W0342,S2,B,40.0,1
OP107245,2025-05-04,W0098,S3,A,31.0,0
OP107250,2025-02-02,W0222,S2,E,46.0,0
OP107251,2025-05-25,W0242,S1,B,18.0,1
OP107252,2025-06-28,W0168,S2,E,12.0,0
OP107253,2025-01-17,W0128,S3,B,2.0,0
OP107254,2025-03-05,W0114,S1,C,8.0,0
OP107257,2025-04-02,W0378,S3,A,10.0,0
OP107258,2025-03-03,W0148,S3,D,23.0,1
OP107260,2025-04-14,W0435,S2,E,47.0,0
OP107262,2025-06-06,W0375,S1,D,1.0,0
OP107263,2025-05-09,W0483,S2,A,27.0,1
OP107264,2025-04-22,W0081,S2,E,35.0,0
OP107265,2025-04-16,W0066,S2,D,39.0,0
OP107267,2025-03-12,W0335,S2,A,25.0,0
OP107269,2025-03-02,W0108,S3,E,10.0,0
OP107274,2025-03-29,W0200,S1,E,39.0,0
OP107276,2025-01-16,W0249,S3,A,8.0,0
OP107281,2025-06-22,W0355,S1,A,16.0,1
OP107282,2025-06-20,W0098,S1,A,45.0,1
OP107286,2025-03-11,W0114,S1,C,17.0,0
OP107287,2025-02-28,W0448,S2,D,35.0,0
OP107293,2025-02-05,W0281,S3,C,15.0,1
OP107294,2025-06-15,W0279,S2,A,16.0,0
OP107295,2025-01-02,W0173,S3,E,16.0,0
OP107298,2025-02-20,W0180,S2,B,22.0,0
OP107301,2025-03-04,W0055,S3,E,44.0,0
OP107304,2025-03-27,W0443,S2,C,21.0,0
OP107305,2025-01-29,W0454,S2,D,11.0,1
OP107307,2025-03-09,W0470,S3,D,8.0,0
OP107308,2025-02-20,W0403,S2,D,22.0,1
OP107312,2025-03-20,W0179,S2,A,12.0,0
OP107314,2025-06-24,W0258,S2,B,15.0,0
OP107315,2025-01-25,W0211,S2,E,13.0,0
OP107321,2025-06-19,W0119,S2,A,4.0,0
OP107322,2025-01-17,W0472,S3,A,23.0,0
OP107324,2025-01-01,W0420,S3,B,28.0,0
OP107326,2025-01-07,W0396,S2,E,18.0,0
OP107329,2025-06-13,W0483,S2,B,14.0,0
OP107332,2025-03-24,W0051,S1,B,11.0,0
OP107333,2025-04-16,W0394,S1,A,9.0,0
OP107334,2025-05-15,W0018,S2,C,20.0,0
OP107335,2025-06-23,W0397,S2,A,20.0,1
OP107336,2025-03-10,W0312,S1,C,15.0,0
OP107337,2025-03-12,W0383,S3,C,9.0,0
OP107338,2025-06-03,W0195,S2,E,46.0,0
OP107339,2025-01-28,W0408,S1,D,35.0,0
OP107340,2025-06-27,W0317,S2,A,31.0,1
OP107343,2025-06-25,W0500,S2,C,17.0,0
OP107348,2025-05-26,W0062,S2,A,19.0,1
OP107349,2025-04-10,W0214,S2,C,49.0,0
OP107350,2025-05-09,W0268,S3,A,26.0,1
OP107352,2025-06-20,W0303,S3,D,40.0,0
OP107357,2025-04-26,W0143,S2,D,26.0,0
OP107358,2025-06-03,W0039,S3,D,26.0,0
OP107360,2025-04-12,W0358,S2,C,48.0,0
OP107361,2025-03-30,W0185,S2,B,20.0,0
OP107362,2025-04-18,W0478,S3,B,12.0,0
OP107364,2025-03-01,W0270,S1,A,46.0,0
OP107365,2025-02-20,W0240,S3,D,7.0,1
OP107366,2025-06-03,W0404,S2,B,25.0,0
OP107368,2025-03-25,W0442,S1,E,40.0,0
OP107369,2025-06-10,W0493,S2,E,38.0,0
OP107374,2025-01-11,W0377,S3,B,3.0,1
OP107375,2025-05-29,W0200,S2,A,15.0,1
OP107376,2025-03-05,W0025,S1,A,16.0,0
OP107378,2025-04-16,W0287,S2,A,28.0,0
OP107382,2025-04-05,W0030,S3,D,16.0,0
OP107383,2025-01-29,W0198,S3,B,32.0,0
OP107384,2025-02-04,W0201,S1,D,30.0,0
OP107387,2025-06-18,W0176,S3,C,27.0,0
OP107388,2025-04-28,W0300,S3,C,5.0,0
OP107389,2025-03-08,W0044,S2,C,29.0,1
OP107390,2025-01-18,W0181,S2,C,32.0,0
OP107395,2025-04-22,W0033,S1,D,18.0,0
OP107398,2025-06-21,W0097,S2,D,25.0,0
OP107400,2025-01-27,W0185,S1,B,21.0,0
OP107402,2025-05-08,W0474,S3,B,5.0,1
OP107404,2025-05-16,W0092,S2,B,24.0,1
OP107405,2025-06-08,W0488,S3,D,7.0,1
OP107406,2025-01-03,W0489,S3,D,22.0,1
OP107407,2025-03-28,W0275,S1,E,31.0,0
OP107410,2025-01-29,W0095,S3,A,20.0,0
OP107414,2025-03-28,W0399,S2,B,47.0,1
OP107415,2025-01-15,W0217,S1,E,17.0,1
OP107416,2025-04-14,W0424,S2,C,47.0,0
OP107417,2025-02-01,W0352,S3,E,4.0,0
OP107421,2025-01-09,W0193,S3,B,40.0,0
OP107423,2025-04-26,W0392,S2,D,26.0,1
OP107425,2025-05-06,W0493,S3,C,31.0,0
OP107426,2025-03-25,W0123,S3,C,29.0,0
OP107430,2025-01-20,W0338,S2,B,38.0,0
OP107431,2025-02-13,W0372,S2,A,42.0,0
OP107432,2025-01-12,W0432,S2,C,20.0,0
OP107435,2025-03-23,W0348,S3,A,1.0,0
OP107440,2025-04-24,W0102,S3,B,31.0,0
OP107441,2025-02-28,W0374,S2,E,8.0,0
OP107442,2025-03-17,W0266,S1,C,18.0,0
OP107445,2025-05-13,W0162,S2,E,6.0,0
OP107453,2025-04-07,W0335,S3,A,1.0,0
OP107454,2025-05-10,W0215,S2,B,3.0,0
OP107455,2025-03-11,W0364,S3,B,15.0,0
OP107462,2025-05-25,W0003,S3,E,39.0,0
OP107463,2025-06-04,W0105,S3,E,4.0,0
OP107464,2025-03-06,W0128,S3,D,30.0,0
OP107468,2025-04-28,W0135,S3,C,24.0,0
OP107472,2025-03-06,W0139,S2,E,18.0,1
OP107473,2025-04-05,W0306,S1,D,6.0,1
OP107476,2025-02-25,W0417,S2,B,30.0,1
OP107479,2025-03-12,W0356,S2,B,13.0,0
OP107482,2025-05-08,W0294,S2,C,27.0,0
OP107484,2025-03-15,W0467,S2,B,2.0,0
OP107485,2025-05-18,W0114,S3,D,35.0,1
OP107486,2025-01-09,W0424,S2,A,35.0,0
OP107487,2025-06-21,W0174,S3,B,13.0,1
OP107488,2025-04-11,W0276,S2,E,21.0,1
OP107489,2025-01-23,W0234,S2,C,14.0,1
OP107492,2025-04-12,W0108,S2,D,31.0,0
OP107494,2025-01-01,W0141,S1,B,44.0,1
OP107496,2025-04-06,W0237,S2,E,23.0,0
OP107498,2025-05-24,W0463,S2,C,20.0,1
OP107500,2025-03-12,W0169,S3,D,28.0,0
OP107501,2025-05-28,W0431,S2,B,26.0,0
OP107503,2025-05-19,W0222,S1,C,45.0,0
OP107510,2025-03-27,W0049,S1,B,39.0,0
OP107512,2025-02-03,W0185,S2,C,41.0,1
OP107513,2025-04-29,W0332,S2,C,6.0,0
OP107515,2025-03-21,W0346,S2,A,36.0,0
OP107516,2025-03-22,W0144,S2,D,12.0,0
OP107517,2025-06-08,W0232,S2,D,29.0,1
OP107520,2025-06-07,W0247,S3,C,47.0,0
OP107522,2025-05-25,W0357,S2,E,23.0,1
OP107524,2025-04-28,W0068,S1,C,28.0,0
OP107527,2025-05-01,W0230,S3,A,19.0,0
OP107528,2025-03-25,W0274,S2,A,30.0,0
OP107531,2025-04-15,W0100,S1,C,40.0,1
OP107532,2025-06-17,W0349,S1,B,42.0,0
OP107535,2025-03-31,W0073,S1,E,11.0,0
OP107538,2025-02-28,W0443,S3,C,5.0,0
OP107540,2025-03-05,W0458,S2,E,31.0,0
OP107542,2025-05-29,W0492,S2,D,11.0,0
OP107543,2025-05-27,W0220,S1,E,3.0,1
OP107544,2025-06-13,W0057,S2,B,8.0,0
OP107545,2025-01-28,W0168,S3,D,39.0,0
OP107547,2025-05-05,W0373,S1,E,9.0,0
OP107548,2025-05-14,W0436,S2,E,43.0,0
OP107550,2025-05-24,W0152,S3,A,34.0,1
OP107552,2025-02-07,W0228,S2,E,12.0,0
OP107553,2025-04-22,W0226,S1,A,48.0,0
OP107557,2025-06-02,W0438,S3,A,47.0,0
OP107558,2025-02-03,W0377,S2,C,47.0,0
OP107562,2025-04-01,W0394,S2,A,44.0,1
OP107564,2025-03-01,W0257,S2,A,8.0,0
OP107567,2025-04-26,W0220,S2,D,12.0,0
OP107568,2025-02-28,W0279,S2,A,43.0,1
OP107570,2025-04-13,W0028,S3,D,33.0,0
OP107575,2025-05-10,W0431,S2,E,36.0,0
OP107578,2025-03-04,W0380,S1,D,46.0,0
OP107579,2025-05-29,W0143,S1,A,13.0,0
OP107580,2025-05-21,W0172,S2,C,40.0,0
OP107583,2025-02-11,W0249,S2,B,15.0,1
OP107586,2025-05-06,W0219,S2,C,16.0,1
OP107588,2025-05-16,W0202,S2,A,43.0,0
OP107589,2025-06-04,W0391,S2,C,45.0,0
OP107590,2025-03-12,W0055,S1,D,18.0,1
OP107591,2025-04-27,W0470,S2,D,41.0,0
OP107595,2025-06-13,W0470,S2,C,11.0,0
OP107596,2025-01-01,W0159,S2,D,33.0,0
OP107600,2025-02-20,W0320,S1,E,33.0,0
OP107603,2025-04-11,W0025,S1,B,47.0,0
OP107605,2025-05-31,W0490,S2,A,14.0,0
OP107606,2025-06-07,W0468,S2,D,36.0,1
OP107608,2025-04-26,W0159,S2,D,31.0,0
OP107612,2025-04-02,W0184,S3,E,31.0,1
OP107614,2025-01-26,W0317,S2,E,43.0,0
OP107618,2025-03-24,W0171,S1,C,48.0,0
OP107620,2025-01-27,W0228,S3,E,21.0,0
OP107621,2025-06-28,W0397,S2,A,4.0,1
OP107626,2025-02-15,W0379,S1,D,5.0,0
OP107630,2025-05-05,W0236,S3,A,12.0,0
OP107632,2025-06-23,W0265,S1,E,35.0,0
OP107633,2025-04-19,W0136,S2,E,16.0,0
OP107635,2025-02-12,W0440,S2,D,6.0,0
OP107637,2025-04-28,W0043,S1,A,29.0,0
OP107641,2025-03-27,W0387,S2,B,15.0,0
OP107642,2025-05-13,W0220,S1,C,35.0,0
OP107643,2025-02-05,W0250,S3,D,32.0,0
OP107650,2025-03-14,W0141,S1,C,49.0,0
OP107651,2025-04-04,W0329,S1,E,24.0,0
OP107655,2025-01-29,W0478,S1,E,7.0,0
OP107658,2025-06-08,W0029,S3,C,6.0,0
OP107660,2025-04-02,W0306,S1,D,24.0,0
OP107664,2025-02-11,W0365,S2,E,1.0,1
OP107665,2025-02-28,W0172,S3,B,6.0,0
OP107666,2025-06-17,W0404,S2,E,49.0,1
OP107670,2025-04-13,W0291,S2,E,31.0,1
OP107672,2025-03-29,W0128,S1,A,13.0,0
OP107676,2025-05-22,W0148,S1,B,17.0,0
OP107677,2025-05-19,W0173,S1,D,27.0,0
OP107679,2025-03-02,W0298,S3,E,32.0,0
OP107680,2025-01-21,W0413,S2,B,17.0,1
OP107681,2025-01-20,W0235,S2,D,42.0,1
OP107683,2025-04-18,W0409,S1,A,4.0,1
OP107684,2025-06-08,W0339,S1,C,47.0,0
OP107685,2025-02-12,W0461,S2,D,24.0,0
OP107687,2025-05-24,W0477,S1,C,6.0,0
OP107696,2025-01-25,W0330,S3,A,24.0,0
OP107697,2025-01-20,W0494,S3,D,11.0,0
OP107702,2025-02-09,W0429,S2,A,45.0,0
OP107703,2025-06-10,W0101,S2,E,21.0,0
OP107707,2025-06-24,W0252,S1,C,5.0,0
OP107711,2025-02-02,W0124,S2,A,49.0,0
OP107713,2025-06-17,W0015,S3,C,24.0,0
OP107715,2025-04-28,W0302,S2,B,11.0,0
OP107719,2025-05-27,W0353,S3,C,8.0,0
OP107720,2025-04-05,W0369,S3,E,14.0,1
OP107724,2025-03-10,W0319,S1,D,15.0,1
OP107726,2025-01-19,W0428,S2,B,3.0,0
OP107728,2025-06-25,W0026,S2,B,16.0,0
OP107730,2025-05-15,W0109,S3,C,24.0,0
OP107734,2025-04-17,W0222,S3,E,40.0,0
OP107735,2025-01-18,W0151,S2,A,8.0,1
OP107738,2025-04-17,W0360,S3,C,30.0,0
OP107741,2025-06-09,W0109,S3,C,15.0,1
OP107744,2025-06-12,W0431,S2,C,40.0,0
OP107746,2025-05-17,W0284,S3,C,47.0,0
OP107747,2025-05-08,W0412,S2,C,19.0,0
OP107748,2025-04-04,W0408,S3,A,2.0,0
OP107751,2025-06-28,W0211,S1,E,8.0,0
OP107755,2025-02-08,W0262,S3,B,16.0,0
OP107757,2025-06-20,W0494,S2,C,21.0,0
OP107759,2025-05-25,W0374,S3,A,24.0,1
OP107760,2025-02-26,W0309,S2,C,26.0,0
OP107763,2025-05-23,W0354,S3,E,49.0,1
OP107765,2025-05-28,W0424,S2,D,47.0,0
OP107767,2025-02-01,W0392,S3,A,15.0,1
OP107769,2025-01-27,W0076,S2,B,46.0,0
OP107770,2025-02-26,W0050,S1,A,10.0,0
OP107772,2025-06-06,W0147,S3,B,49.0,0
OP107779,2025-01-18,W0180,S2,E,49.0,0
OP107780,2025-02-02,W0092,S2,D,9.0,0
OP107781,2025-01-08,W0184,S2,B,16.0,0
OP107783,2025-01-14,W0115,S1,C,17.0,1
OP107785,2025-06-24,W0145,S1,D,14.0,0
OP107788,2025-03-18,W0438,S2,A,28.0,0
OP107793,2025-03-24,W0486,S2,A,25.0,0
OP107794,2025-05-10,W0208,S2,E,33.0,1
OP107797,2025-05-31,W0349,S2,D,24.0,0
OP107798,2025-04-11,W0226,S1,D,8.0,0
OP107801,2025-04-18,W0162,S2,B,3.0,0
OP107804,2025-06-19,W0227,S3,D,26.0,0
OP107805,2025-04-01,W0030,S1,B,9.0,0
OP107806,2025-04-15,W0278,S2,C,36.0,0
OP107811,2025-06-27,W0213,S1,A,8.0,0
OP107812,2025-04-02,W0465,S3,A,18.0,0
OP107817,2025-06-08,W0412,S3,E,12.0,0
OP107819,2025-04-11,W0353,S2,E,9.0,0
OP107820,2025-05-08,W0427,S3,B,7.0,0
OP107822,2025-06-06,W0075,S2,B,28.0,0
OP107824,2025-02-27,W0332,S2,C,9.0,0
OP107829,2025-04-18,W0491,S1,C,43.0,0
OP107832,2025-04-30,W0250,S2,C,34.0,0
OP107833,2025-04-13,W0052,S2,D,39.0,1
OP107834,2025-03-01,W0346,S2,C,46.0,0
OP107835,2025-03-24,W0364,S2,D,2.0,0
OP107837,2025-01-11,W0325,S1,A,31.0,0
OP107838,2025-03-12,W0299,S2,E,32.0,0
OP107839,2025-04-07,W0389,S1,A,32.0,0
OP107844,2025-02-03,W0209,S3,A,5.0,1
OP107846,2025-05-21,W0422,S2,C,33.0,0
OP107847,2025-05-27,W0273,S3,E,29.0,1
OP107848,2025-03-26,W0303,S2,A,5.0,1
OP107849,2025-01-27,W0062,S2,B,6.0,0
OP107850,2025-03-06,W0331,S3,C,4.0,0
OP107851,2025-05-17,W0442,S1,B,25.0,1
OP107852,2025-05-05,W0141,S2,C,1.0,0
OP107853,2025-06-05,W0323,S2,E,47.0,0
OP107856,2025-05-28,W0035,S1,E,5.0,0
OP107861,2025-03-26,W0395,S2,D,21.0,0
OP107863,2025-04-05,W0302,S1,C,10.0,1
OP107866,2025-01-27,W0370,S2,A,11.0,0
OP107868,2025-04-21,W0294,S2,E,45.0,0
OP107872,2025-05-28,W0326,S2,C,9.0,0
OP107873,2025-04-13,W0356,S2,B,19.0,1
OP107875,2025-04-14,W0064,S2,C,39.0,1
OP107876,2025-01-15,W0430,S2,E,47.0,1
OP107878,2025-01-13,W0219,S2,B,48.0,0
OP107880,2025-02-16,W0445,S1,D,41.0,0
OP107881,2025-04-30,W0209,S1,A,9.0,0
OP107882,2025-06-26,W0142,S1,E,22.0,0
OP107885,2025-05-21,W0230,S2,A,7.0,0
OP107890,2025-01-21,W0025,S2,E,40.0,0
OP107892,2025-05-24,W0243,S2,E,32.0,0
OP107894,2025-04-08,W0068,S1,B,30.0,0
OP107895,2025-04-28,W0108,S2,A,6.0,0
OP107896,2025-05-14,W0214,S3,E,18.0,0
OP107901,2025-01-21,W0237,S2,B,40.0,0
OP107903,2025-03-16,W0337,S2,C,7.0,0
OP107904,2025-02-19,W0017,S1,E,35.0,0
OP107905,2025-05-10,W0418,S1,E,42.0,0
OP107907,2025-02-09,W0276,S1,B,30.0,0
OP107908,2025-04-24,W0345,S3,E,17.0,0
OP107909,2025-05-29,W0451,S2,E,4.0,0
OP107910,2025-03-06,W0263,S2,C,43.0,1
OP107911,2025-03-11,W0467,S3,A,18.0,0
OP107912,2025-06-17,W0106,S1,A,8.0,0
OP107918,2025-04-12,W0098,S1,B,26.0,1
OP107920,2025-01-30,W0307,S3,C,21.0,0
OP107923,2025-01-27,W0221,S3,E,12.0,1
OP107924,2025-06-10,W0076,S1,A,13.0,0
OP107926,2025-01-18,W0267,S2,A,16.0,0
OP107931,2025-04-30,W0104,S2,C,6.0,1
OP107932,2025-02-27,W0400,S3,A,1.0,0
OP107935,2025-01-23,W0465,S2,D,10.0,0
OP107937,2025-02-10,W0292,S1,C,46.0,0
OP107938,2025-02-27,W0018,S2,A,30.0,0
OP107940,2025-06-05,W0115,S1,B,19.0,0
OP107942,2025-03-15,W0089,S2,C,20.0,1
OP107943,2025-06-16,W0235,S3,D,43.0,0
OP107948,2025-02-26,W0236,S1,B,40.0,0
OP107950,2025-05-06,W0114,S1,C,40.0,0
OP107952,2025-06-26,W0284,S1,B,16.0,0
OP107953,2025-01-17,W0141,S1,A,33.0,0
OP107954,2025-04-08,W0239,S1,A,29.0,1
OP107957,2025-04-17,W0050,S2,A,39.0,0
OP107958,2025-03-28,W0173,S3,C,20.0,0
OP107960,2025-01-04,W0392,S2,B,30.0,0
OP107961,2025-05-14,W0286,S2,C,23.0,0
OP107963,2025-03-18,W0420,S2,C,18.0,0
OP107970,2025-01-18,W0346,S3,D,4.0,0
OP107972,2025-04-18,W0081,S2,D,31.0,0
OP107973,2025-05-29,W0346,S2,C,44.0,1
OP107975,2025-04-17,W0117,S2,D,48.0,1
OP107982,2025-04-17,W0241,S1,E,44.0,1
OP107983,2025-06-07,W0261,S1,E,10.0,0
OP107985,2025-06-22,W0242,S1,B,26.0,0
OP107987,2025-01-15,W0163,S2,D,15.0,0
OP107989,2025-02-25,W0357,S2,C,29.0,0
OP107993,2025-06-08,W0184,S2,D,13.0,0
OP107994,2025-05-03,W0176,S3,B,22.0,1
OP107997,2025-01-07,W0295,S1,C,47.0,0
OP107998,2025-04-16,W0066,S2,D,17.0,0
OP107999,2025-01-17,W0230,S2,E,2.0,0
OP108001,2025-05-14,W0202,S1,D,37.0,0
OP108006,2025-02-23,W0329,S2,D,4.0,0
OP108009,2025-01-04,W0308,S1,E,3.0,0
OP108010,2025-03-17,W0266,S2,C,31.0,0
OP108011,2025-06-13,W0335,S2,D,27.0,0
OP108014,2025-04-14,W0245,S3,C,48.0,0
OP108015,2025-04-14,W0333,S2,B,30.0,1
OP108019,2025-06-03,W0394,S2,D,17.0,0
OP108021,2025-01-15,W0011,S2,B,40.0,1
OP108022,2025-05-01,W0494,S3,E,42.0,0
OP108023,2025-01-12,W0279,S2,D,38.0,0
OP108024,2025-05-02,W0165,S3,A,17.0,1
OP108025,2025-03-04,W0137,S2,D,21.0,1
OP108026,2025-05-29,W0181,S2,B,28.0,0
OP108027,2025-03-21,W0026,S2,B,11.0,1
OP108029,2025-05-03,W0368,S2,D,21.0,0
OP108030,2025-01-28,W0214,S1,B,13.0,1
OP108031,2025-05-08,W0373,S2,D,46.0,0
OP108032,2025-05-11,W0086,S2,C,29.0,0
OP108033,2025-02-01,W0279,S2,D,22.0,0
OP108034,2025-03-08,W0331,S1,E,46.0,1
OP108035,2025-02-15,W0098,S3,C,46.0,0
OP108036,2025-01-30,W0210,S3,E,14.0,1
OP108039,2025-01-20,W0024,S1,B,35.0,0
OP108041,2025-03-29,W0278,S1,D,15.0,0
OP108045,2025-06-04,W0442,S2,B,22.0,1
OP108046,2025-06-14,W0272,S3,B,34.0,0
OP108047,2025-01-08,W0373,S2,A,29.0,0
OP108049,2025-04-07,W0447,S2,C,21.0,0
OP108052,2025-02-27,W0099,S3,D,19.0,0
OP108062,2025-03-14,W0301,S3,A,40.0,0
OP108063,2025-01-01,W0125,S2,B,2.0,1
OP108064,2025-04-06,W0087,S1,B,11.0,0
OP108065,2025-05-17,W0451,S3,A,7.0,0
OP108066,2025-03-10,W0381,S2,E,13.0,0
OP108067,2025-06-19,W0225,S2,B,7.0,1
OP108068,2025-01-01,W0458,S1,B,25.0,1
OP108069,2025-04-23,W0462,S3,A,14.0,0
OP108070,2025-01-28,W0327,S3,E,31.0,1
OP108071,2025-02-01,W0348,S2,E,1.0,0
OP108072,2025-06-03,W0461,S2,E,17.0,0
OP108073,2025-05-04,W0148,S1,E,8.0,0
OP108074,2025-05-23,W0096,S3,D,40.0,1
OP108077,2025-05-26,W0397,S2,A,12.0,0
OP108078,2025-05-09,W0327,S2,E,4.0,0
OP108082,2025-03-18,W0431,S1,D,25.0,0
OP108084,2025-05-25,W0189,S1,C,30.0,0
OP108090,2025-05-03,W0039,S2,E,8.0,0
OP108093,2025-05-20,W0212,S2,B,40.0,0
OP108094,2025-04-06,W0192,S2,D,43.0,1
OP108096,2025-04-18,W0099,S2,A,46.0,0
OP108098,2025-04-19,W0215,S1,B,44.0,0
OP108100,2025-06-21,W0162,S2,B,34.0,0
OP108101,2025-01-15,W0226,S3,D,5.0,0
OP108104,2025-05-11,W0483,S2,B,26.0,0
OP108107,2025-04-26,W0424,S3,E,15.0,0
OP108109,2025-03-26,W0319,S2,B,9.0,0
OP108110,2025-05-31,W0208,S3,E,37.0,1
OP108111,2025-05-26,W0474,S2,D,30.0,0
OP108112,2025-05-12,W0385,S2,A,48.0,0
OP108114,2025-05-05,W0375,S1,B,27.0,1
OP108119,2025-02-19,W0061,S1,C,13.0,1
OP108121,2025-01-19,W0405,S3,D,16.0,0
OP108123,2025-05-14,W0266,S3,A,48.0,0
OP108124,2025-04-25,W0097,S3,D,49.0,1
OP108128,2025-06-02,W0249,S2,A,2.0,0
OP108129,2025-02-06,W0359,S1,A,21.0,0
OP108131,2025-02-07,W0088,S2,C,6.0,0
OP108133,2025-03-27,W0270,S1,A,7.0,0
OP108136,2025-06-06,W0031,S3,B,43.0,0
OP108140,2025-01-03,W0085,S3,E,40.0,0
OP108143,2025-03-22,W0268,S2,E,49.0,0
OP108145,2025-04-09,W0393,S2,B,26.0,0
OP108147,2025-01-16,W0419,S3,E,47.0,0
OP108152,2025-06-03,W0473,S1,A,34.0,0
OP108153,2025-01-15,W0030,S2,D,29.0,0
OP108155,2025-01-30,W0420,S3,A,16.0,0
OP108157,2025-03-01,W0182,S2,C,10.0,1
OP108160,2025-03-04,W0344,S1,C,16.0,0
OP108161,2025-02-21,W0435,S3,A,12.0,0
OP108163,2025-06-18,W0086,S3,E,24.0,0
OP108164,2025-01-14,W0157,S3,A,21.0,1
OP108166,2025-04-24,W0026,S2,E,20.0,0
OP108167,2025-03-13,W0215,S2,D,47.0,0
OP108169,2025-01-26,W0246,S2,A,46.0,0
OP108170,2025-03-19,W0179,S2,B,20.0,0
OP108172,2025-03-10,W0337,S1,D,1.0,0
OP108173,2025-01-31,W0103,S2,C,10.0,1
OP108176,2025-05-30,W0457,S3,E,13.0,0
OP108177,2025-05-30,W0493,S1,A,8.0,1
OP108179,2025-01-18,W0414,S1,C,32.0,0
OP108180,2025-05-18,W0460,S2,C,14.0,0
OP108183,2025-05-27,W0321,S1,C,28.0,0
OP108184,2025-01-23,W0177,S1,D,4.0,0
OP108190,2025-01-29,W0019,S2,B,4.0,1
OP108192,2025-05-02,W0310,S2,E,4.0,0
OP108193,2025-03-16,W0295,S3,A,3.0,0
OP108196,2025-03-31,W0027,S2,A,44.0,0
OP108199,2025-06-14,W0098,S1,E,17.0,0
OP108201,2025-04-08,W0059,S3,B,20.0,1
OP108202,2025-06-11,W0065,S2,E,4.0,0
OP108203,2025-03-31,W0110,S3,D,34.0,0
OP108205,2025-04-24,W0208,S2,B,34.0,0
OP108207,2025-03-06,W0200,S2,E,16.0,0
OP108208,2025-04-30,W0298,S1,C,29.0,1
OP108209,2025-04-16,W0198,S3,D,12.0,1
OP108214,2025-06-02,W0139,S2,D,27.0,1
OP108215,2025-02-05,W0485,S3,D,42.0,0
OP108216,2025-01-26,W0330,S2,C,47.0,0
OP108220,2025-03-03,W0075,S2,E,8.0,0
OP108221,2025-05-22,W0215,S2,D,37.0,0
OP108223,2025-05-29,W0237,S1,D,36.0,0
OP108224,2025-01-10,W0324,S2,D,4.0,0
OP108226,2025-03-19,W0036,S2,C,6.0,0
OP108228,2025-04-22,W0037,S3,A,36.0,0
OP108229,2025-06-04,W0256,S2,A,15.0,0
OP108231,2025-06-03,W0139,S3,C,3.0,0
OP108237,2025-06-03,W0108,S2,E,12.0,0
OP108238,2025-06-15,W0455,S1,A,33.0,0
OP108241,2025-06-27,W0262,S2,B,2.0,0
OP108244,2025-04-03,W0046,S2,A,10.0,0
OP108245,2025-05-22,W0459,S3,E,47.0,0
OP108248,2025-01-16,W0238,S1,A,41.0,0
OP108251,2025-03-18,W0055,S2,D,47.0,0
OP108254,2025-01-06,W0452,S2,D,3.0,0
OP108257,2025-03-04,W0007,S3,D,41.0,0
OP108262,2025-01-13,W0237,S2,A,16.0,0
OP108263,2025-01-23,W0117,S2,A,36.0,0
OP108264,2025-06-16,W0312,S2,C,9.0,0
OP108268,2025-03-28,W0173,S1,A,15.0,0
OP108269,2025-05-05,W0150,S1,A,47.0,0
OP108271,2025-02-19,W0225,S3,C,49.0,0
OP108274,2025-05-28,W0210,S3,C,21.0,0
OP108275,2025-01-10,W0141,S1,D,24.0,0
OP108277,2025-06-21,W0440,S3,A,21.0,1
OP108279,2025-02-15,W0036,S1,E,30.0,0
OP108282,2025-04-01,W0354,S3,C,36.0,0
OP108284,2025-03-17,W0102,S1,A,23.0,0
OP108286,2025-06-06,W0305,S2,E,9.0,0
OP108287,2025-04-09,W0378,S2,B,23.0,0
OP108288,2025-06-18,W0291,S3,D,41.0,0
OP108292,2025-03-23,W0039,S1,D,44.0,0
OP108293,2025-02-16,W0477,S3,E,21.0,0
OP108296,2025-06-17,W0305,S2,E,18.0,0
OP108297,2025-02-17,W0290,S1,D,24.0,0
OP108299,2025-02-28,W0011,S3,D,6.0,0
OP108300,2025-05-08,W0357,S2,E,32.0,1
OP108302,2025-01-30,W0403,S2,A,22.0,0
OP108312,2025-01-08,W0339,S1,C,13.0,0
OP108313,2025-06-22,W0283,S2,C,30.0,0
OP108315,2025-05-27,W0094,S2,D,5.0,0
OP108319,2025-03-13,W0103,S3,A,8.0,0
OP108322,2025-01-02,W0010,S2,C,32.0,0
OP108323,2025-02-28,W0021,S2,A,35.0,0
OP108324,2025-02-19,W0479,S2,A,24.0,0
OP108325,2025-06-03,W0171,S1,E,35.0,0
OP108326,2025-06-08,W0100,S3,E,44.0,0
OP108327,2025-05-17,W0191,S2,D,40.0,0
OP108328,2025-03-04,W0262,S2,D,34.0,1
OP108330,2025-06-22,W0246,S3,E,21.0,1
OP108338,2025-04-12,W0291,S2,B,27.0,0
OP108342,2025-06-28,W0393,S3,A,35.0,0
OP108344,2025-03-05,W0057,S3,B,26.0,0
OP108347,2025-03-30,W0343,S2,E,46.0,0
OP108348,2025-06-28,W0415,S3,A,28.0,0
OP108350,2025-03-06,W0284,S2,D,12.0,0
OP108351,2025-01-29,W0374,S1,D,33.0,0
OP108352,2025-06-24,W0216,S2,B,48.0,1
OP108353,2025-04-12,W0336,S2,A,48.0,0
OP108358,2025-04-28,W0414,S1,B,6.0,0
OP108359,2025-01-01,W0434,S1,A,13.0,0
OP108360,2025-06-09,W0352,S1,B,8.0,0
OP108361,2025-01-17,W0395,S2,E,47.0,1
OP108362,2025-02-01,W0082,S3,E,2.0,1
OP108367,2025-05-20,W0022,S1,C,19.0,0
OP108369,2025-03-24,W0059,S2,E,45.0,0
OP108374,2025-01-05,W0344,S2,B,9.0,1
OP108377,2025-04-02,W0130,S1,E,32.0,1
OP108378,2025-04-05,W0009,S2,C,49.0,0
OP108379,2025-01-24,W0074,S2,D,30.0,1
OP108381,2025-04-24,W0010,S3,D,1.0,0
OP108383,2025-02-15,W0316,S1,A,48.0,0
OP108384,2025-04-12,W0077,S2,B,12.0,1
OP108389,2025-06-13,W0292,S1,E,37.0,1
OP108392,2025-06-28,W0182,S1,C,12.0,1
OP108396,2025-01-18,W0003,S2,C,3.0,0
OP108400,2025-04-11,W0485,S2,D,26.0,0
OP108401,2025-06-19,W0089,S2,E,13.0,0
OP108411,2025-04-23,W0492,S1,D,35.0,0
OP108412,2025-06-23,W0024,S2,E,46.0,0
OP108415,2025-03-04,W0193,S2,C,44.0,1
OP108417,2025-06-22,W0464,S1,A,40.0,0
OP108418,2025-03-14,W0384,S1,B,40.0,1
OP108424,2025-02-06,W0016,S1,B,9.0,1
OP108429,2025-02-08,W0279,S3,D,20.0,0
OP108432,2025-01-30,W0366,S1,A,25.0,0
OP108440,2025-05-18,W0107,S2,A,39.0,1
OP108444,2025-05-01,W0315,S1,C,24.0,0
OP108445,2025-05-10,W0143,S3,D,46.0,1
OP108447,2025-05-15,W0223,S2,E,30.0,0
OP108451,2025-01-14,W0138,S3,C,17.0,0
OP108454,2025-06-12,W0248,S3,B,8.0,0
OP108455,2025-06-17,W0464,S2,E,37.0,0
OP108456,2025-02-15,W0414,S1,C,29.0,0
OP108457,2025-05-31,W0418,S2,D,37.0,0
OP108459,2025-05-10,W0008,S1,C,3.0,1
OP108462,2025-02-15,W0455,S2,A,19.0,0
OP108464,2025-04-17,W0243,S2,E,22.0,0
OP108465,2025-03-24,W0436,S3,A,40.0,0
OP108468,2025-01-12,W0127,S1,E,40.0,0
OP108473,2025-05-10,W0146,S3,D,42.0,0
OP108474,2025-05-05,W0341,S2,E,16.0,0
OP108475,2025-02-01,W0397,S1,B,8.0,0
OP108476,2025-03-31,W0256,S2,B,40.0,0
OP108477,2025-03-06,W0125,S2,C,43.0,0
OP108478,2025-02-15,W0233,S2,C,36.0,0
OP108484,2025-01-23,W0171,S2,D,22.0,0
OP108489,2025-03-22,W0426,S2,D,43.0,0
OP108491,2025-05-14,W0351,S2,C,37.0,0
OP108492,2025-01-24,W0422,S2,B,3.0,0
OP108493,2025-05-23,W0276,S1,B,37.0,0
OP108495,2025-02-25,W0304,S2,D,7.0,0
OP108497,2025-03-03,W0328,S3,D,16.0,0
OP108498,2025-05-20,W0136,S3,D,16.0,0
OP108500,2025-03-31,W0378,S1,B,2.0,1
OP108501,2025-02-13,W0351,S2,D,46.0,0
OP108504,2025-01-05,W0158,S3,B,17.0,0
OP108505,2025-05-27,W0457,S2,D,2.0,0
OP108510,2025-03-06,W0179,S1,D,39.0,0
OP108514,2025-02-10,W0375,S3,B,1.0,0
OP108516,2025-02-24,W0373,S1,A,46.0,0
OP108518,2025-01-12,W0072,S2,C,29.0,0
OP108522,2025-01-23,W0237,S2,D,24.0,0
OP108524,2025-01-23,W0096,S1,D,6.0,0
OP108525,2025-03-25,W0452,S1,E,11.0,0
OP108527,2025-04-14,W0379,S3,D,17.0,0
OP108528,2025-01-11,W0485,S3,A,6.0,0
OP108529,2025-06-08,W0124,S3,D,43.0,1
OP108531,2025-05-30,W0280,S2,A,6.0,1
OP108532,2025-02-16,W0476,S1,B,45.0,1
OP108533,2025-03-17,W0216,S2,D,35.0,1
OP108536,2025-02-09,W0321,S1,A,40.0,0
OP108537,2025-02-07,W0395,S2,D,39.0,0
OP108538,2025-04-16,W0081,S1,A,12.0,0
OP108543,2025-04-03,W0500,S2,D,31.0,1
OP108545,2025-03-31,W0084,S2,A,36.0,0
OP108547,2025-06-09,W0138,S1,C,8.0,0
OP108550,2025-01-01,W0231,S2,E,30.0,0
OP108551,2025-02-13,W0105,S1,B,30.0,0
OP108555,2025-06-10,W0485,S2,A,42.0,0
OP108556,2025-02-20,W0321,S1,A,23.0,0
OP108557,2025-03-19,W0259,S3,A,30.0,0
OP108559,2025-01-23,W0137,S2,B,43.0,1
OP108564,2025-01-19,W0361,S2,D,45.0,0
OP108567,2025-03-04,W0407,S2,B,30.0,1
OP108568,2025-01-06,W0444,S3,A,39.0,1
OP108569,2025-01-19,W0044,S1,C,45.0,0
OP108570,2025-06-08,W0024,S2,D,28.0,1
OP108579,2025-01-12,W0345,S1,A,2.0,0
OP108581,2025-02-06,W0273,S3,E,27.0,0
OP108582,2025-02-05,W0036,S3,B,28.0,0
OP108585,2025-03-15,W0287,S1,D,33.0,0
OP108586,2025-01-27,W0333,S3,B,30.0,0
OP108587,2025-05-10,W0257,S3,A,7.0,0
OP108588,2025-06-14,W0300,S3,E,31.0,1
OP108591,2025-04-06,W0224,S2,B,23.0,0
OP108595,2025-01-22,W0478,S2,D,33.0,0
OP108600,2025-04-16,W0200,S2,D,45.0,1
OP108601,2025-01-12,W0264,S2,C,31.0,0
OP108603,2025-05-14,W0209,S2,A,15.0,0
OP108604,2025-02-13,W0065,S2,D,24.0,1
OP108608,2025-01-16,W0188,S1,B,3.0,0
OP108609,2025-03-01,W0105,S2,C,38.0,1
OP108611,2025-03-25,W0184,S3,D,20.0,0
OP108612,2025-02-17,W0420,S2,B,32.0,0
OP108613,2025-01-22,W0168,S2,D,32.0,0
OP108614,2025-01-05,W0083,S2,A,18.0,0
OP108615,2025-06-02,W0498,S3,E,36.0,1
OP108616,2025-02-08,W0172,S3,B,44.0,0
OP108619,2025-02-28,W0340,S3,E,33.0,0
OP108626,2025-02-23,W0053,S1,C,6.0,0
OP108631,2025-01-18,W0310,S2,B,21.0,0
OP108635,2025-03-04,W0406,S3,A,49.0,0
OP108636,2025-02-07,W0026,S2,A,6.0,1
OP108638,2025-06-10,W0332,S3,A,38.0,0
OP108639,2025-03-27,W0152,S1,A,20.0,0
OP108640,2025-03-22,W0330,S2,B,4.0,0
OP108641,2025-01-13,W0181,S2,B,4.0,0
OP108644,2025-04-02,W0236,S3,D,16.0,0
OP108645,2025-05-25,W0166,S2,E,13.0,0
OP108647,2025-01-29,W0304,S3,B,21.0,0
OP108651,2025-06-12,W0129,S2,D,31.0,0
OP108652,2025-03-27,W0019,S3,B,33.0,0
OP108653,2025-01-28,W0229,S1,A,21.0,1
OP108654,2025-05-21,W0170,S2,C,48.0,0
OP108655,2025-02-26,W0226,S2,C,27.0,0
OP108656,2025-05-23,W0065,S2,A,38.0,1
OP108658,2025-01-12,W0035,S3,C,28.0,0
OP108659,2025-02-15,W0122,S3,D,5.0,1
OP108660,2025-04-25,W0309,S2,A,35.0,0
OP108662,2025-04-12,W0443,S2,A,44.0,0
OP108664,2025-01-23,W0488,S1,A,25.0,0
OP108667,2025-02-11,W0452,S3,C,26.0,0
OP108668,2025-05-01,W0415,S1,A,24.0,0
OP108670,2025-02-07,W0290,S2,A,3.0,0
OP108672,2025-05-07,W0375,S2,A,37.0,0
OP108675,2025-06-14,W0472,S3,E,7.0,0
OP108678,2025-04-10,W0345,S2,D,16.0,0
OP108680,2025-04-05,W0086,S3,B,30.0,1
OP108681,2025-06-11,W0494,S2,E,49.0,1
OP108683,2025-03-02,W0179,S2,B,30.0,0
OP108685,2025-01-29,W0167,S1,E,28.0,0
OP108687,2025-06-24,W0121,S2,A,22.0,0
OP108690,2025-03-02,W0325,S1,A,40.0,0
OP108691,2025-03-23,W0454,S2,C,1.0,0
OP108692,2025-02-06,W0233,S2,A,29.0,0
OP108694,2025-04-28,W0168,S1,C,29.0,0
OP108695,2025-03-15,W0142,S1,A,1.0,0
OP108697,2025-05-05,W0131,S3,D,16.0,0
OP108699,2025-04-30,W0341,S1,C,43.0,0
OP108701,2025-03-29,W0418,S2,A,49.0,0
OP108702,2025-05-18,W0224,S2,C,29.0,0
OP108704,2025-01-20,W0386,S2,E,14.0,0
OP108710,2025-01-20,W0129,S2,C,34.0,0
OP108712,2025-05-30,W0393,S2,B,16.0,0
OP108714,2025-05-08,W0294,S2,D,19.0,0
OP108716,2025-06-15,W0291,S2,C,48.0,1
OP108717,2025-03-31,W0420,S2,D,23.0,0
OP108718,2025-06-04,W0210,S3,B,6.0,1
OP108720,2025-01-03,W0315,S2,C,19.0,0
OP108721,2025-01-09,W0044,S3,E,33.0,0
OP108722,2025-01-27,W0274,S2,C,28.0,0
OP108726,2025-04-30,W0025,S3,E,8.0,1
OP108728,2025-02-21,W0152,S2,D,40.0,0
OP108731,2025-03-16,W0182,S2,E,22.0,0
OP108733,2025-04-24,W0342,S3,C,24.0,0
OP108737,2025-04-22,W0206,S3,C,2.0,0
OP108739,2025-02-19,W0330,S2,E,49.0,0
OP108740,2025-03-01,W0187,S3,A,12.0,0
OP108742,2025-01-28,W0176,S2,B,1.0,1
OP108748,2025-04-25,W0430,S1,D,36.0,0
OP108750,2025-03-17,W0225,S2,E,13.0,0
OP108751,2025-01-16,W0467,S1,E,45.0,0
OP108753,2025-01-07,W0104,S3,E,22.0,1
OP108754,2025-01-12,W0293,S2,D,7.0,1
OP108756,2025-03-02,W0398,S2,A,23.0,0
OP108757,2025-05-31,W0321,S2,B,12.0,0
OP108759,2025-01-05,W0260,S2,C,12.0,0
OP108761,2025-01-20,W0471,S2,E,12.0,1
OP108769,2025-05-11,W0148,S3,C,28.0,0
OP108771,2025-03-25,W0391,S1,E,2.0,1
OP108773,2025-03-14,W0249,S2,D,42.0,0
OP108774,2025-01-17,W0364,S1,D,19.0,0
OP108775,2025-01-17,W0401,S3,E,16.0,0
OP108792,2025-01-30,W0316,S2,B,31.0,0
OP108793,2025-05-30,W0250,S1,B,20.0,0
OP108803,2025-05-02,W0204,S1,B,40.0,0
OP108806,2025-01-25,W0177,S2,D,7.0,0
OP108808,2025-05-23,W0340,S2,C,36.0,0
OP108809,2025-03-17,W0333,S3,E,49.0,0
OP108811,2025-05-31,W0192,S1,C,46.0,0
OP108812,2025-05-05,W0198,S1,B,43.0,0
OP108813,2025-06-22,W0179,S2,C,34.0,0
OP108814,2025-05-01,W0059,S2,E,47.0,0
OP108818,2025-01-24,W0119,S2,A,31.0,0
OP108819,2025-02-24,W0461,S3,B,3.0,0
OP108820,2025-03-09,W0106,S3,E,25.0,0
OP108821,2025-06-20,W0135,S2,A,10.0,0
OP108822,2025-04-09,W0241,S1,B,6.0,0
OP108823,2025-02-10,W0270,S2,C,32.0,0
OP108824,2025-01-11,W0014,S1,D,8.0,0
OP108825,2025-04-27,W0456,S3,C,48.0,0
OP108826,2025-02-19,W0015,S2,D,20.0,0
OP108827,2025-02-21,W0133,S1,D,41.0,0
OP108830,2025-04-01,W0360,S2,B,19.0,0
OP108831,2025-04-21,W0253,S1,E,12.0,0
OP108833,2025-06-20,W0451,S1,D,47.0,0
OP108835,2025-01-19,W0056,S1,A,25.0,0
OP108836,2025-03-19,W0134,S1,C,45.0,0
OP108837,2025-05-22,W0042,S3,A,10.0,0
OP108839,2025-04-27,W0194,S3,D,17.0,0
OP108841,2025-01-29,W0230,S1,E,30.0,0
OP108842,2025-02-12,W0194,S2,B,12.0,0
OP108843,2025-03-14,W0261,S3,C,47.0,0
OP108844,2025-04-13,W0371,S2,C,46.0,1
OP108846,2025-06-26,W0078,S3,A,41.0,1
OP108849,2025-04-22,W0403,S3,A,44.0,0
OP108850,2025-01-30,W0010,S3,B,8.0,0
OP108852,2025-06-04,W0325,S3,B,39.0,0
OP108853,2025-01-18,W0088,S2,D,48.0,0
OP108854,2025-05-23,W0176,S2,D,2.0,0
OP108855,2025-05-25,W0464,S1,D,41.0,0
OP108857,2025-02-16,W0193,S2,B,11.0,0
OP108863,2025-05-25,W0017,S2,D,14.0,0
OP108865,2025-03-13,W0003,S2,C,23.0,0
OP108866,2025-06-18,W0122,S1,C,12.0,0
OP108870,2025-06-27,W0401,S3,D,4.0,0
OP108871,2025-01-11,W0083,S1,A,25.0,0
OP108872,2025-02-02,W0182,S2,D,18.0,0
OP108873,2025-05-19,W0132,S3,C,43.0,0
OP108874,2025-06-04,W0085,S1,E,16.0,1
OP108880,2025-03-19,W0435,S1,E,16.0,0
OP108882,2025-06-19,W0114,S2,A,47.0,0
OP108883,2025-03-13,W0472,S2,A,36.0,1
OP108885,2025-06-26,W0203,S3,B,20.0,0
OP108888,2025-05-21,W0076,S1,E,8.0,0
OP108891,2025-01-08,W0186,S3,C,20.0,0
OP108893,2025-05-21,W0267,S2,B,33.0,0
OP108895,2025-06-05,W0097,S3,A,2.0,0
OP108896,2025-04-09,W0349,S3,E,36.0,0
OP108897,2025-04-26,W0172,S3,B,30.0,1
OP108899,2025-05-06,W0164,S1,C,46.0,0
OP108901,2025-05-19,W0166,S2,B,9.0,0
OP108902,2025-04-08,W0299,S2,C,45.0,1
OP108904,2025-04-13,W0199,S2,D,21.0,0
OP108905,2025-05-31,W0153,S2,D,41.0,0
OP108907,2025-02-15,W0126,S1,B,45.0,0
OP108909,2025-01-25,W0162,S3,E,29.0,0
OP108911,2025-02-28,W0055,S3,D,37.0,0
OP108912,2025-03-12,W0205,S3,E,5.0,0
OP108913,2025-06-21,W0320,S2,A,8.0,1
OP108914,2025-03-24,W0370,S2,C,40.0,0
OP108917,2025-03-24,W0293,S3,C,42.0,1
OP108920,2025-05-13,W0131,S1,E,29.0,0
OP108921,2025-01-17,W0042,S1,C,32.0,1
OP108923,2025-01-26,W0206,S1,C,21.0,0
OP108925,2025-04-30,W0346,S2,B,34.0,0
OP108926,2025-04-15,W0361,S1,A,40.0,0
OP108927,2025-02-03,W0425,S1,D,45.0,0
OP108930,2025-04-23,W0144,S3,C,17.0,0
OP108931,2025-05-24,W0398,S2,A,46.0,0
OP108935,2025-06-04,W0220,S2,B,41.0,0
OP108937,2025-05-28,W0387,S2,C,8.0,1
OP108940,2025-06-24,W0112,S2,A,5.0,1
OP108941,2025-01-16,W0008,S3,A,26.0,0
OP108942,2025-04-03,W0396,S2,A,30.0,0
OP108947,2025-02-13,W0046,S2,A,46.0,0
OP108948,2025-02-11,W0401,S1,B,2.0,0
OP108949,2025-05-25,W0423,S2,B,26.0,1
OP108956,2025-03-04,W0282,S1,C,20.0,0
OP108959,2025-02-05,W0152,S1,D,8.0,0
OP108962,2025-02-03,W0089,S2,C,31.0,0
OP108964,2025-02-21,W0158,S1,B,48.0,0
OP108968,2025-02-12,W0104,S3,A,47.0,0
OP108970,2025-01-22,W0021,S2,B,32.0,1
OP108972,2025-02-24,W0038,S2,E,35.0,0
OP108976,2025-01-03,W0122,S2,C,32.0,1
OP108977,2025-06-16,W0401,S3,C,21.0,0
OP108978,2025-04-02,W0031,S2,E,25.0,1
OP108980,2025-04-19,W0045,S3,B,32.0,0
OP108982,2025-01-11,W0022,S2,B,30.0,1
OP108986,2025-01-16,W0298,S2,D,14.0,0
OP108987,2025-01-07,W0066,S2,B,45.0,0
OP108992,2025-05-02,W0230,S2,C,44.0,0
OP108994,2025-03-12,W0171,S2,A,35.0,0
OP108995,2025-06-29,W0390,S3,A,43.0,0
OP108996,2025-03-17,W0356,S1,C,39.0,0
OP108998,2025-02-27,W0131,S3,E,17.0,0
OP108999,2025-02-06,W0290,S2,C,21.0,0
OP109000,2025-01-15,W0121,S2,E,25.0,0
OP109004,2025-05-29,W0053,S2,A,18.0,0
OP109006,2025-06-09,W0068,S2,C,15.0,0
OP109009,2025-06-13,W0122,S1,D,26.0,0
OP109012,2025-03-13,W0067,S3,E,36.0,1
OP109017,2025-03-21,W0198,S3,B,1.0,1
OP109021,2025-01-18,W0393,S2,A,43.0,1
OP109022,2025-03-24,W0456,S2,E,8.0,0
OP109023,2025-03-31,W0046,S1,C,48.0,0
OP109025,2025-02-14,W0182,S2,C,2.0,0
OP109028,2025-05-15,W0107,S1,B,13.0,0
OP109031,2025-03-29,W0055,S2,E,37.0,0
OP109039,2025-03-29,W0443,S2,C,11.0,0
OP109041,2025-06-05,W0441,S1,D,45.0,0
OP109050,2025-06-25,W0330,S2,B,36.0,0
OP109052,2025-01-25,W0432,S1,D,25.0,1
OP109053,2025-04-16,W0251,S1,A,14.0,0
OP109059,2025-01-18,W0236,S1,D,9.0,1
OP109064,2025-04-12,W0460,S3,D,42.0,1
OP109069,2025-05-23,W0389,S3,B,38.0,0
OP109071,2025-04-01,W0004,S1,C,23.0,0
OP109072,2025-03-10,W0463,S1,D,1.0,1
OP109073,2025-04-22,W0498,S2,A,14.0,0
OP109075,2025-06-01,W0200,S3,A,6.0,0
OP109077,2025-01-06,W0112,S2,B,9.0,0
OP109078,2025-03-30,W0096,S2,D,5.0,0
OP109081,2025-03-02,W0044,S1,B,48.0,0
OP109086,2025-05-24,W0407,S2,B,30.0,1
OP109088,2025-04-03,W0249,S3,C,17.0,1
OP109091,2025-02-04,W0278,S2,C,26.0,0
OP109092,2025-01-04,W0328,S1,D,28.0,0
OP109093,2025-02-24,W0407,S1,C,48.0,1
OP109094,2025-04-06,W0284,S3,C,46.0,0
OP109095,2025-06-20,W0018,S3,B,20.0,0
OP109097,2025-06-24,W0177,S2,C,46.0,1
OP109099,2025-02-20,W0264,S1,D,40.0,0
OP109100,2025-04-03,W0030,S2,C,30.0,0
OP109102,2025-06-20,W0344,S2,E,11.0,0
OP109105,2025-05-14,W0065,S2,A,26.0,0
OP109107,2025-03-30,W0056,S1,C,39.0,0
OP109113,2025-03-02,W0194,S2,C,31.0,1
OP109116,2025-01-02,W0400,S3,B,4.0,1
OP109117,2025-06-01,W0265,S2,B,30.0,0
OP109120,2025-06-07,W0357,S2,C,35.0,1
OP109123,2025-05-02,W0326,S3,D,20.0,0
OP109124,2025-03-19,W0207,S3,B,40.0,1
OP109126,2025-05-27,W0157,S2,A,47.0,1
OP109127,2025-06-18,W0221,S2,E,5.0,0
OP109134,2025-04-01,W0478,S1,C,2.0,1
OP109138,2025-04-14,W0362,S2,C,18.0,1
OP109142,2025-02-06,W0417,S3,C,14.0,0
OP109143,2025-01-21,W0319,S3,D,23.0,0
OP109144,2025-04-07,W0292,S2,E,2.0,0
OP109148,2025-02-05,W0281,S3,C,49.0,1
OP109149,2025-04-21,W0072,S1,C,15.0,0
OP109153,2025-05-01,W0023,S3,C,46.0,1
OP109157,2025-02-04,W0153,S3,E,22.0,1
OP109158,2025-04-16,W0125,S3,B,30.0,0
OP109161,2025-05-29,W0477,S2,A,9.0,0
OP109162,2025-02-23,W0352,S1,A,49.0,1
OP109163,2025-03-12,W0329,S2,E,26.0,0
OP109169,2025-03-31,W0004,S2,E,34.0,0
OP109171,2025-01-21,W0137,S2,B,39.0,0
OP109173,2025-04-23,W0067,S3,D,31.0,1
OP109174,2025-03-09,W0125,S2,C,9.0,1
OP109176,2025-05-29,W0350,S1,B,22.0,0
OP109177,2025-02-06,W0285,S3,B,5.0,0
OP109179,2025-04-18,W0053,S2,D,35.0,0
OP109180,2025-02-19,W0204,S2,E,5.0,0
OP109184,2025-02-18,W0409,S3,E,9.0,0
OP109189,2025-03-30,W0409,S2,E,45.0,0
OP109193,2025-04-12,W0372,S3,E,15.0,0
OP109194,2025-01-25,W0248,S2,E,43.0,0
OP109196,2025-01-20,W0133,S1,D,12.0,0
OP109197,2025-01-08,W0479,S2,B,16.0,1
OP109198,2025-01-14,W0285,S2,E,49.0,0
OP109199,2025-04-24,W0478,S3,C,42.0,0
OP109202,2025-02-12,W0058,S1,B,2.0,1
OP109203,2025-05-17,W0342,S2,C,39.0,0
OP109204,2025-03-17,W0288,S3,C,28.0,0
OP109205,2025-05-20,W0269,S1,C,48.0,1
OP109206,2025-03-12,W0489,S1,C,42.0,1
OP109207,2025-06-07,W0247,S1,D,36.0,0
OP109208,2025-01-11,W0117,S2,B,41.0,0
OP109209,2025-04-02,W0297,S2,C,43.0,1
OP109211,2025-06-22,W0022,S3,C,23.0,0
OP109212,2025-04-15,W0305,S2,A,41.0,0
OP109213,2025-03-07,W0197,S2,D,12.0,0
OP109214,2025-04-17,W0500,S1,B,31.0,0
OP109215,2025-04-11,W0106,S2,C,43.0,1
OP109216,2025-05-13,W0432,S2,A,25.0,0
OP109217,2025-01-01,W0394,S2,A,20.0,0
OP109222,2025-03-20,W0279,S1,D,15.0,0
OP109224,2025-06-07,W0006,S2,A,6.0,0
OP109227,2025-04-30,W0205,S2,C,45.0,0
OP109228,2025-01-05,W0060,S2,D,47.0,0
OP109229,2025-03-26,W0403,S2,B,5.0,1
OP109232,2025-04-03,W0164,S1,C,39.0,0
OP109234,2025-01-27,W0143,S1,C,22.0,0
OP109235,2025-02-15,W0206,S1,A,22.0,1
OP109238,2025-04-06,W0093,S2,E,31.0,0
OP109239,2025-05-12,W0111,S2,D,24.0,1
OP109244,2025-04-15,W0461,S3,B,45.0,0
OP109245,2025-06-13,W0379,S2,A,7.0,0
OP109248,2025-01-20,W0469,S2,A,23.0,0
OP109249,2025-04-02,W0239,S2,B,26.0,1
OP109260,2025-06-11,W0177,S2,C,41.0,1
OP109262,2025-06-15,W0258,S2,A,49.0,0
OP109265,2025-01-06,W0043,S3,C,9.0,1
OP109266,2025-01-14,W0333,S3,B,41.0,0
OP109269,2025-03-17,W0226,S3,C,6.0,1
OP109270,2025-03-24,W0230,S2,B,32.0,0
OP109271,2025-06-27,W0089,S3,A,15.0,1
OP109272,2025-01-27,W0079,S2,A,28.0,0
OP109274,2025-05-20,W0405,S1,C,43.0,0
OP109280,2025-04-26,W0424,S2,C,39.0,1
OP109283,2025-03-27,W0032,S2,D,22.0,1
OP109284,2025-03-12,W0204,S2,E,4.0,0
OP109285,2025-02-26,W0392,S2,C,27.0,0
OP109287,2025-06-01,W0019,S3,B,8.0,1
OP109289,2025-05-07,W0021,S1,B,9.0,1
OP109293,2025-01-24,W0143,S3,D,25.0,1
OP109295,2025-03-17,W0059,S3,D,31.0,0
OP109297,2025-04-27,W0251,S3,E,37.0,0
OP109299,2025-05-06,W0048,S2,A,49.0,0
OP109302,2025-05-10,W0064,S2,A,49.0,0
OP109303,2025-05-04,W0293,S2,C,18.0,0
OP109306,2025-06-07,W0385,S3,E,34.0,0
OP109307,2025-05-03,W0425,S2,B,47.0,0
OP109309,2025-06-17,W0420,S2,B,23.0,0
OP109310,2025-02-15,W0470,S2,D,31.0,0
OP109312,2025-01-24,W0331,S2,B,24.0,0
OP109313,2025-04-21,W0099,S3,A,26.0,1
OP109316,2025-05-09,W0459,S1,D,42.0,0
OP109317,2025-01-11,W0116,S1,D,17.0,0
OP109319,2025-04-07,W0401,S3,B,2.0,1
OP109320,2025-03-01,W0076,S1,E,24.0,0
OP109322,2025-01-24,W0039,S3,D,45.0,1
OP109325,2025-06-07,W0249,S2,B,43.0,0
OP109326,2025-02-02,W0499,S2,D,36.0,0
OP109330,2025-02-01,W0456,S1,D,2.0,0
OP109332,2025-01-12,W0437,S3,E,10.0,0
OP109334,2025-03-08,W0187,S2,C,35.0,0
OP109335,2025-05-26,W0186,S1,A,17.0,0
OP109336,2025-02-11,W0466,S3,A,6.0,0
OP109337,2025-04-28,W0346,S1,A,40.0,1
OP109342,2025-06-10,W0245,S3,B,46.0,0
OP109347,2025-01-01,W0297,S3,C,22.0,0
OP109348,2025-06-18,W0012,S1,D,3.0,1
OP109350,2025-01-11,W0345,S1,C,43.0,1
OP109351,2025-05-01,W0032,S2,B,16.0,0
OP109353,2025-04-14,W0041,S2,A,34.0,0
OP109354,2025-04-04,W0138,S3,B,28.0,0
OP109358,2025-04-22,W0014,S1,D,38.0,0
OP109361,2025-04-17,W0259,S2,C,34.0,0
OP109362,2025-03-03,W0075,S2,A,36.0,0
OP109363,2025-02-07,W0400,S1,B,41.0,0
OP109364,2025-05-22,W0142,S1,B,46.0,0
OP109366,2025-03-16,W0299,S3,C,17.0,1
OP109372,2025-02-17,W0167,S2,A,43.0,0
OP109373,2025-01-14,W0350,S3,C,37.0,0
OP109375,2025-01-28,W0477,S3,D,13.0,0
OP109379,2025-05-28,W0184,S2,A,8.0,0
OP109380,2025-02-04,W0466,S2,E,49.0,0
OP109381,2025-06-25,W0254,S2,D,46.0,1
OP109382,2025-03-15,W0072,S2,B,17.0,0
OP109383,2025-04-22,W0336,S3,C,12.0,0
OP109384,2025-02-21,W0108,S3,B,42.0,0
OP109387,2025-05-22,W0115,S2,D,17.0,0
OP109388,2025-06-06,W0464,S3,A,12.0,0
OP109389,2025-05-27,W0228,S1,E,17.0,0
OP109390,2025-01-30,W0049,S1,C,49.0,0
OP109391,2025-06-10,W0156,S2,B,6.0,0
OP109395,2025-03-28,W0174,S3,A,23.0,1
OP109396,2025-01-24,W0209,S3,A,17.0,0
OP109398,2025-03-14,W0352,S2,C,15.0,0
OP109403,2025-03-23,W0464,S3,E,35.0,1
OP109405,2025-04-11,W0046,S2,D,31.0,0
OP109407,2025-03-18,W0088,S3,C,1.0,0
OP109413,2025-03-16,W0170,S3,C,41.0,0
OP109415,2025-02-06,W0044,S1,E,30.0,0
OP109419,2025-03-08,W0433,S3,E,27.0,0
OP109420,2025-06-23,W0414,S1,C,36.0,0
OP109423,2025-05-06,W0336,S2,A,4.0,0
OP109424,2025-05-18,W0183,S1,D,41.0,0
OP109429,2025-05-07,W0349,S1,B,23.0,0
OP109431,2025-06-14,W0381,S1,A,9.0,0
OP109432,2025-02-28,W0497,S3,C,14.0,0
OP109436,2025-03-18,W0129,S3,C,22.0,0
OP109440,2025-05-21,W0312,S3,A,2.0,0
OP109442,2025-01-30,W0104,S1,C,48.0,0
OP109443,2025-06-10,W0241,S3,B,25.0,0
OP109447,2025-05-21,W0425,S2,E,8.0,0
OP109449,2025-03-20,W0272,S2,B,9.0,0
OP109450,2025-04-16,W0027,S1,B,42.0,0
OP109453,2025-02-01,W0123,S3,B,48.0,1
OP109455,2025-01-07,W0365,S3,D,10.0,0
OP109456,2025-02-07,W0450,S2,D,34.0,1
OP109457,2025-05-11,W0079,S2,E,15.0,0
OP109458,2025-04-16,W0243,S3,D,7.0,0
OP109459,2025-06-10,W0373,S3,D,40.0,0
OP109460,2025-06-13,W0069,S2,A,2.0,0
OP109462,2025-06-26,W0141,S1,A,42.0,0
OP109463,2025-03-22,W0465,S2,C,7.0,0
OP109467,2025-05-06,W0056,S2,D,15.0,0
OP109470,2025-04-25,W0215,S1,E,23.0,0
OP109472,2025-03-13,W0016,S2,C,3.0,0
OP109473,2025-02-16,W0469,S2,D,45.0,0
OP109474,2025-05-10,W0144,S1,B,46.0,0
OP109475,2025-06-01,W0030,S3,D,30.0,1
OP109476,2025-04-09,W0269,S2,E,2.0,0
OP109481,2025-02-02,W0307,S3,D,13.0,1
OP109482,2025-01-14,W0012,S2,C,32.0,1
OP109484,2025-05-14,W0002,S3,C,19.0,0
OP109485,2025-01-29,W0478,S2,C,33.0,0
OP109486,2025-06-17,W0090,S2,D,6.0,0
OP109488,2025-02-01,W0068,S1,A,37.0,0
OP109489,2025-05-18,W0433,S2,C,15.0,0
OP109490,2025-01-19,W0413,S2,D,49.0,0
OP109491,2025-03-10,W0283,S2,D,36.0,0
OP109492,2025-03-27,W0160,S1,E,31.0,1
OP109493,2025-05-02,W0364,S2,E,39.0,1
OP109496,2025-04-24,W0013,S2,D,4.0,0
OP109497,2025-06-27,W0134,S2,C,18.0,1
OP109498,2025-06-12,W0349,S2,A,26.0,0
OP109499,2025-02-01,W0109,S3,C,46.0,0
OP109500,2025-03-12,W0088,S2,D,38.0,1
OP109501,2025-04-22,W0140,S3,B,19.0,0
OP109502,2025-02-09,W0016,S1,A,45.0,1
OP109508,2025-05-30,W0350,S3,A,32.0,0
OP109509,2025-03-11,W0217,S2,D,25.0,0
OP109516,2025-05-14,W0083,S1,A,15.0,1
OP109518,2025-05-05,W0389,S2,B,6.0,1
OP109528,2025-03-22,W0180,S2,E,25.0,0
OP109531,2025-04-25,W0471,S3,E,33.0,0
OP109534,2025-02-28,W0288,S1,B,9.0,0
OP109536,2025-04-07,W0395,S1,D,8.0,0
OP109538,2025-04-21,W0178,S1,B,3.0,1
OP109539,2025-01-05,W0121,S2,B,20.0,0
OP109545,2025-01-06,W0432,S3,C,12.0,0
OP109548,2025-02-22,W0221,S3,E,43.0,0
OP109549,2025-06-09,W0367,S2,A,35.0,0
OP109550,2025-01-26,W0275,S3,A,27.0,1
OP109551,2025-01-12,W0493,S2,C,16.0,0
OP109553,2025-01-15,W0339,S2,B,47.0,0
OP109556,2025-05-25,W0032,S3,C,12.0,0
OP109558,2025-03-06,W0393,S2,E,43.0,0
OP109559,2025-05-22,W0306,S2,A,31.0,1
OP109562,2025-01-15,W0317,S1,A,20.0,1
OP109563,2025-01-17,W0219,S2,B,11.0,0
OP109564,2025-02-22,W0238,S2,C,28.0,0
OP109565,2025-01-10,W0198,S2,E,16.0,1
OP109567,2025-05-12,W0197,S1,A,39.0,0
OP109568,2025-01-05,W0403,S3,A,30.0,0
OP109570,2025-04-29,W0447,S1,A,32.0,1
OP109572,2025-04-14,W0190,S3,A,36.0,0
OP109573,2025-03-22,W0203,S1,A,8.0,0
OP109575,2025-01-06,W0222,S3,C,15.0,0
OP109577,2025-06-07,W0051,S2,E,20.0,0
OP109579,2025-05-31,W0378,S2,D,11.0,0
OP109581,2025-01-26,W0399,S2,C,35.0,0
OP109582,2025-05-05,W0490,S2,A,18.0,1
OP109585,2025-02-13,W0041,S1,E,7.0,0
OP109588,2025-03-04,W0440,S3,B,1.0,0
OP109591,2025-01-29,W0439,S2,E,23.0,0
OP109593,2025-06-20,W0145,S1,B,36.0,0
OP109594,2025-02-27,W0366,S1,D,19.0,1
OP109596,2025-03-22,W0297,S1,E,29.0,0
OP109597,2025-04-05,W0090,S2,D,42.0,0
OP109599,2025-02-03,W0364,S1,B,20.0,0
OP109601,2025-02-25,W0414,S1,B,41.0,1
OP109603,2025-04-29,W0012,S1,D,31.0,0
OP109606,2025-04-06,W0043,S3,C,14.0,0
OP109607,2025-05-19,W0178,S1,E,3.0,0
OP109609,2025-01-03,W0466,S3,E,41.0,0
OP109610,2025-02-18,W0325,S2,C,4.0,0
OP109612,2025-04-18,W0050,S3,B,34.0,0
OP109615,2025-05-04,W0302,S2,A,41.0,0
OP109617,2025-05-10,W0083,S2,D,7.0,0
OP109619,2025-01-24,W0059,S2,C,18.0,0
OP109624,2025-06-06,W0266,S2,A,8.0,1
OP109625,2025-03-10,W0230,S3,D,3.0,0
OP109627,2025-05-02,W0152,S2,E,36.0,0
OP109629,2025-05-07,W0159,S2,A,24.0,1
OP109630,2025-04-04,W0454,S1,B,42.0,1
OP109632,2025-02-27,W0307,S2,A,38.0,0
OP109633,2025-03-02,W0187,S2,B,13.0,0
OP109638,2025-05-09,W0003,S2,D,24.0,1
OP109642,2025-06-05,W0412,S1,D,48.0,0
OP109643,2025-06-21,W0339,S2,C,35.0,0
OP109645,2025-05-03,W0468,S3,B,9.0,0
OP109646,2025-02-05,W0175,S2,C,36.0,0
OP109648,2025-06-09,W0466,S3,C,32.0,0
OP109651,2025-05-03,W0134,S2,A,8.0,0
OP109653,2025-03-27,W0438,S3,B,4.0,1
OP109655,2025-06-19,W0225,S1,B,37.0,0
OP109656,2025-05-06,W0457,S3,E,49.0,0
OP109658,2025-03-14,W0383,S2,C,11.0,0
OP109659,2025-01-22,W0008,S1,D,44.0,0
OP109660,2025-04-07,W0090,S2,D,31.0,1
OP109662,2025-02-11,W0305,S2,D,19.0,0
OP109663,2025-03-06,W0081,S3,E,11.0,1
OP109664,2025-06-21,W0237,S1,A,7.0,1
OP109668,2025-06-22,W0060,S1,D,19.0,0
OP109671,2025-01-25,W0045,S2,B,21.0,0
OP109672,2025-01-20,W0103,S3,B,25.0,0
OP109675,2025-06-16,W0124,S3,E,49.0,1
OP109679,2025-03-31,W0153,S2,D,4.0,0
OP109681,2025-02-22,W0431,S1,A,14.0,1
OP109685,2025-05-06,W0255,S2,A,14.0,0
OP109690,2025-06-28,W0034,S3,B,22.0,0
OP109691,2025-02-12,W0275,S2,E,23.0,0
OP109694,2025-03-04,W0337,S1,D,21.0,1
OP109696,2025-05-10,W0107,S2,C,34.0,0
OP109697,2025-04-10,W0112,S3,C,30.0,1
OP109698,2025-02-10,W0003,S2,D,23.0,0
OP109701,2025-03-26,W0210,S2,D,17.0,1
OP109705,2025-01-24,W0147,S2,B,7.0,1
OP109708,2025-02-11,W0309,S1,D,14.0,0
OP109710,2025-02-06,W0065,S1,E,18.0,0
OP109712,2025-04-08,W0194,S3,D,16.0,0
OP109713,2025-01-14,W0317,S2,D,24.0,0
OP109714,2025-03-19,W0013,S2,E,25.0,0
OP109718,2025-05-04,W0306,S2,A,38.0,1
OP109720,2025-02-09,W0104,S3,C,24.0,1
OP109721,2025-06-16,W0431,S3,A,25.0,0
OP109727,2025-01-26,W0329,S1,A,4.0,0
OP109728,2025-04-20,W0146,S3,A,40.0,1
OP109729,2025-05-08,W0145,S1,C,17.0,0
OP109732,2025-02-07,W0491,S1,A,47.0,0
OP109733,2025-02-15,W0268,S1,B,2.0,1
OP109734,2025-03-23,W0265,S3,A,42.0,0
OP109735,2025-06-22,W0195,S3,E,49.0,0
OP109737,2025-04-07,W0222,S2,E,15.0,0
OP109738,2025-05-11,W0347,S2,B,47.0,0
OP109739,2025-01-20,W0429,S2,E,17.0,0
OP109743,2025-06-25,W0473,S1,A,41.0,0
OP109750,2025-06-27,W0389,S3,B,3.0,0
OP109754,2025-04-05,W0394,S3,B,24.0,0
OP109755,2025-06-08,W0435,S3,D,13.0,0
OP109758,2025-04-21,W0209,S3,B,38.0,0
OP109761,2025-06-05,W0359,S1,E,35.0,0
OP109762,2025-06-23,W0165,S2,A,2.0,0
OP109764,2025-06-19,W0029,S2,C,34.0,0
OP109765,2025-06-25,W0456,S1,B,40.0,0
OP109767,2025-03-15,W0476,S2,D,22.0,1
OP109768,2025-06-08,W0145,S2,A,48.0,0
OP109772,2025-04-16,W0001,S3,A,20.0,1
OP109773,2025-05-18,W0318,S3,C,6.0,1
OP109780,2025-02-08,W0457,S1,A,20.0,1
OP109783,2025-02-22,W0386,S3,A,34.0,1
OP109787,2025-06-16,W0357,S2,B,2.0,0
OP109789,2025-05-27,W0450,S3,D,12.0,0
OP109791,2025-06-24,W0128,S3,A,11.0,1
OP109792,2025-04-26,W0123,S1,B,45.0,0
OP109794,2025-03-20,W0103,S3,E,44.0,0
OP109796,2025-02-15,W0012,S2,D,29.0,0
OP109797,2025-02-24,W0370,S2,B,11.0,0
OP109799,2025-01-23,W0209,S2,C,37.0,0
OP109801,2025-05-06,W0496,S1,B,39.0,0
OP109802,2025-01-11,W0063,S3,B,44.0,0
OP109805,2025-01-04,W0037,S2,C,1.0,0
OP109807,2025-02-02,W0375,S2,B,30.0,0
OP109808,2025-06-14,W0320,S1,C,36.0,1
OP109810,2025-05-05,W0092,S3,A,32.0,0
OP109813,2025-04-15,W0276,S2,A,33.0,0
OP109814,2025-03-11,W0234,S1,A,49.0,1
OP109815,2025-04-23,W0099,S3,A,44.0,1
OP109816,2025-03-26,W0148,S2,C,22.0,1
OP109818,2025-06-16,W0184,S2,A,22.0,0
OP109820,2025-02-01,W0421,S2,E,17.0,0
OP109821,2025-04-28,W0194,S3,C,34.0,0
OP109822,2025-01-13,W0333,S2,D,13.0,0
OP109824,2025-01-22,W0341,S2,D,34.0,1
OP109825,2025-06-16,W0343,S2,D,46.0,0
OP109826,2025-05-18,W0216,S3,B,28.0,0
OP109828,2025-01-05,W0175,S2,C,40.0,0
OP109831,2025-04-11,W0424,S2,C,6.0,0
OP109832,2025-06-10,W0432,S3,B,3.0,0
OP109834,2025-04-11,W0385,S3,E,36.0,0
OP109835,2025-05-13,W0463,S2,A,34.0,0
OP109836,2025-05-17,W0259,S2,A,7.0,0
OP109838,2025-02-23,W0123,S2,A,5.0,0
OP109845,2025-04-16,W0198,S1,D,43.0,0
OP109847,2025-04-07,W0290,S3,A,43.0,0
OP109849,2025-02-10,W0119,S3,B,39.0,0
OP109850,2025-06-18,W0114,S2,C,42.0,0
OP109851,2025-06-17,W0470,S3,C,12.0,0
OP109852,2025-06-17,W0340,S2,E,39.0,0
OP109853,2025-05-09,W0050,S2,C,43.0,0
OP109855,2025-05-02,W0321,S1,A,43.0,0
OP109857,2025-04-16,W0484,S2,D,3.0,0
OP109859,2025-02-15,W0017,S3,A,19.0,1
OP109860,2025-03-21,W0185,S2,D,8.0,0
OP109861,2025-02-09,W0279,S2,C,5.0,0
OP109863,2025-04-04,W0073,S2,A,15.0,0
OP109866,2025-05-24,W0489,S1,D,44.0,1
OP109870,2025-04-20,W0189,S3,A,36.0,0
OP109871,2025-01-24,W0219,S2,A,31.0,0
OP109872,2025-03-19,W0301,S1,A,41.0,1
OP109873,2025-01-06,W0462,S2,D,26.0,0
OP109874,2025-06-03,W0451,S2,B,20.0,1
OP109877,2025-05-04,W0048,S2,A,33.0,0
OP109880,2025-06-14,W0371,S2,E,10.0,0
OP109883,2025-04-17,W0188,S2,E,11.0,0
OP109884,2025-06-28,W0316,S2,D,38.0,0
OP109886,2025-03-09,W0397,S1,A,27.0,0
OP109887,2025-05-18,W0127,S1,A,17.0,0
OP109890,2025-06-06,W0208,S2,C,18.0,1
OP109892,2025-04-29,W0058,S3,A,24.0,0
OP109894,2025-01-31,W0092,S3,A,47.0,0
OP109897,2025-03-22,W0013,S1,A,6.0,0
OP109900,2025-01-24,W0289,S1,A,27.0,0
OP109907,2025-06-25,W0451,S2,B,3.0,1
OP109908,2025-06-12,W0493,S3,A,13.0,1
OP109909,2025-01-23,W0092,S2,C,47.0,1
OP109912,2025-04-24,W0275,S2,B,18.0,0
OP109915,2025-02-28,W0168,S2,A,29.0,0
OP109918,2025-06-04,W0413,S1,E,42.0,0
OP109919,2025-04-24,W0257,S1,D,40.0,1
OP109921,2025-01-25,W0143,S1,C,31.0,0
OP109922,2025-01-12,W0027,S1,B,35.0,0
OP109923,2025-05-23,W0292,S2,D,38.0,0
OP109924,2025-01-30,W0192,S1,A,30.0,0
OP109925,2025-03-08,W0347,S2,E,4.0,1
OP109926,2025-02-05,W0377,S2,B,4.0,0
OP109929,2025-02-08,W0415,S2,B,31.0,1
OP109932,2025-01-03,W0324,S3,A,12.0,0
OP109937,2025-01-23,W0391,S3,D,24.0,0
OP109941,2025-03-02,W0192,S3,A,19.0,0
OP109942,2025-06-08,W0075,S3,C,47.0,0
OP109944,2025-01-21,W0320,S2,D,47.0,1
OP109948,2025-02-02,W0183,S3,E,24.0,0
OP109949,2025-03-20,W0041,S1,A,11.0,1
OP109952,2025-01-18,W0178,S1,D,26.0,1
OP109954,2025-02-19,W0266,S1,A,22.0,1
OP109955,2025-01-02,W0189,S3,D,33.0,1
OP109957,2025-01-25,W0251,S1,B,11.0,0
OP109958,2025-04-11,W0301,S1,A,35.0,0
OP109959,2025-06-11,W0334,S1,B,22.0,1
OP109960,2025-02-28,W0440,S3,A,41.0,0
OP109961,2025-01-25,W0045,S1,E,2.0,0
OP109963,2025-01-16,W0471,S3,B,32.0,1
OP109966,2025-03-03,W0195,S3,E,26.0,0
OP109967,2025-04-22,W0390,S2,D,39.0,0
OP109970,2025-03-16,W0130,S1,A,17.0,0
OP109978,2025-05-09,W0059,S2,C,33.0,1
OP109980,2025-05-06,W0406,S1,E,4.0,1
OP109981,2025-04-02,W0351,S2,E,4.0,0
OP109984,2025-03-30,W0142,S1,E,39.0,0
OP109985,2025-02-12,W0074,S2,B,17.0,0
OP109986,2025-06-18,W0276,S1,E,1.0,1
OP109987,2025-05-31,W0322,S2,B,22.0,0
OP109988,2025-06-01,W0029,S2,A,20.0,0
OP109992,2025-03-17,W0360,S3,B,33.0,0
OP109996,2025-06-26,W0432,S1,A,25.0,0
OP109999,2025-03-07,W0105,S3,A,9.0,0
OP110001,2025-05-05,W0274,S2,D,39.0,0
OP110006,2025-05-14,W0417,S2,B,7.0,0
OP110008,2025-01-13,W0123,S3,A,6.0,0
OP110009,2025-05-07,W0215,S2,B,43.0,0
OP110011,2025-03-09,W0316,S3,A,28.0,1
OP110012,2025-03-28,W0463,S3,A,44.0,0
OP110016,2025-03-29,W0406,S1,C,41.0,1
OP110019,2025-01-30,W0155,S2,B,32.0,1
OP110025,2025-06-06,W0152,S2,B,25.0,0
OP110033,2025-05-20,W0343,S3,A,32.0,1
OP110034,2025-04-14,W0372,S1,C,47.0,0
OP110035,2025-06-23,W0277,S3,E,47.0,0
OP110037,2025-05-19,W0320,S1,D,10.0,0
OP110038,2025-06-10,W0146,S3,A,6.0,0
OP110040,2025-03-05,W0236,S1,C,34.0,0
OP110045,2025-03-18,W0313,S1,C,36.0,0
OP110049,2025-06-25,W0348,S2,E,49.0,0
OP110052,2025-06-18,W0026,S3,D,24.0,0
OP110055,2025-05-08,W0255,S1,C,28.0,0
OP110057,2025-01-25,W0333,S3,D,16.0,0
OP110058,2025-01-22,W0363,S2,D,2.0,1
OP110061,2025-05-07,W0349,S2,D,43.0,0
OP110063,2025-03-03,W0195,S1,C,41.0,0
OP110064,2025-02-08,W0230,S1,D,34.0,1
OP110065,2025-06-20,W0485,S1,D,48.0,0
OP110067,2025-05-05,W0040,S2,C,3.0,1
OP110069,2025-05-27,W0201,S2,B,49.0,0
OP110074,2025-02-06,W0383,S2,B,38.0,0
OP110075,2025-01-11,W0316,S2,D,42.0,0
OP110076,2025-06-13,W0271,S2,A,25.0,1
OP110078,2025-04-01,W0432,S2,D,2.0,0
OP110079,2025-04-27,W0373,S2,A,45.0,0
OP110082,2025-06-21,W0231,S2,C,29.0,0
OP110087,2025-04-30,W0056,S2,B,35.0,0
OP110089,2025-06-25,W0352,S3,B,33.0,0
OP110090,2025-01-24,W0085,S2,B,8.0,0
OP110091,2025-05-02,W0070,S1,C,49.0,1
OP110093,2025-01-24,W0117,S1,D,32.0,0
OP110096,2025-02-22,W0388,S1,E,9.0,0
OP110098,2025-06-05,W0215,S2,A,45.0,0
OP110102,2025-01-14,W0119,S2,E,24.0,0
OP110103,2025-01-30,W0029,S1,D,17.0,1
OP110105,2025-06-02,W0119,S3,E,12.0,0
OP110110,2025-05-13,W0226,S2,D,4.0,0
OP110112,2025-04-30,W0413,S2,D,22.0,0
OP110113,2025-03-31,W0227,S2,C,6.0,0
OP110114,2025-04-04,W0303,S2,C,35.0,1
OP110115,2025-03-02,W0388,S3,C,37.0,0
OP110119,2025-05-07,W0030,S2,C,19.0,0
OP110123,2025-04-25,W0245,S3,D,24.0,0
OP110126,2025-04-06,W0242,S1,A,28.0,0
OP110127,2025-06-19,W0416,S1,B,8.0,1
OP110129,2025-06-12,W0370,S2,B,11.0,0
OP110131,2025-03-02,W0239,S3,C,18.0,0
OP110132,2025-03-17,W0301,S2,E,28.0,0
OP110133,2025-06-26,W0047,S2,E,24.0,0
OP110137,2025-06-12,W0063,S2,A,47.0,0
OP110139,2025-03-17,W0142,S2,B,19.0,0
OP110141,2025-03-29,W0371,S2,A,18.0,0
OP110143,2025-02-02,W0029,S2,A,27.0,0
OP110147,2025-03-13,W0352,S2,A,42.0,0
OP110151,2025-01-12,W0090,S2,B,33.0,0
OP110152,2025-02-24,W0344,S3,D,4.0,0
OP110158,2025-06-07,W0092,S2,B,2.0,0
OP110162,2025-03-29,W0305,S3,B,27.0,1
OP110164,2025-03-28,W0396,S1,C,14.0,0
OP110166,2025-03-01,W0210,S3,D,42.0,0
OP110173,2025-04-16,W0086,S3,D,28.0,0
OP110177,2025-04-26,W0171,S1,D,13.0,0
OP110178,2025-05-14,W0154,S2,B,14.0,0
OP110181,2025-02-13,W0084,S2,E,32.0,0
OP110183,2025-06-13,W0298,S1,E,39.0,0
OP110184,2025-03-15,W0131,S2,E,23.0,0
OP110185,2025-02-11,W0332,S1,B,44.0,0
OP110186,2025-01-03,W0447,S1,D,30.0,0
OP110193,2025-02-12,W0253,S2,E,22.0,0
OP110194,2025-01-04,W0040,S2,E,3.0,0
OP110195,2025-02-05,W0376,S3,B,37.0,0
OP110196,2025-05-31,W0136,S2,B,11.0,1
OP110197,2025-05-06,W0356,S3,C,37.0,0
OP110198,2025-01-25,W0084,S1,C,9.0,1
OP110202,2025-05-04,W0022,S1,D,18.0,0
OP110203,2025-01-15,W0366,S1,B,49.0,0
OP110205,2025-03-18,W0041,S2,E,4.0,0
OP110206,2025-03-24,W0008,S1,D,35.0,1
OP110211,2025-03-23,W0355,S2,C,15.0,0
OP110213,2025-01-09,W0158,S3,E,18.0,0
OP110216,2025-02-07,W0307,S3,A,35.0,0
OP110217,2025-06-17,W0399,S2,B,7.0,1
OP110222,2025-03-07,W0318,S3,B,45.0,1
OP110226,2025-03-06,W0086,S1,B,1.0,1
OP110229,2025-05-19,W0169,S2,D,1.0,0
OP110230,2025-02-21,W0093,S2,A,25.0,1
OP110236,2025-04-24,W0280,S1,C,45.0,0
OP110238,2025-04-25,W0182,S1,A,7.0,0
OP110239,2025-06-23,W0356,S2,E,45.0,0
OP110241,2025-04-18,W0159,S2,A,27.0,0
OP110245,2025-06-28,W0183,S2,B,10.0,0
OP110247,2025-03-24,W0086,S1,A,29.0,0
OP110248,2025-03-17,W0285,S2,D,36.0,1
OP110249,2025-03-06,W0088,S2,C,17.0,0
OP110258,2025-01-23,W0434,S1,B,41.0,0
OP110260,2025-06-14,W0021,S1,B,5.0,0
OP110261,2025-03-10,W0083,S2,C,23.0,0
OP110262,2025-03-15,W0442,S3,A,15.0,0
OP110265,2025-02-09,W0330,S3,B,39.0,0
OP110266,2025-03-01,W0198,S3,C,23.0,0
OP110267,2025-03-09,W0476,S2,A,42.0,0
OP110269,2025-06-07,W0443,S3,E,28.0,0
OP110273,2025-03-06,W0153,S2,A,18.0,0
OP110274,2025-04-15,W0166,S2,D,42.0,0
OP110277,2025-02-10,W0366,S2,A,3.0,0
OP110280,2025-05-03,W0095,S1,E,7.0,1
OP110282,2025-06-18,W0416,S3,B,15.0,1
OP110283,2025-06-07,W0022,S1,A,48.0,0
OP110284,2025-06-21,W0300,S3,A,25.0,0
OP110286,2025-04-27,W0475,S3,B,6.0,0
OP110287,2025-02-22,W0347,S2,E,16.0,0
OP110289,2025-03-27,W0450,S2,D,27.0,0
OP110290,2025-01-04,W0319,S2,C,3.0,0
OP110292,2025-02-16,W0433,S3,D,45.0,1
OP110294,2025-04-12,W0045,S2,B,19.0,0
OP110302,2025-01-25,W0405,S3,E,42.0,0
OP110305,2025-04-28,W0240,S2,B,37.0,0
OP110307,2025-01-16,W0420,S1,D,29.0,0
OP110309,2025-06-19,W0136,S2,D,2.0,1
OP110312,2025-02-27,W0355,S3,B,13.0,0
OP110313,2025-01-13,W0001,S2,C,14.0,1
OP110314,2025-05-25,W0078,S2,A,11.0,0
OP110316,2025-03-01,W0251,S3,A,18.0,0
OP110317,2025-05-19,W0427,S1,B,30.0,0
OP110319,2025-03-06,W0234,S1,D,33.0,0
OP110325,2025-06-04,W0367,S1,C,8.0,0
OP110327,2025-01-09,W0352,S1,E,19.0,0
OP110330,2025-03-04,W0119,S3,C,18.0,0
OP110332,2025-01-21,W0014,S3,C,17.0,1
OP110334,2025-01-31,W0368,S2,A,39.0,0
OP110337,2025-01-21,W0031,S1,B,35.0,1
OP110338,2025-05-23,W0338,S3,C,21.0,1
OP110339,2025-02-20,W0410,S2,C,28.0,0
OP110342,2025-03-10,W0119,S2,C,19.0,0
OP110343,2025-03-27,W0391,S2,C,25.0,0
OP110345,2025-04-14,W0203,S1,E,15.0,0
OP110347,2025-05-27,W0232,S3,B,25.0,0
OP110348,2025-04-02,W0061,S2,C,36.0,0
OP110349,2025-06-12,W0276,S2,C,41.0,0
OP110351,2025-06-02,W0328,S3,B,41.0,0
OP110352,2025-02-24,W0029,S2,C,10.0,1
OP110353,2025-03-19,W0163,S1,D,36.0,1
OP110354,2025-04-02,W0372,S2,B,25.0,1
OP110355,2025-02-05,W0303,S2,E,40.0,0
OP110356,2025-06-23,W0422,S2,D,37.0,1
OP110361,2025-06-25,W0123,S1,B,45.0,0
OP110362,2025-04-04,W0283,S3,E,34.0,1
OP110365,2025-06-25,W0492,S3,A,35.0,1
OP110367,2025-06-18,W0213,S1,E,25.0,0
OP110369,2025-03-18,W0412,S2,E,38.0,0
OP110371,2025-03-12,W0442,S3,D,15.0,1
OP110374,2025-02-05,W0073,S3,C,25.0,0
OP110378,2025-02-13,W0287,S2,D,35.0,1
OP110381,2025-04-03,W0381,S1,E,11.0,0
OP110383,2025-01-08,W0368,S1,C,34.0,0
OP110384,2025-03-23,W0447,S1,E,31.0,1
OP110385,2025-06-07,W0072,S2,D,3.0,1
OP110386,2025-01-14,W0308,S3,E,42.0,0
OP110389,2025-03-02,W0027,S3,D,36.0,0
OP110391,2025-04-02,W0121,S1,C,23.0,0
OP110392,2025-02-22,W0443,S3,A,24.0,0
OP110393,2025-06-15,W0303,S3,B,48.0,0
OP110394,2025-05-12,W0072,S1,A,5.0,0
OP110395,2025-06-26,W0166,S2,C,34.0,1
OP110398,2025-03-20,W0123,S2,A,20.0,0
OP110400,2025-04-30,W0028,S2,B,8.0,0
OP110405,2025-04-19,W0190,S2,A,19.0,0
OP110406,2025-01-27,W0010,S3,E,6.0,1
OP110407,2025-03-07,W0426,S2,B,16.0,1
OP110409,2025-02-03,W0349,S1,E,28.0,0
OP110411,2025-04-08,W0240,S2,D,43.0,0
OP110412,2025-01-03,W0429,S1,B,34.0,0
OP110413,2025-04-28,W0073,S2,B,36.0,0
OP110414,2025-05-24,W0233,S2,E,12.0,0
OP110415,2025-03-22,W0272,S1,A,18.0,0
OP110416,2025-05-07,W0282,S3,E,35.0,0
OP110417,2025-02-22,W0322,S2,A,27.0,1
OP110418,2025-02-14,W0401,S3,E,43.0,1
OP110421,2025-04-12,W0478,S2,A,44.0,1
OP110422,2025-02-10,W0231,S2,B,4.0,0
OP110423,2025-05-08,W0033,S3,B,39.0,0
OP110425,2025-02-22,W0216,S2,D,16.0,1
OP110426,2025-06-25,W0327,S3,A,7.0,0
OP110428,2025-01-19,W0282,S1,C,8.0,0
OP110430,2025-06-25,W0017,S3,C,22.0,0
OP110431,2025-05-01,W0170,S1,D,35.0,0
OP110435,2025-02-14,W0325,S3,B,21.0,0
OP110437,2025-01-05,W0052,S2,A,36.0,0
OP110441,2025-02-01,W0008,S1,B,36.0,0
OP110443,2025-05-24,W0266,S2,E,33.0,1
OP110445,2025-03-09,W0325,S2,D,48.0,1
OP110446,2025-03-08,W0096,S2,E,18.0,0
OP110449,2025-03-13,W0082,S3,C,19.0,1
OP110454,2025-05-22,W0448,S3,C,27.0,1
OP110455,2025-02-28,W0250,S3,A,45.0,0
OP110459,2025-01-06,W0362,S3,D,15.0,0
OP110460,2025-01-09,W0420,S1,E,7.0,0
OP110466,2025-02-02,W0182,S2,A,45.0,1
OP110467,2025-04-20,W0461,S1,C,22.0,0
OP110471,2025-06-03,W0161,S3,D,12.0,0
OP110473,2025-01-31,W0405,S1,B,19.0,0
OP110474,2025-04-07,W0170,S1,E,4.0,1
OP110477,2025-02-27,W0380,S1,A,35.0,0
OP110482,2025-06-10,W0414,S1,B,2.0,1
OP110488,2025-03-26,W0159,S1,C,48.0,0
OP110491,2025-01-26,W0131,S1,B,38.0,0
OP110492,2025-05-24,W0021,S2,E,36.0,0
OP110493,2025-05-10,W0438,S2,C,49.0,0
OP110494,2025-02-02,W0038,S3,A,12.0,1
OP110495,2025-06-11,W0448,S3,D,12.0,0
OP110498,2025-06-21,W0120,S2,C,36.0,0
OP110502,2025-05-13,W0066,S3,B,1.0,0
OP110504,2025-01-26,W0445,S2,A,2.0,1
OP110505,2025-02-15,W0323,S1,C,13.0,1
OP110506,2025-01-31,W0173,S2,A,5.0,0
OP110508,2025-04-12,W0296,S2,A,21.0,0
OP110509,2025-02-27,W0483,S1,C,10.0,0
OP110512,2025-01-27,W0457,S3,C,19.0,1
OP110513,2025-01-17,W0124,S3,C,49.0,0
OP110515,2025-04-09,W0251,S3,D,29.0,0
OP110516,2025-06-07,W0213,S2,D,14.0,0
OP110517,2025-04-12,W0324,S1,B,34.0,0
OP110518,2025-02-10,W0449,S2,D,25.0,1
OP110519,2025-06-23,W0098,S2,E,7.0,1
OP110521,2025-04-20,W0139,S2,A,28.0,0
OP110523,2025-01-24,W0448,S3,E,28.0,0
OP110524,2025-04-14,W0095,S2,B,26.0,0
OP110529,2025-03-02,W0251,S3,B,45.0,0
OP110530,2025-05-04,W0438,S2,E,35.0,0
OP110531,2025-01-10,W0127,S1,C,9.0,0
OP110532,2025-04-11,W0290,S3,D,33.0,0
OP110538,2025-02-24,W0248,S3,D,2.0,0
OP110539,2025-02-03,W0292,S2,E,40.0,1
OP110541,2025-06-18,W0331,S2,B,48.0,0
OP110543,2025-03-18,W0001,S3,E,25.0,0
OP110544,2025-05-22,W0348,S3,B,21.0,0
OP110546,2025-05-17,W0121,S2,B,32.0,0
OP110547,2025-02-15,W0158,S2,D,6.0,0
OP110549,2025-06-18,W0356,S1,C,23.0,0
OP110551,2025-03-10,W0420,S3,E,33.0,0
OP110552,2025-06-20,W0115,S3,E,36.0,0
OP110555,2025-06-20,W0064,S2,C,11.0,1
OP110558,2025-06-16,W0165,S2,D,40.0,0
OP110569,2025-02-03,W0159,S2,E,37.0,0
OP110570,2025-01-09,W0479,S1,B,47.0,0
OP110571,2025-02-13,W0485,S1,C,10.0,1
OP110572,2025-01-05,W0455,S3,D,27.0,1
OP110573,2025-02-10,W0461,S1,E,46.0,0
OP110575,2025-02-27,W0293,S1,D,28.0,1
OP110578,2025-01-11,W0449,S3,B,49.0,0
OP110579,2025-02-08,W0095,S2,A,15.0,0
OP110582,2025-02-22,W0113,S2,E,45.0,0
OP110587,2025-06-16,W0481,S3,B,8.0,1
OP110588,2025-06-18,W0252,S2,C,18.0,0
OP110589,2025-06-02,W0466,S1,C,22.0,0
OP110592,2025-05-11,W0337,S1,A,39.0,0
OP110593,2025-01-07,W0139,S2,A,15.0,0
OP110595,2025-06-13,W0337,S3,D,49.0,0
OP110597,2025-03-25,W0127,S1,B,37.0,0
OP110598,2025-03-09,W0101,S2,A,31.0,0
OP110599,2025-02-19,W0394,S2,C,6.0,0
OP110601,2025-06-20,W0069,S3,B,28.0,1
OP110602,2025-01-24,W0033,S1,B,40.0,0
OP110603,2025-02-15,W0063,S2,B,35.0,0
OP110610,2025-02-28,W0446,S1,B,10.0,1
OP110611,2025-03-07,W0035,S2,A,43.0,0
OP110612,2025-06-05,W0386,S3,B,7.0,0
OP110613,2025-03-07,W0179,S3,D,47.0,0
OP110615,2025-06-26,W0173,S2,D,49.0,0
OP110616,2025-01-27,W0387,S1,D,1.0,0
OP110617,2025-02-22,W0183,S3,A,9.0,0
OP110619,2025-01-01,W0095,S3,A,49.0,0
OP110620,2025-04-10,W0353,S3,C,10.0,0
OP110622,2025-03-26,W0124,S3,D,16.0,1
OP110623,2025-04-09,W0226,S2,E,1.0,0
OP110625,2025-01-24,W0404,S2,E,39.0,0
OP110626,2025-03-08,W0191,S2,B,46.0,0
OP110627,2025-01-19,W0337,S1,C,34.0,1
OP110629,2025-06-05,W0010,S2,A,3.0,0
OP110631,2025-03-10,W0001,S1,B,30.0,0
OP110634,2025-03-16,W0346,S1,B,19.0,0
OP110635,2025-04-26,W0484,S1,E,42.0,1
OP110636,2025-06-12,W0305,S1,B,45.0,0
OP110641,2025-01-20,W0235,S2,D,48.0,0
OP110642,2025-03-18,W0237,S2,E,41.0,0
OP110643,2025-02-13,W0486,S3,C,34.0,0
OP110644,2025-03-07,W0128,S3,B,35.0,0
OP110646,2025-04-01,W0349,S3,E,14.0,0
OP110647,2025-04-07,W0059,S2,C,31.0,0
OP110650,2025-03-23,W0318,S2,C,36.0,0
OP110651,2025-01-25,W0102,S2,C,7.0,0
OP110652,2025-04-27,W0452,S2,B,35.0,1
OP110654,2025-05-02,W0242,S3,B,21.0,0
OP110655,2025-04-27,W0134,S1,B,47.0,0
OP110657,2025-05-19,W0084,S3,E,24.0,0
OP110660,2025-01-20,W0186,S1,C,27.0,0
OP110661,2025-02-15,W0059,S2,E,40.0,0
OP110662,2025-02-14,W0328,S2,E,20.0,0
OP110663,2025-02-02,W0142,S2,A,41.0,1
OP110665,2025-06-26,W0152,S2,C,45.0,0
OP110667,2025-02-23,W0411,S2,D,17.0,0
OP110669,2025-01-17,W0150,S2,C,34.0,0
OP110670,2025-04-07,W0237,S1,E,16.0,0
OP110673,2025-01-12,W0460,S2,E,8.0,0
OP110675,2025-02-07,W0036,S2,A,20.0,0
OP110676,2025-06-12,W0233,S3,D,44.0,0
OP110678,2025-04-27,W0032,S1,E,32.0,0
OP110679,2025-02-20,W0245,S1,E,44.0,0
OP110681,2025-02-21,W0180,S2,A,30.0,0
OP110682,2025-02-04,W0351,S1,D,24.0,0
OP110684,2025-06-01,W0058,S2,E,49.0,1
OP110690,2025-03-19,W0212,S2,B,44.0,0
OP110693,2025-03-24,W0340,S1,B,30.0,0
OP110695,2025-01-03,W0414,S1,D,7.0,0
OP110699,2025-06-26,W0465,S3,A,13.0,0
OP110700,2025-02-19,W0293,S1,D,24.0,0
OP110701,2025-04-25,W0247,S2,E,47.0,0
OP110704,2025-03-01,W0262,S3,C,1.0,1
OP110706,2025-06-28,W0293,S2,E,21.0,0
OP110707,2025-06-05,W0434,S2,B,15.0,0
OP110708,2025-01-26,W0199,S1,B,44.0,0
OP110711,2025-06-13,W0239,S1,B,29.0,1
OP110716,2025-01-09,W0045,S3,D,5.0,0
OP110723,2025-04-25,W0426,S2,B,39.0,0
OP110726,2025-06-03,W0342,S3,D,11.0,0
OP110728,2025-04-03,W0265,S2,D,17.0,0
OP110729,2025-04-07,W0045,S2,A,14.0,0
OP110731,2025-04-09,W0195,S2,D,49.0,0
OP110733,2025-04-26,W0156,S2,D,6.0,0
OP110734,2025-03-27,W0354,S2,C,25.0,0
OP110735,2025-03-01,W0153,S2,A,3.0,0
OP110737,2025-05-30,W0167,S1,C,15.0,0
OP110740,2025-03-14,W0378,S3,D,40.0,0
OP110742,2025-06-07,W0468,S1,C,29.0,0
OP110743,2025-06-05,W0122,S1,C,34.0,0
OP110744,2025-04-20,W0054,S2,D,46.0,1
OP110745,2025-03-20,W0169,S3,B,24.0,1
OP110747,2025-01-05,W0237,S2,D,36.0,0
OP110748,2025-03-13,W0114,S1,C,1.0,0
OP110751,2025-02-07,W0304,S3,D,26.0,0
OP110752,2025-06-09,W0242,S2,E,12.0,0
OP110756,2025-04-14,W0053,S3,D,40.0,1
OP110759,2025-03-30,W0258,S2,A,7.0,0
OP110760,2025-03-24,W0215,S1,B,12.0,0
OP110762,2025-03-27,W0409,S3,E,32.0,0
OP110766,2025-01-11,W0244,S1,D,26.0,0
OP110767,2025-03-14,W0309,S3,C,39.0,0
OP110773,2025-04-08,W0057,S1,E,41.0,1
OP110774,2025-06-01,W0407,S3,B,27.0,0
OP110780,2025-06-23,W0032,S2,C,24.0,1
OP110785,2025-05-23,W0116,S3,D,44.0,1
OP110786,2025-04-14,W0153,S2,D,25.0,0
OP110789,2025-05-17,W0276,S2,D,42.0,0
OP110790,2025-05-26,W0400,S2,A,28.0,0
OP110793,2025-05-06,W0117,S3,B,12.0,0
OP110794,2025-04-08,W0453,S2,E,15.0,0
OP110795,2025-04-09,W0238,S2,D,1.0,0
OP110796,2025-01-04,W0014,S2,D,9.0,0
OP110799,2025-01-30,W0458,S1,E,41.0,1
OP110800,2025-03-06,W0252,S2,B,41.0,0
OP110804,2025-02-16,W0326,S2,A,40.0,0
OP110806,2025-05-06,W0014,S1,C,5.0,0
OP110807,2025-03-18,W0140,S2,D,23.0,0
OP110808,2025-06-25,W0307,S2,B,10.0,1
OP110809,2025-05-05,W0297,S2,A,38.0,0
OP110811,2025-04-24,W0101,S1,D,33.0,0
OP110812,2025-02-24,W0327,S2,D,24.0,0
OP110814,2025-04-18,W0175,S2,E,7.0,1
OP110820,2025-06-13,W0127,S1,E,26.0,1
OP110821,2025-02-18,W0090,S2,B,5.0,0
OP110824,2025-01-14,W0500,S2,C,31.0,0
OP110827,2025-05-29,W0076,S1,E,31.0,0
OP110828,2025-02-17,W0050,S2,B,28.0,0
OP110829,2025-04-18,W0173,S2,A,25.0,0
OP110836,2025-06-23,W0369,S1,C,40.0,0
OP110837,2025-05-20,W0369,S3,B,33.0,0
OP110838,2025-01-27,W0026,S3,D,22.0,0
OP110841,2025-01-26,W0331,S1,A,37.0,0
OP110843,2025-05-10,W0439,S3,A,9.0,0
OP110851,2025-06-21,W0445,S1,C,29.0,0
OP110852,2025-01-25,W0087,S1,B,26.0,0
OP110854,2025-06-06,W0467,S3,C,19.0,1
OP110856,2025-01-14,W0083,S2,B,49.0,0
OP110858,2025-02-09,W0060,S2,C,16.0,0
OP110859,2025-05-29,W0115,S1,A,25.0,0
OP110864,2025-01-26,W0096,S2,B,4.0,0
OP110869,2025-05-15,W0029,S2,C,35.0,0
OP110873,2025-01-11,W0288,S3,B,24.0,0
OP110874,2025-02-13,W0155,S3,D,18.0,0
OP110875,2025-04-30,W0423,S1,B,47.0,0
OP110879,2025-03-22,W0442,S1,B,3.0,0
OP110880,2025-06-22,W0431,S3,A,44.0,0
OP110881,2025-03-12,W0162,S2,A,16.0,1
OP110882,2025-05-05,W0298,S3,D,1.0,1
OP110883,2025-01-05,W0401,S2,B,35.0,0
OP110888,2025-01-26,W0382,S1,D,25.0,1
OP110890,2025-02-15,W0247,S3,A,3.0,0
OP110894,2025-06-09,W0256,S1,D,3.0,0
OP110895,2025-05-02,W0131,S1,E,34.0,1
OP110896,2025-04-08,W0321,S2,D,42.0,0
OP110898,2025-05-23,W0200,S2,C,12.0,0
OP110899,2025-03-05,W0436,S1,E,38.0,0
OP110901,2025-01-26,W0479,S3,A,8.0,0
OP110903,2025-04-10,W0390,S2,B,34.0,0
OP110904,2025-01-12,W0257,S1,E,44.0,0
OP110906,2025-03-04,W0304,S3,B,17.0,0
OP110907,2025-01-03,W0308,S2,A,39.0,0
OP110910,2025-05-01,W0393,S1,B,34.0,0
OP110913,2025-04-15,W0047,S2,D,17.0,0
OP110914,2025-02-20,W0085,S3,B,2.0,0
OP110915,2025-02-18,W0047,S2,A,45.0,0
OP110919,2025-06-21,W0290,S3,B,20.0,0
OP110921,2025-04-20,W0381,S1,D,48.0,0
OP110926,2025-03-09,W0299,S3,C,11.0,1
OP110927,2025-03-12,W0055,S2,C,28.0,0
OP110929,2025-06-10,W0180,S2,B,48.0,0
OP110930,2025-01-09,W0465,S2,B,49.0,0
OP110931,2025-05-29,W0427,S3,C,2.0,0
OP110932,2025-03-19,W0132,S2,A,42.0,0
OP110936,2025-01-06,W0217,S2,E,48.0,0
OP110937,2025-03-10,W0011,S2,D,25.0,0
OP110938,2025-06-26,W0181,S2,C,8.0,0
OP110940,2025-01-30,W0173,S1,B,43.0,1
OP110941,2025-02-26,W0045,S1,D,26.0,0
OP110944,2025-06-08,W0463,S1,D,42.0,0
OP110945,2025-03-25,W0111,S1,D,29.0,0
OP110946,2025-03-02,W0208,S2,E,48.0,0
OP110949,2025-02-26,W0285,S2,D,4.0,0
OP110952,2025-02-12,W0416,S1,E,38.0,0
OP110953,2025-02-16,W0034,S3,B,26.0,1
OP110955,2025-05-20,W0215,S2,C,40.0,1
OP110956,2025-05-15,W0222,S3,E,21.0,0
OP110958,2025-05-09,W0289,S2,E,9.0,1
OP110964,2025-04-03,W0352,S2,B,38.0,1
OP110965,2025-02-05,W0186,S2,E,11.0,0
OP110968,2025-02-08,W0140,S3,D,36.0,1
OP110969,2025-02-28,W0071,S2,A,26.0,0
OP110973,2025-02-02,W0049,S2,A,26.0,0
OP110974,2025-04-02,W0013,S2,B,40.0,0
OP110976,2025-02-02,W0224,S3,E,33.0,0
OP110977,2025-06-04,W0324,S3,C,27.0,0
OP110979,2025-02-03,W0152,S2,D,29.0,0
OP110980,2025-03-11,W0397,S3,E,8.0,0
OP110981,2025-05-31,W0414,S2,D,34.0,0
OP110983,2025-03-29,W0381,S3,C,48.0,1
OP110984,2025-05-31,W0257,S1,B,9.0,0
OP110986,2025-01-11,W0146,S2,A,26.0,1
OP110987,2025-02-14,W0095,S2,C,49.0,1
OP110988,2025-06-26,W0487,S3,C,3.0,0
OP110989,2025-01-09,W0046,S1,C,23.0,0
OP110990,2025-05-08,W0447,S3,B,9.0,0
OP110993,2025-01-02,W0409,S3,B,27.0,0
OP110994,2025-06-14,W0478,S2,A,2.0,1
OP110996,2025-04-12,W0213,S2,C,11.0,0
OP110998,2025-02-11,W0292,S2,E,8.0,1
OP110999,2025-02-12,W0413,S1,B,25.0,0
OP111001,2025-02-13,W0287,S3,A,36.0,0
OP111002,2025-02-09,W0241,S1,C,46.0,0
OP111006,2025-02-13,W0380,S1,B,5.0,0
OP111008,2025-04-12,W0256,S2,D,31.0,0
OP111009,2025-04-04,W0422,S2,C,40.0,0
OP111010,2025-03-06,W0362,S3,B,15.0,0
OP111012,2025-03-02,W0098,S3,D,47.0,1
OP111013,2025-01-15,W0288,S2,D,45.0,0
OP111016,2025-06-07,W0341,S2,D,7.0,0
OP111018,2025-01-22,W0113,S1,D,24.0,0
OP111020,2025-06-19,W0380,S2,D,18.0,0
OP111023,2025-04-30,W0009,S1,D,9.0,1
OP111025,2025-06-22,W0468,S2,E,8.0,1
OP111026,2025-03-12,W0124,S3,D,48.0,0
OP111027,2025-01-17,W0312,S3,E,28.0,1
OP111028,2025-04-20,W0324,S2,D,23.0,0
OP111029,2025-04-15,W0247,S1,C,38.0,0
OP111033,2025-06-19,W0155,S3,D,14.0,0
OP111038,2025-05-10,W0328,S3,B,28.0,0
OP111042,2025-01-06,W0454,S3,A,48.0,0
OP111047,2025-06-22,W0234,S3,B,33.0,1
OP111053,2025-05-01,W0186,S2,A,38.0,1
OP111054,2025-05-02,W0287,S1,C,5.0,1
OP111058,2025-01-12,W0448,S3,E,31.0,0
OP111061,2025-02-24,W0497,S1,B,6.0,1
OP111062,2025-04-22,W0469,S1,C,23.0,1
OP111064,2025-04-17,W0470,S1,A,14.0,0
OP111065,2025-01-16,W0302,S3,D,47.0,0
OP111066,2025-03-12,W0247,S1,E,17.0,1
OP111067,2025-04-19,W0299,S2,E,14.0,0
OP111069,2025-05-17,W0339,S2,D,30.0,0
OP111071,2025-04-09,W0190,S2,C,20.0,0
OP111073,2025-05-23,W0300,S2,D,46.0,0
OP111075,2025-04-16,W0413,S2,A,30.0,1
OP111076,2025-03-15,W0266,S1,C,1.0,0
OP111077,2025-04-25,W0330,S3,B,1.0,0
OP111080,2025-01-29,W0126,S1,B,28.0,0
OP111082,2025-05-02,W0371,S1,B,28.0,0
OP111083,2025-03-16,W0039,S3,D,6.0,0
OP111086,2025-01-13,W0437,S2,A,13.0,0
OP111088,2025-03-11,W0030,S2,B,39.0,0
OP111091,2025-03-25,W0053,S3,C,10.0,0
OP111093,2025-03-03,W0309,S1,B,33.0,0
OP111094,2025-06-14,W0465,S3,D,49.0,0
OP111095,2025-01-01,W0308,S2,D,7.0,0
OP111099,2025-03-18,W0130,S2,D,25.0,0
OP111102,2025-02-27,W0421,S3,B,44.0,0
OP111108,2025-06-08,W0480,S2,C,23.0,1
OP111109,2025-03-08,W0401,S2,B,6.0,0
OP111117,2025-04-25,W0064,S2,B,42.0,0
OP111121,2025-06-25,W0221,S2,E,11.0,0
OP111126,2025-05-29,W0474,S2,A,25.0,0
OP111128,2025-01-12,W0499,S2,B,41.0,0
OP111129,2025-03-22,W0333,S2,C,48.0,0
OP111131,2025-03-23,W0351,S2,C,42.0,0
OP111137,2025-04-02,W0280,S3,D,30.0,0
OP111139,2025-03-25,W0136,S2,C,38.0,0
OP111140,2025-03-30,W0294,S2,B,32.0,0
OP111142,2025-05-19,W0127,S2,B,46.0,1
OP111143,2025-06-12,W0085,S2,E,34.0,1
OP111151,2025-03-24,W0201,S2,D,27.0,1
OP111152,2025-01-01,W0307,S1,E,45.0,1
OP111155,2025-01-05,W0319,S2,A,3.0,0
OP111156,2025-06-26,W0389,S1,D,46.0,0
OP111158,2025-05-19,W0461,S1,A,49.0,1
OP111162,2025-01-30,W0258,S2,D,46.0,0
OP111164,2025-02-16,W0026,S2,A,30.0,0
OP111168,2025-02-07,W0258,S2,B,9.0,0
OP111170,2025-05-23,W0330,S1,E,8.0,0
OP111173,2025-05-29,W0098,S1,A,8.0,1
OP111174,2025-06-14,W0350,S2,E,44.0,0
OP111175,2025-03-30,W0300,S2,A,45.0,1
OP111176,2025-06-22,W0173,S3,A,15.0,0
OP111177,2025-03-07,W0411,S1,A,49.0,0
OP111179,2025-05-19,W0057,S2,D,39.0,0
OP111180,2025-03-09,W0354,S3,E,44.0,0
OP111181,2025-04-19,W0030,S3,D,43.0,0
OP111184,2025-03-08,W0023,S1,C,27.0,0
OP111188,2025-03-23,W0304,S2,C,19.0,0
OP111190,2025-02-22,W0135,S2,D,1.0,0
OP111191,2025-06-24,W0149,S2,D,25.0,0
OP111193,2025-05-17,W0236,S2,A,43.0,0
OP111194,2025-02-18,W0359,S3,A,28.0,0
OP111201,2025-02-09,W0241,S1,D,10.0,0
OP111203,2025-05-19,W0241,S2,B,35.0,0
OP111204,2025-01-09,W0323,S1,D,20.0,0
OP111206,2025-02-08,W0204,S2,A,22.0,0
OP111208,2025-06-18,W0213,S1,B,8.0,1
OP111211,2025-03-17,W0060,S2,B,30.0,0
OP111217,2025-03-21,W0486,S2,B,36.0,1
OP111220,2025-01-28,W0160,S3,E,48.0,0
OP111223,2025-01-25,W0307,S2,A,47.0,0
OP111226,2025-05-12,W0111,S3,B,44.0,0
OP111228,2025-06-04,W0240,S2,B,23.0,1
OP111229,2025-02-28,W0210,S1,E,28.0,0
OP111237,2025-06-25,W0369,S2,C,42.0,0
OP111240,2025-05-26,W0284,S1,D,37.0,0
OP111241,2025-05-12,W0014,S2,E,41.0,0
OP111245,2025-04-08,W0358,S3,B,1.0,0
OP111248,2025-02-17,W0198,S1,D,42.0,0
OP111249,2025-03-19,W0087,S1,D,7.0,1
OP111253,2025-03-26,W0023,S1,D,9.0,0
OP111257,2025-01-20,W0033,S2,C,47.0,1
OP111260,2025-03-24,W0494,S1,D,21.0,1
OP111264,2025-04-10,W0183,S1,C,22.0,0
OP111268,2025-02-11,W0170,S2,E,47.0,0
OP111272,2025-06-21,W0149,S2,D,7.0,0
OP111273,2025-05-29,W0023,S2,E,14.0,0
OP111280,2025-03-03,W0318,S3,C,43.0,0
OP111284,2025-05-18,W0350,S2,E,32.0,0
OP111291,2025-06-09,W0459,S2,B,36.0,0
OP111293,2025-04-12,W0162,S3,E,47.0,0
OP111294,2025-01-06,W0451,S1,B,34.0,1
OP111297,2025-03-06,W0034,S3,D,3.0,0
OP111299,2025-05-01,W0226,S2,B,2.0,0
OP111302,2025-05-28,W0403,S2,A,4.0,0
OP111306,2025-05-25,W0134,S1,B,37.0,0
OP111309,2025-02-21,W0436,S2,A,22.0,0
OP111310,2025-04-06,W0208,S2,C,5.0,0
OP111312,2025-06-20,W0218,S2,B,11.0,0
OP111315,2025-03-21,W0291,S2,B,3.0,0
OP111320,2025-05-07,W0411,S1,C,11.0,0
OP111321,2025-04-24,W0221,S2,B,33.0,0
OP111322,2025-03-02,W0304,S2,C,46.0,0
OP111323,2025-02-16,W0082,S2,B,34.0,0
OP111325,2025-04-10,W0191,S3,A,5.0,1
OP111329,2025-06-10,W0370,S2,B,22.0,0
OP111330,2025-04-28,W0076,S3,A,16.0,0
OP111331,2025-06-10,W0492,S1,C,14.0,0
OP111333,2025-06-10,W0320,S3,D,21.0,1
OP111338,2025-06-24,W0175,S2,B,31.0,0
OP111340,2025-04-22,W0452,S3,A,16.0,0
OP111341,2025-03-11,W0171,S2,C,39.0,1
OP111343,2025-05-25,W0089,S2,B,21.0,0
OP111350,2025-01-19,W0038,S2,D,28.0,0
OP111352,2025-06-05,W0482,S1,D,9.0,0
OP111353,2025-06-23,W0395,S2,E,24.0,0
OP111354,2025-04-18,W0466,S2,A,15.0,0
OP111356,2025-06-15,W0115,S2,C,10.0,1
OP111359,2025-04-22,W0412,S2,B,32.0,1
OP111360,2025-05-25,W0399,S1,C,29.0,0
OP111361,2025-02-05,W0093,S2,A,42.0,0
OP111362,2025-05-25,W0473,S2,B,37.0,0
OP111365,2025-01-30,W0229,S2,E,28.0,1
OP111366,2025-06-10,W0221,S3,E,26.0,0
OP111368,2025-05-03,W0253,S2,E,40.0,0
OP111371,2025-01-30,W0147,S1,D,18.0,0
OP111374,2025-02-02,W0166,S2,D,14.0,0
OP111375,2025-03-09,W0058,S2,D,26.0,1
OP111376,2025-02-02,W0198,S3,B,19.0,1
OP111377,2025-03-25,W0496,S3,A,1.0,0
OP111378,2025-06-13,W0015,S2,D,3.0,0
OP111381,2025-04-12,W0059,S3,C,48.0,0
OP111383,2025-01-20,W0381,S1,E,27.0,1
OP111384,2025-04-10,W0335,S1,D,10.0,0
OP111387,2025-05-21,W0250,S2,C,44.0,0
OP111388,2025-04-16,W0489,S1,D,21.0,0
OP111390,2025-06-16,W0289,S2,B,22.0,0
OP111392,2025-02-07,W0023,S3,D,17.0,0
OP111393,2025-02-25,W0284,S1,E,22.0,0
OP111395,2025-05-09,W0084,S2,D,12.0,0
OP111396,2025-05-23,W0483,S3,C,8.0,0
OP111397,2025-01-17,W0211,S2,C,44.0,0
OP111398,2025-01-10,W0206,S2,C,34.0,0
OP111400,2025-03-20,W0101,S2,D,23.0,0
OP111401,2025-05-23,W0167,S2,C,6.0,0
OP111403,2025-03-14,W0221,S2,C,34.0,0
OP111404,2025-02-10,W0326,S3,B,22.0,1
OP111405,2025-01-19,W0349,S3,C,25.0,0
OP111406,2025-01-31,W0103,S2,C,48.0,0
OP111410,2025-02-13,W0221,S2,E,9.0,1
OP111411,2025-01-05,W0063,S1,D,24.0,0
OP111414,2025-05-02,W0109,S2,A,35.0,0
OP111415,2025-03-28,W0038,S1,C,12.0,0
OP111416,2025-01-17,W0292,S1,E,23.0,0
OP111417,2025-04-24,W0208,S1,E,8.0,1
OP111419,2025-03-23,W0165,S2,E,28.0,0
OP111420,2025-02-08,W0077,S3,D,1.0,0
OP111421,2025-04-13,W0122,S2,C,48.0,0
OP111424,2025-05-06,W0493,S1,D,23.0,1
OP111425,2025-04-07,W0260,S2,B,3.0,0
OP111428,2025-01-12,W0456,S2,B,13.0,0
OP111430,2025-01-29,W0289,S3,E,14.0,1
OP111431,2025-04-17,W0050,S2,C,21.0,0
OP111433,2025-02-06,W0383,S1,C,6.0,0
OP111441,2025-01-25,W0137,S1,C,30.0,0
OP111442,2025-06-05,W0491,S3,B,24.0,0
OP111443,2025-01-27,W0075,S1,A,24.0,1
OP111446,2025-02-08,W0402,S2,B,32.0,0
OP111447,2025-03-03,W0271,S2,C,12.0,1
OP111449,2025-03-17,W0379,S1,C,26.0,0
OP111450,2025-04-30,W0394,S2,B,41.0,0
OP111459,2025-02-16,W0364,S2,A,26.0,0
OP111464,2025-05-09,W0253,S3,B,47.0,0
OP111465,2025-06-01,W0205,S1,E,47.0,0
OP111468,2025-05-05,W0216,S1,D,36.0,0
OP111470,2025-01-27,W0373,S3,E,44.0,0
OP111471,2025-02-13,W0114,S3,D,37.0,0
OP111472,2025-05-22,W0395,S1,D,47.0,0
OP111473,2025-04-21,W0303,S3,B,5.0,0
OP111475,2025-05-11,W0044,S2,C,48.0,1
OP111476,2025-04-24,W0031,S2,B,48.0,0
OP111480,2025-01-27,W0332,S2,D,35.0,1
OP111482,2025-06-20,W0447,S2,B,27.0,0
OP111483,2025-02-01,W0185,S1,A,30.0,0
OP111484,2025-01-18,W0040,S2,C,30.0,0
OP111486,2025-01-21,W0133,S2,C,14.0,0
OP111488,2025-04-15,W0071,S1,D,43.0,0
OP111489,2025-06-05,W0084,S3,C,36.0,0
OP111490,2025-03-16,W0373,S2,A,36.0,1
OP111493,2025-05-26,W0328,S3,D,23.0,0
OP111494,2025-04-13,W0419,S3,E,49.0,0
OP111496,2025-01-02,W0196,S3,E,23.0,1
OP111498,2025-02-12,W0102,S2,B,38.0,1
OP111499,2025-05-24,W0180,S1,D,5.0,0
OP111511,2025-01-09,W0318,S2,A,32.0,0
OP111526,2025-03-04,W0326,S1,B,21.0,1
OP111530,2025-02-13,W0298,S2,C,38.0,0
OP111531,2025-05-18,W0053,S2,E,25.0,0
OP111532,2025-03-14,W0375,S2,E,25.0,1
OP111534,2025-03-06,W0302,S2,D,45.0,0
OP111536,2025-04-19,W0077,S1,B,13.0,0
OP111539,2025-06-15,W0076,S1,D,27.0,0
OP111548,2025-05-12,W0307,S1,A,45.0,0
OP111549,2025-03-17,W0292,S2,E,33.0,0
OP111551,2025-06-29,W0224,S2,D,24.0,0
OP111554,2025-02-28,W0125,S2,C,28.0,1
OP111563,2025-01-31,W0334,S3,C,11.0,0
OP111565,2025-05-05,W0478,S1,C,1.0,0
OP111567,2025-06-07,W0473,S2,E,22.0,1
OP111568,2025-06-01,W0211,S1,E,8.0,0
OP111569,2025-05-12,W0175,S2,B,3.0,1
OP111570,2025-03-26,W0129,S1,A,42.0,0
OP111572,2025-02-19,W0036,S1,A,22.0,1
OP111573,2025-06-06,W0177,S1,C,4.0,0
OP111577,2025-06-19,W0194,S2,D,40.0,0
OP111579,2025-02-20,W0427,S3,D,10.0,1
OP111583,2025-01-06,W0046,S2,A,13.0,1
OP111585,2025-05-06,W0299,S3,E,24.0,0
OP111589,2025-05-12,W0339,S2,C,7.0,1
OP111593,2025-05-30,W0388,S2,C,19.0,0
OP111595,2025-06-24,W0350,S3,B,5.0,0
OP111610,2025-06-29,W0400,S2,B,31.0,1
OP111611,2025-02-02,W0465,S3,B,41.0,1
OP111612,2025-02-12,W0342,S1,A,12.0,0
OP111616,2025-02-04,W0139,S2,E,22.0,0
OP111628,2025-04-11,W0326,S2,A,34.0,0
OP111631,2025-05-12,W0371,S1,A,11.0,0
OP111633,2025-01-08,W0250,S2,B,12.0,1
OP111640,2025-02-10,W0075,S1,A,2.0,0
OP111642,2025-04-13,W0079,S3,E,40.0,1
OP111644,2025-05-26,W0010,S3,C,48.0,0
OP111649,2025-01-30,W0002,S3,D,32.0,0
OP111650,2025-05-19,W0423,S2,E,32.0,0
OP111652,2025-03-12,W0349,S2,C,3.0,1
OP111656,2025-06-23,W0498,S2,C,25.0,0
OP111658,2025-03-22,W0429,S3,B,4.0,0
OP111660,2025-05-04,W0436,S2,D,36.0,0
OP111661,2025-01-01,W0266,S1,A,35.0,0
OP111663,2025-04-16,W0181,S1,E,9.0,1
OP111665,2025-06-23,W0430,S1,A,32.0,0
OP111668,2025-05-31,W0145,S1,E,42.0,0
OP111670,2025-06-26,W0085,S3,A,29.0,0
OP111671,2025-05-06,W0486,S3,C,26.0,1
OP111676,2025-04-22,W0147,S2,D,31.0,1
OP111679,2025-02-28,W0305,S2,D,17.0,0
OP111681,2025-04-24,W0090,S2,D,43.0,0
OP111684,2025-04-29,W0182,S1,B,9.0,0
OP111689,2025-05-23,W0274,S1,A,34.0,0
OP111691,2025-06-21,W0252,S1,B,12.0,1
OP111697,2025-06-23,W0149,S3,A,9.0,0
OP111699,2025-01-02,W0474,S1,B,19.0,1
OP111701,2025-06-01,W0273,S2,D,8.0,0
OP111702,2025-01-06,W0015,S3,B,42.0,0
OP111704,2025-04-08,W0215,S3,E,32.0,0
OP111710,2025-02-05,W0343,S3,A,15.0,0
OP111713,2025-06-24,W0046,S2,B,11.0,0
OP111714,2025-05-04,W0443,S2,A,2.0,0
OP111715,2025-06-11,W0385,S3,D,20.0,1
OP111716,2025-06-22,W0351,S2,B,3.0,0
OP111717,2025-03-21,W0096,S2,C,40.0,0
OP111718,2025-03-31,W0267,S2,E,41.0,0
OP111719,2025-05-31,W0123,S2,E,17.0,0
OP111721,2025-05-30,W0480,S2,B,19.0,0
OP111725,2025-03-18,W0454,S2,E,41.0,0
OP111727,2025-02-13,W0407,S2,B,19.0,0
OP111728,2025-01-20,W0132,S3,A,10.0,0
OP111732,2025-05-21,W0056,S2,D,12.0,0
OP111738,2025-03-22,W0405,S2,B,12.0,0
OP111739,2025-05-04,W0269,S1,C,27.0,0
OP111741,2025-04-11,W0039,S2,E,27.0,0
OP111743,2025-01-26,W0396,S1,B,13.0,0
OP111746,2025-02-04,W0274,S1,E,32.0,0
OP111747,2025-05-11,W0120,S2,B,49.0,1
OP111748,2025-06-10,W0220,S2,E,32.0,0
OP111750,2025-04-20,W0380,S2,B,49.0,0
OP111753,2025-05-04,W0153,S2,A,7.0,0
OP111754,2025-04-11,W0492,S3,E,15.0,0
OP111755,2025-04-11,W0158,S2,A,21.0,0
OP111759,2025-05-22,W0314,S3,E,38.0,1
OP111760,2025-03-23,W0404,S1,A,5.0,0
OP111761,2025-05-13,W0420,S3,A,46.0,0
OP111763,2025-03-05,W0340,S2,D,40.0,1
OP111765,2025-01-07,W0181,S3,C,46.0,1
OP111766,2025-04-20,W0419,S2,B,33.0,0
OP111770,2025-05-09,W0449,S2,C,4.0,0
OP111773,2025-01-27,W0498,S1,E,28.0,0
OP111775,2025-04-22,W0478,S1,B,44.0,0
OP111776,2025-05-09,W0289,S3,D,24.0,0
OP111777,2025-01-19,W0484,S2,D,39.0,1
OP111778,2025-04-29,W0092,S2,D,17.0,0
OP111779,2025-05-28,W0101,S3,D,15.0,0
OP111780,2025-04-16,W0370,S2,D,5.0,0
OP111782,2025-02-01,W0421,S2,A,38.0,0
OP111784,2025-01-18,W0084,S2,D,16.0,1
OP111787,2025-04-02,W0175,S2,D,38.0,0
OP111788,2025-06-05,W0336,S3,B,43.0,0
OP111789,2025-06-12,W0361,S2,C,39.0,0
OP111792,2025-01-06,W0407,S2,B,43.0,1
OP111794,2025-05-02,W0202,S2,B,1.0,1
OP111795,2025-05-18,W0151,S3,B,6.0,1
OP111796,2025-03-27,W0013,S2,E,24.0,1
OP111804,2025-04-04,W0375,S1,C,41.0,0
OP111805,2025-04-26,W0171,S3,E,7.0,0
OP111809,2025-06-17,W0388,S3,B,28.0,0
OP111814,2025-05-15,W0054,S2,C,29.0,1
OP111816,2025-05-10,W0043,S3,B,26.0,0
OP111817,2025-04-17,W0215,S3,C,34.0,0
OP111819,2025-01-13,W0124,S1,D,26.0,1
OP111825,2025-03-25,W0496,S1,E,42.0,0
OP111826,2025-06-09,W0084,S2,B,49.0,0
OP111827,2025-05-17,W0135,S1,D,34.0,0
OP111828,2025-05-24,W0063,S1,E,32.0,0
OP111831,2025-01-09,W0226,S2,A,48.0,0
OP111834,2025-01-12,W0319,S1,A,9.0,1
OP111838,2025-05-24,W0071,S2,E,25.0,0
OP111840,2025-02-05,W0360,S2,C,44.0,0
OP111841,2025-01-20,W0457,S1,B,15.0,0
OP111842,2025-02-26,W0163,S2,D,38.0,0
OP111847,2025-03-26,W0429,S2,D,49.0,0
OP111848,2025-05-17,W0330,S2,B,28.0,0
OP111849,2025-01-19,W0458,S2,A,6.0,0
OP111850,2025-04-30,W0334,S1,D,13.0,1
OP111851,2025-02-08,W0472,S1,E,34.0,1
OP111852,2025-02-05,W0372,S2,D,22.0,0
OP111853,2025-03-21,W0315,S2,E,42.0,0
OP111856,2025-01-20,W0321,S2,D,35.0,0
OP111857,2025-02-16,W0044,S2,E,44.0,0
OP111859,2025-03-27,W0276,S1,E,47.0,0
OP111860,2025-04-12,W0243,S3,E,40.0,0
OP111864,2025-06-04,W0157,S2,D,7.0,0
OP111870,2025-05-06,W0257,S1,C,4.0,0
OP111871,2025-04-19,W0334,S2,E,48.0,0
OP111874,2025-02-03,W0328,S1,A,2.0,1
OP111878,2025-06-09,W0457,S3,D,31.0,0
OP111879,2025-03-13,W0217,S2,E,20.0,0
OP111880,2025-06-27,W0155,S2,E,8.0,1
OP111882,2025-05-13,W0146,S2,E,32.0,0
OP111890,2025-04-06,W0003,S2,B,44.0,0
OP111891,2025-01-18,W0042,S2,E,45.0,0
OP111894,2025-03-16,W0070,S1,B,38.0,0
OP111895,2025-01-25,W0478,S2,D,14.0,1
OP111898,2025-06-05,W0414,S1,C,3.0,1
OP111899,2025-02-07,W0407,S3,D,13.0,0
OP111902,2025-04-17,W0014,S1,E,20.0,1
OP111903,2025-03-31,W0015,S2,E,38.0,0
OP111904,2025-02-21,W0225,S2,E,30.0,0
OP111905,2025-01-05,W0122,S1,E,6.0,0
OP111906,2025-05-31,W0003,S2,A,36.0,0
OP111908,2025-03-11,W0194,S3,D,5.0,1
OP111909,2025-06-12,W0031,S2,C,39.0,0
OP111911,2025-03-20,W0027,S1,C,33.0,0
OP111917,2025-03-06,W0418,S1,C,36.0,0
OP111919,2025-04-11,W0048,S2,E,45.0,0
OP111921,2025-02-09,W0083,S2,A,24.0,0
OP111925,2025-04-01,W0235,S2,C,22.0,0
OP111927,2025-01-01,W0062,S1,B,5.0,0
OP111928,2025-02-11,W0055,S2,C,7.0,0
OP111929,2025-06-27,W0073,S1,E,33.0,1
OP111942,2025-02-20,W0207,S2,B,12.0,0
OP111943,2025-02-28,W0140,S3,E,13.0,1
OP111944,2025-05-29,W0287,S3,A,45.0,0
OP111945,2025-02-09,W0499,S2,A,27.0,0
OP111946,2025-03-03,W0304,S2,C,12.0,0
OP111948,2025-05-05,W0448,S2,A,45.0,0
OP111949,2025-01-24,W0493,S2,A,32.0,0
OP111950,2025-05-22,W0457,S2,B,11.0,0
OP111952,2025-01-03,W0282,S2,D,2.0,1
OP111954,2025-05-26,W0451,S3,A,36.0,1
OP111955,2025-05-11,W0363,S3,C,24.0,1
OP111957,2025-06-14,W0207,S3,A,47.0,0
OP111958,2025-04-24,W0462,S2,C,28.0,1
OP111960,2025-04-26,W0406,S2,B,21.0,0
OP111961,2025-03-06,W0381,S2,C,36.0,0
OP111963,2025-01-11,W0450,S3,A,38.0,1
OP111965,2025-01-20,W0028,S2,C,14.0,0
OP111966,2025-02-07,W0487,S2,B,40.0,0
OP111971,2025-03-31,W0477,S2,E,22.0,0
OP111972,2025-06-26,W0411,S2,D,3.0,0
OP111974,2025-04-02,W0136,S1,A,14.0,0
OP111978,2025-01-04,W0072,S1,B,5.0,0
OP111980,2025-04-09,W0072,S3,B,45.0,0
OP111985,2025-03-30,W0145,S1,B,44.0,1
OP111991,2025-05-09,W0378,S1,A,13.0,0
OP111993,2025-05-19,W0156,S2,D,3.0,0
OP111994,2025-03-21,W0439,S2,B,47.0,0
OP111995,2025-03-22,W0097,S1,C,35.0,1
OP111997,2025-06-26,W0418,S1,A,30.0,1
OP111998,2025-03-14,W0148,S2,A,8.0,1
OP111999,2025-06-10,W0029,S2,B,44.0,0
OP112001,2025-06-11,W0412,S2,A,27.0,0
OP112003,2025-02-09,W0316,S2,B,5.0,1
OP112005,2025-01-10,W0324,S3,D,43.0,1
OP112011,2025-01-15,W0291,S3,E,30.0,0
OP112012,2025-06-11,W0016,S1,A,33.0,0
OP112014,2025-06-11,W0208,S3,B,36.0,0
OP112015,2025-02-11,W0463,S3,B,11.0,0
OP112016,2025-02-04,W0228,S2,A,31.0,1
OP112018,2025-02-09,W0011,S2,A,34.0,0
OP112025,2025-03-01,W0202,S2,D,5.0,0
OP112026,2025-03-04,W0397,S3,D,48.0,0
OP112030,2025-01-01,W0101,S2,A,39.0,0
OP112033,2025-02-20,W0420,S2,E,31.0,0
OP112034,2025-05-03,W0170,S2,A,43.0,1
OP112037,2025-06-17,W0316,S3,E,28.0,0
OP112038,2025-06-20,W0230,S2,C,20.0,1
OP112039,2025-04-20,W0360,S2,E,10.0,0
OP112040,2025-04-23,W0170,S2,D,3.0,0
OP112041,2025-05-20,W0452,S2,D,45.0,0
OP112043,2025-06-28,W0457,S2,E,22.0,0
OP112048,2025-02-22,W0305,S1,D,42.0,0
OP112049,2025-01-24,W0266,S2,A,10.0,0
OP112057,2025-03-15,W0478,S3,D,19.0,0
OP112058,2025-03-03,W0324,S2,E,12.0,0
OP112062,2025-06-13,W0390,S3,D,46.0,1
OP112063,2025-01-22,W0189,S3,B,3.0,0
OP112065,2025-02-27,W0279,S2,B,27.0,0
OP112067,2025-01-26,W0341,S2,E,10.0,1
OP112068,2025-03-22,W0451,S2,B,35.0,0
OP112069,2025-01-19,W0113,S3,B,9.0,0
OP112071,2025-05-11,W0054,S1,B,43.0,0
OP112072,2025-04-12,W0180,S1,E,17.0,0
OP112073,2025-04-26,W0421,S3,A,31.0,0
OP112074,2025-06-21,W0356,S1,C,12.0,0
OP112075,2025-06-13,W0331,S2,C,22.0,0
OP112076,2025-05-13,W0373,S3,D,5.0,0
OP112079,2025-01-17,W0066,S2,B,20.0,0
OP112082,2025-06-01,W0446,S2,E,14.0,1
OP112084,2025-01-06,W0204,S2,D,35.0,0
OP112085,2025-01-23,W0475,S2,E,14.0,0
OP112086,2025-01-18,W0356,S3,B,14.0,0
OP112088,2025-02-25,W0014,S2,C,18.0,0
OP112091,2025-01-07,W0047,S1,B,31.0,0
OP112092,2025-05-23,W0178,S2,A,21.0,0
OP112094,2025-04-09,W0321,S2,B,9.0,0
OP112096,2025-06-06,W0394,S2,D,26.0,0
OP112097,2025-01-27,W0068,S1,D,20.0,0
OP112098,2025-03-30,W0192,S2,E,13.0,1
OP112099,2025-02-04,W0055,S2,D,10.0,0
OP112100,2025-03-19,W0212,S2,B,4.0,0
OP112101,2025-03-04,W0053,S3,D,22.0,0
OP112105,2025-02-07,W0125,S3,A,24.0,0
OP112107,2025-05-06,W0378,S1,E,2.0,0
OP112110,2025-05-13,W0020,S2,C,2.0,0
OP112111,2025-04-01,W0298,S2,C,2.0,0
OP112112,2025-06-29,W0387,S3,A,20.0,0
OP112118,2025-02-22,W0207,S2,C,46.0,1
OP112119,2025-04-30,W0005,S2,A,28.0,0
OP112120,2025-06-14,W0059,S1,D,12.0,0
OP112121,2025-01-21,W0454,S3,D,35.0,0
OP112123,2025-06-07,W0008,S2,C,40.0,1
OP112125,2025-01-11,W0144,S2,A,15.0,0
OP112130,2025-01-02,W0459,S3,B,45.0,0
OP112131,2025-05-25,W0368,S2,D,6.0,0
OP112133,2025-02-01,W0353,S2,B,17.0,0
OP112134,2025-02-27,W0219,S3,A,35.0,1
OP112135,2025-03-13,W0037,S2,A,46.0,1
OP112136,2025-05-17,W0011,S3,C,22.0,0
OP112139,2025-05-01,W0299,S3,E,39.0,1
OP112140,2025-06-14,W0275,S1,C,39.0,0
OP112142,2025-01-31,W0320,S2,C,25.0,0
OP112145,2025-02-08,W0179,S3,B,27.0,1
OP112149,2025-03-23,W0025,S2,D,26.0,0
OP112151,2025-04-26,W0211,S1,D,4.0,0
OP112154,2025-01-17,W0097,S3,C,49.0,0
OP112158,2025-03-01,W0421,S1,D,26.0,0
OP112159,2025-04-16,W0461,S3,A,1.0,0
OP112160,2025-04-22,W0470,S3,D,41.0,0
OP112161,2025-02-28,W0273,S2,A,49.0,1
OP112165,2025-05-09,W0294,S2,B,26.0,0
OP112169,2025-04-07,W0121,S2,E,34.0,0
OP112170,2025-02-26,W0005,S2,B,25.0,0
OP112176,2025-05-19,W0237,S2,B,7.0,0
OP112177,2025-02-25,W0308,S1,A,24.0,0
OP112179,2025-01-19,W0154,S3,B,30.0,0
OP112180,2025-05-07,W0196,S2,C,8.0,0
OP112181,2025-03-16,W0129,S3,D,43.0,0
OP112183,2025-01-27,W0361,S2,D,28.0,1
OP112184,2025-03-24,W0142,S1,A,1.0,0
OP112187,2025-03-22,W0260,S3,C,27.0,0
OP112189,2025-05-25,W0177,S3,A,32.0,0
OP112190,2025-05-26,W0297,S2,E,17.0,1
OP112191,2025-06-08,W0374,S2,D,42.0,0
OP112193,2025-05-15,W0007,S2,A,38.0,0
OP112194,2025-01-12,W0168,S2,E,21.0,0
OP112195,2025-04-13,W0444,S2,C,23.0,0
OP112197,2025-02-19,W0222,S3,A,39.0,1
OP112198,2025-04-05,W0486,S2,B,4.0,0
OP112199,2025-06-11,W0121,S2,B,40.0,0
OP112202,2025-03-08,W0087,S3,E,33.0,0
OP112204,2025-02-22,W0123,S2,E,1.0,1
OP112205,2025-04-01,W0105,S3,C,15.0,0
OP112206,2025-03-06,W0306,S2,D,33.0,0
OP112207,2025-04-06,W0166,S1,E,35.0,0
OP112208,2025-01-15,W0446,S1,E,48.0,0
OP112209,2025-03-17,W0246,S3,A,33.0,1
OP112210,2025-06-01,W0221,S3,E,42.0,1
OP112215,2025-05-21,W0166,S1,A,26.0,1
OP112216,2025-03-23,W0366,S1,C,40.0,0
OP112219,2025-01-31,W0099,S2,B,41.0,1
OP112224,2025-04-18,W0238,S2,D,11.0,1
OP112226,2025-01-10,W0091,S3,A,6.0,0
OP112228,2025-04-27,W0093,S1,A,16.0,1
OP112229,2025-03-16,W0176,S2,A,6.0,0
OP112230,2025-02-15,W0104,S3,B,42.0,0
OP112231,2025-04-06,W0255,S2,B,40.0,0
OP112234,2025-05-30,W0186,S1,E,4.0,1
OP112235,2025-06-23,W0498,S1,B,8.0,1
OP112238,2025-02-01,W0091,S1,C,6.0,1
OP112239,2025-03-28,W0016,S2,E,15.0,1
OP112241,2025-02-24,W0100,S3,D,12.0,1
OP112244,2025-04-28,W0141,S2,C,26.0,0
OP112246,2025-03-20,W0210,S3,E,7.0,1
OP112247,2025-05-26,W0358,S3,B,9.0,0
OP112250,2025-01-01,W0158,S2,B,9.0,0
OP112256,2025-01-24,W0178,S2,A,31.0,0
OP112258,2025-01-16,W0440,S3,E,8.0,0
OP112260,2025-06-16,W0071,S1,C,15.0,0
OP112261,2025-02-17,W0152,S3,B,19.0,0
OP112262,2025-03-28,W0332,S3,A,46.0,1
OP112263,2025-02-20,W0010,S2,A,42.0,0
OP112264,2025-06-06,W0465,S3,E,3.0,1
OP112265,2025-01-14,W0086,S2,A,40.0,0
OP112267,2025-03-16,W0143,S2,E,47.0,0
OP112268,2025-05-02,W0213,S1,E,3.0,0
OP112271,2025-06-19,W0037,S1,A,35.0,0
OP112272,2025-05-07,W0396,S1,E,49.0,0
OP112274,2025-05-18,W0300,S1,D,15.0,0
OP112275,2025-03-11,W0141,S3,E,8.0,0
OP112279,2025-02-02,W0326,S1,B,7.0,1
OP112280,2025-02-17,W0376,S3,D,44.0,1
OP112282,2025-01-19,W0430,S2,B,15.0,0
OP112284,2025-05-06,W0241,S2,A,39.0,0
OP112286,2025-06-28,W0111,S3,E,25.0,0
OP112287,2025-05-06,W0328,S3,D,41.0,0
OP112288,2025-01-02,W0263,S2,D,7.0,0
OP112289,2025-01-18,W0446,S1,D,36.0,0
OP112292,2025-05-13,W0433,S2,E,16.0,0
OP112294,2025-05-24,W0248,S3,B,31.0,0
OP112296,2025-02-09,W0140,S2,A,5.0,0
OP112298,2025-05-13,W0092,S3,B,28.0,0
OP112299,2025-01-03,W0495,S2,D,30.0,0
OP112303,2025-01-16,W0251,S2,E,13.0,0
OP112305,2025-05-20,W0133,S3,E,22.0,0
OP112308,2025-05-31,W0413,S3,A,41.0,0
OP112311,2025-03-24,W0269,S3,A,20.0,0
OP112314,2025-05-13,W0157,S3,B,6.0,0
OP112316,2025-02-27,W0158,S1,A,21.0,0
OP112320,2025-02-17,W0210,S1,A,43.0,0
OP112322,2025-02-28,W0042,S2,E,16.0,0
OP112324,2025-05-21,W0490,S2,B,7.0,0
OP112325,2025-04-03,W0171,S3,C,35.0,1
OP112326,2025-03-19,W0383,S3,B,45.0,0
OP112328,2025-04-11,W0467,S1,B,8.0,0
OP112330,2025-05-31,W0007,S3,E,31.0,0
OP112331,2025-01-12,W0478,S3,C,16.0,1
OP112332,2025-03-19,W0411,S3,C,42.0,0
OP112334,2025-03-31,W0017,S2,E,48.0,0
OP112335,2025-05-23,W0136,S2,D,35.0,0
OP112337,2025-01-31,W0306,S2,A,13.0,0
OP112338,2025-04-02,W0061,S3,B,45.0,0
OP112342,2025-05-18,W0416,S3,A,34.0,0
OP112345,2025-04-29,W0419,S2,C,19.0,1
OP112348,2025-06-04,W0222,S2,C,36.0,0
OP112351,2025-06-03,W0175,S1,E,28.0,0
OP112355,2025-06-27,W0463,S2,C,32.0,0
OP112361,2025-03-11,W0162,S2,E,26.0,0
OP112364,2025-06-15,W0275,S3,B,45.0,0
OP112365,2025-04-21,W0446,S1,C,3.0,0
OP112368,2025-02-14,W0353,S2,B,1.0,0
OP112370,2025-04-09,W0310,S3,C,19.0,0
OP112374,2025-06-11,W0448,S1,E,17.0,1
OP112376,2025-06-25,W0311,S2,D,14.0,0
OP112377,2025-02-18,W0237,S2,B,49.0,0
OP112378,2025-04-28,W0480,S1,E,3.0,0
OP112383,2025-03-21,W0168,S1,D,26.0,1
OP112385,2025-05-11,W0319,S2,B,45.0,0
OP112386,2025-03-25,W0057,S1,D,9.0,0
OP112390,2025-06-16,W0228,S2,A,19.0,0
OP112392,2025-02-01,W0088,S2,E,36.0,0
OP112393,2025-01-21,W0426,S3,C,5.0,0
OP112394,2025-03-22,W0140,S3,D,36.0,0
OP112395,2025-03-06,W0389,S2,C,17.0,0
OP112396,2025-04-30,W0077,S2,A,8.0,0
OP112405,2025-06-29,W0255,S2,C,43.0,1
OP112407,2025-02-02,W0498,S1,C,15.0,0
OP112408,2025-06-29,W0152,S1,E,14.0,0
OP112409,2025-05-14,W0447,S2,B,28.0,0
OP112410,2025-01-05,W0412,S2,B,49.0,0
OP112411,2025-05-08,W0330,S1,A,31.0,0
OP112412,2025-03-15,W0036,S2,E,14.0,0
OP112415,2025-02-10,W0224,S1,E,34.0,0
OP112418,2025-04-12,W0455,S3,D,38.0,0
OP112419,2025-06-12,W0026,S3,B,13.0,0
OP112425,2025-03-06,W0243,S2,D,47.0,1
OP112427,2025-05-02,W0141,S2,A,16.0,0
OP112432,2025-06-02,W0444,S2,B,20.0,0
OP112433,2025-02-11,W0391,S1,B,46.0,0
OP112434,2025-06-07,W0446,S2,D,4.0,0
OP112439,2025-06-29,W0353,S2,C,30.0,0
OP112442,2025-03-02,W0064,S2,C,19.0,1
OP112444,2025-02-28,W0020,S3,A,30.0,0
OP112445,2025-02-09,W0147,S2,C,40.0,0
OP112447,2025-02-02,W0076,S3,A,40.0,1
OP112451,2025-03-10,W0330,S3,C,16.0,0
OP112454,2025-03-23,W0421,S2,E,43.0,0
OP112455,2025-04-21,W0469,S2,C,14.0,0
OP112456,2025-04-29,W0385,S2,E,9.0,0
OP112459,2025-04-08,W0298,S1,B,48.0,1
OP112460,2025-04-01,W0147,S2,E,12.0,0
OP112461,2025-01-11,W0084,S1,B,1.0,1
OP112466,2025-06-20,W0093,S1,D,4.0,1
OP112469,2025-03-07,W0022,S1,A,40.0,0
OP112470,2025-06-18,W0494,S1,A,10.0,1
OP112471,2025-04-06,W0354,S2,B,34.0,0
OP112474,2025-03-26,W0094,S3,D,20.0,0
OP112477,2025-01-29,W0074,S3,C,1.0,0
OP112478,2025-05-25,W0295,S1,C,39.0,0
OP112483,2025-05-25,W0449,S2,A,15.0,0
OP112487,2025-01-31,W0230,S2,C,29.0,1
OP112488,2025-01-22,W0238,S3,A,26.0,0
OP112491,2025-01-20,W0339,S2,B,27.0,1
OP112492,2025-01-11,W0373,S2,D,15.0,0
OP112493,2025-01-04,W0148,S2,B,37.0,0
OP112502,2025-05-01,W0144,S3,A,19.0,0
OP112505,2025-05-15,W0172,S3,A,28.0,0
OP112506,2025-01-01,W0048,S1,A,48.0,0
OP112508,2025-02-06,W0462,S1,C,18.0,1
OP112511,2025-01-28,W0019,S3,B,42.0,0
OP112513,2025-04-23,W0310,S2,D,23.0,1
OP112514,2025-05-20,W0279,S2,A,22.0,0
OP112515,2025-02-27,W0456,S3,A,42.0,1
OP112518,2025-06-10,W0331,S3,B,7.0,0
OP112519,2025-01-18,W0354,S2,B,16.0,0
OP112524,2025-04-12,W0010,S3,D,49.0,0
OP112525,2025-06-10,W0497,S2,E,15.0,1
OP112527,2025-03-04,W0010,S2,C,29.0,0
OP112529,2025-04-12,W0283,S3,B,39.0,1
OP112531,2025-04-14,W0164,S2,B,48.0,0
OP112532,2025-01-31,W0244,S3,D,36.0,0
OP112533,2025-04-20,W0180,S2,D,44.0,0
OP112534,2025-05-03,W0053,S2,E,23.0,0
OP112535,2025-06-26,W0158,S1,E,41.0,1
OP112540,2025-02-28,W0454,S1,C,19.0,1
OP112541,2025-06-15,W0005,S2,A,13.0,0
OP112542,2025-04-30,W0006,S1,C,44.0,0
OP112543,2025-05-24,W0092,S2,E,23.0,1
OP112545,2025-05-11,W0292,S2,B,28.0,0
OP112546,2025-04-05,W0451,S2,C,33.0,1
OP112547,2025-03-12,W0327,S2,A,13.0,0
OP112553,2025-04-02,W0322,S2,B,9.0,0
OP112554,2025-02-03,W0037,S1,C,44.0,0
OP112555,2025-06-01,W0047,S2,B,2.0,0
OP112558,2025-04-11,W0448,S3,B,27.0,0
OP112559,2025-06-03,W0365,S2,D,36.0,1
OP112560,2025-05-05,W0341,S2,B,17.0,0
OP112565,2025-01-22,W0296,S1,D,9.0,0
OP112566,2025-04-06,W0152,S2,C,6.0,0
OP112567,2025-01-07,W0374,S3,A,3.0,1
OP112571,2025-03-21,W0481,S1,B,25.0,0
OP112572,2025-06-15,W0495,S2,D,13.0,1
OP112573,2025-01-26,W0207,S2,B,18.0,1
OP112574,2025-05-11,W0286,S2,C,33.0,0
OP112575,2025-02-13,W0269,S2,C,14.0,0
OP112576,2025-01-29,W0090,S3,A,23.0,0
OP112577,2025-05-08,W0059,S3,C,4.0,0
OP112580,2025-05-12,W0223,S1,B,16.0,1
OP112581,2025-05-03,W0271,S1,E,4.0,0
OP112593,2025-01-20,W0477,S2,B,31.0,0
OP112595,2025-01-05,W0396,S1,A,27.0,0
OP112598,2025-01-10,W0026,S2,C,49.0,0
OP112601,2025-06-14,W0181,S3,A,41.0,0
OP112603,2025-05-11,W0427,S2,E,28.0,1
OP112606,2025-06-19,W0185,S2,D,19.0,0
OP112608,2025-05-02,W0324,S1,D,11.0,1
OP112609,2025-06-17,W0006,S3,B,41.0,1
OP112610,2025-05-11,W0493,S2,D,29.0,0
OP112612,2025-03-14,W0016,S2,C,17.0,0
OP112613,2025-06-05,W0028,S3,D,24.0,0
OP112619,2025-03-28,W0211,S3,B,6.0,0
OP112620,2025-01-07,W0262,S2,E,14.0,1
OP112621,2025-06-05,W0339,S2,B,47.0,1
OP112623,2025-04-12,W0214,S3,C,3.0,1
OP112624,2025-03-04,W0455,S3,D,37.0,0
OP112626,2025-06-25,W0019,S1,C,13.0,0
OP112627,2025-04-12,W0426,S2,D,36.0,0
OP112628,2025-06-19,W0216,S2,C,34.0,0
OP112629,2025-01-09,W0260,S3,C,30.0,0
OP112630,2025-03-22,W0360,S3,B,14.0,0
OP112632,2025-04-08,W0061,S1,B,1.0,0
OP112633,2025-03-17,W0475,S2,A,3.0,0
OP112638,2025-01-16,W0217,S2,C,40.0,0
OP112639,2025-04-10,W0274,S2,A,27.0,0
OP112645,2025-05-09,W0069,S2,C,38.0,1
OP112646,2025-04-09,W0489,S3,B,2.0,0
OP112650,2025-04-29,W0121,S3,A,25.0,0
OP112652,2025-05-03,W0300,S1,A,4.0,1
OP112653,2025-04-29,W0260,S1,E,34.0,1
OP112655,2025-02-01,W0119,S2,D,24.0,0
OP112658,2025-01-14,W0116,S2,A,49.0,0
OP112661,2025-01-06,W0398,S1,B,48.0,0
OP112663,2025-06-16,W0050,S2,E,5.0,0
OP112666,2025-05-21,W0363,S1,B,46.0,0
OP112670,2025-05-29,W0309,S1,C,26.0,0
OP112671,2025-02-27,W0002,S3,A,40.0,0
OP112672,2025-04-08,W0287,S3,C,42.0,0
OP112674,2025-01-24,W0238,S3,A,47.0,0
OP112676,2025-02-05,W0069,S2,D,38.0,0
OP112678,2025-02-21,W0072,S2,C,17.0,0
OP112679,2025-03-15,W0170,S3,D,38.0,1
OP112680,2025-05-11,W0333,S2,C,48.0,0
OP112681,2025-03-14,W0383,S3,D,16.0,0
OP112684,2025-03-19,W0044,S2,A,5.0,1
OP112688,2025-04-14,W0241,S2,B,22.0,1
OP112690,2025-01-14,W0252,S2,A,34.0,0
OP112691,2025-03-23,W0051,S2,A,26.0,0
OP112694,2025-01-10,W0284,S2,B,33.0,0
OP112699,2025-03-18,W0353,S1,B,40.0,0
OP112707,2025-02-25,W0498,S2,D,46.0,1
OP112709,2025-01-25,W0492,S2,D,22.0,0
OP112710,2025-05-19,W0339,S2,D,43.0,0
OP112713,2025-05-16,W0086,S1,B,43.0,0
OP112716,2025-05-21,W0333,S2,A,14.0,1
OP112718,2025-03-29,W0358,S2,A,17.0,0
OP112721,2025-03-11,W0290,S2,B,8.0,0
OP112722,2025-01-23,W0059,S1,D,11.0,0
OP112723,2025-03-16,W0075,S3,E,17.0,1
OP112725,2025-01-07,W0221,S3,C,9.0,0
OP112727,2025-05-09,W0389,S2,C,20.0,0
OP112728,2025-04-27,W0449,S1,B,22.0,0
OP112729,2025-04-20,W0063,S1,B,47.0,0
OP112730,2025-01-22,W0489,S2,D,30.0,1
OP112734,2025-06-18,W0227,S2,E,37.0,1
OP112736,2025-06-05,W0089,S2,D,47.0,0
OP112740,2025-05-29,W0185,S2,A,9.0,0
OP112743,2025-03-15,W0464,S3,C,49.0,1
OP112744,2025-05-09,W0470,S3,A,23.0,0
OP112747,2025-01-11,W0147,S2,B,42.0,0
OP112749,2025-05-08,W0195,S2,B,20.0,1
OP112753,2025-06-25,W0264,S2,D,36.0,1
OP112756,2025-01-21,W0272,S2,D,1.0,0
OP112757,2025-01-26,W0340,S2,A,25.0,0
OP112763,2025-02-05,W0398,S2,B,49.0,0
OP112764,2025-02-11,W0061,S3,E,9.0,0
OP112767,2025-05-22,W0109,S2,E,16.0,0
OP112770,2025-02-13,W0177,S2,D,28.0,0
OP112776,2025-04-28,W0154,S2,C,11.0,0
OP112778,2025-05-13,W0041,S3,E,38.0,0
OP112781,2025-02-03,W0335,S3,B,43.0,0
OP112785,2025-04-06,W0239,S2,D,34.0,1
OP112786,2025-02-25,W0377,S3,D,38.0,0
OP112787,2025-06-28,W0040,S1,B,38.0,0
OP112788,2025-06-23,W0362,S3,D,32.0,0
OP112789,2025-04-26,W0165,S3,E,3.0,1
OP112791,2025-03-22,W0327,S3,A,21.0,1
OP112793,2025-03-02,W0388,S2,A,12.0,0
OP112794,2025-02-16,W0126,S2,A,14.0,0
OP112795,2025-05-20,W0067,S1,D,3.0,1
OP112796,2025-05-19,W0149,S2,E,33.0,0
OP112798,2025-02-10,W0388,S2,C,15.0,0
OP112799,2025-04-12,W0108,S2,B,24.0,0
OP112802,2025-05-22,W0259,S1,C,33.0,0
OP112804,2025-02-22,W0129,S2,A,27.0,1
OP112805,2025-05-25,W0338,S1,E,35.0,0
OP112807,2025-02-23,W0322,S2,C,22.0,1
OP112811,2025-02-26,W0265,S2,E,20.0,0
OP112812,2025-04-19,W0420,S2,A,39.0,1
OP112813,2025-01-09,W0165,S1,E,43.0,0
OP112818,2025-06-12,W0429,S2,B,16.0,1
OP112819,2025-04-15,W0399,S2,B,31.0,0
OP112820,2025-03-15,W0197,S2,D,14.0,0
OP112823,2025-05-23,W0472,S2,E,5.0,0
OP112825,2025-04-06,W0022,S1,C,10.0,0
OP112826,2025-02-12,W0186,S2,D,40.0,0
OP112828,2025-03-06,W0447,S2,C,13.0,0
OP112829,2025-05-23,W0043,S2,A,6.0,0
OP112831,2025-02-11,W0211,S1,D,40.0,0
OP112833,2025-04-05,W0164,S2,E,20.0,0
OP112834,2025-05-23,W0293,S2,C,13.0,1
OP112836,2025-01-09,W0089,S1,A,15.0,0
OP112837,2025-06-04,W0372,S1,B,3.0,0
OP112843,2025-01-06,W0308,S2,D,14.0,0
OP112845,2025-02-27,W0472,S2,C,13.0,0
OP112846,2025-01-26,W0340,S2,D,10.0,0
OP112850,2025-01-30,W0305,S3,A,9.0,0
OP112852,2025-05-11,W0486,S2,D,14.0,1
OP112853,2025-04-02,W0436,S2,B,2.0,0
OP112854,2025-03-20,W0465,S3,C,20.0,0
OP112860,2025-05-30,W0182,S2,A,2.0,0
OP112862,2025-03-14,W0188,S2,E,21.0,0
OP112863,2025-03-20,W0183,S1,D,6.0,1
OP112866,2025-03-10,W0481,S2,C,20.0,0
OP112869,2025-06-05,W0319,S2,A,21.0,0
OP112870,2025-03-19,W0149,S1,D,29.0,0
OP112871,2025-03-05,W0169,S3,D,14.0,1
OP112872,2025-02-27,W0207,S3,D,14.0,1
OP112873,2025-02-20,W0232,S1,E,9.0,0
OP112874,2025-01-13,W0435,S2,C,44.0,0
OP112878,2025-05-05,W0422,S1,D,26.0,0
OP112881,2025-06-25,W0111,S2,C,46.0,0
OP112882,2025-02-13,W0378,S2,E,36.0,0
OP112889,2025-05-14,W0018,S1,C,18.0,0
OP112891,2025-01-11,W0152,S1,D,43.0,0
OP112893,2025-05-20,W0103,S2,C,18.0,0
OP112895,2025-06-28,W0019,S3,D,44.0,0
OP112899,2025-04-08,W0369,S2,A,48.0,1
OP112904,2025-06-10,W0021,S1,C,21.0,0
OP112905,2025-04-02,W0267,S3,C,16.0,0
OP112906,2025-03-03,W0483,S2,C,43.0,0
OP112907,2025-05-12,W0253,S2,A,15.0,0
OP112910,2025-04-01,W0267,S2,D,34.0,1
OP112911,2025-04-02,W0035,S3,A,39.0,0
OP112913,2025-03-17,W0274,S2,D,31.0,0
OP112916,2025-01-05,W0362,S2,D,22.0,1
OP112917,2025-05-05,W0282,S3,E,30.0,1
OP112919,2025-04-25,W0226,S2,A,9.0,0
OP112921,2025-02-17,W0430,S3,A,11.0,0
OP112925,2025-06-20,W0402,S2,B,22.0,0
OP112926,2025-03-14,W0098,S2,B,33.0,0
OP112929,2025-02-01,W0376,S2,D,32.0,0
OP112931,2025-05-11,W0046,S1,E,30.0,0
OP112933,2025-06-26,W0226,S2,A,22.0,0
OP112934,2025-02-20,W0075,S1,D,44.0,0
OP112936,2025-05-06,W0079,S3,A,41.0,0
OP112937,2025-02-20,W0082,S2,E,42.0,0
OP112941,2025-06-27,W0124,S3,A,32.0,0
OP112942,2025-04-27,W0409,S1,E,6.0,0
OP112943,2025-06-12,W0410,S2,B,37.0,0
OP112944,2025-03-06,W0006,S2,B,26.0,1
OP112952,2025-01-03,W0219,S3,C,22.0,1
OP112953,2025-01-31,W0085,S1,A,2.0,0
OP112954,2025-03-15,W0048,S1,D,43.0,0
OP112956,2025-04-30,W0474,S2,B,37.0,0
OP112958,2025-03-20,W0339,S2,E,20.0,0
OP112959,2025-06-16,W0195,S3,B,48.0,1
OP112966,2025-05-03,W0286,S1,D,27.0,0
OP112967,2025-03-04,W0438,S1,A,16.0,0
OP112968,2025-06-09,W0260,S1,C,18.0,0
OP112972,2025-02-10,W0427,S3,C,34.0,0
OP112978,2025-03-06,W0441,S1,A,30.0,1
OP112980,2025-03-30,W0333,S3,E,36.0,0
OP112985,2025-01-22,W0085,S2,D,29.0,0
OP112986,2025-04-27,W0247,S2,B,41.0,0
OP112991,2025-02-02,W0265,S1,A,22.0,0
OP112996,2025-05-10,W0084,S2,B,35.0,0
OP112998,2025-03-17,W0018,S1,D,23.0,0
OP113002,2025-06-10,W0412,S3,E,13.0,0
OP113003,2025-01-08,W0132,S2,D,33.0,0
OP113004,2025-01-23,W0230,S2,A,42.0,0
OP113005,2025-04-02,W0294,S1,A,13.0,1
OP113006,2025-01-14,W0356,S1,A,19.0,0
OP113007,2025-01-16,W0336,S1,D,37.0,0
OP113008,2025-04-10,W0213,S1,D,31.0,0
OP113014,2025-05-20,W0078,S2,D,19.0,1
OP113016,2025-03-15,W0125,S1,A,37.0,0
OP113017,2025-04-30,W0185,S2,D,24.0,0
OP113019,2025-02-07,W0409,S3,E,9.0,0
OP113022,2025-06-09,W0336,S1,C,12.0,1
OP113024,2025-02-23,W0230,S3,A,32.0,0
OP113028,2025-01-23,W0219,S2,B,11.0,0
OP113035,2025-03-01,W0313,S2,D,17.0,0
OP113036,2025-05-16,W0048,S2,E,41.0,0
OP113037,2025-04-28,W0168,S2,A,46.0,0
OP113038,2025-01-12,W0275,S1,E,24.0,0
OP113046,2025-03-15,W0303,S2,B,3.0,1
OP113049,2025-02-22,W0298,S2,D,6.0,0
OP113052,2025-06-25,W0092,S3,A,9.0,1
OP113053,2025-03-13,W0086,S2,A,10.0,0
OP113055,2025-05-18,W0304,S2,D,1.0,0
OP113058,2025-03-31,W0044,S2,A,16.0,1
OP113059,2025-01-30,W0444,S2,B,36.0,0
OP113060,2025-05-03,W0251,S2,E,29.0,0
OP113061,2025-03-25,W0418,S2,D,23.0,0
OP113066,2025-05-14,W0260,S3,C,47.0,1
OP113067,2025-06-03,W0437,S2,A,44.0,1
OP113070,2025-04-17,W0067,S1,B,37.0,1
OP113071,2025-05-17,W0025,S1,C,26.0,0
OP113072,2025-03-28,W0125,S3,A,34.0,0
OP113078,2025-02-07,W0488,S1,D,22.0,0
OP113085,2025-05-24,W0473,S3,E,40.0,1
OP113086,2025-03-24,W0473,S3,C,41.0,1
OP113091,2025-02-17,W0342,S2,D,6.0,0
OP113092,2025-01-30,W0048,S1,E,22.0,0
OP113093,2025-02-23,W0162,S2,E,3.0,0
OP113094,2025-05-06,W0198,S3,C,39.0,0
OP113095,2025-03-21,W0212,S3,B,18.0,0
OP113096,2025-06-29,W0365,S2,B,37.0,0
OP113099,2025-05-06,W0450,S1,D,28.0,0
OP113101,2025-04-26,W0217,S1,E,35.0,0
OP113102,2025-06-07,W0035,S3,B,34.0,0
OP113104,2025-03-14,W0174,S1,B,13.0,0
OP113106,2025-01-21,W0435,S2,A,47.0,0
OP113107,2025-06-10,W0312,S2,C,34.0,0
OP113110,2025-04-13,W0149,S2,C,33.0,1
OP113111,2025-05-18,W0328,S3,B,17.0,0
OP113112,2025-03-27,W0445,S2,B,29.0,1
OP113114,2025-01-15,W0223,S3,E,28.0,0
OP113123,2025-04-06,W0264,S3,D,5.0,1
OP113125,2025-05-09,W0476,S1,D,19.0,0
OP113127,2025-01-30,W0483,S3,B,18.0,0
OP113129,2025-03-04,W0018,S3,D,16.0,0
OP113131,2025-02-18,W0370,S2,E,14.0,0
OP113132,2025-03-15,W0245,S3,D,8.0,0
OP113135,2025-04-06,W0360,S3,B,20.0,1
OP113136,2025-03-21,W0363,S3,E,6.0,0
OP113137,2025-05-17,W0413,S2,A,30.0,0
OP113138,2025-02-25,W0248,S3,B,25.0,0
OP113143,2025-04-06,W0235,S2,B,10.0,0
OP113146,2025-05-03,W0261,S3,D,11.0,0
OP113148,2025-06-09,W0416,S3,B,32.0,0
OP113151,2025-01-17,W0117,S3,D,28.0,1
OP113152,2025-03-06,W0144,S2,D,31.0,1
OP113154,2025-01-07,W0166,S1,D,21.0,1
OP113158,2025-02-10,W0187,S1,A,42.0,0
OP113159,2025-02-22,W0005,S1,B,23.0,0
OP113160,2025-03-06,W0335,S2,C,49.0,0
OP113164,2025-05-21,W0340,S1,D,8.0,0
OP113165,2025-02-11,W0158,S1,E,6.0,1
OP113166,2025-02-23,W0338,S2,A,31.0,0
OP113167,2025-02-07,W0061,S2,D,25.0,1
OP113168,2025-02-28,W0204,S3,C,34.0,0
OP113169,2025-03-17,W0440,S1,E,11.0,0
OP113171,2025-05-01,W0439,S1,D,15.0,0
OP113175,2025-06-25,W0285,S2,D,43.0,0
OP113176,2025-01-06,W0077,S2,A,22.0,0
OP113177,2025-02-02,W0392,S2,B,49.0,0
OP113178,2025-06-23,W0285,S2,B,39.0,0
OP113182,2025-03-19,W0091,S3,A,44.0,0
OP113184,2025-05-21,W0378,S3,D,38.0,0
OP113190,2025-05-11,W0340,S2,E,43.0,1
OP113191,2025-03-01,W0203,S1,A,24.0,1
OP113193,2025-04-13,W0026,S2,B,47.0,0
OP113195,2025-04-07,W0215,S3,C,24.0,0
OP113196,2025-04-24,W0253,S1,C,6.0,0
OP113197,2025-03-19,W0404,S2,D,29.0,0
OP113202,2025-04-27,W0309,S3,D,40.0,1
OP113204,2025-02-17,W0170,S3,D,48.0,0
OP113205,2025-01-09,W0379,S3,D,40.0,0
OP113208,2025-01-20,W0493,S3,D,7.0,0
OP113212,2025-03-26,W0401,S2,E,15.0,1
OP113213,2025-02-06,W0390,S1,E,1.0,0
OP113217,2025-03-16,W0451,S2,E,23.0,0
OP113218,2025-04-05,W0150,S2,A,6.0,0
OP113221,2025-05-10,W0459,S1,B,12.0,0
OP113222,2025-04-22,W0289,S1,C,34.0,1
OP113223,2025-01-19,W0149,S1,D,12.0,1
OP113228,2025-05-24,W0068,S2,C,6.0,0
OP113230,2025-05-20,W0381,S2,E,24.0,0
OP113231,2025-01-15,W0372,S3,C,5.0,0
OP113237,2025-06-05,W0480,S2,B,17.0,0
OP113238,2025-02-15,W0271,S2,B,5.0,0
OP113242,2025-01-24,W0212,S3,A,37.0,0
OP113247,2025-02-22,W0486,S2,E,35.0,0
OP113252,2025-02-07,W0146,S2,C,43.0,0
OP113255,2025-05-10,W0293,S2,B,1.0,0
OP113257,2025-02-18,W0267,S2,C,46.0,0
OP113258,2025-01-19,W0044,S3,C,5.0,0
OP113259,2025-04-23,W0268,S2,C,44.0,1
OP113263,2025-02-10,W0111,S3,C,35.0,1
OP113264,2025-03-04,W0071,S2,D,18.0,0
OP113267,2025-06-12,W0446,S3,D,7.0,1
OP113269,2025-05-27,W0341,S2,A,35.0,0
OP113271,2025-04-08,W0363,S2,E,15.0,0
OP113272,2025-03-22,W0251,S2,B,32.0,0
OP113273,2025-02-02,W0484,S2,B,36.0,1
OP113275,2025-04-19,W0111,S3,B,15.0,0
OP113277,2025-02-09,W0244,S3,B,27.0,0
OP113278,2025-06-06,W0487,S2,D,36.0,0
OP113282,2025-03-23,W0069,S2,D,41.0,0
OP113283,2025-01-30,W0453,S3,D,19.0,0
OP113286,2025-01-03,W0027,S2,C,25.0,1
OP113291,2025-05-31,W0374,S2,D,30.0,0
OP113293,2025-05-12,W0496,S3,E,12.0,0
OP113294,2025-06-15,W0240,S3,E,46.0,0
OP113297,2025-04-11,W0284,S2,E,11.0,0
OP113298,2025-05-09,W0476,S2,C,7.0,1
OP113300,2025-02-12,W0356,S3,D,11.0,1
OP113302,2025-01-09,W0418,S2,B,8.0,0
OP113303,2025-04-25,W0033,S2,E,48.0,0
OP113306,2025-05-13,W0236,S2,D,47.0,1
OP113307,2025-02-13,W0335,S1,C,10.0,0
OP113308,2025-04-01,W0080,S2,C,42.0,0
OP113319,2025-03-08,W0015,S1,A,28.0,0
OP113320,2025-04-29,W0214,S2,D,29.0,0
OP113321,2025-06-06,W0024,S2,C,8.0,1
OP113322,2025-01-08,W0432,S3,C,19.0,1
OP113329,2025-05-09,W0200,S3,D,5.0,0
OP113330,2025-04-10,W0466,S2,C,11.0,0
OP113331,2025-05-19,W0486,S2,B,37.0,0
OP113333,2025-05-20,W0172,S2,B,40.0,0
OP113335,2025-03-10,W0087,S3,C,18.0,0
OP113337,2025-05-23,W0492,S3,B,23.0,0
OP113338,2025-01-30,W0125,S3,E,35.0,0
OP113339,2025-04-02,W0258,S1,C,13.0,1
OP113340,2025-03-27,W0140,S3,B,14.0,0
OP113342,2025-04-15,W0475,S2,D,14.0,0
OP113344,2025-04-06,W0347,S3,C,20.0,1
OP113345,2025-01-10,W0442,S1,B,38.0,0
OP113351,2025-03-25,W0120,S2,E,26.0,1
OP113353,2025-04-16,W0495,S3,B,40.0,0
OP113354,2025-02-22,W0156,S1,D,23.0,1
OP113355,2025-05-02,W0018,S2,B,34.0,0
OP113356,2025-03-27,W0414,S1,B,40.0,0
OP113358,2025-01-18,W0022,S2,A,24.0,0
OP113359,2025-02-17,W0126,S1,B,41.0,0
OP113360,2025-05-22,W0388,S1,E,3.0,1
OP113364,2025-05-26,W0169,S3,A,14.0,1
OP113372,2025-03-28,W0484,S3,C,44.0,0
OP113374,2025-02-01,W0349,S2,A,14.0,1
OP113381,2025-01-20,W0262,S1,D,18.0,0
OP113382,2025-04-14,W0133,S1,E,32.0,0
OP113384,2025-05-17,W0037,S3,C,24.0,0
OP113385,2025-02-12,W0076,S3,E,10.0,0
OP113388,2025-04-06,W0448,S3,C,30.0,1
OP113389,2025-01-24,W0149,S1,D,42.0,1
OP113391,2025-06-18,W0330,S3,A,30.0,0
OP113393,2025-04-20,W0044,S2,D,14.0,0
OP113397,2025-06-07,W0482,S2,B,29.0,1
OP113398,2025-05-22,W0072,S3,A,41.0,0
OP113399,2025-04-15,W0227,S1,E,46.0,1
OP113400,2025-02-19,W0279,S2,D,21.0,1
OP113402,2025-02-26,W0117,S3,B,30.0,1
OP113408,2025-02-14,W0456,S1,E,20.0,0
OP113410,2025-02-27,W0160,S2,D,19.0,0
OP113411,2025-05-28,W0361,S3,E,26.0,0
OP113413,2025-06-23,W0423,S2,C,48.0,0
OP113416,2025-02-06,W0406,S2,E,41.0,0
OP113418,2025-04-28,W0491,S3,C,44.0,1
OP113420,2025-05-20,W0184,S2,A,11.0,1
OP113423,2025-01-29,W0340,S2,C,3.0,0
OP113426,2025-02-25,W0373,S2,E,27.0,0
OP113429,2025-04-15,W0011,S2,E,7.0,1
OP113430,2025-01-20,W0053,S2,C,13.0,0
OP113431,2025-05-05,W0401,S3,D,7.0,0
OP113432,2025-03-10,W0292,S1,A,37.0,0
OP113433,2025-06-01,W0281,S2,E,19.0,1
OP113435,2025-01-05,W0304,S3,C,15.0,0
OP113438,2025-04-03,W0237,S3,C,38.0,1
OP113440,2025-05-21,W0469,S2,B,47.0,0
OP113443,2025-03-02,W0128,S2,D,33.0,1
OP113449,2025-03-22,W0173,S1,B,33.0,0
OP113451,2025-05-11,W0385,S2,B,28.0,1
OP113453,2025-06-05,W0342,S3,B,27.0,0
OP113454,2025-06-23,W0085,S2,D,11.0,1
OP113455,2025-05-16,W0480,S3,A,31.0,0
OP113457,2025-05-14,W0125,S1,B,22.0,0
OP113458,2025-06-16,W0329,S2,E,47.0,0
OP113460,2025-06-17,W0005,S3,C,49.0,1
OP113461,2025-04-18,W0292,S3,D,21.0,0
OP113463,2025-04-06,W0211,S3,D,17.0,0
OP113468,2025-04-22,W0361,S1,D,45.0,0
OP113470,2025-01-28,W0204,S3,D,16.0,0
OP113474,2025-01-13,W0392,S1,E,10.0,0
OP113475,2025-06-14,W0491,S3,A,42.0,0
OP113479,2025-04-27,W0335,S3,E,8.0,0
OP113480,2025-01-17,W0230,S3,B,48.0,0
OP113483,2025-04-18,W0477,S3,B,26.0,0
OP113484,2025-06-21,W0344,S2,E,6.0,0
OP113487,2025-05-09,W0261,S3,B,45.0,1
OP113489,2025-05-13,W0157,S3,D,32.0,1
OP113490,2025-04-04,W0357,S2,C,37.0,0
OP113491,2025-06-08,W0167,S2,E,42.0,1
OP113493,2025-06-26,W0455,S3,A,8.0,0
OP113495,2025-06-26,W0140,S2,D,13.0,0
OP113499,2025-01-26,W0181,S2,D,44.0,0
OP113501,2025-05-17,W0232,S2,B,47.0,0
OP113504,2025-02-19,W0433,S2,B,18.0,1
OP113506,2025-06-24,W0433,S2,A,22.0,0
OP113507,2025-03-05,W0064,S1,C,11.0,0
OP113508,2025-04-03,W0158,S2,B,44.0,1
OP113509,2025-03-25,W0240,S3,B,38.0,0
OP113511,2025-02-21,W0346,S2,B,47.0,0
OP113515,2025-06-27,W0478,S2,A,12.0,0
OP113517,2025-03-14,W0089,S2,D,35.0,0
OP113522,2025-03-11,W0405,S2,A,4.0,0
OP113524,2025-01-29,W0138,S1,C,10.0,0
OP113526,2025-02-28,W0126,S1,A,41.0,0
OP113532,2025-05-30,W0075,S2,A,18.0,0
OP113535,2025-01-14,W0350,S2,A,29.0,0
OP113536,2025-01-05,W0120,S1,B,43.0,0
OP113537,2025-01-13,W0325,S2,E,46.0,0
OP113538,2025-03-21,W0181,S2,E,22.0,0
OP113539,2025-05-13,W0168,S3,A,23.0,0
OP113541,2025-01-22,W0295,S2,B,12.0,1
OP113542,2025-06-29,W0147,S1,E,1.0,0
OP113545,2025-01-05,W0162,S2,D,10.0,0
OP113549,2025-05-17,W0170,S3,C,8.0,1
OP113552,2025-02-27,W0468,S1,C,21.0,0
OP113555,2025-04-28,W0468,S2,B,32.0,0
OP113556,2025-04-10,W0381,S3,E,10.0,0
OP113558,2025-05-16,W0423,S2,B,30.0,1
OP113559,2025-04-29,W0034,S2,A,15.0,1
OP113561,2025-02-17,W0369,S3,D,7.0,0
OP113564,2025-04-15,W0202,S3,A,14.0,0
OP113567,2025-05-16,W0421,S2,D,49.0,0
OP113570,2025-06-14,W0040,S2,B,2.0,0
OP113571,2025-06-08,W0461,S3,D,28.0,0
OP113574,2025-02-01,W0488,S2,D,46.0,0
OP113575,2025-03-14,W0471,S2,E,8.0,0
OP113577,2025-04-06,W0263,S2,C,18.0,0
OP113578,2025-01-08,W0070,S2,A,1.0,1
OP113580,2025-06-27,W0214,S3,D,12.0,0
OP113581,2025-06-13,W0096,S2,E,4.0,0
OP113583,2025-05-18,W0456,S2,C,42.0,0
OP113585,2025-04-20,W0078,S2,C,39.0,0
OP113586,2025-05-11,W0269,S3,D,4.0,1
OP113587,2025-02-24,W0332,S2,C,40.0,0
OP113588,2025-04-27,W0002,S1,D,4.0,1
OP113590,2025-04-17,W0280,S2,E,49.0,1
OP113592,2025-02-15,W0433,S3,A,46.0,0
OP113596,2025-01-03,W0050,S3,B,20.0,0
OP113600,2025-05-15,W0382,S2,D,30.0,1
OP113602,2025-06-16,W0421,S2,D,34.0,0
OP113604,2025-03-12,W0342,S1,E,36.0,0
OP113605,2025-04-20,W0297,S3,A,44.0,1
OP113606,2025-03-13,W0240,S2,B,43.0,0
OP113607,2025-04-04,W0070,S1,A,1.0,0
OP113609,2025-06-06,W0466,S3,B,44.0,0
OP113612,2025-03-06,W0234,S1,D,41.0,0
OP113614,2025-06-11,W0490,S2,D,25.0,0
OP113618,2025-05-27,W0028,S3,A,18.0,0
OP113620,2025-06-03,W0282,S3,C,20.0,1
OP113621,2025-05-20,W0105,S2,D,13.0,0
OP113623,2025-02-19,W0223,S3,C,42.0,1
OP113624,2025-05-19,W0058,S3,E,32.0,0
OP113627,2025-03-07,W0162,S2,C,15.0,0
OP113630,2025-06-29,W0129,S3,B,29.0,0
OP113631,2025-02-18,W0271,S2,E,8.0,0
OP113632,2025-01-20,W0336,S3,B,31.0,1
OP113633,2025-03-30,W0447,S2,D,4.0,0
OP113634,2025-01-13,W0106,S3,C,31.0,0
OP113636,2025-06-25,W0229,S1,E,15.0,0
OP113642,2025-04-09,W0118,S2,B,10.0,0
OP113643,2025-04-01,W0074,S2,B,16.0,0
OP113646,2025-05-16,W0337,S2,C,11.0,0
OP113649,2025-01-17,W0492,S2,B,28.0,0
OP113651,2025-02-18,W0090,S1,E,37.0,0
OP113655,2025-02-03,W0210,S2,D,39.0,1
OP113656,2025-04-19,W0300,S2,A,18.0,0
OP113657,2025-05-01,W0422,S2,C,36.0,0
OP113658,2025-05-09,W0344,S1,A,34.0,0
OP113662,2025-05-16,W0274,S2,B,20.0,1
OP113664,2025-03-11,W0178,S3,D,41.0,1
OP113668,2025-01-04,W0162,S1,E,25.0,0
OP113670,2025-04-25,W0147,S1,B,22.0,1
OP113671,2025-05-29,W0237,S3,B,3.0,1
OP113674,2025-06-05,W0239,S2,E,30.0,0
OP113675,2025-05-16,W0035,S3,D,10.0,1
OP113679,2025-04-14,W0128,S3,C,16.0,0
OP113682,2025-06-15,W0210,S3,D,47.0,0
OP113688,2025-05-30,W0006,S2,B,42.0,0
OP113689,2025-01-14,W0060,S3,E,9.0,1
OP113690,2025-05-06,W0271,S2,E,14.0,1
OP113697,2025-04-08,W0266,S3,C,20.0,0
OP113700,2025-01-05,W0288,S1,C,30.0,1
OP113701,2025-02-26,W0056,S3,B,3.0,1
OP113703,2025-02-12,W0217,S2,E,31.0,0
OP113706,2025-04-14,W0180,S2,E,48.0,0
OP113709,2025-02-26,W0254,S2,C,23.0,0
OP113710,2025-06-20,W0363,S1,B,30.0,0
OP113713,2025-04-09,W0175,S1,C,23.0,0
OP113714,2025-01-05,W0441,S3,E,39.0,0
OP113717,2025-03-11,W0175,S3,D,20.0,0
OP113718,2025-03-17,W0362,S3,D,39.0,1
OP113719,2025-03-28,W0129,S1,B,46.0,0
OP113727,2025-03-30,W0083,S2,A,31.0,0
OP113728,2025-01-22,W0459,S2,D,27.0,1
OP113729,2025-05-05,W0154,S2,C,7.0,0
OP113730,2025-01-11,W0050,S1,C,28.0,0
OP113731,2025-06-23,W0093,S3,C,19.0,1
OP113732,2025-05-09,W0247,S2,D,47.0,0
OP113738,2025-03-14,W0317,S1,A,26.0,1
OP113741,2025-05-18,W0392,S1,C,5.0,0
OP113742,2025-01-26,W0342,S2,E,30.0,0
OP113743,2025-01-08,W0149,S3,D,29.0,0
OP113745,2025-01-05,W0331,S3,C,39.0,0
OP113747,2025-04-17,W0143,S3,B,31.0,0
OP113749,2025-02-26,W0062,S3,A,25.0,0
OP113753,2025-01-24,W0328,S1,B,40.0,1
OP113755,2025-02-18,W0296,S3,C,13.0,0
OP113756,2025-03-20,W0281,S2,A,49.0,0
OP113757,2025-02-24,W0290,S2,D,49.0,0
OP113758,2025-03-03,W0049,S3,E,4.0,1
OP113763,2025-03-23,W0288,S2,E,14.0,0
OP113765,2025-01-07,W0425,S2,E,11.0,1
OP113770,2025-02-20,W0277,S3,D,25.0,0
OP113771,2025-03-11,W0001,S3,E,4.0,1
OP113774,2025-02-07,W0334,S2,D,19.0,1
OP113775,2025-06-06,W0456,S1,D,36.0,1
OP113778,2025-04-22,W0402,S3,D,46.0,0
OP113779,2025-01-03,W0073,S2,D,39.0,0
OP113784,2025-01-28,W0133,S3,E,19.0,0
OP113785,2025-01-07,W0139,S3,E,10.0,0
OP113789,2025-03-31,W0015,S2,E,49.0,1
OP113791,2025-05-07,W0390,S1,A,46.0,0
OP113797,2025-06-08,W0075,S3,D,4.0,1
OP113799,2025-02-26,W0014,S1,E,7.0,0
OP113801,2025-04-30,W0060,S2,C,3.0,0
OP113803,2025-05-17,W0420,S2,D,29.0,0
OP113806,2025-05-16,W0095,S2,B,49.0,1
OP113810,2025-05-01,W0142,S1,E,40.0,0
OP113813,2025-04-16,W0361,S2,A,12.0,1
OP113816,2025-06-29,W0488,S3,A,41.0,1
OP113819,2025-06-28,W0168,S2,B,16.0,0
OP113820,2025-03-26,W0332,S1,D,24.0,0
OP113823,2025-04-07,W0126,S2,B,38.0,0
OP113824,2025-02-21,W0356,S2,B,37.0,0
OP113827,2025-02-10,W0404,S2,C,5.0,1
OP113831,2025-06-21,W0329,S3,B,31.0,0
OP113836,2025-05-19,W0150,S2,E,49.0,0
OP113837,2025-01-18,W0343,S2,B,3.0,0
OP113838,2025-04-02,W0484,S3,B,24.0,0
OP113839,2025-01-25,W0268,S1,B,2.0,0
OP113840,2025-02-03,W0127,S2,E,38.0,0
OP113841,2025-01-28,W0188,S3,C,39.0,0
OP113843,2025-01-10,W0013,S3,C,12.0,0
OP113844,2025-04-10,W0364,S3,B,27.0,0
OP113845,2025-01-18,W0257,S3,E,13.0,0
OP113846,2025-03-29,W0307,S1,E,38.0,0
OP113847,2025-02-07,W0434,S3,B,47.0,0
OP113848,2025-06-06,W0388,S2,E,38.0,1
OP113850,2025-04-14,W0281,S2,C,25.0,1
OP113851,2025-01-02,W0173,S2,D,30.0,0
OP113853,2025-03-15,W0428,S1,C,13.0,0
OP113854,2025-01-13,W0481,S2,D,23.0,1
OP113855,2025-04-10,W0475,S2,A,23.0,0
OP113856,2025-01-27,W0179,S2,D,5.0,0
OP113858,2025-05-10,W0300,S2,C,17.0,0
OP113859,2025-03-20,W0157,S2,E,2.0,0
OP113860,2025-03-11,W0013,S2,D,39.0,0
OP113861,2025-03-27,W0097,S3,B,4.0,0
OP113863,2025-03-25,W0301,S3,B,39.0,0
OP113864,2025-02-07,W0096,S1,B,24.0,0
OP113866,2025-01-11,W0328,S2,E,37.0,0
OP113867,2025-01-19,W0300,S2,C,25.0,1
OP113870,2025-06-28,W0322,S2,A,26.0,0
OP113871,2025-04-10,W0131,S1,B,17.0,1
OP113874,2025-05-13,W0182,S2,C,47.0,0
OP113877,2025-05-22,W0167,S1,B,14.0,0
OP113879,2025-04-27,W0450,S2,E,1.0,0
OP113882,2025-02-20,W0437,S2,D,13.0,1
OP113886,2025-02-24,W0165,S2,C,26.0,0
OP113890,2025-05-28,W0009,S1,A,19.0,0
OP113892,2025-04-03,W0251,S2,D,5.0,0
OP113894,2025-03-03,W0254,S2,A,37.0,0
OP113896,2025-04-25,W0389,S2,B,47.0,0
OP113898,2025-03-22,W0230,S1,C,6.0,0
OP113900,2025-06-29,W0494,S2,D,45.0,0
OP113902,2025-02-01,W0413,S2,C,45.0,0
OP113908,2025-01-09,W0226,S2,A,49.0,0
OP113913,2025-01-18,W0314,S3,E,23.0,0
OP113914,2025-06-03,W0445,S1,E,35.0,0
OP113915,2025-02-04,W0092,S2,C,19.0,0
OP113917,2025-03-11,W0244,S1,E,13.0,1
OP113918,2025-03-21,W0149,S2,E,32.0,0
OP113920,2025-03-12,W0281,S3,C,23.0,0
OP113922,2025-01-23,W0141,S3,C,36.0,0
OP113924,2025-06-16,W0002,S2,C,5.0,1
OP113928,2025-04-19,W0299,S1,D,12.0,0
OP113929,2025-03-07,W0093,S2,C,32.0,1
OP113930,2025-03-16,W0327,S1,B,37.0,0
OP113931,2025-05-09,W0251,S2,D,11.0,0
OP113932,2025-04-03,W0169,S3,D,36.0,0
OP113933,2025-03-28,W0353,S2,E,31.0,1
OP113934,2025-02-25,W0458,S2,B,45.0,0
OP113935,2025-06-27,W0455,S3,A,7.0,0
OP113936,2025-02-08,W0327,S1,E,36.0,0
OP113937,2025-04-26,W0099,S3,B,46.0,1
OP113938,2025-03-28,W0163,S2,E,13.0,0
OP113940,2025-01-06,W0371,S2,B,40.0,1
OP113945,2025-04-27,W0283,S2,E,22.0,0
OP113947,2025-05-27,W0180,S2,B,39.0,0
OP113948,2025-06-03,W0168,S2,B,28.0,0
OP113950,2025-05-30,W0006,S3,D,5.0,0
OP113954,2025-04-09,W0165,S1,A,4.0,0
OP113956,2025-06-05,W0279,S1,E,1.0,1
OP113959,2025-05-26,W0046,S1,C,25.0,1
OP113960,2025-03-05,W0464,S2,C,24.0,0
OP113962,2025-03-12,W0244,S3,C,7.0,0
OP113964,2025-05-06,W0248,S2,C,42.0,0
OP113966,2025-05-06,W0083,S2,A,38.0,0
OP113967,2025-05-17,W0003,S1,C,3.0,1
OP113973,2025-06-29,W0008,S2,C,19.0,0
OP113974,2025-02-28,W0045,S1,C,40.0,0
OP113975,2025-05-09,W0467,S2,A,48.0,1
OP113980,2025-04-16,W0302,S2,A,14.0,1
OP113986,2025-06-27,W0403,S2,A,4.0,0
OP113989,2025-01-15,W0456,S2,D,8.0,0
OP114000,2025-01-03,W0443,S3,C,45.0,0
OP114003,2025-04-28,W0343,S3,E,30.0,0
OP114006,2025-06-09,W0222,S1,C,45.0,1
OP114007,2025-01-02,W0345,S3,B,15.0,0
OP114008,2025-03-08,W0158,S2,D,11.0,0
OP114009,2025-01-16,W0280,S2,E,45.0,0
OP114012,2025-06-26,W0013,S1,B,27.0,0
OP114013,2025-01-18,W0309,S2,C,44.0,1
OP114017,2025-05-03,W0229,S2,C,16.0,0
OP114019,2025-01-23,W0456,S2,C,42.0,1
OP114021,2025-03-08,W0075,S1,C,1.0,0
OP114023,2025-06-09,W0433,S2,A,2.0,0
OP114024,2025-05-17,W0474,S2,E,8.0,1
OP114025,2025-05-16,W0285,S2,A,24.0,0
OP114028,2025-05-03,W0382,S2,B,10.0,1
OP114029,2025-01-12,W0142,S2,E,15.0,0
OP114031,2025-05-18,W0028,S3,B,18.0,0
OP114034,2025-01-03,W0111,S2,E,48.0,0
OP114036,2025-06-28,W0359,S2,D,27.0,0
OP114038,2025-02-22,W0242,S3,C,7.0,0
OP114039,2025-02-18,W0330,S1,A,8.0,0
OP114040,2025-06-29,W0236,S2,B,2.0,0
OP114041,2025-03-18,W0016,S1,C,38.0,0
OP114043,2025-05-10,W0195,S1,C,25.0,0
OP114044,2025-03-03,W0404,S2,B,17.0,0
OP114046,2025-05-05,W0174,S2,E,5.0,0
OP114047,2025-04-11,W0001,S3,B,33.0,0
OP114051,2025-04-30,W0491,S1,D,42.0,0
OP114052,2025-06-01,W0109,S1,D,16.0,0
OP114056,2025-03-17,W0405,S3,A,15.0,0
OP114060,2025-02-14,W0480,S2,E,48.0,0
OP114064,2025-01-24,W0069,S2,D,28.0,1
OP114066,2025-03-10,W0230,S2,D,4.0,1
OP114067,2025-04-25,W0048,S2,E,14.0,0
OP114070,2025-03-10,W0036,S3,C,27.0,1
OP114071,2025-05-17,W0344,S3,D,43.0,0
OP114073,2025-05-17,W0015,S3,A,13.0,0
OP114075,2025-03-23,W0227,S2,C,2.0,1
OP114083,2025-04-03,W0196,S2,E,38.0,0
OP114085,2025-06-24,W0367,S2,D,18.0,0
OP114086,2025-06-10,W0405,S2,B,38.0,0
OP114087,2025-04-16,W0264,S1,E,5.0,0
OP114088,2025-06-15,W0137,S2,E,40.0,0
OP114093,2025-01-06,W0422,S2,C,45.0,0
OP114096,2025-03-13,W0471,S3,D,44.0,0
OP114097,2025-02-23,W0341,S2,E,15.0,0
OP114098,2025-03-11,W0176,S2,D,11.0,0
OP114100,2025-01-18,W0020,S2,D,5.0,1
OP114101,2025-03-21,W0088,S1,D,19.0,1
OP114107,2025-06-19,W0468,S3,A,13.0,0
OP114108,2025-01-21,W0058,S3,E,29.0,0
OP114109,2025-01-17,W0438,S3,B,23.0,0
OP114110,2025-06-21,W0300,S1,C,43.0,0
OP114111,2025-02-10,W0184,S2,D,40.0,0
OP114113,2025-04-29,W0496,S2,A,1.0,0
OP114116,2025-05-17,W0016,S1,E,6.0,1
OP114120,2025-03-11,W0257,S1,B,12.0,0
OP114123,2025-03-29,W0109,S2,A,41.0,0
OP114128,2025-02-21,W0309,S2,D,14.0,1
OP114130,2025-05-31,W0247,S3,B,2.0,0
OP114133,2025-04-12,W0263,S3,D,37.0,0
OP114141,2025-04-01,W0472,S2,C,27.0,0
OP114145,2025-03-22,W0308,S1,B,7.0,0
OP114147,2025-06-06,W0425,S1,A,27.0,1
OP114148,2025-05-07,W0142,S3,A,11.0,1
OP114149,2025-04-18,W0208,S3,E,27.0,1
OP114151,2025-01-27,W0057,S1,E,19.0,1
OP114160,2025-02-14,W0107,S3,E,4.0,0
OP114163,2025-04-12,W0197,S1,D,16.0,0
OP114164,2025-03-04,W0015,S2,B,15.0,0
OP114165,2025-06-09,W0313,S2,C,8.0,1
OP114167,2025-02-05,W0054,S2,B,26.0,0
OP114168,2025-02-26,W0074,S1,C,29.0,0
OP114170,2025-01-22,W0495,S1,E,38.0,0
OP114172,2025-05-29,W0384,S2,B,31.0,0
OP114175,2025-02-07,W0046,S1,A,10.0,0
OP114178,2025-02-28,W0170,S2,E,30.0,1
OP114181,2025-04-03,W0155,S3,E,6.0,0
OP114187,2025-01-28,W0487,S2,B,4.0,0
OP114188,2025-05-30,W0193,S1,C,42.0,0
OP114190,2025-05-17,W0118,S2,D,5.0,0
OP114192,2025-04-01,W0354,S2,E,47.0,0
OP114194,2025-05-23,W0260,S3,B,26.0,0
OP114195,2025-06-27,W0247,S2,C,2.0,0
OP114198,2025-03-13,W0377,S2,E,13.0,1
OP114199,2025-02-20,W0314,S2,E,36.0,0
OP114203,2025-05-09,W0489,S2,B,8.0,0
OP114208,2025-06-20,W0060,S3,A,11.0,0
OP114209,2025-01-15,W0018,S1,A,14.0,0
OP114210,2025-01-15,W0089,S3,B,1.0,0
OP114212,2025-06-06,W0073,S3,E,10.0,0
OP114215,2025-01-05,W0296,S2,D,28.0,0
OP114216,2025-01-26,W0022,S1,E,17.0,1
OP114218,2025-06-10,W0341,S2,E,7.0,1
OP114221,2025-06-20,W0209,S2,C,46.0,0
OP114224,2025-06-06,W0470,S2,D,32.0,1
OP114225,2025-06-14,W0303,S1,A,32.0,0
OP114240,2025-02-03,W0343,S2,B,13.0,1
OP114243,2025-03-10,W0026,S2,E,26.0,1
OP114244,2025-04-01,W0036,S3,D,27.0,0
OP114247,2025-06-18,W0227,S3,C,1.0,0
OP114248,2025-02-08,W0392,S1,B,19.0,0
OP114249,2025-04-29,W0273,S2,E,35.0,0
OP114250,2025-05-13,W0009,S3,B,17.0,0
OP114252,2025-04-30,W0100,S3,E,15.0,0
OP114253,2025-06-05,W0220,S2,A,10.0,0
OP114255,2025-04-23,W0323,S2,E,12.0,0
OP114257,2025-04-09,W0139,S1,C,46.0,0
OP114258,2025-04-20,W0067,S1,A,30.0,1
OP114260,2025-01-06,W0280,S1,C,28.0,0
OP114262,2025-05-01,W0209,S3,A,17.0,0
OP114267,2025-02-06,W0473,S2,B,17.0,0
OP114269,2025-04-28,W0268,S2,B,13.0,1
OP114275,2025-02-04,W0084,S2,B,13.0,0
OP114276,2025-05-31,W0094,S3,E,27.0,0
OP114277,2025-01-02,W0377,S3,D,9.0,1
OP114278,2025-05-12,W0178,S2,C,30.0,1
OP114280,2025-02-08,W0420,S2,E,10.0,0
OP114285,2025-05-21,W0072,S2,D,17.0,1
OP114287,2025-01-17,W0271,S2,C,11.0,0
OP114288,2025-01-09,W0162,S1,D,41.0,0
OP114289,2025-06-06,W0457,S2,D,27.0,1
OP114291,2025-03-17,W0064,S2,B,45.0,0
OP114293,2025-03-03,W0312,S1,E,41.0,0
OP114295,2025-02-23,W0286,S2,C,15.0,1
OP114298,2025-06-19,W0204,S3,D,40.0,1
OP114301,2025-02-11,W0033,S1,A,13.0,1
OP114302,2025-01-22,W0103,S2,E,36.0,1
OP114303,2025-03-29,W0080,S3,B,21.0,0
OP114304,2025-01-25,W0027,S3,E,25.0,0
OP114305,2025-02-22,W0247,S2,E,21.0,0
OP114306,2025-04-06,W0398,S2,B,10.0,0
OP114310,2025-04-03,W0126,S3,E,27.0,0
OP114312,2025-05-19,W0047,S1,E,43.0,0
OP114317,2025-06-18,W0146,S1,C,15.0,0
OP114319,2025-05-31,W0197,S1,A,16.0,0
OP114321,2025-03-15,W0306,S2,C,18.0,0
OP114322,2025-05-08,W0349,S3,E,45.0,0
OP114324,2025-05-28,W0379,S1,A,42.0,0
OP114325,2025-06-24,W0083,S3,A,26.0,1
OP114326,2025-02-04,W0175,S3,A,37.0,0
OP114329,2025-06-10,W0373,S2,D,23.0,0
OP114334,2025-06-17,W0063,S2,A,40.0,1
OP114337,2025-02-19,W0428,S1,A,5.0,1
OP114341,2025-05-06,W0500,S3,C,39.0,0
OP114343,2025-05-05,W0036,S3,D,38.0,0
OP114345,2025-01-19,W0479,S1,E,2.0,0
OP114347,2025-05-15,W0378,S1,A,36.0,0
OP114348,2025-06-15,W0447,S1,D,35.0,0
OP114349,2025-04-03,W0428,S2,E,4.0,0
OP114351,2025-02-24,W0383,S1,C,22.0,0
OP114352,2025-06-22,W0194,S1,C,22.0,1
OP114353,2025-06-12,W0191,S3,E,17.0,0
OP114357,2025-04-12,W0291,S2,A,16.0,0
OP114358,2025-04-21,W0447,S3,B,21.0,0
OP114361,2025-06-05,W0303,S1,A,1.0,0
OP114362,2025-03-02,W0259,S1,A,7.0,0
OP114363,2025-05-26,W0331,S1,A,42.0,0
OP114364,2025-01-08,W0222,S1,C,17.0,1
OP114365,2025-06-04,W0493,S2,C,38.0,0
OP114367,2025-05-04,W0454,S3,B,47.0,0
OP114368,2025-03-15,W0346,S3,A,37.0,0
OP114372,2025-02-18,W0473,S2,D,31.0,0
OP114374,2025-06-10,W0323,S2,E,19.0,0
OP114377,2025-05-21,W0315,S2,A,7.0,0
OP114378,2025-04-11,W0214,S1,B,14.0,0
OP114379,2025-03-21,W0021,S2,D,24.0,0
OP114385,2025-04-16,W0468,S2,B,37.0,0
OP114387,2025-03-24,W0464,S2,A,34.0,0
OP114390,2025-05-21,W0400,S2,D,17.0,0
OP114395,2025-06-02,W0177,S2,D,30.0,0
OP114397,2025-02-28,W0250,S2,C,9.0,0
OP114402,2025-04-07,W0306,S3,A,37.0,0
OP114403,2025-06-24,W0154,S3,C,10.0,0
OP114405,2025-02-28,W0347,S2,B,10.0,0
OP114406,2025-02-22,W0031,S1,D,2.0,0
OP114408,2025-04-29,W0134,S1,B,5.0,0
OP114412,2025-05-23,W0452,S1,B,47.0,1
OP114413,2025-03-10,W0095,S2,B,32.0,0
OP114414,2025-06-02,W0212,S3,C,45.0,0
OP114415,2025-04-05,W0028,S2,C,27.0,0
OP114416,2025-06-14,W0323,S2,A,22.0,0
OP114421,2025-01-29,W0097,S1,C,37.0,0
OP114425,2025-02-22,W0452,S2,D,24.0,0
OP114426,2025-01-23,W0435,S3,E,16.0,1
OP114435,2025-04-13,W0356,S2,A,39.0,1
OP114436,2025-02-12,W0161,S2,A,34.0,1
OP114440,2025-04-02,W0472,S1,C,3.0,1
OP114441,2025-02-11,W0497,S2,C,47.0,0
OP114443,2025-03-31,W0229,S2,D,32.0,1
OP114444,2025-03-10,W0360,S3,C,29.0,0
OP114446,2025-02-18,W0050,S2,A,41.0,0
OP114447,2025-06-08,W0484,S3,D,37.0,1
OP114452,2025-05-15,W0458,S1,A,49.0,1
OP114458,2025-06-14,W0035,S1,E,43.0,0
OP114459,2025-03-01,W0451,S3,E,24.0,0
OP114460,2025-05-01,W0209,S2,A,8.0,1
OP114462,2025-01-26,W0058,S3,A,14.0,0
OP114464,2025-06-10,W0340,S2,C,20.0,1
OP114465,2025-01-01,W0427,S2,B,39.0,1
OP114466,2025-02-10,W0089,S2,B,37.0,0
OP114476,2025-04-30,W0387,S2,E,15.0,0
OP114480,2025-04-12,W0380,S3,C,11.0,1
OP114484,2025-05-04,W0286,S1,D,44.0,0
OP114485,2025-02-02,W0140,S2,D,40.0,0
OP114489,2025-02-13,W0196,S3,E,23.0,0
OP114490,2025-05-03,W0260,S3,C,22.0,0
OP114491,2025-03-15,W0411,S2,B,38.0,0
OP114494,2025-06-28,W0247,S1,E,43.0,0
OP114496,2025-03-26,W0493,S3,C,14.0,0
OP114497,2025-06-14,W0054,S3,B,44.0,0
OP114500,2025-04-01,W0261,S1,E,36.0,0
OP114502,2025-06-23,W0158,S2,B,24.0,1
OP114503,2025-06-15,W0332,S3,E,40.0,0
OP114509,2025-06-15,W0063,S2,A,7.0,0
OP114510,2025-05-23,W0446,S2,A,37.0,0
OP114511,2025-05-12,W0158,S1,A,4.0,1
OP114512,2025-02-23,W0128,S2,D,49.0,0
OP114513,2025-05-10,W0170,S2,A,9.0,0
OP114514,2025-04-14,W0361,S2,E,16.0,0
OP114516,2025-05-15,W0115,S1,D,10.0,0
OP114517,2025-06-21,W0237,S2,B,10.0,0
OP114518,2025-02-22,W0136,S2,B,42.0,0
OP114526,2025-05-05,W0394,S1,B,2.0,0
OP114528,2025-05-25,W0010,S2,C,21.0,1
OP114529,2025-04-29,W0224,S1,C,35.0,0
OP114530,2025-05-06,W0074,S1,A,32.0,1
OP114532,2025-06-15,W0051,S2,C,22.0,0
OP114534,2025-02-03,W0063,S2,C,11.0,0
OP114536,2025-06-06,W0349,S1,A,34.0,0
OP114538,2025-02-23,W0090,S2,B,30.0,0
OP114545,2025-01-16,W0373,S3,E,41.0,0
OP114546,2025-06-15,W0138,S2,C,2.0,0
OP114547,2025-02-26,W0210,S1,D,46.0,0
OP114550,2025-06-16,W0188,S2,E,19.0,0
OP114553,2025-05-28,W0318,S2,A,1.0,0
OP114555,2025-05-18,W0267,S2,A,35.0,0
OP114559,2025-01-10,W0061,S3,A,1.0,0
OP114560,2025-02-20,W0077,S1,D,25.0,0
OP114562,2025-01-21,W0368,S1,B,11.0,1
OP114563,2025-06-25,W0067,S1,A,25.0,0
OP114568,2025-01-21,W0200,S2,A,14.0,0
OP114569,2025-03-22,W0307,S3,B,16.0,1
OP114570,2025-06-24,W0296,S2,E,46.0,0
OP114578,2025-02-19,W0080,S2,B,17.0,1
OP114580,2025-03-04,W0497,S3,E,43.0,1
OP114581,2025-01-15,W0254,S3,B,38.0,1
OP114582,2025-02-23,W0431,S2,E,38.0,0
OP114584,2025-05-27,W0263,S2,E,35.0,0
OP114585,2025-04-09,W0390,S2,A,4.0,0
OP114588,2025-03-30,W0107,S2,E,31.0,0
OP114589,2025-02-11,W0218,S2,A,43.0,1
OP114596,2025-03-15,W0164,S2,C,42.0,0
OP114597,2025-04-07,W0084,S2,C,23.0,0
OP114600,2025-06-18,W0493,S3,B,32.0,1
OP114601,2025-06-12,W0373,S2,D,43.0,0
OP114602,2025-03-11,W0441,S2,C,33.0,1
OP114603,2025-05-20,W0055,S2,C,17.0,0
OP114604,2025-06-18,W0348,S3,A,4.0,1
OP114606,2025-04-25,W0012,S2,B,33.0,0
OP114609,2025-01-03,W0130,S2,A,42.0,0
OP114610,2025-04-23,W0306,S3,C,13.0,1
OP114612,2025-05-28,W0421,S3,A,14.0,0
OP114613,2025-05-31,W0091,S2,C,43.0,1
OP114615,2025-05-30,W0078,S2,C,8.0,0
OP114616,2025-01-25,W0212,S3,E,10.0,1
OP114617,2025-03-04,W0435,S1,C,19.0,0
OP114620,2025-06-25,W0470,S2,E,21.0,0
OP114625,2025-04-29,W0426,S2,A,32.0,0
OP114627,2025-05-15,W0156,S2,D,6.0,0
OP114628,2025-04-24,W0084,S2,A,42.0,0
OP114631,2025-03-15,W0253,S2,B,31.0,0
OP114634,2025-01-28,W0149,S3,B,3.0,0
OP114637,2025-05-06,W0318,S2,A,37.0,1
OP114639,2025-04-21,W0102,S3,C,46.0,1
OP114640,2025-04-14,W0107,S3,D,30.0,0
OP114641,2025-01-01,W0326,S2,D,7.0,0
OP114643,2025-02-02,W0073,S2,E,35.0,0
OP114644,2025-03-14,W0045,S1,C,24.0,0
OP114645,2025-05-08,W0240,S3,B,27.0,1
OP114647,2025-06-25,W0349,S3,B,23.0,0
OP114649,2025-06-07,W0488,S2,B,1.0,0
OP114650,2025-03-31,W0050,S3,B,46.0,0
OP114651,2025-01-30,W0484,S2,B,29.0,1
OP114653,2025-03-16,W0419,S2,B,22.0,0
OP114654,2025-03-04,W0192,S2,E,28.0,1
OP114655,2025-04-21,W0343,S2,D,15.0,0
OP114656,2025-01-09,W0058,S2,E,36.0,0
OP114659,2025-06-15,W0107,S1,E,40.0,1
OP114660,2025-03-30,W0050,S2,E,42.0,0
OP114661,2025-02-10,W0366,S2,B,18.0,1
OP114665,2025-04-20,W0263,S3,E,18.0,0
OP114667,2025-05-02,W0323,S1,C,1.0,0
OP114670,2025-06-07,W0145,S2,C,3.0,0
OP114673,2025-05-08,W0074,S1,D,31.0,0
OP114676,2025-01-10,W0482,S2,E,9.0,1
OP114679,2025-03-28,W0162,S3,A,34.0,0
OP114684,2025-03-16,W0088,S2,B,42.0,1
OP114687,2025-05-11,W0003,S3,B,33.0,0
OP114688,2025-04-12,W0174,S2,A,9.0,0
OP114689,2025-03-04,W0378,S1,B,25.0,1
OP114692,2025-01-31,W0262,S3,B,5.0,0
OP114693,2025-06-20,W0410,S3,D,27.0,0
OP114697,2025-04-29,W0077,S1,A,12.0,0
OP114698,2025-04-25,W0051,S3,B,37.0,0
OP114701,2025-02-28,W0083,S2,B,1.0,0
OP114710,2025-03-29,W0487,S2,D,12.0,1
OP114711,2025-03-05,W0265,S1,A,13.0,0
OP114712,2025-04-12,W0023,S2,C,47.0,0
OP114714,2025-05-08,W0423,S2,A,9.0,1
OP114719,2025-02-24,W0409,S3,B,22.0,1
OP114720,2025-02-14,W0148,S1,C,33.0,0
OP114724,2025-01-21,W0294,S3,E,2.0,0
OP114727,2025-02-15,W0275,S1,A,32.0,0
OP114730,2025-04-09,W0310,S2,B,43.0,0
OP114731,2025-01-14,W0318,S2,E,48.0,0
OP114732,2025-02-28,W0244,S2,D,19.0,0
OP114733,2025-06-14,W0051,S2,E,11.0,0
OP114736,2025-03-27,W0475,S1,C,31.0,0
OP114738,2025-06-12,W0268,S2,A,14.0,0
OP114739,2025-03-02,W0435,S1,C,39.0,0
OP114744,2025-05-23,W0113,S1,B,17.0,0
OP114746,2025-01-09,W0221,S3,D,27.0,1
OP114748,2025-01-22,W0317,S2,B,45.0,0
OP114749,2025-04-08,W0452,S2,E,39.0,0
OP114750,2025-03-15,W0431,S2,E,44.0,0
OP114751,2025-06-24,W0237,S3,E,42.0,0
OP114753,2025-03-12,W0099,S2,B,27.0,0
OP114756,2025-01-01,W0250,S1,B,49.0,0
OP114757,2025-01-09,W0400,S2,A,2.0,0
OP114759,2025-04-25,W0466,S1,E,39.0,0
OP114761,2025-02-18,W0188,S2,A,43.0,0
OP114762,2025-02-24,W0201,S3,B,3.0,0
OP114767,2025-01-07,W0034,S2,B,4.0,0
OP114770,2025-06-11,W0305,S2,A,20.0,1
OP114772,2025-06-16,W0015,S1,E,43.0,1
OP114773,2025-04-18,W0263,S2,E,2.0,1
OP114774,2025-04-10,W0340,S2,D,9.0,0
OP114775,2025-02-27,W0424,S1,D,43.0,1
OP114777,2025-02-03,W0460,S3,D,30.0,0
OP114780,2025-01-17,W0236,S3,B,29.0,1
OP114783,2025-06-04,W0099,S2,A,32.0,0
OP114785,2025-06-24,W0021,S2,D,41.0,1
OP114788,2025-02-06,W0432,S2,B,33.0,0
OP114790,2025-03-08,W0415,S1,E,32.0,0
OP114792,2025-05-08,W0324,S3,C,31.0,1
OP114793,2025-06-04,W0217,S2,A,24.0,0
OP114795,2025-02-20,W0155,S2,C,4.0,0
OP114797,2025-05-24,W0499,S1,B,27.0,0
OP114798,2025-03-26,W0467,S3,B,19.0,0
OP114799,2025-01-29,W0180,S2,C,32.0,0
OP114800,2025-01-02,W0388,S2,D,43.0,0
OP114804,2025-03-29,W0415,S2,E,2.0,0
OP114807,2025-01-17,W0138,S2,A,38.0,0
OP114812,2025-01-08,W0237,S3,B,44.0,0
OP114813,2025-04-06,W0311,S3,A,37.0,0
OP114815,2025-02-12,W0229,S2,A,36.0,0
OP114818,2025-01-31,W0138,S2,E,17.0,0
OP114820,2025-01-23,W0385,S1,A,5.0,0
OP114825,2025-05-12,W0050,S3,E,9.0,0
OP114827,2025-06-03,W0463,S2,A,22.0,0
OP114831,2025-03-29,W0221,S2,C,45.0,0
OP114832,2025-06-28,W0485,S1,E,31.0,0
OP114835,2025-06-29,W0008,S2,B,10.0,0
OP114846,2025-04-16,W0289,S2,B,46.0,0
OP114847,2025-02-15,W0266,S3,C,7.0,0
OP114848,2025-01-30,W0208,S1,E,4.0,0
OP114849,2025-03-06,W0480,S3,D,33.0,0
OP114851,2025-02-03,W0473,S2,C,4.0,0
OP114852,2025-06-05,W0120,S2,A,8.0,0
OP114854,2025-01-05,W0371,S2,D,1.0,1
OP114855,2025-02-08,W0283,S3,E,49.0,0
OP114858,2025-02-14,W0291,S2,C,45.0,0
OP114862,2025-06-26,W0430,S2,C,2.0,0
OP114864,2025-05-22,W0182,S2,E,24.0,0
OP114867,2025-01-25,W0086,S2,C,22.0,0
OP114869,2025-05-22,W0284,S2,C,46.0,0
OP114871,2025-05-17,W0380,S2,C,29.0,1
OP114872,2025-06-07,W0286,S3,D,20.0,0
OP114876,2025-03-28,W0191,S2,A,45.0,0
OP114877,2025-04-22,W0153,S1,C,11.0,0
OP114880,2025-06-21,W0288,S1,E,25.0,0
OP114881,2025-02-16,W0238,S1,D,7.0,0
OP114882,2025-02-03,W0359,S3,E,34.0,0
OP114884,2025-01-03,W0317,S2,A,39.0,0
OP114885,2025-02-18,W0215,S1,A,35.0,0
OP114887,2025-01-04,W0445,S2,A,40.0,1
OP114889,2025-04-24,W0257,S2,C,47.0,0
OP114892,2025-03-29,W0102,S2,A,40.0,1
OP114893,2025-03-22,W0347,S2,C,47.0,0
OP114894,2025-01-21,W0130,S2,B,8.0,0
OP114895,2025-01-13,W0343,S2,C,25.0,0
OP114899,2025-03-07,W0092,S3,C,25.0,1
OP114901,2025-05-10,W0380,S2,E,27.0,0
OP114904,2025-02-15,W0157,S3,A,25.0,0
OP114909,2025-03-05,W0207,S1,B,29.0,0
OP114912,2025-02-12,W0454,S3,C,6.0,0
OP114919,2025-04-07,W0123,S2,D,34.0,1
OP114920,2025-04-15,W0421,S2,A,6.0,0
OP114921,2025-03-01,W0053,S2,C,31.0,0
OP114923,2025-04-25,W0367,S1,D,47.0,0
OP114925,2025-05-22,W0051,S2,D,13.0,0
OP114926,2025-01-21,W0116,S1,A,40.0,0
OP114935,2025-06-02,W0287,S1,A,22.0,0
OP114936,2025-03-05,W0240,S2,E,27.0,1
OP114939,2025-05-27,W0052,S1,A,11.0,0
OP114945,2025-01-18,W0492,S3,A,31.0,1
OP114946,2025-05-10,W0045,S3,C,41.0,0
OP114947,2025-05-29,W0151,S3,A,25.0,1
OP114948,2025-05-08,W0198,S2,C,19.0,0
OP114949,2025-04-17,W0103,S1,B,21.0,1
OP114950,2025-04-30,W0269,S2,C,15.0,1
OP114952,2025-05-20,W0174,S2,A,47.0,0
OP114960,2025-04-05,W0395,S1,B,1.0,1
OP114961,2025-06-04,W0246,S3,E,15.0,0
OP114966,2025-01-16,W0022,S2,B,27.0,0
OP114968,2025-03-11,W0367,S2,A,27.0,0
OP114973,2025-03-31,W0475,S2,C,16.0,0
OP114975,2025-06-12,W0253,S1,C,49.0,0
OP114976,2025-03-06,W0321,S3,B,49.0,0
OP114979,2025-04-29,W0485,S3,D,19.0,0
OP114980,2025-01-11,W0120,S1,C,47.0,0
OP114984,2025-05-28,W0346,S2,D,48.0,0
OP114986,2025-03-03,W0135,S1,C,41.0,0
OP114987,2025-06-02,W0289,S1,B,20.0,0
OP114990,2025-06-20,W0484,S2,E,1.0,0
OP114994,2025-03-26,W0060,S2,B,8.0,0
OP114995,2025-04-15,W0136,S2,E,26.0,1
OP114996,2025-03-04,W0496,S1,E,35.0,0
OP114997,2025-01-19,W0116,S1,E,22.0,0
OP115001,2025-02-19,W0436,S2,A,9.0,0
OP115006,2025-02-17,W0012,S1,B,30.0,0
OP115007,2025-05-02,W0276,S2,E,35.0,1
OP115008,2025-01-13,W0227,S2,D,33.0,0
OP115009,2025-05-11,W0174,S3,C,45.0,0
OP115010,2025-04-10,W0003,S3,B,38.0,0
OP115014,2025-03-03,W0211,S3,D,37.0,0
OP115019,2025-01-29,W0146,S2,D,4.0,1
OP115021,2025-06-25,W0378,S2,D,11.0,0
OP115023,2025-06-05,W0120,S3,C,24.0,0
OP115026,2025-04-07,W0002,S3,C,34.0,0
OP115028,2025-06-03,W0357,S3,A,25.0,0
OP115029,2025-05-24,W0010,S2,C,18.0,0
OP115030,2025-01-01,W0122,S2,E,46.0,0
OP115032,2025-06-24,W0248,S1,E,14.0,1
OP115035,2025-06-17,W0443,S2,C,38.0,0
OP115036,2025-01-25,W0068,S2,D,2.0,1
OP115037,2025-02-25,W0075,S2,E,27.0,1
OP115042,2025-05-12,W0446,S2,E,31.0,0
OP115043,2025-03-09,W0091,S2,C,46.0,0
OP115045,2025-05-18,W0471,S1,C,46.0,0
OP115047,2025-05-09,W0315,S2,C,42.0,1
OP115049,2025-02-24,W0253,S1,D,19.0,1
OP115053,2025-05-07,W0194,S2,C,13.0,1
OP115054,2025-05-08,W0146,S2,E,15.0,0
OP115065,2025-05-26,W0137,S3,C,28.0,0
OP115067,2025-06-04,W0059,S3,D,8.0,0
OP115070,2025-05-02,W0087,S2,D,39.0,0
OP115072,2025-01-20,W0219,S2,B,26.0,0
OP115073,2025-01-15,W0140,S2,C,17.0,0
OP115076,2025-06-10,W0314,S2,D,40.0,0
OP115077,2025-06-01,W0446,S2,E,1.0,1
OP115079,2025-06-27,W0220,S3,A,6.0,0
OP115081,2025-03-01,W0394,S3,B,44.0,0
OP115082,2025-03-15,W0222,S1,E,46.0,1
OP115084,2025-04-30,W0274,S1,D,27.0,1
OP115085,2025-01-03,W0032,S3,D,47.0,0
OP115086,2025-02-27,W0305,S2,B,16.0,0
OP115091,2025-02-01,W0177,S2,D,20.0,0
OP115095,2025-03-18,W0295,S3,E,6.0,0
OP115097,2025-03-09,W0462,S1,D,15.0,0
OP115098,2025-02-25,W0278,S2,A,25.0,0
OP115100,2025-04-17,W0400,S2,C,15.0,0
OP115105,2025-05-12,W0018,S1,D,43.0,1
OP115107,2025-06-02,W0025,S3,C,49.0,0
OP115110,2025-01-19,W0167,S3,C,39.0,0
OP115119,2025-01-03,W0339,S1,E,18.0,1
OP115120,2025-03-10,W0495,S2,B,24.0,0
OP115126,2025-03-12,W0012,S2,C,34.0,0
OP115129,2025-03-02,W0408,S3,D,19.0,1
OP115130,2025-01-03,W0198,S2,C,30.0,0
OP115132,2025-03-18,W0276,S1,D,40.0,0
OP115133,2025-03-27,W0210,S2,C,20.0,1
OP115140,2025-02-23,W0261,S3,E,3.0,0
OP115141,2025-02-06,W0076,S3,B,49.0,1
OP115144,2025-04-13,W0241,S3,B,21.0,1
OP115145,2025-01-13,W0243,S2,A,28.0,0
OP115147,2025-06-27,W0190,S2,B,36.0,0
OP115148,2025-04-29,W0258,S2,E,35.0,0
OP115150,2025-03-07,W0050,S3,D,42.0,0
OP115151,2025-06-25,W0371,S2,C,22.0,0
OP115153,2025-04-08,W0101,S2,E,42.0,1
OP115155,2025-01-29,W0155,S2,B,27.0,0
OP115156,2025-06-11,W0242,S2,C,4.0,1
OP115159,2025-02-05,W0161,S3,B,2.0,0
OP115161,2025-06-05,W0224,S2,E,29.0,0
OP115164,2025-01-12,W0129,S3,E,22.0,0
OP115165,2025-05-26,W0057,S2,D,14.0,0
OP115167,2025-01-23,W0102,S2,E,14.0,0
OP115169,2025-04-13,W0127,S1,C,27.0,1
OP115175,2025-04-24,W0257,S2,D,49.0,0
OP115177,2025-05-11,W0338,S2,D,40.0,0
OP115180,2025-01-05,W0253,S2,B,16.0,0
OP115181,2025-06-28,W0062,S1,D,37.0,0
OP115182,2025-02-24,W0129,S1,D,25.0,0
OP115184,2025-03-27,W0470,S2,C,9.0,0
OP115186,2025-04-26,W0045,S3,C,23.0,0
OP115190,2025-06-29,W0004,S2,D,36.0,1
OP115194,2025-02-24,W0410,S2,C,10.0,0
OP115201,2025-04-02,W0015,S2,B,43.0,0
OP115205,2025-04-23,W0190,S3,D,37.0,0
OP115206,2025-01-17,W0006,S1,E,49.0,1
OP115208,2025-04-13,W0210,S3,A,47.0,0
OP115209,2025-03-02,W0005,S3,E,19.0,1
OP115210,2025-04-25,W0165,S2,C,17.0,0
OP115211,2025-03-03,W0407,S2,A,15.0,0
OP115212,2025-04-06,W0091,S2,A,6.0,1
OP115215,2025-03-02,W0080,S2,C,37.0,0
OP115216,2025-06-09,W0104,S1,E,15.0,1
OP115217,2025-02-27,W0130,S1,B,44.0,1
OP115218,2025-06-05,W0371,S1,C,5.0,0
OP115220,2025-06-24,W0030,S2,B,4.0,0
OP115221,2025-02-20,W0431,S2,D,24.0,1
OP115222,2025-03-26,W0314,S2,A,47.0,0
OP115223,2025-03-02,W0338,S1,B,34.0,0
OP115225,2025-05-12,W0238,S1,D,34.0,0
OP115226,2025-02-28,W0363,S3,C,21.0,0
OP115227,2025-02-25,W0295,S2,B,23.0,0
OP115228,2025-05-15,W0098,S2,D,40.0,0
OP115231,2025-04-13,W0294,S1,D,41.0,0
OP115232,2025-05-16,W0037,S2,E,20.0,0
OP115235,2025-05-04,W0414,S1,D,31.0,0
OP115236,2025-03-19,W0493,S2,A,24.0,0
OP115239,2025-03-02,W0388,S3,D,34.0,1
OP115240,2025-06-12,W0408,S3,B,27.0,0
OP115245,2025-02-27,W0486,S3,C,31.0,0
OP115247,2025-05-07,W0287,S1,C,31.0,0
OP115248,2025-05-05,W0303,S3,D,43.0,0
OP115250,2025-04-24,W0205,S3,D,19.0,0
OP115252,2025-03-09,W0126,S3,C,9.0,0
OP115253,2025-02-12,W0036,S1,D,47.0,0
OP115256,2025-03-27,W0081,S1,A,24.0,1
OP115257,2025-05-05,W0328,S2,B,26.0,0
OP115258,2025-01-06,W0107,S2,A,33.0,0
OP115260,2025-02-15,W0182,S3,A,48.0,0
OP115262,2025-06-27,W0420,S2,C,48.0,1
OP115263,2025-01-27,W0093,S1,E,15.0,1
OP115265,2025-04-26,W0344,S1,D,39.0,0
OP115266,2025-01-25,W0072,S2,A,17.0,0
OP115267,2025-05-28,W0420,S3,E,17.0,1
OP115270,2025-03-12,W0302,S2,E,11.0,1
OP115271,2025-06-29,W0123,S2,A,44.0,1
OP115274,2025-03-03,W0147,S2,B,47.0,0
OP115275,2025-06-10,W0079,S3,B,40.0,1
OP115278,2025-03-03,W0140,S3,D,44.0,0
OP115279,2025-06-10,W0264,S2,E,35.0,0
OP115282,2025-02-08,W0443,S2,A,13.0,0
OP115284,2025-03-25,W0307,S2,D,48.0,1
OP115286,2025-01-11,W0483,S2,B,17.0,0
OP115295,2025-03-24,W0446,S2,B,25.0,0
OP115296,2025-01-04,W0397,S1,B,29.0,1
OP115297,2025-05-24,W0128,S2,E,33.0,0
OP115298,2025-06-26,W0301,S2,C,27.0,0
OP115301,2025-01-29,W0045,S2,B,31.0,1
OP115303,2025-03-02,W0362,S3,D,12.0,0
OP115304,2025-05-22,W0006,S3,B,23.0,1
OP115307,2025-01-26,W0400,S2,C,9.0,1
OP115311,2025-02-12,W0420,S2,C,3.0,1
OP115313,2025-04-22,W0360,S2,A,42.0,0
OP115316,2025-01-30,W0087,S2,E,25.0,0
OP115320,2025-04-24,W0224,S1,E,46.0,1
OP115322,2025-03-16,W0271,S2,E,23.0,1
OP115323,2025-06-24,W0296,S2,E,6.0,1
OP115324,2025-06-27,W0439,S1,E,39.0,0
OP115326,2025-02-23,W0294,S2,D,4.0,0
OP115327,2025-04-12,W0450,S2,D,41.0,1
OP115328,2025-06-12,W0435,S2,E,8.0,0
OP115334,2025-05-24,W0447,S1,E,9.0,1
OP115337,2025-04-01,W0358,S2,C,9.0,1
OP115338,2025-01-23,W0216,S1,A,43.0,0
OP115340,2025-02-05,W0364,S2,B,32.0,0
OP115344,2025-01-19,W0077,S3,E,49.0,0
OP115345,2025-06-07,W0272,S2,C,40.0,0
OP115348,2025-04-06,W0208,S1,B,17.0,0
OP115349,2025-02-21,W0157,S2,E,33.0,0
OP115350,2025-05-11,W0279,S2,C,31.0,0
OP115351,2025-06-17,W0259,S3,D,13.0,0
OP115353,2025-05-04,W0499,S3,A,43.0,0
OP115359,2025-05-15,W0160,S3,E,3.0,0
OP115361,2025-04-01,W0114,S1,E,3.0,0
OP115369,2025-02-23,W0220,S3,C,31.0,1
OP115373,2025-04-15,W0096,S1,D,16.0,1
OP115382,2025-02-03,W0187,S2,B,41.0,0
OP115383,2025-02-05,W0439,S2,B,22.0,0
OP115384,2025-01-15,W0123,S2,D,44.0,0
OP115388,2025-02-20,W0397,S2,E,36.0,1
OP115390,2025-03-05,W0237,S2,C,49.0,1
OP115392,2025-06-07,W0225,S1,E,48.0,0
OP115395,2025-04-21,W0282,S1,A,25.0,1
OP115397,2025-03-30,W0262,S2,D,38.0,1
OP115398,2025-04-28,W0452,S3,D,2.0,0
OP115399,2025-02-14,W0459,S3,A,41.0,0
OP115402,2025-05-03,W0484,S3,A,44.0,0
OP115403,2025-03-06,W0477,S2,E,40.0,0
OP115404,2025-06-03,W0061,S3,D,22.0,1
OP115405,2025-03-18,W0038,S2,C,44.0,1
OP115407,2025-02-20,W0180,S2,E,1.0,0
OP115411,2025-05-14,W0486,S2,B,47.0,0
OP115412,2025-05-10,W0236,S3,A,22.0,1
OP115414,2025-03-10,W0218,S2,E,25.0,1
OP115415,2025-04-05,W0063,S2,E,14.0,0
OP115417,2025-01-14,W0117,S1,D,43.0,0
OP115420,2025-05-14,W0113,S2,E,49.0,0
OP115423,2025-03-20,W0240,S2,C,13.0,0
OP115426,2025-01-27,W0397,S1,B,28.0,0
OP115427,2025-04-11,W0223,S2,E,13.0,0
OP115430,2025-04-01,W0421,S3,C,25.0,1
OP115432,2025-04-16,W0346,S1,B,43.0,1
OP115444,2025-04-10,W0050,S1,E,28.0,1
OP115447,2025-04-09,W0212,S1,A,36.0,0
OP115448,2025-05-28,W0337,S1,D,44.0,0
OP115450,2025-05-18,W0407,S2,A,14.0,0
OP115453,2025-02-25,W0042,S1,C,13.0,0
OP115457,2025-05-15,W0077,S2,C,36.0,0
OP115458,2025-05-25,W0209,S2,E,13.0,0
OP115460,2025-04-30,W0229,S2,D,22.0,0
OP115461,2025-03-10,W0044,S3,B,29.0,0
OP115464,2025-01-23,W0268,S2,A,47.0,0
OP115468,2025-06-08,W0206,S2,B,14.0,1
OP115473,2025-05-20,W0179,S2,B,4.0,0
OP115474,2025-05-23,W0379,S1,A,32.0,0
OP115475,2025-02-26,W0220,S2,D,35.0,0
OP115477,2025-01-06,W0238,S2,C,42.0,1
OP115482,2025-03-03,W0290,S1,C,30.0,1
OP115484,2025-04-08,W0242,S3,B,23.0,1
OP115487,2025-05-05,W0298,S1,A,13.0,0
OP115494,2025-03-18,W0191,S1,B,36.0,0
OP115496,2025-01-29,W0371,S2,C,18.0,1
OP115497,2025-02-04,W0302,S2,B,35.0,0
OP115498,2025-04-03,W0420,S2,D,9.0,0
OP115506,2025-06-24,W0292,S1,C,18.0,1
OP115511,2025-02-21,W0001,S3,A,9.0,0
OP115512,2025-04-27,W0126,S3,B,16.0,1
OP115513,2025-03-03,W0321,S1,B,11.0,0
OP115516,2025-02-14,W0257,S2,B,28.0,0
OP115518,2025-05-31,W0344,S1,E,34.0,0
OP115519,2025-04-28,W0403,S2,A,40.0,1
OP115520,2025-06-20,W0270,S2,B,11.0,0
OP115521,2025-01-28,W0348,S1,D,42.0,0
OP115522,2025-01-05,W0191,S2,E,27.0,0
OP115529,2025-01-12,W0462,S2,A,4.0,0
OP115530,2025-01-26,W0001,S2,C,36.0,0
OP115531,2025-02-10,W0263,S2,C,23.0,0
OP115535,2025-04-13,W0269,S2,A,16.0,0
OP115537,2025-05-26,W0356,S2,C,18.0,1
OP115542,2025-03-13,W0342,S1,C,8.0,0
OP115545,2025-03-30,W0333,S2,E,29.0,0
OP115546,2025-05-03,W0193,S2,D,36.0,0
OP115547,2025-03-02,W0223,S2,C,24.0,0
OP115550,2025-01-15,W0232,S2,A,44.0,1
OP115553,2025-04-23,W0094,S2,A,34.0,0
OP115554,2025-06-01,W0432,S2,E,25.0,1
OP115555,2025-02-15,W0486,S2,A,47.0,0
OP115557,2025-05-21,W0226,S2,A,8.0,1
OP115559,2025-03-17,W0148,S2,B,8.0,0
OP115560,2025-06-06,W0453,S3,A,12.0,0
OP115561,2025-05-29,W0467,S3,D,18.0,0
OP115562,2025-04-23,W0410,S2,B,29.0,0
OP115563,2025-05-12,W0287,S1,E,33.0,0
OP115566,2025-03-11,W0029,S3,A,23.0,1
OP115569,2025-03-17,W0454,S2,D,3.0,0
OP115570,2025-06-12,W0219,S1,B,44.0,1
OP115572,2025-03-15,W0039,S2,D,33.0,0
OP115574,2025-01-16,W0056,S2,D,44.0,0
OP115575,2025-01-09,W0479,S3,A,37.0,0
OP115577,2025-02-27,W0266,S3,E,35.0,1
OP115580,2025-06-11,W0366,S1,D,4.0,0
OP115581,2025-02-06,W0012,S1,E,9.0,0
OP115586,2025-03-12,W0475,S2,E,37.0,0
OP115587,2025-04-18,W0266,S2,D,41.0,0
OP115589,2025-04-26,W0006,S2,E,30.0,0
OP115590,2025-02-23,W0127,S2,A,21.0,0
OP115594,2025-01-02,W0155,S2,A,13.0,0
OP115597,2025-06-28,W0469,S1,B,18.0,0
OP115599,2025-01-03,W0189,S1,E,3.0,0
OP115606,2025-04-13,W0102,S1,B,49.0,0
OP115608,2025-02-05,W0285,S1,C,17.0,0
OP115609,2025-06-15,W0446,S3,D,23.0,1
OP115610,2025-04-14,W0134,S3,B,42.0,0
OP115613,2025-01-31,W0341,S2,A,41.0,0
OP115616,2025-03-21,W0498,S1,B,26.0,0
OP115617,2025-02-26,W0323,S3,C,11.0,0
OP115618,2025-06-11,W0310,S3,E,26.0,0
OP115621,2025-01-07,W0003,S2,B,11.0,1
OP115622,2025-06-05,W0267,S2,C,4.0,1
OP115624,2025-02-14,W0465,S2,A,33.0,0
OP115627,2025-03-31,W0256,S2,A,12.0,0
OP115628,2025-05-20,W0481,S3,B,33.0,1
OP115629,2025-03-27,W0232,S3,A,43.0,0
OP115630,2025-02-24,W0124,S2,D,34.0,0
OP115632,2025-01-14,W0031,S2,D,29.0,0
OP115636,2025-06-07,W0049,S1,A,22.0,0
OP115637,2025-06-06,W0489,S2,A,2.0,1
OP115640,2025-04-11,W0293,S1,D,7.0,0
OP115642,2025-05-06,W0061,S2,D,40.0,0
OP115643,2025-06-07,W0143,S1,E,34.0,0
OP115644,2025-03-20,W0165,S2,B,3.0,0
OP115646,2025-03-25,W0051,S1,D,36.0,1
OP115650,2025-05-11,W0058,S3,B,48.0,0
OP115652,2025-01-26,W0471,S2,D,41.0,0
OP115653,2025-05-31,W0303,S3,D,23.0,0
OP115657,2025-03-19,W0098,S2,A,10.0,0
OP115659,2025-04-02,W0418,S1,C,31.0,1
OP115663,2025-05-08,W0205,S2,D,17.0,1
OP115665,2025-02-09,W0370,S1,A,37.0,0
OP115667,2025-06-07,W0418,S2,D,15.0,0
OP115672,2025-02-15,W0387,S2,B,10.0,1
OP115673,2025-01-31,W0418,S2,C,34.0,0
OP115677,2025-04-15,W0373,S3,A,5.0,0
OP115678,2025-03-12,W0228,S3,D,25.0,0
OP115683,2025-02-28,W0150,S1,C,18.0,0
OP115690,2025-01-31,W0321,S3,A,20.0,1
OP115693,2025-04-11,W0351,S1,C,25.0,0
OP115696,2025-04-01,W0433,S2,B,1.0,1
OP115697,2025-02-08,W0280,S3,C,33.0,0
OP115698,2025-02-13,W0081,S2,B,31.0,0
OP115703,2025-05-07,W0362,S2,D,26.0,0
OP115706,2025-02-10,W0365,S2,C,10.0,0
OP115708,2025-02-25,W0243,S3,A,10.0,0
OP115710,2025-03-20,W0203,S1,A,36.0,1
OP115711,2025-06-16,W0043,S2,A,22.0,0
OP115713,2025-01-17,W0404,S1,E,26.0,0
OP115714,2025-03-05,W0194,S3,E,10.0,1
OP115721,2025-01-29,W0429,S2,E,22.0,0
OP115722,2025-06-17,W0035,S2,C,9.0,0
OP115724,2025-02-16,W0310,S2,D,1.0,1
OP115728,2025-06-02,W0033,S1,C,1.0,0
OP115729,2025-01-25,W0032,S3,D,2.0,0
OP115734,2025-01-01,W0136,S3,E,25.0,0
OP115736,2025-04-21,W0117,S1,A,21.0,0
OP115737,2025-01-10,W0257,S3,B,16.0,0
OP115739,2025-02-21,W0253,S3,B,10.0,0
OP115746,2025-06-01,W0428,S3,C,31.0,0
OP115748,2025-06-24,W0280,S2,E,37.0,0
OP115752,2025-01-08,W0303,S1,B,42.0,0
OP115754,2025-03-31,W0188,S1,C,47.0,1
OP115756,2025-05-04,W0169,S1,B,44.0,0
OP115757,2025-06-04,W0298,S3,C,12.0,0
OP115758,2025-06-01,W0161,S3,E,34.0,0
OP115759,2025-01-14,W0481,S3,A,31.0,0
OP115760,2025-05-11,W0136,S1,A,9.0,1
OP115762,2025-06-02,W0396,S2,C,44.0,0
OP115765,2025-04-25,W0160,S3,C,16.0,0
OP115768,2025-02-17,W0446,S1,A,45.0,1
OP115769,2025-06-27,W0061,S3,D,24.0,0
OP115771,2025-04-09,W0259,S3,B,39.0,0
OP115773,2025-02-21,W0380,S3,D,42.0,0
OP115777,2025-01-16,W0046,S2,E,6.0,0
OP115781,2025-03-30,W0007,S1,B,39.0,1
OP115782,2025-02-10,W0430,S1,C,25.0,0
OP115784,2025-04-27,W0155,S1,B,47.0,0
OP115789,2025-04-20,W0281,S1,E,47.0,0
OP115790,2025-05-09,W0127,S1,E,9.0,0
OP115791,2025-02-14,W0229,S2,E,38.0,0
OP115795,2025-04-12,W0026,S2,C,35.0,0
OP115797,2025-04-10,W0176,S2,A,12.0,0
OP115798,2025-06-14,W0003,S3,C,28.0,1
OP115800,2025-01-30,W0055,S1,E,41.0,1
OP115802,2025-02-11,W0308,S1,A,23.0,0
OP115804,2025-02-03,W0326,S2,D,15.0,0
OP115806,2025-01-26,W0023,S1,A,18.0,0
OP115807,2025-06-07,W0244,S1,D,30.0,0
OP115809,2025-06-11,W0282,S3,D,11.0,1
OP115812,2025-03-27,W0256,S1,E,46.0,0
OP115814,2025-06-10,W0293,S1,C,33.0,0
OP115816,2025-04-29,W0484,S2,B,44.0,0
OP115817,2025-02-21,W0379,S1,D,17.0,0
OP115824,2025-02-05,W0305,S1,E,48.0,0
OP115826,2025-04-18,W0324,S2,A,25.0,0
OP115827,2025-01-12,W0460,S2,A,14.0,0
OP115829,2025-03-25,W0336,S2,C,9.0,0
OP115831,2025-05-09,W0110,S1,E,27.0,0
OP115841,2025-04-23,W0106,S1,C,19.0,1
OP115842,2025-01-23,W0269,S2,B,3.0,0
OP115843,2025-05-05,W0458,S2,C,23.0,0
OP115847,2025-02-12,W0008,S3,A,14.0,1
OP115848,2025-05-18,W0106,S2,A,12.0,1
OP115851,2025-06-04,W0148,S1,A,29.0,0
OP115853,2025-05-20,W0220,S2,D,24.0,0
OP115855,2025-06-07,W0449,S3,E,5.0,0
OP115856,2025-06-04,W0094,S2,E,31.0,0
OP115857,2025-05-18,W0455,S2,D,12.0,1
OP115862,2025-05-26,W0261,S3,B,24.0,1
OP115863,2025-04-28,W0481,S2,D,33.0,1
OP115864,2025-02-15,W0250,S3,A,10.0,0
OP115867,2025-06-12,W0500,S2,B,31.0,1
OP115868,2025-03-24,W0355,S2,E,24.0,0
OP115870,2025-02-07,W0149,S2,C,13.0,0
OP115879,2025-06-23,W0172,S3,A,15.0,0
OP115880,2025-02-08,W0266,S1,C,23.0,0
OP115883,2025-04-20,W0443,S1,B,1.0,1
OP115888,2025-03-28,W0272,S2,A,49.0,0
OP115889,2025-04-04,W0466,S2,D,43.0,0
OP115890,2025-04-17,W0221,S2,C,30.0,0
OP115891,2025-05-30,W0468,S3,D,34.0,0
OP115893,2025-03-20,W0473,S3,C,35.0,1
OP115894,2025-04-15,W0456,S2,C,5.0,1
OP115895,2025-05-28,W0283,S1,C,46.0,0
OP115897,2025-01-29,W0195,S2,B,11.0,1
OP115899,2025-02-05,W0493,S1,B,23.0,0
OP115906,2025-01-30,W0165,S1,C,37.0,0
OP115908,2025-02-04,W0008,S2,A,39.0,0
OP115909,2025-01-21,W0275,S3,A,38.0,0
OP115912,2025-04-16,W0130,S1,E,40.0,1
OP115913,2025-04-23,W0213,S2,C,10.0,0
OP115917,2025-04-15,W0420,S2,A,35.0,0
OP115920,2025-04-28,W0328,S2,A,46.0,0
OP115923,2025-05-01,W0104,S2,C,3.0,0
OP115926,2025-03-11,W0079,S2,D,45.0,0
OP115928,2025-04-01,W0443,S3,E,7.0,1
OP115929,2025-02-22,W0027,S2,D,9.0,0
OP115931,2025-01-07,W0417,S2,E,1.0,0
OP115934,2025-05-12,W0236,S2,A,20.0,0
OP115943,2025-01-01,W0403,S1,D,15.0,0
OP115946,2025-05-31,W0021,S1,D,39.0,0
OP115949,2025-03-02,W0222,S2,B,46.0,1
OP115951,2025-01-24,W0468,S1,C,45.0,0
OP115952,2025-03-21,W0054,S3,A,21.0,1
OP115953,2025-04-16,W0337,S1,C,20.0,1
OP115954,2025-03-22,W0452,S2,D,3.0,0
OP115955,2025-01-21,W0085,S2,A,36.0,0
OP115956,2025-02-22,W0156,S1,C,30.0,0
OP115961,2025-03-21,W0218,S2,E,49.0,0
OP115965,2025-05-24,W0233,S2,B,35.0,0
OP115966,2025-04-03,W0198,S2,C,17.0,0
OP115967,2025-03-03,W0214,S3,C,37.0,0
OP115968,2025-06-15,W0078,S3,E,22.0,0
OP115971,2025-01-17,W0271,S1,D,1.0,0
OP115974,2025-06-28,W0341,S2,B,42.0,1
OP115977,2025-03-19,W0182,S1,A,11.0,0
OP115978,2025-06-27,W0327,S2,A,46.0,0
OP115979,2025-04-11,W0226,S2,D,3.0,0
OP115980,2025-05-17,W0183,S2,A,37.0,0
OP115981,2025-04-22,W0085,S1,A,40.0,0
OP115983,2025-02-27,W0190,S1,B,32.0,0
OP115984,2025-02-17,W0456,S2,E,23.0,0
OP115987,2025-04-18,W0366,S2,C,7.0,0
OP115988,2025-04-07,W0442,S3,B,3.0,0
OP115990,2025-01-07,W0286,S1,E,22.0,0
OP115993,2025-05-29,W0195,S1,E,41.0,0
OP115994,2025-04-19,W0315,S1,E,16.0,1
OP115995,2025-05-12,W0030,S2,B,21.0,0
OP115997,2025-03-18,W0218,S2,E,33.0,1
OP115999,2025-03-24,W0085,S2,A,22.0,1
OP116000,2025-06-20,W0140,S1,B,8.0,0
OP116002,2025-01-24,W0237,S2,E,28.0,0
OP116005,2025-02-08,W0346,S1,C,46.0,1
OP116006,2025-03-29,W0089,S2,B,41.0,0
OP116010,2025-04-30,W0453,S3,B,33.0,1
OP116025,2025-06-06,W0156,S2,C,34.0,0
OP116026,2025-02-06,W0140,S1,A,9.0,0
OP116027,2025-04-09,W0409,S3,B,37.0,0
OP116028,2025-04-12,W0179,S2,C,34.0,0
OP116029,2025-03-22,W0497,S1,A,48.0,0
OP116031,2025-04-20,W0022,S2,A,22.0,0
OP116032,2025-06-28,W0094,S2,D,44.0,0
OP116033,2025-05-06,W0133,S2,E,13.0,1
OP116034,2025-06-16,W0473,S2,A,30.0,1
OP116036,2025-06-08,W0321,S2,E,7.0,1
OP116037,2025-03-02,W0382,S2,C,17.0,0
OP116039,2025-03-08,W0282,S3,E,1.0,1
OP116045,2025-01-01,W0177,S2,D,37.0,0
OP116046,2025-04-01,W0275,S1,D,25.0,0
OP116047,2025-05-26,W0164,S2,D,29.0,0
OP116048,2025-05-15,W0209,S2,A,20.0,1
OP116055,2025-02-07,W0372,S1,A,12.0,1
OP116057,2025-06-22,W0366,S2,B,17.0,0
OP116058,2025-05-07,W0338,S1,E,11.0,1
OP116059,2025-03-06,W0432,S1,D,26.0,0
OP116060,2025-02-26,W0333,S1,C,33.0,0
OP116064,2025-03-24,W0151,S2,E,9.0,0
OP116068,2025-05-01,W0009,S3,B,25.0,0
OP116071,2025-05-20,W0232,S3,D,9.0,0
OP116072,2025-02-22,W0171,S1,C,43.0,0
OP116073,2025-04-21,W0469,S2,D,15.0,0
OP116082,2025-04-19,W0450,S3,A,5.0,0
OP116086,2025-05-07,W0056,S1,B,7.0,0
OP116088,2025-05-07,W0485,S3,C,3.0,0
OP116090,2025-01-30,W0069,S2,D,49.0,1
OP116091,2025-04-21,W0279,S1,A,40.0,0
OP116093,2025-02-06,W0078,S1,A,48.0,1
OP116097,2025-06-26,W0058,S3,D,21.0,0
OP116099,2025-01-26,W0142,S2,A,12.0,0
OP116105,2025-02-04,W0024,S3,B,21.0,0
OP116106,2025-04-18,W0386,S2,C,10.0,0
OP116108,2025-06-29,W0062,S3,C,27.0,0
OP116109,2025-04-27,W0281,S2,B,7.0,0
OP116111,2025-03-22,W0028,S3,A,39.0,0
OP116115,2025-01-21,W0080,S2,C,24.0,0
OP116116,2025-02-21,W0050,S3,D,26.0,1
OP116117,2025-06-15,W0221,S3,A,25.0,0
OP116119,2025-04-22,W0056,S2,A,43.0,0
OP116120,2025-03-30,W0290,S1,C,26.0,1
OP116122,2025-05-04,W0040,S3,D,22.0,0
OP116124,2025-04-18,W0127,S2,E,4.0,0
OP116126,2025-02-13,W0367,S2,B,39.0,0
OP116133,2025-03-25,W0231,S3,A,1.0,0
OP116136,2025-05-09,W0092,S2,A,8.0,1
OP116137,2025-04-26,W0110,S2,D,5.0,0
OP116138,2025-03-24,W0061,S2,B,26.0,0
OP116142,2025-04-12,W0416,S2,E,24.0,0
OP116146,2025-02-25,W0353,S2,B,4.0,0
OP116148,2025-04-24,W0419,S1,D,20.0,0
OP116149,2025-05-14,W0135,S2,A,25.0,0
OP116150,2025-03-28,W0224,S2,D,22.0,0
OP116152,2025-04-03,W0250,S1,E,15.0,1
OP116155,2025-06-08,W0091,S2,B,39.0,0
OP116158,2025-05-25,W0061,S2,D,24.0,0
OP116161,2025-03-10,W0081,S2,B,41.0,1
OP116163,2025-01-24,W0393,S2,D,38.0,0
OP116168,2025-06-23,W0464,S2,E,12.0,0
OP116170,2025-06-29,W0473,S2,A,39.0,0
OP116172,2025-02-27,W0122,S2,D,6.0,1
OP116173,2025-03-17,W0165,S1,D,47.0,0
OP116174,2025-04-08,W0075,S1,A,35.0,0
OP116175,2025-03-24,W0067,S2,C,26.0,1
OP116176,2025-02-04,W0445,S2,D,43.0,1
OP116180,2025-05-12,W0133,S3,E,7.0,0
OP116182,2025-06-20,W0280,S2,D,3.0,0
OP116183,2025-01-06,W0254,S3,E,38.0,0
OP116185,2025-01-02,W0382,S2,D,44.0,0
OP116189,2025-02-07,W0239,S2,B,39.0,0
OP116190,2025-06-11,W0367,S3,B,38.0,0
OP116193,2025-06-19,W0035,S1,C,5.0,0
OP116199,2025-02-22,W0223,S2,D,35.0,0
OP116203,2025-06-17,W0233,S3,C,31.0,0
OP116204,2025-03-02,W0193,S1,A,13.0,0
OP116206,2025-06-04,W0056,S3,E,18.0,1
OP116207,2025-03-15,W0476,S1,D,11.0,0
OP116208,2025-04-28,W0059,S3,E,9.0,0
OP116209,2025-03-27,W0419,S2,D,4.0,0
OP116210,2025-05-25,W0073,S3,B,49.0,0
OP116217,2025-02-08,W0369,S3,B,6.0,0
OP116219,2025-06-24,W0037,S2,D,48.0,0
OP116220,2025-05-17,W0249,S2,E,4.0,0
OP116223,2025-02-07,W0459,S1,D,27.0,1
OP116225,2025-02-21,W0038,S3,A,23.0,0
OP116227,2025-05-20,W0195,S3,C,31.0,0
OP116228,2025-01-01,W0485,S1,D,25.0,0
OP116230,2025-01-19,W0390,S1,A,18.0,0
OP116231,2025-05-16,W0038,S2,C,30.0,1
OP116232,2025-05-29,W0170,S3,D,7.0,0
OP116233,2025-05-12,W0010,S2,C,39.0,0
OP116237,2025-05-26,W0088,S2,C,28.0,0
OP116238,2025-02-26,W0356,S1,D,47.0,0
OP116239,2025-04-01,W0301,S1,D,33.0,0
OP116240,2025-06-20,W0396,S1,C,31.0,0
OP116241,2025-04-26,W0393,S2,C,37.0,0
OP116242,2025-06-17,W0421,S1,B,11.0,0
OP116245,2025-03-16,W0147,S2,E,12.0,1
OP116247,2025-05-22,W0450,S3,C,5.0,1
OP116253,2025-03-15,W0327,S2,D,40.0,0
OP116254,2025-04-16,W0012,S1,A,3.0,0
OP116255,2025-03-21,W0208,S2,A,22.0,1
OP116256,2025-01-16,W0447,S3,D,21.0,0
OP116260,2025-05-03,W0497,S3,E,33.0,0
OP116261,2025-02-27,W0430,S2,E,2.0,0
OP116262,2025-06-26,W0211,S2,C,47.0,0
OP116263,2025-04-30,W0171,S3,B,39.0,0
OP116265,2025-06-25,W0356,S3,C,11.0,0
OP116268,2025-01-25,W0230,S2,D,21.0,0
OP116272,2025-06-28,W0075,S2,C,46.0,0
OP116273,2025-02-28,W0265,S3,E,44.0,0
OP116275,2025-05-22,W0105,S2,B,20.0,0
OP116280,2025-06-28,W0059,S2,D,18.0,1
OP116281,2025-04-20,W0484,S2,A,4.0,1
OP116284,2025-03-24,W0297,S2,A,7.0,1
OP116287,2025-05-17,W0264,S3,D,7.0,1
OP116288,2025-01-05,W0262,S3,A,37.0,0
OP116289,2025-03-01,W0171,S1,B,2.0,0
OP116290,2025-01-08,W0360,S2,D,1.0,0
OP116293,2025-01-24,W0113,S3,C,38.0,0
OP116294,2025-01-18,W0091,S2,A,27.0,0
OP116295,2025-02-02,W0371,S3,D,7.0,0
OP116296,2025-03-25,W0395,S2,A,36.0,0
OP116297,2025-03-10,W0473,S1,D,42.0,0
OP116300,2025-02-24,W0013,S3,E,43.0,1
OP116302,2025-06-07,W0038,S3,C,27.0,1
OP116304,2025-03-27,W0308,S3,E,10.0,0
OP116305,2025-05-20,W0355,S3,E,1.0,1
OP116306,2025-06-19,W0178,S2,E,45.0,1
OP116308,2025-02-14,W0458,S3,C,42.0,0
OP116309,2025-03-04,W0474,S1,B,24.0,0
OP116310,2025-06-18,W0377,S2,C,1.0,0
OP116312,2025-06-28,W0223,S1,B,36.0,0
OP116315,2025-05-05,W0164,S2,A,34.0,0
OP116317,2025-04-26,W0331,S1,D,31.0,0
OP116319,2025-02-25,W0081,S2,E,38.0,1
OP116321,2025-04-06,W0215,S1,A,41.0,0
OP116322,2025-04-21,W0397,S3,E,10.0,1
OP116323,2025-02-08,W0093,S3,C,47.0,1
OP116324,2025-02-27,W0431,S3,A,5.0,0
OP116330,2025-06-05,W0232,S3,C,22.0,0
OP116333,2025-06-24,W0436,S1,D,49.0,1
OP116338,2025-03-18,W0072,S2,B,16.0,0
OP116339,2025-06-26,W0097,S3,E,30.0,0
OP116340,2025-04-21,W0065,S2,A,3.0,0
OP116342,2025-03-14,W0498,S2,A,2.0,1
OP116344,2025-02-01,W0239,S1,E,27.0,1
OP116348,2025-03-22,W0242,S2,C,27.0,0
OP116349,2025-02-01,W0396,S3,C,13.0,0
OP116353,2025-06-16,W0397,S2,C,43.0,0
OP116356,2025-05-09,W0112,S3,A,22.0,0
OP116360,2025-06-08,W0495,S2,C,20.0,0
OP116361,2025-03-31,W0260,S3,C,38.0,1
OP116363,2025-03-19,W0321,S2,B,21.0,0
OP116365,2025-05-17,W0371,S1,C,12.0,1
OP116367,2025-06-25,W0484,S3,E,33.0,0
OP116372,2025-03-02,W0023,S2,A,21.0,0
OP116375,2025-06-29,W0391,S2,E,49.0,1
OP116376,2025-04-29,W0310,S2,D,20.0,0
OP116377,2025-03-15,W0059,S2,E,21.0,1
OP116379,2025-01-29,W0004,S3,E,44.0,0
OP116380,2025-03-04,W0317,S3,A,7.0,0
OP116381,2025-02-28,W0228,S2,E,40.0,0
OP116382,2025-02-08,W0110,S3,C,1.0,0
OP116383,2025-05-16,W0165,S1,B,2.0,0
OP116385,2025-03-22,W0170,S2,E,49.0,0
OP116386,2025-02-20,W0089,S3,C,31.0,1
OP116388,2025-05-25,W0297,S3,A,11.0,1
OP116389,2025-05-09,W0297,S3,B,21.0,1
OP116394,2025-03-16,W0261,S1,C,15.0,0
OP116397,2025-03-12,W0301,S2,C,2.0,0
OP116398,2025-05-31,W0148,S1,D,48.0,0
OP116400,2025-05-09,W0202,S2,C,47.0,0
OP116402,2025-04-05,W0250,S2,A,19.0,0
OP116403,2025-05-22,W0127,S3,C,29.0,0
OP116405,2025-04-04,W0306,S3,A,23.0,0
OP116408,2025-03-19,W0440,S1,A,5.0,0
OP116410,2025-03-21,W0117,S2,C,22.0,0
OP116412,2025-05-12,W0178,S2,E,7.0,1
OP116413,2025-03-23,W0321,S2,B,46.0,1
OP116418,2025-03-29,W0340,S3,E,3.0,0
OP116419,2025-04-13,W0439,S1,C,27.0,0
OP116420,2025-01-19,W0269,S2,B,3.0,1
OP116422,2025-02-21,W0299,S2,A,20.0,0
OP116423,2025-01-06,W0236,S2,D,40.0,0
OP116424,2025-03-04,W0184,S2,E,29.0,0
OP116426,2025-01-24,W0347,S1,B,48.0,1
OP116427,2025-05-12,W0235,S1,A,22.0,0
OP116431,2025-05-31,W0344,S2,D,23.0,0
OP116434,2025-06-28,W0131,S1,D,29.0,0
OP116435,2025-02-23,W0193,S3,D,3.0,1
OP116438,2025-04-03,W0176,S3,E,25.0,1
OP116443,2025-05-28,W0087,S1,A,7.0,1
OP116444,2025-02-17,W0364,S2,C,3.0,1
OP116446,2025-06-02,W0246,S3,E,45.0,0
OP116448,2025-03-12,W0271,S3,A,10.0,1
OP116450,2025-04-10,W0224,S2,A,25.0,0
OP116453,2025-05-23,W0009,S1,A,44.0,0
OP116454,2025-04-04,W0336,S1,B,5.0,0
OP116459,2025-05-22,W0194,S2,D,19.0,0
OP116460,2025-06-16,W0211,S3,E,23.0,0
OP116462,2025-02-14,W0385,S3,C,14.0,1
OP116463,2025-04-19,W0011,S2,D,38.0,0
OP116464,2025-01-09,W0279,S2,B,26.0,1
OP116469,2025-01-08,W0277,S1,A,6.0,0
OP116473,2025-06-09,W0460,S1,D,4.0,0
OP116474,2025-02-25,W0225,S1,B,39.0,0
OP116475,2025-06-18,W0207,S1,D,18.0,0
OP116479,2025-03-18,W0137,S1,E,32.0,0
OP116481,2025-05-30,W0095,S3,E,24.0,0
OP116483,2025-03-09,W0447,S2,C,28.0,0
OP116484,2025-02-10,W0393,S2,D,6.0,1
OP116486,2025-03-04,W0381,S3,C,5.0,0
OP116491,2025-06-06,W0010,S1,B,44.0,0
OP116494,2025-02-04,W0394,S2,C,10.0,0
OP116495,2025-02-01,W0155,S2,D,44.0,0
OP116496,2025-03-29,W0204,S1,B,44.0,0
OP116497,2025-06-24,W0469,S3,A,49.0,0
OP116500,2025-02-18,W0282,S3,B,2.0,0
OP116501,2025-06-29,W0436,S2,E,39.0,0
OP116503,2025-01-25,W0042,S2,E,3.0,0
OP116504,2025-06-22,W0436,S2,C,32.0,0
OP116506,2025-03-16,W0410,S2,D,46.0,0
OP116507,2025-05-12,W0280,S3,E,30.0,0
OP116511,2025-02-08,W0054,S2,B,48.0,0
OP116520,2025-01-09,W0238,S2,C,20.0,1
OP116521,2025-05-15,W0022,S3,E,49.0,0
OP116522,2025-02-01,W0025,S2,E,1.0,1
OP116523,2025-03-21,W0215,S1,B,13.0,0
OP116524,2025-01-09,W0280,S1,E,42.0,0
OP116525,2025-02-19,W0339,S3,A,23.0,0
OP116527,2025-02-26,W0417,S2,A,44.0,0
OP116530,2025-03-06,W0429,S2,C,39.0,0
OP116532,2025-02-20,W0384,S1,A,43.0,0
OP116533,2025-05-18,W0402,S2,A,20.0,0
OP116540,2025-05-13,W0261,S3,A,4.0,0
OP116542,2025-04-22,W0299,S2,E,17.0,0
OP116546,2025-03-05,W0373,S2,A,26.0,0
OP116550,2025-02-16,W0060,S1,A,1.0,0
OP116551,2025-01-10,W0292,S2,C,43.0,0
OP116553,2025-01-27,W0236,S1,B,44.0,0
OP116555,2025-03-17,W0430,S1,A,25.0,0
OP116557,2025-05-06,W0447,S2,E,18.0,0
OP116564,2025-01-23,W0101,S2,E,4.0,0
OP116566,2025-04-15,W0447,S1,C,6.0,0
OP116567,2025-04-08,W0148,S1,B,1.0,0
OP116569,2025-04-23,W0426,S3,C,37.0,0
OP116577,2025-04-19,W0456,S1,A,46.0,0
OP116581,2025-03-18,W0339,S3,E,48.0,0
OP116583,2025-02-17,W0185,S3,C,2.0,1
OP116584,2025-06-04,W0272,S3,A,6.0,0
OP116586,2025-06-03,W0264,S2,C,18.0,0
OP116588,2025-02-19,W0410,S2,B,20.0,0
OP116590,2025-06-21,W0073,S3,C,15.0,0
OP116591,2025-02-11,W0109,S2,C,15.0,1
OP116593,2025-06-22,W0109,S3,D,38.0,1
OP116596,2025-01-30,W0341,S2,A,22.0,0
OP116597,2025-01-29,W0061,S3,C,32.0,0
OP116598,2025-04-05,W0266,S1,E,48.0,1
OP116600,2025-01-29,W0180,S2,D,17.0,1
OP116602,2025-06-19,W0353,S2,B,8.0,0
OP116603,2025-06-26,W0337,S1,C,9.0,0
OP116604,2025-04-24,W0185,S1,C,38.0,1
OP116605,2025-04-14,W0365,S3,B,12.0,0
OP116607,2025-01-11,W0073,S1,D,3.0,0
OP116611,2025-02-27,W0165,S3,A,13.0,0
OP116612,2025-06-28,W0333,S2,D,32.0,1
OP116615,2025-04-09,W0056,S2,A,5.0,1
OP116619,2025-01-15,W0228,S2,A,47.0,0
OP116623,2025-05-12,W0017,S3,A,15.0,0
OP116624,2025-05-15,W0398,S1,B,9.0,0
OP116625,2025-06-22,W0125,S3,C,25.0,0
OP116626,2025-03-06,W0001,S1,D,26.0,0
OP116627,2025-02-22,W0021,S1,E,13.0,0
OP116629,2025-03-25,W0374,S2,E,3.0,0
OP116630,2025-02-05,W0418,S1,A,12.0,0
OP116631,2025-02-20,W0232,S3,B,49.0,1
OP116632,2025-01-10,W0179,S2,E,32.0,1
OP116635,2025-04-24,W0478,S3,D,10.0,0
OP116636,2025-06-17,W0283,S2,C,10.0,0
OP116637,2025-03-24,W0180,S2,D,31.0,0
OP116640,2025-06-18,W0149,S2,D,6.0,1
OP116642,2025-04-02,W0486,S2,B,22.0,1
OP116643,2025-04-20,W0047,S1,E,34.0,1
OP116645,2025-04-07,W0204,S3,D,9.0,0
OP116646,2025-04-29,W0148,S2,D,30.0,0
OP116649,2025-02-16,W0283,S1,A,10.0,0
OP116650,2025-05-15,W0305,S2,E,29.0,1
OP116651,2025-06-17,W0100,S2,D,28.0,0
OP116654,2025-01-05,W0082,S3,C,21.0,0
OP116655,2025-03-31,W0012,S1,A,47.0,0
OP116656,2025-03-08,W0343,S1,E,49.0,0
OP116658,2025-03-02,W0092,S2,E,18.0,0
OP116660,2025-02-25,W0362,S3,E,37.0,0
OP116666,2025-01-15,W0081,S1,E,23.0,1
OP116667,2025-01-09,W0215,S3,B,48.0,0
OP116669,2025-03-02,W0272,S2,A,18.0,0
OP116670,2025-06-12,W0081,S2,B,44.0,0
OP116677,2025-01-04,W0332,S2,C,28.0,0
OP116679,2025-04-22,W0471,S2,E,21.0,0
OP116680,2025-05-27,W0159,S3,D,42.0,1
OP116681,2025-04-24,W0103,S3,E,27.0,0
OP116682,2025-02-15,W0071,S2,C,31.0,0
OP116690,2025-05-22,W0050,S3,A,48.0,0
OP116693,2025-03-26,W0079,S2,B,11.0,0
OP116694,2025-05-24,W0009,S2,C,41.0,0
OP116696,2025-01-19,W0370,S1,E,49.0,1
OP116700,2025-04-12,W0120,S2,C,22.0,0
OP116703,2025-03-10,W0384,S2,D,1.0,0
OP116704,2025-04-12,W0211,S2,A,4.0,0
OP116705,2025-01-28,W0128,S3,A,11.0,1
OP116709,2025-06-18,W0012,S3,C,36.0,0
OP116710,2025-01-17,W0037,S2,C,13.0,0
OP116712,2025-03-09,W0241,S2,D,4.0,0
OP116716,2025-05-19,W0194,S2,E,39.0,1
OP116717,2025-02-02,W0061,S2,A,7.0,0
OP116720,2025-04-03,W0358,S3,B,27.0,0
OP116721,2025-02-12,W0415,S2,A,15.0,0
OP116724,2025-04-10,W0373,S1,B,18.0,0
OP116727,2025-02-10,W0250,S1,E,6.0,1
OP116731,2025-01-06,W0281,S2,E,18.0,1
OP116733,2025-02-22,W0465,S2,B,5.0,0
OP116736,2025-04-26,W0237,S2,E,35.0,0
OP116738,2025-01-16,W0133,S3,D,23.0,0
OP116740,2025-01-17,W0364,S2,B,16.0,0
OP116742,2025-01-04,W0269,S1,C,41.0,0
OP116744,2025-03-08,W0357,S1,C,45.0,0
OP116745,2025-04-26,W0182,S3,E,39.0,0
OP116747,2025-04-11,W0430,S2,A,33.0,0
OP116749,2025-05-16,W0288,S2,A,6.0,0
OP116755,2025-05-28,W0481,S2,A,29.0,0
OP116757,2025-03-29,W0473,S3,B,25.0,0
OP116758,2025-06-02,W0035,S2,E,9.0,0
OP116761,2025-06-04,W0058,S2,A,43.0,0
OP116764,2025-02-21,W0405,S3,A,23.0,1
OP116767,2025-06-06,W0384,S2,B,47.0,0
OP116768,2025-06-21,W0124,S2,B,43.0,0
OP116769,2025-04-16,W0255,S1,A,12.0,0
OP116772,2025-06-23,W0409,S2,A,31.0,0
OP116773,2025-04-19,W0153,S2,A,17.0,0
OP116775,2025-03-17,W0021,S2,A,3.0,0
OP116777,2025-01-16,W0097,S2,C,21.0,0
OP116783,2025-06-22,W0200,S2,E,29.0,1
OP116784,2025-03-11,W0134,S3,E,49.0,0
OP116788,2025-06-21,W0406,S2,E,16.0,0
OP116791,2025-06-04,W0321,S1,E,22.0,0
OP116792,2025-02-16,W0290,S2,A,31.0,0
OP116793,2025-03-09,W0366,S3,B,12.0,0
OP116794,2025-01-02,W0264,S2,C,47.0,0
OP116795,2025-03-26,W0177,S3,B,40.0,0
OP116801,2025-05-28,W0089,S3,B,21.0,1
OP116802,2025-06-03,W0067,S2,C,24.0,0
OP116805,2025-05-24,W0403,S2,E,34.0,0
OP116807,2025-04-29,W0497,S1,D,39.0,0
OP116809,2025-04-28,W0004,S1,A,47.0,1
OP116810,2025-02-26,W0060,S3,A,49.0,0
OP116813,2025-01-13,W0266,S2,B,21.0,1
OP116815,2025-01-06,W0105,S3,C,26.0,0
OP116817,2025-01-23,W0325,S1,B,36.0,0
OP116819,2025-04-03,W0231,S1,E,44.0,0
OP116820,2025-05-26,W0316,S3,A,39.0,0
OP116821,2025-06-06,W0452,S2,E,25.0,0
OP116823,2025-01-15,W0243,S2,A,19.0,1
OP116825,2025-01-30,W0049,S2,D,11.0,0
OP116827,2025-01-17,W0168,S2,C,30.0,1
OP116830,2025-05-31,W0358,S2,B,42.0,0
OP116832,2025-04-22,W0071,S3,C,10.0,0
OP116833,2025-01-14,W0441,S2,C,40.0,0
OP116834,2025-02-28,W0491,S3,D,8.0,0
OP116837,2025-01-02,W0228,S1,E,9.0,0
OP116838,2025-03-06,W0226,S2,E,19.0,0
OP116839,2025-02-23,W0366,S2,C,28.0,0
OP116841,2025-06-24,W0320,S1,D,37.0,1
OP116842,2025-05-06,W0142,S1,C,33.0,0
OP116845,2025-04-17,W0249,S2,D,39.0,1
OP116846,2025-03-02,W0075,S3,B,26.0,1
OP116848,2025-06-05,W0079,S2,E,31.0,0
OP116854,2025-05-25,W0177,S2,E,39.0,0
OP116856,2025-03-16,W0496,S3,E,15.0,1
OP116858,2025-03-11,W0001,S2,A,41.0,0
OP116861,2025-06-26,W0130,S3,D,30.0,1
OP116862,2025-03-06,W0135,S2,C,9.0,0
OP116864,2025-03-12,W0003,S3,A,30.0,1
OP116870,2025-01-17,W0390,S2,B,48.0,1
OP116876,2025-02-23,W0179,S2,E,24.0,1
OP116877,2025-01-05,W0280,S3,C,14.0,0
OP116880,2025-02-01,W0124,S3,B,24.0,0
OP116882,2025-03-17,W0131,S2,E,20.0,0
OP116884,2025-06-21,W0148,S3,C,23.0,0
OP116888,2025-01-16,W0244,S3,E,48.0,0
OP116890,2025-01-06,W0286,S3,D,27.0,0
OP116891,2025-01-29,W0094,S2,E,11.0,0
OP116892,2025-04-14,W0240,S2,C,28.0,0
OP116896,2025-06-14,W0395,S2,C,43.0,0
OP116900,2025-01-01,W0203,S1,E,27.0,0
OP116906,2025-03-25,W0348,S1,D,44.0,0
OP116907,2025-05-31,W0138,S3,C,26.0,0
OP116908,2025-06-04,W0206,S1,D,33.0,0
OP116914,2025-05-03,W0031,S2,D,36.0,0
OP116918,2025-01-15,W0064,S2,C,21.0,0
OP116920,2025-04-08,W0042,S3,C,17.0,1
OP116925,2025-06-26,W0110,S2,C,41.0,0
OP116926,2025-04-12,W0010,S2,B,17.0,0
OP116931,2025-02-09,W0048,S1,A,1.0,0
OP116932,2025-05-04,W0345,S3,E,14.0,0
OP116936,2025-04-07,W0282,S1,D,5.0,0
OP116938,2025-02-28,W0317,S2,B,44.0,0
OP116940,2025-04-22,W0290,S2,A,6.0,0
OP116941,2025-03-24,W0348,S1,A,34.0,1
OP116943,2025-06-03,W0078,S2,C,19.0,0
OP116946,2025-04-20,W0009,S2,E,11.0,0
OP116948,2025-06-26,W0214,S2,D,5.0,0
OP116950,2025-04-19,W0030,S2,B,37.0,0
OP116951,2025-01-10,W0305,S3,B,39.0,1
OP116954,2025-04-02,W0132,S2,B,45.0,0
OP116957,2025-05-26,W0359,S2,D,22.0,1
OP116960,2025-03-26,W0407,S2,E,15.0,1
OP116961,2025-05-24,W0233,S1,E,43.0,1
OP116964,2025-06-06,W0265,S1,C,43.0,0
OP116965,2025-04-17,W0416,S1,E,3.0,1
OP116967,2025-02-09,W0376,S1,A,12.0,1
OP116968,2025-03-15,W0362,S1,C,18.0,1
OP116969,2025-05-31,W0187,S1,A,18.0,0
OP116972,2025-02-22,W0107,S3,A,2.0,0
OP116975,2025-06-02,W0192,S2,A,7.0,0
OP116983,2025-02-03,W0037,S2,A,9.0,0
OP116984,2025-05-15,W0199,S2,E,1.0,1
OP116985,2025-03-15,W0273,S2,C,39.0,0
OP116987,2025-04-10,W0274,S2,D,9.0,0
OP116988,2025-04-12,W0166,S3,E,48.0,0
OP116989,2025-05-27,W0354,S1,D,15.0,0
OP116990,2025-04-26,W0029,S2,D,26.0,0
OP116991,2025-03-28,W0434,S3,C,39.0,0
OP116993,2025-02-13,W0482,S2,D,9.0,0
OP116995,2025-03-29,W0067,S3,A,15.0,0
OP116996,2025-02-03,W0260,S2,E,21.0,0
OP116998,2025-04-14,W0208,S1,A,31.0,0
OP117004,2025-03-26,W0299,S3,E,7.0,0
OP117005,2025-02-22,W0438,S1,C,3.0,0
OP117008,2025-02-20,W0292,S3,E,38.0,0
OP117010,2025-06-01,W0436,S1,E,34.0,0
OP117013,2025-06-22,W0329,S3,D,5.0,0
OP117016,2025-04-21,W0153,S2,D,43.0,0
OP117017,2025-04-05,W0472,S2,D,42.0,0
OP117020,2025-01-19,W0442,S2,B,49.0,0
OP117021,2025-04-12,W0287,S2,C,39.0,1
OP117022,2025-01-15,W0300,S2,D,3.0,0
OP117024,2025-05-11,W0295,S3,E,48.0,1
OP117025,2025-05-13,W0460,S1,E,12.0,0
OP117028,2025-04-02,W0234,S2,E,45.0,0
OP117029,2025-01-24,W0343,S2,B,17.0,0
OP117030,2025-01-07,W0260,S1,E,22.0,0
OP117032,2025-04-13,W0001,S2,A,19.0,1
OP117039,2025-03-08,W0469,S1,A,42.0,0
OP117040,2025-03-22,W0093,S1,A,40.0,0
OP117042,2025-04-30,W0221,S3,E,47.0,0
OP117043,2025-04-28,W0126,S3,D,21.0,0
OP117045,2025-02-08,W0389,S3,C,28.0,0
OP117046,2025-05-20,W0031,S1,C,47.0,0
OP117047,2025-05-13,W0244,S3,E,20.0,0
OP117049,2025-01-03,W0142,S3,C,3.0,0
OP117053,2025-05-09,W0408,S1,B,44.0,0
OP117056,2025-02-25,W0076,S1,C,24.0,0
OP117057,2025-02-26,W0440,S1,C,37.0,0
OP117058,2025-06-23,W0106,S2,A,23.0,1
OP117060,2025-01-03,W0282,S1,B,28.0,0
OP117061,2025-01-30,W0394,S1,C,29.0,0
OP117067,2025-01-31,W0154,S2,E,33.0,0
OP117069,2025-01-13,W0407,S3,D,19.0,0
OP117071,2025-02-12,W0093,S1,B,40.0,0
OP117072,2025-05-11,W0083,S3,A,18.0,1
OP117073,2025-04-18,W0190,S3,E,15.0,0
OP117080,2025-06-20,W0181,S2,A,30.0,0
OP117082,2025-01-28,W0255,S2,E,35.0,1
OP117083,2025-01-09,W0179,S2,E,28.0,1
OP117084,2025-02-05,W0242,S3,A,28.0,0
OP117086,2025-03-01,W0041,S3,B,45.0,0
OP117087,2025-01-22,W0326,S2,E,19.0,1
OP117092,2025-01-08,W0067,S2,A,25.0,0
OP117094,2025-05-26,W0333,S3,C,10.0,1
OP117099,2025-06-25,W0304,S2,B,40.0,0
OP117102,2025-05-09,W0114,S2,D,21.0,1
OP117107,2025-06-05,W0334,S1,A,25.0,0
OP117109,2025-03-16,W0479,S2,B,27.0,1
OP117111,2025-06-25,W0129,S2,C,32.0,0
OP117112,2025-03-11,W0019,S2,B,31.0,1
OP117115,2025-05-30,W0197,S3,E,38.0,0
OP117118,2025-02-17,W0200,S3,D,44.0,1
OP117119,2025-06-09,W0275,S1,E,3.0,1
OP117121,2025-02-21,W0243,S1,D,30.0,1
OP117122,2025-02-08,W0229,S3,E,5.0,1
OP117123,2025-02-10,W0097,S3,C,33.0,1
OP117125,2025-05-01,W0050,S1,C,10.0,1
OP117128,2025-04-29,W0478,S3,A,10.0,0
OP117137,2025-02-23,W0255,S1,C,10.0,1
OP117139,2025-04-22,W0119,S2,C,26.0,0
OP117140,2025-02-17,W0459,S2,A,33.0,1
OP117141,2025-02-24,W0205,S1,D,37.0,0
OP117148,2025-01-03,W0319,S1,E,7.0,0
OP117152,2025-02-12,W0470,S1,A,1.0,0
OP117153,2025-03-26,W0286,S2,D,40.0,0
OP117154,2025-05-11,W0071,S1,D,19.0,0
OP117155,2025-02-20,W0314,S1,E,37.0,0
OP117158,2025-02-11,W0450,S3,D,10.0,0
OP117159,2025-04-24,W0381,S1,C,8.0,0
OP117160,2025-06-08,W0240,S3,D,30.0,1
OP117161,2025-06-21,W0357,S2,A,2.0,0
OP117164,2025-05-30,W0019,S2,D,24.0,1
OP117167,2025-05-08,W0162,S3,C,24.0,1
OP117168,2025-06-13,W0092,S2,A,46.0,0
OP117171,2025-06-12,W0119,S1,B,35.0,0
OP117173,2025-03-15,W0186,S1,E,34.0,1
OP117177,2025-06-02,W0258,S2,D,19.0,1
OP117178,2025-03-28,W0478,S2,B,34.0,0
OP117185,2025-03-01,W0410,S2,B,49.0,1
OP117186,2025-01-13,W0273,S2,E,43.0,0
OP117187,2025-01-05,W0231,S1,C,8.0,0
OP117188,2025-05-19,W0403,S2,D,34.0,1
OP117191,2025-05-17,W0075,S2,C,11.0,0
OP117192,2025-02-23,W0238,S1,A,2.0,0
OP117193,2025-01-13,W0233,S3,C,44.0,0
OP117197,2025-01-22,W0385,S2,E,24.0,0
OP117199,2025-01-06,W0465,S1,D,49.0,0
OP117200,2025-04-29,W0091,S2,B,12.0,1
OP117201,2025-05-21,W0447,S2,C,46.0,0
OP117202,2025-01-16,W0391,S2,E,38.0,0
OP117205,2025-03-12,W0410,S3,B,13.0,0
OP117206,2025-01-28,W0263,S2,A,12.0,1
OP117207,2025-05-02,W0242,S3,A,44.0,0
OP117208,2025-05-23,W0392,S2,B,10.0,0
OP117210,2025-06-25,W0477,S2,D,17.0,1
OP117211,2025-02-01,W0415,S3,C,30.0,0
OP117214,2025-01-05,W0085,S2,E,44.0,1
OP117220,2025-01-08,W0036,S1,A,19.0,0
OP117221,2025-04-16,W0206,S1,C,37.0,0
OP117224,2025-03-19,W0156,S2,B,27.0,0
OP117225,2025-01-27,W0306,S2,B,49.0,0
OP117226,2025-01-22,W0348,S2,A,16.0,0
OP117227,2025-01-19,W0475,S3,D,7.0,1
OP117228,2025-02-28,W0191,S3,A,43.0,0
OP117232,2025-05-20,W0484,S3,D,24.0,0
OP117233,2025-02-04,W0390,S3,E,44.0,0
OP117234,2025-03-31,W0461,S2,D,3.0,0
OP117235,2025-05-03,W0414,S2,E,34.0,0
OP117237,2025-03-08,W0310,S3,B,15.0,1
OP117239,2025-04-16,W0086,S2,C,12.0,0
OP117241,2025-01-09,W0266,S1,E,42.0,1
OP117242,2025-05-05,W0051,S1,A,48.0,0
OP117243,2025-05-15,W0124,S2,B,9.0,1
OP117256,2025-02-17,W0474,S3,D,6.0,1
OP117258,2025-03-18,W0150,S2,C,17.0,0
OP117259,2025-06-29,W0381,S3,A,24.0,0
OP117261,2025-05-09,W0322,S2,D,33.0,0
OP117262,2025-01-26,W0137,S2,C,39.0,0
OP117263,2025-03-10,W0462,S2,C,32.0,0
OP117264,2025-06-16,W0223,S1,A,20.0,1
OP117265,2025-05-20,W0403,S1,C,15.0,0
OP117269,2025-01-08,W0270,S2,A,4.0,0
OP117270,2025-04-22,W0401,S2,D,31.0,1
OP117279,2025-05-18,W0493,S2,D,33.0,1
OP117281,2025-02-28,W0208,S3,E,45.0,0
OP117283,2025-04-27,W0484,S1,B,41.0,0
OP117285,2025-01-05,W0294,S2,B,3.0,0
OP117286,2025-06-05,W0200,S2,A,25.0,0
OP117290,2025-01-17,W0406,S3,A,10.0,0
OP117293,2025-01-09,W0220,S2,E,24.0,0
OP117294,2025-06-24,W0112,S2,A,36.0,0
OP117296,2025-02-03,W0308,S1,A,38.0,0
OP117301,2025-04-15,W0116,S3,B,16.0,0
OP117305,2025-01-07,W0272,S1,E,27.0,1
OP117306,2025-01-29,W0060,S1,C,8.0,0
OP117320,2025-04-28,W0257,S3,C,13.0,1
OP117321,2025-01-26,W0204,S2,E,17.0,0
OP117322,2025-05-15,W0187,S1,A,30.0,0
OP117324,2025-05-04,W0350,S2,E,10.0,0
OP117327,2025-03-15,W0296,S2,C,20.0,0
OP117329,2025-02-23,W0253,S2,A,36.0,0
OP117333,2025-04-23,W0392,S3,B,12.0,0
OP117335,2025-05-03,W0158,S2,E,16.0,1
OP117336,2025-02-10,W0261,S2,C,28.0,1
OP117337,2025-06-09,W0012,S2,C,12.0,0
OP117338,2025-01-17,W0176,S2,B,15.0,1
OP117339,2025-01-31,W0273,S3,B,31.0,0
OP117340,2025-05-24,W0438,S2,D,12.0,0
OP117341,2025-04-23,W0057,S2,E,26.0,0
OP117343,2025-06-29,W0054,S2,D,45.0,0
OP117349,2025-04-13,W0082,S2,C,39.0,0
OP117351,2025-01-23,W0281,S2,E,22.0,0
OP117352,2025-02-23,W0026,S1,B,29.0,1
OP117358,2025-04-26,W0297,S2,B,30.0,1
OP117360,2025-04-23,W0132,S2,E,31.0,0
OP117361,2025-05-23,W0361,S2,C,6.0,0
OP117363,2025-01-19,W0403,S1,A,5.0,1
OP117366,2025-01-09,W0295,S1,E,44.0,0
OP117367,2025-03-13,W0009,S2,D,38.0,0
OP117368,2025-04-17,W0411,S3,A,7.0,0
OP117369,2025-05-23,W0460,S2,B,14.0,1
OP117373,2025-06-14,W0114,S1,C,29.0,1
OP117374,2025-04-16,W0256,S3,D,45.0,0
OP117375,2025-03-04,W0334,S3,E,30.0,0
OP117376,2025-03-13,W0207,S2,D,16.0,0
OP117379,2025-06-15,W0365,S2,A,46.0,0
OP117380,2025-01-03,W0032,S2,B,11.0,0
OP117381,2025-04-08,W0274,S2,D,2.0,0
OP117383,2025-06-17,W0276,S1,E,39.0,0
OP117387,2025-06-23,W0395,S1,D,2.0,1
OP117388,2025-04-21,W0372,S2,A,4.0,0
OP117390,2025-04-14,W0039,S2,B,22.0,0
OP117391,2025-04-10,W0286,S2,C,13.0,0
OP117393,2025-02-07,W0122,S2,C,23.0,0
OP117395,2025-02-02,W0077,S2,C,16.0,1
OP117396,2025-06-03,W0130,S1,B,10.0,0
OP117398,2025-01-19,W0388,S3,B,3.0,0
OP117400,2025-06-22,W0175,S3,E,42.0,0
OP117402,2025-01-30,W0375,S2,A,27.0,0
OP117403,2025-02-15,W0387,S1,E,18.0,1
OP117404,2025-02-07,W0226,S2,D,35.0,1
OP117405,2025-05-03,W0204,S3,D,30.0,0
OP117406,2025-05-22,W0485,S2,C,30.0,0
OP117407,2025-02-13,W0252,S3,C,25.0,0
OP117408,2025-02-22,W0089,S2,D,31.0,0
OP117410,2025-06-05,W0044,S3,A,28.0,0
OP117411,2025-03-27,W0390,S1,A,24.0,1
OP117413,2025-02-16,W0457,S2,D,39.0,1
OP117416,2025-06-20,W0228,S2,C,9.0,0
OP117425,2025-01-28,W0126,S1,D,4.0,1
OP117430,2025-03-26,W0028,S2,D,23.0,0
OP117431,2025-05-16,W0103,S1,A,12.0,0
OP117435,2025-06-01,W0087,S2,A,1.0,0
OP117438,2025-06-04,W0152,S2,B,2.0,0
OP117441,2025-02-02,W0085,S1,A,23.0,0
OP117442,2025-01-24,W0024,S2,E,31.0,0
OP117443,2025-03-18,W0376,S2,B,34.0,0
OP117451,2025-01-31,W0367,S3,E,16.0,0
OP117453,2025-01-08,W0219,S2,D,11.0,1
OP117454,2025-01-23,W0415,S2,B,31.0,0
OP117455,2025-05-25,W0189,S2,A,20.0,0
OP117456,2025-03-03,W0167,S2,C,19.0,1
OP117461,2025-05-07,W0102,S2,C,17.0,0
OP117463,2025-03-29,W0219,S3,A,35.0,0
OP117470,2025-04-17,W0352,S2,E,45.0,1
OP117473,2025-04-25,W0256,S2,E,32.0,0
OP117474,2025-03-18,W0398,S2,D,48.0,0
OP117475,2025-04-12,W0207,S1,D,34.0,1
OP117479,2025-03-26,W0260,S1,E,7.0,1
OP117480,2025-06-27,W0098,S1,E,32.0,0
OP117482,2025-02-10,W0170,S2,A,33.0,1
OP117483,2025-04-08,W0325,S3,B,21.0,0
OP117484,2025-03-08,W0337,S2,E,26.0,0
OP117489,2025-02-20,W0249,S2,D,47.0,0
OP117490,2025-04-13,W0045,S2,E,16.0,0
OP117497,2025-06-18,W0203,S2,B,47.0,1
OP117498,2025-03-28,W0420,S2,A,15.0,0
OP117504,2025-01-21,W0036,S2,D,16.0,0
OP117505,2025-06-22,W0296,S2,B,34.0,0
OP117511,2025-04-09,W0195,S2,E,6.0,0
OP117513,2025-05-09,W0221,S1,B,5.0,0
OP117514,2025-04-24,W0356,S2,D,13.0,0
OP117517,2025-04-22,W0072,S1,A,37.0,1
OP117519,2025-03-30,W0150,S2,A,35.0,0
OP117521,2025-06-07,W0315,S1,E,23.0,0
OP117522,2025-04-24,W0280,S3,D,5.0,1
OP117523,2025-03-13,W0229,S2,D,28.0,1
OP117531,2025-02-18,W0078,S1,A,12.0,1
OP117533,2025-01-08,W0301,S2,E,4.0,0
OP117536,2025-02-17,W0227,S1,A,31.0,0
OP117538,2025-04-13,W0104,S2,B,1.0,0
OP117543,2025-02-14,W0335,S2,D,3.0,1
OP117544,2025-03-10,W0334,S1,C,17.0,1
OP117550,2025-02-25,W0046,S1,C,33.0,1
OP117551,2025-02-22,W0167,S2,E,21.0,0
OP117553,2025-04-02,W0161,S2,E,41.0,0
OP117555,2025-01-07,W0280,S2,B,45.0,1
OP117556,2025-01-15,W0410,S2,C,23.0,1
OP117558,2025-02-27,W0453,S3,A,28.0,0
OP117559,2025-01-07,W0150,S2,A,49.0,1
OP117561,2025-06-12,W0054,S1,A,18.0,1
OP117562,2025-04-14,W0118,S3,C,27.0,0
OP117563,2025-04-23,W0410,S2,B,36.0,0
OP117564,2025-06-02,W0374,S2,C,45.0,1
OP117565,2025-01-21,W0027,S3,E,31.0,0
OP117573,2025-02-17,W0025,S1,A,32.0,1
OP117574,2025-02-27,W0410,S3,C,42.0,1
OP117575,2025-03-05,W0153,S2,E,24.0,0
OP117576,2025-04-19,W0488,S2,B,35.0,0
OP117580,2025-06-28,W0432,S1,A,49.0,0
OP117588,2025-02-20,W0242,S1,E,41.0,1
OP117592,2025-02-02,W0426,S2,B,21.0,0
OP117594,2025-06-29,W0129,S2,B,20.0,0
OP117595,2025-04-07,W0165,S3,B,11.0,0
OP117598,2025-03-20,W0294,S3,A,8.0,1
OP117600,2025-02-05,W0300,S1,A,18.0,0
OP117601,2025-02-04,W0379,S2,A,20.0,1
OP117606,2025-01-25,W0132,S1,D,23.0,0
OP117611,2025-03-22,W0048,S2,A,33.0,0
OP117614,2025-02-27,W0402,S3,B,38.0,0
OP117615,2025-06-23,W0277,S1,A,17.0,0
OP117616,2025-02-11,W0275,S2,E,10.0,0
OP117617,2025-01-20,W0206,S3,C,43.0,0
OP117621,2025-02-09,W0378,S2,D,2.0,1
OP117627,2025-02-23,W0025,S3,C,8.0,0
OP117628,2025-03-10,W0284,S2,A,16.0,0
OP117629,2025-04-02,W0140,S2,E,1.0,0
OP117630,2025-06-22,W0041,S3,B,23.0,0
OP117634,2025-03-01,W0161,S3,C,40.0,0
OP117635,2025-05-05,W0009,S2,E,6.0,0
OP117636,2025-06-05,W0458,S1,B,37.0,0
OP117640,2025-03-21,W0330,S1,A,3.0,0
OP117641,2025-06-18,W0361,S3,D,22.0,0
OP117642,2025-01-18,W0164,S2,D,5.0,1
OP117643,2025-04-30,W0109,S3,B,26.0,1
OP117645,2025-04-08,W0045,S3,A,49.0,0
OP117646,2025-02-02,W0259,S2,B,8.0,1
OP117647,2025-03-28,W0265,S2,B,47.0,1
OP117649,2025-04-07,W0058,S1,C,6.0,1
OP117650,2025-03-16,W0366,S2,D,35.0,0
OP117651,2025-02-07,W0016,S3,B,12.0,1
OP117652,2025-02-03,W0408,S1,D,19.0,1
OP117653,2025-04-04,W0056,S2,E,35.0,1
OP117654,2025-05-25,W0286,S3,D,12.0,1
OP117656,2025-06-01,W0457,S1,A,7.0,1
OP117657,2025-03-09,W0479,S2,D,4.0,0
OP117658,2025-02-06,W0197,S2,E,26.0,0
OP117661,2025-02-06,W0340,S2,C,47.0,0
OP117665,2025-05-04,W0139,S1,C,24.0,0
OP117666,2025-05-03,W0360,S3,B,18.0,0
OP117667,2025-03-04,W0333,S1,B,43.0,1
OP117670,2025-02-20,W0230,S3,D,45.0,0
OP117671,2025-02-21,W0426,S1,B,28.0,1
OP117673,2025-01-24,W0032,S1,D,47.0,0
OP117674,2025-04-26,W0178,S2,B,17.0,1
OP117684,2025-06-28,W0174,S3,B,36.0,0
OP117685,2025-03-03,W0284,S3,D,41.0,0
OP117688,2025-02-07,W0280,S1,E,46.0,0
OP117691,2025-02-25,W0146,S3,D,4.0,1
OP117695,2025-03-01,W0277,S1,B,1.0,0
OP117696,2025-03-27,W0345,S2,B,14.0,0
OP117698,2025-05-26,W0265,S2,D,26.0,0
OP117701,2025-01-16,W0062,S3,D,27.0,0
OP117703,2025-03-10,W0349,S2,D,47.0,1
OP117704,2025-04-06,W0351,S2,C,28.0,0
OP117705,2025-04-11,W0499,S3,C,14.0,0
OP117707,2025-03-10,W0021,S1,C,49.0,0
OP117708,2025-04-09,W0228,S1,E,32.0,1
OP117709,2025-05-14,W0233,S2,B,19.0,0
OP117711,2025-04-11,W0264,S1,A,38.0,0
OP117712,2025-04-09,W0214,S3,E,31.0,1
OP117713,2025-06-20,W0272,S3,B,34.0,0
OP117719,2025-05-16,W0093,S2,A,48.0,0
OP117723,2025-03-24,W0243,S2,D,16.0,0
OP117724,2025-01-16,W0134,S3,B,3.0,0
OP117728,2025-02-07,W0218,S2,D,40.0,1
OP117740,2025-06-12,W0090,S1,D,19.0,0
OP117742,2025-03-28,W0032,S1,C,31.0,0
OP117745,2025-05-15,W0107,S1,A,28.0,1
OP117746,2025-01-21,W0198,S2,D,38.0,0
OP117749,2025-03-19,W0152,S1,B,19.0,0
OP117753,2025-01-11,W0382,S3,C,36.0,0
OP117758,2025-01-08,W0243,S3,B,18.0,0
OP117759,2025-01-02,W0159,S2,B,2.0,0
OP117761,2025-04-04,W0276,S1,C,49.0,0
OP117762,2025-04-29,W0154,S3,A,33.0,1
OP117763,2025-03-31,W0094,S2,D,23.0,0
OP117766,2025-03-24,W0333,S2,E,35.0,0
OP117769,2025-01-28,W0067,S3,D,32.0,0
OP117774,2025-05-15,W0170,S3,A,22.0,0
OP117775,2025-06-24,W0242,S3,B,6.0,0
OP117776,2025-01-03,W0338,S3,A,24.0,1
OP117777,2025-03-24,W0031,S1,A,21.0,0
OP117787,2025-01-30,W0404,S2,D,25.0,0
OP117789,2025-01-20,W0017,S2,B,10.0,0
OP117790,2025-04-26,W0159,S2,D,24.0,1
OP117792,2025-06-26,W0054,S1,D,42.0,0
OP117793,2025-03-02,W0340,S2,C,8.0,0
OP117795,2025-05-21,W0365,S3,D,36.0,1
OP117797,2025-06-04,W0317,S2,A,23.0,1
OP117801,2025-06-01,W0082,S3,E,31.0,0
OP117803,2025-06-19,W0278,S2,C,44.0,0
OP117804,2025-05-01,W0217,S3,B,30.0,0
OP117806,2025-02-02,W0332,S1,B,22.0,1
OP117808,2025-05-23,W0456,S3,B,22.0,1
OP117810,2025-03-02,W0436,S3,A,15.0,0
OP117811,2025-03-09,W0235,S2,D,49.0,0
OP117817,2025-01-22,W0165,S2,C,4.0,0
OP117818,2025-01-16,W0306,S3,D,6.0,0
OP117819,2025-03-04,W0232,S2,D,40.0,0
OP117821,2025-02-01,W0500,S1,C,27.0,0
OP117822,2025-04-17,W0375,S1,D,40.0,0
OP117824,2025-02-16,W0066,S3,C,16.0,0
OP117826,2025-03-09,W0283,S2,D,22.0,0
OP117829,2025-04-19,W0009,S2,B,39.0,0
OP117831,2025-06-08,W0402,S2,A,13.0,1
OP117833,2025-03-23,W0071,S1,E,7.0,1
OP117835,2025-02-24,W0451,S2,E,18.0,0
OP117836,2025-06-03,W0394,S3,B,18.0,1
OP117837,2025-04-26,W0190,S2,C,7.0,0
OP117838,2025-04-30,W0107,S3,A,28.0,0
OP117839,2025-06-04,W0070,S2,B,17.0,1
OP117844,2025-06-26,W0059,S3,C,13.0,1
OP117847,2025-04-13,W0455,S1,B,16.0,0
OP117848,2025-04-22,W0334,S3,C,5.0,0
OP117849,2025-02-12,W0454,S2,D,43.0,0
OP117851,2025-02-17,W0217,S2,E,2.0,1
OP117853,2025-02-09,W0212,S1,E,39.0,0
OP117854,2025-06-06,W0470,S3,D,10.0,0
OP117856,2025-02-25,W0324,S2,B,36.0,1
OP117858,2025-02-07,W0331,S1,A,26.0,0
OP117860,2025-06-04,W0334,S3,C,13.0,0
OP117864,2025-04-21,W0379,S1,B,42.0,0
OP117866,2025-04-18,W0285,S2,D,6.0,0
OP117868,2025-05-20,W0368,S3,D,21.0,1
OP117871,2025-05-26,W0488,S2,A,39.0,1
OP117873,2025-04-06,W0122,S2,A,22.0,0
OP117876,2025-02-04,W0488,S2,A,36.0,1
OP117877,2025-02-02,W0436,S3,A,34.0,0
OP117879,2025-04-07,W0418,S3,D,9.0,1
OP117884,2025-06-11,W0149,S3,E,16.0,0
OP117885,2025-01-21,W0094,S2,E,5.0,1
OP117887,2025-05-16,W0057,S1,D,25.0,0
OP117889,2025-05-15,W0405,S3,D,42.0,1
OP117890,2025-02-02,W0453,S1,A,45.0,0
OP117891,2025-01-08,W0243,S3,E,26.0,1
OP117893,2025-02-07,W0340,S2,B,36.0,0
OP117894,2025-04-30,W0129,S2,B,40.0,0
OP117897,2025-05-21,W0401,S2,D,33.0,0
OP117900,2025-05-19,W0009,S1,E,27.0,1
OP117901,2025-04-08,W0075,S2,E,28.0,0
OP117904,2025-02-18,W0074,S2,E,24.0,0
OP117905,2025-01-07,W0050,S1,E,37.0,0
OP117908,2025-03-03,W0053,S1,B,1.0,0
OP117911,2025-04-22,W0327,S2,D,15.0,0
OP117912,2025-03-16,W0180,S3,E,1.0,0
OP117914,2025-01-11,W0409,S3,E,4.0,0
OP117916,2025-05-21,W0345,S2,C,11.0,1
OP117917,2025-03-29,W0383,S1,E,31.0,0
OP117923,2025-03-29,W0447,S3,B,36.0,0
OP117925,2025-05-10,W0111,S3,B,21.0,0
OP117926,2025-06-10,W0276,S2,D,4.0,0
OP117933,2025-06-25,W0430,S2,A,37.0,1
OP117934,2025-01-17,W0493,S2,A,22.0,0
OP117938,2025-04-04,W0462,S2,B,40.0,0
OP117940,2025-02-21,W0453,S2,D,27.0,0
OP117941,2025-01-24,W0084,S2,C,15.0,0
OP117944,2025-06-06,W0189,S1,E,39.0,0
OP117945,2025-05-31,W0130,S2,B,39.0,0
OP117946,2025-01-09,W0500,S2,A,38.0,1
OP117947,2025-04-02,W0440,S1,E,10.0,1
OP117949,2025-03-19,W0249,S2,A,44.0,1
OP117951,2025-06-26,W0263,S3,A,6.0,0
OP117952,2025-02-16,W0105,S2,B,42.0,0
OP117954,2025-03-22,W0192,S2,C,3.0,0
OP117955,2025-01-15,W0009,S1,A,43.0,0
OP117957,2025-05-20,W0267,S2,B,47.0,0
OP117960,2025-04-10,W0123,S2,C,27.0,0
OP117962,2025-03-09,W0284,S2,A,16.0,0
OP117963,2025-03-10,W0089,S2,C,47.0,0
OP117971,2025-01-14,W0254,S3,A,42.0,0
OP117973,2025-03-01,W0346,S3,C,29.0,0
OP117974,2025-03-20,W0293,S1,B,32.0,0
OP117975,2025-05-29,W0070,S1,B,34.0,1
OP117976,2025-05-27,W0258,S1,D,47.0,0
OP117977,2025-05-24,W0197,S1,B,22.0,0
OP117982,2025-01-13,W0194,S2,B,8.0,0
OP117985,2025-04-08,W0106,S1,B,46.0,0
OP117986,2025-03-09,W0115,S3,D,21.0,0
OP117987,2025-06-17,W0062,S1,E,5.0,1
OP117990,2025-03-14,W0110,S3,E,2.0,0
OP117991,2025-01-29,W0003,S1,C,20.0,0
OP117993,2025-05-13,W0363,S2,C,44.0,0
OP117994,2025-01-17,W0053,S1,D,27.0,0
OP117995,2025-01-01,W0216,S3,B,39.0,1
OP117997,2025-04-12,W0168,S1,C,24.0,0
OP117998,2025-03-05,W0486,S2,E,17.0,0
OP118004,2025-05-30,W0457,S1,D,17.0,0
OP118006,2025-01-10,W0075,S2,B,24.0,0
OP118015,2025-03-12,W0353,S2,B,9.0,0
OP118016,2025-02-16,W0492,S3,D,48.0,0
OP118021,2025-05-20,W0302,S1,B,26.0,0
OP118022,2025-03-29,W0067,S2,C,20.0,1
OP118023,2025-06-23,W0106,S2,A,46.0,0
OP118024,2025-02-26,W0194,S1,C,8.0,1
OP118025,2025-05-16,W0151,S1,B,6.0,1
OP118026,2025-02-21,W0360,S1,E,20.0,0
OP118029,2025-02-25,W0172,S2,E,34.0,1
OP118032,2025-02-05,W0485,S2,C,32.0,1
OP118034,2025-01-19,W0245,S2,A,49.0,1
OP118035,2025-03-30,W0149,S2,D,5.0,0
OP118041,2025-03-18,W0011,S2,B,31.0,0
OP118045,2025-04-16,W0331,S1,C,6.0,0
OP118049,2025-03-09,W0234,S2,A,24.0,0
OP118050,2025-06-11,W0211,S3,B,8.0,0
OP118053,2025-06-16,W0460,S3,E,14.0,1
OP118054,2025-04-01,W0295,S2,C,3.0,1
OP118057,2025-03-04,W0190,S3,A,4.0,0
OP118058,2025-03-26,W0385,S2,C,13.0,0
OP118059,2025-06-04,W0444,S1,A,48.0,0
OP118062,2025-06-22,W0119,S3,E,15.0,0
OP118063,2025-01-07,W0055,S3,C,4.0,0
OP118064,2025-06-26,W0192,S3,C,4.0,0
OP118066,2025-05-15,W0383,S2,E,41.0,0
OP118067,2025-05-19,W0403,S2,C,9.0,1
OP118071,2025-02-13,W0053,S1,E,26.0,0
OP118073,2025-04-25,W0059,S3,B,37.0,0
OP118079,2025-06-09,W0328,S3,A,19.0,0
OP118083,2025-04-25,W0409,S1,A,12.0,0
OP118086,2025-01-13,W0208,S2,B,11.0,1
OP118092,2025-04-07,W0040,S3,B,22.0,0
OP118093,2025-03-15,W0260,S1,E,36.0,0
OP118094,2025-05-24,W0174,S2,C,45.0,0
OP118095,2025-01-19,W0105,S2,E,19.0,1
OP118097,2025-02-11,W0306,S1,E,28.0,0
OP118098,2025-05-30,W0432,S1,D,36.0,0
OP118100,2025-03-29,W0140,S2,A,35.0,0
OP118102,2025-05-30,W0145,S3,B,3.0,1
OP118103,2025-03-09,W0456,S3,D,48.0,0
OP118106,2025-03-01,W0201,S2,D,16.0,0
OP118107,2025-03-20,W0133,S1,D,42.0,1
OP118111,2025-02-21,W0030,S3,B,8.0,0
OP118115,2025-02-12,W0315,S2,D,25.0,1
OP118116,2025-01-20,W0255,S3,A,45.0,0
OP118122,2025-05-18,W0118,S3,C,33.0,0
OP118123,2025-05-02,W0342,S1,C,8.0,1
OP118130,2025-03-15,W0299,S2,A,7.0,1
OP118131,2025-02-23,W0228,S1,D,21.0,1
OP118132,2025-05-11,W0239,S1,A,29.0,0
OP118136,2025-01-09,W0122,S2,B,27.0,1
OP118137,2025-04-23,W0394,S2,A,39.0,0
OP118139,2025-05-19,W0312,S1,A,46.0,0
OP118140,2025-03-25,W0190,S2,C,14.0,0
OP118142,2025-01-08,W0121,S1,B,25.0,0
OP118143,2025-04-29,W0291,S1,E,7.0,0
OP118145,2025-04-08,W0157,S3,C,26.0,0
OP118148,2025-03-16,W0382,S3,B,18.0,0
OP118150,2025-05-06,W0349,S2,A,35.0,1
OP118153,2025-02-12,W0005,S2,D,34.0,0
OP118160,2025-04-14,W0036,S2,D,15.0,1
OP118164,2025-05-11,W0138,S2,D,47.0,0
OP118168,2025-03-06,W0364,S1,B,30.0,0
OP118170,2025-03-24,W0196,S2,E,47.0,0
OP118174,2025-05-27,W0305,S1,E,19.0,0
OP118180,2025-03-06,W0303,S3,B,29.0,0
OP118181,2025-02-24,W0210,S1,C,7.0,0
OP118182,2025-06-19,W0076,S1,E,12.0,1
OP118184,2025-05-28,W0229,S3,D,26.0,0
OP118186,2025-02-27,W0008,S3,A,18.0,0
OP118190,2025-05-22,W0075,S2,D,33.0,1
OP118191,2025-06-04,W0064,S1,B,27.0,1
OP118194,2025-05-20,W0303,S1,D,23.0,0
OP118198,2025-04-19,W0443,S1,A,28.0,0
OP118203,2025-06-25,W0491,S3,E,41.0,0
OP118209,2025-06-08,W0249,S2,A,9.0,0
OP118210,2025-03-08,W0021,S3,C,49.0,0
OP118214,2025-03-17,W0254,S2,D,13.0,0
OP118215,2025-03-07,W0257,S2,D,18.0,1
OP118216,2025-04-11,W0200,S1,A,5.0,0
OP118217,2025-06-12,W0298,S1,D,3.0,0
OP118221,2025-03-01,W0210,S2,B,48.0,1
OP118222,2025-01-01,W0123,S2,E,2.0,1
OP118225,2025-06-21,W0221,S2,B,15.0,1
OP118226,2025-04-06,W0190,S2,D,44.0,0
OP118228,2025-03-07,W0014,S3,C,18.0,0
OP118233,2025-06-22,W0497,S2,D,15.0,0
OP118234,2025-02-20,W0042,S1,A,9.0,0
OP118236,2025-01-24,W0114,S2,A,34.0,1
OP118239,2025-02-11,W0124,S2,E,48.0,0
OP118241,2025-04-16,W0314,S2,D,40.0,0
OP118242,2025-01-09,W0143,S1,E,10.0,0
OP118243,2025-04-12,W0089,S1,C,9.0,0
OP118244,2025-06-24,W0079,S2,A,29.0,0
OP118247,2025-05-15,W0189,S2,A,11.0,0
OP118248,2025-01-04,W0040,S2,D,30.0,0
OP118250,2025-06-05,W0483,S2,C,45.0,0
OP118253,2025-03-30,W0122,S1,C,23.0,0
OP118255,2025-02-11,W0397,S1,D,44.0,0
OP118256,2025-01-15,W0355,S3,D,34.0,0
OP118257,2025-04-14,W0495,S2,B,42.0,0
OP118263,2025-01-26,W0112,S3,D,5.0,0
OP118264,2025-06-13,W0319,S1,A,46.0,1
OP118267,2025-03-04,W0325,S2,D,1.0,0
OP118270,2025-04-22,W0081,S2,B,26.0,1
OP118273,2025-01-17,W0226,S2,D,44.0,0
OP118275,2025-02-06,W0373,S3,E,47.0,0
OP118279,2025-06-17,W0238,S3,D,4.0,1
OP118282,2025-04-23,W0447,S3,C,38.0,0
OP118284,2025-06-23,W0149,S2,E,24.0,1
OP118285,2025-06-04,W0160,S1,D,49.0,0
OP118289,2025-01-29,W0368,S3,B,39.0,1
OP118292,2025-02-05,W0032,S2,A,14.0,0
OP118294,2025-02-27,W0457,S2,E,12.0,1
OP118297,2025-01-25,W0448,S2,D,32.0,0
OP118298,2025-03-27,W0207,S2,E,15.0,0
OP118299,2025-04-16,W0183,S1,D,25.0,0
OP118301,2025-04-11,W0382,S3,C,31.0,0
OP118302,2025-04-04,W0152,S2,C,45.0,0
OP118303,2025-05-27,W0060,S3,B,17.0,0
OP118305,2025-04-21,W0001,S3,C,18.0,1
OP118310,2025-05-17,W0083,S2,C,41.0,1
OP118311,2025-06-10,W0234,S2,D,47.0,0
OP118313,2025-01-05,W0491,S2,B,26.0,0
OP118314,2025-06-27,W0130,S2,B,23.0,0
OP118315,2025-06-25,W0070,S2,E,9.0,1
OP118316,2025-01-29,W0098,S2,A,20.0,1
OP118318,2025-05-16,W0399,S2,B,11.0,0
OP118321,2025-06-09,W0386,S3,D,44.0,0
OP118326,2025-05-16,W0257,S2,C,8.0,0
OP118327,2025-05-31,W0296,S1,B,14.0,0
OP118329,2025-01-18,W0143,S2,C,4.0,0
OP118334,2025-01-09,W0297,S1,A,15.0,1
OP118336,2025-03-03,W0441,S3,E,39.0,0
OP118338,2025-06-25,W0154,S2,C,16.0,0
OP118340,2025-05-11,W0461,S2,E,2.0,0
OP118341,2025-01-19,W0181,S2,A,1.0,1
OP118343,2025-03-06,W0359,S3,B,29.0,0
OP118344,2025-05-31,W0093,S3,A,26.0,0
OP118346,2025-02-12,W0107,S1,C,15.0,0
OP118347,2025-03-19,W0327,S3,C,26.0,1
OP118350,2025-04-13,W0477,S1,A,34.0,0
OP118352,2025-03-21,W0129,S2,B,36.0,0
OP118354,2025-02-22,W0139,S2,E,14.0,0
OP118355,2025-04-12,W0437,S2,C,18.0,0
OP118357,2025-04-21,W0014,S1,C,34.0,0
OP118358,2025-05-14,W0423,S2,C,44.0,0
OP118361,2025-06-20,W0212,S2,E,47.0,0
OP118362,2025-05-25,W0265,S2,E,42.0,0
OP118365,2025-05-23,W0251,S2,E,37.0,1
OP118367,2025-06-26,W0155,S3,A,41.0,0
OP118374,2025-02-24,W0472,S2,E,22.0,0
OP118380,2025-02-28,W0091,S2,B,32.0,1
OP118381,2025-03-19,W0153,S2,B,48.0,0
OP118383,2025-01-16,W0007,S2,D,23.0,1
OP118386,2025-02-19,W0283,S1,D,11.0,0
OP118390,2025-04-12,W0212,S1,B,43.0,0
OP118393,2025-03-09,W0201,S3,A,36.0,0
OP118395,2025-02-01,W0172,S3,E,20.0,0
OP118396,2025-01-27,W0199,S2,B,30.0,0
OP118398,2025-03-11,W0018,S2,B,15.0,0
OP118400,2025-06-08,W0358,S2,C,26.0,0
OP118401,2025-02-27,W0366,S1,D,18.0,0
OP118404,2025-01-06,W0488,S3,D,19.0,0
OP118405,2025-05-22,W0404,S2,B,27.0,1
OP118406,2025-05-25,W0270,S2,A,33.0,1
OP118408,2025-06-29,W0309,S1,B,14.0,0
OP118409,2025-04-23,W0165,S2,B,4.0,1
OP118412,2025-05-12,W0456,S1,A,3.0,0
OP118415,2025-04-22,W0471,S1,D,6.0,0
OP118417,2025-03-08,W0071,S2,D,11.0,0
OP118419,2025-02-04,W0120,S2,D,16.0,0
OP118420,2025-01-02,W0344,S3,A,6.0,0
OP118421,2025-03-01,W0212,S2,A,43.0,0
OP118425,2025-01-22,W0346,S1,A,27.0,0
OP118426,2025-03-03,W0093,S2,B,28.0,1
OP118428,2025-05-16,W0109,S2,E,38.0,0
OP118429,2025-01-17,W0129,S1,B,36.0,1
OP118430,2025-01-26,W0139,S3,C,40.0,0
OP118432,2025-04-19,W0329,S2,E,19.0,0
OP118441,2025-06-16,W0480,S2,B,43.0,0
OP118446,2025-05-07,W0010,S2,E,30.0,1
OP118447,2025-03-14,W0358,S1,E,42.0,1
OP118449,2025-03-08,W0048,S1,A,29.0,1
OP118450,2025-01-11,W0309,S2,A,49.0,0
OP118456,2025-01-08,W0151,S1,A,10.0,1
OP118457,2025-05-10,W0487,S2,B,11.0,0
OP118458,2025-02-10,W0010,S2,B,20.0,0
OP118459,2025-04-16,W0041,S1,D,12.0,0
OP118460,2025-05-06,W0319,S1,A,28.0,0
OP118462,2025-01-26,W0235,S3,B,27.0,0
OP118463,2025-04-05,W0239,S1,A,28.0,0
OP118468,2025-04-09,W0074,S1,A,42.0,0
OP118469,2025-01-09,W0099,S2,E,47.0,1
OP118471,2025-01-16,W0300,S2,A,1.0,1
OP118472,2025-02-04,W0227,S2,B,8.0,1
OP118473,2025-05-22,W0198,S2,D,32.0,1
OP118474,2025-02-28,W0304,S3,E,42.0,0
OP118482,2025-04-10,W0210,S2,B,45.0,0
OP118486,2025-05-28,W0206,S1,D,10.0,0
OP118491,2025-03-12,W0120,S2,E,1.0,0
OP118492,2025-06-11,W0108,S1,D,32.0,0
OP118495,2025-01-30,W0466,S2,E,38.0,0
OP118497,2025-02-06,W0263,S2,E,25.0,1
OP118501,2025-01-10,W0233,S2,A,17.0,0
OP118503,2025-04-12,W0265,S2,B,38.0,0
OP118505,2025-06-04,W0269,S1,A,11.0,0
OP118506,2025-04-27,W0117,S1,B,33.0,0
OP118507,2025-06-17,W0462,S3,C,19.0,0
OP118508,2025-05-26,W0027,S2,E,26.0,0
OP118511,2025-05-21,W0149,S2,E,26.0,1
OP118512,2025-05-12,W0272,S3,E,41.0,0
OP118513,2025-04-01,W0262,S2,A,14.0,0
OP118516,2025-05-02,W0075,S3,D,47.0,1
OP118517,2025-01-28,W0011,S1,E,29.0,0
OP118519,2025-01-05,W0303,S3,D,6.0,0
OP118521,2025-04-05,W0177,S3,E,36.0,0
OP118525,2025-05-14,W0016,S3,C,47.0,1
OP118529,2025-05-16,W0338,S2,C,36.0,0
OP118530,2025-02-25,W0201,S2,A,29.0,1
OP118537,2025-01-07,W0093,S2,D,4.0,0
OP118539,2025-03-06,W0461,S1,E,48.0,1
OP118545,2025-03-27,W0404,S2,A,16.0,0
OP118547,2025-02-03,W0380,S3,E,7.0,0
OP118549,2025-04-07,W0329,S1,B,12.0,0
OP118551,2025-02-22,W0090,S2,D,3.0,0
OP118553,2025-06-02,W0048,S2,B,38.0,1
OP118554,2025-03-08,W0146,S1,C,35.0,1
OP118555,2025-02-23,W0057,S3,A,23.0,0
OP118557,2025-03-01,W0103,S1,C,33.0,1
OP118559,2025-01-01,W0475,S2,B,37.0,0
OP118562,2025-06-20,W0276,S1,D,12.0,0
OP118563,2025-03-21,W0180,S2,B,8.0,0
OP118567,2025-01-14,W0146,S1,D,48.0,1
OP118568,2025-04-05,W0145,S2,E,30.0,0
OP118569,2025-03-13,W0372,S2,C,12.0,0
OP118574,2025-01-26,W0452,S1,B,43.0,0
OP118575,2025-01-27,W0165,S1,B,17.0,0
OP118577,2025-03-23,W0252,S2,D,17.0,0
OP118578,2025-03-25,W0357,S2,C,12.0,1
OP118580,2025-02-10,W0500,S2,D,20.0,1
OP118587,2025-03-27,W0343,S1,A,32.0,0
OP118592,2025-03-04,W0486,S2,A,1.0,0
OP118593,2025-06-22,W0080,S1,A,15.0,0
OP118594,2025-03-29,W0261,S2,B,16.0,0
OP118596,2025-04-27,W0239,S2,E,9.0,0
OP118597,2025-03-18,W0469,S1,C,26.0,0
OP118599,2025-06-24,W0178,S1,C,21.0,1
OP118602,2025-05-28,W0133,S1,A,47.0,1
OP118609,2025-01-20,W0047,S3,B,21.0,0
OP118618,2025-04-07,W0201,S2,D,46.0,0
OP118621,2025-02-10,W0286,S3,A,2.0,1
OP118622,2025-01-20,W0409,S1,D,32.0,0
OP118624,2025-05-06,W0178,S2,C,9.0,1
OP118626,2025-04-13,W0405,S2,E,43.0,0
OP118628,2025-04-05,W0035,S2,C,39.0,0
OP118629,2025-06-24,W0283,S2,D,19.0,0
OP118635,2025-02-10,W0306,S3,D,35.0,0
OP118637,2025-05-01,W0047,S2,D,29.0,0
OP118640,2025-01-25,W0350,S2,C,40.0,0
OP118643,2025-03-30,W0401,S1,C,1.0,0
OP118644,2025-03-16,W0451,S1,B,4.0,1
OP118645,2025-01-27,W0465,S1,C,33.0,1
OP118647,2025-03-15,W0325,S2,E,24.0,0
OP118648,2025-05-03,W0194,S3,A,49.0,0
OP118650,2025-02-23,W0426,S2,B,48.0,1
OP118652,2025-05-11,W0192,S2,A,21.0,0
OP118654,2025-06-06,W0242,S1,D,29.0,0
OP118655,2025-05-03,W0173,S2,E,1.0,0
OP118656,2025-06-06,W0027,S2,A,34.0,0
OP118660,2025-05-11,W0156,S2,E,15.0,0
OP118661,2025-04-14,W0219,S2,C,34.0,1
OP118662,2025-03-21,W0319,S2,E,32.0,0
OP118663,2025-03-13,W0149,S3,A,20.0,1
OP118665,2025-02-14,W0391,S3,E,14.0,0
OP118666,2025-02-05,W0280,S2,D,2.0,1
OP118668,2025-02-26,W0447,S1,C,13.0,0
OP118669,2025-04-19,W0043,S1,A,25.0,1
OP118674,2025-02-26,W0354,S1,C,34.0,1
OP118675,2025-06-17,W0349,S2,B,28.0,0
OP118676,2025-02-12,W0232,S2,C,15.0,0
OP118677,2025-01-15,W0428,S3,A,5.0,0
OP118678,2025-04-22,W0472,S2,D,32.0,0
OP118679,2025-04-01,W0351,S1,C,19.0,0
OP118682,2025-05-30,W0279,S3,A,26.0,0
OP118683,2025-04-23,W0065,S2,B,2.0,0
OP118685,2025-04-03,W0285,S2,E,2.0,1
OP118686,2025-04-09,W0258,S1,C,14.0,1
OP118688,2025-05-29,W0455,S3,D,7.0,0
OP118689,2025-04-09,W0129,S1,B,29.0,1
OP118692,2025-06-09,W0423,S2,B,44.0,0
OP118694,2025-01-18,W0052,S1,C,39.0,0
OP118695,2025-03-18,W0053,S2,E,40.0,0
OP118696,2025-06-02,W0071,S1,A,33.0,0
OP118699,2025-06-02,W0179,S2,D,38.0,0
OP118700,2025-06-03,W0479,S1,D,35.0,0
OP118701,2025-05-09,W0230,S3,C,46.0,1
OP118705,2025-03-05,W0299,S2,C,16.0,0
OP118708,2025-01-27,W0453,S2,C,24.0,1
OP118713,2025-02-09,W0127,S1,D,24.0,1
OP118721,2025-01-03,W0455,S2,B,20.0,0
OP118724,2025-02-21,W0312,S2,E,23.0,0
OP118727,2025-02-10,W0334,S3,D,47.0,0
OP118728,2025-06-11,W0017,S2,B,31.0,1
OP118729,2025-06-29,W0323,S2,B,44.0,0
OP118734,2025-05-08,W0414,S2,A,2.0,0
OP118735,2025-06-10,W0201,S2,A,48.0,0
OP118737,2025-06-03,W0084,S1,A,41.0,0
OP118738,2025-05-29,W0274,S1,C,9.0,0
OP118739,2025-05-10,W0016,S2,A,35.0,0
OP118741,2025-02-10,W0351,S3,A,25.0,0
OP118747,2025-04-05,W0436,S2,E,28.0,0
OP118753,2025-01-16,W0361,S1,A,29.0,0
OP118755,2025-02-26,W0352,S2,B,13.0,0
OP118757,2025-01-23,W0464,S3,C,45.0,1
OP118758,2025-06-10,W0394,S2,B,17.0,0
OP118759,2025-06-02,W0408,S3,C,26.0,0
OP118764,2025-01-13,W0299,S3,E,34.0,1
OP118766,2025-05-22,W0022,S1,B,44.0,0
OP118768,2025-03-07,W0420,S2,A,33.0,1
OP118769,2025-01-21,W0260,S2,E,37.0,0
OP118771,2025-06-26,W0141,S2,A,46.0,1
OP118775,2025-03-19,W0288,S2,B,30.0,1
OP118776,2025-05-06,W0104,S2,C,2.0,0
OP118777,2025-02-02,W0101,S2,C,3.0,0
OP118779,2025-05-27,W0484,S1,D,36.0,0
OP118782,2025-06-29,W0346,S3,A,2.0,0
OP118784,2025-06-20,W0468,S2,B,38.0,0
OP118785,2025-05-22,W0239,S2,C,49.0,1
OP118786,2025-03-16,W0499,S1,C,27.0,1
OP118788,2025-04-01,W0277,S2,E,3.0,1
OP118789,2025-01-26,W0094,S1,D,11.0,1
OP118790,2025-04-29,W0315,S2,D,25.0,1
OP118793,2025-04-02,W0340,S1,C,43.0,0
OP118794,2025-06-08,W0261,S1,D,20.0,1
OP118795,2025-04-14,W0045,S1,E,12.0,0
OP118798,2025-04-26,W0140,S2,E,35.0,0
OP118799,2025-06-11,W0206,S3,B,40.0,0
OP118801,2025-01-02,W0263,S3,C,4.0,1
OP118806,2025-01-22,W0036,S3,D,17.0,0
OP118807,2025-05-21,W0371,S2,D,44.0,0
OP118808,2025-04-20,W0010,S2,C,27.0,0
OP118810,2025-05-24,W0332,S2,E,12.0,1
OP118813,2025-04-03,W0279,S2,A,11.0,0
OP118815,2025-06-13,W0189,S3,E,10.0,0
OP118816,2025-05-05,W0143,S2,C,39.0,0
OP118822,2025-06-27,W0343,S2,B,17.0,1
OP118827,2025-02-14,W0451,S3,D,41.0,1
OP118829,2025-05-23,W0014,S3,D,19.0,1
OP118830,2025-04-05,W0437,S2,E,47.0,1
OP118833,2025-01-09,W0226,S3,C,21.0,0
OP118834,2025-06-15,W0160,S2,A,3.0,0
OP118837,2025-02-11,W0319,S1,D,21.0,0
OP118838,2025-01-12,W0147,S3,D,33.0,0
OP118839,2025-06-20,W0162,S3,B,32.0,0
OP118842,2025-04-28,W0253,S2,B,27.0,0
OP118843,2025-06-29,W0264,S3,D,31.0,1
OP118844,2025-04-10,W0250,S2,D,34.0,1
OP118845,2025-05-31,W0121,S2,B,27.0,0
OP118847,2025-03-17,W0314,S3,A,23.0,0
OP118854,2025-06-22,W0065,S3,D,49.0,0
OP118857,2025-03-18,W0489,S2,B,11.0,0
OP118858,2025-06-20,W0081,S1,D,43.0,1
OP118859,2025-06-04,W0127,S2,B,27.0,0
OP118862,2025-01-20,W0225,S2,E,29.0,0
OP118865,2025-04-11,W0376,S1,D,12.0,0
OP118866,2025-02-27,W0417,S2,E,13.0,0
OP118867,2025-01-03,W0478,S2,A,23.0,0
OP118874,2025-03-07,W0336,S2,E,33.0,0
OP118877,2025-02-24,W0058,S3,B,8.0,0
OP118879,2025-05-25,W0331,S2,B,7.0,0
OP118880,2025-04-10,W0217,S1,A,32.0,1
OP118886,2025-05-20,W0444,S2,E,8.0,0
OP118887,2025-04-01,W0450,S3,B,26.0,0
OP118891,2025-04-08,W0202,S1,C,28.0,0
OP118893,2025-02-02,W0361,S2,C,44.0,0
OP118897,2025-06-26,W0363,S2,E,46.0,0
OP118898,2025-01-13,W0100,S1,E,42.0,0
OP118901,2025-01-20,W0367,S1,C,49.0,0
OP118903,2025-01-22,W0457,S3,D,5.0,0
OP118904,2025-01-14,W0165,S3,C,10.0,0
OP118907,2025-05-05,W0145,S3,D,17.0,1
OP118909,2025-05-08,W0202,S1,E,36.0,1
OP118913,2025-01-21,W0110,S3,A,31.0,0
OP118914,2025-06-22,W0151,S3,C,18.0,0
OP118915,2025-06-08,W0131,S1,A,13.0,0
OP118917,2025-02-20,W0499,S2,C,13.0,0
OP118919,2025-04-14,W0254,S2,C,14.0,0
OP118921,2025-04-20,W0358,S2,D,30.0,1
OP118922,2025-04-06,W0095,S3,B,35.0,0
OP118927,2025-03-18,W0214,S3,E,45.0,0
OP118931,2025-04-23,W0374,S3,E,11.0,0
OP118932,2025-06-07,W0456,S3,A,16.0,0
OP118933,2025-05-16,W0156,S3,B,47.0,0
OP118934,2025-04-25,W0340,S3,C,26.0,0
OP118935,2025-03-27,W0152,S1,D,22.0,0
OP118937,2025-02-27,W0041,S3,B,31.0,0
OP118938,2025-06-07,W0244,S2,D,33.0,0
OP118941,2025-04-11,W0175,S2,C,3.0,1
OP118946,2025-04-14,W0326,S2,B,47.0,0
OP118947,2025-03-17,W0358,S3,A,16.0,0
OP118951,2025-02-22,W0316,S3,E,3.0,0
OP118954,2025-04-19,W0430,S2,B,29.0,0
OP118960,2025-04-14,W0315,S2,C,10.0,0
OP118961,2025-02-20,W0291,S2,A,18.0,1
OP118963,2025-06-09,W0437,S2,A,1.0,1
OP118965,2025-02-11,W0044,S2,C,41.0,0
OP118967,2025-03-03,W0304,S2,C,19.0,1
OP118968,2025-01-13,W0285,S1,A,44.0,1
OP118969,2025-04-21,W0012,S3,A,2.0,0
OP118970,2025-01-29,W0260,S3,C,21.0,1
OP118972,2025-05-26,W0361,S2,B,44.0,0
OP118975,2025-01-31,W0289,S2,A,24.0,0
OP118978,2025-05-09,W0091,S1,A,12.0,0
OP118979,2025-03-04,W0038,S3,D,14.0,0
OP118980,2025-01-07,W0455,S3,A,6.0,1
OP118981,2025-04-09,W0108,S2,A,13.0,1
OP118986,2025-06-02,W0076,S1,D,8.0,0
OP118988,2025-05-21,W0234,S1,D,3.0,1
OP118989,2025-02-17,W0055,S2,D,42.0,0
OP118990,2025-05-28,W0204,S3,A,47.0,0
OP118993,2025-01-24,W0013,S3,E,33.0,0
OP118994,2025-01-27,W0218,S1,A,3.0,1
OP118997,2025-05-18,W0170,S1,D,49.0,0
OP118999,2025-06-07,W0308,S1,D,15.0,0
OP119000,2025-04-23,W0010,S1,E,42.0,0
OP119001,2025-01-26,W0016,S1,E,41.0,0
OP119003,2025-04-02,W0048,S2,D,15.0,0
OP119004,2025-04-06,W0302,S2,D,30.0,0
OP119005,2025-01-18,W0162,S3,B,22.0,0
OP119008,2025-05-08,W0381,S2,D,2.0,1
OP119009,2025-02-06,W0404,S1,D,4.0,0
OP119011,2025-02-27,W0329,S2,C,48.0,0
OP119014,2025-04-05,W0121,S2,A,18.0,0
OP119016,2025-01-01,W0253,S1,B,23.0,0
OP119017,2025-01-20,W0016,S2,A,26.0,1
OP119018,2025-04-11,W0024,S3,A,24.0,0
OP119019,2025-06-08,W0190,S3,D,46.0,0
OP119023,2025-05-02,W0101,S2,C,38.0,1
OP119026,2025-05-21,W0017,S1,C,19.0,0
OP119031,2025-01-26,W0475,S3,B,33.0,0
OP119033,2025-04-13,W0379,S3,A,21.0,1
OP119035,2025-03-30,W0450,S2,B,18.0,1
OP119040,2025-01-14,W0211,S3,D,42.0,0
OP119041,2025-02-25,W0060,S3,A,46.0,0
OP119042,2025-01-18,W0127,S2,A,26.0,0
OP119043,2025-06-28,W0387,S2,B,14.0,1
OP119044,2025-02-08,W0203,S1,E,39.0,0
OP119046,2025-05-11,W0282,S1,B,44.0,0
OP119047,2025-04-30,W0291,S2,D,45.0,1
OP119050,2025-06-10,W0109,S2,C,4.0,0
OP119051,2025-06-09,W0191,S2,B,44.0,0
OP119053,2025-01-28,W0410,S2,E,8.0,0
OP119055,2025-04-25,W0045,S1,E,35.0,0
OP119061,2025-03-20,W0395,S2,E,37.0,0
OP119063,2025-03-18,W0418,S3,A,13.0,0
OP119069,2025-04-28,W0198,S3,D,19.0,0
OP119072,2025-05-26,W0102,S2,C,24.0,0
OP119073,2025-04-23,W0430,S3,B,24.0,0
OP119077,2025-02-16,W0371,S3,C,43.0,0
OP119078,2025-02-25,W0227,S2,C,5.0,1
OP119079,2025-04-30,W0462,S3,A,24.0,0
OP119083,2025-02-06,W0388,S2,C,16.0,1
OP119087,2025-06-10,W0241,S1,A,4.0,0
OP119098,2025-02-18,W0277,S2,D,26.0,1
OP119100,2025-05-23,W0160,S3,A,32.0,0
OP119108,2025-01-18,W0250,S1,C,15.0,0
OP119113,2025-06-01,W0456,S2,B,16.0,1
OP119114,2025-05-01,W0088,S3,E,28.0,0
OP119116,2025-03-04,W0120,S2,C,31.0,0
OP119117,2025-04-26,W0157,S1,D,4.0,0
OP119121,2025-04-29,W0392,S1,C,34.0,0
OP119122,2025-02-12,W0027,S2,B,3.0,0
OP119125,2025-01-29,W0445,S2,B,7.0,0
OP119131,2025-01-24,W0315,S2,E,2.0,1
OP119132,2025-02-12,W0177,S1,A,16.0,0
OP119136,2025-06-29,W0211,S3,A,46.0,0
OP119137,2025-05-30,W0066,S3,D,44.0,0
OP119138,2025-04-16,W0234,S3,D,26.0,0
OP119139,2025-04-09,W0264,S3,C,37.0,0
OP119142,2025-04-02,W0042,S1,C,11.0,0
OP119143,2025-06-16,W0129,S2,E,22.0,1
OP119147,2025-06-27,W0056,S2,D,6.0,1
OP119149,2025-01-27,W0338,S1,E,27.0,0
OP119150,2025-03-24,W0288,S3,C,11.0,0
OP119151,2025-06-01,W0101,S3,D,40.0,0
OP119152,2025-01-08,W0344,S1,B,40.0,0
OP119154,2025-04-29,W0197,S2,E,42.0,1
OP119155,2025-01-19,W0397,S3,B,17.0,0
OP119163,2025-01-18,W0254,S1,B,36.0,0
OP119164,2025-01-10,W0272,S2,D,2.0,0
OP119165,2025-06-08,W0196,S2,D,44.0,0
OP119166,2025-01-02,W0108,S2,B,25.0,0
OP119167,2025-02-25,W0294,S3,C,33.0,0
OP119169,2025-04-01,W0484,S1,E,42.0,0
OP119171,2025-02-27,W0031,S1,E,15.0,0
OP119176,2025-03-16,W0238,S3,C,14.0,0
OP119177,2025-03-14,W0225,S1,C,47.0,0
OP119178,2025-06-10,W0247,S2,E,6.0,0
OP119179,2025-03-18,W0109,S2,B,15.0,0
OP119181,2025-04-26,W0192,S3,A,25.0,0
OP119182,2025-01-29,W0100,S3,B,10.0,0
OP119183,2025-03-01,W0390,S2,D,24.0,1
OP119185,2025-05-21,W0049,S2,E,30.0,0
OP119191,2025-04-23,W0100,S2,B,41.0,0
OP119193,2025-02-06,W0082,S2,B,45.0,0
OP119194,2025-03-11,W0320,S3,E,49.0,0
OP119195,2025-05-07,W0260,S3,C,13.0,0
OP119196,2025-04-04,W0165,S3,E,30.0,1
OP119197,2025-04-02,W0237,S2,B,6.0,0
OP119203,2025-02-24,W0207,S1,D,16.0,1
OP119205,2025-03-14,W0189,S3,C,38.0,0
OP119208,2025-05-28,W0424,S3,E,5.0,0
OP119213,2025-04-20,W0317,S2,A,44.0,0
OP119218,2025-02-27,W0178,S1,C,16.0,1
OP119220,2025-02-13,W0093,S2,E,47.0,0
OP119223,2025-02-16,W0138,S3,D,35.0,1
OP119225,2025-04-15,W0205,S2,B,36.0,0
OP119226,2025-05-28,W0038,S3,E,36.0,0
OP119231,2025-02-13,W0315,S3,D,4.0,0
OP119236,2025-04-18,W0321,S3,B,28.0,0
OP119238,2025-06-24,W0032,S1,A,2.0,0
OP119240,2025-06-06,W0246,S1,A,38.0,1
OP119241,2025-01-25,W0309,S2,D,28.0,1
OP119244,2025-03-11,W0115,S3,B,11.0,0
OP119245,2025-03-18,W0277,S2,D,4.0,0
OP119247,2025-06-15,W0443,S3,E,21.0,1
OP119248,2025-01-06,W0280,S2,C,19.0,0
OP119249,2025-03-21,W0396,S2,E,16.0,1
OP119250,2025-01-28,W0208,S1,E,27.0,0
OP119251,2025-02-08,W0300,S2,B,48.0,0
OP119254,2025-03-02,W0310,S1,A,3.0,1
OP119257,2025-01-25,W0284,S3,C,16.0,0
OP119258,2025-04-22,W0114,S3,E,29.0,0
OP119260,2025-02-07,W0409,S2,E,37.0,0
OP119263,2025-03-13,W0479,S2,A,39.0,0
OP119264,2025-01-19,W0051,S3,B,14.0,1
OP119265,2025-01-05,W0325,S1,D,11.0,0
OP119266,2025-01-05,W0161,S3,E,28.0,0
OP119270,2025-06-13,W0279,S2,B,36.0,1
OP119271,2025-04-30,W0340,S3,A,1.0,0
OP119272,2025-03-17,W0167,S2,E,11.0,0
OP119276,2025-01-12,W0312,S1,D,21.0,1
OP119278,2025-05-29,W0393,S1,E,2.0,0
OP119280,2025-02-13,W0423,S2,D,47.0,0
OP119283,2025-05-09,W0132,S2,A,37.0,0
OP119288,2025-01-06,W0159,S3,C,48.0,1
OP119290,2025-05-07,W0108,S3,C,45.0,1
OP119291,2025-05-10,W0130,S3,E,45.0,1
OP119295,2025-06-14,W0441,S1,A,40.0,0
OP119296,2025-03-18,W0035,S3,D,39.0,0
OP119297,2025-04-23,W0276,S1,E,49.0,0
OP119302,2025-01-31,W0040,S1,E,43.0,1
OP119309,2025-02-02,W0448,S3,B,39.0,0
OP119310,2025-04-12,W0089,S3,B,28.0,1
OP119312,2025-02-24,W0358,S2,A,40.0,0
OP119313,2025-06-06,W0252,S1,E,18.0,1
OP119314,2025-04-11,W0153,S2,E,4.0,0
OP119316,2025-04-03,W0122,S2,C,32.0,0
OP119318,2025-04-15,W0480,S1,D,42.0,0
OP119320,2025-03-15,W0220,S3,E,10.0,1
OP119321,2025-02-24,W0136,S2,C,13.0,0
OP119326,2025-06-10,W0410,S1,E,8.0,1
OP119327,2025-02-13,W0094,S1,C,14.0,1
OP119328,2025-05-21,W0277,S3,C,8.0,0
OP119329,2025-05-27,W0496,S3,B,5.0,1
OP119337,2025-01-29,W0073,S3,D,45.0,1
OP119340,2025-05-11,W0491,S2,E,15.0,1
OP119341,2025-01-03,W0449,S3,E,15.0,0
OP119345,2025-03-20,W0024,S2,C,24.0,1
OP119347,2025-04-27,W0180,S3,E,27.0,0
OP119348,2025-03-31,W0382,S2,C,21.0,1
OP119349,2025-04-04,W0188,S1,A,34.0,0
OP119351,2025-04-13,W0203,S1,C,21.0,0
OP119357,2025-04-22,W0276,S2,E,30.0,1
OP119359,2025-06-08,W0232,S1,C,17.0,0
OP119363,2025-05-31,W0454,S2,D,33.0,0
OP119366,2025-02-12,W0119,S1,D,10.0,0
OP119368,2025-01-25,W0321,S3,B,34.0,0
OP119370,2025-04-20,W0062,S2,A,26.0,0
OP119372,2025-06-21,W0221,S1,C,42.0,0
OP119385,2025-04-01,W0251,S2,D,16.0,1
OP119393,2025-01-24,W0160,S3,C,31.0,0
OP119396,2025-05-16,W0179,S2,E,20.0,0
OP119397,2025-02-11,W0167,S2,D,32.0,0
OP119399,2025-05-12,W0409,S2,D,46.0,0
OP119401,2025-03-12,W0367,S1,E,19.0,1
OP119402,2025-01-16,W0496,S2,E,17.0,0
OP119403,2025-05-08,W0458,S2,A,22.0,0
OP119404,2025-05-31,W0042,S3,C,26.0,0
OP119408,2025-05-08,W0348,S3,B,36.0,0
OP119411,2025-03-01,W0323,S3,D,45.0,1
OP119413,2025-06-01,W0226,S2,C,3.0,0
OP119414,2025-06-12,W0410,S3,A,28.0,0
OP119418,2025-02-26,W0008,S2,B,20.0,0
OP119419,2025-04-09,W0130,S1,D,12.0,0
OP119420,2025-04-03,W0083,S2,B,47.0,0
OP119426,2025-05-17,W0087,S1,A,12.0,0
OP119428,2025-01-03,W0263,S2,A,7.0,0
OP119431,2025-04-06,W0498,S2,E,12.0,0
OP119433,2025-06-28,W0192,S2,B,30.0,1
OP119437,2025-02-23,W0476,S1,E,25.0,1
OP119438,2025-03-18,W0281,S2,B,7.0,0
OP119441,2025-04-17,W0052,S3,D,49.0,0
OP119442,2025-05-25,W0358,S2,D,37.0,0
OP119449,2025-01-31,W0018,S2,D,48.0,1
OP119452,2025-05-19,W0147,S2,B,22.0,0
OP119459,2025-02-19,W0050,S2,D,40.0,0
OP119460,2025-01-18,W0313,S2,B,17.0,0
OP119463,2025-06-11,W0011,S1,E,22.0,1
OP119464,2025-03-24,W0009,S2,D,35.0,0
OP119465,2025-06-26,W0185,S2,E,11.0,1
OP119466,2025-05-28,W0471,S2,C,21.0,0
OP119467,2025-01-31,W0313,S2,A,28.0,1
OP119468,2025-05-16,W0063,S2,C,38.0,0
OP119471,2025-06-03,W0326,S2,E,33.0,1
OP119472,2025-04-22,W0126,S1,A,13.0,1
OP119475,2025-04-27,W0447,S1,A,12.0,0
OP119482,2025-06-23,W0195,S2,E,43.0,0
OP119484,2025-03-24,W0399,S3,E,43.0,0
OP119485,2025-03-07,W0124,S3,C,35.0,0
OP119487,2025-03-19,W0430,S1,E,27.0,0
OP119489,2025-01-02,W0129,S2,D,47.0,0
OP119491,2025-02-14,W0087,S2,A,24.0,1
OP119494,2025-06-20,W0191,S2,E,10.0,1
OP119497,2025-05-11,W0092,S3,D,14.0,0
OP119500,2025-01-29,W0070,S1,A,24.0,0
OP119505,2025-01-25,W0187,S3,A,22.0,0
OP119507,2025-02-13,W0357,S2,C,44.0,1
OP119512,2025-04-18,W0478,S2,A,8.0,1
OP119515,2025-02-17,W0192,S1,C,10.0,1
OP119516,2025-05-13,W0405,S3,C,45.0,0
OP119518,2025-03-29,W0427,S2,B,38.0,0
OP119519,2025-02-22,W0191,S2,A,26.0,0
OP119522,2025-01-26,W0196,S1,A,46.0,0
OP119523,2025-01-20,W0476,S1,A,46.0,1
OP119524,2025-06-27,W0259,S2,C,6.0,1
OP119525,2025-05-04,W0393,S3,E,33.0,0
OP119526,2025-05-14,W0031,S1,C,7.0,0
OP119527,2025-05-24,W0260,S2,B,23.0,1
OP119530,2025-03-30,W0154,S2,A,11.0,1
OP119531,2025-05-23,W0246,S2,E,6.0,0
OP119532,2025-03-15,W0423,S2,A,7.0,0
OP119535,2025-02-07,W0300,S2,C,19.0,0
OP119536,2025-05-24,W0233,S1,D,49.0,0
OP119538,2025-01-29,W0471,S2,B,17.0,0
OP119539,2025-03-18,W0177,S2,A,8.0,0
OP119544,2025-05-26,W0118,S1,C,49.0,0
OP119546,2025-06-23,W0386,S2,D,17.0,0
OP119549,2025-05-26,W0313,S1,E,17.0,1
OP119552,2025-01-03,W0183,S3,E,24.0,0
OP119553,2025-01-08,W0377,S3,E,37.0,0
OP119555,2025-04-23,W0350,S2,D,3.0,0
OP119557,2025-05-12,W0411,S3,E,30.0,1
OP119559,2025-04-24,W0084,S2,A,8.0,0
OP119560,2025-03-18,W0279,S2,E,32.0,0
OP119562,2025-05-27,W0263,S2,B,32.0,0
OP119565,2025-06-10,W0164,S2,C,34.0,0
OP119566,2025-06-29,W0303,S2,E,34.0,1
OP119568,2025-02-02,W0202,S1,E,9.0,0
OP119571,2025-06-22,W0024,S3,D,13.0,0
OP119580,2025-01-24,W0413,S3,E,17.0,0
OP119584,2025-01-04,W0484,S1,E,44.0,0
OP119585,2025-04-02,W0273,S3,E,35.0,0
OP119586,2025-06-12,W0141,S2,C,10.0,0
OP119590,2025-01-03,W0031,S2,E,39.0,0
OP119591,2025-01-17,W0396,S3,E,23.0,0
OP119592,2025-01-17,W0139,S1,D,43.0,0
OP119593,2025-01-18,W0197,S1,D,14.0,1
OP119595,2025-06-09,W0142,S3,D,47.0,0
OP119598,2025-06-27,W0284,S2,C,21.0,0
OP119601,2025-06-14,W0354,S1,E,47.0,1
OP119603,2025-02-21,W0334,S2,B,21.0,0
OP119604,2025-05-28,W0464,S2,B,29.0,0
OP119608,2025-03-22,W0046,S2,B,34.0,0
OP119609,2025-04-21,W0483,S2,D,26.0,0
OP119610,2025-02-14,W0324,S1,D,37.0,1
OP119611,2025-01-12,W0011,S2,D,11.0,0
OP119612,2025-01-04,W0241,S2,D,38.0,0
OP119615,2025-03-13,W0364,S3,A,41.0,0
OP119616,2025-04-07,W0152,S2,E,14.0,0
OP119617,2025-04-04,W0017,S2,B,33.0,0
OP119621,2025-05-30,W0363,S2,D,4.0,0
OP119622,2025-06-01,W0446,S2,B,43.0,0
OP119624,2025-05-24,W0158,S3,B,25.0,1
OP119625,2025-04-11,W0062,S1,C,20.0,0
OP119626,2025-03-12,W0230,S2,C,40.0,1
OP119636,2025-01-03,W0493,S2,D,5.0,1
OP119637,2025-03-21,W0254,S3,A,41.0,1
OP119638,2025-05-14,W0147,S2,A,28.0,1
OP119640,2025-02-10,W0082,S1,A,41.0,0
OP119642,2025-03-07,W0276,S2,A,10.0,0
OP119645,2025-06-02,W0237,S3,B,5.0,1
OP119648,2025-05-19,W0469,S2,D,32.0,1
OP119651,2025-02-12,W0430,S2,A,17.0,1
OP119652,2025-06-27,W0312,S1,D,1.0,1
OP119653,2025-03-30,W0007,S2,C,45.0,1
OP119655,2025-02-17,W0140,S3,B,48.0,1
OP119658,2025-01-19,W0093,S2,C,12.0,0
OP119661,2025-03-25,W0104,S1,E,6.0,0
OP119663,2025-05-11,W0109,S3,B,38.0,0
OP119665,2025-02-05,W0253,S2,B,5.0,0
OP119667,2025-03-19,W0299,S2,C,49.0,0
OP119669,2025-06-13,W0122,S3,D,25.0,0
OP119670,2025-04-30,W0367,S1,D,14.0,0
OP119673,2025-03-02,W0171,S2,C,47.0,1
OP119674,2025-06-15,W0052,S2,C,29.0,1
OP119676,2025-02-18,W0225,S3,A,45.0,0
OP119680,2025-02-13,W0414,S3,D,44.0,1
OP119685,2025-05-20,W0114,S3,B,38.0,0
OP119687,2025-01-15,W0358,S1,C,38.0,0
OP119688,2025-02-14,W0184,S2,A,16.0,0
OP119690,2025-05-18,W0323,S1,A,34.0,0
OP119692,2025-03-21,W0398,S3,D,35.0,0
OP119693,2025-06-23,W0141,S2,A,1.0,1
OP119696,2025-05-30,W0083,S2,B,5.0,0
OP119697,2025-01-08,W0132,S2,D,49.0,0
OP119699,2025-02-03,W0118,S1,A,23.0,0
OP119700,2025-02-28,W0405,S2,C,3.0,1
OP119703,2025-05-13,W0272,S3,A,29.0,1
OP119704,2025-05-05,W0296,S2,D,17.0,0
OP119705,2025-05-01,W0370,S2,D,26.0,0
OP119708,2025-01-17,W0493,S1,A,19.0,0
OP119709,2025-04-08,W0234,S3,C,32.0,1
OP119711,2025-01-21,W0164,S2,D,17.0,0
OP119712,2025-02-10,W0201,S2,E,38.0,0
OP119713,2025-06-28,W0366,S2,A,10.0,1
OP119714,2025-01-05,W0077,S3,E,16.0,0
OP119715,2025-05-02,W0166,S1,E,23.0,0
OP119716,2025-01-14,W0047,S2,A,39.0,0
OP119719,2025-03-30,W0391,S1,E,30.0,1
OP119720,2025-02-02,W0479,S2,E,5.0,0
OP119721,2025-03-03,W0397,S2,B,7.0,1
OP119729,2025-02-09,W0092,S1,A,10.0,0
OP119731,2025-04-08,W0326,S2,B,29.0,0
OP119741,2025-03-14,W0092,S2,C,19.0,1
OP119748,2025-03-12,W0350,S2,B,45.0,0
OP119750,2025-03-16,W0425,S1,C,23.0,1
OP119751,2025-03-23,W0460,S2,D,37.0,1
OP119752,2025-05-23,W0118,S2,B,11.0,0
OP119753,2025-04-27,W0113,S3,E,34.0,1
OP119755,2025-03-21,W0472,S2,C,37.0,1
OP119756,2025-05-05,W0459,S3,A,27.0,1
OP119757,2025-01-09,W0290,S1,A,9.0,0
OP119764,2025-05-16,W0392,S3,B,18.0,1
OP119765,2025-05-03,W0387,S1,A,44.0,0
OP119772,2025-05-03,W0262,S2,A,33.0,0
OP119774,2025-05-17,W0437,S2,E,3.0,0
OP119778,2025-01-23,W0266,S1,E,22.0,1
OP119780,2025-05-19,W0092,S3,D,41.0,0
OP119784,2025-02-27,W0144,S2,C,39.0,0
OP119787,2025-02-01,W0081,S2,C,25.0,0
OP119796,2025-06-25,W0447,S2,E,47.0,0
OP119797,2025-06-23,W0340,S3,E,43.0,0
OP119802,2025-02-24,W0340,S3,E,40.0,0
OP119803,2025-02-04,W0395,S3,C,4.0,0
OP119805,2025-06-25,W0469,S2,D,34.0,1
OP119808,2025-02-08,W0482,S1,C,43.0,1
OP119812,2025-02-08,W0480,S2,D,46.0,0
OP119817,2025-06-24,W0121,S1,E,3.0,0
OP119819,2025-01-13,W0474,S3,B,39.0,1
OP119822,2025-05-24,W0047,S2,C,38.0,0
OP119826,2025-04-04,W0339,S2,D,13.0,0
OP119831,2025-06-24,W0204,S2,D,42.0,0
OP119833,2025-06-03,W0190,S1,B,49.0,0
OP119835,2025-06-19,W0209,S2,A,1.0,0
OP119836,2025-05-02,W0008,S1,A,43.0,0
OP119838,2025-06-02,W0472,S2,C,30.0,0
OP119843,2025-03-13,W0059,S2,B,43.0,0
OP119844,2025-06-03,W0131,S1,B,49.0,0
OP119845,2025-05-03,W0179,S1,C,49.0,0
OP119849,2025-04-05,W0390,S2,E,1.0,0
OP119854,2025-02-17,W0182,S2,D,25.0,0
OP119858,2025-04-03,W0015,S3,E,47.0,0
OP119859,2025-03-30,W0316,S1,D,4.0,0
OP119862,2025-02-17,W0283,S3,A,34.0,0
OP119867,2025-01-09,W0441,S3,E,15.0,0
OP119870,2025-01-28,W0160,S1,E,44.0,0
OP119872,2025-04-03,W0294,S3,B,1.0,1
OP119873,2025-04-21,W0396,S2,A,24.0,0
OP119877,2025-05-17,W0429,S3,A,28.0,0
OP119879,2025-03-08,W0178,S2,B,28.0,0
OP119888,2025-06-26,W0416,S2,D,12.0,1
OP119889,2025-06-02,W0110,S2,B,24.0,0
OP119891,2025-05-22,W0073,S2,D,10.0,0
OP119892,2025-05-24,W0041,S3,B,18.0,0
OP119896,2025-06-23,W0282,S3,D,12.0,0
OP119899,2025-03-10,W0494,S3,A,49.0,1
OP119900,2025-01-23,W0112,S3,B,36.0,0
OP119901,2025-01-19,W0014,S2,A,39.0,0
OP119902,2025-04-08,W0148,S1,A,13.0,1
OP119904,2025-02-16,W0280,S3,E,49.0,0
OP119906,2025-02-28,W0336,S2,B,36.0,1
OP119907,2025-03-12,W0384,S2,D,34.0,0
OP119908,2025-01-02,W0333,S1,E,49.0,0
OP119911,2025-03-24,W0146,S2,B,41.0,0
OP119913,2025-06-18,W0140,S2,A,17.0,1
OP119917,2025-03-02,W0201,S2,D,49.0,0
OP119918,2025-03-17,W0014,S1,B,39.0,0
OP119923,2025-05-04,W0475,S1,D,39.0,0
OP119924,2025-01-28,W0021,S2,A,5.0,0
OP119927,2025-05-28,W0282,S2,A,37.0,0
OP119928,2025-03-28,W0210,S3,C,30.0,0
OP119930,2025-04-21,W0315,S3,D,31.0,0
OP119935,2025-05-20,W0122,S1,D,17.0,0
OP119937,2025-05-05,W0044,S3,E,37.0,0
OP119940,2025-04-22,W0103,S1,D,8.0,1
OP119942,2025-06-01,W0176,S2,D,41.0,0
OP119945,2025-03-01,W0288,S1,A,8.0,0
OP119947,2025-05-27,W0414,S3,E,27.0,0
OP119949,2025-02-17,W0041,S2,A,32.0,0
OP119951,2025-04-11,W0339,S1,C,38.0,0
OP119953,2025-01-23,W0038,S2,C,13.0,0
OP119954,2025-06-20,W0381,S3,E,21.0,0
OP119956,2025-04-12,W0241,S2,C,7.0,0
OP119958,2025-01-26,W0163,S3,B,12.0,0
OP119960,2025-01-21,W0452,S2,D,28.0,0
OP119965,2025-02-08,W0041,S1,D,10.0,0
OP119966,2025-04-14,W0351,S1,A,43.0,0
OP119969,2025-02-27,W0288,S2,B,27.0,0
OP119976,2025-04-15,W0473,S3,D,12.0,1
OP119977,2025-02-18,W0296,S1,A,48.0,0
OP119978,2025-06-19,W0189,S2,E,43.0,0
OP119980,2025-05-01,W0209,S3,C,40.0,0
OP119982,2025-03-05,W0131,S2,C,15.0,0
OP119983,2025-06-22,W0296,S1,C,49.0,0
OP119984,2025-04-19,W0110,S2,B,16.0,1
OP119985,2025-01-07,W0170,S2,E,5.0,0
OP119991,2025-05-20,W0420,S2,A,23.0,0
OP119997,2025-06-02,W0489,S2,C,3.0,1
OP119999,2025-03-12,W0160,S2,C,31.0,0
