operation_id,worker_id,shift,zone,pick_qty,error_flag,operation_time
OP100000,W0243,Evening,E,19.0,,2025-02-23 10:31:00
OP100001,W0293,Evening,B,0.0,1.0,2025-05-31 01:49:00
OP100002,W0263,Morning,B,9.0,0.0,2025-01-03 20:19:00
OP100003,W0415,Mornng,D,34.0,,2025-01-28 20:55:00
OP100004,W0182,Night,D,0.0,,2025-06-28 01:29:00
OP100005,W0194,,,,2.0,2025-06-07 02:03:00
OP100006,W0490,,A,22.0,1.0,2025-02-27 04:00:00
OP100007,W0320,Night,Z,16.0,,2025-01-20 14:45:00
OP100008,W0163,,,46.0,,2025-04-23 01:01:00
OP100009,W0274,,E,49.0,2.0,2025-05-13 18:56:00
OP100010,W0308,,D,26.0,,2025-05-08 22:15:00
OP100011,W0108,Mornng,B,49.0,,2025-02-07 08:51:00
OP100012,W0391,Mornng,D,11.0,1.0,2025-02-26 00:42:00
OP100013,W0222,Mornng,Z,29.0,,2025-05-28 13:36:00
OP100014,W0274,Morning,C,8.0,0.0,2025-06-12 09:30:00
OP100015,W0233,Mornng,E,1.0,1.0,2025-04-06 05:45:00
OP100016,W0027,Evening,E,27.0,1.0,2025-05-24 01:56:00
OP100017,W0256,Night,A,24.0,0.0,2025-04-19 00:46:00
OP100018,W0100,Evening,C,26.0,1.0,2025-03-09 14:10:00
OP100019,W0138,,E,19.0,0.0,2025-06-09 21:03:00
OP100020,W0468,Night,A,2.0,0.0,2025-01-26 19:33:00
OP100021,W0494,,D,48.0,0.0,2025-02-04 14:39:00
OP100022,W0087,Morning,C,9.0,1.0,2025-05-09 11:27:00
OP100023,W0230,,C,33.0,0.0,2025-02-16 14:41:00
OP100024,W0481,Mornng,B,7.0,,2025-02-18 05:57:00
OP100025,W0065,,Z,11.0,2.0,2025-01-12 23:23:00
OP100026,W0286,Night,B,17.0,,2025-06-28 08:50:00
OP100027,W0175,Evening,Z,39.0,2.0,2025-06-05 04:17:00
OP100028,W0016,Morning,E,30.0,1.0,2025-01-29 08:32:00
OP100029,W0125,Night,,17.0,,2025-05-09 21:20:00
OP100030,W0336,Evening,C,6.0,2.0,2025-02-01 02:24:00
OP100031,W0071,Night,A,6.0,2.0,2025-04-16 22:47:00
OP100032,W0330,,E,28.0,2.0,2025-03-21 16:36:00
OP100033,W0131,,,16.0,0.0,2025-01-31 21:07:00
OP100034,W0404,,A,8.0,2.0,2025-01-05 00:31:00
OP100035,W0260,Evening,Z,16.0,,2025-01-02 21:13:00
OP100036,W0227,Evening,A,,,2025-04-20 01:45:00
OP100037,W0329,,Z,-5.0,0.0,2025-04-01 13:49:00
OP100038,W0243,Night,E,13.0,0.0,2025-01-02 12:11:00
OP100039,W0001,Evening,D,27.0,,2025-01-30 17:15:00
OP100040,W0187,Night,A,39.0,1.0,2025-05-09 17:27:00
OP100041,W0396,Night,Z,13.0,1.0,2025-05-02 02:32:00
OP100042,W0465,Morning,C,21.0,1.0,2025-05-07 08:50:00
OP100043,W0083,Mornng,E,34.0,,2025-05-20 05:00:00
OP100044,W0442,Mornng,B,15.0,1.0,2025-04-16 07:23:00
OP100045,W0360,Morning,C,5.0,,2025-01-02 10:51:00
OP100046,W0063,Morning,E,19.0,,2025-06-14 12:24:00
OP100047,W0487,Mornng,B,,2.0,2025-03-12 15:52:00
OP100048,W0150,Mornng,B,12.0,0.0,2025-06-17 19:59:00
OP100049,W0388,Night,,,1.0,2025-03-07 14:35:00
OP100050,W0322,,C,33.0,1.0,2025-04-06 11:37:00
OP100051,W0433,Night,C,5.0,0.0,2025-03-02 18:10:00
OP100052,W0424,,B,41.0,1.0,2025-02-10 04:49:00
OP100053,W0047,Evening,E,10.0,1.0,2025-05-24 14:11:00
OP100054,W0335,Night,E,8.0,1.0,2025-04-14 11:54:00
OP100055,W0128,,D,20.0,1.0,2025-02-28 09:35:00
OP100056,W0139,Night,C,41.0,2.0,2025-01-11 05:48:00
OP100057,W0055,,C,14.0,1.0,2025-05-09 06:53:00
OP100058,W0269,Mornng,E,26.0,1.0,2025-02-04 18:37:00
OP100059,W0010,Mornng,A,0.0,2.0,2025-04-26 00:56:00
OP100060,W0057,Mornng,Z,40.0,2.0,2025-01-08 08:24:00
OP100061,W0484,Night,,32.0,2.0,2025-01-28 13:17:00
OP100062,W0341,,E,37.0,1.0,2025-02-04 11:29:00
OP100063,W0205,Night,C,29.0,2.0,2025-04-19 08:02:00
OP100064,W0483,,E,32.0,,2025-06-06 18:29:00
OP100065,W0376,Morning,A,7.0,0.0,2025-02-02 11:19:00
OP100066,W0077,,B,35.0,0.0,2025-02-27 20:03:00
OP100067,W0093,,C,2.0,0.0,2025-03-19 09:19:00
OP100068,W0121,Morning,,40.0,0.0,2025-03-19 13:44:00
OP100069,W0087,Morning,A,30.0,1.0,2025-01-16 07:57:00
OP100070,W0495,,B,-5.0,,2025-06-25 18:52:00
OP100071,W0373,,E,49.0,1.0,2025-04-22 09:10:00
OP100072,W0070,,D,43.0,1.0,2025-03-26 19:47:00
OP100073,W0074,,Z,13.0,1.0,2025-01-29 18:04:00
OP100074,W0215,,B,34.0,2.0,2025-03-14 07:54:00
OP100075,W0496,Mornng,E,22.0,,2025-05-23 11:02:00
OP100076,W0113,,E,39.0,0.0,2025-01-01 11:52:00
OP100077,W0245,Morning,Z,18.0,0.0,2025-06-07 16:57:00
OP100078,W0162,,D,47.0,2.0,2025-02-05 11:54:00
OP100079,W0072,Mornng,,23.0,2.0,2025-04-02 16:46:00
OP100080,W0129,Morning,,23.0,,2025-06-08 16:39:00
OP100081,W0437,Evening,A,25.0,,2025-05-24 14:03:00
OP100082,W0128,Morning,B,10.0,0.0,2025-01-22 14:06:00
OP100083,W0449,Mornng,Z,40.0,,2025-06-10 22:58:00
OP100084,W0063,,A,7.0,2.0,2025-05-30 04:34:00
OP100085,W0294,Morning,E,24.0,,2025-01-23 19:30:00
OP100086,W0378,,A,42.0,,2025-02-24 08:15:00
OP100087,W0059,,A,48.0,0.0,2025-02-15 15:56:00
OP100088,W0483,Night,C,8.0,2.0,2025-03-17 17:39:00
OP100089,W0498,Night,E,40.0,1.0,2025-06-16 15:36:00
OP100090,W0325,,A,2.0,2.0,2025-05-10 19:23:00
OP100091,W0174,,E,8.0,0.0,2025-04-05 13:31:00
OP100092,W0146,Morning,,2.0,1.0,2025-03-05 22:07:00
OP100093,W0468,Morning,A,41.0,2.0,2025-02-12 01:06:00
OP100094,W0495,Mornng,E,11.0,1.0,2025-02-05 13:30:00
OP100095,W0294,Mornng,A,15.0,0.0,2025-06-08 15:48:00
OP100096,W0138,Mornng,,35.0,,2025-01-09 21:48:00
OP100097,W0322,,B,30.0,2.0,2025-01-24 15:11:00
OP100098,W0259,Night,Z,7.0,1.0,2025-01-29 15:09:00
OP100099,W0176,Morning,Z,1.0,1.0,2025-01-16 13:24:00
OP100100,W0066,Mornng,E,45.0,2.0,2025-06-06 07:11:00
OP100101,W0438,Morning,Z,9.0,1.0,2025-01-30 05:28:00
OP100102,W0173,Evening,E,38.0,,2025-02-18 08:36:00
OP100103,W0337,,B,21.0,0.0,2025-06-10 02:03:00
OP100104,W0423,Mornng,A,,,2025-01-18 13:49:00
OP100105,W0141,Evening,Z,42.0,0.0,2025-03-13 10:09:00
OP100106,W0410,Night,A,,2.0,2025-06-15 22:29:00
OP100107,W0339,Morning,C,34.0,,2025-04-16 14:31:00
OP100108,W0198,,B,48.0,,2025-06-06 23:41:00
OP100109,W0292,Evening,E,23.0,1.0,2025-05-22 21:46:00
OP100110,W0278,,Z,40.0,0.0,2025-05-20 10:15:00
OP100111,W0387,,Z,34.0,,2025-03-18 06:03:00
OP100112,W0155,Night,E,3.0,2.0,2025-04-10 06:19:00
OP100113,W0117,Morning,Z,30.0,1.0,2025-04-16 22:11:00
OP100114,W0351,Morning,Z,23.0,0.0,2025-03-02 20:15:00
OP100115,W0427,Mornng,A,42.0,1.0,2025-01-24 16:06:00
OP100116,W0183,,E,49.0,0.0,2025-04-04 04:26:00
OP100117,W0446,Night,B,29.0,1.0,2025-05-23 01:17:00
OP100118,W0156,,Z,49.0,,2025-03-01 15:39:00
OP100119,W0120,,D,28.0,1.0,2025-05-04 16:17:00
OP100120,W0312,Mornng,C,21.0,2.0,2025-06-10 05:45:00
OP100121,W0478,,E,,1.0,2025-04-13 18:30:00
OP100122,W0448,Mornng,E,47.0,2.0,2025-06-12 13:28:00
OP100123,W0341,Evening,B,21.0,,2025-05-07 09:24:00
OP100124,W0405,Mornng,C,13.0,1.0,2025-04-16 07:40:00
OP100125,W0374,Night,E,10.0,0.0,2025-03-10 04:26:00
OP100126,W0262,Mornng,D,17.0,0.0,2025-01-28 18:23:00
OP100127,W0052,Morning,A,8.0,,2025-02-03 14:08:00
OP100128,W0048,,B,39.0,0.0,2025-06-21 11:59:00
OP100129,W0447,,C,30.0,1.0,2025-04-05 13:43:00
OP100130,W0369,Mornng,A,18.0,,invalid_date
OP100131,W0432,Morning,B,6.0,1.0,2025-06-09 17:53:00
OP100132,W0247,Night,A,27.0,2.0,2025-03-26 10:26:00
OP100133,W0219,Night,B,6.0,0.0,2025-02-21 20:45:00
OP100134,W0296,Night,Z,5.0,1.0,2025-01-14 08:33:00
OP100135,W0454,,,14.0,0.0,2025-03-08 16:48:00
OP100136,W0310,Morning,A,40.0,2.0,2025-02-23 23:34:00
OP100137,W0305,Night,,28.0,2.0,2025-06-07 23:23:00
OP100138,W0158,Night,B,19.0,2.0,2025-05-06 05:36:00
OP100139,W0322,Mornng,A,6.0,1.0,2025-03-01 22:33:00
OP100140,W0297,Mornng,D,49.0,1.0,2025-04-01 21:44:00
OP100141,W0410,,Z,22.0,,2025-02-07 13:53:00
OP100142,W0027,,B,17.0,0.0,2025-02-18 22:31:00
OP100143,W0172,Night,Z,8.0,,2025-05-14 23:07:00
OP100144,W0368,,E,44.0,2.0,invalid_date
OP100145,W0021,,C,18.0,,2025-04-19 18:46:00
OP100146,W0051,Evening,E,9.0,1.0,2025-04-02 17:39:00
OP100147,W0487,Night,,38.0,0.0,2025-03-08 11:48:00
OP100148,W0057,Evening,B,6.0,2.0,2025-02-23 10:01:00
OP100149,W0206,Evening,,27.0,2.0,2025-04-20 16:23:00
OP100150,W0168,Mornng,D,43.0,,2025-03-11 10:03:00
OP100151,W0162,Mornng,,44.0,1.0,2025-03-22 16:15:00
OP100152,W0080,,B,49.0,0.0,2025-04-29 20:39:00
OP100153,W0236,Evening,B,12.0,0.0,2025-06-27 09:37:00
OP100154,W0312,Morning,D,30.0,,2025-01-06 13:18:00
OP100155,W0063,Night,,12.0,1.0,2025-04-26 09:38:00
OP100156,W0012,Mornng,D,5.0,2.0,2025-01-28 08:46:00
OP100157,W0072,,B,25.0,,2025-03-07 18:56:00
OP100158,W0088,Morning,C,44.0,0.0,2025-03-21 04:23:00
OP100159,W0221,Evening,C,35.0,,2025-04-24 03:55:00
OP100160,W0377,Mornng,B,34.0,1.0,2025-01-08 18:27:00
OP100161,W0325,,A,43.0,0.0,2025-04-09 06:45:00
OP100162,W0221,Evening,C,6.0,0.0,2025-01-06 23:33:00
OP100163,W0341,,A,0.0,,2025-04-11 00:17:00
OP100164,W0214,,E,17.0,0.0,2025-04-19 05:49:00
OP100165,W0289,Mornng,C,44.0,0.0,2025-02-18 00:29:00
OP100166,W0102,Night,A,15.0,1.0,2025-03-14 18:14:00
OP100167,W0314,Night,C,28.0,2.0,2025-05-22 16:52:00
OP100168,W0400,Morning,Z,24.0,0.0,2025-03-23 08:20:00
OP100169,W0115,Evening,Z,21.0,,2025-06-18 08:34:00
OP100170,W0263,Mornng,A,22.0,0.0,invalid_date
OP100171,W0315,,B,14.0,0.0,2025-03-16 11:50:00
OP100172,W0098,Morning,B,19.0,0.0,2025-04-11 14:26:00
OP100173,W0333,Mornng,A,31.0,2.0,2025-06-29 15:06:00
OP100174,W0494,Evening,,16.0,0.0,2025-04-12 04:24:00
OP100175,W0327,Mornng,A,40.0,0.0,2025-02-10 02:25:00
OP100176,W0227,Night,C,10.0,1.0,2025-02-28 03:18:00
OP100177,W0438,Morning,,43.0,,2025-04-04 05:51:00
OP100178,W0240,,Z,48.0,0.0,2025-04-24 18:23:00
OP100179,W0497,,,37.0,,2025-01-05 07:02:00
OP100180,W0367,,Z,1.0,0.0,2025-03-06 21:36:00
OP100181,W0137,Night,D,34.0,2.0,2025-03-13 23:57:00
OP100182,W0305,,,36.0,1.0,2025-01-02 13:31:00
OP100183,W0092,Mornng,,4.0,0.0,2025-03-08 09:33:00
OP100184,W0136,Morning,E,18.0,1.0,2025-03-11 22:10:00
OP100185,W0028,Night,C,35.0,,2025-03-02 06:10:00
OP100186,W0190,Evening,D,27.0,1.0,2025-05-17 08:08:00
OP100187,W0376,,D,25.0,1.0,2025-05-25 15:23:00
OP100188,W0436,,E,43.0,1.0,2025-03-13 17:31:00
OP100189,W0038,,B,29.0,2.0,2025-03-12 21:44:00
OP100190,W0064,,A,47.0,1.0,2025-03-02 02:50:00
OP100191,W0441,,D,27.0,0.0,2025-03-26 16:03:00
OP100192,W0192,Night,,17.0,1.0,2025-02-09 01:00:00
OP100193,W0371,Night,Z,35.0,2.0,2025-06-19 06:12:00
OP100194,W0380,Evening,D,43.0,1.0,2025-05-13 01:50:00
OP100195,W0295,Morning,D,31.0,,2025-01-20 19:09:00
OP100196,W0488,,Z,32.0,0.0,2025-02-27 12:02:00
OP100197,W0283,Night,A,24.0,2.0,2025-03-11 15:46:00
OP100198,W0252,Evening,B,5.0,,2025-05-09 04:10:00
OP100199,W0457,Night,B,37.0,,2025-03-08 18:07:00
OP100200,W0342,Evening,,0.0,0.0,2025-03-29 14:16:00
OP100201,W0409,,E,33.0,2.0,2025-01-21 14:35:00
OP100202,W0217,Evening,D,47.0,0.0,2025-05-06 23:21:00
OP100203,W0061,Night,C,44.0,2.0,2025-05-28 02:33:00
OP100204,W0233,,B,31.0,,2025-04-09 19:20:00
OP100205,W0146,Mornng,B,25.0,2.0,2025-01-01 05:22:00
OP100206,W0180,Morning,Z,43.0,1.0,2025-05-06 19:59:00
OP100207,W0325,Night,C,33.0,2.0,2025-02-28 15:57:00
OP100208,W0421,,B,30.0,0.0,2025-02-25 19:59:00
OP100209,W0271,,C,37.0,2.0,2025-03-11 00:18:00
OP100210,W0244,,E,47.0,0.0,2025-04-02 19:29:00
OP100211,W0079,Mornng,E,17.0,,2025-01-02 22:19:00
OP100212,W0426,Morning,C,8.0,,2025-01-03 23:30:00
OP100213,W0423,Morning,A,3.0,,2025-04-13 08:15:00
OP100214,W0064,Mornng,,33.0,2.0,2025-02-14 00:57:00
OP100215,W0298,Mornng,C,3.0,0.0,2025-04-29 10:08:00
OP100216,W0335,,C,11.0,,2025-04-25 00:12:00
OP100217,W0472,Night,Z,-5.0,1.0,2025-01-25 02:07:00
OP100218,W0315,Night,,29.0,,2025-05-19 08:09:00
OP100219,W0225,Night,,0.0,1.0,2025-06-12 09:03:00
OP100220,W0440,Mornng,A,33.0,0.0,2025-05-17 12:40:00
OP100221,W0040,,,0.0,1.0,2025-04-19 18:25:00
OP100222,W0150,Evening,E,47.0,1.0,2025-05-04 06:14:00
OP100223,W0192,Evening,A,10.0,2.0,2025-06-05 11:03:00
OP100224,W0315,,A,20.0,,2025-06-07 23:11:00
OP100225,W0381,,Z,26.0,0.0,invalid_date
OP100226,W0351,Mornng,D,32.0,1.0,2025-02-19 14:04:00
OP100227,W0108,,B,24.0,2.0,2025-04-03 18:52:00
OP100228,W0209,Mornng,D,43.0,,2025-04-07 14:11:00
OP100229,W0163,Mornng,Z,23.0,2.0,2025-01-16 05:01:00
OP100230,W0047,Mornng,C,1.0,0.0,2025-04-20 02:10:00
OP100231,W0476,Night,Z,0.0,0.0,2025-01-17 05:07:00
OP100232,W0357,Evening,Z,41.0,0.0,2025-03-15 00:27:00
OP100233,W0442,,D,48.0,1.0,2025-04-11 22:44:00
OP100234,W0458,,D,32.0,1.0,2025-01-15 03:57:00
OP100235,W0294,Night,,4.0,1.0,2025-06-27 10:53:00
OP100236,W0275,,Z,43.0,2.0,2025-06-23 13:36:00
OP100237,W0252,,C,1.0,2.0,2025-03-30 23:33:00
OP100238,W0370,,C,35.0,0.0,2025-03-02 17:03:00
OP100239,W0423,,Z,18.0,,2025-05-14 18:44:00
OP100240,W0250,Morning,C,16.0,1.0,2025-04-07 09:19:00
OP100241,W0108,Night,B,31.0,2.0,2025-06-15 03:30:00
OP100242,W0404,Night,,-5.0,1.0,2025-04-30 09:21:00
OP100243,W0261,Evening,B,38.0,,2025-05-20 08:45:00
OP100244,W0297,,,29.0,,2025-02-03 22:27:00
OP100245,W0119,Night,B,9.0,1.0,2025-01-03 00:46:00
OP100246,W0133,,A,19.0,2.0,2025-05-30 08:05:00
OP100247,W0218,Mornng,Z,43.0,0.0,2025-03-30 04:16:00
OP100248,W0178,Evening,Z,5.0,1.0,2025-05-08 15:54:00
OP100249,W0418,Mornng,A,17.0,1.0,2025-06-12 01:50:00
OP100250,W0094,Night,A,16.0,2.0,2025-01-05 08:34:00
OP100251,W0316,,C,16.0,1.0,2025-03-17 23:26:00
OP100252,W0459,,C,32.0,0.0,2025-03-24 10:29:00
OP100253,W0428,Night,Z,41.0,,2025-01-14 19:13:00
OP100254,W0054,,Z,25.0,1.0,2025-03-31 14:47:00
OP100255,W0137,Morning,B,-5.0,1.0,2025-02-25 01:42:00
OP100256,W0400,Evening,E,10.0,,2025-01-17 13:32:00
OP100257,W0221,Mornng,,30.0,2.0,2025-01-22 07:10:00
OP100258,W0306,Evening,D,38.0,2.0,2025-06-18 20:26:00
OP100259,W0292,Night,B,36.0,1.0,2025-02-13 14:18:00
OP100260,W0095,Mornng,,29.0,0.0,2025-04-15 21:33:00
OP100261,W0083,,D,14.0,1.0,2025-06-23 08:07:00
OP100262,W0117,Mornng,E,5.0,1.0,2025-01-05 00:18:00
OP100263,W0181,Mornng,,5.0,2.0,2025-06-28 19:15:00
OP100264,W0090,,,-5.0,0.0,2025-06-08 20:45:00
OP100265,W0366,,C,6.0,1.0,2025-02-18 00:18:00
OP100266,W0401,,Z,5.0,1.0,2025-03-21 17:06:00
OP100267,W0422,,A,37.0,2.0,2025-04-02 07:49:00
OP100268,W0160,,B,38.0,2.0,2025-01-11 05:44:00
OP100269,W0130,,B,28.0,0.0,2025-06-13 07:10:00
OP100270,W0157,Evening,D,10.0,,2025-04-28 23:39:00
OP100271,W0206,Mornng,D,21.0,,2025-01-26 04:47:00
OP100272,W0425,,E,8.0,,2025-03-30 14:05:00
OP100273,W0029,Mornng,D,45.0,,2025-01-02 01:52:00
OP100274,W0367,Evening,C,14.0,2.0,2025-05-11 13:36:00
OP100275,W0143,Mornng,Z,48.0,,2025-02-13 19:41:00
OP100276,W0248,Morning,E,0.0,0.0,2025-05-19 13:45:00
OP100277,W0028,Evening,Z,1.0,0.0,2025-05-13 11:41:00
OP100278,W0415,Evening,C,24.0,1.0,2025-01-03 09:38:00
OP100279,W0459,Mornng,C,3.0,2.0,2025-06-23 08:06:00
OP100280,W0431,Mornng,,38.0,1.0,2025-04-09 14:10:00
OP100281,W0381,Night,D,29.0,1.0,2025-06-17 23:56:00
OP100282,W0009,,Z,17.0,1.0,2025-06-26 09:06:00
OP100283,W0343,,B,8.0,1.0,2025-03-03 06:09:00
OP100284,W0095,,,39.0,1.0,2025-03-02 19:21:00
OP100285,W0316,,A,33.0,1.0,2025-02-27 12:48:00
OP100286,W0483,,D,24.0,1.0,invalid_date
OP100287,W0374,Mornng,D,15.0,1.0,2025-04-21 08:03:00
OP100288,W0337,Morning,E,15.0,0.0,invalid_date
OP100289,W0023,Morning,Z,24.0,0.0,2025-03-04 18:40:00
OP100290,W0389,Evening,Z,19.0,,2025-04-19 15:10:00
OP100291,W0266,Morning,,44.0,,2025-06-19 04:43:00
OP100292,W0280,Night,A,39.0,0.0,2025-02-12 02:33:00
OP100293,W0169,,A,29.0,2.0,2025-03-31 05:15:00
OP100294,W0347,Night,A,45.0,2.0,2025-03-16 20:26:00
OP100295,W0201,,A,7.0,2.0,2025-05-27 12:20:00
OP100296,W0019,,B,26.0,,2025-05-27 22:18:00
OP100297,W0244,,,10.0,1.0,2025-05-12 16:54:00
OP100298,W0410,Evening,D,28.0,0.0,2025-03-03 22:59:00
OP100299,W0130,Mornng,E,47.0,,2025-03-10 16:50:00
OP100300,W0232,,E,16.0,0.0,2025-05-09 21:48:00
OP100301,W0271,,,20.0,2.0,2025-02-13 02:07:00
OP100302,W0086,Evening,A,18.0,1.0,2025-05-18 18:01:00
OP100303,W0189,Mornng,B,,2.0,2025-04-06 18:43:00
OP100304,W0247,Mornng,,41.0,2.0,2025-03-06 22:56:00
OP100305,W0283,Morning,C,26.0,,2025-06-07 23:55:00
OP100306,W0175,Mornng,E,23.0,,2025-06-01 06:06:00
OP100307,W0231,Morning,,30.0,1.0,2025-02-22 06:40:00
OP100308,W0304,Night,C,47.0,0.0,2025-06-10 04:47:00
OP100309,W0098,,D,22.0,1.0,invalid_date
OP100310,W0275,Evening,Z,-5.0,2.0,2025-03-19 14:21:00
OP100311,W0011,Night,D,33.0,,2025-05-01 07:44:00
OP100312,W0200,Night,E,44.0,0.0,2025-05-04 19:57:00
OP100313,W0084,,D,22.0,1.0,2025-04-10 09:17:00
OP100314,W0194,,D,15.0,2.0,2025-03-23 03:55:00
OP100315,W0307,Evening,A,,1.0,2025-03-14 22:02:00
OP100316,W0401,,A,,2.0,invalid_date
OP100317,W0128,Mornng,D,5.0,0.0,2025-02-27 23:17:00
OP100318,W0287,Evening,D,21.0,0.0,2025-05-21 04:38:00
OP100319,W0093,,,43.0,1.0,2025-03-26 02:15:00
OP100320,W0481,Night,E,49.0,,2025-04-09 03:33:00
OP100321,W0146,Morning,D,4.0,,2025-03-02 02:52:00
OP100322,W0377,Mornng,E,8.0,1.0,2025-02-10 21:59:00
OP100323,W0229,,D,7.0,2.0,invalid_date
OP100324,W0002,Mornng,B,1.0,0.0,2025-05-05 19:55:00
OP100325,W0321,,Z,41.0,0.0,2025-01-22 17:03:00
OP100326,W0113,Morning,Z,31.0,2.0,2025-05-21 08:57:00
OP100327,W0120,Evening,E,49.0,0.0,2025-06-16 06:59:00
OP100328,W0279,Night,D,32.0,2.0,2025-01-30 22:11:00
OP100329,W0175,Evening,,27.0,,2025-03-11 00:36:00
OP100330,W0308,Mornng,D,-5.0,2.0,2025-05-04 11:49:00
OP100331,W0037,,E,23.0,0.0,2025-05-05 03:05:00
OP100332,W0309,Mornng,Z,14.0,2.0,2025-02-24 12:07:00
OP100333,W0412,Mornng,E,2.0,,2025-06-06 03:01:00
OP100334,W0021,Evening,Z,45.0,,2025-06-17 17:04:00
OP100335,W0447,Mornng,D,1.0,,2025-01-06 12:48:00
OP100336,W0494,Morning,Z,24.0,1.0,2025-03-08 16:34:00
OP100337,W0316,,,6.0,0.0,2025-05-13 05:36:00
OP100338,W0458,Mornng,B,9.0,0.0,2025-01-21 02:30:00
OP100339,W0394,Mornng,A,22.0,0.0,2025-03-22 06:31:00
OP100340,W0122,Mornng,,17.0,,2025-04-08 01:21:00
OP100341,W0458,Night,B,35.0,,2025-06-01 16:15:00
OP100342,W0343,Mornng,C,3.0,,2025-04-24 14:26:00
OP100343,W0008,Mornng,,,0.0,2025-03-19 04:31:00
OP100344,W0208,Mornng,E,7.0,0.0,2025-05-28 05:22:00
OP100345,W0481,Night,C,14.0,,2025-01-08 22:07:00
OP100346,W0217,,C,19.0,1.0,2025-02-05 23:40:00
OP100347,W0118,,B,32.0,,2025-04-04 08:15:00
OP100348,W0223,Night,E,12.0,2.0,2025-01-12 00:16:00
OP100349,W0343,Morning,B,34.0,2.0,2025-06-13 03:09:00
OP100350,W0179,Night,D,14.0,,2025-02-27 12:25:00
OP100351,W0266,Morning,B,18.0,2.0,2025-02-26 08:14:00
OP100352,W0058,Evening,A,45.0,0.0,2025-02-19 13:28:00
OP100353,W0090,Evening,A,28.0,2.0,2025-02-01 06:55:00
OP100354,W0307,Night,B,13.0,0.0,2025-06-23 02:57:00
OP100355,W0385,,Z,21.0,,2025-05-12 01:14:00
OP100356,W0426,Night,A,5.0,,2025-06-29 23:39:00
OP100357,W0445,Night,C,11.0,0.0,2025-05-06 13:44:00
OP100358,W0446,Mornng,Z,47.0,0.0,2025-04-03 10:53:00
OP100359,W0479,Night,A,34.0,2.0,2025-04-22 20:59:00
OP100360,W0256,Morning,D,18.0,1.0,2025-03-29 06:58:00
OP100361,W0432,Morning,Z,6.0,1.0,2025-01-19 23:52:00
OP100362,W0011,Mornng,B,3.0,2.0,2025-02-25 10:43:00
OP100363,W0268,,,40.0,1.0,2025-04-11 11:52:00
OP100364,W0275,,B,14.0,,2025-03-09 12:58:00
OP100365,W0186,Mornng,,2.0,,2025-01-07 14:36:00
OP100366,W0019,Night,B,-5.0,0.0,2025-03-17 02:46:00
OP100367,W0254,Night,B,48.0,,2025-03-30 01:29:00
OP100368,W0464,Mornng,E,17.0,0.0,2025-06-25 10:23:00
OP100369,W0279,Mornng,,48.0,0.0,2025-05-28 03:24:00
OP100370,W0282,Evening,E,27.0,0.0,2025-02-02 08:13:00
OP100371,W0351,Evening,,20.0,1.0,2025-02-26 18:38:00
OP100372,W0036,,D,23.0,,2025-02-03 20:36:00
OP100373,W0116,Evening,E,4.0,0.0,2025-05-11 13:32:00
OP100374,W0210,Mornng,Z,10.0,0.0,2025-06-04 16:30:00
OP100375,W0480,,C,31.0,0.0,2025-04-14 18:16:00
OP100376,W0463,Night,B,28.0,1.0,2025-03-25 08:00:00
OP100377,W0451,Evening,D,,,2025-04-10 16:45:00
OP100378,W0142,Morning,Z,13.0,1.0,2025-01-18 09:21:00
OP100379,W0468,,D,44.0,2.0,2025-05-18 05:44:00
OP100380,W0259,Morning,,41.0,1.0,2025-06-13 11:30:00
OP100381,W0289,,B,36.0,1.0,2025-06-15 09:28:00
OP100382,W0213,Evening,Z,-5.0,0.0,2025-02-15 22:06:00
OP100383,W0055,,D,39.0,,2025-04-04 22:21:00
OP100384,W0240,Mornng,C,37.0,,2025-01-26 13:22:00
OP100385,W0138,,Z,5.0,0.0,2025-06-01 23:17:00
OP100386,W0421,Mornng,Z,,,2025-04-29 00:17:00
OP100387,W0306,,A,7.0,2.0,2025-05-17 06:32:00
OP100388,W0094,Night,A,3.0,0.0,2025-03-22 16:42:00
OP100389,W0243,,D,9.0,1.0,2025-06-16 23:13:00
OP100390,W0387,Evening,C,-5.0,,2025-01-14 17:28:00
OP100391,W0033,Night,E,12.0,,2025-03-06 17:39:00
OP100392,W0134,,E,37.0,1.0,2025-04-03 17:02:00
OP100393,W0309,Mornng,C,27.0,,2025-01-29 06:28:00
OP100394,W0281,Evening,Z,12.0,,2025-04-09 06:15:00
OP100395,W0415,Night,C,33.0,0.0,2025-04-01 15:50:00
OP100396,W0199,Morning,Z,10.0,2.0,2025-05-14 02:04:00
OP100397,W0050,Morning,C,33.0,2.0,2025-03-02 15:26:00
OP100398,W0022,Mornng,E,38.0,2.0,2025-04-11 23:25:00
OP100399,W0398,Morning,Z,42.0,2.0,2025-05-21 15:44:00
OP100400,W0303,Evening,B,39.0,2.0,2025-02-02 09:15:00
OP100401,W0072,Mornng,B,38.0,1.0,2025-01-12 08:23:00
OP100402,W0141,Evening,A,8.0,0.0,2025-06-03 06:50:00
OP100403,W0014,,Z,49.0,,invalid_date
OP100404,W0217,Mornng,A,40.0,2.0,2025-04-14 09:29:00
OP100405,W0168,Evening,D,13.0,1.0,2025-03-02 05:00:00
OP100406,W0064,Night,C,47.0,1.0,2025-03-16 17:26:00
OP100407,W0157,,C,37.0,0.0,2025-02-12 02:33:00
OP100408,W0126,Evening,Z,34.0,0.0,2025-04-24 10:10:00
OP100409,W0094,,E,9.0,,2025-04-15 13:59:00
OP100410,W0112,Mornng,A,6.0,0.0,2025-05-11 08:11:00
OP100411,W0032,Night,C,29.0,2.0,2025-06-18 04:23:00
OP100412,W0109,,C,34.0,1.0,2025-05-06 01:42:00
OP100413,W0348,Morning,,27.0,0.0,2025-06-25 17:15:00
OP100414,W0325,Morning,B,29.0,2.0,2025-05-30 23:25:00
OP100415,W0180,Evening,D,5.0,2.0,2025-02-01 15:18:00
OP100416,W0187,Mornng,Z,7.0,,2025-01-22 07:54:00
OP100417,W0288,Evening,D,3.0,,2025-01-03 20:38:00
OP100418,W0163,Morning,Z,8.0,2.0,2025-03-04 00:37:00
OP100419,W0211,,A,19.0,0.0,2025-03-10 08:23:00
OP100420,W0008,Night,E,49.0,,2025-02-23 21:01:00
OP100421,W0276,Evening,Z,3.0,1.0,2025-04-22 13:59:00
OP100422,W0086,Evening,,43.0,,2025-06-07 01:38:00
OP100423,W0462,Evening,E,41.0,2.0,2025-04-07 19:39:00
OP100424,W0489,,Z,46.0,1.0,2025-04-03 10:16:00
OP100425,W0461,,B,23.0,,2025-06-05 20:58:00
OP100426,W0269,,D,11.0,,2025-06-03 20:52:00
OP100427,W0446,Evening,Z,35.0,1.0,2025-02-20 20:09:00
OP100428,W0294,Morning,Z,26.0,,2025-04-21 01:51:00
OP100429,W0416,Evening,B,27.0,1.0,2025-06-04 20:27:00
OP100430,W0438,Morning,B,2.0,1.0,2025-01-21 08:16:00
OP100431,W0006,Night,D,24.0,2.0,2025-02-24 08:40:00
OP100432,W0078,Night,,31.0,,2025-02-10 03:45:00
OP100433,W0019,Morning,E,23.0,0.0,2025-02-25 01:49:00
OP100434,W0379,Morning,D,20.0,0.0,2025-06-07 01:23:00
OP100435,W0201,,A,30.0,,2025-04-04 21:56:00
OP100436,W0369,,D,48.0,0.0,invalid_date
OP100437,W0208,Evening,B,3.0,,2025-03-31 04:26:00
OP100438,W0157,Morning,B,15.0,1.0,2025-02-08 23:51:00
OP100439,W0059,Evening,D,19.0,2.0,2025-01-29 10:15:00
OP100440,W0047,Mornng,D,25.0,2.0,2025-02-04 19:41:00
OP100441,W0487,Mornng,B,40.0,,2025-03-08 12:26:00
OP100442,W0178,Night,D,28.0,,2025-03-21 03:43:00
OP100443,W0063,Night,Z,14.0,0.0,2025-02-01 18:53:00
OP100444,W0072,Night,Z,42.0,0.0,2025-01-30 04:47:00
OP100445,W0307,Morning,D,37.0,2.0,2025-04-04 01:48:00
OP100446,W0176,Morning,B,26.0,,2025-01-16 11:30:00
OP100447,W0037,,A,-5.0,0.0,invalid_date
OP100448,W0336,Mornng,D,49.0,1.0,2025-02-20 09:20:00
OP100449,W0398,,,26.0,2.0,2025-06-19 02:30:00
OP100450,W0198,Night,B,20.0,,2025-04-21 09:12:00
OP100451,W0429,Evening,Z,34.0,2.0,2025-06-03 14:02:00
OP100452,W0439,Night,,44.0,2.0,2025-06-27 13:59:00
OP100453,W0390,Evening,C,13.0,2.0,2025-06-28 07:51:00
OP100454,W0238,,A,18.0,1.0,2025-04-04 02:42:00
OP100455,W0464,,B,-5.0,,2025-03-29 03:58:00
OP100456,W0387,Morning,E,1.0,0.0,2025-03-06 18:57:00
OP100457,W0434,Mornng,Z,-5.0,0.0,2025-02-26 23:31:00
OP100458,W0364,Night,B,45.0,0.0,2025-03-28 14:28:00
OP100459,W0383,,Z,34.0,0.0,2025-04-21 07:08:00
OP100460,W0403,Night,A,32.0,1.0,2025-02-11 03:28:00
OP100461,W0497,Night,D,17.0,,invalid_date
OP100462,W0498,Night,A,6.0,1.0,2025-06-21 12:03:00
OP100463,W0062,Evening,B,41.0,0.0,2025-02-05 02:03:00
OP100464,W0167,Night,B,33.0,0.0,2025-04-22 23:47:00
OP100465,W0454,,A,39.0,2.0,2025-01-28 08:36:00
OP100466,W0267,,C,43.0,0.0,2025-05-04 12:36:00
OP100467,W0220,Evening,,23.0,1.0,2025-03-30 18:25:00
OP100468,W0098,,B,16.0,,2025-03-26 14:22:00
OP100469,W0045,,Z,18.0,1.0,2025-04-28 21:51:00
OP100470,W0045,Evening,D,37.0,1.0,2025-01-31 05:24:00
OP100471,W0204,Mornng,Z,4.0,2.0,invalid_date
OP100472,W0252,Morning,C,0.0,1.0,2025-03-28 20:05:00
OP100473,W0096,Evening,B,38.0,,2025-04-25 04:33:00
OP100474,W0373,,E,38.0,2.0,2025-05-22 15:48:00
OP100475,W0412,,B,34.0,2.0,2025-03-19 14:25:00
OP100476,W0024,Evening,E,14.0,,invalid_date
OP100477,W0139,Evening,E,40.0,1.0,2025-05-08 02:37:00
OP100478,W0287,Evening,E,12.0,1.0,2025-01-10 09:36:00
OP100479,W0348,Morning,B,13.0,0.0,2025-06-26 07:36:00
OP100480,W0329,Morning,,21.0,,2025-06-14 20:54:00
OP100481,W0342,Night,D,32.0,,2025-05-23 16:03:00
OP100482,W0296,Morning,D,24.0,,2025-05-02 16:22:00
OP100483,W0288,Mornng,C,38.0,,2025-03-10 18:24:00
OP100484,W0194,Mornng,B,22.0,2.0,2025-02-16 02:00:00
OP100485,W0102,,Z,2.0,,2025-05-23 10:28:00
OP100486,W0086,Evening,C,1.0,,2025-05-26 12:49:00
OP100487,W0089,,C,43.0,,2025-01-21 18:49:00
OP100488,W0108,Night,E,4.0,2.0,2025-06-23 04:06:00
OP100489,W0010,Morning,B,24.0,0.0,2025-06-13 19:22:00
OP100490,W0139,Night,B,12.0,2.0,2025-03-09 15:23:00
OP100491,W0268,Evening,B,43.0,,2025-01-17 12:57:00
OP100492,W0175,Evening,A,48.0,2.0,2025-05-02 17:39:00
OP100493,W0058,Night,A,33.0,2.0,2025-03-09 14:30:00
OP100494,W0427,,D,17.0,1.0,2025-01-31 18:55:00
OP100495,W0471,,,9.0,,2025-04-04 19:51:00
OP100496,W0375,Mornng,C,42.0,1.0,2025-06-04 03:10:00
OP100497,W0287,,Z,7.0,0.0,2025-05-13 08:32:00
OP100498,W0033,Mornng,C,17.0,2.0,2025-05-13 02:12:00
OP100499,W0447,,D,12.0,1.0,2025-03-23 02:27:00
OP100500,W0047,Mornng,B,29.0,2.0,2025-01-27 18:56:00
OP100501,W0012,Evening,D,11.0,0.0,2025-02-23 21:30:00
OP100502,,,C,16.0,0.0,2025-02-19 02:27:00
OP100503,W0264,Night,B,38.0,2.0,2025-04-30 23:13:00
OP100504,W0136,Morning,C,26.0,0.0,2025-05-24 05:02:00
OP100505,W0336,Evening,D,17.0,0.0,2025-05-13 16:32:00
OP100506,W0202,,,21.0,,2025-01-28 00:04:00
OP100507,W0371,,Z,23.0,1.0,2025-01-21 15:24:00
OP100508,W0440,Night,Z,7.0,1.0,2025-04-22 09:46:00
OP100509,W0147,Evening,C,23.0,2.0,2025-05-21 13:52:00
OP100510,W0231,Mornng,Z,35.0,1.0,2025-03-06 12:15:00
OP100511,W0137,,E,17.0,2.0,2025-01-13 05:16:00
OP100512,W0053,,B,5.0,1.0,2025-05-30 01:21:00
OP100513,W0101,Night,Z,7.0,,2025-05-10 10:42:00
OP100514,W0354,Mornng,,10.0,0.0,2025-04-06 05:33:00
OP100515,W0303,,E,39.0,2.0,2025-01-23 22:17:00
OP100516,W0259,,,35.0,2.0,2025-05-05 11:27:00
OP100517,W0066,Morning,E,24.0,0.0,2025-03-06 19:47:00
OP100518,W0074,,C,29.0,0.0,2025-06-28 07:14:00
OP100519,W0103,,Z,13.0,,2025-04-14 00:14:00
OP100520,W0096,Night,E,45.0,2.0,2025-05-16 04:20:00
OP100521,W0206,Evening,B,26.0,,2025-01-03 10:19:00
OP100522,W0206,Night,,7.0,2.0,2025-04-21 18:48:00
OP100523,W0123,,C,28.0,0.0,2025-06-08 00:24:00
OP100524,W0477,Mornng,E,32.0,1.0,2025-01-01 21:03:00
OP100525,W0003,Morning,Z,-5.0,,2025-04-25 00:17:00
OP100526,W0141,Evening,E,21.0,,2025-05-31 09:34:00
OP100527,W0465,Mornng,D,4.0,0.0,2025-05-14 13:13:00
OP100528,W0414,,B,19.0,0.0,2025-04-09 22:18:00
OP100529,W0256,Mornng,E,-5.0,0.0,invalid_date
OP100530,W0326,,E,23.0,1.0,2025-05-21 11:28:00
OP100531,W0197,Night,C,35.0,0.0,2025-02-22 18:55:00
OP100532,W0389,,D,17.0,2.0,2025-03-12 01:17:00
OP100533,W0025,Night,C,11.0,1.0,2025-03-27 17:56:00
OP100534,W0161,Morning,E,17.0,1.0,2025-06-08 00:59:00
OP100535,W0037,,E,27.0,1.0,2025-03-27 09:55:00
OP100536,W0289,Morning,,18.0,2.0,2025-06-04 01:22:00
OP100537,W0500,,C,42.0,,2025-01-24 10:30:00
OP100538,W0118,,,29.0,1.0,2025-01-31 10:55:00
OP100539,W0375,Night,A,38.0,1.0,2025-02-07 15:00:00
OP100540,W0359,Night,D,23.0,1.0,2025-02-25 01:18:00
OP100541,W0292,,,47.0,2.0,2025-05-09 11:02:00
OP100542,W0358,Morning,A,18.0,2.0,2025-05-10 14:18:00
OP100543,W0239,,,10.0,2.0,2025-04-09 07:37:00
OP100544,W0436,Night,A,19.0,1.0,2025-03-12 16:26:00
OP100545,W0131,,C,49.0,2.0,2025-03-27 22:27:00
OP100546,W0430,,B,43.0,0.0,2025-05-11 21:49:00
OP100547,W0154,Morning,B,23.0,1.0,2025-01-03 23:26:00
OP100548,W0334,Mornng,,2.0,0.0,2025-06-06 15:05:00
OP100549,W0032,Morning,D,14.0,2.0,2025-05-04 21:21:00
OP100550,W0288,Night,,11.0,0.0,2025-02-21 18:36:00
OP100551,W0390,,,37.0,2.0,2025-04-14 07:49:00
OP100552,W0382,Mornng,B,9.0,1.0,2025-04-24 19:54:00
OP100553,W0448,,A,10.0,,2025-06-06 13:41:00
OP100554,W0014,Mornng,C,8.0,0.0,2025-05-15 22:18:00
OP100555,W0092,Morning,E,49.0,0.0,2025-03-29 11:25:00
OP100556,W0409,Mornng,Z,44.0,1.0,2025-01-25 10:06:00
OP100557,W0129,Evening,B,47.0,2.0,2025-06-06 09:45:00
OP100558,W0238,Morning,Z,-5.0,0.0,2025-04-29 22:40:00
OP100559,W0251,Morning,,36.0,0.0,2025-02-14 10:59:00
OP100560,W0284,Evening,D,16.0,0.0,2025-05-22 17:11:00
OP100561,W0291,Evening,C,40.0,,2025-01-03 04:23:00
OP100562,W0035,,,4.0,,2025-02-11 01:24:00
OP100563,W0488,,D,,2.0,2025-04-21 01:00:00
OP100564,W0408,Evening,Z,35.0,,2025-02-14 23:03:00
OP100565,W0159,Mornng,B,39.0,1.0,2025-05-14 16:27:00
OP100566,W0326,Morning,E,42.0,0.0,2025-04-27 12:03:00
OP100567,W0445,Mornng,E,40.0,0.0,2025-02-19 08:23:00
OP100568,W0404,Morning,C,33.0,1.0,2025-01-22 03:09:00
OP100569,W0134,Evening,E,11.0,1.0,2025-06-06 10:58:00
OP100570,W0107,Night,Z,1.0,1.0,2025-04-01 04:12:00
OP100571,W0346,Evening,Z,17.0,2.0,2025-04-17 08:33:00
OP100572,W0155,Mornng,,43.0,1.0,2025-05-25 19:54:00
OP100573,W0484,,Z,34.0,2.0,2025-01-06 19:50:00
OP100574,W0287,,B,33.0,1.0,2025-05-24 16:54:00
OP100575,W0494,,B,11.0,0.0,2025-04-21 23:27:00
OP100576,W0283,Night,D,47.0,,2025-05-18 17:32:00
OP100577,W0076,,Z,23.0,,2025-04-09 23:59:00
OP100578,W0422,Morning,C,2.0,0.0,2025-03-08 11:50:00
OP100579,W0415,Mornng,,10.0,0.0,2025-01-30 16:40:00
OP100580,W0051,Night,E,18.0,,2025-05-13 06:24:00
OP100581,W0351,,E,9.0,,2025-04-14 07:18:00
OP100582,W0190,Evening,C,23.0,2.0,2025-04-12 19:18:00
OP100583,W0289,,B,25.0,2.0,2025-03-05 20:18:00
OP100584,W0287,Evening,B,4.0,1.0,2025-04-23 11:32:00
OP100585,W0198,,,6.0,0.0,2025-04-21 16:44:00
OP100586,W0413,Evening,A,48.0,2.0,2025-04-05 14:56:00
OP100587,W0355,,D,7.0,1.0,2025-02-27 12:00:00
OP100588,W0480,,E,21.0,,2025-04-05 03:56:00
OP100589,W0348,,Z,32.0,0.0,2025-02-19 12:22:00
OP100590,W0052,Night,C,41.0,1.0,2025-05-05 20:51:00
OP100591,W0146,Night,Z,37.0,1.0,2025-06-20 11:59:00
OP100592,W0175,Evening,E,11.0,2.0,2025-02-18 22:52:00
OP100593,W0122,Evening,E,16.0,1.0,2025-02-27 03:06:00
OP100594,W0351,Evening,A,40.0,0.0,2025-02-05 14:08:00
OP100595,W0265,,E,11.0,0.0,2025-05-20 00:07:00
OP100596,W0322,Morning,E,35.0,1.0,2025-03-22 15:35:00
OP100597,W0389,,E,3.0,,2025-03-04 02:15:00
OP100598,W0420,Evening,D,40.0,1.0,2025-03-26 08:26:00
OP100599,W0484,,Z,2.0,0.0,2025-01-10 19:08:00
OP100600,,Evening,C,28.0,,2025-05-20 16:49:00
OP100601,W0378,,D,29.0,1.0,2025-03-16 05:07:00
OP100602,W0466,Mornng,B,20.0,,2025-03-02 17:22:00
OP100603,W0487,Mornng,Z,4.0,,2025-04-10 06:16:00
OP100604,W0392,Night,Z,31.0,0.0,2025-04-12 04:33:00
OP100605,W0384,Night,D,22.0,0.0,invalid_date
OP100606,W0338,,Z,30.0,,2025-04-09 13:09:00
OP100607,W0108,Night,Z,10.0,1.0,2025-03-04 17:24:00
OP100608,W0051,Morning,E,47.0,1.0,2025-04-12 06:41:00
OP100609,W0172,Night,A,21.0,0.0,2025-05-25 14:50:00
OP100610,W0210,Evening,C,36.0,2.0,2025-05-17 20:00:00
OP100611,W0152,,B,19.0,,2025-04-22 23:34:00
OP100612,W0193,,C,36.0,0.0,2025-04-14 20:35:00
OP100613,W0216,,A,49.0,2.0,2025-05-21 10:13:00
OP100614,W0351,Morning,Z,11.0,,2025-04-26 00:41:00
OP100615,W0165,Evening,C,28.0,0.0,2025-03-13 21:43:00
OP100616,W0032,Evening,B,32.0,,2025-01-22 21:13:00
OP100617,W0137,,C,14.0,0.0,2025-03-22 08:25:00
OP100618,W0271,,D,26.0,0.0,2025-04-30 11:03:00
OP100619,W0018,Night,C,8.0,0.0,2025-05-12 08:40:00
OP100620,W0256,Night,B,38.0,0.0,2025-06-14 04:44:00
OP100621,W0241,Night,Z,47.0,1.0,2025-03-06 22:12:00
OP100622,W0079,Morning,D,24.0,,2025-04-27 19:13:00
OP100623,W0232,,A,48.0,0.0,2025-03-28 19:38:00
OP100624,W0038,,E,16.0,1.0,2025-04-11 09:48:00
OP100625,W0185,,B,24.0,1.0,2025-03-18 02:57:00
OP100626,W0157,Evening,C,22.0,,2025-06-17 11:18:00
OP100627,W0485,Night,,17.0,1.0,2025-05-09 12:50:00
OP100628,W0091,,E,6.0,2.0,2025-06-16 11:47:00
OP100629,W0409,Evening,,16.0,0.0,2025-04-22 12:09:00
OP100630,W0245,Evening,D,33.0,,2025-04-14 09:36:00
OP100631,W0134,Morning,D,21.0,2.0,2025-06-05 21:47:00
OP100632,W0119,Mornng,C,7.0,,2025-06-21 23:10:00
OP100633,W0249,,B,4.0,,2025-01-07 02:57:00
OP100634,W0276,,,18.0,1.0,2025-02-11 07:11:00
OP100635,W0149,,B,17.0,,2025-02-13 02:36:00
OP100636,W0130,,,23.0,1.0,2025-05-17 10:28:00
OP100637,W0357,Night,Z,46.0,0.0,2025-04-01 00:56:00
OP100638,W0029,,E,45.0,1.0,2025-01-03 01:25:00
OP100639,W0026,Morning,E,24.0,1.0,2025-06-13 20:15:00
OP100640,W0208,Night,E,28.0,0.0,2025-03-31 14:22:00
OP100641,W0426,,B,42.0,1.0,2025-05-24 02:22:00
OP100642,W0400,Morning,E,7.0,,2025-05-08 07:12:00
OP100643,W0105,Morning,B,15.0,2.0,2025-01-28 18:40:00
OP100644,W0080,Night,C,16.0,,2025-06-08 05:12:00
OP100645,W0208,,Z,48.0,,2025-04-25 02:00:00
OP100646,W0173,,E,30.0,2.0,2025-05-12 02:22:00
OP100647,W0389,Night,Z,49.0,2.0,2025-04-13 03:18:00
OP100648,W0155,Evening,B,29.0,,2025-05-30 23:24:00
OP100649,W0317,,,19.0,,2025-06-22 14:34:00
OP100650,W0047,Mornng,Z,16.0,,2025-06-26 11:01:00
OP100651,W0233,,,16.0,2.0,2025-01-10 10:13:00
OP100652,,Night,D,48.0,1.0,2025-01-09 19:31:00
OP100653,W0259,Mornng,E,7.0,,2025-03-09 12:28:00
OP100654,W0053,Night,A,46.0,1.0,2025-05-28 00:28:00
OP100655,W0082,,C,40.0,2.0,2025-01-06 16:55:00
OP100656,W0265,Morning,Z,6.0,0.0,2025-02-03 17:35:00
OP100657,W0029,,D,18.0,,2025-02-14 17:40:00
OP100658,W0290,Night,,31.0,0.0,2025-04-19 19:19:00
OP100659,W0262,,B,11.0,0.0,2025-06-16 20:59:00
OP100660,W0145,Morning,C,37.0,1.0,2025-06-19 16:54:00
OP100661,W0170,Night,C,23.0,2.0,2025-06-16 15:14:00
OP100662,W0100,Evening,,25.0,2.0,2025-02-17 05:39:00
OP100663,W0234,Night,C,32.0,0.0,2025-04-20 17:38:00
OP100664,W0003,Morning,B,41.0,,2025-04-04 23:32:00
OP100665,W0046,,D,23.0,1.0,2025-05-19 18:59:00
OP100666,W0420,,B,27.0,1.0,2025-05-15 22:22:00
OP100667,W0358,Mornng,A,7.0,0.0,invalid_date
OP100668,W0405,Evening,Z,42.0,1.0,2025-05-04 17:11:00
OP100669,W0397,Morning,,40.0,2.0,2025-01-27 09:41:00
OP100670,W0200,Mornng,E,43.0,2.0,2025-02-06 16:59:00
OP100671,W0186,Morning,C,14.0,1.0,2025-04-25 12:01:00
OP100672,W0390,,E,5.0,,2025-04-08 08:48:00
OP100673,W0111,Evening,A,19.0,,2025-01-23 00:32:00
OP100674,W0037,Morning,D,30.0,2.0,2025-06-19 03:35:00
OP100675,W0119,,Z,0.0,2.0,2025-01-12 23:20:00
OP100676,W0425,Morning,A,27.0,0.0,2025-03-27 10:20:00
OP100677,W0051,Evening,A,22.0,2.0,2025-01-08 16:22:00
OP100678,W0416,,E,27.0,,2025-04-21 14:18:00
OP100679,W0350,Night,A,29.0,2.0,2025-06-22 06:21:00
OP100680,W0405,Morning,C,19.0,,2025-02-24 15:28:00
OP100681,W0264,Night,B,7.0,,2025-03-15 19:39:00
OP100682,W0174,Morning,E,24.0,0.0,2025-01-05 06:07:00
OP100683,W0027,Night,,39.0,2.0,2025-01-16 12:50:00
OP100684,W0187,Morning,A,30.0,,2025-06-25 15:29:00
OP100685,W0035,Morning,C,18.0,1.0,2025-02-02 00:55:00
OP100686,W0266,Morning,C,9.0,2.0,2025-03-14 12:01:00
OP100687,W0135,Morning,A,11.0,2.0,2025-05-25 19:33:00
OP100688,W0436,Mornng,D,16.0,2.0,2025-05-15 18:13:00
OP100689,W0247,Night,Z,,,2025-06-12 12:55:00
OP100690,W0419,Evening,C,9.0,1.0,2025-06-06 13:29:00
OP100691,W0302,Morning,,37.0,1.0,2025-04-23 10:20:00
OP100692,W0268,Evening,C,6.0,1.0,2025-01-07 13:35:00
OP100693,W0286,Evening,,14.0,1.0,2025-05-03 18:52:00
OP100694,W0403,Mornng,,-5.0,,2025-01-19 03:50:00
OP100695,W0456,,B,29.0,0.0,2025-05-04 03:40:00
OP100696,W0225,Evening,C,37.0,2.0,2025-05-16 11:53:00
OP100697,W0323,Evening,B,8.0,2.0,invalid_date
OP100698,W0017,Morning,C,35.0,1.0,2025-04-27 09:17:00
OP100699,W0315,Morning,C,48.0,1.0,2025-03-23 03:16:00
OP100700,W0427,Night,E,-5.0,2.0,2025-04-28 00:56:00
OP100701,W0116,Evening,E,42.0,2.0,2025-01-29 09:31:00
OP100702,W0469,Evening,A,47.0,0.0,2025-01-11 06:20:00
OP100703,W0081,,,0.0,0.0,2025-05-20 23:55:00
OP100704,W0308,,Z,15.0,0.0,2025-01-30 23:35:00
OP100705,W0066,Evening,A,6.0,1.0,2025-01-05 03:48:00
OP100706,W0069,Evening,C,27.0,,2025-06-11 02:21:00
OP100707,W0421,Morning,A,25.0,1.0,2025-05-24 17:17:00
OP100708,W0189,,B,38.0,2.0,2025-03-14 20:41:00
OP100709,W0226,Mornng,A,43.0,,2025-03-26 03:26:00
OP100710,W0374,Morning,Z,16.0,2.0,2025-03-21 15:15:00
OP100711,W0450,Morning,B,34.0,,2025-03-25 03:26:00
OP100712,W0216,Mornng,C,28.0,2.0,2025-04-16 07:39:00
OP100713,W0144,Evening,E,27.0,1.0,2025-03-21 04:44:00
OP100714,W0166,,D,26.0,2.0,2025-02-14 00:45:00
OP100715,W0023,Mornng,E,13.0,1.0,2025-06-08 18:58:00
OP100716,W0496,Morning,D,38.0,0.0,2025-03-10 01:40:00
OP100717,W0020,Night,E,-5.0,2.0,2025-06-17 07:46:00
OP100718,W0496,Evening,C,41.0,0.0,2025-05-07 00:51:00
OP100719,W0178,,,40.0,,2025-05-12 22:57:00
OP100720,W0138,Mornng,E,0.0,1.0,2025-01-02 04:40:00
OP100721,W0034,Evening,,12.0,2.0,2025-03-24 02:57:00
OP100722,W0304,Mornng,D,32.0,0.0,2025-01-07 02:31:00
OP100723,W0422,Mornng,E,10.0,1.0,2025-01-26 23:00:00
OP100724,W0171,Night,C,36.0,0.0,2025-02-11 04:50:00
OP100725,W0270,Morning,Z,23.0,,2025-05-07 00:50:00
OP100726,W0352,Evening,D,0.0,0.0,2025-04-04 11:31:00
OP100727,W0097,Mornng,C,35.0,1.0,2025-01-06 09:00:00
OP100728,W0472,,Z,34.0,0.0,2025-02-17 19:03:00
OP100729,W0331,Mornng,C,46.0,,2025-04-15 04:06:00
OP100730,W0027,Evening,C,14.0,1.0,2025-02-22 12:44:00
OP100731,W0177,,B,3.0,,2025-03-11 22:57:00
OP100732,W0298,,E,41.0,,2025-04-11 15:05:00
OP100733,W0310,,C,8.0,2.0,2025-01-05 07:14:00
OP100734,W0323,,A,9.0,2.0,2025-02-15 06:30:00
OP100735,W0384,Mornng,A,49.0,0.0,2025-01-07 18:16:00
OP100736,W0480,Mornng,D,36.0,2.0,2025-03-06 17:27:00
OP100737,W0092,Mornng,B,34.0,2.0,2025-03-16 17:01:00
OP100738,W0463,Evening,D,13.0,2.0,2025-01-31 22:28:00
OP100739,W0479,Night,Z,14.0,1.0,2025-04-13 04:25:00
OP100740,W0068,Evening,D,28.0,2.0,2025-02-13 00:34:00
OP100741,W0344,,B,19.0,,2025-05-22 23:16:00
OP100742,W0123,Mornng,A,15.0,,2025-01-20 07:07:00
OP100743,W0428,Night,E,0.0,1.0,2025-03-05 16:35:00
OP100744,W0116,Mornng,,17.0,2.0,2025-05-16 22:54:00
OP100745,W0170,,,45.0,,2025-03-09 21:21:00
OP100746,W0155,,,21.0,1.0,2025-06-29 02:47:00
OP100747,W0276,Morning,,20.0,0.0,2025-01-23 15:48:00
OP100748,W0374,,Z,33.0,0.0,2025-01-22 03:03:00
OP100749,W0428,,E,33.0,0.0,2025-04-04 10:44:00
OP100750,W0173,,E,41.0,2.0,2025-02-23 09:35:00
OP100751,W0172,Morning,B,36.0,2.0,2025-05-01 00:37:00
OP100752,W0318,,A,33.0,,2025-01-14 05:43:00
OP100753,W0095,Evening,E,42.0,2.0,2025-02-25 15:50:00
OP100754,W0460,,A,33.0,,2025-01-29 23:04:00
OP100755,W0292,Mornng,,46.0,,2025-02-07 22:35:00
OP100756,W0432,Morning,B,,,2025-04-07 11:37:00
OP100757,W0118,Mornng,B,19.0,1.0,2025-04-15 00:38:00
OP100758,W0293,Mornng,,,2.0,2025-04-23 00:31:00
OP100759,W0032,Mornng,Z,26.0,2.0,2025-01-19 09:16:00
OP100760,W0353,Night,A,-5.0,,2025-01-05 04:34:00
OP100761,W0238,Morning,C,9.0,2.0,2025-06-03 02:30:00
OP100762,W0203,Morning,C,30.0,0.0,2025-02-02 20:19:00
OP100763,W0307,Evening,A,22.0,1.0,2025-06-23 10:25:00
OP100764,W0487,Evening,B,16.0,2.0,2025-06-26 00:25:00
OP100765,W0001,,A,44.0,1.0,2025-02-26 17:47:00
OP100766,W0004,,,24.0,2.0,2025-01-26 03:33:00
OP100767,W0162,Evening,,13.0,0.0,2025-05-17 09:06:00
OP100768,W0119,Night,C,47.0,2.0,2025-03-14 13:09:00
OP100769,W0075,,D,35.0,1.0,2025-06-23 01:15:00
OP100770,W0056,Evening,A,24.0,1.0,invalid_date
OP100771,W0373,Night,Z,29.0,2.0,2025-05-24 13:53:00
OP100772,W0200,Morning,E,45.0,0.0,2025-02-24 11:36:00
OP100773,W0135,Night,C,25.0,,2025-02-10 17:04:00
OP100774,W0199,Evening,E,39.0,1.0,2025-03-09 05:07:00
OP100775,W0488,Night,E,4.0,,2025-02-07 10:01:00
OP100776,W0141,Evening,B,38.0,2.0,2025-04-24 18:31:00
OP100777,W0325,Morning,,32.0,,2025-06-07 11:11:00
OP100778,W0010,,E,9.0,0.0,2025-02-12 11:39:00
OP100779,,,A,8.0,,2025-04-26 16:56:00
OP100780,W0138,Evening,D,36.0,2.0,2025-01-27 01:51:00
OP100781,W0280,Night,E,-5.0,,2025-02-28 08:36:00
OP100782,W0181,Mornng,B,0.0,2.0,2025-06-08 17:34:00
OP100783,W0032,Evening,B,37.0,1.0,2025-06-20 02:24:00
OP100784,W0376,,,10.0,2.0,2025-03-03 11:43:00
OP100785,W0297,Evening,B,-5.0,2.0,2025-04-07 04:17:00
OP100786,W0020,Night,C,6.0,,2025-06-06 10:37:00
OP100787,W0426,Morning,,0.0,2.0,2025-01-06 04:53:00
OP100788,W0083,,C,20.0,,2025-02-07 10:49:00
OP100789,W0343,,E,30.0,1.0,2025-04-27 16:33:00
OP100790,W0419,,Z,32.0,,2025-02-03 02:45:00
OP100791,W0037,Morning,C,39.0,0.0,2025-05-16 01:34:00
OP100792,W0374,Evening,Z,25.0,0.0,2025-02-22 06:36:00
OP100793,W0184,Mornng,,12.0,1.0,2025-03-06 16:29:00
OP100794,W0223,Evening,Z,16.0,2.0,2025-03-11 22:12:00
OP100795,W0108,,B,31.0,,2025-03-02 17:49:00
OP100796,W0025,Morning,E,20.0,1.0,2025-01-04 05:16:00
OP100797,W0237,Night,A,19.0,2.0,2025-01-12 15:31:00
OP100798,W0122,,C,32.0,,2025-05-21 02:12:00
OP100799,W0034,Evening,A,19.0,,2025-02-15 04:16:00
OP100800,W0140,Mornng,C,43.0,2.0,2025-05-17 09:50:00
OP100801,W0371,Mornng,A,48.0,1.0,2025-02-13 20:42:00
OP100802,W0329,Mornng,C,1.0,1.0,2025-01-23 22:21:00
OP100803,W0477,,D,2.0,1.0,2025-03-11 13:46:00
OP100804,W0420,Night,B,-5.0,1.0,2025-04-23 12:20:00
OP100805,W0069,Mornng,,14.0,0.0,2025-05-07 04:33:00
OP100806,W0236,,D,46.0,0.0,2025-01-24 12:02:00
OP100807,W0231,,D,49.0,,2025-04-19 22:57:00
OP100808,W0383,Evening,D,0.0,1.0,2025-04-13 10:10:00
OP100809,W0390,,Z,42.0,,2025-03-28 06:37:00
OP100810,W0107,Evening,A,48.0,2.0,2025-06-26 06:30:00
OP100811,W0364,Mornng,D,39.0,0.0,2025-03-10 18:37:00
OP100812,W0379,Morning,D,25.0,1.0,2025-01-30 13:19:00
OP100813,W0028,Morning,Z,49.0,0.0,2025-01-30 09:01:00
OP100814,W0479,Evening,C,43.0,0.0,2025-01-27 21:30:00
OP100815,W0156,,Z,38.0,2.0,2025-06-22 01:36:00
OP100816,W0406,Morning,Z,39.0,2.0,2025-04-20 11:32:00
OP100817,W0042,Mornng,B,41.0,1.0,2025-02-22 20:04:00
OP100818,W0140,Mornng,,6.0,1.0,2025-04-28 12:36:00
OP100819,W0126,,,5.0,0.0,2025-03-25 11:41:00
OP100820,W0363,Morning,Z,13.0,0.0,2025-02-16 17:47:00
OP100821,W0233,,E,37.0,,2025-04-07 00:42:00
OP100822,W0199,Evening,,5.0,1.0,2025-03-03 22:01:00
OP100823,W0344,Morning,,49.0,2.0,2025-05-30 06:57:00
OP100824,W0027,Night,C,9.0,2.0,2025-04-30 12:35:00
OP100825,W0015,,E,2.0,,2025-04-23 06:22:00
OP100826,W0109,,B,15.0,2.0,2025-01-01 01:16:00
OP100827,W0022,,B,27.0,2.0,2025-05-01 15:12:00
OP100828,W0493,Morning,,45.0,0.0,2025-04-28 09:42:00
OP100829,W0233,Night,Z,33.0,,2025-04-06 19:04:00
OP100830,W0378,Night,Z,21.0,2.0,2025-01-12 13:27:00
OP100831,W0155,,E,12.0,0.0,2025-02-25 13:04:00
OP100832,W0324,Morning,B,29.0,1.0,2025-05-30 10:56:00
OP100833,W0017,,,37.0,,2025-01-24 07:38:00
OP100834,W0286,Evening,B,26.0,0.0,2025-03-02 12:02:00
OP100835,W0131,Morning,E,41.0,0.0,2025-01-12 16:42:00
OP100836,W0181,,E,29.0,1.0,2025-03-22 23:15:00
OP100837,W0123,Night,A,,1.0,2025-06-28 20:03:00
OP100838,W0030,Morning,Z,28.0,0.0,2025-02-21 10:28:00
OP100839,W0130,Evening,C,8.0,,2025-01-07 22:28:00
OP100840,W0356,,C,2.0,,2025-06-13 23:01:00
OP100841,W0267,Morning,B,36.0,1.0,2025-03-27 07:45:00
OP100842,W0150,Morning,Z,6.0,0.0,2025-06-26 07:24:00
OP100843,W0438,,B,33.0,,2025-05-28 04:37:00
OP100844,W0255,Evening,Z,46.0,2.0,2025-05-07 10:41:00
OP100845,W0376,Evening,Z,3.0,0.0,2025-02-06 15:40:00
OP100846,W0291,,B,23.0,1.0,2025-01-09 09:18:00
OP100847,W0446,Mornng,A,14.0,1.0,2025-04-14 01:05:00
OP100848,W0425,Night,Z,0.0,0.0,2025-01-01 13:26:00
OP100849,W0288,Evening,D,38.0,1.0,2025-01-08 13:30:00
OP100850,W0130,Morning,Z,40.0,1.0,2025-04-30 05:41:00
OP100851,W0272,Night,E,36.0,,2025-05-21 01:45:00
OP100852,W0204,Morning,Z,1.0,2.0,2025-04-09 17:38:00
OP100853,W0257,,C,32.0,1.0,2025-03-02 23:49:00
OP100854,W0366,Morning,D,38.0,,2025-03-30 13:53:00
OP100855,W0395,Morning,C,6.0,1.0,2025-05-11 13:58:00
OP100856,W0040,Evening,D,4.0,2.0,2025-05-25 06:45:00
OP100857,W0208,Night,D,29.0,1.0,2025-01-07 18:24:00
OP100858,W0274,,B,15.0,0.0,2025-04-26 19:35:00
OP100859,W0078,,A,-5.0,0.0,2025-06-06 12:05:00
OP100860,W0243,Morning,B,4.0,2.0,2025-02-25 06:02:00
OP100861,W0103,,A,28.0,2.0,2025-01-03 20:06:00
OP100862,W0019,Morning,C,-5.0,0.0,2025-06-13 08:36:00
OP100863,W0035,Evening,,34.0,1.0,2025-06-28 13:16:00
OP100864,W0182,,D,30.0,2.0,2025-02-18 23:02:00
OP100865,W0272,Night,B,18.0,2.0,2025-01-30 10:08:00
OP100866,W0319,,,7.0,2.0,2025-01-07 23:18:00
OP100867,W0455,,D,12.0,2.0,2025-02-01 18:14:00
OP100868,W0341,Evening,E,44.0,2.0,2025-04-20 21:14:00
OP100869,W0488,,B,,0.0,2025-06-09 22:07:00
OP100870,W0325,Mornng,,32.0,1.0,2025-05-07 03:19:00
OP100871,W0082,Mornng,Z,18.0,2.0,2025-01-06 10:38:00
OP100872,W0336,,C,8.0,0.0,2025-03-09 00:07:00
OP100873,W0455,Mornng,A,43.0,0.0,2025-03-05 19:19:00
OP100874,W0154,Night,,22.0,2.0,2025-02-08 14:25:00
OP100875,W0120,,C,2.0,,2025-02-24 19:47:00
OP100876,W0347,,E,37.0,2.0,2025-04-30 22:31:00
OP100877,W0042,,A,21.0,2.0,2025-03-14 14:10:00
OP100878,W0186,,,21.0,1.0,2025-05-26 03:40:00
OP100879,W0335,Evening,E,11.0,0.0,2025-05-14 05:39:00
OP100880,W0310,Morning,E,7.0,2.0,2025-03-05 10:03:00
OP100881,W0476,Evening,C,6.0,1.0,2025-04-09 00:27:00
OP100882,W0477,Night,E,35.0,0.0,2025-02-21 01:36:00
OP100883,W0120,Evening,A,23.0,2.0,2025-04-20 13:32:00
OP100884,W0106,,,10.0,2.0,2025-03-14 21:00:00
OP100885,W0023,,B,3.0,0.0,2025-03-20 01:12:00
OP100886,W0445,Night,A,39.0,2.0,2025-06-22 15:16:00
OP100887,W0175,,B,38.0,0.0,2025-02-21 05:19:00
OP100888,W0221,Evening,D,21.0,0.0,2025-04-10 14:33:00
OP100889,W0483,,C,20.0,,2025-03-04 22:30:00
OP100890,W0115,,,18.0,1.0,2025-04-11 02:28:00
OP100891,W0171,Evening,Z,,,2025-03-24 15:51:00
OP100892,W0425,Evening,B,42.0,2.0,2025-04-26 03:33:00
OP100893,W0422,,C,23.0,1.0,2025-01-30 11:07:00
OP100894,W0497,,D,34.0,2.0,2025-04-30 17:43:00
OP100895,W0193,,B,43.0,0.0,2025-05-28 09:02:00
OP100896,W0168,Evening,E,39.0,0.0,2025-01-03 20:30:00
OP100897,W0139,Mornng,,32.0,1.0,invalid_date
OP100898,W0115,,B,9.0,0.0,2025-06-25 03:11:00
OP100899,W0352,,C,4.0,0.0,2025-06-16 02:50:00
OP100900,W0109,Mornng,A,30.0,0.0,2025-01-09 06:34:00
OP100901,W0227,Evening,Z,34.0,0.0,2025-05-17 06:44:00
OP100902,W0477,,C,39.0,1.0,2025-04-15 10:14:00
OP100903,W0472,Morning,Z,22.0,1.0,2025-01-10 18:42:00
OP100904,W0331,Mornng,D,48.0,2.0,2025-01-14 13:01:00
OP100905,W0032,,B,35.0,,2025-04-19 00:23:00
OP100906,W0383,Morning,D,38.0,1.0,2025-03-01 02:07:00
OP100907,W0434,,E,0.0,2.0,2025-03-02 15:55:00
OP100908,W0304,,Z,17.0,1.0,2025-06-25 17:15:00
OP100909,W0428,Mornng,,38.0,,2025-06-20 20:54:00
OP100910,W0394,Night,C,15.0,2.0,2025-04-03 13:17:00
OP100911,W0148,Evening,Z,38.0,1.0,2025-03-16 04:58:00
OP100912,W0360,,C,32.0,1.0,2025-05-02 06:49:00
OP100913,W0377,Morning,C,39.0,0.0,2025-04-15 03:39:00
OP100914,W0048,Morning,E,34.0,,2025-03-08 09:22:00
OP100915,W0202,,C,46.0,,2025-04-19 14:06:00
OP100916,W0120,,,29.0,1.0,2025-01-24 10:21:00
OP100917,W0190,,Z,23.0,,2025-02-28 09:18:00
OP100918,W0437,,Z,8.0,2.0,2025-04-29 13:33:00
OP100919,W0107,,Z,42.0,1.0,2025-04-30 01:28:00
OP100920,W0146,Morning,Z,17.0,0.0,2025-04-28 10:01:00
OP100921,W0379,,,32.0,,2025-02-16 05:31:00
OP100922,W0221,Evening,A,21.0,1.0,2025-05-23 17:45:00
OP100923,W0267,,E,23.0,1.0,2025-04-18 15:24:00
OP100924,W0194,Mornng,D,48.0,,2025-02-21 05:27:00
OP100925,W0100,Night,C,16.0,,invalid_date
OP100926,W0132,Evening,E,7.0,0.0,2025-03-29 14:04:00
OP100927,W0428,Morning,C,5.0,1.0,2025-04-25 23:31:00
OP100928,W0134,Morning,B,11.0,1.0,invalid_date
OP100929,W0087,Evening,Z,12.0,0.0,2025-02-14 23:22:00
OP100930,W0152,Evening,D,25.0,0.0,2025-01-15 05:12:00
OP100931,W0394,Night,Z,44.0,1.0,2025-04-10 16:21:00
OP100932,W0142,,C,45.0,0.0,2025-03-12 05:59:00
OP100933,W0218,,A,3.0,0.0,2025-03-06 11:03:00
OP100934,W0393,,B,35.0,,2025-04-22 00:54:00
OP100935,W0043,Evening,,33.0,1.0,2025-05-07 14:04:00
OP100936,W0118,Evening,A,48.0,1.0,2025-02-07 00:15:00
OP100937,W0042,Morning,Z,46.0,1.0,2025-03-08 14:29:00
OP100938,W0327,Night,A,12.0,2.0,2025-02-08 14:23:00
OP100939,W0303,,,48.0,1.0,2025-04-30 11:24:00
OP100940,W0420,Mornng,C,4.0,2.0,2025-05-29 06:04:00
OP100941,W0422,Evening,D,17.0,,2025-04-10 02:00:00
OP100942,W0464,,Z,29.0,,2025-01-20 15:25:00
OP100943,W0357,,B,4.0,1.0,invalid_date
OP100944,W0358,,C,10.0,2.0,2025-04-11 12:12:00
OP100945,W0439,,B,35.0,2.0,2025-01-12 00:23:00
OP100946,W0294,,Z,33.0,2.0,2025-02-05 01:14:00
OP100947,W0302,,C,19.0,0.0,2025-03-12 16:56:00
OP100948,W0329,,,5.0,2.0,2025-01-15 23:23:00
OP100949,W0171,Evening,Z,30.0,2.0,2025-03-29 02:57:00
OP100950,W0369,,Z,33.0,0.0,2025-04-27 01:57:00
OP100951,W0465,,E,31.0,1.0,2025-05-04 14:56:00
OP100952,W0222,Mornng,E,34.0,0.0,2025-03-31 22:48:00
OP100953,W0037,,E,34.0,1.0,2025-04-06 19:50:00
OP100954,W0473,Morning,,0.0,0.0,2025-06-08 15:10:00
OP100955,W0025,,E,28.0,0.0,2025-04-15 02:17:00
OP100956,W0239,Morning,,28.0,1.0,2025-06-07 14:18:00
OP100957,W0094,Mornng,A,46.0,,2025-03-16 02:55:00
OP100958,W0284,,C,1.0,0.0,2025-03-10 16:18:00
OP100959,W0020,Mornng,B,35.0,2.0,2025-03-18 10:54:00
OP100960,W0006,Mornng,D,6.0,,2025-05-18 23:31:00
OP100961,W0245,Mornng,B,28.0,1.0,2025-06-18 06:33:00
OP100962,W0195,,C,33.0,0.0,2025-03-12 16:32:00
OP100963,W0189,Morning,E,,1.0,2025-05-15 19:52:00
OP100964,W0260,,B,46.0,,2025-06-05 13:13:00
OP100965,W0086,Morning,A,46.0,,2025-02-22 09:55:00
OP100966,W0250,Morning,C,25.0,,2025-02-08 06:49:00
OP100967,W0185,Evening,D,,1.0,2025-04-24 15:44:00
OP100968,W0018,Evening,A,32.0,0.0,2025-01-14 01:48:00
OP100969,W0143,Morning,Z,12.0,0.0,2025-01-29 17:58:00
OP100970,W0056,Evening,E,15.0,0.0,2025-04-04 05:20:00
OP100971,W0193,,E,6.0,,2025-02-24 00:24:00
OP100972,W0331,Morning,C,42.0,0.0,2025-05-17 19:10:00
OP100973,W0263,Mornng,B,49.0,0.0,2025-05-04 01:38:00
OP100974,W0006,,,36.0,0.0,2025-06-27 03:51:00
OP100975,W0397,Evening,D,15.0,0.0,2025-03-09 09:41:00
OP100976,W0264,Morning,Z,40.0,2.0,2025-03-18 04:37:00
OP100977,W0167,,Z,35.0,0.0,2025-01-06 05:30:00
OP100978,W0065,,C,47.0,2.0,2025-04-06 18:37:00
OP100979,W0193,,Z,3.0,,2025-05-27 17:18:00
OP100980,W0437,,A,47.0,,2025-03-01 10:48:00
OP100981,W0214,Evening,E,46.0,2.0,2025-04-17 15:04:00
OP100982,W0372,,D,-5.0,2.0,2025-03-28 16:34:00
OP100983,W0360,,B,35.0,1.0,2025-06-22 05:29:00
OP100984,W0477,Mornng,Z,40.0,0.0,2025-03-09 09:27:00
OP100985,W0414,,B,34.0,,2025-03-18 20:29:00
OP100986,W0247,Mornng,C,42.0,1.0,2025-05-11 07:11:00
OP100987,W0103,Night,C,19.0,0.0,2025-03-14 23:41:00
OP100988,W0138,Night,,49.0,1.0,2025-02-09 04:10:00
OP100989,W0291,,C,5.0,,2025-01-12 21:40:00
OP100990,W0028,Morning,Z,40.0,,2025-06-07 15:13:00
OP100991,W0325,Morning,Z,43.0,,2025-06-23 10:56:00
OP100992,W0221,,Z,34.0,2.0,2025-04-15 07:16:00
OP100993,W0161,,E,39.0,1.0,2025-01-20 07:53:00
OP100994,W0288,Night,,47.0,0.0,2025-01-29 01:19:00
OP100995,W0010,Night,,31.0,,2025-02-20 12:12:00
OP100996,W0425,,B,31.0,0.0,2025-04-06 13:02:00
OP100997,W0025,Night,E,26.0,0.0,2025-01-13 04:44:00
OP100998,W0462,,,37.0,,2025-05-19 18:42:00
OP100999,W0194,Night,B,11.0,1.0,2025-02-02 12:22:00
OP101000,W0178,Mornng,,41.0,,2025-04-29 15:37:00
OP101001,W0350,Mornng,,45.0,0.0,2025-02-20 21:50:00
OP101002,W0033,Morning,A,0.0,0.0,2025-01-07 06:20:00
OP101003,W0214,Evening,B,45.0,1.0,2025-02-24 12:41:00
OP101004,W0378,Evening,C,0.0,1.0,2025-03-17 01:59:00
OP101005,W0284,Mornng,B,29.0,1.0,2025-05-22 03:08:00
OP101006,W0311,Mornng,,5.0,1.0,2025-02-17 21:17:00
OP101007,W0379,Evening,B,32.0,2.0,2025-03-10 11:03:00
OP101008,W0156,,C,45.0,1.0,2025-02-26 22:22:00
OP101009,W0465,Evening,C,25.0,0.0,2025-01-29 01:24:00
OP101010,W0130,Evening,Z,3.0,0.0,2025-01-05 22:36:00
OP101011,W0500,,A,43.0,,2025-04-24 11:11:00
OP101012,W0424,Night,C,42.0,0.0,invalid_date
OP101013,W0100,,A,35.0,,2025-03-06 14:14:00
OP101014,W0297,Night,A,22.0,,2025-04-04 00:24:00
OP101015,W0497,Night,E,13.0,2.0,2025-01-26 20:30:00
OP101016,W0418,Morning,Z,38.0,1.0,2025-06-24 13:51:00
OP101017,W0084,Morning,E,32.0,1.0,2025-06-27 15:32:00
OP101018,W0194,,A,33.0,,2025-03-12 14:41:00
OP101019,W0224,Morning,C,17.0,2.0,2025-06-21 02:22:00
OP101020,W0294,Mornng,,39.0,0.0,2025-01-13 02:26:00
OP101021,W0176,Morning,E,22.0,,2025-06-11 03:35:00
OP101022,W0492,Morning,,24.0,0.0,2025-01-12 11:23:00
OP101023,W0386,,C,37.0,2.0,2025-01-12 13:35:00
OP101024,W0320,Morning,D,40.0,2.0,2025-05-18 15:43:00
OP101025,W0085,,D,34.0,2.0,2025-05-11 14:28:00
OP101026,W0065,Evening,,9.0,0.0,2025-06-20 08:47:00
OP101027,W0150,Mornng,E,1.0,2.0,2025-06-03 06:35:00
OP101028,W0002,Night,Z,48.0,0.0,2025-02-03 06:11:00
OP101029,W0170,Mornng,C,19.0,1.0,2025-03-18 22:51:00
OP101030,W0304,,D,46.0,0.0,2025-02-23 22:39:00
OP101031,W0079,Mornng,A,18.0,,2025-03-10 10:08:00
OP101032,W0314,Night,B,-5.0,1.0,2025-04-26 08:36:00
OP101033,W0318,Mornng,C,32.0,2.0,2025-05-17 07:51:00
OP101034,W0435,Morning,E,40.0,0.0,2025-01-03 18:12:00
OP101035,W0164,,C,30.0,1.0,2025-04-02 13:55:00
OP101036,W0242,,,21.0,2.0,2025-01-23 00:32:00
OP101037,W0217,Evening,Z,20.0,,2025-05-01 07:38:00
OP101038,W0365,,C,16.0,,2025-01-21 04:31:00
OP101039,W0379,Mornng,,39.0,0.0,2025-06-22 21:20:00
OP101040,W0032,Morning,A,4.0,,2025-01-30 05:22:00
OP101041,W0442,Night,B,45.0,2.0,2025-06-02 13:54:00
OP101042,W0037,,Z,27.0,,2025-01-27 14:48:00
OP101043,W0039,Evening,B,21.0,0.0,2025-02-11 11:01:00
OP101044,W0469,Morning,A,40.0,,2025-05-23 13:18:00
OP101045,W0039,Evening,,25.0,0.0,2025-06-22 17:03:00
OP101046,W0208,,B,37.0,1.0,2025-06-15 19:52:00
OP101047,W0171,Night,A,39.0,2.0,2025-01-23 17:14:00
OP101048,W0030,,Z,34.0,0.0,2025-06-11 19:16:00
OP101049,W0366,,Z,45.0,,2025-02-24 12:58:00
OP101050,W0289,,,35.0,0.0,2025-01-25 18:04:00
OP101051,W0308,Night,Z,49.0,1.0,2025-05-05 21:29:00
OP101052,W0385,,E,25.0,1.0,2025-02-13 14:50:00
OP101053,W0012,Evening,E,39.0,1.0,2025-04-29 11:51:00
OP101054,W0166,Evening,Z,22.0,1.0,2025-06-08 09:26:00
OP101055,W0417,,E,7.0,,2025-06-03 02:52:00
OP101056,W0042,Night,A,49.0,0.0,2025-01-03 09:14:00
OP101057,W0138,Evening,D,20.0,2.0,2025-05-31 13:43:00
OP101058,W0072,,,17.0,,2025-04-05 01:22:00
OP101059,W0329,Morning,A,12.0,2.0,2025-06-10 11:51:00
OP101060,W0446,Morning,B,43.0,2.0,2025-03-19 17:35:00
OP101061,W0030,Evening,Z,31.0,1.0,2025-03-11 23:10:00
OP101062,W0248,Mornng,E,18.0,1.0,2025-02-17 00:58:00
OP101063,W0134,Night,A,,1.0,2025-04-05 10:18:00
OP101064,W0298,Morning,Z,40.0,0.0,2025-04-04 06:40:00
OP101065,W0232,Morning,C,36.0,,2025-04-22 03:16:00
OP101066,W0381,,D,10.0,,2025-01-11 04:53:00
OP101067,W0129,Night,D,22.0,0.0,2025-03-01 20:50:00
OP101068,W0377,Mornng,E,3.0,,2025-05-23 02:23:00
OP101069,W0474,,C,22.0,0.0,2025-01-17 01:29:00
OP101070,W0378,,C,11.0,0.0,2025-04-24 04:38:00
OP101071,W0157,Evening,E,20.0,,2025-02-17 05:46:00
OP101072,W0315,Mornng,B,24.0,1.0,2025-05-16 16:40:00
OP101073,W0429,Mornng,E,33.0,0.0,2025-01-21 12:06:00
OP101074,W0167,Morning,E,,0.0,2025-04-16 06:47:00
OP101075,W0296,Night,E,26.0,1.0,2025-04-28 14:23:00
OP101076,W0311,,E,45.0,1.0,2025-04-01 02:46:00
OP101077,W0096,Morning,A,47.0,2.0,2025-03-08 21:34:00
OP101078,W0267,Mornng,C,18.0,,2025-05-16 23:37:00
OP101079,W0187,,C,20.0,2.0,2025-05-05 02:35:00
OP101080,W0365,Mornng,E,25.0,0.0,2025-03-22 15:23:00
OP101081,W0129,Night,Z,29.0,2.0,2025-05-15 22:51:00
OP101082,W0220,Mornng,A,14.0,0.0,2025-02-13 15:22:00
OP101083,W0145,,C,45.0,2.0,invalid_date
OP101084,W0217,Evening,A,43.0,2.0,2025-04-06 21:14:00
OP101085,W0357,,D,13.0,,2025-03-22 17:42:00
OP101086,W0162,Night,C,5.0,1.0,2025-03-31 07:33:00
OP101087,W0489,Mornng,A,18.0,0.0,2025-01-02 17:34:00
OP101088,W0011,Night,C,25.0,2.0,invalid_date
OP101089,W0156,,E,33.0,0.0,2025-06-06 18:46:00
OP101090,W0480,Evening,Z,49.0,1.0,2025-02-24 16:27:00
OP101091,W0425,Evening,A,4.0,0.0,2025-01-18 10:57:00
OP101092,W0195,Mornng,A,46.0,,invalid_date
OP101093,W0203,Mornng,C,19.0,1.0,2025-06-21 19:24:00
OP101094,W0240,Night,A,24.0,1.0,2025-03-02 19:44:00
OP101095,W0406,Night,A,43.0,,2025-04-30 10:47:00
OP101096,W0110,Night,B,27.0,2.0,2025-05-22 08:39:00
OP101097,W0348,Evening,C,2.0,,2025-03-30 04:28:00
OP101098,W0330,Morning,B,8.0,,2025-02-18 10:38:00
OP101099,W0356,Night,Z,30.0,0.0,2025-04-10 10:33:00
OP101100,W0308,,A,44.0,1.0,2025-01-26 13:12:00
OP101101,W0436,Evening,,4.0,2.0,2025-05-13 02:18:00
OP101102,W0377,Night,,24.0,,2025-04-05 03:39:00
OP101103,W0047,Night,B,40.0,0.0,2025-05-14 07:17:00
OP101104,W0157,Night,D,22.0,2.0,2025-04-19 14:32:00
OP101105,W0431,Evening,Z,11.0,,2025-05-06 15:22:00
OP101106,W0001,,A,35.0,0.0,2025-04-03 05:03:00
OP101107,W0348,Mornng,B,16.0,,2025-05-17 04:01:00
OP101108,W0115,Evening,E,36.0,2.0,2025-06-22 16:53:00
OP101109,W0272,Night,A,27.0,1.0,2025-01-03 03:12:00
OP101110,W0036,Evening,,25.0,2.0,2025-03-16 09:44:00
OP101111,W0447,Evening,A,22.0,0.0,2025-04-30 08:04:00
OP101112,W0047,,C,44.0,1.0,2025-02-28 06:53:00
OP101113,W0239,,A,27.0,2.0,2025-06-24 13:33:00
OP101114,W0003,Evening,E,33.0,,2025-06-04 06:09:00
OP101115,W0326,Evening,C,22.0,1.0,2025-05-10 13:58:00
OP101116,W0465,Night,B,26.0,1.0,2025-03-15 11:43:00
OP101117,W0295,Mornng,E,2.0,1.0,2025-01-12 15:22:00
OP101118,W0457,Morning,D,26.0,2.0,2025-02-01 10:11:00
OP101119,W0457,Evening,A,5.0,,2025-06-03 11:44:00
OP101120,W0173,Morning,D,6.0,2.0,2025-06-22 13:07:00
OP101121,W0056,Mornng,C,8.0,2.0,2025-02-22 11:04:00
OP101122,W0006,,D,38.0,2.0,2025-03-19 04:38:00
OP101123,W0352,Morning,C,39.0,0.0,2025-03-21 17:19:00
OP101124,W0399,Night,A,6.0,1.0,2025-04-29 20:06:00
OP101125,W0011,Mornng,D,14.0,0.0,2025-04-04 22:56:00
OP101126,W0025,Mornng,Z,6.0,1.0,2025-06-08 08:37:00
OP101127,W0425,,C,44.0,2.0,2025-03-15 06:51:00
OP101128,W0013,Morning,D,29.0,0.0,2025-02-08 14:34:00
OP101129,W0479,Night,,41.0,2.0,2025-01-27 08:35:00
OP101130,W0173,Evening,C,27.0,,2025-02-12 08:06:00
OP101131,W0399,,E,12.0,1.0,2025-03-05 13:17:00
OP101132,W0475,Morning,,0.0,,2025-03-23 17:15:00
OP101133,W0157,Mornng,D,5.0,0.0,2025-03-07 16:11:00
OP101134,W0287,Morning,B,8.0,1.0,2025-01-31 11:50:00
OP101135,W0125,Mornng,Z,40.0,2.0,2025-01-14 20:23:00
OP101136,W0322,Morning,D,16.0,2.0,2025-06-12 10:45:00
OP101137,W0248,,C,42.0,0.0,2025-05-24 19:56:00
OP101138,W0418,Morning,D,-5.0,1.0,2025-06-23 19:54:00
OP101139,W0118,Morning,Z,44.0,,2025-03-13 22:54:00
OP101140,W0443,,D,32.0,2.0,2025-04-08 05:48:00
OP101141,W0310,,E,6.0,,2025-04-06 00:57:00
OP101142,W0297,Night,A,-5.0,2.0,2025-04-12 09:48:00
OP101143,W0183,,D,0.0,0.0,2025-06-19 20:22:00
OP101144,W0500,Morning,A,45.0,0.0,2025-01-07 22:40:00
OP101145,W0003,Night,,20.0,,2025-05-04 05:17:00
OP101146,W0495,Evening,A,49.0,2.0,2025-06-28 23:46:00
OP101147,W0050,Night,C,12.0,,2025-04-16 18:49:00
OP101148,W0103,Night,,15.0,2.0,2025-01-14 21:23:00
OP101149,W0053,Morning,C,27.0,,2025-05-07 07:03:00
OP101150,W0139,,A,13.0,0.0,2025-04-28 22:34:00
OP101151,W0221,Mornng,,12.0,1.0,2025-02-15 19:01:00
OP101152,W0319,Mornng,A,21.0,,2025-06-27 06:24:00
OP101153,W0283,Night,C,20.0,,2025-01-27 04:39:00
OP101154,W0433,Morning,A,0.0,,2025-01-01 23:45:00
OP101155,W0396,Evening,B,10.0,2.0,2025-02-23 02:24:00
OP101156,W0029,Morning,,25.0,1.0,2025-05-31 04:01:00
OP101157,W0389,Morning,,25.0,2.0,2025-01-08 09:39:00
OP101158,W0066,Morning,C,30.0,2.0,2025-02-21 14:22:00
OP101159,W0350,Morning,,41.0,1.0,2025-06-04 08:44:00
OP101160,W0283,Night,Z,25.0,2.0,2025-03-20 11:02:00
OP101161,W0268,Night,E,11.0,0.0,2025-03-19 14:52:00
OP101162,W0402,,B,14.0,1.0,2025-01-11 17:16:00
OP101163,W0235,,B,27.0,,2025-05-05 13:09:00
OP101164,W0150,Evening,Z,13.0,,2025-01-26 13:14:00
OP101165,W0138,Evening,A,1.0,0.0,2025-05-16 07:33:00
OP101166,W0124,,C,20.0,2.0,2025-05-30 19:14:00
OP101167,W0381,Evening,A,37.0,0.0,2025-04-07 21:26:00
OP101168,W0372,Mornng,Z,7.0,0.0,2025-04-06 12:17:00
OP101169,W0405,Evening,B,21.0,,2025-01-18 22:32:00
OP101170,W0477,Evening,C,18.0,1.0,2025-06-19 22:29:00
OP101171,W0477,,A,-5.0,0.0,2025-05-21 15:45:00
OP101172,W0138,Night,C,12.0,1.0,2025-01-11 16:50:00
OP101173,W0159,Morning,A,19.0,1.0,2025-06-21 22:23:00
OP101174,W0415,Evening,E,6.0,2.0,2025-06-14 01:28:00
OP101175,W0179,Night,C,49.0,,2025-02-09 08:42:00
OP101176,W0475,Night,Z,47.0,0.0,2025-04-22 18:22:00
OP101177,W0340,,C,21.0,1.0,2025-05-27 02:28:00
OP101178,W0288,Mornng,Z,47.0,1.0,2025-04-10 04:42:00
OP101179,W0188,,B,7.0,1.0,2025-06-09 08:46:00
OP101180,W0022,,D,32.0,0.0,2025-06-11 02:42:00
OP101181,W0028,Evening,,28.0,0.0,2025-03-28 01:12:00
OP101182,W0448,Morning,Z,48.0,2.0,2025-05-10 11:51:00
OP101183,W0043,,B,8.0,,2025-03-21 00:00:00
OP101184,W0049,Night,E,46.0,0.0,2025-05-02 22:29:00
OP101185,W0310,Morning,E,46.0,1.0,2025-02-11 21:33:00
OP101186,W0090,Morning,C,36.0,0.0,2025-06-22 11:10:00
OP101187,W0147,Mornng,C,10.0,2.0,2025-02-13 11:40:00
OP101188,W0291,,E,22.0,2.0,2025-05-04 19:48:00
OP101189,W0160,Evening,E,0.0,2.0,2025-01-21 06:37:00
OP101190,W0238,,Z,16.0,,2025-03-30 01:19:00
OP101191,W0063,,C,23.0,0.0,2025-01-17 05:06:00
OP101192,W0096,Morning,A,4.0,1.0,2025-05-11 21:27:00
OP101193,W0474,Evening,D,,2.0,2025-03-17 12:30:00
OP101194,W0368,,E,22.0,,2025-03-24 07:46:00
OP101195,W0466,Evening,Z,-5.0,1.0,2025-04-05 16:33:00
OP101196,W0050,Evening,D,13.0,,2025-06-19 04:06:00
OP101197,W0263,Morning,Z,6.0,2.0,2025-06-26 02:02:00
OP101198,W0306,,E,3.0,0.0,2025-05-26 17:41:00
OP101199,W0476,Night,A,36.0,,invalid_date
OP101200,W0313,,,18.0,2.0,2025-05-06 15:52:00
OP101201,W0134,Evening,Z,43.0,2.0,2025-03-22 20:02:00
OP101202,W0135,Mornng,A,29.0,,2025-03-11 20:50:00
OP101203,W0208,Morning,Z,25.0,,2025-03-14 11:46:00
OP101204,W0357,,B,38.0,1.0,2025-02-26 03:30:00
OP101205,W0114,,E,15.0,2.0,2025-05-17 14:52:00
OP101206,W0428,Night,E,18.0,,2025-05-07 06:47:00
OP101207,W0495,Evening,D,11.0,0.0,2025-06-02 16:46:00
OP101208,W0492,,Z,25.0,0.0,2025-01-19 10:10:00
OP101209,W0016,,E,27.0,1.0,2025-03-23 09:00:00
OP101210,W0286,Mornng,D,4.0,,2025-02-25 15:47:00
OP101211,W0376,Evening,C,36.0,,2025-05-02 18:33:00
OP101212,W0237,Evening,E,8.0,0.0,2025-05-06 15:56:00
OP101213,W0277,Evening,E,29.0,1.0,2025-02-10 06:42:00
OP101214,W0263,Morning,E,22.0,2.0,2025-01-19 02:26:00
OP101215,W0273,Evening,C,24.0,2.0,2025-02-18 06:57:00
OP101216,W0042,,Z,26.0,1.0,2025-05-11 21:26:00
OP101217,W0171,Morning,B,1.0,1.0,2025-02-28 21:16:00
OP101218,W0211,Morning,E,35.0,1.0,2025-01-26 18:10:00
OP101219,W0328,Night,,0.0,,2025-02-26 11:56:00
OP101220,W0381,Mornng,,44.0,1.0,2025-01-15 10:41:00
OP101221,W0337,Mornng,,28.0,0.0,2025-06-16 06:09:00
OP101222,W0303,Evening,E,44.0,2.0,2025-05-14 07:31:00
OP101223,W0168,,A,9.0,1.0,2025-05-31 07:02:00
OP101224,W0284,Morning,,8.0,1.0,2025-03-04 15:01:00
OP101225,W0159,,C,0.0,1.0,2025-04-09 14:44:00
OP101226,W0110,,E,12.0,1.0,2025-03-23 05:23:00
OP101227,W0202,Mornng,A,48.0,2.0,2025-06-25 21:48:00
OP101228,W0208,Night,C,37.0,1.0,2025-01-25 01:24:00
OP101229,W0306,Evening,D,5.0,0.0,2025-03-25 01:35:00
OP101230,W0403,,,-5.0,0.0,2025-01-03 23:09:00
OP101231,W0060,,Z,7.0,,2025-06-28 19:09:00
OP101232,W0004,Evening,,26.0,2.0,2025-01-25 20:48:00
OP101233,W0272,Morning,D,34.0,2.0,2025-05-21 06:15:00
OP101234,W0288,,A,37.0,0.0,2025-01-29 18:08:00
OP101235,W0197,,B,6.0,2.0,2025-01-18 08:50:00
OP101236,W0074,,Z,10.0,2.0,2025-03-05 14:51:00
OP101237,W0405,,,-5.0,,2025-03-05 12:58:00
OP101238,W0125,,,45.0,2.0,2025-01-06 17:01:00
OP101239,W0482,,D,46.0,,2025-06-26 23:39:00
OP101240,W0461,Morning,,,0.0,2025-05-29 05:46:00
OP101241,W0449,Mornng,B,23.0,,2025-02-09 17:36:00
OP101242,W0225,Mornng,E,12.0,2.0,2025-06-19 00:08:00
OP101243,W0041,Evening,,11.0,,invalid_date
OP101244,W0058,,,5.0,1.0,2025-03-18 06:30:00
OP101245,W0305,Mornng,C,43.0,1.0,2025-04-30 11:06:00
OP101246,W0283,Evening,B,34.0,1.0,2025-05-07 05:43:00
OP101247,W0187,,E,47.0,2.0,2025-01-03 14:04:00
OP101248,W0421,Mornng,,29.0,1.0,2025-02-08 01:40:00
OP101249,W0299,,B,7.0,1.0,2025-02-15 19:51:00
OP101250,W0407,Night,C,30.0,2.0,2025-05-06 17:18:00
OP101251,W0217,Morning,C,22.0,0.0,2025-06-24 00:35:00
OP101252,W0282,,D,12.0,1.0,2025-02-28 10:47:00
OP101253,W0438,Morning,Z,32.0,2.0,2025-05-05 15:57:00
OP101254,W0052,Mornng,B,13.0,,2025-06-29 23:06:00
OP101255,W0296,Mornng,D,1.0,2.0,2025-05-02 22:12:00
OP101256,W0103,,Z,-5.0,,2025-02-04 19:14:00
OP101257,W0141,,D,10.0,,2025-02-08 10:03:00
OP101258,W0287,,B,11.0,2.0,2025-01-03 01:48:00
OP101259,W0453,,A,37.0,1.0,2025-03-02 18:22:00
OP101260,W0409,,B,30.0,0.0,2025-06-08 19:03:00
OP101261,W0181,Mornng,C,10.0,2.0,2025-02-02 05:13:00
OP101262,W0008,Evening,Z,1.0,2.0,2025-05-14 18:04:00
OP101263,W0185,Mornng,E,32.0,1.0,2025-03-25 21:09:00
OP101264,W0335,,Z,27.0,0.0,2025-06-19 00:02:00
OP101265,W0046,Night,A,29.0,,2025-03-21 12:18:00
OP101266,W0285,,D,13.0,1.0,2025-01-25 17:23:00
OP101267,W0442,,D,15.0,,2025-06-06 18:17:00
OP101268,W0112,Evening,C,1.0,1.0,2025-06-27 04:21:00
OP101269,W0216,Morning,A,49.0,,2025-05-23 05:05:00
OP101270,W0190,,D,20.0,1.0,2025-06-07 18:47:00
OP101271,W0239,,D,26.0,0.0,2025-02-09 00:50:00
OP101272,W0426,,B,46.0,0.0,2025-04-12 16:54:00
OP101273,W0024,Night,D,43.0,2.0,invalid_date
OP101274,W0198,,,38.0,2.0,2025-01-24 04:19:00
OP101275,W0387,Night,Z,18.0,2.0,2025-05-12 08:38:00
OP101276,W0341,Night,D,49.0,0.0,2025-01-16 06:05:00
OP101277,W0322,,E,21.0,1.0,2025-02-09 19:22:00
OP101278,W0267,Night,Z,14.0,0.0,2025-06-01 05:24:00
OP101279,W0352,Morning,C,20.0,0.0,2025-01-13 13:12:00
OP101280,W0253,Night,D,21.0,,2025-04-20 04:52:00
OP101281,W0050,,,21.0,,2025-01-16 15:19:00
OP101282,W0330,,Z,19.0,0.0,2025-05-31 14:28:00
OP101283,W0090,Evening,A,7.0,1.0,2025-04-28 10:33:00
OP101284,W0385,Evening,D,5.0,2.0,2025-01-04 02:48:00
OP101285,W0423,Mornng,C,18.0,0.0,2025-01-02 06:10:00
OP101286,W0336,Evening,Z,-5.0,0.0,2025-04-12 03:25:00
OP101287,W0243,Mornng,E,41.0,2.0,2025-05-22 16:40:00
OP101288,W0405,Evening,A,8.0,2.0,2025-02-02 19:08:00
OP101289,W0336,,D,39.0,0.0,2025-04-06 14:51:00
OP101290,W0300,Evening,C,33.0,0.0,2025-06-06 19:10:00
OP101291,W0127,Morning,Z,49.0,0.0,2025-02-12 09:42:00
OP101292,W0216,Morning,C,30.0,0.0,2025-06-20 04:38:00
OP101293,W0012,Night,E,14.0,0.0,2025-01-27 14:05:00
OP101294,W0465,Mornng,A,2.0,,2025-04-28 15:34:00
OP101295,W0197,Night,C,7.0,1.0,2025-04-08 17:00:00
OP101296,W0430,,D,8.0,2.0,2025-01-31 11:06:00
OP101297,W0001,Morning,B,,,2025-03-31 06:17:00
OP101298,W0449,Mornng,A,14.0,0.0,2025-06-05 21:07:00
OP101299,W0166,Mornng,E,26.0,,2025-04-04 03:53:00
OP101300,W0112,,E,37.0,1.0,2025-02-03 02:30:00
OP101301,W0479,,Z,17.0,0.0,2025-05-10 18:34:00
OP101302,W0251,,A,38.0,2.0,2025-03-01 07:51:00
OP101303,W0171,Night,A,32.0,,2025-05-03 08:18:00
OP101304,W0288,Mornng,,17.0,2.0,2025-06-13 05:08:00
OP101305,W0479,Evening,Z,23.0,0.0,2025-04-05 04:46:00
OP101306,W0035,Evening,B,15.0,,2025-01-05 07:21:00
OP101307,W0061,Morning,E,19.0,2.0,2025-02-15 13:30:00
OP101308,W0465,,,38.0,,2025-04-09 15:44:00
OP101309,W0235,Night,C,9.0,,2025-05-13 12:19:00
OP101310,W0337,,,47.0,0.0,2025-01-26 04:48:00
OP101311,W0386,Night,E,0.0,,2025-01-06 04:40:00
OP101312,W0490,Mornng,D,42.0,1.0,2025-04-10 13:09:00
OP101313,W0468,Morning,Z,16.0,1.0,2025-01-07 05:33:00
OP101314,W0457,,A,4.0,1.0,2025-03-30 21:44:00
OP101315,W0091,,C,10.0,1.0,2025-01-17 06:08:00
OP101316,W0286,Mornng,A,26.0,,2025-04-15 06:07:00
OP101317,W0079,Night,B,25.0,2.0,2025-06-02 08:57:00
OP101318,W0200,,E,19.0,0.0,2025-01-03 22:22:00
OP101319,W0455,Night,B,16.0,1.0,2025-02-22 20:32:00
OP101320,W0217,,Z,41.0,2.0,2025-04-17 12:23:00
OP101321,W0243,Night,C,19.0,1.0,2025-03-06 22:52:00
OP101322,W0288,,Z,18.0,0.0,2025-03-07 19:18:00
OP101323,W0421,Evening,A,10.0,2.0,2025-03-05 01:41:00
OP101324,W0249,Evening,D,37.0,,2025-05-10 11:53:00
OP101325,W0318,Night,C,23.0,0.0,2025-06-14 08:47:00
OP101326,W0432,,C,22.0,,2025-03-11 09:04:00
OP101327,W0237,Night,Z,6.0,2.0,2025-04-24 11:40:00
OP101328,W0086,Night,D,12.0,1.0,2025-01-31 16:46:00
OP101329,W0008,Evening,C,46.0,1.0,2025-06-15 08:22:00
OP101330,W0230,Morning,Z,44.0,0.0,2025-02-12 20:58:00
OP101331,W0243,,A,28.0,,2025-03-24 16:14:00
OP101332,W0238,,C,1.0,,2025-06-13 11:35:00
OP101333,W0409,Night,C,1.0,,2025-03-09 03:06:00
OP101334,W0198,Mornng,D,29.0,1.0,2025-04-20 17:10:00
OP101335,W0246,Morning,C,7.0,2.0,2025-04-05 13:15:00
OP101336,W0341,Evening,Z,0.0,2.0,2025-05-14 17:01:00
OP101337,W0495,Mornng,D,37.0,0.0,2025-02-04 14:01:00
OP101338,W0054,Evening,Z,33.0,1.0,2025-04-09 05:09:00
OP101339,W0462,,E,0.0,0.0,2025-02-14 04:33:00
OP101340,W0248,,C,44.0,1.0,2025-03-26 06:47:00
OP101341,W0157,Evening,Z,30.0,0.0,2025-02-24 10:22:00
OP101342,W0193,Evening,E,2.0,0.0,2025-03-27 17:22:00
OP101343,W0256,Evening,A,33.0,1.0,2025-01-12 13:13:00
OP101344,W0074,,A,34.0,1.0,2025-01-23 17:47:00
OP101345,W0474,Evening,,4.0,1.0,2025-06-23 14:07:00
OP101346,W0419,Morning,,38.0,2.0,2025-06-16 15:43:00
OP101347,W0245,Morning,A,3.0,,2025-03-29 01:47:00
OP101348,W0133,Morning,D,11.0,1.0,2025-02-20 01:41:00
OP101349,W0315,Evening,D,11.0,1.0,2025-01-25 20:13:00
OP101350,W0301,Night,A,5.0,,2025-02-27 04:44:00
OP101351,W0013,Evening,A,30.0,,2025-03-06 02:34:00
OP101352,W0208,,E,37.0,,2025-06-20 21:54:00
OP101353,W0107,Morning,C,42.0,0.0,2025-05-24 01:19:00
OP101354,W0320,Evening,C,49.0,,2025-06-17 05:43:00
OP101355,W0156,,C,36.0,2.0,2025-04-06 07:06:00
OP101356,W0410,Evening,D,39.0,0.0,2025-06-21 15:12:00
OP101357,W0002,Morning,,23.0,0.0,2025-05-24 17:28:00
OP101358,W0314,,,1.0,0.0,2025-02-25 02:02:00
OP101359,W0403,,E,14.0,1.0,2025-06-06 05:18:00
OP101360,W0216,Night,,3.0,2.0,2025-02-19 02:06:00
OP101361,W0244,Night,C,39.0,1.0,2025-04-26 17:13:00
OP101362,W0140,Morning,B,0.0,0.0,2025-06-20 18:38:00
OP101363,W0373,,,6.0,1.0,2025-02-19 18:14:00
OP101364,W0105,Evening,C,37.0,1.0,2025-03-17 12:18:00
OP101365,W0077,,Z,41.0,2.0,2025-04-08 16:50:00
OP101366,W0211,Mornng,D,46.0,1.0,2025-01-10 13:46:00
OP101367,W0055,Evening,E,14.0,1.0,2025-06-12 20:39:00
OP101368,W0285,Mornng,D,0.0,2.0,2025-06-28 10:20:00
OP101369,W0464,,B,6.0,2.0,2025-05-27 08:18:00
OP101370,W0262,Morning,E,4.0,2.0,2025-05-12 21:26:00
OP101371,W0362,Evening,B,29.0,,2025-04-09 20:19:00
OP101372,W0107,Morning,B,1.0,1.0,2025-03-11 16:32:00
OP101373,W0225,Night,E,22.0,1.0,2025-06-23 00:49:00
OP101374,W0248,Evening,D,23.0,1.0,2025-02-04 09:05:00
OP101375,W0206,Morning,,38.0,1.0,2025-05-18 00:12:00
OP101376,W0324,Night,C,29.0,2.0,2025-06-16 01:33:00
OP101377,W0342,,,8.0,1.0,2025-02-18 17:21:00
OP101378,W0108,Mornng,D,9.0,,2025-04-14 02:25:00
OP101379,W0476,,,9.0,2.0,2025-06-21 03:58:00
OP101380,W0386,Morning,E,4.0,0.0,2025-03-29 00:06:00
OP101381,W0098,Night,B,37.0,,2025-02-22 01:02:00
OP101382,W0067,Mornng,D,34.0,2.0,2025-03-26 16:27:00
OP101383,W0472,Mornng,E,6.0,2.0,2025-05-22 02:24:00
OP101384,W0329,Mornng,D,8.0,,2025-05-26 12:46:00
OP101385,W0435,Morning,Z,20.0,1.0,2025-04-15 07:18:00
OP101386,W0294,Mornng,,35.0,0.0,2025-02-28 06:08:00
OP101387,W0009,Night,B,1.0,1.0,2025-02-03 23:55:00
OP101388,W0452,Night,A,33.0,1.0,2025-03-03 12:49:00
OP101389,W0036,Mornng,A,13.0,2.0,invalid_date
OP101390,W0295,Morning,Z,31.0,,2025-05-08 16:12:00
OP101391,W0002,,E,13.0,1.0,invalid_date
OP101392,W0405,,A,40.0,2.0,2025-04-20 15:18:00
OP101393,W0319,,,22.0,0.0,2025-06-26 19:52:00
OP101394,W0352,Evening,,8.0,1.0,2025-02-20 15:49:00
OP101395,W0183,,D,-5.0,1.0,2025-01-09 00:48:00
OP101396,W0433,Morning,C,29.0,0.0,2025-01-12 12:02:00
OP101397,W0104,Evening,D,24.0,,2025-02-14 04:45:00
OP101398,W0424,,C,41.0,0.0,2025-03-02 17:17:00
OP101399,W0041,Evening,E,35.0,,2025-01-25 09:53:00
OP101400,W0494,Mornng,E,,0.0,2025-03-31 17:04:00
OP101401,W0138,Morning,D,32.0,0.0,2025-05-14 19:52:00
OP101402,W0223,Night,A,33.0,1.0,2025-05-12 06:11:00
OP101403,W0473,Morning,E,42.0,0.0,2025-05-20 04:50:00
OP101404,W0091,Morning,C,27.0,1.0,2025-01-30 14:11:00
OP101405,W0304,Night,B,15.0,1.0,2025-01-27 15:00:00
OP101406,W0498,,,45.0,0.0,2025-01-27 01:44:00
OP101407,W0393,Mornng,B,36.0,1.0,2025-02-14 00:09:00
OP101408,W0302,,C,15.0,0.0,2025-01-19 15:39:00
OP101409,W0419,,A,42.0,,2025-05-13 22:24:00
OP101410,W0421,Night,A,21.0,2.0,2025-01-29 07:50:00
OP101411,W0049,,Z,39.0,1.0,2025-01-21 07:14:00
OP101412,W0448,,,-5.0,0.0,2025-05-05 23:45:00
OP101413,W0178,,A,7.0,,2025-04-27 15:07:00
OP101414,W0468,Night,Z,39.0,1.0,2025-04-05 04:47:00
OP101415,W0053,Evening,D,48.0,0.0,2025-06-03 18:17:00
OP101416,W0112,Night,C,16.0,,2025-03-18 05:49:00
OP101417,W0058,Mornng,D,2.0,,2025-04-29 07:53:00
OP101418,W0087,Mornng,Z,26.0,,2025-03-16 14:11:00
OP101419,W0340,,E,10.0,2.0,2025-03-18 18:14:00
OP101420,W0279,Morning,B,15.0,1.0,2025-05-12 23:54:00
OP101421,W0281,Night,,21.0,0.0,2025-06-06 02:21:00
OP101422,W0030,Mornng,Z,35.0,0.0,2025-03-03 09:21:00
OP101423,W0403,Night,Z,,1.0,2025-04-06 19:07:00
OP101424,W0328,,A,5.0,2.0,2025-05-17 22:19:00
OP101425,W0406,,B,43.0,1.0,2025-06-16 10:17:00
OP101426,W0066,Morning,A,11.0,0.0,2025-05-31 08:00:00
OP101427,W0125,Mornng,C,15.0,1.0,2025-06-05 01:33:00
OP101428,W0368,,A,38.0,0.0,2025-03-26 13:02:00
OP101429,W0024,Evening,,15.0,0.0,2025-02-06 11:34:00
OP101430,W0137,,B,3.0,1.0,invalid_date
OP101431,W0015,Night,Z,20.0,0.0,2025-04-30 07:06:00
OP101432,W0032,Evening,D,9.0,1.0,2025-05-24 08:53:00
OP101433,,,A,40.0,2.0,2025-04-10 05:39:00
OP101434,W0077,,E,16.0,0.0,2025-01-28 15:43:00
OP101435,W0498,Night,D,1.0,,2025-02-23 04:58:00
OP101436,W0196,Mornng,,21.0,1.0,2025-01-21 02:16:00
OP101437,W0116,Night,Z,3.0,1.0,2025-06-22 02:48:00
OP101438,W0345,,A,33.0,2.0,2025-04-05 20:05:00
OP101439,W0352,Mornng,B,5.0,0.0,2025-06-07 22:46:00
OP101440,W0470,Evening,D,4.0,1.0,2025-01-17 11:02:00
OP101441,W0190,Mornng,,39.0,0.0,2025-03-07 12:53:00
OP101442,W0295,,Z,18.0,0.0,2025-02-04 23:47:00
OP101443,W0354,,C,24.0,1.0,2025-04-30 00:30:00
OP101444,W0324,Morning,C,47.0,,2025-03-22 05:18:00
OP101445,W0059,,C,25.0,2.0,2025-05-30 12:36:00
OP101446,W0289,Night,,10.0,2.0,2025-03-06 23:11:00
OP101447,W0128,Morning,A,24.0,0.0,2025-04-13 18:22:00
OP101448,W0368,Mornng,B,37.0,0.0,2025-06-22 20:23:00
OP101449,W0075,Evening,B,14.0,2.0,2025-04-18 12:47:00
OP101450,W0201,,,17.0,,2025-02-19 18:01:00
OP101451,W0027,Morning,C,49.0,,2025-03-06 02:26:00
OP101452,W0318,Evening,E,33.0,0.0,2025-06-24 05:10:00
OP101453,W0139,Morning,B,48.0,,2025-01-04 13:01:00
OP101454,W0023,Night,,41.0,,2025-03-26 12:48:00
OP101455,W0323,Evening,D,8.0,1.0,2025-04-15 05:16:00
OP101456,W0378,,A,2.0,2.0,2025-05-19 22:20:00
OP101457,W0385,,E,15.0,1.0,2025-05-08 16:04:00
OP101458,W0349,,E,13.0,0.0,2025-03-10 08:55:00
OP101459,W0451,Evening,D,32.0,0.0,2025-06-06 16:17:00
OP101460,W0336,Evening,B,24.0,,2025-03-20 01:59:00
OP101461,W0333,,C,34.0,2.0,2025-02-24 06:53:00
OP101462,W0107,Evening,B,24.0,,2025-01-23 20:54:00
OP101463,W0311,Mornng,D,2.0,,2025-05-14 09:05:00
OP101464,W0215,Night,,24.0,2.0,2025-02-08 09:44:00
OP101465,W0253,,A,14.0,,2025-01-12 09:32:00
OP101466,W0300,Morning,C,25.0,1.0,2025-02-03 20:34:00
OP101467,W0437,,B,41.0,1.0,2025-03-21 20:58:00
OP101468,W0336,,E,45.0,0.0,2025-06-25 22:07:00
OP101469,W0374,,D,22.0,0.0,2025-03-10 20:50:00
OP101470,W0204,Evening,A,31.0,,2025-06-02 01:41:00
OP101471,W0183,,,34.0,,2025-02-21 23:10:00
OP101472,W0194,Morning,C,14.0,1.0,2025-04-08 21:40:00
OP101473,W0467,Mornng,E,9.0,2.0,2025-01-06 09:52:00
OP101474,W0327,,B,11.0,2.0,2025-05-22 07:32:00
OP101475,W0243,Night,C,47.0,1.0,2025-05-01 18:03:00
OP101476,W0052,,E,18.0,2.0,2025-01-27 05:00:00
OP101477,W0144,Morning,C,9.0,,2025-05-07 04:38:00
OP101478,W0054,Morning,Z,37.0,0.0,2025-05-17 07:59:00
OP101479,W0107,Evening,E,37.0,2.0,2025-03-27 09:13:00
OP101480,W0155,Mornng,,38.0,2.0,2025-04-02 17:53:00
OP101481,W0057,Morning,A,21.0,,2025-03-29 17:09:00
OP101482,W0406,Evening,,10.0,2.0,2025-05-03 12:45:00
OP101483,W0429,Mornng,C,41.0,2.0,2025-04-23 07:56:00
OP101484,W0216,Night,B,19.0,1.0,2025-02-10 07:09:00
OP101485,W0375,Evening,,41.0,,2025-04-27 19:44:00
OP101486,W0037,Morning,C,0.0,1.0,2025-06-14 10:02:00
OP101487,W0229,,A,37.0,,2025-06-24 03:33:00
OP101488,W0346,Morning,A,38.0,0.0,2025-05-16 04:42:00
OP101489,W0002,Mornng,E,32.0,2.0,2025-02-21 05:20:00
OP101490,W0165,Morning,B,48.0,,2025-01-25 20:50:00
OP101491,W0155,,B,16.0,,2025-03-04 02:18:00
OP101492,W0402,,A,36.0,0.0,2025-06-20 17:45:00
OP101493,W0302,,A,44.0,1.0,2025-05-19 01:25:00
OP101494,W0424,Mornng,D,10.0,1.0,2025-06-05 08:32:00
OP101495,W0016,,,11.0,2.0,2025-02-15 04:14:00
OP101496,W0173,Evening,,34.0,1.0,2025-03-17 11:52:00
OP101497,W0100,Morning,D,4.0,1.0,2025-03-30 09:56:00
OP101498,W0142,Mornng,E,48.0,,2025-05-26 13:52:00
OP101499,W0121,Night,E,29.0,0.0,2025-06-24 23:08:00
OP101500,W0119,,Z,49.0,2.0,2025-04-24 00:26:00
OP101501,W0321,,A,29.0,,2025-05-07 03:50:00
OP101502,W0264,Morning,C,34.0,2.0,2025-05-19 17:33:00
OP101503,W0128,Evening,D,11.0,,2025-04-05 05:20:00
OP101504,W0430,Night,E,38.0,2.0,2025-04-28 17:52:00
OP101505,W0328,Night,C,-5.0,1.0,2025-05-15 19:54:00
OP101506,W0026,Mornng,A,31.0,,2025-03-08 17:46:00
OP101507,W0320,Morning,A,10.0,1.0,2025-01-03 08:06:00
OP101508,W0133,,,48.0,0.0,2025-04-11 07:00:00
OP101509,W0478,Mornng,Z,33.0,2.0,2025-06-08 22:47:00
OP101510,W0131,,C,24.0,1.0,2025-05-06 06:39:00
OP101511,W0007,,Z,20.0,1.0,2025-04-22 14:08:00
OP101512,W0332,,,17.0,1.0,2025-01-25 02:31:00
OP101513,W0115,Night,A,45.0,1.0,2025-04-04 08:30:00
OP101514,W0172,,Z,9.0,2.0,2025-04-07 15:24:00
OP101515,W0252,,D,25.0,0.0,2025-02-02 02:52:00
OP101516,W0471,Mornng,E,35.0,1.0,2025-05-18 15:08:00
OP101517,W0328,Evening,E,4.0,2.0,2025-06-03 13:54:00
OP101518,W0333,,C,5.0,,2025-05-03 11:49:00
OP101519,W0289,,E,38.0,,2025-01-17 03:37:00
OP101520,,Morning,A,14.0,0.0,2025-01-16 18:27:00
OP101521,W0161,Mornng,C,45.0,2.0,2025-06-13 03:10:00
OP101522,W0269,,C,9.0,,2025-01-04 15:17:00
OP101523,W0209,Night,B,11.0,,2025-03-03 22:57:00
OP101524,W0334,Morning,Z,46.0,0.0,2025-01-26 08:14:00
OP101525,W0163,,Z,17.0,0.0,2025-05-21 14:19:00
OP101526,W0100,,D,22.0,0.0,2025-01-11 03:15:00
OP101527,W0465,Evening,B,15.0,0.0,2025-05-04 20:56:00
OP101528,W0166,Morning,A,43.0,1.0,2025-03-24 03:42:00
OP101529,W0025,Evening,A,37.0,1.0,2025-04-21 18:11:00
OP101530,W0402,,A,11.0,1.0,2025-03-22 18:56:00
OP101531,W0290,Mornng,E,21.0,1.0,2025-02-21 06:51:00
OP101532,W0008,,E,1.0,1.0,2025-02-06 22:21:00
OP101533,W0194,Mornng,Z,28.0,0.0,2025-04-03 02:20:00
OP101534,W0294,Night,E,17.0,0.0,2025-06-11 05:22:00
OP101535,W0137,Mornng,E,20.0,2.0,2025-05-16 08:57:00
OP101536,W0414,Evening,B,25.0,2.0,2025-02-15 14:07:00
OP101537,W0021,Mornng,A,44.0,0.0,2025-04-26 12:14:00
OP101538,W0303,Mornng,A,36.0,2.0,2025-05-28 08:58:00
OP101539,W0225,,B,13.0,,2025-02-04 10:09:00
OP101540,W0455,Morning,,-5.0,2.0,2025-01-09 13:11:00
OP101541,W0294,,,28.0,0.0,2025-02-26 10:07:00
OP101542,W0097,Mornng,A,40.0,2.0,2025-04-16 07:33:00
OP101543,W0259,Night,D,24.0,2.0,2025-04-29 16:12:00
OP101544,W0494,Mornng,B,18.0,0.0,2025-03-20 08:18:00
OP101545,W0450,Morning,C,47.0,2.0,2025-05-12 12:22:00
OP101546,W0439,Night,Z,22.0,2.0,2025-02-11 20:19:00
OP101547,W0356,Morning,D,17.0,1.0,2025-03-03 06:57:00
OP101548,W0005,Night,C,38.0,1.0,2025-01-23 10:56:00
OP101549,W0155,Night,B,49.0,1.0,2025-03-12 06:31:00
OP101550,W0337,Mornng,B,36.0,,2025-04-29 22:45:00
OP101551,W0392,Evening,,39.0,,2025-01-18 10:32:00
OP101552,W0458,Morning,Z,0.0,,2025-03-12 17:11:00
OP101553,W0438,Evening,Z,44.0,1.0,invalid_date
OP101554,W0312,Night,E,36.0,1.0,2025-04-14 03:10:00
OP101555,W0119,Mornng,B,26.0,0.0,2025-01-07 13:51:00
OP101556,W0299,Mornng,,49.0,,2025-03-28 17:26:00
OP101557,W0425,Evening,,21.0,1.0,2025-05-21 13:24:00
OP101558,W0462,Morning,,18.0,,2025-02-12 07:55:00
OP101559,W0078,Mornng,D,5.0,,2025-02-19 10:52:00
OP101560,W0314,Mornng,C,49.0,,2025-02-02 20:55:00
OP101561,W0335,Evening,,27.0,2.0,2025-01-24 09:20:00
OP101562,W0175,,,19.0,1.0,2025-01-29 15:01:00
OP101563,W0398,Morning,,19.0,1.0,2025-06-27 02:00:00
OP101564,W0205,Evening,A,37.0,1.0,2025-05-04 13:18:00
OP101565,W0251,Night,Z,18.0,1.0,invalid_date
OP101566,W0247,Evening,D,21.0,0.0,2025-03-29 17:04:00
OP101567,W0314,Morning,C,3.0,1.0,2025-06-13 12:52:00
OP101568,W0174,Morning,Z,47.0,1.0,2025-03-20 03:09:00
OP101569,W0304,Night,B,5.0,0.0,2025-04-22 08:15:00
OP101570,W0449,Night,C,26.0,2.0,2025-06-11 13:45:00
OP101571,W0403,Morning,E,36.0,,2025-03-10 06:29:00
OP101572,W0390,,E,47.0,1.0,2025-03-01 20:53:00
OP101573,W0397,Morning,,24.0,,2025-02-13 17:53:00
OP101574,W0199,,A,40.0,0.0,2025-02-14 10:25:00
OP101575,W0067,Night,A,13.0,1.0,invalid_date
OP101576,W0205,Night,D,28.0,0.0,2025-02-05 03:29:00
OP101577,W0320,Morning,Z,36.0,0.0,2025-05-13 17:10:00
OP101578,W0474,Morning,Z,8.0,2.0,2025-03-25 17:13:00
OP101579,W0215,Evening,B,6.0,,2025-01-13 21:10:00
OP101580,W0383,Evening,D,18.0,2.0,2025-04-19 20:26:00
OP101581,W0224,,Z,30.0,0.0,2025-01-03 06:18:00
OP101582,W0391,Night,,46.0,2.0,2025-05-11 05:31:00
OP101583,W0042,Evening,Z,17.0,1.0,2025-05-29 20:42:00
OP101584,W0139,Mornng,D,7.0,1.0,2025-01-22 04:31:00
OP101585,W0098,Night,B,44.0,2.0,2025-01-23 00:39:00
OP101586,W0263,,E,6.0,1.0,2025-05-21 18:51:00
OP101587,W0007,Morning,A,40.0,1.0,2025-05-05 07:32:00
OP101588,W0094,,D,11.0,2.0,2025-04-23 19:07:00
OP101589,W0127,,E,29.0,0.0,2025-05-21 16:08:00
OP101590,W0317,Night,D,39.0,0.0,2025-05-11 02:42:00
OP101591,W0499,,E,40.0,,2025-01-12 07:56:00
OP101592,W0171,Mornng,C,26.0,0.0,2025-02-13 23:30:00
OP101593,W0210,Mornng,Z,49.0,2.0,2025-05-28 21:29:00
OP101594,W0196,Evening,D,25.0,2.0,2025-06-23 21:32:00
OP101595,W0213,Morning,,33.0,0.0,2025-01-12 04:18:00
OP101596,W0236,,A,41.0,,invalid_date
OP101597,W0271,,C,47.0,2.0,2025-02-18 10:38:00
OP101598,W0485,Morning,Z,8.0,0.0,2025-04-28 16:04:00
OP101599,W0162,Morning,D,27.0,,2025-03-10 02:06:00
OP101600,W0389,Mornng,Z,-5.0,2.0,2025-03-11 15:37:00
OP101601,W0044,Night,E,22.0,0.0,2025-02-20 00:24:00
OP101602,W0163,Evening,C,5.0,,2025-06-07 23:00:00
OP101603,W0055,,E,45.0,,2025-05-27 18:32:00
OP101604,W0382,,C,45.0,2.0,2025-03-25 04:18:00
OP101605,W0057,Evening,Z,34.0,1.0,2025-02-18 05:13:00
OP101606,W0071,,D,32.0,0.0,2025-03-27 22:09:00
OP101607,W0471,Morning,E,13.0,2.0,2025-05-03 01:47:00
OP101608,W0099,Mornng,B,18.0,0.0,2025-01-04 11:39:00
OP101609,W0380,Night,C,4.0,1.0,2025-02-26 21:35:00
OP101610,W0089,,C,47.0,0.0,2025-04-27 14:37:00
OP101611,W0346,Mornng,B,39.0,0.0,invalid_date
OP101612,W0487,Night,C,36.0,,2025-02-24 16:31:00
OP101613,W0335,Mornng,D,40.0,2.0,2025-06-01 00:43:00
OP101614,W0275,Night,,49.0,0.0,2025-06-08 11:46:00
OP101615,W9999,,B,7.0,,2025-01-26 12:34:00
OP101616,W0422,Evening,Z,34.0,1.0,2025-03-05 09:21:00
OP101617,W0340,,Z,29.0,,2025-02-18 08:35:00
OP101618,W0123,Morning,D,47.0,,2025-01-22 12:06:00
OP101619,W0495,,A,39.0,,2025-04-19 21:09:00
OP101620,W0142,Mornng,C,28.0,1.0,2025-06-05 19:22:00
OP101621,W0006,Mornng,B,21.0,1.0,2025-04-26 11:47:00
OP101622,W0482,,Z,9.0,1.0,2025-06-12 14:34:00
OP101623,W0391,,C,49.0,,2025-03-17 10:36:00
OP101624,W0021,,B,24.0,0.0,2025-05-19 23:32:00
OP101625,W0160,Mornng,D,47.0,,2025-02-12 15:04:00
OP101626,W0138,,E,23.0,2.0,2025-04-18 08:11:00
OP101627,W0303,Evening,Z,14.0,,2025-04-03 22:37:00
OP101628,W0353,,E,3.0,0.0,2025-01-15 03:19:00
OP101629,W0259,Morning,A,34.0,,2025-03-01 09:03:00
OP101630,W0199,Night,D,5.0,0.0,2025-02-01 20:14:00
OP101631,W0208,,D,14.0,,2025-03-25 23:11:00
OP101632,W0334,Night,,24.0,0.0,2025-02-20 00:58:00
OP101633,W0375,Night,Z,22.0,2.0,2025-02-19 08:16:00
OP101634,W0170,Morning,Z,36.0,,2025-05-11 04:16:00
OP101635,W0074,Mornng,A,1.0,0.0,2025-04-24 18:18:00
OP101636,W0490,Mornng,B,30.0,1.0,2025-04-19 10:58:00
OP101637,W0322,Mornng,,29.0,2.0,2025-02-12 04:33:00
OP101638,W0397,Morning,D,40.0,2.0,2025-06-22 00:20:00
OP101639,W0366,,B,19.0,2.0,2025-03-21 16:21:00
OP101640,W0343,Night,B,48.0,2.0,2025-02-04 12:29:00
OP101641,W0294,,Z,10.0,,2025-04-09 14:54:00
OP101642,W0257,Night,A,41.0,0.0,2025-05-07 09:31:00
OP101643,W0320,,D,0.0,0.0,2025-05-04 18:38:00
OP101644,W0267,Evening,E,45.0,2.0,2025-05-17 02:44:00
OP101645,W0134,,E,30.0,,invalid_date
OP101646,W0213,Evening,B,24.0,2.0,invalid_date
OP101647,W9999,Morning,E,6.0,0.0,2025-03-14 22:07:00
OP101648,W0392,,C,49.0,0.0,2025-02-11 23:33:00
OP101649,W0165,,Z,17.0,,2025-03-14 13:04:00
OP101650,W0139,Evening,Z,45.0,0.0,2025-04-28 10:52:00
OP101651,W0447,,D,20.0,2.0,2025-01-17 13:44:00
OP101652,W0125,Night,D,9.0,2.0,2025-02-07 09:25:00
OP101653,W0496,Evening,D,-5.0,1.0,2025-05-29 07:55:00
OP101654,W0482,Evening,,47.0,2.0,2025-02-07 18:51:00
OP101655,W0351,,B,36.0,,2025-06-25 18:50:00
OP101656,W0187,Night,B,20.0,1.0,2025-02-13 01:38:00
OP101657,W0193,Evening,A,7.0,0.0,2025-06-20 13:57:00
OP101658,W0342,,Z,9.0,,2025-06-11 18:47:00
OP101659,W0158,Morning,,49.0,0.0,2025-04-26 02:03:00
OP101660,W0459,Night,B,34.0,2.0,2025-06-12 19:31:00
OP101661,W0151,Mornng,E,,0.0,2025-03-18 16:11:00
OP101662,W0206,Mornng,E,14.0,0.0,2025-06-09 05:57:00
OP101663,W0361,Morning,A,8.0,,2025-01-04 13:52:00
OP101664,W0057,Morning,B,34.0,,2025-01-25 02:58:00
OP101665,W0283,Mornng,E,26.0,,2025-06-26 02:05:00
OP101666,W0174,Night,A,26.0,0.0,2025-04-25 05:29:00
OP101667,W0448,Mornng,C,4.0,1.0,2025-05-07 12:29:00
OP101668,W0497,Evening,C,27.0,,2025-06-29 11:51:00
OP101669,W0162,Night,D,37.0,0.0,2025-06-16 12:13:00
OP101670,W0209,Evening,C,18.0,2.0,2025-04-26 18:54:00
OP101671,W0400,Morning,A,,2.0,2025-04-03 22:12:00
OP101672,W0394,Evening,D,36.0,1.0,2025-03-27 06:33:00
OP101673,W0115,Morning,E,48.0,,2025-04-21 09:19:00
OP101674,W0016,,A,14.0,1.0,2025-05-21 10:42:00
OP101675,W0455,Mornng,A,29.0,0.0,2025-05-29 04:45:00
OP101676,W0365,,D,38.0,,2025-03-14 02:04:00
OP101677,W0262,Morning,B,42.0,2.0,2025-03-29 16:49:00
OP101678,W0138,Evening,A,46.0,0.0,2025-03-08 05:04:00
OP101679,W0128,Mornng,A,44.0,,2025-05-05 10:05:00
OP101680,W0310,,,41.0,1.0,2025-03-07 15:45:00
OP101681,W0234,,Z,49.0,,2025-01-26 14:39:00
OP101682,W0192,,E,36.0,0.0,2025-01-05 14:27:00
OP101683,W0015,Mornng,A,18.0,1.0,2025-03-21 07:37:00
OP101684,W0327,Night,,43.0,2.0,2025-04-25 16:41:00
OP101685,W0304,Mornng,Z,28.0,,2025-05-04 15:02:00
OP101686,W0362,Night,E,-5.0,2.0,2025-06-12 02:47:00
OP101687,W0037,Evening,A,1.0,1.0,2025-06-05 20:26:00
OP101688,W0192,,B,41.0,,2025-04-28 14:05:00
OP101689,W0041,,Z,23.0,,2025-04-13 12:35:00
OP101690,W0417,,Z,34.0,1.0,2025-03-06 05:55:00
OP101691,W0132,Night,,34.0,2.0,2025-04-11 03:21:00
OP101692,W0159,,E,45.0,1.0,2025-02-05 17:23:00
OP101693,W0017,,B,36.0,,2025-04-22 00:06:00
OP101694,W0231,Evening,A,12.0,0.0,2025-02-15 15:59:00
OP101695,W0217,,D,9.0,2.0,2025-04-17 14:45:00
OP101696,W0352,,A,33.0,,2025-03-20 10:42:00
OP101697,W0238,Morning,,43.0,0.0,2025-06-11 13:57:00
OP101698,W0414,Evening,B,40.0,1.0,2025-05-25 14:45:00
OP101699,W0494,,,8.0,,2025-06-08 21:56:00
OP101700,W0166,Mornng,,16.0,,2025-03-27 10:39:00
OP101701,W0104,,A,12.0,,2025-01-28 17:33:00
OP101702,W0159,,E,9.0,1.0,2025-03-26 09:53:00
OP101703,W0326,Evening,C,9.0,1.0,2025-01-30 09:15:00
OP101704,W0222,,E,25.0,2.0,2025-05-31 06:31:00
OP101705,W0488,Mornng,E,46.0,0.0,2025-02-10 20:09:00
OP101706,W0213,Evening,A,11.0,,2025-05-11 13:52:00
OP101707,W0385,Evening,C,43.0,,2025-02-22 16:05:00
OP101708,W0299,Morning,B,,0.0,2025-03-30 16:43:00
OP101709,W0234,Mornng,E,5.0,,2025-01-25 01:08:00
OP101710,W0360,Morning,A,16.0,,2025-06-25 12:20:00
OP101711,W0211,,Z,44.0,1.0,2025-06-03 15:30:00
OP101712,W0235,,,12.0,0.0,2025-02-07 22:15:00
OP101713,W0140,Mornng,Z,36.0,2.0,2025-03-31 05:52:00
OP101714,W0343,Morning,C,10.0,1.0,2025-04-23 08:26:00
OP101715,W0394,,Z,0.0,1.0,2025-02-22 08:34:00
OP101716,W0283,Mornng,Z,3.0,,2025-01-28 04:56:00
OP101717,W0138,Evening,C,10.0,1.0,2025-01-18 08:56:00
OP101718,W0025,Night,A,13.0,,2025-03-21 10:44:00
OP101719,W0344,Evening,,7.0,1.0,2025-06-09 17:24:00
OP101720,W0220,Mornng,C,38.0,,2025-06-07 10:42:00
OP101721,W0297,,B,40.0,1.0,2025-02-13 03:22:00
OP101722,W0234,,Z,7.0,0.0,2025-06-03 06:31:00
OP101723,W0223,Morning,E,38.0,,2025-05-17 09:40:00
OP101724,W0165,Morning,,42.0,0.0,2025-04-05 22:53:00
OP101725,W0371,Morning,B,35.0,1.0,2025-06-02 13:49:00
OP101726,W0315,Mornng,D,10.0,0.0,2025-06-02 08:54:00
OP101727,W0431,Morning,D,33.0,2.0,2025-04-20 12:40:00
OP101728,W0416,,C,12.0,0.0,2025-03-15 13:53:00
OP101729,W0390,Night,Z,34.0,0.0,2025-03-13 13:28:00
OP101730,W0059,Morning,,39.0,0.0,2025-06-16 19:59:00
OP101731,W0466,Evening,Z,42.0,,2025-03-30 12:48:00
OP101732,W0369,Evening,,20.0,1.0,2025-05-27 21:06:00
OP101733,W0109,Mornng,E,45.0,1.0,2025-06-18 19:24:00
OP101734,W0221,Morning,D,47.0,1.0,2025-06-20 03:19:00
OP101735,W0023,Mornng,A,37.0,1.0,2025-05-04 19:16:00
OP101736,W0091,Night,E,39.0,0.0,2025-04-12 04:16:00
OP101737,W0400,Evening,B,7.0,,2025-06-29 01:13:00
OP101738,W0112,Morning,B,48.0,0.0,2025-02-03 04:23:00
OP101739,W0081,Night,Z,32.0,,2025-06-29 20:37:00
OP101740,W0407,Morning,,39.0,,2025-01-23 19:22:00
OP101741,W0006,Mornng,Z,0.0,,2025-04-04 11:56:00
OP101742,W0343,Morning,B,24.0,2.0,2025-01-10 21:10:00
OP101743,W0041,Night,,40.0,,2025-03-08 11:40:00
OP101744,W0391,,Z,17.0,1.0,2025-05-12 04:57:00
OP101745,W0011,Mornng,Z,46.0,0.0,2025-02-11 11:39:00
OP101746,W0400,Evening,D,22.0,,2025-01-08 01:57:00
OP101747,W0025,,D,15.0,,2025-02-02 20:54:00
OP101748,W0011,,E,29.0,,2025-04-20 14:54:00
OP101749,W0326,Mornng,C,36.0,,2025-05-04 07:51:00
OP101750,W0167,Mornng,,46.0,0.0,2025-06-15 02:59:00
OP101751,W0124,Night,A,10.0,2.0,2025-01-12 02:26:00
OP101752,W0301,Night,Z,17.0,2.0,2025-01-12 13:55:00
OP101753,W0118,Mornng,D,16.0,1.0,2025-03-11 15:26:00
OP101754,W0370,Evening,,30.0,2.0,2025-04-11 10:31:00
OP101755,W0297,Morning,D,32.0,,2025-02-13 02:05:00
OP101756,W0012,Mornng,D,21.0,1.0,2025-04-22 19:30:00
OP101757,W0113,Morning,A,32.0,,2025-01-01 05:43:00
OP101758,W0394,,B,17.0,0.0,2025-05-29 07:00:00
OP101759,W0142,,B,16.0,1.0,2025-06-05 20:09:00
OP101760,W0449,Evening,A,26.0,2.0,2025-01-22 10:45:00
OP101761,W0355,Night,C,6.0,1.0,2025-03-25 03:31:00
OP101762,W0430,Morning,A,34.0,2.0,invalid_date
OP101763,W0444,,D,45.0,2.0,2025-04-15 06:08:00
OP101764,W0083,Evening,B,29.0,,2025-05-08 13:51:00
OP101765,W0296,,E,15.0,0.0,invalid_date
OP101766,W0381,Evening,Z,43.0,1.0,2025-04-23 15:48:00
OP101767,W0011,Evening,,25.0,2.0,2025-05-29 18:56:00
OP101768,W0220,Morning,A,45.0,0.0,2025-03-31 02:42:00
OP101769,W0049,Mornng,B,19.0,,2025-01-07 21:39:00
OP101770,W0203,,A,33.0,0.0,2025-05-10 17:15:00
OP101771,W0257,,C,0.0,2.0,2025-04-26 20:00:00
OP101772,W0303,Mornng,,16.0,,2025-06-13 00:09:00
OP101773,W0375,Morning,Z,12.0,1.0,2025-02-04 12:12:00
OP101774,W0204,Morning,A,38.0,2.0,2025-01-04 01:24:00
OP101775,W0140,Mornng,Z,8.0,2.0,2025-04-30 04:50:00
OP101776,W0319,Morning,D,47.0,,2025-03-25 22:27:00
OP101777,W0321,,,35.0,,2025-03-05 03:28:00
OP101778,W0392,Mornng,E,45.0,2.0,2025-06-11 07:44:00
OP101779,W0252,,E,7.0,,2025-04-01 13:03:00
OP101780,W0125,Morning,A,1.0,,2025-04-30 01:54:00
OP101781,W0060,Mornng,E,2.0,0.0,2025-05-08 14:39:00
OP101782,W0205,Mornng,,42.0,1.0,2025-04-27 11:41:00
OP101783,W0117,Morning,A,31.0,2.0,2025-06-18 07:31:00
OP101784,W0419,,Z,37.0,0.0,2025-04-23 23:01:00
OP101785,W0204,Evening,E,41.0,1.0,2025-04-05 05:24:00
OP101786,W9999,Mornng,E,6.0,0.0,2025-03-25 02:48:00
OP101787,W0199,Night,B,37.0,2.0,2025-03-29 10:49:00
OP101788,W0385,Morning,D,43.0,2.0,2025-02-16 14:34:00
OP101789,W0116,,D,27.0,2.0,2025-06-05 17:18:00
OP101790,W0001,Night,Z,18.0,1.0,2025-04-05 18:39:00
OP101791,W0290,Evening,C,8.0,2.0,2025-02-04 03:49:00
OP101792,W0004,,E,4.0,1.0,2025-01-06 05:20:00
OP101793,W0253,Mornng,D,28.0,1.0,2025-06-08 06:46:00
OP101794,W0036,Night,Z,16.0,2.0,2025-03-19 16:01:00
OP101795,W0250,Mornng,A,37.0,1.0,2025-01-27 06:12:00
OP101796,W0226,Mornng,B,14.0,2.0,2025-06-14 03:03:00
OP101797,W0262,,C,47.0,2.0,2025-05-15 23:44:00
OP101798,W0354,Night,E,27.0,2.0,2025-05-30 08:04:00
OP101799,W0173,Evening,A,22.0,,2025-01-18 21:35:00
OP101800,W0122,Night,Z,21.0,0.0,2025-05-02 15:37:00
OP101801,W0467,Night,B,34.0,2.0,2025-03-12 13:07:00
OP101802,W0020,Mornng,D,27.0,0.0,2025-04-20 08:42:00
OP101803,W0015,Mornng,A,9.0,0.0,2025-03-10 17:40:00
OP101804,W0479,Mornng,D,14.0,,2025-05-05 19:58:00
OP101805,W0150,Evening,A,,0.0,2025-01-30 05:19:00
OP101806,W0044,Morning,A,17.0,0.0,2025-06-13 21:26:00
OP101807,W0404,,B,34.0,2.0,2025-01-16 16:27:00
OP101808,W0083,,B,-5.0,2.0,2025-05-13 22:10:00
OP101809,W0258,Evening,A,36.0,1.0,2025-06-15 03:14:00
OP101810,W0149,Morning,E,8.0,0.0,2025-02-11 21:33:00
OP101811,W0322,,A,25.0,1.0,2025-01-31 14:07:00
OP101812,W0433,Mornng,C,13.0,1.0,2025-05-31 00:41:00
OP101813,W0295,Morning,,44.0,0.0,2025-03-07 15:04:00
OP101814,W0110,Evening,A,4.0,,2025-06-26 01:18:00
OP101815,W0458,,C,34.0,2.0,2025-06-16 06:26:00
OP101816,W0466,,Z,47.0,2.0,2025-02-04 19:20:00
OP101817,W0075,Night,D,8.0,,2025-06-12 12:14:00
OP101818,W0343,Evening,Z,17.0,0.0,2025-06-07 19:27:00
OP101819,W0338,,D,24.0,1.0,2025-05-11 06:55:00
OP101820,W0244,Morning,A,46.0,0.0,2025-06-21 02:49:00
OP101821,W0222,Morning,E,40.0,0.0,2025-04-26 19:22:00
OP101822,W0313,Mornng,Z,29.0,2.0,2025-04-01 16:13:00
OP101823,W0423,Morning,,23.0,0.0,2025-02-21 10:08:00
OP101824,W0078,Morning,,14.0,0.0,2025-03-23 11:39:00
OP101825,W0257,Mornng,A,1.0,1.0,2025-01-29 18:18:00
OP101826,W0218,Evening,C,42.0,2.0,2025-05-24 23:51:00
OP101827,W0205,,E,0.0,2.0,2025-02-13 13:39:00
OP101828,W0032,Evening,D,23.0,0.0,2025-06-08 12:46:00
OP101829,W0135,,A,45.0,1.0,2025-01-13 18:33:00
OP101830,W0444,Night,C,38.0,2.0,2025-05-05 11:08:00
OP101831,W0324,Morning,E,11.0,2.0,2025-05-07 22:49:00
OP101832,W0482,Mornng,A,33.0,,2025-01-14 15:47:00
OP101833,W0189,,,33.0,0.0,2025-01-28 15:06:00
OP101834,W0153,,,34.0,1.0,2025-02-05 20:06:00
OP101835,W0173,,A,31.0,2.0,2025-03-25 07:00:00
OP101836,W0136,Evening,Z,20.0,2.0,2025-05-17 00:37:00
OP101837,W0345,,Z,41.0,2.0,2025-06-16 13:39:00
OP101838,W0296,Evening,Z,22.0,0.0,2025-01-27 22:22:00
OP101839,W0433,Night,E,33.0,2.0,2025-03-30 22:11:00
OP101840,W0279,Mornng,A,-5.0,1.0,2025-03-18 13:24:00
OP101841,,Morning,Z,9.0,0.0,2025-04-11 12:34:00
OP101842,W0373,Night,D,14.0,,2025-02-14 03:00:00
OP101843,W0142,Night,B,47.0,2.0,2025-05-18 08:49:00
OP101844,W0090,,Z,38.0,2.0,2025-04-06 08:58:00
OP101845,W0327,Morning,E,25.0,2.0,2025-04-27 23:04:00
OP101846,W0250,,Z,39.0,0.0,2025-01-27 17:42:00
OP101847,W0287,,E,5.0,2.0,2025-02-23 08:17:00
OP101848,W0387,Night,A,12.0,2.0,2025-05-21 21:31:00
OP101849,W0371,Morning,C,13.0,,2025-03-11 22:04:00
OP101850,W0393,Mornng,A,24.0,1.0,2025-01-18 22:23:00
OP101851,W0201,,,37.0,0.0,2025-03-17 11:38:00
OP101852,W0342,,E,46.0,,2025-04-08 21:55:00
OP101853,W0395,,,15.0,2.0,2025-05-19 01:31:00
OP101854,W0480,Morning,,42.0,1.0,2025-03-09 15:39:00
OP101855,W0481,Night,D,10.0,2.0,2025-03-27 15:56:00
OP101856,W0419,,,16.0,1.0,2025-01-17 17:00:00
OP101857,W0232,Night,E,23.0,1.0,2025-03-27 10:05:00
OP101858,W0384,Mornng,C,32.0,,2025-02-06 05:42:00
OP101859,W0005,Night,Z,21.0,,2025-05-10 02:21:00
OP101860,W0435,Mornng,Z,12.0,1.0,2025-06-21 04:19:00
OP101861,W0246,Morning,A,47.0,0.0,2025-04-02 15:19:00
OP101862,W0341,Evening,A,9.0,1.0,2025-02-28 14:29:00
OP101863,W0299,,E,5.0,2.0,2025-04-18 13:38:00
OP101864,W0455,,C,42.0,1.0,2025-05-26 07:10:00
OP101865,W0418,Evening,,35.0,0.0,2025-02-23 01:08:00
OP101866,W0238,Night,D,37.0,0.0,2025-05-02 08:00:00
OP101867,W0176,Night,D,42.0,0.0,2025-02-18 20:11:00
OP101868,W0307,,,18.0,0.0,2025-06-19 07:08:00
OP101869,W0460,Morning,D,12.0,0.0,2025-04-23 07:42:00
OP101870,W0397,Night,E,24.0,,2025-06-05 21:40:00
OP101871,W0008,Night,,30.0,,2025-01-24 11:31:00
OP101872,W0115,Mornng,Z,8.0,2.0,2025-01-28 14:26:00
OP101873,W0287,Mornng,D,49.0,0.0,2025-01-11 05:57:00
OP101874,W0230,Night,E,16.0,0.0,2025-05-16 01:11:00
OP101875,W0307,Night,C,40.0,0.0,2025-03-08 05:47:00
OP101876,W0359,Evening,D,19.0,1.0,2025-06-25 13:47:00
OP101877,W0005,,A,33.0,0.0,2025-04-04 01:14:00
OP101878,W0158,,,1.0,1.0,2025-06-29 05:24:00
OP101879,W0005,Morning,E,30.0,0.0,2025-05-23 18:42:00
OP101880,W0446,Night,E,6.0,1.0,2025-04-08 08:15:00
OP101881,W0423,Morning,D,16.0,0.0,2025-05-04 21:02:00
OP101882,W0335,Morning,B,-5.0,0.0,2025-06-05 19:24:00
OP101883,W0035,Evening,D,27.0,,2025-03-23 00:54:00
OP101884,W0354,,B,25.0,1.0,2025-06-07 22:18:00
OP101885,W0439,Evening,A,39.0,2.0,2025-06-08 11:21:00
OP101886,W0008,,B,15.0,,2025-05-15 13:53:00
OP101887,W0468,Night,C,23.0,1.0,2025-03-15 06:24:00
OP101888,W0149,Evening,Z,9.0,0.0,2025-05-13 18:23:00
OP101889,W0223,,,42.0,,2025-06-09 13:54:00
OP101890,W0337,Mornng,D,45.0,0.0,2025-03-29 06:58:00
OP101891,W0076,Mornng,Z,18.0,,2025-04-21 16:34:00
OP101892,W0436,,,30.0,2.0,2025-02-23 06:35:00
OP101893,W0166,,Z,47.0,,2025-02-27 09:09:00
OP101894,W0412,,C,30.0,,2025-04-01 03:25:00
OP101895,W0138,,Z,37.0,1.0,2025-03-08 19:04:00
OP101896,W0297,Evening,E,30.0,1.0,2025-04-24 02:24:00
OP101897,W0403,Evening,C,39.0,0.0,2025-04-20 18:35:00
OP101898,W0233,Mornng,D,26.0,2.0,invalid_date
OP101899,W0479,Evening,B,3.0,2.0,2025-05-20 17:16:00
OP101900,W0136,,A,14.0,,2025-03-30 19:26:00
OP101901,W0498,,Z,43.0,,2025-05-07 05:21:00
OP101902,W0131,Night,E,0.0,0.0,2025-05-15 01:49:00
OP101903,W0244,,,17.0,0.0,2025-03-26 10:45:00
OP101904,W0161,Evening,B,24.0,1.0,2025-04-12 05:38:00
OP101905,W0105,Mornng,,47.0,2.0,2025-01-22 05:44:00
OP101906,W0172,Morning,,7.0,0.0,2025-03-30 01:21:00
OP101907,W0251,Morning,Z,36.0,2.0,2025-01-31 19:09:00
OP101908,W0111,,E,22.0,,2025-02-18 06:56:00
OP101909,W0404,,B,2.0,,2025-01-09 23:03:00
OP101910,W0266,,C,34.0,2.0,2025-01-05 00:15:00
OP101911,W0078,Evening,D,-5.0,1.0,2025-01-02 16:33:00
OP101912,W0262,Mornng,C,7.0,1.0,2025-02-10 15:30:00
OP101913,W0442,Morning,Z,35.0,,2025-02-16 08:56:00
OP101914,W0126,,B,34.0,1.0,2025-06-24 23:04:00
OP101915,W0113,Evening,B,33.0,2.0,2025-06-24 18:17:00
OP101916,W0348,Night,A,37.0,2.0,2025-06-09 02:36:00
OP101917,W0273,Mornng,,34.0,2.0,2025-04-21 22:38:00
OP101918,W0001,,D,46.0,1.0,2025-01-14 16:02:00
OP101919,W0018,Evening,Z,15.0,1.0,2025-01-06 05:58:00
OP101920,W0235,Night,C,20.0,1.0,2025-03-20 06:38:00
OP101921,W0387,Morning,E,5.0,1.0,2025-03-07 19:18:00
OP101922,W0407,Night,D,38.0,0.0,2025-06-28 05:20:00
OP101923,W0257,Mornng,A,48.0,,2025-06-07 10:40:00
OP101924,W0185,Morning,A,22.0,1.0,2025-06-27 17:33:00
OP101925,W0178,Night,Z,29.0,2.0,2025-01-14 08:36:00
OP101926,W0195,Mornng,B,1.0,2.0,2025-02-19 22:35:00
OP101927,W0312,Morning,C,37.0,2.0,2025-03-22 14:52:00
OP101928,W0429,Morning,B,38.0,0.0,2025-04-19 14:01:00
OP101929,W0189,Mornng,Z,20.0,1.0,2025-06-20 17:25:00
OP101930,W0499,Morning,E,35.0,0.0,2025-06-09 20:56:00
OP101931,W0243,Mornng,D,15.0,2.0,invalid_date
OP101932,W0328,Evening,Z,35.0,0.0,2025-06-01 18:50:00
OP101933,W0001,,C,33.0,0.0,2025-05-28 15:57:00
OP101934,W0341,Night,E,7.0,0.0,2025-05-24 23:17:00
OP101935,W0492,,,34.0,,2025-03-26 14:38:00
OP101936,W0094,,B,14.0,,2025-02-19 14:21:00
OP101937,W0451,Morning,D,30.0,1.0,2025-04-06 03:00:00
OP101938,W0234,Evening,E,4.0,,2025-03-19 14:50:00
OP101939,W0379,Night,C,34.0,1.0,2025-01-07 09:05:00
OP101940,W0018,Morning,E,11.0,2.0,2025-05-03 22:26:00
OP101941,W0210,,,2.0,0.0,2025-06-09 05:22:00
OP101942,W0456,,C,10.0,,2025-01-17 00:54:00
OP101943,W0341,Night,E,23.0,2.0,2025-05-29 22:50:00
OP101944,W0130,Morning,C,44.0,2.0,2025-04-19 23:35:00
OP101945,W0436,Night,D,26.0,0.0,invalid_date
OP101946,W0212,,D,20.0,1.0,2025-06-21 16:16:00
OP101947,W0155,,E,35.0,,2025-03-19 10:59:00
OP101948,W0149,Evening,B,9.0,1.0,2025-03-18 09:13:00
OP101949,W0206,,E,11.0,2.0,2025-01-10 04:56:00
OP101950,W0029,Mornng,,-5.0,,2025-04-29 12:56:00
OP101951,W0446,Morning,D,3.0,,2025-01-14 22:52:00
OP101952,W0097,Evening,D,-5.0,1.0,2025-04-04 00:38:00
OP101953,W0341,,E,6.0,0.0,2025-04-17 21:05:00
OP101954,W0093,Mornng,,38.0,1.0,2025-01-02 00:40:00
OP101955,W0492,,A,1.0,1.0,2025-03-28 15:48:00
OP101956,W0106,,D,17.0,,2025-06-18 21:07:00
OP101957,W0370,Evening,D,15.0,1.0,2025-03-23 17:35:00
OP101958,W9999,Night,B,23.0,,2025-02-26 19:24:00
OP101959,W0004,,D,20.0,1.0,2025-05-02 03:08:00
OP101960,W0447,Night,C,10.0,,2025-02-14 23:07:00
OP101961,W0137,,E,45.0,0.0,2025-05-27 15:49:00
OP101962,W0364,,E,30.0,,2025-05-15 10:49:00
OP101963,W0046,,B,44.0,,2025-01-10 17:45:00
OP101964,W0359,Morning,,11.0,,2025-02-11 08:56:00
OP101965,W0104,Morning,Z,48.0,1.0,2025-06-28 12:49:00
OP101966,W0028,Night,B,20.0,1.0,2025-06-14 01:45:00
OP101967,W0416,Morning,C,34.0,2.0,2025-05-05 23:19:00
OP101968,W0370,Night,B,33.0,,2025-06-19 11:08:00
OP101969,W0454,Mornng,B,17.0,2.0,2025-06-10 02:32:00
OP101970,W0382,Night,Z,43.0,2.0,2025-01-09 03:36:00
OP101971,W0445,Mornng,E,17.0,0.0,2025-02-21 22:43:00
OP101972,W0316,,D,0.0,2.0,2025-05-05 17:45:00
OP101973,W0137,Mornng,D,1.0,0.0,2025-04-29 19:13:00
OP101974,W0399,,D,20.0,0.0,2025-02-12 19:25:00
OP101975,W0092,Mornng,A,10.0,2.0,2025-01-05 12:20:00
OP101976,W0123,Evening,C,3.0,0.0,2025-01-13 08:23:00
OP101977,W0247,Morning,E,9.0,1.0,2025-03-27 11:28:00
OP101978,W0466,Night,,-5.0,,2025-06-26 09:53:00
OP101979,W0059,,E,33.0,,2025-05-16 14:44:00
OP101980,W0069,Morning,,10.0,2.0,invalid_date
OP101981,W0080,Mornng,Z,,,2025-05-03 23:05:00
OP101982,W0050,Night,A,39.0,,2025-01-27 13:45:00
OP101983,W0280,Night,C,20.0,0.0,2025-02-09 20:37:00
OP101984,W0120,Mornng,B,47.0,2.0,2025-02-04 08:23:00
OP101985,W0118,,A,1.0,0.0,2025-06-29 07:56:00
OP101986,W0016,Night,D,37.0,0.0,2025-01-03 05:16:00
OP101987,W0327,,Z,38.0,1.0,2025-01-09 23:52:00
OP101988,W0141,Evening,,19.0,0.0,2025-06-19 16:12:00
OP101989,W0211,Evening,E,26.0,0.0,2025-05-27 10:27:00
OP101990,W0026,Mornng,Z,5.0,1.0,2025-05-03 17:38:00
OP101991,W0302,Mornng,E,21.0,2.0,2025-06-17 05:49:00
OP101992,W0495,Morning,C,37.0,0.0,2025-03-18 08:02:00
OP101993,W0303,Night,D,45.0,0.0,2025-03-15 00:40:00
OP101994,W0500,Morning,A,0.0,0.0,2025-03-09 08:26:00
OP101995,W0004,,,23.0,,2025-01-04 21:27:00
OP101996,W0048,Morning,D,17.0,1.0,2025-02-04 08:52:00
OP101997,W0319,,,8.0,,2025-05-14 02:34:00
OP101998,W0490,Night,,21.0,0.0,2025-06-03 19:55:00
OP101999,W0019,,A,-5.0,,2025-04-09 13:00:00
OP102000,W0104,Morning,Z,7.0,1.0,2025-04-19 16:25:00
OP102001,W0228,Night,,-5.0,0.0,2025-02-01 20:12:00
OP102002,W0160,Mornng,Z,36.0,1.0,2025-03-21 06:55:00
OP102003,W0400,Mornng,A,36.0,,2025-06-25 22:28:00
OP102004,W0059,,E,18.0,0.0,2025-03-30 02:53:00
OP102005,W0185,Evening,A,30.0,1.0,2025-04-29 20:01:00
OP102006,W0142,Evening,E,10.0,,2025-03-12 11:24:00
OP102007,W9999,Mornng,D,28.0,0.0,2025-04-08 13:31:00
OP102008,W0404,,Z,4.0,1.0,2025-02-09 07:23:00
OP102009,W0289,Night,E,37.0,1.0,2025-05-05 14:23:00
OP102010,W0328,Night,E,32.0,0.0,2025-01-13 14:56:00
OP102011,W0418,Morning,D,31.0,2.0,2025-02-02 18:01:00
OP102012,W0093,Night,,11.0,2.0,2025-01-09 22:24:00
OP102013,W0187,Night,Z,41.0,2.0,2025-06-01 03:35:00
OP102014,W0006,Morning,D,,0.0,2025-06-25 13:41:00
OP102015,W0196,Mornng,D,4.0,1.0,2025-06-19 09:59:00
OP102016,W0342,Night,Z,26.0,0.0,2025-01-12 13:38:00
OP102017,W0004,Mornng,C,0.0,,2025-04-29 19:58:00
OP102018,W0220,Night,,10.0,,invalid_date
OP102019,W0206,Evening,D,42.0,,2025-04-20 14:14:00
OP102020,W0467,Night,E,0.0,,2025-04-17 03:41:00
OP102021,W0278,,B,23.0,0.0,2025-02-12 22:01:00
OP102022,W0160,,C,23.0,0.0,2025-01-16 23:00:00
OP102023,W0016,Night,,11.0,2.0,2025-02-07 11:25:00
OP102024,W0419,Mornng,E,37.0,2.0,2025-04-24 05:09:00
OP102025,W0170,Night,Z,49.0,1.0,2025-03-23 17:22:00
OP102026,W0494,Mornng,D,14.0,0.0,2025-01-03 15:49:00
OP102027,W0140,,,8.0,0.0,2025-06-01 04:17:00
OP102028,,Morning,D,48.0,1.0,2025-02-09 10:06:00
OP102029,W0477,,C,3.0,1.0,2025-01-12 13:45:00
OP102030,W0253,Evening,A,19.0,2.0,2025-01-31 10:25:00
OP102031,W0386,,A,31.0,0.0,2025-01-09 10:18:00
OP102032,W0401,,,17.0,2.0,2025-01-14 14:51:00
OP102033,W0372,Night,E,31.0,,2025-02-14 21:22:00
OP102034,W0019,Evening,A,10.0,0.0,2025-04-13 00:40:00
OP102035,W0163,,C,0.0,0.0,2025-04-02 18:28:00
OP102036,W0479,,,3.0,2.0,2025-03-28 09:36:00
OP102037,W0295,Morning,Z,27.0,,2025-03-15 12:28:00
OP102038,W0485,Evening,E,23.0,,2025-04-28 10:00:00
OP102039,W0084,Morning,C,28.0,2.0,2025-06-20 13:56:00
OP102040,W0421,Evening,,49.0,,2025-06-18 15:03:00
OP102041,W0080,Morning,A,22.0,,2025-02-06 22:51:00
OP102042,W0061,,Z,31.0,2.0,2025-06-24 19:16:00
OP102043,W0360,Mornng,D,2.0,,2025-01-28 05:53:00
OP102044,W0041,,E,13.0,2.0,2025-05-19 08:20:00
OP102045,W0403,Evening,,26.0,,2025-01-01 17:19:00
OP102046,W0358,Morning,Z,22.0,,2025-01-19 10:53:00
OP102047,W0118,Morning,A,31.0,1.0,2025-06-26 00:57:00
OP102048,W0118,Mornng,A,19.0,2.0,2025-03-22 18:12:00
OP102049,W0113,Mornng,Z,0.0,,2025-04-18 01:08:00
OP102050,W0494,,C,18.0,1.0,2025-03-13 12:05:00
OP102051,W0037,Morning,,25.0,0.0,2025-03-24 06:11:00
OP102052,W0335,Morning,Z,40.0,,2025-05-24 06:15:00
OP102053,W0107,,A,33.0,2.0,2025-04-10 11:14:00
OP102054,W0130,,A,43.0,,2025-06-11 19:02:00
OP102055,W0444,Evening,A,11.0,0.0,2025-06-11 10:49:00
OP102056,W0315,Night,,35.0,2.0,2025-06-12 14:25:00
OP102057,W0142,Morning,,21.0,2.0,2025-02-26 05:33:00
OP102058,W0247,,E,44.0,1.0,2025-01-26 10:20:00
OP102059,W0451,Mornng,Z,33.0,0.0,2025-02-22 05:38:00
OP102060,W0180,,Z,10.0,1.0,2025-01-15 01:35:00
OP102061,W0357,Evening,C,13.0,,2025-03-14 01:21:00
OP102062,W0016,,A,10.0,1.0,2025-06-04 06:30:00
OP102063,W0421,Morning,D,,1.0,2025-02-26 00:15:00
OP102064,W0089,,Z,-5.0,0.0,2025-02-10 20:33:00
OP102065,W0127,,Z,38.0,0.0,2025-06-01 01:22:00
OP102066,W0494,Morning,A,29.0,0.0,2025-01-29 09:30:00
OP102067,W0096,Morning,A,19.0,2.0,2025-05-26 20:34:00
OP102068,W0376,,D,2.0,1.0,2025-05-02 08:15:00
OP102069,W0047,,D,45.0,0.0,2025-02-01 11:16:00
OP102070,W0009,,E,,1.0,2025-02-08 01:50:00
OP102071,W0241,Mornng,B,19.0,2.0,2025-03-25 09:32:00
OP102072,W0120,,Z,17.0,2.0,2025-01-15 13:07:00
OP102073,W0152,,B,46.0,2.0,2025-03-13 22:53:00
OP102074,W0087,Morning,E,5.0,1.0,2025-06-02 03:41:00
OP102075,W0062,,Z,25.0,0.0,2025-06-07 12:30:00
OP102076,W0074,Mornng,E,0.0,0.0,2025-05-07 03:37:00
OP102077,W0490,Mornng,D,23.0,2.0,invalid_date
OP102078,W0303,,E,30.0,,2025-03-13 21:22:00
OP102079,W0032,Morning,E,47.0,,2025-06-01 23:36:00
OP102080,W0047,,D,2.0,,2025-04-18 08:13:00
OP102081,W0221,Mornng,Z,34.0,0.0,2025-06-03 14:12:00
OP102082,W0151,Morning,C,42.0,0.0,2025-01-30 11:03:00
OP102083,W0341,Morning,Z,16.0,2.0,2025-03-09 09:08:00
OP102084,W0153,,,24.0,2.0,2025-06-25 16:08:00
OP102085,W0333,,Z,0.0,0.0,2025-01-16 06:15:00
OP102086,W0226,Morning,D,7.0,2.0,2025-01-21 04:50:00
OP102087,W0221,Night,C,28.0,1.0,2025-06-20 09:38:00
OP102088,W0481,Night,,34.0,1.0,2025-06-19 02:40:00
OP102089,W0033,Morning,E,27.0,0.0,2025-02-17 07:31:00
OP102090,W0496,,,48.0,2.0,2025-01-01 12:49:00
OP102091,W0310,Morning,B,21.0,2.0,2025-06-10 03:23:00
OP102092,W0042,Morning,E,6.0,2.0,2025-05-05 03:01:00
OP102093,W0353,,Z,33.0,1.0,2025-02-22 17:34:00
OP102094,W0304,Night,D,45.0,1.0,2025-05-28 19:16:00
OP102095,W0084,,Z,38.0,0.0,2025-04-11 16:04:00
OP102096,W0365,,A,45.0,,2025-02-11 07:52:00
OP102097,W0296,Mornng,E,46.0,2.0,2025-03-05 06:44:00
OP102098,W0296,,,7.0,0.0,2025-06-08 20:07:00
OP102099,W0414,,A,30.0,0.0,2025-05-01 02:25:00
OP102100,W0128,Morning,C,12.0,,2025-01-08 18:42:00
OP102101,W0489,Night,D,49.0,0.0,2025-04-16 04:41:00
OP102102,W0025,,C,8.0,0.0,2025-05-17 15:12:00
OP102103,W0056,Evening,Z,28.0,1.0,2025-04-07 02:55:00
OP102104,W0412,,Z,47.0,0.0,2025-03-08 23:02:00
OP102105,W0350,Evening,D,49.0,0.0,2025-02-11 11:32:00
OP102106,W0122,Evening,A,19.0,1.0,2025-02-13 23:23:00
OP102107,W0375,Mornng,A,11.0,,2025-04-11 16:47:00
OP102108,W0230,Morning,E,44.0,2.0,2025-03-18 18:27:00
OP102109,W0149,Morning,B,35.0,2.0,2025-06-29 19:36:00
OP102110,W0493,Evening,A,42.0,1.0,2025-05-16 19:31:00
OP102111,W0386,Mornng,,3.0,2.0,2025-01-24 03:58:00
OP102112,W0480,Mornng,E,8.0,,2025-02-02 01:09:00
OP102113,W0209,Night,E,34.0,1.0,2025-01-21 12:05:00
OP102114,W0012,Night,Z,31.0,0.0,2025-04-23 11:04:00
OP102115,W0086,Night,E,3.0,1.0,2025-05-08 01:30:00
OP102116,W0385,Morning,D,31.0,1.0,2025-06-05 05:36:00
OP102117,W0415,Morning,Z,44.0,1.0,2025-01-06 08:14:00
OP102118,W0375,Mornng,,41.0,1.0,2025-03-20 11:34:00
OP102119,W0296,Evening,E,37.0,,2025-03-03 14:11:00
OP102120,W0490,,E,2.0,2.0,2025-03-22 13:08:00
OP102121,W0278,Evening,A,30.0,,2025-06-15 18:06:00
OP102122,W0276,Night,A,21.0,,2025-02-01 23:09:00
OP102123,W0424,Night,E,24.0,1.0,2025-02-03 00:16:00
OP102124,W0147,,Z,9.0,,2025-02-26 20:01:00
OP102125,W0341,Evening,C,36.0,0.0,2025-06-22 07:19:00
OP102126,W0004,,Z,28.0,1.0,2025-06-04 12:41:00
OP102127,W0213,,A,8.0,,2025-06-29 10:12:00
OP102128,W0370,,E,20.0,,2025-04-05 19:03:00
OP102129,W0258,Evening,B,20.0,0.0,2025-03-26 20:40:00
OP102130,W0122,Evening,,22.0,0.0,2025-06-19 23:13:00
OP102131,W0410,,B,21.0,2.0,2025-05-11 14:39:00
OP102132,W0221,,A,27.0,0.0,2025-01-01 06:09:00
OP102133,W0016,,C,12.0,1.0,2025-03-24 19:45:00
OP102134,W0361,Evening,D,27.0,0.0,invalid_date
OP102135,W0434,Mornng,E,25.0,2.0,2025-03-26 12:47:00
OP102136,W0208,Night,Z,10.0,0.0,2025-03-26 14:35:00
OP102137,W0014,,E,36.0,,2025-04-02 06:43:00
OP102138,W0316,,D,19.0,,2025-03-11 19:24:00
OP102139,W0191,Night,A,38.0,2.0,2025-06-16 22:03:00
OP102140,W0058,,E,44.0,2.0,2025-06-15 18:54:00
OP102141,W0461,Night,Z,30.0,0.0,2025-04-04 13:15:00
OP102142,W0217,Night,D,25.0,0.0,2025-03-29 19:26:00
OP102143,W0435,Night,D,34.0,0.0,2025-05-30 09:00:00
OP102144,W0366,,C,21.0,1.0,2025-04-02 14:26:00
OP102145,W0482,,B,38.0,2.0,2025-03-08 04:25:00
OP102146,W0240,Night,Z,39.0,1.0,2025-03-21 05:36:00
OP102147,W0121,Night,C,34.0,,2025-05-01 01:34:00
OP102148,W0297,Evening,B,36.0,1.0,2025-05-18 07:34:00
OP102149,W0291,,B,27.0,0.0,2025-06-25 21:40:00
OP102150,W0404,Morning,A,14.0,0.0,2025-05-15 00:05:00
OP102151,W0034,,Z,-5.0,2.0,2025-02-25 17:28:00
OP102152,W0316,Mornng,D,15.0,2.0,2025-02-11 06:03:00
OP102153,W0055,,E,36.0,,2025-04-03 12:26:00
OP102154,W0126,Morning,B,7.0,,2025-05-16 16:10:00
OP102155,W0224,Mornng,Z,15.0,,2025-03-05 06:25:00
OP102156,W0365,,Z,30.0,0.0,2025-06-05 02:15:00
OP102157,W0405,Morning,Z,0.0,0.0,2025-04-21 21:27:00
OP102158,W0090,,Z,30.0,2.0,2025-02-03 12:01:00
OP102159,W0204,,A,36.0,1.0,2025-05-01 10:31:00
OP102160,W0089,,D,37.0,,2025-02-06 20:52:00
OP102161,W0027,,D,8.0,,2025-04-07 20:50:00
OP102162,W0293,Mornng,D,6.0,,2025-04-24 20:01:00
OP102163,W0207,,A,30.0,2.0,2025-03-21 08:13:00
OP102164,W0113,Evening,Z,29.0,,2025-03-26 18:01:00
OP102165,W0495,Evening,E,39.0,2.0,2025-02-27 03:57:00
OP102166,W0028,Morning,,20.0,0.0,2025-04-17 18:07:00
OP102167,W0097,Mornng,A,43.0,0.0,2025-02-02 12:52:00
OP102168,W0103,Night,,26.0,,2025-04-04 23:20:00
OP102169,W0414,Night,E,27.0,0.0,2025-03-10 02:45:00
OP102170,W0197,Night,Z,26.0,1.0,2025-02-01 14:28:00
OP102171,W0252,Mornng,Z,49.0,0.0,2025-03-15 08:25:00
OP102172,W0301,,C,37.0,0.0,2025-06-05 02:21:00
OP102173,W0045,Night,E,6.0,1.0,2025-02-27 02:28:00
OP102174,W0028,Night,E,,0.0,2025-03-18 06:12:00
OP102175,W0331,,A,39.0,1.0,2025-03-22 09:42:00
OP102176,W0137,Mornng,C,42.0,0.0,2025-03-10 09:28:00
OP102177,W0339,Night,A,9.0,0.0,2025-05-04 09:12:00
OP102178,W0128,Evening,E,21.0,,2025-03-29 02:25:00
OP102179,W0426,Mornng,E,24.0,2.0,2025-03-14 13:12:00
OP102180,W0297,,C,4.0,2.0,2025-05-29 13:00:00
OP102181,W0271,Mornng,,46.0,0.0,2025-01-16 06:44:00
OP102182,W0316,Night,D,34.0,1.0,2025-05-23 21:42:00
OP102183,W0390,,,0.0,,2025-04-30 03:24:00
OP102184,W0001,Evening,A,38.0,,2025-06-02 15:29:00
OP102185,W0200,Night,C,45.0,2.0,2025-01-05 14:39:00
OP102186,W0441,,D,16.0,2.0,2025-01-22 17:50:00
OP102187,W0014,Morning,B,48.0,,2025-03-26 07:38:00
OP102188,W0132,Morning,C,33.0,1.0,2025-01-14 22:00:00
OP102189,W0258,Morning,C,35.0,0.0,2025-05-12 21:07:00
OP102190,W0164,Morning,,8.0,2.0,2025-01-15 22:36:00
OP102191,W0218,Mornng,D,42.0,1.0,2025-06-18 01:20:00
OP102192,W0423,,A,13.0,2.0,2025-03-22 23:10:00
OP102193,W0178,Evening,,8.0,1.0,2025-05-24 08:22:00
OP102194,W0109,Mornng,A,45.0,0.0,2025-01-13 12:45:00
OP102195,W0109,Mornng,A,38.0,2.0,2025-06-22 15:03:00
OP102196,W0283,Mornng,A,13.0,0.0,2025-05-05 22:45:00
OP102197,W0105,Night,B,4.0,1.0,2025-05-05 05:22:00
OP102198,W0470,,B,4.0,1.0,2025-04-10 09:28:00
OP102199,W0261,Night,D,21.0,1.0,2025-04-05 08:47:00
OP102200,W0153,Evening,C,6.0,0.0,2025-04-04 13:46:00
OP102201,W0175,,A,34.0,1.0,2025-01-19 01:07:00
OP102202,W0423,Evening,D,37.0,2.0,2025-05-12 21:34:00
OP102203,W0283,Evening,Z,21.0,,2025-02-11 11:22:00
OP102204,W0326,,E,6.0,1.0,2025-02-08 21:00:00
OP102205,W0346,Morning,B,6.0,2.0,2025-06-17 01:32:00
OP102206,W0424,,E,7.0,2.0,2025-04-07 14:52:00
OP102207,W0117,Morning,C,14.0,2.0,2025-04-30 17:30:00
OP102208,W0036,Night,B,10.0,2.0,2025-04-14 05:16:00
OP102209,W0189,,D,36.0,,2025-05-18 12:23:00
OP102210,W0261,Night,E,42.0,2.0,2025-06-13 02:24:00
OP102211,W0476,Mornng,Z,9.0,2.0,2025-03-04 03:03:00
OP102212,W0256,Night,,3.0,2.0,2025-06-17 04:23:00
OP102213,W0394,Morning,Z,2.0,1.0,2025-04-13 13:43:00
OP102214,W0132,Night,A,-5.0,1.0,2025-01-15 08:22:00
OP102215,W0091,Morning,Z,25.0,2.0,2025-04-16 05:05:00
OP102216,W0323,Evening,B,4.0,,2025-03-25 16:56:00
OP102217,W0117,,,35.0,1.0,2025-06-09 20:19:00
OP102218,W0312,Mornng,D,32.0,2.0,2025-05-14 13:52:00
OP102219,W0316,Mornng,,42.0,,2025-04-13 23:50:00
OP102220,W0232,Morning,C,7.0,,2025-02-17 19:08:00
OP102221,W0102,Mornng,,18.0,0.0,2025-04-03 05:09:00
OP102222,W0347,Night,E,49.0,,2025-02-20 14:35:00
OP102223,W0234,Mornng,D,38.0,1.0,2025-05-02 13:43:00
OP102224,W0316,,D,45.0,,2025-03-28 09:31:00
OP102225,W0021,,Z,49.0,0.0,2025-02-28 13:58:00
OP102226,W0476,Morning,D,15.0,2.0,2025-06-19 10:44:00
OP102227,W0497,Night,C,13.0,1.0,2025-05-08 01:24:00
OP102228,W0137,,,20.0,,2025-05-09 01:04:00
OP102229,W0104,Night,,,1.0,2025-01-13 05:45:00
OP102230,W0391,Night,D,49.0,0.0,2025-05-26 10:59:00
OP102231,W0153,,Z,45.0,2.0,2025-05-18 07:24:00
OP102232,W0041,Mornng,E,40.0,0.0,2025-04-29 09:55:00
OP102233,W0331,Mornng,B,4.0,0.0,2025-02-20 21:20:00
OP102234,W0106,,C,0.0,1.0,2025-05-13 08:13:00
OP102235,W0065,Evening,D,4.0,1.0,2025-06-21 20:13:00
OP102236,W0398,,A,29.0,0.0,2025-05-05 08:58:00
OP102237,W0203,Night,Z,5.0,0.0,2025-03-21 10:09:00
OP102238,W0160,,E,18.0,,invalid_date
OP102239,W0175,,E,41.0,1.0,2025-03-15 22:48:00
OP102240,W0319,Mornng,B,10.0,1.0,2025-03-30 05:54:00
OP102241,W0402,Mornng,E,9.0,,2025-03-26 03:14:00
OP102242,W0248,Morning,E,7.0,0.0,2025-02-27 16:35:00
OP102243,W0290,Night,E,-5.0,,2025-01-05 22:16:00
OP102244,W0273,Mornng,,24.0,1.0,2025-02-28 19:46:00
OP102245,W0497,Morning,B,49.0,0.0,2025-02-08 19:07:00
OP102246,W0041,,D,0.0,,2025-04-29 16:16:00
OP102247,W0361,Morning,E,15.0,0.0,2025-03-06 17:01:00
OP102248,W0334,Evening,C,27.0,,2025-03-07 05:55:00
OP102249,W0328,Night,,42.0,2.0,2025-03-03 11:16:00
OP102250,W0294,Night,,45.0,0.0,2025-03-13 16:51:00
OP102251,W0398,Morning,C,5.0,,2025-06-07 14:40:00
OP102252,W0493,Night,C,22.0,0.0,2025-01-26 22:38:00
OP102253,W0174,Night,B,3.0,,2025-01-01 09:40:00
OP102254,W0108,,C,37.0,1.0,2025-01-07 16:14:00
OP102255,W0375,Evening,B,48.0,,2025-05-01 00:34:00
OP102256,W0492,,,22.0,1.0,2025-06-19 15:39:00
OP102257,W0122,Mornng,C,7.0,1.0,2025-02-04 00:10:00
OP102258,W0211,Mornng,C,28.0,1.0,2025-02-26 15:46:00
OP102259,W0398,Morning,,11.0,1.0,2025-01-26 19:59:00
OP102260,W0421,Mornng,B,37.0,0.0,2025-06-24 05:01:00
OP102261,W0216,Evening,B,27.0,,2025-04-17 07:55:00
OP102262,W0400,Evening,A,45.0,0.0,2025-05-08 14:05:00
OP102263,W0311,Night,E,2.0,2.0,2025-02-06 02:43:00
OP102264,W0249,Morning,D,18.0,,2025-04-09 15:01:00
OP102265,W0112,Mornng,C,-5.0,1.0,2025-06-22 15:38:00
OP102266,W0421,Evening,E,30.0,,2025-06-06 15:43:00
OP102267,W0427,Night,C,23.0,0.0,2025-06-07 12:53:00
OP102268,W0382,Morning,Z,12.0,2.0,2025-02-18 13:38:00
OP102269,W0368,Evening,E,40.0,1.0,2025-03-19 18:18:00
OP102270,W0324,Morning,,22.0,2.0,2025-03-14 06:45:00
OP102271,W0215,Mornng,B,19.0,0.0,2025-03-14 06:55:00
OP102272,W0427,Night,C,35.0,0.0,2025-05-05 01:27:00
OP102273,W0380,Evening,A,25.0,,2025-02-24 15:17:00
OP102274,W0293,,D,47.0,2.0,2025-03-29 15:10:00
OP102275,W0302,,E,49.0,2.0,2025-06-21 03:09:00
OP102276,W0306,Night,C,48.0,,2025-02-25 23:40:00
OP102277,W0114,Night,Z,8.0,,2025-03-06 10:29:00
OP102278,W0473,Night,B,,,2025-05-15 19:03:00
OP102279,W0097,Evening,,38.0,,2025-06-14 04:52:00
OP102280,W0098,Night,A,42.0,1.0,2025-04-15 15:57:00
OP102281,W0144,Morning,A,34.0,1.0,2025-04-09 14:17:00
OP102282,W0047,,B,35.0,0.0,2025-02-18 00:53:00
OP102283,W0255,,B,2.0,0.0,2025-03-19 07:42:00
OP102284,W0039,,A,38.0,1.0,2025-04-23 09:15:00
OP102285,W0361,Night,E,14.0,2.0,2025-06-06 05:31:00
OP102286,W0203,,E,33.0,1.0,2025-03-19 16:33:00
OP102287,W0295,Evening,D,33.0,,2025-03-03 03:44:00
OP102288,W0183,Evening,Z,40.0,,2025-01-04 09:27:00
OP102289,W0339,,B,46.0,0.0,2025-06-02 22:34:00
OP102290,W0349,,,31.0,,2025-04-17 21:16:00
OP102291,W0299,Mornng,E,6.0,2.0,2025-01-25 20:04:00
OP102292,W0376,Mornng,B,,,2025-05-30 21:38:00
OP102293,W0164,Mornng,A,25.0,2.0,2025-01-08 21:20:00
OP102294,W0027,,C,25.0,2.0,2025-03-26 02:36:00
OP102295,W0139,,B,18.0,0.0,2025-04-21 16:57:00
OP102296,W0431,Mornng,Z,29.0,0.0,2025-04-01 02:29:00
OP102297,W0025,,A,39.0,0.0,2025-05-03 16:50:00
OP102298,W0339,Mornng,,18.0,2.0,2025-06-08 16:16:00
OP102299,W0132,Evening,D,17.0,1.0,2025-05-01 15:45:00
OP102300,W0244,Mornng,Z,46.0,2.0,2025-05-27 01:25:00
OP102301,W0099,Morning,B,20.0,1.0,2025-01-27 03:37:00
OP102302,W0008,Evening,D,16.0,2.0,2025-01-28 23:09:00
OP102303,W0485,,,4.0,,2025-03-19 05:02:00
OP102304,W0053,Evening,B,36.0,0.0,2025-05-05 16:00:00
OP102305,W0257,,A,38.0,1.0,2025-06-29 06:38:00
OP102306,W0411,Mornng,,43.0,1.0,2025-06-19 15:39:00
OP102307,W0394,Evening,A,48.0,1.0,2025-01-23 02:54:00
OP102308,W0406,Evening,C,,0.0,2025-04-27 06:07:00
OP102309,W0189,,E,42.0,1.0,2025-01-24 08:31:00
OP102310,W0165,,D,24.0,2.0,2025-03-18 11:04:00
OP102311,W0011,,B,6.0,1.0,2025-04-24 04:54:00
OP102312,W0470,,Z,31.0,1.0,2025-03-14 20:34:00
OP102313,W0280,,E,26.0,2.0,invalid_date
OP102314,W0253,,D,20.0,,2025-05-20 07:23:00
OP102315,W0315,,Z,5.0,,2025-06-10 22:43:00
OP102316,W0271,Night,B,19.0,,2025-03-21 06:13:00
OP102317,W0383,Morning,C,48.0,1.0,2025-05-06 17:57:00
OP102318,W0327,Mornng,C,-5.0,,2025-03-07 08:44:00
OP102319,W0452,Mornng,A,18.0,,2025-02-24 18:46:00
OP102320,W0422,,B,17.0,,2025-04-05 09:49:00
OP102321,W0076,Morning,D,9.0,0.0,2025-01-29 12:30:00
OP102322,W0356,Morning,A,47.0,2.0,2025-05-15 13:27:00
OP102323,W0237,Night,,46.0,0.0,2025-03-14 09:02:00
OP102324,W0017,Evening,C,14.0,1.0,2025-02-16 13:16:00
OP102325,W0280,Mornng,,0.0,,2025-05-18 00:10:00
OP102326,W0031,Mornng,B,38.0,2.0,2025-04-06 23:14:00
OP102327,W0065,Night,Z,5.0,1.0,2025-05-22 23:54:00
OP102328,W0253,Mornng,D,13.0,2.0,2025-02-15 08:55:00
OP102329,W0290,Evening,B,25.0,,2025-03-17 14:13:00
OP102330,W0430,Morning,B,35.0,0.0,2025-03-21 20:55:00
OP102331,W0290,Mornng,E,30.0,1.0,2025-06-07 11:05:00
OP102332,W0102,Morning,C,28.0,1.0,2025-04-30 23:51:00
OP102333,W0240,Night,E,46.0,2.0,2025-03-01 08:22:00
OP102334,W0294,Night,A,17.0,,2025-05-09 23:02:00
OP102335,W0186,,A,6.0,0.0,2025-05-07 12:49:00
OP102336,W0430,,A,27.0,2.0,2025-01-20 15:20:00
OP102337,W0472,,A,14.0,2.0,2025-01-07 22:05:00
OP102338,W0457,Night,B,5.0,1.0,2025-04-23 20:53:00
OP102339,W0121,Night,C,23.0,2.0,2025-02-15 19:47:00
OP102340,W0287,Evening,A,43.0,1.0,2025-03-04 06:07:00
OP102341,W0124,Night,B,45.0,,2025-05-29 14:02:00
OP102342,W0381,Morning,B,48.0,0.0,2025-06-09 13:20:00
OP102343,W0389,Mornng,E,43.0,0.0,2025-03-07 12:38:00
OP102344,W0389,Morning,B,19.0,,invalid_date
OP102345,W0182,,E,30.0,1.0,2025-02-02 12:54:00
OP102346,W0241,Morning,,29.0,2.0,2025-02-13 14:48:00
OP102347,W0014,,Z,30.0,0.0,2025-05-28 00:05:00
OP102348,W0006,Night,B,17.0,2.0,invalid_date
OP102349,W0123,Evening,B,35.0,,2025-02-22 14:55:00
OP102350,W0282,,C,28.0,0.0,2025-04-08 01:17:00
OP102351,W0131,Mornng,Z,7.0,,2025-06-17 05:55:00
OP102352,W0313,,C,26.0,,2025-04-23 17:36:00
OP102353,W0281,,B,24.0,2.0,2025-05-14 19:27:00
OP102354,W0055,Mornng,Z,18.0,2.0,2025-06-24 05:36:00
OP102355,W0234,Mornng,E,,1.0,2025-06-28 00:40:00
OP102356,W0156,,D,32.0,2.0,2025-05-18 12:29:00
OP102357,W0314,,Z,12.0,1.0,2025-06-25 01:48:00
OP102358,W0241,,C,38.0,0.0,2025-06-26 10:42:00
OP102359,W0269,Evening,B,6.0,,2025-04-03 08:52:00
OP102360,W0102,Night,B,35.0,,2025-04-22 04:43:00
OP102361,W0305,Mornng,C,7.0,1.0,2025-02-20 11:56:00
OP102362,W0495,Morning,E,40.0,,2025-03-31 00:24:00
OP102363,W0246,Evening,D,45.0,2.0,2025-02-27 15:39:00
OP102364,W0009,Evening,B,,0.0,2025-01-08 22:53:00
OP102365,W0075,,D,10.0,1.0,2025-06-03 02:06:00
OP102366,W0359,Morning,D,43.0,1.0,2025-03-28 08:45:00
OP102367,W0119,Morning,C,3.0,1.0,2025-06-04 07:48:00
OP102368,W0138,Night,C,6.0,,2025-05-13 03:37:00
OP102369,W0212,,E,43.0,2.0,2025-01-13 06:20:00
OP102370,W0102,,E,29.0,1.0,2025-04-20 14:16:00
OP102371,W0434,Evening,Z,8.0,2.0,2025-01-24 19:30:00
OP102372,W0227,,C,11.0,2.0,2025-01-06 04:28:00
OP102373,W0399,Mornng,Z,18.0,,2025-04-01 23:09:00
OP102374,W0144,Evening,B,45.0,1.0,2025-04-27 05:51:00
OP102375,W0240,Morning,,44.0,,2025-05-09 02:58:00
OP102376,W0158,Mornng,Z,9.0,2.0,2025-06-08 03:35:00
OP102377,W0376,Night,A,,1.0,2025-04-09 19:09:00
OP102378,W0256,,D,40.0,0.0,2025-03-12 22:35:00
OP102379,W0254,,A,24.0,1.0,2025-05-06 09:28:00
OP102380,W0311,Evening,Z,34.0,1.0,2025-06-25 20:14:00
OP102381,W0099,Mornng,Z,27.0,1.0,2025-01-10 16:01:00
OP102382,W0456,Mornng,Z,24.0,2.0,2025-03-09 06:08:00
OP102383,W0432,,,6.0,,2025-06-14 09:24:00
OP102384,W0400,,E,30.0,1.0,2025-05-29 17:40:00
OP102385,W0483,Morning,E,0.0,0.0,2025-04-29 09:59:00
OP102386,W0124,Mornng,C,33.0,2.0,2025-04-06 22:42:00
OP102387,W0071,Morning,D,44.0,1.0,2025-04-06 21:13:00
OP102388,W0435,Night,,18.0,1.0,2025-05-13 21:22:00
OP102389,W0247,,,10.0,1.0,2025-03-14 19:17:00
OP102390,W0456,Evening,D,7.0,2.0,2025-02-27 11:22:00
OP102391,W0156,Night,A,49.0,0.0,2025-02-19 21:27:00
OP102392,W0374,,Z,27.0,0.0,invalid_date
OP102393,W0444,Evening,,23.0,1.0,2025-05-16 10:42:00
OP102394,W0231,Evening,A,16.0,2.0,2025-01-21 13:53:00
OP102395,W0464,Night,A,46.0,1.0,2025-06-05 06:08:00
OP102396,W0041,Morning,A,40.0,2.0,2025-04-07 05:15:00
OP102397,,Night,B,40.0,0.0,2025-03-07 20:22:00
OP102398,W0473,,,7.0,,2025-06-24 01:13:00
OP102399,W0359,Night,B,40.0,0.0,2025-03-25 02:01:00
OP102400,W0137,Mornng,B,15.0,1.0,2025-01-23 23:37:00
OP102401,W0294,,,45.0,0.0,2025-03-24 22:32:00
OP102402,W0499,Night,D,23.0,2.0,2025-03-09 23:01:00
OP102403,W0075,,,41.0,0.0,2025-05-08 23:41:00
OP102404,W0085,Evening,,14.0,1.0,2025-02-06 13:54:00
OP102405,W0201,Mornng,,10.0,2.0,2025-05-04 07:36:00
OP102406,W0308,,D,40.0,2.0,2025-01-15 04:05:00
OP102407,W0328,Mornng,,12.0,1.0,2025-03-18 04:53:00
OP102408,W0282,,C,6.0,1.0,2025-03-08 15:53:00
OP102409,W0437,Night,C,4.0,2.0,2025-02-10 14:17:00
OP102410,W0093,Evening,C,27.0,1.0,2025-04-08 02:27:00
OP102411,W0262,Mornng,,35.0,2.0,2025-03-25 04:25:00
OP102412,W0255,Evening,C,34.0,2.0,2025-06-26 08:50:00
OP102413,W0002,,C,0.0,2.0,2025-02-27 09:23:00
OP102414,W0129,Night,E,26.0,,2025-04-22 22:00:00
OP102415,W0483,,E,38.0,1.0,2025-05-16 11:25:00
OP102416,W0252,Morning,C,46.0,1.0,2025-03-06 18:39:00
OP102417,W0411,Morning,E,34.0,2.0,2025-02-02 17:42:00
OP102418,W0133,Morning,Z,22.0,1.0,2025-05-07 11:52:00
OP102419,W0260,Mornng,C,-5.0,1.0,2025-02-11 12:57:00
OP102420,W0140,Morning,E,40.0,0.0,2025-04-22 23:56:00
OP102421,W0461,Evening,Z,16.0,,2025-03-29 08:51:00
OP102422,W0328,Evening,D,6.0,2.0,2025-06-05 18:16:00
OP102423,W0124,,A,6.0,0.0,2025-05-17 18:13:00
OP102424,W0295,Morning,A,28.0,0.0,2025-04-26 22:07:00
OP102425,W0139,Mornng,B,2.0,0.0,2025-06-16 09:00:00
OP102426,W0478,,E,10.0,1.0,2025-01-22 21:31:00
OP102427,W0143,,B,1.0,,2025-01-16 03:44:00
OP102428,W0422,,C,19.0,1.0,2025-02-22 07:36:00
OP102429,W0254,Evening,D,27.0,2.0,invalid_date
OP102430,W0246,,E,45.0,,2025-04-09 17:25:00
OP102431,W0269,Night,C,31.0,0.0,2025-04-30 11:28:00
OP102432,W0270,Night,C,38.0,2.0,2025-04-12 21:04:00
OP102433,W0235,Mornng,B,6.0,2.0,2025-06-28 11:36:00
OP102434,W0262,Night,B,47.0,,2025-01-11 20:09:00
OP102435,W0472,Mornng,B,20.0,0.0,2025-01-15 03:13:00
OP102436,W0092,Mornng,B,37.0,0.0,2025-05-25 19:03:00
OP102437,W0106,,Z,2.0,,2025-05-10 16:23:00
OP102438,W0427,Mornng,,42.0,2.0,2025-01-05 00:11:00
OP102439,W0295,,C,2.0,1.0,2025-02-25 13:49:00
OP102440,W0287,,A,18.0,0.0,2025-05-16 23:33:00
OP102441,W0050,Evening,B,-5.0,2.0,2025-01-10 07:00:00
OP102442,W0155,,D,16.0,2.0,2025-02-12 15:00:00
OP102443,W0126,Evening,,49.0,1.0,2025-06-12 01:05:00
OP102444,W0085,Night,B,32.0,,2025-04-11 00:00:00
OP102445,W0134,,E,12.0,2.0,2025-05-30 00:17:00
OP102446,W0141,,,8.0,1.0,2025-03-26 00:28:00
OP102447,W0263,Evening,A,45.0,0.0,2025-03-31 08:55:00
OP102448,W0227,,E,44.0,,2025-05-23 17:22:00
OP102449,W0231,Night,B,38.0,,2025-01-05 10:22:00
OP102450,W0045,Mornng,,14.0,1.0,2025-06-02 22:44:00
OP102451,W0083,,,16.0,0.0,2025-02-02 07:50:00
OP102452,W0352,Mornng,B,25.0,0.0,2025-02-01 08:01:00
OP102453,W0150,,E,20.0,,2025-02-08 05:21:00
OP102454,W0178,Morning,E,6.0,,2025-01-30 08:47:00
OP102455,W0172,Evening,A,13.0,1.0,2025-01-21 16:20:00
OP102456,W0108,Morning,,46.0,,2025-03-05 07:56:00
OP102457,W0140,Evening,D,7.0,1.0,2025-03-21 09:19:00
OP102458,W0418,Evening,C,47.0,1.0,2025-03-08 02:59:00
OP102459,W0325,Night,E,39.0,,2025-05-18 20:08:00
OP102460,W0032,,Z,44.0,,2025-06-22 01:08:00
OP102461,W0247,,,0.0,0.0,2025-05-31 15:08:00
OP102462,W0466,Night,A,14.0,1.0,2025-02-04 00:15:00
OP102463,W0135,Mornng,D,9.0,2.0,2025-04-17 20:59:00
OP102464,W0027,,B,45.0,,2025-06-23 22:35:00
OP102465,W0469,Morning,A,40.0,0.0,2025-02-07 03:44:00
OP102466,W0025,Mornng,E,6.0,,2025-06-20 14:53:00
OP102467,W0329,,B,35.0,0.0,2025-03-30 12:21:00
OP102468,W0311,Mornng,A,27.0,0.0,2025-06-24 23:25:00
OP102469,W0078,,,46.0,2.0,2025-01-16 16:41:00
OP102470,W0177,Morning,C,28.0,1.0,2025-03-26 06:28:00
OP102471,W0239,,E,49.0,0.0,2025-02-25 00:33:00
OP102472,W0234,Mornng,B,6.0,1.0,2025-05-25 03:50:00
OP102473,,Morning,D,36.0,1.0,2025-03-31 01:50:00
OP102474,W0130,Mornng,C,45.0,2.0,2025-05-04 23:49:00
OP102475,W0152,,,33.0,0.0,2025-01-16 20:01:00
OP102476,W0270,Mornng,D,43.0,2.0,2025-02-13 20:31:00
OP102477,W0007,,B,21.0,2.0,2025-01-11 21:18:00
OP102478,W0422,Mornng,C,1.0,2.0,2025-03-14 22:14:00
OP102479,W0236,,B,36.0,,2025-06-21 21:39:00
OP102480,W0018,,A,40.0,1.0,2025-01-05 18:51:00
OP102481,W0321,,E,34.0,1.0,2025-04-15 11:25:00
OP102482,W0162,,,2.0,2.0,2025-04-04 02:36:00
OP102483,W0291,Morning,E,35.0,,2025-04-30 22:48:00
OP102484,W0453,,,13.0,,2025-06-23 14:43:00
OP102485,W0119,,C,28.0,1.0,2025-05-03 11:12:00
OP102486,W0102,,Z,48.0,0.0,2025-02-10 17:44:00
OP102487,W0283,,E,15.0,1.0,2025-04-19 02:54:00
OP102488,W0006,,B,24.0,2.0,2025-06-15 22:36:00
OP102489,W0303,,B,44.0,0.0,2025-01-30 06:29:00
OP102490,W0207,Morning,Z,34.0,0.0,2025-01-10 08:08:00
OP102491,W0111,,,6.0,1.0,2025-04-17 15:34:00
OP102492,W0326,,E,37.0,0.0,2025-06-22 10:03:00
OP102493,W0478,Night,C,14.0,,2025-04-11 16:30:00
OP102494,W0283,Mornng,A,18.0,1.0,2025-04-02 17:42:00
OP102495,W0165,Evening,C,15.0,2.0,2025-04-12 16:00:00
OP102496,W0135,Evening,C,20.0,1.0,2025-01-11 20:30:00
OP102497,W0471,,B,15.0,2.0,2025-01-02 00:53:00
OP102498,W0449,Night,Z,19.0,1.0,2025-04-23 15:00:00
OP102499,W0455,Evening,A,6.0,1.0,2025-04-04 13:33:00
OP102500,W0371,Night,B,9.0,2.0,2025-05-30 03:41:00
OP102501,W0048,Evening,E,23.0,0.0,2025-05-10 09:32:00
OP102502,W0027,Morning,E,47.0,0.0,2025-04-28 17:13:00
OP102503,W0369,,,20.0,,2025-01-05 00:21:00
OP102504,W0059,Night,,46.0,1.0,2025-06-08 14:55:00
OP102505,W0083,Mornng,B,32.0,1.0,2025-04-29 23:34:00
OP102506,W0265,Evening,A,25.0,2.0,2025-04-29 22:33:00
OP102507,W0128,Evening,D,45.0,1.0,2025-03-15 17:54:00
OP102508,W0231,Night,C,12.0,0.0,2025-04-09 18:48:00
OP102509,W0223,Morning,Z,43.0,1.0,2025-06-17 23:27:00
OP102510,W0015,,Z,48.0,,2025-04-12 23:41:00
OP102511,W0302,,D,21.0,2.0,2025-04-21 15:22:00
OP102512,W0030,Mornng,C,42.0,0.0,2025-01-25 17:16:00
OP102513,W0268,Evening,Z,28.0,0.0,2025-04-04 20:41:00
OP102514,W0438,Evening,,33.0,,2025-03-28 04:28:00
OP102515,W0129,Evening,D,23.0,1.0,2025-05-22 17:25:00
OP102516,W0381,Morning,A,13.0,1.0,2025-01-30 09:51:00
OP102517,W0364,Mornng,B,15.0,2.0,2025-04-18 03:52:00
OP102518,W0195,Night,Z,18.0,,2025-05-13 18:52:00
OP102519,W0263,Morning,,9.0,0.0,2025-05-18 16:33:00
OP102520,W0321,,B,43.0,0.0,2025-05-23 05:12:00
OP102521,W0086,Night,D,4.0,1.0,2025-06-08 10:12:00
OP102522,W0384,,B,20.0,1.0,2025-04-25 10:48:00
OP102523,W0266,,Z,45.0,2.0,2025-03-10 01:22:00
OP102524,W0248,,Z,27.0,0.0,2025-01-10 04:19:00
OP102525,W0096,,,4.0,1.0,2025-04-02 16:50:00
OP102526,W0473,,B,-5.0,0.0,2025-04-05 23:24:00
OP102527,W0204,Mornng,A,5.0,,2025-06-29 04:04:00
OP102528,W0381,Morning,D,36.0,2.0,2025-04-22 15:51:00
OP102529,W0323,Night,C,6.0,2.0,2025-05-27 13:54:00
OP102530,W0464,,A,38.0,0.0,2025-03-27 06:47:00
OP102531,W0015,Mornng,E,11.0,1.0,2025-02-20 08:21:00
OP102532,W0400,,A,33.0,1.0,2025-06-08 22:44:00
OP102533,W0446,,Z,31.0,2.0,2025-06-01 20:51:00
OP102534,W0368,Evening,C,3.0,1.0,2025-03-16 07:00:00
OP102535,W0321,,,32.0,2.0,2025-04-14 07:08:00
OP102536,W0330,Evening,,18.0,1.0,2025-04-02 12:05:00
OP102537,W0481,Mornng,A,9.0,2.0,2025-02-06 21:43:00
OP102538,W0043,Evening,E,15.0,1.0,2025-02-24 02:39:00
OP102539,W0476,Evening,A,6.0,0.0,2025-01-28 13:09:00
OP102540,W0261,Morning,Z,2.0,1.0,2025-06-03 04:39:00
OP102541,W0232,Mornng,B,32.0,0.0,2025-05-15 19:31:00
OP102542,W0085,,B,45.0,,2025-06-16 00:13:00
OP102543,W0223,,Z,20.0,1.0,2025-02-19 17:05:00
OP102544,W0130,Evening,C,3.0,2.0,2025-05-28 08:49:00
OP102545,W0365,Morning,E,47.0,,2025-06-01 06:10:00
OP102546,W0320,,E,3.0,,2025-05-02 13:50:00
OP102547,W0323,Night,D,17.0,1.0,2025-02-10 18:17:00
OP102548,W0178,Morning,B,8.0,2.0,2025-04-22 17:54:00
OP102549,W0128,,D,26.0,2.0,2025-04-27 22:19:00
OP102550,W0274,,C,30.0,2.0,2025-01-12 08:33:00
OP102551,W0306,,B,17.0,2.0,2025-01-09 00:55:00
OP102552,W0146,Night,C,45.0,2.0,2025-06-26 14:38:00
OP102553,W0253,Morning,A,24.0,1.0,2025-04-25 14:33:00
OP102554,W0470,Mornng,B,36.0,1.0,2025-04-21 17:45:00
OP102555,W0422,,A,20.0,,2025-02-19 06:33:00
OP102556,W0249,,A,5.0,2.0,2025-02-10 00:48:00
OP102557,W0317,Morning,,23.0,0.0,2025-03-17 12:54:00
OP102558,W0351,Morning,B,44.0,1.0,2025-01-12 10:22:00
OP102559,W0093,,Z,33.0,2.0,2025-01-12 05:37:00
OP102560,W0269,Mornng,,39.0,0.0,2025-03-01 21:06:00
OP102561,W0283,,E,23.0,,2025-03-01 14:13:00
OP102562,W0103,Mornng,B,30.0,0.0,2025-03-24 19:36:00
OP102563,W0194,,C,19.0,0.0,2025-03-07 00:36:00
OP102564,W0070,,A,18.0,2.0,2025-05-25 03:05:00
OP102565,W0051,Night,Z,42.0,1.0,2025-04-27 22:29:00
OP102566,W0095,,B,23.0,0.0,2025-05-23 03:33:00
OP102567,W0316,Evening,Z,6.0,1.0,2025-06-12 16:29:00
OP102568,W0257,Night,B,15.0,1.0,2025-05-12 14:11:00
OP102569,W0346,,B,48.0,,2025-05-29 20:00:00
OP102570,W0284,,,33.0,2.0,2025-06-02 08:27:00
OP102571,W0128,Mornng,D,47.0,,2025-05-17 12:04:00
OP102572,W0208,Mornng,D,41.0,0.0,2025-02-18 19:47:00
OP102573,W0444,Mornng,B,40.0,1.0,2025-02-23 05:53:00
OP102574,W0138,Morning,B,29.0,1.0,2025-05-20 17:33:00
OP102575,W0262,,B,14.0,1.0,2025-03-11 19:52:00
OP102576,W0282,Mornng,E,16.0,,2025-06-23 06:48:00
OP102577,W0218,Morning,Z,47.0,1.0,2025-01-14 19:00:00
OP102578,W0412,Morning,,27.0,2.0,2025-05-13 08:35:00
OP102579,W0490,Mornng,A,45.0,,2025-03-16 05:55:00
OP102580,W0194,Morning,Z,34.0,0.0,2025-03-09 18:33:00
OP102581,W0432,,Z,33.0,1.0,2025-02-28 03:30:00
OP102582,W0045,Mornng,Z,31.0,,2025-05-12 11:29:00
OP102583,W0482,Mornng,A,36.0,1.0,2025-03-27 15:06:00
OP102584,W0231,,A,33.0,0.0,2025-06-09 10:27:00
OP102585,W0172,,Z,22.0,0.0,2025-06-19 02:14:00
OP102586,W0051,Evening,C,10.0,1.0,2025-06-05 17:47:00
OP102587,W0204,,,-5.0,1.0,2025-03-14 20:31:00
OP102588,W0129,Morning,E,19.0,0.0,2025-05-29 15:02:00
OP102589,W0079,,D,41.0,,2025-03-27 08:37:00
OP102590,W0052,Mornng,A,32.0,1.0,2025-04-12 21:31:00
OP102591,W0231,,E,39.0,0.0,2025-02-26 09:40:00
OP102592,W0229,Night,B,17.0,2.0,2025-03-01 04:38:00
OP102593,W0117,Mornng,,23.0,,2025-03-28 02:17:00
OP102594,W0081,,C,47.0,,2025-03-25 20:35:00
OP102595,W0354,Night,D,-5.0,0.0,2025-02-20 02:24:00
OP102596,W0391,,Z,23.0,,2025-05-25 18:19:00
OP102597,W0314,Evening,E,24.0,2.0,2025-03-27 12:12:00
OP102598,W0171,Night,A,3.0,0.0,2025-05-28 06:46:00
OP102599,W0479,,,24.0,2.0,2025-02-18 23:31:00
OP102600,W0379,Morning,D,40.0,0.0,2025-02-07 13:59:00
OP102601,W0258,Mornng,C,19.0,2.0,2025-04-01 00:33:00
OP102602,W0350,Morning,Z,16.0,1.0,2025-02-18 11:57:00
OP102603,W0437,,A,36.0,2.0,2025-03-18 18:48:00
OP102604,W0310,,D,11.0,2.0,2025-03-15 06:40:00
OP102605,W0317,Evening,C,35.0,1.0,2025-03-02 18:27:00
OP102606,W0465,,Z,8.0,2.0,2025-04-06 09:12:00
OP102607,W0149,,C,39.0,2.0,2025-06-03 13:43:00
OP102608,W0421,,Z,36.0,,2025-06-14 07:44:00
OP102609,W0270,Night,D,42.0,2.0,2025-06-07 18:21:00
OP102610,W0357,,Z,,1.0,2025-05-05 22:08:00
OP102611,W0236,Morning,D,33.0,2.0,invalid_date
OP102612,W0189,Morning,E,26.0,1.0,2025-01-15 07:11:00
OP102613,W0391,,Z,38.0,0.0,2025-01-22 08:30:00
OP102614,W0357,Morning,A,7.0,,2025-05-17 15:36:00
OP102615,W0367,Mornng,Z,42.0,2.0,2025-06-22 00:56:00
OP102616,W0145,Evening,,20.0,,2025-01-20 07:13:00
OP102617,W0411,Mornng,C,14.0,,2025-03-28 02:15:00
OP102618,W0305,Morning,Z,5.0,,2025-04-10 03:02:00
OP102619,W0368,Mornng,,15.0,2.0,2025-01-23 10:21:00
OP102620,W0067,Mornng,Z,47.0,1.0,2025-06-07 05:31:00
OP102621,W0165,,,10.0,0.0,2025-05-22 03:55:00
OP102622,W0065,Night,D,24.0,0.0,2025-03-03 04:36:00
OP102623,W0109,,A,16.0,0.0,2025-01-08 16:19:00
OP102624,W0187,Evening,Z,7.0,0.0,2025-01-23 19:16:00
OP102625,W0344,Morning,C,20.0,,2025-05-14 03:12:00
OP102626,W0082,Night,,14.0,1.0,2025-02-20 04:14:00
OP102627,W0310,Morning,,8.0,2.0,2025-06-02 04:51:00
OP102628,W0117,,Z,47.0,2.0,2025-06-08 15:42:00
OP102629,W0457,Morning,A,21.0,2.0,2025-06-27 06:07:00
OP102630,W0159,,B,,0.0,2025-02-04 16:30:00
OP102631,W0075,Evening,E,14.0,2.0,2025-06-27 16:54:00
OP102632,W0443,Mornng,A,28.0,2.0,2025-03-23 04:06:00
OP102633,W0426,Mornng,Z,19.0,2.0,2025-04-20 00:55:00
OP102634,W0339,,B,49.0,0.0,2025-06-07 04:34:00
OP102635,W0113,,,9.0,0.0,2025-03-02 22:54:00
OP102636,W0307,Night,Z,0.0,2.0,2025-02-27 00:50:00
OP102637,W0424,Morning,C,28.0,0.0,2025-02-23 13:00:00
OP102638,W0089,Evening,A,39.0,,2025-04-21 06:17:00
OP102639,W0048,Morning,,2.0,2.0,2025-05-30 01:49:00
OP102640,W0289,Morning,A,43.0,1.0,2025-03-11 21:31:00
OP102641,W0221,,D,30.0,1.0,2025-01-15 17:04:00
OP102642,W0166,Evening,D,,1.0,2025-06-08 19:16:00
OP102643,W0407,Evening,A,16.0,2.0,2025-06-04 12:17:00
OP102644,W0205,,B,41.0,0.0,2025-01-13 06:55:00
OP102645,W0470,Mornng,Z,6.0,0.0,2025-04-09 07:23:00
OP102646,W0214,Night,,11.0,1.0,2025-04-02 18:08:00
OP102647,W0199,,D,26.0,,2025-03-13 14:43:00
OP102648,W0312,Night,E,33.0,2.0,2025-04-08 13:53:00
OP102649,W0426,Mornng,,11.0,0.0,2025-02-28 23:21:00
OP102650,W0063,Morning,,4.0,2.0,2025-02-03 22:32:00
OP102651,W0313,Mornng,C,2.0,1.0,2025-04-15 15:30:00
OP102652,W0375,Morning,E,38.0,,2025-01-04 20:18:00
OP102653,W0066,,Z,5.0,2.0,2025-03-17 10:45:00
OP102654,W0024,Evening,C,34.0,,2025-02-23 01:57:00
OP102655,W0093,Mornng,Z,2.0,0.0,2025-06-27 19:23:00
OP102656,W0326,Morning,E,,2.0,2025-02-20 22:41:00
OP102657,W0086,Morning,A,34.0,2.0,2025-01-02 03:42:00
OP102658,W0144,Evening,E,37.0,2.0,2025-05-09 16:05:00
OP102659,W0295,Evening,A,3.0,1.0,2025-04-29 07:37:00
OP102660,W0066,Mornng,,39.0,0.0,2025-05-12 11:21:00
OP102661,W0136,,B,2.0,,2025-06-15 10:02:00
OP102662,W0172,,,45.0,0.0,2025-01-04 19:18:00
OP102663,W0347,Evening,Z,8.0,1.0,2025-05-24 19:20:00
OP102664,W0010,Evening,Z,33.0,1.0,2025-01-01 20:22:00
OP102665,W0231,,,36.0,,2025-05-23 03:44:00
OP102666,W0264,Morning,C,13.0,1.0,2025-05-26 08:18:00
OP102667,W0228,,E,48.0,,2025-04-22 13:48:00
OP102668,W0069,,E,14.0,2.0,2025-05-02 19:24:00
OP102669,W0249,Night,B,16.0,0.0,2025-02-05 02:27:00
OP102670,W0464,Morning,C,45.0,,2025-03-16 17:05:00
OP102671,W0094,Night,D,13.0,0.0,2025-06-11 11:28:00
OP102672,W0054,Morning,C,19.0,0.0,2025-01-31 15:48:00
OP102673,W0429,Morning,C,3.0,2.0,2025-04-15 17:57:00
OP102674,W0006,Evening,C,11.0,1.0,2025-02-24 10:45:00
OP102675,W0288,,C,18.0,2.0,2025-01-04 15:32:00
OP102676,W0102,Evening,Z,26.0,0.0,2025-05-10 15:10:00
OP102677,W0465,Mornng,Z,46.0,,2025-06-15 23:20:00
OP102678,W0215,Evening,,37.0,1.0,2025-06-14 11:33:00
OP102679,W0067,,A,31.0,,2025-04-09 09:58:00
OP102680,W0158,Mornng,C,40.0,,2025-05-12 15:41:00
OP102681,W0055,Night,Z,48.0,1.0,2025-02-18 14:53:00
OP102682,W0097,Mornng,A,45.0,1.0,2025-03-08 16:05:00
OP102683,W0297,,C,10.0,0.0,2025-06-24 12:27:00
OP102684,W0229,,Z,46.0,1.0,2025-06-23 13:13:00
OP102685,W0345,Night,Z,0.0,,2025-03-18 19:26:00
OP102686,W0251,Night,C,5.0,0.0,2025-04-06 07:30:00
OP102687,W0315,Mornng,Z,34.0,,2025-05-10 16:23:00
OP102688,W0088,,E,16.0,,2025-01-07 08:06:00
OP102689,W0306,Mornng,Z,14.0,0.0,2025-03-02 22:31:00
OP102690,W0486,,,1.0,,2025-02-16 22:25:00
OP102691,W0190,Night,D,40.0,2.0,2025-03-11 05:10:00
OP102692,W0235,Night,A,42.0,2.0,2025-04-26 06:03:00
OP102693,W0497,Morning,D,29.0,1.0,2025-06-20 10:40:00
OP102694,W0148,,A,,1.0,2025-05-26 18:09:00
OP102695,W0150,Night,C,46.0,1.0,2025-01-20 18:25:00
OP102696,W0102,,B,17.0,0.0,2025-01-19 04:09:00
OP102697,W0283,Evening,D,22.0,0.0,2025-05-31 15:05:00
OP102698,W0123,,A,34.0,,2025-05-28 19:51:00
OP102699,W0426,Evening,C,39.0,0.0,2025-06-17 16:17:00
OP102700,W0359,,Z,5.0,0.0,2025-06-12 09:39:00
OP102701,W0184,Morning,D,11.0,2.0,2025-05-26 02:04:00
OP102702,W0452,,Z,35.0,,2025-04-12 00:44:00
OP102703,W0475,Morning,D,3.0,,2025-02-08 03:30:00
OP102704,W0473,Morning,B,45.0,1.0,2025-02-27 06:55:00
OP102705,W0107,,A,44.0,0.0,2025-05-20 14:16:00
OP102706,W0451,Night,D,31.0,2.0,2025-02-12 18:48:00
OP102707,W0021,,Z,3.0,0.0,2025-02-22 17:44:00
OP102708,W0218,Mornng,Z,4.0,2.0,2025-02-26 23:45:00
OP102709,W0052,,D,26.0,,2025-03-07 07:35:00
OP102710,W0183,Mornng,E,43.0,2.0,2025-02-21 05:19:00
OP102711,W0419,,C,29.0,,2025-05-11 18:49:00
OP102712,W0118,,Z,35.0,0.0,2025-01-06 17:57:00
OP102713,W0201,Evening,D,44.0,0.0,2025-01-26 18:26:00
OP102714,W0404,,D,41.0,,2025-01-02 18:22:00
OP102715,W0250,,A,14.0,1.0,2025-04-13 15:04:00
OP102716,W0067,Morning,D,45.0,0.0,2025-03-19 11:27:00
OP102717,W0435,,Z,28.0,,2025-06-23 11:41:00
OP102718,W0148,,D,31.0,0.0,2025-04-16 06:07:00
OP102719,W0488,Night,E,3.0,,2025-06-23 07:13:00
OP102720,W0133,Night,C,47.0,0.0,2025-01-02 19:58:00
OP102721,W0393,Night,B,8.0,0.0,2025-05-30 20:17:00
OP102722,W0166,Mornng,D,10.0,2.0,2025-05-22 16:14:00
OP102723,W0178,Mornng,A,42.0,2.0,2025-05-26 16:49:00
OP102724,W0426,Night,D,15.0,0.0,2025-03-02 12:02:00
OP102725,W0182,Night,,48.0,1.0,2025-05-24 22:50:00
OP102726,W0339,,B,30.0,0.0,2025-06-27 09:20:00
OP102727,W0358,Night,D,2.0,0.0,2025-06-20 03:35:00
OP102728,W0144,Morning,B,17.0,1.0,2025-05-23 01:14:00
OP102729,W0188,,E,6.0,0.0,2025-05-24 22:36:00
OP102730,W0394,Night,Z,30.0,1.0,2025-04-06 23:18:00
OP102731,W0079,,C,33.0,1.0,2025-05-22 13:18:00
OP102732,W0363,Evening,C,42.0,2.0,2025-06-01 13:02:00
OP102733,W0074,Night,E,9.0,2.0,2025-01-16 13:22:00
OP102734,W0152,,Z,25.0,2.0,2025-05-05 17:50:00
OP102735,W0144,Morning,,7.0,1.0,2025-01-27 16:51:00
OP102736,W0021,,C,19.0,1.0,2025-04-23 06:07:00
OP102737,W0264,Mornng,B,16.0,1.0,2025-01-18 13:30:00
OP102738,W0046,Morning,A,2.0,0.0,2025-06-29 10:10:00
OP102739,W0035,Night,E,46.0,,2025-03-05 19:35:00
OP102740,W0134,,A,12.0,2.0,2025-04-06 22:41:00
OP102741,W0131,,Z,35.0,2.0,2025-03-25 17:59:00
OP102742,W0298,,Z,16.0,0.0,2025-04-30 06:36:00
OP102743,W0146,Night,B,48.0,,2025-04-24 07:06:00
OP102744,W0182,Morning,A,3.0,1.0,2025-03-12 10:15:00
OP102745,W0082,Mornng,C,36.0,0.0,2025-02-12 15:15:00
OP102746,W0014,,C,29.0,1.0,2025-05-19 22:25:00
OP102747,W0232,Night,D,38.0,1.0,2025-04-11 20:37:00
OP102748,W0099,,D,-5.0,,2025-03-17 18:46:00
OP102749,W0434,Evening,D,-5.0,1.0,2025-03-12 12:31:00
OP102750,W0185,Mornng,C,21.0,,2025-06-14 23:44:00
OP102751,W0220,Mornng,E,5.0,0.0,2025-03-24 07:13:00
OP102752,W0194,Morning,Z,27.0,,2025-05-24 23:27:00
OP102753,W0210,Night,D,42.0,,2025-02-14 23:03:00
OP102754,W0393,Morning,B,22.0,1.0,2025-05-17 22:52:00
OP102755,W0210,,E,8.0,2.0,2025-05-12 15:41:00
OP102756,W0281,Morning,,22.0,0.0,2025-05-03 00:49:00
OP102757,W0349,,,11.0,2.0,2025-03-05 06:48:00
OP102758,W0022,,D,40.0,1.0,2025-04-29 11:13:00
OP102759,W0132,,A,34.0,,2025-02-20 12:15:00
OP102760,W0470,Mornng,C,1.0,,2025-02-13 01:20:00
OP102761,W0035,,A,4.0,2.0,2025-03-03 02:17:00
OP102762,W0117,Evening,,27.0,,2025-06-10 08:00:00
OP102763,W0452,Evening,D,43.0,2.0,2025-05-12 04:36:00
OP102764,W0466,Evening,B,21.0,1.0,2025-06-04 15:01:00
OP102765,W0094,Evening,C,31.0,1.0,2025-01-26 22:11:00
OP102766,W0012,Evening,C,3.0,0.0,2025-06-17 13:00:00
OP102767,W0278,Evening,D,49.0,0.0,2025-04-04 02:34:00
OP102768,W0248,Evening,B,38.0,1.0,2025-02-06 11:24:00
OP102769,W0309,,E,7.0,,2025-05-15 11:29:00
OP102770,W0098,Mornng,Z,14.0,1.0,2025-03-03 11:26:00
OP102771,W0249,Night,B,36.0,2.0,2025-06-08 13:25:00
OP102772,W0160,Night,,,,2025-04-12 10:09:00
OP102773,W0162,Night,C,8.0,1.0,2025-05-15 17:39:00
OP102774,W0292,Evening,,4.0,2.0,2025-01-12 10:31:00
OP102775,W0004,,B,44.0,0.0,2025-03-16 06:48:00
OP102776,W0424,,E,35.0,1.0,2025-06-22 08:50:00
OP102777,W0049,Morning,D,11.0,,2025-03-17 21:46:00
OP102778,W0199,Night,A,5.0,2.0,2025-03-15 20:01:00
OP102779,W0199,Mornng,B,25.0,0.0,2025-03-03 17:07:00
OP102780,W0338,Evening,A,26.0,2.0,2025-01-16 09:23:00
OP102781,W0301,,Z,37.0,1.0,2025-03-29 17:10:00
OP102782,W0284,Evening,B,47.0,2.0,2025-06-17 13:07:00
OP102783,W0219,Mornng,B,8.0,2.0,2025-04-30 15:09:00
OP102784,W0414,,Z,-5.0,,2025-02-14 17:20:00
OP102785,W0207,,B,45.0,0.0,2025-03-12 01:57:00
OP102786,W0334,Evening,,43.0,,2025-03-22 13:10:00
OP102787,W0151,,E,3.0,0.0,2025-02-27 21:31:00
OP102788,W9999,Night,Z,2.0,0.0,2025-02-01 07:28:00
OP102789,W0450,,Z,39.0,1.0,2025-03-16 23:16:00
OP102790,W0468,Evening,,5.0,0.0,2025-04-15 12:53:00
OP102791,W0363,Mornng,,8.0,,2025-01-02 21:20:00
OP102792,W0448,Mornng,E,20.0,2.0,2025-01-28 07:16:00
OP102793,W0001,,A,21.0,0.0,2025-02-25 21:29:00
OP102794,W0053,Evening,C,29.0,2.0,2025-06-28 04:31:00
OP102795,W0163,Night,A,8.0,,2025-04-19 17:02:00
OP102796,W0184,Evening,D,-5.0,,2025-02-06 14:18:00
OP102797,W0136,Morning,D,4.0,0.0,2025-05-01 03:03:00
OP102798,W0490,Mornng,Z,40.0,2.0,2025-01-04 00:40:00
OP102799,W0141,Morning,D,1.0,,2025-02-03 08:55:00
OP102800,W0431,Morning,D,16.0,0.0,2025-03-09 15:33:00
OP102801,W0289,Night,,29.0,1.0,2025-03-18 00:06:00
OP102802,W0277,,Z,38.0,0.0,2025-03-04 08:12:00
OP102803,W0423,Mornng,A,12.0,2.0,2025-01-31 17:46:00
OP102804,W0371,Mornng,B,14.0,0.0,2025-04-26 05:06:00
OP102805,W0225,Mornng,A,4.0,0.0,2025-03-02 11:52:00
OP102806,W0479,,D,24.0,0.0,2025-06-20 06:11:00
OP102807,W0018,Evening,E,18.0,1.0,2025-04-15 11:52:00
OP102808,W0051,,B,31.0,,2025-05-17 17:52:00
OP102809,W0183,,,13.0,1.0,2025-04-29 15:27:00
OP102810,W0070,Mornng,B,34.0,0.0,2025-06-13 18:57:00
OP102811,W0035,,C,35.0,1.0,2025-05-01 13:18:00
OP102812,W0299,,A,34.0,1.0,2025-04-30 03:41:00
OP102813,W0311,Morning,B,47.0,2.0,2025-05-03 02:15:00
OP102814,W0345,Mornng,,26.0,0.0,2025-03-29 02:07:00
OP102815,W0054,Evening,Z,32.0,0.0,2025-04-29 03:54:00
OP102816,W0126,,,1.0,2.0,2025-03-09 06:43:00
OP102817,W0284,Evening,E,22.0,,2025-02-07 13:33:00
OP102818,W0292,,D,18.0,,2025-02-24 00:31:00
OP102819,W0411,Mornng,,29.0,,2025-05-12 06:26:00
OP102820,W0103,Evening,C,13.0,2.0,2025-03-25 14:36:00
OP102821,W0397,Morning,E,-5.0,1.0,2025-05-09 06:11:00
OP102822,W0484,Mornng,E,17.0,0.0,2025-05-14 11:13:00
OP102823,W0192,,C,20.0,0.0,2025-04-15 15:58:00
OP102824,W0377,Mornng,B,46.0,,2025-03-28 04:37:00
OP102825,W0379,Night,D,6.0,1.0,2025-03-22 01:37:00
OP102826,W0154,Mornng,D,43.0,0.0,2025-02-23 16:01:00
OP102827,W0315,Morning,B,4.0,2.0,2025-03-12 18:36:00
OP102828,W0213,Mornng,E,18.0,2.0,2025-05-04 08:54:00
OP102829,W0341,Morning,Z,43.0,0.0,2025-05-21 01:44:00
OP102830,W0054,Mornng,Z,15.0,2.0,2025-02-15 06:11:00
OP102831,W0072,,A,-5.0,2.0,2025-05-04 03:11:00
OP102832,W0486,Evening,E,40.0,1.0,2025-05-08 11:39:00
OP102833,W0434,,,34.0,0.0,2025-01-22 00:11:00
OP102834,W0180,Evening,C,4.0,2.0,2025-05-17 12:41:00
OP102835,W0146,Morning,,36.0,1.0,2025-05-28 11:33:00
OP102836,W0355,Night,E,-5.0,,2025-05-23 13:13:00
OP102837,W0481,Night,A,22.0,1.0,2025-02-14 11:54:00
OP102838,W0002,Morning,Z,29.0,,2025-01-09 03:31:00
OP102839,W0312,Night,Z,18.0,2.0,2025-05-11 04:58:00
OP102840,W0378,Mornng,Z,21.0,0.0,2025-06-09 18:46:00
OP102841,W0109,Morning,E,28.0,0.0,2025-03-05 15:47:00
OP102842,W0257,Mornng,D,0.0,,2025-05-18 00:48:00
OP102843,W0198,Night,A,5.0,1.0,2025-02-17 08:23:00
OP102844,W0216,Morning,E,2.0,0.0,2025-03-05 14:28:00
OP102845,W0191,Mornng,D,18.0,2.0,2025-03-18 20:30:00
OP102846,W0255,,B,-5.0,2.0,2025-06-21 05:55:00
OP102847,W0143,,E,49.0,,2025-02-25 17:05:00
OP102848,W0182,,B,11.0,1.0,2025-05-29 11:20:00
OP102849,W0080,Evening,Z,6.0,0.0,2025-03-18 07:16:00
OP102850,W0171,Evening,B,22.0,0.0,2025-02-22 20:16:00
OP102851,W0334,Mornng,Z,,0.0,2025-02-18 20:12:00
OP102852,W0390,Evening,D,42.0,0.0,invalid_date
OP102853,W0396,Evening,D,49.0,0.0,2025-04-21 06:10:00
OP102854,W0232,,E,13.0,0.0,2025-01-27 02:57:00
OP102855,W0016,Night,B,13.0,2.0,2025-03-18 21:24:00
OP102856,W0370,Night,D,46.0,1.0,2025-01-20 18:04:00
OP102857,W0265,,D,12.0,,2025-01-22 13:50:00
OP102858,W0131,,A,22.0,,2025-04-22 14:22:00
OP102859,W0386,,Z,3.0,,2025-03-09 08:54:00
OP102860,W0041,Night,E,11.0,0.0,2025-05-11 01:41:00
OP102861,W0108,Evening,C,19.0,,2025-06-11 22:42:00
OP102862,W0441,,A,17.0,0.0,2025-03-26 10:19:00
OP102863,W0456,,D,45.0,1.0,2025-04-25 05:09:00
OP102864,W0151,,,38.0,,2025-02-14 13:24:00
OP102865,W0439,Evening,,48.0,2.0,2025-01-17 11:34:00
OP102866,W0087,Morning,E,42.0,1.0,2025-06-06 11:02:00
OP102867,W0411,,D,40.0,,2025-05-01 19:24:00
OP102868,W0333,,Z,41.0,,2025-03-17 14:45:00
OP102869,W0341,Night,D,43.0,,2025-05-02 05:36:00
OP102870,W0150,Morning,Z,47.0,1.0,2025-05-21 19:14:00
OP102871,W0130,Morning,E,3.0,1.0,2025-03-26 00:47:00
OP102872,W0432,,Z,-5.0,2.0,2025-04-18 18:27:00
OP102873,W0064,Morning,C,12.0,2.0,2025-01-31 14:02:00
OP102874,W0225,Night,,35.0,,2025-03-16 22:33:00
OP102875,W0012,,A,5.0,0.0,2025-01-18 04:37:00
OP102876,W0467,Morning,,20.0,0.0,2025-04-03 17:30:00
OP102877,W0268,,Z,41.0,1.0,2025-05-10 22:52:00
OP102878,W0293,Mornng,,12.0,,2025-01-23 08:45:00
OP102879,W0370,Evening,E,-5.0,,2025-02-26 23:37:00
OP102880,W0259,,B,30.0,0.0,2025-02-13 05:19:00
OP102881,W0490,Night,B,10.0,1.0,2025-06-23 18:55:00
OP102882,W0243,Evening,A,42.0,,2025-02-22 09:20:00
OP102883,W0107,,B,14.0,,2025-06-24 00:47:00
OP102884,W0033,Night,C,10.0,0.0,2025-04-11 08:46:00
OP102885,W0283,Night,C,6.0,2.0,2025-01-24 19:47:00
OP102886,W0334,,D,49.0,2.0,2025-05-06 12:20:00
OP102887,W0004,Morning,E,29.0,1.0,2025-04-22 17:32:00
OP102888,W0331,,C,22.0,,2025-06-07 00:39:00
OP102889,W0278,Night,A,8.0,2.0,2025-03-30 00:02:00
OP102890,W0415,Evening,A,13.0,2.0,2025-06-21 16:42:00
OP102891,W0350,Morning,Z,36.0,1.0,2025-04-29 19:18:00
OP102892,W0181,Mornng,A,43.0,0.0,2025-03-14 06:22:00
OP102893,W0489,Morning,,26.0,,2025-06-05 17:12:00
OP102894,W0467,,C,9.0,2.0,2025-02-15 18:04:00
OP102895,W0332,,D,23.0,1.0,2025-03-27 05:05:00
OP102896,W0016,,D,16.0,0.0,2025-05-23 23:05:00
OP102897,W0059,Morning,Z,44.0,1.0,2025-01-24 02:49:00
OP102898,W0365,Night,D,5.0,0.0,2025-01-17 03:08:00
OP102899,W0468,Night,A,21.0,1.0,2025-04-08 22:03:00
OP102900,W0130,,,31.0,2.0,2025-06-10 10:28:00
OP102901,W0281,,A,46.0,0.0,2025-05-01 06:43:00
OP102902,W0446,,A,2.0,0.0,2025-02-14 18:00:00
OP102903,W0398,Morning,D,19.0,1.0,2025-01-21 07:46:00
OP102904,W0078,Evening,C,24.0,,2025-05-10 00:41:00
OP102905,W0101,Mornng,A,2.0,1.0,2025-02-04 08:51:00
OP102906,W0471,,D,19.0,0.0,2025-03-07 18:00:00
OP102907,W0246,Mornng,B,1.0,1.0,2025-04-10 10:59:00
OP102908,W0208,,C,0.0,2.0,2025-06-07 21:26:00
OP102909,W0463,,,41.0,1.0,2025-03-19 00:21:00
OP102910,W0219,,,25.0,,2025-06-25 21:56:00
OP102911,W0427,Morning,Z,35.0,2.0,2025-05-15 05:26:00
OP102912,W0105,,A,45.0,0.0,2025-01-24 22:13:00
OP102913,W0437,Evening,B,4.0,2.0,2025-02-10 09:41:00
OP102914,W0234,,A,13.0,0.0,2025-03-23 19:40:00
OP102915,W0470,Mornng,C,23.0,0.0,2025-04-14 01:35:00
OP102916,W0227,,Z,18.0,1.0,2025-02-01 12:39:00
OP102917,W0385,Mornng,A,13.0,,2025-06-19 08:40:00
OP102918,W0400,Evening,Z,14.0,,2025-05-18 20:59:00
OP102919,W0289,Evening,,-5.0,2.0,2025-01-02 03:33:00
OP102920,W0186,Night,Z,38.0,0.0,2025-06-15 16:28:00
OP102921,W0488,,D,29.0,1.0,2025-03-20 23:55:00
OP102922,W0261,,E,20.0,1.0,2025-02-04 20:21:00
OP102923,W0234,,,27.0,0.0,2025-06-01 15:55:00
OP102924,W0082,Mornng,,20.0,,2025-05-09 05:18:00
OP102925,W0003,Night,C,16.0,2.0,2025-04-23 09:00:00
OP102926,W0160,Night,Z,38.0,,2025-05-08 17:55:00
OP102927,W0071,Night,C,42.0,1.0,2025-01-28 05:32:00
OP102928,W0378,Mornng,D,27.0,1.0,2025-06-02 01:11:00
OP102929,W0202,,A,24.0,,2025-02-07 22:52:00
OP102930,W0188,,E,48.0,1.0,2025-05-26 17:19:00
OP102931,W0297,,E,31.0,,2025-06-22 14:18:00
OP102932,W0019,Evening,Z,,,2025-03-01 19:38:00
OP102933,W0094,Mornng,D,26.0,,2025-01-13 02:48:00
OP102934,W0324,Evening,C,40.0,1.0,2025-05-04 22:51:00
OP102935,W0231,Evening,E,37.0,1.0,2025-01-17 06:33:00
OP102936,W0050,Evening,A,24.0,2.0,2025-03-13 11:29:00
OP102937,W0167,Mornng,D,36.0,1.0,2025-06-11 22:18:00
OP102938,W0279,Morning,A,32.0,2.0,invalid_date
OP102939,W0165,,,14.0,,2025-03-03 14:58:00
OP102940,W0478,,B,23.0,0.0,2025-05-10 10:41:00
OP102941,W0193,Mornng,C,11.0,2.0,2025-01-08 22:12:00
OP102942,W0455,Mornng,,-5.0,,2025-06-16 03:22:00
OP102943,W0060,,E,7.0,0.0,2025-03-20 10:30:00
OP102944,W0198,,D,3.0,,2025-03-24 06:40:00
OP102945,W0317,,Z,34.0,1.0,2025-05-28 05:08:00
OP102946,W0042,Evening,C,16.0,1.0,2025-02-14 05:25:00
OP102947,W0420,Mornng,D,38.0,0.0,2025-02-23 07:53:00
OP102948,W0023,Mornng,,25.0,1.0,2025-04-11 12:54:00
OP102949,W0225,Mornng,A,28.0,2.0,2025-02-13 18:33:00
OP102950,W0119,Evening,D,31.0,0.0,2025-03-23 14:38:00
OP102951,W0412,Mornng,B,30.0,0.0,2025-05-11 12:05:00
OP102952,W0405,Evening,B,,1.0,2025-04-04 20:14:00
OP102953,W0018,,E,8.0,0.0,2025-01-09 10:06:00
OP102954,W0230,Night,A,35.0,1.0,2025-01-13 12:34:00
OP102955,W0144,Morning,E,9.0,1.0,2025-03-23 19:57:00
OP102956,W0119,Evening,B,43.0,1.0,2025-03-20 08:44:00
OP102957,W0447,,E,27.0,0.0,2025-03-28 01:39:00
OP102958,W0060,Evening,B,37.0,,2025-06-01 10:18:00
OP102959,W0427,,Z,1.0,0.0,2025-01-30 02:09:00
OP102960,W0255,Morning,A,6.0,0.0,2025-02-08 09:39:00
OP102961,W0377,,E,31.0,0.0,2025-05-04 23:21:00
OP102962,W0145,Morning,D,42.0,0.0,2025-01-31 21:58:00
OP102963,W0346,Morning,A,7.0,0.0,2025-05-22 03:49:00
OP102964,W0204,,D,11.0,0.0,2025-06-03 14:40:00
OP102965,W0181,,A,7.0,1.0,2025-01-16 14:46:00
OP102966,W0299,Morning,A,8.0,1.0,2025-02-05 20:19:00
OP102967,W0317,Morning,Z,38.0,0.0,2025-05-16 02:55:00
OP102968,W0319,,B,4.0,,2025-01-12 13:57:00
OP102969,W0390,Evening,A,19.0,,2025-01-12 06:32:00
OP102970,W0349,,,28.0,0.0,2025-01-21 03:54:00
OP102971,W0380,Night,,44.0,1.0,2025-04-20 07:39:00
OP102972,W0406,Night,B,22.0,0.0,2025-01-27 03:33:00
OP102973,W0132,Night,,6.0,0.0,2025-06-08 13:21:00
OP102974,W0396,Evening,,13.0,0.0,2025-03-23 12:52:00
OP102975,W0393,Night,E,6.0,0.0,2025-01-26 05:27:00
OP102976,W0014,,E,29.0,1.0,2025-04-02 06:25:00
OP102977,W0020,Night,,30.0,,2025-05-07 11:04:00
OP102978,W0301,Evening,E,15.0,1.0,2025-06-25 19:38:00
OP102979,W0467,Mornng,D,33.0,0.0,2025-04-25 20:41:00
OP102980,W0099,,D,32.0,2.0,2025-05-20 21:18:00
OP102981,W0409,Night,E,25.0,,2025-03-05 02:23:00
OP102982,W0327,Morning,A,24.0,2.0,2025-03-11 00:45:00
OP102983,W0414,,B,10.0,,2025-05-17 02:31:00
OP102984,W0402,Evening,D,11.0,1.0,2025-01-20 19:40:00
OP102985,W0372,Evening,C,1.0,,2025-01-04 14:49:00
OP102986,W0189,Mornng,Z,33.0,,2025-05-02 19:38:00
OP102987,W0279,Mornng,E,8.0,,2025-01-10 15:57:00
OP102988,W0333,,Z,3.0,1.0,2025-03-08 22:33:00
OP102989,W0443,Evening,A,,0.0,2025-03-23 03:10:00
OP102990,W0411,,C,12.0,2.0,2025-02-07 04:22:00
OP102991,W0099,Night,E,3.0,1.0,2025-03-19 08:28:00
OP102992,W0002,,D,40.0,2.0,2025-01-20 16:35:00
OP102993,W0375,,,36.0,1.0,2025-05-29 02:10:00
OP102994,W0499,Night,C,34.0,,2025-03-01 14:55:00
OP102995,W0196,Mornng,C,,,2025-02-16 21:00:00
OP102996,W0242,Night,,26.0,2.0,2025-01-01 21:31:00
OP102997,W0398,,Z,15.0,2.0,2025-05-23 08:39:00
OP102998,W0158,,D,40.0,,2025-05-16 04:52:00
OP102999,W0188,Mornng,Z,34.0,0.0,2025-03-03 12:33:00
OP103000,W0299,Mornng,B,32.0,1.0,2025-01-17 07:17:00
OP103001,W0221,Night,C,13.0,,2025-03-19 07:15:00
OP103002,W0134,Night,B,41.0,,2025-03-04 09:58:00
OP103003,W0342,Morning,Z,17.0,0.0,2025-05-28 15:51:00
OP103004,W0085,,E,31.0,,2025-03-28 18:14:00
OP103005,W0192,,C,47.0,1.0,2025-01-28 08:08:00
OP103006,W0293,,D,20.0,0.0,2025-04-11 14:04:00
OP103007,W0433,,Z,48.0,,2025-06-27 17:51:00
OP103008,W0217,,B,6.0,0.0,2025-03-21 02:16:00
OP103009,W0447,,,37.0,,2025-02-16 12:11:00
OP103010,W0007,Night,,46.0,2.0,2025-04-12 03:18:00
OP103011,W0372,Evening,A,20.0,,2025-05-12 14:00:00
OP103012,W0047,Mornng,Z,16.0,0.0,2025-04-25 09:07:00
OP103013,W0097,,Z,37.0,,2025-04-15 13:28:00
OP103014,W0213,Evening,D,9.0,,2025-01-06 23:40:00
OP103015,W0408,Mornng,Z,37.0,0.0,2025-03-24 20:07:00
OP103016,W0196,Night,,45.0,2.0,2025-06-04 00:46:00
OP103017,W0420,,D,15.0,1.0,2025-06-07 18:52:00
OP103018,W0437,Evening,C,35.0,1.0,2025-01-24 09:40:00
OP103019,W0254,Evening,C,15.0,,2025-04-11 23:34:00
OP103020,W0424,,E,29.0,1.0,2025-04-03 09:32:00
OP103021,W0088,Morning,,,,2025-03-19 02:26:00
OP103022,W0076,Night,B,20.0,,2025-06-25 15:57:00
OP103023,W0408,,A,31.0,0.0,2025-01-02 06:38:00
OP103024,W0436,Mornng,,40.0,0.0,2025-01-17 11:11:00
OP103025,W0479,Evening,C,23.0,2.0,2025-03-20 12:18:00
OP103026,W0410,Mornng,E,36.0,2.0,2025-04-06 07:14:00
OP103027,W0458,Morning,E,21.0,1.0,2025-06-21 16:58:00
OP103028,W0430,Morning,D,44.0,2.0,2025-05-04 08:35:00
OP103029,W0398,,E,26.0,2.0,2025-03-19 21:53:00
OP103030,W0240,,D,33.0,2.0,2025-05-05 06:11:00
OP103031,W0035,,E,20.0,0.0,2025-01-25 05:01:00
OP103032,W0180,Mornng,Z,32.0,2.0,2025-01-28 17:47:00
OP103033,W0130,,C,1.0,1.0,2025-01-18 17:36:00
OP103034,W0191,,A,42.0,,2025-04-21 14:00:00
OP103035,W0370,Mornng,D,40.0,,2025-04-07 09:16:00
OP103036,W0499,Morning,Z,42.0,2.0,2025-03-13 00:55:00
OP103037,W0123,,C,15.0,0.0,2025-01-25 03:08:00
OP103038,W0126,,C,13.0,0.0,2025-03-23 10:51:00
OP103039,W0122,Evening,,12.0,0.0,2025-01-05 02:43:00
OP103040,W0400,Evening,E,46.0,0.0,2025-06-15 23:31:00
OP103041,W0405,Morning,A,3.0,2.0,2025-04-04 11:34:00
OP103042,W0500,,C,4.0,0.0,2025-02-09 01:15:00
OP103043,W0218,Morning,B,15.0,,2025-06-06 01:36:00
OP103044,W0127,Evening,,29.0,1.0,2025-03-13 23:42:00
OP103045,W0416,,B,5.0,,2025-02-23 23:28:00
OP103046,W0299,,,43.0,,2025-03-17 05:17:00
OP103047,W0146,Morning,,32.0,,2025-06-29 10:15:00
OP103048,W0443,,C,9.0,2.0,2025-03-01 03:15:00
OP103049,W0351,,,24.0,0.0,2025-01-29 17:41:00
OP103050,W0065,Mornng,E,11.0,0.0,2025-06-03 11:45:00
OP103051,W0431,Mornng,C,10.0,0.0,2025-03-06 07:20:00
OP103052,W0115,Evening,B,8.0,,2025-05-10 06:36:00
OP103053,W0050,Morning,C,11.0,0.0,2025-02-05 23:12:00
OP103054,W0499,,Z,19.0,1.0,2025-01-16 20:51:00
OP103055,W9999,,,4.0,0.0,2025-04-16 20:53:00
OP103056,W0197,Night,C,21.0,2.0,2025-02-04 15:26:00
OP103057,W0122,Evening,D,38.0,,2025-06-01 18:14:00
OP103058,W0337,Mornng,E,23.0,0.0,2025-03-07 11:09:00
OP103059,W0472,,Z,26.0,1.0,2025-06-11 05:37:00
OP103060,W0271,,,11.0,0.0,2025-02-15 09:22:00
OP103061,W0265,,D,25.0,2.0,2025-01-28 08:45:00
OP103062,W0179,Evening,A,21.0,,2025-01-13 23:54:00
OP103063,W0254,Evening,B,4.0,1.0,2025-01-22 01:23:00
OP103064,W0052,Evening,A,39.0,1.0,2025-05-24 13:15:00
OP103065,W0431,Evening,D,20.0,,2025-04-11 04:25:00
OP103066,W0412,Night,D,13.0,1.0,2025-06-14 22:03:00
OP103067,W0006,,Z,14.0,2.0,2025-03-07 21:27:00
OP103068,W0351,,C,23.0,,2025-06-24 13:56:00
OP103069,W0372,Morning,D,32.0,2.0,2025-06-01 06:36:00
OP103070,W0462,,A,45.0,2.0,2025-01-18 19:54:00
OP103071,,,C,20.0,1.0,2025-05-24 08:59:00
OP103072,W0071,Night,A,4.0,0.0,2025-03-30 00:54:00
OP103073,W0354,,,3.0,1.0,2025-04-01 06:04:00
OP103074,W0065,,B,1.0,0.0,2025-03-08 16:54:00
OP103075,W0226,,B,43.0,1.0,2025-01-18 11:05:00
OP103076,W0157,Evening,E,,1.0,2025-02-02 04:01:00
OP103077,W0445,Night,A,15.0,2.0,2025-06-09 06:51:00
OP103078,W0356,,A,26.0,,2025-06-08 15:53:00
OP103079,W0138,,Z,25.0,0.0,2025-04-16 19:32:00
OP103080,W0228,Mornng,B,9.0,2.0,2025-01-28 18:23:00
OP103081,W0092,Mornng,E,20.0,2.0,2025-03-29 06:24:00
OP103082,W0352,Mornng,C,38.0,0.0,2025-02-21 07:07:00
OP103083,W0003,Night,B,9.0,2.0,2025-06-16 10:26:00
OP103084,W0139,,,33.0,0.0,2025-02-20 12:19:00
OP103085,W0281,Evening,A,13.0,0.0,2025-06-02 13:21:00
OP103086,W0207,Evening,Z,6.0,1.0,2025-05-18 20:03:00
OP103087,W0116,Mornng,E,38.0,,2025-02-02 05:08:00
OP103088,W0208,,D,15.0,,2025-01-07 11:00:00
OP103089,W0257,Mornng,,43.0,,2025-06-03 14:17:00
OP103090,W0406,Evening,A,8.0,1.0,2025-04-27 00:26:00
OP103091,W0165,,E,30.0,2.0,2025-01-24 23:37:00
OP103092,W0389,,E,36.0,1.0,2025-06-18 14:09:00
OP103093,W0130,Night,Z,18.0,2.0,2025-03-02 04:14:00
OP103094,W0156,Mornng,A,10.0,,2025-05-04 05:20:00
OP103095,W0385,Morning,Z,23.0,,2025-03-27 22:50:00
OP103096,W0104,,E,19.0,0.0,2025-01-13 06:39:00
OP103097,W0424,Evening,,43.0,0.0,2025-02-17 07:36:00
OP103098,W0152,,Z,20.0,0.0,2025-03-17 23:06:00
OP103099,W0454,Evening,D,23.0,0.0,2025-05-25 13:42:00
OP103100,W0412,Evening,C,33.0,1.0,2025-04-01 17:56:00
OP103101,W0273,Mornng,A,,0.0,2025-06-27 11:27:00
OP103102,W0319,Evening,E,4.0,2.0,2025-06-25 02:59:00
OP103103,W0379,,,13.0,2.0,2025-03-15 16:11:00
OP103104,W0137,Evening,A,37.0,1.0,2025-03-07 02:40:00
OP103105,W0377,Mornng,A,10.0,0.0,2025-01-01 10:53:00
OP103106,W0120,,B,16.0,2.0,2025-06-06 15:46:00
OP103107,W0200,,C,22.0,0.0,2025-01-17 12:41:00
OP103108,W0485,Night,E,36.0,1.0,2025-02-05 15:20:00
OP103109,W0198,Night,A,3.0,1.0,2025-01-12 02:41:00
OP103110,W0080,Mornng,Z,1.0,,2025-06-06 06:29:00
OP103111,W0088,Evening,,22.0,1.0,2025-05-20 08:31:00
OP103112,W0445,Morning,E,13.0,0.0,invalid_date
OP103113,W0160,Evening,,17.0,0.0,2025-02-21 11:37:00
OP103114,W0125,,C,13.0,1.0,2025-04-27 00:33:00
OP103115,W0123,Mornng,C,47.0,1.0,2025-04-26 15:52:00
OP103116,W0398,,Z,25.0,,2025-03-23 23:03:00
OP103117,W0031,Evening,B,45.0,2.0,2025-02-28 14:08:00
OP103118,W0205,Mornng,Z,28.0,1.0,2025-04-30 11:29:00
OP103119,W0315,Morning,A,40.0,0.0,2025-04-03 19:14:00
OP103120,W0043,Mornng,D,46.0,2.0,2025-04-14 20:18:00
OP103121,W0496,Night,C,41.0,2.0,2025-05-29 23:12:00
OP103122,W0343,Evening,,33.0,0.0,2025-04-24 18:29:00
OP103123,W0059,,Z,7.0,0.0,2025-05-09 12:16:00
OP103124,W0403,Evening,C,40.0,1.0,2025-01-31 14:57:00
OP103125,W0042,Night,B,1.0,2.0,2025-01-23 19:07:00
OP103126,W0199,Evening,Z,29.0,,2025-06-09 03:38:00
OP103127,W0177,,B,15.0,2.0,2025-05-02 06:35:00
OP103128,W0441,Mornng,Z,8.0,1.0,2025-04-06 01:19:00
OP103129,W0338,Night,D,33.0,,2025-03-06 20:05:00
OP103130,W0381,Mornng,C,20.0,2.0,2025-01-03 09:02:00
OP103131,W0048,,B,-5.0,0.0,2025-04-29 22:45:00
OP103132,W0330,Morning,A,3.0,0.0,2025-05-27 05:46:00
OP103133,W0060,,Z,32.0,1.0,invalid_date
OP103134,W0253,,Z,32.0,1.0,2025-01-18 21:24:00
OP103135,W0405,Morning,C,21.0,,2025-03-26 07:46:00
OP103136,W0011,Morning,E,6.0,0.0,2025-01-27 01:39:00
OP103137,W0185,Evening,,4.0,1.0,2025-04-06 16:13:00
OP103138,W0104,Morning,Z,47.0,,2025-05-13 00:23:00
OP103139,W0005,Night,B,7.0,1.0,2025-03-09 08:33:00
OP103140,W0108,Mornng,A,42.0,,2025-02-16 19:29:00
OP103141,W0479,,A,20.0,2.0,2025-01-29 17:01:00
OP103142,W0328,,A,20.0,0.0,2025-05-26 10:21:00
OP103143,W0395,Mornng,D,2.0,0.0,2025-01-22 20:48:00
OP103144,W0427,,A,33.0,1.0,2025-06-04 04:25:00
OP103145,W0299,Morning,Z,3.0,1.0,2025-04-04 05:38:00
OP103146,W0461,Morning,E,41.0,2.0,2025-06-28 14:16:00
OP103147,W0165,,E,13.0,0.0,2025-04-09 09:11:00
OP103148,W0490,Morning,D,47.0,0.0,2025-02-22 11:04:00
OP103149,W0475,Night,D,8.0,1.0,2025-03-19 04:24:00
OP103150,W0361,Morning,B,44.0,2.0,2025-01-18 11:02:00
OP103151,W0267,Night,A,47.0,1.0,2025-01-20 11:25:00
OP103152,W0355,Evening,E,27.0,0.0,invalid_date
OP103153,W0014,,D,30.0,0.0,2025-03-17 15:20:00
OP103154,W0333,Night,A,10.0,1.0,2025-03-02 15:53:00
OP103155,W0103,Evening,Z,-5.0,,2025-03-29 00:14:00
OP103156,W0203,,D,44.0,0.0,2025-04-18 06:03:00
OP103157,W0188,,Z,19.0,,2025-06-08 13:56:00
OP103158,W0329,Morning,Z,30.0,2.0,2025-05-27 17:38:00
OP103159,W0434,Evening,E,45.0,1.0,2025-02-17 12:30:00
OP103160,W0264,,A,33.0,0.0,2025-02-07 08:10:00
OP103161,W0465,,D,4.0,,2025-05-05 08:04:00
OP103162,W0277,,Z,9.0,0.0,2025-06-28 00:18:00
OP103163,W0026,Mornng,A,13.0,,2025-03-12 12:35:00
OP103164,W0267,Morning,C,18.0,0.0,2025-02-03 07:19:00
OP103165,W0436,Evening,B,38.0,0.0,2025-02-03 18:02:00
OP103166,W0022,Mornng,E,41.0,1.0,2025-04-24 02:31:00
OP103167,W0425,Night,C,49.0,0.0,2025-04-10 19:44:00
OP103168,W0077,Night,A,5.0,,invalid_date
OP103169,W0079,,E,32.0,0.0,2025-01-23 00:09:00
OP103170,W0417,Morning,E,17.0,0.0,2025-05-13 07:33:00
OP103171,W0421,Night,C,43.0,0.0,2025-01-25 23:02:00
OP103172,W0467,Morning,Z,10.0,2.0,invalid_date
OP103173,W0022,Evening,Z,12.0,2.0,2025-05-17 21:06:00
OP103174,W0243,Night,Z,-5.0,1.0,2025-01-24 11:24:00
OP103175,W0288,Mornng,E,18.0,,2025-03-11 19:06:00
OP103176,W0337,Morning,D,12.0,0.0,2025-05-27 04:03:00
OP103177,W0320,,E,13.0,,2025-03-06 01:35:00
OP103178,W0071,Evening,E,48.0,,invalid_date
OP103179,W0232,,,23.0,0.0,2025-02-04 08:54:00
OP103180,W0421,Morning,Z,0.0,0.0,2025-01-21 11:39:00
OP103181,W0448,Night,E,39.0,,2025-01-09 00:41:00
OP103182,W0222,Mornng,B,2.0,1.0,2025-06-17 10:39:00
OP103183,W0056,Evening,B,39.0,1.0,2025-03-25 05:58:00
OP103184,W0030,,Z,20.0,,2025-06-29 10:30:00
OP103185,W0437,,E,28.0,2.0,2025-03-11 16:14:00
OP103186,W0093,Morning,,35.0,2.0,2025-03-02 15:21:00
OP103187,W0344,Mornng,,15.0,,2025-01-09 08:03:00
OP103188,W0080,,A,10.0,2.0,2025-01-25 22:26:00
OP103189,W0193,Morning,C,11.0,,2025-04-21 02:07:00
OP103190,W0096,Evening,,2.0,,2025-03-04 17:03:00
OP103191,W0354,,D,33.0,,2025-04-16 12:30:00
OP103192,W0142,,,46.0,1.0,2025-02-23 02:18:00
OP103193,W0312,Mornng,B,36.0,,2025-06-13 05:15:00
OP103194,W0490,,E,33.0,1.0,2025-04-19 17:49:00
OP103195,W0040,Evening,Z,24.0,0.0,2025-01-26 09:58:00
OP103196,W0176,Mornng,D,31.0,0.0,2025-02-04 05:23:00
OP103197,W0478,,C,21.0,1.0,2025-06-28 10:54:00
OP103198,W0172,Night,Z,32.0,0.0,2025-04-24 11:13:00
OP103199,W0168,,A,10.0,0.0,2025-04-15 12:44:00
OP103200,W0270,Mornng,A,28.0,0.0,2025-04-24 05:15:00
OP103201,W0433,Night,E,7.0,1.0,2025-02-22 17:32:00
OP103202,W0102,Night,D,43.0,0.0,2025-01-04 03:57:00
OP103203,W0307,Night,C,35.0,1.0,2025-06-02 13:24:00
OP103204,W0414,Evening,B,24.0,2.0,2025-01-11 11:13:00
OP103205,W0182,Evening,Z,23.0,1.0,2025-03-22 12:18:00
OP103206,W0491,Evening,C,9.0,0.0,2025-04-23 17:28:00
OP103207,W0309,Mornng,A,24.0,1.0,2025-02-15 06:32:00
OP103208,W0177,Morning,A,40.0,0.0,2025-01-18 12:02:00
OP103209,W0342,Morning,B,43.0,0.0,2025-05-08 02:08:00
OP103210,W0002,Mornng,,4.0,0.0,2025-02-20 15:51:00
OP103211,W0077,Mornng,B,22.0,,2025-02-21 05:20:00
OP103212,W0284,Night,C,11.0,,2025-01-17 13:52:00
OP103213,W0415,Mornng,A,27.0,,2025-04-24 13:09:00
OP103214,W0379,Morning,,,2.0,2025-04-20 14:25:00
OP103215,W0263,Evening,E,31.0,2.0,invalid_date
OP103216,W0386,,A,25.0,2.0,2025-01-31 18:20:00
OP103217,W0248,,C,13.0,2.0,2025-03-12 12:28:00
OP103218,W0278,Evening,E,17.0,,2025-05-03 19:55:00
OP103219,W0282,Morning,Z,25.0,2.0,2025-06-23 14:33:00
OP103220,W0041,Evening,Z,22.0,,invalid_date
OP103221,W0458,Morning,A,16.0,1.0,2025-03-22 05:44:00
OP103222,W0212,Mornng,Z,28.0,,2025-03-02 22:55:00
OP103223,W0272,,A,46.0,1.0,2025-03-23 04:53:00
OP103224,W0398,,B,20.0,1.0,2025-04-18 18:46:00
OP103225,W0111,Night,A,3.0,1.0,2025-05-06 06:01:00
OP103226,W0462,,E,37.0,,2025-04-25 19:23:00
OP103227,W0083,,E,11.0,0.0,2025-05-23 18:30:00
OP103228,W0086,Night,C,26.0,,2025-04-27 07:51:00
OP103229,W0190,Morning,Z,33.0,,2025-06-13 11:58:00
OP103230,W0175,Evening,B,16.0,1.0,2025-03-30 08:55:00
OP103231,W0268,Morning,,25.0,2.0,2025-06-09 18:52:00
OP103232,W0351,Mornng,Z,14.0,2.0,2025-05-19 01:31:00
OP103233,W0212,Morning,Z,47.0,2.0,2025-03-01 06:17:00
OP103234,W0236,,B,1.0,2.0,2025-04-05 02:42:00
OP103235,W0445,,D,36.0,2.0,2025-03-07 02:14:00
OP103236,W0166,Mornng,E,15.0,2.0,2025-03-13 14:51:00
OP103237,W0027,,Z,32.0,2.0,2025-04-03 01:54:00
OP103238,W0210,Mornng,C,8.0,,2025-06-15 07:00:00
OP103239,W0246,Night,C,37.0,,2025-03-12 02:03:00
OP103240,W0423,,D,23.0,0.0,2025-05-02 07:36:00
OP103241,W0458,Morning,C,8.0,0.0,2025-03-02 17:23:00
OP103242,W0190,,,43.0,,2025-06-24 16:33:00
OP103243,W0453,Mornng,D,41.0,2.0,2025-04-14 21:36:00
OP103244,W0358,,E,26.0,,2025-04-28 11:55:00
OP103245,W0200,Night,D,,,2025-01-08 15:31:00
OP103246,W0088,,E,9.0,0.0,2025-03-28 09:48:00
OP103247,W0210,,B,8.0,,2025-05-10 05:58:00
OP103248,W0376,Evening,Z,8.0,1.0,2025-02-27 02:27:00
OP103249,W0289,,,17.0,,2025-02-17 21:37:00
OP103250,W0039,Night,Z,5.0,,2025-06-11 01:21:00
OP103251,W0269,,B,26.0,,2025-01-16 00:56:00
OP103252,W0214,Morning,A,33.0,,2025-04-27 22:20:00
OP103253,W0362,Morning,Z,10.0,2.0,2025-04-05 09:27:00
OP103254,W0370,Evening,D,24.0,0.0,2025-02-24 21:53:00
OP103255,W0085,Mornng,,35.0,1.0,2025-05-04 15:14:00
OP103256,W0421,,E,18.0,0.0,2025-05-10 20:31:00
OP103257,W0488,Morning,,14.0,,2025-04-20 01:16:00
OP103258,W0268,Evening,Z,42.0,,2025-04-23 02:03:00
OP103259,W0320,Night,E,43.0,2.0,2025-02-25 09:37:00
OP103260,W0294,Night,B,44.0,2.0,2025-05-30 11:57:00
OP103261,W0021,Night,C,27.0,2.0,2025-06-22 13:58:00
OP103262,W0006,Morning,C,44.0,0.0,2025-06-20 16:32:00
OP103263,W0282,Evening,D,,,2025-05-24 01:03:00
OP103264,W0011,Morning,B,31.0,2.0,2025-04-12 14:09:00
OP103265,W0369,Morning,,1.0,0.0,2025-03-14 09:14:00
OP103266,W0298,,,3.0,,2025-05-15 00:20:00
OP103267,W0203,,Z,16.0,,2025-01-08 00:35:00
OP103268,W0476,Mornng,Z,23.0,1.0,2025-03-13 11:55:00
OP103269,W0174,Evening,,36.0,0.0,2025-03-12 02:10:00
OP103270,W0042,,,37.0,0.0,2025-05-24 14:20:00
OP103271,W0160,,D,10.0,,2025-05-22 05:23:00
OP103272,W0433,,A,44.0,1.0,2025-06-12 07:40:00
OP103273,W0348,Morning,A,29.0,1.0,2025-05-08 22:35:00
OP103274,W0482,Night,B,21.0,0.0,2025-05-31 09:48:00
OP103275,W0415,,C,6.0,0.0,2025-05-19 00:12:00
OP103276,W0210,Mornng,A,32.0,1.0,2025-05-28 20:49:00
OP103277,W0286,Morning,,9.0,2.0,2025-01-07 07:47:00
OP103278,W0180,,B,2.0,0.0,2025-04-08 18:58:00
OP103279,W0364,Morning,A,29.0,,2025-03-12 05:21:00
OP103280,W0357,Evening,Z,39.0,2.0,2025-05-16 18:46:00
OP103281,W0049,Mornng,,11.0,0.0,2025-01-16 08:52:00
OP103282,W0458,Mornng,D,47.0,,2025-05-20 22:58:00
OP103283,W0420,,Z,8.0,0.0,2025-06-04 22:44:00
OP103284,W0359,Evening,B,41.0,0.0,2025-01-06 06:58:00
OP103285,W0479,Mornng,C,25.0,,2025-03-07 13:53:00
OP103286,W0031,Morning,D,32.0,,2025-01-11 23:38:00
OP103287,W0041,,D,7.0,,2025-03-08 03:07:00
OP103288,W0184,Evening,,25.0,0.0,2025-04-09 15:10:00
OP103289,W0482,Morning,E,10.0,,2025-04-08 12:16:00
OP103290,W0372,,,31.0,2.0,2025-04-05 04:48:00
OP103291,W0483,Night,Z,3.0,0.0,2025-05-22 14:43:00
OP103292,W0322,Night,,42.0,0.0,invalid_date
OP103293,W0359,,B,49.0,1.0,2025-01-24 19:54:00
OP103294,W0108,Evening,A,41.0,1.0,2025-01-30 15:03:00
OP103295,W0162,Mornng,B,36.0,,2025-02-16 13:48:00
OP103296,W0406,Evening,,19.0,2.0,2025-04-15 13:06:00
OP103297,W0493,Mornng,C,5.0,1.0,2025-03-31 06:32:00
OP103298,W0357,,A,17.0,0.0,2025-04-06 06:04:00
OP103299,W0117,Night,,42.0,2.0,2025-02-04 12:38:00
OP103300,W0359,Mornng,Z,40.0,1.0,2025-04-30 03:40:00
OP103301,W0162,Night,E,38.0,1.0,2025-04-13 14:00:00
OP103302,W0460,Evening,C,36.0,2.0,invalid_date
OP103303,W0477,Morning,A,14.0,1.0,2025-05-15 03:39:00
OP103304,W0377,,Z,34.0,1.0,2025-05-26 01:42:00
OP103305,W0080,Evening,A,9.0,2.0,2025-01-27 23:26:00
OP103306,W0067,,B,19.0,2.0,2025-01-21 19:31:00
OP103307,W0187,Morning,A,29.0,2.0,2025-06-16 19:57:00
OP103308,W0009,,C,36.0,0.0,2025-03-21 13:46:00
OP103309,W0288,,E,20.0,1.0,2025-01-20 17:20:00
OP103310,W0359,,C,14.0,2.0,2025-04-11 10:16:00
OP103311,W0381,Evening,E,7.0,2.0,2025-03-21 09:42:00
OP103312,W0121,Night,E,15.0,0.0,2025-02-02 21:42:00
OP103313,W0244,,B,48.0,2.0,2025-04-15 03:24:00
OP103314,W0478,Evening,D,33.0,2.0,2025-03-17 05:57:00
OP103315,W0358,Mornng,D,33.0,1.0,2025-02-07 01:34:00
OP103316,W0121,Night,E,25.0,1.0,2025-01-06 22:42:00
OP103317,W0075,,,34.0,,2025-05-02 07:45:00
OP103318,W0228,Morning,C,42.0,0.0,2025-02-26 13:46:00
OP103319,W0108,Night,,21.0,,2025-02-28 03:41:00
OP103320,W0348,Night,B,5.0,1.0,2025-03-15 23:39:00
OP103321,W0161,Evening,E,17.0,,2025-04-30 03:46:00
OP103322,W0071,Night,,2.0,,2025-06-26 07:51:00
OP103323,W0448,Evening,C,3.0,1.0,2025-03-09 17:30:00
OP103324,W0087,Morning,B,32.0,,2025-03-15 21:30:00
OP103325,W0252,Morning,D,27.0,2.0,2025-01-22 12:08:00
OP103326,W0459,,A,25.0,0.0,2025-02-25 03:30:00
OP103327,W0171,Night,,32.0,2.0,2025-01-29 10:56:00
OP103328,W0362,,,41.0,0.0,2025-03-10 16:17:00
OP103329,W0428,,,16.0,,2025-06-22 10:00:00
OP103330,W0050,,Z,20.0,2.0,2025-05-10 19:15:00
OP103331,W0344,Morning,A,32.0,2.0,2025-01-12 08:34:00
OP103332,W0345,,A,20.0,2.0,2025-06-20 02:20:00
OP103333,W0446,,,41.0,,2025-06-08 13:44:00
OP103334,W0218,Mornng,Z,12.0,2.0,2025-06-15 15:52:00
OP103335,W0180,Mornng,,49.0,2.0,2025-06-28 04:02:00
OP103336,W0279,Night,Z,36.0,0.0,2025-02-04 13:53:00
OP103337,W0359,Morning,B,17.0,,2025-02-23 05:38:00
OP103338,W0375,,,26.0,,2025-06-21 04:12:00
OP103339,W0085,Morning,A,47.0,2.0,2025-04-29 06:26:00
OP103340,W0400,Mornng,E,32.0,,2025-03-19 09:16:00
OP103341,W0109,,A,46.0,,2025-02-22 05:22:00
OP103342,W0347,,A,17.0,,2025-01-16 01:30:00
OP103343,W0380,,D,-5.0,,invalid_date
OP103344,W0060,,Z,9.0,1.0,2025-02-01 23:56:00
OP103345,W0064,,E,2.0,0.0,invalid_date
OP103346,W0007,,A,47.0,1.0,invalid_date
OP103347,W0255,Mornng,B,47.0,1.0,2025-04-27 20:18:00
OP103348,W9999,,D,10.0,1.0,invalid_date
OP103349,W0261,Night,C,49.0,1.0,2025-05-30 03:30:00
OP103350,W0435,Evening,E,39.0,2.0,invalid_date
OP103351,W0419,,Z,27.0,1.0,2025-03-18 03:40:00
OP103352,W0396,Mornng,Z,0.0,2.0,2025-05-21 11:57:00
OP103353,W0406,Morning,E,47.0,1.0,2025-05-23 08:11:00
OP103354,W0264,,Z,22.0,1.0,2025-03-27 16:25:00
OP103355,W0479,Morning,,9.0,,2025-03-18 07:22:00
OP103356,W0044,Night,,30.0,0.0,2025-02-24 16:51:00
OP103357,W0207,,Z,18.0,,2025-04-15 21:00:00
OP103358,W0057,Mornng,A,46.0,,2025-02-10 04:44:00
OP103359,W0293,Evening,E,16.0,0.0,2025-05-16 19:09:00
OP103360,W0321,,A,-5.0,2.0,2025-03-02 08:08:00
OP103361,W0294,,B,21.0,1.0,2025-03-28 20:42:00
OP103362,W0112,Mornng,Z,47.0,,2025-01-21 10:45:00
OP103363,W0183,,,34.0,1.0,2025-02-25 00:33:00
OP103364,W0173,Mornng,D,11.0,1.0,2025-05-01 05:53:00
OP103365,W0111,Night,B,5.0,1.0,2025-03-24 02:44:00
OP103366,W0059,,A,25.0,,2025-04-11 13:49:00
OP103367,W0181,Evening,Z,11.0,1.0,invalid_date
OP103368,W0169,Morning,Z,5.0,0.0,2025-04-29 07:13:00
OP103369,W0448,Evening,A,8.0,1.0,2025-02-22 21:41:00
OP103370,W0255,,E,28.0,2.0,2025-04-10 17:02:00
OP103371,W0128,Evening,B,3.0,2.0,2025-03-05 02:19:00
OP103372,W0482,Evening,E,19.0,1.0,2025-05-24 09:23:00
OP103373,W0180,Mornng,B,5.0,,2025-01-25 04:10:00
OP103374,W0007,,,31.0,2.0,2025-05-20 02:38:00
OP103375,W0007,Morning,D,-5.0,,2025-05-13 07:25:00
OP103376,W0157,,B,31.0,0.0,2025-01-18 12:00:00
OP103377,W0384,Mornng,A,47.0,0.0,2025-06-17 09:02:00
OP103378,W0091,,A,8.0,0.0,2025-02-02 01:36:00
OP103379,W0456,Evening,,26.0,0.0,2025-04-01 04:22:00
OP103380,W0348,,A,31.0,0.0,2025-04-13 20:13:00
OP103381,W0195,,C,39.0,1.0,2025-04-17 10:24:00
OP103382,W0386,,A,24.0,0.0,2025-03-22 07:12:00
OP103383,W0413,Mornng,E,1.0,,2025-05-25 19:36:00
OP103384,W0068,Night,Z,32.0,,2025-05-27 14:08:00
OP103385,W0349,Mornng,,5.0,0.0,2025-02-18 00:41:00
OP103386,W0493,Evening,Z,13.0,1.0,2025-04-26 23:17:00
OP103387,W0265,,B,-5.0,,2025-05-25 09:07:00
OP103388,W0166,Night,B,48.0,1.0,2025-02-21 13:19:00
OP103389,W0063,Morning,Z,15.0,2.0,2025-03-04 03:28:00
OP103390,W0475,Evening,Z,32.0,0.0,2025-01-07 04:18:00
OP103391,W0455,Evening,E,39.0,1.0,2025-01-02 19:37:00
OP103392,W0347,Evening,A,1.0,0.0,2025-02-12 01:13:00
OP103393,W0268,Night,C,10.0,1.0,2025-05-24 17:00:00
OP103394,W0181,Morning,A,35.0,1.0,2025-03-27 09:30:00
OP103395,W0009,Night,E,6.0,2.0,2025-01-07 04:18:00
OP103396,W0119,Night,Z,12.0,2.0,2025-03-30 01:57:00
OP103397,W0365,Night,D,20.0,1.0,2025-06-20 15:30:00
OP103398,W0412,Mornng,,12.0,2.0,2025-06-16 11:41:00
OP103399,W0077,,E,-5.0,2.0,2025-05-07 07:22:00
OP103400,W0042,Night,,37.0,,2025-06-28 00:15:00
OP103401,W0057,,E,24.0,2.0,2025-06-10 07:46:00
OP103402,W0477,Evening,A,6.0,2.0,2025-05-31 07:23:00
OP103403,W0423,Evening,B,43.0,1.0,2025-05-01 11:18:00
OP103404,W0370,,,38.0,0.0,2025-06-23 21:45:00
OP103405,W0344,,C,17.0,,2025-05-05 21:22:00
OP103406,W0483,,Z,19.0,,2025-05-07 09:32:00
OP103407,W0196,Morning,B,24.0,1.0,2025-02-14 07:03:00
OP103408,W0115,,E,21.0,2.0,2025-06-05 13:22:00
OP103409,W0079,Night,C,13.0,2.0,2025-01-25 23:38:00
OP103410,W0252,Evening,D,7.0,,2025-06-20 14:25:00
OP103411,W0246,,Z,18.0,0.0,2025-03-24 18:33:00
OP103412,W0384,Evening,C,44.0,2.0,2025-03-20 03:34:00
OP103413,W0380,Mornng,B,-5.0,2.0,2025-06-14 08:19:00
OP103414,W0119,Morning,,27.0,2.0,2025-03-10 03:44:00
OP103415,W0157,Morning,C,6.0,2.0,2025-01-20 12:43:00
OP103416,W0409,Night,A,20.0,2.0,2025-03-11 10:34:00
OP103417,W0245,Night,D,0.0,0.0,2025-03-10 05:04:00
OP103418,W0223,Night,C,12.0,,2025-01-06 10:43:00
OP103419,W0136,Morning,,37.0,0.0,2025-06-17 06:57:00
OP103420,W0489,Night,A,11.0,1.0,2025-05-20 14:55:00
OP103421,W0181,,Z,36.0,,2025-05-15 04:35:00
OP103422,W0259,Morning,E,29.0,0.0,2025-01-15 01:58:00
OP103423,W0180,Mornng,E,29.0,0.0,2025-06-15 04:00:00
OP103424,W0485,Morning,D,39.0,1.0,2025-02-11 21:56:00
OP103425,W0404,,C,45.0,0.0,2025-04-11 08:19:00
OP103426,W0231,Morning,A,0.0,2.0,2025-01-17 22:37:00
OP103427,W0080,Evening,B,46.0,1.0,2025-01-11 23:57:00
OP103428,W0184,Night,B,28.0,,2025-06-09 10:51:00
OP103429,W0351,,C,34.0,,2025-06-25 18:08:00
OP103430,W0052,,E,32.0,1.0,2025-01-05 22:48:00
OP103431,W0279,Evening,C,6.0,1.0,2025-06-15 06:12:00
OP103432,W0203,Night,C,18.0,2.0,2025-05-13 03:01:00
OP103433,W0054,,,24.0,,2025-06-20 06:59:00
OP103434,W0202,Evening,E,0.0,2.0,2025-01-29 12:25:00
OP103435,W0218,Morning,D,27.0,1.0,2025-04-23 17:56:00
OP103436,W0240,Evening,D,25.0,0.0,2025-04-21 01:07:00
OP103437,W0323,Morning,B,1.0,1.0,2025-04-17 17:11:00
OP103438,W0412,Night,D,5.0,,2025-01-03 04:04:00
OP103439,W0161,Mornng,B,30.0,,2025-02-04 17:30:00
OP103440,W0328,Evening,E,41.0,1.0,2025-03-03 16:08:00
OP103441,W0496,,E,-5.0,0.0,2025-06-15 03:00:00
OP103442,W0335,Evening,E,9.0,,2025-06-25 12:57:00
OP103443,W0158,Morning,D,21.0,1.0,2025-03-09 16:22:00
OP103444,W0402,Morning,E,45.0,,2025-04-12 02:49:00
OP103445,W0026,Evening,D,47.0,,2025-05-02 03:04:00
OP103446,W0322,Night,,8.0,1.0,2025-05-27 09:40:00
OP103447,W0046,Night,A,14.0,2.0,invalid_date
OP103448,W0405,Morning,A,21.0,1.0,2025-04-16 05:08:00
OP103449,W0479,,A,27.0,0.0,2025-06-09 21:20:00
OP103450,W0022,Morning,E,42.0,0.0,2025-02-13 13:50:00
OP103451,W0200,Mornng,B,17.0,,2025-05-18 01:19:00
OP103452,W0404,Evening,D,49.0,1.0,2025-05-02 05:25:00
OP103453,W0425,,E,30.0,0.0,2025-03-04 22:36:00
OP103454,W0370,,E,33.0,,2025-04-16 07:57:00
OP103455,W0458,Night,Z,40.0,2.0,2025-02-10 03:22:00
OP103456,W0265,Morning,A,0.0,0.0,2025-05-07 22:14:00
OP103457,W0462,,E,34.0,1.0,2025-06-09 13:22:00
OP103458,W0441,Evening,D,42.0,,2025-03-24 14:02:00
OP103459,W0143,Morning,Z,9.0,1.0,2025-05-17 12:38:00
OP103460,W0456,,B,10.0,0.0,2025-01-07 01:37:00
OP103461,W0380,Evening,C,14.0,2.0,2025-03-06 00:47:00
OP103462,W0106,Mornng,E,25.0,2.0,2025-02-17 17:01:00
OP103463,W0238,Morning,B,-5.0,0.0,2025-05-20 12:59:00
OP103464,W0039,Mornng,Z,9.0,,2025-05-17 18:20:00
OP103465,W0190,Evening,B,21.0,0.0,2025-01-01 09:22:00
OP103466,W0363,,A,0.0,2.0,2025-01-14 07:58:00
OP103467,W0147,Morning,,11.0,0.0,2025-06-08 21:39:00
OP103468,W0486,,D,31.0,1.0,2025-03-30 13:58:00
OP103469,W0343,,B,29.0,,2025-05-25 15:54:00
OP103470,W0140,,E,25.0,,2025-01-13 14:01:00
OP103471,W0127,Morning,A,0.0,2.0,2025-06-05 00:40:00
OP103472,W0366,Mornng,A,47.0,,2025-05-07 19:36:00
OP103473,W0494,,C,19.0,,2025-01-08 04:43:00
OP103474,W0214,Evening,A,40.0,2.0,2025-03-03 18:35:00
OP103475,W0319,Mornng,B,29.0,1.0,2025-05-31 04:43:00
OP103476,W0363,Mornng,E,27.0,0.0,2025-05-18 13:38:00
OP103477,W0211,Night,C,27.0,2.0,2025-03-11 06:47:00
OP103478,W0154,Evening,B,32.0,1.0,2025-04-13 06:42:00
OP103479,W0229,Morning,Z,16.0,1.0,2025-04-28 20:48:00
OP103480,W0486,Mornng,B,46.0,0.0,2025-02-06 03:24:00
OP103481,W0343,Morning,C,4.0,1.0,2025-04-05 00:22:00
OP103482,W0220,,D,20.0,1.0,2025-01-02 20:18:00
OP103483,W0143,Night,D,14.0,0.0,2025-05-22 00:20:00
OP103484,W0212,Night,D,44.0,2.0,2025-04-10 12:51:00
OP103485,W0259,Evening,D,1.0,0.0,2025-01-25 14:40:00
OP103486,W0403,Morning,C,11.0,,2025-06-15 23:23:00
OP103487,W0258,Mornng,D,39.0,0.0,2025-05-09 10:55:00
OP103488,W0374,Mornng,E,29.0,,2025-03-26 16:49:00
OP103489,W0357,Mornng,C,17.0,0.0,2025-03-16 14:06:00
OP103490,W0049,Night,B,2.0,0.0,2025-02-11 23:49:00
OP103491,W0043,Evening,E,29.0,0.0,2025-02-07 18:24:00
OP103492,W0057,Night,,24.0,1.0,2025-03-04 01:39:00
OP103493,W0092,,A,33.0,1.0,2025-05-05 23:17:00
OP103494,W0374,Night,D,22.0,,2025-06-08 19:41:00
OP103495,W0068,Morning,B,35.0,2.0,2025-04-26 12:56:00
OP103496,W0253,,Z,6.0,2.0,2025-05-04 13:38:00
OP103497,W0229,Mornng,E,48.0,,2025-01-25 11:44:00
OP103498,W0252,Mornng,E,2.0,1.0,2025-03-24 17:35:00
OP103499,W0042,Night,E,27.0,0.0,2025-04-08 19:25:00
OP103500,W0368,Evening,C,20.0,1.0,2025-05-01 18:11:00
OP103501,W0049,,D,44.0,,2025-04-16 13:14:00
OP103502,W0488,Morning,Z,7.0,,2025-02-13 00:46:00
OP103503,W0372,,Z,24.0,2.0,2025-02-20 02:47:00
OP103504,W0211,,B,48.0,,2025-01-06 23:04:00
OP103505,W0049,,E,31.0,,2025-05-07 03:30:00
OP103506,W0222,Mornng,C,21.0,1.0,2025-01-10 19:13:00
OP103507,W0066,Night,Z,18.0,0.0,2025-01-06 12:39:00
OP103508,W0099,Evening,A,23.0,2.0,2025-06-09 07:24:00
OP103509,W0100,Mornng,B,48.0,,2025-06-21 01:50:00
OP103510,W0034,Evening,D,14.0,1.0,2025-04-30 23:32:00
OP103511,W0104,,E,32.0,2.0,2025-01-21 16:55:00
OP103512,W0357,,B,35.0,,2025-04-02 12:44:00
OP103513,W0206,Night,C,3.0,0.0,2025-02-01 13:33:00
OP103514,W0456,Evening,C,35.0,0.0,2025-02-12 19:08:00
OP103515,W0341,,Z,48.0,2.0,2025-01-10 10:07:00
OP103516,W0005,,,48.0,2.0,2025-05-20 18:12:00
OP103517,W0204,Evening,D,31.0,0.0,2025-04-15 02:22:00
OP103518,W0391,,A,43.0,0.0,2025-05-26 09:08:00
OP103519,W0413,Evening,,17.0,1.0,2025-05-31 04:32:00
OP103520,W0342,Mornng,E,23.0,,2025-02-01 14:02:00
OP103521,W0285,Morning,Z,22.0,,2025-05-21 13:29:00
OP103522,W0214,,E,41.0,0.0,invalid_date
OP103523,W0050,Night,E,,,2025-03-15 04:23:00
OP103524,W0155,Evening,C,8.0,,2025-04-06 12:27:00
OP103525,W0038,Mornng,E,32.0,1.0,2025-06-21 04:57:00
OP103526,W0124,,C,9.0,1.0,2025-04-23 17:33:00
OP103527,W0303,Night,B,48.0,2.0,2025-04-08 16:58:00
OP103528,W0427,,E,29.0,2.0,2025-05-28 08:46:00
OP103529,W0369,Evening,,17.0,0.0,2025-03-10 18:50:00
OP103530,W0214,,Z,47.0,0.0,2025-03-25 23:12:00
OP103531,W0273,Morning,C,27.0,2.0,2025-06-19 07:59:00
OP103532,W0274,,C,,,2025-04-24 17:21:00
OP103533,W0371,,E,26.0,,2025-06-04 06:00:00
OP103534,W0295,Mornng,,35.0,1.0,2025-01-10 18:30:00
OP103535,W0443,Evening,E,18.0,1.0,2025-04-29 22:27:00
OP103536,W0196,,B,25.0,0.0,2025-04-12 03:48:00
OP103537,W0063,Mornng,E,7.0,,2025-03-12 21:58:00
OP103538,W0213,Morning,B,30.0,0.0,2025-06-24 16:05:00
OP103539,W0486,Mornng,,14.0,2.0,2025-06-07 08:20:00
OP103540,W0165,Evening,C,39.0,,2025-01-18 20:45:00
OP103541,W0148,,E,10.0,2.0,2025-01-13 02:43:00
OP103542,,,B,24.0,0.0,2025-03-21 12:49:00
OP103543,W0152,Evening,C,9.0,1.0,2025-03-23 03:45:00
OP103544,W0173,Night,D,0.0,2.0,2025-06-09 03:50:00
OP103545,W0007,,A,44.0,,2025-05-16 03:40:00
OP103546,W0088,Mornng,D,16.0,0.0,2025-02-12 07:31:00
OP103547,W0031,,Z,22.0,,2025-05-22 03:21:00
OP103548,W0486,Morning,E,44.0,2.0,2025-05-26 15:05:00
OP103549,W0150,,B,13.0,,2025-03-24 18:45:00
OP103550,W0112,,E,-5.0,2.0,2025-05-26 00:50:00
OP103551,W0136,Evening,C,-5.0,1.0,2025-05-29 14:59:00
OP103552,W0418,,,35.0,,2025-06-21 10:24:00
OP103553,W0363,Morning,,40.0,,2025-02-01 17:13:00
OP103554,W0431,Evening,D,37.0,0.0,2025-01-04 16:49:00
OP103555,W0041,,C,12.0,1.0,2025-04-23 15:00:00
OP103556,W0472,Night,Z,28.0,0.0,2025-05-04 11:25:00
OP103557,W0145,Evening,A,1.0,,2025-03-12 01:53:00
OP103558,W0017,,C,30.0,,2025-06-25 07:16:00
OP103559,W0360,Night,C,0.0,0.0,2025-03-16 00:32:00
OP103560,W0249,,D,39.0,2.0,2025-03-05 16:52:00
OP103561,W0368,Morning,D,42.0,,2025-06-26 10:02:00
OP103562,W0241,Mornng,E,12.0,,2025-01-25 23:29:00
OP103563,W0250,Evening,C,26.0,0.0,2025-05-31 21:23:00
OP103564,W0001,Night,B,25.0,1.0,2025-03-17 17:48:00
OP103565,W0446,,Z,21.0,0.0,2025-06-14 06:25:00
OP103566,W0099,Evening,B,44.0,,2025-06-03 11:55:00
OP103567,W0379,Mornng,D,30.0,,2025-04-04 08:09:00
OP103568,W0371,,A,44.0,0.0,2025-04-02 14:04:00
OP103569,W0147,Mornng,D,30.0,1.0,2025-05-22 13:26:00
OP103570,W0018,,C,4.0,1.0,2025-01-15 20:20:00
OP103571,W0102,,,26.0,0.0,2025-05-05 07:37:00
OP103572,W0305,Morning,Z,32.0,,2025-01-24 05:28:00
OP103573,W0120,Mornng,A,28.0,0.0,2025-05-20 01:49:00
OP103574,W0295,Mornng,Z,32.0,2.0,2025-02-16 03:40:00
OP103575,W0440,Mornng,E,7.0,2.0,2025-04-22 10:55:00
OP103576,W0167,Evening,D,31.0,,2025-03-13 05:51:00
OP103577,W0490,,Z,23.0,,2025-06-14 16:53:00
OP103578,W0132,,E,,2.0,2025-02-22 04:46:00
OP103579,W0345,,B,32.0,,2025-03-13 05:12:00
OP103580,W0248,Morning,C,28.0,1.0,2025-01-11 00:22:00
OP103581,W0087,,A,0.0,2.0,2025-05-11 04:10:00
OP103582,W0343,Mornng,,47.0,1.0,2025-04-02 05:16:00
OP103583,W0137,,B,31.0,0.0,2025-01-16 07:42:00
OP103584,W0221,Night,D,34.0,2.0,2025-01-03 11:15:00
OP103585,W0319,Evening,E,0.0,1.0,2025-05-30 16:58:00
OP103586,W0253,Morning,E,38.0,1.0,2025-05-04 10:29:00
OP103587,W0329,Evening,Z,29.0,1.0,2025-01-10 08:36:00
OP103588,W0336,Night,E,0.0,1.0,2025-03-09 13:47:00
OP103589,W0281,Evening,C,46.0,1.0,2025-06-17 04:08:00
OP103590,W0421,Night,C,39.0,0.0,2025-04-28 16:39:00
OP103591,W0125,Night,B,42.0,1.0,2025-02-11 13:20:00
OP103592,W0072,Evening,E,14.0,0.0,invalid_date
OP103593,W0183,,,40.0,,2025-03-27 22:48:00
OP103594,W0343,Morning,C,41.0,,2025-01-06 14:14:00
OP103595,W0077,,A,9.0,1.0,2025-02-19 20:58:00
OP103596,W0059,Mornng,C,44.0,2.0,2025-05-13 05:48:00
OP103597,W0451,Mornng,C,1.0,1.0,2025-02-19 10:09:00
OP103598,W0001,,A,27.0,1.0,2025-04-08 03:43:00
OP103599,W0093,Night,A,18.0,0.0,2025-01-21 06:26:00
OP103600,W0102,Mornng,A,31.0,0.0,invalid_date
OP103601,W0084,,,8.0,1.0,2025-04-30 19:38:00
OP103602,W0031,,C,19.0,,invalid_date
OP103603,W0136,,C,32.0,,2025-06-01 14:00:00
OP103604,W0078,Evening,,17.0,2.0,2025-05-28 02:54:00
OP103605,W0459,,,33.0,,2025-02-22 22:42:00
OP103606,W0325,Mornng,C,25.0,2.0,2025-03-04 01:07:00
OP103607,W0039,,E,28.0,0.0,2025-03-30 06:01:00
OP103608,W0386,Night,,21.0,2.0,2025-05-05 10:46:00
OP103609,W0248,Evening,Z,16.0,,2025-05-17 07:25:00
OP103610,W0004,Mornng,E,31.0,1.0,2025-03-20 10:36:00
OP103611,W0363,Evening,E,27.0,,2025-03-07 10:07:00
OP103612,W0480,Mornng,,17.0,1.0,2025-03-31 09:54:00
OP103613,W0357,,C,22.0,,2025-05-01 22:18:00
OP103614,W0139,Morning,A,2.0,0.0,2025-04-10 07:37:00
OP103615,W0315,Night,A,1.0,2.0,2025-06-02 17:10:00
OP103616,W0314,Evening,E,45.0,2.0,2025-06-24 09:02:00
OP103617,W0034,Night,E,23.0,0.0,2025-05-22 16:58:00
OP103618,W0254,,B,37.0,0.0,2025-04-22 05:14:00
OP103619,W0088,,,15.0,2.0,2025-02-05 11:42:00
OP103620,W0355,Morning,E,1.0,0.0,2025-06-26 13:31:00
OP103621,W0326,Morning,A,47.0,2.0,2025-04-09 23:23:00
OP103622,W0181,,Z,29.0,0.0,2025-05-07 05:00:00
OP103623,W0072,Morning,A,46.0,2.0,2025-04-18 10:27:00
OP103624,W0118,Morning,,8.0,0.0,2025-03-14 16:32:00
OP103625,W0348,Mornng,C,10.0,2.0,2025-01-26 12:40:00
OP103626,W0136,,C,32.0,1.0,2025-03-25 17:16:00
OP103627,W0164,Morning,D,13.0,0.0,2025-06-15 10:24:00
OP103628,W0466,Night,Z,23.0,2.0,2025-06-17 02:14:00
OP103629,W0155,Evening,B,38.0,2.0,2025-05-26 19:46:00
OP103630,W0068,Evening,A,33.0,1.0,2025-04-18 15:58:00
OP103631,W0132,Night,C,27.0,0.0,2025-05-17 08:50:00
OP103632,W0457,Evening,B,36.0,0.0,2025-04-15 23:19:00
OP103633,W0306,Mornng,,33.0,2.0,2025-02-22 08:56:00
OP103634,W0499,Mornng,Z,13.0,,2025-06-07 22:07:00
OP103635,W0199,Mornng,,29.0,2.0,2025-04-29 19:12:00
OP103636,W0308,Night,A,32.0,2.0,2025-03-07 07:47:00
OP103637,W0176,Mornng,A,8.0,,2025-01-20 04:00:00
OP103638,W0085,Evening,,41.0,2.0,2025-04-02 19:25:00
OP103639,W0069,Mornng,Z,8.0,1.0,2025-02-26 03:32:00
OP103640,W0125,Night,B,21.0,1.0,2025-03-25 19:45:00
OP103641,W0475,Evening,C,11.0,1.0,2025-04-07 00:25:00
OP103642,W0407,Mornng,A,0.0,,2025-06-15 02:36:00
OP103643,W0478,Evening,A,32.0,,2025-05-05 06:25:00
OP103644,W0494,Morning,,11.0,0.0,2025-05-01 00:18:00
OP103645,W0373,Night,Z,49.0,,2025-05-09 12:32:00
OP103646,W0460,,A,44.0,0.0,2025-05-12 16:48:00
OP103647,W0193,Morning,C,9.0,1.0,invalid_date
OP103648,W0297,Evening,D,38.0,1.0,2025-02-06 19:22:00
OP103649,W0192,Mornng,C,23.0,2.0,2025-06-17 16:50:00
OP103650,W0219,,D,44.0,0.0,2025-02-05 09:32:00
OP103651,W0102,Morning,D,9.0,1.0,2025-03-29 10:58:00
OP103652,W0091,,E,47.0,2.0,2025-05-03 10:14:00
OP103653,W0062,Morning,Z,19.0,2.0,2025-04-02 16:03:00
OP103654,W0321,,Z,26.0,,2025-04-06 02:29:00
OP103655,W0119,,C,30.0,2.0,2025-05-13 10:14:00
OP103656,W0044,Night,E,49.0,1.0,2025-03-03 20:32:00
OP103657,W0119,,B,6.0,2.0,2025-05-29 20:25:00
OP103658,W0326,Evening,,22.0,,2025-01-20 23:24:00
OP103659,W0456,Mornng,B,26.0,0.0,2025-02-05 01:30:00
OP103660,W0356,Mornng,B,12.0,,2025-03-25 08:24:00
OP103661,W0035,,,46.0,,2025-01-10 03:05:00
OP103662,W0046,Night,B,33.0,0.0,2025-02-15 14:01:00
OP103663,W0103,,B,39.0,,2025-03-18 14:37:00
OP103664,W0136,Mornng,,1.0,2.0,2025-02-05 15:35:00
OP103665,W0178,,B,13.0,0.0,2025-03-18 06:52:00
OP103666,W0394,Morning,Z,20.0,,2025-03-06 21:15:00
OP103667,W0391,Mornng,D,1.0,2.0,2025-05-25 16:26:00
OP103668,W0123,Morning,B,25.0,0.0,2025-06-16 04:20:00
OP103669,W0461,Morning,Z,16.0,1.0,2025-01-09 18:15:00
OP103670,W0307,,E,1.0,2.0,2025-02-26 07:20:00
OP103671,W0259,Morning,A,3.0,,2025-05-26 07:22:00
OP103672,W0306,Evening,D,2.0,2.0,2025-03-02 02:45:00
OP103673,W0377,Evening,D,49.0,2.0,2025-04-22 20:51:00
OP103674,W0357,,,37.0,2.0,2025-01-19 21:10:00
OP103675,W0274,Night,A,9.0,2.0,2025-04-22 18:03:00
OP103676,W0161,,Z,26.0,0.0,2025-01-05 07:54:00
OP103677,W0225,,E,45.0,2.0,2025-05-02 13:36:00
OP103678,W0313,Morning,Z,33.0,2.0,2025-04-02 05:58:00
OP103679,W0362,Mornng,,35.0,,2025-03-03 16:17:00
OP103680,W0357,Morning,C,33.0,,2025-05-09 21:50:00
OP103681,W0103,Morning,E,26.0,2.0,2025-01-07 21:31:00
OP103682,W0438,,D,15.0,0.0,2025-01-03 05:46:00
OP103683,W0071,Evening,B,25.0,2.0,2025-04-08 13:14:00
OP103684,W0117,Night,B,25.0,0.0,2025-04-05 14:24:00
OP103685,W0500,,B,,2.0,2025-03-10 09:42:00
OP103686,W0264,Mornng,B,9.0,,2025-01-30 15:04:00
OP103687,W0185,Morning,A,11.0,,2025-04-27 19:53:00
OP103688,W0048,,Z,36.0,2.0,2025-01-18 13:05:00
OP103689,W0210,Morning,D,9.0,,2025-04-08 10:00:00
OP103690,W0285,,C,45.0,1.0,2025-02-06 20:25:00
OP103691,W0398,,B,27.0,2.0,2025-04-02 07:36:00
OP103692,W0414,Night,B,10.0,2.0,2025-06-11 03:21:00
OP103693,W0209,,A,21.0,2.0,2025-01-15 14:05:00
OP103694,W0380,,Z,,1.0,2025-05-02 14:13:00
OP103695,W0039,Night,Z,6.0,,2025-06-27 11:35:00
OP103696,W0395,,E,33.0,,2025-03-11 04:20:00
OP103697,W0313,Evening,B,24.0,,2025-01-26 19:22:00
OP103698,W0414,Evening,C,45.0,,2025-05-09 10:32:00
OP103699,W0225,,D,46.0,1.0,2025-05-06 19:12:00
OP103700,W0378,Evening,Z,34.0,1.0,2025-04-22 04:34:00
OP103701,W0005,,D,42.0,2.0,2025-01-05 05:30:00
OP103702,W0207,Mornng,Z,,0.0,2025-05-18 14:28:00
OP103703,W0206,Evening,C,39.0,2.0,2025-04-06 01:54:00
OP103704,W0070,,Z,35.0,1.0,2025-02-19 21:44:00
OP103705,W0399,,D,14.0,2.0,2025-02-10 19:03:00
OP103706,W0472,,C,21.0,2.0,2025-03-12 23:40:00
OP103707,W0374,Morning,,38.0,0.0,2025-01-19 10:34:00
OP103708,W0073,Morning,A,5.0,1.0,2025-01-16 20:51:00
OP103709,W0280,Morning,C,47.0,1.0,2025-04-07 16:19:00
OP103710,W0116,Morning,C,0.0,1.0,2025-05-04 13:30:00
OP103711,W0237,,C,46.0,2.0,2025-06-04 16:46:00
OP103712,W0369,Morning,,41.0,0.0,2025-01-18 22:59:00
OP103713,W0414,Night,B,14.0,,2025-02-24 18:59:00
OP103714,W0347,Night,,3.0,0.0,2025-04-17 14:33:00
OP103715,W0290,,C,9.0,2.0,2025-05-31 19:44:00
OP103716,W0075,Mornng,D,31.0,,2025-05-22 05:34:00
OP103717,W0256,,Z,33.0,,2025-03-11 14:42:00
OP103718,W0499,Night,B,3.0,,2025-05-20 00:52:00
OP103719,W0042,,C,48.0,0.0,2025-06-12 15:10:00
OP103720,W0350,Evening,A,5.0,1.0,2025-06-18 23:45:00
OP103721,W0340,Night,,14.0,0.0,2025-06-25 15:02:00
OP103722,W0447,,,42.0,2.0,invalid_date
OP103723,W0326,Night,Z,28.0,2.0,2025-06-22 15:13:00
OP103724,W0070,,C,13.0,0.0,2025-04-09 13:27:00
OP103725,W0093,,D,22.0,2.0,2025-03-14 09:05:00
OP103726,W0252,Mornng,A,15.0,,2025-06-15 14:52:00
OP103727,W0275,,A,46.0,1.0,2025-01-12 18:01:00
OP103728,W0260,Morning,,39.0,2.0,2025-03-26 22:55:00
OP103729,W0112,Evening,A,32.0,2.0,2025-02-02 23:46:00
OP103730,W0433,Mornng,Z,4.0,,2025-05-22 19:25:00
OP103731,W0246,Night,,33.0,1.0,2025-03-19 19:28:00
OP103732,W0031,Evening,Z,10.0,0.0,2025-05-21 11:27:00
OP103733,W0421,Night,B,26.0,1.0,2025-02-24 22:28:00
OP103734,W0309,,C,3.0,,2025-01-17 12:33:00
OP103735,W0309,,C,10.0,0.0,2025-03-24 12:19:00
OP103736,W0490,,E,25.0,0.0,2025-01-11 21:18:00
OP103737,W0305,,C,14.0,2.0,2025-05-03 14:16:00
OP103738,W0237,,Z,37.0,0.0,2025-03-13 11:27:00
OP103739,W0376,,E,-5.0,,2025-06-29 19:54:00
OP103740,W0082,Night,C,16.0,,2025-01-18 14:35:00
OP103741,W0291,Evening,,28.0,0.0,2025-02-07 01:28:00
OP103742,W0458,,B,37.0,0.0,2025-05-05 13:51:00
OP103743,W0258,Evening,A,49.0,,2025-05-03 03:48:00
OP103744,W0360,Mornng,,10.0,0.0,2025-04-25 06:32:00
OP103745,W0303,Morning,C,19.0,1.0,2025-02-10 23:45:00
OP103746,W0303,Morning,A,5.0,2.0,2025-02-18 21:30:00
OP103747,W0418,Night,D,21.0,2.0,2025-03-14 04:31:00
OP103748,W0349,Morning,E,21.0,2.0,2025-03-05 06:50:00
OP103749,W0207,Evening,B,0.0,,2025-06-24 13:43:00
OP103750,W0025,Night,B,,,2025-02-03 00:59:00
OP103751,W0099,,,43.0,0.0,2025-02-21 02:57:00
OP103752,W0134,,E,13.0,2.0,2025-02-01 18:08:00
OP103753,W0168,,A,43.0,0.0,2025-05-02 21:27:00
OP103754,W0047,Night,,42.0,,2025-06-06 13:28:00
OP103755,W0013,Night,Z,18.0,0.0,2025-02-03 15:05:00
OP103756,W0431,Evening,C,6.0,,2025-04-26 05:04:00
OP103757,W0467,Evening,C,5.0,2.0,2025-05-21 23:59:00
OP103758,W0045,Evening,C,18.0,1.0,2025-06-01 16:17:00
OP103759,W0399,Night,,14.0,2.0,2025-06-23 03:04:00
OP103760,W0111,Mornng,D,18.0,2.0,2025-06-23 20:07:00
OP103761,W0043,Morning,B,38.0,,2025-03-08 11:35:00
OP103762,W0278,Night,D,45.0,,2025-01-09 17:26:00
OP103763,W0206,Evening,B,41.0,0.0,2025-01-19 08:21:00
OP103764,W0269,Evening,B,13.0,1.0,2025-04-05 03:31:00
OP103765,W0178,Mornng,Z,34.0,2.0,2025-04-13 02:10:00
OP103766,W0136,Night,E,20.0,,2025-06-01 16:32:00
OP103767,W0402,,Z,,1.0,2025-03-05 16:23:00
OP103768,W0435,Morning,A,16.0,,2025-04-04 23:22:00
OP103769,W0162,Morning,,1.0,,2025-01-22 03:27:00
OP103770,W0334,Mornng,D,16.0,2.0,2025-03-29 12:47:00
OP103771,W0234,,C,15.0,1.0,2025-03-08 20:03:00
OP103772,W0389,Mornng,,9.0,,2025-04-24 05:17:00
OP103773,W0316,Night,A,9.0,0.0,2025-06-25 09:03:00
OP103774,W0338,Mornng,D,6.0,2.0,2025-03-19 22:22:00
OP103775,W0039,,C,49.0,1.0,2025-06-19 03:11:00
OP103776,W0287,Evening,B,42.0,0.0,2025-06-15 21:21:00
OP103777,W0334,,C,12.0,,2025-04-01 15:01:00
OP103778,W0047,,C,4.0,1.0,invalid_date
OP103779,W0162,Night,A,44.0,2.0,2025-03-09 14:42:00
OP103780,W0128,Mornng,Z,21.0,2.0,2025-06-11 00:50:00
OP103781,W0003,,D,10.0,1.0,2025-06-19 09:06:00
OP103782,W0485,,A,26.0,,2025-03-07 12:47:00
OP103783,W0164,Mornng,C,8.0,,2025-04-16 15:49:00
OP103784,W0327,Evening,A,17.0,1.0,2025-04-22 13:17:00
OP103785,W0182,,D,31.0,2.0,2025-01-29 16:15:00
OP103786,W0322,Morning,D,4.0,,2025-04-12 01:32:00
OP103787,W0494,Mornng,D,0.0,1.0,2025-02-13 09:44:00
OP103788,W0039,Night,Z,46.0,0.0,2025-05-06 23:36:00
OP103789,W0371,Evening,,28.0,1.0,2025-02-08 21:43:00
OP103790,W0333,Mornng,A,26.0,0.0,2025-05-02 15:26:00
OP103791,W0046,Mornng,C,27.0,1.0,2025-03-28 20:15:00
OP103792,W0312,Mornng,Z,35.0,0.0,2025-02-11 17:16:00
OP103793,W0137,,D,42.0,0.0,2025-03-07 09:25:00
OP103794,W0205,,C,35.0,,2025-04-07 17:00:00
OP103795,W0370,,C,2.0,2.0,2025-01-30 17:15:00
OP103796,W0205,Mornng,Z,0.0,,2025-02-13 21:02:00
OP103797,W0287,Evening,A,-5.0,2.0,2025-02-04 17:14:00
OP103798,W0059,Evening,A,38.0,2.0,2025-05-13 18:31:00
OP103799,W0162,,B,42.0,1.0,2025-05-11 17:48:00
OP103800,W0162,Evening,A,6.0,2.0,2025-06-23 01:17:00
OP103801,W0187,Mornng,C,7.0,0.0,2025-01-27 01:34:00
OP103802,W0048,Morning,A,47.0,,2025-04-29 03:21:00
OP103803,,Mornng,Z,42.0,0.0,2025-06-28 09:47:00
OP103804,W0338,Morning,Z,49.0,0.0,2025-02-17 14:57:00
OP103805,W0061,Mornng,A,49.0,1.0,2025-05-12 02:47:00
OP103806,W0263,Mornng,A,43.0,,2025-02-24 15:03:00
OP103807,W0192,,,47.0,0.0,2025-05-26 18:54:00
OP103808,W0156,Morning,D,41.0,1.0,invalid_date
OP103809,W0225,Morning,D,16.0,2.0,2025-03-28 08:48:00
OP103810,W0450,,Z,37.0,1.0,2025-06-11 01:38:00
OP103811,W0348,Evening,A,43.0,0.0,2025-04-11 02:50:00
OP103812,W0044,Mornng,,26.0,0.0,2025-01-19 17:34:00
OP103813,W0484,,B,17.0,0.0,2025-05-13 14:28:00
OP103814,W0218,,Z,30.0,,2025-05-10 16:59:00
OP103815,W0133,Night,,21.0,1.0,2025-04-16 03:47:00
OP103816,W0013,Night,D,27.0,2.0,2025-03-07 16:02:00
OP103817,W0213,,,34.0,2.0,2025-04-17 22:26:00
OP103818,W0345,,C,1.0,0.0,2025-06-27 15:02:00
OP103819,W0424,Mornng,,14.0,,2025-02-06 16:30:00
OP103820,W0498,,C,47.0,,2025-01-06 10:00:00
OP103821,W0336,,A,30.0,1.0,2025-03-20 19:27:00
OP103822,W0194,Night,A,4.0,2.0,2025-03-15 07:46:00
OP103823,W0073,,C,8.0,1.0,2025-05-20 14:23:00
OP103824,W0290,Evening,Z,22.0,0.0,2025-05-19 07:18:00
OP103825,W0323,Evening,Z,38.0,,2025-03-26 09:53:00
OP103826,W0443,Night,Z,28.0,2.0,2025-06-09 07:23:00
OP103827,W0479,Night,D,14.0,1.0,2025-01-14 21:36:00
OP103828,W0390,Morning,C,12.0,,2025-03-10 05:30:00
OP103829,W0041,Mornng,,47.0,,2025-05-28 03:27:00
OP103830,W0268,Mornng,Z,12.0,2.0,2025-06-09 13:05:00
OP103831,W0312,,B,48.0,,2025-06-12 17:56:00
OP103832,W0183,Evening,D,38.0,2.0,2025-04-11 10:57:00
OP103833,W0166,Mornng,,8.0,1.0,2025-03-05 02:42:00
OP103834,W0183,Night,D,13.0,2.0,2025-03-20 08:04:00
OP103835,W0343,Night,Z,21.0,1.0,2025-04-29 19:33:00
OP103836,W0203,,Z,6.0,1.0,2025-02-13 08:37:00
OP103837,W0167,Morning,B,45.0,,2025-05-17 02:03:00
OP103838,W0117,Evening,A,24.0,,2025-06-28 03:33:00
OP103839,W0127,,B,33.0,0.0,2025-02-27 16:08:00
OP103840,W0143,,C,49.0,2.0,2025-01-04 00:44:00
OP103841,W0318,,E,46.0,1.0,2025-03-22 00:25:00
OP103842,W0441,Evening,C,30.0,1.0,2025-04-18 00:46:00
OP103843,W0379,,Z,11.0,0.0,2025-01-11 10:21:00
OP103844,W0330,,C,15.0,1.0,2025-05-04 14:03:00
OP103845,W0099,Morning,A,43.0,1.0,2025-05-20 20:22:00
OP103846,W0064,,D,5.0,2.0,2025-01-09 01:00:00
OP103847,W0480,Mornng,B,48.0,,2025-04-18 07:56:00
OP103848,W0321,Mornng,C,4.0,2.0,2025-06-13 18:14:00
OP103849,W0095,,Z,48.0,,2025-01-09 01:33:00
OP103850,W0308,,E,15.0,0.0,2025-06-23 18:09:00
OP103851,W0490,Night,Z,14.0,0.0,2025-06-23 10:22:00
OP103852,W0185,Morning,,30.0,0.0,2025-05-02 19:35:00
OP103853,W0399,Mornng,Z,2.0,,2025-02-05 07:53:00
OP103854,W0214,Mornng,A,27.0,2.0,2025-02-10 22:38:00
OP103855,W0269,,E,25.0,,2025-04-14 16:02:00
OP103856,W0410,,A,33.0,1.0,2025-03-05 03:35:00
OP103857,W0133,Evening,C,0.0,,2025-06-04 22:28:00
OP103858,W0043,Morning,E,42.0,,2025-05-31 07:43:00
OP103859,W0331,Mornng,,29.0,0.0,2025-06-22 22:17:00
OP103860,W0451,,A,,2.0,2025-03-14 12:10:00
OP103861,W0425,Evening,C,4.0,2.0,2025-05-12 08:37:00
OP103862,W0307,,,43.0,1.0,2025-05-13 14:28:00
OP103863,W0410,,B,28.0,,2025-03-21 14:20:00
OP103864,W0058,,C,6.0,2.0,2025-04-14 06:00:00
OP103865,W0172,Night,A,20.0,2.0,2025-04-07 03:01:00
OP103866,W0143,Night,C,33.0,0.0,2025-03-12 14:34:00
OP103867,W0352,Morning,D,41.0,0.0,2025-03-10 11:16:00
OP103868,W0490,Night,E,45.0,,2025-03-23 13:29:00
OP103869,W0043,Morning,B,43.0,,2025-04-24 02:35:00
OP103870,W0435,Evening,,42.0,1.0,2025-04-29 15:42:00
OP103871,W0236,Night,Z,9.0,1.0,2025-06-13 23:44:00
OP103872,W0176,,,48.0,0.0,2025-01-05 17:48:00
OP103873,W0361,Mornng,,24.0,2.0,2025-06-13 07:52:00
OP103874,W0330,Evening,D,48.0,1.0,2025-05-09 16:25:00
OP103875,W0473,,C,46.0,0.0,2025-04-28 17:31:00
OP103876,W0426,Evening,C,43.0,2.0,2025-01-18 21:45:00
OP103877,W0433,Morning,E,37.0,2.0,2025-04-23 23:54:00
OP103878,W0226,Night,E,13.0,2.0,2025-02-28 11:44:00
OP103879,W0387,Night,Z,36.0,2.0,2025-04-23 18:42:00
OP103880,W0329,Morning,B,-5.0,1.0,2025-06-16 22:18:00
OP103881,W0031,Evening,A,15.0,0.0,2025-05-01 17:57:00
OP103882,W0230,,,46.0,,2025-04-20 13:56:00
OP103883,W0389,Evening,E,8.0,0.0,2025-05-30 16:17:00
OP103884,W0358,Evening,E,24.0,,2025-05-28 23:00:00
OP103885,W0251,Mornng,E,23.0,0.0,2025-01-16 17:41:00
OP103886,W0341,Evening,C,4.0,,2025-05-23 08:22:00
OP103887,W0442,Night,A,31.0,0.0,2025-03-25 05:32:00
OP103888,W0057,Evening,D,2.0,,2025-06-11 21:02:00
OP103889,W0066,Morning,E,28.0,,2025-04-10 13:21:00
OP103890,W0478,Morning,C,24.0,2.0,2025-04-02 22:02:00
OP103891,W0473,,D,11.0,2.0,2025-05-21 14:06:00
OP103892,W0378,,A,20.0,2.0,2025-03-22 13:03:00
OP103893,W0285,Mornng,A,41.0,2.0,2025-03-17 05:30:00
OP103894,W0216,Morning,D,15.0,,2025-01-01 21:06:00
OP103895,W0091,Mornng,E,2.0,0.0,2025-06-17 08:17:00
OP103896,W0202,Morning,C,34.0,,2025-01-28 20:40:00
OP103897,W0098,Evening,,14.0,2.0,2025-03-07 07:51:00
OP103898,W0039,Mornng,Z,13.0,1.0,2025-05-22 16:42:00
OP103899,W0195,Evening,B,1.0,1.0,2025-05-06 08:29:00
OP103900,W0423,,E,49.0,0.0,2025-02-23 05:14:00
OP103901,W0040,,E,-5.0,0.0,2025-04-08 07:45:00
OP103902,W0360,Night,Z,48.0,1.0,2025-03-23 20:42:00
OP103903,W0306,Night,Z,41.0,0.0,2025-03-27 22:55:00
OP103904,W0160,Night,E,1.0,,2025-02-22 21:35:00
OP103905,W0092,Mornng,C,48.0,0.0,2025-04-28 02:21:00
OP103906,W0470,Morning,D,40.0,,2025-01-29 05:58:00
OP103907,W0433,Evening,B,29.0,0.0,2025-05-29 00:56:00
OP103908,W0425,,B,27.0,2.0,2025-01-29 22:39:00
OP103909,W0316,,E,31.0,,2025-02-04 04:35:00
OP103910,W0188,Morning,C,28.0,,2025-02-18 15:14:00
OP103911,W0169,Morning,D,18.0,0.0,2025-03-11 22:21:00
OP103912,W0378,,D,15.0,1.0,2025-06-21 11:31:00
OP103913,W0189,Evening,Z,31.0,0.0,2025-06-28 15:08:00
OP103914,W0106,Evening,Z,0.0,2.0,2025-02-12 10:43:00
OP103915,W0233,,D,34.0,,2025-03-18 23:36:00
OP103916,W0394,,Z,26.0,1.0,2025-05-25 11:07:00
OP103917,W0300,,D,5.0,,2025-04-19 17:56:00
OP103918,W0346,,B,24.0,1.0,2025-01-26 21:24:00
OP103919,W0325,Night,E,24.0,0.0,2025-03-19 05:02:00
OP103920,W0242,,E,2.0,2.0,2025-05-26 11:46:00
OP103921,W0128,Evening,Z,7.0,1.0,2025-06-06 14:10:00
OP103922,W0195,,D,25.0,2.0,2025-05-30 21:28:00
OP103923,W0394,,B,,2.0,2025-05-05 02:10:00
OP103924,W0484,,Z,30.0,0.0,2025-03-25 07:45:00
OP103925,W0254,Mornng,C,15.0,,2025-04-23 11:40:00
OP103926,W0131,,D,23.0,2.0,2025-05-07 06:36:00
OP103927,W0131,Morning,C,15.0,,2025-02-17 10:42:00
OP103928,W0241,Night,C,33.0,1.0,2025-03-14 18:33:00
OP103929,W0160,Morning,D,17.0,1.0,2025-01-30 15:19:00
OP103930,W0280,,Z,11.0,,2025-06-21 21:59:00
OP103931,W0372,,A,32.0,,2025-05-28 13:43:00
OP103932,W0224,,D,28.0,0.0,2025-03-10 17:48:00
OP103933,W0007,Morning,B,1.0,,2025-04-15 20:37:00
OP103934,W0090,Night,C,1.0,2.0,2025-06-22 04:31:00
OP103935,W0012,,C,20.0,2.0,2025-04-05 18:00:00
OP103936,W0258,,Z,43.0,,2025-04-02 04:09:00
OP103937,W0282,Morning,A,37.0,1.0,2025-03-31 12:55:00
OP103938,W0014,,E,12.0,,2025-02-10 09:47:00
OP103939,W0117,Morning,A,46.0,1.0,2025-04-27 10:30:00
OP103940,W0039,Night,B,24.0,0.0,2025-03-22 00:39:00
OP103941,W0257,,D,28.0,0.0,2025-03-17 01:35:00
OP103942,W0409,Evening,E,30.0,0.0,2025-04-10 13:18:00
OP103943,W0044,Morning,B,39.0,2.0,2025-06-20 19:04:00
OP103944,W0040,,B,3.0,2.0,2025-03-13 20:01:00
OP103945,W0089,Mornng,E,23.0,0.0,2025-06-13 01:58:00
OP103946,W0282,,,31.0,0.0,2025-03-08 15:48:00
OP103947,W0266,Mornng,E,39.0,1.0,2025-02-18 01:54:00
OP103948,W0197,,D,30.0,2.0,2025-04-12 00:38:00
OP103949,W0041,Morning,Z,8.0,2.0,2025-01-06 07:59:00
OP103950,W0235,Evening,C,49.0,2.0,2025-02-06 18:17:00
OP103951,W0264,,D,49.0,0.0,2025-05-24 14:47:00
OP103952,W0273,Morning,,34.0,2.0,2025-03-24 23:07:00
OP103953,W0380,Mornng,C,9.0,1.0,2025-05-22 13:48:00
OP103954,W0403,,B,27.0,2.0,2025-01-12 17:06:00
OP103955,W0089,Morning,E,14.0,0.0,2025-06-21 19:52:00
OP103956,W0273,Mornng,C,24.0,2.0,2025-03-11 00:36:00
OP103957,W0367,,E,35.0,1.0,2025-04-20 17:28:00
OP103958,W0279,,B,21.0,2.0,2025-01-11 09:18:00
OP103959,W0457,Night,C,48.0,,2025-02-17 13:51:00
OP103960,W0237,Evening,D,17.0,1.0,2025-06-17 18:32:00
OP103961,W0371,Evening,D,27.0,0.0,2025-01-12 08:53:00
OP103962,W0140,Evening,Z,37.0,1.0,2025-03-31 16:06:00
OP103963,W0500,,C,26.0,1.0,2025-06-02 15:47:00
OP103964,W0127,Evening,B,47.0,2.0,2025-06-17 19:13:00
OP103965,W0315,Morning,,19.0,,2025-05-01 09:12:00
OP103966,W0141,,A,1.0,1.0,2025-01-13 11:02:00
OP103967,W0320,,,,2.0,2025-02-07 19:57:00
OP103968,W0256,Mornng,A,5.0,0.0,2025-03-28 03:09:00
OP103969,W0287,Night,,12.0,,2025-06-19 21:58:00
OP103970,W0088,,,39.0,1.0,2025-05-30 06:38:00
OP103971,W0391,Evening,Z,27.0,2.0,2025-03-02 13:09:00
OP103972,W0046,Morning,Z,44.0,2.0,2025-06-24 07:39:00
OP103973,W0430,Night,E,39.0,2.0,2025-04-26 09:34:00
OP103974,W0119,Evening,Z,4.0,1.0,2025-02-18 12:36:00
OP103975,W0356,Night,Z,28.0,,2025-03-08 12:16:00
OP103976,W0120,,A,,,2025-05-28 15:14:00
OP103977,W0307,,A,40.0,1.0,2025-02-11 13:54:00
OP103978,W0431,Morning,Z,30.0,,2025-03-08 19:49:00
OP103979,W0368,Night,C,20.0,,2025-03-07 06:35:00
OP103980,W0202,Night,C,45.0,0.0,2025-01-20 16:32:00
OP103981,W0044,Evening,E,32.0,,2025-02-21 18:28:00
OP103982,W0181,Evening,B,31.0,0.0,2025-01-08 07:59:00
OP103983,W0490,Evening,,18.0,0.0,2025-02-11 09:01:00
OP103984,W0158,Morning,E,13.0,0.0,2025-02-13 23:28:00
OP103985,W0486,,,37.0,1.0,2025-05-10 17:53:00
OP103986,W0427,Night,E,14.0,1.0,2025-01-27 16:51:00
OP103987,W0220,,D,24.0,1.0,2025-03-26 19:15:00
OP103988,W0065,Mornng,D,14.0,1.0,2025-05-27 16:46:00
OP103989,W0067,Evening,,31.0,2.0,2025-02-19 09:08:00
OP103990,W0487,Mornng,B,21.0,0.0,2025-01-22 08:58:00
OP103991,W0161,Evening,,30.0,0.0,2025-03-25 12:19:00
OP103992,W0106,,C,39.0,2.0,2025-05-21 03:50:00
OP103993,W0377,Night,,27.0,2.0,2025-06-04 15:24:00
OP103994,W0031,Mornng,A,40.0,,2025-06-14 01:07:00
OP103995,W0200,Morning,A,11.0,2.0,2025-01-29 05:58:00
OP103996,W0303,Morning,D,39.0,2.0,2025-06-04 07:42:00
OP103997,W0398,Night,D,45.0,0.0,2025-05-19 07:41:00
OP103998,,Mornng,A,15.0,0.0,2025-05-21 00:53:00
OP103999,W0388,Night,Z,14.0,,2025-01-10 17:16:00
OP104000,W0442,,Z,19.0,,2025-02-05 01:20:00
OP104001,W0163,Night,B,46.0,0.0,2025-04-02 21:58:00
OP104002,W0342,,D,37.0,1.0,2025-05-19 22:49:00
OP104003,W0310,Evening,A,10.0,1.0,2025-02-24 02:57:00
OP104004,W0088,Mornng,E,,,2025-04-02 05:38:00
OP104005,W0206,Mornng,Z,49.0,1.0,2025-05-12 22:20:00
OP104006,W0184,,C,28.0,0.0,2025-03-12 07:40:00
OP104007,W0483,Night,A,30.0,,2025-02-25 17:21:00
OP104008,W0110,Evening,B,41.0,,2025-05-29 20:47:00
OP104009,W0014,Evening,,32.0,1.0,2025-05-11 14:07:00
OP104010,W0372,Evening,A,23.0,,2025-04-04 18:24:00
OP104011,W0464,,Z,17.0,0.0,2025-01-31 12:23:00
OP104012,W0381,Mornng,C,3.0,1.0,2025-06-01 19:04:00
OP104013,W0412,Morning,C,2.0,1.0,2025-02-04 13:19:00
OP104014,W0461,Night,,40.0,0.0,2025-06-14 20:28:00
OP104015,W0042,Evening,Z,40.0,0.0,2025-04-12 17:53:00
OP104016,W0338,Evening,B,44.0,0.0,2025-01-18 14:04:00
OP104017,W0500,Evening,A,2.0,2.0,2025-06-29 08:49:00
OP104018,W0302,Evening,,49.0,1.0,2025-03-11 10:45:00
OP104019,W0279,,A,44.0,,2025-05-16 00:49:00
OP104020,W0307,Night,B,12.0,0.0,2025-01-31 07:37:00
OP104021,W0024,Morning,,28.0,0.0,2025-01-21 00:38:00
OP104022,W0468,Evening,D,13.0,1.0,2025-06-24 16:46:00
OP104023,W0181,,Z,26.0,1.0,2025-06-07 19:38:00
OP104024,W0258,,Z,38.0,,2025-02-04 12:32:00
OP104025,W0066,Mornng,,9.0,,2025-02-16 14:46:00
OP104026,W0314,,A,12.0,1.0,2025-06-16 08:37:00
OP104027,W0338,Mornng,A,35.0,0.0,2025-05-05 00:07:00
OP104028,W0235,Mornng,Z,41.0,0.0,2025-06-06 23:42:00
OP104029,W0194,Night,D,46.0,0.0,2025-04-22 02:49:00
OP104030,W0143,Night,E,24.0,,2025-02-20 08:14:00
OP104031,W0185,Night,B,15.0,0.0,2025-05-10 14:48:00
OP104032,W0417,Morning,A,45.0,,2025-06-01 19:25:00
OP104033,W0236,Mornng,,44.0,1.0,2025-04-29 19:01:00
OP104034,W0162,,E,-5.0,0.0,2025-02-28 21:33:00
OP104035,W0142,,Z,14.0,2.0,2025-04-25 00:21:00
OP104036,W0342,Mornng,A,37.0,1.0,2025-02-26 07:21:00
OP104037,W0051,,,46.0,0.0,2025-05-08 04:36:00
OP104038,W0329,Morning,A,15.0,,2025-04-13 08:43:00
OP104039,W0382,Morning,D,2.0,1.0,2025-03-21 11:25:00
OP104040,W0061,Night,Z,34.0,2.0,2025-03-03 02:24:00
OP104041,W0451,,Z,31.0,1.0,2025-05-17 02:57:00
OP104042,W0101,Night,D,38.0,2.0,2025-06-13 23:00:00
OP104043,W0385,Evening,A,42.0,2.0,2025-04-18 04:01:00
OP104044,W0431,Morning,A,29.0,,2025-05-19 23:07:00
OP104045,W0304,Mornng,D,47.0,0.0,2025-02-07 05:36:00
OP104046,W0239,Evening,A,12.0,2.0,2025-04-02 13:53:00
OP104047,W0426,,E,36.0,,2025-03-18 14:03:00
OP104048,W0186,Morning,Z,42.0,1.0,2025-01-27 00:17:00
OP104049,W0304,,A,13.0,,2025-06-18 19:01:00
OP104050,W0489,Night,,32.0,1.0,2025-02-24 09:43:00
OP104051,W0238,Night,B,0.0,2.0,2025-05-30 00:11:00
OP104052,W0388,Mornng,,,,2025-06-12 02:13:00
OP104053,W0392,Morning,E,25.0,,2025-04-11 17:06:00
OP104054,W0211,Mornng,C,27.0,1.0,2025-03-06 00:44:00
OP104055,W0304,Mornng,,20.0,2.0,2025-02-26 11:14:00
OP104056,W0057,Night,C,28.0,,2025-01-20 12:28:00
OP104057,W0254,,E,41.0,1.0,2025-06-09 03:49:00
OP104058,W0462,Night,A,48.0,0.0,2025-06-19 00:28:00
OP104059,W0114,,C,47.0,2.0,2025-02-24 21:02:00
OP104060,W0204,Evening,C,37.0,2.0,2025-06-18 15:26:00
OP104061,W0051,Morning,D,20.0,0.0,2025-01-16 05:06:00
OP104062,W0202,Evening,D,16.0,1.0,2025-04-26 13:44:00
OP104063,W0430,Morning,,43.0,1.0,2025-02-05 13:31:00
OP104064,W0451,Morning,A,47.0,1.0,2025-06-17 12:07:00
OP104065,W0041,Mornng,D,18.0,,2025-04-21 02:10:00
OP104066,W0180,Mornng,C,0.0,0.0,2025-02-25 12:33:00
OP104067,W0126,Mornng,Z,25.0,2.0,2025-06-17 09:30:00
OP104068,W0206,,Z,25.0,0.0,2025-06-27 00:37:00
OP104069,W0053,,A,0.0,,2025-01-25 17:42:00
OP104070,W0416,,C,20.0,0.0,2025-03-17 21:27:00
OP104071,W0077,,C,19.0,1.0,2025-05-27 17:04:00
OP104072,W0019,,A,28.0,,2025-04-18 18:40:00
OP104073,W0180,,A,42.0,,2025-05-12 14:08:00
OP104074,W0114,Evening,A,19.0,0.0,2025-01-03 13:48:00
OP104075,W0378,Evening,B,37.0,2.0,2025-05-29 16:04:00
OP104076,W0325,Morning,E,8.0,0.0,2025-03-21 03:11:00
OP104077,W0059,Mornng,Z,29.0,2.0,2025-01-10 13:40:00
OP104078,W0283,Night,C,,2.0,2025-01-12 22:57:00
OP104079,W0455,,Z,27.0,1.0,2025-02-17 11:53:00
OP104080,W0137,Mornng,E,45.0,2.0,2025-03-11 18:15:00
OP104081,W0466,Morning,Z,40.0,1.0,2025-06-10 06:36:00
OP104082,W0244,Night,,28.0,2.0,invalid_date
OP104083,W0032,,A,23.0,1.0,2025-02-21 18:57:00
OP104084,W0150,Morning,,35.0,2.0,2025-06-07 17:05:00
OP104085,W0063,Night,D,44.0,0.0,2025-01-12 21:40:00
OP104086,W0330,Night,A,18.0,2.0,2025-02-12 07:38:00
OP104087,W0256,Mornng,E,19.0,,2025-01-23 21:50:00
OP104088,W0307,,C,34.0,2.0,2025-02-18 22:22:00
OP104089,W0306,Morning,,39.0,,2025-04-24 03:25:00
OP104090,W0446,Mornng,A,27.0,0.0,2025-01-15 03:41:00
OP104091,W0358,Morning,E,38.0,0.0,2025-01-31 22:28:00
OP104092,W0333,,Z,41.0,2.0,2025-05-27 05:17:00
OP104093,W0020,,B,36.0,1.0,2025-05-10 11:21:00
OP104094,W0139,Night,E,5.0,1.0,2025-03-10 20:36:00
OP104095,W0149,Night,D,8.0,0.0,2025-04-30 14:35:00
OP104096,W0194,Night,D,6.0,,2025-06-13 03:24:00
OP104097,W0326,Morning,B,8.0,,2025-05-12 08:34:00
OP104098,W0260,Morning,C,49.0,2.0,2025-01-30 23:25:00
OP104099,W0143,Mornng,D,24.0,,2025-04-28 12:17:00
OP104100,W0056,,Z,11.0,2.0,2025-03-07 18:23:00
OP104101,W0285,,C,34.0,,2025-02-22 09:07:00
OP104102,W0009,Morning,D,48.0,1.0,2025-01-07 03:39:00
OP104103,W0080,,D,17.0,2.0,2025-05-04 17:01:00
OP104104,W0108,Mornng,B,30.0,,2025-01-10 21:17:00
OP104105,W0066,Evening,Z,34.0,1.0,invalid_date
OP104106,W0395,,B,2.0,0.0,2025-02-09 18:35:00
OP104107,W0183,Morning,E,29.0,2.0,2025-04-09 02:30:00
OP104108,W0028,Evening,B,47.0,0.0,2025-05-28 09:25:00
OP104109,W0421,,D,,1.0,2025-05-05 08:47:00
OP104110,W0143,,B,7.0,2.0,2025-03-08 14:19:00
OP104111,W0167,Morning,D,28.0,1.0,2025-03-28 01:51:00
OP104112,W0291,,D,35.0,0.0,2025-02-22 11:53:00
OP104113,W0473,Morning,E,49.0,,2025-06-17 01:29:00
OP104114,W0274,Evening,Z,16.0,2.0,2025-06-09 19:29:00
OP104115,W0077,Evening,Z,10.0,2.0,2025-01-28 17:50:00
OP104116,W0007,Mornng,D,26.0,1.0,2025-04-16 06:02:00
OP104117,W0165,Mornng,B,36.0,,2025-05-26 04:14:00
OP104118,W0084,Evening,A,23.0,,2025-05-29 18:44:00
OP104119,W0356,,,12.0,0.0,2025-03-17 03:23:00
OP104120,W0184,Evening,D,45.0,0.0,2025-01-21 15:42:00
OP104121,W0382,Morning,A,27.0,0.0,2025-04-05 05:43:00
OP104122,W0207,Night,,32.0,2.0,2025-01-29 02:38:00
OP104123,W0192,Morning,E,24.0,1.0,2025-02-28 19:05:00
OP104124,W0130,Night,A,18.0,,2025-05-15 20:52:00
OP104125,W0253,,D,16.0,2.0,2025-06-01 10:19:00
OP104126,W0018,Evening,,34.0,1.0,2025-05-23 02:28:00
OP104127,W0493,,D,15.0,2.0,2025-03-11 00:48:00
OP104128,W0497,,C,44.0,1.0,2025-02-03 06:33:00
OP104129,W0074,Morning,D,,,2025-02-23 07:21:00
OP104130,W0116,,A,25.0,0.0,2025-02-02 08:11:00
OP104131,W0414,Night,C,7.0,2.0,2025-04-01 11:39:00
OP104132,W0348,,C,44.0,2.0,2025-02-17 23:46:00
OP104133,W0155,Morning,B,32.0,2.0,2025-03-27 14:16:00
OP104134,W0228,Mornng,A,26.0,2.0,2025-02-21 04:18:00
OP104135,W0221,Morning,Z,20.0,0.0,2025-02-11 08:34:00
OP104136,W0007,Mornng,E,21.0,2.0,2025-02-12 04:52:00
OP104137,W0160,Evening,D,13.0,,2025-01-18 00:01:00
OP104138,W0294,,C,42.0,2.0,2025-03-11 00:18:00
OP104139,W0284,Night,B,36.0,,2025-05-26 11:55:00
OP104140,W0302,Evening,Z,43.0,1.0,2025-03-02 04:07:00
OP104141,W0433,,B,0.0,0.0,2025-04-04 00:20:00
OP104142,W0329,,D,11.0,2.0,2025-06-21 18:06:00
OP104143,W0010,,,11.0,,2025-04-24 08:05:00
OP104144,W0078,,E,20.0,1.0,2025-04-01 05:17:00
OP104145,W0241,Night,,46.0,,2025-06-22 18:42:00
OP104146,W0024,Evening,Z,20.0,,2025-01-27 23:42:00
OP104147,W0435,Evening,Z,23.0,1.0,2025-01-29 01:29:00
OP104148,W0097,Evening,D,26.0,,2025-02-18 05:02:00
OP104149,W0354,,,10.0,2.0,2025-04-27 16:25:00
OP104150,W0100,Morning,A,1.0,0.0,2025-05-10 12:25:00
OP104151,W0384,,,7.0,,2025-01-24 05:17:00
OP104152,W0275,Night,D,0.0,0.0,2025-01-18 05:09:00
OP104153,W0020,Mornng,A,31.0,0.0,2025-05-22 18:11:00
OP104154,W0088,,A,27.0,1.0,2025-02-05 05:45:00
OP104155,W0391,Mornng,B,7.0,,2025-05-17 01:05:00
OP104156,W0119,Night,Z,32.0,0.0,2025-04-02 17:06:00
OP104157,W0492,Night,,9.0,,2025-04-04 11:18:00
OP104158,W0214,Night,Z,10.0,0.0,2025-04-18 03:13:00
OP104159,W0485,,A,32.0,2.0,2025-01-02 01:55:00
OP104160,W0041,Morning,C,15.0,2.0,2025-04-04 16:09:00
OP104161,W0204,Evening,D,26.0,0.0,2025-01-22 20:06:00
OP104162,W0243,,E,,1.0,2025-03-14 20:49:00
OP104163,W0068,Morning,,2.0,,2025-02-24 00:10:00
OP104164,W0488,Evening,,5.0,0.0,2025-01-30 15:05:00
OP104165,W0228,Mornng,D,41.0,,2025-02-10 06:16:00
OP104166,W0285,Mornng,D,41.0,0.0,2025-02-26 12:07:00
OP104167,W0381,Morning,C,1.0,2.0,2025-05-03 12:38:00
OP104168,W0348,Night,Z,23.0,,2025-05-01 09:30:00
OP104169,W0405,,D,35.0,2.0,2025-03-04 00:40:00
OP104170,W0322,Mornng,E,37.0,2.0,2025-03-30 09:32:00
OP104171,W0129,Night,C,45.0,1.0,2025-03-11 03:36:00
OP104172,W0066,Mornng,A,3.0,0.0,2025-06-08 22:02:00
OP104173,W0222,Mornng,E,19.0,2.0,2025-05-07 05:43:00
OP104174,W0112,,E,26.0,0.0,2025-01-28 08:24:00
OP104175,W0050,,C,21.0,1.0,2025-05-31 00:14:00
OP104176,W0065,Morning,E,49.0,1.0,2025-04-15 09:38:00
OP104177,W0142,Night,C,5.0,1.0,2025-01-28 23:02:00
OP104178,W0324,Night,Z,47.0,,2025-01-19 22:39:00
OP104179,W0223,Morning,C,16.0,,2025-01-18 01:51:00
OP104180,W0330,Evening,A,32.0,1.0,2025-03-27 16:42:00
OP104181,W0016,Night,C,,1.0,2025-06-21 04:20:00
OP104182,W0387,Evening,,24.0,0.0,2025-01-05 08:40:00
OP104183,W0131,Night,A,42.0,0.0,2025-01-18 02:25:00
OP104184,W0467,Evening,,30.0,2.0,2025-05-08 13:15:00
OP104185,W0436,Night,,3.0,2.0,2025-04-20 01:59:00
OP104186,W0267,,C,42.0,,2025-06-27 00:32:00
OP104187,W0459,Mornng,A,24.0,2.0,2025-04-10 08:09:00
OP104188,W0208,Mornng,,7.0,1.0,2025-01-21 04:09:00
OP104189,W0097,,,8.0,,2025-06-24 15:03:00
OP104190,W0495,,B,29.0,,2025-01-30 00:28:00
OP104191,W0152,,,9.0,1.0,2025-04-03 08:32:00
OP104192,W0215,Mornng,D,19.0,,2025-04-02 07:27:00
OP104193,W0466,Mornng,E,7.0,,2025-05-07 20:16:00
OP104194,W0439,,C,7.0,0.0,2025-01-23 01:02:00
OP104195,W0146,,C,20.0,2.0,2025-05-22 21:58:00
OP104196,W0413,Night,A,44.0,,2025-01-08 05:12:00
OP104197,W0040,Night,,20.0,,2025-02-18 22:22:00
OP104198,W0439,,D,41.0,0.0,2025-06-16 09:41:00
OP104199,W0232,Mornng,B,48.0,,2025-03-25 08:42:00
OP104200,W0495,,B,11.0,0.0,2025-03-15 04:48:00
OP104201,W0428,Morning,,40.0,2.0,2025-01-30 05:41:00
OP104202,W0022,,D,37.0,1.0,2025-01-04 09:10:00
OP104203,W0251,Morning,C,9.0,2.0,2025-01-04 08:34:00
OP104204,W0268,Evening,,36.0,2.0,2025-03-04 03:35:00
OP104205,W0242,Evening,B,42.0,2.0,2025-05-25 06:24:00
OP104206,W0222,Evening,A,45.0,,2025-06-17 02:21:00
OP104207,W0481,Evening,E,19.0,,2025-05-05 15:22:00
OP104208,W0453,Night,D,32.0,0.0,2025-04-19 19:03:00
OP104209,W0382,Evening,E,43.0,0.0,2025-02-12 05:59:00
OP104210,W0090,Night,Z,,0.0,2025-05-18 18:42:00
OP104211,W0406,Morning,Z,29.0,1.0,2025-02-04 16:28:00
OP104212,W0211,Night,Z,25.0,0.0,2025-01-31 11:26:00
OP104213,W0091,,Z,49.0,0.0,2025-02-05 05:52:00
OP104214,W0421,Evening,C,30.0,1.0,2025-05-01 02:01:00
OP104215,W0022,Morning,Z,2.0,,2025-01-14 08:19:00
OP104216,W0153,Morning,D,37.0,0.0,2025-05-20 23:13:00
OP104217,W0129,Mornng,B,14.0,2.0,invalid_date
OP104218,W0174,,D,25.0,,2025-02-12 21:31:00
OP104219,W0251,Mornng,Z,,1.0,2025-01-28 14:05:00
OP104220,W0189,Mornng,B,33.0,0.0,2025-03-31 23:44:00
OP104221,W0217,,E,38.0,0.0,2025-02-22 17:50:00
OP104222,W0296,Mornng,A,43.0,,2025-01-05 22:29:00
OP104223,W0246,Morning,B,5.0,2.0,2025-04-07 10:00:00
OP104224,W0341,,Z,7.0,0.0,2025-01-24 09:24:00
OP104225,W0220,Mornng,C,18.0,1.0,2025-05-31 19:01:00
OP104226,W0169,Mornng,C,15.0,1.0,2025-04-29 09:20:00
OP104227,W0037,,D,17.0,2.0,2025-01-08 16:50:00
OP104228,W0496,Evening,D,-5.0,0.0,2025-03-08 16:02:00
OP104229,W0245,Evening,B,15.0,,2025-06-24 19:25:00
OP104230,W0383,,,11.0,0.0,2025-02-15 08:58:00
OP104231,W0374,,,18.0,0.0,2025-01-14 12:35:00
OP104232,W0165,Mornng,D,43.0,1.0,2025-05-14 13:39:00
OP104233,W0271,,A,42.0,2.0,2025-05-01 06:21:00
OP104234,W0254,Morning,C,3.0,1.0,2025-01-08 01:50:00
OP104235,W0127,,E,37.0,,2025-02-12 13:17:00
OP104236,W0248,,A,24.0,2.0,2025-04-02 21:44:00
OP104237,W0458,Mornng,D,11.0,2.0,2025-04-13 22:29:00
OP104238,W0332,Evening,C,41.0,0.0,2025-01-07 02:42:00
OP104239,W0350,,Z,32.0,1.0,2025-01-04 11:25:00
OP104240,,Mornng,E,22.0,0.0,2025-02-01 00:20:00
OP104241,W0101,,A,34.0,,2025-06-25 09:53:00
OP104242,W0421,Mornng,B,48.0,1.0,2025-01-17 08:23:00
OP104243,W0127,Night,A,40.0,1.0,2025-06-18 23:40:00
OP104244,W0208,Evening,B,22.0,2.0,2025-06-14 14:57:00
OP104245,W0208,,,4.0,0.0,2025-01-21 19:37:00
OP104246,W0018,Morning,D,39.0,1.0,2025-05-11 23:57:00
OP104247,W0073,,D,20.0,1.0,2025-05-26 16:04:00
OP104248,W0266,,C,3.0,2.0,2025-02-09 23:56:00
OP104249,W0334,,E,20.0,1.0,2025-01-20 17:49:00
OP104250,W0032,Evening,,49.0,1.0,2025-02-20 04:07:00
OP104251,W0015,,A,28.0,2.0,2025-05-13 09:54:00
OP104252,W0270,Mornng,B,48.0,2.0,2025-01-27 05:46:00
OP104253,W0370,Night,Z,5.0,1.0,2025-05-28 00:27:00
OP104254,W0434,,D,16.0,1.0,2025-04-11 10:30:00
OP104255,W0097,,E,47.0,2.0,2025-05-26 02:47:00
OP104256,W9999,,E,38.0,0.0,2025-04-17 05:45:00
OP104257,W0115,Night,Z,45.0,1.0,2025-01-02 03:36:00
OP104258,W0005,Evening,,40.0,1.0,2025-04-27 04:09:00
OP104259,W0134,,Z,13.0,2.0,2025-05-18 18:57:00
OP104260,W0108,Morning,A,19.0,1.0,2025-03-11 22:08:00
OP104261,W0010,Night,Z,45.0,,2025-05-01 04:13:00
OP104262,W0374,,C,42.0,0.0,2025-04-13 03:35:00
OP104263,W0413,Morning,Z,31.0,0.0,2025-02-07 22:54:00
OP104264,W0237,,E,36.0,1.0,2025-01-26 10:05:00
OP104265,W0037,Evening,C,48.0,0.0,2025-03-19 06:09:00
OP104266,W0491,Morning,A,32.0,0.0,2025-04-07 09:07:00
OP104267,W0404,Mornng,C,12.0,2.0,2025-02-04 20:31:00
OP104268,W0420,,B,29.0,0.0,2025-06-09 12:44:00
OP104269,W0104,Morning,A,30.0,,2025-05-29 00:59:00
OP104270,W0104,,B,13.0,,2025-05-31 12:25:00
OP104271,W0309,Night,D,23.0,2.0,2025-06-04 11:23:00
OP104272,W0217,Mornng,Z,25.0,,2025-06-18 06:16:00
OP104273,W0471,Morning,B,0.0,2.0,2025-04-28 08:09:00
OP104274,W0209,Morning,,32.0,,2025-03-02 15:18:00
OP104275,W0485,Night,A,16.0,0.0,invalid_date
OP104276,W0122,,C,39.0,,2025-06-26 20:08:00
OP104277,W0487,Morning,D,21.0,,2025-01-11 19:08:00
OP104278,W0088,,D,15.0,1.0,2025-05-28 18:51:00
OP104279,W0096,Mornng,D,41.0,2.0,2025-05-08 15:10:00
OP104280,W0194,,B,41.0,2.0,2025-01-22 15:58:00
OP104281,W0191,,,20.0,,2025-05-04 15:55:00
OP104282,W0131,Mornng,C,9.0,2.0,2025-01-05 11:12:00
OP104283,W0129,Morning,D,35.0,2.0,2025-06-18 00:40:00
OP104284,W0077,Evening,Z,7.0,0.0,2025-04-06 08:32:00
OP104285,W0338,,B,7.0,,2025-06-26 18:53:00
OP104286,W0498,Morning,Z,6.0,0.0,2025-05-06 12:16:00
OP104287,W0431,Night,A,2.0,,2025-06-14 02:28:00
OP104288,W0374,Evening,,19.0,0.0,2025-03-27 09:42:00
OP104289,W0494,,E,38.0,,2025-05-31 20:53:00
OP104290,W0098,Night,C,46.0,,2025-04-20 21:29:00
OP104291,W0029,,C,19.0,1.0,2025-05-27 23:50:00
OP104292,W0320,Morning,A,42.0,1.0,2025-01-06 21:17:00
OP104293,W0478,Evening,D,46.0,,2025-02-24 01:54:00
OP104294,W0420,,Z,7.0,,2025-06-25 05:44:00
OP104295,W0179,,E,42.0,1.0,2025-05-15 01:24:00
OP104296,W0174,,A,15.0,,2025-01-30 14:05:00
OP104297,W0467,,E,20.0,,2025-04-15 06:00:00
OP104298,W0392,Evening,B,23.0,1.0,2025-05-04 02:38:00
OP104299,W0312,Morning,,35.0,0.0,2025-03-22 13:54:00
OP104300,W0215,,D,35.0,,2025-06-12 04:14:00
OP104301,W0409,Morning,A,0.0,2.0,2025-05-03 08:48:00
OP104302,W0186,,E,48.0,2.0,2025-01-24 00:55:00
OP104303,W0357,,D,17.0,2.0,2025-04-20 18:49:00
OP104304,W0366,,A,15.0,0.0,2025-01-15 14:06:00
OP104305,W0327,,D,20.0,1.0,2025-03-04 23:23:00
OP104306,W0420,Morning,,39.0,1.0,2025-02-25 11:33:00
OP104307,W0255,Morning,,23.0,,2025-06-16 03:28:00
OP104308,W0206,Night,D,35.0,1.0,2025-06-07 04:09:00
OP104309,W0194,Mornng,Z,5.0,1.0,2025-01-04 06:24:00
OP104310,W0045,Night,,15.0,2.0,2025-05-06 15:00:00
OP104311,W0392,,E,33.0,1.0,2025-06-02 08:24:00
OP104312,W0243,Night,C,39.0,1.0,2025-03-04 15:08:00
OP104313,W0042,Evening,,16.0,2.0,2025-04-28 01:24:00
OP104314,W0164,,E,4.0,,2025-04-22 14:37:00
OP104315,W0325,,B,20.0,,2025-03-27 14:11:00
OP104316,W0486,Evening,Z,3.0,1.0,2025-03-03 12:22:00
OP104317,W0471,Evening,B,20.0,0.0,2025-05-28 01:00:00
OP104318,W0385,Night,Z,46.0,1.0,2025-02-26 05:31:00
OP104319,W0264,Mornng,,31.0,2.0,2025-04-12 10:49:00
OP104320,W0442,,B,45.0,,2025-01-12 23:38:00
OP104321,W0423,Mornng,,39.0,2.0,2025-02-08 01:59:00
OP104322,W0074,Night,,14.0,,2025-03-10 20:40:00
OP104323,W0486,Morning,B,1.0,2.0,2025-01-25 19:57:00
OP104324,W0403,,A,45.0,1.0,2025-05-24 08:20:00
OP104325,W0469,Morning,,23.0,2.0,2025-04-08 17:12:00
OP104326,W0119,Evening,B,27.0,1.0,2025-05-17 06:16:00
OP104327,W0070,Night,,35.0,,2025-05-17 00:41:00
OP104328,W0405,Mornng,D,5.0,2.0,2025-05-04 01:20:00
OP104329,W0389,,E,27.0,2.0,2025-01-28 16:33:00
OP104330,W0058,,C,32.0,0.0,2025-04-21 00:41:00
OP104331,W0364,,C,1.0,,2025-04-06 14:27:00
OP104332,W0229,Evening,C,17.0,0.0,2025-04-21 03:30:00
OP104333,W0435,Mornng,B,13.0,2.0,2025-06-15 12:47:00
OP104334,W0082,,,4.0,2.0,2025-04-04 12:56:00
OP104335,W0490,Mornng,A,34.0,1.0,2025-01-23 07:53:00
OP104336,W0444,Evening,A,15.0,,2025-03-07 04:53:00
OP104337,W0420,Evening,D,29.0,0.0,2025-06-28 10:33:00
OP104338,W0346,,Z,8.0,2.0,2025-01-14 11:02:00
OP104339,W0261,Night,,11.0,1.0,2025-03-11 14:03:00
OP104340,W0252,Mornng,B,37.0,0.0,2025-02-08 21:16:00
OP104341,W0070,Mornng,,7.0,2.0,2025-01-17 12:29:00
OP104342,W0326,Morning,A,6.0,2.0,2025-06-01 09:01:00
OP104343,,Evening,D,39.0,1.0,2025-03-24 15:56:00
OP104344,W0153,Mornng,B,41.0,2.0,2025-04-27 01:25:00
OP104345,W0449,,D,45.0,2.0,2025-05-28 02:17:00
OP104346,W0125,Mornng,,49.0,2.0,2025-03-31 11:34:00
OP104347,W0407,Night,,16.0,2.0,2025-03-07 15:54:00
OP104348,W0328,Night,C,40.0,1.0,2025-04-17 06:54:00
OP104349,W0360,Morning,E,17.0,0.0,2025-03-25 10:32:00
OP104350,W0365,Morning,,31.0,1.0,2025-02-26 04:19:00
OP104351,W0084,Morning,,3.0,,2025-03-05 21:21:00
OP104352,W0398,Morning,A,2.0,1.0,2025-03-18 01:50:00
OP104353,W0429,Mornng,D,49.0,,2025-05-26 13:48:00
OP104354,W0207,,E,-5.0,0.0,2025-02-06 22:58:00
OP104355,W0160,,A,16.0,2.0,2025-01-07 12:48:00
OP104356,W0033,,Z,1.0,2.0,2025-05-17 11:06:00
OP104357,W0413,,Z,23.0,,2025-02-16 19:20:00
OP104358,W0444,Morning,,46.0,2.0,2025-05-01 07:09:00
OP104359,W0450,,Z,16.0,1.0,invalid_date
OP104360,W0050,Mornng,D,38.0,0.0,2025-01-27 07:33:00
OP104361,W0015,Night,D,-5.0,1.0,2025-03-31 11:16:00
OP104362,W0188,,Z,27.0,1.0,2025-03-04 19:47:00
OP104363,W0420,,B,46.0,2.0,2025-03-13 00:35:00
OP104364,W0042,,Z,18.0,,2025-03-04 09:49:00
OP104365,W0233,Morning,C,6.0,0.0,2025-04-02 15:42:00
OP104366,W0323,Night,,14.0,,2025-03-18 03:02:00
OP104367,W0374,Night,C,22.0,2.0,2025-03-08 00:11:00
OP104368,W0324,Evening,Z,28.0,0.0,2025-05-04 19:08:00
OP104369,W0074,Night,,33.0,1.0,2025-06-04 12:10:00
OP104370,W0038,Morning,B,45.0,1.0,2025-05-24 07:23:00
OP104371,W0082,Night,A,11.0,2.0,2025-06-24 23:00:00
OP104372,W0163,,Z,20.0,2.0,2025-01-23 10:34:00
OP104373,W0432,Night,Z,5.0,0.0,2025-06-15 20:41:00
OP104374,W0288,Morning,D,-5.0,,2025-05-14 05:15:00
OP104375,W0097,,C,4.0,1.0,2025-03-21 06:02:00
OP104376,W0482,Mornng,E,36.0,1.0,2025-04-21 20:46:00
OP104377,W0241,,E,2.0,,2025-06-10 20:20:00
OP104378,W0390,Evening,B,25.0,1.0,2025-04-01 01:37:00
OP104379,W0158,Morning,,35.0,1.0,2025-05-11 06:06:00
OP104380,W0325,Morning,B,29.0,,2025-03-05 04:34:00
OP104381,W0492,Evening,E,35.0,0.0,2025-05-07 01:50:00
OP104382,W0454,Evening,E,24.0,2.0,2025-01-11 05:40:00
OP104383,W0398,Morning,B,12.0,1.0,2025-05-19 11:24:00
OP104384,W0278,,,30.0,1.0,2025-05-14 03:46:00
OP104385,W0298,Mornng,A,34.0,0.0,2025-02-25 01:31:00
OP104386,W0228,Evening,,16.0,0.0,2025-04-13 03:05:00
OP104387,W0264,Night,,36.0,2.0,2025-04-24 17:04:00
OP104388,W0129,Evening,B,20.0,2.0,2025-06-16 23:10:00
OP104389,W0013,Mornng,Z,31.0,1.0,2025-01-18 23:15:00
OP104390,W0319,Night,E,27.0,1.0,invalid_date
OP104391,W0095,Mornng,,32.0,2.0,2025-05-06 19:26:00
OP104392,W0221,Night,D,9.0,2.0,2025-03-22 06:28:00
OP104393,W0381,Evening,D,43.0,0.0,2025-02-01 08:01:00
OP104394,W0260,Evening,Z,5.0,,2025-02-28 08:50:00
OP104395,W0323,,Z,39.0,0.0,2025-02-05 22:07:00
OP104396,W0259,Night,E,21.0,0.0,2025-03-30 00:11:00
OP104397,W0292,,,49.0,0.0,2025-06-15 09:34:00
OP104398,W0110,Night,A,47.0,,2025-01-30 11:55:00
OP104399,W0321,Mornng,Z,34.0,,2025-01-25 22:18:00
OP104400,W0419,,D,,2.0,2025-01-19 07:06:00
OP104401,W0033,,,4.0,,2025-02-19 07:31:00
OP104402,W0453,,Z,3.0,2.0,2025-04-26 14:30:00
OP104403,W0410,,D,35.0,1.0,2025-04-19 09:39:00
OP104404,W0140,Morning,,32.0,,2025-05-28 19:53:00
OP104405,W0137,Night,,41.0,2.0,2025-01-01 02:38:00
OP104406,W0067,Evening,D,8.0,,2025-01-13 08:22:00
OP104407,W0053,Night,C,24.0,0.0,2025-05-24 10:25:00
OP104408,W0108,Mornng,A,49.0,2.0,2025-05-30 22:56:00
OP104409,W0064,Morning,E,1.0,,2025-01-04 14:13:00
OP104410,W0281,,Z,1.0,2.0,2025-04-15 06:14:00
OP104411,W0216,Night,A,26.0,,2025-02-02 15:00:00
OP104412,W0008,Mornng,C,9.0,0.0,2025-06-26 18:31:00
OP104413,W0287,,A,22.0,2.0,2025-01-15 20:47:00
OP104414,W0376,Night,C,47.0,0.0,2025-02-17 04:25:00
OP104415,W0426,Mornng,,-5.0,,2025-05-18 04:48:00
OP104416,W0391,Evening,B,0.0,,2025-01-21 07:07:00
OP104417,W0407,Evening,D,7.0,,2025-02-19 13:48:00
OP104418,W0484,,D,29.0,,2025-06-10 10:21:00
OP104419,W0211,,D,22.0,1.0,2025-01-01 17:29:00
OP104420,W0369,,C,14.0,2.0,2025-05-16 19:08:00
OP104421,W0479,,,9.0,0.0,2025-02-22 13:59:00
OP104422,W0467,,A,8.0,,2025-02-25 01:25:00
OP104423,W0033,Night,E,7.0,1.0,2025-05-04 11:11:00
OP104424,W0230,Night,,1.0,0.0,2025-01-20 00:25:00
OP104425,W0068,,Z,44.0,1.0,2025-01-15 18:34:00
OP104426,W0433,Evening,E,40.0,,2025-01-01 17:56:00
OP104427,W0162,Night,Z,2.0,1.0,2025-05-21 19:47:00
OP104428,W0055,Night,A,34.0,1.0,2025-02-08 03:35:00
OP104429,W0463,Evening,,33.0,2.0,2025-06-14 04:59:00
OP104430,W0251,Mornng,B,10.0,0.0,2025-04-07 11:04:00
OP104431,W0104,Evening,B,22.0,0.0,2025-04-06 20:36:00
OP104432,W0245,Mornng,A,3.0,2.0,2025-06-02 17:27:00
OP104433,W0056,Morning,C,0.0,1.0,2025-05-08 22:52:00
OP104434,W0031,Morning,Z,12.0,2.0,2025-05-26 02:53:00
OP104435,W0141,Night,E,9.0,1.0,2025-05-30 16:16:00
OP104436,W0130,,D,30.0,0.0,2025-02-01 03:05:00
OP104437,W0086,,E,49.0,,2025-04-07 12:42:00
OP104438,W0475,Evening,A,35.0,2.0,2025-03-13 10:58:00
OP104439,W0124,Night,E,32.0,,2025-02-05 20:38:00
OP104440,W0333,Mornng,D,36.0,2.0,2025-04-04 03:55:00
OP104441,W0338,Evening,C,19.0,,2025-03-01 01:35:00
OP104442,W0204,,D,30.0,,2025-04-19 02:32:00
OP104443,W0436,,Z,33.0,,2025-04-02 20:41:00
OP104444,W0070,,,6.0,2.0,2025-04-19 16:08:00
OP104445,W0047,Mornng,D,20.0,0.0,2025-04-20 01:31:00
OP104446,W0160,Night,A,33.0,2.0,2025-06-06 15:47:00
OP104447,W0346,,,33.0,1.0,2025-02-09 01:23:00
OP104448,W0140,,B,2.0,,2025-06-02 16:21:00
OP104449,W0078,Mornng,E,41.0,1.0,2025-06-29 14:26:00
OP104450,W0437,Mornng,Z,29.0,1.0,2025-02-05 17:26:00
OP104451,W0390,,A,45.0,0.0,2025-05-08 02:27:00
OP104452,W0428,Mornng,D,24.0,2.0,2025-04-16 02:02:00
OP104453,W0300,,Z,44.0,0.0,2025-06-28 05:27:00
OP104454,W0101,,E,21.0,2.0,2025-05-21 05:32:00
OP104455,W0183,Evening,D,31.0,1.0,2025-02-28 14:25:00
OP104456,W0031,Morning,A,41.0,0.0,2025-06-09 05:34:00
OP104457,W0254,Mornng,E,-5.0,0.0,2025-06-04 11:47:00
OP104458,W0483,Morning,E,48.0,0.0,2025-01-10 11:23:00
OP104459,W0008,Night,Z,33.0,0.0,2025-05-01 11:41:00
OP104460,W0489,Morning,A,22.0,2.0,2025-01-04 16:26:00
OP104461,W0346,,,9.0,,2025-04-23 12:22:00
OP104462,W0370,Morning,E,27.0,,2025-05-29 11:11:00
OP104463,W0049,Morning,E,32.0,1.0,2025-01-04 08:49:00
OP104464,W0276,Evening,C,14.0,0.0,2025-01-11 11:54:00
OP104465,W0344,Evening,Z,23.0,0.0,2025-06-18 11:12:00
OP104466,W0466,Mornng,D,12.0,,2025-05-21 07:14:00
OP104467,W0489,,D,9.0,,2025-04-30 08:27:00
OP104468,W0157,,C,28.0,0.0,2025-06-14 20:47:00
OP104469,W0268,Evening,D,6.0,0.0,2025-06-24 07:41:00
OP104470,W0193,Evening,C,6.0,,2025-04-13 11:37:00
OP104471,W9999,,A,2.0,1.0,2025-01-30 04:23:00
OP104472,W0495,,Z,10.0,1.0,2025-01-06 22:13:00
OP104473,W0255,,C,10.0,2.0,2025-05-12 05:51:00
OP104474,W0033,Morning,C,27.0,1.0,2025-06-03 22:21:00
OP104475,W0365,Morning,Z,33.0,,invalid_date
OP104476,W0085,Night,D,49.0,2.0,2025-06-26 22:06:00
OP104477,W0267,,C,28.0,0.0,2025-03-16 12:07:00
OP104478,W0262,,Z,16.0,0.0,2025-03-27 20:14:00
OP104479,W0492,Mornng,C,49.0,1.0,2025-03-04 01:54:00
OP104480,W0475,Morning,E,1.0,,2025-02-19 08:34:00
OP104481,W0494,Morning,C,31.0,1.0,2025-06-03 18:04:00
OP104482,W0096,,B,42.0,2.0,2025-06-18 23:16:00
OP104483,W0304,Morning,Z,13.0,1.0,2025-06-07 19:36:00
OP104484,W0311,,C,47.0,2.0,2025-04-09 10:13:00
OP104485,W0188,,D,8.0,0.0,2025-04-03 10:38:00
OP104486,W0190,,D,19.0,0.0,2025-05-07 10:41:00
OP104487,W0488,Night,Z,43.0,0.0,2025-06-10 14:12:00
OP104488,W0253,,B,1.0,1.0,2025-05-09 01:55:00
OP104489,W0435,Mornng,B,48.0,,2025-01-20 11:24:00
OP104490,W0225,Mornng,B,41.0,2.0,2025-05-07 10:39:00
OP104491,W0276,,E,27.0,,2025-02-23 14:44:00
OP104492,W0409,Morning,C,11.0,2.0,2025-05-12 17:58:00
OP104493,W0189,Morning,E,3.0,,2025-03-07 11:20:00
OP104494,W0116,Evening,,0.0,1.0,2025-06-17 04:35:00
OP104495,W0362,,,38.0,0.0,2025-01-04 14:30:00
OP104496,W0176,,E,3.0,,2025-01-02 03:12:00
OP104497,W0084,,C,28.0,0.0,2025-03-27 11:43:00
OP104498,W0185,Evening,Z,41.0,1.0,2025-02-01 08:51:00
OP104499,W0290,Night,A,23.0,,2025-05-20 15:06:00
OP104500,W0465,Evening,B,21.0,0.0,2025-06-22 17:08:00
OP104501,W0173,,A,16.0,0.0,2025-02-27 10:13:00
OP104502,W0289,Evening,C,42.0,1.0,2025-06-09 05:19:00
OP104503,W0019,Evening,A,38.0,,2025-03-01 19:25:00
OP104504,W0080,Evening,C,12.0,,2025-06-17 13:41:00
OP104505,W0093,,,46.0,1.0,2025-04-10 16:24:00
OP104506,W0390,Night,Z,10.0,,2025-01-27 21:23:00
OP104507,W0301,Evening,E,9.0,2.0,2025-06-04 09:02:00
OP104508,W0257,,A,34.0,2.0,2025-03-19 19:25:00
OP104509,W0020,Morning,B,8.0,1.0,2025-01-20 18:57:00
OP104510,W0296,Evening,D,8.0,,2025-06-06 10:10:00
OP104511,W0382,,C,35.0,,2025-03-14 07:43:00
OP104512,W0023,Evening,Z,12.0,2.0,2025-04-23 14:21:00
OP104513,W0286,,A,38.0,1.0,2025-06-05 12:17:00
OP104514,W0364,,C,21.0,,2025-03-05 18:50:00
OP104515,W0224,,C,34.0,2.0,2025-02-05 14:40:00
OP104516,W0093,Evening,E,30.0,2.0,2025-05-20 14:00:00
OP104517,W0380,Morning,Z,30.0,2.0,invalid_date
OP104518,W0149,Morning,E,29.0,1.0,2025-05-15 02:24:00
OP104519,W0492,,Z,40.0,,2025-01-15 06:42:00
OP104520,W0287,,Z,37.0,0.0,2025-04-09 23:26:00
OP104521,W0180,Evening,,5.0,,2025-03-18 04:42:00
OP104522,W0130,Night,B,36.0,0.0,2025-04-09 04:10:00
OP104523,W0467,Mornng,E,47.0,,2025-01-18 06:24:00
OP104524,W0140,Night,B,27.0,,2025-01-23 23:17:00
OP104525,W0086,Morning,D,5.0,0.0,2025-05-02 13:16:00
OP104526,W0215,Evening,D,44.0,2.0,2025-03-11 19:00:00
OP104527,W0287,Morning,Z,34.0,2.0,2025-02-07 10:50:00
OP104528,W0059,Morning,E,0.0,0.0,2025-03-17 09:42:00
OP104529,W0450,Night,B,4.0,,2025-03-29 23:25:00
OP104530,W0161,Evening,Z,25.0,2.0,2025-04-23 11:56:00
OP104531,W0447,Night,,10.0,1.0,2025-03-27 19:33:00
OP104532,W0318,Mornng,D,31.0,2.0,2025-06-27 07:35:00
OP104533,W0336,Morning,,6.0,2.0,2025-02-13 09:08:00
OP104534,W0028,,Z,16.0,0.0,2025-01-22 07:28:00
OP104535,W0041,,Z,48.0,2.0,2025-04-30 22:11:00
OP104536,W0432,Night,B,36.0,2.0,2025-05-30 14:59:00
OP104537,W0356,Evening,B,3.0,2.0,2025-02-12 23:22:00
OP104538,W0030,Morning,Z,26.0,0.0,2025-05-21 23:41:00
OP104539,W0478,Night,C,23.0,,2025-05-21 20:09:00
OP104540,W0312,,B,40.0,2.0,2025-02-04 16:30:00
OP104541,W0460,,D,,0.0,2025-04-14 02:33:00
OP104542,W0050,,,20.0,0.0,2025-03-10 14:16:00
OP104543,W0241,,C,22.0,2.0,2025-02-19 22:04:00
OP104544,W0227,Mornng,,20.0,1.0,invalid_date
OP104545,W0339,,E,13.0,,2025-06-05 05:39:00
OP104546,W0134,Morning,C,17.0,1.0,2025-06-20 06:23:00
OP104547,W0081,,A,12.0,1.0,2025-05-11 05:18:00
OP104548,W0396,,A,13.0,2.0,2025-02-07 00:17:00
OP104549,W0159,,B,0.0,0.0,invalid_date
OP104550,W0038,Evening,C,23.0,,2025-02-15 20:16:00
OP104551,W0276,Morning,Z,29.0,0.0,2025-06-16 21:16:00
OP104552,W0370,Evening,A,30.0,2.0,2025-03-10 23:51:00
OP104553,W0325,Morning,Z,49.0,,2025-02-11 00:55:00
OP104554,W0414,,Z,22.0,1.0,2025-02-11 16:17:00
OP104555,W0145,,Z,4.0,1.0,2025-05-14 07:11:00
OP104556,W0049,Night,B,,2.0,2025-05-25 20:16:00
OP104557,W0471,,A,44.0,2.0,2025-06-15 14:30:00
OP104558,W0473,Mornng,C,17.0,1.0,2025-04-07 01:46:00
OP104559,W0335,Mornng,E,32.0,0.0,2025-01-23 19:45:00
OP104560,W0186,,D,7.0,2.0,2025-02-18 08:12:00
OP104561,W0263,,,44.0,1.0,2025-01-06 15:47:00
OP104562,W0004,,A,1.0,2.0,2025-03-01 17:00:00
OP104563,W0212,,E,34.0,0.0,2025-05-15 13:33:00
OP104564,W0260,,B,34.0,1.0,2025-06-04 15:06:00
OP104565,W0424,Night,E,20.0,1.0,2025-02-25 05:41:00
OP104566,W0398,,,2.0,2.0,2025-01-30 07:44:00
OP104567,W0228,Mornng,E,11.0,0.0,invalid_date
OP104568,W0461,,C,8.0,,2025-05-17 00:17:00
OP104569,W0231,Evening,B,15.0,0.0,2025-04-05 11:30:00
OP104570,W0480,Morning,D,39.0,1.0,2025-02-25 12:35:00
OP104571,W0331,,D,19.0,,2025-01-27 13:26:00
OP104572,W0074,,B,27.0,,2025-01-31 19:46:00
OP104573,W0400,Mornng,Z,36.0,,2025-04-15 05:04:00
OP104574,W0157,Mornng,D,26.0,,2025-01-20 04:29:00
OP104575,W0257,Morning,C,26.0,2.0,2025-02-13 04:39:00
OP104576,W0132,Mornng,Z,7.0,1.0,2025-01-25 08:55:00
OP104577,W0222,,B,26.0,0.0,2025-04-22 02:47:00
OP104578,W0358,,C,8.0,0.0,2025-01-09 10:10:00
OP104579,W0169,Morning,D,,2.0,2025-03-04 11:32:00
OP104580,W0382,Night,,9.0,2.0,2025-05-23 16:08:00
OP104581,W0350,Mornng,,5.0,1.0,2025-03-26 13:06:00
OP104582,W0389,Night,E,46.0,,2025-01-19 12:45:00
OP104583,W0220,Morning,B,20.0,1.0,2025-04-05 07:41:00
OP104584,W0122,Night,A,18.0,2.0,2025-01-23 15:51:00
OP104585,W0485,Mornng,,8.0,2.0,2025-04-09 13:59:00
OP104586,W0012,Mornng,,37.0,1.0,2025-02-28 10:33:00
OP104587,W0016,Morning,B,29.0,1.0,2025-05-24 07:41:00
OP104588,W0443,,,10.0,0.0,2025-01-31 03:36:00
OP104589,W0076,,D,4.0,0.0,2025-05-07 17:17:00
OP104590,W0136,Morning,C,32.0,1.0,2025-06-13 23:17:00
OP104591,W0093,,Z,37.0,1.0,2025-02-05 05:28:00
OP104592,W0459,Morning,C,9.0,,2025-02-10 18:14:00
OP104593,W0454,Mornng,B,10.0,2.0,invalid_date
OP104594,W0359,Evening,,21.0,,2025-06-25 17:16:00
OP104595,W0261,,E,15.0,1.0,2025-06-22 01:26:00
OP104596,W0273,,A,40.0,1.0,2025-06-22 09:46:00
OP104597,W0088,Mornng,D,12.0,,2025-01-05 05:55:00
OP104598,W0281,Morning,C,36.0,2.0,2025-03-21 14:25:00
OP104599,W0260,Evening,A,25.0,1.0,2025-04-28 18:26:00
OP104600,W0294,Night,E,38.0,0.0,2025-06-07 19:26:00
OP104601,W0389,Night,A,9.0,,2025-03-05 22:32:00
OP104602,W0022,Night,B,24.0,1.0,2025-06-16 12:21:00
OP104603,W0449,Night,D,38.0,,2025-03-17 13:30:00
OP104604,W0420,,B,31.0,2.0,2025-02-12 14:10:00
OP104605,W0146,,E,29.0,1.0,2025-04-22 03:08:00
OP104606,W0073,Mornng,B,11.0,1.0,2025-06-11 19:37:00
OP104607,W0171,Night,B,46.0,1.0,2025-06-09 00:04:00
OP104608,W0346,Morning,Z,22.0,1.0,2025-04-26 18:27:00
OP104609,W0175,Morning,D,5.0,,2025-02-27 04:47:00
OP104610,W0445,Mornng,D,49.0,2.0,2025-05-04 16:41:00
OP104611,W0137,Mornng,C,38.0,0.0,2025-06-01 18:36:00
OP104612,W0256,Night,D,24.0,2.0,2025-05-30 02:27:00
OP104613,W0172,,B,46.0,,2025-05-24 20:34:00
OP104614,W0456,Night,D,45.0,0.0,2025-05-01 11:04:00
OP104615,W0135,,E,12.0,2.0,2025-04-25 13:46:00
OP104616,W0265,,Z,16.0,2.0,2025-03-25 23:09:00
OP104617,W0296,Evening,D,9.0,1.0,2025-06-03 06:08:00
OP104618,W0323,Morning,Z,32.0,0.0,2025-03-19 18:48:00
OP104619,W0462,,,13.0,2.0,2025-03-09 22:13:00
OP104620,W0056,Morning,C,0.0,0.0,2025-01-12 13:34:00
OP104621,W0078,,B,31.0,0.0,2025-02-18 21:03:00
OP104622,W0221,Night,A,19.0,1.0,2025-04-16 09:28:00
OP104623,W0412,Mornng,B,25.0,2.0,2025-01-17 16:14:00
OP104624,W0108,Night,B,27.0,1.0,2025-01-23 19:36:00
OP104625,W0134,,C,10.0,2.0,2025-02-28 02:31:00
OP104626,W0023,Night,B,37.0,0.0,2025-03-31 06:20:00
OP104627,W0291,Night,A,48.0,2.0,2025-06-05 10:44:00
OP104628,W0435,,D,,,2025-02-10 17:29:00
OP104629,W0068,Mornng,C,26.0,0.0,2025-03-23 06:25:00
OP104630,W0207,Mornng,A,11.0,1.0,2025-02-13 00:20:00
OP104631,W0055,Mornng,B,33.0,1.0,2025-03-30 18:17:00
OP104632,W0062,Evening,,19.0,0.0,2025-01-13 06:47:00
OP104633,W0002,,D,9.0,,2025-05-17 20:10:00
OP104634,W0275,Evening,Z,42.0,0.0,2025-03-18 17:47:00
OP104635,W0365,Mornng,,44.0,2.0,2025-03-09 00:47:00
OP104636,W0047,,B,13.0,2.0,2025-02-24 14:25:00
OP104637,W0097,,A,26.0,0.0,2025-05-09 07:40:00
OP104638,W0473,Morning,D,24.0,0.0,2025-05-10 10:37:00
OP104639,W0362,Mornng,Z,15.0,,2025-06-08 16:41:00
OP104640,W0308,Mornng,B,4.0,,2025-02-09 22:08:00
OP104641,W0296,Night,B,43.0,0.0,2025-02-03 12:34:00
OP104642,W0426,,D,1.0,0.0,2025-06-07 08:30:00
OP104643,W0070,,B,48.0,2.0,2025-06-13 13:01:00
OP104644,W0245,Night,Z,49.0,1.0,2025-03-23 05:53:00
OP104645,W0218,,A,37.0,1.0,2025-05-19 04:53:00
OP104646,W0159,,,9.0,2.0,invalid_date
OP104647,W0002,Night,C,5.0,2.0,2025-05-13 12:39:00
OP104648,W0294,,D,24.0,1.0,2025-05-05 22:38:00
OP104649,W0240,Mornng,Z,14.0,1.0,2025-05-03 04:38:00
OP104650,W0341,,Z,47.0,,2025-05-31 23:17:00
OP104651,W0400,Evening,A,48.0,0.0,2025-06-25 19:56:00
OP104652,W0198,Morning,B,39.0,1.0,2025-05-16 08:11:00
OP104653,W0294,Morning,,28.0,2.0,2025-05-25 12:58:00
OP104654,W0353,Mornng,,42.0,0.0,2025-05-10 12:02:00
OP104655,W0219,Morning,B,12.0,2.0,2025-04-02 08:31:00
OP104656,W0211,Mornng,Z,34.0,1.0,2025-02-17 05:56:00
OP104657,W0167,Morning,E,29.0,2.0,2025-06-26 21:26:00
OP104658,W0386,Evening,C,5.0,2.0,2025-01-24 01:44:00
OP104659,W0016,Morning,D,24.0,2.0,2025-04-27 18:30:00
OP104660,W0179,Evening,Z,38.0,1.0,2025-02-06 23:48:00
OP104661,W0238,Morning,D,27.0,1.0,2025-03-16 19:09:00
OP104662,W0264,Mornng,C,34.0,1.0,2025-05-27 13:14:00
OP104663,W0315,,E,12.0,0.0,2025-04-24 15:38:00
OP104664,W0449,Mornng,D,36.0,1.0,2025-05-05 08:49:00
OP104665,W0048,,D,19.0,2.0,2025-02-24 16:19:00
OP104666,W0301,Evening,D,26.0,2.0,2025-03-28 20:34:00
OP104667,W0293,,,37.0,1.0,2025-01-14 09:44:00
OP104668,W0300,Morning,,18.0,,2025-06-20 08:04:00
OP104669,W0402,Mornng,A,29.0,,2025-05-23 11:20:00
OP104670,W0333,Night,,40.0,2.0,2025-04-17 19:52:00
OP104671,W0094,Mornng,D,9.0,2.0,2025-03-27 12:48:00
OP104672,W0043,Evening,E,36.0,2.0,2025-05-15 14:39:00
OP104673,W0234,,E,4.0,0.0,2025-01-25 22:22:00
OP104674,W0452,,,47.0,2.0,2025-03-21 13:38:00
OP104675,W0289,Morning,,32.0,0.0,2025-06-26 01:56:00
OP104676,W0221,,Z,6.0,1.0,2025-04-11 17:38:00
OP104677,W0437,Night,C,14.0,,2025-01-26 06:01:00
OP104678,W0456,,E,29.0,0.0,2025-01-06 05:47:00
OP104679,W0361,Evening,,23.0,2.0,2025-03-08 20:20:00
OP104680,W0159,Night,C,33.0,2.0,2025-01-24 10:22:00
OP104681,W0252,Night,,0.0,0.0,2025-06-27 13:39:00
OP104682,W0474,Night,E,49.0,0.0,2025-03-13 06:25:00
OP104683,W0041,,E,43.0,1.0,2025-01-05 13:16:00
OP104684,W0159,,B,34.0,,2025-05-02 12:51:00
OP104685,W0158,Mornng,B,31.0,0.0,2025-04-06 22:40:00
OP104686,W0308,Morning,Z,21.0,1.0,2025-03-25 09:42:00
OP104687,W0282,Morning,Z,30.0,1.0,2025-04-19 01:26:00
OP104688,W0439,Morning,Z,20.0,,2025-03-23 03:46:00
OP104689,W0251,Morning,E,16.0,,2025-05-29 17:17:00
OP104690,W0460,,A,14.0,2.0,2025-03-07 19:35:00
OP104691,W0246,Morning,Z,23.0,0.0,invalid_date
OP104692,W0324,Morning,E,9.0,,2025-03-06 16:52:00
OP104693,W0006,Mornng,E,6.0,1.0,2025-01-20 01:22:00
OP104694,W0470,Morning,Z,4.0,,2025-06-25 13:48:00
OP104695,W0073,,D,48.0,0.0,2025-03-23 06:15:00
OP104696,W0095,Morning,,48.0,0.0,2025-04-21 19:12:00
OP104697,W0194,,E,18.0,1.0,2025-04-22 19:16:00
OP104698,W0259,,D,43.0,2.0,2025-05-07 08:51:00
OP104699,W0293,Evening,C,20.0,2.0,2025-04-29 05:50:00
OP104700,W0462,,C,24.0,2.0,2025-01-21 08:05:00
OP104701,W0234,Night,C,5.0,1.0,2025-04-22 05:53:00
OP104702,W0182,Morning,A,46.0,,2025-05-27 04:46:00
OP104703,W0429,Mornng,E,29.0,,2025-03-18 04:49:00
OP104704,W0332,Night,D,29.0,1.0,2025-05-10 06:32:00
OP104705,W0146,Morning,E,20.0,1.0,2025-02-22 10:30:00
OP104706,W0085,Night,C,22.0,,2025-01-05 03:52:00
OP104707,W0028,Mornng,D,42.0,,invalid_date
OP104708,W0499,Night,Z,11.0,0.0,2025-01-17 04:27:00
OP104709,W0117,,B,8.0,2.0,2025-06-26 06:10:00
OP104710,W0164,Mornng,A,21.0,,2025-01-02 18:44:00
OP104711,W0274,Night,C,36.0,,2025-06-10 20:38:00
OP104712,W0342,Mornng,A,11.0,1.0,2025-05-19 04:15:00
OP104713,W0373,,E,19.0,2.0,2025-03-30 13:00:00
OP104714,W0404,Night,A,39.0,2.0,2025-04-11 18:30:00
OP104715,W0164,,D,19.0,2.0,2025-05-11 02:55:00
OP104716,W0101,,E,11.0,1.0,2025-01-20 06:26:00
OP104717,W0175,,C,4.0,1.0,2025-04-11 10:43:00
OP104718,W0126,,E,1.0,0.0,2025-01-12 14:09:00
OP104719,W0064,Mornng,C,4.0,1.0,2025-02-07 08:57:00
OP104720,W0164,Mornng,Z,22.0,2.0,2025-04-30 09:00:00
OP104721,W0152,Mornng,Z,46.0,1.0,2025-03-13 10:50:00
OP104722,W0282,Mornng,D,-5.0,0.0,2025-02-03 10:58:00
OP104723,W0318,Mornng,C,38.0,1.0,2025-04-30 22:40:00
OP104724,W0017,,A,29.0,0.0,2025-05-31 14:24:00
OP104725,W0236,Night,B,17.0,0.0,2025-01-24 16:20:00
OP104726,W0107,Evening,B,13.0,1.0,2025-04-02 00:25:00
OP104727,W0308,Night,Z,49.0,,2025-03-07 07:04:00
OP104728,W0191,Mornng,C,2.0,2.0,invalid_date
OP104729,W0475,,Z,34.0,0.0,2025-06-19 22:06:00
OP104730,W0052,,,18.0,0.0,2025-06-17 05:38:00
OP104731,W0440,Morning,Z,14.0,,2025-03-21 08:59:00
OP104732,W0474,Mornng,,9.0,,2025-04-17 08:25:00
OP104733,W0496,,A,25.0,2.0,2025-05-26 20:36:00
OP104734,W0268,,,20.0,2.0,2025-04-05 07:14:00
OP104735,W0054,,,5.0,1.0,2025-05-23 15:33:00
OP104736,W0125,Mornng,Z,18.0,1.0,2025-05-14 13:16:00
OP104737,W0060,Morning,B,12.0,,2025-04-13 09:42:00
OP104738,W0315,Morning,,11.0,1.0,2025-06-24 17:56:00
OP104739,W0423,Mornng,B,28.0,1.0,2025-05-26 16:52:00
OP104740,W0121,Evening,D,22.0,1.0,2025-06-01 03:50:00
OP104741,W0220,,E,16.0,1.0,2025-05-29 22:59:00
OP104742,W0499,Evening,,9.0,,2025-06-06 07:01:00
OP104743,W0468,Mornng,D,36.0,1.0,2025-04-19 12:46:00
OP104744,W0081,Mornng,E,,1.0,2025-01-17 22:41:00
OP104745,W0038,Mornng,E,29.0,,2025-05-02 14:27:00
OP104746,W0496,Mornng,D,42.0,2.0,2025-02-03 01:04:00
OP104747,W0270,Evening,D,0.0,1.0,2025-02-09 05:40:00
OP104748,W0340,Night,,1.0,,2025-06-20 01:15:00
OP104749,W0120,Night,,45.0,1.0,2025-05-18 00:23:00
OP104750,W0275,Evening,E,49.0,2.0,2025-05-25 10:23:00
OP104751,W0120,,,-5.0,,2025-04-30 08:32:00
OP104752,W0493,Evening,,41.0,1.0,2025-05-30 04:41:00
OP104753,W0403,,,19.0,,2025-02-10 17:08:00
OP104754,W0475,,,20.0,,2025-01-21 21:19:00
OP104755,W0212,Mornng,D,43.0,,2025-03-29 03:21:00
OP104756,W0265,Morning,A,27.0,,2025-01-05 15:18:00
OP104757,W0040,Evening,D,40.0,2.0,2025-05-26 15:46:00
OP104758,W0245,Night,B,42.0,2.0,2025-02-07 10:18:00
OP104759,W0295,Evening,B,0.0,,2025-04-19 23:27:00
OP104760,W0103,Mornng,C,5.0,1.0,2025-05-24 03:44:00
OP104761,W0155,Mornng,E,35.0,0.0,2025-01-25 16:35:00
OP104762,W0080,,,26.0,1.0,2025-06-16 11:30:00
OP104763,W0312,,,48.0,,2025-06-21 10:38:00
OP104764,W0240,,A,2.0,2.0,2025-04-07 20:07:00
OP104765,W0337,Night,Z,14.0,0.0,2025-02-04 00:56:00
OP104766,W0137,Night,Z,14.0,,2025-06-26 04:16:00
OP104767,W0500,,E,24.0,1.0,2025-05-18 13:51:00
OP104768,W0004,Morning,D,37.0,1.0,2025-06-14 12:23:00
OP104769,W0378,Morning,B,47.0,0.0,2025-06-08 20:53:00
OP104770,W0413,Mornng,,9.0,,2025-01-09 04:44:00
OP104771,W0325,,B,47.0,0.0,2025-04-27 13:42:00
OP104772,W0145,Night,C,44.0,2.0,2025-02-10 08:48:00
OP104773,W0408,Mornng,C,34.0,,2025-03-10 13:35:00
OP104774,W0101,,E,10.0,2.0,2025-06-27 15:23:00
OP104775,W0440,Evening,D,27.0,2.0,2025-05-21 04:40:00
OP104776,W0361,Evening,B,48.0,0.0,2025-04-29 02:05:00
OP104777,W0482,Evening,A,10.0,,2025-03-22 23:55:00
OP104778,W0172,Evening,A,2.0,,2025-03-03 01:17:00
OP104779,W0475,Evening,Z,29.0,0.0,2025-06-11 05:39:00
OP104780,W0315,Morning,C,49.0,1.0,2025-04-14 16:24:00
OP104781,W0440,Evening,Z,13.0,2.0,2025-03-27 00:55:00
OP104782,W0471,Mornng,D,24.0,0.0,2025-06-07 02:24:00
OP104783,W0493,Night,,40.0,1.0,2025-04-07 11:52:00
OP104784,W0376,,D,11.0,2.0,2025-05-28 15:57:00
OP104785,W0043,Mornng,Z,41.0,0.0,2025-02-26 15:55:00
OP104786,W0188,Evening,A,43.0,0.0,2025-03-18 19:34:00
OP104787,W0206,Morning,Z,6.0,0.0,2025-01-09 19:16:00
OP104788,W0255,Evening,,9.0,2.0,2025-01-31 13:49:00
OP104789,W0474,Mornng,E,12.0,2.0,2025-01-26 19:04:00
OP104790,W0496,Night,E,8.0,,2025-02-16 04:38:00
OP104791,W0112,,D,38.0,,2025-06-13 11:24:00
OP104792,W0126,Morning,E,44.0,,2025-06-05 08:40:00
OP104793,W0296,Evening,Z,24.0,1.0,2025-03-14 17:06:00
OP104794,W0069,Mornng,E,23.0,1.0,2025-01-22 14:49:00
OP104795,W0081,Evening,E,8.0,0.0,2025-03-22 15:44:00
OP104796,W0198,Night,,27.0,,2025-05-24 22:45:00
OP104797,W0327,Mornng,A,23.0,2.0,2025-06-24 16:15:00
OP104798,W0062,Evening,C,1.0,0.0,2025-06-14 14:24:00
OP104799,W0134,Morning,Z,9.0,0.0,2025-05-24 23:14:00
OP104800,W0111,Night,A,43.0,1.0,2025-06-02 19:00:00
OP104801,W0171,,B,40.0,,2025-01-23 23:24:00
OP104802,W0053,Morning,Z,24.0,,2025-01-29 03:04:00
OP104803,W0165,Night,C,48.0,2.0,2025-01-01 02:03:00
OP104804,W0385,Morning,C,33.0,,2025-05-13 22:45:00
OP104805,W0435,,Z,44.0,0.0,2025-05-14 19:35:00
OP104806,W0475,,E,45.0,0.0,2025-05-12 16:35:00
OP104807,W0357,,D,29.0,,2025-05-24 04:11:00
OP104808,W0415,Night,Z,5.0,,2025-04-18 12:00:00
OP104809,W0467,,A,38.0,,2025-05-23 13:35:00
OP104810,W0341,Night,C,40.0,0.0,2025-03-20 21:43:00
OP104811,W0308,Mornng,,33.0,2.0,2025-01-15 19:51:00
OP104812,W0287,Morning,B,35.0,,2025-05-08 12:58:00
OP104813,W0172,Evening,B,21.0,2.0,2025-05-20 15:59:00
OP104814,W0424,Morning,A,49.0,,2025-03-04 18:10:00
OP104815,W0169,Morning,B,35.0,,2025-02-11 01:39:00
OP104816,W0312,,Z,18.0,0.0,2025-06-23 15:54:00
OP104817,W0350,,C,41.0,,2025-03-15 22:11:00
OP104818,W0017,,D,26.0,1.0,2025-04-22 07:15:00
OP104819,W0218,Mornng,B,39.0,0.0,2025-06-03 10:27:00
OP104820,W0284,Mornng,,35.0,1.0,2025-06-03 13:02:00
OP104821,W0090,Evening,A,21.0,0.0,2025-03-21 21:51:00
OP104822,W0173,,,46.0,1.0,2025-05-14 19:57:00
OP104823,W0463,,D,3.0,0.0,2025-04-18 18:59:00
OP104824,W0430,,C,41.0,2.0,2025-05-22 03:20:00
OP104825,W0087,,E,48.0,0.0,2025-02-16 01:48:00
OP104826,W0402,,B,34.0,1.0,2025-03-07 15:22:00
OP104827,W0345,Morning,,4.0,1.0,2025-04-22 23:21:00
OP104828,W0355,,,31.0,,2025-06-15 18:36:00
OP104829,W0152,Mornng,B,29.0,1.0,2025-01-18 11:21:00
OP104830,W0156,Mornng,C,0.0,2.0,2025-04-09 18:39:00
OP104831,W0139,Evening,A,24.0,1.0,2025-03-04 14:23:00
OP104832,W0021,Night,B,17.0,2.0,2025-04-09 10:19:00
OP104833,W9999,Evening,E,3.0,2.0,2025-01-11 09:58:00
OP104834,W0340,Morning,B,44.0,0.0,2025-02-11 13:29:00
OP104835,W0265,Evening,E,27.0,,2025-02-09 20:23:00
OP104836,W0333,Mornng,Z,35.0,0.0,2025-03-31 19:16:00
OP104837,W0238,Mornng,,28.0,2.0,2025-01-02 20:11:00
OP104838,W0263,,E,2.0,1.0,2025-01-15 22:06:00
OP104839,W0196,Mornng,,41.0,,2025-06-22 13:54:00
OP104840,W0037,,A,0.0,,2025-04-13 10:05:00
OP104841,W0130,Mornng,A,39.0,1.0,2025-01-30 08:54:00
OP104842,W0119,,C,33.0,1.0,2025-03-18 21:27:00
OP104843,W0340,,,40.0,2.0,2025-04-29 00:59:00
OP104844,W0348,Mornng,Z,33.0,2.0,2025-06-27 16:30:00
OP104845,W0338,Night,C,16.0,,2025-03-17 01:10:00
OP104846,W0069,Morning,,23.0,1.0,2025-06-28 18:33:00
OP104847,W0394,Morning,Z,42.0,2.0,2025-04-06 21:45:00
OP104848,W0480,Morning,D,25.0,1.0,2025-03-28 20:36:00
OP104849,W0228,,C,29.0,0.0,2025-01-05 23:31:00
OP104850,W0390,,B,10.0,1.0,2025-01-06 14:36:00
OP104851,W0414,Morning,E,42.0,0.0,2025-06-04 14:01:00
OP104852,W0292,Evening,B,39.0,1.0,2025-04-06 19:28:00
OP104853,W0046,Mornng,B,13.0,,2025-01-18 04:42:00
OP104854,W0317,Night,C,43.0,,2025-03-23 15:46:00
OP104855,W0192,Mornng,Z,12.0,1.0,2025-01-13 11:03:00
OP104856,W0494,Evening,C,-5.0,0.0,2025-03-08 00:56:00
OP104857,W0412,Night,D,5.0,,2025-06-01 05:08:00
OP104858,W0163,Morning,B,38.0,2.0,2025-05-27 09:31:00
OP104859,W0251,Evening,D,48.0,0.0,2025-06-04 07:43:00
OP104860,W0150,,E,23.0,1.0,2025-01-16 05:56:00
OP104861,W0026,,B,34.0,,2025-06-10 11:04:00
OP104862,W0247,,Z,38.0,1.0,2025-04-29 08:20:00
OP104863,W0243,Night,A,46.0,,2025-03-25 04:04:00
OP104864,W0054,Morning,Z,-5.0,2.0,2025-05-18 10:13:00
OP104865,W0498,Mornng,A,47.0,0.0,2025-06-08 07:41:00
OP104866,W0333,Mornng,C,28.0,0.0,2025-04-13 20:27:00
OP104867,W0430,Mornng,E,25.0,2.0,2025-01-28 10:32:00
OP104868,W0448,,,28.0,,2025-04-13 10:41:00
OP104869,W0468,Morning,A,11.0,1.0,2025-05-05 11:19:00
OP104870,W0487,,B,44.0,,2025-04-27 03:21:00
OP104871,W0477,Night,A,8.0,,invalid_date
OP104872,W0174,Night,B,11.0,0.0,2025-01-02 10:22:00
OP104873,W0462,,D,43.0,0.0,2025-04-12 15:07:00
OP104874,W0362,Evening,Z,16.0,2.0,2025-05-12 19:12:00
OP104875,W0095,Mornng,E,1.0,,2025-03-17 01:29:00
OP104876,W0461,Night,A,19.0,2.0,2025-06-02 23:40:00
OP104877,W0477,,Z,38.0,2.0,2025-01-14 05:12:00
OP104878,W0114,Night,D,40.0,,2025-04-06 14:27:00
OP104879,W0240,,,22.0,,2025-04-29 11:07:00
OP104880,W0009,Mornng,,40.0,1.0,2025-05-23 08:25:00
OP104881,W0121,Mornng,E,25.0,,2025-02-03 17:08:00
OP104882,W0078,Night,Z,5.0,1.0,2025-02-18 12:22:00
OP104883,W0022,,A,1.0,1.0,2025-04-25 17:43:00
OP104884,W0077,Evening,Z,41.0,,2025-01-19 16:18:00
OP104885,W0147,Mornng,A,17.0,0.0,2025-05-01 02:52:00
OP104886,W0014,Morning,D,13.0,2.0,2025-01-02 08:07:00
OP104887,W0043,,D,41.0,0.0,2025-05-22 17:06:00
OP104888,W0333,Night,C,42.0,,2025-06-19 06:34:00
OP104889,W0016,Mornng,C,21.0,2.0,2025-03-03 18:27:00
OP104890,W0247,Night,,42.0,,2025-01-07 08:49:00
OP104891,W0117,Morning,,32.0,2.0,2025-01-12 12:01:00
OP104892,W0231,Morning,E,35.0,1.0,2025-01-02 17:41:00
OP104893,W0469,,Z,19.0,,2025-05-16 05:41:00
OP104894,W0219,Morning,E,35.0,,2025-03-28 14:04:00
OP104895,W0309,,D,30.0,2.0,2025-01-19 11:30:00
OP104896,W0053,Mornng,C,7.0,0.0,2025-05-30 18:05:00
OP104897,W0301,,C,31.0,1.0,2025-06-03 21:23:00
OP104898,W0052,Night,B,16.0,,2025-06-28 02:15:00
OP104899,W0495,Morning,E,16.0,2.0,invalid_date
OP104900,W0175,Night,E,22.0,2.0,2025-03-14 16:16:00
OP104901,W0049,Morning,,24.0,2.0,2025-05-10 07:45:00
OP104902,W0322,Mornng,C,,,2025-02-04 19:51:00
OP104903,W0490,Morning,D,47.0,1.0,2025-04-08 02:00:00
OP104904,W0465,Night,A,35.0,2.0,2025-06-28 12:15:00
OP104905,W0109,Evening,D,12.0,2.0,2025-03-01 22:14:00
OP104906,W0095,Mornng,,33.0,1.0,2025-02-03 21:41:00
OP104907,W0067,Evening,Z,13.0,,2025-03-12 13:25:00
OP104908,W0287,Night,D,45.0,,2025-05-19 18:24:00
OP104909,W0301,,D,41.0,0.0,2025-06-24 18:26:00
OP104910,W0455,Mornng,A,46.0,1.0,2025-06-25 14:49:00
OP104911,W0127,Morning,Z,26.0,1.0,2025-02-07 20:56:00
OP104912,W0447,,C,12.0,1.0,2025-02-28 17:52:00
OP104913,W0387,Evening,B,32.0,2.0,2025-03-25 09:50:00
OP104914,W0183,Evening,D,33.0,0.0,2025-06-12 04:28:00
OP104915,W0144,,,37.0,0.0,2025-01-25 02:09:00
OP104916,W0338,Evening,E,29.0,0.0,2025-03-03 03:41:00
OP104917,W0083,,,49.0,1.0,2025-05-29 16:57:00
OP104918,W0350,,B,30.0,,2025-01-18 19:27:00
OP104919,W0343,,D,21.0,0.0,2025-06-29 06:45:00
OP104920,W0423,,B,0.0,,2025-03-05 08:19:00
OP104921,W0154,Morning,,37.0,,2025-05-20 04:49:00
OP104922,W0173,,B,1.0,1.0,2025-04-30 13:51:00
OP104923,W0426,,D,23.0,2.0,2025-02-28 04:21:00
OP104924,W0089,Night,E,19.0,0.0,2025-05-30 08:39:00
OP104925,W0309,,B,35.0,1.0,2025-05-15 13:14:00
OP104926,W0368,Morning,E,23.0,1.0,2025-02-20 00:49:00
OP104927,W0436,Evening,C,10.0,0.0,2025-02-11 06:36:00
OP104928,W0301,Mornng,,26.0,,2025-06-29 07:17:00
OP104929,W0325,Morning,A,39.0,,2025-02-22 13:00:00
OP104930,W0155,,C,28.0,,2025-04-04 15:31:00
OP104931,W0053,Morning,D,41.0,1.0,2025-03-12 06:55:00
OP104932,W0361,Evening,Z,13.0,0.0,2025-01-24 22:10:00
OP104933,W0068,,Z,22.0,1.0,2025-05-01 00:15:00
OP104934,W0080,Evening,,38.0,0.0,2025-01-02 18:28:00
OP104935,W0141,Mornng,,38.0,0.0,2025-04-19 09:22:00
OP104936,W0119,,E,4.0,,2025-02-27 17:38:00
OP104937,W0493,Morning,D,9.0,,2025-02-26 15:01:00
OP104938,W0034,Night,E,33.0,2.0,2025-04-23 12:04:00
OP104939,W0280,,C,35.0,0.0,2025-06-11 09:44:00
OP104940,W0285,Evening,Z,28.0,2.0,2025-03-25 15:16:00
OP104941,W0216,Morning,C,2.0,0.0,2025-03-02 04:15:00
OP104942,W0036,Morning,E,40.0,0.0,2025-01-11 01:02:00
OP104943,W0161,Morning,Z,46.0,0.0,2025-03-09 14:14:00
OP104944,W0002,Night,D,39.0,2.0,invalid_date
OP104945,W0494,,A,28.0,0.0,2025-05-06 05:40:00
OP104946,W0217,,,35.0,0.0,2025-04-25 12:27:00
OP104947,W0221,,D,43.0,0.0,2025-03-23 19:35:00
OP104948,W0035,Night,D,40.0,1.0,2025-05-16 12:05:00
OP104949,W0248,,,,1.0,2025-01-07 04:35:00
OP104950,W0388,Morning,D,11.0,2.0,2025-01-25 23:15:00
OP104951,W0198,,Z,47.0,0.0,2025-01-08 18:01:00
OP104952,W0204,,Z,1.0,2.0,2025-01-06 11:05:00
OP104953,W0003,Evening,D,4.0,2.0,2025-03-23 23:03:00
OP104954,W0283,,,31.0,2.0,2025-01-11 11:01:00
OP104955,W0190,,Z,2.0,1.0,2025-06-07 16:18:00
OP104956,,Mornng,B,41.0,1.0,2025-06-13 05:54:00
OP104957,W0212,,E,3.0,0.0,2025-05-19 17:37:00
OP104958,W0236,Mornng,E,47.0,,2025-04-12 02:01:00
OP104959,W0051,Night,C,4.0,,2025-05-23 04:49:00
OP104960,W0142,Night,E,-5.0,2.0,2025-02-26 02:10:00
OP104961,W0469,Evening,A,21.0,1.0,2025-05-28 20:00:00
OP104962,W0402,,D,8.0,,2025-01-24 08:46:00
OP104963,W0490,Morning,C,32.0,1.0,2025-05-10 21:14:00
OP104964,W0293,Evening,E,48.0,2.0,2025-01-29 20:34:00
OP104965,W0189,,A,6.0,0.0,2025-04-04 12:55:00
OP104966,W0455,Mornng,B,46.0,2.0,2025-02-15 16:48:00
OP104967,W0440,Evening,,38.0,2.0,2025-02-19 04:04:00
OP104968,W0091,,Z,18.0,0.0,2025-03-06 23:18:00
OP104969,W0044,,E,16.0,2.0,2025-04-23 12:57:00
OP104970,W0161,Morning,Z,28.0,0.0,2025-05-06 23:10:00
OP104971,W0354,,E,1.0,1.0,invalid_date
OP104972,W0059,Evening,,15.0,,2025-03-13 13:20:00
OP104973,W0290,,B,3.0,0.0,2025-05-03 10:51:00
OP104974,W0226,Morning,,13.0,,2025-02-09 22:46:00
OP104975,W0102,Evening,D,31.0,0.0,2025-04-09 14:04:00
OP104976,W0328,Evening,D,10.0,1.0,2025-02-02 20:40:00
OP104977,W0100,Evening,B,42.0,0.0,2025-05-29 04:09:00
OP104978,W0288,Evening,E,34.0,2.0,2025-01-18 14:11:00
OP104979,W0208,Mornng,,13.0,0.0,2025-04-16 10:29:00
OP104980,,Night,E,47.0,0.0,2025-06-01 07:10:00
OP104981,W0041,,Z,24.0,1.0,2025-02-13 19:24:00
OP104982,W0236,Morning,E,11.0,1.0,2025-01-07 07:57:00
OP104983,W0475,,C,,1.0,2025-03-09 01:16:00
OP104984,W0184,Evening,E,35.0,1.0,2025-04-14 06:00:00
OP104985,W0124,,Z,45.0,1.0,2025-06-02 09:00:00
OP104986,W0360,Mornng,C,31.0,0.0,2025-02-21 00:47:00
OP104987,W0247,,E,22.0,1.0,2025-02-08 17:55:00
OP104988,W0486,Morning,B,,2.0,2025-06-04 12:38:00
OP104989,W0408,Night,B,32.0,0.0,2025-06-13 00:11:00
OP104990,W0206,Evening,,38.0,,2025-05-16 03:02:00
OP104991,W0442,Mornng,Z,27.0,0.0,2025-01-02 23:43:00
OP104992,W0458,,Z,10.0,0.0,2025-03-24 00:07:00
OP104993,W0113,Evening,A,27.0,1.0,2025-06-08 18:15:00
OP104994,W0240,,,12.0,0.0,2025-05-24 09:28:00
OP104995,W0139,,A,25.0,1.0,invalid_date
OP104996,W0215,Morning,C,36.0,1.0,2025-04-30 14:08:00
OP104997,W0217,,C,12.0,,2025-04-03 21:52:00
OP104998,W0141,,E,43.0,,2025-05-31 11:11:00
OP104999,W0370,,B,11.0,1.0,2025-02-22 00:31:00
OP105000,W0401,,,27.0,0.0,2025-02-22 04:36:00
OP105001,W0126,Night,D,17.0,1.0,2025-02-18 15:43:00
OP105002,W0246,,Z,10.0,1.0,2025-01-18 01:32:00
OP105003,W0130,Mornng,E,27.0,1.0,2025-05-12 14:37:00
OP105004,W0469,,A,13.0,1.0,2025-05-14 04:57:00
OP105005,W0029,,D,47.0,,2025-03-21 03:08:00
OP105006,W0496,Night,A,21.0,1.0,2025-01-12 10:06:00
OP105007,W0125,Mornng,B,37.0,1.0,2025-05-18 08:30:00
OP105008,W0474,Night,E,38.0,1.0,2025-01-23 02:22:00
OP105009,W0037,,Z,21.0,1.0,2025-05-17 03:34:00
OP105010,W0459,Night,B,45.0,0.0,2025-06-26 17:23:00
OP105011,W0299,,C,38.0,1.0,2025-06-22 10:14:00
OP105012,W0039,Night,,22.0,0.0,2025-03-20 18:26:00
OP105013,W0122,,B,43.0,1.0,2025-05-09 02:01:00
OP105014,W0205,Night,Z,19.0,2.0,2025-06-27 23:50:00
OP105015,W0385,,Z,16.0,1.0,2025-05-03 17:18:00
OP105016,W0355,Evening,Z,3.0,1.0,2025-02-14 11:57:00
OP105017,W0184,Morning,D,9.0,,2025-02-16 08:04:00
OP105018,W0068,Night,C,14.0,1.0,2025-01-12 21:17:00
OP105019,W0029,Night,E,44.0,2.0,2025-06-09 17:21:00
OP105020,W0094,Night,,45.0,,2025-06-15 07:12:00
OP105021,W0172,Morning,Z,40.0,1.0,2025-06-29 18:39:00
OP105022,W0183,Night,B,22.0,0.0,2025-04-11 08:39:00
OP105023,W0178,Evening,B,46.0,2.0,2025-01-16 08:57:00
OP105024,W0151,Evening,B,0.0,,2025-06-27 09:03:00
OP105025,W0308,Night,Z,39.0,1.0,2025-03-19 05:21:00
OP105026,W0252,Mornng,,36.0,1.0,2025-03-16 20:42:00
OP105027,W0095,,E,27.0,0.0,2025-05-12 02:52:00
OP105028,W0199,,B,17.0,1.0,2025-01-19 22:04:00
OP105029,W0126,Night,E,20.0,1.0,2025-04-27 23:31:00
OP105030,W0467,Mornng,A,38.0,,2025-01-07 12:14:00
OP105031,W0403,,E,46.0,1.0,2025-05-11 12:20:00
OP105032,W0216,,A,3.0,2.0,2025-06-24 11:07:00
OP105033,W0382,,C,43.0,2.0,2025-04-07 10:25:00
OP105034,W0004,Morning,D,10.0,1.0,2025-01-24 04:57:00
OP105035,W0398,Mornng,D,32.0,,2025-03-17 05:23:00
OP105036,W0293,,C,19.0,1.0,2025-02-02 21:30:00
OP105037,W0336,,A,26.0,0.0,2025-03-14 09:01:00
OP105038,W0217,,B,37.0,0.0,2025-02-15 10:43:00
OP105039,W0008,,E,26.0,2.0,2025-04-06 19:20:00
OP105040,W0018,Mornng,D,,2.0,2025-03-02 13:48:00
OP105041,W0295,,E,33.0,0.0,2025-03-16 14:49:00
OP105042,W0133,Evening,A,5.0,,2025-01-16 08:20:00
OP105043,W0028,Night,C,23.0,1.0,2025-02-12 10:14:00
OP105044,W0403,Evening,,2.0,1.0,2025-03-06 22:04:00
OP105045,W0200,Night,A,10.0,1.0,2025-01-04 10:05:00
OP105046,,Night,Z,40.0,0.0,2025-01-21 22:50:00
OP105047,W0450,Evening,B,5.0,2.0,2025-02-09 16:30:00
OP105048,W0483,Morning,B,40.0,0.0,2025-03-01 19:06:00
OP105049,W0086,Mornng,B,30.0,0.0,2025-01-20 16:02:00
OP105050,W0447,Mornng,D,24.0,2.0,2025-05-18 23:44:00
OP105051,W0330,,,-5.0,,2025-05-22 23:38:00
OP105052,W0041,,Z,1.0,0.0,2025-04-06 01:26:00
OP105053,W0416,Mornng,D,14.0,2.0,2025-06-18 13:22:00
OP105054,W0297,Mornng,,16.0,0.0,2025-02-05 13:25:00
OP105055,W0178,Mornng,B,-5.0,2.0,2025-06-19 02:20:00
OP105056,W0328,Night,D,26.0,,2025-02-15 12:07:00
OP105057,W0071,,E,17.0,1.0,2025-01-12 22:07:00
OP105058,W0062,,E,24.0,,2025-05-13 15:09:00
OP105059,W0214,,D,33.0,1.0,2025-05-07 17:17:00
OP105060,W0021,,E,38.0,1.0,2025-06-06 14:45:00
OP105061,W0494,Mornng,,27.0,2.0,2025-04-25 05:36:00
OP105062,W0059,Mornng,E,3.0,2.0,2025-06-18 15:44:00
OP105063,W0294,Evening,,0.0,2.0,2025-05-23 19:43:00
OP105064,W0495,,D,8.0,1.0,2025-05-21 17:26:00
OP105065,W0148,,C,10.0,0.0,2025-03-28 05:33:00
OP105066,W0462,Evening,D,23.0,2.0,2025-05-20 17:48:00
OP105067,W0360,,,17.0,,2025-02-23 09:07:00
OP105068,W0018,Mornng,,35.0,,2025-02-18 05:02:00
OP105069,W0363,,E,31.0,1.0,2025-05-12 15:57:00
OP105070,W0008,Morning,D,18.0,2.0,2025-06-11 13:15:00
OP105071,W0484,,B,29.0,1.0,2025-04-22 20:56:00
OP105072,W0393,,B,1.0,,2025-03-15 09:21:00
OP105073,W0479,Mornng,Z,49.0,2.0,2025-04-06 17:11:00
OP105074,W0280,,C,31.0,2.0,2025-06-06 09:46:00
OP105075,W0265,Morning,B,45.0,,2025-04-06 06:18:00
OP105076,W0291,,B,29.0,1.0,2025-03-23 08:01:00
OP105077,,,D,14.0,,2025-06-04 07:25:00
OP105078,W0059,,,11.0,2.0,2025-05-12 08:57:00
OP105079,W0450,Evening,C,12.0,0.0,2025-04-10 23:11:00
OP105080,W0275,,,40.0,,2025-03-09 08:48:00
OP105081,W0361,Evening,B,42.0,,2025-04-06 15:17:00
OP105082,W0172,Evening,Z,18.0,,2025-02-26 20:58:00
OP105083,W0054,,,34.0,,2025-03-03 15:07:00
OP105084,W0200,Evening,E,37.0,,2025-02-16 07:49:00
OP105085,W0399,Night,A,34.0,1.0,2025-02-01 04:30:00
OP105086,W0471,,Z,,0.0,2025-03-03 04:22:00
OP105087,W0106,Night,D,28.0,,2025-06-14 16:10:00
OP105088,W0309,Night,B,19.0,1.0,2025-03-03 00:54:00
OP105089,W0103,Evening,C,4.0,2.0,2025-05-12 05:42:00
OP105090,W0162,Mornng,B,30.0,,2025-04-30 01:37:00
OP105091,W0369,Mornng,D,48.0,,2025-02-28 06:24:00
OP105092,W0071,Night,E,19.0,1.0,2025-01-08 22:59:00
OP105093,W0172,Morning,E,3.0,,2025-04-08 00:02:00
OP105094,W0495,Mornng,,43.0,0.0,2025-05-31 16:20:00
OP105095,W0164,Morning,D,22.0,0.0,2025-05-16 09:22:00
OP105096,W0272,Night,E,37.0,0.0,2025-04-17 19:56:00
OP105097,W0360,Morning,Z,39.0,,2025-05-06 11:06:00
OP105098,W0088,,A,,1.0,2025-01-06 03:44:00
OP105099,W0241,Mornng,C,13.0,,2025-02-01 02:52:00
OP105100,W0207,Morning,,27.0,0.0,2025-01-10 03:55:00
OP105101,W0003,,,14.0,,2025-05-30 07:02:00
OP105102,W0037,Evening,E,16.0,1.0,2025-05-02 14:41:00
OP105103,W0347,Morning,A,4.0,0.0,2025-06-24 19:09:00
OP105104,W0037,,B,30.0,1.0,2025-01-17 06:50:00
OP105105,W0051,Evening,C,17.0,1.0,2025-04-28 07:51:00
OP105106,W0292,Morning,,38.0,1.0,2025-05-22 08:54:00
OP105107,W0480,Mornng,D,25.0,2.0,2025-04-05 09:51:00
OP105108,W0117,,,32.0,0.0,2025-05-22 10:37:00
OP105109,W0040,Night,D,7.0,,2025-02-23 11:46:00
OP105110,W0213,,Z,24.0,0.0,2025-03-17 17:49:00
OP105111,W0327,Night,A,21.0,2.0,2025-05-31 09:58:00
OP105112,W0443,Night,B,33.0,2.0,2025-04-10 14:34:00
OP105113,W0381,,C,28.0,2.0,2025-06-28 17:09:00
OP105114,W0425,Night,A,20.0,,2025-03-29 21:06:00
OP105115,W0333,Mornng,Z,26.0,2.0,2025-05-20 06:40:00
OP105116,W0249,Mornng,E,17.0,0.0,2025-03-30 17:44:00
OP105117,W0200,Morning,B,10.0,0.0,2025-01-09 23:48:00
OP105118,W0415,Evening,Z,7.0,0.0,2025-05-24 02:35:00
OP105119,W0167,,A,49.0,1.0,2025-06-22 11:46:00
OP105120,W0111,,,-5.0,0.0,2025-02-18 00:15:00
OP105121,W0347,,C,14.0,0.0,2025-04-27 04:31:00
OP105122,W0170,,A,35.0,1.0,2025-04-08 20:31:00
OP105123,W0249,,A,33.0,1.0,2025-02-18 03:31:00
OP105124,W0116,,E,15.0,0.0,2025-06-04 18:59:00
OP105125,W0412,,C,31.0,0.0,2025-01-02 00:02:00
OP105126,W0312,Evening,D,30.0,,invalid_date
OP105127,W0434,Mornng,B,26.0,1.0,2025-02-28 06:48:00
OP105128,W0256,,,3.0,,2025-05-18 04:42:00
OP105129,W0409,Mornng,A,-5.0,1.0,2025-01-27 10:35:00
OP105130,W0339,Night,D,38.0,2.0,2025-01-17 04:29:00
OP105131,W0172,,,0.0,2.0,2025-06-03 14:42:00
OP105132,W0344,Morning,B,9.0,,2025-01-12 12:28:00
OP105133,W0163,Mornng,D,41.0,1.0,2025-01-08 00:45:00
OP105134,W0252,,Z,35.0,,invalid_date
OP105135,W0423,Mornng,,30.0,1.0,2025-03-30 19:58:00
OP105136,W0433,Evening,A,0.0,,2025-04-22 19:11:00
OP105137,W0301,Evening,D,2.0,2.0,2025-04-03 09:20:00
OP105138,W9999,Night,D,26.0,,2025-04-17 07:22:00
OP105139,W0380,Night,,14.0,2.0,2025-06-10 07:25:00
OP105140,W0292,Night,Z,2.0,,2025-02-01 02:18:00
OP105141,W0020,Morning,A,24.0,2.0,2025-05-09 04:13:00
OP105142,W0330,Morning,D,2.0,2.0,2025-01-28 13:20:00
OP105143,W0361,Mornng,C,46.0,1.0,2025-04-25 05:45:00
OP105144,W0033,,D,7.0,,invalid_date
OP105145,W0487,Night,C,48.0,0.0,2025-04-20 16:42:00
OP105146,W0262,,D,7.0,1.0,2025-01-18 22:56:00
OP105147,W0344,Mornng,B,20.0,0.0,2025-06-08 00:23:00
OP105148,W0019,Morning,B,4.0,0.0,invalid_date
OP105149,W0156,Morning,,37.0,2.0,2025-01-18 11:25:00
OP105150,W0387,Night,,30.0,0.0,2025-03-04 12:01:00
OP105151,W0133,,A,24.0,,2025-02-07 11:42:00
OP105152,W0270,Evening,A,46.0,2.0,2025-03-01 15:54:00
OP105153,W0058,Evening,Z,12.0,2.0,2025-03-24 23:10:00
OP105154,W0240,,Z,23.0,,2025-03-23 00:08:00
OP105155,W0357,Mornng,C,8.0,0.0,2025-04-14 06:11:00
OP105156,W0017,,E,45.0,0.0,2025-06-18 23:45:00
OP105157,W0394,,,13.0,0.0,2025-04-22 05:39:00
OP105158,W0443,Evening,C,25.0,1.0,2025-01-19 09:45:00
OP105159,W0280,Mornng,E,39.0,2.0,2025-04-10 11:31:00
OP105160,W0054,,A,29.0,1.0,2025-02-15 13:37:00
OP105161,W0065,Morning,,2.0,,2025-01-13 23:56:00
OP105162,W0358,Mornng,A,8.0,,invalid_date
OP105163,W0166,Morning,,34.0,1.0,2025-02-17 08:56:00
OP105164,W0038,,E,18.0,2.0,2025-02-21 05:08:00
OP105165,W0279,Morning,C,40.0,0.0,2025-06-26 18:00:00
OP105166,W0179,Morning,E,33.0,,2025-02-20 21:57:00
OP105167,W0305,Evening,E,42.0,1.0,2025-02-04 10:26:00
OP105168,W0018,Night,A,1.0,2.0,2025-03-17 18:24:00
OP105169,W0146,,B,15.0,2.0,2025-01-14 10:29:00
OP105170,W0151,,A,1.0,0.0,2025-05-03 07:21:00
OP105171,W0126,Night,D,31.0,2.0,2025-02-08 16:44:00
OP105172,W0290,,A,46.0,2.0,2025-01-17 14:09:00
OP105173,W0464,,Z,22.0,0.0,2025-04-09 19:29:00
OP105174,W0417,Night,A,34.0,2.0,2025-01-13 07:31:00
OP105175,W0104,Evening,C,20.0,1.0,2025-05-27 16:47:00
OP105176,W0309,Night,,,,2025-06-16 14:13:00
OP105177,W0057,Mornng,D,20.0,,2025-03-17 14:44:00
OP105178,W0227,Evening,D,32.0,,2025-03-16 16:09:00
OP105179,W0492,Morning,A,21.0,,2025-06-27 13:21:00
OP105180,W0160,Night,B,28.0,1.0,2025-03-25 07:28:00
OP105181,W0146,Night,A,21.0,2.0,2025-04-06 06:18:00
OP105182,W0140,Mornng,B,,1.0,2025-04-29 04:46:00
OP105183,W0232,Mornng,,45.0,2.0,2025-05-25 02:50:00
OP105184,W0198,,,17.0,2.0,2025-01-19 06:08:00
OP105185,W0388,,,-5.0,1.0,2025-02-16 12:15:00
OP105186,W0336,Mornng,C,41.0,1.0,2025-02-09 17:38:00
OP105187,W0279,,Z,10.0,1.0,2025-01-13 10:54:00
OP105188,W0229,Morning,B,18.0,,2025-04-03 12:30:00
OP105189,W0270,,D,7.0,0.0,2025-04-19 17:15:00
OP105190,W0365,Evening,A,49.0,2.0,2025-02-01 00:59:00
OP105191,W0237,Mornng,A,18.0,2.0,2025-05-19 04:51:00
OP105192,W0465,Morning,E,3.0,2.0,2025-05-14 02:28:00
OP105193,W0146,,,5.0,,2025-05-31 16:20:00
OP105194,W0131,Mornng,Z,4.0,2.0,2025-03-31 22:41:00
OP105195,W0148,Night,C,1.0,,2025-04-26 15:02:00
OP105196,W0011,Night,E,0.0,2.0,2025-03-26 04:49:00
OP105197,W0137,Mornng,Z,21.0,1.0,2025-06-22 22:14:00
OP105198,W0474,Night,E,31.0,,2025-06-02 22:46:00
OP105199,W0066,,E,40.0,2.0,2025-06-11 03:44:00
OP105200,W0241,Evening,C,45.0,0.0,2025-05-11 03:01:00
OP105201,W0454,,E,15.0,1.0,2025-05-08 18:21:00
OP105202,W0484,,E,36.0,2.0,2025-06-20 15:21:00
OP105203,W0001,,,18.0,1.0,2025-04-22 20:07:00
OP105204,W0100,Morning,E,42.0,1.0,2025-04-22 21:20:00
OP105205,W0181,Morning,C,1.0,2.0,2025-03-15 06:21:00
OP105206,W0450,Morning,C,0.0,2.0,2025-05-06 14:52:00
OP105207,W0035,,E,23.0,,2025-04-08 21:43:00
OP105208,W0456,,A,24.0,,2025-01-21 06:55:00
OP105209,W0357,Morning,,42.0,1.0,2025-03-10 03:41:00
OP105210,W0301,Morning,Z,40.0,1.0,2025-03-11 16:22:00
OP105211,W0315,,E,45.0,1.0,2025-05-08 02:15:00
OP105212,W0421,Mornng,E,44.0,2.0,2025-02-15 09:06:00
OP105213,W0388,Evening,E,6.0,,2025-04-10 11:55:00
OP105214,W0435,Morning,D,18.0,2.0,2025-06-23 21:19:00
OP105215,W0060,Morning,A,32.0,2.0,2025-01-15 01:17:00
OP105216,W0115,,A,20.0,0.0,2025-01-31 22:10:00
OP105217,W0334,Night,A,7.0,,2025-06-05 12:34:00
OP105218,W0117,Mornng,A,46.0,2.0,2025-04-21 17:42:00
OP105219,W0433,Morning,D,49.0,0.0,2025-03-04 00:16:00
OP105220,W0282,Mornng,Z,45.0,,2025-03-11 04:12:00
OP105221,W0016,Night,D,37.0,1.0,2025-06-25 11:48:00
OP105222,W0404,Night,D,0.0,0.0,2025-02-17 22:08:00
OP105223,W0261,Morning,B,18.0,,2025-03-04 10:20:00
OP105224,W0148,Evening,B,18.0,2.0,2025-02-28 10:40:00
OP105225,W0499,Morning,D,8.0,,2025-04-27 17:06:00
OP105226,W0238,,A,44.0,,2025-04-16 00:51:00
OP105227,W0225,Morning,A,45.0,,2025-01-01 17:10:00
OP105228,W0076,,E,48.0,0.0,2025-03-14 18:33:00
OP105229,W0091,Morning,E,14.0,1.0,2025-04-14 21:29:00
OP105230,W0213,Night,B,15.0,2.0,2025-02-13 21:08:00
OP105231,W0408,Evening,Z,0.0,1.0,2025-03-07 06:13:00
OP105232,W0212,Evening,Z,23.0,0.0,2025-03-19 06:06:00
OP105233,W0315,Night,C,30.0,1.0,2025-04-23 19:32:00
OP105234,W0017,Night,A,44.0,,2025-05-18 17:59:00
OP105235,W0307,Mornng,B,49.0,1.0,2025-05-04 17:51:00
OP105236,W0384,Night,B,30.0,0.0,2025-04-16 15:35:00
OP105237,W0015,Evening,Z,21.0,1.0,2025-01-13 22:58:00
OP105238,W0486,Evening,D,26.0,,2025-01-30 10:05:00
OP105239,W0013,Night,B,2.0,2.0,2025-05-23 08:15:00
OP105240,W0087,Mornng,Z,48.0,2.0,2025-04-09 00:12:00
OP105241,W0113,Morning,Z,32.0,,invalid_date
OP105242,W0200,,E,14.0,1.0,2025-04-03 23:46:00
OP105243,W0352,,B,8.0,,2025-05-11 14:13:00
OP105244,W0085,Mornng,E,41.0,1.0,2025-06-22 18:19:00
OP105245,W0091,Evening,B,20.0,1.0,2025-04-15 18:58:00
OP105246,W0233,Morning,C,49.0,0.0,2025-03-07 20:30:00
OP105247,W0092,Evening,,28.0,0.0,2025-06-08 13:00:00
OP105248,W0013,Night,A,27.0,1.0,2025-04-22 17:44:00
OP105249,W0492,Mornng,,31.0,2.0,2025-04-19 15:12:00
OP105250,W0396,Evening,E,37.0,,2025-01-16 10:01:00
OP105251,W0411,,B,49.0,2.0,2025-01-24 20:07:00
OP105252,W0180,Morning,C,23.0,1.0,2025-01-06 22:06:00
OP105253,W0307,Night,,22.0,,2025-02-13 16:41:00
OP105254,W0098,Mornng,D,0.0,,2025-04-24 04:47:00
OP105255,W0010,,A,35.0,0.0,2025-05-04 08:18:00
OP105256,W0080,,Z,17.0,1.0,2025-06-05 20:29:00
OP105257,W0257,Mornng,E,12.0,0.0,2025-02-28 17:43:00
OP105258,W0182,Evening,,18.0,1.0,2025-01-26 19:48:00
OP105259,W0195,Evening,C,26.0,1.0,2025-06-19 14:26:00
OP105260,W0089,Morning,,10.0,,2025-03-12 18:31:00
OP105261,W0443,Evening,E,26.0,,2025-04-09 07:02:00
OP105262,W0242,,A,14.0,,2025-04-08 03:57:00
OP105263,W0061,,,10.0,2.0,2025-03-01 07:45:00
OP105264,W0141,,A,29.0,1.0,2025-04-03 17:21:00
OP105265,,Night,D,24.0,2.0,2025-06-21 09:48:00
OP105266,W0371,Morning,D,27.0,,2025-02-16 15:23:00
OP105267,W0077,Morning,B,26.0,,2025-03-05 18:16:00
OP105268,W0323,Evening,D,40.0,1.0,2025-04-01 00:23:00
OP105269,W0409,Mornng,A,8.0,,2025-03-19 20:23:00
OP105270,W0465,Morning,E,41.0,1.0,2025-03-15 14:40:00
OP105271,W0435,Evening,D,43.0,1.0,2025-01-02 11:02:00
OP105272,W0408,Evening,C,29.0,,2025-04-15 11:30:00
OP105273,W0183,Mornng,B,44.0,,2025-04-23 10:06:00
OP105274,W0197,Mornng,E,47.0,2.0,2025-02-23 19:37:00
OP105275,W0459,Evening,B,18.0,1.0,2025-01-18 06:54:00
OP105276,W0170,Evening,C,46.0,2.0,2025-03-26 11:24:00
OP105277,W0272,Morning,Z,33.0,0.0,2025-06-11 09:38:00
OP105278,W0304,,C,19.0,0.0,2025-01-25 09:28:00
OP105279,W0361,Evening,A,48.0,,2025-01-08 16:49:00
OP105280,W0219,,B,47.0,,2025-02-19 05:32:00
OP105281,W0341,Night,Z,11.0,1.0,2025-04-27 21:16:00
OP105282,W0479,,D,34.0,1.0,2025-02-15 00:05:00
OP105283,W0348,Evening,E,49.0,2.0,2025-03-14 14:08:00
OP105284,W0465,Evening,B,25.0,2.0,2025-04-20 17:18:00
OP105285,W0138,,,22.0,0.0,2025-06-21 08:14:00
OP105286,W0203,,,36.0,2.0,2025-01-24 23:11:00
OP105287,W0320,Morning,A,27.0,1.0,2025-04-06 19:08:00
OP105288,W0203,Mornng,,4.0,,2025-03-19 06:00:00
OP105289,W0475,Night,,42.0,1.0,2025-01-29 10:17:00
OP105290,W0089,,B,44.0,2.0,2025-02-14 14:40:00
OP105291,W0065,Mornng,E,19.0,2.0,2025-06-18 17:33:00
OP105292,W0149,Morning,D,43.0,1.0,invalid_date
OP105293,W0489,Mornng,E,-5.0,1.0,2025-05-12 23:14:00
OP105294,W0337,Morning,,41.0,0.0,2025-02-18 10:53:00
OP105295,W0159,,Z,36.0,1.0,2025-04-09 08:29:00
OP105296,W0056,,C,40.0,2.0,2025-05-16 13:53:00
OP105297,W0390,,D,17.0,2.0,2025-04-17 00:28:00
OP105298,W0028,,D,22.0,0.0,2025-05-26 02:04:00
OP105299,W0425,Evening,Z,49.0,1.0,2025-03-01 22:13:00
OP105300,W0391,Evening,,7.0,2.0,2025-06-07 11:44:00
OP105301,W0409,Mornng,E,11.0,2.0,invalid_date
OP105302,W0204,Mornng,A,23.0,2.0,2025-01-19 22:45:00
OP105303,W0154,Mornng,C,21.0,2.0,2025-06-11 13:48:00
OP105304,W0397,,D,30.0,,invalid_date
OP105305,W0071,,,2.0,,invalid_date
OP105306,W0412,Night,B,20.0,1.0,2025-05-09 05:39:00
OP105307,W0076,,A,27.0,,2025-03-02 05:44:00
OP105308,W0417,Mornng,C,45.0,,2025-05-24 13:34:00
OP105309,W0204,Morning,D,1.0,2.0,2025-05-10 21:07:00
OP105310,W0024,,,11.0,,2025-06-03 21:16:00
OP105311,W0286,Evening,E,16.0,2.0,2025-03-20 00:44:00
OP105312,W0115,,C,29.0,,2025-01-26 04:05:00
OP105313,,Mornng,B,19.0,,2025-03-05 02:40:00
OP105314,W0369,,C,2.0,,2025-06-11 08:42:00
OP105315,W0210,,Z,13.0,2.0,2025-01-09 13:48:00
OP105316,W0289,,Z,30.0,2.0,2025-05-25 08:05:00
OP105317,W0307,Evening,C,14.0,,2025-04-03 11:36:00
OP105318,W0168,,E,38.0,,2025-06-03 17:21:00
OP105319,W0425,Evening,B,4.0,0.0,2025-04-24 18:05:00
OP105320,W0352,Night,E,46.0,2.0,2025-05-27 13:24:00
OP105321,W0469,,,6.0,0.0,2025-06-06 14:07:00
OP105322,W0144,Night,B,26.0,,2025-01-09 01:44:00
OP105323,W0428,Morning,E,24.0,2.0,2025-03-31 05:37:00
OP105324,W0236,Mornng,B,34.0,2.0,2025-05-28 07:39:00
OP105325,W0412,Morning,C,42.0,,2025-05-28 22:46:00
OP105326,W0175,Night,E,21.0,0.0,2025-03-22 00:45:00
OP105327,W0201,Mornng,E,34.0,0.0,2025-06-26 14:23:00
OP105328,W0292,Night,A,8.0,2.0,2025-02-09 03:24:00
OP105329,W0257,Evening,D,10.0,0.0,2025-04-21 02:19:00
OP105330,W0375,,C,9.0,2.0,2025-05-07 15:16:00
OP105331,W0396,Mornng,E,17.0,1.0,2025-01-27 14:59:00
OP105332,W0239,Evening,E,5.0,1.0,2025-05-26 21:48:00
OP105333,W0448,Evening,Z,25.0,2.0,2025-04-05 18:42:00
OP105334,W0204,Night,,28.0,,2025-06-15 18:13:00
OP105335,W0270,Mornng,A,32.0,,2025-02-27 04:41:00
OP105336,W0072,,,3.0,,2025-02-07 20:53:00
OP105337,W0372,,C,27.0,2.0,2025-01-07 09:42:00
OP105338,W0267,Evening,Z,45.0,0.0,2025-03-26 20:59:00
OP105339,W0342,Night,E,13.0,0.0,2025-02-10 19:15:00
OP105340,W0154,,E,39.0,0.0,2025-06-22 00:31:00
OP105341,W0182,Night,E,21.0,2.0,2025-04-17 18:58:00
OP105342,W0205,Evening,D,22.0,,2025-04-18 10:34:00
OP105343,W0423,Mornng,B,6.0,,2025-01-23 11:26:00
OP105344,W0057,,,22.0,2.0,2025-05-09 06:17:00
OP105345,W0135,,,47.0,1.0,2025-03-07 18:18:00
OP105346,W0442,,B,3.0,,2025-04-24 15:09:00
OP105347,W0467,,C,2.0,0.0,2025-03-17 17:00:00
OP105348,W0351,,,11.0,1.0,2025-06-02 07:49:00
OP105349,W0016,Morning,C,48.0,1.0,2025-06-04 05:05:00
OP105350,W0414,,E,-5.0,2.0,2025-05-30 03:39:00
OP105351,W0257,,E,2.0,1.0,2025-01-09 07:11:00
OP105352,W0264,,E,4.0,0.0,2025-04-25 07:41:00
OP105353,W0419,,E,2.0,,2025-06-28 20:54:00
OP105354,W0140,,B,7.0,0.0,2025-03-21 13:25:00
OP105355,W0163,Night,B,21.0,0.0,2025-04-17 15:43:00
OP105356,W0033,Morning,B,21.0,0.0,2025-05-14 10:37:00
OP105357,W0318,Morning,B,37.0,0.0,invalid_date
OP105358,W0321,Mornng,D,16.0,1.0,2025-01-05 00:29:00
OP105359,W0251,Morning,B,27.0,,2025-01-04 16:16:00
OP105360,W0088,Morning,,18.0,1.0,2025-06-18 07:50:00
OP105361,W0240,Mornng,,22.0,1.0,2025-05-15 05:26:00
OP105362,W0188,Morning,D,9.0,0.0,2025-04-26 12:27:00
OP105363,W0317,,A,36.0,,2025-03-24 13:01:00
OP105364,W0339,Mornng,Z,16.0,0.0,2025-06-29 19:50:00
OP105365,W0002,,C,15.0,,2025-03-29 06:57:00
OP105366,W0072,,A,45.0,0.0,2025-06-28 23:30:00
OP105367,W0161,Evening,,46.0,1.0,2025-03-23 05:17:00
OP105368,W0274,,E,42.0,1.0,2025-01-25 00:46:00
OP105369,W0250,Morning,C,31.0,2.0,2025-01-24 02:45:00
OP105370,W0347,,B,-5.0,1.0,2025-06-23 11:40:00
OP105371,W0143,,E,29.0,1.0,2025-01-20 06:40:00
OP105372,W0295,Mornng,E,27.0,2.0,2025-05-18 07:46:00
OP105373,W0140,Night,A,24.0,0.0,2025-03-17 23:20:00
OP105374,W0276,Night,,2.0,1.0,2025-04-30 05:23:00
OP105375,W0054,,A,4.0,1.0,2025-03-10 20:21:00
OP105376,W0102,Mornng,C,36.0,1.0,2025-02-21 21:09:00
OP105377,W0143,,C,37.0,0.0,2025-04-07 15:42:00
OP105378,W0162,,C,49.0,2.0,2025-02-16 12:15:00
OP105379,W0179,Mornng,C,20.0,2.0,2025-01-09 06:51:00
OP105380,W0492,Evening,C,26.0,,2025-03-21 22:12:00
OP105381,W0180,Evening,B,1.0,0.0,2025-02-02 17:25:00
OP105382,W0414,Morning,Z,39.0,,2025-05-31 16:27:00
OP105383,W0412,Morning,Z,23.0,1.0,2025-02-17 04:32:00
OP105384,W0398,Evening,A,33.0,2.0,2025-04-15 11:08:00
OP105385,W0424,,Z,41.0,1.0,2025-03-31 16:15:00
OP105386,W0075,,,21.0,2.0,2025-02-09 16:01:00
OP105387,W0075,Evening,C,27.0,2.0,2025-03-29 20:27:00
OP105388,W0010,Morning,C,19.0,0.0,2025-02-05 08:40:00
OP105389,W0414,,B,30.0,1.0,2025-03-17 00:45:00
OP105390,W0333,Mornng,C,13.0,,2025-06-09 15:28:00
OP105391,W0118,,,11.0,2.0,2025-06-18 00:10:00
OP105392,W0177,Mornng,E,44.0,2.0,2025-04-23 16:04:00
OP105393,W0182,,,5.0,1.0,2025-01-18 10:54:00
OP105394,W0050,,C,8.0,2.0,2025-03-22 05:45:00
OP105395,W0231,,E,38.0,1.0,2025-03-15 18:14:00
OP105396,W0443,Morning,Z,34.0,2.0,2025-06-15 12:31:00
OP105397,W0482,Evening,B,36.0,1.0,2025-05-05 09:24:00
OP105398,W0318,,B,18.0,1.0,invalid_date
OP105399,W0308,Mornng,A,3.0,0.0,2025-04-24 04:03:00
OP105400,W0383,Night,E,16.0,,2025-03-22 01:17:00
OP105401,W0334,Evening,A,37.0,2.0,2025-03-01 08:35:00
OP105402,W0265,,B,48.0,1.0,2025-02-13 08:19:00
OP105403,W0071,,D,24.0,0.0,2025-01-04 00:16:00
OP105404,W0098,,C,2.0,0.0,2025-02-26 18:17:00
OP105405,W0104,Evening,A,3.0,,2025-03-16 07:44:00
OP105406,W0019,Evening,C,19.0,1.0,2025-03-22 12:33:00
OP105407,W0472,Mornng,B,42.0,1.0,2025-01-02 08:50:00
OP105408,W0035,Evening,B,19.0,2.0,2025-01-16 21:44:00
OP105409,W0469,Night,C,47.0,0.0,2025-06-26 08:27:00
OP105410,W0037,Mornng,A,49.0,2.0,2025-03-06 10:16:00
OP105411,W0160,Morning,B,48.0,0.0,2025-06-21 10:23:00
OP105412,W0458,,Z,44.0,2.0,2025-01-31 15:00:00
OP105413,W0056,Mornng,A,37.0,2.0,2025-01-05 06:53:00
OP105414,W0372,Evening,A,48.0,1.0,2025-02-15 14:19:00
OP105415,W0365,Morning,D,27.0,0.0,2025-05-04 06:34:00
OP105416,W0486,,C,4.0,2.0,2025-01-14 13:25:00
OP105417,W0090,,,46.0,1.0,2025-01-12 07:11:00
OP105418,W0462,Morning,,46.0,0.0,2025-01-05 11:06:00
OP105419,W0439,Morning,E,32.0,1.0,2025-04-19 09:14:00
OP105420,W0183,,,43.0,1.0,2025-01-30 01:52:00
OP105421,W0001,,Z,11.0,,2025-06-18 12:44:00
OP105422,W0324,,,2.0,0.0,2025-03-19 01:13:00
OP105423,W0240,Morning,,5.0,2.0,2025-01-22 20:25:00
OP105424,W0050,Mornng,D,9.0,,2025-05-27 11:45:00
OP105425,W0171,Mornng,A,22.0,,2025-03-28 07:04:00
OP105426,W0242,Evening,D,4.0,,2025-03-14 04:02:00
OP105427,W0352,Night,C,25.0,2.0,2025-03-08 04:30:00
OP105428,W0034,,B,42.0,2.0,2025-04-04 20:09:00
OP105429,W0339,,,7.0,0.0,2025-04-24 00:29:00
OP105430,W0160,Evening,C,35.0,1.0,2025-03-13 17:21:00
OP105431,W0497,Morning,Z,10.0,0.0,2025-04-03 07:15:00
OP105432,W0478,Evening,,3.0,1.0,2025-06-01 04:21:00
OP105433,W0283,Morning,Z,27.0,2.0,2025-02-12 12:11:00
OP105434,W0049,Evening,C,30.0,0.0,2025-03-13 09:48:00
OP105435,W0055,Night,E,11.0,,2025-03-10 13:38:00
OP105436,W0073,Mornng,D,25.0,1.0,2025-05-03 17:11:00
OP105437,W0301,,A,42.0,2.0,2025-02-04 18:14:00
OP105438,W0326,Evening,Z,15.0,2.0,2025-06-20 08:05:00
OP105439,W0150,Night,,17.0,0.0,2025-05-09 05:18:00
OP105440,W0070,Evening,E,-5.0,2.0,2025-03-19 05:37:00
OP105441,W0252,Morning,A,8.0,,2025-03-30 10:20:00
OP105442,W0010,Evening,D,27.0,0.0,2025-05-16 23:05:00
OP105443,W0171,Morning,D,10.0,0.0,2025-04-22 08:45:00
OP105444,W0117,Night,Z,-5.0,,2025-05-25 20:44:00
OP105445,W0027,Morning,C,17.0,1.0,2025-01-15 21:02:00
OP105446,W0090,,B,9.0,,2025-06-19 14:22:00
OP105447,W0398,Night,,33.0,,2025-04-06 12:59:00
OP105448,W0115,,E,2.0,1.0,2025-03-24 13:00:00
OP105449,W0348,Night,Z,13.0,0.0,2025-01-18 20:02:00
OP105450,W0025,Evening,A,43.0,,2025-02-27 00:52:00
OP105451,W0229,Evening,Z,46.0,2.0,2025-02-22 20:50:00
OP105452,W0301,Evening,E,14.0,1.0,2025-01-22 09:53:00
OP105453,W0268,Night,D,3.0,,2025-03-18 03:16:00
OP105454,W0117,Mornng,Z,36.0,2.0,2025-01-30 06:48:00
OP105455,W0009,Night,,0.0,,2025-05-19 07:03:00
OP105456,W0390,,E,26.0,1.0,2025-02-11 17:57:00
OP105457,W0229,Night,Z,48.0,2.0,2025-03-08 01:45:00
OP105458,W0400,,B,5.0,2.0,2025-05-12 10:48:00
OP105459,W0476,Mornng,D,29.0,2.0,2025-03-17 07:36:00
OP105460,W0445,Mornng,D,10.0,2.0,2025-04-08 13:34:00
OP105461,W0282,Mornng,A,7.0,0.0,2025-05-08 20:43:00
OP105462,W0035,,C,9.0,1.0,2025-02-15 17:40:00
OP105463,W0358,,A,15.0,0.0,2025-04-25 21:00:00
OP105464,W0417,Mornng,C,35.0,2.0,2025-01-11 03:56:00
OP105465,W0369,Night,C,29.0,0.0,2025-02-25 08:58:00
OP105466,W0479,Morning,B,1.0,2.0,2025-02-23 00:24:00
OP105467,W0201,Morning,Z,18.0,2.0,2025-02-18 12:00:00
OP105468,W0373,,,3.0,1.0,2025-02-21 07:33:00
OP105469,W0169,Mornng,Z,44.0,0.0,2025-01-11 13:14:00
OP105470,W0168,,D,32.0,0.0,2025-05-28 20:45:00
OP105471,W0175,Morning,D,1.0,0.0,2025-05-09 21:42:00
OP105472,W0091,Morning,,11.0,0.0,2025-04-10 06:35:00
OP105473,W0454,,A,28.0,2.0,2025-02-27 22:36:00
OP105474,W0134,Mornng,E,27.0,,2025-01-24 12:57:00
OP105475,W0009,,,26.0,0.0,2025-05-30 17:21:00
OP105476,W0006,Mornng,B,22.0,1.0,2025-06-13 15:12:00
OP105477,W0236,,B,28.0,2.0,2025-01-26 00:33:00
OP105478,W0372,Morning,D,15.0,0.0,2025-03-16 03:02:00
OP105479,W0129,Morning,A,38.0,0.0,2025-01-21 11:44:00
OP105480,W0133,Mornng,Z,40.0,1.0,2025-04-01 02:25:00
OP105481,W0301,,D,29.0,,2025-05-22 09:36:00
OP105482,W0396,Night,C,4.0,1.0,2025-03-17 08:48:00
OP105483,W0045,,Z,18.0,0.0,invalid_date
OP105484,W0371,Morning,E,40.0,2.0,2025-06-17 11:15:00
OP105485,W0458,,Z,33.0,1.0,2025-01-16 20:48:00
OP105486,W0267,Evening,B,8.0,2.0,2025-04-17 04:12:00
OP105487,W0253,Night,D,22.0,2.0,2025-04-12 16:58:00
OP105488,W0405,Night,A,18.0,1.0,2025-03-11 03:27:00
OP105489,W0381,Morning,B,19.0,2.0,2025-04-09 23:03:00
OP105490,W0010,Evening,D,44.0,2.0,2025-01-14 00:48:00
OP105491,W0041,Night,,40.0,0.0,2025-06-04 09:02:00
OP105492,W0438,Night,B,1.0,0.0,2025-02-21 23:20:00
OP105493,W0014,,Z,46.0,2.0,2025-04-15 05:51:00
OP105494,W0272,,A,13.0,0.0,2025-02-10 06:38:00
OP105495,W0261,Evening,B,38.0,2.0,2025-03-05 04:50:00
OP105496,W0117,,,40.0,2.0,2025-06-11 09:17:00
OP105497,W0009,Mornng,A,15.0,2.0,2025-04-21 01:28:00
OP105498,W0064,Mornng,,49.0,2.0,2025-03-15 15:00:00
OP105499,W0030,Mornng,B,2.0,0.0,2025-04-05 05:18:00
OP105500,W0190,Night,E,7.0,1.0,2025-03-19 22:45:00
OP105501,W0311,Mornng,D,18.0,,2025-05-09 21:43:00
OP105502,W0390,Night,D,40.0,2.0,2025-02-26 19:53:00
OP105503,W0158,,Z,4.0,2.0,2025-04-23 19:37:00
OP105504,W0390,Evening,E,49.0,0.0,2025-05-31 19:09:00
OP105505,W0337,Evening,Z,42.0,2.0,2025-04-27 17:17:00
OP105506,W0345,,,19.0,1.0,2025-02-16 02:31:00
OP105507,W0439,,B,23.0,,2025-01-06 18:12:00
OP105508,W0041,,D,1.0,1.0,2025-02-17 06:55:00
OP105509,W0042,Morning,B,5.0,0.0,2025-06-18 05:39:00
OP105510,W0213,,B,29.0,,2025-01-05 01:36:00
OP105511,W0474,,B,-5.0,,2025-03-26 19:02:00
OP105512,W0033,Evening,D,32.0,2.0,2025-02-07 09:52:00
OP105513,W0214,Evening,E,5.0,0.0,2025-01-02 11:07:00
OP105514,W0484,Mornng,D,22.0,,2025-03-16 02:21:00
OP105515,W0329,Night,E,14.0,,2025-04-10 01:55:00
OP105516,W0387,,A,45.0,0.0,2025-02-20 21:35:00
OP105517,W0445,Night,A,38.0,0.0,2025-01-04 13:12:00
OP105518,W0492,Night,B,31.0,1.0,2025-01-15 03:32:00
OP105519,W0305,Mornng,Z,22.0,0.0,2025-01-19 01:31:00
OP105520,W0445,,A,11.0,,2025-02-14 07:50:00
OP105521,W0461,Night,C,42.0,2.0,2025-05-23 20:50:00
OP105522,W0417,Evening,B,3.0,0.0,2025-03-29 00:33:00
OP105523,W0130,Mornng,,5.0,2.0,2025-03-11 23:32:00
OP105524,W0089,,A,38.0,,2025-01-04 13:00:00
OP105525,W0313,,A,16.0,2.0,2025-02-25 13:39:00
OP105526,W0051,,D,48.0,0.0,2025-05-08 02:10:00
OP105527,W0175,,Z,4.0,0.0,2025-05-28 05:04:00
OP105528,W0476,,A,34.0,0.0,2025-01-06 10:11:00
OP105529,W0023,Mornng,D,48.0,,2025-04-11 06:52:00
OP105530,W0138,,E,23.0,,2025-02-19 03:45:00
OP105531,W0122,Mornng,Z,45.0,1.0,2025-02-17 23:55:00
OP105532,W0416,Morning,D,23.0,0.0,2025-02-25 15:56:00
OP105533,W0152,Evening,E,9.0,1.0,2025-06-14 21:08:00
OP105534,W0374,,B,9.0,2.0,2025-02-01 02:02:00
OP105535,W0488,Mornng,B,6.0,,2025-04-02 12:09:00
OP105536,W0183,Evening,C,48.0,,2025-04-04 20:42:00
OP105537,W0377,,A,34.0,0.0,2025-03-13 21:11:00
OP105538,W0460,Night,Z,33.0,0.0,2025-06-01 17:41:00
OP105539,W0376,Evening,Z,40.0,2.0,2025-06-15 00:17:00
OP105540,W0009,,B,19.0,1.0,2025-03-15 11:40:00
OP105541,W0165,Night,C,38.0,0.0,2025-03-09 03:37:00
OP105542,W0222,Mornng,E,12.0,1.0,2025-04-08 03:47:00
OP105543,W0107,Night,A,16.0,2.0,2025-06-28 00:05:00
OP105544,W0002,,A,24.0,1.0,invalid_date
OP105545,W0052,Morning,,15.0,0.0,2025-03-04 07:13:00
OP105546,W0366,,D,17.0,0.0,invalid_date
OP105547,W0021,Mornng,E,27.0,0.0,2025-03-28 06:46:00
OP105548,W0162,Evening,,18.0,1.0,2025-05-15 19:03:00
OP105549,W0051,,,6.0,2.0,2025-03-05 16:30:00
OP105550,W0401,,D,32.0,0.0,2025-06-14 14:46:00
OP105551,W0493,Morning,D,7.0,1.0,2025-03-13 04:21:00
OP105552,W0217,Morning,Z,,0.0,2025-05-26 23:07:00
OP105553,W0093,,B,22.0,,2025-05-27 14:23:00
OP105554,W0327,Morning,Z,48.0,,2025-05-29 21:56:00
OP105555,W0452,,Z,6.0,2.0,2025-03-25 04:28:00
OP105556,W0420,Morning,B,31.0,0.0,2025-06-24 22:28:00
OP105557,W0367,Mornng,C,28.0,2.0,2025-03-09 02:29:00
OP105558,W0211,,Z,48.0,1.0,2025-02-18 01:12:00
OP105559,W0310,Evening,D,16.0,2.0,2025-02-14 06:08:00
OP105560,W0365,,Z,8.0,0.0,2025-06-29 07:56:00
OP105561,W0211,Morning,Z,32.0,2.0,2025-01-11 13:52:00
OP105562,W0154,Evening,E,,0.0,2025-06-26 02:31:00
OP105563,W0165,Night,C,24.0,0.0,2025-03-21 09:21:00
OP105564,W0241,,E,25.0,1.0,2025-06-28 13:15:00
OP105565,W0028,Night,,31.0,0.0,2025-04-14 06:27:00
OP105566,W0058,Night,A,8.0,2.0,2025-02-09 01:22:00
OP105567,W0455,Mornng,E,,,2025-01-23 07:34:00
OP105568,W0470,Morning,,6.0,2.0,2025-04-07 16:30:00
OP105569,W0028,,,41.0,,2025-03-23 08:11:00
OP105570,W0133,Morning,C,42.0,,invalid_date
OP105571,W0238,Evening,,33.0,,2025-02-25 04:13:00
OP105572,W0176,,Z,8.0,2.0,2025-03-25 04:32:00
OP105573,W0462,Mornng,C,49.0,1.0,2025-03-14 13:41:00
OP105574,W0296,Morning,C,32.0,,2025-01-18 00:05:00
OP105575,W0301,,D,32.0,2.0,2025-01-06 04:38:00
OP105576,W0499,,E,0.0,1.0,2025-03-08 13:08:00
OP105577,W0276,Morning,C,17.0,2.0,2025-06-25 16:35:00
OP105578,W0225,,D,36.0,0.0,2025-02-09 00:52:00
OP105579,W0306,,D,19.0,,2025-03-01 10:08:00
OP105580,W0199,,Z,13.0,1.0,2025-02-22 18:31:00
OP105581,W0066,,D,48.0,,2025-03-09 09:14:00
OP105582,W0262,Night,,35.0,1.0,2025-06-26 22:45:00
OP105583,W0280,Evening,B,31.0,1.0,2025-05-02 19:44:00
OP105584,W0075,,Z,19.0,,2025-03-16 05:08:00
OP105585,W0325,,D,6.0,0.0,2025-04-26 16:52:00
OP105586,W0434,Mornng,Z,40.0,1.0,2025-01-04 21:21:00
OP105587,W0294,,B,26.0,,2025-02-20 00:42:00
OP105588,W0431,Morning,C,4.0,1.0,2025-01-13 00:51:00
OP105589,W0313,Morning,B,36.0,0.0,2025-05-24 18:55:00
OP105590,W0340,,,6.0,,2025-03-15 09:43:00
OP105591,W0315,Morning,D,33.0,2.0,2025-02-15 13:35:00
OP105592,W0376,Evening,E,7.0,1.0,2025-02-02 18:16:00
OP105593,W0451,,C,20.0,2.0,2025-01-11 01:40:00
OP105594,W0049,,E,40.0,0.0,2025-04-18 14:16:00
OP105595,W0155,Night,B,20.0,1.0,2025-02-24 09:33:00
OP105596,W0476,,Z,19.0,1.0,2025-04-04 13:58:00
OP105597,W0153,Morning,Z,47.0,0.0,2025-06-07 21:19:00
OP105598,W0212,Evening,Z,27.0,1.0,2025-06-13 16:11:00
OP105599,W0243,Evening,C,41.0,2.0,2025-06-07 05:26:00
OP105600,W0441,Morning,D,15.0,1.0,2025-01-10 20:04:00
OP105601,W0317,Mornng,E,27.0,2.0,2025-04-27 19:53:00
OP105602,W0489,Mornng,E,25.0,2.0,2025-06-15 16:55:00
OP105603,W0210,,B,-5.0,1.0,2025-01-28 01:06:00
OP105604,W0305,,A,39.0,0.0,2025-06-26 04:07:00
OP105605,W0283,Evening,E,15.0,0.0,2025-02-22 08:31:00
OP105606,W0367,Morning,D,19.0,2.0,2025-06-23 23:07:00
OP105607,W0044,Morning,D,6.0,,2025-05-04 21:11:00
OP105608,W0277,,Z,9.0,,2025-03-06 18:00:00
OP105609,W0249,Evening,A,3.0,1.0,2025-04-14 21:56:00
OP105610,W0322,Evening,A,28.0,1.0,2025-01-22 04:20:00
OP105611,W0255,Mornng,A,46.0,2.0,2025-03-12 16:22:00
OP105612,W0096,Morning,E,23.0,2.0,2025-01-17 16:54:00
OP105613,W0290,Evening,C,38.0,1.0,2025-05-15 04:39:00
OP105614,W0458,Mornng,D,17.0,,2025-02-09 19:50:00
OP105615,W0230,Night,D,47.0,0.0,2025-05-15 07:39:00
OP105616,W0067,Evening,A,2.0,2.0,2025-04-12 08:47:00
OP105617,W0181,Evening,C,21.0,2.0,2025-01-08 11:44:00
OP105618,W0469,Mornng,E,48.0,0.0,2025-04-25 04:07:00
OP105619,W0100,,B,21.0,2.0,2025-01-14 15:10:00
OP105620,W0179,Mornng,A,47.0,2.0,2025-06-22 23:25:00
OP105621,W0181,,E,22.0,2.0,2025-05-27 12:05:00
OP105622,W0417,Night,Z,17.0,,2025-02-27 22:07:00
OP105623,W0114,Evening,B,29.0,,2025-05-13 02:41:00
OP105624,W0016,Mornng,B,39.0,0.0,2025-06-17 00:05:00
OP105625,W0440,,,36.0,1.0,2025-01-11 19:20:00
OP105626,W0255,Night,D,,2.0,2025-03-22 13:34:00
OP105627,W0287,,C,16.0,,2025-05-12 14:46:00
OP105628,W0200,Morning,B,9.0,1.0,2025-03-25 22:43:00
OP105629,W0057,Morning,Z,11.0,0.0,2025-03-21 04:57:00
OP105630,W0104,Evening,A,4.0,2.0,2025-05-08 14:52:00
OP105631,W0044,Evening,D,22.0,2.0,2025-01-21 09:47:00
OP105632,W0037,Night,D,31.0,,2025-02-19 10:23:00
OP105633,W0208,Night,D,26.0,,2025-01-16 09:26:00
OP105634,W0003,Evening,B,26.0,2.0,2025-03-20 23:12:00
OP105635,W0113,,E,30.0,,2025-04-13 00:16:00
OP105636,W0467,Night,Z,16.0,1.0,2025-04-04 05:11:00
OP105637,W0091,Morning,Z,26.0,1.0,2025-05-15 06:52:00
OP105638,W0395,,E,39.0,1.0,2025-02-01 07:36:00
OP105639,W0114,,E,15.0,2.0,2025-02-23 17:02:00
OP105640,W0238,,A,,1.0,2025-04-25 05:04:00
OP105641,W0444,Evening,A,11.0,2.0,2025-02-26 23:09:00
OP105642,W0302,Evening,E,38.0,0.0,2025-05-09 12:19:00
OP105643,W0358,,Z,20.0,2.0,2025-05-04 12:34:00
OP105644,W0140,Night,E,32.0,2.0,2025-01-27 05:45:00
OP105645,W0380,,E,30.0,1.0,2025-03-10 13:43:00
OP105646,W0147,,E,2.0,1.0,2025-04-16 12:14:00
OP105647,W0063,Mornng,E,25.0,2.0,2025-03-14 20:09:00
OP105648,W0449,,D,28.0,1.0,2025-04-16 03:26:00
OP105649,W0055,Evening,E,17.0,1.0,2025-03-27 04:40:00
OP105650,W0346,Mornng,D,47.0,1.0,2025-02-20 13:27:00
OP105651,W0099,Mornng,E,28.0,0.0,2025-05-12 20:46:00
OP105652,W0021,Mornng,,16.0,,2025-01-21 02:57:00
OP105653,W0441,Evening,B,39.0,0.0,2025-04-10 19:25:00
OP105654,W0180,Night,B,7.0,0.0,2025-04-13 05:06:00
OP105655,W0374,Mornng,A,42.0,2.0,2025-02-02 03:25:00
OP105656,W0343,,A,2.0,0.0,2025-05-28 04:02:00
OP105657,W0250,Evening,Z,22.0,1.0,2025-03-26 20:23:00
OP105658,W0231,Night,Z,-5.0,0.0,2025-02-28 08:36:00
OP105659,W0304,Mornng,B,39.0,2.0,2025-06-06 09:30:00
OP105660,W0472,Evening,C,33.0,2.0,2025-01-07 15:48:00
OP105661,W0114,Evening,B,46.0,,invalid_date
OP105662,W0159,Night,A,42.0,2.0,2025-03-15 19:27:00
OP105663,W0274,Night,D,20.0,2.0,2025-04-28 03:31:00
OP105664,W0377,Evening,D,35.0,0.0,2025-06-21 08:58:00
OP105665,W0182,Night,A,-5.0,0.0,2025-03-19 22:18:00
OP105666,W0392,,Z,7.0,2.0,2025-05-30 19:11:00
OP105667,W0020,,D,45.0,2.0,2025-05-08 02:07:00
OP105668,W0498,Night,,47.0,2.0,2025-01-26 16:45:00
OP105669,W0129,,,0.0,2.0,invalid_date
OP105670,W0459,Night,,4.0,1.0,2025-06-03 13:14:00
OP105671,W0133,Night,D,15.0,,2025-04-03 19:16:00
OP105672,W0180,Night,Z,10.0,2.0,2025-03-30 00:51:00
OP105673,W0312,,Z,36.0,1.0,2025-03-01 04:06:00
OP105674,W0349,Mornng,A,12.0,1.0,2025-06-06 20:30:00
OP105675,W0131,,Z,7.0,0.0,2025-05-08 10:11:00
OP105676,W0056,,,7.0,0.0,2025-04-24 21:37:00
OP105677,W0032,Mornng,E,20.0,,2025-05-25 21:31:00
OP105678,W0309,Morning,Z,13.0,1.0,2025-02-13 19:06:00
OP105679,W0051,Mornng,B,36.0,2.0,2025-01-27 07:01:00
OP105680,W0488,Mornng,B,4.0,0.0,invalid_date
OP105681,W0356,Morning,A,42.0,1.0,2025-04-25 22:16:00
OP105682,W0399,Evening,,33.0,,2025-06-23 11:18:00
OP105683,W0212,Morning,D,24.0,1.0,2025-02-12 09:01:00
OP105684,W0308,Night,C,34.0,1.0,2025-06-09 09:32:00
OP105685,W0434,,Z,15.0,0.0,2025-05-24 01:41:00
OP105686,W0217,Morning,,33.0,1.0,2025-02-19 09:04:00
OP105687,W0122,,B,37.0,,2025-03-03 14:42:00
OP105688,W0031,Morning,Z,-5.0,1.0,2025-04-25 10:43:00
OP105689,W0437,Mornng,E,11.0,0.0,2025-03-03 06:40:00
OP105690,W0016,,B,26.0,1.0,2025-02-05 23:12:00
OP105691,W0237,Night,D,24.0,,2025-03-31 05:25:00
OP105692,W0295,Evening,A,37.0,2.0,2025-01-06 22:11:00
OP105693,W0032,Evening,Z,40.0,,2025-05-07 15:20:00
OP105694,W0317,Morning,A,36.0,1.0,2025-05-14 11:23:00
OP105695,W0238,Morning,E,26.0,2.0,2025-03-30 17:21:00
OP105696,W0419,Evening,B,6.0,1.0,2025-04-12 06:42:00
OP105697,W0332,,E,5.0,,2025-06-06 22:56:00
OP105698,W0454,,C,7.0,2.0,2025-01-31 19:18:00
OP105699,W0210,Morning,D,25.0,,2025-02-02 21:13:00
OP105700,W0431,Evening,D,42.0,,2025-01-17 07:52:00
OP105701,W0221,Evening,E,33.0,,2025-03-16 20:59:00
OP105702,W0209,Morning,A,3.0,1.0,2025-05-09 20:47:00
OP105703,W0496,Morning,D,-5.0,2.0,2025-03-15 01:13:00
OP105704,W0251,Morning,C,23.0,,2025-04-20 07:09:00
OP105705,W0375,,C,4.0,2.0,2025-02-06 19:29:00
OP105706,W0442,Mornng,A,2.0,1.0,2025-03-20 12:52:00
OP105707,W0052,Evening,D,16.0,1.0,2025-05-07 23:27:00
OP105708,W0252,,A,28.0,1.0,2025-01-27 10:41:00
OP105709,W0425,,Z,16.0,1.0,2025-04-12 17:30:00
OP105710,W0116,Morning,A,20.0,,2025-02-16 10:17:00
OP105711,W0487,,C,48.0,2.0,2025-01-14 09:51:00
OP105712,W0113,,D,4.0,1.0,2025-04-07 19:45:00
OP105713,W0388,,A,25.0,,2025-01-10 01:40:00
OP105714,W0112,,C,4.0,0.0,2025-02-15 23:59:00
OP105715,W0402,Mornng,B,4.0,0.0,2025-03-08 00:51:00
OP105716,W0274,Evening,D,0.0,2.0,2025-01-28 12:37:00
OP105717,W0294,Mornng,E,43.0,,2025-03-12 11:04:00
OP105718,W0429,Mornng,B,12.0,2.0,2025-05-04 05:49:00
OP105719,W0214,Night,,17.0,0.0,2025-04-15 11:25:00
OP105720,W0307,Morning,D,23.0,2.0,2025-01-26 11:57:00
OP105721,W0271,Night,E,25.0,2.0,2025-06-11 18:30:00
OP105722,W0137,Night,B,44.0,1.0,2025-03-29 11:52:00
OP105723,W0254,Morning,,27.0,0.0,invalid_date
OP105724,W0002,,B,38.0,0.0,2025-01-05 06:08:00
OP105725,W0242,Mornng,B,,1.0,invalid_date
OP105726,W0180,Mornng,C,38.0,2.0,2025-04-25 08:31:00
OP105727,W0055,,D,15.0,1.0,2025-01-24 16:18:00
OP105728,W0416,Morning,B,9.0,1.0,2025-02-01 12:42:00
OP105729,W0325,Evening,B,6.0,0.0,2025-03-15 14:59:00
OP105730,W0350,Mornng,C,46.0,0.0,2025-04-05 12:30:00
OP105731,W0094,,,31.0,0.0,2025-06-20 00:35:00
OP105732,W0388,Evening,A,42.0,2.0,2025-06-26 22:49:00
OP105733,W0205,Evening,E,6.0,1.0,2025-03-11 22:42:00
OP105734,W0055,Night,A,24.0,,2025-05-25 12:41:00
OP105735,W0218,Morning,C,27.0,1.0,2025-05-17 22:54:00
OP105736,W0226,Night,B,31.0,,2025-01-23 14:52:00
OP105737,W0295,,B,6.0,2.0,2025-04-05 12:55:00
OP105738,W0435,Morning,A,5.0,0.0,2025-06-13 03:09:00
OP105739,W0385,Morning,A,28.0,,2025-01-03 02:46:00
OP105740,W0036,Evening,E,4.0,0.0,2025-02-27 21:26:00
OP105741,W0081,,E,39.0,0.0,2025-01-14 17:29:00
OP105742,W0367,Night,A,18.0,2.0,2025-06-02 15:52:00
OP105743,W0400,,E,42.0,0.0,2025-03-01 19:31:00
OP105744,W0429,,B,-5.0,2.0,2025-05-28 08:27:00
OP105745,W0026,,A,32.0,1.0,2025-05-30 05:15:00
OP105746,W0103,Morning,E,45.0,0.0,2025-03-23 22:39:00
OP105747,W0308,,Z,39.0,1.0,2025-01-27 20:07:00
OP105748,W0219,Morning,B,12.0,2.0,2025-02-26 06:48:00
OP105749,W0476,,A,6.0,1.0,2025-01-16 18:13:00
OP105750,W0405,Evening,,49.0,2.0,2025-05-28 08:24:00
OP105751,W0209,Morning,Z,40.0,,2025-04-29 11:03:00
OP105752,W0324,,A,16.0,0.0,2025-01-11 00:05:00
OP105753,W0009,Night,,10.0,0.0,2025-05-18 11:19:00
OP105754,W0357,Evening,E,24.0,0.0,2025-01-13 18:37:00
OP105755,W0363,,A,17.0,0.0,2025-06-24 00:34:00
OP105756,W0346,,D,17.0,2.0,2025-06-06 05:24:00
OP105757,W0050,,C,25.0,0.0,2025-06-01 12:54:00
OP105758,W0297,Evening,D,12.0,,2025-06-15 14:19:00
OP105759,W0058,,E,39.0,1.0,2025-04-28 08:14:00
OP105760,W0080,,A,11.0,,2025-03-25 23:18:00
OP105761,W9999,,,23.0,0.0,2025-04-02 21:57:00
OP105762,W0055,,,43.0,1.0,2025-01-13 16:13:00
OP105763,W0423,Mornng,Z,35.0,1.0,2025-03-10 16:47:00
OP105764,W0471,,E,36.0,,2025-02-23 02:13:00
OP105765,W0176,,A,,0.0,2025-05-18 11:15:00
OP105766,W0398,Morning,E,1.0,2.0,2025-05-24 04:13:00
OP105767,W0367,,Z,-5.0,1.0,2025-02-08 23:49:00
OP105768,W0479,,C,18.0,0.0,2025-01-29 14:01:00
OP105769,W0187,Morning,E,13.0,0.0,2025-02-16 22:24:00
OP105770,W0412,Mornng,,11.0,1.0,2025-04-01 04:36:00
OP105771,W0191,Evening,Z,32.0,,2025-04-07 14:28:00
OP105772,W0137,Mornng,C,43.0,1.0,2025-01-21 13:53:00
OP105773,W0310,Morning,D,0.0,,2025-03-25 01:27:00
OP105774,W0362,Evening,,37.0,2.0,2025-01-09 19:32:00
OP105775,W0009,Mornng,Z,27.0,2.0,2025-01-29 22:22:00
OP105776,W0238,Evening,E,9.0,0.0,2025-05-11 00:04:00
OP105777,W0382,Evening,C,-5.0,0.0,2025-03-23 23:34:00
OP105778,W0173,Morning,,,0.0,2025-05-31 23:06:00
OP105779,W0297,Evening,C,18.0,1.0,2025-03-23 15:28:00
OP105780,W0477,Mornng,E,39.0,0.0,2025-02-16 16:13:00
OP105781,W0118,Morning,,44.0,,2025-06-26 18:55:00
OP105782,,Night,E,34.0,1.0,2025-06-09 14:23:00
OP105783,W0135,,Z,38.0,,2025-01-23 17:16:00
OP105784,W0134,Mornng,C,38.0,2.0,2025-04-20 12:31:00
OP105785,W0498,,D,41.0,0.0,2025-01-14 08:14:00
OP105786,W0478,Evening,Z,26.0,,2025-02-15 06:03:00
OP105787,W0227,Morning,A,41.0,0.0,2025-02-02 23:41:00
OP105788,W0315,Evening,A,49.0,2.0,2025-04-05 02:02:00
OP105789,W0043,Mornng,E,24.0,2.0,2025-02-02 16:44:00
OP105790,W0325,Mornng,C,28.0,0.0,2025-02-18 08:34:00
OP105791,W0373,Morning,Z,27.0,1.0,2025-03-18 16:51:00
OP105792,W0149,Morning,B,7.0,,2025-06-19 14:28:00
OP105793,W0079,,Z,41.0,1.0,2025-02-17 14:40:00
OP105794,W0218,,B,14.0,,2025-04-18 15:18:00
OP105795,W0046,,C,35.0,,2025-03-03 01:21:00
OP105796,W0242,Evening,B,23.0,,2025-01-28 09:58:00
OP105797,W0325,Evening,D,-5.0,,2025-04-02 14:58:00
OP105798,W0233,,E,38.0,1.0,2025-06-18 23:55:00
OP105799,W0053,,A,31.0,1.0,invalid_date
OP105800,W0493,,C,43.0,0.0,2025-06-27 14:06:00
OP105801,W0072,Morning,C,18.0,,2025-02-16 22:26:00
OP105802,W0141,Night,E,37.0,0.0,2025-03-06 12:58:00
OP105803,W0345,Evening,,13.0,,2025-01-22 08:24:00
OP105804,W0083,Morning,Z,33.0,0.0,2025-06-13 04:01:00
OP105805,W0102,Mornng,C,25.0,0.0,2025-01-03 22:00:00
OP105806,W0020,,E,23.0,,2025-06-16 17:48:00
OP105807,W0118,,,44.0,1.0,2025-06-10 09:17:00
OP105808,W0175,Evening,E,5.0,,2025-06-02 16:05:00
OP105809,W0150,Evening,A,30.0,2.0,2025-03-25 22:34:00
OP105810,W0212,Night,B,,2.0,2025-06-18 11:02:00
OP105811,W0171,Night,D,19.0,1.0,2025-05-18 00:35:00
OP105812,W0011,,E,10.0,0.0,2025-04-01 01:17:00
OP105813,W0232,Evening,E,43.0,1.0,2025-02-18 23:06:00
OP105814,W0466,,E,,0.0,2025-02-26 15:59:00
OP105815,W0453,Evening,A,5.0,0.0,2025-01-10 12:48:00
OP105816,W0342,Mornng,E,1.0,,2025-06-19 07:18:00
OP105817,W0173,Night,A,14.0,0.0,2025-04-10 04:18:00
OP105818,W0361,,A,21.0,2.0,2025-04-22 13:36:00
OP105819,W0036,,Z,30.0,0.0,2025-03-02 09:25:00
OP105820,W0027,Mornng,B,25.0,,2025-04-05 10:32:00
OP105821,W0389,,B,45.0,2.0,2025-01-13 14:16:00
OP105822,W0054,,C,46.0,,2025-01-18 07:56:00
OP105823,W0454,Morning,D,7.0,,2025-03-09 23:03:00
OP105824,W0479,,Z,48.0,2.0,2025-05-20 21:15:00
OP105825,W0402,Evening,D,35.0,0.0,2025-05-01 13:38:00
OP105826,W0061,Morning,C,40.0,0.0,2025-05-01 14:29:00
OP105827,W0199,Mornng,C,18.0,,2025-05-02 14:46:00
OP105828,W0197,Evening,Z,9.0,1.0,2025-05-15 22:10:00
OP105829,W0003,,A,44.0,1.0,2025-06-28 22:26:00
OP105830,W0249,Night,A,15.0,1.0,2025-02-15 18:47:00
OP105831,W0246,,E,,1.0,2025-05-15 18:20:00
OP105832,W0068,,B,13.0,,2025-01-03 20:58:00
OP105833,W0339,Night,E,30.0,2.0,2025-06-01 12:42:00
OP105834,W0185,Evening,D,27.0,1.0,2025-06-01 03:56:00
OP105835,W0141,Morning,Z,45.0,,2025-02-12 20:18:00
OP105836,W0114,Morning,C,48.0,2.0,2025-01-22 19:32:00
OP105837,W0459,Evening,D,33.0,,2025-04-07 07:54:00
OP105838,W0419,Evening,,,0.0,2025-01-13 19:03:00
OP105839,W0186,,B,24.0,2.0,2025-04-25 11:28:00
OP105840,W0220,Mornng,B,38.0,0.0,2025-03-17 10:09:00
OP105841,W0392,Mornng,,28.0,0.0,2025-02-26 15:09:00
OP105842,W0251,Night,E,4.0,,2025-04-06 10:30:00
OP105843,,Morning,C,26.0,0.0,2025-03-10 16:00:00
OP105844,W0295,Mornng,,9.0,1.0,2025-05-27 01:21:00
OP105845,W0345,Night,B,40.0,,2025-01-05 16:27:00
OP105846,W0242,Night,C,6.0,0.0,2025-04-19 19:18:00
OP105847,W0177,Morning,D,2.0,0.0,2025-06-16 09:10:00
OP105848,W0322,Morning,Z,15.0,1.0,2025-03-18 04:11:00
OP105849,W0367,,C,8.0,2.0,2025-05-31 19:43:00
OP105850,W0119,Night,D,28.0,,2025-04-15 09:54:00
OP105851,W0012,Morning,E,44.0,2.0,2025-06-08 20:05:00
OP105852,W0257,Evening,Z,28.0,2.0,2025-02-05 20:50:00
OP105853,W0262,Evening,B,26.0,0.0,2025-01-28 14:16:00
OP105854,W0079,,Z,15.0,1.0,2025-05-05 17:42:00
OP105855,W0070,,,-5.0,1.0,2025-01-27 14:21:00
OP105856,W0198,Night,E,35.0,,2025-01-15 04:17:00
OP105857,W0146,,Z,38.0,1.0,2025-01-19 05:19:00
OP105858,W0169,,B,42.0,,2025-04-12 19:54:00
OP105859,W0172,Evening,C,36.0,2.0,2025-03-01 17:57:00
OP105860,W0217,Morning,A,17.0,2.0,2025-03-22 02:02:00
OP105861,W0258,Mornng,E,0.0,1.0,2025-03-14 23:04:00
OP105862,W0119,,C,32.0,,2025-04-15 15:05:00
OP105863,W0432,Mornng,E,6.0,1.0,2025-03-05 19:52:00
OP105864,W0428,,Z,21.0,2.0,2025-03-26 16:49:00
OP105865,W0277,,E,44.0,0.0,2025-06-28 14:55:00
OP105866,W0127,Morning,D,17.0,1.0,2025-01-13 02:53:00
OP105867,W0263,Mornng,,37.0,,2025-06-13 02:41:00
OP105868,W0371,Evening,E,23.0,0.0,2025-04-08 05:55:00
OP105869,W0466,Mornng,A,41.0,,2025-01-10 11:31:00
OP105870,W0074,Evening,A,12.0,2.0,2025-05-04 15:00:00
OP105871,W0175,,B,28.0,1.0,2025-01-07 23:36:00
OP105872,W0334,,C,45.0,1.0,2025-04-16 05:59:00
OP105873,W0288,,C,28.0,0.0,2025-02-16 15:05:00
OP105874,W0069,Mornng,E,35.0,,2025-04-09 04:01:00
OP105875,W0220,Morning,E,14.0,2.0,2025-06-10 07:52:00
OP105876,W0249,Mornng,A,25.0,1.0,2025-03-23 23:16:00
OP105877,W0405,,C,11.0,0.0,2025-03-22 21:26:00
OP105878,W0033,Morning,A,10.0,0.0,2025-05-12 00:58:00
OP105879,W0457,,E,47.0,0.0,2025-02-16 07:52:00
OP105880,W0210,,C,44.0,,2025-05-04 18:58:00
OP105881,W0187,Evening,B,30.0,1.0,2025-02-05 10:21:00
OP105882,W0267,Morning,,10.0,,2025-06-18 17:34:00
OP105883,W0486,,E,24.0,,2025-01-14 00:04:00
OP105884,W0268,,,-5.0,1.0,2025-03-20 22:56:00
OP105885,W0485,,D,31.0,,2025-02-14 22:31:00
OP105886,W0137,Mornng,,32.0,,2025-02-02 02:45:00
OP105887,W0003,Morning,B,18.0,0.0,2025-01-10 05:05:00
OP105888,W0020,Morning,D,20.0,2.0,2025-05-08 10:23:00
OP105889,W0125,Night,Z,8.0,0.0,2025-01-12 17:00:00
OP105890,W0250,Mornng,A,14.0,0.0,2025-02-07 22:33:00
OP105891,W0009,Mornng,,46.0,,2025-01-08 00:59:00
OP105892,W0390,,D,25.0,,2025-04-10 10:03:00
OP105893,W0413,Morning,,23.0,2.0,2025-02-07 07:42:00
OP105894,W0094,Morning,E,43.0,,2025-06-07 22:20:00
OP105895,W0488,Night,,6.0,1.0,2025-01-25 17:51:00
OP105896,W0284,,C,37.0,0.0,2025-04-27 18:37:00
OP105897,W0242,Evening,Z,46.0,0.0,2025-05-01 02:38:00
OP105898,W0474,Evening,Z,20.0,2.0,2025-03-28 10:43:00
OP105899,W0237,Night,C,21.0,2.0,2025-05-06 15:25:00
OP105900,W0031,,C,31.0,1.0,2025-05-23 23:29:00
OP105901,W0397,Evening,C,41.0,2.0,2025-01-14 10:38:00
OP105902,W0232,Morning,,22.0,0.0,2025-06-25 20:36:00
OP105903,W0027,,B,39.0,0.0,2025-06-24 21:54:00
OP105904,W9999,,C,17.0,,2025-04-09 00:23:00
OP105905,W0200,,D,31.0,0.0,2025-03-30 21:15:00
OP105906,W0433,Morning,,5.0,1.0,2025-01-31 17:00:00
OP105907,W0445,Mornng,E,9.0,,2025-06-24 21:09:00
OP105908,W0344,,,10.0,1.0,2025-03-20 02:57:00
OP105909,W0232,Evening,D,1.0,1.0,2025-01-18 13:49:00
OP105910,W0056,Morning,D,36.0,2.0,2025-03-25 07:38:00
OP105911,W0084,Evening,E,16.0,0.0,2025-04-01 19:18:00
OP105912,W0108,Morning,E,28.0,,2025-04-18 18:22:00
OP105913,W0305,Evening,A,20.0,0.0,2025-03-10 12:25:00
OP105914,W0193,,E,-5.0,0.0,2025-04-17 05:33:00
OP105915,W0438,,,27.0,,2025-05-21 05:13:00
OP105916,W0288,,B,4.0,,2025-02-05 11:43:00
OP105917,W0079,Morning,Z,14.0,,2025-03-31 17:03:00
OP105918,W0389,Mornng,D,25.0,0.0,2025-03-24 04:09:00
OP105919,W0421,Mornng,C,46.0,2.0,2025-05-17 12:23:00
OP105920,W0236,Evening,B,13.0,1.0,2025-04-17 23:13:00
OP105921,W0264,,B,25.0,0.0,2025-03-08 06:51:00
OP105922,W0151,Night,D,19.0,1.0,2025-03-07 00:59:00
OP105923,W0242,,E,10.0,0.0,2025-05-05 22:38:00
OP105924,W0386,Morning,C,38.0,1.0,2025-01-12 03:39:00
OP105925,W0057,,A,33.0,1.0,2025-03-16 02:41:00
OP105926,W0298,Mornng,D,40.0,0.0,2025-02-20 02:07:00
OP105927,W0185,,A,41.0,1.0,2025-05-16 04:15:00
OP105928,W0034,,,46.0,1.0,2025-05-22 16:08:00
OP105929,W0470,,C,1.0,,2025-02-25 01:42:00
OP105930,W0046,,Z,19.0,2.0,2025-06-02 16:03:00
OP105931,W0456,,E,17.0,1.0,2025-02-28 07:25:00
OP105932,W0455,Evening,E,0.0,1.0,2025-04-27 04:53:00
OP105933,W9999,Evening,Z,0.0,1.0,2025-03-16 20:54:00
OP105934,W0450,Evening,E,7.0,0.0,2025-04-02 08:01:00
OP105935,W0304,Mornng,,42.0,1.0,2025-02-17 01:57:00
OP105936,W0233,Evening,E,18.0,2.0,2025-02-18 13:49:00
OP105937,W0305,,A,17.0,1.0,2025-04-10 15:37:00
OP105938,W0094,Evening,B,11.0,1.0,2025-03-30 00:30:00
OP105939,W0152,Mornng,B,23.0,2.0,2025-06-09 15:41:00
OP105940,W0420,,C,48.0,1.0,2025-02-23 13:34:00
OP105941,W0175,Evening,,25.0,0.0,2025-04-24 13:04:00
OP105942,W0491,Evening,C,33.0,0.0,2025-06-09 17:38:00
OP105943,W0016,Evening,C,47.0,2.0,2025-04-26 10:51:00
OP105944,W0182,Night,C,15.0,2.0,2025-02-08 16:11:00
OP105945,W0446,Evening,A,34.0,,2025-06-26 12:24:00
OP105946,W0348,,C,32.0,0.0,2025-02-16 09:24:00
OP105947,W0132,Mornng,D,26.0,,2025-05-20 18:37:00
OP105948,W0360,Night,D,39.0,2.0,2025-01-30 10:27:00
OP105949,W0170,Night,D,7.0,1.0,2025-02-13 02:39:00
OP105950,W0381,Night,D,11.0,1.0,2025-06-19 07:57:00
OP105951,W0346,,A,42.0,1.0,2025-01-21 06:47:00
OP105952,W0069,,D,37.0,2.0,2025-05-01 11:27:00
OP105953,W0372,Morning,A,16.0,2.0,2025-05-03 13:24:00
OP105954,W0217,Evening,A,22.0,2.0,2025-01-04 05:07:00
OP105955,W0029,Morning,D,33.0,,2025-01-16 11:38:00
OP105956,W0044,Evening,Z,1.0,0.0,2025-01-05 12:41:00
OP105957,W0115,Evening,C,,1.0,2025-06-13 06:26:00
OP105958,W0073,Night,B,6.0,2.0,2025-03-05 12:31:00
OP105959,W0495,Morning,Z,16.0,,2025-06-24 09:59:00
OP105960,,,,47.0,0.0,2025-05-14 15:25:00
OP105961,W0262,Morning,B,10.0,2.0,2025-06-15 00:02:00
OP105962,W0444,,Z,8.0,2.0,2025-04-10 13:04:00
OP105963,W0205,,Z,34.0,2.0,2025-06-01 09:01:00
OP105964,W0345,Morning,D,17.0,2.0,2025-04-24 00:25:00
OP105965,W0185,Mornng,C,-5.0,0.0,2025-06-11 19:11:00
OP105966,W0087,Mornng,C,0.0,1.0,2025-03-09 18:53:00
OP105967,W0345,,C,42.0,2.0,2025-06-06 05:44:00
OP105968,W0116,Night,D,20.0,0.0,2025-03-10 09:08:00
OP105969,W0104,Night,,17.0,0.0,2025-03-24 13:14:00
OP105970,W0236,Morning,A,28.0,2.0,2025-03-03 10:35:00
OP105971,W0414,,B,7.0,,2025-05-30 20:17:00
OP105972,W0440,,A,15.0,0.0,2025-05-28 03:12:00
OP105973,W0374,Mornng,,19.0,0.0,2025-06-23 18:02:00
OP105974,W0107,,E,27.0,0.0,2025-06-18 00:24:00
OP105975,W0429,Mornng,A,-5.0,1.0,2025-06-29 05:09:00
OP105976,W0238,Mornng,C,45.0,1.0,2025-02-27 08:12:00
OP105977,W0213,Mornng,A,41.0,1.0,2025-02-02 22:10:00
OP105978,W0362,Evening,E,47.0,0.0,2025-03-21 20:25:00
OP105979,W0238,,D,0.0,2.0,2025-04-23 20:03:00
OP105980,W0055,,B,9.0,2.0,2025-02-05 14:28:00
OP105981,W0373,,B,7.0,0.0,2025-06-24 15:25:00
OP105982,W0368,,C,-5.0,0.0,2025-02-10 10:33:00
OP105983,W0085,Morning,D,15.0,2.0,2025-02-21 03:11:00
OP105984,W0095,Mornng,D,43.0,0.0,2025-04-13 19:13:00
OP105985,W0273,Mornng,A,3.0,1.0,2025-04-30 14:04:00
OP105986,W0358,Morning,B,22.0,0.0,2025-01-23 07:57:00
OP105987,W0157,Morning,B,40.0,2.0,2025-06-28 14:55:00
OP105988,W0035,Night,E,6.0,2.0,2025-06-03 18:59:00
OP105989,W0366,Night,B,30.0,2.0,2025-02-03 00:46:00
OP105990,W0142,Night,A,35.0,0.0,2025-06-11 14:01:00
OP105991,W0341,Night,B,32.0,,2025-06-24 09:47:00
OP105992,W0490,Evening,,46.0,1.0,2025-01-09 16:11:00
OP105993,W0100,Night,D,13.0,,2025-02-23 19:51:00
OP105994,W0401,Mornng,B,19.0,,2025-04-17 18:27:00
OP105995,W0415,Mornng,A,9.0,0.0,2025-06-11 05:20:00
OP105996,W0426,Evening,D,13.0,,2025-03-15 21:33:00
OP105997,W0013,Morning,D,15.0,2.0,2025-03-09 14:19:00
OP105998,W0379,Morning,B,40.0,0.0,2025-04-27 23:10:00
OP105999,W0232,Morning,E,13.0,1.0,2025-02-21 09:59:00
OP106000,W0060,Evening,C,0.0,1.0,2025-04-05 21:10:00
OP106001,W0330,Morning,A,28.0,1.0,2025-01-14 03:38:00
OP106002,W0287,Night,,48.0,1.0,2025-03-02 04:00:00
OP106003,W0285,,B,5.0,1.0,2025-06-25 04:25:00
OP106004,W0339,,E,0.0,0.0,2025-06-10 10:10:00
OP106005,W0262,Evening,,16.0,,2025-05-24 14:40:00
OP106006,W0419,Morning,E,-5.0,1.0,2025-04-15 14:26:00
OP106007,W0364,Mornng,,33.0,0.0,2025-06-22 12:00:00
OP106008,W0229,Mornng,,25.0,1.0,2025-01-21 14:02:00
OP106009,W0034,Mornng,A,32.0,2.0,2025-05-07 18:15:00
OP106010,W0303,,,35.0,,2025-03-23 17:27:00
OP106011,W0412,,D,9.0,2.0,2025-02-08 13:32:00
OP106012,W0038,,C,6.0,2.0,2025-04-27 17:22:00
OP106013,W0106,,E,26.0,2.0,2025-02-10 02:36:00
OP106014,W0500,Morning,Z,40.0,1.0,2025-03-10 05:40:00
OP106015,W0260,Morning,A,36.0,0.0,2025-05-07 16:10:00
OP106016,W0431,Morning,D,22.0,0.0,2025-04-23 12:29:00
OP106017,W0128,Mornng,C,15.0,,2025-02-01 01:03:00
OP106018,W0430,,C,25.0,0.0,2025-06-25 06:20:00
OP106019,W0185,,C,13.0,2.0,2025-01-03 09:12:00
OP106020,W0225,Night,B,25.0,1.0,2025-06-13 22:18:00
OP106021,W0086,,,28.0,0.0,2025-01-08 00:57:00
OP106022,W0048,Night,,31.0,0.0,2025-01-09 14:34:00
OP106023,W0276,Evening,,9.0,2.0,2025-06-21 01:27:00
OP106024,W0182,,,1.0,0.0,2025-03-01 05:31:00
OP106025,W0037,,Z,43.0,1.0,2025-04-07 22:59:00
OP106026,W0468,Mornng,E,7.0,2.0,2025-06-28 09:41:00
OP106027,W0031,,,19.0,1.0,2025-04-01 18:24:00
OP106028,W0277,Mornng,,37.0,2.0,2025-01-02 15:13:00
OP106029,W0144,,Z,44.0,,2025-03-11 22:49:00
OP106030,W0363,Night,C,22.0,1.0,2025-06-03 07:19:00
OP106031,W0137,Morning,B,12.0,,2025-03-23 13:34:00
OP106032,W0154,,E,41.0,2.0,2025-01-20 11:07:00
OP106033,W0461,Mornng,E,4.0,0.0,2025-01-21 07:56:00
OP106034,W0428,,C,20.0,,2025-02-16 17:46:00
OP106035,W0054,Night,,44.0,1.0,2025-01-18 15:36:00
OP106036,W0466,,B,41.0,0.0,2025-01-21 07:27:00
OP106037,W0314,Morning,A,45.0,1.0,2025-01-22 01:46:00
OP106038,W0412,Evening,D,3.0,0.0,2025-04-04 22:22:00
OP106039,W0236,,,-5.0,0.0,2025-01-06 16:09:00
OP106040,W0310,Evening,D,9.0,0.0,2025-06-17 07:25:00
OP106041,W0039,Night,D,13.0,0.0,2025-05-23 07:26:00
OP106042,W0178,,E,,2.0,2025-06-10 08:08:00
OP106043,W0004,,C,13.0,0.0,2025-06-24 08:00:00
OP106044,W0085,Evening,C,15.0,,2025-04-17 04:28:00
OP106045,W0038,Morning,E,28.0,0.0,2025-01-15 13:49:00
OP106046,W0371,Mornng,A,7.0,,2025-05-27 03:50:00
OP106047,W0421,,Z,48.0,2.0,2025-01-23 10:54:00
OP106048,W0368,Morning,C,-5.0,,2025-04-07 07:52:00
OP106049,W0040,Night,B,11.0,1.0,2025-06-05 12:45:00
OP106050,W0204,,B,19.0,0.0,2025-01-21 09:46:00
OP106051,W0180,,D,6.0,2.0,2025-03-07 17:17:00
OP106052,W0104,Morning,A,23.0,0.0,2025-05-01 16:47:00
OP106053,W0105,,A,45.0,1.0,2025-01-17 00:21:00
OP106054,W0353,,A,4.0,1.0,2025-03-25 19:24:00
OP106055,W0070,,,49.0,1.0,2025-05-07 01:59:00
OP106056,W0281,,,35.0,1.0,2025-04-27 01:55:00
OP106057,W0452,,Z,40.0,0.0,2025-04-29 04:59:00
OP106058,W0419,Mornng,B,36.0,1.0,2025-06-14 16:53:00
OP106059,W0071,,A,43.0,,2025-04-12 18:30:00
OP106060,W0471,Night,E,-5.0,,invalid_date
OP106061,W0159,Evening,Z,20.0,,invalid_date
OP106062,W0454,,D,35.0,,2025-05-21 06:19:00
OP106063,W0087,Morning,E,49.0,2.0,2025-04-01 09:17:00
OP106064,W0444,,C,,,2025-04-06 20:52:00
OP106065,W0218,Night,C,8.0,0.0,2025-01-01 12:35:00
OP106066,W0436,Mornng,D,11.0,2.0,2025-03-16 12:02:00
OP106067,W0405,Morning,D,24.0,1.0,2025-01-12 04:49:00
OP106068,W0191,,,7.0,1.0,2025-02-03 07:02:00
OP106069,W0327,Night,A,39.0,1.0,2025-04-10 18:36:00
OP106070,W0348,Evening,D,36.0,,2025-02-27 16:05:00
OP106071,W0155,Night,A,35.0,2.0,2025-01-29 15:14:00
OP106072,W0007,Morning,A,22.0,0.0,2025-02-27 02:43:00
OP106073,W0485,,E,38.0,,2025-06-16 01:09:00
OP106074,W0309,,,7.0,2.0,2025-01-26 03:33:00
OP106075,W0102,Mornng,D,44.0,,2025-05-05 09:49:00
OP106076,W0384,,A,45.0,2.0,2025-01-06 09:05:00
OP106077,W0197,Night,D,12.0,2.0,2025-02-10 15:16:00
OP106078,W0441,Evening,C,5.0,0.0,2025-06-08 02:57:00
OP106079,W0459,Mornng,E,49.0,0.0,2025-01-24 22:01:00
OP106080,W0311,,E,40.0,0.0,2025-03-01 10:08:00
OP106081,W0487,Evening,B,9.0,2.0,2025-02-15 09:35:00
OP106082,W0156,Night,D,4.0,,2025-04-15 16:20:00
OP106083,W0153,Evening,D,14.0,,2025-03-19 04:26:00
OP106084,W0366,,D,23.0,1.0,2025-02-07 03:08:00
OP106085,W0365,,D,48.0,1.0,2025-01-03 19:29:00
OP106086,W0134,Night,Z,42.0,1.0,2025-06-11 03:37:00
OP106087,W0473,Mornng,D,,,2025-02-01 03:15:00
OP106088,W0446,,Z,32.0,,2025-03-26 10:43:00
OP106089,W0405,Morning,A,17.0,,2025-04-30 17:55:00
OP106090,W0021,Evening,E,22.0,,2025-03-21 19:16:00
OP106091,W0196,,D,31.0,0.0,2025-06-19 09:05:00
OP106092,W0077,Night,C,42.0,1.0,2025-01-12 00:23:00
OP106093,W0124,Night,D,2.0,0.0,invalid_date
OP106094,W0321,Evening,D,44.0,0.0,2025-06-15 19:44:00
OP106095,W0317,,B,23.0,1.0,2025-02-26 10:22:00
OP106096,W0490,,A,31.0,0.0,2025-01-25 22:41:00
OP106097,W0291,Night,E,12.0,0.0,2025-03-10 09:22:00
OP106098,W0145,Morning,B,27.0,1.0,2025-03-15 14:26:00
OP106099,W0044,,,19.0,0.0,invalid_date
OP106100,W0383,Mornng,Z,31.0,1.0,2025-06-29 00:14:00
OP106101,W0389,,B,-5.0,1.0,2025-06-20 13:40:00
OP106102,W0049,Evening,A,20.0,0.0,2025-04-03 21:57:00
OP106103,W0051,Morning,C,37.0,0.0,2025-02-03 08:01:00
OP106104,W0103,Mornng,B,27.0,1.0,2025-01-30 02:55:00
OP106105,W0095,Mornng,,2.0,,2025-01-11 06:11:00
OP106106,W0305,,,19.0,1.0,2025-03-13 19:18:00
OP106107,W0454,,D,23.0,1.0,2025-06-24 00:04:00
OP106108,W0198,,C,10.0,1.0,2025-04-29 20:54:00
OP106109,W0227,Morning,D,5.0,2.0,2025-03-06 18:58:00
OP106110,W0025,Mornng,C,24.0,1.0,2025-05-29 14:03:00
OP106111,W0222,,Z,30.0,,2025-06-29 11:13:00
OP106112,W0062,Night,D,20.0,1.0,2025-06-17 02:49:00
OP106113,W0258,,D,10.0,1.0,2025-05-12 21:31:00
OP106114,W0144,,D,49.0,,2025-01-16 01:29:00
OP106115,W0472,Morning,A,45.0,0.0,2025-06-18 04:57:00
OP106116,W0449,Morning,A,12.0,2.0,2025-04-30 18:40:00
OP106117,W0238,Morning,E,49.0,2.0,2025-04-18 10:09:00
OP106118,W0233,Mornng,B,48.0,0.0,2025-02-05 22:45:00
OP106119,W0077,,E,31.0,0.0,2025-02-09 20:01:00
OP106120,W0426,Evening,,37.0,0.0,2025-06-28 11:02:00
OP106121,W0165,Evening,C,30.0,1.0,2025-03-29 04:23:00
OP106122,W0415,Night,C,26.0,1.0,2025-06-15 17:06:00
OP106123,W0119,,A,21.0,,2025-05-03 07:40:00
OP106124,W0299,,C,42.0,,2025-04-14 12:31:00
OP106125,W0490,Night,D,45.0,0.0,2025-03-24 04:52:00
OP106126,W0119,Mornng,E,31.0,2.0,2025-05-04 12:39:00
OP106127,W0211,Evening,Z,0.0,1.0,2025-02-22 02:33:00
OP106128,W0347,,E,39.0,2.0,2025-04-12 02:04:00
OP106129,W0374,Mornng,C,18.0,,2025-01-21 17:45:00
OP106130,W0310,Mornng,C,30.0,,2025-05-20 18:13:00
OP106131,W0266,Night,,34.0,1.0,2025-05-07 01:21:00
OP106132,W0474,,Z,34.0,,2025-03-11 17:10:00
OP106133,W0376,,D,14.0,0.0,2025-04-03 02:54:00
OP106134,W0438,Evening,B,38.0,1.0,2025-01-20 08:40:00
OP106135,W0077,Evening,A,36.0,1.0,2025-02-16 07:14:00
OP106136,W0087,Mornng,,23.0,,2025-02-16 16:06:00
OP106137,W0247,Evening,E,,2.0,2025-06-14 11:15:00
OP106138,W0166,Evening,B,40.0,0.0,2025-02-19 00:45:00
OP106139,W0489,Mornng,Z,13.0,1.0,2025-04-09 22:19:00
OP106140,W0263,Mornng,E,16.0,1.0,invalid_date
OP106141,W0466,Night,D,40.0,2.0,2025-04-25 16:28:00
OP106142,W0155,Mornng,A,21.0,,2025-02-11 14:47:00
OP106143,W0179,Night,A,33.0,,2025-04-08 11:05:00
OP106144,W0370,,A,38.0,,2025-04-06 19:46:00
OP106145,W0072,,Z,20.0,2.0,2025-02-12 16:04:00
OP106146,W0114,,A,44.0,,2025-02-24 13:56:00
OP106147,W0021,,,4.0,0.0,2025-03-26 16:48:00
OP106148,W0083,Morning,Z,3.0,,2025-04-28 05:34:00
OP106149,W0379,Mornng,C,17.0,1.0,2025-06-18 16:19:00
OP106150,W0186,Night,D,-5.0,0.0,2025-04-30 19:36:00
OP106151,W0127,Evening,,10.0,1.0,2025-03-04 08:57:00
OP106152,W0029,Evening,,39.0,1.0,2025-02-09 19:04:00
OP106153,W0418,,C,18.0,,2025-04-04 17:44:00
OP106154,W0365,,,26.0,0.0,2025-06-22 21:07:00
OP106155,W0005,Night,Z,17.0,,2025-04-11 15:21:00
OP106156,W0294,,Z,3.0,1.0,2025-06-07 05:51:00
OP106157,W0263,,Z,41.0,2.0,2025-01-29 20:49:00
OP106158,W0338,Night,A,25.0,1.0,2025-05-29 20:08:00
OP106159,W0048,Mornng,E,36.0,,2025-05-04 15:02:00
OP106160,W0095,,,49.0,0.0,2025-01-10 03:30:00
OP106161,W0131,Mornng,E,22.0,2.0,2025-04-09 06:59:00
OP106162,W0112,Evening,D,-5.0,1.0,2025-03-05 15:22:00
OP106163,W0045,Morning,B,39.0,2.0,2025-05-18 10:53:00
OP106164,W0109,Night,C,14.0,2.0,2025-01-07 12:26:00
OP106165,W0439,,,2.0,0.0,2025-01-30 23:04:00
OP106166,W0461,Morning,A,34.0,0.0,2025-04-20 23:33:00
OP106167,W0359,,E,6.0,0.0,2025-02-03 22:12:00
OP106168,W0306,Mornng,E,45.0,,2025-06-26 21:05:00
OP106169,W0324,Evening,Z,9.0,2.0,2025-06-19 13:35:00
OP106170,W0030,,,25.0,2.0,2025-04-23 12:26:00
OP106171,W0364,Mornng,D,29.0,2.0,2025-04-17 22:57:00
OP106172,W0259,Mornng,E,23.0,1.0,2025-04-15 06:14:00
OP106173,W0322,,C,8.0,2.0,2025-03-04 21:17:00
OP106174,W0142,,,3.0,1.0,2025-05-02 19:02:00
OP106175,W0109,Mornng,B,28.0,0.0,2025-01-07 01:40:00
OP106176,W0209,,,12.0,,2025-06-28 05:02:00
OP106177,W0175,Evening,C,45.0,2.0,2025-04-03 20:05:00
OP106178,W0009,Night,,10.0,,2025-03-18 18:23:00
OP106179,W0324,Night,,16.0,1.0,2025-03-30 02:31:00
OP106180,W0231,Night,A,44.0,,2025-04-04 03:26:00
OP106181,W0499,Evening,D,16.0,1.0,2025-03-21 07:55:00
OP106182,W0004,Evening,E,0.0,,2025-05-06 20:21:00
OP106183,W0337,Morning,B,39.0,0.0,2025-06-28 13:49:00
OP106184,W0469,Mornng,E,1.0,0.0,2025-02-14 17:56:00
OP106185,W0078,Morning,E,21.0,2.0,invalid_date
OP106186,W0215,Evening,Z,5.0,,2025-04-06 20:49:00
OP106187,W0370,Morning,D,42.0,,2025-05-06 19:02:00
OP106188,W0286,Morning,,17.0,1.0,2025-01-13 10:36:00
OP106189,W0293,,,3.0,2.0,2025-01-01 03:12:00
OP106190,W0326,,C,9.0,,2025-02-22 10:17:00
OP106191,W0314,,A,39.0,2.0,invalid_date
OP106192,W0093,Night,E,41.0,1.0,2025-01-09 23:39:00
OP106193,W0227,Morning,E,26.0,2.0,2025-05-20 01:19:00
OP106194,W0073,Night,,19.0,1.0,2025-04-24 20:28:00
OP106195,W0403,Mornng,Z,4.0,0.0,2025-04-06 13:53:00
OP106196,W0162,,B,9.0,1.0,2025-02-04 05:07:00
OP106197,W0442,,Z,14.0,,2025-04-13 07:40:00
OP106198,W0313,Evening,,23.0,1.0,2025-01-13 00:46:00
OP106199,W0355,Evening,Z,,0.0,2025-02-21 22:29:00
OP106200,W0464,,Z,27.0,0.0,2025-06-24 05:48:00
OP106201,W0453,Mornng,E,32.0,,2025-01-21 17:25:00
OP106202,W0409,Evening,C,44.0,2.0,2025-03-17 22:18:00
OP106203,W0131,,B,36.0,1.0,2025-04-06 16:16:00
OP106204,W0094,,C,11.0,,2025-03-24 03:59:00
OP106205,W0192,Morning,A,29.0,1.0,2025-03-29 02:30:00
OP106206,W0226,Evening,Z,15.0,1.0,2025-02-15 08:44:00
OP106207,W0043,,B,21.0,2.0,2025-04-10 09:14:00
OP106208,W0465,Evening,,17.0,2.0,2025-05-25 19:22:00
OP106209,W0156,Mornng,D,37.0,2.0,2025-05-28 22:30:00
OP106210,W0041,Mornng,B,,1.0,2025-02-15 12:19:00
OP106211,W0245,Evening,D,5.0,1.0,2025-02-23 01:01:00
OP106212,W0378,Morning,E,49.0,,2025-06-29 14:52:00
OP106213,W0213,Mornng,Z,8.0,,2025-03-24 18:39:00
OP106214,W0139,,B,32.0,1.0,2025-02-25 18:04:00
OP106215,W0222,Evening,E,36.0,2.0,2025-03-27 20:28:00
OP106216,W0465,Morning,D,1.0,2.0,2025-02-21 18:37:00
OP106217,W0092,,B,46.0,1.0,2025-01-28 06:54:00
OP106218,W0022,,C,34.0,2.0,2025-03-12 10:00:00
OP106219,W0047,,D,12.0,1.0,2025-03-09 15:16:00
OP106220,W0393,Morning,,24.0,,2025-02-25 10:21:00
OP106221,W0088,Mornng,C,20.0,1.0,2025-01-27 21:26:00
OP106222,W0324,Night,A,29.0,,2025-05-09 10:12:00
OP106223,W0014,,A,34.0,,2025-06-09 13:42:00
OP106224,W0142,Night,B,6.0,1.0,2025-05-10 21:12:00
OP106225,W0409,Mornng,C,33.0,1.0,2025-04-06 10:09:00
OP106226,W0452,Mornng,A,7.0,,2025-03-03 13:15:00
OP106227,W0307,,,-5.0,2.0,2025-02-13 03:40:00
OP106228,W0029,,Z,47.0,2.0,2025-01-25 19:55:00
OP106229,W0266,Mornng,D,7.0,0.0,2025-05-04 05:23:00
OP106230,W0290,Evening,B,14.0,2.0,2025-05-05 15:56:00
OP106231,W0480,Evening,B,25.0,1.0,2025-01-11 08:46:00
OP106232,W0374,Evening,A,21.0,2.0,2025-02-10 17:10:00
OP106233,W0229,Mornng,A,9.0,1.0,2025-04-03 10:15:00
OP106234,W0184,,,12.0,,2025-02-28 19:12:00
OP106235,W0253,Mornng,C,10.0,2.0,2025-02-25 18:23:00
OP106236,W0465,Mornng,D,0.0,2.0,2025-04-28 15:53:00
OP106237,W0095,Morning,,0.0,1.0,2025-01-12 03:23:00
OP106238,W0286,Night,D,32.0,1.0,2025-05-17 15:20:00
OP106239,W0477,,Z,19.0,,2025-01-26 05:23:00
OP106240,W0016,,Z,31.0,1.0,invalid_date
OP106241,W0310,Morning,,41.0,2.0,2025-05-17 06:18:00
OP106242,W0167,,,36.0,,2025-01-24 14:18:00
OP106243,W0202,,,18.0,1.0,invalid_date
OP106244,W0133,Mornng,B,49.0,,2025-05-17 20:39:00
OP106245,W0162,Morning,D,37.0,1.0,2025-04-15 21:36:00
OP106246,W0260,Mornng,A,46.0,1.0,2025-01-25 03:18:00
OP106247,W0157,Evening,C,6.0,2.0,2025-03-28 05:51:00
OP106248,W0491,Evening,B,45.0,0.0,2025-06-19 11:55:00
OP106249,W0227,Evening,C,20.0,1.0,2025-06-18 17:38:00
OP106250,W0229,Evening,Z,17.0,,2025-04-08 16:48:00
OP106251,W0430,,A,26.0,1.0,2025-06-26 05:42:00
OP106252,W0065,Evening,D,0.0,0.0,2025-06-12 16:54:00
OP106253,W0232,Night,D,29.0,,2025-04-17 12:15:00
OP106254,W0335,Night,Z,10.0,0.0,2025-02-07 04:01:00
OP106255,W0240,,C,9.0,1.0,2025-04-27 09:29:00
OP106256,W0184,,A,25.0,1.0,2025-05-30 21:07:00
OP106257,W0134,,C,15.0,1.0,2025-02-15 00:29:00
OP106258,W0239,Night,B,24.0,2.0,2025-04-02 11:27:00
OP106259,W0326,Mornng,C,14.0,0.0,2025-01-22 19:51:00
OP106260,W0309,Morning,B,32.0,0.0,2025-03-05 11:42:00
OP106261,W0288,,A,17.0,2.0,2025-05-23 17:07:00
OP106262,W0027,,E,20.0,0.0,2025-05-26 16:20:00
OP106263,W0196,Morning,A,13.0,0.0,2025-06-08 16:48:00
OP106264,W0264,,D,19.0,1.0,2025-03-31 20:41:00
OP106265,W0188,Evening,Z,30.0,,2025-03-10 02:24:00
OP106266,W0364,Night,D,41.0,2.0,2025-06-07 02:08:00
OP106267,W0413,Evening,A,1.0,2.0,2025-05-04 17:24:00
OP106268,W0234,Mornng,A,7.0,,2025-05-26 18:52:00
OP106269,W0153,Night,D,44.0,,2025-03-26 01:00:00
OP106270,W0341,Mornng,C,44.0,1.0,2025-03-24 12:14:00
OP106271,W0126,Evening,E,31.0,0.0,2025-01-02 23:58:00
OP106272,W0075,,,41.0,1.0,2025-01-13 15:18:00
OP106273,W0084,Night,C,16.0,0.0,2025-06-08 05:04:00
OP106274,W0142,Morning,A,17.0,1.0,2025-04-07 01:38:00
OP106275,W0363,Mornng,A,10.0,2.0,2025-05-22 04:46:00
OP106276,W0327,Evening,,6.0,,2025-02-04 20:13:00
OP106277,W0411,Mornng,A,33.0,0.0,2025-03-02 01:31:00
OP106278,W0062,Mornng,E,21.0,2.0,2025-04-15 14:47:00
OP106279,W0134,Mornng,B,38.0,1.0,2025-05-20 17:31:00
OP106280,W0428,Night,D,20.0,,2025-06-15 11:05:00
OP106281,W0461,,Z,18.0,,2025-01-14 22:43:00
OP106282,W0345,,A,8.0,0.0,2025-01-30 09:43:00
OP106283,W0463,Night,,8.0,1.0,2025-02-15 16:44:00
OP106284,W0149,Night,Z,30.0,,2025-05-03 09:47:00
OP106285,W0230,,C,45.0,,2025-04-07 20:44:00
OP106286,W0479,Morning,A,9.0,2.0,2025-01-27 00:56:00
OP106287,W0313,Morning,C,48.0,,2025-02-02 03:18:00
OP106288,W0407,Evening,B,22.0,0.0,2025-04-23 03:40:00
OP106289,W0220,,,16.0,1.0,2025-02-28 17:23:00
OP106290,W0490,Morning,D,42.0,2.0,2025-04-05 16:36:00
OP106291,W0129,Evening,,37.0,2.0,2025-06-06 09:55:00
OP106292,W0079,,B,33.0,,2025-02-25 08:54:00
OP106293,W0311,Morning,A,36.0,,2025-05-14 01:01:00
OP106294,W0293,Night,E,43.0,,2025-01-01 21:25:00
OP106295,W0013,,A,14.0,1.0,2025-02-25 11:13:00
OP106296,W0368,Morning,D,8.0,2.0,2025-02-04 18:37:00
OP106297,W0365,Mornng,E,1.0,,2025-01-02 01:03:00
OP106298,W0026,Mornng,B,44.0,2.0,2025-06-02 21:09:00
OP106299,W0064,,Z,29.0,0.0,2025-06-04 02:16:00
OP106300,W0130,Evening,,6.0,2.0,2025-03-16 04:19:00
OP106301,W0494,Evening,E,29.0,,2025-06-28 19:41:00
OP106302,W0051,Evening,D,10.0,1.0,2025-03-03 11:01:00
OP106303,W0020,Evening,D,6.0,0.0,2025-06-20 16:06:00
OP106304,W0468,,B,27.0,,2025-03-22 15:26:00
OP106305,W0467,,,41.0,0.0,2025-03-29 04:25:00
OP106306,W0051,Morning,A,46.0,2.0,2025-03-08 07:53:00
OP106307,W0440,Mornng,,23.0,,2025-04-09 14:29:00
OP106308,W0257,Mornng,C,44.0,0.0,2025-05-04 18:17:00
OP106309,W0044,Evening,B,47.0,1.0,2025-03-02 01:20:00
OP106310,W0235,Morning,E,25.0,2.0,2025-01-06 07:54:00
OP106311,W0187,,A,41.0,0.0,2025-05-03 20:15:00
OP106312,W0148,,A,3.0,2.0,invalid_date
OP106313,W0199,,D,37.0,2.0,2025-06-11 13:53:00
OP106314,W0462,Evening,D,6.0,0.0,2025-01-22 21:11:00
OP106315,W0104,Mornng,E,4.0,2.0,2025-04-03 07:04:00
OP106316,W0212,Mornng,E,37.0,2.0,2025-03-21 09:41:00
OP106317,W0097,,Z,4.0,1.0,2025-01-04 01:29:00
OP106318,W0040,Morning,E,3.0,,2025-06-23 08:46:00
OP106319,W0459,Morning,A,40.0,1.0,2025-02-27 09:02:00
OP106320,W0066,,Z,45.0,,2025-04-27 12:47:00
OP106321,W0255,Night,,2.0,,2025-06-12 07:04:00
OP106322,W0310,Morning,D,6.0,0.0,2025-03-26 04:39:00
OP106323,W0192,Night,C,44.0,0.0,invalid_date
OP106324,W0111,Evening,C,21.0,0.0,2025-04-22 09:03:00
OP106325,W0398,Morning,A,6.0,1.0,2025-01-28 05:30:00
OP106326,W0193,Morning,B,13.0,0.0,2025-04-12 10:47:00
OP106327,W0236,,A,7.0,2.0,2025-03-31 01:50:00
OP106328,W0428,,E,7.0,,2025-01-20 12:45:00
OP106329,W0405,Night,C,36.0,0.0,2025-02-18 01:01:00
OP106330,W0273,Evening,E,21.0,0.0,2025-04-21 14:32:00
OP106331,W0326,,B,16.0,1.0,2025-06-18 03:02:00
OP106332,W0357,,A,38.0,,2025-03-31 11:12:00
OP106333,W0171,Night,C,11.0,0.0,2025-06-23 14:58:00
OP106334,W0370,Mornng,E,38.0,0.0,2025-02-22 14:28:00
OP106335,W0230,,D,43.0,0.0,2025-06-11 22:37:00
OP106336,W0106,Mornng,A,15.0,1.0,2025-05-28 15:29:00
OP106337,W0351,,E,13.0,1.0,2025-05-22 13:26:00
OP106338,W0032,,Z,27.0,1.0,2025-04-29 13:02:00
OP106339,W0391,Morning,D,14.0,0.0,2025-03-10 15:14:00
OP106340,W0488,Morning,E,47.0,2.0,2025-01-09 10:12:00
OP106341,W0453,,D,48.0,0.0,2025-02-24 09:12:00
OP106342,W0048,Morning,A,42.0,0.0,2025-01-23 17:58:00
OP106343,W0437,,E,42.0,1.0,2025-03-22 06:40:00
OP106344,W0382,,C,45.0,0.0,2025-02-25 14:57:00
OP106345,W0010,Evening,Z,31.0,,2025-02-03 23:07:00
OP106346,W0244,Evening,C,4.0,0.0,2025-06-28 08:47:00
OP106347,W0483,Mornng,C,14.0,,2025-05-12 05:30:00
OP106348,W0392,,E,6.0,2.0,2025-01-05 18:56:00
OP106349,W0391,Evening,B,27.0,,2025-06-28 18:39:00
OP106350,W9999,Night,B,12.0,,2025-06-15 07:09:00
OP106351,W0350,Evening,Z,20.0,0.0,2025-05-14 12:55:00
OP106352,W0086,Mornng,,0.0,2.0,2025-06-01 05:51:00
OP106353,W0014,,D,19.0,1.0,2025-01-17 22:21:00
OP106354,W0119,Mornng,D,2.0,1.0,2025-03-14 18:28:00
OP106355,W0271,Morning,,38.0,0.0,2025-03-04 08:29:00
OP106356,W0482,Morning,Z,32.0,1.0,2025-05-20 11:36:00
OP106357,W0238,,E,3.0,1.0,2025-06-23 18:04:00
OP106358,W0291,Morning,A,16.0,2.0,2025-05-06 16:22:00
OP106359,W0375,Mornng,A,16.0,1.0,2025-06-05 08:57:00
OP106360,W0373,,,41.0,2.0,2025-06-14 09:01:00
OP106361,W0395,Evening,D,45.0,2.0,2025-02-24 17:31:00
OP106362,W0490,Mornng,C,43.0,,2025-06-19 14:04:00
OP106363,W0243,,A,2.0,1.0,2025-02-06 12:44:00
OP106364,W0234,Night,E,47.0,1.0,2025-02-21 00:37:00
OP106365,W0050,,,16.0,0.0,2025-04-10 18:56:00
OP106366,W0432,,B,48.0,,2025-01-12 17:51:00
OP106367,W0235,Morning,D,49.0,2.0,2025-06-13 21:08:00
OP106368,W0099,Night,E,41.0,1.0,2025-01-09 03:34:00
OP106369,W0232,Evening,E,25.0,2.0,2025-02-15 22:40:00
OP106370,W0161,,E,49.0,1.0,2025-06-25 00:25:00
OP106371,W0471,Mornng,A,25.0,2.0,2025-04-06 03:11:00
OP106372,W0151,Morning,Z,3.0,0.0,2025-03-08 17:13:00
OP106373,W0277,Mornng,B,48.0,2.0,2025-04-30 07:49:00
OP106374,W0119,Mornng,A,40.0,0.0,2025-05-27 22:52:00
OP106375,W0031,,A,27.0,2.0,2025-02-12 08:30:00
OP106376,W0107,,D,19.0,0.0,2025-03-17 11:05:00
OP106377,W0435,Evening,Z,39.0,2.0,2025-04-05 23:30:00
OP106378,W0428,Evening,Z,38.0,,2025-02-19 23:00:00
OP106379,W0216,Evening,Z,0.0,0.0,2025-01-27 20:29:00
OP106380,W0299,Mornng,C,,,2025-02-28 03:42:00
OP106381,W0464,Mornng,,39.0,1.0,2025-01-25 20:13:00
OP106382,W0181,Night,A,4.0,1.0,2025-06-08 16:32:00
OP106383,W0173,Night,B,35.0,1.0,2025-02-12 08:16:00
OP106384,W0394,Night,Z,30.0,,2025-04-18 19:44:00
OP106385,W0416,Mornng,D,33.0,2.0,2025-06-27 08:51:00
OP106386,W0262,Night,B,38.0,0.0,2025-02-05 12:03:00
OP106387,W0142,Night,,5.0,,2025-02-05 06:58:00
OP106388,W0253,Mornng,D,2.0,,2025-01-03 12:58:00
OP106389,W0485,Mornng,B,4.0,1.0,2025-02-21 03:06:00
OP106390,W0082,Mornng,E,1.0,1.0,2025-02-23 08:24:00
OP106391,W0204,Evening,D,31.0,,2025-04-20 02:51:00
OP106392,W0417,,A,28.0,0.0,2025-05-08 17:53:00
OP106393,W0278,Mornng,,4.0,0.0,2025-06-25 18:08:00
OP106394,W0011,Morning,A,35.0,2.0,2025-01-16 18:15:00
OP106395,W0366,Mornng,Z,10.0,0.0,2025-05-02 16:10:00
OP106396,W0456,Evening,,8.0,2.0,2025-05-23 18:38:00
OP106397,W0444,Morning,C,25.0,0.0,2025-04-27 21:53:00
OP106398,W0022,Evening,D,26.0,1.0,2025-02-22 16:30:00
OP106399,W0160,,,26.0,,2025-06-11 23:58:00
OP106400,W0310,Morning,,17.0,,2025-02-13 22:13:00
OP106401,W0458,Night,B,2.0,,2025-04-27 02:22:00
OP106402,W0321,Morning,Z,28.0,2.0,2025-03-19 14:13:00
OP106403,W0268,,B,18.0,1.0,2025-04-03 22:43:00
OP106404,W0167,,B,13.0,1.0,2025-06-03 14:29:00
OP106405,W0229,Mornng,Z,37.0,2.0,2025-03-09 22:41:00
OP106406,W0163,Night,E,16.0,1.0,2025-03-06 00:11:00
OP106407,W0427,Night,B,24.0,,2025-01-29 16:18:00
OP106408,W0283,,A,46.0,2.0,2025-06-03 18:28:00
OP106409,W0306,Night,A,35.0,0.0,2025-06-09 21:37:00
OP106410,W0151,Evening,Z,30.0,,2025-06-29 07:47:00
OP106411,W0464,Morning,Z,29.0,1.0,2025-01-27 08:02:00
OP106412,W0043,,D,33.0,2.0,2025-02-02 14:36:00
OP106413,W0182,Night,E,39.0,1.0,2025-03-03 19:24:00
OP106414,W0429,Night,Z,20.0,0.0,2025-03-20 21:52:00
OP106415,W0121,Evening,C,19.0,1.0,2025-06-13 16:44:00
OP106416,W0167,,B,8.0,0.0,2025-01-12 12:25:00
OP106417,W0330,Morning,C,7.0,0.0,2025-06-19 22:53:00
OP106418,W0136,Night,Z,30.0,0.0,2025-06-28 07:53:00
OP106419,W0181,,Z,18.0,2.0,2025-04-07 13:25:00
OP106420,W0486,Night,Z,6.0,,2025-04-10 16:27:00
OP106421,W0462,Evening,C,32.0,0.0,2025-01-04 09:04:00
OP106422,W0041,Evening,A,48.0,1.0,2025-06-07 19:17:00
OP106423,W0155,Night,D,31.0,,2025-04-05 06:24:00
OP106424,W0244,Night,C,25.0,2.0,2025-02-04 12:04:00
OP106425,W0493,,C,21.0,2.0,2025-06-23 03:22:00
OP106426,W0224,Mornng,B,47.0,0.0,invalid_date
OP106427,W0040,Night,Z,23.0,0.0,invalid_date
OP106428,W0251,,E,14.0,,2025-04-09 17:20:00
OP106429,W0398,Night,,36.0,2.0,2025-01-14 17:51:00
OP106430,W0291,Night,A,42.0,1.0,2025-01-26 18:20:00
OP106431,W0370,,C,37.0,0.0,2025-02-28 03:21:00
OP106432,W0227,,E,19.0,,2025-06-04 15:28:00
OP106433,W0346,Night,E,11.0,0.0,2025-02-25 20:14:00
OP106434,W0335,,,18.0,2.0,2025-05-31 04:44:00
OP106435,W0191,Evening,A,2.0,2.0,2025-05-24 17:36:00
OP106436,W0451,Morning,D,0.0,,2025-05-25 07:41:00
OP106437,W0297,Mornng,A,7.0,0.0,2025-02-23 18:32:00
OP106438,W0305,Evening,D,48.0,0.0,2025-01-23 12:43:00
OP106439,W0104,Morning,Z,34.0,,2025-04-14 10:06:00
OP106440,W0083,Night,,14.0,,2025-03-31 18:44:00
OP106441,W0063,Night,,40.0,2.0,2025-05-19 10:47:00
OP106442,W0338,,E,26.0,1.0,2025-04-12 17:00:00
OP106443,W0006,,E,31.0,0.0,2025-04-26 22:54:00
OP106444,W0076,Night,A,31.0,,2025-04-10 12:50:00
OP106445,W0036,Morning,B,32.0,2.0,2025-02-20 01:06:00
OP106446,W0443,Evening,E,2.0,2.0,2025-05-15 05:03:00
OP106447,W0245,Night,C,12.0,1.0,2025-03-14 12:22:00
OP106448,W0226,Mornng,A,2.0,2.0,2025-03-06 23:38:00
OP106449,W0471,Mornng,A,47.0,2.0,2025-05-12 06:37:00
OP106450,W0486,Evening,A,49.0,0.0,2025-06-28 02:48:00
OP106451,W0452,Mornng,Z,42.0,,2025-03-03 10:48:00
OP106452,W0108,Morning,A,15.0,2.0,2025-04-18 06:14:00
OP106453,W0159,Night,Z,48.0,0.0,2025-03-26 13:56:00
OP106454,W0299,Evening,,23.0,2.0,2025-02-16 11:47:00
OP106455,W0353,Night,C,48.0,1.0,2025-04-13 16:06:00
OP106456,W0480,Mornng,C,23.0,,2025-01-12 02:53:00
OP106457,W0210,Evening,D,27.0,2.0,2025-02-08 01:11:00
OP106458,W0068,Evening,C,11.0,0.0,2025-02-21 20:18:00
OP106459,W0023,Morning,Z,42.0,2.0,2025-03-10 03:40:00
OP106460,W0026,,D,42.0,0.0,2025-01-31 13:00:00
OP106461,W0024,Morning,Z,18.0,1.0,2025-06-27 09:21:00
OP106462,W0263,Morning,D,15.0,,2025-04-15 00:48:00
OP106463,W0494,Morning,B,17.0,0.0,2025-06-07 09:37:00
OP106464,W0321,,A,31.0,2.0,2025-06-13 05:36:00
OP106465,W0188,Morning,,47.0,2.0,2025-05-24 07:13:00
OP106466,W0371,Night,A,29.0,,2025-02-11 21:15:00
OP106467,W0305,Evening,C,25.0,,2025-05-11 19:58:00
OP106468,W0190,Mornng,E,14.0,2.0,2025-04-12 03:17:00
OP106469,W0075,,B,36.0,2.0,2025-05-26 11:58:00
OP106470,W0112,Morning,,34.0,1.0,2025-04-30 18:30:00
OP106471,W0135,Mornng,D,11.0,,2025-01-21 12:56:00
OP106472,W0265,,,25.0,1.0,2025-06-19 07:17:00
OP106473,W0160,Evening,Z,26.0,0.0,2025-01-25 04:14:00
OP106474,W0220,Mornng,B,19.0,,2025-01-07 12:07:00
OP106475,W0220,Morning,C,29.0,0.0,2025-06-24 06:28:00
OP106476,W0221,Night,A,18.0,0.0,2025-06-04 22:28:00
OP106477,W0462,Mornng,B,18.0,0.0,2025-04-03 04:29:00
OP106478,W0008,,C,6.0,0.0,2025-01-23 01:15:00
OP106479,W0173,,A,46.0,2.0,2025-01-09 06:49:00
OP106480,W0219,Evening,A,49.0,2.0,2025-01-23 07:31:00
OP106481,W0351,Morning,B,10.0,2.0,2025-03-28 12:33:00
OP106482,W0473,Mornng,,49.0,1.0,2025-06-23 06:15:00
OP106483,W0277,,E,22.0,,2025-02-10 16:16:00
OP106484,W0107,Night,D,49.0,1.0,2025-05-18 18:56:00
OP106485,W0278,Mornng,,19.0,0.0,2025-04-26 22:14:00
OP106486,W0201,,B,15.0,2.0,2025-02-27 17:54:00
OP106487,W0483,Morning,A,16.0,2.0,2025-04-09 18:52:00
OP106488,W0049,Evening,A,38.0,,2025-04-17 17:01:00
OP106489,W0235,Morning,Z,11.0,2.0,2025-02-10 07:58:00
OP106490,W0119,Night,B,41.0,2.0,2025-06-29 10:07:00
OP106491,W0112,Morning,D,14.0,1.0,2025-04-09 18:19:00
OP106492,W0052,Night,B,4.0,2.0,2025-03-11 21:43:00
OP106493,W0475,Morning,E,21.0,1.0,2025-05-10 19:50:00
OP106494,,Mornng,Z,12.0,,2025-06-20 06:44:00
OP106495,W0276,Evening,,19.0,1.0,2025-03-19 05:01:00
OP106496,W0309,Night,A,6.0,0.0,2025-06-09 03:09:00
OP106497,W0008,Mornng,D,23.0,,2025-05-19 17:17:00
OP106498,W0405,Mornng,C,12.0,0.0,2025-05-17 20:26:00
OP106499,W0096,Night,C,45.0,2.0,2025-03-11 00:05:00
OP106500,W0165,Night,Z,12.0,0.0,2025-03-30 01:18:00
OP106501,W0074,Night,Z,40.0,0.0,2025-02-09 07:14:00
OP106502,W0179,Mornng,B,,1.0,2025-01-09 04:17:00
OP106503,W0335,,,,1.0,2025-03-03 19:08:00
OP106504,W0482,Morning,C,48.0,1.0,2025-03-14 12:44:00
OP106505,W0011,Night,,29.0,0.0,2025-05-31 19:08:00
OP106506,W0110,Morning,E,4.0,1.0,2025-03-04 20:03:00
OP106507,W0369,Evening,D,27.0,1.0,2025-05-19 10:47:00
OP106508,W0296,Evening,,26.0,2.0,2025-01-03 20:08:00
OP106509,W0462,Evening,A,21.0,2.0,2025-03-07 19:27:00
OP106510,W0276,,A,1.0,,2025-06-17 10:08:00
OP106511,W0438,Mornng,C,41.0,1.0,2025-05-05 04:32:00
OP106512,W0385,Mornng,C,,2.0,2025-04-16 10:37:00
OP106513,W0345,Evening,C,43.0,1.0,2025-04-22 12:10:00
OP106514,W0196,,Z,9.0,2.0,2025-04-16 16:55:00
OP106515,W0327,Night,E,26.0,2.0,2025-05-24 04:23:00
OP106516,W0153,Morning,B,7.0,,2025-06-27 05:48:00
OP106517,W0111,,C,42.0,1.0,2025-04-17 04:10:00
OP106518,W0315,Mornng,A,38.0,2.0,2025-05-20 16:03:00
OP106519,W0385,Evening,B,42.0,1.0,2025-01-25 10:49:00
OP106520,W0114,Night,E,21.0,,2025-03-31 11:18:00
OP106521,W0263,,A,7.0,0.0,2025-04-15 06:49:00
OP106522,W0037,Morning,D,43.0,1.0,2025-02-20 20:33:00
OP106523,W0337,Mornng,,32.0,2.0,2025-04-09 04:38:00
OP106524,W0047,,D,48.0,2.0,2025-06-22 08:16:00
OP106525,W0088,,C,0.0,2.0,2025-01-26 16:46:00
OP106526,W0430,Night,B,5.0,1.0,2025-05-25 06:05:00
OP106527,W0498,Mornng,A,16.0,1.0,2025-03-05 21:44:00
OP106528,W0322,Evening,A,19.0,0.0,2025-01-26 22:29:00
OP106529,W0139,,A,3.0,2.0,2025-04-27 12:49:00
OP106530,W0114,Mornng,A,27.0,2.0,2025-06-29 05:57:00
OP106531,W0253,Morning,E,15.0,1.0,2025-02-20 06:52:00
OP106532,W0143,,B,44.0,2.0,2025-05-14 22:09:00
OP106533,W0113,,,32.0,0.0,2025-04-07 18:36:00
OP106534,W0344,Night,,42.0,,2025-04-06 14:54:00
OP106535,W0010,Mornng,A,15.0,0.0,2025-01-04 01:23:00
OP106536,W0145,Morning,E,37.0,,2025-05-11 00:52:00
OP106537,W0025,Morning,D,17.0,,2025-01-12 20:07:00
OP106538,W0076,,Z,28.0,2.0,2025-05-16 02:26:00
OP106539,W0076,Evening,B,8.0,,2025-03-05 05:17:00
OP106540,W0394,Morning,Z,8.0,2.0,2025-05-27 13:58:00
OP106541,W0128,Mornng,Z,31.0,1.0,2025-05-15 22:35:00
OP106542,W0468,,Z,49.0,2.0,2025-04-22 07:18:00
OP106543,W0191,Evening,A,36.0,,invalid_date
OP106544,W0357,Evening,A,26.0,,2025-02-19 21:23:00
OP106545,W0366,Mornng,C,41.0,2.0,2025-06-17 05:08:00
OP106546,W0272,Night,C,39.0,,2025-05-11 01:30:00
OP106547,W0200,Mornng,C,0.0,1.0,2025-06-25 06:45:00
OP106548,W0418,Mornng,D,,1.0,2025-02-07 10:14:00
OP106549,W0009,Morning,B,44.0,,2025-02-15 21:49:00
OP106550,W0146,,B,34.0,,2025-03-07 22:40:00
OP106551,W0257,Mornng,B,19.0,1.0,2025-01-22 13:58:00
OP106552,W0459,Evening,A,1.0,1.0,2025-06-13 08:56:00
OP106553,W0285,Night,C,5.0,1.0,2025-05-13 11:32:00
OP106554,W0395,,Z,32.0,,2025-04-24 01:21:00
OP106555,W0079,Night,B,36.0,1.0,2025-04-05 18:33:00
OP106556,W0170,Mornng,B,26.0,,2025-05-15 11:28:00
OP106557,W0358,,B,39.0,1.0,2025-03-16 17:38:00
OP106558,W0206,Night,C,28.0,,2025-01-24 11:24:00
OP106559,W0073,,C,21.0,1.0,2025-04-07 16:31:00
OP106560,W0403,,Z,12.0,0.0,2025-03-26 07:19:00
OP106561,W0047,,C,32.0,1.0,2025-05-02 21:42:00
OP106562,W0053,Morning,Z,44.0,2.0,2025-05-24 14:18:00
OP106563,W0463,Morning,D,11.0,2.0,2025-04-15 07:28:00
OP106564,W0455,Night,C,19.0,,2025-01-15 10:35:00
OP106565,W0234,Mornng,B,24.0,0.0,2025-01-27 01:58:00
OP106566,W0353,Morning,Z,40.0,2.0,2025-05-03 00:04:00
OP106567,W0033,,,5.0,1.0,2025-04-08 22:46:00
OP106568,W0246,Evening,E,6.0,2.0,2025-05-17 04:40:00
OP106569,W0316,,,28.0,,2025-02-12 22:20:00
OP106570,W0106,,A,39.0,2.0,2025-03-10 13:12:00
OP106571,W0360,,E,23.0,,2025-02-03 11:23:00
OP106572,W0484,Evening,A,48.0,1.0,2025-05-04 20:10:00
OP106573,W0484,Morning,C,8.0,0.0,2025-02-27 06:06:00
OP106574,W0123,Evening,E,43.0,0.0,2025-05-07 00:35:00
OP106575,W0225,Morning,E,18.0,1.0,2025-02-22 21:38:00
OP106576,W0218,Night,C,11.0,,2025-05-11 17:51:00
OP106577,W0397,Morning,C,12.0,,2025-05-11 00:00:00
OP106578,W0288,,B,8.0,,2025-05-27 10:32:00
OP106579,W0327,Night,,34.0,0.0,2025-05-29 05:31:00
OP106580,W0187,,C,8.0,0.0,2025-01-18 22:49:00
OP106581,W0473,Night,A,7.0,2.0,2025-05-03 08:10:00
OP106582,W0482,,Z,29.0,,2025-03-17 18:23:00
OP106583,W0449,Morning,C,44.0,0.0,2025-06-10 16:09:00
OP106584,W0100,Morning,Z,5.0,2.0,2025-03-23 22:58:00
OP106585,W0003,,Z,10.0,,2025-02-11 15:49:00
OP106586,W0091,Mornng,E,17.0,2.0,2025-06-26 07:39:00
OP106587,W0166,Night,,46.0,2.0,2025-06-20 07:21:00
OP106588,W0365,Mornng,E,2.0,1.0,2025-04-01 21:08:00
OP106589,W0478,Mornng,Z,6.0,1.0,2025-05-14 04:37:00
OP106590,W0131,,C,8.0,0.0,2025-05-24 14:13:00
OP106591,W0412,Morning,B,28.0,2.0,2025-03-19 14:25:00
OP106592,W0418,,B,4.0,2.0,2025-05-30 23:50:00
OP106593,W0424,Mornng,E,10.0,,2025-01-01 07:43:00
OP106594,W0335,Morning,A,26.0,2.0,invalid_date
OP106595,W0205,,C,39.0,0.0,2025-04-06 20:13:00
OP106596,W0029,Evening,B,22.0,2.0,2025-02-06 09:22:00
OP106597,W0308,,Z,46.0,2.0,2025-06-21 22:14:00
OP106598,W0347,Night,,28.0,2.0,2025-01-29 06:13:00
OP106599,W0349,Evening,D,38.0,2.0,2025-02-13 19:33:00
OP106600,W0470,Morning,D,47.0,1.0,2025-02-23 16:57:00
OP106601,W0019,Evening,C,48.0,,2025-05-20 05:20:00
OP106602,W0033,Evening,D,6.0,,2025-01-16 00:43:00
OP106603,W0066,,,5.0,1.0,2025-06-23 21:39:00
OP106604,W0457,Evening,B,24.0,,2025-02-15 08:36:00
OP106605,W0160,Morning,E,14.0,,2025-06-22 10:54:00
OP106606,W0066,Night,,27.0,,2025-02-03 09:54:00
OP106607,W0099,,A,28.0,0.0,2025-02-25 04:34:00
OP106608,W0498,Morning,Z,,0.0,2025-01-09 15:44:00
OP106609,W0131,,A,9.0,2.0,2025-04-12 10:32:00
OP106610,W0046,Night,C,49.0,,2025-03-06 23:43:00
OP106611,W0085,Night,B,23.0,,2025-03-31 05:48:00
OP106612,W0291,,E,19.0,,2025-03-01 16:36:00
OP106613,W0011,Night,C,33.0,0.0,2025-02-23 16:34:00
OP106614,W0425,Night,E,13.0,2.0,2025-04-30 18:16:00
OP106615,W0318,Night,,17.0,1.0,2025-01-29 05:01:00
OP106616,W0087,Evening,E,17.0,0.0,2025-04-09 18:20:00
OP106617,W0268,Mornng,A,12.0,0.0,2025-05-29 16:49:00
OP106618,W0460,Evening,,28.0,2.0,2025-06-21 17:05:00
OP106619,W0465,Evening,C,33.0,,2025-03-29 09:23:00
OP106620,W0317,Morning,D,2.0,0.0,2025-03-03 09:41:00
OP106621,W0015,,Z,29.0,2.0,2025-01-24 10:44:00
OP106622,W0053,,C,32.0,2.0,invalid_date
OP106623,W0217,Evening,,32.0,1.0,2025-02-10 17:46:00
OP106624,W0375,Mornng,B,47.0,1.0,2025-06-01 22:12:00
OP106625,W0242,Mornng,E,19.0,2.0,2025-03-21 16:08:00
OP106626,W0022,Evening,D,26.0,1.0,2025-05-16 17:38:00
OP106627,W0322,Evening,A,24.0,,invalid_date
OP106628,W0172,Mornng,C,18.0,1.0,2025-06-20 19:53:00
OP106629,W0394,,B,4.0,1.0,2025-03-25 23:24:00
OP106630,W0005,,B,34.0,1.0,2025-01-24 02:41:00
OP106631,W0036,Morning,B,42.0,,2025-03-28 03:57:00
OP106632,W0180,Mornng,A,9.0,2.0,2025-04-18 17:49:00
OP106633,W0065,,B,4.0,0.0,2025-03-08 09:35:00
OP106634,W0003,Night,Z,13.0,2.0,2025-05-10 22:44:00
OP106635,W0316,,E,36.0,2.0,2025-01-17 22:32:00
OP106636,W0289,Night,,9.0,0.0,2025-01-05 15:11:00
OP106637,W0197,Night,C,47.0,2.0,2025-01-26 15:26:00
OP106638,W0294,Night,D,25.0,1.0,2025-01-21 12:51:00
OP106639,W0419,Night,Z,2.0,,2025-06-09 09:20:00
OP106640,W0101,Evening,Z,0.0,0.0,2025-05-30 18:51:00
OP106641,W0319,Morning,Z,7.0,1.0,2025-03-30 11:13:00
OP106642,W0033,,B,10.0,2.0,2025-02-13 06:14:00
OP106643,W0383,Night,,,2.0,2025-01-19 08:47:00
OP106644,W0272,,E,3.0,0.0,2025-01-11 14:14:00
OP106645,W0384,Evening,,23.0,,2025-02-01 00:45:00
OP106646,W0142,,C,12.0,1.0,2025-05-16 05:18:00
OP106647,W0180,Mornng,E,8.0,2.0,2025-03-23 17:20:00
OP106648,W0466,Mornng,,0.0,0.0,2025-02-07 00:34:00
OP106649,W0492,Morning,A,44.0,0.0,2025-02-19 05:11:00
OP106650,W0356,Night,A,29.0,,2025-04-16 21:11:00
OP106651,W0110,,B,33.0,1.0,2025-03-02 13:07:00
OP106652,W0398,Evening,E,12.0,,2025-06-25 09:13:00
OP106653,W0308,,E,45.0,1.0,2025-06-12 04:20:00
OP106654,W0294,,,1.0,,2025-01-09 01:04:00
OP106655,W0214,Night,A,,0.0,2025-02-21 05:16:00
OP106656,W0196,Morning,A,41.0,0.0,2025-02-26 15:43:00
OP106657,W0024,Mornng,A,25.0,0.0,2025-03-17 04:32:00
OP106658,W0227,Evening,C,34.0,2.0,2025-05-18 13:38:00
OP106659,W0222,Mornng,A,6.0,,2025-02-18 13:27:00
OP106660,W0105,Night,Z,,,2025-04-14 02:46:00
OP106661,W0085,Mornng,D,42.0,0.0,2025-01-16 06:38:00
OP106662,W0066,,Z,16.0,1.0,2025-02-02 06:03:00
OP106663,W0440,Night,C,20.0,0.0,2025-06-26 08:49:00
OP106664,W0007,Morning,,47.0,2.0,2025-06-01 13:38:00
OP106665,W0459,,Z,5.0,0.0,2025-05-06 12:34:00
OP106666,W0163,Mornng,E,24.0,1.0,2025-05-08 23:11:00
OP106667,W0085,Night,D,24.0,0.0,2025-05-28 11:30:00
OP106668,W0339,Mornng,Z,35.0,0.0,2025-05-21 07:29:00
OP106669,W0369,Evening,,5.0,2.0,2025-01-02 18:43:00
OP106670,W0059,Mornng,Z,45.0,2.0,2025-05-15 13:31:00
OP106671,W0440,Mornng,A,42.0,0.0,2025-02-05 09:50:00
OP106672,W0244,Mornng,B,33.0,1.0,2025-03-29 10:12:00
OP106673,W0180,,,19.0,1.0,2025-03-03 18:14:00
OP106674,W0006,Morning,E,45.0,0.0,2025-01-02 15:29:00
OP106675,W0163,Night,D,42.0,2.0,2025-02-18 08:31:00
OP106676,W0246,,D,15.0,1.0,2025-01-06 03:19:00
OP106677,W0252,,,45.0,2.0,2025-02-26 17:22:00
OP106678,W0150,Morning,C,17.0,2.0,2025-02-02 17:13:00
OP106679,W0272,Night,B,6.0,0.0,2025-04-01 11:15:00
OP106680,W0108,Mornng,,14.0,2.0,2025-04-20 21:10:00
OP106681,W0013,,Z,45.0,1.0,2025-03-04 03:34:00
OP106682,W0038,Morning,B,24.0,2.0,2025-04-13 09:23:00
OP106683,W0164,Morning,B,47.0,2.0,2025-01-04 23:01:00
OP106684,W0449,Mornng,E,36.0,,2025-06-11 08:38:00
OP106685,W0280,Morning,A,31.0,,2025-01-10 14:35:00
OP106686,W0489,Morning,B,14.0,1.0,2025-05-01 00:02:00
OP106687,W0467,,D,41.0,1.0,2025-03-06 08:22:00
OP106688,W0393,,D,22.0,,2025-06-07 11:35:00
OP106689,W0443,Night,Z,30.0,1.0,2025-03-20 20:31:00
OP106690,W0406,Mornng,D,11.0,,2025-03-01 22:19:00
OP106691,W0267,Evening,C,13.0,0.0,2025-02-05 07:22:00
OP106692,W0088,,E,47.0,0.0,2025-05-15 02:02:00
OP106693,W0276,Morning,D,23.0,2.0,2025-02-12 15:16:00
OP106694,W0200,,A,18.0,1.0,2025-05-27 05:55:00
OP106695,W0074,,D,1.0,1.0,2025-05-13 18:00:00
OP106696,W0293,,B,42.0,,2025-03-29 05:58:00
OP106697,W0421,,B,26.0,1.0,2025-06-09 16:32:00
OP106698,W0442,Mornng,Z,15.0,,2025-06-17 13:28:00
OP106699,W0116,,D,0.0,1.0,2025-04-21 04:20:00
OP106700,W0464,Evening,B,6.0,2.0,2025-03-19 17:56:00
OP106701,W0442,Morning,Z,4.0,,2025-05-11 09:57:00
OP106702,W0114,,Z,33.0,1.0,2025-05-12 22:27:00
OP106703,W0489,Mornng,A,49.0,1.0,2025-01-18 02:51:00
OP106704,W0008,Morning,A,29.0,0.0,2025-02-14 15:00:00
OP106705,W0418,Morning,B,25.0,,2025-06-14 06:42:00
OP106706,W0148,,B,3.0,1.0,2025-02-10 21:59:00
OP106707,W0456,,B,39.0,1.0,2025-05-21 19:47:00
OP106708,W0420,Mornng,Z,-5.0,1.0,2025-01-19 04:48:00
OP106709,W0257,Night,D,45.0,,2025-01-07 09:35:00
OP106710,W0018,,A,11.0,,2025-06-27 23:05:00
OP106711,W0183,,B,16.0,,2025-06-17 07:30:00
OP106712,W0095,Night,B,4.0,2.0,2025-03-09 01:29:00
OP106713,W0496,Mornng,Z,39.0,,2025-03-31 19:18:00
OP106714,W0353,Mornng,B,18.0,0.0,2025-04-08 18:57:00
OP106715,W0026,Night,E,14.0,2.0,2025-05-02 13:46:00
OP106716,W0030,Night,C,27.0,,2025-05-19 16:31:00
OP106717,W0327,,D,27.0,,2025-04-19 16:36:00
OP106718,W0027,Evening,B,0.0,1.0,2025-02-14 22:58:00
OP106719,W0341,Evening,C,14.0,1.0,2025-05-08 05:13:00
OP106720,W0124,Night,D,5.0,2.0,2025-06-23 02:11:00
OP106721,W0228,,C,15.0,1.0,2025-01-31 15:05:00
OP106722,W0098,,Z,22.0,,2025-05-16 21:45:00
OP106723,W0395,Morning,,30.0,0.0,2025-02-14 01:32:00
OP106724,W0403,Evening,E,38.0,1.0,2025-05-20 22:10:00
OP106725,W0195,Morning,C,33.0,0.0,2025-06-05 01:09:00
OP106726,W0242,Evening,A,3.0,1.0,2025-04-11 11:45:00
OP106727,W0280,Night,E,9.0,1.0,2025-05-10 09:28:00
OP106728,W0384,Morning,Z,37.0,,2025-05-17 03:59:00
OP106729,W0306,,Z,28.0,1.0,2025-04-11 01:59:00
OP106730,W0361,Night,,8.0,0.0,2025-06-15 22:34:00
OP106731,W0042,,,47.0,0.0,2025-03-28 13:21:00
OP106732,W0146,Morning,B,41.0,0.0,invalid_date
OP106733,W0307,Evening,B,13.0,2.0,2025-02-20 10:45:00
OP106734,W0320,,,26.0,2.0,2025-04-14 19:37:00
OP106735,W0373,,B,4.0,1.0,2025-02-27 10:09:00
OP106736,W0493,,A,-5.0,0.0,2025-02-16 18:17:00
OP106737,W0435,Morning,A,31.0,,2025-01-15 16:04:00
OP106738,W0355,,B,41.0,0.0,invalid_date
OP106739,W0405,Morning,C,30.0,2.0,2025-04-24 08:23:00
OP106740,W0349,Mornng,E,37.0,1.0,2025-04-11 05:04:00
OP106741,W0120,,D,38.0,0.0,2025-04-28 21:00:00
OP106742,W0101,Morning,D,15.0,1.0,2025-02-22 10:52:00
OP106743,W0382,,A,,1.0,2025-03-01 21:13:00
OP106744,W0417,Morning,C,19.0,1.0,2025-05-01 12:04:00
OP106745,W0085,,D,37.0,,2025-01-14 04:49:00
OP106746,W0298,Mornng,B,2.0,1.0,2025-03-10 12:09:00
OP106747,W0464,Morning,C,26.0,,2025-05-21 05:12:00
OP106748,W0229,Mornng,D,14.0,0.0,2025-01-18 23:43:00
OP106749,W0121,Night,E,22.0,0.0,2025-01-30 21:53:00
OP106750,W0447,Mornng,Z,26.0,1.0,2025-04-03 20:53:00
OP106751,W0401,,B,6.0,0.0,2025-04-12 17:16:00
OP106752,W0348,,B,26.0,2.0,2025-06-11 06:43:00
OP106753,W0212,Evening,Z,2.0,2.0,2025-06-15 16:03:00
OP106754,W0105,Morning,B,34.0,,2025-04-27 07:14:00
OP106755,W0488,Mornng,,36.0,2.0,2025-01-08 13:57:00
OP106756,W0362,Evening,,11.0,1.0,2025-05-14 06:16:00
OP106757,W0367,Morning,A,41.0,2.0,2025-02-05 13:09:00
OP106758,W0209,,A,26.0,,2025-03-31 21:08:00
OP106759,W0116,,D,46.0,0.0,2025-03-06 12:05:00
OP106760,W0085,Evening,B,10.0,,2025-05-05 07:57:00
OP106761,W0164,Mornng,E,18.0,2.0,2025-03-13 20:10:00
OP106762,W0041,,E,49.0,0.0,2025-06-14 09:03:00
OP106763,W0300,,E,22.0,0.0,2025-05-22 14:56:00
OP106764,W0357,,Z,42.0,,2025-04-02 01:47:00
OP106765,W0398,,B,33.0,2.0,2025-04-17 13:40:00
OP106766,W0177,Evening,Z,7.0,,2025-02-06 09:19:00
OP106767,W0279,Mornng,D,42.0,2.0,2025-06-19 10:24:00
OP106768,W0001,,C,25.0,0.0,2025-03-14 17:34:00
OP106769,W0127,Evening,C,0.0,,2025-05-20 19:39:00
OP106770,W0152,,B,0.0,,2025-04-09 06:47:00
OP106771,W0240,Mornng,D,18.0,0.0,2025-06-09 17:31:00
OP106772,W0082,,A,17.0,2.0,2025-04-21 18:01:00
OP106773,W0078,Mornng,B,49.0,,2025-05-26 05:11:00
OP106774,W0431,Night,D,7.0,0.0,2025-06-27 12:56:00
OP106775,W0192,,E,6.0,2.0,2025-05-19 10:29:00
OP106776,W0415,Evening,D,4.0,1.0,2025-06-19 08:11:00
OP106777,W0473,,Z,5.0,0.0,2025-04-03 02:54:00
OP106778,W0341,,B,30.0,,2025-06-16 22:04:00
OP106779,W0059,Evening,B,1.0,,2025-01-18 18:32:00
OP106780,W0047,Night,E,18.0,0.0,2025-06-22 21:25:00
OP106781,W0163,,A,19.0,0.0,2025-03-22 11:36:00
OP106782,W0481,Evening,C,23.0,1.0,2025-06-16 23:52:00
OP106783,W0397,,D,0.0,0.0,2025-05-15 06:42:00
OP106784,W0099,Evening,Z,35.0,2.0,2025-04-11 18:15:00
OP106785,W0286,Night,,24.0,1.0,2025-03-18 09:33:00
OP106786,W0324,Evening,B,19.0,2.0,2025-04-27 03:53:00
OP106787,W0398,,C,44.0,2.0,2025-03-12 13:00:00
OP106788,W0082,,C,25.0,,2025-06-26 10:46:00
OP106789,W0309,Morning,D,27.0,,2025-03-10 05:36:00
OP106790,W0418,Night,E,45.0,,2025-02-01 16:05:00
OP106791,W0475,Mornng,Z,47.0,2.0,2025-05-20 12:37:00
OP106792,W0154,Night,A,31.0,0.0,2025-02-16 11:09:00
OP106793,W0084,,A,20.0,,2025-05-24 21:09:00
OP106794,W0125,,,28.0,2.0,2025-04-14 16:05:00
OP106795,W0261,,D,42.0,,2025-04-10 16:28:00
OP106796,W0309,,C,40.0,1.0,2025-02-11 17:28:00
OP106797,W0306,Night,E,9.0,2.0,2025-03-02 18:45:00
OP106798,W0204,Mornng,A,26.0,0.0,2025-05-06 21:19:00
OP106799,W0453,Evening,D,22.0,1.0,2025-01-24 07:35:00
OP106800,W0372,Morning,C,47.0,1.0,2025-01-12 06:57:00
OP106801,W0462,Mornng,C,17.0,0.0,2025-06-09 21:18:00
OP106802,W0268,Morning,B,44.0,1.0,2025-01-17 05:57:00
OP106803,W0445,,C,39.0,0.0,2025-03-18 11:24:00
OP106804,W0147,Morning,E,16.0,0.0,2025-05-27 00:22:00
OP106805,W0194,Night,,49.0,1.0,2025-02-01 13:16:00
OP106806,W0299,,B,30.0,0.0,2025-01-05 09:16:00
OP106807,W0257,Mornng,,39.0,2.0,2025-06-19 02:48:00
OP106808,W0040,Evening,A,48.0,0.0,2025-06-04 06:51:00
OP106809,W0328,Mornng,,35.0,0.0,2025-05-04 21:08:00
OP106810,W0168,Evening,Z,,,2025-04-01 01:07:00
OP106811,W0058,Mornng,E,23.0,2.0,2025-04-07 20:43:00
OP106812,W0019,,Z,27.0,2.0,invalid_date
OP106813,W0414,Mornng,,12.0,2.0,2025-04-24 09:01:00
OP106814,W0493,Evening,A,34.0,0.0,2025-06-14 02:10:00
OP106815,W0205,,A,10.0,0.0,2025-03-08 14:43:00
OP106816,W0078,Morning,Z,14.0,1.0,2025-06-01 19:05:00
OP106817,W0232,,B,30.0,0.0,2025-06-26 02:52:00
OP106818,W0233,Evening,,5.0,2.0,2025-01-14 12:30:00
OP106819,W0165,Night,Z,30.0,2.0,2025-06-02 21:17:00
OP106820,W0134,,E,11.0,,2025-05-15 10:32:00
OP106821,W0477,Mornng,A,33.0,,2025-01-23 15:01:00
OP106822,W0143,Evening,Z,36.0,0.0,2025-05-11 18:15:00
OP106823,W0036,Evening,C,1.0,0.0,2025-03-19 08:52:00
OP106824,W0126,Evening,B,25.0,2.0,2025-06-24 15:36:00
OP106825,W0060,Mornng,,6.0,2.0,2025-04-29 12:35:00
OP106826,W0137,Evening,D,40.0,,2025-04-19 16:01:00
OP106827,W0146,,,25.0,0.0,2025-05-15 19:25:00
OP106828,W0091,Mornng,B,36.0,,2025-01-29 11:08:00
OP106829,W0026,Night,E,1.0,1.0,2025-03-08 03:32:00
OP106830,W0427,Evening,A,31.0,1.0,2025-03-24 09:50:00
OP106831,W0092,Morning,D,15.0,0.0,2025-01-15 16:47:00
OP106832,W0112,,A,25.0,1.0,2025-02-06 21:36:00
OP106833,W0009,Evening,C,15.0,,2025-02-26 01:40:00
OP106834,W0494,Evening,B,36.0,2.0,2025-06-26 04:03:00
OP106835,W0108,Evening,C,11.0,0.0,2025-05-15 00:32:00
OP106836,W0330,,D,36.0,2.0,2025-03-11 22:24:00
OP106837,W0382,Morning,B,44.0,,2025-01-18 22:43:00
OP106838,W0478,,E,13.0,0.0,2025-03-01 07:36:00
OP106839,W0110,Evening,B,33.0,2.0,invalid_date
OP106840,W0022,Evening,B,11.0,2.0,2025-06-16 04:06:00
OP106841,W0247,Evening,B,11.0,0.0,2025-01-23 01:42:00
OP106842,W0246,Mornng,E,16.0,,2025-03-04 18:28:00
OP106843,W0218,,A,9.0,0.0,2025-06-11 19:13:00
OP106844,W0029,Evening,A,1.0,1.0,2025-02-09 00:15:00
OP106845,W0303,,D,4.0,0.0,2025-02-22 15:25:00
OP106846,W0129,Morning,B,0.0,2.0,2025-01-05 15:36:00
OP106847,W0295,Morning,D,43.0,1.0,2025-01-01 16:25:00
OP106848,W0048,Mornng,D,13.0,,2025-03-23 09:53:00
OP106849,W0295,Morning,,17.0,0.0,2025-01-09 20:28:00
OP106850,W0190,Mornng,C,45.0,0.0,2025-06-02 10:08:00
OP106851,W0203,Night,B,,,2025-06-28 21:55:00
OP106852,W0281,,D,19.0,0.0,2025-02-17 02:20:00
OP106853,W0485,Mornng,,18.0,2.0,2025-04-24 18:44:00
OP106854,W0140,Mornng,B,23.0,,2025-02-16 04:05:00
OP106855,W0341,,A,40.0,,2025-02-04 02:05:00
OP106856,W0078,Evening,A,34.0,1.0,2025-01-23 01:14:00
OP106857,W0426,Evening,Z,2.0,,2025-04-12 07:22:00
OP106858,W0358,,,18.0,,2025-03-18 06:39:00
OP106859,W0246,Night,D,19.0,,2025-04-20 14:19:00
OP106860,W0239,Morning,C,47.0,,2025-01-25 13:26:00
OP106861,W0404,,Z,24.0,2.0,2025-06-12 19:35:00
OP106862,W0326,Mornng,D,12.0,0.0,2025-03-21 10:16:00
OP106863,W0296,Mornng,A,2.0,2.0,2025-04-26 12:22:00
OP106864,W0261,Evening,,22.0,0.0,2025-02-25 04:32:00
OP106865,W0376,,C,5.0,2.0,2025-05-29 16:11:00
OP106866,W0252,Night,A,15.0,0.0,2025-04-22 13:51:00
OP106867,W0423,Evening,C,-5.0,1.0,2025-03-27 17:14:00
OP106868,W0310,,E,49.0,1.0,2025-05-18 11:23:00
OP106869,W0179,Mornng,,4.0,1.0,2025-06-13 15:15:00
OP106870,W0101,Morning,C,41.0,1.0,2025-03-19 18:22:00
OP106871,W0141,,,5.0,1.0,2025-04-29 20:34:00
OP106872,W0335,Mornng,E,13.0,2.0,2025-01-01 21:01:00
OP106873,W0149,Night,D,3.0,2.0,2025-04-07 01:34:00
OP106874,W0309,,B,1.0,1.0,2025-01-29 13:51:00
OP106875,W0418,Night,C,9.0,2.0,2025-01-09 19:33:00
OP106876,W0054,,,22.0,0.0,2025-03-26 08:24:00
OP106877,W0202,Evening,C,39.0,2.0,2025-03-23 20:12:00
OP106878,W0053,,A,41.0,,2025-01-28 13:45:00
OP106879,W0202,Evening,D,5.0,,2025-01-10 16:25:00
OP106880,W0238,,C,42.0,2.0,2025-02-18 00:57:00
OP106881,W0367,Evening,B,28.0,,2025-06-25 12:55:00
OP106882,W0183,Mornng,D,33.0,1.0,2025-06-21 18:20:00
OP106883,W0352,,B,26.0,2.0,2025-03-08 13:55:00
OP106884,W0426,,A,10.0,2.0,2025-01-25 22:43:00
OP106885,W0048,Mornng,C,25.0,,2025-06-25 00:35:00
OP106886,W0030,Evening,C,15.0,0.0,2025-02-01 05:24:00
OP106887,W0232,,B,7.0,,2025-01-28 05:46:00
OP106888,W0283,Evening,C,39.0,1.0,2025-02-28 11:57:00
OP106889,W0367,,,19.0,,2025-05-17 17:49:00
OP106890,W0339,Evening,A,26.0,2.0,2025-06-23 14:32:00
OP106891,W0304,,C,11.0,2.0,2025-02-03 10:41:00
OP106892,W0181,,D,23.0,2.0,2025-01-14 02:44:00
OP106893,W0470,Evening,D,47.0,0.0,2025-02-19 08:16:00
OP106894,W0020,Morning,,3.0,2.0,2025-02-01 11:18:00
OP106895,W9999,Night,A,41.0,0.0,2025-04-08 07:31:00
OP106896,W0358,,A,14.0,1.0,2025-06-13 20:27:00
OP106897,W0496,Mornng,Z,24.0,,invalid_date
OP106898,W0091,Evening,,25.0,,2025-06-24 20:46:00
OP106899,W0014,Night,D,26.0,,2025-01-21 22:10:00
OP106900,W0308,,A,39.0,2.0,2025-03-07 15:17:00
OP106901,W0199,Morning,C,36.0,1.0,2025-03-08 18:47:00
OP106902,W0333,Evening,,25.0,2.0,2025-02-05 00:20:00
OP106903,W0212,Night,E,21.0,0.0,2025-02-03 08:05:00
OP106904,W0298,Morning,A,19.0,0.0,2025-01-10 21:04:00
OP106905,W0117,Evening,B,14.0,,2025-06-27 01:49:00
OP106906,W0113,Mornng,C,35.0,,2025-02-15 11:55:00
OP106907,W0495,,,2.0,1.0,2025-04-15 05:35:00
OP106908,W0371,Mornng,E,11.0,,2025-06-06 04:31:00
OP106909,W0316,Mornng,E,38.0,2.0,2025-02-23 08:33:00
OP106910,W0364,Evening,E,13.0,,2025-06-08 16:28:00
OP106911,W0077,Night,,19.0,0.0,2025-06-22 05:48:00
OP106912,W0090,Morning,Z,44.0,0.0,2025-06-06 18:25:00
OP106913,W0447,Mornng,,12.0,2.0,2025-04-08 06:42:00
OP106914,W0451,Night,A,42.0,,2025-02-13 09:38:00
OP106915,W0199,,,43.0,0.0,2025-02-24 00:09:00
OP106916,W0038,Night,C,10.0,1.0,2025-03-17 19:29:00
OP106917,W0497,Morning,E,36.0,2.0,2025-04-24 00:08:00
OP106918,W0474,,B,37.0,2.0,2025-03-19 03:04:00
OP106919,W0075,Mornng,,26.0,,2025-03-19 12:38:00
OP106920,W0196,Mornng,D,24.0,,2025-05-30 05:38:00
OP106921,W0121,Morning,B,5.0,0.0,2025-05-01 10:09:00
OP106922,W0165,Night,Z,4.0,1.0,2025-03-18 20:24:00
OP106923,W0299,,B,12.0,,2025-05-16 20:04:00
OP106924,W0116,Evening,B,49.0,,2025-06-29 22:22:00
OP106925,W0013,Night,Z,15.0,2.0,2025-04-17 04:24:00
OP106926,W0057,Morning,A,13.0,1.0,2025-03-18 08:24:00
OP106927,W0071,Evening,D,48.0,2.0,2025-02-09 12:18:00
OP106928,W0312,,C,48.0,,2025-03-22 00:51:00
OP106929,W0014,Night,B,33.0,2.0,2025-04-22 02:32:00
OP106930,W0438,Evening,B,33.0,0.0,2025-06-24 19:24:00
OP106931,W0337,Evening,A,49.0,1.0,2025-06-27 14:10:00
OP106932,W0397,,B,,2.0,2025-04-24 08:49:00
OP106933,W0325,,,24.0,0.0,2025-01-18 21:00:00
OP106934,W0122,Night,C,36.0,0.0,2025-02-19 06:25:00
OP106935,W0454,,A,14.0,,2025-05-24 16:43:00
OP106936,W0050,Evening,D,2.0,0.0,2025-06-29 02:11:00
OP106937,W0245,Mornng,A,24.0,,2025-04-04 03:55:00
OP106938,W0191,Night,Z,11.0,0.0,2025-01-10 11:08:00
OP106939,W0497,Morning,D,17.0,0.0,2025-04-29 02:51:00
OP106940,W0277,Night,E,36.0,2.0,2025-04-16 17:20:00
OP106941,W0279,,A,46.0,0.0,2025-06-06 02:14:00
OP106942,W0082,Evening,B,10.0,,2025-01-03 20:14:00
OP106943,W0111,Mornng,B,37.0,0.0,2025-06-29 03:02:00
OP106944,W0377,Mornng,,3.0,1.0,2025-06-28 21:02:00
OP106945,W0451,,A,18.0,,2025-05-01 10:03:00
OP106946,W0244,Evening,C,2.0,0.0,2025-01-16 23:50:00
OP106947,W0120,,A,30.0,0.0,2025-03-04 12:41:00
OP106948,W0482,,Z,40.0,,2025-03-16 07:56:00
OP106949,W0139,,B,16.0,1.0,2025-05-29 07:35:00
OP106950,W0109,Night,D,20.0,2.0,2025-06-03 19:14:00
OP106951,W0107,Night,D,28.0,,2025-03-01 09:02:00
OP106952,W0011,Mornng,,47.0,1.0,2025-05-11 18:36:00
OP106953,W0329,Night,Z,15.0,,2025-05-26 05:15:00
OP106954,W0492,Night,A,2.0,1.0,2025-02-24 06:17:00
OP106955,W0029,,D,,1.0,2025-01-27 00:48:00
OP106956,W0440,,Z,32.0,1.0,2025-06-08 11:07:00
OP106957,W0213,Mornng,A,6.0,0.0,2025-03-08 20:47:00
OP106958,W0207,,,4.0,2.0,2025-05-29 19:58:00
OP106959,W0173,Mornng,,,2.0,2025-03-02 03:40:00
OP106960,W0438,Evening,,15.0,2.0,2025-01-09 22:36:00
OP106961,W0364,Evening,D,7.0,1.0,2025-03-05 02:01:00
OP106962,W0353,Night,A,2.0,1.0,2025-03-14 04:00:00
OP106963,W0439,,D,38.0,2.0,2025-05-23 13:08:00
OP106964,W0042,Mornng,D,48.0,2.0,2025-02-23 20:33:00
OP106965,W0370,Mornng,D,26.0,0.0,2025-02-10 18:01:00
OP106966,W0267,Evening,C,43.0,2.0,2025-02-17 03:34:00
OP106967,W0235,Evening,B,23.0,2.0,2025-01-03 23:11:00
OP106968,W0335,,B,37.0,1.0,2025-06-13 03:28:00
OP106969,W0113,Night,D,18.0,2.0,2025-06-29 01:52:00
OP106970,W0432,Evening,A,21.0,2.0,2025-06-22 00:31:00
OP106971,W0250,,E,4.0,1.0,2025-03-04 12:33:00
OP106972,W0199,Night,Z,29.0,0.0,2025-05-22 10:37:00
OP106973,W0159,Night,D,21.0,1.0,2025-02-15 21:00:00
OP106974,,Morning,E,31.0,,2025-02-28 05:13:00
OP106975,W0066,Morning,B,32.0,,2025-04-10 17:24:00
OP106976,W0169,Mornng,E,29.0,0.0,2025-06-06 03:29:00
OP106977,W0427,Morning,C,,1.0,2025-06-12 09:03:00
OP106978,W0422,Mornng,,13.0,2.0,2025-02-05 16:52:00
OP106979,W0017,,Z,8.0,1.0,2025-05-29 06:41:00
OP106980,W0170,Night,,5.0,,2025-04-04 16:16:00
OP106981,W0358,Morning,,41.0,,2025-01-30 22:40:00
OP106982,W0421,,B,29.0,0.0,2025-06-21 12:58:00
OP106983,W0218,Evening,C,10.0,1.0,2025-03-06 00:26:00
OP106984,W0479,Morning,C,24.0,1.0,2025-02-23 16:25:00
OP106985,W0492,Mornng,D,14.0,2.0,2025-06-07 22:27:00
OP106986,W0116,Morning,D,0.0,0.0,2025-02-14 04:23:00
OP106987,W0079,Morning,C,36.0,1.0,2025-02-03 10:24:00
OP106988,W0281,Night,C,34.0,1.0,2025-05-11 03:04:00
OP106989,W0463,Morning,C,14.0,1.0,2025-06-24 23:43:00
OP106990,W0161,Evening,,16.0,1.0,2025-01-09 16:30:00
OP106991,W0353,Night,C,37.0,,2025-03-21 11:56:00
OP106992,W0453,,Z,44.0,0.0,2025-02-10 21:37:00
OP106993,W0493,,,12.0,0.0,2025-02-11 21:55:00
OP106994,W0029,,D,46.0,2.0,2025-02-22 19:10:00
OP106995,W0043,Morning,D,6.0,,2025-01-04 23:50:00
OP106996,W0255,Evening,A,11.0,,2025-06-11 13:39:00
OP106997,W0254,Mornng,E,49.0,,2025-05-22 13:37:00
OP106998,W0322,Morning,C,28.0,2.0,2025-05-25 09:51:00
OP106999,W0004,Mornng,A,5.0,,2025-04-27 15:29:00
OP107000,W0456,Mornng,D,1.0,2.0,2025-04-28 20:26:00
OP107001,W0234,,E,1.0,,2025-06-17 03:09:00
OP107002,W0461,Morning,,,,2025-01-18 18:04:00
OP107003,W0343,Evening,E,44.0,2.0,2025-05-21 07:52:00
OP107004,W0090,Night,,45.0,0.0,2025-06-02 12:33:00
OP107005,W0358,Morning,D,16.0,1.0,2025-03-01 12:15:00
OP107006,W0221,Night,E,33.0,1.0,2025-06-02 16:55:00
OP107007,W0035,Evening,B,42.0,2.0,2025-04-30 14:39:00
OP107008,W0470,Night,D,15.0,,2025-03-20 00:43:00
OP107009,W0226,Night,Z,34.0,2.0,2025-03-03 22:07:00
OP107010,W0109,,Z,38.0,2.0,2025-02-20 15:51:00
OP107011,W0081,,Z,13.0,2.0,2025-05-08 14:50:00
OP107012,W0001,,C,8.0,1.0,2025-01-09 22:18:00
OP107013,W0041,Morning,E,36.0,0.0,2025-05-29 06:15:00
OP107014,W0112,Evening,A,4.0,1.0,2025-03-19 02:23:00
OP107015,W0197,Evening,C,33.0,2.0,2025-05-29 15:26:00
OP107016,W0354,,A,16.0,2.0,2025-01-23 16:37:00
OP107017,W0365,,Z,18.0,0.0,2025-02-02 09:30:00
OP107018,W0191,Morning,,12.0,,2025-01-22 00:28:00
OP107019,W0195,Morning,A,12.0,2.0,2025-06-06 08:44:00
OP107020,W0101,Night,,19.0,,2025-05-03 15:04:00
OP107021,W0163,Morning,D,43.0,0.0,2025-03-26 22:45:00
OP107022,W0220,,D,17.0,2.0,2025-05-14 09:09:00
OP107023,W0022,Morning,B,44.0,0.0,2025-05-01 22:41:00
OP107024,W0326,,A,38.0,2.0,2025-04-29 11:38:00
OP107025,W0396,Night,D,42.0,2.0,2025-06-18 08:11:00
OP107026,W0483,Evening,A,13.0,,2025-02-06 06:25:00
OP107027,W0407,,D,32.0,1.0,2025-04-19 00:53:00
OP107028,W0162,,Z,20.0,0.0,2025-01-07 08:06:00
OP107029,W0123,Evening,D,45.0,0.0,2025-03-20 09:01:00
OP107030,W0009,Morning,A,44.0,1.0,2025-05-06 05:09:00
OP107031,W0336,Evening,C,17.0,2.0,2025-05-02 19:44:00
OP107032,W0057,Evening,C,27.0,0.0,2025-06-18 21:37:00
OP107033,W0059,Night,B,40.0,2.0,2025-02-09 15:12:00
OP107034,W0114,Night,D,48.0,1.0,2025-02-21 05:20:00
OP107035,W0144,Evening,C,49.0,2.0,2025-05-25 20:15:00
OP107036,W0009,,A,14.0,,2025-04-14 19:18:00
OP107037,W0348,,B,,1.0,2025-04-27 13:15:00
OP107038,W0363,,,36.0,2.0,2025-01-12 16:33:00
OP107039,W0320,,E,14.0,2.0,2025-06-04 05:14:00
OP107040,W0230,,D,0.0,1.0,2025-04-28 16:00:00
OP107041,W0365,,A,29.0,2.0,2025-01-18 22:35:00
OP107042,W0144,,A,45.0,1.0,2025-03-11 03:44:00
OP107043,W0304,Night,B,0.0,,2025-05-11 19:08:00
OP107044,W0089,Morning,Z,9.0,0.0,2025-06-23 02:36:00
OP107045,W0097,Mornng,,1.0,,2025-01-13 17:57:00
OP107046,W0430,Night,A,11.0,1.0,2025-01-06 01:50:00
OP107047,W0423,Evening,D,18.0,2.0,2025-01-12 16:03:00
OP107048,W0140,Mornng,A,4.0,,2025-01-02 05:35:00
OP107049,W0262,Evening,D,,2.0,2025-06-19 18:11:00
OP107050,W0270,Evening,,42.0,,2025-03-11 11:20:00
OP107051,W0377,,D,18.0,0.0,2025-01-16 11:45:00
OP107052,W0457,Mornng,D,25.0,,2025-01-12 23:36:00
OP107053,W0231,Morning,A,25.0,0.0,2025-05-09 14:15:00
OP107054,W0363,Night,E,49.0,,2025-01-07 15:23:00
OP107055,W0194,,,1.0,,2025-05-21 20:40:00
OP107056,W0186,,Z,40.0,0.0,2025-05-14 19:10:00
OP107057,W0250,Evening,B,39.0,1.0,2025-06-03 06:24:00
OP107058,W0062,,Z,11.0,2.0,2025-06-28 10:56:00
OP107059,W0162,,D,,0.0,2025-03-16 07:58:00
OP107060,W0462,,,5.0,2.0,2025-06-28 17:08:00
OP107061,W0004,,D,36.0,0.0,2025-02-12 04:50:00
OP107062,W0473,Mornng,,24.0,0.0,2025-01-22 08:45:00
OP107063,W0401,Mornng,,48.0,,2025-02-27 06:06:00
OP107064,W0009,Morning,A,3.0,1.0,2025-05-11 02:24:00
OP107065,W0393,Mornng,Z,2.0,2.0,2025-02-22 07:42:00
OP107066,W0046,Evening,Z,22.0,0.0,2025-06-04 05:54:00
OP107067,W0490,,B,46.0,1.0,2025-02-14 12:33:00
OP107068,W0360,Mornng,,-5.0,0.0,2025-01-20 02:39:00
OP107069,W0233,Night,B,38.0,2.0,2025-03-18 13:12:00
OP107070,W0057,Morning,D,15.0,0.0,2025-03-26 18:12:00
OP107071,W0012,Night,D,39.0,,2025-01-25 17:41:00
OP107072,W0159,Evening,D,44.0,,2025-04-03 03:40:00
OP107073,W0460,Mornng,A,20.0,1.0,2025-01-12 16:56:00
OP107074,W0147,Night,A,-5.0,1.0,2025-06-24 12:55:00
OP107075,W0480,Night,B,11.0,0.0,2025-06-08 08:58:00
OP107076,W0028,Evening,C,14.0,1.0,2025-03-04 19:27:00
OP107077,W0369,,D,21.0,2.0,2025-05-25 22:42:00
OP107078,W0021,Night,E,2.0,0.0,2025-05-17 06:28:00
OP107079,W0418,Mornng,,-5.0,,2025-04-28 11:53:00
OP107080,W0305,,E,47.0,0.0,2025-03-28 15:41:00
OP107081,W0021,Night,B,26.0,0.0,2025-02-21 17:30:00
OP107082,W0130,Mornng,D,41.0,1.0,2025-02-01 05:22:00
OP107083,W0139,Mornng,D,13.0,,2025-05-31 13:07:00
OP107084,W0396,,,15.0,2.0,2025-01-31 07:14:00
OP107085,W0039,Morning,E,9.0,2.0,2025-01-17 20:46:00
OP107086,W0028,Evening,,45.0,0.0,2025-02-08 14:18:00
OP107087,W0351,Night,A,2.0,0.0,2025-04-14 14:00:00
OP107088,W0118,,A,27.0,,2025-03-23 20:19:00
OP107089,W0434,,A,49.0,1.0,2025-05-04 11:19:00
OP107090,W0198,,E,36.0,0.0,2025-03-11 07:53:00
OP107091,W0260,,Z,35.0,2.0,2025-06-29 00:56:00
OP107092,W0100,,D,21.0,0.0,2025-06-23 10:29:00
OP107093,W0130,,A,29.0,2.0,2025-03-10 07:29:00
OP107094,W0192,Night,C,27.0,2.0,2025-04-14 00:41:00
OP107095,W0150,,,38.0,1.0,2025-01-26 20:07:00
OP107096,W0022,Mornng,E,40.0,1.0,2025-01-26 21:11:00
OP107097,W0391,,B,43.0,,2025-03-21 00:37:00
OP107098,W0025,,B,16.0,2.0,2025-04-26 22:09:00
OP107099,W0046,Evening,E,10.0,,2025-02-18 22:03:00
OP107100,W0379,,,45.0,1.0,2025-05-09 03:17:00
OP107101,W0339,,C,33.0,1.0,2025-01-01 00:49:00
OP107102,W0057,Mornng,B,35.0,,2025-03-27 03:55:00
OP107103,W0304,Night,D,21.0,0.0,2025-01-18 04:01:00
OP107104,W0470,Morning,Z,10.0,0.0,2025-04-19 05:57:00
OP107105,W0095,Night,D,43.0,0.0,2025-06-04 02:52:00
OP107106,W0122,,,5.0,2.0,2025-02-05 10:09:00
OP107107,W0007,Morning,A,36.0,0.0,2025-03-12 01:16:00
OP107108,W0062,Morning,,35.0,,2025-02-06 18:04:00
OP107109,W0470,Morning,Z,13.0,,2025-05-09 22:16:00
OP107110,W0292,,C,34.0,2.0,2025-06-17 00:25:00
OP107111,W0074,,,10.0,0.0,2025-04-25 08:43:00
OP107112,W0006,,D,3.0,2.0,2025-04-12 03:47:00
OP107113,W0158,Evening,B,10.0,1.0,2025-01-04 21:22:00
OP107114,W0087,,A,14.0,2.0,2025-06-15 19:17:00
OP107115,W0306,Night,A,19.0,2.0,2025-01-08 14:40:00
OP107116,W0317,,Z,29.0,2.0,2025-03-05 19:57:00
OP107117,W0289,Evening,,45.0,,2025-02-18 17:22:00
OP107118,W0228,,Z,17.0,1.0,2025-06-17 20:55:00
OP107119,W0022,,C,29.0,1.0,2025-06-13 04:26:00
OP107120,W9999,Night,C,38.0,,2025-06-08 02:54:00
OP107121,W0222,Morning,A,38.0,2.0,2025-05-19 01:22:00
OP107122,W0138,Evening,C,8.0,0.0,2025-03-18 20:39:00
OP107123,W0284,,,28.0,1.0,2025-03-15 17:44:00
OP107124,W0199,Mornng,Z,37.0,2.0,2025-02-11 07:07:00
OP107125,W0283,Morning,Z,4.0,0.0,2025-02-12 04:26:00
OP107126,W0243,Evening,A,28.0,2.0,2025-05-19 03:54:00
OP107127,W0002,Mornng,Z,34.0,1.0,2025-04-17 22:25:00
OP107128,W0371,Night,Z,45.0,,2025-01-31 05:15:00
OP107129,W0074,,A,6.0,1.0,2025-05-11 03:56:00
OP107130,W0244,Morning,,12.0,1.0,2025-04-06 23:08:00
OP107131,W0363,Night,E,36.0,1.0,2025-02-20 22:51:00
OP107132,W0005,,,1.0,,2025-04-11 20:49:00
OP107133,W0042,Night,C,21.0,1.0,2025-05-14 23:49:00
OP107134,W0203,Mornng,,47.0,2.0,2025-04-21 07:14:00
OP107135,W0040,Morning,E,3.0,2.0,2025-02-12 07:09:00
OP107136,W0495,Evening,E,21.0,1.0,2025-05-21 08:05:00
OP107137,W0211,,A,23.0,,2025-05-15 15:51:00
OP107138,W0127,Night,C,18.0,0.0,2025-04-15 13:41:00
OP107139,W0262,,C,17.0,0.0,2025-05-25 04:09:00
OP107140,W0045,,,48.0,1.0,2025-03-29 16:22:00
OP107141,W0379,Mornng,E,15.0,2.0,2025-01-25 09:13:00
OP107142,W0165,,D,18.0,2.0,2025-04-30 02:41:00
OP107143,W0157,Morning,A,21.0,0.0,2025-01-11 16:19:00
OP107144,W0325,,,15.0,2.0,2025-06-09 15:02:00
OP107145,W0370,Evening,C,3.0,0.0,2025-02-15 18:56:00
OP107146,W0463,Evening,E,35.0,,2025-02-28 14:33:00
OP107147,W0416,,B,41.0,2.0,2025-02-23 11:22:00
OP107148,W0408,,Z,21.0,0.0,2025-03-03 14:13:00
OP107149,W0463,Morning,B,6.0,1.0,2025-05-29 20:08:00
OP107150,W0454,,,3.0,0.0,2025-05-01 23:40:00
OP107151,W0326,,E,21.0,2.0,2025-01-13 15:29:00
OP107152,W0288,Evening,Z,37.0,,2025-02-26 12:25:00
OP107153,W0064,Mornng,C,8.0,0.0,2025-01-01 06:08:00
OP107154,W0145,Mornng,A,49.0,0.0,2025-04-16 01:25:00
OP107155,W0382,Morning,A,8.0,1.0,2025-02-27 12:01:00
OP107156,W0398,Morning,C,17.0,,2025-05-01 23:46:00
OP107157,W0134,,Z,15.0,2.0,2025-01-18 08:18:00
OP107158,W0376,Mornng,Z,14.0,1.0,2025-01-29 04:20:00
OP107159,W0146,,Z,12.0,0.0,2025-03-27 08:21:00
OP107160,W0439,,D,5.0,1.0,2025-01-31 10:40:00
OP107161,W0003,,Z,29.0,0.0,2025-03-01 02:40:00
OP107162,W0380,Evening,C,2.0,0.0,2025-01-05 00:25:00
OP107163,W0446,,C,11.0,1.0,2025-03-13 21:36:00
OP107164,W0186,,D,44.0,1.0,2025-02-20 19:12:00
OP107165,W0091,Evening,Z,31.0,1.0,2025-02-21 17:13:00
OP107166,W0184,Morning,B,0.0,1.0,2025-05-24 14:51:00
OP107167,W0176,Evening,C,41.0,1.0,2025-04-08 20:05:00
OP107168,W0023,Mornng,C,14.0,0.0,2025-01-20 02:07:00
OP107169,W0186,,D,-5.0,1.0,2025-02-13 08:36:00
OP107170,W0274,,C,7.0,0.0,2025-05-03 13:37:00
OP107171,W0031,Morning,C,18.0,,2025-03-20 07:46:00
OP107172,W0272,,D,45.0,1.0,2025-05-23 18:36:00
OP107173,W0194,,B,24.0,0.0,2025-04-10 00:26:00
OP107174,W0225,Evening,D,16.0,0.0,2025-03-26 13:14:00
OP107175,W0020,Evening,Z,11.0,2.0,2025-02-26 19:51:00
OP107176,W0393,Mornng,C,47.0,2.0,2025-03-18 08:54:00
OP107177,W0122,,D,41.0,0.0,2025-05-27 15:09:00
OP107178,W0129,Morning,A,34.0,1.0,2025-06-22 20:29:00
OP107179,W0312,,Z,22.0,1.0,2025-03-07 01:48:00
OP107180,,,,44.0,,2025-01-08 14:37:00
OP107181,W0476,Night,,23.0,2.0,2025-05-01 09:24:00
OP107182,W0439,Evening,Z,32.0,,2025-01-17 01:06:00
OP107183,W0017,,D,48.0,,2025-04-01 04:01:00
OP107184,W0094,,B,28.0,2.0,2025-05-06 00:28:00
OP107185,W0148,,C,12.0,2.0,2025-01-04 20:35:00
OP107186,W0156,Morning,A,39.0,1.0,2025-02-25 19:42:00
OP107187,W0006,,D,46.0,2.0,2025-05-10 21:49:00
OP107188,W0102,Night,A,27.0,0.0,2025-01-09 04:00:00
OP107189,W0098,,B,37.0,,2025-06-01 18:24:00
OP107190,W0105,Evening,C,38.0,2.0,2025-04-08 15:15:00
OP107191,W0382,Morning,E,25.0,2.0,2025-04-13 17:07:00
OP107192,W0430,Morning,E,0.0,2.0,2025-02-06 04:56:00
OP107193,W0402,Morning,E,11.0,2.0,2025-03-03 03:08:00
OP107194,W0248,Evening,C,27.0,,2025-04-05 12:02:00
OP107195,W0329,,C,0.0,0.0,2025-01-29 22:10:00
OP107196,W0282,Evening,B,32.0,,2025-06-04 18:04:00
OP107197,W0125,,A,16.0,2.0,2025-01-07 14:10:00
OP107198,W0470,Mornng,Z,27.0,1.0,2025-06-20 22:58:00
OP107199,W0318,Mornng,D,23.0,2.0,2025-05-12 18:45:00
OP107200,W0339,,,24.0,0.0,2025-01-18 01:58:00
OP107201,W0355,Mornng,,27.0,,2025-06-26 21:45:00
OP107202,W0166,Evening,D,33.0,1.0,2025-05-15 02:53:00
OP107203,W0294,Morning,B,48.0,2.0,2025-06-05 03:17:00
OP107204,W0030,Evening,,4.0,0.0,2025-02-15 19:06:00
OP107205,W0306,Night,C,29.0,,2025-02-16 16:22:00
OP107206,W0068,Evening,Z,14.0,,2025-05-06 07:39:00
OP107207,W0158,Evening,D,23.0,,2025-01-15 17:00:00
OP107208,W0085,Morning,,40.0,0.0,2025-06-18 07:31:00
OP107209,W0068,Mornng,A,39.0,0.0,2025-02-13 20:35:00
OP107210,W0027,Morning,A,12.0,0.0,2025-05-26 07:08:00
OP107211,W0050,Night,Z,43.0,1.0,2025-05-08 00:24:00
OP107212,W0116,Morning,E,28.0,,2025-06-06 01:38:00
OP107213,W0134,Morning,Z,-5.0,1.0,2025-03-21 07:23:00
OP107214,W0391,Mornng,,28.0,0.0,2025-03-27 10:40:00
OP107215,W0163,Night,B,15.0,,2025-02-12 22:45:00
OP107216,W0273,,E,-5.0,2.0,2025-06-29 13:57:00
OP107217,W0029,Night,C,22.0,1.0,2025-03-25 13:15:00
OP107218,W0478,Night,A,42.0,,2025-01-12 12:23:00
OP107219,W0427,,C,17.0,2.0,2025-06-27 06:22:00
OP107220,W0250,,A,7.0,0.0,2025-02-27 01:31:00
OP107221,W0141,,,42.0,1.0,2025-01-15 22:59:00
OP107222,W0354,Mornng,D,26.0,2.0,2025-06-20 15:35:00
OP107223,W0060,Evening,,20.0,2.0,2025-01-04 16:10:00
OP107224,W0424,Mornng,A,45.0,2.0,2025-05-14 15:26:00
OP107225,W0011,,A,49.0,,2025-04-28 03:09:00
OP107226,W0420,Morning,B,0.0,2.0,2025-06-21 22:37:00
OP107227,W0253,Night,C,1.0,2.0,2025-03-08 13:35:00
OP107228,W0358,,E,43.0,0.0,2025-05-31 07:10:00
OP107229,W0205,,E,47.0,,2025-02-02 08:25:00
OP107230,W0214,,D,3.0,,2025-06-29 02:56:00
OP107231,W0429,Night,,7.0,,2025-02-25 18:24:00
OP107232,W0095,Night,E,-5.0,,2025-05-24 12:25:00
OP107233,W0200,Evening,,44.0,2.0,2025-03-03 15:41:00
OP107234,W0325,,C,3.0,1.0,2025-05-19 01:04:00
OP107235,W0183,Mornng,C,32.0,,2025-04-25 01:25:00
OP107236,W0213,Night,E,-5.0,2.0,2025-04-12 09:46:00
OP107237,W0164,,Z,5.0,2.0,2025-06-07 11:08:00
OP107238,W0386,Mornng,C,35.0,1.0,2025-04-29 10:16:00
OP107239,W0320,Morning,Z,11.0,0.0,2025-03-06 09:53:00
OP107240,W0431,Mornng,,22.0,2.0,2025-06-05 22:05:00
OP107241,W0126,Mornng,A,2.0,0.0,2025-05-14 20:21:00
OP107242,W0273,Mornng,C,13.0,1.0,2025-03-28 17:04:00
OP107243,W0346,,C,26.0,0.0,2025-06-10 12:33:00
OP107244,W0342,Mornng,B,40.0,1.0,2025-02-15 15:22:00
OP107245,W0098,Night,A,31.0,2.0,2025-05-04 11:24:00
OP107246,W0063,Mornng,,6.0,2.0,2025-05-18 01:13:00
OP107247,W0093,,A,7.0,1.0,2025-05-12 06:17:00
OP107248,W0309,,Z,48.0,0.0,2025-04-10 08:43:00
OP107249,W0453,,E,40.0,0.0,2025-03-06 20:14:00
OP107250,W0222,Morning,E,46.0,2.0,2025-02-02 15:12:00
OP107251,W0242,Evening,B,18.0,1.0,2025-05-25 10:35:00
OP107252,W0168,Morning,E,12.0,,2025-06-28 15:59:00
OP107253,W0128,Night,B,2.0,0.0,2025-01-17 17:48:00
OP107254,W0114,Evening,C,8.0,0.0,2025-03-05 00:41:00
OP107255,W0465,,D,13.0,2.0,2025-06-08 13:03:00
OP107256,W0117,Evening,,37.0,2.0,2025-03-17 21:26:00
OP107257,W0378,Night,A,10.0,0.0,2025-04-02 09:15:00
OP107258,W0148,Night,D,23.0,1.0,2025-03-03 04:48:00
OP107259,W0073,Mornng,Z,9.0,1.0,2025-06-24 01:47:00
OP107260,W0435,Mornng,E,47.0,2.0,2025-04-14 07:54:00
OP107261,W0317,Morning,Z,12.0,0.0,2025-01-21 07:21:00
OP107262,W0375,Evening,D,1.0,2.0,2025-06-06 02:36:00
OP107263,W0483,Mornng,A,27.0,1.0,2025-05-09 06:22:00
OP107264,W0081,Mornng,E,35.0,,2025-04-22 20:11:00
OP107265,W0066,Mornng,D,39.0,0.0,2025-04-16 03:41:00
OP107266,W0218,Evening,Z,34.0,0.0,2025-05-11 01:46:00
OP107267,W0335,Morning,A,25.0,0.0,2025-03-12 03:43:00
OP107268,W0455,Morning,Z,43.0,,2025-01-08 01:12:00
OP107269,W0108,Night,E,10.0,2.0,2025-03-02 17:01:00
OP107270,W0279,,D,43.0,2.0,2025-03-06 19:04:00
OP107271,W0382,,C,-5.0,0.0,2025-03-26 19:58:00
OP107272,W0025,Mornng,,15.0,,2025-04-17 02:53:00
OP107273,W0372,,B,28.0,2.0,2025-03-13 08:08:00
OP107274,W0200,Evening,E,39.0,2.0,2025-03-29 23:35:00
OP107275,W0409,Night,,35.0,0.0,2025-05-01 06:54:00
OP107276,W0249,Night,A,8.0,0.0,2025-01-16 16:57:00
OP107277,W0336,Night,,8.0,2.0,2025-01-14 19:41:00
OP107278,W0082,,E,17.0,0.0,2025-03-06 02:24:00
OP107279,W0431,,A,15.0,1.0,2025-02-11 09:09:00
OP107280,W0228,,C,37.0,1.0,2025-06-23 19:03:00
OP107281,W0355,Evening,A,16.0,1.0,2025-06-22 04:31:00
OP107282,W0098,Evening,A,45.0,1.0,2025-06-20 17:34:00
OP107283,W0152,,C,25.0,0.0,2025-01-19 05:40:00
OP107284,W0066,,D,43.0,,2025-02-05 22:44:00
OP107285,W0167,Night,Z,7.0,,2025-03-12 05:58:00
OP107286,W0114,Evening,C,17.0,,2025-03-11 08:39:00
OP107287,W0448,Mornng,D,35.0,0.0,2025-02-28 17:04:00
OP107288,W0168,,B,15.0,,2025-02-06 18:18:00
OP107289,W0247,,C,26.0,2.0,2025-05-06 04:59:00
OP107290,W0488,,B,47.0,1.0,2025-01-23 15:43:00
OP107291,W0432,,Z,16.0,2.0,2025-06-23 16:11:00
OP107292,W0090,Morning,Z,15.0,2.0,2025-03-15 15:28:00
OP107293,W0281,Night,C,15.0,1.0,2025-02-05 06:16:00
OP107294,W0279,Morning,A,16.0,0.0,2025-06-15 19:05:00
OP107295,W0173,Night,E,16.0,,2025-01-02 06:31:00
OP107296,W0391,,Z,-5.0,0.0,2025-01-14 02:49:00
OP107297,W0441,,,45.0,,2025-03-05 12:24:00
OP107298,W0180,Mornng,B,22.0,2.0,2025-02-20 20:30:00
OP107299,W0437,,,16.0,2.0,2025-05-21 19:06:00
OP107300,W0144,Mornng,C,0.0,,2025-02-06 19:29:00
OP107301,W0055,Night,E,44.0,2.0,2025-03-04 01:57:00
OP107302,W0394,,Z,34.0,2.0,invalid_date
OP107303,W0021,,C,21.0,2.0,2025-05-14 02:05:00
OP107304,W0443,Morning,C,21.0,,2025-03-27 12:49:00
OP107305,W0454,Mornng,D,11.0,1.0,2025-01-29 02:10:00
OP107306,W0205,,A,41.0,,2025-01-23 13:31:00
OP107307,W0470,Night,D,8.0,2.0,2025-03-09 06:29:00
OP107308,W0403,Mornng,D,22.0,1.0,2025-02-20 02:34:00
OP107309,W0285,Night,,4.0,0.0,2025-02-08 14:44:00
OP107310,W0104,Mornng,Z,21.0,0.0,2025-03-01 05:37:00
OP107311,W0339,,D,43.0,2.0,2025-04-25 10:16:00
OP107312,W0179,Mornng,A,12.0,0.0,2025-03-20 19:58:00
OP107313,W0180,,E,34.0,0.0,2025-06-17 08:37:00
OP107314,W0258,Mornng,B,15.0,2.0,2025-06-24 04:17:00
OP107315,W0211,Morning,E,13.0,,2025-01-25 16:35:00
OP107316,W0162,,E,39.0,,2025-01-07 04:12:00
OP107317,W0425,Mornng,Z,48.0,0.0,2025-01-31 22:29:00
OP107318,W0269,Mornng,Z,4.0,,2025-02-20 15:42:00
OP107319,W0065,,Z,4.0,,2025-06-10 04:22:00
OP107320,W0033,,D,,,2025-01-28 22:39:00
OP107321,W0119,Mornng,A,4.0,0.0,2025-06-19 02:09:00
OP107322,W0472,Night,A,23.0,0.0,2025-01-17 19:36:00
OP107323,W0081,Night,Z,19.0,1.0,2025-06-02 08:37:00
OP107324,W0420,Night,B,28.0,0.0,2025-01-01 05:35:00
OP107325,W0365,Mornng,,7.0,2.0,2025-01-02 18:10:00
OP107326,W0396,Morning,E,18.0,0.0,2025-01-07 08:37:00
OP107327,W0170,Morning,A,0.0,2.0,2025-02-25 10:35:00
OP107328,W0217,Night,C,38.0,1.0,invalid_date
OP107329,W0483,Mornng,B,14.0,2.0,2025-06-13 17:11:00
OP107330,W0426,,E,1.0,0.0,2025-02-14 14:23:00
OP107331,W0192,,D,47.0,0.0,2025-06-27 12:25:00
OP107332,W0051,Evening,B,11.0,,2025-03-24 02:41:00
OP107333,W0394,Evening,A,9.0,2.0,2025-04-16 20:23:00
OP107334,W0018,Mornng,C,20.0,,2025-05-15 14:36:00
OP107335,W0397,Mornng,A,20.0,1.0,2025-06-23 12:28:00
OP107336,W0312,Evening,C,15.0,,2025-03-10 11:07:00
OP107337,W0383,Night,C,9.0,0.0,2025-03-12 16:25:00
OP107338,W0195,Morning,E,46.0,,2025-06-03 16:26:00
OP107339,W0408,Evening,D,35.0,0.0,2025-01-28 07:33:00
OP107340,W0317,Morning,A,31.0,1.0,2025-06-27 11:15:00
OP107341,W0320,,Z,17.0,,2025-03-10 00:08:00
OP107342,W0101,,A,3.0,,2025-05-14 20:19:00
OP107343,W0500,Morning,C,17.0,2.0,2025-06-25 08:37:00
OP107344,W0089,Morning,Z,37.0,2.0,2025-02-11 07:35:00
OP107345,W0189,,Z,32.0,,2025-05-02 12:51:00
OP107346,W0440,,Z,31.0,,2025-02-28 05:26:00
OP107347,W0348,Morning,B,-5.0,,2025-03-27 00:01:00
OP107348,W0062,Mornng,A,19.0,1.0,2025-05-26 21:41:00
OP107349,W0214,Morning,C,49.0,0.0,2025-04-10 07:42:00
OP107350,W0268,Night,A,26.0,1.0,2025-05-09 11:29:00
OP107351,W0430,,C,11.0,0.0,2025-01-11 16:28:00
OP107352,W0303,Night,D,40.0,,2025-06-20 02:47:00
OP107353,W0022,Morning,,30.0,2.0,2025-02-13 09:47:00
OP107354,W0472,,C,18.0,,2025-06-10 17:33:00
OP107355,W0092,,E,22.0,2.0,2025-03-09 15:15:00
OP107356,W0428,Mornng,,23.0,0.0,2025-06-28 22:00:00
OP107357,W0143,Morning,D,26.0,2.0,2025-04-26 07:18:00
OP107358,W0039,Night,D,26.0,2.0,2025-06-03 03:29:00
OP107359,W0213,,B,34.0,,2025-05-15 03:57:00
OP107360,W0358,Mornng,C,48.0,0.0,2025-04-12 20:22:00
OP107361,W0185,Mornng,B,20.0,2.0,2025-03-30 13:53:00
OP107362,W0478,Night,B,12.0,2.0,2025-04-18 08:27:00
OP107363,W0450,,A,37.0,1.0,2025-03-27 08:48:00
OP107364,W0270,Evening,A,46.0,,2025-03-01 11:53:00
OP107365,W0240,Night,D,7.0,1.0,2025-02-20 00:44:00
OP107366,W0404,Morning,B,25.0,,2025-06-03 05:59:00
OP107367,W0494,,C,33.0,0.0,2025-03-18 11:30:00
OP107368,W0442,Evening,E,40.0,2.0,2025-03-25 14:12:00
OP107369,W0493,Mornng,E,38.0,,2025-06-10 11:46:00
OP107370,W0348,,C,29.0,2.0,2025-02-08 14:11:00
OP107371,W0361,Mornng,,-5.0,2.0,2025-06-22 14:42:00
OP107372,W0332,Morning,Z,,,2025-02-01 02:17:00
OP107373,W0414,Evening,Z,24.0,1.0,2025-02-12 11:35:00
OP107374,W0377,Night,B,3.0,1.0,2025-01-11 04:34:00
OP107375,W0200,Mornng,A,15.0,1.0,2025-05-29 07:35:00
OP107376,W0025,Evening,A,16.0,2.0,2025-03-05 12:47:00
OP107377,W0249,Mornng,,34.0,2.0,2025-05-12 21:23:00
OP107378,W0287,Morning,A,28.0,0.0,2025-04-16 11:03:00
OP107379,W0011,Mornng,,11.0,2.0,2025-04-05 09:21:00
OP107380,W0427,,B,16.0,0.0,2025-02-09 17:12:00
OP107381,W0473,Mornng,E,-5.0,0.0,2025-05-14 13:50:00
OP107382,W0030,Night,D,16.0,0.0,2025-04-05 03:45:00
OP107383,W0198,Night,B,32.0,,2025-01-29 01:57:00
OP107384,W0201,Evening,D,30.0,2.0,2025-02-04 03:11:00
OP107385,W0002,,B,40.0,2.0,2025-05-08 15:43:00
OP107386,W0225,,E,16.0,1.0,invalid_date
OP107387,W0176,Night,C,27.0,0.0,2025-06-18 04:20:00
OP107388,W0300,Night,C,5.0,0.0,2025-04-28 21:32:00
OP107389,W0044,Mornng,C,29.0,1.0,2025-03-08 21:07:00
OP107390,W0181,Morning,C,32.0,2.0,2025-01-18 08:53:00
OP107391,W0196,,D,13.0,2.0,2025-03-22 20:18:00
OP107392,W0124,Evening,,38.0,1.0,2025-05-06 22:28:00
OP107393,W0012,,C,35.0,,2025-06-01 17:16:00
OP107394,W0145,,A,41.0,2.0,2025-05-31 21:12:00
OP107395,W0033,Evening,D,18.0,0.0,2025-04-22 11:36:00
OP107396,W0487,Night,Z,39.0,,2025-04-04 16:02:00
OP107397,W0187,Evening,,24.0,,2025-04-03 06:33:00
OP107398,W0097,Mornng,D,25.0,2.0,2025-06-21 12:57:00
OP107399,W0279,Mornng,,47.0,0.0,2025-05-21 17:38:00
OP107400,W0185,Evening,B,21.0,2.0,2025-01-27 16:35:00
OP107401,W0344,,C,10.0,0.0,2025-05-01 00:07:00
OP107402,W0474,Night,B,5.0,1.0,2025-05-08 22:35:00
OP107403,W0417,Evening,,4.0,1.0,2025-04-18 22:27:00
OP107404,W0092,Morning,B,24.0,1.0,2025-05-16 05:04:00
OP107405,W0488,Night,D,7.0,1.0,2025-06-08 05:21:00
OP107406,W0489,Night,D,22.0,1.0,2025-01-03 23:30:00
OP107407,W0275,Evening,E,31.0,0.0,2025-03-28 07:43:00
OP107408,W0053,Evening,D,3.0,1.0,invalid_date
OP107409,W0061,Mornng,,9.0,0.0,2025-03-19 21:42:00
OP107410,W0095,Night,A,20.0,0.0,2025-01-29 05:35:00
OP107411,W0024,Night,Z,14.0,0.0,2025-06-27 08:28:00
OP107412,W0010,,C,4.0,2.0,2025-05-08 17:30:00
OP107413,W0233,,C,18.0,2.0,2025-03-10 20:15:00
OP107414,W0399,Morning,B,47.0,1.0,2025-03-28 00:59:00
OP107415,W0217,Evening,E,17.0,1.0,2025-01-15 15:59:00
OP107416,W0424,Morning,C,47.0,0.0,2025-04-14 22:22:00
OP107417,W0352,Night,E,4.0,2.0,2025-02-01 13:13:00
OP107418,W0402,,C,12.0,1.0,2025-02-23 01:43:00
OP107419,W0384,,E,36.0,2.0,2025-01-13 12:08:00
OP107420,W0034,,B,49.0,2.0,2025-03-10 10:00:00
OP107421,W0193,Night,B,40.0,0.0,2025-01-09 10:18:00
OP107422,W0136,,C,15.0,2.0,2025-03-17 12:56:00
OP107423,W0392,Mornng,D,26.0,1.0,2025-04-26 00:28:00
OP107424,W0453,Mornng,Z,13.0,1.0,2025-01-24 07:43:00
OP107425,W0493,Night,C,31.0,2.0,2025-05-06 06:47:00
OP107426,W0123,Night,C,29.0,,2025-03-25 23:34:00
OP107427,W0487,,,5.0,0.0,2025-01-29 13:41:00
OP107428,W0493,Mornng,Z,49.0,0.0,2025-03-14 15:18:00
OP107429,W0139,Evening,Z,49.0,,2025-03-26 05:42:00
OP107430,W0338,Mornng,B,38.0,0.0,2025-01-20 23:12:00
OP107431,W0372,Mornng,A,42.0,2.0,2025-02-13 08:38:00
OP107432,W0432,Morning,C,20.0,0.0,2025-01-12 03:54:00
OP107433,W0451,,,28.0,2.0,2025-04-09 00:00:00
OP107434,W0063,,,2.0,2.0,2025-02-07 12:07:00
OP107435,W0348,Night,A,1.0,,2025-03-23 19:59:00
OP107436,W0354,,C,35.0,1.0,2025-03-09 00:46:00
OP107437,W0018,,E,41.0,0.0,2025-02-22 11:51:00
OP107438,W0194,,B,36.0,2.0,2025-01-28 22:14:00
OP107439,W0040,,E,14.0,0.0,2025-01-30 15:15:00
OP107440,W0102,Night,B,31.0,0.0,2025-04-24 03:32:00
OP107441,W0374,Mornng,E,8.0,2.0,2025-02-28 10:26:00
OP107442,W0266,Evening,C,18.0,0.0,2025-03-17 07:08:00
OP107443,W0385,,B,45.0,1.0,2025-04-24 13:06:00
OP107444,W0378,,Z,35.0,2.0,2025-04-06 23:40:00
OP107445,W0162,Morning,E,6.0,2.0,2025-05-13 11:51:00
OP107446,W0394,,E,22.0,1.0,2025-03-20 07:10:00
OP107447,W0462,Evening,Z,2.0,0.0,2025-01-27 06:53:00
OP107448,W0246,,,22.0,1.0,2025-01-31 07:03:00
OP107449,W0468,,B,46.0,,2025-02-09 02:56:00
OP107450,W0387,,Z,40.0,1.0,2025-02-22 23:15:00
OP107451,W0025,,A,48.0,,2025-01-08 06:56:00
OP107452,W0148,,A,38.0,0.0,invalid_date
OP107453,W0335,Night,A,1.0,0.0,2025-04-07 09:02:00
OP107454,W0215,Mornng,B,3.0,,2025-05-10 12:06:00
OP107455,W0364,Night,B,15.0,,2025-03-11 14:06:00
OP107456,W0293,,B,48.0,2.0,2025-04-07 16:18:00
OP107457,W0128,,B,2.0,1.0,2025-03-06 13:16:00
OP107458,W0376,Night,Z,28.0,2.0,2025-04-04 01:11:00
OP107459,W0147,,D,12.0,0.0,2025-05-17 11:27:00
OP107460,W0259,,B,6.0,1.0,2025-04-22 05:24:00
OP107461,W0203,Morning,Z,5.0,,2025-05-15 22:50:00
OP107462,W0003,Night,E,39.0,0.0,2025-05-25 18:14:00
OP107463,W0105,Night,E,4.0,0.0,2025-06-04 13:12:00
OP107464,W0128,Night,D,30.0,2.0,2025-03-06 12:18:00
OP107465,W0115,,C,31.0,1.0,2025-01-30 20:02:00
OP107466,W0379,Mornng,Z,46.0,,2025-03-19 07:26:00
OP107467,W0439,Morning,,40.0,1.0,2025-04-27 03:05:00
OP107468,W0135,Night,C,24.0,0.0,2025-04-28 22:32:00
OP107469,W0387,Evening,Z,28.0,0.0,2025-02-28 07:05:00
OP107470,W0022,,E,2.0,0.0,2025-04-14 16:48:00
OP107471,W0249,,D,32.0,,2025-05-16 22:33:00
OP107472,W0139,Morning,E,18.0,1.0,2025-03-06 11:02:00
OP107473,W0306,Evening,D,6.0,1.0,2025-04-05 21:12:00
OP107474,W0462,,B,10.0,0.0,2025-06-22 18:55:00
OP107475,W0028,,D,24.0,1.0,2025-04-10 11:59:00
OP107476,W0417,Morning,B,30.0,1.0,2025-02-25 02:53:00
OP107477,W0074,,A,0.0,,2025-05-19 11:35:00
OP107478,W0035,,Z,14.0,0.0,2025-01-13 15:27:00
OP107479,W0356,Morning,B,13.0,,2025-03-12 21:37:00
OP107480,W0127,,E,0.0,1.0,2025-04-21 20:00:00
OP107481,W0253,,A,40.0,0.0,2025-03-23 21:38:00
OP107482,W0294,Morning,C,27.0,,2025-05-08 00:22:00
OP107483,W0250,,D,18.0,1.0,2025-02-22 04:15:00
OP107484,W0467,Morning,B,2.0,0.0,2025-03-15 04:18:00
OP107485,W0114,Night,D,35.0,1.0,2025-05-18 17:45:00
OP107486,W0424,Morning,A,35.0,,2025-01-09 10:37:00
OP107487,W0174,Night,B,13.0,1.0,2025-06-21 04:54:00
OP107488,W0276,Morning,E,21.0,1.0,2025-04-11 14:15:00
OP107489,W0234,Mornng,C,14.0,1.0,2025-01-23 20:58:00
OP107490,W0488,Morning,Z,15.0,0.0,2025-03-23 14:04:00
OP107491,W0264,,,,2.0,2025-02-11 04:20:00
OP107492,W0108,Morning,D,31.0,2.0,2025-04-12 18:56:00
OP107493,W0207,Mornng,,32.0,2.0,2025-05-02 20:35:00
OP107494,W0141,Evening,B,44.0,1.0,2025-01-01 13:31:00
OP107495,W0127,Morning,Z,23.0,0.0,2025-05-27 11:07:00
OP107496,W0237,Mornng,E,23.0,,2025-04-06 05:16:00
OP107497,W0492,,C,13.0,1.0,invalid_date
OP107498,W0463,Morning,C,20.0,1.0,2025-05-24 04:42:00
OP107499,W0371,,E,45.0,1.0,2025-05-30 17:09:00
OP107500,W0169,Night,D,28.0,,2025-03-12 21:19:00
OP107501,W0431,Morning,B,26.0,0.0,2025-05-28 14:13:00
OP107502,W0126,,E,12.0,2.0,2025-02-27 02:55:00
OP107503,W0222,Evening,C,45.0,0.0,2025-05-19 08:36:00
OP107504,W0467,Night,,14.0,,2025-04-19 22:25:00
OP107505,W0056,Evening,,43.0,2.0,2025-05-06 16:25:00
OP107506,W0488,,D,45.0,,2025-01-23 12:37:00
OP107507,W0106,,C,11.0,1.0,2025-04-03 09:43:00
OP107508,W0474,Evening,Z,25.0,2.0,2025-05-22 00:06:00
OP107509,W0026,,C,36.0,,2025-06-11 16:33:00
OP107510,W0049,Evening,B,39.0,,2025-03-27 03:24:00
OP107511,W0122,,A,47.0,,2025-06-02 06:00:00
OP107512,W0185,Morning,C,41.0,1.0,2025-02-03 13:42:00
OP107513,W0332,Morning,C,6.0,0.0,2025-04-29 17:06:00
OP107514,W0472,,B,15.0,2.0,2025-01-26 18:43:00
OP107515,W0346,Morning,A,36.0,0.0,2025-03-21 04:42:00
OP107516,W0144,Morning,D,12.0,,2025-03-22 02:34:00
OP107517,W0232,Mornng,D,29.0,1.0,2025-06-08 11:22:00
OP107518,W0109,,B,12.0,2.0,2025-02-09 14:01:00
OP107519,W0490,Morning,Z,28.0,0.0,2025-02-03 06:25:00
OP107520,W0247,Night,C,47.0,0.0,2025-06-07 03:54:00
OP107521,W0467,,Z,8.0,2.0,2025-01-14 20:58:00
OP107522,W0357,Morning,E,23.0,1.0,2025-05-25 21:42:00
OP107523,W0374,,,12.0,1.0,2025-06-15 00:19:00
OP107524,W0068,Evening,C,28.0,,2025-04-28 22:39:00
OP107525,W0365,,E,41.0,1.0,2025-01-03 23:46:00
OP107526,W0216,Morning,Z,23.0,,2025-03-05 17:23:00
OP107527,W0230,Night,A,19.0,,2025-05-01 11:48:00
OP107528,W0274,Mornng,A,30.0,0.0,2025-03-25 17:21:00
OP107529,W0103,,,47.0,0.0,2025-03-12 13:07:00
OP107530,W0183,Night,Z,3.0,2.0,2025-04-01 12:27:00
OP107531,W0100,Evening,C,40.0,1.0,2025-04-15 06:00:00
OP107532,W0349,Evening,B,42.0,2.0,2025-06-17 21:02:00
OP107533,W0097,,A,31.0,,2025-02-19 03:08:00
OP107534,W0353,,A,15.0,1.0,2025-05-10 00:35:00
OP107535,W0073,Evening,E,11.0,,2025-03-31 08:37:00
OP107536,,Mornng,A,3.0,,2025-05-31 16:06:00
OP107537,W0174,Morning,,33.0,2.0,invalid_date
OP107538,W0443,Night,C,5.0,,2025-02-28 07:15:00
OP107539,W0397,Night,C,-5.0,2.0,invalid_date
OP107540,W0458,Mornng,E,31.0,,2025-03-05 00:10:00
OP107541,W0381,Night,Z,8.0,2.0,2025-02-10 00:24:00
OP107542,W0492,Mornng,D,11.0,0.0,2025-05-29 01:47:00
OP107543,W0220,Evening,E,3.0,1.0,2025-05-27 12:32:00
OP107544,W0057,Mornng,B,8.0,2.0,2025-06-13 09:29:00
OP107545,W0168,Night,D,39.0,0.0,2025-01-28 01:26:00
OP107546,W0120,,,38.0,,2025-06-07 10:54:00
OP107547,W0373,Evening,E,9.0,,2025-05-05 19:10:00
OP107548,W0436,Morning,E,43.0,,2025-05-14 07:09:00
OP107549,W0042,,C,34.0,0.0,2025-04-24 00:42:00
OP107550,W0152,Night,A,34.0,1.0,2025-05-24 08:01:00
OP107551,W0485,,B,18.0,1.0,2025-04-04 04:07:00
OP107552,W0228,Morning,E,12.0,2.0,2025-02-07 16:23:00
OP107553,W0226,Evening,A,48.0,0.0,2025-04-22 03:03:00
OP107554,W0471,,D,44.0,1.0,2025-01-09 00:48:00
OP107555,W0369,Morning,Z,40.0,2.0,2025-03-03 13:24:00
OP107556,W0013,,,48.0,1.0,2025-01-24 16:09:00
OP107557,W0438,Night,A,47.0,2.0,2025-06-02 21:01:00
OP107558,W0377,Mornng,C,47.0,,2025-02-03 03:21:00
OP107559,W0337,,A,9.0,2.0,2025-04-29 00:57:00
OP107560,W0375,Evening,Z,8.0,,2025-05-07 01:37:00
OP107561,W0029,,A,10.0,,2025-06-28 05:18:00
OP107562,W0394,Mornng,A,44.0,1.0,2025-04-01 14:41:00
OP107563,W0361,,C,34.0,,2025-02-20 17:34:00
OP107564,W0257,Morning,A,8.0,2.0,2025-03-01 15:05:00
OP107565,W0243,Evening,,9.0,,2025-01-20 09:53:00
OP107566,W0138,,B,5.0,,2025-03-27 20:05:00
OP107567,W0220,Mornng,D,12.0,2.0,2025-04-26 17:04:00
OP107568,W0279,Morning,A,43.0,1.0,2025-02-28 19:10:00
OP107569,W0500,,C,2.0,0.0,2025-04-05 10:18:00
OP107570,W0028,Night,D,33.0,,2025-04-13 22:36:00
OP107571,W0376,,E,3.0,2.0,2025-01-14 23:42:00
OP107572,W0241,Morning,,0.0,2.0,invalid_date
OP107573,W0475,,A,15.0,,2025-03-29 19:42:00
OP107574,W0097,Mornng,,1.0,,2025-06-19 12:11:00
OP107575,W0431,Morning,E,36.0,2.0,2025-05-10 15:23:00
OP107576,W0433,Night,,1.0,1.0,2025-03-27 18:29:00
OP107577,W0289,Morning,Z,43.0,0.0,2025-04-18 00:24:00
OP107578,W0380,Evening,D,46.0,2.0,2025-03-04 15:59:00
OP107579,W0143,Evening,A,13.0,,2025-05-29 10:26:00
OP107580,W0172,Mornng,C,40.0,2.0,2025-05-21 15:02:00
OP107581,W0169,,A,23.0,1.0,2025-01-12 19:06:00
OP107582,W0213,Morning,A,,,2025-05-08 01:51:00
OP107583,W0249,Morning,B,15.0,1.0,2025-02-11 06:39:00
OP107584,W0175,,,5.0,1.0,2025-06-10 08:07:00
OP107585,W0094,Evening,,6.0,,2025-03-14 18:57:00
OP107586,W0219,Morning,C,16.0,1.0,2025-05-06 04:26:00
OP107587,W0309,Night,,27.0,1.0,2025-04-14 07:10:00
OP107588,W0202,Mornng,A,43.0,2.0,2025-05-16 21:11:00
OP107589,W0391,Morning,C,45.0,2.0,2025-06-04 03:39:00
OP107590,W0055,Evening,D,18.0,1.0,2025-03-12 10:42:00
OP107591,W0470,Morning,D,41.0,,2025-04-27 09:35:00
OP107592,W0103,Evening,B,0.0,,2025-03-23 11:31:00
OP107593,W0221,Evening,Z,45.0,2.0,2025-01-10 09:46:00
OP107594,W0312,,,41.0,,2025-06-25 12:52:00
OP107595,W0470,Morning,C,11.0,0.0,2025-06-13 21:24:00
OP107596,W0159,Mornng,D,33.0,2.0,2025-01-01 19:49:00
OP107597,W0104,,Z,13.0,,2025-06-29 20:35:00
OP107598,W0191,,D,42.0,0.0,2025-05-24 04:29:00
OP107599,W0062,,B,43.0,,2025-05-28 13:12:00
OP107600,W0320,Evening,E,33.0,0.0,2025-02-20 15:29:00
OP107601,W0294,Morning,,,2.0,2025-03-04 15:47:00
OP107602,W0369,,Z,24.0,1.0,2025-04-22 07:02:00
OP107603,W0025,Evening,B,47.0,0.0,2025-04-11 23:16:00
OP107604,W0342,Night,,9.0,,2025-03-13 15:24:00
OP107605,W0490,Mornng,A,14.0,2.0,2025-05-31 20:00:00
OP107606,W0468,Mornng,D,36.0,1.0,2025-06-07 00:57:00
OP107607,W0068,,,44.0,0.0,2025-03-24 13:30:00
OP107608,W0159,Morning,D,31.0,2.0,2025-04-26 13:59:00
OP107609,W0423,,D,34.0,1.0,2025-05-23 11:09:00
OP107610,W0221,,E,42.0,0.0,2025-06-17 10:42:00
OP107611,W0077,,E,18.0,2.0,2025-05-21 01:33:00
OP107612,W0184,Night,E,31.0,1.0,2025-04-02 23:42:00
OP107613,W0266,Morning,Z,12.0,2.0,2025-04-26 08:34:00
OP107614,W0317,Mornng,E,43.0,2.0,2025-01-26 22:03:00
OP107615,,Mornng,A,4.0,0.0,2025-05-04 15:52:00
OP107616,W0481,Night,Z,14.0,,2025-02-20 20:48:00
OP107617,W0042,,C,16.0,,2025-02-22 06:33:00
OP107618,W0171,Evening,C,48.0,2.0,2025-03-24 22:31:00
OP107619,W0026,,E,38.0,2.0,2025-01-18 08:53:00
OP107620,W0228,Night,E,21.0,,2025-01-27 06:22:00
OP107621,W0397,Morning,A,4.0,1.0,2025-06-28 00:13:00
OP107622,W0381,,D,27.0,0.0,2025-02-27 01:38:00
OP107623,W0291,,B,4.0,1.0,2025-02-27 20:13:00
OP107624,W0246,,A,41.0,2.0,2025-06-14 04:01:00
OP107625,W0075,Evening,,49.0,2.0,2025-02-27 03:25:00
OP107626,W0379,Evening,D,5.0,,2025-02-15 02:49:00
OP107627,W0465,,A,9.0,0.0,2025-01-19 03:11:00
OP107628,W0097,,B,6.0,2.0,2025-06-03 02:13:00
OP107629,W0482,,E,9.0,1.0,2025-06-28 21:21:00
OP107630,W0236,Night,A,12.0,2.0,2025-05-05 18:44:00
OP107631,W0432,,,32.0,2.0,2025-03-28 10:15:00
OP107632,W0265,Evening,E,35.0,0.0,2025-06-23 06:26:00
OP107633,W0136,Morning,E,16.0,,2025-04-19 08:35:00
OP107634,W0400,,B,35.0,1.0,2025-01-16 08:46:00
OP107635,W0440,Morning,D,6.0,2.0,2025-02-12 11:55:00
OP107636,W0226,,E,45.0,2.0,2025-04-15 10:09:00
OP107637,W0043,Evening,A,29.0,2.0,2025-04-28 11:22:00
OP107638,W0155,,D,24.0,0.0,2025-05-06 15:05:00
OP107639,W0176,,Z,17.0,2.0,2025-06-28 12:33:00
OP107640,W0120,Mornng,E,-5.0,,2025-01-01 10:16:00
OP107641,W0387,Mornng,B,15.0,0.0,2025-03-27 18:31:00
OP107642,W0220,Evening,C,35.0,0.0,2025-05-13 18:49:00
OP107643,W0250,Night,D,32.0,,2025-02-05 10:07:00
OP107644,W0104,,,18.0,1.0,2025-02-20 10:17:00
OP107645,W0406,Evening,,39.0,0.0,2025-03-07 21:50:00
OP107646,W0149,Night,,37.0,,2025-01-16 00:50:00
OP107647,W0198,Night,Z,19.0,0.0,2025-04-16 07:02:00
OP107648,W0251,,A,16.0,1.0,2025-06-14 13:23:00
OP107649,W0159,,D,49.0,,2025-01-21 05:32:00
OP107650,W0141,Evening,C,49.0,,2025-03-14 17:37:00
OP107651,W0329,Evening,E,24.0,2.0,2025-04-04 23:54:00
OP107652,W0368,,B,31.0,0.0,2025-05-07 12:41:00
OP107653,W0409,Morning,Z,10.0,2.0,2025-04-21 01:47:00
OP107654,W0389,Evening,Z,,2.0,2025-03-25 05:36:00
OP107655,W0478,Evening,E,7.0,2.0,2025-01-29 00:33:00
OP107656,W0126,,,41.0,2.0,2025-05-26 12:10:00
OP107657,W0297,Night,Z,45.0,2.0,2025-02-05 14:59:00
OP107658,W0029,Night,C,6.0,,2025-06-08 18:47:00
OP107659,W0126,Evening,,16.0,2.0,2025-01-05 19:47:00
OP107660,W0306,Evening,D,24.0,2.0,2025-04-02 16:01:00
OP107661,W0133,Night,Z,13.0,2.0,2025-03-26 20:37:00
OP107662,W0452,,Z,32.0,,2025-02-05 23:51:00
OP107663,W0400,,D,,,2025-01-05 05:41:00
OP107664,W0365,Mornng,E,1.0,1.0,2025-02-11 13:38:00
OP107665,W0172,Night,B,6.0,0.0,2025-02-28 00:34:00
OP107666,W0404,Mornng,E,49.0,1.0,2025-06-17 20:41:00
OP107667,W0242,,E,43.0,2.0,2025-05-05 00:38:00
OP107668,W0081,,E,25.0,,2025-03-25 11:09:00
OP107669,W0325,,Z,29.0,0.0,invalid_date
OP107670,W0291,Morning,E,31.0,1.0,2025-04-13 13:53:00
OP107671,W0078,,E,38.0,2.0,2025-01-15 22:49:00
OP107672,W0128,Evening,A,13.0,2.0,2025-03-29 18:31:00
OP107673,W0151,,B,9.0,1.0,2025-03-07 00:22:00
OP107674,W0360,,A,4.0,0.0,2025-04-06 10:43:00
OP107675,W0334,,E,30.0,,2025-06-04 04:47:00
OP107676,W0148,Evening,B,17.0,2.0,2025-05-22 11:46:00
OP107677,W0173,Evening,D,27.0,0.0,2025-05-19 02:42:00
OP107678,W0364,,D,2.0,2.0,2025-01-23 09:40:00
OP107679,W0298,Night,E,32.0,0.0,2025-03-02 14:16:00
OP107680,W0413,Mornng,B,17.0,1.0,2025-01-21 17:46:00
OP107681,W0235,Mornng,D,42.0,1.0,2025-01-20 04:38:00
OP107682,W0377,,E,5.0,1.0,2025-03-06 10:29:00
OP107683,W0409,Evening,A,4.0,1.0,2025-04-18 06:30:00
OP107684,W0339,Evening,C,47.0,0.0,2025-06-08 20:36:00
OP107685,W0461,Morning,D,24.0,2.0,2025-02-12 20:53:00
OP107686,W0205,,B,16.0,1.0,2025-02-19 17:35:00
OP107687,W0477,Evening,C,6.0,,2025-05-24 00:54:00
OP107688,W0341,,A,41.0,1.0,2025-01-11 00:51:00
OP107689,W0444,,B,11.0,0.0,2025-05-08 17:36:00
OP107690,W0037,,B,37.0,0.0,2025-04-09 21:20:00
OP107691,W0214,,,0.0,2.0,2025-04-16 23:13:00
OP107692,W0227,,D,1.0,0.0,2025-06-01 08:49:00
OP107693,W0378,,E,37.0,1.0,2025-04-27 08:55:00
OP107694,W0158,,A,44.0,1.0,2025-05-10 14:09:00
OP107695,W0419,,,9.0,1.0,2025-02-11 11:29:00
OP107696,W0330,Night,A,24.0,,2025-01-25 01:48:00
OP107697,W0494,Night,D,11.0,,2025-01-20 21:04:00
OP107698,W0315,,,43.0,1.0,2025-02-24 10:52:00
OP107699,W0193,Evening,Z,19.0,1.0,2025-02-22 15:49:00
OP107700,W0439,Night,Z,8.0,0.0,2025-03-13 02:03:00
OP107701,W0359,Night,Z,10.0,2.0,2025-04-17 10:40:00
OP107702,W0429,Mornng,A,45.0,0.0,2025-02-09 01:22:00
OP107703,W0101,Morning,E,21.0,,2025-06-10 16:41:00
OP107704,W0069,,Z,19.0,0.0,2025-03-29 02:36:00
OP107705,W0014,,C,36.0,1.0,2025-05-21 06:32:00
OP107706,W0139,Morning,E,30.0,0.0,invalid_date
OP107707,W0252,Evening,C,5.0,,2025-06-24 05:45:00
OP107708,W0445,Mornng,Z,43.0,,2025-05-04 20:59:00
OP107709,W0002,,Z,,0.0,2025-04-16 07:58:00
OP107710,W0098,Night,Z,24.0,,2025-05-14 19:10:00
OP107711,W0124,Mornng,A,49.0,2.0,2025-02-02 15:11:00
OP107712,W0480,,,28.0,0.0,2025-02-25 09:22:00
OP107713,W0015,Night,C,24.0,2.0,2025-06-17 14:29:00
OP107714,W0349,Night,Z,35.0,1.0,2025-06-06 00:05:00
OP107715,W0302,Mornng,B,11.0,0.0,2025-04-28 12:59:00
OP107716,W0128,,A,40.0,,invalid_date
OP107717,W0354,,A,36.0,,2025-03-12 20:46:00
OP107718,W0010,,,2.0,0.0,2025-04-25 08:42:00
OP107719,W0353,Night,C,8.0,0.0,2025-05-27 01:30:00
OP107720,W0369,Night,E,14.0,1.0,2025-04-05 13:30:00
OP107721,W0371,,C,22.0,2.0,2025-02-01 14:50:00
OP107722,W0412,,C,49.0,,invalid_date
OP107723,W0315,Mornng,,45.0,2.0,2025-01-02 08:35:00
OP107724,W0319,Evening,D,15.0,1.0,2025-03-10 11:36:00
OP107725,W0032,,C,4.0,1.0,2025-04-25 10:20:00
OP107726,W0428,Morning,B,3.0,0.0,2025-01-19 20:59:00
OP107727,W0014,Morning,,41.0,2.0,2025-02-10 09:13:00
OP107728,W0026,Mornng,B,16.0,,2025-06-25 21:26:00
OP107729,W0105,,A,32.0,0.0,2025-03-31 03:25:00
OP107730,W0109,Night,C,24.0,0.0,2025-05-15 10:01:00
OP107731,W0136,,A,38.0,2.0,2025-01-17 17:44:00
OP107732,W0118,,D,8.0,2.0,2025-03-15 04:44:00
OP107733,W0350,,Z,49.0,1.0,2025-01-09 11:21:00
OP107734,W0222,Night,E,40.0,,2025-04-17 18:18:00
OP107735,W0151,Mornng,A,8.0,1.0,2025-01-18 02:59:00
OP107736,W0183,,B,49.0,,2025-01-20 07:49:00
OP107737,W0353,,,47.0,,2025-01-29 02:53:00
OP107738,W0360,Night,C,30.0,2.0,2025-04-17 10:19:00
OP107739,W0314,Evening,B,0.0,,2025-03-28 10:27:00
OP107740,W0431,,B,49.0,0.0,2025-03-26 18:10:00
OP107741,W0109,Night,C,15.0,1.0,2025-06-09 21:32:00
OP107742,W0039,,,16.0,1.0,2025-06-06 06:22:00
OP107743,W0273,Night,Z,0.0,1.0,2025-06-10 01:35:00
OP107744,W0431,Mornng,C,40.0,0.0,2025-06-12 08:50:00
OP107745,W0221,,B,8.0,1.0,2025-01-09 07:16:00
OP107746,W0284,Night,C,47.0,,2025-05-17 20:54:00
OP107747,W0412,Mornng,C,19.0,,2025-05-08 22:51:00
OP107748,W0408,Night,A,2.0,,2025-04-04 23:48:00
OP107749,W0065,Mornng,E,2.0,,invalid_date
OP107750,W0368,,B,44.0,1.0,2025-02-20 14:38:00
OP107751,W0211,Evening,E,8.0,0.0,2025-06-28 05:39:00
OP107752,W0348,,D,18.0,2.0,2025-01-20 21:05:00
OP107753,W0161,,D,7.0,0.0,2025-03-11 09:16:00
OP107754,W0454,,B,39.0,2.0,2025-06-18 17:23:00
OP107755,W0262,Night,B,16.0,,2025-02-08 23:35:00
OP107756,W0127,,D,38.0,2.0,2025-03-04 12:38:00
OP107757,W0494,Mornng,C,21.0,0.0,2025-06-20 07:21:00
OP107758,W0229,,C,23.0,2.0,2025-02-22 13:38:00
OP107759,W0374,Night,A,24.0,1.0,2025-05-25 12:51:00
OP107760,W0309,Mornng,C,26.0,2.0,2025-02-26 22:12:00
OP107761,W0196,,E,11.0,2.0,invalid_date
OP107762,W0030,,A,40.0,0.0,2025-01-31 21:30:00
OP107763,W0354,Night,E,49.0,1.0,2025-05-23 01:18:00
OP107764,W0404,,E,20.0,,2025-06-14 12:54:00
OP107765,W0424,Mornng,D,47.0,2.0,2025-05-28 07:40:00
OP107766,W0448,Night,Z,7.0,0.0,2025-04-05 19:55:00
OP107767,W0392,Night,A,15.0,1.0,2025-02-01 08:51:00
OP107768,W0081,,A,2.0,2.0,2025-03-20 20:16:00
OP107769,W0076,Mornng,B,46.0,,2025-01-27 08:02:00
OP107770,W0050,Evening,A,10.0,0.0,2025-02-26 15:16:00
OP107771,W0182,Mornng,,41.0,2.0,2025-04-22 05:34:00
OP107772,W0147,Night,B,49.0,0.0,2025-06-06 14:01:00
OP107773,W0145,,,23.0,,2025-06-07 07:25:00
OP107774,W0472,,D,6.0,0.0,2025-04-18 20:45:00
OP107775,W0136,,B,19.0,1.0,2025-01-08 08:40:00
OP107776,W0469,,Z,49.0,2.0,2025-04-02 23:32:00
OP107777,W0194,,A,27.0,,2025-02-25 11:02:00
OP107778,W0399,,B,43.0,2.0,2025-01-18 02:04:00
OP107779,W0180,Morning,E,49.0,0.0,2025-01-18 05:49:00
OP107780,W0092,Mornng,D,9.0,2.0,2025-02-02 07:58:00
OP107781,W0184,Morning,B,16.0,2.0,2025-01-08 12:50:00
OP107782,W0189,Evening,,46.0,,2025-06-10 20:35:00
OP107783,W0115,Evening,C,17.0,1.0,2025-01-14 15:02:00
OP107784,W0227,Night,,13.0,,2025-05-10 16:36:00
OP107785,W0145,Evening,D,14.0,2.0,2025-06-24 06:02:00
OP107786,W0413,Night,,48.0,0.0,2025-05-13 12:57:00
OP107787,W0463,,A,32.0,2.0,2025-02-05 04:43:00
OP107788,W0438,Mornng,A,28.0,2.0,2025-03-18 08:39:00
OP107789,W0221,,E,33.0,,2025-02-13 12:29:00
OP107790,W0311,,,4.0,2.0,2025-03-23 20:49:00
OP107791,W0417,,B,37.0,2.0,2025-05-29 02:11:00
OP107792,W0279,,A,36.0,,2025-06-06 06:38:00
OP107793,W0486,Mornng,A,25.0,2.0,2025-03-24 11:38:00
OP107794,W0208,Morning,E,33.0,1.0,2025-05-10 17:40:00
OP107795,W0027,,,5.0,1.0,2025-05-11 09:02:00
OP107796,W0387,Morning,,14.0,,2025-01-30 15:00:00
OP107797,W0349,Mornng,D,24.0,0.0,2025-05-31 09:07:00
OP107798,W0226,Evening,D,8.0,2.0,2025-04-11 16:53:00
OP107799,W0140,,E,26.0,1.0,2025-06-28 23:48:00
OP107800,W0093,,A,24.0,1.0,2025-05-20 06:46:00
OP107801,W0162,Morning,B,3.0,,2025-04-18 10:11:00
OP107802,W0378,Morning,,19.0,,2025-05-19 02:55:00
OP107803,W0128,,Z,3.0,1.0,2025-04-29 20:09:00
OP107804,W0227,Night,D,26.0,0.0,2025-06-19 00:01:00
OP107805,W0030,Evening,B,9.0,2.0,2025-04-01 06:12:00
OP107806,W0278,Mornng,C,36.0,0.0,2025-04-15 21:11:00
OP107807,W0466,Morning,Z,18.0,,2025-02-11 21:00:00
OP107808,W0258,Evening,Z,27.0,2.0,invalid_date
OP107809,W0174,,E,26.0,,2025-02-02 01:30:00
OP107810,W0483,Morning,E,0.0,1.0,2025-05-07 07:17:00
OP107811,W0213,Evening,A,8.0,,2025-06-27 07:50:00
OP107812,W0465,Night,A,18.0,2.0,2025-04-02 04:45:00
OP107813,W0344,Evening,Z,49.0,0.0,2025-04-14 09:14:00
OP107814,W0492,,C,21.0,1.0,2025-02-09 22:02:00
OP107815,W0268,,,11.0,,2025-02-13 03:31:00
OP107816,W0417,,E,14.0,0.0,2025-02-22 01:43:00
OP107817,W0412,Night,E,12.0,,2025-06-08 20:17:00
OP107818,W0318,Night,C,0.0,2.0,2025-05-08 05:12:00
OP107819,W0353,Mornng,E,9.0,0.0,2025-04-11 06:50:00
OP107820,W0427,Night,B,7.0,,2025-05-08 07:46:00
OP107821,W0104,Mornng,,4.0,1.0,2025-04-07 07:40:00
OP107822,W0075,Mornng,B,28.0,2.0,2025-06-06 17:30:00
OP107823,W0163,Morning,Z,1.0,2.0,2025-05-06 01:55:00
OP107824,W0332,Mornng,C,9.0,,2025-02-27 05:05:00
OP107825,W0024,,,5.0,0.0,invalid_date
OP107826,W0182,,B,34.0,1.0,2025-03-02 11:09:00
OP107827,W0213,,A,46.0,2.0,2025-01-08 01:14:00
OP107828,W0262,Evening,Z,47.0,,2025-05-15 02:06:00
OP107829,W0491,Evening,C,43.0,0.0,2025-04-18 00:54:00
OP107830,W0086,,Z,43.0,,2025-06-19 02:45:00
OP107831,W0224,,C,0.0,2.0,2025-06-17 09:52:00
OP107832,W0250,Mornng,C,34.0,0.0,2025-04-30 03:24:00
OP107833,W0052,Morning,D,39.0,1.0,2025-04-13 05:51:00
OP107834,W0346,Mornng,C,46.0,2.0,2025-03-01 17:30:00
OP107835,W0364,Mornng,D,2.0,2.0,2025-03-24 18:20:00
OP107836,W0476,,A,37.0,0.0,2025-05-31 00:38:00
OP107837,W0325,Evening,A,31.0,0.0,2025-01-11 21:24:00
OP107838,W0299,Mornng,E,32.0,0.0,2025-03-12 12:35:00
OP107839,W0389,Evening,A,32.0,,2025-04-07 09:08:00
OP107840,W0296,Evening,D,0.0,0.0,2025-04-16 04:43:00
OP107841,W0433,Morning,Z,17.0,,2025-04-19 11:45:00
OP107842,W0272,Evening,,9.0,2.0,2025-01-03 17:33:00
OP107843,W0371,,D,5.0,1.0,2025-04-12 04:51:00
OP107844,W0209,Night,A,5.0,1.0,2025-02-03 06:40:00
OP107845,W0438,,D,49.0,2.0,2025-04-22 16:04:00
OP107846,W0422,Morning,C,33.0,0.0,2025-05-21 05:49:00
OP107847,W0273,Night,E,29.0,1.0,2025-05-27 08:22:00
OP107848,W0303,Mornng,A,5.0,1.0,2025-03-26 13:12:00
OP107849,W0062,Morning,B,6.0,,2025-01-27 18:00:00
OP107850,W0331,Night,C,4.0,,2025-03-06 16:30:00
OP107851,W0442,Evening,B,25.0,1.0,2025-05-17 23:36:00
OP107852,W0141,Morning,C,1.0,,2025-05-05 10:19:00
OP107853,W0323,Morning,E,47.0,0.0,2025-06-05 23:46:00
OP107854,W0334,Mornng,,8.0,0.0,2025-03-07 02:50:00
OP107855,W0290,,Z,5.0,,2025-04-22 01:12:00
OP107856,W0035,Evening,E,5.0,0.0,2025-05-28 12:51:00
OP107857,W0428,Evening,D,0.0,0.0,2025-06-26 13:14:00
OP107858,W0372,Morning,C,0.0,1.0,2025-01-07 21:34:00
OP107859,W0495,Morning,,38.0,,2025-05-11 15:04:00
OP107860,W0121,,,16.0,,2025-05-04 00:25:00
OP107861,W0395,Morning,D,21.0,,2025-03-26 15:04:00
OP107862,W0076,,,30.0,0.0,2025-01-26 01:25:00
OP107863,W0302,Evening,C,10.0,1.0,2025-04-05 02:28:00
OP107864,W0100,,A,12.0,,2025-04-16 21:35:00
OP107865,W0412,Evening,Z,23.0,0.0,2025-04-07 12:10:00
OP107866,W0370,Mornng,A,11.0,0.0,2025-01-27 09:19:00
OP107867,W0443,Evening,Z,24.0,0.0,2025-01-23 06:18:00
OP107868,W0294,Morning,E,45.0,2.0,2025-04-21 23:06:00
OP107869,W0143,,Z,18.0,,2025-04-01 04:34:00
OP107870,W0300,,C,30.0,0.0,2025-04-20 11:21:00
OP107871,W0407,Evening,,,,2025-06-03 08:56:00
OP107872,W0326,Morning,C,9.0,,2025-05-28 22:12:00
OP107873,W0356,Mornng,B,19.0,1.0,2025-04-13 18:39:00
OP107874,W0027,,C,11.0,0.0,2025-02-05 17:32:00
OP107875,W0064,Mornng,C,39.0,1.0,2025-04-14 12:44:00
OP107876,W0430,Mornng,E,47.0,1.0,2025-01-15 08:31:00
OP107877,W0343,,A,11.0,2.0,2025-05-08 02:19:00
OP107878,W0219,Mornng,B,48.0,0.0,2025-01-13 23:02:00
OP107879,W0241,Morning,,11.0,0.0,2025-04-20 14:48:00
OP107880,W0445,Evening,D,41.0,,2025-02-16 09:45:00
OP107881,W0209,Evening,A,9.0,,2025-04-30 21:57:00
OP107882,W0142,Evening,E,22.0,,2025-06-26 05:20:00
OP107883,W0245,,,35.0,,2025-04-22 15:20:00
OP107884,W0298,,A,31.0,,2025-01-12 09:39:00
OP107885,W0230,Morning,A,7.0,0.0,2025-05-21 01:04:00
OP107886,W0434,,E,3.0,1.0,2025-01-16 17:58:00
OP107887,W0385,,A,10.0,,2025-04-23 03:32:00
OP107888,W0058,,D,2.0,1.0,2025-04-13 17:16:00
OP107889,W0434,Mornng,Z,19.0,,2025-04-27 03:26:00
OP107890,W0025,Mornng,E,40.0,,2025-01-21 07:05:00
OP107891,W0489,,A,13.0,2.0,2025-06-28 04:13:00
OP107892,W0243,Morning,E,32.0,2.0,2025-05-24 13:51:00
OP107893,W0015,,A,2.0,0.0,2025-03-17 17:46:00
OP107894,W0068,Evening,B,30.0,2.0,2025-04-08 02:45:00
OP107895,W0108,Mornng,A,6.0,0.0,2025-04-28 06:56:00
OP107896,W0214,Night,E,18.0,2.0,2025-05-14 01:00:00
OP107897,W0167,,A,4.0,1.0,2025-05-22 21:16:00
OP107898,W0485,Night,,34.0,,2025-06-07 21:30:00
OP107899,W0364,,Z,20.0,1.0,2025-02-26 06:17:00
OP107900,W0098,Morning,,18.0,1.0,2025-02-02 15:36:00
OP107901,W0237,Morning,B,40.0,2.0,2025-01-21 00:52:00
OP107902,W0172,,A,3.0,2.0,2025-06-01 04:49:00
OP107903,W0337,Mornng,C,7.0,0.0,2025-03-16 10:20:00
OP107904,W0017,Evening,E,35.0,,2025-02-19 00:37:00
OP107905,W0418,Evening,E,42.0,,2025-05-10 18:12:00
OP107906,W0012,,A,33.0,,2025-06-29 09:35:00
OP107907,W0276,Evening,B,30.0,,2025-02-09 09:17:00
OP107908,W0345,Night,E,17.0,,2025-04-24 01:02:00
OP107909,W0451,Mornng,E,4.0,0.0,2025-05-29 12:47:00
OP107910,W0263,Mornng,C,43.0,1.0,2025-03-06 13:23:00
OP107911,W0467,Night,A,18.0,2.0,2025-03-11 04:18:00
OP107912,W0106,Evening,A,8.0,0.0,2025-06-17 16:59:00
OP107913,W0195,Evening,Z,26.0,0.0,2025-02-05 09:19:00
OP107914,W0477,,Z,1.0,1.0,2025-04-20 23:53:00
OP107915,W0026,,D,20.0,1.0,2025-04-28 07:26:00
OP107916,W0187,Mornng,C,0.0,,2025-03-20 22:02:00
OP107917,W0204,Mornng,,13.0,1.0,2025-06-09 23:19:00
OP107918,W0098,Evening,B,26.0,1.0,2025-04-12 10:11:00
OP107919,W0007,Mornng,,40.0,0.0,2025-03-26 18:44:00
OP107920,W0307,Night,C,21.0,,2025-01-30 00:48:00
OP107921,W0379,,A,49.0,,2025-01-09 02:37:00
OP107922,W0402,,A,41.0,0.0,2025-04-11 21:30:00
OP107923,W0221,Night,E,12.0,1.0,2025-01-27 15:05:00
OP107924,W0076,Evening,A,13.0,0.0,2025-06-10 17:03:00
OP107925,W0213,Mornng,Z,11.0,2.0,2025-01-21 02:06:00
OP107926,W0267,Mornng,A,16.0,0.0,2025-01-18 11:08:00
OP107927,W0044,Morning,Z,12.0,2.0,2025-01-17 01:08:00
OP107928,W0150,Evening,D,,1.0,2025-04-16 18:50:00
OP107929,W0435,Evening,,,0.0,2025-06-11 22:44:00
OP107930,W0386,,E,47.0,0.0,2025-02-08 08:15:00
OP107931,W0104,Mornng,C,6.0,1.0,2025-04-30 21:07:00
OP107932,W0400,Night,A,1.0,,2025-02-27 09:40:00
OP107933,W0400,Evening,C,,1.0,2025-05-30 00:52:00
OP107934,W0357,Morning,Z,46.0,1.0,2025-06-29 12:31:00
OP107935,W0465,Mornng,D,10.0,2.0,2025-01-23 11:35:00
OP107936,W0144,Evening,,28.0,,2025-05-05 13:05:00
OP107937,W0292,Evening,C,46.0,,2025-02-10 02:13:00
OP107938,W0018,Mornng,A,30.0,2.0,2025-02-27 14:17:00
OP107939,W0110,Morning,Z,34.0,,2025-03-07 10:35:00
OP107940,W0115,Evening,B,19.0,,2025-06-05 23:24:00
OP107941,W0259,Mornng,,12.0,2.0,2025-02-17 07:06:00
OP107942,W0089,Mornng,C,20.0,1.0,2025-03-15 22:19:00
OP107943,W0235,Night,D,43.0,,2025-06-16 04:52:00
OP107944,W0067,,E,47.0,0.0,2025-05-04 23:46:00
OP107945,W0060,Night,,25.0,,2025-06-26 10:30:00
OP107946,W0468,Morning,,15.0,,2025-01-08 03:21:00
OP107947,W0127,Mornng,Z,6.0,0.0,2025-02-02 22:09:00
OP107948,W0236,Evening,B,40.0,0.0,2025-02-26 01:56:00
OP107949,W0026,Morning,C,,0.0,2025-01-27 11:06:00
OP107950,W0114,Evening,C,40.0,,2025-05-06 11:37:00
OP107951,W0249,Mornng,,31.0,1.0,2025-05-18 04:27:00
OP107952,W0284,Evening,B,16.0,,2025-06-26 22:07:00
OP107953,W0141,Evening,A,33.0,2.0,2025-01-17 17:46:00
OP107954,W0239,Evening,A,29.0,1.0,2025-04-08 03:15:00
OP107955,W0355,Night,Z,31.0,2.0,2025-04-01 19:45:00
OP107956,W0224,,B,18.0,2.0,2025-01-20 04:23:00
OP107957,W0050,Mornng,A,39.0,,2025-04-17 11:13:00
OP107958,W0173,Night,C,20.0,,2025-03-28 23:19:00
OP107959,W0074,,,21.0,,2025-05-14 09:19:00
OP107960,W0392,Morning,B,30.0,0.0,2025-01-04 23:51:00
OP107961,W0286,Mornng,C,23.0,0.0,2025-05-14 20:11:00
OP107962,W0201,Night,,10.0,2.0,2025-02-26 15:35:00
OP107963,W0420,Morning,C,18.0,2.0,2025-03-18 19:48:00
OP107964,W0163,Mornng,Z,35.0,1.0,2025-04-27 08:03:00
OP107965,W0088,Night,,42.0,1.0,2025-02-01 21:36:00
OP107966,W0172,,,0.0,,2025-01-07 04:09:00
OP107967,W0070,,E,43.0,1.0,2025-02-03 19:26:00
OP107968,W0312,,C,40.0,,2025-01-13 18:42:00
OP107969,W0452,Evening,,48.0,0.0,2025-02-21 13:41:00
OP107970,W0346,Night,D,4.0,2.0,2025-01-18 18:18:00
OP107971,W0099,,,21.0,0.0,2025-05-13 11:14:00
OP107972,W0081,Mornng,D,31.0,0.0,2025-04-18 17:29:00
OP107973,W0346,Mornng,C,44.0,1.0,2025-05-29 13:57:00
OP107974,W0346,Morning,,27.0,0.0,2025-05-09 09:15:00
OP107975,W0117,Morning,D,48.0,1.0,2025-04-17 18:30:00
OP107976,W0392,Evening,,47.0,0.0,2025-02-17 11:19:00
OP107977,W0101,,B,0.0,1.0,2025-02-23 10:38:00
OP107978,W0371,,D,19.0,0.0,2025-03-10 08:13:00
OP107979,W0465,,E,38.0,,2025-03-28 19:30:00
OP107980,W0435,,Z,37.0,,2025-06-10 02:40:00
OP107981,W0261,,A,6.0,2.0,2025-05-06 12:34:00
OP107982,W0241,Evening,E,44.0,1.0,2025-04-17 06:48:00
OP107983,W0261,Evening,E,10.0,0.0,2025-06-07 08:10:00
OP107984,W0185,Night,,,1.0,2025-04-21 14:20:00
OP107985,W0242,Evening,B,26.0,2.0,2025-06-22 04:23:00
OP107986,W0348,Night,Z,8.0,1.0,2025-03-25 08:24:00
OP107987,W0163,Mornng,D,15.0,0.0,2025-01-15 07:23:00
OP107988,W0313,Morning,,45.0,1.0,2025-05-15 21:19:00
OP107989,W0357,Morning,C,29.0,,2025-02-25 04:32:00
OP107990,W0447,Evening,Z,22.0,,2025-01-16 12:47:00
OP107991,W0352,,,10.0,,2025-06-25 11:14:00
OP107992,W0421,Morning,,45.0,,2025-01-08 04:44:00
OP107993,W0184,Morning,D,13.0,2.0,2025-06-08 03:56:00
OP107994,W0176,Night,B,22.0,1.0,2025-05-03 23:59:00
OP107995,W0088,Evening,Z,41.0,2.0,2025-05-09 11:21:00
OP107996,W0130,,D,3.0,0.0,2025-05-07 08:37:00
OP107997,W0295,Evening,C,47.0,0.0,2025-01-07 08:28:00
OP107998,W0066,Mornng,D,17.0,0.0,2025-04-16 23:25:00
OP107999,W0230,Mornng,E,2.0,,2025-01-17 00:49:00
OP108000,W0406,,Z,46.0,2.0,2025-05-23 01:33:00
OP108001,W0202,Evening,D,37.0,,2025-05-14 05:14:00
OP108002,W0401,,D,22.0,1.0,2025-02-17 00:41:00
OP108003,W0381,,D,12.0,0.0,2025-05-11 05:34:00
OP108004,W0227,Morning,,18.0,2.0,2025-03-08 08:15:00
OP108005,W0491,,D,49.0,1.0,2025-01-13 00:09:00
OP108006,W0329,Morning,D,4.0,2.0,2025-02-23 03:12:00
OP108007,W0350,,E,,,2025-03-22 04:19:00
OP108008,W0329,Mornng,,10.0,,2025-04-23 04:20:00
OP108009,W0308,Evening,E,3.0,0.0,2025-01-04 15:02:00
OP108010,W0266,Morning,C,31.0,0.0,2025-03-17 15:25:00
OP108011,W0335,Morning,D,27.0,0.0,2025-06-13 20:35:00
OP108012,W0448,,B,9.0,,2025-06-17 13:34:00
OP108013,W0136,,Z,49.0,,2025-04-01 11:43:00
OP108014,W0245,Night,C,48.0,2.0,2025-04-14 17:07:00
OP108015,W0333,Mornng,B,30.0,1.0,2025-04-14 16:40:00
OP108016,W0304,Night,Z,7.0,1.0,2025-02-06 17:47:00
OP108017,W0051,,,47.0,0.0,2025-01-22 02:17:00
OP108018,W0356,,A,46.0,0.0,2025-01-23 10:38:00
OP108019,W0394,Morning,D,17.0,,2025-06-03 12:40:00
OP108020,W0434,,A,49.0,1.0,2025-05-05 10:46:00
OP108021,W0011,Morning,B,40.0,1.0,2025-01-15 03:52:00
OP108022,W0494,Night,E,42.0,0.0,2025-05-01 00:29:00
OP108023,W0279,Mornng,D,38.0,,2025-01-12 12:17:00
OP108024,W0165,Night,A,17.0,1.0,2025-05-02 22:44:00
OP108025,W0137,Mornng,D,21.0,1.0,2025-03-04 22:50:00
OP108026,W0181,Mornng,B,28.0,0.0,2025-05-29 07:42:00
OP108027,W0026,Morning,B,11.0,1.0,2025-03-21 22:05:00
OP108028,W0368,,C,,,2025-06-14 06:22:00
OP108029,W0368,Morning,D,21.0,0.0,2025-05-03 23:53:00
OP108030,W0214,Evening,B,13.0,1.0,2025-01-28 10:46:00
OP108031,W0373,Mornng,D,46.0,,2025-05-08 12:03:00
OP108032,W0086,Mornng,C,29.0,0.0,2025-05-11 04:23:00
OP108033,W0279,Morning,D,22.0,,2025-02-01 08:27:00
OP108034,W0331,Evening,E,46.0,1.0,2025-03-08 00:19:00
OP108035,W0098,Night,C,46.0,0.0,2025-02-15 02:47:00
OP108036,W0210,Night,E,14.0,1.0,2025-01-30 10:41:00
OP108037,W0322,,Z,10.0,,2025-06-18 01:21:00
OP108038,W0398,,D,40.0,0.0,2025-01-23 18:20:00
OP108039,W0024,Evening,B,35.0,2.0,2025-01-20 05:01:00
OP108040,W0200,,C,16.0,,2025-02-27 16:29:00
OP108041,W0278,Evening,D,15.0,2.0,2025-03-29 03:23:00
OP108042,W0308,Night,D,0.0,0.0,2025-03-29 13:22:00
OP108043,W0474,Morning,,46.0,1.0,2025-01-17 14:45:00
OP108044,W0497,Night,Z,17.0,0.0,2025-04-05 12:06:00
OP108045,W0442,Mornng,B,22.0,1.0,2025-06-04 18:31:00
OP108046,W0272,Night,B,34.0,2.0,2025-06-14 09:17:00
OP108047,W0373,Morning,A,29.0,0.0,2025-01-08 21:21:00
OP108048,W0323,Morning,,-5.0,1.0,invalid_date
OP108049,W0447,Mornng,C,21.0,2.0,2025-04-07 07:51:00
OP108050,W0223,,,5.0,0.0,2025-01-22 04:25:00
OP108051,W0272,,Z,38.0,,2025-03-16 14:48:00
OP108052,W0099,Night,D,19.0,2.0,2025-02-27 21:40:00
OP108053,W0384,,B,12.0,2.0,2025-01-19 13:37:00
OP108054,W0233,,B,26.0,0.0,2025-01-05 09:49:00
OP108055,W0459,,,-5.0,0.0,2025-06-24 20:30:00
OP108056,W0210,Night,Z,33.0,1.0,2025-03-12 08:30:00
OP108057,W0466,Morning,Z,45.0,,2025-02-23 03:13:00
OP108058,W0270,,Z,33.0,1.0,2025-05-03 12:19:00
OP108059,W0330,,A,27.0,0.0,2025-01-27 00:32:00
OP108060,W0026,Night,Z,48.0,2.0,2025-03-19 22:26:00
OP108061,W0077,,Z,34.0,,2025-02-19 19:19:00
OP108062,W0301,Night,A,40.0,2.0,2025-03-14 21:01:00
OP108063,W0125,Mornng,B,2.0,1.0,2025-01-01 21:30:00
OP108064,W0087,Evening,B,11.0,,2025-04-06 11:17:00
OP108065,W0451,Night,A,7.0,,2025-05-17 11:08:00
OP108066,W0381,Morning,E,13.0,,2025-03-10 18:28:00
OP108067,W0225,Morning,B,7.0,1.0,2025-06-19 08:38:00
OP108068,W0458,Evening,B,25.0,1.0,2025-01-01 01:59:00
OP108069,W0462,Night,A,14.0,0.0,2025-04-23 00:26:00
OP108070,W0327,Night,E,31.0,1.0,2025-01-28 03:10:00
OP108071,W0348,Morning,E,1.0,,2025-02-01 03:28:00
OP108072,W0461,Mornng,E,17.0,,2025-06-03 02:03:00
OP108073,W0148,Evening,E,8.0,0.0,2025-05-04 05:51:00
OP108074,W0096,Night,D,40.0,1.0,2025-05-23 20:21:00
OP108075,W0494,Mornng,Z,32.0,1.0,2025-03-16 23:26:00
OP108076,W0133,,D,6.0,2.0,2025-02-17 01:57:00
OP108077,W0397,Morning,A,12.0,2.0,2025-05-26 06:34:00
OP108078,W0327,Morning,E,4.0,2.0,2025-05-09 22:02:00
OP108079,W0405,,C,43.0,,2025-01-30 20:07:00
OP108080,W0394,,B,22.0,0.0,2025-06-18 06:58:00
OP108081,W0077,Morning,A,,0.0,invalid_date
OP108082,W0431,Evening,D,25.0,,2025-03-18 01:51:00
OP108083,W0154,,C,-5.0,2.0,2025-04-07 09:54:00
OP108084,W0189,Evening,C,30.0,0.0,2025-05-25 11:35:00
OP108085,W0386,,D,9.0,2.0,2025-04-22 21:50:00
OP108086,W0057,,B,17.0,0.0,2025-02-21 22:40:00
OP108087,W0257,,,23.0,2.0,2025-03-17 09:39:00
OP108088,W0411,Morning,Z,26.0,2.0,2025-06-14 06:23:00
OP108089,W0140,,C,23.0,1.0,2025-02-02 04:22:00
OP108090,W0039,Morning,E,8.0,0.0,2025-05-03 23:47:00
OP108091,W0113,,D,37.0,0.0,invalid_date
OP108092,W0445,,Z,12.0,,2025-01-06 03:09:00
OP108093,W0212,Mornng,B,40.0,0.0,2025-05-20 02:55:00
OP108094,W0192,Morning,D,43.0,1.0,2025-04-06 22:45:00
OP108095,W0449,,A,43.0,2.0,2025-01-19 06:26:00
OP108096,W0099,Morning,A,46.0,2.0,2025-04-18 22:03:00
OP108097,W0172,Mornng,Z,44.0,2.0,2025-02-28 14:34:00
OP108098,W0215,Evening,B,44.0,,2025-04-19 01:17:00
OP108099,W0228,Morning,Z,35.0,0.0,2025-01-01 05:26:00
OP108100,W0162,Morning,B,34.0,,2025-06-21 19:35:00
OP108101,W0226,Night,D,5.0,0.0,2025-01-15 01:05:00
OP108102,W0293,,B,18.0,,2025-04-06 07:57:00
OP108103,W0246,Night,Z,39.0,,2025-01-02 07:18:00
OP108104,W0483,Morning,B,26.0,0.0,2025-05-11 13:05:00
OP108105,W0348,Morning,,20.0,,2025-05-30 20:34:00
OP108106,W0438,,,30.0,0.0,2025-03-30 15:34:00
OP108107,W0424,Night,E,15.0,0.0,2025-04-26 06:07:00
OP108108,W0068,Morning,Z,45.0,0.0,2025-02-08 13:59:00
OP108109,W0319,Morning,B,9.0,2.0,2025-03-26 18:44:00
OP108110,W0208,Night,E,37.0,1.0,2025-05-31 14:03:00
OP108111,W0474,Morning,D,30.0,,2025-05-26 14:27:00
OP108112,W0385,Mornng,A,48.0,,2025-05-12 13:55:00
OP108113,W0368,,D,35.0,0.0,2025-03-19 22:19:00
OP108114,W0375,Evening,B,27.0,1.0,2025-05-05 05:37:00
OP108115,W0415,Evening,E,0.0,1.0,2025-01-26 17:46:00
OP108116,W0325,Night,Z,38.0,1.0,2025-02-21 18:26:00
OP108117,W0051,Evening,,,0.0,2025-05-30 03:10:00
OP108118,W0239,Mornng,,2.0,,2025-05-04 23:13:00
OP108119,W0061,Evening,C,13.0,1.0,2025-02-19 16:55:00
OP108120,W0239,,,33.0,1.0,2025-01-04 10:06:00
OP108121,W0405,Night,D,16.0,2.0,2025-01-19 01:29:00
OP108122,W0218,,Z,27.0,2.0,2025-05-07 04:42:00
OP108123,W0266,Night,A,48.0,0.0,2025-05-14 18:39:00
OP108124,W0097,Night,D,49.0,1.0,2025-04-25 10:08:00
OP108125,W0175,,D,10.0,1.0,2025-05-31 02:15:00
OP108126,W0031,Evening,,31.0,2.0,2025-03-18 12:07:00
OP108127,W0306,,D,,2.0,2025-01-07 23:37:00
OP108128,W0249,Morning,A,2.0,,2025-06-02 10:40:00
OP108129,W0359,Evening,A,21.0,,2025-02-06 06:17:00
OP108130,W0438,,B,34.0,2.0,2025-05-12 09:13:00
OP108131,W0088,Morning,C,6.0,0.0,2025-02-07 15:03:00
OP108132,W0415,Evening,Z,46.0,2.0,2025-04-25 07:33:00
OP108133,W0270,Evening,A,7.0,,2025-03-27 02:41:00
OP108134,W0202,Morning,,19.0,,2025-01-22 02:52:00
OP108135,W0064,,,7.0,1.0,2025-01-31 14:56:00
OP108136,W0031,Night,B,43.0,0.0,2025-06-06 18:01:00
OP108137,W0060,,B,43.0,1.0,2025-01-11 23:55:00
OP108138,W0279,,,9.0,2.0,2025-05-31 11:23:00
OP108139,W0380,,A,28.0,0.0,2025-06-23 08:51:00
OP108140,W0085,Night,E,40.0,,2025-01-03 15:29:00
OP108141,W0249,,C,24.0,1.0,2025-02-23 17:44:00
OP108142,W0205,,A,44.0,0.0,2025-03-26 16:33:00
OP108143,W0268,Mornng,E,49.0,2.0,2025-03-22 10:15:00
OP108144,W0413,Morning,D,,,2025-03-25 19:02:00
OP108145,W0393,Mornng,B,26.0,,2025-04-09 17:16:00
OP108146,W0404,,B,16.0,,2025-03-04 18:29:00
OP108147,W0419,Night,E,47.0,,2025-01-16 01:29:00
OP108148,W0244,,B,20.0,1.0,2025-03-14 04:49:00
OP108149,W0218,Evening,Z,5.0,0.0,2025-04-04 14:42:00
OP108150,W0013,,,13.0,0.0,2025-01-30 05:02:00
OP108151,W0284,,D,,0.0,2025-06-01 18:09:00
OP108152,W0473,Evening,A,34.0,0.0,2025-06-03 13:29:00
OP108153,W0030,Mornng,D,29.0,2.0,2025-01-15 14:08:00
OP108154,W0471,,E,16.0,0.0,2025-01-21 20:27:00
OP108155,W0420,Night,A,16.0,0.0,2025-01-30 12:00:00
OP108156,W0092,,D,45.0,0.0,2025-06-22 03:18:00
OP108157,W0182,Mornng,C,10.0,1.0,2025-03-01 05:50:00
OP108158,W0478,Evening,Z,3.0,2.0,2025-05-29 20:08:00
OP108159,W0234,Evening,,49.0,,2025-02-28 05:14:00
OP108160,W0344,Evening,C,16.0,2.0,2025-03-04 09:14:00
OP108161,W0435,Night,A,12.0,2.0,2025-02-21 17:02:00
OP108162,W0482,,,31.0,0.0,2025-05-16 17:58:00
OP108163,W0086,Night,E,24.0,2.0,2025-06-18 12:08:00
OP108164,W0157,Night,A,21.0,1.0,2025-01-14 04:23:00
OP108165,W0219,,,18.0,1.0,2025-01-14 14:16:00
OP108166,W0026,Morning,E,20.0,0.0,2025-04-24 02:38:00
OP108167,W0215,Mornng,D,47.0,0.0,2025-03-13 10:14:00
OP108168,W0297,Night,,40.0,2.0,2025-06-18 11:12:00
OP108169,W0246,Mornng,A,46.0,,2025-01-26 20:59:00
OP108170,W0179,Morning,B,20.0,0.0,2025-03-19 15:05:00
OP108171,W0053,,B,8.0,0.0,2025-06-17 05:41:00
OP108172,W0337,Evening,D,1.0,,2025-03-10 04:57:00
OP108173,W0103,Morning,C,10.0,1.0,2025-01-31 18:14:00
OP108174,W0373,Mornng,,40.0,,2025-05-06 14:53:00
OP108175,W0104,,Z,8.0,0.0,2025-05-07 07:57:00
OP108176,W0457,Night,E,13.0,0.0,2025-05-30 09:34:00
OP108177,W0493,Evening,A,8.0,1.0,2025-05-30 21:15:00
OP108178,W0134,,E,22.0,,2025-04-19 01:32:00
OP108179,W0414,Evening,C,32.0,2.0,2025-01-18 01:06:00
OP108180,W0460,Mornng,C,14.0,,2025-05-18 04:32:00
OP108181,W0199,,B,10.0,1.0,2025-01-24 16:41:00
OP108182,W0147,Mornng,D,1.0,,invalid_date
OP108183,W0321,Evening,C,28.0,0.0,2025-05-27 21:43:00
OP108184,W0177,Evening,D,4.0,,2025-01-23 00:31:00
OP108185,W0265,Evening,Z,23.0,2.0,2025-01-17 09:04:00
OP108186,W0445,,E,-5.0,0.0,2025-01-31 17:52:00
OP108187,W0276,Evening,Z,31.0,2.0,2025-01-04 13:57:00
OP108188,W0094,,Z,7.0,,invalid_date
OP108189,W0259,,A,36.0,,2025-05-19 02:26:00
OP108190,W0019,Morning,B,4.0,1.0,2025-01-29 22:42:00
OP108191,W0223,,Z,48.0,2.0,2025-03-01 18:45:00
OP108192,W0310,Mornng,E,4.0,2.0,2025-05-02 15:52:00
OP108193,W0295,Night,A,3.0,0.0,2025-03-16 18:27:00
OP108194,W0157,,C,47.0,1.0,2025-01-30 07:26:00
OP108195,W0080,,E,14.0,0.0,2025-02-12 05:32:00
OP108196,W0027,Mornng,A,44.0,2.0,2025-03-31 06:03:00
OP108197,W0481,,Z,41.0,1.0,2025-05-12 10:00:00
OP108198,W0381,Morning,C,-5.0,2.0,2025-02-07 19:57:00
OP108199,W0098,Evening,E,17.0,0.0,2025-06-14 01:09:00
OP108200,W0227,,A,13.0,1.0,2025-03-25 16:17:00
OP108201,W0059,Night,B,20.0,1.0,2025-04-08 08:27:00
OP108202,W0065,Morning,E,4.0,,2025-06-11 09:05:00
OP108203,W0110,Night,D,34.0,,2025-03-31 19:29:00
OP108204,W0043,Mornng,Z,47.0,,2025-06-04 21:59:00
OP108205,W0208,Mornng,B,34.0,,2025-04-24 21:46:00
OP108206,W0071,,C,0.0,,2025-04-06 02:52:00
OP108207,W0200,Mornng,E,16.0,2.0,2025-03-06 20:43:00
OP108208,W0298,Evening,C,29.0,1.0,2025-04-30 07:04:00
OP108209,W0198,Night,D,12.0,1.0,2025-04-16 04:33:00
OP108210,W0043,Night,Z,7.0,,2025-03-04 10:52:00
OP108211,W0320,,A,18.0,1.0,2025-01-11 23:23:00
OP108212,W0234,,C,17.0,1.0,2025-04-29 08:12:00
OP108213,W0240,Evening,Z,38.0,,2025-04-21 22:26:00
OP108214,W0139,Morning,D,27.0,1.0,2025-06-02 23:15:00
OP108215,W0485,Night,D,42.0,,2025-02-05 21:29:00
OP108216,W0330,Morning,C,47.0,,2025-01-26 18:44:00
OP108217,W0165,,Z,26.0,,2025-01-26 20:41:00
OP108218,W0095,,Z,31.0,0.0,2025-05-24 16:42:00
OP108219,W0056,Mornng,,0.0,2.0,2025-04-24 04:20:00
OP108220,W0075,Morning,E,8.0,,2025-03-03 15:57:00
OP108221,W0215,Mornng,D,37.0,2.0,2025-05-22 02:00:00
OP108222,W0343,,Z,15.0,1.0,2025-01-22 06:45:00
OP108223,W0237,Evening,D,36.0,,2025-05-29 12:53:00
OP108224,W0324,Morning,D,4.0,0.0,2025-01-10 06:25:00
OP108225,W0016,,A,5.0,2.0,2025-02-27 17:47:00
OP108226,W0036,Morning,C,6.0,,2025-03-19 14:45:00
OP108227,W0304,Morning,Z,31.0,0.0,2025-03-22 13:07:00
OP108228,W0037,Night,A,36.0,0.0,2025-04-22 23:45:00
OP108229,W0256,Mornng,A,15.0,2.0,2025-06-04 07:48:00
OP108230,W0154,,C,46.0,1.0,2025-06-29 06:01:00
OP108231,W0139,Night,C,3.0,,2025-06-03 12:56:00
OP108232,W0153,,Z,34.0,1.0,2025-03-01 17:56:00
OP108233,W0370,Mornng,Z,14.0,,2025-01-29 20:01:00
OP108234,W0035,,E,36.0,1.0,2025-03-16 22:26:00
OP108235,W0327,,A,5.0,1.0,2025-02-03 20:04:00
OP108236,W0185,,Z,38.0,1.0,2025-05-01 00:51:00
OP108237,W0108,Morning,E,12.0,0.0,2025-06-03 09:52:00
OP108238,W0455,Evening,A,33.0,2.0,2025-06-15 05:18:00
OP108239,W0122,,E,4.0,2.0,2025-06-07 04:12:00
OP108240,W0308,,A,20.0,2.0,2025-06-06 11:10:00
OP108241,W0262,Morning,B,2.0,2.0,2025-06-27 00:45:00
OP108242,W0392,Mornng,,46.0,0.0,2025-06-29 04:17:00
OP108243,W0303,,Z,35.0,0.0,2025-02-16 12:13:00
OP108244,W0046,Morning,A,10.0,,2025-04-03 06:56:00
OP108245,W0459,Night,E,47.0,2.0,2025-05-22 23:02:00
OP108246,W0143,,Z,44.0,0.0,2025-04-16 22:47:00
OP108247,W0231,,E,0.0,0.0,2025-06-05 07:26:00
OP108248,W0238,Evening,A,41.0,0.0,2025-01-16 12:11:00
OP108249,W0003,,A,37.0,1.0,2025-04-20 06:24:00
OP108250,W0401,,B,21.0,0.0,2025-03-20 07:12:00
OP108251,W0055,Mornng,D,47.0,2.0,2025-03-18 23:38:00
OP108252,W0190,Morning,E,-5.0,2.0,2025-02-28 15:17:00
OP108253,W0416,Night,,28.0,2.0,2025-04-19 01:17:00
OP108254,W0452,Mornng,D,3.0,0.0,2025-01-06 08:07:00
OP108255,W0030,,Z,16.0,,2025-03-13 10:12:00
OP108256,W0441,,C,5.0,2.0,2025-06-06 19:21:00
OP108257,W0007,Night,D,41.0,2.0,2025-03-04 21:59:00
OP108258,W0433,,C,38.0,0.0,2025-01-06 22:45:00
OP108259,W0202,,C,22.0,1.0,invalid_date
OP108260,W0210,,E,30.0,0.0,2025-04-02 04:12:00
OP108261,W0207,,D,20.0,2.0,2025-01-12 05:21:00
OP108262,W0237,Mornng,A,16.0,2.0,2025-01-13 18:03:00
OP108263,W0117,Morning,A,36.0,,2025-01-23 21:30:00
OP108264,W0312,Mornng,C,9.0,,2025-06-16 03:23:00
OP108265,W0228,Morning,Z,48.0,1.0,2025-04-14 15:52:00
OP108266,W0292,,,24.0,0.0,2025-04-07 18:58:00
OP108267,W0170,Evening,,34.0,0.0,2025-05-06 08:38:00
OP108268,W0173,Evening,A,15.0,0.0,2025-03-28 22:49:00
OP108269,W0150,Evening,A,47.0,0.0,2025-05-05 10:25:00
OP108270,W0434,,B,5.0,0.0,2025-04-30 17:39:00
OP108271,W0225,Night,C,49.0,0.0,2025-02-19 01:34:00
OP108272,W0304,,E,4.0,1.0,2025-06-20 00:47:00
OP108273,W0367,,Z,30.0,1.0,2025-02-05 14:42:00
OP108274,W0210,Night,C,21.0,0.0,2025-05-28 06:01:00
OP108275,W0141,Evening,D,24.0,2.0,2025-01-10 10:47:00
OP108276,W0383,,B,45.0,,2025-03-26 14:38:00
OP108277,W0440,Night,A,21.0,1.0,2025-06-21 03:17:00
OP108278,W0093,,C,38.0,1.0,2025-03-30 21:16:00
OP108279,W0036,Evening,E,30.0,,2025-02-15 09:58:00
OP108280,W0367,Evening,B,,,2025-02-05 22:18:00
OP108281,W0427,,B,26.0,2.0,2025-05-21 08:12:00
OP108282,W0354,Night,C,36.0,0.0,2025-04-01 04:49:00
OP108283,W0169,,C,2.0,1.0,2025-03-22 02:06:00
OP108284,W0102,Evening,A,23.0,,2025-03-17 21:49:00
OP108285,W0292,Mornng,Z,8.0,1.0,invalid_date
OP108286,W0305,Mornng,E,9.0,0.0,2025-06-06 07:42:00
OP108287,W0378,Mornng,B,23.0,2.0,2025-04-09 11:52:00
OP108288,W0291,Night,D,41.0,2.0,2025-06-18 13:13:00
OP108289,W0183,,B,17.0,1.0,2025-03-31 18:24:00
OP108290,W0361,,Z,18.0,2.0,2025-01-17 14:10:00
OP108291,W0093,,D,34.0,,2025-05-17 14:57:00
OP108292,W0039,Evening,D,44.0,2.0,2025-03-23 02:06:00
OP108293,W0477,Night,E,21.0,2.0,2025-02-16 21:25:00
OP108294,W0185,,Z,22.0,0.0,2025-04-17 00:42:00
OP108295,W0474,,A,43.0,0.0,2025-01-17 20:29:00
OP108296,W0305,Mornng,E,18.0,0.0,2025-06-17 06:21:00
OP108297,W0290,Evening,D,24.0,0.0,2025-02-17 09:29:00
OP108298,W0410,,,,0.0,2025-02-22 20:59:00
OP108299,W0011,Night,D,6.0,2.0,2025-02-28 06:52:00
OP108300,W0357,Mornng,E,32.0,1.0,2025-05-08 07:02:00
OP108301,W0112,Mornng,Z,15.0,,2025-06-11 06:19:00
OP108302,W0403,Morning,A,22.0,0.0,2025-01-30 05:05:00
OP108303,W0280,Mornng,C,-5.0,0.0,2025-03-01 09:48:00
OP108304,W0391,Evening,,14.0,2.0,2025-02-25 07:49:00
OP108305,W0351,,C,15.0,1.0,2025-03-19 22:54:00
OP108306,W0233,,B,9.0,0.0,2025-06-15 04:23:00
OP108307,W0376,,C,5.0,,2025-06-24 18:34:00
OP108308,W0320,Morning,E,0.0,1.0,2025-01-03 15:41:00
OP108309,W0449,Night,C,32.0,1.0,invalid_date
OP108310,W0181,,A,25.0,2.0,2025-05-16 18:45:00
OP108311,W0066,Mornng,,40.0,0.0,2025-01-20 19:07:00
OP108312,W0339,Evening,C,13.0,0.0,2025-01-08 17:14:00
OP108313,W0283,Morning,C,30.0,0.0,2025-06-22 02:16:00
OP108314,W0403,,D,13.0,0.0,2025-04-07 01:19:00
OP108315,W0094,Morning,D,5.0,2.0,2025-05-27 13:12:00
OP108316,W0447,Morning,Z,37.0,0.0,2025-05-23 10:23:00
OP108317,W0079,,C,44.0,0.0,2025-03-19 16:19:00
OP108318,W0232,,A,17.0,0.0,2025-03-27 07:31:00
OP108319,W0103,Night,A,8.0,,2025-03-13 14:15:00
OP108320,W0381,Morning,Z,47.0,1.0,2025-01-30 17:33:00
OP108321,W0183,,E,3.0,0.0,2025-04-10 04:49:00
OP108322,W0010,Morning,C,32.0,,2025-01-02 08:56:00
OP108323,W0021,Morning,A,35.0,,2025-02-28 11:32:00
OP108324,W0479,Mornng,A,24.0,2.0,2025-02-19 22:59:00
OP108325,W0171,Evening,E,35.0,2.0,2025-06-03 09:28:00
OP108326,W0100,Night,E,44.0,0.0,2025-06-08 07:17:00
OP108327,W0191,Mornng,D,40.0,2.0,2025-05-17 17:46:00
OP108328,W0262,Mornng,D,34.0,1.0,2025-03-04 04:34:00
OP108329,W0078,Night,Z,15.0,,2025-01-24 10:05:00
OP108330,W0246,Night,E,21.0,1.0,2025-06-22 02:56:00
OP108331,W0262,,D,15.0,2.0,2025-06-14 16:24:00
OP108332,W0125,,Z,34.0,0.0,2025-01-10 10:35:00
OP108333,W0040,,C,20.0,,2025-06-06 22:37:00
OP108334,W0446,,,11.0,,2025-01-29 20:28:00
OP108335,W0348,Morning,Z,49.0,2.0,2025-02-18 18:13:00
OP108336,W0162,,C,48.0,1.0,2025-01-13 13:42:00
OP108337,W0390,Morning,B,-5.0,,2025-01-03 01:28:00
OP108338,W0291,Mornng,B,27.0,0.0,2025-04-12 14:01:00
OP108339,W0386,,B,34.0,1.0,2025-01-27 13:16:00
OP108340,W0071,Night,,10.0,,2025-01-11 17:16:00
OP108341,W0263,,B,1.0,,2025-06-29 11:20:00
OP108342,W0393,Night,A,35.0,,2025-06-28 07:43:00
OP108343,W0462,,D,9.0,1.0,2025-04-07 22:46:00
OP108344,W0057,Night,B,26.0,0.0,2025-03-05 21:29:00
OP108345,W0276,,Z,9.0,0.0,2025-02-02 22:38:00
OP108346,W0405,,A,25.0,0.0,2025-01-11 15:35:00
OP108347,W0343,Mornng,E,46.0,0.0,2025-03-30 00:40:00
OP108348,W0415,Night,A,28.0,2.0,2025-06-28 11:32:00
OP108349,W0309,Morning,Z,36.0,2.0,2025-03-31 03:06:00
OP108350,W0284,Mornng,D,12.0,2.0,2025-03-06 16:03:00
OP108351,W0374,Evening,D,33.0,0.0,2025-01-29 22:48:00
OP108352,W0216,Mornng,B,48.0,1.0,2025-06-24 20:16:00
OP108353,W0336,Morning,A,48.0,2.0,2025-04-12 12:43:00
OP108354,W0020,Mornng,Z,46.0,0.0,2025-04-28 13:50:00
OP108355,W0477,,C,28.0,0.0,2025-06-18 23:36:00
OP108356,W0158,,E,39.0,,2025-04-26 07:06:00
OP108357,W0196,Mornng,Z,37.0,2.0,2025-06-26 01:05:00
OP108358,W0414,Evening,B,6.0,2.0,2025-04-28 00:53:00
OP108359,W0434,Evening,A,13.0,,2025-01-01 07:07:00
OP108360,W0352,Evening,B,8.0,0.0,2025-06-09 10:29:00
OP108361,W0395,Mornng,E,47.0,1.0,2025-01-17 05:34:00
OP108362,W0082,Night,E,2.0,1.0,2025-02-01 12:53:00
OP108363,W0441,,A,17.0,,invalid_date
OP108364,W0187,,D,22.0,0.0,2025-04-10 08:51:00
OP108365,W0184,Morning,,42.0,0.0,2025-03-18 17:38:00
OP108366,W0142,Morning,C,0.0,0.0,2025-01-13 14:10:00
OP108367,W0022,Evening,C,19.0,0.0,2025-05-20 22:59:00
OP108368,W0126,Evening,A,0.0,2.0,2025-04-05 13:13:00
OP108369,W0059,Morning,E,45.0,0.0,2025-03-24 16:59:00
OP108370,W0116,Mornng,,17.0,2.0,2025-03-10 01:28:00
OP108371,W0451,,C,19.0,2.0,2025-05-24 11:17:00
OP108372,W0105,Morning,,47.0,0.0,2025-06-12 08:19:00
OP108373,W0164,,,35.0,2.0,2025-04-21 00:09:00
OP108374,W0344,Morning,B,9.0,1.0,2025-01-05 02:08:00
OP108375,W0263,,C,16.0,2.0,2025-02-10 23:47:00
OP108376,W0125,,B,34.0,0.0,2025-02-25 18:19:00
OP108377,W0130,Evening,E,32.0,1.0,2025-04-02 12:13:00
OP108378,W0009,Mornng,C,49.0,,2025-04-05 09:10:00
OP108379,W0074,Mornng,D,30.0,1.0,2025-01-24 02:46:00
OP108380,,,A,43.0,2.0,2025-06-08 14:28:00
OP108381,W0010,Night,D,1.0,2.0,2025-04-24 17:26:00
OP108382,W0245,Morning,,11.0,2.0,2025-03-07 01:36:00
OP108383,W0316,Evening,A,48.0,,2025-02-15 11:53:00
OP108384,W0077,Mornng,B,12.0,1.0,2025-04-12 12:06:00
OP108385,W0461,Evening,,48.0,,2025-05-16 16:11:00
OP108386,W0198,,E,7.0,,2025-04-15 23:01:00
OP108387,W0057,Evening,Z,30.0,1.0,2025-02-07 05:40:00
OP108388,W9999,Night,E,28.0,0.0,2025-03-20 19:22:00
OP108389,W0292,Evening,E,37.0,1.0,2025-06-13 18:41:00
OP108390,W0296,,A,45.0,1.0,2025-06-05 11:38:00
OP108391,W0348,Night,Z,10.0,1.0,2025-04-22 09:14:00
OP108392,W0182,Evening,C,12.0,1.0,2025-06-28 05:26:00
OP108393,W0328,Evening,Z,36.0,0.0,2025-03-12 13:44:00
OP108394,W0016,Mornng,Z,16.0,2.0,2025-06-03 10:54:00
OP108395,W0372,,B,2.0,2.0,2025-05-13 05:42:00
OP108396,W0003,Morning,C,3.0,,2025-01-18 08:28:00
OP108397,W0187,Night,,28.0,0.0,2025-02-12 12:23:00
OP108398,W0403,,D,12.0,1.0,2025-02-25 19:20:00
OP108399,W0447,Evening,,34.0,,2025-04-06 01:53:00
OP108400,W0485,Morning,D,26.0,0.0,2025-04-11 18:57:00
OP108401,W0089,Mornng,E,13.0,,2025-06-19 13:20:00
OP108402,W0003,Morning,C,,,2025-01-10 03:57:00
OP108403,W0135,,D,43.0,0.0,2025-03-11 11:25:00
OP108404,W0299,Morning,,21.0,0.0,2025-06-13 00:49:00
OP108405,W0233,,E,49.0,,2025-03-23 12:15:00
OP108406,W0204,,A,4.0,1.0,2025-05-18 03:34:00
OP108407,W0457,,,39.0,,2025-03-14 05:51:00
OP108408,W0380,Morning,Z,9.0,,2025-05-06 20:06:00
OP108409,W0490,Evening,Z,30.0,,2025-03-21 18:29:00
OP108410,W0431,,Z,15.0,0.0,2025-06-24 06:54:00
OP108411,W0492,Evening,D,35.0,0.0,2025-04-23 18:28:00
OP108412,W0024,Mornng,E,46.0,,2025-06-23 00:21:00
OP108413,W0134,,E,44.0,0.0,2025-06-21 05:00:00
OP108414,W0310,Night,Z,12.0,1.0,2025-02-02 18:08:00
OP108415,W0193,Mornng,C,44.0,1.0,2025-03-04 09:53:00
OP108416,W0178,Mornng,D,9.0,,invalid_date
OP108417,W0464,Evening,A,40.0,0.0,2025-06-22 12:34:00
OP108418,W0384,Evening,B,40.0,1.0,2025-03-14 19:02:00
OP108419,W0148,,C,13.0,1.0,2025-01-06 15:43:00
OP108420,W0170,,D,26.0,,2025-03-23 23:10:00
OP108421,W0196,,Z,-5.0,0.0,2025-02-09 08:51:00
OP108422,W0003,,C,-5.0,0.0,2025-06-27 18:19:00
OP108423,W0100,,E,20.0,0.0,2025-01-24 10:04:00
OP108424,W0016,Evening,B,9.0,1.0,2025-02-06 01:32:00
OP108425,W0372,Mornng,D,,,2025-03-14 04:00:00
OP108426,W0175,,C,24.0,1.0,2025-05-17 14:39:00
OP108427,W0446,,A,41.0,2.0,2025-02-21 05:53:00
OP108428,W0139,Morning,Z,35.0,2.0,2025-06-01 01:42:00
OP108429,W0279,Night,D,20.0,2.0,2025-02-08 03:14:00
OP108430,W0290,Evening,Z,45.0,2.0,2025-02-06 12:20:00
OP108431,W0445,Morning,Z,16.0,1.0,2025-02-05 22:36:00
OP108432,W0366,Evening,A,25.0,0.0,2025-01-30 17:53:00
OP108433,W0083,,B,39.0,0.0,2025-05-03 15:39:00
OP108434,W0181,,B,40.0,1.0,2025-05-01 15:43:00
OP108435,W0295,Mornng,C,,0.0,2025-05-08 20:13:00
OP108436,W0187,Evening,Z,,2.0,2025-02-07 01:19:00
OP108437,W0052,Mornng,Z,48.0,,2025-04-13 02:54:00
OP108438,W0176,Night,,48.0,0.0,2025-03-04 13:45:00
OP108439,W0094,,C,45.0,,2025-04-14 17:01:00
OP108440,W0107,Mornng,A,39.0,1.0,2025-05-18 11:32:00
OP108441,W0309,,A,27.0,,2025-01-24 06:41:00
OP108442,W0013,Evening,Z,49.0,2.0,2025-03-05 19:57:00
OP108443,W0249,Evening,Z,17.0,,2025-06-21 16:38:00
OP108444,W0315,Evening,C,24.0,2.0,2025-05-01 00:40:00
OP108445,W0143,Night,D,46.0,1.0,2025-05-10 00:37:00
OP108446,W0380,,E,10.0,2.0,2025-05-21 01:34:00
OP108447,W0223,Mornng,E,30.0,0.0,2025-05-15 01:22:00
OP108448,W0091,,Z,12.0,1.0,2025-01-11 22:14:00
OP108449,W0479,Morning,Z,15.0,0.0,invalid_date
OP108450,W0189,,D,23.0,,2025-05-23 09:08:00
OP108451,W0138,Night,C,17.0,0.0,2025-01-14 16:24:00
OP108452,W0034,,A,6.0,2.0,2025-04-11 00:44:00
OP108453,W0361,Evening,Z,46.0,0.0,2025-02-12 10:10:00
OP108454,W0248,Night,B,8.0,0.0,2025-06-12 16:14:00
OP108455,W0464,Mornng,E,37.0,0.0,2025-06-17 16:02:00
OP108456,W0414,Evening,C,29.0,2.0,2025-02-15 12:18:00
OP108457,W0418,Mornng,D,37.0,2.0,2025-05-31 09:14:00
OP108458,W0463,,B,6.0,,2025-04-24 01:38:00
OP108459,W0008,Evening,C,3.0,1.0,2025-05-10 02:21:00
OP108460,W0142,Evening,,34.0,2.0,2025-06-27 19:35:00
OP108461,W0369,,B,40.0,2.0,2025-05-23 11:31:00
OP108462,W0455,Morning,A,19.0,2.0,2025-02-15 09:25:00
OP108463,W0409,Evening,,45.0,1.0,2025-05-05 18:54:00
OP108464,W0243,Mornng,E,22.0,2.0,2025-04-17 14:53:00
OP108465,W0436,Night,A,40.0,,2025-03-24 08:27:00
OP108466,W0406,Mornng,,14.0,2.0,2025-02-20 06:47:00
OP108467,W0398,,,48.0,2.0,2025-05-20 00:10:00
OP108468,W0127,Evening,E,40.0,0.0,2025-01-12 01:35:00
OP108469,W0165,Evening,,8.0,0.0,2025-03-02 03:11:00
OP108470,W0153,,,32.0,2.0,2025-01-19 12:46:00
OP108471,,,D,29.0,0.0,2025-01-30 14:16:00
OP108472,W0380,Morning,,14.0,1.0,2025-03-17 12:59:00
OP108473,W0146,Night,D,42.0,2.0,2025-05-10 20:35:00
OP108474,W0341,Morning,E,16.0,2.0,2025-05-05 17:36:00
OP108475,W0397,Evening,B,8.0,,2025-02-01 18:15:00
OP108476,W0256,Mornng,B,40.0,,2025-03-31 14:50:00
OP108477,W0125,Mornng,C,43.0,0.0,2025-03-06 04:53:00
OP108478,W0233,Morning,C,36.0,0.0,2025-02-15 21:16:00
OP108479,W0348,,,4.0,2.0,2025-03-20 10:50:00
OP108480,W0238,,B,36.0,,2025-03-12 10:17:00
OP108481,W0255,,D,0.0,,2025-03-22 02:16:00
OP108482,W0255,Evening,Z,2.0,0.0,2025-03-05 20:59:00
OP108483,W0375,,E,39.0,1.0,2025-06-22 23:57:00
OP108484,W0171,Mornng,D,22.0,0.0,2025-01-23 05:21:00
OP108485,W0353,Evening,Z,33.0,,2025-01-16 23:51:00
OP108486,W0295,,Z,35.0,2.0,2025-05-26 03:02:00
OP108487,W0214,,C,31.0,,2025-05-05 23:29:00
OP108488,W0458,,B,18.0,,2025-05-16 02:58:00
OP108489,W0426,Morning,D,43.0,0.0,2025-03-22 09:17:00
OP108490,W0435,,A,27.0,1.0,2025-01-17 11:03:00
OP108491,W0351,Mornng,C,37.0,0.0,2025-05-14 03:36:00
OP108492,W0422,Morning,B,3.0,2.0,2025-01-24 00:03:00
OP108493,W0276,Evening,B,37.0,,2025-05-23 14:54:00
OP108494,W0409,,C,6.0,0.0,2025-04-12 05:08:00
OP108495,W0304,Mornng,D,7.0,0.0,2025-02-25 16:07:00
OP108496,W0091,,E,29.0,1.0,2025-01-06 03:51:00
OP108497,W0328,Night,D,16.0,2.0,2025-03-03 22:29:00
OP108498,W0136,Night,D,16.0,,2025-05-20 03:47:00
OP108499,W0056,,B,1.0,2.0,invalid_date
OP108500,W0378,Evening,B,2.0,1.0,2025-03-31 06:18:00
OP108501,W0351,Mornng,D,46.0,0.0,2025-02-13 08:13:00
OP108502,W0407,,Z,37.0,0.0,2025-01-22 22:34:00
OP108503,W0096,,Z,49.0,,2025-04-24 05:58:00
OP108504,W0158,Night,B,17.0,,2025-01-05 00:42:00
OP108505,W0457,Mornng,D,2.0,2.0,2025-05-27 15:54:00
OP108506,W0234,Mornng,Z,7.0,1.0,2025-01-24 07:31:00
OP108507,W0222,Morning,C,,1.0,2025-01-19 00:02:00
OP108508,W0486,,C,0.0,1.0,2025-03-26 03:40:00
OP108509,W0331,Evening,E,0.0,0.0,2025-05-07 23:34:00
OP108510,W0179,Evening,D,39.0,0.0,2025-03-06 03:50:00
OP108511,W0342,Evening,Z,,,2025-06-12 00:38:00
OP108512,W0165,Mornng,C,0.0,1.0,2025-01-14 16:32:00
OP108513,W0424,Night,,34.0,,2025-05-30 06:32:00
OP108514,W0375,Night,B,1.0,0.0,2025-02-10 08:04:00
OP108515,W0488,,B,49.0,0.0,2025-01-05 22:48:00
OP108516,W0373,Evening,A,46.0,2.0,2025-02-24 11:45:00
OP108517,W0187,,,6.0,0.0,2025-02-04 00:51:00
OP108518,W0072,Morning,C,29.0,,2025-01-12 03:19:00
OP108519,W0496,Evening,,3.0,2.0,2025-02-15 23:21:00
OP108520,W0494,,,4.0,1.0,2025-04-26 09:46:00
OP108521,W0142,,A,41.0,0.0,2025-03-05 18:40:00
OP108522,W0237,Morning,D,24.0,,2025-01-23 20:23:00
OP108523,W0050,,,16.0,2.0,2025-03-02 19:52:00
OP108524,W0096,Evening,D,6.0,,2025-01-23 19:24:00
OP108525,W0452,Evening,E,11.0,0.0,2025-03-25 13:00:00
OP108526,W0048,,E,25.0,,2025-02-20 01:40:00
OP108527,W0379,Night,D,17.0,0.0,2025-04-14 12:08:00
OP108528,W0485,Night,A,6.0,2.0,2025-01-11 21:31:00
OP108529,W0124,Night,D,43.0,1.0,2025-06-08 00:19:00
OP108530,W0315,,Z,44.0,1.0,2025-04-08 00:49:00
OP108531,W0280,Mornng,A,6.0,1.0,2025-05-30 08:32:00
OP108532,W0476,Evening,B,45.0,1.0,2025-02-16 03:07:00
OP108533,W0216,Mornng,D,35.0,1.0,2025-03-17 02:35:00
OP108534,W0100,,D,35.0,2.0,2025-04-19 05:55:00
OP108535,W0336,,B,,1.0,2025-03-24 14:42:00
OP108536,W0321,Evening,A,40.0,,2025-02-09 08:30:00
OP108537,W0395,Mornng,D,39.0,,2025-02-07 03:15:00
OP108538,W0081,Evening,A,12.0,2.0,2025-04-16 20:50:00
OP108539,W0024,,Z,17.0,2.0,2025-03-21 18:15:00
OP108540,W0152,,E,4.0,2.0,2025-03-22 08:37:00
OP108541,W0031,,Z,15.0,2.0,2025-03-05 11:57:00
OP108542,W0361,,B,0.0,2.0,2025-02-11 09:06:00
OP108543,W0500,Morning,D,31.0,1.0,2025-04-03 17:48:00
OP108544,W0199,Night,Z,14.0,0.0,2025-05-08 00:37:00
OP108545,W0084,Morning,A,36.0,,2025-03-31 19:50:00
OP108546,W0100,,B,10.0,0.0,2025-06-16 03:44:00
OP108547,W0138,Evening,C,8.0,2.0,2025-06-09 03:38:00
OP108548,W0091,,B,15.0,1.0,2025-03-01 04:35:00
OP108549,W0197,Morning,,21.0,,2025-01-13 23:18:00
OP108550,W0231,Mornng,E,30.0,0.0,2025-01-01 21:53:00
OP108551,W0105,Evening,B,30.0,,2025-02-13 07:09:00
OP108552,W0077,Night,D,,,2025-03-12 08:14:00
OP108553,W0295,Evening,,3.0,2.0,2025-03-01 15:33:00
OP108554,W0023,,C,13.0,0.0,2025-06-03 23:08:00
OP108555,W0485,Mornng,A,42.0,0.0,2025-06-10 11:31:00
OP108556,W0321,Evening,A,23.0,2.0,2025-02-20 12:29:00
OP108557,W0259,Night,A,30.0,2.0,2025-03-19 17:04:00
OP108558,W0426,Mornng,,9.0,1.0,2025-04-20 06:06:00
OP108559,W0137,Mornng,B,43.0,1.0,2025-01-23 14:23:00
OP108560,W0128,Night,,37.0,,2025-06-28 00:45:00
OP108561,W0234,Mornng,D,0.0,2.0,2025-04-19 19:30:00
OP108562,W0331,,B,27.0,,2025-06-24 16:25:00
OP108563,W0300,,,11.0,,2025-06-14 09:39:00
OP108564,W0361,Morning,D,45.0,0.0,2025-01-19 21:38:00
OP108565,W0141,Evening,,7.0,,2025-04-23 15:22:00
OP108566,W0247,,,24.0,1.0,2025-05-07 21:38:00
OP108567,W0407,Mornng,B,30.0,1.0,2025-03-04 09:38:00
OP108568,W0444,Night,A,39.0,1.0,2025-01-06 15:43:00
OP108569,W0044,Evening,C,45.0,,2025-01-19 19:46:00
OP108570,W0024,Mornng,D,28.0,1.0,2025-06-08 18:53:00
OP108571,W0424,,D,35.0,0.0,2025-06-01 23:45:00
OP108572,W0073,,A,38.0,2.0,2025-04-19 15:45:00
OP108573,W0053,Evening,B,0.0,1.0,2025-01-01 16:00:00
OP108574,W0317,Night,,36.0,2.0,2025-04-20 07:08:00
OP108575,W0014,,D,6.0,0.0,2025-03-17 09:15:00
OP108576,W0245,,,20.0,1.0,2025-03-09 10:30:00
OP108577,W0154,Morning,Z,4.0,0.0,2025-01-09 05:27:00
OP108578,W0120,Night,Z,27.0,,2025-05-26 06:07:00
OP108579,W0345,Evening,A,2.0,,2025-01-12 01:10:00
OP108580,W0264,Mornng,,9.0,0.0,2025-04-20 12:46:00
OP108581,W0273,Night,E,27.0,2.0,2025-02-06 21:55:00
OP108582,W0036,Night,B,28.0,,2025-02-05 08:41:00
OP108583,W0427,Night,,19.0,,2025-02-28 11:21:00
OP108584,W0500,,,41.0,2.0,2025-05-02 01:21:00
OP108585,W0287,Evening,D,33.0,2.0,2025-03-15 05:19:00
OP108586,W0333,Night,B,30.0,0.0,2025-01-27 03:09:00
OP108587,W0257,Night,A,7.0,0.0,2025-05-10 17:18:00
OP108588,W0300,Night,E,31.0,1.0,2025-06-14 12:53:00
OP108589,W0473,Morning,,25.0,,2025-06-07 04:34:00
OP108590,W0096,,D,4.0,0.0,2025-04-15 19:34:00
OP108591,W0224,Mornng,B,23.0,2.0,2025-04-06 10:41:00
OP108592,W0062,,C,45.0,2.0,2025-04-06 23:45:00
OP108593,W0193,,Z,8.0,1.0,2025-03-23 18:00:00
OP108594,W0079,,B,11.0,1.0,2025-04-17 18:57:00
OP108595,W0478,Morning,D,33.0,2.0,2025-01-22 01:39:00
OP108596,W0499,Night,Z,20.0,2.0,2025-01-22 22:22:00
OP108597,W0291,Night,E,-5.0,,2025-01-20 18:46:00
OP108598,W0174,Evening,,12.0,,2025-01-31 15:32:00
OP108599,W0443,,Z,13.0,0.0,2025-01-23 19:10:00
OP108600,W0200,Morning,D,45.0,1.0,2025-04-16 18:26:00
OP108601,W0264,Morning,C,31.0,,2025-01-12 20:18:00
OP108602,W0421,Night,Z,15.0,1.0,2025-06-27 09:43:00
OP108603,W0209,Morning,A,15.0,2.0,2025-05-14 20:01:00
OP108604,W0065,Morning,D,24.0,1.0,2025-02-13 13:16:00
OP108605,W0460,Morning,,9.0,2.0,2025-02-24 20:26:00
OP108606,W0470,Morning,Z,26.0,1.0,2025-02-05 17:27:00
OP108607,W0173,,C,27.0,0.0,2025-06-09 21:00:00
OP108608,W0188,Evening,B,3.0,,2025-01-16 18:09:00
OP108609,W0105,Morning,C,38.0,1.0,2025-03-01 01:55:00
OP108610,W0440,Mornng,,36.0,2.0,2025-01-07 16:07:00
OP108611,W0184,Night,D,20.0,2.0,2025-03-25 19:39:00
OP108612,W0420,Mornng,B,32.0,,2025-02-17 19:09:00
OP108613,W0168,Mornng,D,32.0,2.0,2025-01-22 18:35:00
OP108614,W0083,Mornng,A,18.0,0.0,2025-01-05 02:51:00
OP108615,W0498,Night,E,36.0,1.0,2025-06-02 21:49:00
OP108616,W0172,Night,B,44.0,2.0,2025-02-08 06:09:00
OP108617,W0116,Mornng,,21.0,,2025-06-23 08:58:00
OP108618,W0026,,Z,13.0,,2025-02-02 18:36:00
OP108619,W0340,Night,E,33.0,,2025-02-28 23:28:00
OP108620,W0248,,A,14.0,,2025-05-17 17:21:00
OP108621,W0470,,Z,9.0,1.0,2025-05-07 12:52:00
OP108622,W0207,Night,,32.0,0.0,2025-04-29 01:12:00
OP108623,W0486,Evening,Z,15.0,2.0,2025-03-08 01:05:00
OP108624,W0079,,B,-5.0,0.0,2025-01-29 09:07:00
OP108625,W0339,,B,13.0,2.0,2025-02-15 12:37:00
OP108626,W0053,Evening,C,6.0,,2025-02-23 15:47:00
OP108627,W0060,,Z,46.0,,2025-06-28 04:29:00
OP108628,W0475,,C,10.0,2.0,2025-06-07 09:42:00
OP108629,W0499,,,19.0,0.0,2025-06-01 23:14:00
OP108630,W0490,,E,39.0,,2025-06-03 07:19:00
OP108631,W0310,Morning,B,21.0,2.0,2025-01-18 10:23:00
OP108632,W0264,Morning,A,13.0,2.0,invalid_date
OP108633,W0150,,A,22.0,0.0,2025-06-24 21:44:00
OP108634,W0135,Night,,26.0,0.0,2025-04-09 07:18:00
OP108635,W0406,Night,A,49.0,2.0,2025-03-04 07:26:00
OP108636,W0026,Morning,A,6.0,1.0,2025-02-07 08:01:00
OP108637,W0131,,A,6.0,1.0,2025-01-11 20:53:00
OP108638,W0332,Night,A,38.0,2.0,2025-06-10 08:26:00
OP108639,W0152,Evening,A,20.0,0.0,2025-03-27 08:19:00
OP108640,W0330,Morning,B,4.0,2.0,2025-03-22 16:15:00
OP108641,W0181,Mornng,B,4.0,,2025-01-13 22:08:00
OP108642,W0167,,A,6.0,0.0,2025-02-05 09:30:00
OP108643,W0144,,A,41.0,0.0,2025-01-05 14:31:00
OP108644,W0236,Night,D,16.0,2.0,2025-04-02 10:19:00
OP108645,W0166,Morning,E,13.0,,2025-05-25 04:21:00
OP108646,W0007,Evening,Z,43.0,1.0,2025-05-16 20:44:00
OP108647,W0304,Night,B,21.0,2.0,2025-01-29 18:19:00
OP108648,W0003,Evening,,49.0,2.0,2025-01-29 08:50:00
OP108649,W0408,Evening,Z,17.0,,2025-01-19 11:13:00
OP108650,W0175,Night,,46.0,1.0,2025-01-23 11:15:00
OP108651,W0129,Mornng,D,31.0,0.0,2025-06-12 05:51:00
OP108652,W0019,Night,B,33.0,2.0,2025-03-27 04:15:00
OP108653,W0229,Evening,A,21.0,1.0,2025-01-28 06:13:00
OP108654,W0170,Morning,C,48.0,0.0,2025-05-21 23:49:00
OP108655,W0226,Mornng,C,27.0,0.0,2025-02-26 00:43:00
OP108656,W0065,Mornng,A,38.0,1.0,2025-05-23 08:52:00
OP108657,W0161,,E,7.0,2.0,2025-05-11 09:32:00
OP108658,W0035,Night,C,28.0,0.0,2025-01-12 14:19:00
OP108659,W0122,Night,D,5.0,1.0,2025-02-15 20:18:00
OP108660,W0309,Mornng,A,35.0,,2025-04-25 02:31:00
OP108661,W0225,Morning,Z,5.0,0.0,2025-04-16 07:53:00
OP108662,W0443,Mornng,A,44.0,,2025-04-12 09:42:00
OP108663,W0018,Mornng,Z,0.0,2.0,2025-03-19 17:59:00
OP108664,W0488,Evening,A,25.0,0.0,2025-01-23 12:01:00
OP108665,W0241,,C,38.0,0.0,2025-02-23 22:10:00
OP108666,W0114,Mornng,D,25.0,2.0,invalid_date
OP108667,W0452,Night,C,26.0,0.0,2025-02-11 01:50:00
OP108668,W0415,Evening,A,24.0,0.0,2025-05-01 09:20:00
OP108669,W0147,Mornng,,24.0,2.0,2025-03-25 21:11:00
OP108670,W0290,Morning,A,3.0,2.0,2025-02-07 02:23:00
OP108671,W0163,,Z,18.0,,2025-05-18 08:56:00
OP108672,W0375,Mornng,A,37.0,0.0,2025-05-07 23:16:00
OP108673,W0483,,B,34.0,2.0,2025-04-29 03:53:00
OP108674,W0350,,A,29.0,,2025-04-24 17:04:00
OP108675,W0472,Night,E,7.0,2.0,2025-06-14 23:37:00
OP108676,W0440,Morning,,49.0,2.0,2025-05-11 01:09:00
OP108677,W0476,Evening,C,0.0,1.0,2025-01-31 23:11:00
OP108678,W0345,Morning,D,16.0,0.0,2025-04-10 20:39:00
OP108679,W0387,Mornng,,20.0,2.0,2025-02-02 22:01:00
OP108680,W0086,Night,B,30.0,1.0,2025-04-05 08:11:00
OP108681,W0494,Morning,E,49.0,1.0,2025-06-11 15:58:00
OP108682,W0120,Morning,Z,33.0,1.0,2025-04-12 10:30:00
OP108683,W0179,Mornng,B,30.0,2.0,2025-03-02 16:11:00
OP108684,W0029,,Z,46.0,2.0,2025-06-26 11:10:00
OP108685,W0167,Evening,E,28.0,,2025-01-29 02:19:00
OP108686,W0394,Mornng,B,-5.0,2.0,2025-02-18 13:44:00
OP108687,W0121,Morning,A,22.0,2.0,2025-06-24 09:49:00
OP108688,W0323,,E,36.0,2.0,2025-03-05 14:00:00
OP108689,W0249,,E,20.0,0.0,2025-03-05 18:46:00
OP108690,W0325,Evening,A,40.0,0.0,2025-03-02 13:02:00
OP108691,W0454,Morning,C,1.0,2.0,2025-03-23 01:48:00
OP108692,W0233,Mornng,A,29.0,0.0,2025-02-06 15:12:00
OP108693,W0453,Night,,12.0,0.0,2025-06-25 20:11:00
OP108694,W0168,Evening,C,29.0,0.0,2025-04-28 08:59:00
OP108695,W0142,Evening,A,1.0,0.0,2025-03-15 02:53:00
OP108696,W0471,,Z,22.0,1.0,2025-05-02 05:33:00
OP108697,W0131,Night,D,16.0,0.0,2025-05-05 04:27:00
OP108698,W0163,,C,33.0,1.0,2025-01-01 08:12:00
OP108699,W0341,Evening,C,43.0,0.0,2025-04-30 23:58:00
OP108700,W0041,Evening,,45.0,1.0,2025-04-09 18:06:00
OP108701,W0418,Morning,A,49.0,2.0,2025-03-29 08:50:00
OP108702,W0224,Morning,C,29.0,0.0,2025-05-18 12:17:00
OP108703,W0139,Mornng,,40.0,1.0,2025-02-03 03:14:00
OP108704,W0386,Mornng,E,14.0,2.0,2025-01-20 10:55:00
OP108705,W0013,,C,4.0,,2025-01-13 03:56:00
OP108706,W0275,Morning,Z,33.0,1.0,2025-01-28 10:20:00
OP108707,W0491,Mornng,,36.0,1.0,2025-06-16 03:16:00
OP108708,W0230,,E,34.0,,2025-05-17 14:33:00
OP108709,W0422,,Z,2.0,0.0,2025-02-25 17:05:00
OP108710,W0129,Morning,C,34.0,2.0,2025-01-20 14:30:00
OP108711,W0262,,A,40.0,1.0,2025-04-23 10:25:00
OP108712,W0393,Morning,B,16.0,,2025-05-30 14:16:00
OP108713,W0424,,,41.0,2.0,2025-04-05 10:30:00
OP108714,W0294,Morning,D,19.0,,2025-05-08 14:36:00
OP108715,W0050,Mornng,C,,,2025-02-15 10:12:00
OP108716,W0291,Mornng,C,48.0,1.0,2025-06-15 00:23:00
OP108717,W0420,Mornng,D,23.0,,2025-03-31 17:58:00
OP108718,W0210,Night,B,6.0,1.0,2025-06-04 01:46:00
OP108719,W0014,,A,-5.0,2.0,2025-01-27 06:12:00
OP108720,W0315,Morning,C,19.0,2.0,2025-01-03 03:44:00
OP108721,W0044,Night,E,33.0,0.0,2025-01-09 08:11:00
OP108722,W0274,Mornng,C,28.0,2.0,2025-01-27 13:42:00
OP108723,W0018,,D,17.0,,2025-03-08 08:44:00
OP108724,W0281,,E,13.0,,2025-03-31 16:02:00
OP108725,,Mornng,Z,6.0,0.0,2025-02-15 03:09:00
OP108726,W0025,Night,E,8.0,1.0,2025-04-30 16:50:00
OP108727,W0373,Mornng,Z,11.0,0.0,2025-03-19 22:36:00
OP108728,W0152,Mornng,D,40.0,,2025-02-21 13:21:00
OP108729,W0342,,B,40.0,1.0,2025-06-19 02:44:00
OP108730,W0316,Evening,Z,3.0,2.0,2025-04-07 17:24:00
OP108731,W0182,Morning,E,22.0,,2025-03-16 07:11:00
OP108732,W0116,Mornng,Z,3.0,1.0,2025-04-03 01:23:00
OP108733,W0342,Night,C,24.0,,2025-04-24 11:56:00
OP108734,W0085,Mornng,A,,1.0,2025-06-21 13:32:00
OP108735,W0146,Mornng,,37.0,1.0,2025-06-10 09:17:00
OP108736,W0333,Mornng,,10.0,,2025-01-16 21:26:00
OP108737,W0206,Night,C,2.0,,2025-04-22 07:53:00
OP108738,W0292,,E,43.0,0.0,2025-05-17 22:34:00
OP108739,W0330,Mornng,E,49.0,,2025-02-19 01:00:00
OP108740,W0187,Night,A,12.0,2.0,2025-03-01 00:58:00
OP108741,W0034,,,18.0,0.0,2025-04-26 08:39:00
OP108742,W0176,Morning,B,1.0,1.0,2025-01-28 23:43:00
OP108743,W0259,,,0.0,0.0,2025-03-17 16:32:00
OP108744,W0111,Mornng,B,0.0,0.0,2025-04-11 15:47:00
OP108745,W0212,,,31.0,0.0,2025-02-05 19:22:00
OP108746,W0220,Night,,16.0,2.0,2025-02-16 23:19:00
OP108747,W0434,Morning,Z,24.0,0.0,2025-03-15 22:59:00
OP108748,W0430,Evening,D,36.0,,2025-04-25 03:56:00
OP108749,W0437,Evening,Z,7.0,1.0,2025-02-02 23:37:00
OP108750,W0225,Morning,E,13.0,2.0,2025-03-17 12:18:00
OP108751,W0467,Evening,E,45.0,0.0,2025-01-16 16:34:00
OP108752,W0026,,,6.0,2.0,2025-06-27 13:01:00
OP108753,W0104,Night,E,22.0,1.0,2025-01-07 22:43:00
OP108754,W0293,Mornng,D,7.0,1.0,2025-01-12 18:15:00
OP108755,W0285,,C,3.0,0.0,2025-04-09 09:33:00
OP108756,W0398,Mornng,A,23.0,,2025-03-02 05:36:00
OP108757,W0321,Mornng,B,12.0,0.0,2025-05-31 19:37:00
OP108758,W0032,,Z,38.0,2.0,2025-02-08 09:36:00
OP108759,W0260,Mornng,C,12.0,2.0,2025-01-05 16:56:00
OP108760,W0039,Morning,,7.0,2.0,2025-01-11 00:09:00
OP108761,W0471,Mornng,E,12.0,1.0,2025-01-20 18:04:00
OP108762,W0143,Evening,,43.0,,2025-05-12 10:59:00
OP108763,W0097,Night,Z,5.0,0.0,2025-05-06 12:17:00
OP108764,W0245,,,10.0,,2025-02-09 12:51:00
OP108765,W0325,,E,45.0,1.0,2025-06-13 02:43:00
OP108766,W0126,,E,27.0,,2025-04-10 14:07:00
OP108767,W0135,Night,A,0.0,,2025-01-19 20:09:00
OP108768,,Evening,D,27.0,,2025-06-02 15:30:00
OP108769,W0148,Night,C,28.0,2.0,2025-05-11 07:30:00
OP108770,W0074,,C,13.0,2.0,2025-03-06 16:43:00
OP108771,W0391,Evening,E,2.0,1.0,2025-03-25 09:45:00
OP108772,W0400,,Z,15.0,1.0,2025-03-26 08:45:00
OP108773,W0249,Mornng,D,42.0,2.0,2025-03-14 18:05:00
OP108774,W0364,Evening,D,19.0,2.0,2025-01-17 21:52:00
OP108775,W0401,Night,E,16.0,2.0,2025-01-17 21:42:00
OP108776,W0109,,C,27.0,0.0,2025-03-03 14:13:00
OP108777,W0494,Morning,Z,14.0,,2025-04-07 15:38:00
OP108778,W0340,Night,,13.0,,2025-05-01 21:53:00
OP108779,W0432,,E,2.0,1.0,2025-06-25 17:46:00
OP108780,W0474,,Z,25.0,1.0,2025-04-12 20:34:00
OP108781,W0411,,D,8.0,2.0,2025-01-25 15:59:00
OP108782,W0350,,C,43.0,1.0,2025-03-22 00:29:00
OP108783,W0290,,E,13.0,1.0,2025-05-03 19:45:00
OP108784,W0447,,B,42.0,1.0,2025-01-13 12:49:00
OP108785,W0469,,A,1.0,,2025-04-19 09:33:00
OP108786,W0476,,E,36.0,1.0,2025-01-16 22:39:00
OP108787,W0251,,A,1.0,1.0,2025-06-12 09:37:00
OP108788,W0318,Morning,,35.0,,2025-06-04 10:55:00
OP108789,W0149,,E,9.0,,2025-03-16 06:44:00
OP108790,W0325,,E,42.0,2.0,2025-01-08 08:41:00
OP108791,W0014,Evening,Z,16.0,1.0,2025-05-12 08:24:00
OP108792,W0316,Morning,B,31.0,2.0,2025-01-30 06:15:00
OP108793,W0250,Evening,B,20.0,2.0,2025-05-30 20:11:00
OP108794,W0252,Morning,Z,46.0,1.0,2025-06-11 13:20:00
OP108795,W0075,,E,7.0,0.0,2025-02-03 21:59:00
OP108796,W0189,,B,9.0,2.0,2025-06-05 00:45:00
OP108797,W0332,Morning,E,-5.0,0.0,2025-04-07 01:45:00
OP108798,W0266,Morning,,1.0,1.0,2025-04-06 01:19:00
OP108799,W0102,,,2.0,0.0,2025-04-29 23:48:00
OP108800,W0440,,A,21.0,0.0,2025-01-30 22:58:00
OP108801,W0030,Night,Z,36.0,2.0,2025-02-10 16:35:00
OP108802,W0488,Mornng,A,20.0,2.0,invalid_date
OP108803,W0204,Evening,B,40.0,2.0,2025-05-02 22:06:00
OP108804,W0196,Morning,Z,45.0,,2025-06-08 02:38:00
OP108805,W0438,,Z,31.0,0.0,2025-06-12 03:31:00
OP108806,W0177,Morning,D,7.0,2.0,2025-01-25 11:53:00
OP108807,W0299,,,32.0,2.0,2025-02-14 01:19:00
OP108808,W0340,Morning,C,36.0,0.0,2025-05-23 05:06:00
OP108809,W0333,Night,E,49.0,,2025-03-17 11:32:00
OP108810,W0228,,A,31.0,2.0,2025-02-01 02:58:00
OP108811,W0192,Evening,C,46.0,,2025-05-31 18:31:00
OP108812,W0198,Evening,B,43.0,0.0,2025-05-05 11:24:00
OP108813,W0179,Morning,C,34.0,0.0,2025-06-22 06:58:00
OP108814,W0059,Morning,E,47.0,2.0,2025-05-01 23:09:00
OP108815,W0406,,,33.0,1.0,2025-01-24 09:01:00
OP108816,W0453,,B,2.0,0.0,2025-02-08 04:16:00
OP108817,W0309,,B,47.0,,2025-04-25 06:58:00
OP108818,W0119,Mornng,A,31.0,2.0,2025-01-24 14:25:00
OP108819,W0461,Night,B,3.0,0.0,2025-02-24 20:34:00
OP108820,W0106,Night,E,25.0,,2025-03-09 16:06:00
OP108821,W0135,Morning,A,10.0,2.0,2025-06-20 15:02:00
OP108822,W0241,Evening,B,6.0,0.0,2025-04-09 21:13:00
OP108823,W0270,Mornng,C,32.0,2.0,2025-02-10 07:10:00
OP108824,W0014,Evening,D,8.0,2.0,2025-01-11 06:52:00
OP108825,W0456,Night,C,48.0,,2025-04-27 00:31:00
OP108826,W0015,Morning,D,20.0,2.0,2025-02-19 16:22:00
OP108827,W0133,Evening,D,41.0,2.0,2025-02-21 01:36:00
OP108828,W0197,,,14.0,2.0,2025-05-06 03:29:00
OP108829,W0149,,B,34.0,2.0,2025-05-11 01:01:00
OP108830,W0360,Mornng,B,19.0,,2025-04-01 08:26:00
OP108831,W0253,Evening,E,12.0,0.0,2025-04-21 19:16:00
OP108832,W0408,,B,-5.0,0.0,2025-05-23 18:00:00
OP108833,W0451,Evening,D,47.0,,2025-06-20 16:14:00
OP108834,W0336,,A,-5.0,1.0,2025-05-20 08:59:00
OP108835,W0056,Evening,A,25.0,2.0,2025-01-19 18:33:00
OP108836,W0134,Evening,C,45.0,0.0,2025-03-19 21:41:00
OP108837,W0042,Night,A,10.0,2.0,2025-05-22 05:29:00
OP108838,W0067,,Z,36.0,0.0,2025-04-26 18:43:00
OP108839,W0194,Night,D,17.0,0.0,2025-04-27 16:23:00
OP108840,W0187,Evening,,40.0,1.0,2025-05-12 21:51:00
OP108841,W0230,Evening,E,30.0,,2025-01-29 13:47:00
OP108842,W0194,Morning,B,12.0,,2025-02-12 06:14:00
OP108843,W0261,Night,C,47.0,,2025-03-14 16:47:00
OP108844,W0371,Morning,C,46.0,1.0,2025-04-13 11:36:00
OP108845,W0339,,B,34.0,0.0,2025-03-25 23:36:00
OP108846,W0078,Night,A,41.0,1.0,2025-06-26 18:08:00
OP108847,W0205,,D,44.0,,2025-05-20 10:02:00
OP108848,W0160,Night,Z,14.0,1.0,2025-06-18 05:04:00
OP108849,W0403,Night,A,44.0,2.0,2025-04-22 05:08:00
OP108850,W0010,Night,B,8.0,2.0,2025-01-30 23:01:00
OP108851,W0455,,C,37.0,0.0,2025-04-09 15:40:00
OP108852,W0325,Night,B,39.0,,2025-06-04 13:56:00
OP108853,W0088,Mornng,D,48.0,2.0,2025-01-18 13:42:00
OP108854,W0176,Mornng,D,2.0,0.0,2025-05-23 19:22:00
OP108855,W0464,Evening,D,41.0,0.0,2025-05-25 17:40:00
OP108856,W0377,,E,28.0,0.0,2025-03-28 06:49:00
OP108857,W0193,Morning,B,11.0,,2025-02-16 18:50:00
OP108858,W0102,,D,15.0,0.0,2025-04-12 03:34:00
OP108859,W0303,,B,0.0,1.0,2025-01-11 18:33:00
OP108860,W0384,,,5.0,,2025-01-17 14:29:00
OP108861,W0361,,D,28.0,,2025-01-06 19:34:00
OP108862,W0080,,Z,34.0,1.0,2025-05-02 20:40:00
OP108863,W0017,Morning,D,14.0,0.0,2025-05-25 04:44:00
OP108864,W0262,Morning,Z,30.0,1.0,2025-02-27 04:33:00
OP108865,W0003,Morning,C,23.0,0.0,2025-03-13 14:31:00
OP108866,W0122,Evening,C,12.0,,2025-06-18 18:13:00
OP108867,W0167,Night,,10.0,,2025-05-22 17:29:00
OP108868,W0225,,E,46.0,2.0,2025-05-27 07:14:00
OP108869,W0284,,Z,41.0,0.0,2025-05-10 07:26:00
OP108870,W0401,Night,D,4.0,,2025-06-27 15:41:00
OP108871,W0083,Evening,A,25.0,,2025-01-11 16:24:00
OP108872,W0182,Morning,D,18.0,0.0,2025-02-02 03:05:00
OP108873,W0132,Night,C,43.0,2.0,2025-05-19 03:32:00
OP108874,W0085,Evening,E,16.0,1.0,2025-06-04 04:36:00
OP108875,W0371,,Z,40.0,1.0,2025-04-24 00:54:00
OP108876,W0033,Evening,Z,37.0,2.0,2025-06-21 10:07:00
OP108877,W0097,,,15.0,2.0,2025-04-22 13:00:00
OP108878,W0050,,E,13.0,1.0,2025-05-01 07:48:00
OP108879,W0493,Morning,Z,,1.0,2025-05-12 14:22:00
OP108880,W0435,Evening,E,16.0,2.0,2025-03-19 20:04:00
OP108881,W0434,Evening,,30.0,,2025-05-03 09:35:00
OP108882,W0114,Mornng,A,47.0,0.0,2025-06-19 22:04:00
OP108883,W0472,Morning,A,36.0,1.0,2025-03-13 15:49:00
OP108884,W0228,,,6.0,2.0,2025-01-10 11:03:00
OP108885,W0203,Night,B,20.0,2.0,2025-06-26 09:19:00
OP108886,W0409,,D,10.0,,2025-01-11 10:17:00
OP108887,W0124,,,20.0,1.0,2025-05-10 13:55:00
OP108888,W0076,Evening,E,8.0,0.0,2025-05-21 20:58:00
OP108889,W0102,Morning,Z,21.0,0.0,2025-02-21 08:28:00
OP108890,W0004,,E,27.0,0.0,2025-05-04 05:11:00
OP108891,W0186,Night,C,20.0,,2025-01-08 21:24:00
OP108892,W0310,Mornng,E,7.0,,invalid_date
OP108893,W0267,Morning,B,33.0,2.0,2025-05-21 19:25:00
OP108894,W0342,,B,29.0,,2025-03-25 20:53:00
OP108895,W0097,Night,A,2.0,,2025-06-05 01:43:00
OP108896,W0349,Night,E,36.0,2.0,2025-04-09 18:12:00
OP108897,W0172,Night,B,30.0,1.0,2025-04-26 06:52:00
OP108898,W0385,,B,21.0,0.0,2025-04-02 05:33:00
OP108899,W0164,Evening,C,46.0,2.0,2025-05-06 01:48:00
OP108900,W0323,Night,A,5.0,0.0,invalid_date
OP108901,W0166,Mornng,B,9.0,,2025-05-19 15:14:00
OP108902,W0299,Mornng,C,45.0,1.0,2025-04-08 16:26:00
OP108903,W0427,Morning,Z,,2.0,2025-05-24 01:09:00
OP108904,W0199,Mornng,D,21.0,0.0,2025-04-13 11:31:00
OP108905,W0153,Morning,D,41.0,,2025-05-31 06:21:00
OP108906,W0298,,C,39.0,0.0,2025-05-21 14:19:00
OP108907,W0126,Evening,B,45.0,0.0,2025-02-15 16:38:00
OP108908,W0238,Night,,31.0,,2025-01-22 16:42:00
OP108909,W0162,Night,E,29.0,2.0,2025-01-25 05:04:00
OP108910,W0215,Mornng,,22.0,0.0,2025-05-21 15:18:00
OP108911,W0055,Night,D,37.0,0.0,2025-02-28 18:15:00
OP108912,W0205,Night,E,5.0,2.0,2025-03-12 11:52:00
OP108913,W0320,Morning,A,8.0,1.0,2025-06-21 05:49:00
OP108914,W0370,Mornng,C,40.0,2.0,2025-03-24 03:42:00
OP108915,W0103,,D,-5.0,1.0,2025-02-21 15:20:00
OP108916,W0450,,E,9.0,,2025-02-17 12:19:00
OP108917,W0293,Night,C,42.0,1.0,2025-03-24 18:06:00
OP108918,W0127,Mornng,B,46.0,,invalid_date
OP108919,W0416,Morning,Z,15.0,0.0,2025-02-21 04:40:00
OP108920,W0131,Evening,E,29.0,2.0,2025-05-13 16:36:00
OP108921,W0042,Evening,C,32.0,1.0,2025-01-17 02:55:00
OP108922,W0388,Night,Z,12.0,,2025-01-17 15:31:00
OP108923,W0206,Evening,C,21.0,0.0,2025-01-26 16:07:00
OP108924,W0147,Mornng,Z,33.0,0.0,2025-02-17 14:02:00
OP108925,W0346,Morning,B,34.0,2.0,2025-04-30 08:32:00
OP108926,W0361,Evening,A,40.0,0.0,2025-04-15 18:12:00
OP108927,W0425,Evening,D,45.0,0.0,2025-02-03 19:00:00
OP108928,W0231,Mornng,,37.0,2.0,2025-01-31 17:27:00
OP108929,W0394,Mornng,,0.0,1.0,2025-05-31 22:27:00
OP108930,W0144,Night,C,17.0,,2025-04-23 21:06:00
OP108931,W0398,Morning,A,46.0,,2025-05-24 16:00:00
OP108932,W0463,Evening,Z,46.0,1.0,2025-01-04 17:02:00
OP108933,W0072,Night,A,-5.0,,2025-03-03 03:31:00
OP108934,W0113,Mornng,Z,27.0,1.0,2025-05-27 13:02:00
OP108935,W0220,Mornng,B,41.0,,2025-06-04 12:27:00
OP108936,W0329,Mornng,Z,46.0,,2025-03-19 13:39:00
OP108937,W0387,Mornng,C,8.0,1.0,2025-05-28 11:30:00
OP108938,W0482,Mornng,Z,29.0,,2025-02-03 12:14:00
OP108939,W0007,,,9.0,2.0,2025-05-04 08:14:00
OP108940,W0112,Morning,A,5.0,1.0,2025-06-24 02:30:00
OP108941,W0008,Night,A,26.0,0.0,2025-01-16 23:51:00
OP108942,W0396,Mornng,A,30.0,2.0,2025-04-03 19:27:00
OP108943,W0485,,Z,47.0,1.0,2025-02-20 02:28:00
OP108944,W0199,,A,35.0,0.0,2025-02-04 07:07:00
OP108945,W0493,Night,Z,11.0,,2025-05-17 23:49:00
OP108946,W0191,,D,43.0,,2025-02-25 17:39:00
OP108947,W0046,Mornng,A,46.0,,2025-02-13 22:26:00
OP108948,W0401,Evening,B,2.0,,2025-02-11 16:17:00
OP108949,W0423,Morning,B,26.0,1.0,2025-05-25 06:43:00
OP108950,W0369,Morning,,31.0,2.0,2025-06-15 14:49:00
OP108951,W0087,,Z,7.0,0.0,2025-02-15 21:53:00
OP108952,W0381,Evening,,48.0,1.0,2025-01-07 04:38:00
OP108953,W0412,Night,,45.0,2.0,2025-02-02 20:19:00
OP108954,W0120,,C,6.0,0.0,2025-01-08 13:04:00
OP108955,W0138,Morning,Z,30.0,0.0,2025-05-02 11:03:00
OP108956,W0282,Evening,C,20.0,2.0,2025-03-04 00:37:00
OP108957,W0132,Night,Z,17.0,0.0,2025-03-31 11:23:00
OP108958,W0317,,C,4.0,0.0,2025-02-14 00:29:00
OP108959,W0152,Evening,D,8.0,2.0,2025-02-05 01:31:00
OP108960,W0186,,B,35.0,,2025-03-08 16:51:00
OP108961,W0442,Evening,,3.0,0.0,2025-05-31 17:36:00
OP108962,W0089,Mornng,C,31.0,0.0,2025-02-03 21:42:00
OP108963,W0094,,A,48.0,,2025-05-15 16:48:00
OP108964,W0158,Evening,B,48.0,0.0,2025-02-21 21:09:00
OP108965,W0131,,Z,2.0,,2025-01-30 16:22:00
OP108966,W0406,,D,14.0,2.0,2025-02-20 09:44:00
OP108967,W0154,Night,,30.0,,2025-01-08 09:09:00
OP108968,W0104,Night,A,47.0,,2025-02-12 14:56:00
OP108969,W0040,,Z,28.0,,2025-04-22 10:34:00
OP108970,W0021,Mornng,B,32.0,1.0,2025-01-22 08:36:00
OP108971,W0021,,C,10.0,0.0,2025-06-17 14:26:00
OP108972,W0038,Mornng,E,35.0,0.0,2025-02-24 19:34:00
OP108973,W0321,Mornng,,29.0,0.0,2025-03-05 00:29:00
OP108974,W0317,,B,-5.0,0.0,2025-03-01 08:16:00
OP108975,W0445,Morning,,39.0,0.0,2025-03-06 11:58:00
OP108976,W0122,Morning,C,32.0,1.0,2025-01-03 01:31:00
OP108977,W0401,Night,C,21.0,2.0,2025-06-16 01:29:00
OP108978,W0031,Mornng,E,25.0,1.0,2025-04-02 13:02:00
OP108979,W0091,,A,35.0,2.0,2025-04-10 01:11:00
OP108980,W0045,Night,B,32.0,2.0,2025-04-19 16:26:00
OP108981,W0124,,C,12.0,1.0,2025-05-09 14:13:00
OP108982,W0022,Mornng,B,30.0,1.0,2025-01-11 21:23:00
OP108983,W0132,,,9.0,1.0,invalid_date
OP108984,W0426,Night,Z,2.0,2.0,2025-05-09 19:44:00
OP108985,W0326,Morning,C,4.0,2.0,invalid_date
OP108986,W0298,Morning,D,14.0,0.0,2025-01-16 23:54:00
OP108987,W0066,Morning,B,45.0,0.0,2025-01-07 15:35:00
OP108988,W0254,Morning,Z,43.0,0.0,2025-02-10 23:10:00
OP108989,W0322,Night,Z,42.0,,2025-05-11 17:33:00
OP108990,W0477,Mornng,,13.0,2.0,2025-01-16 17:57:00
OP108991,W0469,,C,4.0,0.0,2025-04-27 17:58:00
OP108992,W0230,Morning,C,44.0,0.0,2025-05-02 10:40:00
OP108993,W0239,Morning,Z,49.0,2.0,2025-02-03 08:14:00
OP108994,W0171,Morning,A,35.0,0.0,2025-03-12 16:12:00
OP108995,W0390,Night,A,43.0,2.0,2025-06-29 12:06:00
OP108996,W0356,Evening,C,39.0,2.0,2025-03-17 18:18:00
OP108997,W0068,Morning,,16.0,2.0,2025-01-22 23:27:00
OP108998,W0131,Night,E,17.0,2.0,2025-02-27 22:43:00
OP108999,W0290,Morning,C,21.0,2.0,2025-02-06 22:24:00
OP109000,W0121,Morning,E,25.0,0.0,2025-01-15 02:17:00
OP109001,W0414,Morning,,42.0,2.0,2025-01-14 14:07:00
OP109002,W0142,,Z,21.0,1.0,2025-06-03 23:29:00
OP109003,W0302,,Z,6.0,1.0,2025-02-26 03:57:00
OP109004,W0053,Morning,A,18.0,,2025-05-29 18:08:00
OP109005,W0463,Night,,14.0,,2025-01-16 21:02:00
OP109006,W0068,Mornng,C,15.0,,2025-06-09 02:49:00
OP109007,W0186,,D,42.0,0.0,2025-02-13 12:37:00
OP109008,W0244,,Z,48.0,0.0,2025-02-24 09:54:00
OP109009,W0122,Evening,D,26.0,,2025-06-13 14:38:00
OP109010,W0106,Mornng,Z,27.0,2.0,2025-02-25 03:56:00
OP109011,W0303,Evening,Z,6.0,1.0,2025-06-20 23:31:00
OP109012,W0067,Night,E,36.0,1.0,2025-03-13 04:51:00
OP109013,W0342,Morning,Z,30.0,2.0,2025-01-28 22:56:00
OP109014,W0419,,B,21.0,2.0,2025-04-14 05:28:00
OP109015,W0295,,B,4.0,2.0,2025-05-01 19:59:00
OP109016,W9999,Morning,E,32.0,0.0,2025-02-12 04:01:00
OP109017,W0198,Night,B,1.0,1.0,2025-03-21 08:24:00
OP109018,W0037,Evening,B,43.0,0.0,invalid_date
OP109019,W0030,Morning,Z,48.0,1.0,2025-04-19 09:48:00
OP109020,W9999,Mornng,B,42.0,1.0,2025-03-10 19:29:00
OP109021,W0393,Morning,A,43.0,1.0,2025-01-18 17:28:00
OP109022,W0456,Mornng,E,8.0,2.0,2025-03-24 07:50:00
OP109023,W0046,Evening,C,48.0,2.0,2025-03-31 03:02:00
OP109024,W0010,,A,15.0,1.0,2025-03-07 06:35:00
OP109025,W0182,Morning,C,2.0,0.0,2025-02-14 12:06:00
OP109026,W0271,,E,37.0,1.0,2025-05-28 15:44:00
OP109027,W0251,,,44.0,0.0,2025-03-04 18:49:00
OP109028,W0107,Evening,B,13.0,,2025-05-15 04:47:00
OP109029,W0012,,B,33.0,2.0,2025-04-29 15:16:00
OP109030,W0217,,C,37.0,2.0,2025-02-24 20:33:00
OP109031,W0055,Morning,E,37.0,0.0,2025-03-29 07:51:00
OP109032,W0426,,E,8.0,1.0,2025-06-04 10:55:00
OP109033,W0413,,Z,33.0,0.0,2025-04-11 16:35:00
OP109034,W0238,,C,47.0,,2025-03-24 10:58:00
OP109035,W0438,,B,26.0,1.0,2025-05-19 02:17:00
OP109036,W0426,,E,16.0,,2025-04-08 18:47:00
OP109037,W0481,,B,38.0,0.0,2025-03-01 14:45:00
OP109038,W0300,Mornng,,49.0,0.0,2025-03-25 01:18:00
OP109039,W0443,Mornng,C,11.0,,2025-03-29 20:08:00
OP109040,W0465,Morning,,31.0,2.0,2025-06-01 00:38:00
OP109041,W0441,Evening,D,45.0,2.0,2025-06-05 12:33:00
OP109042,W0136,,B,17.0,1.0,2025-04-22 19:01:00
OP109043,W0200,,A,14.0,,2025-06-11 19:12:00
OP109044,W9999,Mornng,E,32.0,,2025-05-09 02:59:00
OP109045,W0111,Morning,,4.0,,2025-04-12 03:19:00
OP109046,W0421,,A,40.0,0.0,2025-06-05 12:53:00
OP109047,W0345,,,45.0,1.0,2025-03-03 22:46:00
OP109048,W0434,,A,7.0,0.0,2025-05-17 20:45:00
OP109049,W0084,,D,13.0,2.0,2025-04-26 15:07:00
OP109050,W0330,Morning,B,36.0,0.0,2025-06-25 05:57:00
OP109051,W0217,Evening,C,,2.0,2025-02-09 06:16:00
OP109052,W0432,Evening,D,25.0,1.0,2025-01-25 20:43:00
OP109053,W0251,Evening,A,14.0,,2025-04-16 18:57:00
OP109054,W0343,,B,20.0,0.0,2025-01-28 19:17:00
OP109055,W0227,,C,48.0,0.0,2025-04-01 23:48:00
OP109056,W0331,,E,27.0,2.0,invalid_date
OP109057,W0162,Mornng,,40.0,2.0,2025-02-09 06:03:00
OP109058,W0397,,C,19.0,1.0,2025-01-05 05:39:00
OP109059,W0236,Evening,D,9.0,1.0,2025-01-18 16:36:00
OP109060,W0376,Mornng,,26.0,,2025-05-03 06:45:00
OP109061,W0275,Morning,Z,3.0,,2025-01-01 20:33:00
OP109062,W0469,,D,40.0,0.0,2025-02-21 21:31:00
OP109063,W0466,,C,16.0,,2025-01-26 23:55:00
OP109064,W0460,Night,D,42.0,1.0,2025-04-12 05:51:00
OP109065,W0183,Evening,Z,18.0,1.0,2025-06-06 06:41:00
OP109066,W0410,,Z,18.0,0.0,2025-02-02 18:56:00
OP109067,W0341,,D,32.0,1.0,2025-04-10 07:50:00
OP109068,W0028,,C,7.0,0.0,2025-02-28 07:50:00
OP109069,W0389,Night,B,38.0,0.0,2025-05-23 00:34:00
OP109070,W0115,,B,10.0,1.0,2025-06-14 18:45:00
OP109071,W0004,Evening,C,23.0,,2025-04-01 02:08:00
OP109072,W0463,Evening,D,1.0,1.0,2025-03-10 15:15:00
OP109073,W0498,Morning,A,14.0,,2025-04-22 06:15:00
OP109074,W0408,,B,43.0,1.0,2025-02-15 11:35:00
OP109075,W0200,Night,A,6.0,0.0,2025-06-01 17:23:00
OP109076,W0423,Night,B,49.0,2.0,invalid_date
OP109077,W0112,Mornng,B,9.0,2.0,2025-01-06 06:26:00
OP109078,W0096,Morning,D,5.0,0.0,2025-03-30 02:31:00
OP109079,W0172,,Z,45.0,1.0,2025-01-20 14:10:00
OP109080,W0297,Night,Z,16.0,2.0,2025-06-12 10:44:00
OP109081,W0044,Evening,B,48.0,0.0,2025-03-02 08:16:00
OP109082,W0037,,Z,35.0,2.0,2025-05-23 05:14:00
OP109083,W0139,,E,46.0,,2025-06-20 06:37:00
OP109084,W0353,,,8.0,2.0,2025-03-16 16:08:00
OP109085,W0062,,,18.0,1.0,2025-04-21 03:48:00
OP109086,W0407,Mornng,B,30.0,1.0,2025-05-24 10:36:00
OP109087,W0385,,Z,21.0,,2025-06-15 00:17:00
OP109088,W0249,Night,C,17.0,1.0,2025-04-03 10:36:00
OP109089,W0005,,E,17.0,,2025-01-22 11:35:00
OP109090,W0056,Morning,C,24.0,1.0,invalid_date
OP109091,W0278,Morning,C,26.0,0.0,2025-02-04 05:39:00
OP109092,W0328,Evening,D,28.0,2.0,2025-01-04 06:52:00
OP109093,W0407,Evening,C,48.0,1.0,2025-02-24 07:46:00
OP109094,W0284,Night,C,46.0,0.0,2025-04-06 16:04:00
OP109095,W0018,Night,B,20.0,2.0,2025-06-20 12:32:00
OP109096,W0045,Evening,Z,13.0,2.0,2025-01-07 03:16:00
OP109097,W0177,Morning,C,46.0,1.0,2025-06-24 08:35:00
OP109098,W0153,Mornng,,36.0,2.0,2025-03-05 03:15:00
OP109099,W0264,Evening,D,40.0,0.0,2025-02-20 00:29:00
OP109100,W0030,Morning,C,30.0,,2025-04-03 07:22:00
OP109101,W0090,Night,Z,46.0,1.0,2025-06-10 06:40:00
OP109102,W0344,Mornng,E,11.0,,2025-06-20 19:25:00
OP109103,W0400,,D,27.0,2.0,2025-05-24 18:34:00
OP109104,W0383,Evening,Z,29.0,0.0,2025-01-24 17:16:00
OP109105,W0065,Morning,A,26.0,2.0,2025-05-14 09:36:00
OP109106,W0449,,C,48.0,1.0,2025-03-10 03:21:00
OP109107,W0056,Evening,C,39.0,2.0,2025-03-30 11:57:00
OP109108,W0085,,B,39.0,1.0,2025-06-15 14:56:00
OP109109,W0010,,A,37.0,2.0,2025-01-03 00:53:00
OP109110,W0010,,C,4.0,2.0,2025-03-19 00:30:00
OP109111,W0445,,D,4.0,0.0,2025-03-21 03:34:00
OP109112,W0128,,C,21.0,0.0,2025-02-22 14:22:00
OP109113,W0194,Morning,C,31.0,1.0,2025-03-02 18:32:00
OP109114,W0043,,Z,15.0,0.0,2025-01-02 09:15:00
OP109115,W0236,,C,26.0,0.0,2025-02-10 20:26:00
OP109116,W0400,Night,B,4.0,1.0,2025-01-02 18:22:00
OP109117,W0265,Mornng,B,30.0,2.0,2025-06-01 17:07:00
OP109118,W0065,,,22.0,2.0,2025-05-29 07:11:00
OP109119,W0167,,A,44.0,0.0,2025-04-03 09:52:00
OP109120,W0357,Mornng,C,35.0,1.0,2025-06-07 20:30:00
OP109121,W0076,,E,8.0,1.0,2025-04-19 05:23:00
OP109122,W0006,,Z,24.0,,2025-01-30 01:31:00
OP109123,W0326,Night,D,20.0,0.0,2025-05-02 12:24:00
OP109124,W0207,Night,B,40.0,1.0,2025-03-19 14:31:00
OP109125,W0194,Night,Z,40.0,0.0,2025-04-29 04:37:00
OP109126,W0157,Morning,A,47.0,1.0,2025-05-27 06:15:00
OP109127,W0221,Mornng,E,5.0,,2025-06-18 14:36:00
OP109128,W0426,Morning,E,,2.0,2025-05-19 21:55:00
OP109129,W0238,Evening,B,,,2025-06-05 20:11:00
OP109130,W0299,Morning,Z,9.0,,2025-01-21 17:35:00
OP109131,W0377,,E,44.0,,2025-05-30 00:18:00
OP109132,W0038,Evening,D,29.0,,invalid_date
OP109133,W0070,,A,19.0,,2025-02-16 14:00:00
OP109134,W0478,Evening,C,2.0,1.0,2025-04-01 23:07:00
OP109135,W0027,,,15.0,0.0,2025-05-17 11:52:00
OP109136,W0146,,,17.0,,2025-02-12 07:09:00
OP109137,W0248,,B,32.0,2.0,2025-03-08 20:26:00
OP109138,W0362,Mornng,C,18.0,1.0,2025-04-14 14:27:00
OP109139,W0015,Morning,,38.0,2.0,2025-06-02 19:20:00
OP109140,W0151,,B,32.0,2.0,2025-01-18 09:25:00
OP109141,W0366,,C,3.0,1.0,2025-02-06 01:07:00
OP109142,W0417,Night,C,14.0,2.0,2025-02-06 11:24:00
OP109143,W0319,Night,D,23.0,2.0,2025-01-21 17:52:00
OP109144,W0292,Mornng,E,2.0,2.0,2025-04-07 20:23:00
OP109145,,Morning,Z,9.0,1.0,2025-04-27 09:41:00
OP109146,W0314,,A,10.0,,2025-04-04 19:48:00
OP109147,W0128,,D,45.0,2.0,2025-04-22 16:29:00
OP109148,W0281,Night,C,49.0,1.0,2025-02-05 01:26:00
OP109149,W0072,Evening,C,15.0,0.0,2025-04-21 18:25:00
OP109150,W0068,Night,Z,15.0,0.0,2025-01-07 20:04:00
OP109151,W0105,,A,42.0,,2025-06-04 14:31:00
OP109152,W0266,,B,23.0,1.0,2025-01-17 19:47:00
OP109153,W0023,Night,C,46.0,1.0,2025-05-01 00:48:00
OP109154,W0461,Evening,,20.0,0.0,2025-04-14 14:55:00
OP109155,W0481,,C,29.0,0.0,2025-05-17 05:21:00
OP109156,W0470,,D,13.0,0.0,2025-06-12 21:32:00
OP109157,W0153,Night,E,22.0,1.0,2025-02-04 00:01:00
OP109158,W0125,Night,B,30.0,0.0,2025-04-16 01:45:00
OP109159,W0195,Morning,,30.0,1.0,2025-05-26 13:36:00
OP109160,W0359,Night,D,22.0,1.0,invalid_date
OP109161,W0477,Morning,A,9.0,0.0,2025-05-29 18:35:00
OP109162,W0352,Evening,A,49.0,1.0,2025-02-23 03:26:00
OP109163,W0329,Mornng,E,26.0,,2025-03-12 16:13:00
OP109164,W0177,,D,45.0,1.0,2025-02-01 11:13:00
OP109165,W0107,Night,,14.0,0.0,2025-02-19 01:05:00
OP109166,W0069,,A,8.0,0.0,2025-05-25 15:47:00
OP109167,W0360,,D,23.0,,2025-04-06 16:58:00
OP109168,W0368,,Z,33.0,2.0,2025-04-05 21:19:00
OP109169,W0004,Morning,E,34.0,,2025-03-31 03:57:00
OP109170,W0483,,D,19.0,1.0,2025-04-03 23:44:00
OP109171,W0137,Morning,B,39.0,0.0,2025-01-21 07:52:00
OP109172,W0240,,B,9.0,,2025-02-21 03:00:00
OP109173,W0067,Night,D,31.0,1.0,2025-04-23 01:49:00
OP109174,W0125,Morning,C,9.0,1.0,2025-03-09 07:15:00
OP109175,W0145,,,13.0,1.0,2025-01-27 07:25:00
OP109176,W0350,Evening,B,22.0,2.0,2025-05-29 20:13:00
OP109177,W0285,Night,B,5.0,0.0,2025-02-06 06:37:00
OP109178,W0423,Night,Z,31.0,,2025-01-29 17:44:00
OP109179,W0053,Mornng,D,35.0,2.0,2025-04-18 10:05:00
OP109180,W0204,Mornng,E,5.0,,2025-02-19 08:43:00
OP109181,W0207,,Z,46.0,0.0,2025-02-06 18:13:00
OP109182,W0093,,D,12.0,1.0,invalid_date
OP109183,W0339,Night,Z,37.0,1.0,2025-03-28 14:12:00
OP109184,W0409,Night,E,9.0,2.0,2025-02-18 04:37:00
OP109185,W0498,,A,13.0,2.0,2025-04-01 22:31:00
OP109186,W0057,,A,22.0,2.0,2025-04-21 12:34:00
OP109187,W0191,Evening,D,0.0,0.0,2025-06-03 10:49:00
OP109188,W0035,,A,40.0,1.0,2025-03-24 22:45:00
OP109189,W0409,Morning,E,45.0,2.0,2025-03-30 06:47:00
OP109190,W0499,,Z,41.0,,2025-04-14 04:35:00
OP109191,W0450,Evening,,37.0,0.0,2025-04-21 07:29:00
OP109192,W0308,Mornng,Z,24.0,,2025-05-15 18:47:00
OP109193,W0372,Night,E,15.0,,2025-04-12 08:29:00
OP109194,W0248,Mornng,E,43.0,2.0,2025-01-25 20:18:00
OP109195,W0020,,B,16.0,,2025-02-24 05:49:00
OP109196,W0133,Evening,D,12.0,2.0,2025-01-20 00:50:00
OP109197,W0479,Mornng,B,16.0,1.0,2025-01-08 02:34:00
OP109198,W0285,Mornng,E,49.0,2.0,2025-01-14 14:51:00
OP109199,W0478,Night,C,42.0,0.0,2025-04-24 09:56:00
OP109200,W0150,Morning,Z,46.0,0.0,2025-04-26 10:05:00
OP109201,W0239,,B,40.0,,2025-06-17 11:06:00
OP109202,W0058,Evening,B,2.0,1.0,2025-02-12 06:44:00
OP109203,W0342,Mornng,C,39.0,,2025-05-17 12:41:00
OP109204,W0288,Night,C,28.0,2.0,2025-03-17 19:39:00
OP109205,W0269,Evening,C,48.0,1.0,2025-05-20 18:48:00
OP109206,W0489,Evening,C,42.0,1.0,2025-03-12 17:56:00
OP109207,W0247,Evening,D,36.0,2.0,2025-06-07 23:00:00
OP109208,W0117,Mornng,B,41.0,2.0,2025-01-11 04:18:00
OP109209,W0297,Morning,C,43.0,1.0,2025-04-02 01:09:00
OP109210,W0361,Mornng,,14.0,,2025-05-21 10:37:00
OP109211,W0022,Night,C,23.0,2.0,2025-06-22 23:02:00
OP109212,W0305,Mornng,A,41.0,0.0,2025-04-15 00:26:00
OP109213,W0197,Mornng,D,12.0,,2025-03-07 03:54:00
OP109214,W0500,Evening,B,31.0,,2025-04-17 03:08:00
OP109215,W0106,Mornng,C,43.0,1.0,2025-04-11 01:17:00
OP109216,W0432,Mornng,A,25.0,2.0,2025-05-13 09:12:00
OP109217,W0394,Mornng,A,20.0,0.0,2025-01-01 01:18:00
OP109218,W0310,Mornng,,19.0,0.0,2025-03-26 01:39:00
OP109219,W0140,,,3.0,1.0,2025-06-12 07:17:00
OP109220,W0109,Evening,Z,32.0,0.0,2025-04-28 16:20:00
OP109221,W0040,,B,14.0,,2025-05-01 21:12:00
OP109222,W0279,Evening,D,15.0,,2025-03-20 11:38:00
OP109223,W0190,,Z,10.0,1.0,2025-04-03 15:25:00
OP109224,W0006,Mornng,A,6.0,,2025-06-07 19:06:00
OP109225,W0409,Evening,Z,30.0,2.0,2025-06-25 03:59:00
OP109226,W0133,,C,30.0,0.0,2025-04-29 05:10:00
OP109227,W0205,Morning,C,45.0,2.0,2025-04-30 10:22:00
OP109228,W0060,Morning,D,47.0,2.0,2025-01-05 09:58:00
OP109229,W0403,Morning,B,5.0,1.0,2025-03-26 15:18:00
OP109230,W0120,Morning,,32.0,,2025-02-21 14:05:00
OP109231,W0179,,A,36.0,2.0,2025-06-03 18:09:00
OP109232,W0164,Evening,C,39.0,2.0,2025-04-03 21:32:00
OP109233,W0332,,B,25.0,0.0,2025-01-23 16:17:00
OP109234,W0143,Evening,C,22.0,0.0,2025-01-27 03:05:00
OP109235,W0206,Evening,A,22.0,1.0,2025-02-15 03:26:00
OP109236,W0084,Mornng,,1.0,1.0,2025-05-15 22:05:00
OP109237,W0291,Night,Z,37.0,,2025-04-16 02:09:00
OP109238,W0093,Mornng,E,31.0,0.0,2025-04-06 05:05:00
OP109239,W0111,Mornng,D,24.0,1.0,2025-05-12 00:24:00
OP109240,W0463,,Z,4.0,0.0,2025-06-21 05:53:00
OP109241,W0466,,Z,4.0,2.0,2025-03-30 05:40:00
OP109242,W0198,Mornng,Z,14.0,1.0,2025-03-27 06:52:00
OP109243,W0488,,D,32.0,0.0,2025-04-13 13:04:00
OP109244,W0461,Night,B,45.0,2.0,2025-04-15 07:28:00
OP109245,W0379,Mornng,A,7.0,2.0,2025-06-13 22:02:00
OP109246,W0008,,D,,0.0,2025-05-03 10:47:00
OP109247,W0348,,,31.0,2.0,2025-01-17 07:58:00
OP109248,W0469,Mornng,A,23.0,0.0,2025-01-20 21:27:00
OP109249,W0239,Morning,B,26.0,1.0,2025-04-02 22:34:00
OP109250,W0173,,A,22.0,1.0,2025-05-06 21:12:00
OP109251,W0468,,B,29.0,0.0,2025-03-11 10:07:00
OP109252,W0273,Night,Z,48.0,,2025-01-07 18:27:00
OP109253,W0155,,,11.0,2.0,2025-05-09 02:30:00
OP109254,W0290,,Z,13.0,1.0,2025-03-15 19:07:00
OP109255,W0279,Night,,1.0,,2025-03-21 21:26:00
OP109256,W0058,Morning,Z,14.0,1.0,2025-05-27 08:03:00
OP109257,W0366,Evening,,11.0,,2025-02-01 10:45:00
OP109258,W0321,,E,8.0,1.0,2025-06-10 14:22:00
OP109259,W0022,,A,23.0,,2025-02-19 10:51:00
OP109260,W0177,Morning,C,41.0,1.0,2025-06-11 13:23:00
OP109261,W0096,Mornng,Z,30.0,2.0,2025-06-01 03:28:00
OP109262,W0258,Morning,A,49.0,,2025-06-15 13:39:00
OP109263,W0327,Evening,Z,34.0,2.0,2025-03-25 22:34:00
OP109264,W0187,Mornng,,30.0,,2025-01-26 08:27:00
OP109265,W0043,Night,C,9.0,1.0,2025-01-06 13:03:00
OP109266,W0333,Night,B,41.0,,2025-01-14 10:23:00
OP109267,W0187,Morning,Z,7.0,1.0,2025-02-22 23:18:00
OP109268,W0336,,,14.0,2.0,2025-01-03 10:19:00
OP109269,W0226,Night,C,6.0,1.0,2025-03-17 06:03:00
OP109270,W0230,Morning,B,32.0,,2025-03-24 06:18:00
OP109271,W0089,Night,A,15.0,1.0,2025-06-27 09:01:00
OP109272,W0079,Morning,A,28.0,0.0,2025-01-27 02:11:00
OP109273,W0276,Mornng,Z,15.0,,2025-06-08 13:08:00
OP109274,W0405,Evening,C,43.0,2.0,2025-05-20 20:56:00
OP109275,W0024,Evening,B,0.0,,2025-06-24 00:24:00
OP109276,W0209,,B,0.0,2.0,2025-03-24 07:56:00
OP109277,W0070,Evening,Z,41.0,1.0,2025-01-12 21:40:00
OP109278,W0353,,E,7.0,0.0,2025-05-03 12:59:00
OP109279,W0286,,,44.0,,2025-01-23 17:18:00
OP109280,W0424,Mornng,C,39.0,1.0,2025-04-26 09:13:00
OP109281,W0486,,C,42.0,0.0,2025-04-08 13:49:00
OP109282,W0319,,,24.0,2.0,2025-03-14 03:07:00
OP109283,W0032,Morning,D,22.0,1.0,2025-03-27 11:46:00
OP109284,W0204,Morning,E,4.0,,2025-03-12 08:01:00
OP109285,W0392,Morning,C,27.0,2.0,2025-02-26 00:14:00
OP109286,W0472,,A,22.0,,2025-03-27 00:21:00
OP109287,W0019,Night,B,8.0,1.0,2025-06-01 23:50:00
OP109288,W0146,,D,13.0,2.0,2025-01-19 02:12:00
OP109289,W0021,Evening,B,9.0,1.0,2025-05-07 04:15:00
OP109290,W0280,Mornng,,36.0,2.0,2025-05-10 15:44:00
OP109291,W0346,Mornng,A,41.0,1.0,invalid_date
OP109292,W0025,,E,24.0,,2025-06-11 14:11:00
OP109293,W0143,Night,D,25.0,1.0,2025-01-24 05:49:00
OP109294,W0081,Night,Z,41.0,,2025-04-28 06:46:00
OP109295,W0059,Night,D,31.0,,2025-03-17 09:10:00
OP109296,W0004,Evening,Z,6.0,,2025-04-19 03:28:00
OP109297,W0251,Night,E,37.0,0.0,2025-04-27 21:09:00
OP109298,W0445,Morning,Z,15.0,2.0,2025-04-08 23:30:00
OP109299,W0048,Morning,A,49.0,0.0,2025-05-06 18:51:00
OP109300,W0294,,C,20.0,1.0,2025-05-30 01:09:00
OP109301,W0119,,A,18.0,0.0,2025-06-20 13:46:00
OP109302,W0064,Morning,A,49.0,0.0,2025-05-10 23:30:00
OP109303,W0293,Morning,C,18.0,,2025-05-04 07:42:00
OP109304,W0476,Evening,Z,18.0,1.0,2025-05-24 09:59:00
OP109305,W0062,Evening,,9.0,,2025-02-25 20:07:00
OP109306,W0385,Night,E,34.0,0.0,2025-06-07 16:10:00
OP109307,W0425,Morning,B,47.0,,2025-05-03 02:06:00
OP109308,W0128,,,14.0,,2025-01-03 07:26:00
OP109309,W0420,Morning,B,23.0,,2025-06-17 09:56:00
OP109310,W0470,Mornng,D,31.0,0.0,2025-02-15 09:48:00
OP109311,W0045,Night,,48.0,2.0,2025-04-17 11:13:00
OP109312,W0331,Mornng,B,24.0,2.0,2025-01-24 14:33:00
OP109313,W0099,Night,A,26.0,1.0,2025-04-21 19:07:00
OP109314,W0418,Morning,Z,39.0,2.0,2025-06-23 23:36:00
OP109315,W0019,,C,3.0,,2025-06-26 12:21:00
OP109316,W0459,Evening,D,42.0,,2025-05-09 08:18:00
OP109317,W0116,Evening,D,17.0,2.0,2025-01-11 20:47:00
OP109318,W0227,Morning,,45.0,,2025-04-08 17:46:00
OP109319,W0401,Night,B,2.0,1.0,2025-04-07 20:17:00
OP109320,W0076,Evening,E,24.0,2.0,2025-03-01 05:34:00
OP109321,W0440,Night,,18.0,2.0,2025-01-03 19:27:00
OP109322,W0039,Night,D,45.0,1.0,2025-01-24 23:27:00
OP109323,W0491,Night,,6.0,1.0,2025-02-27 17:44:00
OP109324,W0498,,A,42.0,0.0,2025-02-20 09:05:00
OP109325,W0249,Morning,B,43.0,2.0,2025-06-07 13:14:00
OP109326,W0499,Morning,D,36.0,,2025-02-02 11:30:00
OP109327,W0475,Evening,Z,17.0,2.0,2025-03-20 20:21:00
OP109328,W0491,Night,,46.0,,2025-01-03 23:34:00
OP109329,W0076,,Z,1.0,2.0,2025-01-13 00:46:00
OP109330,W0456,Evening,D,2.0,,2025-02-01 04:10:00
OP109331,W0217,Night,C,12.0,0.0,invalid_date
OP109332,W0437,Night,E,10.0,,2025-01-12 02:03:00
OP109333,W0491,,Z,38.0,1.0,2025-05-16 13:34:00
OP109334,W0187,Mornng,C,35.0,2.0,2025-03-08 10:33:00
OP109335,W0186,Evening,A,17.0,0.0,2025-05-26 04:09:00
OP109336,W0466,Night,A,6.0,,2025-02-11 07:59:00
OP109337,W0346,Evening,A,40.0,1.0,2025-04-28 03:02:00
OP109338,W0112,Mornng,C,-5.0,1.0,2025-05-26 22:20:00
OP109339,W0050,,A,41.0,2.0,2025-03-01 11:06:00
OP109340,W0239,,C,4.0,1.0,2025-06-18 09:01:00
OP109341,W0080,Evening,,4.0,0.0,2025-05-05 04:59:00
OP109342,W0245,Night,B,46.0,0.0,2025-06-10 13:34:00
OP109343,W0247,,,0.0,1.0,2025-06-21 13:16:00
OP109344,W0214,Mornng,,7.0,1.0,2025-01-15 14:40:00
OP109345,W0106,,Z,36.0,,2025-06-25 17:31:00
OP109346,W0411,Night,D,0.0,1.0,2025-05-16 06:06:00
OP109347,W0297,Night,C,22.0,2.0,2025-01-01 17:29:00
OP109348,W0012,Evening,D,3.0,1.0,2025-06-18 03:19:00
OP109349,W0186,,E,49.0,,2025-05-20 22:04:00
OP109350,W0345,Evening,C,43.0,1.0,2025-01-11 03:22:00
OP109351,W0032,Mornng,B,16.0,2.0,2025-05-01 23:49:00
OP109352,W0219,,D,-5.0,1.0,2025-04-17 08:51:00
OP109353,W0041,Mornng,A,34.0,0.0,2025-04-14 00:07:00
OP109354,W0138,Night,B,28.0,0.0,2025-04-04 13:51:00
OP109355,W0258,Night,,40.0,1.0,2025-03-02 13:20:00
OP109356,W0205,,C,48.0,0.0,2025-01-06 11:47:00
OP109357,W0235,Mornng,,26.0,,2025-06-14 01:40:00
OP109358,W0014,Evening,D,38.0,2.0,2025-04-22 05:30:00
OP109359,W0023,,Z,,1.0,2025-04-26 19:24:00
OP109360,W0198,,,29.0,2.0,2025-02-14 16:26:00
OP109361,W0259,Morning,C,34.0,0.0,2025-04-17 05:19:00
OP109362,W0075,Morning,A,36.0,,2025-03-03 00:00:00
OP109363,W0400,Evening,B,41.0,2.0,2025-02-07 19:28:00
OP109364,W0142,Evening,B,46.0,2.0,2025-05-22 17:26:00
OP109365,W0379,Mornng,Z,22.0,2.0,2025-06-28 06:42:00
OP109366,W0299,Night,C,17.0,1.0,2025-03-16 02:48:00
OP109367,W0347,,D,11.0,,2025-05-14 20:57:00
OP109368,W0011,,B,19.0,1.0,2025-06-25 10:06:00
OP109369,W0377,,,22.0,,2025-05-21 03:05:00
OP109370,W0135,Morning,,26.0,0.0,2025-06-26 19:14:00
OP109371,W0233,,E,18.0,0.0,2025-04-13 07:00:00
OP109372,W0167,Mornng,A,43.0,2.0,2025-02-17 03:56:00
OP109373,W0350,Night,C,37.0,,2025-01-14 04:28:00
OP109374,W0192,,B,36.0,,invalid_date
OP109375,W0477,Night,D,13.0,0.0,2025-01-28 04:02:00
OP109376,W0116,,D,2.0,,2025-02-06 19:06:00
OP109377,W0038,,E,26.0,,2025-03-07 02:34:00
OP109378,W0330,Morning,D,-5.0,,2025-05-07 06:37:00
OP109379,W0184,Mornng,A,8.0,,2025-05-28 20:28:00
OP109380,W0466,Mornng,E,49.0,0.0,2025-02-04 08:57:00
OP109381,W0254,Mornng,D,46.0,1.0,2025-06-25 17:31:00
OP109382,W0072,Mornng,B,17.0,2.0,2025-03-15 04:59:00
OP109383,W0336,Night,C,12.0,0.0,2025-04-22 13:45:00
OP109384,W0108,Night,B,42.0,2.0,2025-02-21 01:54:00
OP109385,W0030,Morning,,47.0,2.0,2025-05-27 03:44:00
OP109386,W0295,,A,4.0,,2025-02-19 16:31:00
OP109387,W0115,Morning,D,17.0,2.0,2025-05-22 04:35:00
OP109388,W0464,Night,A,12.0,,2025-06-06 22:28:00
OP109389,W0228,Evening,E,17.0,2.0,2025-05-27 12:37:00
OP109390,W0049,Evening,C,49.0,,2025-01-30 07:40:00
OP109391,W0156,Mornng,B,6.0,0.0,2025-06-10 05:21:00
OP109392,W0116,Night,,19.0,0.0,2025-01-13 08:01:00
OP109393,W0135,,B,49.0,1.0,2025-06-16 01:49:00
OP109394,W0078,Mornng,Z,17.0,2.0,2025-04-17 08:28:00
OP109395,W0174,Night,A,23.0,1.0,2025-03-28 07:32:00
OP109396,W0209,Night,A,17.0,0.0,2025-01-24 23:53:00
OP109397,W0375,,C,21.0,,2025-06-26 11:17:00
OP109398,W0352,Morning,C,15.0,2.0,2025-03-14 10:57:00
OP109399,W0334,Night,,38.0,0.0,2025-01-27 11:10:00
OP109400,W0341,,D,3.0,,2025-01-05 03:30:00
OP109401,W0110,Evening,,30.0,,2025-06-17 02:35:00
OP109402,W0261,,B,46.0,1.0,2025-06-27 19:29:00
OP109403,W0464,Night,E,35.0,1.0,2025-03-23 00:46:00
OP109404,W0372,,E,6.0,2.0,2025-01-11 00:53:00
OP109405,W0046,Morning,D,31.0,2.0,2025-04-11 04:08:00
OP109406,W0089,,D,47.0,1.0,2025-01-05 18:31:00
OP109407,W0088,Night,C,1.0,,2025-03-18 09:19:00
OP109408,W0477,Evening,,31.0,1.0,2025-01-19 14:38:00
OP109409,W0500,Night,Z,29.0,2.0,2025-03-02 13:21:00
OP109410,W0050,,B,24.0,0.0,2025-05-02 20:03:00
OP109411,W0057,Night,,17.0,2.0,2025-05-18 09:23:00
OP109412,W0407,,B,17.0,,2025-04-03 18:10:00
OP109413,W0170,Night,C,41.0,,2025-03-16 06:57:00
OP109414,W0312,Evening,Z,12.0,,2025-02-21 23:41:00
OP109415,W0044,Evening,E,30.0,0.0,2025-02-06 00:39:00
OP109416,W0339,,C,43.0,,2025-04-09 23:56:00
OP109417,W0461,Mornng,A,-5.0,,2025-03-31 01:23:00
OP109418,W0336,Evening,C,3.0,2.0,invalid_date
OP109419,W0433,Night,E,27.0,0.0,2025-03-08 22:08:00
OP109420,W0414,Evening,C,36.0,2.0,2025-06-23 07:54:00
OP109421,W0144,,B,7.0,,2025-06-15 02:50:00
OP109422,W0090,Evening,Z,10.0,,2025-02-08 05:37:00
OP109423,W0336,Mornng,A,4.0,0.0,2025-05-06 03:03:00
OP109424,W0183,Evening,D,41.0,2.0,2025-05-18 03:16:00
OP109425,W0015,,B,42.0,,2025-03-05 01:22:00
OP109426,W0138,,B,10.0,1.0,2025-03-02 08:54:00
OP109427,W0145,Evening,B,9.0,0.0,invalid_date
OP109428,W0490,,D,28.0,1.0,2025-04-25 02:36:00
OP109429,W0349,Evening,B,23.0,0.0,2025-05-07 01:53:00
OP109430,W0180,Morning,Z,12.0,2.0,2025-04-24 21:55:00
OP109431,W0381,Evening,A,9.0,0.0,2025-06-14 23:12:00
OP109432,W0497,Night,C,14.0,0.0,2025-02-28 06:38:00
OP109433,W0463,,Z,45.0,1.0,2025-05-30 23:43:00
OP109434,W0479,,A,30.0,1.0,2025-04-24 21:41:00
OP109435,W0001,,D,39.0,0.0,2025-06-09 10:25:00
OP109436,W0129,Night,C,22.0,0.0,2025-03-18 22:30:00
OP109437,W0409,Morning,Z,5.0,2.0,2025-03-01 05:28:00
OP109438,W0459,,A,33.0,2.0,2025-06-11 19:49:00
OP109439,W0447,,A,16.0,1.0,2025-05-18 13:49:00
OP109440,W0312,Night,A,2.0,,2025-05-21 16:18:00
OP109441,W0276,Evening,,23.0,0.0,2025-05-26 16:48:00
OP109442,W0104,Evening,C,48.0,0.0,2025-01-30 13:02:00
OP109443,W0241,Night,B,25.0,2.0,2025-06-10 08:30:00
OP109444,W0164,,D,6.0,1.0,2025-06-27 10:18:00
OP109445,W0295,Evening,A,0.0,0.0,2025-03-10 21:47:00
OP109446,W0401,,Z,3.0,0.0,2025-05-30 00:43:00
OP109447,W0425,Mornng,E,8.0,,2025-05-21 07:55:00
OP109448,W0232,,Z,33.0,2.0,2025-01-30 22:44:00
OP109449,W0272,Mornng,B,9.0,2.0,2025-03-20 13:45:00
OP109450,W0027,Evening,B,42.0,2.0,2025-04-16 09:38:00
OP109451,W0138,,,13.0,1.0,2025-03-10 20:51:00
OP109452,W0157,Mornng,Z,45.0,1.0,2025-06-27 06:28:00
OP109453,W0123,Night,B,48.0,1.0,2025-02-01 20:12:00
OP109454,W0327,Night,Z,40.0,,2025-06-06 14:08:00
OP109455,W0365,Night,D,10.0,,2025-01-07 01:11:00
OP109456,W0450,Morning,D,34.0,1.0,2025-02-07 03:21:00
OP109457,W0079,Mornng,E,15.0,0.0,2025-05-11 16:36:00
OP109458,W0243,Night,D,7.0,2.0,2025-04-16 13:31:00
OP109459,W0373,Night,D,40.0,2.0,2025-06-10 07:28:00
OP109460,W0069,Morning,A,2.0,,2025-06-13 12:01:00
OP109461,W0312,,D,34.0,,2025-04-14 17:45:00
OP109462,W0141,Evening,A,42.0,,2025-06-26 19:44:00
OP109463,W0465,Morning,C,7.0,0.0,2025-03-22 15:59:00
OP109464,W0141,,B,4.0,1.0,2025-05-27 00:10:00
OP109465,W0229,Evening,B,37.0,2.0,invalid_date
OP109466,W0398,,B,4.0,0.0,2025-03-11 15:46:00
OP109467,W0056,Morning,D,15.0,0.0,2025-05-06 07:38:00
OP109468,W0463,,A,49.0,1.0,2025-03-18 18:16:00
OP109469,W0139,,C,21.0,1.0,2025-05-02 17:10:00
OP109470,W0215,Evening,E,23.0,,2025-04-25 21:16:00
OP109471,W0049,,B,16.0,2.0,2025-04-27 23:59:00
OP109472,W0016,Morning,C,3.0,0.0,2025-03-13 18:39:00
OP109473,W0469,Morning,D,45.0,2.0,2025-02-16 00:12:00
OP109474,W0144,Evening,B,46.0,0.0,2025-05-10 21:40:00
OP109475,W0030,Night,D,30.0,1.0,2025-06-01 12:52:00
OP109476,W0269,Morning,E,2.0,,2025-04-09 21:12:00
OP109477,W0054,Evening,Z,11.0,1.0,2025-04-23 21:23:00
OP109478,W0108,,Z,45.0,,2025-01-19 08:15:00
OP109479,W0490,Night,,4.0,,2025-06-29 19:43:00
OP109480,W0069,,A,34.0,,2025-05-22 10:37:00
OP109481,W0307,Night,D,13.0,1.0,2025-02-02 21:48:00
OP109482,W0012,Mornng,C,32.0,1.0,2025-01-14 04:53:00
OP109483,W0152,,D,46.0,1.0,2025-01-16 18:24:00
OP109484,W0002,Night,C,19.0,,2025-05-14 04:58:00
OP109485,W0478,Morning,C,33.0,0.0,2025-01-29 07:19:00
OP109486,W0090,Morning,D,6.0,2.0,2025-06-17 17:59:00
OP109487,W0189,,,22.0,1.0,2025-04-07 02:21:00
OP109488,W0068,Evening,A,37.0,0.0,2025-02-01 13:55:00
OP109489,W0433,Mornng,C,15.0,0.0,2025-05-18 13:13:00
OP109490,W0413,Mornng,D,49.0,,2025-01-19 15:56:00
OP109491,W0283,Mornng,D,36.0,0.0,2025-03-10 23:59:00
OP109492,W0160,Evening,E,31.0,1.0,2025-03-27 04:42:00
OP109493,W0364,Morning,E,39.0,1.0,2025-05-02 09:23:00
OP109494,W0386,,Z,14.0,0.0,2025-01-30 21:14:00
OP109495,W0483,,A,-5.0,1.0,2025-03-28 12:40:00
OP109496,W0013,Mornng,D,4.0,0.0,2025-04-24 18:42:00
OP109497,W0134,Morning,C,18.0,1.0,2025-06-27 07:23:00
OP109498,W0349,Morning,A,26.0,2.0,2025-06-12 07:37:00
OP109499,W0109,Night,C,46.0,2.0,2025-02-01 07:46:00
OP109500,W0088,Morning,D,38.0,1.0,2025-03-12 03:37:00
OP109501,W0140,Night,B,19.0,0.0,2025-04-22 09:16:00
OP109502,W0016,Evening,A,45.0,1.0,2025-02-09 01:26:00
OP109503,W0465,Night,,,1.0,2025-01-08 09:47:00
OP109504,W0310,,C,9.0,,2025-06-22 05:50:00
OP109505,W0490,,A,15.0,1.0,2025-01-04 13:34:00
OP109506,W0177,,E,19.0,2.0,2025-05-24 12:36:00
OP109507,W0116,Morning,,7.0,0.0,2025-06-17 07:57:00
OP109508,W0350,Night,A,32.0,,2025-05-30 10:23:00
OP109509,W0217,Mornng,D,25.0,,2025-03-11 18:03:00
OP109510,W0271,Mornng,Z,24.0,0.0,2025-03-20 22:49:00
OP109511,W0079,,A,12.0,,2025-05-08 12:20:00
OP109512,W0415,Night,Z,1.0,,2025-05-01 08:04:00
OP109513,W0354,Morning,Z,21.0,1.0,2025-06-23 21:23:00
OP109514,W0186,,D,33.0,1.0,2025-06-07 00:58:00
OP109515,W0012,,Z,0.0,1.0,2025-04-19 06:29:00
OP109516,W0083,Evening,A,15.0,1.0,2025-05-14 22:51:00
OP109517,W0346,,C,38.0,2.0,2025-02-16 01:51:00
OP109518,W0389,Mornng,B,6.0,1.0,2025-05-05 16:32:00
OP109519,W0305,Evening,Z,4.0,2.0,2025-02-24 03:09:00
OP109520,W0094,,Z,14.0,2.0,2025-03-17 05:35:00
OP109521,W0185,Night,,10.0,1.0,2025-05-31 11:24:00
OP109522,W0126,Night,C,0.0,0.0,2025-05-11 11:17:00
OP109523,W0063,,E,41.0,1.0,2025-05-25 03:31:00
OP109524,W0083,,,1.0,1.0,2025-05-27 05:35:00
OP109525,W0099,,D,7.0,2.0,2025-06-21 21:46:00
OP109526,W0121,,E,38.0,,2025-01-13 18:58:00
OP109527,W0177,,E,15.0,,2025-05-27 12:28:00
OP109528,W0180,Mornng,E,25.0,,2025-03-22 19:21:00
OP109529,W0163,,C,40.0,,2025-05-19 09:24:00
OP109530,W0407,Evening,Z,28.0,,2025-01-10 11:31:00
OP109531,W0471,Night,E,33.0,0.0,2025-04-25 09:10:00
OP109532,W0065,,A,25.0,0.0,2025-03-13 15:40:00
OP109533,W0258,,,6.0,0.0,2025-04-06 00:13:00
OP109534,W0288,Evening,B,9.0,0.0,2025-02-28 01:27:00
OP109535,W0499,,B,3.0,,2025-04-29 15:32:00
OP109536,W0395,Evening,D,8.0,,2025-04-07 22:30:00
OP109537,W0335,,A,0.0,0.0,invalid_date
OP109538,W0178,Evening,B,3.0,1.0,2025-04-21 22:56:00
OP109539,W0121,Mornng,B,20.0,2.0,2025-01-05 00:31:00
OP109540,W0249,,Z,0.0,2.0,2025-05-20 12:28:00
OP109541,W0472,Night,B,-5.0,,2025-02-28 04:27:00
OP109542,W0147,Morning,Z,24.0,,2025-03-23 19:23:00
OP109543,W0371,Morning,,0.0,0.0,2025-06-12 02:39:00
OP109544,W0144,,D,,1.0,2025-03-03 17:46:00
OP109545,W0432,Night,C,12.0,,2025-01-06 08:14:00
OP109546,W0249,Evening,Z,23.0,,2025-01-11 20:53:00
OP109547,W0071,Evening,,40.0,0.0,2025-02-20 22:50:00
OP109548,W0221,Night,E,43.0,0.0,2025-02-22 06:10:00
OP109549,W0367,Morning,A,35.0,,2025-06-09 12:00:00
OP109550,W0275,Night,A,27.0,1.0,2025-01-26 12:33:00
OP109551,W0493,Mornng,C,16.0,2.0,2025-01-12 06:46:00
OP109552,W0241,Evening,Z,42.0,,2025-01-02 20:20:00
OP109553,W0339,Morning,B,47.0,2.0,2025-01-15 16:40:00
OP109554,W0258,Morning,Z,,,2025-06-11 10:38:00
OP109555,W0298,Morning,Z,39.0,,2025-01-23 16:33:00
OP109556,W0032,Night,C,12.0,0.0,2025-05-25 21:28:00
OP109557,W0451,Night,,29.0,0.0,2025-03-20 01:27:00
OP109558,W0393,Morning,E,43.0,2.0,2025-03-06 21:58:00
OP109559,W0306,Mornng,A,31.0,1.0,2025-05-22 02:17:00
OP109560,W0399,,D,43.0,,2025-03-06 21:34:00
OP109561,W0352,,D,32.0,1.0,2025-03-18 11:59:00
OP109562,W0317,Evening,A,20.0,1.0,2025-01-15 17:45:00
OP109563,W0219,Mornng,B,11.0,,2025-01-17 02:32:00
OP109564,W0238,Morning,C,28.0,,2025-02-22 21:45:00
OP109565,W0198,Mornng,E,16.0,1.0,2025-01-10 09:59:00
OP109566,W0271,,D,39.0,0.0,2025-01-05 23:40:00
OP109567,W0197,Evening,A,39.0,2.0,2025-05-12 14:51:00
OP109568,W0403,Night,A,30.0,0.0,2025-01-05 08:42:00
OP109569,W0439,,A,3.0,2.0,2025-06-19 01:55:00
OP109570,W0447,Evening,A,32.0,1.0,2025-04-29 18:13:00
OP109571,W0250,,D,35.0,1.0,2025-05-31 04:18:00
OP109572,W0190,Night,A,36.0,0.0,2025-04-14 02:56:00
OP109573,W0203,Evening,A,8.0,,2025-03-22 08:20:00
OP109574,W0345,,E,2.0,0.0,2025-05-05 04:57:00
OP109575,W0222,Night,C,15.0,0.0,2025-01-06 07:50:00
OP109576,W0230,,A,12.0,,2025-06-13 03:05:00
OP109577,W0051,Morning,E,20.0,,2025-06-07 20:29:00
OP109578,W0238,Morning,Z,34.0,0.0,2025-03-17 02:28:00
OP109579,W0378,Mornng,D,11.0,,2025-05-31 13:14:00
OP109580,W0044,Mornng,A,0.0,,2025-05-15 09:03:00
OP109581,W0399,Morning,C,35.0,0.0,2025-01-26 06:23:00
OP109582,W0490,Morning,A,18.0,1.0,2025-05-05 00:16:00
OP109583,W0321,,D,45.0,1.0,2025-01-19 19:22:00
OP109584,W0248,Evening,,32.0,,2025-01-09 04:43:00
OP109585,W0041,Evening,E,7.0,0.0,2025-02-13 10:01:00
OP109586,W0445,,,35.0,0.0,2025-05-21 20:29:00
OP109587,W0446,Evening,Z,21.0,,2025-05-14 13:32:00
OP109588,W0440,Night,B,1.0,0.0,2025-03-04 00:46:00
OP109589,W0346,,A,15.0,,2025-06-12 09:52:00
OP109590,W0163,Night,,46.0,0.0,2025-05-06 16:44:00
OP109591,W0439,Mornng,E,23.0,0.0,2025-01-29 02:35:00
OP109592,W0104,,,27.0,0.0,2025-03-18 00:19:00
OP109593,W0145,Evening,B,36.0,2.0,2025-06-20 18:25:00
OP109594,W0366,Evening,D,19.0,1.0,2025-02-27 02:37:00
OP109595,W0376,Night,,27.0,0.0,2025-05-22 01:10:00
OP109596,W0297,Evening,E,29.0,2.0,2025-03-22 07:58:00
OP109597,W0090,Morning,D,42.0,2.0,2025-04-05 11:15:00
OP109598,W0374,,D,44.0,1.0,2025-04-28 00:22:00
OP109599,W0364,Evening,B,20.0,,2025-02-03 23:08:00
OP109600,W0374,Evening,,36.0,2.0,2025-04-19 22:55:00
OP109601,W0414,Evening,B,41.0,1.0,2025-02-25 15:11:00
OP109602,W0244,,A,12.0,1.0,2025-06-11 22:42:00
OP109603,W0012,Evening,D,31.0,,2025-04-29 04:55:00
OP109604,W0431,Mornng,,33.0,2.0,2025-06-05 08:16:00
OP109605,W0282,,,22.0,,2025-06-07 07:35:00
OP109606,W0043,Night,C,14.0,0.0,2025-04-06 02:17:00
OP109607,W0178,Evening,E,3.0,,2025-05-19 21:37:00
OP109608,W0377,,D,24.0,0.0,2025-03-22 21:26:00
OP109609,W0466,Night,E,41.0,,2025-01-03 22:59:00
OP109610,W0325,Mornng,C,4.0,,2025-02-18 08:51:00
OP109611,W0375,Night,E,38.0,1.0,invalid_date
OP109612,W0050,Night,B,34.0,,2025-04-18 04:09:00
OP109613,W0267,,E,7.0,0.0,2025-01-06 03:03:00
OP109614,W0246,Evening,,31.0,2.0,2025-05-22 09:46:00
OP109615,W0302,Morning,A,41.0,0.0,2025-05-04 03:19:00
OP109616,W0030,,B,46.0,1.0,2025-05-04 22:50:00
OP109617,W0083,Mornng,D,7.0,0.0,2025-05-10 15:39:00
OP109618,W0300,,D,20.0,,2025-03-06 19:59:00
OP109619,W0059,Mornng,C,18.0,2.0,2025-01-24 00:32:00
OP109620,W0308,,Z,28.0,,2025-03-21 01:03:00
OP109621,W0401,Mornng,D,-5.0,2.0,2025-05-23 03:17:00
OP109622,W0234,,B,35.0,1.0,2025-02-05 23:11:00
OP109623,W0329,,D,32.0,0.0,2025-03-10 23:38:00
OP109624,W0266,Mornng,A,8.0,1.0,2025-06-06 01:20:00
OP109625,W0230,Night,D,3.0,2.0,2025-03-10 02:31:00
OP109626,W0301,,E,17.0,1.0,2025-02-01 11:26:00
OP109627,W0152,Mornng,E,36.0,,2025-05-02 11:05:00
OP109628,W0153,,A,11.0,2.0,2025-02-24 03:22:00
OP109629,W0159,Mornng,A,24.0,1.0,2025-05-07 20:29:00
OP109630,W0454,Evening,B,42.0,1.0,2025-04-04 07:11:00
OP109631,W0038,,,33.0,0.0,2025-01-26 19:13:00
OP109632,W0307,Mornng,A,38.0,,2025-02-27 12:44:00
OP109633,W0187,Mornng,B,13.0,,2025-03-02 23:16:00
OP109634,W0140,,B,41.0,1.0,2025-06-10 22:05:00
OP109635,W0230,,,41.0,2.0,2025-03-13 20:21:00
OP109636,W0340,Evening,,19.0,,2025-03-01 19:37:00
OP109637,W0332,,D,,1.0,2025-01-14 09:03:00
OP109638,W0003,Morning,D,24.0,1.0,2025-05-09 21:26:00
OP109639,W0436,,A,27.0,0.0,2025-02-03 04:56:00
OP109640,W0308,,D,11.0,0.0,2025-04-07 15:23:00
OP109641,W0236,,B,14.0,0.0,2025-04-07 16:03:00
OP109642,W0412,Evening,D,48.0,,2025-06-05 07:22:00
OP109643,W0339,Morning,C,35.0,,2025-06-21 03:57:00
OP109644,W0027,Evening,,46.0,1.0,2025-04-03 09:47:00
OP109645,W0468,Night,B,9.0,0.0,2025-05-03 13:25:00
OP109646,W0175,Morning,C,36.0,,2025-02-05 11:52:00
OP109647,W0187,Morning,,18.0,,2025-03-20 20:31:00
OP109648,W0466,Night,C,32.0,,2025-06-09 10:54:00
OP109649,W0380,Evening,,48.0,0.0,2025-01-22 15:45:00
OP109650,W0262,,A,47.0,2.0,2025-02-07 23:36:00
OP109651,W0134,Mornng,A,8.0,,2025-05-03 13:16:00
OP109652,W0196,,D,46.0,2.0,2025-01-10 17:51:00
OP109653,W0438,Night,B,4.0,1.0,2025-03-27 10:49:00
OP109654,W0116,Night,,12.0,,2025-04-03 14:42:00
OP109655,W0225,Evening,B,37.0,0.0,2025-06-19 16:31:00
OP109656,W0457,Night,E,49.0,,2025-05-06 00:41:00
OP109657,W0416,,,7.0,2.0,2025-04-09 02:35:00
OP109658,W0383,Morning,C,11.0,0.0,2025-03-14 05:52:00
OP109659,W0008,Evening,D,44.0,0.0,2025-01-22 16:33:00
OP109660,W0090,Mornng,D,31.0,1.0,2025-04-07 10:37:00
OP109661,W0438,Evening,,41.0,1.0,2025-04-21 04:35:00
OP109662,W0305,Morning,D,19.0,0.0,2025-02-11 21:58:00
OP109663,W0081,Night,E,11.0,1.0,2025-03-06 23:14:00
OP109664,W0237,Evening,A,7.0,1.0,2025-06-21 09:19:00
OP109665,W0320,Night,Z,16.0,,2025-06-21 20:57:00
OP109666,W0482,,E,-5.0,,2025-03-14 14:26:00
OP109667,,,B,29.0,0.0,2025-04-13 07:15:00
OP109668,W0060,Evening,D,19.0,,2025-06-22 12:38:00
OP109669,W0248,,D,39.0,2.0,2025-01-15 00:20:00
OP109670,W0045,,A,36.0,,2025-02-13 03:09:00
OP109671,W0045,Mornng,B,21.0,2.0,2025-01-25 17:13:00
OP109672,W0103,Night,B,25.0,,2025-01-20 05:10:00
OP109673,W0017,,C,34.0,,2025-02-18 05:40:00
OP109674,W0456,,D,20.0,1.0,2025-05-16 14:25:00
OP109675,W0124,Night,E,49.0,1.0,2025-06-16 03:20:00
OP109676,W0011,Evening,E,0.0,1.0,2025-01-25 12:55:00
OP109677,W0355,,A,5.0,,2025-06-15 07:44:00
OP109678,W0479,Morning,A,7.0,2.0,invalid_date
OP109679,W0153,Mornng,D,4.0,0.0,2025-03-31 03:01:00
OP109680,W0269,,B,6.0,1.0,2025-04-26 05:43:00
OP109681,W0431,Evening,A,14.0,1.0,2025-02-22 01:41:00
OP109682,W0056,Night,,2.0,2.0,2025-06-09 14:02:00
OP109683,W0209,Mornng,Z,7.0,2.0,2025-06-02 22:35:00
OP109684,W0394,,A,27.0,1.0,2025-04-18 15:54:00
OP109685,W0255,Mornng,A,14.0,,2025-05-06 02:08:00
OP109686,W0328,Morning,C,,2.0,2025-06-27 05:40:00
OP109687,W0044,,B,11.0,1.0,2025-02-08 00:02:00
OP109688,W0057,Evening,,46.0,0.0,2025-03-29 03:37:00
OP109689,W0051,,Z,14.0,1.0,2025-02-20 07:17:00
OP109690,W0034,Night,B,22.0,,2025-06-28 18:17:00
OP109691,W0275,Morning,E,23.0,2.0,2025-02-12 05:22:00
OP109692,W0296,,Z,47.0,,2025-01-15 00:34:00
OP109693,W0055,Mornng,,39.0,0.0,2025-05-21 08:33:00
OP109694,W0337,Evening,D,21.0,1.0,2025-03-04 01:32:00
OP109695,W0293,,B,3.0,2.0,2025-02-21 22:29:00
OP109696,W0107,Morning,C,34.0,2.0,2025-05-10 17:31:00
OP109697,W0112,Night,C,30.0,1.0,2025-04-10 06:16:00
OP109698,W0003,Morning,D,23.0,,2025-02-10 02:18:00
OP109699,W0189,Mornng,D,,,2025-06-11 09:51:00
OP109700,W0487,,C,7.0,0.0,2025-04-27 03:18:00
OP109701,W0210,Mornng,D,17.0,1.0,2025-03-26 14:12:00
OP109702,W0112,Morning,Z,16.0,,2025-02-06 17:31:00
OP109703,W0237,,,27.0,1.0,2025-05-05 18:22:00
OP109704,W0302,Night,Z,20.0,2.0,2025-06-27 12:39:00
OP109705,W0147,Morning,B,7.0,1.0,2025-01-24 00:52:00
OP109706,W0443,Evening,,44.0,0.0,2025-06-18 20:58:00
OP109707,W0212,,B,42.0,0.0,2025-01-11 09:44:00
OP109708,W0309,Evening,D,14.0,,2025-02-11 04:08:00
OP109709,W0246,,,15.0,,2025-05-29 03:54:00
OP109710,W0065,Evening,E,18.0,0.0,2025-02-06 06:07:00
OP109711,W0341,Night,Z,32.0,0.0,2025-06-11 17:08:00
OP109712,W0194,Night,D,16.0,,2025-04-08 14:53:00
OP109713,W0317,Morning,D,24.0,0.0,2025-01-14 00:08:00
OP109714,W0013,Morning,E,25.0,0.0,2025-03-19 22:57:00
OP109715,W0233,,E,16.0,2.0,2025-01-18 12:43:00
OP109716,W0096,,C,33.0,0.0,2025-02-01 20:02:00
OP109717,W0225,Mornng,,42.0,2.0,2025-05-23 19:12:00
OP109718,W0306,Mornng,A,38.0,1.0,2025-05-04 17:08:00
OP109719,W0432,Night,Z,35.0,1.0,2025-06-23 10:30:00
OP109720,W0104,Night,C,24.0,1.0,2025-02-09 18:14:00
OP109721,W0431,Night,A,25.0,2.0,2025-06-16 04:25:00
OP109722,W0127,Evening,,21.0,1.0,2025-02-13 01:52:00
OP109723,W0392,,B,48.0,2.0,2025-04-02 03:30:00
OP109724,W0378,Night,,38.0,,2025-03-12 14:39:00
OP109725,W0074,,C,12.0,,2025-06-04 11:19:00
OP109726,W0018,Mornng,Z,30.0,0.0,2025-04-16 17:09:00
OP109727,W0329,Evening,A,4.0,0.0,2025-01-26 20:55:00
OP109728,W0146,Night,A,40.0,1.0,2025-04-20 17:19:00
OP109729,W0145,Evening,C,17.0,2.0,2025-05-08 11:50:00
OP109730,W0024,Mornng,,-5.0,0.0,2025-01-26 11:07:00
OP109731,W0192,,,43.0,0.0,2025-01-12 22:47:00
OP109732,W0491,Evening,A,47.0,2.0,2025-02-07 16:09:00
OP109733,W0268,Evening,B,2.0,1.0,2025-02-15 12:04:00
OP109734,W0265,Night,A,42.0,0.0,2025-03-23 10:55:00
OP109735,W0195,Night,E,49.0,0.0,2025-06-22 10:53:00
OP109736,W0084,Morning,Z,8.0,0.0,2025-06-05 20:17:00
OP109737,W0222,Mornng,E,15.0,2.0,2025-04-07 15:59:00
OP109738,W0347,Morning,B,47.0,0.0,2025-05-11 16:48:00
OP109739,W0429,Morning,E,17.0,0.0,2025-01-20 08:41:00
OP109740,W0329,Mornng,Z,46.0,1.0,2025-04-04 09:10:00
OP109741,W0285,Night,,32.0,1.0,2025-01-08 12:12:00
OP109742,W0455,,B,,1.0,2025-02-20 00:36:00
OP109743,W0473,Evening,A,41.0,0.0,2025-06-25 01:36:00
OP109744,W0150,Night,,48.0,0.0,2025-01-25 00:34:00
OP109745,W0488,Evening,Z,36.0,1.0,2025-04-24 05:53:00
OP109746,W0359,,D,36.0,0.0,2025-01-10 15:05:00
OP109747,W0173,,C,45.0,,2025-06-01 12:22:00
OP109748,W0094,Morning,,45.0,0.0,2025-01-09 21:19:00
OP109749,W0138,Mornng,A,-5.0,1.0,2025-06-09 07:52:00
OP109750,W0389,Night,B,3.0,0.0,2025-06-27 16:23:00
OP109751,W0062,,Z,35.0,0.0,2025-02-05 12:45:00
OP109752,W0102,,A,25.0,,2025-02-01 02:04:00
OP109753,W0286,Evening,Z,12.0,0.0,2025-05-24 13:39:00
OP109754,W0394,Night,B,24.0,2.0,2025-04-05 17:04:00
OP109755,W0435,Night,D,13.0,0.0,2025-06-08 16:37:00
OP109756,W0361,,Z,36.0,0.0,2025-02-16 01:01:00
OP109757,W0306,Mornng,,49.0,2.0,2025-03-21 15:57:00
OP109758,W0209,Night,B,38.0,,2025-04-21 19:44:00
OP109759,W0418,,,,,2025-04-12 02:10:00
OP109760,W0147,Night,,6.0,0.0,2025-02-13 09:40:00
OP109761,W0359,Evening,E,35.0,0.0,2025-06-05 14:18:00
OP109762,W0165,Morning,A,2.0,0.0,2025-06-23 10:17:00
OP109763,W0234,,A,7.0,,2025-02-21 00:08:00
OP109764,W0029,Morning,C,34.0,0.0,2025-06-19 17:36:00
OP109765,W0456,Evening,B,40.0,2.0,2025-06-25 15:43:00
OP109766,W0232,,,4.0,,2025-06-27 19:50:00
OP109767,W0476,Morning,D,22.0,1.0,2025-03-15 19:07:00
OP109768,W0145,Mornng,A,48.0,0.0,2025-06-08 02:07:00
OP109769,W0490,Mornng,,9.0,,2025-03-17 18:49:00
OP109770,W0389,,D,5.0,2.0,2025-05-11 00:05:00
OP109771,W0062,Mornng,,40.0,1.0,2025-03-18 16:23:00
OP109772,W0001,Night,A,20.0,1.0,2025-04-16 06:57:00
OP109773,W0318,Night,C,6.0,1.0,2025-05-18 20:32:00
OP109774,W0385,,C,11.0,0.0,2025-04-21 00:20:00
OP109775,W0429,,,45.0,2.0,2025-02-28 16:15:00
OP109776,W0316,Night,Z,18.0,1.0,2025-01-06 14:11:00
OP109777,W0077,Night,Z,17.0,0.0,2025-05-25 10:51:00
OP109778,W0445,Morning,,11.0,1.0,2025-06-02 04:57:00
OP109779,W0198,Morning,,30.0,0.0,2025-02-12 17:00:00
OP109780,W0457,Evening,A,20.0,1.0,2025-02-08 19:55:00
OP109781,W0496,Morning,,7.0,2.0,2025-06-08 11:23:00
OP109782,W0365,,E,22.0,1.0,2025-02-21 16:35:00
OP109783,W0386,Night,A,34.0,1.0,2025-02-22 17:50:00
OP109784,W0456,Evening,,45.0,0.0,2025-01-13 09:45:00
OP109785,W0121,,C,15.0,,2025-05-30 18:30:00
OP109786,W0416,Morning,,48.0,0.0,2025-04-16 12:38:00
OP109787,W0357,Morning,B,2.0,,2025-06-16 06:51:00
OP109788,W0072,Morning,Z,47.0,0.0,invalid_date
OP109789,W0450,Night,D,12.0,,2025-05-27 09:24:00
OP109790,W0105,Night,,18.0,0.0,2025-03-02 07:46:00
OP109791,W0128,Night,A,11.0,1.0,2025-06-24 05:56:00
OP109792,W0123,Evening,B,45.0,2.0,2025-04-26 16:28:00
OP109793,W0044,Morning,C,,0.0,2025-05-02 04:00:00
OP109794,W0103,Night,E,44.0,2.0,2025-03-20 18:20:00
OP109795,W0485,,Z,38.0,2.0,2025-04-20 02:13:00
OP109796,W0012,Mornng,D,29.0,0.0,2025-02-15 13:43:00
OP109797,W0370,Morning,B,11.0,0.0,2025-02-24 10:33:00
OP109798,W0435,,Z,-5.0,1.0,2025-05-14 08:42:00
OP109799,W0209,Mornng,C,37.0,2.0,2025-01-23 22:53:00
OP109800,W0420,Mornng,Z,22.0,1.0,2025-05-24 22:26:00
OP109801,W0496,Evening,B,39.0,,2025-05-06 05:40:00
OP109802,W0063,Night,B,44.0,0.0,2025-01-11 23:00:00
OP109803,W0133,Morning,Z,46.0,1.0,2025-01-01 04:19:00
OP109804,W0277,Night,Z,37.0,0.0,2025-02-23 08:36:00
OP109805,W0037,Morning,C,1.0,0.0,2025-01-04 07:43:00
OP109806,W0003,,E,0.0,,2025-05-24 04:04:00
OP109807,W0375,Mornng,B,30.0,0.0,2025-02-02 19:58:00
OP109808,W0320,Evening,C,36.0,1.0,2025-06-14 10:19:00
OP109809,W0418,,C,13.0,2.0,2025-02-11 22:02:00
OP109810,W0092,Night,A,32.0,,2025-05-05 23:12:00
OP109811,W0120,,Z,46.0,2.0,2025-01-07 18:54:00
OP109812,W0199,Evening,,15.0,,2025-05-30 16:30:00
OP109813,W0276,Morning,A,33.0,,2025-04-15 00:31:00
OP109814,W0234,Evening,A,49.0,1.0,2025-03-11 00:44:00
OP109815,W0099,Night,A,44.0,1.0,2025-04-23 16:24:00
OP109816,W0148,Mornng,C,22.0,1.0,2025-03-26 00:30:00
OP109817,W0482,Mornng,E,-5.0,0.0,2025-06-13 13:01:00
OP109818,W0184,Morning,A,22.0,2.0,2025-06-16 21:36:00
OP109819,W0195,Evening,,26.0,2.0,2025-03-19 13:13:00
OP109820,W0421,Morning,E,17.0,2.0,2025-02-01 18:24:00
OP109821,W0194,Night,C,34.0,2.0,2025-04-28 14:06:00
OP109822,W0333,Morning,D,13.0,,2025-01-13 14:12:00
OP109823,W0415,,,19.0,,2025-06-06 03:36:00
OP109824,W0341,Mornng,D,34.0,1.0,2025-01-22 16:30:00
OP109825,W0343,Morning,D,46.0,2.0,2025-06-16 22:44:00
OP109826,W0216,Night,B,28.0,,2025-05-18 22:08:00
OP109827,W0290,,B,48.0,,2025-03-04 10:11:00
OP109828,W0175,Morning,C,40.0,2.0,2025-01-05 07:23:00
OP109829,W0103,,D,4.0,2.0,2025-05-18 13:53:00
OP109830,W0439,Evening,A,5.0,2.0,invalid_date
OP109831,W0424,Morning,C,6.0,2.0,2025-04-11 18:45:00
OP109832,W0432,Night,B,3.0,0.0,2025-06-10 14:12:00
OP109833,W0339,,B,49.0,,2025-01-09 15:43:00
OP109834,W0385,Night,E,36.0,,2025-04-11 15:23:00
OP109835,W0463,Morning,A,34.0,2.0,2025-05-13 17:11:00
OP109836,W0259,Morning,A,7.0,,2025-05-17 21:15:00
OP109837,W0430,,C,18.0,1.0,2025-04-20 10:37:00
OP109838,W0123,Mornng,A,5.0,0.0,2025-02-23 21:08:00
OP109839,W0270,,A,41.0,2.0,2025-06-03 23:07:00
OP109840,W0173,,D,48.0,1.0,2025-03-31 20:13:00
OP109841,W0131,,Z,49.0,2.0,2025-06-24 20:50:00
OP109842,W0259,Morning,C,29.0,1.0,invalid_date
OP109843,W0287,,D,33.0,2.0,2025-06-20 14:42:00
OP109844,W0242,,E,1.0,1.0,2025-06-07 23:30:00
OP109845,W0198,Evening,D,43.0,0.0,2025-04-16 14:23:00
OP109846,W0114,,C,-5.0,1.0,2025-04-18 23:31:00
OP109847,W0290,Night,A,43.0,0.0,2025-04-07 07:43:00
OP109848,W0066,,Z,8.0,,2025-04-30 22:38:00
OP109849,W0119,Night,B,39.0,,2025-02-10 18:54:00
OP109850,W0114,Mornng,C,42.0,0.0,2025-06-18 05:12:00
OP109851,W0470,Night,C,12.0,,2025-06-17 19:43:00
OP109852,W0340,Morning,E,39.0,0.0,2025-06-17 03:09:00
OP109853,W0050,Morning,C,43.0,,2025-05-09 03:20:00
OP109854,W0131,,E,47.0,1.0,2025-01-26 14:02:00
OP109855,W0321,Evening,A,43.0,2.0,2025-05-02 00:40:00
OP109856,W0026,,E,24.0,,2025-06-24 18:43:00
OP109857,W0484,Morning,D,3.0,,2025-04-16 06:57:00
OP109858,W0294,,Z,20.0,0.0,2025-06-03 05:01:00
OP109859,W0017,Night,A,19.0,1.0,2025-02-15 21:34:00
OP109860,W0185,Mornng,D,8.0,2.0,2025-03-21 18:27:00
OP109861,W0279,Mornng,C,5.0,2.0,2025-02-09 18:10:00
OP109862,W0406,,C,25.0,,2025-04-27 13:31:00
OP109863,W0073,Mornng,A,15.0,0.0,2025-04-04 08:16:00
OP109864,W0482,,Z,9.0,1.0,2025-01-25 23:18:00
OP109865,W0460,Evening,,31.0,0.0,2025-05-27 22:44:00
OP109866,W0489,Evening,D,44.0,1.0,2025-05-24 22:59:00
OP109867,,,A,32.0,2.0,2025-06-10 11:13:00
OP109868,W0440,,A,4.0,1.0,2025-03-23 13:30:00
OP109869,W0361,Mornng,Z,19.0,2.0,2025-06-01 19:54:00
OP109870,W0189,Night,A,36.0,,2025-04-20 11:31:00
OP109871,W0219,Morning,A,31.0,,2025-01-24 06:56:00
OP109872,W0301,Evening,A,41.0,1.0,2025-03-19 17:38:00
OP109873,W0462,Morning,D,26.0,0.0,2025-01-06 05:11:00
OP109874,W0451,Mornng,B,20.0,1.0,2025-06-03 07:48:00
OP109875,W0167,Mornng,,17.0,,2025-05-14 04:38:00
OP109876,W0178,Night,B,0.0,1.0,2025-02-10 00:40:00
OP109877,W0048,Morning,A,33.0,2.0,2025-05-04 07:14:00
OP109878,W0458,,E,30.0,0.0,2025-04-24 20:37:00
OP109879,W0391,Mornng,Z,20.0,0.0,2025-01-04 18:18:00
OP109880,W0371,Mornng,E,10.0,,2025-06-14 19:33:00
OP109881,W0400,,C,13.0,2.0,2025-03-21 04:47:00
OP109882,W0432,,D,6.0,0.0,2025-06-14 10:00:00
OP109883,W0188,Morning,E,11.0,,2025-04-17 06:57:00
OP109884,W0316,Morning,D,38.0,0.0,2025-06-28 06:35:00
OP109885,W0405,Evening,,6.0,1.0,2025-05-14 16:48:00
OP109886,W0397,Evening,A,27.0,0.0,2025-03-09 07:30:00
OP109887,W0127,Evening,A,17.0,,2025-05-18 23:11:00
OP109888,W0221,,Z,14.0,0.0,2025-01-03 05:51:00
OP109889,W0446,,,32.0,2.0,2025-06-09 12:47:00
OP109890,W0208,Morning,C,18.0,1.0,2025-06-06 08:32:00
OP109891,W0274,Evening,,13.0,0.0,2025-02-20 20:07:00
OP109892,W0058,Night,A,24.0,2.0,2025-04-29 22:03:00
OP109893,W0094,Morning,B,13.0,0.0,invalid_date
OP109894,W0092,Night,A,47.0,2.0,2025-01-31 00:55:00
OP109895,W0398,Morning,E,0.0,0.0,2025-03-23 18:00:00
OP109896,W0332,,,43.0,,2025-06-03 06:45:00
OP109897,W0013,Evening,A,6.0,0.0,2025-03-22 05:30:00
OP109898,W0313,,B,32.0,0.0,2025-04-30 15:28:00
OP109899,W0119,,D,9.0,1.0,2025-02-09 21:11:00
OP109900,W0289,Evening,A,27.0,,2025-01-24 02:35:00
OP109901,W0234,Morning,A,,0.0,2025-05-18 14:36:00
OP109902,W0311,Morning,,31.0,2.0,2025-03-27 03:06:00
OP109903,W0431,,Z,19.0,,2025-03-03 04:51:00
OP109904,W0450,,B,12.0,1.0,2025-03-22 00:43:00
OP109905,W0404,,D,23.0,,2025-01-20 00:31:00
OP109906,W0079,Mornng,Z,19.0,0.0,2025-02-18 02:56:00
OP109907,W0451,Morning,B,3.0,1.0,2025-06-25 22:37:00
OP109908,W0493,Night,A,13.0,1.0,2025-06-12 19:16:00
OP109909,W0092,Mornng,C,47.0,1.0,2025-01-23 10:41:00
OP109910,W0445,,,13.0,1.0,2025-05-30 11:53:00
OP109911,W0062,,,33.0,,2025-05-31 04:44:00
OP109912,W0275,Morning,B,18.0,0.0,2025-04-24 20:45:00
OP109913,W0104,,Z,3.0,0.0,2025-03-20 11:07:00
OP109914,W0077,Morning,Z,17.0,2.0,2025-02-04 16:50:00
OP109915,W0168,Mornng,A,29.0,2.0,2025-02-28 09:23:00
OP109916,W0339,,E,14.0,,2025-02-17 22:26:00
OP109917,W0124,,C,3.0,0.0,2025-06-23 22:20:00
OP109918,W0413,Evening,E,42.0,2.0,2025-06-04 15:36:00
OP109919,W0257,Evening,D,40.0,1.0,2025-04-24 10:05:00
OP109920,W0344,Evening,,6.0,2.0,2025-05-09 06:33:00
OP109921,W0143,Evening,C,31.0,2.0,2025-01-25 15:57:00
OP109922,W0027,Evening,B,35.0,,2025-01-12 18:18:00
OP109923,W0292,Mornng,D,38.0,,2025-05-23 08:16:00
OP109924,W0192,Evening,A,30.0,,2025-01-30 17:22:00
OP109925,W0347,Morning,E,4.0,1.0,2025-03-08 08:32:00
OP109926,W0377,Mornng,B,4.0,2.0,2025-02-05 17:04:00
OP109927,W0131,,E,25.0,1.0,2025-03-01 07:45:00
OP109928,W0111,Morning,C,0.0,,2025-04-22 07:47:00
OP109929,W0415,Morning,B,31.0,1.0,2025-02-08 19:58:00
OP109930,W0101,,B,6.0,0.0,2025-05-02 15:49:00
OP109931,W0369,Morning,,15.0,0.0,2025-05-29 23:43:00
OP109932,W0324,Night,A,12.0,0.0,2025-01-03 00:03:00
OP109933,W0228,Evening,Z,5.0,0.0,2025-01-14 04:10:00
OP109934,W0122,,A,18.0,,2025-04-08 20:23:00
OP109935,W0099,Mornng,Z,49.0,2.0,2025-04-05 01:11:00
OP109936,W0401,Evening,C,25.0,1.0,invalid_date
OP109937,W0391,Night,D,24.0,2.0,2025-01-23 10:24:00
OP109938,W0013,,Z,24.0,,2025-06-16 05:35:00
OP109939,W0075,,C,25.0,2.0,2025-04-21 10:31:00
OP109940,W0134,Evening,,-5.0,,2025-02-07 20:21:00
OP109941,W0192,Night,A,19.0,,2025-03-02 10:34:00
OP109942,W0075,Night,C,47.0,0.0,2025-06-08 00:16:00
OP109943,W0298,Morning,Z,,2.0,2025-01-27 12:42:00
OP109944,W0320,Mornng,D,47.0,1.0,2025-01-21 12:11:00
OP109945,W0261,Evening,,23.0,1.0,2025-05-30 00:00:00
OP109946,W0367,,E,35.0,0.0,2025-02-20 19:25:00
OP109947,W0160,Morning,,10.0,0.0,2025-04-21 15:39:00
OP109948,W0183,Night,E,24.0,0.0,2025-02-02 07:38:00
OP109949,W0041,Evening,A,11.0,1.0,2025-03-20 10:19:00
OP109950,W0131,Mornng,B,,1.0,2025-02-04 08:01:00
OP109951,W0208,,D,27.0,1.0,2025-06-08 01:56:00
OP109952,W0178,Evening,D,26.0,1.0,2025-01-18 02:37:00
OP109953,W0140,,E,7.0,2.0,2025-06-21 12:30:00
OP109954,W0266,Evening,A,22.0,1.0,2025-02-19 17:35:00
OP109955,W0189,Night,D,33.0,1.0,2025-01-02 09:32:00
OP109956,W0110,Mornng,Z,12.0,0.0,2025-02-12 23:19:00
OP109957,W0251,Evening,B,11.0,0.0,2025-01-25 23:33:00
OP109958,W0301,Evening,A,35.0,0.0,2025-04-11 17:02:00
OP109959,W0334,Evening,B,22.0,1.0,2025-06-11 19:11:00
OP109960,W0440,Night,A,41.0,2.0,2025-02-28 04:52:00
OP109961,W0045,Evening,E,2.0,0.0,2025-01-25 21:56:00
OP109962,W0305,Mornng,,9.0,,2025-04-17 14:40:00
OP109963,W0471,Night,B,32.0,1.0,2025-01-16 07:51:00
OP109964,W0195,Morning,,4.0,0.0,2025-03-24 23:50:00
OP109965,W0355,Mornng,Z,37.0,0.0,2025-01-09 21:21:00
OP109966,W0195,Night,E,26.0,0.0,2025-03-03 08:06:00
OP109967,W0390,Morning,D,39.0,2.0,2025-04-22 07:20:00
OP109968,W0302,,B,37.0,2.0,2025-04-24 14:20:00
OP109969,W0461,,A,7.0,2.0,2025-06-19 01:44:00
OP109970,W0130,Evening,A,17.0,2.0,2025-03-16 22:16:00
OP109971,W0132,,Z,0.0,,2025-06-23 18:09:00
OP109972,W0368,,B,-5.0,,2025-05-02 23:33:00
OP109973,W0155,,Z,21.0,1.0,2025-05-14 07:51:00
OP109974,W0415,,C,45.0,,2025-04-21 16:24:00
OP109975,W0271,,C,,2.0,2025-02-06 09:02:00
OP109976,W0348,,B,32.0,,2025-06-01 01:14:00
OP109977,W0296,,B,49.0,0.0,2025-02-10 05:21:00
OP109978,W0059,Morning,C,33.0,1.0,2025-05-09 04:40:00
OP109979,W0059,Morning,Z,27.0,2.0,2025-03-16 07:49:00
OP109980,W0406,Evening,E,4.0,1.0,2025-05-06 04:21:00
OP109981,W0351,Mornng,E,4.0,0.0,2025-04-02 10:24:00
OP109982,W0469,Night,E,-5.0,1.0,2025-02-16 04:17:00
OP109983,W0396,,C,7.0,,2025-03-01 04:01:00
OP109984,W0142,Evening,E,39.0,2.0,2025-03-30 10:48:00
OP109985,W0074,Morning,B,17.0,,2025-02-12 14:04:00
OP109986,W0276,Evening,E,1.0,1.0,2025-06-18 18:58:00
OP109987,W0322,Mornng,B,22.0,0.0,2025-05-31 18:35:00
OP109988,W0029,Morning,A,20.0,0.0,2025-06-01 05:02:00
OP109989,W0165,,B,48.0,1.0,2025-05-13 02:35:00
OP109990,W0244,,E,17.0,0.0,2025-01-23 04:33:00
OP109991,W0028,,D,34.0,2.0,2025-03-19 07:15:00
OP109992,W0360,Night,B,33.0,0.0,2025-03-17 06:18:00
OP109993,W0131,,,16.0,1.0,2025-06-26 21:07:00
OP109994,W0153,Morning,,6.0,,2025-03-13 14:35:00
OP109995,W0241,Night,,12.0,0.0,2025-01-21 20:47:00
OP109996,W0432,Evening,A,25.0,2.0,2025-06-26 20:13:00
OP109997,W0057,Evening,,34.0,2.0,2025-05-21 16:27:00
OP109998,W0332,Morning,,32.0,0.0,2025-05-11 08:47:00
OP109999,W0105,Night,A,9.0,,2025-03-07 00:27:00
OP110000,W0472,Morning,,49.0,2.0,2025-04-06 08:08:00
OP110001,W0274,Mornng,D,39.0,,2025-05-05 23:36:00
OP110002,W0298,Morning,Z,33.0,1.0,2025-04-21 23:14:00
OP110003,W0155,,Z,49.0,0.0,2025-01-31 13:41:00
OP110004,W0186,,C,-5.0,1.0,invalid_date
OP110005,W0065,,A,9.0,0.0,2025-03-05 04:11:00
OP110006,W0417,Mornng,B,7.0,2.0,2025-05-14 15:14:00
OP110007,W0331,,C,7.0,0.0,invalid_date
OP110008,W0123,Night,A,6.0,0.0,2025-01-13 08:51:00
OP110009,W0215,Mornng,B,43.0,2.0,2025-05-07 09:58:00
OP110010,W0064,Morning,Z,49.0,,2025-03-09 08:48:00
OP110011,W0316,Night,A,28.0,1.0,2025-03-09 03:08:00
OP110012,W0463,Night,A,44.0,,2025-03-28 19:57:00
OP110013,W0474,,D,36.0,2.0,2025-06-22 17:33:00
OP110014,W0339,,B,20.0,,2025-05-24 15:05:00
OP110015,W0054,Morning,,8.0,2.0,2025-04-19 23:16:00
OP110016,W0406,Evening,C,41.0,1.0,2025-03-29 07:12:00
OP110017,W0127,,B,29.0,1.0,2025-05-09 05:47:00
OP110018,W0316,Mornng,D,,0.0,2025-02-05 09:05:00
OP110019,W0155,Mornng,B,32.0,1.0,2025-01-30 05:25:00
OP110020,W9999,,C,45.0,0.0,2025-05-08 15:54:00
OP110021,W0206,Evening,,19.0,1.0,2025-03-21 20:37:00
OP110022,W0202,Evening,Z,24.0,0.0,2025-06-29 12:24:00
OP110023,W0064,,Z,7.0,0.0,2025-02-20 22:51:00
OP110024,W0084,Night,Z,26.0,2.0,2025-02-04 17:05:00
OP110025,W0152,Mornng,B,25.0,0.0,2025-06-06 00:27:00
OP110026,W0218,,B,12.0,2.0,2025-03-16 12:09:00
OP110027,W0500,,D,-5.0,,2025-06-02 12:41:00
OP110028,W0187,Night,Z,42.0,0.0,2025-04-18 12:27:00
OP110029,W0286,,B,18.0,0.0,2025-03-24 14:01:00
OP110030,W0272,,,27.0,,2025-06-11 04:07:00
OP110031,W0250,,D,34.0,1.0,2025-01-13 10:13:00
OP110032,W0069,,D,19.0,2.0,2025-05-23 00:02:00
OP110033,W0343,Night,A,32.0,1.0,2025-05-20 13:00:00
OP110034,W0372,Evening,C,47.0,,2025-04-14 12:58:00
OP110035,W0277,Night,E,47.0,0.0,2025-06-23 14:41:00
OP110036,W0089,,B,13.0,2.0,2025-03-19 05:19:00
OP110037,W0320,Evening,D,10.0,0.0,2025-05-19 03:07:00
OP110038,W0146,Night,A,6.0,0.0,2025-06-10 08:05:00
OP110039,W0384,,B,22.0,0.0,2025-01-25 13:44:00
OP110040,W0236,Evening,C,34.0,,2025-03-05 13:17:00
OP110041,W9999,Mornng,C,21.0,2.0,2025-06-07 01:14:00
OP110042,W0371,,Z,11.0,0.0,2025-02-24 03:24:00
OP110043,W0444,,,49.0,0.0,2025-03-22 19:36:00
OP110044,W0413,Night,,31.0,1.0,2025-05-09 02:47:00
OP110045,W0313,Evening,C,36.0,2.0,2025-03-18 08:00:00
OP110046,W0076,,B,42.0,1.0,2025-05-14 20:35:00
OP110047,W0017,Morning,E,0.0,2.0,2025-01-20 09:12:00
OP110048,W0060,,,41.0,2.0,2025-04-17 12:49:00
OP110049,W0348,Mornng,E,49.0,2.0,2025-06-25 10:00:00
OP110050,W0483,,B,14.0,,2025-06-09 17:39:00
OP110051,W0364,Morning,,23.0,2.0,2025-02-05 10:23:00
OP110052,W0026,Night,D,24.0,0.0,2025-06-18 11:47:00
OP110053,W0260,,E,49.0,2.0,2025-04-21 13:58:00
OP110054,W0086,,Z,19.0,1.0,2025-05-19 13:41:00
OP110055,W0255,Evening,C,28.0,,2025-05-08 15:48:00
OP110056,W0201,Mornng,,4.0,1.0,2025-02-13 05:38:00
OP110057,W0333,Night,D,16.0,0.0,2025-01-25 18:16:00
OP110058,W0363,Mornng,D,2.0,1.0,2025-01-22 20:17:00
OP110059,W0228,,,32.0,2.0,2025-01-02 10:05:00
OP110060,W0281,,C,32.0,1.0,2025-02-01 18:32:00
OP110061,W0349,Mornng,D,43.0,0.0,2025-05-07 17:59:00
OP110062,W0365,,D,27.0,2.0,2025-01-01 12:17:00
OP110063,W0195,Evening,C,41.0,,2025-03-03 19:13:00
OP110064,W0230,Evening,D,34.0,1.0,2025-02-08 09:52:00
OP110065,W0485,Evening,D,48.0,,2025-06-20 05:43:00
OP110066,W0132,,,26.0,0.0,2025-03-25 09:56:00
OP110067,W0040,Morning,C,3.0,1.0,2025-05-05 08:50:00
OP110068,W0001,Morning,Z,47.0,0.0,2025-06-06 08:47:00
OP110069,W0201,Morning,B,49.0,,2025-05-27 09:42:00
OP110070,W0174,,D,2.0,,2025-06-27 00:41:00
OP110071,W0476,Mornng,Z,3.0,0.0,2025-05-05 10:36:00
OP110072,W0275,Night,Z,18.0,0.0,2025-02-18 05:34:00
OP110073,W0475,,,33.0,2.0,2025-05-19 15:19:00
OP110074,W0383,Mornng,B,38.0,,2025-02-06 16:12:00
OP110075,W0316,Morning,D,42.0,,2025-01-11 03:25:00
OP110076,W0271,Mornng,A,25.0,1.0,2025-06-13 20:15:00
OP110077,W0482,Evening,Z,,2.0,2025-02-13 20:29:00
OP110078,W0432,Mornng,D,2.0,,2025-04-01 19:55:00
OP110079,W0373,Mornng,A,45.0,0.0,2025-04-27 09:31:00
OP110080,W0148,,,25.0,0.0,2025-04-17 17:50:00
OP110081,W9999,,E,0.0,1.0,2025-04-14 02:10:00
OP110082,W0231,Mornng,C,29.0,0.0,2025-06-21 01:22:00
OP110083,W0210,Night,Z,14.0,2.0,2025-04-01 21:54:00
OP110084,W0324,,B,27.0,,2025-01-12 20:26:00
OP110085,W0207,Night,,14.0,,2025-06-19 21:47:00
OP110086,W0291,Morning,,45.0,1.0,2025-05-09 04:05:00
OP110087,W0056,Mornng,B,35.0,2.0,2025-04-30 09:30:00
OP110088,W0210,Morning,Z,44.0,0.0,2025-02-27 21:56:00
OP110089,W0352,Night,B,33.0,2.0,2025-06-25 22:07:00
OP110090,W0085,Mornng,B,8.0,0.0,2025-01-24 21:05:00
OP110091,W0070,Evening,C,49.0,1.0,2025-05-02 13:41:00
OP110092,W0012,,C,46.0,2.0,2025-02-28 11:43:00
OP110093,W0117,Evening,D,32.0,2.0,2025-01-24 05:19:00
OP110094,W0072,Evening,,16.0,1.0,2025-03-28 12:23:00
OP110095,W0151,Mornng,A,0.0,1.0,2025-04-09 07:12:00
OP110096,W0388,Evening,E,9.0,,2025-02-22 22:29:00
OP110097,W0455,Morning,Z,,,2025-03-27 12:23:00
OP110098,W0215,Mornng,A,45.0,0.0,2025-06-05 16:33:00
OP110099,W0090,Mornng,,46.0,,2025-01-22 01:33:00
OP110100,W0165,,E,46.0,1.0,2025-04-15 20:35:00
OP110101,W0044,,E,7.0,2.0,2025-05-01 13:16:00
OP110102,W0119,Morning,E,24.0,,2025-01-14 06:07:00
OP110103,W0029,Evening,D,17.0,1.0,2025-01-30 11:44:00
OP110104,W0287,,D,18.0,2.0,2025-02-22 02:23:00
OP110105,W0119,Night,E,12.0,2.0,2025-06-02 12:47:00
OP110106,W0156,Mornng,Z,10.0,1.0,2025-04-16 13:41:00
OP110107,W0365,,B,12.0,,2025-04-16 05:36:00
OP110108,W0027,Morning,Z,2.0,0.0,2025-06-22 20:04:00
OP110109,W0079,,,8.0,0.0,2025-02-23 20:00:00
OP110110,W0226,Morning,D,4.0,0.0,2025-05-13 08:57:00
OP110111,W0044,,B,26.0,,2025-04-27 16:41:00
OP110112,W0413,Morning,D,22.0,2.0,2025-04-30 10:39:00
OP110113,W0227,Mornng,C,6.0,2.0,2025-03-31 12:33:00
OP110114,W0303,Mornng,C,35.0,1.0,2025-04-04 15:03:00
OP110115,W0388,Night,C,37.0,0.0,2025-03-02 07:20:00
OP110116,W0155,,B,29.0,2.0,2025-06-14 19:18:00
OP110117,W0359,Evening,,38.0,1.0,2025-03-30 02:20:00
OP110118,W0301,Night,,14.0,0.0,2025-01-10 04:44:00
OP110119,W0030,Morning,C,19.0,,2025-05-07 19:56:00
OP110120,W0471,,D,28.0,1.0,2025-03-08 00:56:00
OP110121,W0397,,,7.0,0.0,2025-06-17 20:40:00
OP110122,W0460,,E,28.0,2.0,2025-05-16 15:38:00
OP110123,W0245,Night,D,24.0,,2025-04-25 13:51:00
OP110124,W0131,,,2.0,1.0,2025-02-09 21:21:00
OP110125,W0395,,E,25.0,1.0,2025-02-27 06:34:00
OP110126,W0242,Evening,A,28.0,2.0,2025-04-06 13:50:00
OP110127,W0416,Evening,B,8.0,1.0,2025-06-19 23:50:00
OP110128,W0050,Morning,,19.0,0.0,2025-02-22 09:40:00
OP110129,W0370,Morning,B,11.0,,2025-06-12 13:43:00
OP110130,W0464,Night,Z,44.0,1.0,2025-03-07 11:28:00
OP110131,W0239,Night,C,18.0,0.0,2025-03-02 20:29:00
OP110132,W0301,Mornng,E,28.0,,2025-03-17 01:16:00
OP110133,W0047,Mornng,E,24.0,,2025-06-26 00:36:00
OP110134,W0074,,E,16.0,0.0,2025-02-16 04:37:00
OP110135,W0248,Morning,,18.0,1.0,2025-06-06 19:42:00
OP110136,W0078,,C,19.0,2.0,2025-04-24 11:49:00
OP110137,W0063,Mornng,A,47.0,0.0,2025-06-12 23:26:00
OP110138,W0172,,E,37.0,2.0,2025-06-21 12:37:00
OP110139,W0142,Mornng,B,19.0,0.0,2025-03-17 17:01:00
OP110140,W0140,,D,15.0,1.0,2025-03-21 14:42:00
OP110141,W0371,Morning,A,18.0,0.0,2025-03-29 19:21:00
OP110142,W0186,,C,28.0,0.0,2025-02-06 16:54:00
OP110143,W0029,Morning,A,27.0,2.0,2025-02-02 08:32:00
OP110144,W0110,,D,49.0,2.0,2025-03-02 16:36:00
OP110145,W0057,,C,1.0,1.0,2025-01-31 17:57:00
OP110146,W0454,,A,35.0,,2025-05-31 22:35:00
OP110147,W0352,Morning,A,42.0,,2025-03-13 19:13:00
OP110148,W0274,,Z,37.0,,2025-03-07 21:23:00
OP110149,W0224,,C,5.0,2.0,2025-06-21 07:56:00
OP110150,W0293,,,12.0,0.0,2025-02-09 03:05:00
OP110151,W0090,Morning,B,33.0,0.0,2025-01-12 18:19:00
OP110152,W0344,Night,D,4.0,0.0,2025-02-24 14:39:00
OP110153,W0323,,A,8.0,,2025-05-15 12:47:00
OP110154,W0430,Morning,Z,37.0,1.0,2025-05-02 10:21:00
OP110155,W0473,Mornng,Z,49.0,1.0,2025-06-14 16:14:00
OP110156,W0472,,,6.0,2.0,2025-01-31 23:51:00
OP110157,W0040,,Z,22.0,0.0,2025-06-01 13:15:00
OP110158,W0092,Mornng,B,2.0,0.0,2025-06-07 09:50:00
OP110159,W0114,Night,Z,34.0,0.0,2025-05-11 04:38:00
OP110160,W0220,,A,40.0,,2025-06-28 08:48:00
OP110161,W0453,,D,28.0,2.0,2025-02-03 13:07:00
OP110162,W0305,Night,B,27.0,1.0,2025-03-29 20:30:00
OP110163,W0424,Mornng,Z,40.0,1.0,2025-04-11 00:08:00
OP110164,W0396,Evening,C,14.0,,2025-03-28 05:51:00
OP110165,W0200,Night,,,1.0,2025-05-05 22:42:00
OP110166,W0210,Night,D,42.0,,2025-03-01 21:39:00
OP110167,W0182,,Z,36.0,1.0,2025-03-28 09:08:00
OP110168,W0351,Mornng,Z,48.0,0.0,2025-04-22 05:45:00
OP110169,W0338,,C,0.0,1.0,2025-04-04 15:01:00
OP110170,W0423,,Z,22.0,0.0,2025-03-21 13:04:00
OP110171,W0083,Morning,,49.0,1.0,2025-03-27 12:40:00
OP110172,W0024,,D,47.0,0.0,2025-03-21 04:53:00
OP110173,W0086,Night,D,28.0,0.0,2025-04-16 23:59:00
OP110174,W0112,Mornng,,42.0,,2025-01-16 01:21:00
OP110175,W0140,,A,36.0,,2025-01-24 18:34:00
OP110176,W0181,Evening,,44.0,1.0,2025-04-04 12:56:00
OP110177,W0171,Evening,D,13.0,,2025-04-26 08:19:00
OP110178,W0154,Morning,B,14.0,0.0,2025-05-14 23:36:00
OP110179,W0210,Night,,0.0,1.0,2025-01-23 04:04:00
OP110180,W0089,Morning,E,,,2025-02-01 02:27:00
OP110181,W0084,Mornng,E,32.0,0.0,2025-02-13 20:21:00
OP110182,W0397,,E,29.0,,2025-02-26 16:20:00
OP110183,W0298,Evening,E,39.0,0.0,2025-06-13 10:38:00
OP110184,W0131,Morning,E,23.0,2.0,2025-03-15 01:56:00
OP110185,W0332,Evening,B,44.0,,2025-02-11 17:44:00
OP110186,W0447,Evening,D,30.0,0.0,2025-01-03 01:38:00
OP110187,W0379,Morning,Z,45.0,1.0,2025-01-19 08:56:00
OP110188,W0427,,E,39.0,,2025-04-06 00:28:00
OP110189,W0085,,,8.0,2.0,2025-03-04 21:30:00
OP110190,,Mornng,C,48.0,0.0,2025-05-17 10:36:00
OP110191,W0422,,Z,14.0,1.0,2025-04-16 15:43:00
OP110192,W0402,,B,27.0,0.0,2025-02-17 09:37:00
OP110193,W0253,Mornng,E,22.0,0.0,2025-02-12 08:17:00
OP110194,W0040,Morning,E,3.0,,2025-01-04 05:39:00
OP110195,W0376,Night,B,37.0,,2025-02-05 13:01:00
OP110196,W0136,Mornng,B,11.0,1.0,2025-05-31 08:11:00
OP110197,W0356,Night,C,37.0,2.0,2025-05-06 02:27:00
OP110198,W0084,Evening,C,9.0,1.0,2025-01-25 06:56:00
OP110199,W0245,,C,2.0,0.0,2025-04-09 16:45:00
OP110200,W0154,,E,25.0,0.0,2025-04-11 10:46:00
OP110201,W0423,,E,,,2025-03-03 23:56:00
OP110202,W0022,Evening,D,18.0,0.0,2025-05-04 00:47:00
OP110203,W0366,Evening,B,49.0,0.0,2025-01-15 20:39:00
OP110204,W0453,Mornng,,7.0,2.0,2025-01-14 10:53:00
OP110205,W0041,Morning,E,4.0,0.0,2025-03-18 05:56:00
OP110206,W0008,Evening,D,35.0,1.0,2025-03-24 11:22:00
OP110207,W0026,Night,,15.0,1.0,2025-03-16 21:13:00
OP110208,W0432,,Z,10.0,1.0,2025-05-31 17:14:00
OP110209,W0318,,Z,2.0,0.0,2025-03-06 23:21:00
OP110210,W0316,Mornng,,41.0,0.0,2025-05-15 09:11:00
OP110211,W0355,Mornng,C,15.0,2.0,2025-03-23 14:27:00
OP110212,W0280,,C,43.0,0.0,invalid_date
OP110213,W0158,Night,E,18.0,2.0,2025-01-09 21:20:00
OP110214,W0192,,E,22.0,1.0,2025-04-27 20:12:00
OP110215,W0170,Mornng,Z,10.0,,2025-01-30 22:20:00
OP110216,W0307,Night,A,35.0,0.0,2025-02-07 03:37:00
OP110217,W0399,Morning,B,7.0,1.0,2025-06-17 08:54:00
OP110218,W0295,Morning,,45.0,0.0,2025-02-22 05:03:00
OP110219,W0437,Night,Z,29.0,0.0,2025-03-09 19:38:00
OP110220,W0228,Evening,Z,42.0,2.0,2025-01-25 17:33:00
OP110221,W0454,Mornng,,6.0,1.0,2025-05-07 18:45:00
OP110222,W0318,Night,B,45.0,1.0,2025-03-07 05:22:00
OP110223,W0461,Evening,,41.0,2.0,2025-05-22 04:04:00
OP110224,W0209,Morning,E,-5.0,,2025-04-20 02:30:00
OP110225,W0085,,,8.0,2.0,2025-06-24 05:35:00
OP110226,W0086,Evening,B,1.0,1.0,2025-03-06 13:27:00
OP110227,W0436,,A,32.0,0.0,2025-04-21 01:48:00
OP110228,W0214,,A,35.0,2.0,2025-01-04 11:13:00
OP110229,W0169,Morning,D,1.0,,2025-05-19 14:45:00
OP110230,W0093,Morning,A,25.0,1.0,2025-02-21 00:31:00
OP110231,W0471,,C,16.0,0.0,2025-01-25 09:25:00
OP110232,W0347,,Z,5.0,,2025-06-03 17:22:00
OP110233,W0468,,C,,,2025-01-05 08:16:00
OP110234,W0173,,C,7.0,1.0,2025-06-06 06:12:00
OP110235,W0159,Night,,6.0,0.0,2025-03-27 03:36:00
OP110236,W0280,Evening,C,45.0,0.0,2025-04-24 14:34:00
OP110237,W0071,,E,7.0,0.0,2025-04-28 02:04:00
OP110238,W0182,Evening,A,7.0,2.0,2025-04-25 01:48:00
OP110239,W0356,Morning,E,45.0,,2025-06-23 15:31:00
OP110240,W0191,Morning,D,0.0,2.0,2025-06-01 22:29:00
OP110241,W0159,Mornng,A,27.0,0.0,2025-04-18 09:57:00
OP110242,W0308,,C,13.0,2.0,2025-02-02 12:45:00
OP110243,W0096,Night,Z,9.0,1.0,2025-05-14 21:44:00
OP110244,W0457,Mornng,Z,36.0,0.0,2025-03-06 05:52:00
OP110245,W0183,Mornng,B,10.0,0.0,2025-06-28 08:02:00
OP110246,W0015,,Z,25.0,1.0,2025-04-19 18:02:00
OP110247,W0086,Evening,A,29.0,2.0,2025-03-24 07:49:00
OP110248,W0285,Morning,D,36.0,1.0,2025-03-17 22:16:00
OP110249,W0088,Morning,C,17.0,,2025-03-06 04:42:00
OP110250,W0361,,D,36.0,2.0,2025-02-02 13:51:00
OP110251,W0114,,D,19.0,2.0,2025-04-18 22:18:00
OP110252,W0317,,,8.0,2.0,2025-03-11 19:01:00
OP110253,W0017,Evening,,32.0,0.0,2025-06-22 22:27:00
OP110254,W0455,,Z,40.0,2.0,2025-05-17 12:22:00
OP110255,W0256,Evening,,42.0,1.0,2025-05-11 05:25:00
OP110256,W0405,,D,6.0,0.0,2025-06-16 20:57:00
OP110257,W0385,,D,24.0,2.0,2025-06-04 22:10:00
OP110258,W0434,Evening,B,41.0,0.0,2025-01-23 14:30:00
OP110259,W0070,Morning,Z,22.0,1.0,2025-03-13 17:27:00
OP110260,W0021,Evening,B,5.0,2.0,2025-06-14 06:19:00
OP110261,W0083,Mornng,C,23.0,,2025-03-10 21:44:00
OP110262,W0442,Night,A,15.0,0.0,2025-03-15 02:03:00
OP110263,W0138,Mornng,E,,1.0,2025-02-28 19:10:00
OP110264,W0500,Night,Z,1.0,0.0,2025-03-13 00:33:00
OP110265,W0330,Night,B,39.0,2.0,2025-02-09 21:40:00
OP110266,W0198,Night,C,23.0,2.0,2025-03-01 13:06:00
OP110267,W0476,Mornng,A,42.0,,2025-03-09 14:15:00
OP110268,W0306,,,16.0,2.0,2025-04-30 09:48:00
OP110269,W0443,Night,E,28.0,,2025-06-07 13:00:00
OP110270,W0403,,C,38.0,2.0,2025-05-12 17:43:00
OP110271,W0015,,Z,47.0,2.0,2025-01-09 18:02:00
OP110272,W0027,,B,12.0,1.0,2025-05-29 07:08:00
OP110273,W0153,Mornng,A,18.0,0.0,2025-03-06 21:56:00
OP110274,W0166,Mornng,D,42.0,0.0,2025-04-15 21:32:00
OP110275,W0120,,Z,25.0,,2025-02-27 06:12:00
OP110276,W0155,Night,,36.0,2.0,2025-06-24 22:21:00
OP110277,W0366,Mornng,A,3.0,,2025-02-10 03:04:00
OP110278,W0230,,A,6.0,2.0,2025-03-08 03:19:00
OP110279,W0277,Evening,,30.0,0.0,2025-05-27 20:38:00
OP110280,W0095,Evening,E,7.0,1.0,2025-05-03 08:22:00
OP110281,W0139,,B,6.0,0.0,2025-03-03 23:31:00
OP110282,W0416,Night,B,15.0,1.0,2025-06-18 14:38:00
OP110283,W0022,Evening,A,48.0,0.0,2025-06-07 14:55:00
OP110284,W0300,Night,A,25.0,2.0,2025-06-21 06:41:00
OP110285,W0078,,A,38.0,,2025-06-20 06:54:00
OP110286,W0475,Night,B,6.0,2.0,2025-04-27 10:08:00
OP110287,W0347,Morning,E,16.0,0.0,2025-02-22 15:02:00
OP110288,W0146,,A,15.0,0.0,2025-02-24 21:50:00
OP110289,W0450,Mornng,D,27.0,2.0,2025-03-27 22:51:00
OP110290,W0319,Morning,C,3.0,0.0,2025-01-04 03:02:00
OP110291,W0011,,Z,20.0,,2025-04-16 03:02:00
OP110292,W0433,Night,D,45.0,1.0,2025-02-16 08:34:00
OP110293,W0334,,D,5.0,2.0,2025-04-26 13:05:00
OP110294,W0045,Morning,B,19.0,0.0,2025-04-12 01:54:00
OP110295,W0120,,D,40.0,1.0,2025-02-26 22:14:00
OP110296,W0228,Morning,,10.0,1.0,2025-01-12 00:30:00
OP110297,W0034,,C,17.0,0.0,2025-04-15 06:36:00
OP110298,W0284,,C,20.0,1.0,invalid_date
OP110299,W0383,Evening,Z,24.0,0.0,2025-03-11 05:53:00
OP110300,W0410,,C,5.0,,2025-01-18 02:50:00
OP110301,W0166,Morning,Z,43.0,1.0,2025-03-02 13:09:00
OP110302,W0405,Night,E,42.0,2.0,2025-01-25 12:02:00
OP110303,W0220,Morning,Z,20.0,,2025-02-15 05:20:00
OP110304,W0024,Mornng,,6.0,0.0,2025-05-03 02:08:00
OP110305,W0240,Mornng,B,37.0,,2025-04-28 13:25:00
OP110306,W0082,Night,,26.0,0.0,2025-04-17 15:17:00
OP110307,W0420,Evening,D,29.0,,2025-01-16 08:24:00
OP110308,W0077,,D,43.0,2.0,2025-04-14 17:06:00
OP110309,W0136,Mornng,D,2.0,1.0,2025-06-19 14:44:00
OP110310,W0354,,,47.0,0.0,2025-04-14 05:28:00
OP110311,W0252,,,30.0,,2025-02-04 14:48:00
OP110312,W0355,Night,B,13.0,0.0,2025-02-27 07:15:00
OP110313,W0001,Mornng,C,14.0,1.0,2025-01-13 01:31:00
OP110314,W0078,Mornng,A,11.0,2.0,2025-05-25 04:38:00
OP110315,W0477,Mornng,Z,11.0,,2025-06-15 17:00:00
OP110316,W0251,Night,A,18.0,2.0,2025-03-01 17:01:00
OP110317,W0427,Evening,B,30.0,,2025-05-19 00:56:00
OP110318,W0228,,D,9.0,,2025-02-02 23:21:00
OP110319,W0234,Evening,D,33.0,2.0,2025-03-06 03:58:00
OP110320,W0275,,C,6.0,1.0,2025-03-04 02:14:00
OP110321,W0204,,B,28.0,2.0,2025-05-18 01:00:00
OP110322,W0017,,,18.0,0.0,2025-01-09 00:33:00
OP110323,W0056,,C,26.0,,2025-02-07 15:35:00
OP110324,W0234,Morning,,45.0,2.0,2025-06-29 03:37:00
OP110325,W0367,Evening,C,8.0,0.0,2025-06-04 17:00:00
OP110326,W0479,,Z,31.0,0.0,2025-02-25 20:51:00
OP110327,W0352,Evening,E,19.0,2.0,2025-01-09 18:33:00
OP110328,W0019,,Z,25.0,1.0,2025-03-01 21:10:00
OP110329,W0095,,D,-5.0,0.0,2025-02-19 20:06:00
OP110330,W0119,Night,C,18.0,2.0,2025-03-04 16:46:00
OP110331,W0023,Evening,B,-5.0,2.0,2025-05-13 09:59:00
OP110332,W0014,Night,C,17.0,1.0,2025-01-21 22:37:00
OP110333,W0500,,A,20.0,2.0,2025-05-04 12:37:00
OP110334,W0368,Morning,A,39.0,2.0,2025-01-31 13:47:00
OP110335,W0322,,D,5.0,1.0,2025-02-10 06:15:00
OP110336,W0167,,,48.0,,2025-05-30 17:07:00
OP110337,W0031,Evening,B,35.0,1.0,2025-01-21 09:46:00
OP110338,W0338,Night,C,21.0,1.0,2025-05-23 00:58:00
OP110339,W0410,Mornng,C,28.0,0.0,2025-02-20 14:41:00
OP110340,W0402,,D,8.0,0.0,2025-02-16 19:30:00
OP110341,W0372,,D,48.0,2.0,2025-02-15 17:46:00
OP110342,W0119,Morning,C,19.0,,2025-03-10 21:41:00
OP110343,W0391,Morning,C,25.0,2.0,2025-03-27 14:06:00
OP110344,W0269,Morning,B,,,2025-04-16 16:14:00
OP110345,W0203,Evening,E,15.0,0.0,2025-04-14 09:37:00
OP110346,W0371,Night,Z,31.0,1.0,2025-01-26 00:10:00
OP110347,W0232,Night,B,25.0,0.0,2025-05-27 11:31:00
OP110348,W0061,Morning,C,36.0,,2025-04-02 19:26:00
OP110349,W0276,Mornng,C,41.0,0.0,2025-06-12 14:42:00
OP110350,W0042,Morning,,27.0,0.0,2025-05-08 09:50:00
OP110351,W0328,Night,B,41.0,,2025-06-02 22:17:00
OP110352,W0029,Morning,C,10.0,1.0,2025-02-24 01:49:00
OP110353,W0163,Evening,D,36.0,1.0,2025-03-19 09:53:00
OP110354,W0372,Mornng,B,25.0,1.0,2025-04-02 13:31:00
OP110355,W0303,Morning,E,40.0,,2025-02-05 09:59:00
OP110356,W0422,Mornng,D,37.0,1.0,2025-06-23 09:07:00
OP110357,W0327,Morning,,14.0,1.0,2025-03-24 20:03:00
OP110358,W0027,,D,36.0,,2025-04-25 02:57:00
OP110359,W0016,Night,Z,33.0,0.0,2025-05-26 20:05:00
OP110360,W0200,Evening,B,10.0,0.0,invalid_date
OP110361,W0123,Evening,B,45.0,,2025-06-25 06:42:00
OP110362,W0283,Night,E,34.0,1.0,2025-04-04 15:20:00
OP110363,W0274,Mornng,Z,26.0,0.0,2025-02-08 23:00:00
OP110364,W0460,Evening,Z,35.0,0.0,2025-02-12 16:17:00
OP110365,W0492,Night,A,35.0,1.0,2025-06-25 19:10:00
OP110366,W0227,,Z,6.0,2.0,2025-02-25 19:38:00
OP110367,W0213,Evening,E,25.0,,2025-06-18 10:04:00
OP110368,W0329,,C,46.0,2.0,2025-01-23 11:39:00
OP110369,W0412,Morning,E,38.0,,2025-03-18 04:20:00
OP110370,W0151,,B,18.0,0.0,2025-01-19 00:05:00
OP110371,W0442,Night,D,15.0,1.0,2025-03-12 14:11:00
OP110372,W0427,Evening,,8.0,0.0,2025-05-17 12:19:00
OP110373,W0428,Mornng,Z,19.0,,2025-03-05 09:40:00
OP110374,W0073,Night,C,25.0,0.0,2025-02-05 07:28:00
OP110375,W0333,,E,4.0,2.0,2025-06-09 10:35:00
OP110376,W0099,,E,17.0,2.0,2025-01-07 21:50:00
OP110377,W0486,Evening,,21.0,0.0,2025-01-15 22:48:00
OP110378,W0287,Morning,D,35.0,1.0,2025-02-13 18:17:00
OP110379,W0129,,D,28.0,0.0,2025-02-09 19:45:00
OP110380,W0202,,A,47.0,2.0,2025-03-01 16:34:00
OP110381,W0381,Evening,E,11.0,0.0,2025-04-03 02:57:00
OP110382,W0202,,C,23.0,,2025-06-28 09:35:00
OP110383,W0368,Evening,C,34.0,0.0,2025-01-08 08:31:00
OP110384,W0447,Evening,E,31.0,1.0,2025-03-23 22:32:00
OP110385,W0072,Mornng,D,3.0,1.0,2025-06-07 03:11:00
OP110386,W0308,Night,E,42.0,,2025-01-14 04:49:00
OP110387,W0203,,E,20.0,1.0,2025-06-02 00:04:00
OP110388,W0014,Evening,C,-5.0,,2025-04-07 13:08:00
OP110389,W0027,Night,D,36.0,2.0,2025-03-02 20:18:00
OP110390,W0300,,C,43.0,2.0,2025-06-03 12:12:00
OP110391,W0121,Evening,C,23.0,2.0,2025-04-02 09:44:00
OP110392,W0443,Night,A,24.0,0.0,2025-02-22 21:07:00
OP110393,W0303,Night,B,48.0,2.0,2025-06-15 20:59:00
OP110394,W0072,Evening,A,5.0,,2025-05-12 10:54:00
OP110395,W0166,Morning,C,34.0,1.0,2025-06-26 11:09:00
OP110396,W0339,,C,44.0,1.0,2025-03-20 06:44:00
OP110397,W0110,,B,6.0,1.0,2025-04-27 00:44:00
OP110398,W0123,Mornng,A,20.0,,2025-03-20 14:07:00
OP110399,W0159,,A,37.0,,2025-01-27 13:34:00
OP110400,W0028,Mornng,B,8.0,0.0,2025-04-30 04:12:00
OP110401,W0251,,C,5.0,,2025-01-29 08:43:00
OP110402,W0158,Morning,,39.0,0.0,2025-04-28 02:09:00
OP110403,W0378,Night,Z,22.0,,2025-06-28 09:11:00
OP110404,W0440,,E,15.0,2.0,2025-02-11 10:41:00
OP110405,W0190,Mornng,A,19.0,2.0,2025-04-19 03:56:00
OP110406,W0010,Night,E,6.0,1.0,2025-01-27 07:10:00
OP110407,W0426,Mornng,B,16.0,1.0,2025-03-07 10:14:00
OP110408,W0450,Night,Z,49.0,2.0,2025-06-05 22:58:00
OP110409,W0349,Evening,E,28.0,0.0,2025-02-03 13:57:00
OP110410,W0042,,A,37.0,0.0,2025-06-22 13:20:00
OP110411,W0240,Mornng,D,43.0,,2025-04-08 13:53:00
OP110412,W0429,Evening,B,34.0,0.0,2025-01-03 21:51:00
OP110413,W0073,Mornng,B,36.0,,2025-04-28 12:42:00
OP110414,W0233,Mornng,E,12.0,0.0,2025-05-24 03:06:00
OP110415,W0272,Evening,A,18.0,2.0,2025-03-22 09:27:00
OP110416,W0282,Night,E,35.0,0.0,2025-05-07 18:24:00
OP110417,W0322,Morning,A,27.0,1.0,2025-02-22 06:02:00
OP110418,W0401,Night,E,43.0,1.0,2025-02-14 04:10:00
OP110419,W0242,,B,33.0,1.0,2025-02-01 12:50:00
OP110420,W0036,,,,1.0,2025-02-04 23:57:00
OP110421,W0478,Mornng,A,44.0,1.0,2025-04-12 17:27:00
OP110422,W0231,Morning,B,4.0,2.0,2025-02-10 08:01:00
OP110423,W0033,Night,B,39.0,0.0,2025-05-08 13:04:00
OP110424,W0246,Morning,B,0.0,2.0,2025-01-04 12:35:00
OP110425,W0216,Mornng,D,16.0,1.0,2025-02-22 15:40:00
OP110426,W0327,Night,A,7.0,0.0,2025-06-25 18:57:00
OP110427,W0153,,B,47.0,1.0,invalid_date
OP110428,W0282,Evening,C,8.0,,2025-01-19 02:26:00
OP110429,W0095,Night,Z,19.0,1.0,2025-02-07 23:57:00
OP110430,W0017,Night,C,22.0,,2025-06-25 05:16:00
OP110431,W0170,Evening,D,35.0,0.0,2025-05-01 09:35:00
OP110432,W0336,,B,11.0,0.0,2025-06-01 08:13:00
OP110433,W0427,,Z,17.0,1.0,2025-03-22 04:07:00
OP110434,W9999,Night,D,41.0,2.0,2025-06-24 00:16:00
OP110435,W0325,Night,B,21.0,0.0,2025-02-14 19:02:00
OP110436,W0285,,E,19.0,,2025-06-28 13:09:00
OP110437,W0052,Mornng,A,36.0,2.0,2025-01-05 14:21:00
OP110438,W0369,,D,31.0,0.0,2025-05-07 00:45:00
OP110439,W0492,,A,14.0,2.0,2025-05-12 04:13:00
OP110440,W0256,,D,11.0,2.0,2025-06-03 13:53:00
OP110441,W0008,Evening,B,36.0,,2025-02-01 10:41:00
OP110442,W0092,,Z,41.0,0.0,2025-04-11 23:29:00
OP110443,W0266,Morning,E,33.0,1.0,2025-05-24 09:27:00
OP110444,W0392,,D,38.0,1.0,2025-02-27 15:13:00
OP110445,W0325,Mornng,D,48.0,1.0,2025-03-09 03:40:00
OP110446,W0096,Mornng,E,18.0,,2025-03-08 08:08:00
OP110447,W0390,,B,-5.0,,2025-04-09 17:37:00
OP110448,W0095,Morning,,41.0,2.0,2025-02-06 05:08:00
OP110449,W0082,Night,C,19.0,1.0,2025-03-13 11:03:00
OP110450,W0493,Mornng,Z,26.0,2.0,invalid_date
OP110451,W0156,Evening,,45.0,,2025-05-23 08:37:00
OP110452,W0340,Mornng,,42.0,,2025-02-14 18:41:00
OP110453,W0453,Night,,20.0,0.0,2025-05-31 07:03:00
OP110454,W0448,Night,C,27.0,1.0,2025-05-22 19:01:00
OP110455,W0250,Night,A,45.0,0.0,2025-02-28 02:18:00
OP110456,W0229,,,8.0,,2025-04-17 06:44:00
OP110457,W0435,,,34.0,,2025-01-20 11:48:00
OP110458,W0234,Night,C,0.0,,2025-01-19 20:57:00
OP110459,W0362,Night,D,15.0,,2025-01-06 06:33:00
OP110460,W0420,Evening,E,7.0,2.0,2025-01-09 04:50:00
OP110461,W0321,,B,44.0,2.0,2025-02-15 22:28:00
OP110462,W0397,Night,Z,17.0,2.0,2025-06-19 18:44:00
OP110463,W0431,Night,Z,29.0,2.0,2025-03-24 22:39:00
OP110464,W0370,,,41.0,1.0,2025-01-27 11:43:00
OP110465,W0039,Evening,D,1.0,1.0,invalid_date
OP110466,W0182,Morning,A,45.0,1.0,2025-02-02 19:23:00
OP110467,W0461,Evening,C,22.0,2.0,2025-04-20 00:14:00
OP110468,W0160,Mornng,Z,6.0,,2025-01-10 07:44:00
OP110469,W0475,,E,12.0,0.0,2025-06-26 07:21:00
OP110470,W0233,,E,5.0,0.0,2025-05-21 07:16:00
OP110471,W0161,Night,D,12.0,0.0,2025-06-03 10:57:00
OP110472,W0154,,C,26.0,,2025-03-31 18:20:00
OP110473,W0405,Evening,B,19.0,0.0,2025-01-31 09:43:00
OP110474,W0170,Evening,E,4.0,1.0,2025-04-07 07:20:00
OP110475,W0274,,B,2.0,2.0,2025-01-21 12:41:00
OP110476,W0196,,,3.0,0.0,2025-01-20 22:15:00
OP110477,W0380,Evening,A,35.0,2.0,2025-02-27 23:45:00
OP110478,W0204,,,25.0,2.0,2025-04-09 06:53:00
OP110479,W0009,,A,21.0,,2025-06-22 09:04:00
OP110480,W0379,,Z,27.0,0.0,invalid_date
OP110481,W0387,,,45.0,,2025-04-26 18:36:00
OP110482,W0414,Evening,B,2.0,1.0,2025-06-10 18:23:00
OP110483,W0475,Evening,Z,27.0,,2025-04-21 06:24:00
OP110484,W0440,,E,37.0,1.0,2025-06-29 23:13:00
OP110485,W0174,Morning,,32.0,2.0,2025-02-02 18:13:00
OP110486,W0218,Evening,Z,1.0,1.0,2025-04-09 07:37:00
OP110487,W0323,,B,46.0,2.0,2025-02-13 10:13:00
OP110488,W0159,Evening,C,48.0,2.0,2025-03-26 06:43:00
OP110489,W0430,Evening,,20.0,0.0,2025-04-05 15:25:00
OP110490,W0289,,E,,1.0,2025-05-20 03:32:00
OP110491,W0131,Evening,B,38.0,,2025-01-26 03:04:00
OP110492,W0021,Morning,E,36.0,2.0,2025-05-24 07:59:00
OP110493,W0438,Morning,C,49.0,,2025-05-10 11:57:00
OP110494,W0038,Night,A,12.0,1.0,2025-02-02 03:26:00
OP110495,W0448,Night,D,12.0,,2025-06-11 02:44:00
OP110496,W0381,Mornng,,33.0,0.0,2025-04-14 22:02:00
OP110497,W0384,,C,42.0,1.0,2025-05-31 02:55:00
OP110498,W0120,Mornng,C,36.0,,2025-06-21 18:11:00
OP110499,W0040,,,37.0,1.0,2025-03-31 09:59:00
OP110500,W0468,,A,17.0,2.0,2025-03-15 15:22:00
OP110501,W0418,,A,40.0,2.0,2025-03-15 17:48:00
OP110502,W0066,Night,B,1.0,2.0,2025-05-13 20:07:00
OP110503,W0009,,C,44.0,,2025-02-25 11:24:00
OP110504,W0445,Mornng,A,2.0,1.0,2025-01-26 14:46:00
OP110505,W0323,Evening,C,13.0,1.0,2025-02-15 20:16:00
OP110506,W0173,Mornng,A,5.0,2.0,2025-01-31 15:16:00
OP110507,W0070,,C,18.0,0.0,2025-05-02 03:46:00
OP110508,W0296,Mornng,A,21.0,2.0,2025-04-12 02:45:00
OP110509,W0483,Evening,C,10.0,,2025-02-27 16:04:00
OP110510,W0282,Morning,,19.0,0.0,2025-01-19 04:39:00
OP110511,W0473,Mornng,Z,29.0,1.0,2025-05-17 08:24:00
OP110512,W0457,Night,C,19.0,1.0,2025-01-27 00:09:00
OP110513,W0124,Night,C,49.0,2.0,2025-01-17 10:50:00
OP110514,W0348,Morning,,18.0,,2025-03-23 13:36:00
OP110515,W0251,Night,D,29.0,0.0,2025-04-09 23:41:00
OP110516,W0213,Mornng,D,14.0,2.0,2025-06-07 20:13:00
OP110517,W0324,Evening,B,34.0,2.0,2025-04-12 07:38:00
OP110518,W0449,Mornng,D,25.0,1.0,2025-02-10 12:29:00
OP110519,W0098,Morning,E,7.0,1.0,2025-06-23 12:03:00
OP110520,W0260,,E,42.0,0.0,2025-05-13 14:34:00
OP110521,W0139,Morning,A,28.0,2.0,2025-04-20 10:21:00
OP110522,W0213,,E,2.0,1.0,2025-04-23 08:29:00
OP110523,W0448,Night,E,28.0,,2025-01-24 10:42:00
OP110524,W0095,Morning,B,26.0,,2025-04-14 11:07:00
OP110525,W0325,Night,,14.0,,2025-03-24 06:03:00
OP110526,W0220,,A,42.0,2.0,2025-05-11 22:25:00
OP110527,W0046,,A,5.0,2.0,2025-06-01 22:13:00
OP110528,W0341,Evening,Z,42.0,2.0,2025-05-10 18:15:00
OP110529,W0251,Night,B,45.0,2.0,2025-03-02 12:42:00
OP110530,W0438,Morning,E,35.0,,2025-05-04 01:35:00
OP110531,W0127,Evening,C,9.0,0.0,2025-01-10 05:16:00
OP110532,W0290,Night,D,33.0,0.0,2025-04-11 08:42:00
OP110533,W0153,Morning,,34.0,,2025-06-17 15:06:00
OP110534,W0304,,B,10.0,1.0,2025-04-04 16:23:00
OP110535,,Evening,C,,2.0,2025-06-11 17:46:00
OP110536,W0092,,E,14.0,1.0,2025-01-28 19:28:00
OP110537,W0145,,C,8.0,,2025-04-15 18:23:00
OP110538,W0248,Night,D,2.0,0.0,2025-02-24 18:06:00
OP110539,W0292,Morning,E,40.0,1.0,2025-02-03 08:27:00
OP110540,W0062,,D,21.0,0.0,2025-06-20 01:58:00
OP110541,W0331,Morning,B,48.0,,2025-06-18 16:53:00
OP110542,W0400,Night,,26.0,2.0,2025-02-24 23:05:00
OP110543,W0001,Night,E,25.0,0.0,2025-03-18 11:32:00
OP110544,W0348,Night,B,21.0,2.0,2025-05-22 04:25:00
OP110545,W0384,Mornng,E,36.0,2.0,invalid_date
OP110546,W0121,Morning,B,32.0,2.0,2025-05-17 01:11:00
OP110547,W0158,Morning,D,6.0,2.0,2025-02-15 18:59:00
OP110548,W0081,,A,29.0,,2025-01-21 06:21:00
OP110549,W0356,Evening,C,23.0,2.0,2025-06-18 07:11:00
OP110550,W0086,,B,42.0,0.0,2025-05-16 23:07:00
OP110551,W0420,Night,E,33.0,0.0,2025-03-10 10:06:00
OP110552,W0115,Night,E,36.0,0.0,2025-06-20 08:03:00
OP110553,W0425,Mornng,Z,18.0,2.0,2025-02-18 04:17:00
OP110554,W0124,Night,,,,2025-03-14 04:04:00
OP110555,W0064,Mornng,C,11.0,1.0,2025-06-20 23:57:00
OP110556,W0442,,D,7.0,0.0,2025-01-05 05:35:00
OP110557,W0187,,Z,-5.0,0.0,2025-04-18 22:35:00
OP110558,W0165,Mornng,D,40.0,0.0,2025-06-16 12:31:00
OP110559,W0356,,Z,48.0,1.0,2025-03-22 00:28:00
OP110560,W0107,Evening,Z,2.0,2.0,2025-01-27 18:17:00
OP110561,W0493,,,43.0,2.0,2025-04-19 15:59:00
OP110562,W0496,,Z,33.0,2.0,2025-02-17 07:10:00
OP110563,W0330,,Z,38.0,2.0,2025-02-25 03:16:00
OP110564,W0500,,C,31.0,1.0,2025-02-03 08:41:00
OP110565,W0467,,A,46.0,1.0,2025-02-24 07:01:00
OP110566,,,A,21.0,2.0,2025-01-05 08:47:00
OP110567,W0307,,Z,10.0,2.0,2025-05-20 13:22:00
OP110568,W0025,,B,41.0,1.0,2025-06-08 04:27:00
OP110569,W0159,Mornng,E,37.0,,2025-02-03 20:18:00
OP110570,W0479,Evening,B,47.0,0.0,2025-01-09 03:54:00
OP110571,W0485,Evening,C,10.0,1.0,2025-02-13 14:23:00
OP110572,W0455,Night,D,27.0,1.0,2025-01-05 10:34:00
OP110573,W0461,Evening,E,46.0,,2025-02-10 01:36:00
OP110574,W0431,,E,18.0,,2025-03-06 07:44:00
OP110575,W0293,Evening,D,28.0,1.0,2025-02-27 04:21:00
OP110576,W0243,Night,,16.0,2.0,2025-01-06 04:36:00
OP110577,W0393,Mornng,,11.0,1.0,2025-04-27 16:53:00
OP110578,W0449,Night,B,49.0,0.0,2025-01-11 15:40:00
OP110579,W0095,Morning,A,15.0,0.0,2025-02-08 05:19:00
OP110580,W0422,,A,26.0,2.0,2025-06-21 10:17:00
OP110581,W0309,,E,29.0,1.0,2025-05-19 00:34:00
OP110582,W0113,Mornng,E,45.0,2.0,2025-02-22 09:21:00
OP110583,W0079,,D,42.0,,2025-05-22 23:27:00
OP110584,W0422,,Z,41.0,2.0,2025-04-21 10:06:00
OP110585,W0447,Night,,10.0,,invalid_date
OP110586,W0297,,B,47.0,1.0,2025-01-03 23:47:00
OP110587,W0481,Night,B,8.0,1.0,2025-06-16 12:28:00
OP110588,W0252,Morning,C,18.0,0.0,2025-06-18 18:22:00
OP110589,W0466,Evening,C,22.0,0.0,2025-06-02 03:51:00
OP110590,W0035,Morning,,45.0,1.0,2025-03-10 01:39:00
OP110591,,Evening,,30.0,,2025-04-23 12:13:00
OP110592,W0337,Evening,A,39.0,2.0,2025-05-11 21:38:00
OP110593,W0139,Morning,A,15.0,2.0,2025-01-07 17:06:00
OP110594,W0044,Evening,D,,,2025-05-31 15:54:00
OP110595,W0337,Night,D,49.0,2.0,2025-06-13 00:21:00
OP110596,W0451,,A,33.0,,2025-06-09 10:08:00
OP110597,W0127,Evening,B,37.0,2.0,2025-03-25 22:49:00
OP110598,W0101,Mornng,A,31.0,,2025-03-09 13:49:00
OP110599,W0394,Morning,C,6.0,2.0,2025-02-19 19:02:00
OP110600,W0192,,Z,29.0,2.0,2025-04-19 21:04:00
OP110601,W0069,Night,B,28.0,1.0,2025-06-20 13:11:00
OP110602,W0033,Evening,B,40.0,2.0,2025-01-24 10:22:00
OP110603,W0063,Morning,B,35.0,0.0,2025-02-15 19:25:00
OP110604,W0298,,B,11.0,1.0,2025-03-03 03:34:00
OP110605,W0374,,A,46.0,0.0,2025-01-03 01:13:00
OP110606,W0302,,C,23.0,0.0,2025-01-10 13:41:00
OP110607,W0109,Night,Z,28.0,2.0,2025-04-25 05:08:00
OP110608,W0218,,B,24.0,1.0,2025-04-02 01:49:00
OP110609,W0291,,Z,5.0,1.0,2025-04-10 11:49:00
OP110610,W0446,Evening,B,10.0,1.0,2025-02-28 05:18:00
OP110611,W0035,Mornng,A,43.0,2.0,2025-03-07 08:03:00
OP110612,W0386,Night,B,7.0,,2025-06-05 05:10:00
OP110613,W0179,Night,D,47.0,,2025-03-07 15:57:00
OP110614,W0496,,C,26.0,,2025-01-08 12:32:00
OP110615,W0173,Morning,D,49.0,,2025-06-26 07:07:00
OP110616,W0387,Evening,D,1.0,,2025-01-27 01:53:00
OP110617,W0183,Night,A,9.0,,2025-02-22 08:53:00
OP110618,W0226,,E,40.0,0.0,2025-01-11 10:49:00
OP110619,W0095,Night,A,49.0,0.0,2025-01-01 17:43:00
OP110620,W0353,Night,C,10.0,,2025-04-10 03:40:00
OP110621,W0267,Morning,,14.0,1.0,2025-01-03 21:48:00
OP110622,W0124,Night,D,16.0,1.0,2025-03-26 08:54:00
OP110623,W0226,Morning,E,1.0,0.0,2025-04-09 13:57:00
OP110624,W0020,,,9.0,1.0,2025-06-03 13:15:00
OP110625,W0404,Mornng,E,39.0,2.0,2025-01-24 22:38:00
OP110626,W0191,Mornng,B,46.0,,2025-03-08 10:05:00
OP110627,W0337,Evening,C,34.0,1.0,2025-01-19 11:18:00
OP110628,W0409,Night,A,-5.0,1.0,2025-03-15 23:27:00
OP110629,W0010,Morning,A,3.0,,2025-06-05 07:23:00
OP110630,W0251,,C,30.0,0.0,2025-06-09 00:33:00
OP110631,W0001,Evening,B,30.0,2.0,2025-03-10 11:28:00
OP110632,W0288,Morning,Z,49.0,0.0,2025-01-31 18:36:00
OP110633,W0189,,B,4.0,2.0,2025-01-25 15:33:00
OP110634,W0346,Evening,B,19.0,0.0,2025-03-16 00:09:00
OP110635,W0484,Evening,E,42.0,1.0,2025-04-26 03:26:00
OP110636,W0305,Evening,B,45.0,2.0,2025-06-12 11:19:00
OP110637,W0006,,A,24.0,0.0,2025-03-22 12:52:00
OP110638,W0097,,A,3.0,1.0,2025-05-10 21:17:00
OP110639,W0076,Night,D,43.0,0.0,invalid_date
OP110640,W0179,Night,,33.0,0.0,2025-05-30 15:16:00
OP110641,W0235,Morning,D,48.0,0.0,2025-01-20 11:33:00
OP110642,W0237,Morning,E,41.0,2.0,2025-03-18 04:41:00
OP110643,W0486,Night,C,34.0,,2025-02-13 01:27:00
OP110644,W0128,Night,B,35.0,0.0,2025-03-07 10:03:00
OP110645,W0380,,A,22.0,1.0,2025-02-26 19:37:00
OP110646,W0349,Night,E,14.0,0.0,2025-04-01 23:38:00
OP110647,W0059,Morning,C,31.0,,2025-04-07 14:07:00
OP110648,W0345,Morning,,40.0,,2025-03-18 16:01:00
OP110649,W0014,,E,32.0,2.0,2025-02-05 23:17:00
OP110650,W0318,Morning,C,36.0,2.0,2025-03-23 07:03:00
OP110651,W0102,Morning,C,7.0,,2025-01-25 19:11:00
OP110652,W0452,Mornng,B,35.0,1.0,2025-04-27 10:35:00
OP110653,W0488,,Z,37.0,1.0,2025-05-31 11:54:00
OP110654,W0242,Night,B,21.0,,2025-05-02 05:03:00
OP110655,W0134,Evening,B,47.0,0.0,2025-04-27 10:29:00
OP110656,W0161,,B,47.0,,2025-04-03 17:41:00
OP110657,W0084,Night,E,24.0,2.0,2025-05-19 00:46:00
OP110658,W0348,Night,Z,47.0,0.0,2025-01-24 21:28:00
OP110659,W0296,,D,35.0,0.0,2025-02-21 21:46:00
OP110660,W0186,Evening,C,27.0,,2025-01-20 02:16:00
OP110661,W0059,Mornng,E,40.0,2.0,2025-02-15 23:12:00
OP110662,W0328,Mornng,E,20.0,2.0,2025-02-14 11:00:00
OP110663,W0142,Mornng,A,41.0,1.0,2025-02-02 16:40:00
OP110664,W0390,Night,Z,34.0,0.0,2025-04-26 19:22:00
OP110665,W0152,Morning,C,45.0,,2025-06-26 05:59:00
OP110666,W0331,Evening,,18.0,2.0,2025-03-26 12:09:00
OP110667,W0411,Morning,D,17.0,0.0,2025-02-23 12:24:00
OP110668,W0347,Night,,25.0,1.0,2025-05-07 19:28:00
OP110669,W0150,Mornng,C,34.0,2.0,2025-01-17 09:09:00
OP110670,W0237,Evening,E,16.0,0.0,2025-04-07 22:23:00
OP110671,W0356,Mornng,Z,39.0,0.0,2025-04-12 15:03:00
OP110672,W0342,,B,20.0,2.0,2025-01-25 23:33:00
OP110673,W0460,Morning,E,8.0,,2025-01-12 13:19:00
OP110674,W0371,,B,1.0,,2025-05-11 22:32:00
OP110675,W0036,Mornng,A,20.0,2.0,2025-02-07 07:34:00
OP110676,W0233,Night,D,44.0,,2025-06-12 07:37:00
OP110677,W0040,,E,26.0,2.0,2025-04-19 22:25:00
OP110678,W0032,Evening,E,32.0,0.0,2025-04-27 06:21:00
OP110679,W0245,Evening,E,44.0,,2025-02-20 16:37:00
OP110680,W0355,,E,35.0,0.0,2025-05-27 09:59:00
OP110681,W0180,Mornng,A,30.0,2.0,2025-02-21 20:23:00
OP110682,W0351,Evening,D,24.0,,2025-02-04 14:38:00
OP110683,W0223,,C,16.0,,2025-01-15 20:13:00
OP110684,W0058,Morning,E,49.0,1.0,2025-06-01 22:36:00
OP110685,W0399,,C,38.0,2.0,2025-01-14 21:03:00
OP110686,W0334,,C,4.0,2.0,2025-05-27 07:40:00
OP110687,W0353,Mornng,Z,0.0,2.0,2025-01-12 04:02:00
OP110688,W0412,,C,14.0,0.0,2025-03-27 07:15:00
OP110689,W0301,,D,20.0,2.0,2025-06-11 02:17:00
OP110690,W0212,Mornng,B,44.0,0.0,2025-03-19 21:27:00
OP110691,W0281,Mornng,,,,2025-03-14 21:27:00
OP110692,W0257,,B,15.0,0.0,invalid_date
OP110693,W0340,Evening,B,30.0,,2025-03-24 19:28:00
OP110694,W0289,,B,44.0,1.0,2025-04-27 11:29:00
OP110695,W0414,Evening,D,7.0,2.0,2025-01-03 03:57:00
OP110696,W0012,Night,,33.0,0.0,2025-04-14 02:05:00
OP110697,W0448,,D,26.0,,2025-05-26 01:23:00
OP110698,W0260,Mornng,,18.0,,invalid_date
OP110699,W0465,Night,A,13.0,0.0,2025-06-26 16:15:00
OP110700,W0293,Evening,D,24.0,,2025-02-19 06:52:00
OP110701,W0247,Morning,E,47.0,0.0,2025-04-25 14:50:00
OP110702,W0235,Morning,Z,9.0,1.0,2025-03-25 09:07:00
OP110703,W0242,,C,10.0,2.0,2025-05-21 04:49:00
OP110704,W0262,Night,C,1.0,1.0,2025-03-01 12:20:00
OP110705,W0450,,C,25.0,0.0,2025-04-03 04:15:00
OP110706,W0293,Mornng,E,21.0,0.0,2025-06-28 16:01:00
OP110707,W0434,Morning,B,15.0,0.0,2025-06-05 00:47:00
OP110708,W0199,Evening,B,44.0,0.0,2025-01-26 10:06:00
OP110709,W0255,,D,33.0,1.0,2025-01-24 09:16:00
OP110710,W0226,,D,47.0,0.0,2025-01-23 11:44:00
OP110711,W0239,Evening,B,29.0,1.0,2025-06-13 06:19:00
OP110712,W0161,Morning,Z,21.0,0.0,2025-01-12 10:12:00
OP110713,W0212,,D,43.0,0.0,2025-01-31 06:09:00
OP110714,W0049,,,29.0,,2025-04-01 18:00:00
OP110715,W0280,,,46.0,0.0,2025-05-02 02:40:00
OP110716,W0045,Night,D,5.0,2.0,2025-01-09 20:37:00
OP110717,W0278,,E,34.0,,2025-02-03 00:00:00
OP110718,W0115,,D,47.0,,2025-03-19 19:59:00
OP110719,W0148,,A,6.0,1.0,2025-06-03 06:59:00
OP110720,W0345,,E,49.0,2.0,2025-03-30 15:17:00
OP110721,W0202,,C,48.0,1.0,2025-02-11 18:14:00
OP110722,W0478,,,16.0,0.0,2025-04-06 11:58:00
OP110723,W0426,Mornng,B,39.0,0.0,2025-04-25 15:28:00
OP110724,W0022,,,43.0,2.0,2025-03-10 13:35:00
OP110725,W0363,,,21.0,0.0,2025-04-27 01:06:00
OP110726,W0342,Night,D,11.0,,2025-06-03 13:50:00
OP110727,W0220,,,9.0,2.0,2025-04-16 08:37:00
OP110728,W0265,Morning,D,17.0,0.0,2025-04-03 03:12:00
OP110729,W0045,Morning,A,14.0,0.0,2025-04-07 04:51:00
OP110730,W0189,,,47.0,0.0,2025-01-15 07:54:00
OP110731,W0195,Morning,D,49.0,2.0,2025-04-09 02:38:00
OP110732,W0093,Morning,Z,24.0,0.0,2025-04-17 05:21:00
OP110733,W0156,Morning,D,6.0,,2025-04-26 06:21:00
OP110734,W0354,Mornng,C,25.0,,2025-03-27 03:42:00
OP110735,W0153,Morning,A,3.0,2.0,2025-03-01 02:25:00
OP110736,W0172,Evening,Z,6.0,0.0,2025-01-17 21:46:00
OP110737,W0167,Evening,C,15.0,,2025-05-30 02:55:00
OP110738,W0485,,C,,0.0,2025-01-04 06:15:00
OP110739,W0435,,D,28.0,0.0,2025-04-16 10:11:00
OP110740,W0378,Night,D,40.0,,2025-03-14 18:03:00
OP110741,W0339,,Z,15.0,0.0,2025-01-09 00:01:00
OP110742,W0468,Evening,C,29.0,0.0,2025-06-07 22:33:00
OP110743,W0122,Evening,C,34.0,2.0,2025-06-05 18:38:00
OP110744,W0054,Morning,D,46.0,1.0,2025-04-20 16:08:00
OP110745,W0169,Night,B,24.0,1.0,2025-03-20 11:51:00
OP110746,W0259,,D,31.0,,2025-02-24 23:30:00
OP110747,W0237,Morning,D,36.0,0.0,2025-01-05 12:27:00
OP110748,W0114,Evening,C,1.0,2.0,2025-03-13 08:57:00
OP110749,W0013,Mornng,,42.0,1.0,2025-01-31 21:22:00
OP110750,W0283,Evening,Z,21.0,0.0,2025-06-28 20:35:00
OP110751,W0304,Night,D,26.0,0.0,2025-02-07 23:02:00
OP110752,W0242,Morning,E,12.0,2.0,2025-06-09 21:20:00
OP110753,W0369,,E,34.0,2.0,2025-02-20 15:32:00
OP110754,W0458,,C,20.0,,2025-03-17 23:12:00
OP110755,W0309,,A,,2.0,2025-02-08 08:43:00
OP110756,W0053,Night,D,40.0,1.0,2025-04-14 12:01:00
OP110757,W0142,,A,36.0,2.0,2025-05-29 07:28:00
OP110758,W0227,Evening,Z,11.0,,2025-04-25 01:44:00
OP110759,W0258,Morning,A,7.0,2.0,2025-03-30 11:40:00
OP110760,W0215,Evening,B,12.0,2.0,2025-03-24 20:42:00
OP110761,W0438,,,11.0,,2025-05-23 09:36:00
OP110762,W0409,Night,E,32.0,0.0,2025-03-27 19:09:00
OP110763,W0274,,B,7.0,,2025-01-11 13:50:00
OP110764,W0396,,C,5.0,0.0,2025-01-30 11:19:00
OP110765,W0203,,A,9.0,0.0,2025-04-22 23:43:00
OP110766,W0244,Evening,D,26.0,2.0,2025-01-11 01:02:00
OP110767,W0309,Night,C,39.0,2.0,2025-03-14 19:11:00
OP110768,W0003,,Z,21.0,0.0,2025-05-26 19:34:00
OP110769,W0384,Evening,,33.0,,2025-02-17 23:37:00
OP110770,W0364,,A,32.0,1.0,2025-01-22 11:04:00
OP110771,W0326,,,42.0,,2025-02-05 16:01:00
OP110772,W0466,Evening,Z,21.0,0.0,2025-06-29 02:43:00
OP110773,W0057,Evening,E,41.0,1.0,2025-04-08 05:40:00
OP110774,W0407,Night,B,27.0,2.0,2025-06-01 02:13:00
OP110775,W0164,,B,47.0,1.0,invalid_date
OP110776,W0008,,A,46.0,,2025-04-01 19:26:00
OP110777,,,Z,34.0,,2025-03-16 20:26:00
OP110778,W0452,Evening,Z,26.0,1.0,2025-01-03 05:34:00
OP110779,W0497,,C,35.0,1.0,invalid_date
OP110780,W0032,Mornng,C,24.0,1.0,2025-06-23 09:18:00
OP110781,W0311,,Z,14.0,0.0,2025-05-04 21:18:00
OP110782,W0268,Night,Z,42.0,,2025-04-17 08:19:00
OP110783,W0188,,E,22.0,,2025-05-30 00:16:00
OP110784,W0147,Morning,Z,10.0,,2025-01-16 22:22:00
OP110785,W0116,Night,D,44.0,1.0,2025-05-23 15:05:00
OP110786,W0153,Morning,D,25.0,,2025-04-14 22:59:00
OP110787,W0373,,E,0.0,0.0,2025-06-14 07:56:00
OP110788,W0047,,D,49.0,,2025-05-16 16:40:00
OP110789,W0276,Morning,D,42.0,,2025-05-17 01:15:00
OP110790,W0400,Morning,A,28.0,,2025-05-26 13:52:00
OP110791,W0247,Night,,17.0,1.0,2025-03-24 11:25:00
OP110792,W0394,,C,13.0,2.0,2025-02-27 19:27:00
OP110793,W0117,Night,B,12.0,,2025-05-06 14:05:00
OP110794,W0453,Mornng,E,15.0,,2025-04-08 13:37:00
OP110795,W0238,Mornng,D,1.0,,2025-04-09 02:36:00
OP110796,W0014,Mornng,D,9.0,,2025-01-04 17:56:00
OP110797,W0241,,D,17.0,,2025-03-12 11:19:00
OP110798,W0071,,,4.0,2.0,2025-04-08 13:46:00
OP110799,W0458,Evening,E,41.0,1.0,2025-01-30 05:15:00
OP110800,W0252,Mornng,B,41.0,,2025-03-06 14:59:00
OP110801,W0424,Evening,Z,37.0,0.0,2025-06-04 21:44:00
OP110802,W0359,Night,,42.0,1.0,2025-01-20 21:04:00
OP110803,W0468,,D,,0.0,2025-03-01 00:12:00
OP110804,W0326,Mornng,A,40.0,0.0,2025-02-16 14:10:00
OP110805,W0441,Evening,Z,35.0,2.0,2025-01-24 09:01:00
OP110806,W0014,Evening,C,5.0,0.0,2025-05-06 09:45:00
OP110807,W0140,Mornng,D,23.0,0.0,2025-03-18 00:31:00
OP110808,W0307,Morning,B,10.0,1.0,2025-06-25 05:27:00
OP110809,W0297,Mornng,A,38.0,,2025-05-05 02:34:00
OP110810,W0281,Morning,B,0.0,0.0,2025-06-28 09:46:00
OP110811,W0101,Evening,D,33.0,2.0,2025-04-24 16:10:00
OP110812,W0327,Mornng,D,24.0,2.0,2025-02-24 00:15:00
OP110813,W0027,,Z,45.0,2.0,2025-02-20 15:49:00
OP110814,W0175,Mornng,E,7.0,1.0,2025-04-18 16:44:00
OP110815,W0122,,C,47.0,,2025-01-14 05:58:00
OP110816,W0019,,D,49.0,1.0,2025-05-04 22:24:00
OP110817,W0370,Mornng,,24.0,1.0,2025-01-25 09:58:00
OP110818,W0011,,Z,43.0,2.0,2025-01-03 05:32:00
OP110819,W0155,Morning,Z,-5.0,,2025-05-15 14:05:00
OP110820,W0127,Evening,E,26.0,1.0,2025-06-13 17:05:00
OP110821,W0090,Mornng,B,5.0,0.0,2025-02-18 01:26:00
OP110822,W0363,,D,39.0,1.0,2025-03-08 16:04:00
OP110823,W0253,Evening,Z,32.0,2.0,2025-03-10 13:54:00
OP110824,W0500,Morning,C,31.0,,2025-01-14 05:05:00
OP110825,W0473,Mornng,Z,,0.0,invalid_date
OP110826,W0336,Night,,2.0,1.0,2025-04-28 08:22:00
OP110827,W0076,Evening,E,31.0,0.0,2025-05-29 10:03:00
OP110828,W0050,Mornng,B,28.0,,2025-02-17 01:16:00
OP110829,W0173,Morning,A,25.0,0.0,2025-04-18 04:57:00
OP110830,W0003,Mornng,C,-5.0,2.0,2025-05-02 19:06:00
OP110831,W0328,Morning,,49.0,1.0,2025-06-26 04:52:00
OP110832,W0239,Morning,Z,43.0,,2025-03-17 10:23:00
OP110833,W0217,,C,19.0,1.0,2025-04-08 20:39:00
OP110834,W0401,,Z,10.0,2.0,2025-05-11 01:24:00
OP110835,W0334,,C,48.0,1.0,2025-04-26 15:08:00
OP110836,W0369,Evening,C,40.0,0.0,2025-06-23 05:54:00
OP110837,W0369,Night,B,33.0,2.0,2025-05-20 01:14:00
OP110838,W0026,Night,D,22.0,0.0,2025-01-27 22:47:00
OP110839,W0298,,A,35.0,2.0,2025-02-26 13:44:00
OP110840,W0025,,B,44.0,1.0,2025-05-29 13:20:00
OP110841,W0331,Evening,A,37.0,0.0,2025-01-26 00:58:00
OP110842,W0251,,C,25.0,1.0,2025-05-09 11:15:00
OP110843,W0439,Night,A,9.0,2.0,2025-05-10 17:32:00
OP110844,W0199,,Z,2.0,0.0,2025-03-15 01:49:00
OP110845,W0043,,B,31.0,1.0,2025-01-18 16:46:00
OP110846,W0451,,,35.0,0.0,2025-02-26 13:35:00
OP110847,W0124,Evening,,4.0,2.0,2025-04-09 12:24:00
OP110848,W0377,,C,38.0,2.0,2025-05-29 11:06:00
OP110849,W0087,,E,21.0,0.0,2025-06-13 10:51:00
OP110850,W0031,,A,4.0,0.0,2025-05-21 14:31:00
OP110851,W0445,Evening,C,29.0,,2025-06-21 20:03:00
OP110852,W0087,Evening,B,26.0,,2025-01-25 18:53:00
OP110853,W0264,,,7.0,,2025-06-28 03:25:00
OP110854,W0467,Night,C,19.0,1.0,2025-06-06 06:09:00
OP110855,W0285,Night,,21.0,,2025-05-24 14:13:00
OP110856,W0083,Morning,B,49.0,0.0,2025-01-14 08:29:00
OP110857,W0300,Evening,,34.0,0.0,2025-02-13 22:04:00
OP110858,W0060,Mornng,C,16.0,,2025-02-09 12:43:00
OP110859,W0115,Evening,A,25.0,,2025-05-29 00:02:00
OP110860,W0106,Night,C,11.0,0.0,invalid_date
OP110861,W0310,Evening,,27.0,1.0,2025-06-19 20:41:00
OP110862,W0150,,,20.0,1.0,2025-03-31 14:37:00
OP110863,W0040,,,43.0,1.0,2025-06-18 19:54:00
OP110864,W0096,Morning,B,4.0,,2025-01-26 00:16:00
OP110865,W0224,,Z,37.0,,2025-06-10 12:13:00
OP110866,W0094,,D,13.0,2.0,2025-02-19 05:30:00
OP110867,W0064,,,9.0,,2025-05-01 13:50:00
OP110868,W0139,Morning,,10.0,2.0,2025-04-18 19:35:00
OP110869,W0029,Morning,C,35.0,,2025-05-15 08:47:00
OP110870,W0437,,D,,2.0,2025-01-31 00:30:00
OP110871,W0051,Morning,Z,3.0,1.0,2025-03-13 15:47:00
OP110872,W0248,,Z,32.0,,2025-04-29 01:17:00
OP110873,W0288,Night,B,24.0,2.0,2025-01-11 11:38:00
OP110874,W0155,Night,D,18.0,,2025-02-13 09:28:00
OP110875,W0423,Evening,B,47.0,2.0,2025-04-30 20:21:00
OP110876,W0417,,C,2.0,1.0,2025-06-29 11:17:00
OP110877,W0383,Morning,E,46.0,,invalid_date
OP110878,W0265,Night,,14.0,,2025-03-02 07:54:00
OP110879,W0442,Evening,B,3.0,0.0,2025-03-22 21:55:00
OP110880,W0431,Night,A,44.0,0.0,2025-06-22 15:02:00
OP110881,W0162,Mornng,A,16.0,1.0,2025-03-12 01:51:00
OP110882,W0298,Night,D,1.0,1.0,2025-05-05 13:45:00
OP110883,W0401,Morning,B,35.0,0.0,2025-01-05 07:37:00
OP110884,W0073,,Z,34.0,0.0,2025-02-06 02:18:00
OP110885,W0024,Morning,Z,47.0,,2025-01-06 13:37:00
OP110886,W0047,Evening,B,,1.0,2025-01-12 01:24:00
OP110887,W0357,Morning,Z,2.0,0.0,2025-01-21 04:33:00
OP110888,W0382,Evening,D,25.0,1.0,2025-01-26 13:23:00
OP110889,W0318,,B,46.0,1.0,2025-02-12 00:55:00
OP110890,W0247,Night,A,3.0,,2025-02-15 12:50:00
OP110891,W0231,,B,10.0,0.0,2025-02-24 03:22:00
OP110892,W0118,,,7.0,1.0,2025-01-17 03:12:00
OP110893,W0324,,E,34.0,1.0,2025-06-16 13:15:00
OP110894,W0256,Evening,D,3.0,2.0,2025-06-09 18:08:00
OP110895,W0131,Evening,E,34.0,1.0,2025-05-02 14:52:00
OP110896,W0321,Mornng,D,42.0,,2025-04-08 14:27:00
OP110897,W0211,,D,40.0,,2025-03-27 08:24:00
OP110898,W0200,Morning,C,12.0,2.0,2025-05-23 04:59:00
OP110899,W0436,Evening,E,38.0,0.0,2025-03-05 04:55:00
OP110900,W0217,Mornng,Z,4.0,1.0,2025-01-28 07:07:00
OP110901,W0479,Night,A,8.0,0.0,2025-01-26 20:38:00
OP110902,W0191,Evening,,30.0,2.0,2025-02-22 08:53:00
OP110903,W0390,Morning,B,34.0,,2025-04-10 14:44:00
OP110904,W0257,Evening,E,44.0,0.0,2025-01-12 08:57:00
OP110905,W0049,,C,44.0,2.0,2025-06-23 16:00:00
OP110906,W0304,Night,B,17.0,,2025-03-04 06:30:00
OP110907,W0308,Mornng,A,39.0,0.0,2025-01-03 13:43:00
OP110908,W0432,,C,47.0,2.0,2025-04-22 22:33:00
OP110909,W0372,,,13.0,2.0,2025-01-09 16:25:00
OP110910,W0393,Evening,B,34.0,,2025-05-01 19:14:00
OP110911,W0203,Evening,B,-5.0,1.0,2025-06-12 05:54:00
OP110912,W0499,Evening,,27.0,,2025-01-11 22:35:00
OP110913,W0047,Mornng,D,17.0,,2025-04-15 07:49:00
OP110914,W0085,Night,B,2.0,0.0,2025-02-20 01:21:00
OP110915,W0047,Mornng,A,45.0,0.0,2025-02-18 05:52:00
OP110916,W0206,,B,48.0,2.0,2025-03-24 03:50:00
OP110917,W0108,Mornng,,35.0,2.0,2025-02-25 02:55:00
OP110918,W0469,,,12.0,2.0,2025-03-05 23:00:00
OP110919,W0290,Night,B,20.0,0.0,2025-06-21 22:02:00
OP110920,W9999,,E,27.0,,2025-05-31 04:37:00
OP110921,W0381,Evening,D,48.0,2.0,2025-04-20 21:30:00
OP110922,W0462,Morning,,10.0,0.0,2025-06-18 13:56:00
OP110923,W0234,,C,1.0,0.0,2025-04-09 17:09:00
OP110924,W0225,Mornng,,31.0,0.0,2025-06-28 03:25:00
OP110925,W0438,Evening,Z,29.0,,2025-03-15 16:00:00
OP110926,W0299,Night,C,11.0,1.0,2025-03-09 20:09:00
OP110927,W0055,Mornng,C,28.0,2.0,2025-03-12 20:54:00
OP110928,W0200,Morning,Z,9.0,0.0,2025-01-09 13:22:00
OP110929,W0180,Mornng,B,48.0,0.0,2025-06-10 11:26:00
OP110930,W0465,Morning,B,49.0,0.0,2025-01-09 07:17:00
OP110931,W0427,Night,C,2.0,2.0,2025-05-29 16:56:00
OP110932,W0132,Morning,A,42.0,,2025-03-19 03:48:00
OP110933,W0222,Mornng,,41.0,0.0,2025-02-10 23:43:00
OP110934,W0429,,A,10.0,1.0,2025-03-21 09:38:00
OP110935,W0203,,Z,20.0,0.0,2025-02-14 22:36:00
OP110936,W0217,Mornng,E,48.0,2.0,2025-01-06 02:17:00
OP110937,W0011,Morning,D,25.0,,2025-03-10 14:34:00
OP110938,W0181,Mornng,C,8.0,0.0,2025-06-26 20:09:00
OP110939,W0464,,D,17.0,1.0,2025-03-07 17:01:00
OP110940,W0173,Evening,B,43.0,1.0,2025-01-30 01:00:00
OP110941,W0045,Evening,D,26.0,,2025-02-26 03:49:00
OP110942,W0237,,Z,31.0,,2025-04-11 10:33:00
OP110943,W0351,Mornng,Z,39.0,1.0,2025-06-15 00:52:00
OP110944,W0463,Evening,D,42.0,0.0,2025-06-08 02:15:00
OP110945,W0111,Evening,D,29.0,,2025-03-25 15:21:00
OP110946,W0208,Mornng,E,48.0,0.0,2025-03-02 23:24:00
OP110947,W0037,Night,Z,8.0,,2025-05-15 14:36:00
OP110948,W0466,Evening,Z,11.0,,2025-05-23 19:35:00
OP110949,W0285,Mornng,D,4.0,0.0,2025-02-26 18:35:00
OP110950,W0295,,C,2.0,,2025-05-09 05:25:00
OP110951,W0259,,Z,12.0,2.0,2025-02-16 22:18:00
OP110952,W0416,Evening,E,38.0,0.0,2025-02-12 22:43:00
OP110953,W0034,Night,B,26.0,1.0,2025-02-16 14:46:00
OP110954,W0029,,Z,-5.0,1.0,2025-04-06 01:35:00
OP110955,W0215,Morning,C,40.0,1.0,2025-05-20 09:45:00
OP110956,W0222,Night,E,21.0,,2025-05-15 14:57:00
OP110957,W0399,,D,6.0,0.0,2025-06-13 18:41:00
OP110958,W0289,Morning,E,9.0,1.0,2025-05-09 19:35:00
OP110959,W0019,,B,13.0,,2025-04-20 07:02:00
OP110960,W0319,,B,33.0,0.0,2025-05-19 04:31:00
OP110961,W0217,,Z,26.0,,2025-03-18 23:26:00
OP110962,W0462,,Z,21.0,1.0,2025-03-05 06:32:00
OP110963,W0343,,D,9.0,0.0,2025-05-28 03:44:00
OP110964,W0352,Mornng,B,38.0,1.0,2025-04-03 06:01:00
OP110965,W0186,Morning,E,11.0,2.0,2025-02-05 10:55:00
OP110966,W0400,,C,47.0,2.0,2025-05-14 07:51:00
OP110967,W0163,,D,46.0,2.0,2025-04-23 09:19:00
OP110968,W0140,Night,D,36.0,1.0,2025-02-08 01:57:00
OP110969,W0071,Morning,A,26.0,,2025-02-28 16:12:00
OP110970,W0342,,B,10.0,,2025-03-15 10:19:00
OP110971,W0217,Night,Z,34.0,0.0,2025-03-30 12:19:00
OP110972,W0336,,A,28.0,,2025-01-21 17:16:00
OP110973,W0049,Morning,A,26.0,,2025-02-02 10:12:00
OP110974,W0013,Morning,B,40.0,2.0,2025-04-02 12:26:00
OP110975,W0466,,Z,18.0,,2025-05-30 02:31:00
OP110976,W0224,Night,E,33.0,2.0,2025-02-02 21:02:00
OP110977,W0324,Night,C,27.0,2.0,2025-06-04 05:24:00
OP110978,W0477,,Z,38.0,0.0,2025-06-09 20:10:00
OP110979,W0152,Mornng,D,29.0,,2025-02-03 17:48:00
OP110980,W0397,Night,E,8.0,2.0,2025-03-11 05:23:00
OP110981,W0414,Mornng,D,34.0,,2025-05-31 11:01:00
OP110982,W0094,,A,25.0,1.0,2025-04-30 04:18:00
OP110983,W0381,Night,C,48.0,1.0,2025-03-29 02:14:00
OP110984,W0257,Evening,B,9.0,2.0,2025-05-31 10:04:00
OP110985,W0242,,A,,1.0,2025-04-01 01:30:00
OP110986,W0146,Morning,A,26.0,1.0,2025-01-11 08:50:00
OP110987,W0095,Mornng,C,49.0,1.0,2025-02-14 14:01:00
OP110988,W0487,Night,C,3.0,0.0,2025-06-26 23:22:00
OP110989,W0046,Evening,C,23.0,,2025-01-09 12:59:00
OP110990,W0447,Night,B,9.0,0.0,2025-05-08 17:17:00
OP110991,W0186,Mornng,Z,22.0,,2025-02-08 17:03:00
OP110992,W0456,Mornng,Z,4.0,,2025-01-30 02:11:00
OP110993,W0409,Night,B,27.0,2.0,2025-01-02 03:09:00
OP110994,W0478,Mornng,A,2.0,1.0,2025-06-14 19:07:00
OP110995,W0227,Morning,Z,7.0,,2025-01-28 08:40:00
OP110996,W0213,Mornng,C,11.0,2.0,2025-04-12 21:37:00
OP110997,W0277,Night,C,36.0,2.0,invalid_date
OP110998,W0292,Morning,E,8.0,1.0,2025-02-11 23:16:00
OP110999,W0413,Evening,B,25.0,,2025-02-12 05:47:00
OP111000,W0443,,A,11.0,0.0,2025-01-16 01:25:00
OP111001,W0287,Night,A,36.0,,2025-02-13 16:20:00
OP111002,W0241,Evening,C,46.0,2.0,2025-02-09 01:50:00
OP111003,W0497,,E,40.0,1.0,2025-04-03 22:34:00
OP111004,W0112,Mornng,,45.0,,2025-02-12 02:48:00
OP111005,W0061,Evening,,20.0,1.0,2025-02-06 03:48:00
OP111006,W0380,Evening,B,5.0,0.0,2025-02-13 14:01:00
OP111007,W0210,,E,35.0,1.0,2025-02-08 21:28:00
OP111008,W0256,Morning,D,31.0,,2025-04-12 08:59:00
OP111009,W0422,Morning,C,40.0,,2025-04-04 08:33:00
OP111010,W0362,Night,B,15.0,2.0,2025-03-06 08:37:00
OP111011,W0433,Morning,Z,43.0,,2025-02-17 16:54:00
OP111012,W0098,Night,D,47.0,1.0,2025-03-02 11:29:00
OP111013,W0288,Morning,D,45.0,2.0,2025-01-15 13:57:00
OP111014,W0113,Evening,,30.0,2.0,2025-03-15 01:05:00
OP111015,W0097,,B,-5.0,,2025-03-16 14:43:00
OP111016,W0341,Mornng,D,7.0,2.0,2025-06-07 20:25:00
OP111017,W0264,,,6.0,2.0,2025-05-27 02:38:00
OP111018,W0113,Evening,D,24.0,,2025-01-22 22:26:00
OP111019,W0028,Night,Z,37.0,0.0,2025-04-22 17:08:00
OP111020,W0380,Mornng,D,18.0,0.0,2025-06-19 22:59:00
OP111021,W0270,Night,,33.0,1.0,2025-06-02 10:18:00
OP111022,W0155,,A,-5.0,1.0,2025-01-08 08:03:00
OP111023,W0009,Evening,D,9.0,1.0,2025-04-30 09:07:00
OP111024,W0215,,E,-5.0,0.0,2025-05-21 07:36:00
OP111025,W0468,Mornng,E,8.0,1.0,2025-06-22 23:14:00
OP111026,W0124,Night,D,48.0,,2025-03-12 13:55:00
OP111027,W0312,Night,E,28.0,1.0,2025-01-17 14:34:00
OP111028,W0324,Morning,D,23.0,0.0,2025-04-20 03:12:00
OP111029,W0247,Evening,C,38.0,,2025-04-15 21:20:00
OP111030,W0320,,Z,,0.0,2025-01-28 16:28:00
OP111031,W0046,,C,45.0,,2025-06-18 00:08:00
OP111032,W0213,,,21.0,1.0,2025-01-25 22:01:00
OP111033,W0155,Night,D,14.0,2.0,2025-06-19 23:41:00
OP111034,W0053,,Z,29.0,1.0,2025-06-05 05:21:00
OP111035,W0114,,B,-5.0,2.0,2025-01-30 19:41:00
OP111036,W0290,,D,25.0,,2025-06-14 00:23:00
OP111037,W0049,,A,12.0,,2025-03-11 01:29:00
OP111038,W0328,Night,B,28.0,0.0,2025-05-10 05:20:00
OP111039,W0372,Night,Z,27.0,2.0,2025-04-05 10:13:00
OP111040,W0065,,C,21.0,,2025-03-11 05:08:00
OP111041,W0032,Evening,,45.0,,2025-06-11 12:28:00
OP111042,W0454,Night,A,48.0,2.0,2025-01-06 15:21:00
OP111043,W0043,Night,,,,2025-05-21 08:33:00
OP111044,W0266,Morning,Z,30.0,1.0,2025-04-19 16:08:00
OP111045,W0127,,C,6.0,1.0,2025-02-28 07:43:00
OP111046,W0004,Mornng,Z,5.0,2.0,2025-01-27 02:56:00
OP111047,W0234,Night,B,33.0,1.0,2025-06-22 09:53:00
OP111048,W0351,,E,32.0,0.0,2025-04-01 01:54:00
OP111049,W0449,Night,Z,35.0,,2025-05-17 10:16:00
OP111050,W0314,,D,33.0,2.0,2025-06-15 22:17:00
OP111051,W0406,,B,34.0,,2025-06-02 16:08:00
OP111052,W0015,,,40.0,2.0,2025-06-26 14:30:00
OP111053,W0186,Mornng,A,38.0,1.0,2025-05-01 03:03:00
OP111054,W0287,Evening,C,5.0,1.0,2025-05-02 15:26:00
OP111055,W0275,,D,11.0,0.0,2025-02-22 12:12:00
OP111056,W0178,Evening,Z,7.0,0.0,2025-06-16 14:28:00
OP111057,W0113,Mornng,E,41.0,1.0,invalid_date
OP111058,W0448,Night,E,31.0,,2025-01-12 02:21:00
OP111059,W0434,Morning,Z,1.0,,2025-02-11 00:29:00
OP111060,W0226,Evening,,29.0,1.0,2025-03-21 14:54:00
OP111061,W0497,Evening,B,6.0,1.0,2025-02-24 06:46:00
OP111062,W0469,Evening,C,23.0,1.0,2025-04-22 14:29:00
OP111063,W0165,Night,Z,,1.0,2025-05-22 01:32:00
OP111064,W0470,Evening,A,14.0,0.0,2025-04-17 08:23:00
OP111065,W0302,Night,D,47.0,,2025-01-16 02:04:00
OP111066,W0247,Evening,E,17.0,1.0,2025-03-12 12:37:00
OP111067,W0299,Morning,E,14.0,,2025-04-19 03:21:00
OP111068,W0272,Evening,D,,,2025-06-23 17:34:00
OP111069,W0339,Mornng,D,30.0,2.0,2025-05-17 10:07:00
OP111070,W0463,Morning,,40.0,2.0,2025-03-25 19:02:00
OP111071,W0190,Morning,C,20.0,,2025-04-09 03:04:00
OP111072,W0145,,C,8.0,0.0,2025-06-20 22:43:00
OP111073,W0300,Mornng,D,46.0,0.0,2025-05-23 23:36:00
OP111074,W0415,,A,27.0,1.0,2025-01-19 18:18:00
OP111075,W0413,Morning,A,30.0,1.0,2025-04-16 17:05:00
OP111076,W0266,Evening,C,1.0,,2025-03-15 10:12:00
OP111077,W0330,Night,B,1.0,0.0,2025-04-25 22:25:00
OP111078,W0372,Evening,Z,32.0,2.0,2025-05-26 19:48:00
OP111079,W0024,Evening,Z,25.0,0.0,2025-01-15 15:52:00
OP111080,W0126,Evening,B,28.0,0.0,2025-01-29 11:45:00
OP111081,W0254,,,48.0,0.0,2025-06-27 16:55:00
OP111082,W0371,Evening,B,28.0,,2025-05-02 10:13:00
OP111083,W0039,Night,D,6.0,2.0,2025-03-16 21:06:00
OP111084,W0354,,,49.0,0.0,2025-05-06 03:51:00
OP111085,W0227,Evening,Z,28.0,2.0,2025-03-11 23:20:00
OP111086,W0437,Morning,A,13.0,,2025-01-13 20:13:00
OP111087,W0431,,B,25.0,2.0,2025-04-18 17:58:00
OP111088,W0030,Mornng,B,39.0,2.0,2025-03-11 14:06:00
OP111089,W0219,Mornng,C,,,2025-01-29 08:51:00
OP111090,W0456,,D,31.0,2.0,2025-02-22 01:49:00
OP111091,W0053,Night,C,10.0,,2025-03-25 17:33:00
OP111092,W0104,,B,46.0,2.0,2025-01-30 14:54:00
OP111093,W0309,Evening,B,33.0,0.0,2025-03-03 17:51:00
OP111094,W0465,Night,D,49.0,0.0,2025-06-14 17:16:00
OP111095,W0308,Morning,D,7.0,,2025-01-01 19:12:00
OP111096,W0407,Evening,,13.0,1.0,2025-01-06 21:00:00
OP111097,W0175,,A,45.0,,2025-03-19 01:55:00
OP111098,W0434,,A,9.0,,2025-02-21 15:56:00
OP111099,W0130,Mornng,D,25.0,,2025-03-18 06:01:00
OP111100,W0042,,D,10.0,,2025-04-02 11:12:00
OP111101,W0485,,A,3.0,1.0,2025-01-08 11:37:00
OP111102,W0421,Night,B,44.0,0.0,2025-02-27 18:48:00
OP111103,W0284,,,46.0,,2025-04-30 04:45:00
OP111104,W0274,Mornng,Z,21.0,0.0,2025-02-10 13:37:00
OP111105,W0235,,C,15.0,2.0,2025-03-29 08:51:00
OP111106,W0265,,Z,35.0,2.0,2025-01-26 10:29:00
OP111107,W0038,Night,A,,1.0,2025-04-04 17:43:00
OP111108,W0480,Mornng,C,23.0,1.0,2025-06-08 22:14:00
OP111109,W0401,Mornng,B,6.0,0.0,2025-03-08 09:52:00
OP111110,W0469,,Z,34.0,1.0,2025-03-07 11:45:00
OP111111,W0489,,,0.0,2.0,2025-06-09 12:10:00
OP111112,W0012,Morning,,29.0,1.0,2025-02-27 11:08:00
OP111113,W0098,Morning,Z,30.0,,2025-05-30 13:14:00
OP111114,W0314,,Z,37.0,2.0,2025-06-08 11:04:00
OP111115,W0458,,B,11.0,2.0,2025-02-07 07:20:00
OP111116,W0202,,A,,1.0,2025-02-22 13:43:00
OP111117,W0064,Mornng,B,42.0,0.0,2025-04-25 12:50:00
OP111118,W0389,,Z,22.0,0.0,2025-02-24 16:46:00
OP111119,W0382,Evening,,42.0,2.0,2025-05-23 20:54:00
OP111120,W0067,Evening,,49.0,2.0,2025-03-18 20:02:00
OP111121,W0221,Morning,E,11.0,0.0,2025-06-25 15:23:00
OP111122,W0087,Morning,,23.0,0.0,2025-06-18 20:38:00
OP111123,W0173,,Z,2.0,2.0,2025-04-25 18:11:00
OP111124,W0279,Evening,Z,27.0,0.0,2025-01-13 09:04:00
OP111125,W0462,,C,0.0,,2025-04-27 19:43:00
OP111126,W0474,Mornng,A,25.0,2.0,2025-05-29 09:47:00
OP111127,W0286,,C,26.0,,2025-03-23 12:45:00
OP111128,W0499,Mornng,B,41.0,,2025-01-12 01:23:00
OP111129,W0333,Morning,C,48.0,,2025-03-22 02:46:00
OP111130,,Evening,E,33.0,0.0,2025-01-25 12:03:00
OP111131,W0351,Mornng,C,42.0,,2025-03-23 09:54:00
OP111132,W0248,,B,28.0,0.0,2025-03-07 23:39:00
OP111133,W0329,,E,4.0,2.0,2025-06-12 09:02:00
OP111134,W0368,,Z,5.0,0.0,2025-06-19 22:33:00
OP111135,W0201,Mornng,Z,45.0,0.0,2025-06-18 22:16:00
OP111136,W0178,,,0.0,0.0,2025-01-05 07:53:00
OP111137,W0280,Night,D,30.0,,2025-04-02 07:26:00
OP111138,W0041,Mornng,E,42.0,2.0,invalid_date
OP111139,W0136,Mornng,C,38.0,0.0,2025-03-25 08:56:00
OP111140,W0294,Mornng,B,32.0,2.0,2025-03-30 10:19:00
OP111141,W0477,,,42.0,2.0,2025-04-05 03:00:00
OP111142,W0127,Morning,B,46.0,1.0,2025-05-19 20:58:00
OP111143,W0085,Mornng,E,34.0,1.0,2025-06-12 15:21:00
OP111144,W0083,,E,35.0,,2025-04-19 07:42:00
OP111145,W0055,Evening,Z,38.0,2.0,2025-03-29 21:54:00
OP111146,W0448,Morning,,49.0,1.0,2025-06-15 03:16:00
OP111147,W0340,Evening,,18.0,,2025-02-04 05:36:00
OP111148,W0132,,E,6.0,0.0,2025-03-02 14:54:00
OP111149,W0485,,B,24.0,0.0,2025-02-09 00:05:00
OP111150,W0258,Morning,,16.0,0.0,2025-04-23 23:39:00
OP111151,W0201,Mornng,D,27.0,1.0,2025-03-24 03:45:00
OP111152,W0307,Evening,E,45.0,1.0,2025-01-01 05:01:00
OP111153,W0256,,A,17.0,2.0,2025-05-11 22:52:00
OP111154,W0426,Mornng,Z,40.0,,2025-04-02 04:17:00
OP111155,W0319,Mornng,A,3.0,0.0,2025-01-05 20:04:00
OP111156,W0389,Evening,D,46.0,,2025-06-26 15:44:00
OP111157,W0393,,E,38.0,2.0,2025-01-13 04:02:00
OP111158,W0461,Evening,A,49.0,1.0,2025-05-19 05:23:00
OP111159,W0196,Evening,Z,49.0,,2025-02-19 12:04:00
OP111160,W0101,,D,27.0,1.0,2025-01-11 20:24:00
OP111161,W0292,Mornng,A,-5.0,1.0,2025-05-02 23:50:00
OP111162,W0258,Morning,D,46.0,0.0,2025-01-30 23:54:00
OP111163,W0284,,C,14.0,,2025-05-28 07:58:00
OP111164,W0026,Morning,A,30.0,,2025-02-16 14:10:00
OP111165,W0167,Night,,39.0,0.0,2025-06-12 20:18:00
OP111166,W0468,Evening,,46.0,0.0,2025-01-20 08:28:00
OP111167,W0295,,E,32.0,0.0,2025-04-01 06:28:00
OP111168,W0258,Morning,B,9.0,0.0,2025-02-07 23:47:00
OP111169,W0087,,B,31.0,,2025-04-06 20:32:00
OP111170,W0330,Evening,E,8.0,,2025-05-23 07:35:00
OP111171,W0311,Mornng,,47.0,0.0,2025-02-04 18:18:00
OP111172,W0466,Night,,43.0,2.0,2025-02-11 04:23:00
OP111173,W0098,Evening,A,8.0,1.0,2025-05-29 14:51:00
OP111174,W0350,Morning,E,44.0,0.0,2025-06-14 02:47:00
OP111175,W0300,Mornng,A,45.0,1.0,2025-03-30 19:15:00
OP111176,W0173,Night,A,15.0,2.0,2025-06-22 08:20:00
OP111177,W0411,Evening,A,49.0,,2025-03-07 12:30:00
OP111178,W0214,,E,44.0,,2025-01-05 22:19:00
OP111179,W0057,Morning,D,39.0,,2025-05-19 06:55:00
OP111180,W0354,Night,E,44.0,2.0,2025-03-09 14:58:00
OP111181,W0030,Night,D,43.0,,2025-04-19 10:21:00
OP111182,W0103,Mornng,,17.0,,2025-01-15 04:38:00
OP111183,W0159,,,40.0,,2025-04-16 21:58:00
OP111184,W0023,Evening,C,27.0,2.0,2025-03-08 09:47:00
OP111185,W0098,Evening,Z,23.0,1.0,2025-02-22 18:50:00
OP111186,W0039,Morning,D,,0.0,2025-04-24 20:05:00
OP111187,W0208,,E,34.0,,2025-02-21 02:28:00
OP111188,W0304,Mornng,C,19.0,,2025-03-23 04:35:00
OP111189,W0129,Mornng,,6.0,0.0,2025-02-12 02:26:00
OP111190,W0135,Morning,D,1.0,2.0,2025-02-22 00:20:00
OP111191,W0149,Morning,D,25.0,2.0,2025-06-24 11:05:00
OP111192,W0095,Morning,Z,9.0,0.0,2025-04-30 05:23:00
OP111193,W0236,Morning,A,43.0,2.0,2025-05-17 05:40:00
OP111194,W0359,Night,A,28.0,2.0,2025-02-18 22:19:00
OP111195,W0438,Night,C,-5.0,,2025-03-06 06:55:00
OP111196,W0398,Mornng,Z,12.0,2.0,2025-02-02 14:17:00
OP111197,W0096,,A,15.0,2.0,2025-02-27 12:15:00
OP111198,W0120,Night,Z,10.0,,2025-01-01 15:04:00
OP111199,W0345,,Z,34.0,0.0,2025-02-14 09:25:00
OP111200,W0275,Mornng,Z,45.0,0.0,2025-05-14 11:24:00
OP111201,W0241,Evening,D,10.0,2.0,2025-02-09 08:41:00
OP111202,W0321,Evening,,46.0,,2025-04-08 00:58:00
OP111203,W0241,Mornng,B,35.0,2.0,2025-05-19 13:26:00
OP111204,W0323,Evening,D,20.0,2.0,2025-01-09 11:43:00
OP111205,W0305,,E,14.0,,2025-04-25 06:32:00
OP111206,W0204,Mornng,A,22.0,,2025-02-08 00:19:00
OP111207,W0080,Mornng,,35.0,,2025-01-20 02:36:00
OP111208,W0213,Evening,B,8.0,1.0,2025-06-18 04:37:00
OP111209,W0198,,C,16.0,2.0,2025-05-02 22:30:00
OP111210,W0169,Morning,,28.0,2.0,2025-01-30 12:10:00
OP111211,W0060,Morning,B,30.0,0.0,2025-03-17 19:51:00
OP111212,W0194,Mornng,Z,21.0,,2025-05-04 05:46:00
OP111213,W0350,Mornng,D,,2.0,2025-03-16 16:12:00
OP111214,W0411,Morning,,0.0,0.0,2025-04-21 09:57:00
OP111215,W0170,,A,8.0,0.0,2025-06-12 00:18:00
OP111216,W0299,,E,39.0,2.0,2025-05-22 03:50:00
OP111217,W0486,Morning,B,36.0,1.0,2025-03-21 18:47:00
OP111218,W0111,,B,22.0,0.0,2025-05-14 01:12:00
OP111219,W0011,,A,0.0,,2025-03-23 01:01:00
OP111220,W0160,Night,E,48.0,,2025-01-28 17:49:00
OP111221,,Night,C,1.0,1.0,2025-03-21 01:10:00
OP111222,W0088,,E,-5.0,1.0,2025-04-14 11:35:00
OP111223,W0307,Mornng,A,47.0,0.0,2025-01-25 22:33:00
OP111224,W0145,Mornng,Z,18.0,,2025-03-04 09:51:00
OP111225,W0410,,D,4.0,1.0,2025-05-18 07:30:00
OP111226,W0111,Night,B,44.0,2.0,2025-05-12 22:02:00
OP111227,W0264,,C,26.0,,2025-06-12 00:48:00
OP111228,W0240,Mornng,B,23.0,1.0,2025-06-04 16:17:00
OP111229,W0210,Evening,E,28.0,,2025-02-28 18:12:00
OP111230,W9999,Night,,5.0,,2025-02-15 14:04:00
OP111231,W0282,,,33.0,2.0,2025-04-09 19:01:00
OP111232,W0288,,A,38.0,,2025-04-29 22:45:00
OP111233,W0180,,,21.0,,2025-05-14 20:50:00
OP111234,W0094,,E,32.0,,2025-02-23 03:58:00
OP111235,W0332,,B,27.0,,2025-04-13 16:15:00
OP111236,W0343,,,21.0,2.0,2025-04-03 00:58:00
OP111237,W0369,Mornng,C,42.0,0.0,2025-06-25 17:53:00
OP111238,W0408,,B,3.0,0.0,2025-03-23 04:04:00
OP111239,W0422,,D,23.0,2.0,2025-05-27 16:09:00
OP111240,W0284,Evening,D,37.0,,2025-05-26 16:22:00
OP111241,W0014,Mornng,E,41.0,0.0,2025-05-12 21:55:00
OP111242,W0066,,D,13.0,2.0,2025-01-08 11:22:00
OP111243,W0270,,B,7.0,,2025-03-18 14:14:00
OP111244,W0398,,D,19.0,,2025-03-16 04:36:00
OP111245,W0358,Night,B,1.0,0.0,2025-04-08 14:00:00
OP111246,W0480,,,1.0,0.0,2025-06-22 08:21:00
OP111247,W0371,,D,43.0,1.0,2025-04-02 07:41:00
OP111248,W0198,Evening,D,42.0,2.0,2025-02-17 12:28:00
OP111249,W0087,Evening,D,7.0,1.0,2025-03-19 21:09:00
OP111250,W0140,Mornng,Z,35.0,,2025-03-20 00:53:00
OP111251,W0402,,Z,5.0,1.0,2025-02-23 21:22:00
OP111252,W0265,,E,24.0,2.0,2025-06-17 14:02:00
OP111253,W0023,Evening,D,9.0,,2025-03-26 01:09:00
OP111254,W0028,,E,38.0,0.0,2025-05-16 09:16:00
OP111255,W0233,,B,28.0,1.0,2025-01-27 21:33:00
OP111256,W0246,,D,7.0,,2025-05-04 14:55:00
OP111257,W0033,Morning,C,47.0,1.0,2025-01-20 06:58:00
OP111258,W0025,Mornng,Z,23.0,,2025-01-19 04:50:00
OP111259,W0168,Evening,Z,42.0,2.0,2025-04-17 12:27:00
OP111260,W0494,Evening,D,21.0,1.0,2025-03-24 03:25:00
OP111261,W0111,,C,,,2025-03-06 09:56:00
OP111262,W0017,,B,2.0,,2025-04-12 03:33:00
OP111263,W0201,,A,3.0,,2025-03-31 10:51:00
OP111264,W0183,Evening,C,22.0,2.0,2025-04-10 02:44:00
OP111265,W0188,,E,46.0,1.0,2025-04-24 08:16:00
OP111266,W0369,Morning,,46.0,1.0,2025-05-26 20:08:00
OP111267,W0028,Mornng,Z,26.0,2.0,2025-03-09 12:05:00
OP111268,W0170,Morning,E,47.0,,2025-02-11 21:07:00
OP111269,W0058,,A,20.0,1.0,2025-06-15 02:59:00
OP111270,W0028,,B,20.0,2.0,2025-02-27 18:25:00
OP111271,W0285,Morning,A,-5.0,0.0,2025-05-06 13:28:00
OP111272,W0149,Morning,D,7.0,2.0,2025-06-21 02:16:00
OP111273,W0023,Mornng,E,14.0,,2025-05-29 19:21:00
OP111274,W0322,,B,41.0,1.0,2025-06-17 04:13:00
OP111275,W0309,,B,20.0,1.0,2025-04-27 20:12:00
OP111276,W0422,Morning,A,-5.0,1.0,invalid_date
OP111277,W0410,Evening,,24.0,0.0,2025-02-10 13:43:00
OP111278,W0434,Morning,,24.0,2.0,2025-03-09 09:01:00
OP111279,W0312,,Z,10.0,2.0,2025-01-28 06:36:00
OP111280,W0318,Night,C,43.0,2.0,2025-03-03 02:24:00
OP111281,W0070,,D,7.0,,2025-03-29 11:38:00
OP111282,W0360,,E,0.0,,2025-05-03 01:22:00
OP111283,W0021,,D,47.0,1.0,2025-02-26 03:43:00
OP111284,W0350,Morning,E,32.0,,2025-05-18 21:29:00
OP111285,W0426,Night,,40.0,,2025-01-25 12:31:00
OP111286,W0279,,B,4.0,2.0,2025-05-29 23:36:00
OP111287,W0467,Evening,,28.0,0.0,2025-03-04 11:11:00
OP111288,W0054,Morning,Z,-5.0,,2025-01-02 01:41:00
OP111289,W0400,Evening,,5.0,0.0,2025-06-11 18:43:00
OP111290,W0365,Night,Z,19.0,,2025-06-09 09:29:00
OP111291,W0459,Mornng,B,36.0,,2025-06-09 21:47:00
OP111292,W0043,,D,2.0,,2025-06-08 03:18:00
OP111293,W0162,Night,E,47.0,0.0,2025-04-12 07:11:00
OP111294,W0451,Evening,B,34.0,1.0,2025-01-06 21:34:00
OP111295,W0145,Evening,Z,22.0,2.0,2025-01-11 07:39:00
OP111296,W0001,,Z,27.0,0.0,2025-03-29 08:57:00
OP111297,W0034,Night,D,3.0,,2025-03-06 14:50:00
OP111298,W0425,,E,44.0,1.0,2025-01-05 09:26:00
OP111299,W0226,Morning,B,2.0,2.0,2025-05-01 03:23:00
OP111300,W0473,Night,Z,43.0,1.0,2025-02-16 02:27:00
OP111301,W0345,,C,10.0,1.0,2025-05-01 03:25:00
OP111302,W0403,Mornng,A,4.0,,2025-05-28 07:12:00
OP111303,W0329,Night,,36.0,2.0,2025-01-25 05:39:00
OP111304,W0019,Evening,Z,0.0,,invalid_date
OP111305,W0096,,B,4.0,1.0,2025-01-24 12:58:00
OP111306,W0134,Evening,B,37.0,2.0,2025-05-25 19:22:00
OP111307,W0116,Morning,Z,37.0,2.0,2025-03-21 11:12:00
OP111308,W0467,Night,E,,2.0,2025-06-27 14:23:00
OP111309,W0436,Morning,A,22.0,2.0,2025-02-21 16:50:00
OP111310,W0208,Morning,C,5.0,2.0,2025-04-06 16:54:00
OP111311,W0333,,D,21.0,,2025-03-16 17:42:00
OP111312,W0218,Morning,B,11.0,,2025-06-20 05:10:00
OP111313,W0313,,C,6.0,0.0,2025-06-14 17:12:00
OP111314,W0425,Morning,,5.0,0.0,2025-04-27 00:40:00
OP111315,W0291,Morning,B,3.0,2.0,2025-03-21 20:16:00
OP111316,W0233,Morning,Z,5.0,1.0,2025-01-04 16:22:00
OP111317,W0344,,A,30.0,0.0,2025-05-19 14:32:00
OP111318,W0397,,C,49.0,,2025-01-02 02:24:00
OP111319,W0281,,A,21.0,,2025-02-09 17:05:00
OP111320,W0411,Evening,C,11.0,2.0,2025-05-07 17:21:00
OP111321,W0221,Morning,B,33.0,,2025-04-24 10:27:00
OP111322,W0304,Morning,C,46.0,2.0,2025-03-02 22:37:00
OP111323,W0082,Mornng,B,34.0,2.0,2025-02-16 07:41:00
OP111324,W0157,Evening,Z,5.0,2.0,2025-02-26 10:57:00
OP111325,W0191,Night,A,5.0,1.0,2025-04-10 04:21:00
OP111326,W0418,,A,27.0,0.0,2025-05-01 04:03:00
OP111327,W0068,,A,19.0,1.0,2025-04-09 03:41:00
OP111328,W0309,,Z,33.0,2.0,2025-03-31 16:18:00
OP111329,W0370,Morning,B,22.0,,2025-06-10 15:45:00
OP111330,W0076,Night,A,16.0,2.0,2025-04-28 18:57:00
OP111331,W0492,Evening,C,14.0,,2025-06-10 09:29:00
OP111332,W0042,Mornng,,45.0,2.0,2025-06-10 22:09:00
OP111333,W0320,Night,D,21.0,1.0,2025-06-10 00:34:00
OP111334,W0312,,A,25.0,,2025-04-27 21:08:00
OP111335,,Evening,A,33.0,1.0,2025-04-27 18:29:00
OP111336,W0143,,B,31.0,0.0,2025-01-05 04:06:00
OP111337,W0405,Night,Z,46.0,0.0,2025-02-23 23:57:00
OP111338,W0175,Morning,B,31.0,,2025-06-24 06:24:00
OP111339,W0435,,A,30.0,,2025-03-04 10:51:00
OP111340,W0452,Night,A,16.0,2.0,2025-04-22 19:49:00
OP111341,W0171,Mornng,C,39.0,1.0,2025-03-11 10:56:00
OP111342,W0280,,Z,42.0,,2025-06-26 16:42:00
OP111343,W0089,Mornng,B,21.0,0.0,2025-05-25 20:31:00
OP111344,W0334,Morning,Z,3.0,1.0,2025-05-06 22:41:00
OP111345,W0242,Night,,27.0,,2025-02-10 17:15:00
OP111346,W0247,,B,28.0,1.0,2025-01-29 20:01:00
OP111347,W0178,,B,30.0,2.0,2025-03-03 16:31:00
OP111348,W0227,,A,40.0,0.0,2025-05-05 16:10:00
OP111349,W0152,Morning,,32.0,,2025-01-05 20:10:00
OP111350,W0038,Mornng,D,28.0,,2025-01-19 14:53:00
OP111351,W0150,Morning,A,-5.0,1.0,2025-05-16 12:17:00
OP111352,W0482,Evening,D,9.0,,2025-06-05 12:36:00
OP111353,W0395,Mornng,E,24.0,2.0,2025-06-23 06:28:00
OP111354,W0466,Morning,A,15.0,,2025-04-18 10:05:00
OP111355,W0087,,,15.0,0.0,2025-06-14 12:17:00
OP111356,W0115,Morning,C,10.0,1.0,2025-06-15 06:34:00
OP111357,W0335,,A,2.0,0.0,2025-01-04 16:49:00
OP111358,W0325,,B,3.0,2.0,2025-01-16 18:46:00
OP111359,W0412,Mornng,B,32.0,1.0,2025-04-22 08:17:00
OP111360,W0399,Evening,C,29.0,,2025-05-25 02:31:00
OP111361,W0093,Mornng,A,42.0,0.0,2025-02-05 16:32:00
OP111362,W0473,Mornng,B,37.0,2.0,2025-05-25 12:57:00
OP111363,W0160,,Z,45.0,,2025-05-11 21:34:00
OP111364,W0070,Night,Z,49.0,,2025-01-04 01:08:00
OP111365,W0229,Mornng,E,28.0,1.0,2025-01-30 18:27:00
OP111366,W0221,Night,E,26.0,0.0,2025-06-10 23:43:00
OP111367,W0062,,B,43.0,0.0,2025-05-07 04:44:00
OP111368,W0253,Mornng,E,40.0,2.0,2025-05-03 10:54:00
OP111369,W0337,Mornng,A,-5.0,2.0,2025-01-23 19:01:00
OP111370,W0038,Mornng,Z,1.0,1.0,2025-04-03 11:51:00
OP111371,W0147,Evening,D,18.0,0.0,2025-01-30 20:43:00
OP111372,W0167,,A,13.0,0.0,2025-02-15 16:56:00
OP111373,W0234,Evening,Z,18.0,0.0,2025-04-23 13:48:00
OP111374,W0166,Morning,D,14.0,0.0,2025-02-02 15:31:00
OP111375,W0058,Mornng,D,26.0,1.0,2025-03-09 03:19:00
OP111376,W0198,Night,B,19.0,1.0,2025-02-02 07:30:00
OP111377,W0496,Night,A,1.0,,2025-03-25 13:10:00
OP111378,W0015,Mornng,D,3.0,2.0,2025-06-13 11:08:00
OP111379,W0063,,B,48.0,0.0,2025-05-29 18:32:00
OP111380,W0436,Morning,Z,0.0,1.0,2025-01-18 10:58:00
OP111381,W0059,Night,C,48.0,2.0,2025-04-12 13:53:00
OP111382,W0397,,Z,30.0,0.0,2025-01-08 07:12:00
OP111383,W0381,Evening,E,27.0,1.0,2025-01-20 05:25:00
OP111384,W0335,Evening,D,10.0,2.0,2025-04-10 00:10:00
OP111385,W0287,Evening,Z,29.0,1.0,2025-01-31 18:03:00
OP111386,W0157,,C,-5.0,2.0,2025-06-12 05:09:00
OP111387,W0250,Morning,C,44.0,,2025-05-21 07:36:00
OP111388,W0489,Evening,D,21.0,,2025-04-16 12:49:00
OP111389,W0089,,Z,32.0,,2025-01-09 21:36:00
OP111390,W0289,Mornng,B,22.0,,2025-06-16 12:31:00
OP111391,W0460,,B,19.0,1.0,2025-06-17 03:12:00
OP111392,W0023,Night,D,17.0,0.0,2025-02-07 05:42:00
OP111393,W0284,Evening,E,22.0,0.0,2025-02-25 09:26:00
OP111394,W0011,Mornng,,,0.0,2025-05-23 22:36:00
OP111395,W0084,Morning,D,12.0,0.0,2025-05-09 11:37:00
OP111396,W0483,Night,C,8.0,0.0,2025-05-23 21:46:00
OP111397,W0211,Morning,C,44.0,0.0,2025-01-17 06:50:00
OP111398,W0206,Mornng,C,34.0,,2025-01-10 14:48:00
OP111399,W0032,,A,43.0,0.0,2025-05-29 08:02:00
OP111400,W0101,Morning,D,23.0,,2025-03-20 00:00:00
OP111401,W0167,Mornng,C,6.0,0.0,2025-05-23 16:05:00
OP111402,W0026,,Z,42.0,,2025-06-20 02:09:00
OP111403,W0221,Morning,C,34.0,2.0,2025-03-14 13:00:00
OP111404,W0326,Night,B,22.0,1.0,2025-02-10 04:59:00
OP111405,W0349,Night,C,25.0,0.0,2025-01-19 22:02:00
OP111406,W0103,Mornng,C,48.0,0.0,2025-01-31 00:53:00
OP111407,W0167,,,32.0,,2025-02-27 14:14:00
OP111408,W0375,,B,8.0,,2025-02-08 04:46:00
OP111409,W0413,,,1.0,,2025-01-03 08:37:00
OP111410,W0221,Mornng,E,9.0,1.0,2025-02-13 05:49:00
OP111411,W0063,Evening,D,24.0,,2025-01-05 01:32:00
OP111412,W0489,Night,Z,14.0,,2025-04-20 14:08:00
OP111413,W0090,,D,-5.0,1.0,2025-01-09 20:38:00
OP111414,W0109,Mornng,A,35.0,0.0,2025-05-02 13:04:00
OP111415,W0038,Evening,C,12.0,0.0,2025-03-28 15:30:00
OP111416,W0292,Evening,E,23.0,,2025-01-17 17:15:00
OP111417,W0208,Evening,E,8.0,1.0,2025-04-24 05:48:00
OP111418,W0433,Morning,Z,4.0,2.0,2025-04-07 12:00:00
OP111419,W0165,Mornng,E,28.0,2.0,2025-03-23 21:26:00
OP111420,W0077,Night,D,1.0,,2025-02-08 14:27:00
OP111421,W0122,Mornng,C,48.0,,2025-04-13 10:56:00
OP111422,W0265,,A,8.0,2.0,2025-04-25 20:38:00
OP111423,W0397,Evening,,25.0,,2025-03-09 18:04:00
OP111424,W0493,Evening,D,23.0,1.0,2025-05-06 17:47:00
OP111425,W0260,Morning,B,3.0,0.0,2025-04-07 16:07:00
OP111426,W0189,,B,,2.0,2025-03-14 18:34:00
OP111427,W0130,Evening,Z,22.0,1.0,2025-01-03 03:56:00
OP111428,W0456,Morning,B,13.0,0.0,2025-01-12 15:41:00
OP111429,W0415,,D,6.0,2.0,2025-02-09 17:28:00
OP111430,W0289,Night,E,14.0,1.0,2025-01-29 04:37:00
OP111431,W0050,Morning,C,21.0,2.0,2025-04-17 03:00:00
OP111432,W0343,Night,,39.0,,2025-04-02 03:53:00
OP111433,W0383,Evening,C,6.0,,2025-02-06 02:17:00
OP111434,W0116,Evening,,49.0,,2025-05-08 07:09:00
OP111435,W0384,,E,2.0,0.0,2025-06-04 19:39:00
OP111436,W0422,,C,34.0,1.0,2025-03-18 14:21:00
OP111437,W0117,,C,15.0,2.0,2025-03-13 08:07:00
OP111438,W0494,,Z,17.0,0.0,2025-03-07 05:55:00
OP111439,W0327,Morning,C,22.0,2.0,invalid_date
OP111440,W0323,,C,26.0,2.0,2025-03-20 14:50:00
OP111441,W0137,Evening,C,30.0,0.0,2025-01-25 21:33:00
OP111442,W0491,Night,B,24.0,0.0,2025-06-05 04:59:00
OP111443,W0075,Evening,A,24.0,1.0,2025-01-27 08:57:00
OP111444,W0437,,A,38.0,1.0,2025-02-10 19:41:00
OP111445,W0237,Mornng,Z,6.0,1.0,2025-04-12 09:35:00
OP111446,W0402,Mornng,B,32.0,0.0,2025-02-08 14:32:00
OP111447,W0271,Morning,C,12.0,1.0,2025-03-03 23:36:00
OP111448,W0337,,,5.0,2.0,2025-03-24 08:38:00
OP111449,W0379,Evening,C,26.0,2.0,2025-03-17 09:20:00
OP111450,W0394,Mornng,B,41.0,2.0,2025-04-30 20:24:00
OP111451,W0309,,,48.0,0.0,2025-03-19 03:44:00
OP111452,W0287,Mornng,Z,39.0,1.0,2025-01-28 07:22:00
OP111453,W0107,,C,11.0,,2025-06-15 20:54:00
OP111454,W0217,Mornng,Z,30.0,0.0,2025-03-13 19:39:00
OP111455,W0374,,D,44.0,,2025-03-06 18:48:00
OP111456,W0397,,E,8.0,0.0,2025-04-26 03:25:00
OP111457,W0388,Evening,D,,,2025-05-02 19:40:00
OP111458,W0222,,Z,40.0,1.0,2025-03-28 18:31:00
OP111459,W0364,Morning,A,26.0,,2025-02-16 19:47:00
OP111460,W0451,,E,29.0,0.0,2025-04-22 04:18:00
OP111461,W0252,Morning,,34.0,0.0,2025-05-27 08:20:00
OP111462,W0467,,A,16.0,,2025-05-22 20:51:00
OP111463,W0158,Morning,Z,18.0,,2025-03-20 00:43:00
OP111464,W0253,Night,B,47.0,,2025-05-09 19:46:00
OP111465,W0205,Evening,E,47.0,2.0,2025-06-01 21:00:00
OP111466,W0260,Evening,Z,26.0,2.0,2025-03-10 18:05:00
OP111467,W0054,Morning,Z,0.0,,2025-02-11 20:23:00
OP111468,W0216,Evening,D,36.0,0.0,2025-05-05 18:00:00
OP111469,W0136,,E,5.0,0.0,2025-04-07 17:15:00
OP111470,W0373,Night,E,44.0,2.0,2025-01-27 19:59:00
OP111471,W0114,Night,D,37.0,,2025-02-13 00:38:00
OP111472,W0395,Evening,D,47.0,2.0,2025-05-22 16:18:00
OP111473,W0303,Night,B,5.0,0.0,2025-04-21 03:21:00
OP111474,W0107,Morning,Z,45.0,2.0,2025-03-31 02:39:00
OP111475,W0044,Morning,C,48.0,1.0,2025-05-11 02:23:00
OP111476,W0031,Mornng,B,48.0,,2025-04-24 05:21:00
OP111477,W0310,Mornng,,-5.0,1.0,2025-03-04 15:17:00
OP111478,W0313,,D,32.0,0.0,2025-03-23 06:41:00
OP111479,W0112,Evening,,1.0,2.0,2025-02-13 03:33:00
OP111480,W0332,Morning,D,35.0,1.0,2025-01-27 01:24:00
OP111481,W0426,,,48.0,,2025-04-24 22:29:00
OP111482,W0447,Morning,B,27.0,2.0,2025-06-20 03:41:00
OP111483,W0185,Evening,A,30.0,,2025-02-01 00:48:00
OP111484,W0040,Morning,C,30.0,,2025-01-18 07:33:00
OP111485,W0074,Mornng,D,-5.0,1.0,2025-03-02 02:59:00
OP111486,W0133,Morning,C,14.0,2.0,2025-01-21 03:51:00
OP111487,W0498,,Z,21.0,0.0,2025-03-07 14:32:00
OP111488,W0071,Evening,D,43.0,0.0,2025-04-15 13:53:00
OP111489,W0084,Night,C,36.0,0.0,2025-06-05 09:42:00
OP111490,W0373,Morning,A,36.0,1.0,2025-03-16 01:21:00
OP111491,W0315,Morning,E,,2.0,2025-02-01 05:24:00
OP111492,W0267,,Z,4.0,2.0,2025-06-15 00:46:00
OP111493,W0328,Night,D,23.0,2.0,2025-05-26 21:38:00
OP111494,W0419,Night,E,49.0,2.0,2025-04-13 02:43:00
OP111495,W0060,,,16.0,2.0,2025-01-24 17:07:00
OP111496,W0196,Night,E,23.0,1.0,2025-01-02 11:37:00
OP111497,W0408,Morning,,21.0,0.0,2025-06-12 03:32:00
OP111498,W0102,Morning,B,38.0,1.0,2025-02-12 20:18:00
OP111499,W0180,Evening,D,5.0,0.0,2025-05-24 17:12:00
OP111500,W0161,Morning,Z,,1.0,2025-04-17 12:55:00
OP111501,W0285,Morning,,42.0,,2025-02-11 08:30:00
OP111502,W0345,,D,7.0,0.0,2025-06-03 03:49:00
OP111503,W0297,Mornng,B,32.0,2.0,invalid_date
OP111504,W0115,Morning,,33.0,,2025-01-23 13:07:00
OP111505,W0134,,A,44.0,2.0,2025-06-18 13:03:00
OP111506,W0100,,B,12.0,,2025-01-23 12:22:00
OP111507,W0252,Night,Z,38.0,0.0,2025-04-26 21:27:00
OP111508,W0398,,,44.0,2.0,2025-01-08 23:33:00
OP111509,W0060,,E,36.0,2.0,2025-06-13 16:31:00
OP111510,W0110,Mornng,,49.0,0.0,2025-06-11 10:29:00
OP111511,W0318,Mornng,A,32.0,,2025-01-09 03:56:00
OP111512,W0181,Morning,,35.0,0.0,2025-02-08 13:16:00
OP111513,W0410,,,3.0,2.0,2025-05-10 06:32:00
OP111514,W0308,,Z,16.0,2.0,2025-01-11 08:45:00
OP111515,W0117,Night,,41.0,0.0,2025-05-02 23:11:00
OP111516,W0425,Night,,38.0,0.0,2025-06-29 01:37:00
OP111517,W0267,Evening,Z,25.0,1.0,2025-04-22 16:37:00
OP111518,W0004,,,19.0,2.0,2025-01-15 01:27:00
OP111519,W0407,,,43.0,,2025-04-19 13:48:00
OP111520,W0382,,E,47.0,2.0,2025-03-14 17:30:00
OP111521,W0210,,E,24.0,1.0,2025-03-24 22:13:00
OP111522,W0464,Morning,,18.0,1.0,2025-04-04 08:38:00
OP111523,W0407,,Z,13.0,2.0,2025-03-06 17:21:00
OP111524,W0229,Morning,C,24.0,2.0,invalid_date
OP111525,W0325,,A,0.0,2.0,2025-03-28 16:08:00
OP111526,W0326,Evening,B,21.0,1.0,2025-03-04 23:38:00
OP111527,W0026,,,4.0,,2025-03-06 09:50:00
OP111528,W0488,,A,3.0,,2025-02-01 04:45:00
OP111529,W0398,,B,,1.0,2025-03-22 06:16:00
OP111530,W0298,Morning,C,38.0,2.0,2025-02-13 11:52:00
OP111531,W0053,Morning,E,25.0,,2025-05-18 00:15:00
OP111532,W0375,Mornng,E,25.0,1.0,2025-03-14 13:12:00
OP111533,W0265,,D,4.0,,2025-06-18 10:28:00
OP111534,W0302,Morning,D,45.0,,2025-03-06 21:04:00
OP111535,W0070,Mornng,Z,49.0,,2025-01-25 06:00:00
OP111536,W0077,Evening,B,13.0,,2025-04-19 08:14:00
OP111537,W0312,,D,35.0,1.0,2025-01-01 17:31:00
OP111538,W0324,Mornng,D,-5.0,2.0,2025-06-13 09:59:00
OP111539,W0076,Evening,D,27.0,2.0,2025-06-15 20:39:00
OP111540,W0364,Mornng,,42.0,2.0,2025-05-28 19:25:00
OP111541,W0114,,,30.0,,2025-06-29 20:31:00
OP111542,W0312,,Z,49.0,2.0,2025-06-27 03:58:00
OP111543,W0219,,,0.0,0.0,2025-01-16 23:17:00
OP111544,W0326,Mornng,,47.0,2.0,2025-06-15 12:34:00
OP111545,W0438,,C,30.0,0.0,2025-03-21 01:00:00
OP111546,W0160,,D,27.0,1.0,2025-01-04 17:50:00
OP111547,W0396,,B,20.0,1.0,2025-03-25 10:34:00
OP111548,W0307,Evening,A,45.0,,2025-05-12 12:50:00
OP111549,W0292,Mornng,E,33.0,0.0,2025-03-17 17:47:00
OP111550,W0099,Night,Z,-5.0,1.0,invalid_date
OP111551,W0224,Mornng,D,24.0,,2025-06-29 23:47:00
OP111552,W0265,Night,Z,25.0,0.0,2025-05-12 22:46:00
OP111553,W0394,Night,,24.0,1.0,2025-06-02 16:22:00
OP111554,W0125,Mornng,C,28.0,1.0,2025-02-28 05:56:00
OP111555,W0030,,B,28.0,0.0,2025-02-24 01:32:00
OP111556,W0060,Mornng,,40.0,2.0,2025-01-27 20:56:00
OP111557,W0053,,D,7.0,,2025-06-05 04:02:00
OP111558,W0363,,C,6.0,2.0,2025-06-18 13:20:00
OP111559,W0173,Night,Z,13.0,0.0,2025-05-09 23:34:00
OP111560,W0301,,Z,40.0,2.0,2025-03-31 10:31:00
OP111561,W0331,,D,17.0,,2025-04-05 17:52:00
OP111562,W0437,Morning,Z,28.0,2.0,2025-02-05 11:28:00
OP111563,W0334,Night,C,11.0,2.0,2025-01-31 19:05:00
OP111564,W0483,Mornng,Z,41.0,1.0,2025-06-15 12:57:00
OP111565,W0478,Evening,C,1.0,2.0,2025-05-05 17:56:00
OP111566,W0195,Evening,Z,39.0,,2025-03-02 03:43:00
OP111567,W0473,Mornng,E,22.0,1.0,2025-06-07 06:41:00
OP111568,W0211,Evening,E,8.0,,2025-06-01 21:56:00
OP111569,W0175,Morning,B,3.0,1.0,2025-05-12 03:19:00
OP111570,W0129,Evening,A,42.0,,2025-03-26 22:26:00
OP111571,W0375,,D,21.0,0.0,2025-03-01 01:57:00
OP111572,W0036,Evening,A,22.0,1.0,2025-02-19 02:56:00
OP111573,W0177,Evening,C,4.0,,2025-06-06 15:51:00
OP111574,W0332,Mornng,Z,49.0,2.0,2025-05-11 04:46:00
OP111575,W0139,,D,13.0,2.0,2025-03-19 18:22:00
OP111576,W0091,,E,35.0,1.0,2025-01-03 11:53:00
OP111577,W0194,Morning,D,40.0,2.0,2025-06-19 20:09:00
OP111578,W0289,Morning,Z,46.0,2.0,2025-05-03 02:46:00
OP111579,W0427,Night,D,10.0,1.0,2025-02-20 04:22:00
OP111580,W0270,Morning,,31.0,0.0,2025-03-30 09:09:00
OP111581,W0248,Mornng,B,,0.0,2025-01-22 22:12:00
OP111582,W0076,,E,3.0,,2025-05-06 14:20:00
OP111583,W0046,Morning,A,13.0,1.0,2025-01-06 07:27:00
OP111584,W9999,,B,40.0,,2025-04-19 14:16:00
OP111585,W0299,Night,E,24.0,0.0,2025-05-06 23:01:00
OP111586,W0041,,A,39.0,0.0,2025-02-21 00:54:00
OP111587,W0041,Morning,Z,16.0,1.0,2025-05-15 13:38:00
OP111588,W0368,,Z,45.0,1.0,2025-02-14 17:38:00
OP111589,W0339,Mornng,C,7.0,1.0,2025-05-12 04:59:00
OP111590,W0202,,E,,0.0,2025-06-26 22:21:00
OP111591,W0200,,,49.0,,2025-01-14 20:23:00
OP111592,W0345,Mornng,Z,31.0,,2025-06-16 12:54:00
OP111593,W0388,Mornng,C,19.0,,2025-05-30 00:29:00
OP111594,W0217,,A,15.0,1.0,2025-03-05 16:49:00
OP111595,W0350,Night,B,5.0,0.0,2025-06-24 07:03:00
OP111596,W0071,Evening,B,,1.0,2025-02-12 23:34:00
OP111597,W0481,Night,A,0.0,,2025-06-23 09:49:00
OP111598,W0497,,E,31.0,,2025-03-07 17:26:00
OP111599,W0412,Evening,Z,6.0,2.0,2025-05-31 14:28:00
OP111600,W0409,,B,16.0,1.0,2025-03-23 11:51:00
OP111601,W0245,,Z,33.0,1.0,2025-02-01 22:46:00
OP111602,W0485,,A,21.0,0.0,2025-06-27 23:33:00
OP111603,W0053,Night,Z,40.0,2.0,2025-01-18 06:18:00
OP111604,W0096,Night,Z,31.0,,2025-02-28 01:35:00
OP111605,W0151,,B,40.0,2.0,2025-01-19 04:03:00
OP111606,W0039,,C,36.0,1.0,2025-02-09 19:25:00
OP111607,W0067,,E,41.0,0.0,2025-02-10 04:45:00
OP111608,W0316,,B,14.0,1.0,2025-04-27 01:09:00
OP111609,W0428,Mornng,Z,18.0,0.0,2025-01-06 08:05:00
OP111610,W0400,Mornng,B,31.0,1.0,2025-06-29 20:42:00
OP111611,W0465,Night,B,41.0,1.0,2025-02-02 02:43:00
OP111612,W0342,Evening,A,12.0,0.0,2025-02-12 11:22:00
OP111613,W0034,,C,35.0,,2025-04-22 16:16:00
OP111614,W0428,,Z,26.0,0.0,2025-03-05 11:24:00
OP111615,W0088,,E,32.0,0.0,2025-03-11 05:57:00
OP111616,W0139,Mornng,E,22.0,0.0,2025-02-04 13:56:00
OP111617,W0021,,E,30.0,0.0,2025-06-27 20:04:00
OP111618,W0015,Morning,,29.0,0.0,2025-06-24 13:59:00
OP111619,W0119,,E,12.0,0.0,2025-01-11 13:36:00
OP111620,W0390,Evening,,33.0,,2025-05-16 18:18:00
OP111621,W0433,Evening,Z,10.0,1.0,2025-02-11 01:04:00
OP111622,W0187,Night,Z,42.0,1.0,2025-06-06 19:48:00
OP111623,W0468,,E,46.0,,2025-02-19 10:08:00
OP111624,W0368,,Z,9.0,2.0,2025-05-26 16:41:00
OP111625,W0297,,D,49.0,,2025-06-06 08:27:00
OP111626,W0167,Night,,,,2025-02-13 18:40:00
OP111627,W0428,Evening,Z,40.0,,2025-04-02 22:11:00
OP111628,W0326,Morning,A,34.0,0.0,2025-04-11 15:17:00
OP111629,W0046,Evening,,19.0,2.0,2025-05-20 19:50:00
OP111630,W0242,,C,8.0,0.0,2025-04-21 21:13:00
OP111631,W0371,Evening,A,11.0,,2025-05-12 20:27:00
OP111632,W0046,Mornng,,6.0,,2025-04-28 14:49:00
OP111633,W0250,Morning,B,12.0,1.0,2025-01-08 03:47:00
OP111634,W0089,,B,14.0,1.0,2025-02-02 20:25:00
OP111635,W0161,,C,1.0,0.0,2025-02-21 08:16:00
OP111636,W0092,,,34.0,2.0,2025-05-05 20:48:00
OP111637,W0197,,B,18.0,0.0,2025-02-19 07:52:00
OP111638,W0297,,A,4.0,1.0,2025-01-13 12:54:00
OP111639,W0309,Mornng,Z,,1.0,2025-06-18 23:46:00
OP111640,W0075,Evening,A,2.0,0.0,2025-02-10 16:29:00
OP111641,W0064,,C,3.0,2.0,2025-01-25 23:27:00
OP111642,W0079,Night,E,40.0,1.0,2025-04-13 19:03:00
OP111643,W0055,Evening,Z,40.0,0.0,2025-01-28 08:01:00
OP111644,W0010,Night,C,48.0,,2025-05-26 19:45:00
OP111645,W0024,,A,30.0,0.0,2025-01-21 23:19:00
OP111646,W0299,,A,26.0,2.0,2025-04-22 11:36:00
OP111647,W0347,Night,Z,4.0,1.0,2025-01-25 10:22:00
OP111648,W0334,Mornng,Z,38.0,,2025-01-26 00:33:00
OP111649,W0002,Night,D,32.0,0.0,2025-01-30 16:12:00
OP111650,W0423,Mornng,E,32.0,2.0,2025-05-19 17:09:00
OP111651,W0200,,D,46.0,0.0,2025-05-26 17:22:00
OP111652,W0349,Morning,C,3.0,1.0,2025-03-12 17:52:00
OP111653,W0440,Evening,Z,12.0,,2025-04-23 16:03:00
OP111654,W0230,Mornng,B,0.0,0.0,2025-02-28 06:59:00
OP111655,W0469,Evening,Z,,,2025-02-08 06:36:00
OP111656,W0498,Morning,C,25.0,,2025-06-23 18:51:00
OP111657,W0171,,D,49.0,0.0,2025-03-26 17:54:00
OP111658,W0429,Night,B,4.0,2.0,2025-03-22 14:40:00
OP111659,W0365,Evening,Z,8.0,2.0,2025-04-04 13:39:00
OP111660,W0436,Morning,D,36.0,0.0,2025-05-04 21:27:00
OP111661,W0266,Evening,A,35.0,2.0,2025-01-01 05:25:00
OP111662,W0099,Night,Z,46.0,,2025-02-23 15:47:00
OP111663,W0181,Evening,E,9.0,1.0,2025-04-16 10:44:00
OP111664,W0248,,Z,1.0,2.0,2025-05-07 06:06:00
OP111665,W0430,Evening,A,32.0,,2025-06-23 15:44:00
OP111666,W0172,,C,17.0,0.0,2025-01-16 16:15:00
OP111667,W0295,,A,11.0,2.0,2025-03-05 23:26:00
OP111668,W0145,Evening,E,42.0,2.0,2025-05-31 20:37:00
OP111669,W0127,Night,Z,35.0,1.0,2025-06-03 17:30:00
OP111670,W0085,Night,A,29.0,,2025-06-26 07:24:00
OP111671,W0486,Night,C,26.0,1.0,2025-05-06 21:46:00
OP111672,W0157,,Z,35.0,0.0,2025-03-13 03:39:00
OP111673,W0279,Night,Z,33.0,1.0,2025-06-17 19:17:00
OP111674,W0354,,,27.0,,2025-03-10 12:17:00
OP111675,W0468,Evening,Z,44.0,2.0,2025-01-25 14:18:00
OP111676,W0147,Mornng,D,31.0,1.0,2025-04-22 05:41:00
OP111677,W0176,Night,Z,34.0,2.0,2025-06-02 11:49:00
OP111678,W0415,,,4.0,,2025-01-28 04:51:00
OP111679,W0305,Mornng,D,17.0,,2025-02-28 20:44:00
OP111680,W0217,,D,9.0,,invalid_date
OP111681,W0090,Mornng,D,43.0,,2025-04-24 02:24:00
OP111682,W0215,,,44.0,0.0,2025-02-18 14:43:00
OP111683,W0384,,Z,41.0,,2025-03-13 06:34:00
OP111684,W0182,Evening,B,9.0,,2025-04-29 19:50:00
OP111685,W0275,Night,Z,2.0,2.0,2025-02-22 11:58:00
OP111686,W0208,,,6.0,2.0,2025-04-15 19:33:00
OP111687,W0216,,D,29.0,1.0,2025-06-10 13:28:00
OP111688,W0422,Evening,,41.0,0.0,2025-02-08 11:30:00
OP111689,W0274,Evening,A,34.0,0.0,2025-05-23 17:40:00
OP111690,W0467,,D,19.0,1.0,2025-04-08 02:32:00
OP111691,W0252,Evening,B,12.0,1.0,2025-06-21 00:12:00
OP111692,W0044,Night,,35.0,2.0,2025-06-12 12:45:00
OP111693,W0164,,,37.0,0.0,2025-02-04 07:58:00
OP111694,W0312,Night,Z,42.0,2.0,2025-01-28 02:12:00
OP111695,W0203,,Z,39.0,0.0,2025-04-14 14:01:00
OP111696,W0406,,B,38.0,1.0,2025-03-03 01:25:00
OP111697,W0149,Night,A,9.0,,2025-06-23 04:50:00
OP111698,W0474,,,47.0,1.0,2025-05-10 08:29:00
OP111699,W0474,Evening,B,19.0,1.0,2025-01-02 06:50:00
OP111700,W0102,,B,19.0,1.0,2025-03-13 08:54:00
OP111701,W0273,Morning,D,8.0,,2025-06-01 07:57:00
OP111702,W0015,Night,B,42.0,0.0,2025-01-06 00:35:00
OP111703,W0096,,C,6.0,,2025-01-02 13:37:00
OP111704,W0215,Night,E,32.0,0.0,2025-04-08 09:41:00
OP111705,W0433,Night,,48.0,0.0,2025-04-03 14:45:00
OP111706,W0320,Night,Z,46.0,1.0,2025-01-28 12:33:00
OP111707,W0057,Night,Z,13.0,2.0,2025-06-14 21:47:00
OP111708,W0218,Night,Z,26.0,1.0,2025-05-31 20:30:00
OP111709,W0377,,B,27.0,,2025-04-24 23:19:00
OP111710,W0343,Night,A,15.0,,2025-02-05 13:33:00
OP111711,W0472,,C,4.0,,2025-04-28 20:39:00
OP111712,W0057,,D,,1.0,2025-01-07 09:20:00
OP111713,W0046,Morning,B,11.0,0.0,2025-06-24 09:47:00
OP111714,W0443,Mornng,A,2.0,,2025-05-04 06:01:00
OP111715,W0385,Night,D,20.0,1.0,2025-06-11 17:14:00
OP111716,W0351,Mornng,B,3.0,2.0,2025-06-22 00:37:00
OP111717,W0096,Mornng,C,40.0,0.0,2025-03-21 08:20:00
OP111718,W0267,Mornng,E,41.0,,2025-03-31 20:36:00
OP111719,W0123,Mornng,E,17.0,0.0,2025-05-31 04:04:00
OP111720,W0014,Night,,30.0,1.0,2025-04-01 00:11:00
OP111721,W0480,Mornng,B,19.0,,2025-05-30 11:39:00
OP111722,W0408,,D,27.0,1.0,2025-04-06 05:39:00
OP111723,W0074,Morning,,2.0,2.0,2025-04-28 00:59:00
OP111724,W0314,,B,31.0,0.0,2025-03-27 06:34:00
OP111725,W0454,Morning,E,41.0,,2025-03-18 05:47:00
OP111726,W0216,Night,Z,45.0,,2025-01-23 10:43:00
OP111727,W0407,Morning,B,19.0,,2025-02-13 00:37:00
OP111728,W0132,Night,A,10.0,,2025-01-20 14:14:00
OP111729,W0299,Night,,35.0,1.0,2025-06-22 03:01:00
OP111730,W0447,,E,13.0,0.0,2025-04-18 11:13:00
OP111731,W0241,,A,38.0,1.0,2025-04-13 04:40:00
OP111732,W0056,Morning,D,12.0,,2025-05-21 14:24:00
OP111733,W0300,,C,28.0,1.0,2025-03-25 08:58:00
OP111734,W0018,Mornng,B,,0.0,2025-04-20 16:26:00
OP111735,W0205,,B,15.0,0.0,2025-03-18 11:56:00
OP111736,W0013,,B,32.0,2.0,2025-04-08 03:22:00
OP111737,W0460,,,-5.0,,2025-02-27 14:59:00
OP111738,W0405,Morning,B,12.0,2.0,2025-03-22 06:16:00
OP111739,W0269,Evening,C,27.0,0.0,2025-05-04 19:44:00
OP111740,W0496,,,24.0,1.0,2025-06-09 08:57:00
OP111741,W0039,Mornng,E,27.0,0.0,2025-04-11 00:59:00
OP111742,W0285,,,17.0,1.0,2025-04-29 16:40:00
OP111743,W0396,Evening,B,13.0,0.0,2025-01-26 12:39:00
OP111744,W0250,Morning,Z,42.0,2.0,2025-02-21 10:24:00
OP111745,W0485,,A,45.0,1.0,2025-05-04 04:07:00
OP111746,W0274,Evening,E,32.0,2.0,2025-02-04 04:20:00
OP111747,W0120,Morning,B,49.0,1.0,2025-05-11 06:21:00
OP111748,W0220,Mornng,E,32.0,0.0,2025-06-10 17:41:00
OP111749,W0035,,A,1.0,0.0,2025-01-27 11:36:00
OP111750,W0380,Morning,B,49.0,,2025-04-20 15:21:00
OP111751,W0032,Evening,E,0.0,1.0,2025-04-24 03:04:00
OP111752,W0421,,C,,2.0,2025-02-19 21:03:00
OP111753,W0153,Morning,A,7.0,2.0,2025-05-04 05:06:00
OP111754,W0492,Night,E,15.0,,2025-04-11 04:27:00
OP111755,W0158,Morning,A,21.0,0.0,2025-04-11 12:36:00
OP111756,W0390,,A,7.0,0.0,2025-03-18 01:00:00
OP111757,W0062,Morning,,,0.0,2025-01-07 06:14:00
OP111758,W0112,,C,1.0,1.0,2025-05-19 09:31:00
OP111759,W0314,Night,E,38.0,1.0,2025-05-22 00:34:00
OP111760,W0404,Evening,A,5.0,2.0,2025-03-23 00:42:00
OP111761,W0420,Night,A,46.0,0.0,2025-05-13 20:22:00
OP111762,W0487,,E,39.0,0.0,2025-01-16 01:38:00
OP111763,W0340,Morning,D,40.0,1.0,2025-03-05 21:48:00
OP111764,W0418,,E,0.0,2.0,2025-06-04 15:05:00
OP111765,W0181,Night,C,46.0,1.0,2025-01-07 20:53:00
OP111766,W0419,Morning,B,33.0,,2025-04-20 15:42:00
OP111767,W0278,Morning,,22.0,0.0,2025-01-17 16:05:00
OP111768,W0407,,,5.0,0.0,2025-03-18 06:11:00
OP111769,W0484,Night,Z,18.0,1.0,2025-05-17 03:11:00
OP111770,W0449,Mornng,C,4.0,0.0,2025-05-09 18:16:00
OP111771,W0013,Morning,,26.0,0.0,2025-06-10 15:37:00
OP111772,W0266,Night,Z,46.0,0.0,2025-02-10 21:28:00
OP111773,W0498,Evening,E,28.0,2.0,2025-01-27 10:30:00
OP111774,W0485,Night,Z,4.0,0.0,2025-03-02 13:13:00
OP111775,W0478,Evening,B,44.0,0.0,2025-04-22 14:06:00
OP111776,W0289,Night,D,24.0,0.0,2025-05-09 16:01:00
OP111777,W0484,Mornng,D,39.0,1.0,2025-01-19 00:20:00
OP111778,W0092,Mornng,D,17.0,2.0,2025-04-29 08:53:00
OP111779,W0101,Night,D,15.0,,2025-05-28 03:53:00
OP111780,W0370,Mornng,D,5.0,,2025-04-16 17:33:00
OP111781,W0443,,C,7.0,1.0,2025-03-24 22:14:00
OP111782,W0421,Mornng,A,38.0,2.0,2025-02-01 07:09:00
OP111783,W0475,,E,35.0,2.0,2025-02-25 04:29:00
OP111784,W0084,Mornng,D,16.0,1.0,2025-01-18 22:17:00
OP111785,W0317,Morning,,35.0,,2025-02-06 04:20:00
OP111786,W0042,,D,17.0,,2025-01-29 01:46:00
OP111787,W0175,Morning,D,38.0,2.0,2025-04-02 09:25:00
OP111788,W0336,Night,B,43.0,0.0,2025-06-05 04:18:00
OP111789,W0361,Morning,C,39.0,,2025-06-12 03:06:00
OP111790,W0260,,D,17.0,1.0,2025-01-12 06:46:00
OP111791,W0375,Evening,Z,22.0,,2025-04-11 09:11:00
OP111792,W0407,Morning,B,43.0,1.0,2025-01-06 23:47:00
OP111793,W0078,,D,44.0,,2025-03-20 17:37:00
OP111794,W0202,Mornng,B,1.0,1.0,2025-05-02 00:20:00
OP111795,W0151,Night,B,6.0,1.0,2025-05-18 11:47:00
OP111796,W0013,Mornng,E,24.0,1.0,2025-03-27 16:45:00
OP111797,W0452,,C,32.0,,2025-01-31 20:21:00
OP111798,W0454,,,31.0,2.0,invalid_date
OP111799,W0077,,D,18.0,1.0,2025-06-20 05:22:00
OP111800,W0054,Evening,Z,14.0,2.0,2025-04-09 09:14:00
OP111801,W0436,,D,20.0,1.0,2025-05-26 13:22:00
OP111802,W0095,,C,39.0,1.0,2025-02-06 08:27:00
OP111803,W0092,,B,48.0,0.0,2025-02-10 05:24:00
OP111804,W0375,Evening,C,41.0,0.0,2025-04-04 06:30:00
OP111805,W0171,Night,E,7.0,2.0,2025-04-26 23:12:00
OP111806,W0063,Evening,,3.0,1.0,2025-01-30 13:33:00
OP111807,W0193,Mornng,B,0.0,1.0,2025-03-27 02:43:00
OP111808,W0338,Mornng,,41.0,1.0,2025-02-01 12:23:00
OP111809,W0388,Night,B,28.0,0.0,2025-06-17 12:08:00
OP111810,W0193,,E,18.0,1.0,2025-01-17 21:21:00
OP111811,W0086,Morning,Z,12.0,0.0,2025-06-24 04:31:00
OP111812,W0153,Morning,,37.0,1.0,2025-02-04 15:42:00
OP111813,W0192,Morning,,43.0,1.0,2025-03-19 23:58:00
OP111814,W0054,Mornng,C,29.0,1.0,2025-05-15 17:25:00
OP111815,W0183,Mornng,Z,6.0,0.0,2025-02-05 17:55:00
OP111816,W0043,Night,B,26.0,0.0,2025-05-10 16:12:00
OP111817,W0215,Night,C,34.0,2.0,2025-04-17 03:57:00
OP111818,W0123,,,25.0,1.0,2025-05-12 13:02:00
OP111819,W0124,Evening,D,26.0,1.0,2025-01-13 22:35:00
OP111820,W0022,Night,C,-5.0,0.0,2025-02-28 22:27:00
OP111821,W0259,,E,29.0,,2025-01-30 23:00:00
OP111822,W0453,,E,34.0,1.0,2025-04-26 18:18:00
OP111823,W0497,,E,32.0,1.0,2025-04-18 06:38:00
OP111824,W0380,Mornng,Z,12.0,,2025-05-07 10:50:00
OP111825,W0496,Evening,E,42.0,2.0,2025-03-25 02:53:00
OP111826,W0084,Morning,B,49.0,2.0,2025-06-09 22:32:00
OP111827,W0135,Evening,D,34.0,2.0,2025-05-17 16:24:00
OP111828,W0063,Evening,E,32.0,,2025-05-24 06:09:00
OP111829,W0264,,,3.0,2.0,2025-05-16 17:15:00
OP111830,W0022,Evening,Z,37.0,1.0,2025-06-27 20:29:00
OP111831,W0226,Mornng,A,48.0,2.0,2025-01-09 10:32:00
OP111832,W0221,,Z,20.0,,2025-04-19 08:18:00
OP111833,W0199,,Z,13.0,,2025-03-12 13:05:00
OP111834,W0319,Evening,A,9.0,1.0,2025-01-12 21:56:00
OP111835,W0421,,C,45.0,2.0,2025-01-01 22:29:00
OP111836,W0266,,,1.0,,2025-01-11 00:57:00
OP111837,W0479,Night,Z,44.0,2.0,2025-05-11 02:58:00
OP111838,W0071,Mornng,E,25.0,,2025-05-24 12:53:00
OP111839,W0393,,B,21.0,,2025-02-08 17:45:00
OP111840,W0360,Mornng,C,44.0,0.0,2025-02-05 06:26:00
OP111841,W0457,Evening,B,15.0,2.0,2025-01-20 00:14:00
OP111842,W0163,Mornng,D,38.0,0.0,2025-02-26 08:05:00
OP111843,W0095,,C,7.0,,2025-04-03 19:07:00
OP111844,W0440,,A,18.0,2.0,2025-05-20 04:11:00
OP111845,W0174,,E,41.0,,2025-02-18 00:39:00
OP111846,W0476,,A,11.0,2.0,2025-04-17 03:38:00
OP111847,W0429,Mornng,D,49.0,,2025-03-26 09:07:00
OP111848,W0330,Mornng,B,28.0,,2025-05-17 20:27:00
OP111849,W0458,Morning,A,6.0,2.0,2025-01-19 03:34:00
OP111850,W0334,Evening,D,13.0,1.0,2025-04-30 13:58:00
OP111851,W0472,Evening,E,34.0,1.0,2025-02-08 18:55:00
OP111852,W0372,Mornng,D,22.0,0.0,2025-02-05 22:16:00
OP111853,W0315,Mornng,E,42.0,,2025-03-21 06:03:00
OP111854,W0393,,Z,31.0,1.0,2025-02-28 11:06:00
OP111855,W0023,,A,46.0,1.0,2025-02-12 00:02:00
OP111856,W0321,Mornng,D,35.0,2.0,2025-01-20 12:56:00
OP111857,W0044,Mornng,E,44.0,0.0,2025-02-16 05:57:00
OP111858,W0216,Night,Z,3.0,2.0,2025-04-21 01:04:00
OP111859,W0276,Evening,E,47.0,2.0,2025-03-27 17:27:00
OP111860,W0243,Night,E,40.0,2.0,2025-04-12 09:45:00
OP111861,W0049,Mornng,,32.0,0.0,2025-02-19 13:42:00
OP111862,W0255,,C,25.0,2.0,2025-02-17 16:56:00
OP111863,W0165,,,2.0,,2025-01-31 01:45:00
OP111864,W0157,Mornng,D,7.0,,2025-06-04 09:03:00
OP111865,W0227,,Z,21.0,2.0,2025-03-09 20:45:00
OP111866,W0128,,A,40.0,,2025-01-19 22:35:00
OP111867,W0345,,D,22.0,2.0,2025-06-19 08:42:00
OP111868,W0479,,Z,20.0,0.0,2025-02-07 21:53:00
OP111869,W0274,Evening,C,1.0,0.0,invalid_date
OP111870,W0257,Evening,C,4.0,0.0,2025-05-06 11:40:00
OP111871,W0334,Morning,E,48.0,2.0,2025-04-19 05:16:00
OP111872,W0245,,,35.0,,2025-04-06 17:56:00
OP111873,W0333,,E,16.0,0.0,2025-04-22 04:53:00
OP111874,W0328,Evening,A,2.0,1.0,2025-02-03 21:56:00
OP111875,W0099,Mornng,,1.0,1.0,2025-06-19 03:47:00
OP111876,W0002,,D,40.0,1.0,2025-04-17 02:50:00
OP111877,W0329,,B,46.0,2.0,2025-05-03 13:36:00
OP111878,W0457,Night,D,31.0,2.0,2025-06-09 05:12:00
OP111879,W0217,Mornng,E,20.0,2.0,2025-03-13 20:05:00
OP111880,W0155,Morning,E,8.0,1.0,2025-06-27 21:02:00
OP111881,W0270,Morning,Z,31.0,0.0,2025-03-04 13:17:00
OP111882,W0146,Morning,E,32.0,2.0,2025-05-13 06:31:00
OP111883,W0421,,B,15.0,0.0,2025-02-23 12:13:00
OP111884,W0354,,,-5.0,,2025-02-01 13:21:00
OP111885,W0472,Morning,Z,6.0,1.0,2025-04-18 13:02:00
OP111886,W0393,,B,0.0,0.0,2025-06-29 03:36:00
OP111887,W0058,,A,31.0,0.0,2025-05-10 18:39:00
OP111888,W0001,,E,3.0,2.0,2025-06-26 01:33:00
OP111889,W0372,,B,28.0,2.0,2025-06-17 17:22:00
OP111890,W0003,Morning,B,44.0,0.0,2025-04-06 21:29:00
OP111891,W0042,Mornng,E,45.0,,2025-01-18 01:36:00
OP111892,W0431,,E,36.0,,2025-01-23 23:23:00
OP111893,W0043,,E,21.0,2.0,2025-03-31 13:56:00
OP111894,W0070,Evening,B,38.0,,2025-03-16 07:44:00
OP111895,W0478,Morning,D,14.0,1.0,2025-01-25 05:37:00
OP111896,W0035,Evening,Z,20.0,1.0,2025-04-24 15:41:00
OP111897,W0147,Morning,Z,30.0,1.0,2025-01-30 17:16:00
OP111898,W0414,Evening,C,3.0,1.0,2025-06-05 03:04:00
OP111899,W0407,Night,D,13.0,2.0,2025-02-07 22:59:00
OP111900,W0217,,B,31.0,,2025-06-22 23:33:00
OP111901,W0434,,C,46.0,,2025-05-15 02:27:00
OP111902,W0014,Evening,E,20.0,1.0,2025-04-17 18:56:00
OP111903,W0015,Mornng,E,38.0,,2025-03-31 18:09:00
OP111904,W0225,Mornng,E,30.0,0.0,2025-02-21 16:02:00
OP111905,W0122,Evening,E,6.0,0.0,2025-01-05 00:12:00
OP111906,W0003,Mornng,A,36.0,,2025-05-31 01:18:00
OP111907,W0376,Night,Z,22.0,,2025-01-16 11:21:00
OP111908,W0194,Night,D,5.0,1.0,2025-03-11 04:52:00
OP111909,W0031,Morning,C,39.0,,2025-06-12 08:20:00
OP111910,W0149,Morning,,7.0,0.0,2025-06-28 17:03:00
OP111911,W0027,Evening,C,33.0,,2025-03-20 09:08:00
OP111912,W0137,,D,16.0,0.0,2025-06-22 13:13:00
OP111913,W0237,Night,A,,0.0,2025-01-05 07:36:00
OP111914,W0369,,C,17.0,0.0,2025-03-25 05:24:00
OP111915,W0024,Mornng,,13.0,2.0,2025-06-05 11:23:00
OP111916,W0426,Evening,Z,15.0,0.0,2025-06-27 20:08:00
OP111917,W0418,Evening,C,36.0,0.0,2025-03-06 13:23:00
OP111918,W0403,,E,-5.0,2.0,2025-05-08 17:09:00
OP111919,W0048,Morning,E,45.0,2.0,2025-04-11 22:18:00
OP111920,W0024,Morning,Z,33.0,0.0,2025-04-07 19:24:00
OP111921,W0083,Morning,A,24.0,2.0,2025-02-09 08:03:00
OP111922,W0453,,,49.0,2.0,2025-02-03 04:09:00
OP111923,W0238,Night,Z,13.0,,2025-02-18 10:53:00
OP111924,W0253,,D,25.0,0.0,2025-06-28 00:08:00
OP111925,W0235,Morning,C,22.0,,2025-04-01 00:13:00
OP111926,W0382,,,7.0,0.0,2025-01-29 01:26:00
OP111927,W0062,Evening,B,5.0,0.0,2025-01-01 14:06:00
OP111928,W0055,Morning,C,7.0,2.0,2025-02-11 04:28:00
OP111929,W0073,Evening,E,33.0,1.0,2025-06-27 11:46:00
OP111930,W0467,,E,37.0,,2025-02-01 10:43:00
OP111931,W0294,Evening,A,,2.0,2025-01-28 11:38:00
OP111932,W0184,,Z,21.0,1.0,2025-01-18 19:23:00
OP111933,W0398,,,19.0,0.0,2025-03-23 12:14:00
OP111934,W0097,Mornng,,7.0,2.0,2025-03-30 02:22:00
OP111935,W0436,,B,38.0,,2025-04-10 19:48:00
OP111936,W0276,,E,26.0,,2025-02-26 09:46:00
OP111937,W0007,Evening,,48.0,0.0,2025-06-05 08:48:00
OP111938,W0025,Evening,,32.0,0.0,2025-04-13 02:55:00
OP111939,W0246,,A,46.0,0.0,2025-06-07 23:57:00
OP111940,W0242,,Z,31.0,,2025-02-17 12:53:00
OP111941,W0005,Mornng,Z,30.0,,2025-02-26 22:32:00
OP111942,W0207,Mornng,B,12.0,0.0,2025-02-20 19:34:00
OP111943,W0140,Night,E,13.0,1.0,2025-02-28 11:22:00
OP111944,W0287,Night,A,45.0,,2025-05-29 16:25:00
OP111945,W0499,Mornng,A,27.0,2.0,2025-02-09 10:05:00
OP111946,W0304,Mornng,C,12.0,,2025-03-03 09:47:00
OP111947,W0132,,Z,36.0,2.0,2025-06-01 12:25:00
OP111948,W0448,Mornng,A,45.0,2.0,2025-05-05 08:55:00
OP111949,W0493,Morning,A,32.0,2.0,2025-01-24 14:48:00
OP111950,W0457,Mornng,B,11.0,0.0,2025-05-22 00:27:00
OP111951,W0310,,D,48.0,0.0,invalid_date
OP111952,W0282,Morning,D,2.0,1.0,2025-01-03 01:05:00
OP111953,W0463,Mornng,,37.0,,2025-03-19 17:46:00
OP111954,W0451,Night,A,36.0,1.0,2025-05-26 21:03:00
OP111955,W0363,Night,C,24.0,1.0,2025-05-11 09:22:00
OP111956,W0360,Night,,5.0,,2025-01-27 12:16:00
OP111957,W0207,Night,A,47.0,0.0,2025-06-14 00:29:00
OP111958,W0462,Morning,C,28.0,1.0,2025-04-24 05:37:00
OP111959,W0153,Mornng,,17.0,2.0,2025-03-09 01:37:00
OP111960,W0406,Morning,B,21.0,,2025-04-26 17:07:00
OP111961,W0381,Morning,C,36.0,,2025-03-06 12:59:00
OP111962,W0221,Mornng,,23.0,0.0,2025-03-23 09:00:00
OP111963,W0450,Night,A,38.0,1.0,2025-01-11 22:47:00
OP111964,W0490,Night,Z,14.0,0.0,2025-06-08 20:03:00
OP111965,W0028,Morning,C,14.0,0.0,2025-01-20 10:28:00
OP111966,W0487,Morning,B,40.0,0.0,2025-02-07 07:34:00
OP111967,W0017,,B,43.0,0.0,2025-01-28 16:30:00
OP111968,W0116,Night,Z,3.0,,2025-04-05 12:17:00
OP111969,W0304,Morning,,6.0,1.0,2025-06-09 02:45:00
OP111970,W0269,,E,48.0,,2025-05-27 23:43:00
OP111971,W0477,Mornng,E,22.0,,2025-03-31 07:07:00
OP111972,W0411,Morning,D,3.0,,2025-06-26 22:05:00
OP111973,W0010,,C,0.0,1.0,2025-01-19 11:12:00
OP111974,W0136,Evening,A,14.0,2.0,2025-04-02 12:52:00
OP111975,W0257,,,14.0,1.0,2025-01-18 15:56:00
OP111976,W0241,Morning,,11.0,,2025-06-06 16:01:00
OP111977,W0129,,C,4.0,,2025-03-30 20:57:00
OP111978,W0072,Evening,B,5.0,0.0,2025-01-04 07:25:00
OP111979,W0222,,B,34.0,,2025-02-23 12:10:00
OP111980,W0072,Night,B,45.0,,2025-04-09 06:20:00
OP111981,W0385,Mornng,,37.0,1.0,2025-01-18 22:34:00
OP111982,W0159,,B,47.0,,2025-03-22 22:23:00
OP111983,W0197,Mornng,,22.0,,2025-05-01 18:39:00
OP111984,W0052,Morning,C,0.0,,2025-01-02 04:49:00
OP111985,W0145,Evening,B,44.0,1.0,2025-03-30 09:18:00
OP111986,W0108,Morning,B,-5.0,0.0,2025-06-28 23:36:00
OP111987,W0020,Evening,,15.0,1.0,2025-02-12 01:36:00
OP111988,W0219,,A,10.0,,2025-03-13 04:12:00
OP111989,W0273,,A,0.0,0.0,2025-04-10 23:21:00
OP111990,W0305,Mornng,,31.0,1.0,2025-06-18 08:49:00
OP111991,W0378,Evening,A,13.0,0.0,2025-05-09 05:50:00
OP111992,W0107,Evening,B,42.0,1.0,invalid_date
OP111993,W0156,Mornng,D,3.0,,2025-05-19 17:31:00
OP111994,W0439,Morning,B,47.0,,2025-03-21 03:52:00
OP111995,W0097,Evening,C,35.0,1.0,2025-03-22 09:19:00
OP111996,W0465,,E,32.0,1.0,2025-06-06 03:12:00
OP111997,W0418,Evening,A,30.0,1.0,2025-06-26 00:24:00
OP111998,W0148,Mornng,A,8.0,1.0,2025-03-14 20:11:00
OP111999,W0029,Morning,B,44.0,2.0,2025-06-10 11:36:00
OP112000,W0268,,A,8.0,2.0,2025-04-18 05:11:00
OP112001,W0412,Mornng,A,27.0,2.0,2025-06-11 16:33:00
OP112002,W0495,,B,32.0,0.0,2025-03-22 11:42:00
OP112003,W0316,Morning,B,5.0,1.0,2025-02-09 09:20:00
OP112004,W0157,Night,Z,7.0,0.0,2025-05-04 09:24:00
OP112005,W0324,Night,D,43.0,1.0,2025-01-10 22:40:00
OP112006,W0270,,B,43.0,0.0,2025-06-24 08:34:00
OP112007,W0164,Mornng,,14.0,1.0,2025-02-25 12:09:00
OP112008,W0048,,B,49.0,0.0,2025-03-11 00:41:00
OP112009,W0173,Mornng,Z,15.0,2.0,2025-04-26 14:31:00
OP112010,W0030,,E,47.0,2.0,invalid_date
OP112011,W0291,Night,E,30.0,,2025-01-15 21:05:00
OP112012,W0016,Evening,A,33.0,,2025-06-11 13:05:00
OP112013,W0176,,B,,2.0,2025-02-12 01:12:00
OP112014,W0208,Night,B,36.0,0.0,2025-06-11 09:15:00
OP112015,W0463,Night,B,11.0,2.0,2025-02-11 02:53:00
OP112016,W0228,Morning,A,31.0,1.0,2025-02-04 18:11:00
OP112017,W0370,,E,33.0,1.0,2025-04-03 22:17:00
OP112018,W0011,Mornng,A,34.0,,2025-02-09 03:57:00
OP112019,W0094,,D,25.0,0.0,2025-01-22 09:49:00
OP112020,W0111,Night,,28.0,0.0,2025-02-19 20:38:00
OP112021,W0162,,E,15.0,1.0,2025-03-25 19:13:00
OP112022,W0337,,A,-5.0,1.0,2025-04-13 13:13:00
OP112023,W0382,Mornng,,41.0,0.0,2025-04-15 12:59:00
OP112024,W0016,Morning,,34.0,0.0,2025-05-10 10:30:00
OP112025,W0202,Morning,D,5.0,2.0,2025-03-01 14:15:00
OP112026,W0397,Night,D,48.0,0.0,2025-03-04 03:45:00
OP112027,W0271,,C,46.0,1.0,2025-02-23 13:06:00
OP112028,W0134,Evening,,12.0,0.0,2025-04-01 13:23:00
OP112029,W0428,Evening,,45.0,0.0,2025-03-17 05:48:00
OP112030,W0101,Morning,A,39.0,,2025-01-01 08:12:00
OP112031,W0409,,Z,41.0,0.0,2025-06-13 18:48:00
OP112032,W0417,,,28.0,2.0,2025-02-15 09:38:00
OP112033,W0420,Mornng,E,31.0,,2025-02-20 16:12:00
OP112034,W0170,Morning,A,43.0,1.0,2025-05-03 20:55:00
OP112035,W0169,,Z,38.0,0.0,2025-03-20 01:41:00
OP112036,W0050,,C,16.0,1.0,2025-06-09 11:20:00
OP112037,W0316,Night,E,28.0,0.0,2025-06-17 19:17:00
OP112038,W0230,Mornng,C,20.0,1.0,2025-06-20 18:16:00
OP112039,W0360,Mornng,E,10.0,2.0,2025-04-20 23:26:00
OP112040,W0170,Mornng,D,3.0,0.0,2025-04-23 15:44:00
OP112041,W0452,Mornng,D,45.0,0.0,2025-05-20 07:57:00
OP112042,W0449,,E,8.0,0.0,2025-01-16 09:28:00
OP112043,W0457,Morning,E,22.0,0.0,2025-06-28 16:39:00
OP112044,W0460,Mornng,A,3.0,1.0,invalid_date
OP112045,W0386,Morning,Z,15.0,2.0,2025-03-18 04:44:00
OP112046,,,D,30.0,2.0,2025-05-28 02:17:00
OP112047,W0415,Night,,35.0,,2025-03-16 09:10:00
OP112048,W0305,Evening,D,42.0,2.0,2025-02-22 16:45:00
OP112049,W0266,Mornng,A,10.0,,2025-01-24 08:27:00
OP112050,W0342,Evening,,9.0,1.0,2025-02-08 09:10:00
OP112051,W0239,,B,17.0,2.0,2025-06-03 15:28:00
OP112052,W0362,,A,25.0,2.0,2025-06-07 09:05:00
OP112053,W0024,Evening,B,0.0,2.0,2025-02-21 19:40:00
OP112054,W0189,,Z,45.0,,2025-03-31 14:28:00
OP112055,W0307,Mornng,,21.0,1.0,2025-06-22 04:54:00
OP112056,W0442,,Z,31.0,0.0,2025-02-18 14:50:00
OP112057,W0478,Night,D,19.0,0.0,2025-03-15 07:57:00
OP112058,W0324,Morning,E,12.0,2.0,2025-03-03 05:23:00
OP112059,W0014,,A,2.0,0.0,2025-01-31 09:29:00
OP112060,W0033,Mornng,,12.0,2.0,2025-02-26 15:26:00
OP112061,W0334,,C,33.0,1.0,2025-01-07 17:35:00
OP112062,W0390,Night,D,46.0,1.0,2025-06-13 13:20:00
OP112063,W0189,Night,B,3.0,,2025-01-22 02:37:00
OP112064,W0365,Evening,,9.0,1.0,2025-05-29 23:32:00
OP112065,W0279,Mornng,B,27.0,0.0,2025-02-27 05:34:00
OP112066,W0115,,Z,48.0,2.0,2025-06-22 15:35:00
OP112067,W0341,Morning,E,10.0,1.0,2025-01-26 03:17:00
OP112068,W0451,Mornng,B,35.0,0.0,2025-03-22 22:47:00
OP112069,W0113,Night,B,9.0,0.0,2025-01-19 11:11:00
OP112070,W0339,,A,29.0,,2025-02-08 11:13:00
OP112071,W0054,Evening,B,43.0,2.0,2025-05-11 13:17:00
OP112072,W0180,Evening,E,17.0,2.0,2025-04-12 01:22:00
OP112073,W0421,Night,A,31.0,2.0,2025-04-26 14:45:00
OP112074,W0356,Evening,C,12.0,2.0,2025-06-21 10:23:00
OP112075,W0331,Mornng,C,22.0,0.0,2025-06-13 13:05:00
OP112076,W0373,Night,D,5.0,2.0,2025-05-13 09:08:00
OP112077,W0149,Night,Z,2.0,2.0,2025-01-09 05:36:00
OP112078,W0250,,A,5.0,1.0,2025-01-13 03:49:00
OP112079,W0066,Morning,B,20.0,0.0,2025-01-17 12:23:00
OP112080,W0322,,E,0.0,1.0,2025-01-15 03:49:00
OP112081,W0151,,Z,17.0,,2025-06-12 15:06:00
OP112082,W0446,Mornng,E,14.0,1.0,2025-06-01 06:14:00
OP112083,W0412,,Z,28.0,2.0,2025-06-24 17:41:00
OP112084,W0204,Morning,D,35.0,2.0,2025-01-06 04:13:00
OP112085,W0475,Morning,E,14.0,,2025-01-23 06:57:00
OP112086,W0356,Night,B,14.0,2.0,2025-01-18 10:58:00
OP112087,W0108,Night,D,-5.0,1.0,2025-06-29 06:29:00
OP112088,W0014,Mornng,C,18.0,2.0,2025-02-25 13:27:00
OP112089,W0198,,D,10.0,0.0,2025-05-09 10:40:00
OP112090,W0291,Evening,Z,6.0,1.0,2025-04-09 12:10:00
OP112091,W0047,Evening,B,31.0,,2025-01-07 21:17:00
OP112092,W0178,Morning,A,21.0,2.0,2025-05-23 15:01:00
OP112093,W0379,Morning,C,35.0,,invalid_date
OP112094,W0321,Morning,B,9.0,0.0,2025-04-09 16:51:00
OP112095,W0225,Mornng,,38.0,0.0,2025-01-18 20:08:00
OP112096,W0394,Mornng,D,26.0,0.0,2025-06-06 16:26:00
OP112097,W0068,Evening,D,20.0,,2025-01-27 11:44:00
OP112098,W0192,Morning,E,13.0,1.0,2025-03-30 01:07:00
OP112099,W0055,Morning,D,10.0,,2025-02-04 08:18:00
OP112100,W0212,Mornng,B,4.0,,2025-03-19 00:56:00
OP112101,W0053,Night,D,22.0,2.0,2025-03-04 06:57:00
OP112102,W0125,Night,A,44.0,2.0,invalid_date
OP112103,W0101,Morning,Z,1.0,,2025-01-03 00:25:00
OP112104,W0134,,A,39.0,,2025-04-10 10:08:00
OP112105,W0125,Night,A,24.0,2.0,2025-02-07 19:02:00
OP112106,W0031,,D,29.0,1.0,2025-05-01 07:33:00
OP112107,W0378,Evening,E,2.0,2.0,2025-05-06 00:46:00
OP112108,W0450,Evening,Z,8.0,2.0,2025-02-06 14:05:00
OP112109,W0276,,D,25.0,,2025-05-13 17:27:00
OP112110,W0020,Morning,C,2.0,0.0,2025-05-13 07:21:00
OP112111,W0298,Morning,C,2.0,,2025-04-01 23:37:00
OP112112,W0387,Night,A,20.0,0.0,2025-06-29 04:42:00
OP112113,W0388,,D,44.0,,2025-04-14 21:29:00
OP112114,W0267,,Z,32.0,1.0,2025-06-18 18:48:00
OP112115,W0178,,,34.0,0.0,2025-01-12 06:05:00
OP112116,W0139,,Z,26.0,,2025-03-25 02:15:00
OP112117,W0237,,A,41.0,1.0,2025-01-04 23:59:00
OP112118,W0207,Morning,C,46.0,1.0,2025-02-22 22:49:00
OP112119,W0005,Morning,A,28.0,0.0,2025-04-30 11:09:00
OP112120,W0059,Evening,D,12.0,2.0,2025-06-14 17:45:00
OP112121,W0454,Night,D,35.0,2.0,2025-01-21 18:05:00
OP112122,W0416,,E,45.0,,2025-05-26 06:09:00
OP112123,W0008,Mornng,C,40.0,1.0,2025-06-07 00:54:00
OP112124,W0473,Evening,,44.0,0.0,2025-03-30 03:17:00
OP112125,W0144,Morning,A,15.0,0.0,2025-01-11 21:06:00
OP112126,W0308,,E,28.0,2.0,2025-06-22 18:39:00
OP112127,W0313,,B,3.0,0.0,2025-05-05 19:17:00
OP112128,W0116,Night,,18.0,2.0,2025-01-12 23:34:00
OP112129,W0257,Mornng,Z,6.0,0.0,2025-01-14 23:55:00
OP112130,W0459,Night,B,45.0,,2025-01-02 16:22:00
OP112131,W0368,Morning,D,6.0,2.0,2025-05-25 09:34:00
OP112132,W0183,Evening,Z,40.0,1.0,2025-05-03 23:29:00
OP112133,W0353,Mornng,B,17.0,2.0,2025-02-01 12:42:00
OP112134,W0219,Night,A,35.0,1.0,2025-02-27 20:14:00
OP112135,W0037,Mornng,A,46.0,1.0,2025-03-13 22:03:00
OP112136,W0011,Night,C,22.0,,2025-05-17 07:17:00
OP112137,W0201,Evening,,21.0,1.0,2025-01-28 23:45:00
OP112138,W0052,,A,38.0,0.0,2025-02-08 19:21:00
OP112139,W0299,Night,E,39.0,1.0,2025-05-01 07:35:00
OP112140,W0275,Evening,C,39.0,,2025-06-14 20:49:00
OP112141,W0198,,E,46.0,,2025-05-03 04:35:00
OP112142,W0320,Morning,C,25.0,,2025-01-31 23:37:00
OP112143,W0191,,B,42.0,1.0,2025-06-10 22:46:00
OP112144,W0257,Mornng,,9.0,1.0,2025-06-08 15:07:00
OP112145,W0179,Night,B,27.0,1.0,2025-02-08 01:21:00
OP112146,W0018,Mornng,,1.0,2.0,2025-03-16 05:53:00
OP112147,W0450,Night,Z,29.0,2.0,2025-04-07 19:32:00
OP112148,W0327,,Z,15.0,0.0,2025-05-06 10:52:00
OP112149,W0025,Mornng,D,26.0,0.0,2025-03-23 09:16:00
OP112150,W0456,,E,2.0,0.0,2025-06-10 00:08:00
OP112151,W0211,Evening,D,4.0,2.0,2025-04-26 15:46:00
OP112152,W0190,,E,29.0,,2025-04-03 09:46:00
OP112153,W0442,,E,18.0,1.0,2025-04-07 16:01:00
OP112154,W0097,Night,C,49.0,0.0,2025-01-17 03:39:00
OP112155,W0199,,E,12.0,0.0,2025-01-17 16:56:00
OP112156,W0028,,Z,10.0,,2025-06-10 09:44:00
OP112157,W0023,,B,23.0,0.0,2025-01-30 15:22:00
OP112158,W0421,Evening,D,26.0,2.0,2025-03-01 23:03:00
OP112159,W0461,Night,A,1.0,0.0,2025-04-16 10:25:00
OP112160,W0470,Night,D,41.0,2.0,2025-04-22 15:42:00
OP112161,W0273,Morning,A,49.0,1.0,2025-02-28 02:30:00
OP112162,W0451,,E,37.0,1.0,2025-02-11 19:03:00
OP112163,W0352,Mornng,,10.0,1.0,2025-05-10 01:27:00
OP112164,W0486,Night,Z,24.0,0.0,2025-03-01 05:10:00
OP112165,W0294,Morning,B,26.0,2.0,2025-05-09 22:34:00
OP112166,W0220,,B,27.0,0.0,2025-02-12 00:12:00
OP112167,W0301,Night,,17.0,1.0,2025-02-18 15:36:00
OP112168,W0124,,C,20.0,2.0,2025-04-30 10:57:00
OP112169,W0121,Mornng,E,34.0,,2025-04-07 23:55:00
OP112170,W0005,Mornng,B,25.0,2.0,2025-02-26 06:33:00
OP112171,W0132,,Z,19.0,0.0,2025-04-26 23:52:00
OP112172,W0428,Night,Z,40.0,,2025-01-25 23:01:00
OP112173,W0266,,D,15.0,1.0,2025-05-19 02:13:00
OP112174,W0298,,A,30.0,2.0,2025-03-10 07:20:00
OP112175,W0223,,,47.0,,2025-04-07 13:09:00
OP112176,W0237,Mornng,B,7.0,2.0,2025-05-19 15:53:00
OP112177,W0308,Evening,A,24.0,0.0,2025-02-25 14:50:00
OP112178,W0257,Night,,8.0,,2025-01-10 04:29:00
OP112179,W0154,Night,B,30.0,,2025-01-19 09:27:00
OP112180,W0196,Morning,C,8.0,,2025-05-07 14:20:00
OP112181,W0129,Night,D,43.0,2.0,2025-03-16 03:56:00
OP112182,W0147,,C,28.0,0.0,2025-03-12 12:12:00
OP112183,W0361,Morning,D,28.0,1.0,2025-01-27 07:52:00
OP112184,W0142,Evening,A,1.0,0.0,2025-03-24 19:24:00
OP112185,W0347,,D,25.0,2.0,2025-01-05 17:29:00
OP112186,W0472,,,,0.0,2025-01-14 18:36:00
OP112187,W0260,Night,C,27.0,,2025-03-22 09:07:00
OP112188,W0393,Mornng,Z,0.0,2.0,2025-04-01 16:18:00
OP112189,W0177,Night,A,32.0,2.0,2025-05-25 10:58:00
OP112190,W0297,Morning,E,17.0,1.0,2025-05-26 23:43:00
OP112191,W0374,Morning,D,42.0,,2025-06-08 03:49:00
OP112192,W0104,Morning,Z,9.0,2.0,2025-02-02 05:55:00
OP112193,W0007,Morning,A,38.0,2.0,2025-05-15 18:38:00
OP112194,W0168,Mornng,E,21.0,0.0,2025-01-12 05:17:00
OP112195,W0444,Mornng,C,23.0,,2025-04-13 10:37:00
OP112196,W0397,,Z,18.0,1.0,2025-05-29 13:30:00
OP112197,W0222,Night,A,39.0,1.0,2025-02-19 16:23:00
OP112198,W0486,Mornng,B,4.0,0.0,2025-04-05 19:00:00
OP112199,W0121,Morning,B,40.0,,2025-06-11 11:19:00
OP112200,W0325,,A,24.0,0.0,2025-04-17 00:50:00
OP112201,W0347,,Z,-5.0,1.0,2025-06-13 15:09:00
OP112202,W0087,Night,E,33.0,2.0,2025-03-08 03:59:00
OP112203,W0267,Morning,,38.0,2.0,2025-04-15 08:12:00
OP112204,W0123,Morning,E,1.0,1.0,2025-02-22 13:53:00
OP112205,W0105,Night,C,15.0,2.0,2025-04-01 17:24:00
OP112206,W0306,Morning,D,33.0,2.0,2025-03-06 10:29:00
OP112207,W0166,Evening,E,35.0,2.0,2025-04-06 04:51:00
OP112208,W0446,Evening,E,48.0,0.0,2025-01-15 11:38:00
OP112209,W0246,Night,A,33.0,1.0,2025-03-17 19:02:00
OP112210,W0221,Night,E,42.0,1.0,2025-06-01 18:56:00
OP112211,W0243,Morning,Z,23.0,0.0,2025-04-29 19:07:00
OP112212,W0153,Mornng,D,,2.0,2025-06-05 13:02:00
OP112213,,,Z,35.0,,2025-04-20 00:20:00
OP112214,W0412,,C,30.0,1.0,2025-02-15 11:51:00
OP112215,W0166,Evening,A,26.0,1.0,2025-05-21 23:19:00
OP112216,W0366,Evening,C,40.0,,2025-03-23 19:55:00
OP112217,W0189,,Z,16.0,0.0,2025-06-08 14:39:00
OP112218,W0192,Evening,C,37.0,2.0,invalid_date
OP112219,W0099,Mornng,B,41.0,1.0,2025-01-31 12:42:00
OP112220,W0269,,E,29.0,,2025-05-18 05:30:00
OP112221,W0475,Morning,Z,0.0,0.0,2025-05-19 07:24:00
OP112222,W0380,,,44.0,1.0,2025-01-30 12:35:00
OP112223,W0259,,D,37.0,1.0,2025-02-06 21:04:00
OP112224,W0238,Mornng,D,11.0,1.0,2025-04-18 06:50:00
OP112225,W0276,,E,38.0,2.0,invalid_date
OP112226,W0091,Night,A,6.0,0.0,2025-01-10 23:33:00
OP112227,W0096,,,40.0,0.0,2025-01-28 18:36:00
OP112228,W0093,Evening,A,16.0,1.0,2025-04-27 15:36:00
OP112229,W0176,Morning,A,6.0,,2025-03-16 03:35:00
OP112230,W0104,Night,B,42.0,2.0,2025-02-15 21:21:00
OP112231,W0255,Morning,B,40.0,,2025-04-06 23:05:00
OP112232,W0476,,B,18.0,1.0,2025-01-03 03:33:00
OP112233,W0065,,E,0.0,0.0,2025-05-13 10:53:00
OP112234,W0186,Evening,E,4.0,1.0,2025-05-30 18:14:00
OP112235,W0498,Evening,B,8.0,1.0,2025-06-23 07:31:00
OP112236,W0166,Night,Z,4.0,0.0,2025-04-03 16:33:00
OP112237,W0135,,E,-5.0,,2025-02-09 20:34:00
OP112238,W0091,Evening,C,6.0,1.0,2025-02-01 22:31:00
OP112239,W0016,Morning,E,15.0,1.0,2025-03-28 06:02:00
OP112240,W0125,Mornng,Z,46.0,2.0,2025-02-08 21:11:00
OP112241,W0100,Night,D,12.0,1.0,2025-02-24 11:13:00
OP112242,W0407,,,7.0,2.0,2025-04-08 05:59:00
OP112243,W0495,Night,,7.0,1.0,2025-05-23 05:36:00
OP112244,W0141,Morning,C,26.0,,2025-04-28 16:28:00
OP112245,W0310,Mornng,,41.0,0.0,2025-04-02 23:29:00
OP112246,W0210,Night,E,7.0,1.0,2025-03-20 03:26:00
OP112247,W0358,Night,B,9.0,0.0,2025-05-26 07:27:00
OP112248,W0382,Morning,,20.0,,2025-05-21 11:50:00
OP112249,W0389,,C,37.0,1.0,2025-03-31 23:42:00
OP112250,W0158,Mornng,B,9.0,0.0,2025-01-01 05:23:00
OP112251,W0232,,,44.0,2.0,2025-03-19 16:27:00
OP112252,W0409,,B,15.0,0.0,2025-02-09 00:49:00
OP112253,W0302,,B,3.0,0.0,2025-03-17 07:11:00
OP112254,W0480,,D,27.0,2.0,2025-03-28 01:27:00
OP112255,W0201,,D,44.0,0.0,2025-05-01 14:45:00
OP112256,W0178,Morning,A,31.0,2.0,2025-01-24 12:08:00
OP112257,W0090,Morning,Z,1.0,,2025-03-23 03:59:00
OP112258,W0440,Night,E,8.0,,2025-01-16 18:06:00
OP112259,W0426,Evening,,47.0,1.0,2025-04-17 19:06:00
OP112260,W0071,Evening,C,15.0,0.0,2025-06-16 10:04:00
OP112261,W0152,Night,B,19.0,0.0,2025-02-17 01:14:00
OP112262,W0332,Night,A,46.0,1.0,2025-03-28 12:53:00
OP112263,W0010,Morning,A,42.0,,2025-02-20 22:30:00
OP112264,W0465,Night,E,3.0,1.0,2025-06-06 13:12:00
OP112265,W0086,Morning,A,40.0,2.0,2025-01-14 15:45:00
OP112266,W0452,,C,25.0,,2025-03-02 07:07:00
OP112267,W0143,Morning,E,47.0,0.0,2025-03-16 03:01:00
OP112268,W0213,Evening,E,3.0,,2025-05-02 18:09:00
OP112269,W0068,,Z,36.0,0.0,2025-06-12 17:04:00
OP112270,W0095,,B,36.0,1.0,2025-01-12 11:50:00
OP112271,W0037,Evening,A,35.0,,2025-06-19 20:16:00
OP112272,W0396,Evening,E,49.0,0.0,2025-05-07 10:33:00
OP112273,W0103,Morning,D,,0.0,2025-03-31 08:41:00
OP112274,W0300,Evening,D,15.0,2.0,2025-05-18 05:57:00
OP112275,W0141,Night,E,8.0,2.0,2025-03-11 22:29:00
OP112276,W0471,,Z,22.0,2.0,2025-05-14 11:35:00
OP112277,W0189,,A,32.0,,2025-02-16 19:10:00
OP112278,W0138,Mornng,Z,12.0,2.0,2025-01-09 20:22:00
OP112279,W0326,Evening,B,7.0,1.0,2025-02-02 14:26:00
OP112280,W0376,Night,D,44.0,1.0,2025-02-17 03:37:00
OP112281,W0183,Mornng,,41.0,,2025-04-11 09:05:00
OP112282,W0430,Morning,B,15.0,2.0,2025-01-19 05:08:00
OP112283,W0241,Evening,,19.0,1.0,2025-04-28 01:16:00
OP112284,W0241,Morning,A,39.0,0.0,2025-05-06 06:01:00
OP112285,W0384,,D,24.0,2.0,2025-03-16 00:29:00
OP112286,W0111,Night,E,25.0,0.0,2025-06-28 07:22:00
OP112287,W0328,Night,D,41.0,0.0,2025-05-06 23:48:00
OP112288,W0263,Mornng,D,7.0,2.0,2025-01-02 12:14:00
OP112289,W0446,Evening,D,36.0,,2025-01-18 03:05:00
OP112290,W0146,,D,39.0,0.0,2025-03-05 23:06:00
OP112291,W0060,,A,9.0,1.0,2025-02-17 10:17:00
OP112292,W0433,Morning,E,16.0,2.0,2025-05-13 01:35:00
OP112293,W0187,Night,,32.0,,2025-04-15 08:23:00
OP112294,W0248,Night,B,31.0,0.0,2025-05-24 19:47:00
OP112295,W0029,Morning,,2.0,2.0,2025-03-16 10:08:00
OP112296,W0140,Mornng,A,5.0,2.0,2025-02-09 14:48:00
OP112297,W0348,,A,46.0,,2025-05-02 10:20:00
OP112298,W0092,Night,B,28.0,,2025-05-13 18:33:00
OP112299,W0495,Mornng,D,30.0,,2025-01-03 07:43:00
OP112300,W0110,Night,Z,34.0,2.0,invalid_date
OP112301,W0083,,B,18.0,2.0,2025-06-04 10:25:00
OP112302,W0168,,Z,48.0,2.0,2025-04-06 12:57:00
OP112303,W0251,Morning,E,13.0,,2025-01-16 19:33:00
OP112304,W0412,,A,14.0,,2025-03-30 03:00:00
OP112305,W0133,Night,E,22.0,,2025-05-20 03:48:00
OP112306,W0497,Night,Z,-5.0,1.0,2025-05-06 16:36:00
OP112307,W0214,Morning,A,15.0,0.0,invalid_date
OP112308,W0413,Night,A,41.0,,2025-05-31 09:01:00
OP112309,W0284,,C,24.0,2.0,2025-01-02 16:02:00
OP112310,W0034,,,47.0,,2025-06-24 14:46:00
OP112311,W0269,Night,A,20.0,,2025-03-24 05:07:00
OP112312,W0256,,D,33.0,1.0,2025-06-22 10:07:00
OP112313,W0268,Mornng,,18.0,1.0,2025-06-07 23:09:00
OP112314,W0157,Night,B,6.0,0.0,2025-05-13 10:06:00
OP112315,W0278,Morning,C,,2.0,2025-02-11 19:55:00
OP112316,W0158,Evening,A,21.0,,2025-02-27 20:10:00
OP112317,W0144,Night,Z,20.0,,2025-01-06 08:13:00
OP112318,W0397,,A,22.0,1.0,2025-02-20 14:30:00
OP112319,W0029,,B,15.0,2.0,2025-04-05 04:52:00
OP112320,W0210,Evening,A,43.0,0.0,2025-02-17 14:35:00
OP112321,W0074,,B,3.0,1.0,2025-02-18 04:53:00
OP112322,W0042,Morning,E,16.0,0.0,2025-02-28 20:49:00
OP112323,W0489,Morning,E,-5.0,1.0,2025-03-10 19:47:00
OP112324,W0490,Morning,B,7.0,,2025-05-21 11:29:00
OP112325,W0171,Night,C,35.0,1.0,2025-04-03 09:11:00
OP112326,W0383,Night,B,45.0,,2025-03-19 18:42:00
OP112327,W0293,,D,2.0,2.0,2025-03-23 17:46:00
OP112328,W0467,Evening,B,8.0,,2025-04-11 16:39:00
OP112329,,Evening,D,37.0,0.0,2025-05-29 09:42:00
OP112330,W0007,Night,E,31.0,2.0,2025-05-31 19:08:00
OP112331,W0478,Night,C,16.0,1.0,2025-01-12 02:06:00
OP112332,W0411,Night,C,42.0,2.0,2025-03-19 12:58:00
OP112333,W0389,Mornng,Z,20.0,,2025-06-09 13:33:00
OP112334,W0017,Mornng,E,48.0,,2025-03-31 00:19:00
OP112335,W0136,Morning,D,35.0,,2025-05-23 19:02:00
OP112336,W0249,,B,5.0,2.0,2025-06-20 16:24:00
OP112337,W0306,Mornng,A,13.0,0.0,2025-01-31 12:53:00
OP112338,W0061,Night,B,45.0,0.0,2025-04-02 08:34:00
OP112339,W0208,Evening,B,0.0,,2025-02-24 22:38:00
OP112340,W0309,,C,-5.0,1.0,2025-03-03 05:42:00
OP112341,W0342,,A,40.0,1.0,2025-02-21 13:36:00
OP112342,W0416,Night,A,34.0,2.0,2025-05-18 23:39:00
OP112343,W0178,,B,3.0,1.0,2025-04-06 01:43:00
OP112344,W0427,Mornng,C,25.0,0.0,invalid_date
OP112345,W0419,Morning,C,19.0,1.0,2025-04-29 18:27:00
OP112346,W0412,,E,38.0,,2025-05-15 02:52:00
OP112347,W0095,,,44.0,,2025-02-15 22:32:00
OP112348,W0222,Mornng,C,36.0,,2025-06-04 11:03:00
OP112349,W0154,,E,31.0,2.0,2025-06-25 23:11:00
OP112350,W0115,,Z,29.0,,2025-04-12 03:49:00
OP112351,W0175,Evening,E,28.0,0.0,2025-06-03 12:50:00
OP112352,W0409,Mornng,,28.0,1.0,2025-01-19 14:05:00
OP112353,W0273,,Z,35.0,,2025-05-07 09:28:00
OP112354,W0373,Mornng,,11.0,,2025-02-05 09:38:00
OP112355,W0463,Morning,C,32.0,0.0,2025-06-27 03:56:00
OP112356,W0260,Morning,,24.0,0.0,2025-02-10 11:43:00
OP112357,W0268,,A,20.0,1.0,2025-05-31 04:57:00
OP112358,W0438,Mornng,,-5.0,2.0,2025-03-21 22:02:00
OP112359,W0368,,A,37.0,,2025-01-21 14:33:00
OP112360,W0142,,C,15.0,2.0,2025-01-22 15:52:00
OP112361,W0162,Mornng,E,26.0,,2025-03-11 19:23:00
OP112362,W0268,,C,21.0,,2025-05-13 04:58:00
OP112363,W0342,,C,-5.0,2.0,2025-06-02 04:27:00
OP112364,W0275,Night,B,45.0,,2025-06-15 01:52:00
OP112365,W0446,Evening,C,3.0,2.0,2025-04-21 13:34:00
OP112366,W0001,Night,,31.0,1.0,2025-05-12 00:17:00
OP112367,W0038,Morning,Z,38.0,0.0,2025-04-04 08:11:00
OP112368,W0353,Morning,B,1.0,0.0,2025-02-14 03:11:00
OP112369,W0393,Morning,Z,13.0,1.0,2025-01-09 03:33:00
OP112370,W0310,Night,C,19.0,,2025-04-09 03:20:00
OP112371,W0051,,E,20.0,1.0,2025-05-05 02:29:00
OP112372,W0442,,A,4.0,,2025-03-19 16:31:00
OP112373,W0375,,Z,0.0,0.0,2025-05-10 09:48:00
OP112374,W0448,Evening,E,17.0,1.0,2025-06-11 03:42:00
OP112375,W0032,,B,28.0,2.0,2025-02-08 13:38:00
OP112376,W0311,Morning,D,14.0,2.0,2025-06-25 16:25:00
OP112377,W0237,Morning,B,49.0,0.0,2025-02-18 14:02:00
OP112378,W0480,Evening,E,3.0,,2025-04-28 23:37:00
OP112379,W0358,Mornng,,27.0,1.0,2025-06-24 22:31:00
OP112380,W0452,,C,39.0,1.0,2025-02-14 20:05:00
OP112381,W0449,,B,39.0,1.0,2025-05-19 12:32:00
OP112382,W0162,Mornng,Z,32.0,0.0,2025-06-07 22:34:00
OP112383,W0168,Evening,D,26.0,1.0,2025-03-21 05:14:00
OP112384,W0215,,D,49.0,,2025-03-01 16:00:00
OP112385,W0319,Morning,B,45.0,,2025-05-11 01:52:00
OP112386,W0057,Evening,D,9.0,,2025-03-25 01:36:00
OP112387,W0492,Morning,Z,2.0,1.0,2025-01-11 20:56:00
OP112388,W0044,,C,33.0,1.0,2025-04-28 23:10:00
OP112389,W0113,,E,22.0,2.0,2025-06-29 00:48:00
OP112390,W0228,Morning,A,19.0,0.0,2025-06-16 12:02:00
OP112391,W0199,Evening,A,0.0,2.0,2025-03-25 07:16:00
OP112392,W0088,Morning,E,36.0,,2025-02-01 01:32:00
OP112393,W0426,Night,C,5.0,0.0,2025-01-21 08:09:00
OP112394,W0140,Night,D,36.0,2.0,2025-03-22 23:30:00
OP112395,W0389,Morning,C,17.0,0.0,2025-03-06 02:43:00
OP112396,W0077,Morning,A,8.0,2.0,2025-04-30 09:56:00
OP112397,W0256,,,49.0,2.0,2025-05-30 09:28:00
OP112398,W0313,,Z,27.0,,2025-04-09 02:48:00
OP112399,W0033,,Z,30.0,1.0,2025-03-05 22:51:00
OP112400,W0376,Mornng,Z,18.0,,2025-04-26 09:57:00
OP112401,W0192,Evening,Z,,,2025-03-13 20:54:00
OP112402,W0312,Evening,Z,12.0,1.0,2025-04-26 11:16:00
OP112403,W0443,Evening,Z,14.0,0.0,2025-03-06 17:41:00
OP112404,W0064,,C,39.0,,2025-04-21 02:06:00
OP112405,W0255,Morning,C,43.0,1.0,2025-06-29 10:45:00
OP112406,W0074,,B,42.0,2.0,invalid_date
OP112407,W0498,Evening,C,15.0,0.0,2025-02-02 04:12:00
OP112408,W0152,Evening,E,14.0,,2025-06-29 11:45:00
OP112409,W0447,Mornng,B,28.0,0.0,2025-05-14 21:38:00
OP112410,W0412,Mornng,B,49.0,,2025-01-05 11:15:00
OP112411,W0330,Evening,A,31.0,,2025-05-08 01:04:00
OP112412,W0036,Mornng,E,14.0,,2025-03-15 19:47:00
OP112413,W0420,,Z,14.0,1.0,2025-05-13 08:25:00
OP112414,W0420,Morning,Z,27.0,2.0,2025-04-12 05:50:00
OP112415,W0224,Evening,E,34.0,0.0,2025-02-10 08:48:00
OP112416,W0041,,Z,8.0,2.0,2025-04-24 16:09:00
OP112417,W0012,Night,,10.0,,2025-01-18 05:11:00
OP112418,W0455,Night,D,38.0,0.0,2025-04-12 07:25:00
OP112419,W0026,Night,B,13.0,2.0,2025-06-12 16:24:00
OP112420,W0326,Evening,,20.0,0.0,invalid_date
OP112421,W0203,Night,Z,33.0,2.0,2025-03-25 19:31:00
OP112422,W0465,,Z,48.0,,2025-01-17 11:05:00
OP112423,W0050,,D,1.0,0.0,2025-05-02 16:44:00
OP112424,W0247,Mornng,E,0.0,1.0,2025-06-06 22:03:00
OP112425,W0243,Mornng,D,47.0,1.0,2025-03-06 22:22:00
OP112426,W0364,Evening,Z,38.0,0.0,2025-03-26 04:20:00
OP112427,W0141,Mornng,A,16.0,2.0,2025-05-02 20:58:00
OP112428,W0200,,D,47.0,1.0,2025-04-29 04:05:00
OP112429,W0447,,C,45.0,2.0,2025-06-11 14:07:00
OP112430,W0088,,C,15.0,0.0,2025-01-31 03:10:00
OP112431,W0239,,B,17.0,,2025-04-28 05:26:00
OP112432,W0444,Morning,B,20.0,,2025-06-02 19:55:00
OP112433,W0391,Evening,B,46.0,2.0,2025-02-11 12:28:00
OP112434,W0446,Morning,D,4.0,0.0,2025-06-07 07:22:00
OP112435,W0332,Night,Z,38.0,0.0,2025-05-30 18:25:00
OP112436,W0458,,C,44.0,0.0,2025-05-09 04:32:00
OP112437,W0463,,A,38.0,,2025-04-15 00:34:00
OP112438,W0269,,Z,18.0,1.0,2025-06-05 02:47:00
OP112439,W0353,Mornng,C,30.0,2.0,2025-06-29 16:11:00
OP112440,W0418,Mornng,Z,19.0,2.0,2025-05-06 13:45:00
OP112441,W0062,,E,16.0,,2025-06-19 00:17:00
OP112442,W0064,Morning,C,19.0,1.0,2025-03-02 03:45:00
OP112443,W0491,Night,,0.0,1.0,2025-04-23 00:11:00
OP112444,W0020,Night,A,30.0,,2025-02-28 06:54:00
OP112445,W0147,Morning,C,40.0,2.0,2025-02-09 06:59:00
OP112446,W0301,Evening,,49.0,2.0,2025-01-07 16:27:00
OP112447,W0076,Night,A,40.0,1.0,2025-02-02 21:08:00
OP112448,W0226,,B,40.0,2.0,2025-01-12 06:59:00
OP112449,W0183,Evening,Z,0.0,2.0,2025-05-10 17:06:00
OP112450,W0363,,B,15.0,0.0,2025-02-17 00:08:00
OP112451,W0330,Night,C,16.0,0.0,2025-03-10 17:40:00
OP112452,W0485,Mornng,Z,28.0,2.0,2025-03-25 11:40:00
OP112453,W0152,Morning,,42.0,1.0,2025-03-31 08:59:00
OP112454,W0421,Mornng,E,43.0,,2025-03-23 08:05:00
OP112455,W0469,Mornng,C,14.0,0.0,2025-04-21 23:53:00
OP112456,W0385,Morning,E,9.0,2.0,2025-04-29 04:21:00
OP112457,W0102,,D,3.0,0.0,2025-01-08 23:13:00
OP112458,W0221,,D,39.0,2.0,2025-05-04 01:11:00
OP112459,W0298,Evening,B,48.0,1.0,2025-04-08 18:12:00
OP112460,W0147,Morning,E,12.0,2.0,2025-04-01 10:56:00
OP112461,W0084,Evening,B,1.0,1.0,2025-01-11 06:25:00
OP112462,W0115,Evening,,4.0,1.0,2025-02-04 03:25:00
OP112463,W0294,,,29.0,1.0,2025-03-08 01:54:00
OP112464,W0157,Mornng,Z,20.0,0.0,2025-01-29 05:57:00
OP112465,W0035,,,-5.0,,2025-04-01 03:46:00
OP112466,W0093,Evening,D,4.0,1.0,2025-06-20 10:04:00
OP112467,W0390,,Z,31.0,1.0,2025-04-29 10:49:00
OP112468,W0009,,B,28.0,0.0,2025-01-31 14:30:00
OP112469,W0022,Evening,A,40.0,2.0,2025-03-07 11:41:00
OP112470,W0494,Evening,A,10.0,1.0,2025-06-18 12:14:00
OP112471,W0354,Morning,B,34.0,0.0,2025-04-06 20:07:00
OP112472,W0042,,C,2.0,0.0,2025-01-15 01:44:00
OP112473,W0023,Evening,,0.0,2.0,2025-03-24 09:37:00
OP112474,W0094,Night,D,20.0,2.0,2025-03-26 20:06:00
OP112475,W0155,Morning,,37.0,1.0,2025-03-16 01:31:00
OP112476,W0083,,D,7.0,,2025-04-11 11:30:00
OP112477,W0074,Night,C,1.0,,2025-01-29 11:52:00
OP112478,W0295,Evening,C,39.0,0.0,2025-05-25 09:17:00
OP112479,W0419,Morning,,17.0,2.0,2025-03-23 00:00:00
OP112480,W0179,Morning,,16.0,0.0,2025-02-06 11:53:00
OP112481,W0372,,D,7.0,2.0,2025-05-20 20:17:00
OP112482,W0265,Evening,Z,39.0,0.0,2025-01-08 03:22:00
OP112483,W0449,Morning,A,15.0,0.0,2025-05-25 12:25:00
OP112484,W0474,,B,13.0,2.0,2025-04-15 13:16:00
OP112485,W0135,Morning,B,40.0,1.0,invalid_date
OP112486,W0280,,C,8.0,1.0,2025-01-22 10:32:00
OP112487,W0230,Mornng,C,29.0,1.0,2025-01-31 19:07:00
OP112488,W0238,Night,A,26.0,0.0,2025-01-22 08:32:00
OP112489,W0285,,A,18.0,,2025-04-10 03:13:00
OP112490,W0476,,Z,40.0,0.0,2025-04-14 21:13:00
OP112491,W0339,Morning,B,27.0,1.0,2025-01-20 18:43:00
OP112492,W0373,Mornng,D,15.0,0.0,2025-01-11 04:27:00
OP112493,W0148,Mornng,B,37.0,0.0,2025-01-04 16:21:00
OP112494,W0081,Morning,C,-5.0,,2025-06-20 03:41:00
OP112495,W0345,Mornng,Z,28.0,0.0,2025-03-07 05:15:00
OP112496,W0250,Morning,,28.0,2.0,2025-06-17 06:43:00
OP112497,W0177,Morning,Z,36.0,1.0,2025-03-31 09:13:00
OP112498,W0483,Night,,16.0,1.0,2025-04-13 00:09:00
OP112499,W0181,,,22.0,0.0,2025-04-22 15:53:00
OP112500,W0020,Morning,Z,9.0,1.0,2025-05-03 16:08:00
OP112501,W0275,Morning,Z,6.0,1.0,2025-04-24 12:02:00
OP112502,W0144,Night,A,19.0,2.0,2025-05-01 19:04:00
OP112503,W0460,Morning,,4.0,2.0,2025-03-20 17:46:00
OP112504,W0281,Morning,,27.0,0.0,2025-05-02 22:35:00
OP112505,W0172,Night,A,28.0,0.0,2025-05-15 16:10:00
OP112506,W0048,Evening,A,48.0,,2025-01-01 01:30:00
OP112507,W0164,,Z,5.0,0.0,2025-04-03 21:38:00
OP112508,W0462,Evening,C,18.0,1.0,2025-02-06 04:41:00
OP112509,W0305,Mornng,,39.0,1.0,2025-05-16 00:00:00
OP112510,W0077,,A,18.0,0.0,2025-05-02 01:27:00
OP112511,W0019,Night,B,42.0,2.0,2025-01-28 11:22:00
OP112512,W0479,Night,,42.0,2.0,2025-04-01 19:47:00
OP112513,W0310,Morning,D,23.0,1.0,2025-04-23 19:03:00
OP112514,W0279,Mornng,A,22.0,0.0,2025-05-20 06:48:00
OP112515,W0456,Night,A,42.0,1.0,2025-02-27 12:54:00
OP112516,W0151,,B,41.0,,2025-03-22 02:23:00
OP112517,W0136,,,14.0,,2025-06-05 22:19:00
OP112518,W0331,Night,B,7.0,,2025-06-10 23:20:00
OP112519,W0354,Morning,B,16.0,0.0,2025-01-18 04:53:00
OP112520,W0021,Evening,Z,5.0,,2025-06-03 06:37:00
OP112521,W0383,,Z,26.0,0.0,2025-05-11 19:40:00
OP112522,W0448,,B,3.0,,2025-04-27 12:43:00
OP112523,W0441,,Z,42.0,2.0,2025-03-13 20:49:00
OP112524,W0010,Night,D,49.0,0.0,2025-04-12 07:02:00
OP112525,W0497,Mornng,E,15.0,1.0,2025-06-10 07:43:00
OP112526,W0131,,B,27.0,2.0,2025-03-08 04:47:00
OP112527,W0010,Mornng,C,29.0,,2025-03-04 13:24:00
OP112528,W0230,,,6.0,0.0,2025-04-24 13:30:00
OP112529,W0283,Night,B,39.0,1.0,2025-04-12 20:56:00
OP112530,W0399,Mornng,,34.0,,2025-01-24 10:58:00
OP112531,W0164,Mornng,B,48.0,,2025-04-14 04:29:00
OP112532,W0244,Night,D,36.0,0.0,2025-01-31 16:02:00
OP112533,W0180,Mornng,D,44.0,0.0,2025-04-20 12:45:00
OP112534,W0053,Morning,E,23.0,0.0,2025-05-03 07:38:00
OP112535,W0158,Evening,E,41.0,1.0,2025-06-26 10:05:00
OP112536,W0298,,Z,29.0,1.0,2025-03-01 20:20:00
OP112537,W0438,,C,38.0,2.0,2025-01-23 11:34:00
OP112538,W0020,,E,7.0,1.0,2025-04-28 03:46:00
OP112539,W0045,,B,44.0,0.0,2025-05-15 19:48:00
OP112540,W0454,Evening,C,19.0,1.0,2025-02-28 11:50:00
OP112541,W0005,Morning,A,13.0,0.0,2025-06-15 14:35:00
OP112542,W0006,Evening,C,44.0,0.0,2025-04-30 22:05:00
OP112543,W0092,Mornng,E,23.0,1.0,2025-05-24 05:12:00
OP112544,W0021,Evening,Z,34.0,0.0,2025-02-12 05:41:00
OP112545,W0292,Mornng,B,28.0,2.0,2025-05-11 11:53:00
OP112546,W0451,Morning,C,33.0,1.0,2025-04-05 11:50:00
OP112547,W0327,Mornng,A,13.0,2.0,2025-03-12 17:20:00
OP112548,W0241,Night,D,0.0,2.0,2025-01-17 17:25:00
OP112549,W0390,,E,23.0,0.0,2025-03-25 08:38:00
OP112550,W0488,,,24.0,,2025-03-08 07:32:00
OP112551,W0351,Morning,,15.0,,2025-05-16 02:33:00
OP112552,W0129,,B,33.0,0.0,2025-05-13 04:42:00
OP112553,W0322,Mornng,B,9.0,,2025-04-02 02:27:00
OP112554,W0037,Evening,C,44.0,2.0,2025-02-03 15:14:00
OP112555,W0047,Morning,B,2.0,2.0,2025-06-01 13:31:00
OP112556,W0389,,Z,11.0,,2025-02-09 14:33:00
OP112557,W0437,Night,Z,14.0,0.0,2025-05-25 04:25:00
OP112558,W0448,Night,B,27.0,,2025-04-11 19:32:00
OP112559,W0365,Mornng,D,36.0,1.0,2025-06-03 17:23:00
OP112560,W0341,Morning,B,17.0,,2025-05-05 05:28:00
OP112561,W0293,,E,46.0,0.0,2025-06-25 09:18:00
OP112562,W0328,,D,2.0,2.0,2025-04-25 17:23:00
OP112563,W0317,,D,38.0,2.0,2025-04-17 09:42:00
OP112564,W0388,,Z,32.0,1.0,2025-05-28 11:48:00
OP112565,W0296,Evening,D,9.0,2.0,2025-01-22 17:52:00
OP112566,W0152,Mornng,C,6.0,2.0,2025-04-06 12:31:00
OP112567,W0374,Night,A,3.0,1.0,2025-01-07 05:05:00
OP112568,W0424,Evening,,-5.0,2.0,2025-01-20 01:20:00
OP112569,W0171,Mornng,Z,4.0,1.0,2025-03-26 05:42:00
OP112570,W0032,Evening,,-5.0,0.0,2025-05-23 19:05:00
OP112571,W0481,Evening,B,25.0,,2025-03-21 17:44:00
OP112572,W0495,Morning,D,13.0,1.0,2025-06-15 18:26:00
OP112573,W0207,Morning,B,18.0,1.0,2025-01-26 07:37:00
OP112574,W0286,Mornng,C,33.0,2.0,2025-05-11 20:41:00
OP112575,W0269,Morning,C,14.0,2.0,2025-02-13 16:41:00
OP112576,W0090,Night,A,23.0,2.0,2025-01-29 08:58:00
OP112577,W0059,Night,C,4.0,0.0,2025-05-08 05:20:00
OP112578,W0483,,B,24.0,1.0,2025-05-18 05:05:00
OP112579,W0350,Night,Z,-5.0,,2025-03-08 22:34:00
OP112580,W0223,Evening,B,16.0,1.0,2025-05-12 12:47:00
OP112581,W0271,Evening,E,4.0,,2025-05-03 19:43:00
OP112582,W0348,,C,15.0,,invalid_date
OP112583,W0489,Morning,Z,29.0,2.0,2025-06-10 20:06:00
OP112584,W0300,,D,46.0,,2025-03-02 02:37:00
OP112585,W0236,,C,5.0,1.0,2025-06-23 06:10:00
OP112586,W0219,,,33.0,,2025-02-06 16:55:00
OP112587,W0357,Evening,,11.0,2.0,2025-05-27 19:51:00
OP112588,W0022,,A,10.0,2.0,2025-03-20 23:02:00
OP112589,W0182,,C,19.0,0.0,2025-04-30 05:47:00
OP112590,W0162,,B,32.0,1.0,2025-02-21 14:59:00
OP112591,W0221,Night,,47.0,0.0,2025-04-15 19:52:00
OP112592,W0016,,,2.0,,2025-03-23 18:16:00
OP112593,W0477,Mornng,B,31.0,,2025-01-20 14:00:00
OP112594,W0469,Mornng,Z,7.0,,2025-02-19 02:48:00
OP112595,W0396,Evening,A,27.0,2.0,2025-01-05 14:06:00
OP112596,W0140,,C,4.0,,2025-03-23 11:34:00
OP112597,W0348,Evening,,42.0,2.0,2025-03-12 01:27:00
OP112598,W0026,Mornng,C,49.0,2.0,2025-01-10 01:29:00
OP112599,W0112,,D,7.0,,2025-06-06 04:02:00
OP112600,W0136,Morning,Z,16.0,,2025-01-28 01:12:00
OP112601,W0181,Night,A,41.0,0.0,2025-06-14 04:10:00
OP112602,W0320,Evening,,3.0,2.0,2025-02-05 21:55:00
OP112603,W0427,Morning,E,28.0,1.0,2025-05-11 17:32:00
OP112604,W0125,,D,29.0,1.0,2025-06-14 02:04:00
OP112605,W0157,,D,10.0,,2025-02-10 00:53:00
OP112606,W0185,Morning,D,19.0,2.0,2025-06-19 19:29:00
OP112607,W0428,Morning,,3.0,,2025-04-07 15:33:00
OP112608,W0324,Evening,D,11.0,1.0,2025-05-02 15:40:00
OP112609,W0006,Night,B,41.0,1.0,2025-06-17 14:26:00
OP112610,W0493,Mornng,D,29.0,2.0,2025-05-11 23:59:00
OP112611,W0274,Mornng,,12.0,0.0,2025-06-04 14:21:00
OP112612,W0016,Mornng,C,17.0,0.0,2025-03-14 02:48:00
OP112613,W0028,Night,D,24.0,0.0,2025-06-05 03:50:00
OP112614,W0258,Mornng,,-5.0,2.0,2025-01-13 01:14:00
OP112615,W0210,Mornng,Z,39.0,2.0,2025-03-10 14:52:00
OP112616,W0295,Night,Z,33.0,,2025-02-19 18:47:00
OP112617,W0079,Morning,,20.0,0.0,2025-05-07 06:16:00
OP112618,W0314,,A,11.0,,2025-03-11 06:56:00
OP112619,W0211,Night,B,6.0,,2025-03-28 14:24:00
OP112620,W0262,Morning,E,14.0,1.0,2025-01-07 14:56:00
OP112621,W0339,Morning,B,47.0,1.0,2025-06-05 09:16:00
OP112622,W0489,,,7.0,0.0,2025-05-31 03:39:00
OP112623,W0214,Night,C,3.0,1.0,2025-04-12 15:07:00
OP112624,W0455,Night,D,37.0,,2025-03-04 21:09:00
OP112625,W0122,Night,,3.0,,2025-04-02 09:13:00
OP112626,W0019,Evening,C,13.0,,2025-06-25 21:46:00
OP112627,W0426,Mornng,D,36.0,0.0,2025-04-12 06:11:00
OP112628,W0216,Morning,C,34.0,,2025-06-19 03:12:00
OP112629,W0260,Night,C,30.0,0.0,2025-01-09 06:23:00
OP112630,W0360,Night,B,14.0,2.0,2025-03-22 03:37:00
OP112631,W0034,Mornng,,1.0,,2025-02-05 23:23:00
OP112632,W0061,Evening,B,1.0,,2025-04-08 19:23:00
OP112633,W0475,Mornng,A,3.0,,2025-03-17 22:45:00
OP112634,W0356,,E,31.0,,2025-03-30 08:17:00
OP112635,W0331,Night,,21.0,0.0,2025-05-09 23:28:00
OP112636,W0388,,B,16.0,2.0,2025-01-07 02:04:00
OP112637,W0023,,D,38.0,0.0,2025-02-17 01:31:00
OP112638,W0217,Morning,C,40.0,0.0,2025-01-16 07:06:00
OP112639,W0274,Morning,A,27.0,,2025-04-10 19:09:00
OP112640,W0147,Morning,,39.0,0.0,2025-01-11 11:15:00
OP112641,W0294,,C,26.0,2.0,2025-04-03 03:38:00
OP112642,W0472,Morning,Z,36.0,2.0,2025-03-31 01:20:00
OP112643,W0023,Night,,42.0,,2025-03-14 10:31:00
OP112644,W0055,Morning,Z,26.0,,2025-04-26 07:20:00
OP112645,W0069,Morning,C,38.0,1.0,2025-05-09 13:40:00
OP112646,W0489,Night,B,2.0,0.0,2025-04-09 17:16:00
OP112647,W0213,,Z,48.0,,2025-04-12 10:50:00
OP112648,W0262,Night,Z,8.0,2.0,2025-04-04 17:40:00
OP112649,W0190,,C,15.0,0.0,2025-03-22 23:04:00
OP112650,W0121,Night,A,25.0,0.0,2025-04-29 08:56:00
OP112651,W0266,Morning,C,-5.0,0.0,2025-04-28 20:11:00
OP112652,W0300,Evening,A,4.0,1.0,2025-05-03 15:38:00
OP112653,W0260,Evening,E,34.0,1.0,2025-04-29 23:38:00
OP112654,W0189,,C,,,2025-06-08 12:28:00
OP112655,W0119,Morning,D,24.0,,2025-02-01 07:54:00
OP112656,W0447,Night,,44.0,2.0,2025-05-25 12:58:00
OP112657,W0036,Night,Z,11.0,,2025-06-24 20:05:00
OP112658,W0116,Morning,A,49.0,2.0,2025-01-14 08:28:00
OP112659,W0076,Evening,Z,2.0,,2025-04-10 14:32:00
OP112660,W0472,Mornng,Z,22.0,0.0,2025-05-16 00:17:00
OP112661,W0398,Evening,B,48.0,0.0,2025-01-06 14:12:00
OP112662,W0412,Morning,Z,2.0,0.0,2025-04-26 06:46:00
OP112663,W0050,Mornng,E,5.0,2.0,2025-06-16 07:53:00
OP112664,W0070,,A,2.0,1.0,2025-04-03 02:57:00
OP112665,W0265,Morning,A,,,2025-06-16 22:32:00
OP112666,W0363,Evening,B,46.0,0.0,2025-05-21 16:59:00
OP112667,W0094,Evening,Z,32.0,0.0,2025-01-04 00:57:00
OP112668,W0032,,B,42.0,0.0,2025-05-17 13:03:00
OP112669,W0142,Night,,23.0,2.0,2025-01-30 06:02:00
OP112670,W0309,Evening,C,26.0,0.0,2025-05-29 16:18:00
OP112671,W0002,Night,A,40.0,,2025-02-27 10:11:00
OP112672,W0287,Night,C,42.0,,2025-04-08 21:24:00
OP112673,W0196,,Z,26.0,2.0,2025-01-06 07:22:00
OP112674,W0238,Night,A,47.0,2.0,2025-01-24 04:09:00
OP112675,W0039,Morning,,45.0,1.0,2025-03-22 14:07:00
OP112676,W0069,Morning,D,38.0,0.0,2025-02-05 21:00:00
OP112677,W0318,,Z,17.0,1.0,2025-04-06 12:26:00
OP112678,W0072,Mornng,C,17.0,0.0,2025-02-21 01:46:00
OP112679,W0170,Night,D,38.0,1.0,2025-03-15 18:50:00
OP112680,W0333,Mornng,C,48.0,,2025-05-11 18:31:00
OP112681,W0383,Night,D,16.0,,2025-03-14 04:59:00
OP112682,W0147,,Z,8.0,0.0,2025-01-09 20:55:00
OP112683,W0019,Mornng,D,43.0,,invalid_date
OP112684,W0044,Morning,A,5.0,1.0,2025-03-19 16:07:00
OP112685,W0056,Morning,Z,2.0,1.0,2025-01-19 16:07:00
OP112686,W0378,Evening,,21.0,1.0,2025-06-26 01:09:00
OP112687,W0041,,D,21.0,2.0,2025-04-20 02:10:00
OP112688,W0241,Mornng,B,22.0,1.0,2025-04-14 05:14:00
OP112689,W0109,Night,,44.0,2.0,2025-01-16 19:10:00
OP112690,W0252,Mornng,A,34.0,0.0,2025-01-14 14:16:00
OP112691,W0051,Mornng,A,26.0,,2025-03-23 10:06:00
OP112692,W0329,,C,48.0,,2025-05-10 13:37:00
OP112693,W0097,,D,2.0,1.0,2025-06-12 00:34:00
OP112694,W0284,Morning,B,33.0,,2025-01-10 22:22:00
OP112695,W0118,Mornng,C,,2.0,2025-03-11 20:42:00
OP112696,W0023,,Z,44.0,0.0,2025-03-25 22:10:00
OP112697,W0025,Mornng,,7.0,,2025-04-01 19:20:00
OP112698,W0127,,E,37.0,0.0,2025-02-07 05:12:00
OP112699,W0353,Evening,B,40.0,2.0,2025-03-18 06:04:00
OP112700,W0299,,E,26.0,,2025-03-20 00:21:00
OP112701,W0481,,B,7.0,0.0,2025-06-18 07:34:00
OP112702,W0008,,,37.0,0.0,2025-01-06 07:15:00
OP112703,W0380,Morning,,44.0,,2025-04-20 11:12:00
OP112704,W0255,,B,38.0,,2025-04-09 22:39:00
OP112705,W0407,,B,9.0,1.0,2025-03-13 13:02:00
OP112706,W0375,,E,,1.0,2025-02-03 16:30:00
OP112707,W0498,Morning,D,46.0,1.0,2025-02-25 17:28:00
OP112708,W0069,,Z,24.0,,2025-05-13 12:14:00
OP112709,W0492,Mornng,D,22.0,,2025-01-25 01:25:00
OP112710,W0339,Mornng,D,43.0,0.0,2025-05-19 22:09:00
OP112711,W0373,,Z,30.0,,2025-02-26 09:07:00
OP112712,W0169,Night,,28.0,,2025-05-30 04:19:00
OP112713,W0086,Evening,B,43.0,,2025-05-16 06:33:00
OP112714,W0319,,C,17.0,,2025-05-07 01:26:00
OP112715,W0232,,D,,1.0,2025-06-22 21:22:00
OP112716,W0333,Morning,A,14.0,1.0,2025-05-21 11:18:00
OP112717,W0194,,E,5.0,1.0,2025-05-04 07:26:00
OP112718,W0358,Mornng,A,17.0,,2025-03-29 16:39:00
OP112719,W0013,,A,18.0,1.0,2025-05-01 20:17:00
OP112720,W0423,,,21.0,1.0,2025-02-15 08:09:00
OP112721,W0290,Morning,B,8.0,,2025-03-11 15:27:00
OP112722,W0059,Evening,D,11.0,0.0,2025-01-23 16:41:00
OP112723,W0075,Night,E,17.0,1.0,2025-03-16 01:12:00
OP112724,W0354,,D,46.0,2.0,2025-01-22 20:45:00
OP112725,W0221,Night,C,9.0,2.0,2025-01-07 14:18:00
OP112726,W0398,Evening,B,-5.0,2.0,2025-03-21 08:21:00
OP112727,W0389,Morning,C,20.0,0.0,2025-05-09 03:28:00
OP112728,W0449,Evening,B,22.0,2.0,2025-04-27 16:35:00
OP112729,W0063,Evening,B,47.0,,2025-04-20 23:19:00
OP112730,W0489,Mornng,D,30.0,1.0,2025-01-22 05:03:00
OP112731,W0410,Mornng,,13.0,0.0,2025-05-25 20:49:00
OP112732,W0131,,D,49.0,2.0,2025-04-19 20:30:00
OP112733,W0329,,C,4.0,,2025-06-25 18:38:00
OP112734,W0227,Mornng,E,37.0,1.0,2025-06-18 03:52:00
OP112735,W0223,Night,Z,43.0,0.0,2025-06-27 10:08:00
OP112736,W0089,Morning,D,47.0,,2025-06-05 01:10:00
OP112737,W0098,Night,B,43.0,,invalid_date
OP112738,W0229,Night,Z,37.0,0.0,2025-01-08 21:25:00
OP112739,W0460,Evening,,9.0,1.0,2025-01-15 11:58:00
OP112740,W0185,Morning,A,9.0,,2025-05-29 19:53:00
OP112741,W0287,,,11.0,,2025-02-24 16:38:00
OP112742,W0422,Night,Z,33.0,0.0,2025-06-23 13:14:00
OP112743,W0464,Night,C,49.0,1.0,2025-03-15 16:42:00
OP112744,W0470,Night,A,23.0,2.0,2025-05-09 16:43:00
OP112745,W0114,,B,18.0,,2025-01-07 14:05:00
OP112746,W0267,,D,0.0,,2025-04-22 11:34:00
OP112747,W0147,Mornng,B,42.0,2.0,2025-01-11 19:08:00
OP112748,W0066,,B,27.0,2.0,2025-05-03 18:47:00
OP112749,W0195,Morning,B,20.0,1.0,2025-05-08 04:19:00
OP112750,W0396,,E,23.0,,2025-04-13 00:02:00
OP112751,W0341,,E,23.0,1.0,2025-05-29 23:47:00
OP112752,W0322,,,48.0,,2025-06-15 23:42:00
OP112753,W0264,Morning,D,36.0,1.0,2025-06-25 18:13:00
OP112754,W0276,,,41.0,0.0,2025-03-31 18:02:00
OP112755,W0246,,A,11.0,2.0,2025-03-17 06:02:00
OP112756,W0272,Morning,D,1.0,2.0,2025-01-21 04:25:00
OP112757,W0340,Mornng,A,25.0,2.0,2025-01-26 10:35:00
OP112758,W0029,,Z,23.0,0.0,2025-03-03 23:05:00
OP112759,W0183,Evening,Z,30.0,0.0,2025-04-10 16:52:00
OP112760,W0281,,D,5.0,1.0,2025-05-17 17:49:00
OP112761,W0476,Mornng,Z,16.0,,2025-06-07 05:45:00
OP112762,W0169,,A,31.0,,2025-06-21 04:47:00
OP112763,W0398,Mornng,B,49.0,0.0,2025-02-05 13:55:00
OP112764,W0061,Night,E,9.0,,2025-02-11 17:55:00
OP112765,W0310,Evening,B,20.0,,invalid_date
OP112766,W0473,Evening,,11.0,,2025-05-18 05:00:00
OP112767,W0109,Morning,E,16.0,0.0,2025-05-22 07:23:00
OP112768,W0293,,C,48.0,1.0,2025-05-24 09:31:00
OP112769,W0054,Mornng,,21.0,1.0,2025-03-04 11:14:00
OP112770,W0177,Mornng,D,28.0,,2025-02-13 21:06:00
OP112771,W0209,,D,17.0,,invalid_date
OP112772,W0053,,Z,19.0,2.0,2025-04-21 16:02:00
OP112773,W0265,Evening,,26.0,1.0,2025-05-11 13:20:00
OP112774,W0099,,Z,10.0,0.0,2025-06-04 01:01:00
OP112775,W0014,Mornng,A,-5.0,2.0,2025-03-21 05:42:00
OP112776,W0154,Morning,C,11.0,0.0,2025-04-28 22:50:00
OP112777,W0076,,B,8.0,,2025-04-29 20:15:00
OP112778,W0041,Night,E,38.0,0.0,2025-05-13 10:40:00
OP112779,W0225,Evening,,49.0,0.0,2025-02-16 02:02:00
OP112780,W0400,,B,3.0,,2025-05-31 15:34:00
OP112781,W0335,Night,B,43.0,0.0,2025-02-03 16:21:00
OP112782,W0093,,D,23.0,0.0,invalid_date
OP112783,W0014,,A,17.0,2.0,2025-03-01 17:51:00
OP112784,W0131,Mornng,,47.0,2.0,2025-06-02 02:41:00
OP112785,W0239,Mornng,D,34.0,1.0,2025-04-06 11:46:00
OP112786,W0377,Night,D,38.0,2.0,2025-02-25 13:05:00
OP112787,W0040,Evening,B,38.0,,2025-06-28 23:19:00
OP112788,W0362,Night,D,32.0,,2025-06-23 22:56:00
OP112789,W0165,Night,E,3.0,1.0,2025-04-26 20:39:00
OP112790,W0393,Mornng,Z,6.0,1.0,2025-03-12 11:22:00
OP112791,W0327,Night,A,21.0,1.0,2025-03-22 08:17:00
OP112792,W0100,,C,26.0,2.0,2025-02-08 13:39:00
OP112793,W0388,Morning,A,12.0,0.0,2025-03-02 20:44:00
OP112794,W0126,Morning,A,14.0,,2025-02-16 23:36:00
OP112795,W0067,Evening,D,3.0,1.0,2025-05-20 22:59:00
OP112796,W0149,Mornng,E,33.0,0.0,2025-05-19 21:34:00
OP112797,W0273,,B,15.0,2.0,2025-05-13 22:35:00
OP112798,W0388,Mornng,C,15.0,2.0,2025-02-10 17:35:00
OP112799,W0108,Mornng,B,24.0,2.0,2025-04-12 11:48:00
OP112800,W0119,,C,2.0,0.0,2025-01-18 17:01:00
OP112801,W0409,Morning,Z,6.0,0.0,2025-01-26 22:20:00
OP112802,W0259,Evening,C,33.0,0.0,2025-05-22 17:49:00
OP112803,W0101,,A,34.0,0.0,2025-06-06 09:55:00
OP112804,W0129,Morning,A,27.0,1.0,2025-02-22 07:49:00
OP112805,W0338,Evening,E,35.0,2.0,2025-05-25 14:07:00
OP112806,W0337,,E,29.0,1.0,2025-04-19 06:58:00
OP112807,W0322,Mornng,C,22.0,1.0,2025-02-23 16:39:00
OP112808,W0195,,D,,2.0,2025-03-16 03:22:00
OP112809,W0483,,A,15.0,1.0,2025-01-14 23:21:00
OP112810,W0333,,C,49.0,0.0,2025-06-06 09:34:00
OP112811,W0265,Morning,E,20.0,0.0,2025-02-26 19:53:00
OP112812,W0420,Morning,A,39.0,1.0,2025-04-19 04:55:00
OP112813,W0165,Evening,E,43.0,,2025-01-09 17:59:00
OP112814,W0235,,Z,18.0,2.0,2025-05-19 16:20:00
OP112815,W0065,,E,16.0,1.0,2025-02-20 17:30:00
OP112816,W0043,Evening,B,-5.0,1.0,2025-02-05 02:54:00
OP112817,W0193,Evening,,44.0,1.0,2025-02-26 05:29:00
OP112818,W0429,Mornng,B,16.0,1.0,2025-06-12 15:34:00
OP112819,W0399,Morning,B,31.0,2.0,2025-04-15 05:03:00
OP112820,W0197,Morning,D,14.0,2.0,2025-03-15 02:21:00
OP112821,W0295,,Z,30.0,2.0,2025-05-14 05:34:00
OP112822,W0267,,D,25.0,,2025-04-16 12:21:00
OP112823,W0472,Mornng,E,5.0,2.0,2025-05-23 18:37:00
OP112824,W0233,Mornng,,16.0,,2025-06-29 13:47:00
OP112825,W0022,Evening,C,10.0,,2025-04-06 17:58:00
OP112826,W0186,Morning,D,40.0,,2025-02-12 10:36:00
OP112827,W0255,,A,17.0,2.0,2025-02-03 08:21:00
OP112828,W0447,Mornng,C,13.0,0.0,2025-03-06 15:48:00
OP112829,W0043,Mornng,A,6.0,2.0,2025-05-23 06:38:00
OP112830,W0196,,,14.0,0.0,2025-02-06 20:18:00
OP112831,W0211,Evening,D,40.0,,2025-02-11 22:33:00
OP112832,W0173,Night,Z,21.0,,2025-05-21 16:48:00
OP112833,W0164,Morning,E,20.0,,2025-04-05 19:04:00
OP112834,W0293,Mornng,C,13.0,1.0,2025-05-23 18:10:00
OP112835,W0278,,B,6.0,2.0,2025-04-19 13:32:00
OP112836,W0089,Evening,A,15.0,,2025-01-09 00:20:00
OP112837,W0372,Evening,B,3.0,,2025-06-04 06:29:00
OP112838,W0367,Evening,D,18.0,,invalid_date
OP112839,W0419,Evening,,25.0,2.0,2025-04-08 20:11:00
OP112840,W0325,,C,0.0,2.0,2025-04-16 00:03:00
OP112841,W0155,Mornng,Z,12.0,,2025-02-09 19:00:00
OP112842,W0150,,C,3.0,1.0,2025-02-10 17:36:00
OP112843,W0308,Morning,D,14.0,2.0,2025-01-06 07:41:00
OP112844,W0294,,B,1.0,2.0,2025-05-01 06:05:00
OP112845,W0472,Morning,C,13.0,0.0,2025-02-27 20:51:00
OP112846,W0340,Mornng,D,10.0,0.0,2025-01-26 21:52:00
OP112847,W0420,,Z,36.0,,2025-03-05 01:41:00
OP112848,W0294,,D,,0.0,2025-06-29 16:18:00
OP112849,W0065,Morning,D,5.0,0.0,invalid_date
OP112850,W0305,Night,A,9.0,2.0,2025-01-30 17:05:00
OP112851,W0165,,A,33.0,1.0,2025-03-25 03:50:00
OP112852,W0486,Mornng,D,14.0,1.0,2025-05-11 09:56:00
OP112853,W0436,Mornng,B,2.0,0.0,2025-04-02 00:02:00
OP112854,W0465,Night,C,20.0,0.0,2025-03-20 13:31:00
OP112855,W0391,Night,,3.0,1.0,2025-03-02 15:03:00
OP112856,W0285,Morning,Z,22.0,2.0,2025-06-23 01:03:00
OP112857,W0013,,,11.0,,2025-05-30 17:25:00
OP112858,W0331,Night,,29.0,1.0,2025-06-16 00:57:00
OP112859,W0477,,,21.0,2.0,2025-03-09 05:05:00
OP112860,W0182,Mornng,A,2.0,,2025-05-30 22:06:00
OP112861,W0407,,E,5.0,1.0,2025-04-14 19:07:00
OP112862,W0188,Mornng,E,21.0,2.0,2025-03-14 02:01:00
OP112863,W0183,Evening,D,6.0,1.0,2025-03-20 14:11:00
OP112864,W0006,,B,1.0,1.0,2025-04-27 19:29:00
OP112865,W0404,,E,14.0,1.0,2025-01-29 10:34:00
OP112866,W0481,Morning,C,20.0,,2025-03-10 21:41:00
OP112867,W0315,Night,,48.0,1.0,2025-05-13 10:25:00
OP112868,W0357,Evening,,42.0,,2025-03-26 17:10:00
OP112869,W0319,Morning,A,21.0,,2025-06-05 13:48:00
OP112870,W0149,Evening,D,29.0,,2025-03-19 22:07:00
OP112871,W0169,Night,D,14.0,1.0,2025-03-05 22:08:00
OP112872,W0207,Night,D,14.0,1.0,2025-02-27 20:50:00
OP112873,W0232,Evening,E,9.0,0.0,2025-02-20 15:50:00
OP112874,W0435,Mornng,C,44.0,2.0,2025-01-13 21:49:00
OP112875,W0180,,D,40.0,,2025-05-31 06:33:00
OP112876,W0207,Mornng,,35.0,2.0,2025-02-27 09:32:00
OP112877,W0230,,Z,32.0,,2025-06-29 17:09:00
OP112878,W0422,Evening,D,26.0,2.0,2025-05-05 00:33:00
OP112879,W0101,,C,22.0,1.0,2025-05-08 00:31:00
OP112880,W0177,,A,1.0,1.0,2025-02-27 15:20:00
OP112881,W0111,Morning,C,46.0,0.0,2025-06-25 05:00:00
OP112882,W0378,Mornng,E,36.0,2.0,2025-02-13 09:01:00
OP112883,W9999,Morning,,39.0,1.0,2025-03-16 19:06:00
OP112884,W0295,,A,10.0,2.0,2025-06-11 09:34:00
OP112885,W0091,Morning,Z,-5.0,,2025-02-16 09:34:00
OP112886,W0241,,E,28.0,2.0,2025-03-14 10:57:00
OP112887,W0209,,A,16.0,2.0,2025-05-10 08:37:00
OP112888,W0435,,Z,32.0,0.0,2025-02-12 14:01:00
OP112889,W0018,Evening,C,18.0,,2025-05-14 18:31:00
OP112890,W0178,,E,21.0,1.0,2025-01-16 01:16:00
OP112891,W0152,Evening,D,43.0,0.0,2025-01-11 23:05:00
OP112892,W0433,Evening,C,0.0,0.0,2025-06-03 10:59:00
OP112893,W0103,Mornng,C,18.0,0.0,2025-05-20 10:06:00
OP112894,W0392,Morning,Z,39.0,1.0,2025-02-04 17:38:00
OP112895,W0019,Night,D,44.0,,2025-06-28 17:03:00
OP112896,W0432,,C,1.0,1.0,2025-02-26 01:16:00
OP112897,W0041,Evening,Z,-5.0,,2025-06-14 06:11:00
OP112898,W0273,,C,26.0,0.0,2025-03-01 20:31:00
OP112899,W0369,Mornng,A,48.0,1.0,2025-04-08 00:15:00
OP112900,W0164,Mornng,,19.0,1.0,2025-02-26 20:28:00
OP112901,W0326,,A,10.0,0.0,2025-03-08 18:59:00
OP112902,W0045,,D,6.0,0.0,2025-02-26 12:53:00
OP112903,W0301,Mornng,,17.0,2.0,2025-05-08 16:43:00
OP112904,W0021,Evening,C,21.0,,2025-06-10 19:42:00
OP112905,W0267,Night,C,16.0,0.0,2025-04-02 18:08:00
OP112906,W0483,Morning,C,43.0,,2025-03-03 09:16:00
OP112907,W0253,Morning,A,15.0,,2025-05-12 13:35:00
OP112908,W0460,,B,7.0,,2025-05-16 00:29:00
OP112909,W0100,,E,41.0,0.0,2025-02-16 12:22:00
OP112910,W0267,Mornng,D,34.0,1.0,2025-04-01 04:49:00
OP112911,W0035,Night,A,39.0,0.0,2025-04-02 08:48:00
OP112912,W0410,Mornng,Z,0.0,1.0,2025-04-25 12:00:00
OP112913,W0274,Morning,D,31.0,2.0,2025-03-17 19:00:00
OP112914,W0294,Mornng,,19.0,2.0,2025-04-18 01:38:00
OP112915,W0154,,E,41.0,0.0,2025-04-05 02:18:00
OP112916,W0362,Mornng,D,22.0,1.0,2025-01-05 11:23:00
OP112917,W0282,Night,E,30.0,1.0,2025-05-05 11:36:00
OP112918,W0290,Mornng,C,0.0,0.0,2025-04-21 02:44:00
OP112919,W0226,Morning,A,9.0,0.0,2025-04-25 12:40:00
OP112920,W0341,Night,Z,5.0,2.0,2025-04-09 03:41:00
OP112921,W0430,Night,A,11.0,0.0,2025-02-17 14:24:00
OP112922,W0265,,,18.0,2.0,2025-01-02 05:02:00
OP112923,W0356,Evening,Z,21.0,,2025-02-23 22:40:00
OP112924,W0266,Evening,,3.0,2.0,2025-06-25 08:08:00
OP112925,W0402,Morning,B,22.0,2.0,2025-06-20 20:18:00
OP112926,W0098,Morning,B,33.0,,2025-03-14 09:04:00
OP112927,W0345,,D,30.0,1.0,2025-06-21 18:45:00
OP112928,W0117,Morning,Z,13.0,,2025-02-03 19:05:00
OP112929,W0376,Morning,D,32.0,2.0,2025-02-01 09:58:00
OP112930,W0321,Mornng,Z,11.0,0.0,2025-01-24 19:31:00
OP112931,W0046,Evening,E,30.0,2.0,2025-05-11 22:02:00
OP112932,W0277,,B,19.0,2.0,2025-05-13 05:39:00
OP112933,W0226,Morning,A,22.0,,2025-06-26 19:12:00
OP112934,W0075,Evening,D,44.0,,2025-02-20 11:04:00
OP112935,W0052,,D,11.0,,2025-06-21 07:31:00
OP112936,W0079,Night,A,41.0,2.0,2025-05-06 04:05:00
OP112937,W0082,Morning,E,42.0,2.0,2025-02-20 02:56:00
OP112938,W0434,Evening,C,-5.0,1.0,2025-03-02 09:32:00
OP112939,W0388,,B,,0.0,2025-02-17 10:08:00
OP112940,W0047,,C,48.0,1.0,2025-03-23 15:46:00
OP112941,W0124,Night,A,32.0,0.0,2025-06-27 21:54:00
OP112942,W0409,Evening,E,6.0,0.0,2025-04-27 23:47:00
OP112943,W0410,Mornng,B,37.0,2.0,2025-06-12 17:52:00
OP112944,W0006,Morning,B,26.0,1.0,2025-03-06 11:17:00
OP112945,W0027,,B,8.0,0.0,2025-06-02 09:51:00
OP112946,W0480,,,0.0,2.0,2025-03-01 14:50:00
OP112947,W0270,Night,Z,47.0,1.0,2025-06-02 15:19:00
OP112948,W0261,Mornng,Z,27.0,,2025-01-05 10:12:00
OP112949,W0443,,C,34.0,2.0,2025-06-20 06:08:00
OP112950,W0499,Evening,,1.0,1.0,2025-01-12 11:24:00
OP112951,W0410,,A,42.0,2.0,2025-06-24 12:37:00
OP112952,W0219,Night,C,22.0,1.0,2025-01-03 08:48:00
OP112953,W0085,Evening,A,2.0,2.0,2025-01-31 06:28:00
OP112954,W0048,Evening,D,43.0,,2025-03-15 14:26:00
OP112955,W0253,Morning,Z,18.0,0.0,2025-06-07 05:43:00
OP112956,W0474,Morning,B,37.0,2.0,2025-04-30 17:44:00
OP112957,W0056,,Z,,1.0,2025-02-03 12:05:00
OP112958,W0339,Mornng,E,20.0,,2025-03-20 07:43:00
OP112959,W0195,Night,B,48.0,1.0,2025-06-16 09:29:00
OP112960,W0455,,C,33.0,,2025-06-12 10:25:00
OP112961,W0357,Mornng,A,0.0,2.0,2025-05-28 10:21:00
OP112962,W0407,,B,41.0,2.0,2025-02-16 19:11:00
OP112963,W0278,,,28.0,2.0,2025-05-20 15:35:00
OP112964,W0104,,,49.0,1.0,2025-01-30 14:36:00
OP112965,W0158,,B,13.0,,2025-03-08 18:56:00
OP112966,W0286,Evening,D,27.0,,2025-05-03 14:12:00
OP112967,W0438,Evening,A,16.0,2.0,2025-03-04 10:55:00
OP112968,W0260,Evening,C,18.0,0.0,2025-06-09 08:01:00
OP112969,W0002,,B,20.0,,2025-03-04 08:16:00
OP112970,W0313,,A,31.0,0.0,2025-01-06 03:07:00
OP112971,W0135,,C,19.0,2.0,2025-03-04 07:55:00
OP112972,W0427,Night,C,34.0,0.0,2025-02-10 12:56:00
OP112973,W0275,Mornng,A,37.0,0.0,invalid_date
OP112974,W0226,Night,Z,37.0,0.0,2025-01-28 10:39:00
OP112975,W0303,Evening,Z,39.0,,2025-05-29 13:25:00
OP112976,W0308,Morning,,30.0,0.0,2025-01-15 11:05:00
OP112977,W0078,,C,20.0,,2025-05-09 13:46:00
OP112978,W0441,Evening,A,30.0,1.0,2025-03-06 22:49:00
OP112979,W0432,Mornng,Z,12.0,2.0,2025-06-10 11:59:00
OP112980,W0333,Night,E,36.0,2.0,2025-03-30 22:23:00
OP112981,W0497,Morning,,25.0,2.0,2025-06-24 23:33:00
OP112982,W0040,,Z,7.0,2.0,2025-01-25 04:57:00
OP112983,W0406,,Z,25.0,,2025-05-04 20:56:00
OP112984,W0059,Mornng,,36.0,0.0,2025-03-18 18:26:00
OP112985,W0085,Morning,D,29.0,,2025-01-22 17:09:00
OP112986,W0247,Morning,B,41.0,0.0,2025-04-27 06:57:00
OP112987,W0089,Mornng,,6.0,,2025-05-20 07:46:00
OP112988,W0220,,C,13.0,1.0,2025-04-23 01:04:00
OP112989,W0122,Mornng,Z,27.0,,2025-05-10 23:36:00
OP112990,W0148,,,29.0,,2025-02-13 01:48:00
OP112991,W0265,Evening,A,22.0,,2025-02-02 11:35:00
OP112992,W0070,,A,8.0,1.0,2025-01-03 15:01:00
OP112993,W0323,Night,Z,0.0,,2025-05-14 09:15:00
OP112994,W0220,,A,11.0,1.0,2025-04-28 18:44:00
OP112995,W0030,,,43.0,2.0,2025-02-16 09:21:00
OP112996,W0084,Mornng,B,35.0,2.0,2025-05-10 04:06:00
OP112997,W0246,,E,18.0,1.0,2025-03-04 05:39:00
OP112998,W0018,Evening,D,23.0,2.0,2025-03-17 08:52:00
OP112999,W0347,Morning,Z,6.0,0.0,2025-04-16 03:10:00
OP113000,W0149,Evening,Z,41.0,0.0,2025-04-07 22:33:00
OP113001,W0448,,E,43.0,2.0,2025-05-24 23:15:00
OP113002,W0412,Night,E,13.0,2.0,2025-06-10 13:38:00
OP113003,W0132,Morning,D,33.0,0.0,2025-01-08 06:07:00
OP113004,W0230,Mornng,A,42.0,2.0,2025-01-23 03:39:00
OP113005,W0294,Evening,A,13.0,1.0,2025-04-02 22:16:00
OP113006,W0356,Evening,A,19.0,2.0,2025-01-14 09:08:00
OP113007,W0336,Evening,D,37.0,0.0,2025-01-16 12:07:00
OP113008,W0213,Evening,D,31.0,,2025-04-10 10:35:00
OP113009,W0214,,Z,48.0,1.0,2025-05-07 18:49:00
OP113010,W0384,,,15.0,0.0,2025-06-09 11:40:00
OP113011,W0462,Morning,Z,33.0,0.0,2025-05-08 02:03:00
OP113012,W0013,,D,27.0,2.0,2025-05-07 09:43:00
OP113013,W0479,,A,49.0,1.0,2025-05-21 02:27:00
OP113014,W0078,Morning,D,19.0,1.0,2025-05-20 23:06:00
OP113015,W0364,Morning,B,-5.0,,2025-05-25 21:48:00
OP113016,W0125,Evening,A,37.0,,2025-03-15 20:27:00
OP113017,W0185,Mornng,D,24.0,2.0,2025-04-30 22:58:00
OP113018,W0381,,C,-5.0,1.0,2025-05-03 17:15:00
OP113019,W0409,Night,E,9.0,2.0,2025-02-07 22:56:00
OP113020,W0185,Morning,,41.0,1.0,2025-03-30 02:52:00
OP113021,W0193,,Z,33.0,2.0,2025-06-14 00:51:00
OP113022,W0336,Evening,C,12.0,1.0,2025-06-09 13:10:00
OP113023,W0347,Night,,44.0,2.0,2025-02-17 07:20:00
OP113024,W0230,Night,A,32.0,,2025-02-23 21:34:00
OP113025,W0142,,Z,12.0,0.0,2025-02-01 14:44:00
OP113026,W0338,,D,16.0,1.0,2025-02-06 22:48:00
OP113027,W0401,Mornng,,27.0,0.0,2025-04-27 16:04:00
OP113028,W0219,Morning,B,11.0,2.0,2025-01-23 11:20:00
OP113029,W0129,,Z,47.0,2.0,2025-05-01 15:57:00
OP113030,W0031,,,15.0,,2025-02-28 05:03:00
OP113031,W0351,Evening,Z,21.0,0.0,2025-04-24 20:29:00
OP113032,W0173,,C,25.0,,2025-04-10 06:37:00
OP113033,W0326,Night,,46.0,2.0,2025-04-07 02:55:00
OP113034,W0043,,A,36.0,0.0,2025-03-18 15:05:00
OP113035,W0313,Morning,D,17.0,,2025-03-01 09:19:00
OP113036,W0048,Mornng,E,41.0,0.0,2025-05-16 03:38:00
OP113037,W0168,Morning,A,46.0,2.0,2025-04-28 22:53:00
OP113038,W0275,Evening,E,24.0,,2025-01-12 14:20:00
OP113039,W0248,,C,23.0,0.0,2025-03-27 13:24:00
OP113040,W0176,,E,36.0,,2025-04-06 22:08:00
OP113041,W0074,,Z,49.0,,2025-01-20 03:44:00
OP113042,W0035,,B,42.0,1.0,2025-02-05 20:01:00
OP113043,W0364,Evening,A,-5.0,2.0,2025-04-27 04:41:00
OP113044,W0309,Night,Z,25.0,1.0,2025-01-20 18:23:00
OP113045,W0209,Mornng,,27.0,2.0,2025-03-07 15:32:00
OP113046,W0303,Morning,B,3.0,1.0,2025-03-15 13:57:00
OP113047,W0498,,D,17.0,1.0,2025-03-29 14:47:00
OP113048,W0240,,A,36.0,0.0,2025-04-09 03:20:00
OP113049,W0298,Mornng,D,6.0,2.0,2025-02-22 05:16:00
OP113050,,,D,27.0,,2025-05-07 16:55:00
OP113051,W0077,Mornng,,24.0,,2025-06-09 05:36:00
OP113052,W0092,Night,A,9.0,1.0,2025-06-25 22:46:00
OP113053,W0086,Mornng,A,10.0,2.0,2025-03-13 20:05:00
OP113054,W0418,Mornng,D,25.0,1.0,invalid_date
OP113055,W0304,Mornng,D,1.0,,2025-05-18 21:34:00
OP113056,W0323,Evening,C,0.0,1.0,2025-01-27 12:36:00
OP113057,W0251,Night,Z,19.0,,2025-02-15 22:47:00
OP113058,W0044,Morning,A,16.0,1.0,2025-03-31 09:58:00
OP113059,W0444,Mornng,B,36.0,,2025-01-30 03:43:00
OP113060,W0251,Mornng,E,29.0,,2025-05-03 19:24:00
OP113061,W0418,Morning,D,23.0,,2025-03-25 21:55:00
OP113062,W0291,,B,9.0,0.0,2025-06-23 07:52:00
OP113063,W0254,,A,41.0,1.0,2025-01-16 18:22:00
OP113064,W0128,,A,36.0,0.0,2025-02-05 18:17:00
OP113065,W0346,,D,39.0,2.0,2025-06-16 08:43:00
OP113066,W0260,Night,C,47.0,1.0,2025-05-14 02:23:00
OP113067,W0437,Morning,A,44.0,1.0,2025-06-03 20:04:00
OP113068,W0391,Evening,Z,23.0,,2025-03-19 13:37:00
OP113069,W0147,Evening,,33.0,0.0,2025-04-10 09:45:00
OP113070,W0067,Evening,B,37.0,1.0,2025-04-17 09:08:00
OP113071,W0025,Evening,C,26.0,0.0,2025-05-17 21:21:00
OP113072,W0125,Night,A,34.0,,2025-03-28 03:12:00
OP113073,W0258,Night,B,12.0,1.0,invalid_date
OP113074,W0248,,,26.0,,2025-04-19 01:22:00
OP113075,W0117,,Z,47.0,1.0,2025-05-26 05:22:00
OP113076,W0266,Evening,Z,39.0,0.0,2025-05-06 22:28:00
OP113077,W0334,,,42.0,,2025-05-14 13:54:00
OP113078,W0488,Evening,D,22.0,2.0,2025-02-07 12:33:00
OP113079,W0082,Morning,,17.0,2.0,2025-01-16 07:13:00
OP113080,W0246,,D,15.0,0.0,2025-04-16 07:02:00
OP113081,W0284,,B,47.0,0.0,2025-05-26 04:48:00
OP113082,W0181,,B,2.0,2.0,2025-05-20 09:38:00
OP113083,W0148,,Z,7.0,2.0,2025-01-14 00:02:00
OP113084,W0264,,D,15.0,1.0,2025-01-13 15:27:00
OP113085,W0473,Night,E,40.0,1.0,2025-05-24 14:39:00
OP113086,W0473,Night,C,41.0,1.0,2025-03-24 02:10:00
OP113087,W0261,Night,Z,16.0,,2025-03-30 20:19:00
OP113088,W0387,,C,46.0,1.0,2025-03-23 01:24:00
OP113089,W0361,,B,17.0,2.0,2025-03-05 08:41:00
OP113090,W0370,,Z,23.0,2.0,2025-02-23 09:08:00
OP113091,W0342,Morning,D,6.0,0.0,2025-02-17 15:31:00
OP113092,W0048,Evening,E,22.0,,2025-01-30 09:04:00
OP113093,W0162,Mornng,E,3.0,0.0,2025-02-23 22:39:00
OP113094,W0198,Night,C,39.0,2.0,2025-05-06 20:54:00
OP113095,W0212,Night,B,18.0,,2025-03-21 20:15:00
OP113096,W0365,Mornng,B,37.0,,2025-06-29 06:34:00
OP113097,W0080,Night,,2.0,0.0,2025-01-12 05:55:00
OP113098,W0289,Evening,Z,39.0,2.0,2025-05-02 20:57:00
OP113099,W0450,Evening,D,28.0,,2025-05-06 14:56:00
OP113100,W0110,Morning,,8.0,2.0,2025-03-31 06:53:00
OP113101,W0217,Evening,E,35.0,0.0,2025-04-26 20:07:00
OP113102,W0035,Night,B,34.0,2.0,2025-06-07 11:17:00
OP113103,W0009,,A,38.0,,2025-02-10 04:23:00
OP113104,W0174,Evening,B,13.0,0.0,2025-03-14 09:25:00
OP113105,W0271,,C,26.0,0.0,2025-02-13 16:58:00
OP113106,W0435,Morning,A,47.0,,2025-01-21 21:21:00
OP113107,W0312,Mornng,C,34.0,,2025-06-10 16:03:00
OP113108,W0160,,D,38.0,2.0,2025-05-28 15:31:00
OP113109,W0168,Morning,Z,49.0,2.0,2025-02-15 12:14:00
OP113110,W0149,Mornng,C,33.0,1.0,2025-04-13 19:16:00
OP113111,W0328,Night,B,17.0,,2025-05-18 15:38:00
OP113112,W0445,Morning,B,29.0,1.0,2025-03-27 12:34:00
OP113113,W0477,Morning,Z,32.0,0.0,2025-03-12 08:09:00
OP113114,W0223,Night,E,28.0,,2025-01-15 06:56:00
OP113115,W0212,Mornng,Z,0.0,0.0,2025-02-26 22:51:00
OP113116,W0278,Morning,Z,49.0,0.0,2025-02-19 12:33:00
OP113117,W0391,,,23.0,,2025-06-02 16:27:00
OP113118,W0026,,D,5.0,0.0,2025-03-14 02:49:00
OP113119,W0113,Morning,C,-5.0,0.0,2025-03-25 05:33:00
OP113120,W0421,Morning,Z,27.0,0.0,2025-06-02 15:29:00
OP113121,W0147,,E,12.0,2.0,2025-04-29 09:38:00
OP113122,W0413,Evening,,0.0,1.0,2025-01-16 10:07:00
OP113123,W0264,Night,D,5.0,1.0,2025-04-06 21:23:00
OP113124,W0334,,D,16.0,,2025-02-14 14:38:00
OP113125,W0476,Evening,D,19.0,0.0,2025-05-09 16:54:00
OP113126,W0061,,Z,49.0,,2025-01-16 05:18:00
OP113127,W0483,Night,B,18.0,2.0,2025-01-30 06:12:00
OP113128,W0302,,,0.0,0.0,2025-02-17 14:49:00
OP113129,W0018,Night,D,16.0,,2025-03-04 08:40:00
OP113130,W0214,,C,37.0,2.0,2025-02-13 14:55:00
OP113131,W0370,Morning,E,14.0,0.0,2025-02-18 06:22:00
OP113132,W0245,Night,D,8.0,2.0,2025-03-15 08:19:00
OP113133,W0382,Evening,C,-5.0,,2025-04-15 06:11:00
OP113134,W0294,,Z,13.0,2.0,2025-03-17 20:43:00
OP113135,W0360,Night,B,20.0,1.0,2025-04-06 10:09:00
OP113136,W0363,Night,E,6.0,,2025-03-21 09:29:00
OP113137,W0413,Mornng,A,30.0,0.0,2025-05-17 01:53:00
OP113138,W0248,Night,B,25.0,0.0,2025-02-25 12:24:00
OP113139,W0328,,E,28.0,,2025-01-01 20:03:00
OP113140,W0056,,Z,19.0,0.0,2025-01-18 07:44:00
OP113141,W0392,Morning,,25.0,1.0,2025-04-22 11:19:00
OP113142,W0383,Mornng,Z,29.0,0.0,2025-03-13 13:07:00
OP113143,W0235,Morning,B,10.0,2.0,2025-04-06 15:19:00
OP113144,W0109,,D,43.0,,2025-02-04 17:58:00
OP113145,W0478,,B,8.0,1.0,2025-02-25 16:44:00
OP113146,W0261,Night,D,11.0,,2025-05-03 18:07:00
OP113147,W0452,,E,40.0,1.0,2025-03-15 13:18:00
OP113148,W0416,Night,B,32.0,,2025-06-09 02:32:00
OP113149,W0398,Evening,B,,1.0,2025-04-27 22:49:00
OP113150,W0189,Evening,,28.0,0.0,2025-04-01 05:17:00
OP113151,W0117,Night,D,28.0,1.0,2025-01-17 06:50:00
OP113152,W0144,Mornng,D,31.0,1.0,2025-03-06 21:19:00
OP113153,W0180,Night,Z,42.0,,2025-02-06 17:36:00
OP113154,W0166,Evening,D,21.0,1.0,2025-01-07 23:13:00
OP113155,W0303,,C,-5.0,,2025-04-23 23:14:00
OP113156,W0295,Mornng,,43.0,1.0,2025-01-23 16:43:00
OP113157,W0196,Evening,,29.0,2.0,2025-05-02 09:47:00
OP113158,W0187,Evening,A,42.0,2.0,2025-02-10 01:19:00
OP113159,W0005,Evening,B,23.0,0.0,2025-02-22 12:16:00
OP113160,W0335,Mornng,C,49.0,0.0,2025-03-06 12:38:00
OP113161,W0488,Night,Z,15.0,0.0,2025-03-25 12:58:00
OP113162,W0053,,D,43.0,1.0,2025-06-05 17:51:00
OP113163,W0272,,A,1.0,0.0,2025-05-15 10:43:00
OP113164,W0340,Evening,D,8.0,0.0,2025-05-21 21:58:00
OP113165,W0158,Evening,E,6.0,1.0,2025-02-11 17:35:00
OP113166,W0338,Morning,A,31.0,,2025-02-23 07:53:00
OP113167,W0061,Mornng,D,25.0,1.0,2025-02-07 00:00:00
OP113168,W0204,Night,C,34.0,,2025-02-28 19:44:00
OP113169,W0440,Evening,E,11.0,0.0,2025-03-17 04:35:00
OP113170,W0329,,E,45.0,,2025-06-24 23:42:00
OP113171,W0439,Evening,D,15.0,,2025-05-01 08:45:00
OP113172,W0160,,C,20.0,0.0,2025-03-18 10:19:00
OP113173,W0348,Evening,Z,40.0,0.0,2025-04-24 05:16:00
OP113174,W0410,Mornng,Z,49.0,,2025-01-29 02:10:00
OP113175,W0285,Morning,D,43.0,2.0,2025-06-25 12:57:00
OP113176,W0077,Mornng,A,22.0,,2025-01-06 08:14:00
OP113177,W0392,Morning,B,49.0,0.0,2025-02-02 06:10:00
OP113178,W0285,Morning,B,39.0,2.0,2025-06-23 10:37:00
OP113179,W0303,,A,49.0,2.0,2025-01-18 16:02:00
OP113180,W0399,,Z,49.0,2.0,2025-03-27 02:20:00
OP113181,W0442,,E,48.0,1.0,2025-03-04 23:22:00
OP113182,W0091,Night,A,44.0,0.0,2025-03-19 02:49:00
OP113183,W0473,,E,1.0,0.0,2025-01-08 23:14:00
OP113184,W0378,Night,D,38.0,0.0,2025-05-21 06:24:00
OP113185,W0081,,,17.0,,2025-04-20 11:29:00
OP113186,W0218,,C,21.0,2.0,2025-02-10 22:29:00
OP113187,W0383,,E,24.0,1.0,2025-02-04 09:54:00
OP113188,W0121,Evening,Z,7.0,1.0,2025-05-04 21:06:00
OP113189,W0376,,B,33.0,1.0,2025-06-11 01:58:00
OP113190,W0340,Mornng,E,43.0,1.0,2025-05-11 04:07:00
OP113191,W0203,Evening,A,24.0,1.0,2025-03-01 22:36:00
OP113192,W0153,,C,11.0,0.0,2025-02-23 12:05:00
OP113193,W0026,Morning,B,47.0,2.0,2025-04-13 22:23:00
OP113194,W0346,Morning,C,0.0,0.0,2025-03-26 19:25:00
OP113195,W0215,Night,C,24.0,0.0,2025-04-07 12:48:00
OP113196,W0253,Evening,C,6.0,,2025-04-24 01:40:00
OP113197,W0404,Mornng,D,29.0,0.0,2025-03-19 08:56:00
OP113198,W0121,Mornng,,22.0,0.0,2025-02-04 15:27:00
OP113199,W0133,Night,Z,8.0,,2025-01-26 05:44:00
OP113200,W0267,,C,6.0,2.0,2025-04-04 22:17:00
OP113201,W0439,,,-5.0,2.0,2025-03-21 11:19:00
OP113202,W0309,Night,D,40.0,1.0,2025-04-27 19:42:00
OP113203,W0424,Mornng,B,-5.0,1.0,2025-02-04 16:54:00
OP113204,W0170,Night,D,48.0,0.0,2025-02-17 05:25:00
OP113205,W0379,Night,D,40.0,,2025-01-09 16:14:00
OP113206,W0191,,C,22.0,0.0,2025-03-19 20:37:00
OP113207,W9999,Evening,E,31.0,2.0,2025-01-28 15:40:00
OP113208,W0493,Night,D,7.0,,2025-01-20 04:07:00
OP113209,W0173,,Z,38.0,1.0,2025-03-20 11:05:00
OP113210,W0413,,D,35.0,1.0,2025-05-09 04:11:00
OP113211,W0073,,C,10.0,1.0,2025-03-02 09:34:00
OP113212,W0401,Morning,E,15.0,1.0,2025-03-26 13:05:00
OP113213,W0390,Evening,E,1.0,,2025-02-06 20:23:00
OP113214,W0399,,,12.0,,2025-02-19 16:43:00
OP113215,W0180,,D,44.0,0.0,2025-01-07 05:07:00
OP113216,W0470,Evening,,31.0,0.0,2025-03-01 11:52:00
OP113217,W0451,Morning,E,23.0,0.0,2025-03-16 01:15:00
OP113218,W0150,Morning,A,6.0,,2025-04-05 23:12:00
OP113219,W0243,,C,42.0,0.0,2025-04-07 01:30:00
OP113220,W0247,,A,3.0,,2025-02-10 19:10:00
OP113221,W0459,Evening,B,12.0,,2025-05-10 09:27:00
OP113222,W0289,Evening,C,34.0,1.0,2025-04-22 02:25:00
OP113223,W0149,Evening,D,12.0,1.0,2025-01-19 11:45:00
OP113224,W0144,,B,10.0,1.0,2025-01-04 23:52:00
OP113225,W0189,,E,11.0,,2025-05-03 13:13:00
OP113226,W0468,Night,,0.0,1.0,2025-05-04 23:49:00
OP113227,W0459,,E,8.0,2.0,2025-06-13 07:51:00
OP113228,W0068,Morning,C,6.0,,2025-05-24 15:11:00
OP113229,W0383,Evening,Z,45.0,2.0,2025-02-05 22:35:00
OP113230,W0381,Mornng,E,24.0,2.0,2025-05-20 15:13:00
OP113231,W0372,Night,C,5.0,,2025-01-15 15:38:00
OP113232,W0288,,E,8.0,1.0,2025-03-26 16:56:00
OP113233,W0350,,D,16.0,0.0,2025-02-20 14:26:00
OP113234,W0357,,Z,16.0,0.0,2025-05-04 03:10:00
OP113235,W0348,,,46.0,,2025-04-13 20:37:00
OP113236,W0240,,E,28.0,2.0,2025-02-01 23:14:00
OP113237,W0480,Mornng,B,17.0,,2025-06-05 02:40:00
OP113238,W0271,Morning,B,5.0,0.0,2025-02-15 22:53:00
OP113239,W0141,,C,47.0,,2025-04-18 07:44:00
OP113240,W0343,,B,44.0,0.0,2025-04-29 20:35:00
OP113241,W0316,,D,27.0,0.0,2025-05-23 13:37:00
OP113242,W0212,Night,A,37.0,2.0,2025-01-24 05:29:00
OP113243,W0160,,A,33.0,2.0,2025-06-28 11:04:00
OP113244,W0057,,C,3.0,1.0,2025-01-23 12:24:00
OP113245,W0027,Morning,,36.0,,2025-02-03 05:55:00
OP113246,W0106,,,30.0,1.0,2025-01-19 20:47:00
OP113247,W0486,Mornng,E,35.0,,2025-02-22 14:30:00
OP113248,W0116,,A,26.0,1.0,2025-01-26 17:18:00
OP113249,W0162,,,48.0,,2025-05-25 04:20:00
OP113250,W0118,Mornng,,24.0,0.0,2025-01-18 09:01:00
OP113251,W0398,,C,38.0,,2025-02-21 04:15:00
OP113252,W0146,Mornng,C,43.0,,2025-02-07 21:49:00
OP113253,W0307,Evening,,41.0,,2025-04-25 22:57:00
OP113254,W0370,Mornng,Z,9.0,2.0,2025-05-04 02:57:00
OP113255,W0293,Mornng,B,1.0,,2025-05-10 08:38:00
OP113256,W0048,,C,34.0,0.0,2025-05-24 23:08:00
OP113257,W0267,Mornng,C,46.0,,2025-02-18 17:21:00
OP113258,W0044,Night,C,5.0,,2025-01-19 13:04:00
OP113259,W0268,Mornng,C,44.0,1.0,2025-04-23 02:21:00
OP113260,W0231,Mornng,,39.0,0.0,2025-02-02 01:38:00
OP113261,W0010,,C,9.0,2.0,2025-02-06 08:04:00
OP113262,W0037,,C,21.0,1.0,2025-02-22 09:50:00
OP113263,W0111,Night,C,35.0,1.0,2025-02-10 19:29:00
OP113264,W0071,Morning,D,18.0,2.0,2025-03-04 20:56:00
OP113265,W0194,Mornng,B,,1.0,2025-03-02 18:11:00
OP113266,W0158,Morning,,44.0,1.0,2025-01-15 05:35:00
OP113267,W0446,Night,D,7.0,1.0,2025-06-12 09:36:00
OP113268,W0349,,B,47.0,1.0,2025-03-24 11:53:00
OP113269,W0341,Mornng,A,35.0,0.0,2025-05-27 10:25:00
OP113270,W0337,Evening,,14.0,,2025-01-04 01:48:00
OP113271,W0363,Mornng,E,15.0,2.0,2025-04-08 07:57:00
OP113272,W0251,Mornng,B,32.0,2.0,2025-03-22 20:23:00
OP113273,W0484,Morning,B,36.0,1.0,2025-02-02 17:23:00
OP113274,W0297,Morning,Z,36.0,,2025-02-11 06:41:00
OP113275,W0111,Night,B,15.0,,2025-04-19 06:02:00
OP113276,W0493,Evening,,13.0,2.0,2025-01-22 05:14:00
OP113277,W0244,Night,B,27.0,0.0,2025-02-09 16:10:00
OP113278,W0487,Morning,D,36.0,,2025-06-06 02:51:00
OP113279,W0327,Morning,A,,,2025-03-06 13:57:00
OP113280,W0347,Night,Z,16.0,0.0,2025-04-17 22:37:00
OP113281,W0468,,,12.0,1.0,2025-03-06 21:27:00
OP113282,W0069,Morning,D,41.0,2.0,2025-03-23 05:48:00
OP113283,W0453,Night,D,19.0,,2025-01-30 05:28:00
OP113284,W0455,,,31.0,1.0,2025-02-18 14:25:00
OP113285,W0357,,B,45.0,2.0,2025-02-08 15:55:00
OP113286,W0027,Morning,C,25.0,1.0,2025-01-03 01:13:00
OP113287,W0120,,A,18.0,1.0,2025-06-24 16:49:00
OP113288,W0286,Night,Z,39.0,2.0,2025-04-10 07:39:00
OP113289,W0212,,Z,16.0,1.0,2025-01-27 00:33:00
OP113290,W0186,,C,13.0,,2025-03-13 23:17:00
OP113291,W0374,Morning,D,30.0,0.0,2025-05-31 08:58:00
OP113292,W0013,,C,41.0,0.0,2025-05-13 23:58:00
OP113293,W0496,Night,E,12.0,,2025-05-12 12:15:00
OP113294,W0240,Night,E,46.0,0.0,2025-06-15 20:02:00
OP113295,W0417,Morning,Z,35.0,0.0,2025-01-13 05:19:00
OP113296,W0260,,Z,10.0,2.0,2025-01-11 15:33:00
OP113297,W0284,Mornng,E,11.0,2.0,2025-04-11 08:02:00
OP113298,W0476,Morning,C,7.0,1.0,2025-05-09 08:12:00
OP113299,W0192,Night,D,29.0,1.0,invalid_date
OP113300,W0356,Night,D,11.0,1.0,2025-02-12 04:16:00
OP113301,W0214,Evening,Z,2.0,0.0,2025-03-22 23:23:00
OP113302,W0418,Mornng,B,8.0,2.0,2025-01-09 23:28:00
OP113303,W0033,Morning,E,48.0,2.0,2025-04-25 03:48:00
OP113304,W0158,,,20.0,,2025-02-20 11:46:00
OP113305,W0089,,B,31.0,1.0,2025-03-30 05:11:00
OP113306,W0236,Mornng,D,47.0,1.0,2025-05-13 03:39:00
OP113307,W0335,Evening,C,10.0,0.0,2025-02-13 15:59:00
OP113308,W0080,Mornng,C,42.0,0.0,2025-04-01 14:25:00
OP113309,W0011,Morning,Z,8.0,2.0,2025-03-29 06:21:00
OP113310,W0394,Evening,,14.0,0.0,2025-04-23 12:55:00
OP113311,W0141,,C,14.0,0.0,2025-05-06 02:00:00
OP113312,W0113,,,49.0,2.0,2025-03-31 05:54:00
OP113313,W0185,,,29.0,1.0,2025-01-16 03:45:00
OP113314,W0330,Morning,A,,,2025-06-21 17:27:00
OP113315,W0291,Evening,Z,25.0,0.0,2025-06-22 20:48:00
OP113316,W0048,Morning,E,20.0,,invalid_date
OP113317,W0238,Morning,B,8.0,1.0,invalid_date
OP113318,W0212,,Z,30.0,,2025-03-16 09:48:00
OP113319,W0015,Evening,A,28.0,2.0,2025-03-08 22:04:00
OP113320,W0214,Mornng,D,29.0,,2025-04-29 02:39:00
OP113321,W0024,Mornng,C,8.0,1.0,2025-06-06 16:40:00
OP113322,W0432,Night,C,19.0,1.0,2025-01-08 19:54:00
OP113323,W0245,,,12.0,0.0,2025-02-05 23:50:00
OP113324,W0019,Night,,46.0,,2025-01-03 14:29:00
OP113325,W0390,Night,,3.0,1.0,2025-01-09 07:31:00
OP113326,W0263,Morning,,43.0,,invalid_date
OP113327,W0103,Mornng,,24.0,,2025-04-15 14:03:00
OP113328,W0173,Morning,Z,24.0,2.0,invalid_date
OP113329,W0200,Night,D,5.0,0.0,2025-05-09 13:16:00
OP113330,W0466,Mornng,C,11.0,,2025-04-10 00:25:00
OP113331,W0486,Morning,B,37.0,2.0,2025-05-19 21:57:00
OP113332,W0462,Morning,B,-5.0,0.0,2025-01-16 18:23:00
OP113333,W0172,Morning,B,40.0,2.0,2025-05-20 09:41:00
OP113334,W0204,,Z,31.0,0.0,2025-02-08 18:12:00
OP113335,W0087,Night,C,18.0,0.0,2025-03-10 11:55:00
OP113336,W0161,,C,45.0,2.0,2025-03-08 23:06:00
OP113337,W0492,Night,B,23.0,2.0,2025-05-23 07:15:00
OP113338,W0125,Night,E,35.0,2.0,2025-01-30 18:54:00
OP113339,W0258,Evening,C,13.0,1.0,2025-04-02 07:52:00
OP113340,W0140,Night,B,14.0,0.0,2025-03-27 12:15:00
OP113341,W0363,Night,B,,,2025-03-29 11:47:00
OP113342,W0475,Morning,D,14.0,,2025-04-15 20:53:00
OP113343,W0151,,A,23.0,,2025-05-08 03:06:00
OP113344,W0347,Night,C,20.0,1.0,2025-04-06 00:01:00
OP113345,W0442,Evening,B,38.0,,2025-01-10 13:24:00
OP113346,W0389,,D,26.0,2.0,2025-02-03 18:49:00
OP113347,W0177,,B,44.0,0.0,2025-01-03 09:18:00
OP113348,W0168,,B,,0.0,2025-05-15 15:06:00
OP113349,W0388,,,12.0,,2025-03-05 11:34:00
OP113350,W0389,,E,24.0,1.0,2025-04-28 04:57:00
OP113351,W0120,Morning,E,26.0,1.0,2025-03-25 20:39:00
OP113352,W0424,Evening,Z,14.0,2.0,2025-02-18 21:03:00
OP113353,W0495,Night,B,40.0,2.0,2025-04-16 08:43:00
OP113354,W0156,Evening,D,23.0,1.0,2025-02-22 17:23:00
OP113355,W0018,Mornng,B,34.0,0.0,2025-05-02 01:17:00
OP113356,W0414,Evening,B,40.0,0.0,2025-03-27 05:14:00
OP113357,W0087,Morning,Z,17.0,,2025-01-20 11:44:00
OP113358,W0022,Morning,A,24.0,2.0,2025-01-18 03:11:00
OP113359,W0126,Evening,B,41.0,,2025-02-17 10:18:00
OP113360,W0388,Evening,E,3.0,1.0,2025-05-22 15:30:00
OP113361,W0342,,C,38.0,2.0,2025-03-03 22:20:00
OP113362,W0205,,C,15.0,0.0,2025-01-03 21:27:00
OP113363,W0337,,E,42.0,2.0,2025-01-21 17:58:00
OP113364,W0169,Night,A,14.0,1.0,2025-05-26 18:14:00
OP113365,W0437,,Z,10.0,,2025-06-22 21:44:00
OP113366,W0323,,A,1.0,1.0,2025-02-08 00:27:00
OP113367,W0015,Morning,,16.0,1.0,2025-03-03 12:36:00
OP113368,W0385,,E,7.0,1.0,2025-06-20 21:24:00
OP113369,W0061,Mornng,,7.0,,2025-06-10 10:39:00
OP113370,W0438,Night,,9.0,0.0,2025-03-23 01:47:00
OP113371,W0256,,C,44.0,2.0,2025-06-09 05:30:00
OP113372,W0484,Night,C,44.0,,2025-03-28 00:46:00
OP113373,W0499,Mornng,,33.0,0.0,2025-04-23 18:05:00
OP113374,W0349,Morning,A,14.0,1.0,2025-02-01 07:00:00
OP113375,W0234,Morning,,18.0,,2025-02-03 15:05:00
OP113376,W0349,,D,11.0,,2025-01-14 18:09:00
OP113377,W0236,,Z,27.0,,2025-06-15 20:27:00
OP113378,W0035,Evening,Z,23.0,2.0,2025-01-05 13:19:00
OP113379,W0165,,C,14.0,2.0,2025-05-03 07:31:00
OP113380,W0324,,A,29.0,,2025-01-31 21:16:00
OP113381,W0262,Evening,D,18.0,2.0,2025-01-20 14:30:00
OP113382,W0133,Evening,E,32.0,,2025-04-14 02:41:00
OP113383,W0441,,,36.0,1.0,2025-01-10 04:54:00
OP113384,W0037,Night,C,24.0,2.0,2025-05-17 11:53:00
OP113385,W0076,Night,E,10.0,,2025-02-12 04:43:00
OP113386,W0403,Night,Z,30.0,0.0,2025-04-14 04:16:00
OP113387,W0408,,Z,42.0,2.0,2025-06-13 10:35:00
OP113388,W0448,Night,C,30.0,1.0,2025-04-06 20:23:00
OP113389,W0149,Evening,D,42.0,1.0,2025-01-24 04:27:00
OP113390,W0116,,A,29.0,,2025-06-10 13:10:00
OP113391,W0330,Night,A,30.0,0.0,2025-06-18 04:16:00
OP113392,W0496,Mornng,,2.0,1.0,2025-03-28 23:57:00
OP113393,W0044,Mornng,D,14.0,2.0,2025-04-20 02:49:00
OP113394,W0180,Evening,D,,0.0,2025-01-10 20:42:00
OP113395,W0320,,,47.0,,2025-03-30 02:42:00
OP113396,W0456,,Z,43.0,1.0,2025-06-06 08:14:00
OP113397,W0482,Mornng,B,29.0,1.0,2025-06-07 17:36:00
OP113398,W0072,Night,A,41.0,2.0,2025-05-22 09:11:00
OP113399,W0227,Evening,E,46.0,1.0,2025-04-15 19:37:00
OP113400,W0279,Mornng,D,21.0,1.0,2025-02-19 18:07:00
OP113401,W0101,Night,Z,35.0,0.0,2025-01-01 18:01:00
OP113402,W0117,Night,B,30.0,1.0,2025-02-26 02:00:00
OP113403,W0072,Morning,,21.0,1.0,2025-03-09 12:52:00
OP113404,W0262,Morning,Z,38.0,2.0,2025-05-20 15:37:00
OP113405,W0240,Morning,,19.0,2.0,2025-05-03 13:17:00
OP113406,W0071,Mornng,,39.0,,2025-03-13 04:13:00
OP113407,W0206,Night,Z,34.0,1.0,2025-02-17 05:05:00
OP113408,W0456,Evening,E,20.0,2.0,2025-02-14 06:18:00
OP113409,W0143,,Z,6.0,1.0,2025-06-07 06:00:00
OP113410,W0160,Mornng,D,19.0,0.0,2025-02-27 01:18:00
OP113411,W0361,Night,E,26.0,2.0,2025-05-28 07:37:00
OP113412,W0127,,A,-5.0,2.0,2025-02-02 14:03:00
OP113413,W0423,Morning,C,48.0,2.0,2025-06-23 22:25:00
OP113414,W0217,,C,26.0,0.0,2025-01-18 18:38:00
OP113415,W0051,,A,9.0,,2025-06-20 13:07:00
OP113416,W0406,Morning,E,41.0,,2025-02-06 05:34:00
OP113417,W0458,,C,46.0,2.0,2025-01-03 04:34:00
OP113418,W0491,Night,C,44.0,1.0,2025-04-28 02:21:00
OP113419,W0388,,B,16.0,,2025-01-27 21:16:00
OP113420,W0184,Morning,A,11.0,1.0,2025-05-20 06:44:00
OP113421,W0024,,,47.0,,2025-03-10 02:56:00
OP113422,W0253,,D,0.0,1.0,2025-01-11 17:04:00
OP113423,W0340,Morning,C,3.0,,2025-01-29 14:58:00
OP113424,W0095,,D,8.0,1.0,2025-06-27 06:56:00
OP113425,W0232,,Z,2.0,1.0,2025-06-25 08:37:00
OP113426,W0373,Morning,E,27.0,0.0,2025-02-25 18:50:00
OP113427,W0058,Mornng,,7.0,,2025-01-23 03:38:00
OP113428,W0466,Evening,Z,16.0,,2025-02-18 02:00:00
OP113429,W0011,Mornng,E,7.0,1.0,2025-04-15 09:33:00
OP113430,W0053,Morning,C,13.0,,2025-01-20 17:38:00
OP113431,W0401,Night,D,7.0,0.0,2025-05-05 16:29:00
OP113432,W0292,Evening,A,37.0,0.0,2025-03-10 21:59:00
OP113433,W0281,Mornng,E,19.0,1.0,2025-06-01 01:58:00
OP113434,W0440,,,7.0,0.0,2025-05-11 15:48:00
OP113435,W0304,Night,C,15.0,0.0,2025-01-05 04:51:00
OP113436,W0164,,C,44.0,0.0,2025-06-10 23:28:00
OP113437,W0203,,Z,10.0,2.0,2025-01-17 07:56:00
OP113438,W0237,Night,C,38.0,1.0,2025-04-03 09:30:00
OP113439,W0224,,Z,14.0,2.0,2025-06-17 03:40:00
OP113440,W0469,Mornng,B,47.0,2.0,2025-05-21 15:46:00
OP113441,W0268,,D,44.0,,2025-02-13 16:08:00
OP113442,W0097,,A,3.0,1.0,2025-02-14 10:09:00
OP113443,W0128,Morning,D,33.0,1.0,2025-03-02 18:36:00
OP113444,W0240,,B,35.0,,2025-02-06 08:01:00
OP113445,W0345,,B,25.0,0.0,2025-03-05 01:22:00
OP113446,W0359,Mornng,Z,8.0,0.0,2025-05-02 18:11:00
OP113447,W0183,Night,Z,40.0,0.0,2025-05-22 07:13:00
OP113448,W0274,,Z,9.0,1.0,2025-03-28 15:18:00
OP113449,W0173,Evening,B,33.0,2.0,2025-03-22 10:45:00
OP113450,W0178,,B,48.0,,2025-05-17 15:12:00
OP113451,W0385,Morning,B,28.0,1.0,2025-05-11 09:09:00
OP113452,W0231,,E,42.0,,2025-05-01 00:26:00
OP113453,W0342,Night,B,27.0,0.0,2025-06-05 22:39:00
OP113454,W0085,Morning,D,11.0,1.0,2025-06-23 16:20:00
OP113455,W0480,Night,A,31.0,,2025-05-16 22:04:00
OP113456,W0477,,D,49.0,1.0,2025-02-15 13:38:00
OP113457,W0125,Evening,B,22.0,0.0,2025-05-14 16:55:00
OP113458,W0329,Morning,E,47.0,2.0,2025-06-16 22:58:00
OP113459,W0335,,E,10.0,,2025-03-08 13:27:00
OP113460,W0005,Night,C,49.0,1.0,2025-06-17 13:56:00
OP113461,W0292,Night,D,21.0,2.0,2025-04-18 08:16:00
OP113462,W0350,,C,13.0,2.0,2025-02-23 13:15:00
OP113463,W0211,Night,D,17.0,0.0,2025-04-06 00:45:00
OP113464,W0115,,C,47.0,0.0,2025-03-22 02:13:00
OP113465,W0374,Evening,,7.0,,2025-04-20 00:12:00
OP113466,W0143,,C,10.0,1.0,2025-03-13 00:44:00
OP113467,W0392,,E,23.0,1.0,2025-01-16 22:57:00
OP113468,W0361,Evening,D,45.0,,2025-04-22 03:21:00
OP113469,W0003,,E,6.0,,2025-04-24 13:12:00
OP113470,W0204,Night,D,16.0,2.0,2025-01-28 16:49:00
OP113471,W0268,Mornng,,4.0,0.0,2025-02-11 16:20:00
OP113472,W0352,Mornng,,0.0,,2025-04-04 18:06:00
OP113473,W0418,Evening,,8.0,0.0,2025-01-19 13:53:00
OP113474,W0392,Evening,E,10.0,2.0,2025-01-13 10:09:00
OP113475,W0491,Night,A,42.0,2.0,2025-06-14 23:27:00
OP113476,W0414,Mornng,D,4.0,,invalid_date
OP113477,W0310,,Z,36.0,2.0,2025-06-28 22:31:00
OP113478,W0197,,B,1.0,,2025-05-10 00:34:00
OP113479,W0335,Night,E,8.0,,2025-04-27 01:52:00
OP113480,W0230,Night,B,48.0,2.0,2025-01-17 20:06:00
OP113481,W0006,,B,14.0,,2025-05-31 23:01:00
OP113482,W0197,Mornng,Z,6.0,1.0,2025-01-18 13:07:00
OP113483,W0477,Night,B,26.0,0.0,2025-04-18 15:16:00
OP113484,W0344,Mornng,E,6.0,0.0,2025-06-21 09:53:00
OP113485,W0142,,Z,24.0,,2025-01-06 21:39:00
OP113486,W0354,,E,26.0,0.0,2025-05-26 16:00:00
OP113487,W0261,Night,B,45.0,1.0,2025-05-09 06:26:00
OP113488,W0499,Mornng,,10.0,0.0,2025-01-03 13:13:00
OP113489,W0157,Night,D,32.0,1.0,2025-05-13 03:21:00
OP113490,W0357,Mornng,C,37.0,,2025-04-04 21:36:00
OP113491,W0167,Morning,E,42.0,1.0,2025-06-08 05:57:00
OP113492,W0065,,E,6.0,1.0,2025-06-27 09:55:00
OP113493,W0455,Night,A,8.0,2.0,2025-06-26 15:05:00
OP113494,W0312,,,19.0,,2025-03-16 07:44:00
OP113495,W0140,Mornng,D,13.0,0.0,2025-06-26 16:30:00
OP113496,W0197,,E,15.0,2.0,2025-04-12 04:41:00
OP113497,W0173,,C,12.0,0.0,2025-01-26 10:37:00
OP113498,W0202,Morning,Z,49.0,1.0,2025-06-01 05:39:00
OP113499,W0181,Morning,D,44.0,0.0,2025-01-26 10:45:00
OP113500,W0431,,B,4.0,,2025-06-17 05:25:00
OP113501,W0232,Mornng,B,47.0,2.0,2025-05-17 21:14:00
OP113502,W0091,,D,1.0,,2025-03-26 21:11:00
OP113503,W0055,,C,32.0,0.0,2025-06-04 05:24:00
OP113504,W0433,Morning,B,18.0,1.0,2025-02-19 03:45:00
OP113505,W0423,Night,C,-5.0,0.0,2025-04-30 05:20:00
OP113506,W0433,Morning,A,22.0,2.0,2025-06-24 00:13:00
OP113507,W0064,Evening,C,11.0,0.0,2025-03-05 08:33:00
OP113508,W0158,Mornng,B,44.0,1.0,2025-04-03 19:19:00
OP113509,W0240,Night,B,38.0,0.0,2025-03-25 05:13:00
OP113510,W0083,,Z,18.0,1.0,2025-03-23 06:58:00
OP113511,W0346,Morning,B,47.0,2.0,2025-02-21 12:26:00
OP113512,W0292,,,22.0,2.0,2025-04-19 04:42:00
OP113513,W0304,Morning,Z,33.0,1.0,2025-05-16 17:27:00
OP113514,W0353,,,41.0,2.0,2025-06-13 06:31:00
OP113515,W0478,Mornng,A,12.0,,2025-06-27 08:55:00
OP113516,W0405,,E,30.0,,2025-01-04 13:20:00
OP113517,W0089,Morning,D,35.0,2.0,2025-03-14 05:16:00
OP113518,W0185,Night,Z,40.0,1.0,2025-03-05 22:10:00
OP113519,W0405,Morning,,13.0,2.0,2025-03-18 14:01:00
OP113520,W0025,,A,23.0,1.0,2025-04-09 22:54:00
OP113521,W0177,Night,Z,22.0,,2025-03-20 14:49:00
OP113522,W0405,Mornng,A,4.0,2.0,2025-03-11 12:52:00
OP113523,W0057,,E,13.0,2.0,2025-06-20 03:05:00
OP113524,W0138,Evening,C,10.0,0.0,2025-01-29 17:09:00
OP113525,W0477,Morning,,20.0,2.0,2025-01-20 18:33:00
OP113526,W0126,Evening,A,41.0,,2025-02-28 08:43:00
OP113527,W0319,Evening,Z,18.0,2.0,2025-02-19 23:32:00
OP113528,W0402,,,14.0,,2025-03-05 13:47:00
OP113529,W0358,,,6.0,2.0,2025-05-22 03:39:00
OP113530,W0136,Morning,Z,38.0,0.0,2025-01-13 11:22:00
OP113531,W0286,,D,35.0,2.0,2025-04-14 15:51:00
OP113532,W0075,Mornng,A,18.0,,2025-05-30 18:59:00
OP113533,W0486,Evening,Z,16.0,0.0,2025-05-09 19:56:00
OP113534,W0257,Night,,42.0,,2025-05-31 23:11:00
OP113535,W0350,Mornng,A,29.0,2.0,2025-01-14 09:04:00
OP113536,W0120,Evening,B,43.0,,2025-01-05 13:29:00
OP113537,W0325,Morning,E,46.0,0.0,2025-01-13 17:05:00
OP113538,W0181,Mornng,E,22.0,,2025-03-21 10:58:00
OP113539,W0168,Night,A,23.0,,2025-05-13 07:09:00
OP113540,W0493,Evening,,45.0,0.0,2025-04-06 09:05:00
OP113541,W0295,Mornng,B,12.0,1.0,2025-01-22 00:28:00
OP113542,W0147,Evening,E,1.0,,2025-06-29 14:17:00
OP113543,W0078,,A,31.0,2.0,2025-06-25 14:37:00
OP113544,W0052,,C,23.0,0.0,2025-03-09 04:24:00
OP113545,W0162,Mornng,D,10.0,2.0,2025-01-05 01:04:00
OP113546,W0454,Morning,A,0.0,2.0,2025-03-02 08:57:00
OP113547,W0362,,D,20.0,1.0,2025-06-26 11:56:00
OP113548,W0078,,Z,33.0,2.0,2025-01-21 13:24:00
OP113549,W0170,Night,C,8.0,1.0,2025-05-17 17:40:00
OP113550,W0218,,Z,48.0,1.0,2025-04-16 17:46:00
OP113551,W0261,Evening,,9.0,0.0,2025-02-11 15:50:00
OP113552,W0468,Evening,C,21.0,,2025-02-27 10:13:00
OP113553,W0127,,Z,0.0,1.0,2025-04-09 17:22:00
OP113554,W0399,,E,47.0,2.0,2025-01-21 23:18:00
OP113555,W0468,Morning,B,32.0,2.0,2025-04-28 12:37:00
OP113556,W0381,Night,E,10.0,2.0,2025-04-10 19:40:00
OP113557,W0402,Morning,,6.0,,2025-06-17 14:32:00
OP113558,W0423,Mornng,B,30.0,1.0,2025-05-16 22:16:00
OP113559,W0034,Morning,A,15.0,1.0,2025-04-29 14:45:00
OP113560,W0157,,,31.0,2.0,2025-04-03 03:17:00
OP113561,W0369,Night,D,7.0,2.0,2025-02-17 23:49:00
OP113562,W0188,,A,29.0,0.0,2025-01-14 10:33:00
OP113563,W0220,,C,16.0,,2025-03-20 01:46:00
OP113564,W0202,Night,A,14.0,2.0,2025-04-15 10:52:00
OP113565,W0042,,E,16.0,,2025-03-03 12:04:00
OP113566,W0068,Morning,Z,43.0,0.0,2025-04-06 03:47:00
OP113567,W0421,Morning,D,49.0,,2025-05-16 08:52:00
OP113568,W0433,,C,46.0,2.0,2025-04-16 17:46:00
OP113569,W0071,Night,E,26.0,0.0,invalid_date
OP113570,W0040,Morning,B,2.0,2.0,2025-06-14 11:07:00
OP113571,W0461,Night,D,28.0,,2025-06-08 00:16:00
OP113572,W0179,,Z,49.0,2.0,2025-04-29 04:15:00
OP113573,W0340,,A,48.0,2.0,2025-03-20 08:12:00
OP113574,W0488,Morning,D,46.0,0.0,2025-02-01 19:41:00
OP113575,W0471,Morning,E,8.0,,2025-03-14 15:19:00
OP113576,W0248,,D,,2.0,2025-02-24 03:25:00
OP113577,W0263,Morning,C,18.0,2.0,2025-04-06 07:20:00
OP113578,W0070,Mornng,A,1.0,1.0,2025-01-08 11:00:00
OP113579,W0233,,A,29.0,2.0,2025-04-11 09:33:00
OP113580,W0214,Night,D,12.0,0.0,2025-06-27 01:24:00
OP113581,W0096,Mornng,E,4.0,2.0,2025-06-13 10:00:00
OP113582,W0223,,A,49.0,2.0,2025-05-15 01:10:00
OP113583,W0456,Mornng,C,42.0,,2025-05-18 05:44:00
OP113584,W0195,,,49.0,,2025-05-17 01:30:00
OP113585,W0078,Morning,C,39.0,,2025-04-20 05:49:00
OP113586,W0269,Night,D,4.0,1.0,2025-05-11 17:09:00
OP113587,W0332,Morning,C,40.0,,2025-02-24 22:50:00
OP113588,W0002,Evening,D,4.0,1.0,2025-04-27 23:39:00
OP113589,W0330,,A,48.0,1.0,2025-05-12 16:03:00
OP113590,W0280,Mornng,E,49.0,1.0,2025-04-17 08:41:00
OP113591,W0052,,D,20.0,,2025-05-19 12:51:00
OP113592,W0433,Night,A,46.0,,2025-02-15 15:27:00
OP113593,W0309,,A,17.0,2.0,2025-02-27 04:35:00
OP113594,W0030,,D,3.0,,2025-02-12 13:36:00
OP113595,W0036,,B,31.0,,2025-01-08 18:20:00
OP113596,W0050,Night,B,20.0,,2025-01-03 19:38:00
OP113597,W0131,,E,44.0,0.0,2025-01-22 08:55:00
OP113598,W0342,,B,1.0,0.0,2025-02-02 00:47:00
OP113599,W0070,Morning,,22.0,0.0,2025-06-01 17:51:00
OP113600,W0382,Morning,D,30.0,1.0,2025-05-15 00:53:00
OP113601,W0427,Mornng,Z,24.0,0.0,2025-04-21 12:45:00
OP113602,W0421,Morning,D,34.0,2.0,2025-06-16 21:27:00
OP113603,W0276,,E,47.0,2.0,2025-06-27 04:22:00
OP113604,W0342,Evening,E,36.0,,2025-03-12 08:25:00
OP113605,W0297,Night,A,44.0,1.0,2025-04-20 12:57:00
OP113606,W0240,Mornng,B,43.0,2.0,2025-03-13 08:12:00
OP113607,W0070,Evening,A,1.0,2.0,2025-04-04 06:30:00
OP113608,W0479,Morning,Z,34.0,2.0,2025-05-26 17:05:00
OP113609,W0466,Night,B,44.0,2.0,2025-06-06 06:02:00
OP113610,W0436,Evening,Z,31.0,1.0,2025-03-16 23:46:00
OP113611,W0196,,D,49.0,0.0,2025-01-19 03:08:00
OP113612,W0234,Evening,D,41.0,,2025-03-06 21:18:00
OP113613,W0091,Evening,,43.0,1.0,2025-02-28 06:14:00
OP113614,W0490,Mornng,D,25.0,0.0,2025-06-11 10:37:00
OP113615,W0360,Night,,18.0,2.0,2025-03-23 19:47:00
OP113616,W0370,,Z,8.0,1.0,2025-03-25 18:06:00
OP113617,W0097,Night,Z,47.0,1.0,2025-01-27 06:01:00
OP113618,W0028,Night,A,18.0,,2025-05-27 12:56:00
OP113619,W0425,Morning,Z,34.0,0.0,2025-03-13 07:48:00
OP113620,W0282,Night,C,20.0,1.0,2025-06-03 00:58:00
OP113621,W0105,Morning,D,13.0,2.0,2025-05-20 17:23:00
OP113622,W0373,,D,39.0,,2025-01-10 19:18:00
OP113623,W0223,Night,C,42.0,1.0,2025-02-19 17:38:00
OP113624,W0058,Night,E,32.0,0.0,2025-05-19 23:55:00
OP113625,W0135,Morning,Z,8.0,2.0,2025-01-05 15:57:00
OP113626,W0039,,A,47.0,1.0,2025-05-18 14:05:00
OP113627,W0162,Morning,C,15.0,2.0,2025-03-07 22:19:00
OP113628,W0464,Mornng,Z,39.0,,2025-01-09 01:37:00
OP113629,W0063,Mornng,,29.0,1.0,2025-06-13 21:07:00
OP113630,W0129,Night,B,29.0,0.0,2025-06-29 20:12:00
OP113631,W0271,Morning,E,8.0,2.0,2025-02-18 09:48:00
OP113632,W0336,Night,B,31.0,1.0,2025-01-20 22:39:00
OP113633,W0447,Mornng,D,4.0,,2025-03-30 13:54:00
OP113634,W0106,Night,C,31.0,0.0,2025-01-13 21:41:00
OP113635,W0365,,D,45.0,0.0,2025-04-05 07:13:00
OP113636,W0229,Evening,E,15.0,,2025-06-25 12:28:00
OP113637,W0326,Morning,,18.0,1.0,2025-06-15 02:35:00
OP113638,W0054,Night,,24.0,,2025-03-21 17:23:00
OP113639,W0367,Evening,D,2.0,1.0,invalid_date
OP113640,W0012,,Z,21.0,0.0,2025-06-28 05:04:00
OP113641,W0389,,Z,38.0,0.0,2025-01-31 00:57:00
OP113642,W0118,Morning,B,10.0,,2025-04-09 05:46:00
OP113643,W0074,Morning,B,16.0,2.0,2025-04-01 14:40:00
OP113644,W0239,Evening,Z,34.0,2.0,2025-03-12 17:15:00
OP113645,W0074,,B,9.0,,2025-06-10 00:53:00
OP113646,W0337,Morning,C,11.0,0.0,2025-05-16 16:05:00
OP113647,W0383,Mornng,,29.0,0.0,2025-01-02 02:45:00
OP113648,W0130,,D,37.0,0.0,2025-03-27 15:14:00
OP113649,W0492,Morning,B,28.0,2.0,2025-01-17 22:07:00
OP113650,W0001,Morning,Z,11.0,,2025-05-03 14:42:00
OP113651,W0090,Evening,E,37.0,2.0,2025-02-18 10:20:00
OP113652,W0248,Night,,29.0,2.0,2025-02-06 19:30:00
OP113653,W0070,Mornng,Z,16.0,1.0,2025-03-27 15:04:00
OP113654,W0069,,C,22.0,1.0,2025-01-10 09:44:00
OP113655,W0210,Morning,D,39.0,1.0,2025-02-03 14:10:00
OP113656,W0300,Mornng,A,18.0,,2025-04-19 11:26:00
OP113657,W0422,Mornng,C,36.0,0.0,2025-05-01 15:13:00
OP113658,W0344,Evening,A,34.0,0.0,2025-05-09 17:26:00
OP113659,W0074,Night,D,0.0,1.0,2025-05-18 07:45:00
OP113660,W0184,,A,15.0,2.0,2025-01-24 21:05:00
OP113661,W0159,,,38.0,0.0,2025-05-02 11:06:00
OP113662,W0274,Mornng,B,20.0,1.0,2025-05-16 06:40:00
OP113663,W0335,Morning,,21.0,2.0,2025-01-13 22:50:00
OP113664,W0178,Night,D,41.0,1.0,2025-03-11 05:47:00
OP113665,W0368,Mornng,B,46.0,,invalid_date
OP113666,W0304,,Z,43.0,,2025-05-13 23:00:00
OP113667,W0097,,B,4.0,0.0,2025-03-29 02:13:00
OP113668,W0162,Evening,E,25.0,2.0,2025-01-04 02:01:00
OP113669,W0095,Evening,Z,7.0,1.0,2025-04-25 00:28:00
OP113670,W0147,Evening,B,22.0,1.0,2025-04-25 08:10:00
OP113671,W0237,Night,B,3.0,1.0,2025-05-29 17:49:00
OP113672,W0483,,C,42.0,0.0,2025-04-13 18:20:00
OP113673,W0031,,E,3.0,1.0,2025-05-15 06:51:00
OP113674,W0239,Morning,E,30.0,0.0,2025-06-05 16:39:00
OP113675,W0035,Night,D,10.0,1.0,2025-05-16 20:32:00
OP113676,W0267,Mornng,,7.0,2.0,2025-04-23 11:55:00
OP113677,W0019,Night,,7.0,1.0,2025-03-22 02:43:00
OP113678,W0196,,E,26.0,1.0,2025-06-18 07:19:00
OP113679,W0128,Night,C,16.0,0.0,2025-04-14 13:30:00
OP113680,W0330,Morning,Z,20.0,1.0,2025-02-03 15:35:00
OP113681,W0393,Night,D,0.0,0.0,2025-06-10 21:47:00
OP113682,W0210,Night,D,47.0,0.0,2025-06-15 17:14:00
OP113683,W0017,,A,7.0,1.0,2025-02-16 06:56:00
OP113684,W0384,,E,18.0,0.0,2025-06-17 04:20:00
OP113685,W0149,,E,2.0,0.0,2025-04-07 03:51:00
OP113686,W0179,Mornng,,27.0,2.0,2025-02-21 08:35:00
OP113687,W0096,Evening,Z,41.0,0.0,2025-03-06 06:27:00
OP113688,W0006,Mornng,B,42.0,0.0,2025-05-30 06:41:00
OP113689,W0060,Night,E,9.0,1.0,2025-01-14 20:35:00
OP113690,W0271,Mornng,E,14.0,1.0,2025-05-06 06:55:00
OP113691,W0196,,D,39.0,2.0,2025-04-07 16:55:00
OP113692,W0223,,C,11.0,,2025-05-08 18:53:00
OP113693,W0169,Mornng,Z,49.0,0.0,2025-02-14 18:30:00
OP113694,W0445,,Z,38.0,1.0,2025-05-26 18:51:00
OP113695,W0359,Night,Z,12.0,1.0,2025-01-29 17:43:00
OP113696,W0294,,D,30.0,1.0,2025-01-17 10:38:00
OP113697,W0266,Night,C,20.0,0.0,2025-04-08 09:58:00
OP113698,W0405,Mornng,E,11.0,1.0,invalid_date
OP113699,W0475,Mornng,,17.0,,2025-04-14 12:11:00
OP113700,W0288,Evening,C,30.0,1.0,2025-01-05 03:09:00
OP113701,W0056,Night,B,3.0,1.0,2025-02-26 09:21:00
OP113702,W0474,,Z,39.0,2.0,2025-04-18 13:15:00
OP113703,W0217,Morning,E,31.0,0.0,2025-02-12 09:11:00
OP113704,W0170,,,46.0,,2025-01-23 16:10:00
OP113705,W0446,Mornng,,26.0,1.0,2025-03-15 07:21:00
OP113706,W0180,Mornng,E,48.0,,2025-04-14 13:07:00
OP113707,W0305,,E,45.0,2.0,2025-06-23 01:59:00
OP113708,W0205,,C,45.0,,2025-01-08 02:11:00
OP113709,W0254,Mornng,C,23.0,0.0,2025-02-26 18:10:00
OP113710,W0363,Evening,B,30.0,,2025-06-20 20:27:00
OP113711,W0232,Night,,41.0,0.0,2025-02-27 15:51:00
OP113712,W0456,,E,23.0,1.0,2025-06-24 10:53:00
OP113713,W0175,Evening,C,23.0,,2025-04-09 06:23:00
OP113714,W0441,Night,E,39.0,2.0,2025-01-05 05:53:00
OP113715,W0379,,C,32.0,,2025-03-15 01:49:00
OP113716,W0116,Morning,A,,,2025-05-27 00:39:00
OP113717,W0175,Night,D,20.0,2.0,2025-03-11 17:29:00
OP113718,W0362,Night,D,39.0,1.0,2025-03-17 14:35:00
OP113719,W0129,Evening,B,46.0,2.0,2025-03-28 05:43:00
OP113720,W0169,,B,0.0,2.0,2025-03-07 00:59:00
OP113721,W0006,Night,Z,49.0,1.0,2025-04-26 12:41:00
OP113722,W0163,,D,22.0,,2025-01-17 10:24:00
OP113723,W0297,Morning,Z,14.0,,2025-03-30 04:51:00
OP113724,W0230,,E,31.0,1.0,2025-03-08 06:40:00
OP113725,W0248,,B,28.0,1.0,2025-01-09 15:49:00
OP113726,W0486,,D,47.0,2.0,2025-01-05 13:44:00
OP113727,W0083,Morning,A,31.0,0.0,2025-03-30 14:14:00
OP113728,W0459,Morning,D,27.0,1.0,2025-01-22 16:37:00
OP113729,W0154,Mornng,C,7.0,,2025-05-05 10:06:00
OP113730,W0050,Evening,C,28.0,2.0,2025-01-11 12:23:00
OP113731,W0093,Night,C,19.0,1.0,2025-06-23 21:48:00
OP113732,W0247,Mornng,D,47.0,2.0,2025-05-09 00:26:00
OP113733,W0257,,,12.0,1.0,2025-05-05 23:06:00
OP113734,W0096,,Z,15.0,2.0,2025-04-02 20:11:00
OP113735,W0231,,C,10.0,2.0,2025-06-27 08:16:00
OP113736,W0110,,,11.0,,2025-03-18 11:38:00
OP113737,W0039,,B,46.0,1.0,2025-04-17 04:29:00
OP113738,W0317,Evening,A,26.0,1.0,2025-03-14 19:00:00
OP113739,W0029,Morning,,1.0,0.0,2025-02-08 06:02:00
OP113740,W0299,,A,5.0,1.0,2025-06-05 21:14:00
OP113741,W0392,Evening,C,5.0,,2025-05-18 15:21:00
OP113742,W0342,Mornng,E,30.0,2.0,2025-01-26 06:22:00
OP113743,W0149,Night,D,29.0,0.0,2025-01-08 16:24:00
OP113744,W0454,Night,C,25.0,,invalid_date
OP113745,W0331,Night,C,39.0,,2025-01-05 20:12:00
OP113746,W0299,Evening,,37.0,,2025-01-13 15:29:00
OP113747,W0143,Night,B,31.0,2.0,2025-04-17 11:52:00
OP113748,W0302,Evening,,39.0,1.0,2025-04-22 22:25:00
OP113749,W0062,Night,A,25.0,,2025-02-26 22:54:00
OP113750,W0343,Evening,,37.0,2.0,2025-02-27 07:28:00
OP113751,W0170,,A,32.0,0.0,2025-03-22 08:08:00
OP113752,W0444,Night,Z,18.0,,2025-04-01 22:57:00
OP113753,W0328,Evening,B,40.0,1.0,2025-01-24 02:23:00
OP113754,W0072,,E,49.0,,2025-01-02 19:24:00
OP113755,W0296,Night,C,13.0,2.0,2025-02-18 07:12:00
OP113756,W0281,Morning,A,49.0,,2025-03-20 17:18:00
OP113757,W0290,Mornng,D,49.0,,2025-02-24 08:08:00
OP113758,W0049,Night,E,4.0,1.0,2025-03-03 08:18:00
OP113759,W0391,,B,8.0,0.0,2025-05-04 20:47:00
OP113760,W0486,Mornng,Z,47.0,2.0,2025-01-18 17:26:00
OP113761,W0221,,B,32.0,2.0,2025-04-21 17:06:00
OP113762,W0353,,C,49.0,1.0,2025-02-26 17:31:00
OP113763,W0288,Morning,E,14.0,0.0,2025-03-23 02:02:00
OP113764,W0266,Night,,8.0,2.0,2025-05-11 07:26:00
OP113765,W0425,Mornng,E,11.0,1.0,2025-01-07 17:00:00
OP113766,W0420,Morning,,30.0,2.0,2025-06-16 10:38:00
OP113767,W0056,,D,34.0,2.0,2025-01-31 14:46:00
OP113768,W0322,Night,D,,,2025-02-26 21:13:00
OP113769,W0469,Night,Z,13.0,0.0,2025-05-05 05:27:00
OP113770,W0277,Night,D,25.0,0.0,2025-02-20 02:49:00
OP113771,W0001,Night,E,4.0,1.0,2025-03-11 03:05:00
OP113772,W0146,,C,5.0,,2025-03-18 23:22:00
OP113773,W0022,Morning,Z,38.0,2.0,2025-06-22 05:22:00
OP113774,W0334,Mornng,D,19.0,1.0,2025-02-07 16:36:00
OP113775,W0456,Evening,D,36.0,1.0,2025-06-06 09:36:00
OP113776,W0341,Night,Z,15.0,0.0,2025-05-21 11:31:00
OP113777,W0058,Evening,Z,46.0,,2025-04-09 00:18:00
OP113778,W0402,Night,D,46.0,2.0,2025-04-22 22:28:00
OP113779,W0073,Mornng,D,39.0,2.0,2025-01-03 03:31:00
OP113780,W0001,Morning,Z,4.0,,2025-02-07 21:03:00
OP113781,W0358,Mornng,,,2.0,2025-01-14 15:10:00
OP113782,W0127,Night,,9.0,,2025-05-15 23:21:00
OP113783,W0337,Evening,Z,44.0,,2025-04-21 12:14:00
OP113784,W0133,Night,E,19.0,,2025-01-28 08:35:00
OP113785,W0139,Night,E,10.0,,2025-01-07 20:13:00
OP113786,W0273,Night,,12.0,,2025-04-25 16:58:00
OP113787,W0060,,Z,17.0,0.0,2025-06-23 11:08:00
OP113788,W0313,,D,19.0,1.0,2025-04-04 03:54:00
OP113789,W0015,Mornng,E,49.0,1.0,2025-03-31 22:31:00
OP113790,W0070,Night,,17.0,2.0,2025-02-21 00:24:00
OP113791,W0390,Evening,A,46.0,,2025-05-07 16:35:00
OP113792,W0358,,,41.0,0.0,2025-04-12 04:47:00
OP113793,W0459,,,23.0,0.0,2025-04-19 01:00:00
OP113794,W0432,,E,5.0,2.0,2025-01-26 08:02:00
OP113795,W0186,,B,11.0,2.0,2025-04-16 05:07:00
OP113796,W0280,,B,40.0,,2025-06-29 01:02:00
OP113797,W0075,Night,D,4.0,1.0,2025-06-08 19:51:00
OP113798,W0366,,,26.0,,2025-05-22 05:15:00
OP113799,W0014,Evening,E,7.0,,2025-02-26 09:02:00
OP113800,W0006,,,17.0,1.0,2025-04-07 01:30:00
OP113801,W0060,Mornng,C,3.0,,2025-04-30 22:11:00
OP113802,W0196,,C,35.0,,2025-01-03 05:40:00
OP113803,W0420,Morning,D,29.0,2.0,2025-05-17 16:51:00
OP113804,W0362,,C,23.0,,2025-06-09 20:02:00
OP113805,W0152,Night,Z,19.0,1.0,2025-05-13 12:39:00
OP113806,W0095,Mornng,B,49.0,1.0,2025-05-16 07:25:00
OP113807,W0113,Evening,,27.0,,2025-02-19 19:23:00
OP113808,W0264,,B,6.0,1.0,2025-04-06 12:42:00
OP113809,W0106,,Z,26.0,,2025-01-31 18:37:00
OP113810,W0142,Evening,E,40.0,2.0,2025-05-01 14:31:00
OP113811,W0051,,E,22.0,2.0,2025-06-24 20:45:00
OP113812,W0361,,,27.0,2.0,2025-02-20 02:03:00
OP113813,W0361,Mornng,A,12.0,1.0,2025-04-16 09:51:00
OP113814,W0173,Night,Z,17.0,,2025-05-07 15:06:00
OP113815,W0144,,D,0.0,0.0,2025-05-21 12:45:00
OP113816,W0488,Night,A,41.0,1.0,2025-06-29 21:04:00
OP113817,W9999,Mornng,,4.0,0.0,2025-04-08 23:00:00
OP113818,W0089,,C,15.0,,2025-06-23 16:25:00
OP113819,W0168,Mornng,B,16.0,0.0,2025-06-28 23:42:00
OP113820,W0332,Evening,D,24.0,2.0,2025-03-26 10:45:00
OP113821,W0228,,C,17.0,2.0,2025-05-23 18:35:00
OP113822,W0359,Mornng,Z,9.0,1.0,2025-04-01 13:38:00
OP113823,W0126,Morning,B,38.0,,2025-04-07 05:57:00
OP113824,W0356,Mornng,B,37.0,2.0,2025-02-21 07:04:00
OP113825,W0489,,C,33.0,2.0,2025-06-20 15:56:00
OP113826,,,C,42.0,0.0,2025-04-07 11:55:00
OP113827,W0404,Morning,C,5.0,1.0,2025-02-10 05:22:00
OP113828,W0208,,,20.0,,2025-06-28 14:19:00
OP113829,W0303,,B,36.0,2.0,2025-01-01 15:48:00
OP113830,W0035,,D,36.0,1.0,2025-03-17 16:21:00
OP113831,W0329,Night,B,31.0,,2025-06-21 19:39:00
OP113832,W0381,,D,46.0,,2025-04-21 16:38:00
OP113833,W0179,,B,47.0,,2025-05-30 03:43:00
OP113834,W0245,Mornng,Z,18.0,,2025-01-09 18:17:00
OP113835,W0284,,C,13.0,,2025-02-05 13:29:00
OP113836,W0150,Morning,E,49.0,0.0,2025-05-19 04:53:00
OP113837,W0343,Morning,B,3.0,2.0,2025-01-18 06:02:00
OP113838,W0484,Night,B,24.0,2.0,2025-04-02 06:00:00
OP113839,W0268,Evening,B,2.0,,2025-01-25 04:21:00
OP113840,W0127,Morning,E,38.0,,2025-02-03 14:33:00
OP113841,W0188,Night,C,39.0,0.0,2025-01-28 22:18:00
OP113842,W0316,,Z,46.0,2.0,2025-01-17 16:14:00
OP113843,W0013,Night,C,12.0,0.0,2025-01-10 21:04:00
OP113844,W0364,Night,B,27.0,0.0,2025-04-10 19:38:00
OP113845,W0257,Night,E,13.0,2.0,2025-01-18 06:39:00
OP113846,W0307,Evening,E,38.0,0.0,2025-03-29 12:01:00
OP113847,W0434,Night,B,47.0,,2025-02-07 07:04:00
OP113848,W0388,Morning,E,38.0,1.0,2025-06-06 20:16:00
OP113849,W0466,,A,47.0,1.0,2025-03-12 20:03:00
OP113850,W0281,Mornng,C,25.0,1.0,2025-04-14 22:17:00
OP113851,W0173,Morning,D,30.0,0.0,2025-01-02 23:46:00
OP113852,W0194,,E,32.0,1.0,2025-02-03 00:41:00
OP113853,W0428,Evening,C,13.0,0.0,2025-03-15 10:09:00
OP113854,W0481,Mornng,D,23.0,1.0,2025-01-13 09:40:00
OP113855,W0475,Mornng,A,23.0,,2025-04-10 11:09:00
OP113856,W0179,Morning,D,5.0,0.0,2025-01-27 02:08:00
OP113857,W0356,,C,2.0,2.0,2025-04-08 08:32:00
OP113858,W0300,Mornng,C,17.0,0.0,2025-05-10 08:36:00
OP113859,W0157,Mornng,E,2.0,,2025-03-20 20:45:00
OP113860,W0013,Mornng,D,39.0,2.0,2025-03-11 08:16:00
OP113861,W0097,Night,B,4.0,,2025-03-27 02:53:00
OP113862,W0385,,A,29.0,0.0,2025-01-21 23:57:00
OP113863,W0301,Night,B,39.0,0.0,2025-03-25 04:21:00
OP113864,W0096,Evening,B,24.0,,2025-02-07 00:59:00
OP113865,W0368,,E,40.0,,2025-05-09 19:21:00
OP113866,W0328,Mornng,E,37.0,0.0,2025-01-11 01:44:00
OP113867,W0300,Mornng,C,25.0,1.0,2025-01-19 11:26:00
OP113868,W0314,Night,,34.0,1.0,2025-01-17 11:11:00
OP113869,W0341,Evening,Z,45.0,,2025-05-06 18:39:00
OP113870,W0322,Mornng,A,26.0,,2025-06-28 00:31:00
OP113871,W0131,Evening,B,17.0,1.0,2025-04-10 06:49:00
OP113872,W0071,,C,45.0,1.0,2025-01-27 03:09:00
OP113873,W0129,,D,25.0,1.0,2025-05-19 19:14:00
OP113874,W0182,Mornng,C,47.0,0.0,2025-05-13 01:39:00
OP113875,W0224,,A,13.0,0.0,2025-01-10 19:17:00
OP113876,W0129,Morning,Z,44.0,1.0,2025-05-02 17:47:00
OP113877,W0167,Evening,B,14.0,,2025-05-22 05:40:00
OP113878,W0409,Evening,Z,42.0,0.0,invalid_date
OP113879,W0450,Morning,E,1.0,,2025-04-27 16:03:00
OP113880,W0225,,A,4.0,,2025-03-31 10:34:00
OP113881,W0268,Mornng,Z,38.0,1.0,2025-02-04 19:24:00
OP113882,W0437,Mornng,D,13.0,1.0,2025-02-20 20:54:00
OP113883,W0094,Mornng,,43.0,0.0,2025-02-27 11:08:00
OP113884,W0454,,,11.0,2.0,2025-02-02 02:37:00
OP113885,W0091,Mornng,B,-5.0,0.0,2025-03-09 00:13:00
OP113886,W0165,Morning,C,26.0,0.0,2025-02-24 21:22:00
OP113887,W0054,Evening,,5.0,,2025-03-31 01:32:00
OP113888,W0406,Mornng,,10.0,,2025-04-16 02:31:00
OP113889,W0461,,C,6.0,,2025-01-30 16:25:00
OP113890,W0009,Evening,A,19.0,0.0,2025-05-28 23:55:00
OP113891,W0361,,D,35.0,,2025-06-09 20:48:00
OP113892,W0251,Morning,D,5.0,,2025-04-03 14:52:00
OP113893,W0257,,B,47.0,,2025-06-18 10:34:00
OP113894,W0254,Morning,A,37.0,,2025-03-03 23:56:00
OP113895,W0384,,B,44.0,0.0,2025-05-29 06:31:00
OP113896,W0389,Morning,B,47.0,0.0,2025-04-25 06:21:00
OP113897,W0349,,E,37.0,0.0,2025-06-20 19:08:00
OP113898,W0230,Evening,C,6.0,2.0,2025-03-22 19:13:00
OP113899,W0037,Night,D,-5.0,2.0,2025-03-04 17:17:00
OP113900,W0494,Mornng,D,45.0,2.0,2025-06-29 18:46:00
OP113901,W0437,,Z,3.0,0.0,2025-03-02 08:22:00
OP113902,W0413,Morning,C,45.0,0.0,2025-02-01 11:45:00
OP113903,W0168,,Z,12.0,2.0,2025-02-12 17:11:00
OP113904,W0167,Night,Z,32.0,,2025-06-11 20:12:00
OP113905,W0051,,D,32.0,1.0,2025-01-10 12:49:00
OP113906,W0195,,D,49.0,,2025-04-28 02:33:00
OP113907,W0277,Night,,34.0,,2025-05-22 21:09:00
OP113908,W0226,Mornng,A,49.0,0.0,2025-01-09 21:33:00
OP113909,W0425,,E,40.0,1.0,2025-05-06 13:36:00
OP113910,W0316,Night,,43.0,0.0,2025-01-29 04:26:00
OP113911,W0130,,D,44.0,1.0,2025-05-27 01:20:00
OP113912,W0139,,,8.0,0.0,2025-01-18 12:39:00
OP113913,W0314,Night,E,23.0,2.0,2025-01-18 23:16:00
OP113914,W0445,Evening,E,35.0,2.0,2025-06-03 10:33:00
OP113915,W0092,Morning,C,19.0,2.0,2025-02-04 05:31:00
OP113916,W0152,,B,5.0,1.0,2025-06-09 13:02:00
OP113917,W0244,Evening,E,13.0,1.0,2025-03-11 00:07:00
OP113918,W0149,Morning,E,32.0,2.0,2025-03-21 07:50:00
OP113919,W0357,,C,44.0,1.0,2025-01-06 08:55:00
OP113920,W0281,Night,C,23.0,,2025-03-12 17:57:00
OP113921,W0373,Mornng,Z,35.0,2.0,2025-01-29 15:01:00
OP113922,W0141,Night,C,36.0,2.0,2025-01-23 06:25:00
OP113923,W0468,,C,11.0,,2025-02-08 01:24:00
OP113924,W0002,Mornng,C,5.0,1.0,2025-06-16 02:45:00
OP113925,W0378,,B,17.0,,2025-01-11 03:14:00
OP113926,W0038,Night,Z,15.0,,2025-05-04 23:39:00
OP113927,W0425,Evening,,19.0,2.0,2025-03-05 08:39:00
OP113928,W0299,Evening,D,12.0,,2025-04-19 17:36:00
OP113929,W0093,Morning,C,32.0,1.0,2025-03-07 21:36:00
OP113930,W0327,Evening,B,37.0,0.0,2025-03-16 00:21:00
OP113931,W0251,Mornng,D,11.0,2.0,2025-05-09 12:53:00
OP113932,W0169,Night,D,36.0,0.0,2025-04-03 19:01:00
OP113933,W0353,Mornng,E,31.0,1.0,2025-03-28 01:08:00
OP113934,W0458,Morning,B,45.0,0.0,2025-02-25 21:43:00
OP113935,W0455,Night,A,7.0,0.0,2025-06-27 22:02:00
OP113936,W0327,Evening,E,36.0,2.0,2025-02-08 03:41:00
OP113937,W0099,Night,B,46.0,1.0,2025-04-26 23:54:00
OP113938,W0163,Mornng,E,13.0,0.0,2025-03-28 22:11:00
OP113939,W0453,,A,4.0,0.0,2025-01-29 09:27:00
OP113940,W0371,Mornng,B,40.0,1.0,2025-01-06 14:00:00
OP113941,W0242,,C,35.0,0.0,2025-05-31 00:34:00
OP113942,,Night,E,15.0,0.0,2025-03-03 03:26:00
OP113943,W0474,Morning,Z,20.0,,2025-04-18 16:15:00
OP113944,W0343,,A,7.0,2.0,2025-06-07 05:25:00
OP113945,W0283,Morning,E,22.0,0.0,2025-04-27 10:04:00
OP113946,W0021,Mornng,,19.0,1.0,2025-04-02 17:14:00
OP113947,W0180,Mornng,B,39.0,,2025-05-27 02:21:00
OP113948,W0168,Mornng,B,28.0,0.0,2025-06-03 18:15:00
OP113949,W0273,,D,3.0,,2025-03-28 00:16:00
OP113950,W0006,Night,D,5.0,2.0,2025-05-30 10:31:00
OP113951,W0034,Morning,,36.0,1.0,2025-02-14 01:53:00
OP113952,W0302,,E,22.0,1.0,2025-01-21 11:05:00
OP113953,W0471,Morning,,17.0,0.0,2025-01-23 09:23:00
OP113954,W0165,Evening,A,4.0,2.0,2025-04-09 09:26:00
OP113955,W0174,,Z,40.0,,2025-02-22 16:39:00
OP113956,W0279,Evening,E,1.0,1.0,2025-06-05 04:27:00
OP113957,W0400,,A,,,2025-04-13 05:23:00
OP113958,W0426,,C,36.0,,2025-06-22 11:18:00
OP113959,W0046,Evening,C,25.0,1.0,2025-05-26 05:59:00
OP113960,W0464,Morning,C,24.0,0.0,2025-03-05 21:15:00
OP113961,W0264,,Z,22.0,,2025-03-31 19:24:00
OP113962,W0244,Night,C,7.0,,2025-03-12 02:29:00
OP113963,W0477,,E,46.0,1.0,2025-03-02 18:28:00
OP113964,W0248,Mornng,C,42.0,,2025-05-06 14:01:00
OP113965,W0054,,C,5.0,2.0,2025-01-19 19:17:00
OP113966,W0083,Morning,A,38.0,2.0,2025-05-06 04:24:00
OP113967,W0003,Evening,C,3.0,1.0,2025-05-17 13:58:00
OP113968,W0057,,E,29.0,0.0,2025-04-16 14:02:00
OP113969,W0353,,Z,2.0,0.0,2025-06-07 20:08:00
OP113970,W0468,,D,37.0,2.0,2025-01-11 18:15:00
OP113971,W0408,Mornng,Z,0.0,,2025-06-04 13:58:00
OP113972,W0462,,D,38.0,2.0,2025-06-27 23:26:00
OP113973,W0008,Mornng,C,19.0,2.0,2025-06-29 12:22:00
OP113974,W0045,Evening,C,40.0,0.0,2025-02-28 11:04:00
OP113975,W0467,Mornng,A,48.0,1.0,2025-05-09 22:20:00
OP113976,W0297,,Z,33.0,1.0,2025-01-14 11:31:00
OP113977,W0146,,Z,8.0,1.0,2025-06-24 20:18:00
OP113978,W0158,,E,43.0,0.0,2025-04-05 04:11:00
OP113979,W0417,,E,38.0,1.0,2025-06-09 05:42:00
OP113980,W0302,Morning,A,14.0,1.0,2025-04-16 18:02:00
OP113981,W0282,Night,Z,30.0,,2025-02-23 07:23:00
OP113982,W0345,,,25.0,1.0,2025-04-02 08:01:00
OP113983,W0238,,Z,39.0,1.0,2025-05-23 05:53:00
OP113984,W0202,,D,12.0,,2025-06-22 22:59:00
OP113985,W0440,Evening,Z,34.0,2.0,2025-03-06 15:36:00
OP113986,W0403,Mornng,A,4.0,2.0,2025-06-27 05:16:00
OP113987,W0291,,E,36.0,2.0,2025-06-27 22:34:00
OP113988,W0383,,C,39.0,2.0,2025-06-21 11:58:00
OP113989,W0456,Mornng,D,8.0,,2025-01-15 08:38:00
OP113990,W0371,,,1.0,1.0,2025-01-02 11:51:00
OP113991,W0179,Morning,,39.0,0.0,2025-02-05 20:12:00
OP113992,W0108,Evening,E,-5.0,2.0,2025-03-03 04:55:00
OP113993,W0345,,A,5.0,2.0,2025-05-31 16:39:00
OP113994,W0264,,Z,0.0,2.0,2025-05-13 19:31:00
OP113995,W0039,Morning,,6.0,2.0,2025-02-03 08:21:00
OP113996,W0204,Mornng,,1.0,2.0,2025-03-31 12:33:00
OP113997,W0056,,B,49.0,1.0,2025-04-13 22:47:00
OP113998,W0015,,B,10.0,,2025-06-04 16:56:00
OP113999,W0239,,E,9.0,1.0,2025-03-23 17:21:00
OP114000,W0443,Night,C,45.0,0.0,2025-01-03 01:18:00
OP114001,W0471,,D,2.0,,2025-03-08 12:32:00
OP114002,W0355,,C,20.0,,2025-03-22 02:27:00
OP114003,W0343,Night,E,30.0,,2025-04-28 13:05:00
OP114004,W0335,Evening,Z,39.0,,2025-02-04 09:24:00
OP114005,W0213,,,41.0,0.0,2025-05-14 18:07:00
OP114006,W0222,Evening,C,45.0,1.0,2025-06-09 19:52:00
OP114007,W0345,Night,B,15.0,0.0,2025-01-02 00:55:00
OP114008,W0158,Mornng,D,11.0,0.0,2025-03-08 11:10:00
OP114009,W0280,Mornng,E,45.0,0.0,2025-01-16 11:12:00
OP114010,W0364,,Z,11.0,2.0,2025-03-27 02:06:00
OP114011,W0492,,B,39.0,2.0,2025-01-29 11:36:00
OP114012,W0013,Evening,B,27.0,2.0,2025-06-26 19:34:00
OP114013,W0309,Mornng,C,44.0,1.0,2025-01-18 14:46:00
OP114014,W0394,Night,Z,26.0,2.0,2025-03-10 04:20:00
OP114015,W0311,Mornng,B,-5.0,1.0,2025-01-19 02:16:00
OP114016,W0486,,A,0.0,2.0,2025-03-15 14:14:00
OP114017,W0229,Morning,C,16.0,2.0,2025-05-03 13:24:00
OP114018,W0124,Night,,17.0,0.0,2025-03-09 21:52:00
OP114019,W0456,Mornng,C,42.0,1.0,2025-01-23 12:12:00
OP114020,W0128,,B,18.0,2.0,2025-01-23 22:04:00
OP114021,W0075,Evening,C,1.0,0.0,2025-03-08 06:38:00
OP114022,W0154,,B,38.0,2.0,2025-06-10 18:45:00
OP114023,W0433,Morning,A,2.0,0.0,2025-06-09 09:03:00
OP114024,W0474,Mornng,E,8.0,1.0,2025-05-17 16:01:00
OP114025,W0285,Morning,A,24.0,,2025-05-16 23:30:00
OP114026,W0044,,C,4.0,2.0,2025-06-03 10:42:00
OP114027,W0173,,Z,2.0,,2025-04-22 11:23:00
OP114028,W0382,Mornng,B,10.0,1.0,2025-05-03 07:39:00
OP114029,W0142,Mornng,E,15.0,2.0,2025-01-12 05:50:00
OP114030,W0041,Evening,Z,9.0,0.0,2025-03-31 13:48:00
OP114031,W0028,Night,B,18.0,0.0,2025-05-18 13:26:00
OP114032,W0070,,,15.0,1.0,2025-06-28 10:45:00
OP114033,W0345,Mornng,Z,30.0,,2025-01-22 22:11:00
OP114034,W0111,Morning,E,48.0,0.0,2025-01-03 16:58:00
OP114035,W0036,Evening,C,,2.0,2025-06-10 22:35:00
OP114036,W0359,Mornng,D,27.0,0.0,2025-06-28 04:04:00
OP114037,W0412,Evening,,39.0,2.0,2025-06-17 15:03:00
OP114038,W0242,Night,C,7.0,0.0,2025-02-22 17:45:00
OP114039,W0330,Evening,A,8.0,2.0,2025-02-18 10:54:00
OP114040,W0236,Mornng,B,2.0,0.0,2025-06-29 22:05:00
OP114041,W0016,Evening,C,38.0,2.0,2025-03-18 16:31:00
OP114042,,Mornng,C,26.0,,2025-05-18 18:50:00
OP114043,W0195,Evening,C,25.0,0.0,2025-05-10 10:12:00
OP114044,W0404,Mornng,B,17.0,,2025-03-03 22:00:00
OP114045,W0491,Night,,11.0,,2025-04-13 12:46:00
OP114046,W0174,Mornng,E,5.0,0.0,2025-05-05 17:27:00
OP114047,W0001,Night,B,33.0,2.0,2025-04-11 14:33:00
OP114048,W0418,Mornng,Z,20.0,0.0,2025-01-06 13:41:00
OP114049,W0139,,,8.0,0.0,2025-02-01 01:17:00
OP114050,W0110,,B,2.0,2.0,2025-04-13 04:49:00
OP114051,W0491,Evening,D,42.0,,2025-04-30 21:33:00
OP114052,W0109,Evening,D,16.0,0.0,2025-06-01 00:24:00
OP114053,W0376,,D,12.0,1.0,2025-02-16 18:53:00
OP114054,W0272,Mornng,Z,46.0,1.0,2025-01-27 08:10:00
OP114055,W0363,,B,7.0,,2025-04-24 23:19:00
OP114056,W0405,Night,A,15.0,0.0,2025-03-17 21:35:00
OP114057,W0155,,D,33.0,,2025-06-05 01:49:00
OP114058,W0253,Mornng,,14.0,1.0,2025-04-18 00:18:00
OP114059,W0077,Night,,18.0,2.0,2025-02-15 05:33:00
OP114060,W0480,Morning,E,48.0,,2025-02-14 20:48:00
OP114061,W0014,Mornng,Z,23.0,0.0,2025-05-19 06:37:00
OP114062,W0050,Morning,Z,28.0,,2025-04-01 12:44:00
OP114063,W0398,,Z,38.0,,2025-01-16 09:22:00
OP114064,W0069,Morning,D,28.0,1.0,2025-01-24 04:18:00
OP114065,W0281,,,16.0,2.0,2025-04-30 05:09:00
OP114066,W0230,Morning,D,4.0,1.0,2025-03-10 13:19:00
OP114067,W0048,Morning,E,14.0,2.0,2025-04-25 20:46:00
OP114068,W0357,,B,27.0,2.0,2025-01-08 04:40:00
OP114069,W0006,,Z,32.0,1.0,2025-06-22 05:01:00
OP114070,W0036,Night,C,27.0,1.0,2025-03-10 22:33:00
OP114071,W0344,Night,D,43.0,2.0,2025-05-17 23:23:00
OP114072,W0476,Evening,,34.0,,2025-06-25 19:48:00
OP114073,W0015,Night,A,13.0,,2025-05-17 12:27:00
OP114074,W0152,,,24.0,,2025-01-10 13:41:00
OP114075,W0227,Morning,C,2.0,1.0,2025-03-23 23:56:00
OP114076,W0034,,B,15.0,2.0,2025-01-23 07:16:00
OP114077,W0435,,Z,11.0,,2025-04-11 23:56:00
OP114078,W0334,,,34.0,1.0,2025-01-06 07:14:00
OP114079,W0178,,,14.0,2.0,2025-04-13 02:54:00
OP114080,W0297,Mornng,Z,21.0,,2025-06-15 00:48:00
OP114081,W0397,Morning,,9.0,0.0,2025-02-21 14:55:00
OP114082,W0160,Morning,Z,17.0,1.0,2025-01-09 07:09:00
OP114083,W0196,Mornng,E,38.0,,2025-04-03 22:38:00
OP114084,W0033,,D,2.0,0.0,2025-03-28 00:56:00
OP114085,W0367,Morning,D,18.0,,2025-06-24 05:47:00
OP114086,W0405,Morning,B,38.0,0.0,2025-06-10 20:12:00
OP114087,W0264,Evening,E,5.0,2.0,2025-04-16 20:07:00
OP114088,W0137,Morning,E,40.0,2.0,2025-06-15 11:45:00
OP114089,W0335,,A,22.0,1.0,2025-02-09 09:51:00
OP114090,W0305,,A,,0.0,2025-04-20 02:22:00
OP114091,W0035,,C,27.0,2.0,2025-02-10 00:52:00
OP114092,W0413,,B,12.0,0.0,2025-01-18 14:37:00
OP114093,W0422,Mornng,C,45.0,,2025-01-06 09:53:00
OP114094,W0449,,C,32.0,0.0,2025-05-30 07:06:00
OP114095,W0113,Morning,Z,3.0,,2025-05-15 09:09:00
OP114096,W0471,Night,D,44.0,0.0,2025-03-13 05:48:00
OP114097,W0341,Mornng,E,15.0,,2025-02-23 22:25:00
OP114098,W0176,Morning,D,11.0,,2025-03-11 12:11:00
OP114099,W0169,Evening,Z,20.0,2.0,2025-03-03 00:26:00
OP114100,W0020,Mornng,D,5.0,1.0,2025-01-18 03:03:00
OP114101,W0088,Evening,D,19.0,1.0,2025-03-21 12:28:00
OP114102,W0424,,C,8.0,0.0,2025-01-16 11:58:00
OP114103,W0393,Evening,E,-5.0,1.0,2025-01-21 10:00:00
OP114104,W0425,,,6.0,,2025-03-29 08:34:00
OP114105,W0102,Evening,Z,16.0,2.0,2025-02-14 23:34:00
OP114106,W0227,,A,4.0,,2025-04-05 19:23:00
OP114107,W0468,Night,A,13.0,0.0,2025-06-19 07:01:00
OP114108,W0058,Night,E,29.0,,2025-01-21 17:15:00
OP114109,W0438,Night,B,23.0,,2025-01-17 02:10:00
OP114110,W0300,Evening,C,43.0,2.0,2025-06-21 02:17:00
OP114111,W0184,Mornng,D,40.0,2.0,2025-02-10 05:36:00
OP114112,W0419,Evening,Z,37.0,0.0,2025-01-16 05:07:00
OP114113,W0496,Mornng,A,1.0,2.0,2025-04-29 02:02:00
OP114114,W0319,Mornng,,29.0,0.0,2025-05-22 07:40:00
OP114115,W0023,,A,22.0,0.0,2025-05-31 06:34:00
OP114116,W0016,Evening,E,6.0,1.0,2025-05-17 01:40:00
OP114117,W0153,,E,24.0,0.0,2025-01-13 08:59:00
OP114118,W0027,,A,19.0,1.0,2025-03-24 20:45:00
OP114119,W0203,Night,Z,38.0,,2025-06-10 22:49:00
OP114120,W0257,Evening,B,12.0,2.0,2025-03-11 03:21:00
OP114121,W0082,,B,46.0,1.0,2025-02-25 14:41:00
OP114122,W0010,,E,17.0,2.0,2025-03-17 04:29:00
OP114123,W0109,Mornng,A,41.0,2.0,2025-03-29 00:49:00
OP114124,W0380,,Z,6.0,,2025-06-23 02:41:00
OP114125,W0164,,Z,29.0,2.0,2025-02-05 05:21:00
OP114126,W0424,,C,18.0,0.0,2025-03-30 04:32:00
OP114127,W0364,Mornng,Z,9.0,1.0,2025-04-11 18:10:00
OP114128,W0309,Morning,D,14.0,1.0,2025-02-21 12:25:00
OP114129,W0456,,,28.0,1.0,2025-05-06 13:45:00
OP114130,W0247,Night,B,2.0,0.0,2025-05-31 03:17:00
OP114131,W0166,,D,40.0,2.0,2025-01-15 19:58:00
OP114132,W0087,,Z,31.0,2.0,2025-02-19 19:57:00
OP114133,W0263,Night,D,37.0,0.0,2025-04-12 01:29:00
OP114134,W0274,Evening,,43.0,2.0,2025-01-15 17:24:00
OP114135,W0356,,C,20.0,,2025-05-19 11:09:00
OP114136,W0273,,A,28.0,2.0,2025-06-06 16:00:00
OP114137,W0016,,C,17.0,0.0,2025-03-12 18:26:00
OP114138,W0237,Mornng,D,,2.0,2025-03-10 22:34:00
OP114139,W0149,,Z,47.0,,2025-05-03 20:41:00
OP114140,W0037,,B,29.0,2.0,2025-02-04 20:20:00
OP114141,W0472,Morning,C,27.0,0.0,2025-04-01 16:34:00
OP114142,W0117,,A,29.0,0.0,2025-05-11 19:22:00
OP114143,W0325,,C,46.0,2.0,2025-02-18 07:49:00
OP114144,W0177,Evening,E,,1.0,2025-01-22 11:29:00
OP114145,W0308,Evening,B,7.0,0.0,2025-03-22 09:08:00
OP114146,W0308,,A,45.0,0.0,2025-01-20 04:03:00
OP114147,W0425,Evening,A,27.0,1.0,2025-06-06 01:22:00
OP114148,W0142,Night,A,11.0,1.0,2025-05-07 21:23:00
OP114149,W0208,Night,E,27.0,1.0,2025-04-18 02:14:00
OP114150,W0423,Mornng,,6.0,1.0,2025-05-29 20:13:00
OP114151,W0057,Evening,E,19.0,1.0,2025-01-27 02:07:00
OP114152,W0443,,A,32.0,,2025-01-19 03:12:00
OP114153,W0249,Night,D,18.0,,invalid_date
OP114154,W0200,,C,40.0,2.0,2025-05-29 18:52:00
OP114155,W0367,,A,26.0,2.0,2025-04-14 12:36:00
OP114156,W0441,,,25.0,,2025-02-19 03:36:00
OP114157,W0252,Night,Z,1.0,0.0,2025-05-15 16:47:00
OP114158,W0079,Mornng,,25.0,2.0,2025-02-15 08:20:00
OP114159,W0265,,,46.0,1.0,2025-01-28 17:37:00
OP114160,W0107,Night,E,4.0,,2025-02-14 09:53:00
OP114161,W0277,Morning,C,24.0,1.0,invalid_date
OP114162,W0071,Night,Z,27.0,2.0,2025-06-04 21:48:00
OP114163,W0197,Evening,D,16.0,0.0,2025-04-12 01:37:00
OP114164,W0015,Mornng,B,15.0,0.0,2025-03-04 02:35:00
OP114165,W0313,Mornng,C,8.0,1.0,2025-06-09 15:36:00
OP114166,W0276,Night,A,-5.0,1.0,2025-04-28 17:51:00
OP114167,W0054,Morning,B,26.0,2.0,2025-02-05 09:59:00
OP114168,W0074,Evening,C,29.0,2.0,2025-02-26 20:40:00
OP114169,W0336,Mornng,A,,1.0,2025-02-18 11:44:00
OP114170,W0495,Evening,E,38.0,2.0,2025-01-22 17:11:00
OP114171,W0059,,Z,9.0,0.0,2025-04-24 01:08:00
OP114172,W0384,Mornng,B,31.0,0.0,2025-05-29 05:31:00
OP114173,W0093,,B,23.0,1.0,2025-06-02 13:39:00
OP114174,W0197,Morning,Z,3.0,1.0,2025-03-07 10:58:00
OP114175,W0046,Evening,A,10.0,0.0,2025-02-07 06:19:00
OP114176,W0362,Evening,,48.0,,2025-05-04 00:32:00
OP114177,W0106,,C,45.0,1.0,2025-02-05 20:07:00
OP114178,W0170,Mornng,E,30.0,1.0,2025-02-28 19:33:00
OP114179,W0097,Night,Z,14.0,0.0,2025-04-29 01:45:00
OP114180,W0343,Mornng,Z,14.0,0.0,2025-03-22 05:53:00
OP114181,W0155,Night,E,6.0,2.0,2025-04-03 12:59:00
OP114182,W0231,,B,12.0,1.0,2025-06-12 08:46:00
OP114183,W0154,Night,D,40.0,,invalid_date
OP114184,W0101,,C,47.0,1.0,2025-06-24 03:54:00
OP114185,W0402,,,5.0,2.0,2025-04-08 13:40:00
OP114186,W0414,,B,20.0,1.0,2025-04-08 13:07:00
OP114187,W0487,Morning,B,4.0,,2025-01-28 19:28:00
OP114188,W0193,Evening,C,42.0,,2025-05-30 07:56:00
OP114189,W0421,,D,41.0,2.0,2025-03-11 13:20:00
OP114190,W0118,Morning,D,5.0,0.0,2025-05-17 11:43:00
OP114191,W0355,Night,D,36.0,1.0,invalid_date
OP114192,W0354,Mornng,E,47.0,2.0,2025-04-01 00:31:00
OP114193,W0367,,D,39.0,2.0,2025-06-20 15:31:00
OP114194,W0260,Night,B,26.0,2.0,2025-05-23 01:26:00
OP114195,W0247,Mornng,C,2.0,2.0,2025-06-27 06:00:00
OP114196,W0210,,D,11.0,1.0,2025-06-14 23:43:00
OP114197,W0144,Evening,A,,2.0,2025-01-23 18:53:00
OP114198,W0377,Mornng,E,13.0,1.0,2025-03-13 10:18:00
OP114199,W0314,Morning,E,36.0,2.0,2025-02-20 18:48:00
OP114200,W0334,,D,40.0,,2025-05-07 00:26:00
OP114201,W0028,,B,12.0,0.0,2025-02-15 04:10:00
OP114202,W0258,,D,44.0,1.0,2025-03-28 11:24:00
OP114203,W0489,Morning,B,8.0,,2025-05-09 22:58:00
OP114204,W0475,Night,,11.0,0.0,2025-05-05 06:52:00
OP114205,W0133,,B,36.0,,2025-06-22 07:00:00
OP114206,W0466,,Z,21.0,1.0,2025-06-06 23:27:00
OP114207,W0259,Morning,E,26.0,0.0,invalid_date
OP114208,W0060,Night,A,11.0,2.0,2025-06-20 20:25:00
OP114209,W0018,Evening,A,14.0,,2025-01-15 03:31:00
OP114210,W0089,Night,B,1.0,,2025-01-15 06:25:00
OP114211,W0282,Mornng,D,0.0,,2025-03-17 16:43:00
OP114212,W0073,Night,E,10.0,2.0,2025-06-06 08:11:00
OP114213,W0459,,Z,0.0,,2025-01-30 18:27:00
OP114214,W0317,,Z,14.0,1.0,2025-01-17 18:05:00
OP114215,W0296,Mornng,D,28.0,2.0,2025-01-05 09:01:00
OP114216,W0022,Evening,E,17.0,1.0,2025-01-26 02:58:00
OP114217,W0006,,C,42.0,,2025-03-15 13:59:00
OP114218,W0341,Morning,E,7.0,1.0,2025-06-10 14:21:00
OP114219,W0293,,A,5.0,1.0,2025-06-27 08:20:00
OP114220,W0314,Evening,,25.0,0.0,2025-01-20 08:51:00
OP114221,W0209,Mornng,C,46.0,,2025-06-20 14:04:00
OP114222,W0156,,A,49.0,2.0,2025-04-22 21:43:00
OP114223,W0376,Evening,Z,32.0,0.0,2025-04-17 21:53:00
OP114224,W0470,Morning,D,32.0,1.0,2025-06-06 10:58:00
OP114225,W0303,Evening,A,32.0,,2025-06-14 23:55:00
OP114226,W0208,Morning,Z,24.0,,2025-03-22 23:21:00
OP114227,W0192,Mornng,Z,3.0,2.0,2025-01-20 12:19:00
OP114228,W0344,,A,6.0,,2025-01-25 12:11:00
OP114229,W0044,Morning,Z,49.0,0.0,2025-04-29 15:03:00
OP114230,W0243,,,17.0,2.0,2025-02-02 19:56:00
OP114231,W0139,,B,47.0,0.0,2025-02-25 05:50:00
OP114232,W0361,Morning,Z,34.0,,2025-05-14 14:43:00
OP114233,W0219,Night,,43.0,2.0,2025-02-19 06:34:00
OP114234,W0193,,B,24.0,0.0,2025-06-18 22:33:00
OP114235,W0091,,,9.0,,2025-01-26 19:36:00
OP114236,W0243,Evening,,6.0,,2025-05-29 17:32:00
OP114237,W0210,Night,,8.0,1.0,2025-02-10 06:44:00
OP114238,W0256,,E,5.0,0.0,2025-01-24 11:55:00
OP114239,W0487,Night,Z,11.0,0.0,2025-02-12 04:54:00
OP114240,W0343,Mornng,B,13.0,1.0,2025-02-03 21:14:00
OP114241,W0250,Mornng,,7.0,1.0,2025-02-14 19:32:00
OP114242,W0212,,,49.0,1.0,2025-02-05 05:15:00
OP114243,W0026,Mornng,E,26.0,1.0,2025-03-10 12:58:00
OP114244,W0036,Night,D,27.0,0.0,2025-04-01 06:25:00
OP114245,W0008,Morning,C,-5.0,0.0,2025-06-12 08:52:00
OP114246,W0241,,E,5.0,0.0,2025-05-01 13:08:00
OP114247,W0227,Night,C,1.0,,2025-06-18 07:59:00
OP114248,W0392,Evening,B,19.0,,2025-02-08 01:24:00
OP114249,W0273,Mornng,E,35.0,0.0,2025-04-29 10:17:00
OP114250,W0009,Night,B,17.0,2.0,2025-05-13 04:46:00
OP114251,W0128,,E,5.0,2.0,2025-05-14 09:28:00
OP114252,W0100,Night,E,15.0,,2025-04-30 08:37:00
OP114253,W0220,Morning,A,10.0,,2025-06-05 19:59:00
OP114254,W0250,Morning,Z,37.0,2.0,2025-01-26 20:47:00
OP114255,W0323,Mornng,E,12.0,2.0,2025-04-23 11:47:00
OP114256,W0247,,C,45.0,2.0,2025-01-17 13:43:00
OP114257,W0139,Evening,C,46.0,2.0,2025-04-09 18:01:00
OP114258,W0067,Evening,A,30.0,1.0,2025-04-20 18:57:00
OP114259,W0217,,E,4.0,1.0,2025-02-09 01:12:00
OP114260,W0280,Evening,C,28.0,2.0,2025-01-06 14:19:00
OP114261,W0333,,D,16.0,2.0,2025-02-19 04:51:00
OP114262,W0209,Night,A,17.0,2.0,2025-05-01 18:53:00
OP114263,W0093,,Z,16.0,1.0,2025-01-29 08:19:00
OP114264,W0056,,Z,34.0,1.0,2025-01-11 03:03:00
OP114265,W0358,,B,8.0,1.0,2025-04-26 07:20:00
OP114266,W0471,Mornng,,6.0,2.0,2025-02-23 09:00:00
OP114267,W0473,Mornng,B,17.0,,2025-02-06 16:24:00
OP114268,W0292,,C,35.0,1.0,2025-02-19 18:27:00
OP114269,W0268,Morning,B,13.0,1.0,2025-04-28 16:19:00
OP114270,W0414,,C,13.0,,2025-05-14 08:49:00
OP114271,W0215,Night,Z,45.0,2.0,2025-06-23 17:43:00
OP114272,W0360,,Z,-5.0,,2025-02-13 07:43:00
OP114273,W0385,,Z,49.0,2.0,2025-06-10 08:27:00
OP114274,W0170,Night,Z,26.0,2.0,2025-03-03 19:07:00
OP114275,W0084,Mornng,B,13.0,2.0,2025-02-04 16:33:00
OP114276,W0094,Night,E,27.0,2.0,2025-05-31 19:56:00
OP114277,W0377,Night,D,9.0,1.0,2025-01-02 11:28:00
OP114278,W0178,Morning,C,30.0,1.0,2025-05-12 13:16:00
OP114279,W0003,,E,40.0,,2025-04-24 10:27:00
OP114280,W0420,Mornng,E,10.0,2.0,2025-02-08 08:55:00
OP114281,W0112,,,33.0,0.0,2025-06-27 04:51:00
OP114282,W0396,,B,26.0,1.0,2025-03-22 19:51:00
OP114283,W0428,,D,22.0,,2025-04-27 16:56:00
OP114284,W0480,,B,14.0,0.0,2025-03-28 02:10:00
OP114285,W0072,Morning,D,17.0,1.0,2025-05-21 22:45:00
OP114286,W0435,,,10.0,1.0,2025-03-20 06:07:00
OP114287,W0271,Morning,C,11.0,,2025-01-17 22:53:00
OP114288,W0162,Evening,D,41.0,2.0,2025-01-09 17:13:00
OP114289,W0457,Morning,D,27.0,1.0,2025-06-06 02:27:00
OP114290,W0273,,D,45.0,0.0,2025-03-24 16:53:00
OP114291,W0064,Morning,B,45.0,,2025-03-17 17:30:00
OP114292,W0435,,B,43.0,0.0,2025-01-31 16:46:00
OP114293,W0312,Evening,E,41.0,,2025-03-03 08:28:00
OP114294,W0260,,A,49.0,,2025-06-06 22:06:00
OP114295,W0286,Morning,C,15.0,1.0,2025-02-23 07:02:00
OP114296,W0415,,Z,39.0,,2025-03-28 06:21:00
OP114297,W0472,Night,D,-5.0,2.0,2025-05-17 12:13:00
OP114298,W0204,Night,D,40.0,1.0,2025-06-19 12:24:00
OP114299,W0231,,Z,4.0,0.0,2025-05-06 06:43:00
OP114300,W0057,Evening,,44.0,,2025-03-13 10:48:00
OP114301,W0033,Evening,A,13.0,1.0,2025-02-11 05:10:00
OP114302,W0103,Morning,E,36.0,1.0,2025-01-22 05:56:00
OP114303,W0080,Night,B,21.0,0.0,2025-03-29 23:31:00
OP114304,W0027,Night,E,25.0,,2025-01-25 21:23:00
OP114305,W0247,Morning,E,21.0,,2025-02-22 15:02:00
OP114306,W0398,Mornng,B,10.0,,2025-04-06 04:56:00
OP114307,W0411,,E,3.0,,2025-06-17 11:26:00
OP114308,W0279,,A,34.0,1.0,2025-02-26 13:43:00
OP114309,W0403,Mornng,Z,,1.0,2025-02-20 04:15:00
OP114310,W0126,Night,E,27.0,2.0,2025-04-03 07:11:00
OP114311,W0149,Night,,29.0,,2025-05-15 03:13:00
OP114312,W0047,Evening,E,43.0,0.0,2025-05-19 06:45:00
OP114313,W0254,Night,,10.0,0.0,2025-02-15 01:32:00
OP114314,W0304,Morning,,17.0,1.0,2025-02-22 11:46:00
OP114315,W0227,,C,32.0,1.0,2025-02-17 12:07:00
OP114316,W0407,,A,48.0,2.0,2025-04-28 17:43:00
OP114317,W0146,Evening,C,15.0,2.0,2025-06-18 05:02:00
OP114318,W0147,Morning,,49.0,1.0,2025-03-04 09:21:00
OP114319,W0197,Evening,A,16.0,2.0,2025-05-31 09:38:00
OP114320,W0452,Morning,,42.0,1.0,2025-01-15 21:24:00
OP114321,W0306,Morning,C,18.0,2.0,2025-03-15 08:18:00
OP114322,W0349,Night,E,45.0,2.0,2025-05-08 14:57:00
OP114323,W0121,Mornng,B,0.0,0.0,2025-01-12 17:20:00
OP114324,W0379,Evening,A,42.0,0.0,2025-05-28 12:13:00
OP114325,W0083,Night,A,26.0,1.0,2025-06-24 15:41:00
OP114326,W0175,Night,A,37.0,0.0,2025-02-04 16:57:00
OP114327,W0217,,E,28.0,0.0,2025-05-04 12:33:00
OP114328,W0377,,A,33.0,2.0,2025-05-21 07:58:00
OP114329,W0373,Morning,D,23.0,,2025-06-10 02:04:00
OP114330,W0268,,C,41.0,2.0,2025-05-06 15:34:00
OP114331,W0085,Evening,,49.0,0.0,2025-06-21 20:28:00
OP114332,W0257,,Z,,2.0,2025-04-16 09:31:00
OP114333,W0043,Mornng,,16.0,,2025-02-27 16:36:00
OP114334,W0063,Mornng,A,40.0,1.0,2025-06-17 06:58:00
OP114335,W0378,,D,1.0,0.0,2025-01-10 10:43:00
OP114336,W0342,Morning,Z,38.0,1.0,2025-05-14 21:17:00
OP114337,W0428,Evening,A,5.0,1.0,2025-02-19 22:25:00
OP114338,W0396,,D,8.0,0.0,2025-05-16 08:43:00
OP114339,W0045,,A,37.0,,2025-04-04 20:47:00
OP114340,W0306,Mornng,Z,41.0,2.0,2025-01-15 09:31:00
OP114341,W0500,Night,C,39.0,,2025-05-06 19:14:00
OP114342,W0320,,C,42.0,1.0,2025-01-30 16:27:00
OP114343,W0036,Night,D,38.0,,2025-05-05 00:27:00
OP114344,W0382,,D,39.0,2.0,invalid_date
OP114345,W0479,Evening,E,2.0,,2025-01-19 11:40:00
OP114346,W0358,,,38.0,2.0,2025-01-26 08:48:00
OP114347,W0378,Evening,A,36.0,,2025-05-15 10:54:00
OP114348,W0447,Evening,D,35.0,0.0,2025-06-15 21:20:00
OP114349,W0428,Mornng,E,4.0,,2025-04-03 04:45:00
OP114350,W0239,,C,1.0,2.0,2025-04-05 04:42:00
OP114351,W0383,Evening,C,22.0,0.0,2025-02-24 23:04:00
OP114352,W0194,Evening,C,22.0,1.0,2025-06-22 09:10:00
OP114353,W0191,Night,E,17.0,0.0,2025-06-12 10:20:00
OP114354,W0420,Morning,,49.0,2.0,2025-04-15 21:22:00
OP114355,W0224,Evening,Z,49.0,,2025-02-22 22:28:00
OP114356,W0069,,B,3.0,,2025-02-11 07:53:00
OP114357,W0291,Morning,A,16.0,0.0,2025-04-12 20:58:00
OP114358,W0447,Night,B,21.0,2.0,2025-04-21 14:26:00
OP114359,W0144,Mornng,,20.0,0.0,2025-03-11 01:09:00
OP114360,W0374,Evening,,26.0,0.0,2025-01-23 23:53:00
OP114361,W0303,Evening,A,1.0,0.0,2025-06-05 18:55:00
OP114362,W0259,Evening,A,7.0,2.0,2025-03-02 07:27:00
OP114363,W0331,Evening,A,42.0,2.0,2025-05-26 14:54:00
OP114364,W0222,Evening,C,17.0,1.0,2025-01-08 05:21:00
OP114365,W0493,Morning,C,38.0,,2025-06-04 03:18:00
OP114366,W0490,,E,27.0,0.0,2025-02-06 18:13:00
OP114367,W0454,Night,B,47.0,0.0,2025-05-04 05:53:00
OP114368,W0346,Night,A,37.0,,2025-03-15 05:02:00
OP114369,W0023,,D,21.0,0.0,2025-02-01 08:15:00
OP114370,W0289,Evening,Z,2.0,2.0,2025-05-16 12:50:00
OP114371,W0459,,B,18.0,,2025-01-12 13:37:00
OP114372,W0473,Mornng,D,31.0,2.0,2025-02-18 04:16:00
OP114373,W0367,,D,23.0,0.0,2025-04-05 14:29:00
OP114374,W0323,Mornng,E,19.0,0.0,2025-06-10 06:07:00
OP114375,W0059,,Z,45.0,2.0,2025-04-22 12:09:00
OP114376,W0065,,E,30.0,1.0,2025-02-22 03:26:00
OP114377,W0315,Mornng,A,7.0,2.0,2025-05-21 19:04:00
OP114378,W0214,Evening,B,14.0,0.0,2025-04-11 01:41:00
OP114379,W0021,Mornng,D,24.0,,2025-03-21 00:21:00
OP114380,W0263,Night,Z,1.0,1.0,2025-03-16 02:17:00
OP114381,W0222,,Z,11.0,,2025-04-12 13:29:00
OP114382,W0070,,,7.0,,2025-05-14 04:55:00
OP114383,W0411,Night,,31.0,,2025-03-18 22:10:00
OP114384,W0060,,E,40.0,1.0,2025-05-29 22:43:00
OP114385,W0468,Mornng,B,37.0,2.0,2025-04-16 02:16:00
OP114386,W0019,Evening,Z,39.0,0.0,2025-02-24 08:44:00
OP114387,W0464,Morning,A,34.0,0.0,2025-03-24 12:28:00
OP114388,W0338,,B,6.0,0.0,2025-01-26 16:58:00
OP114389,W0125,,Z,12.0,0.0,2025-04-11 11:40:00
OP114390,W0400,Morning,D,17.0,,2025-05-21 02:58:00
OP114391,W0417,Night,Z,48.0,2.0,2025-04-17 06:39:00
OP114392,W0200,,B,34.0,0.0,2025-04-22 13:28:00
OP114393,W0383,,,1.0,2.0,2025-02-28 04:13:00
OP114394,W0175,,B,31.0,2.0,2025-04-02 13:24:00
OP114395,W0177,Morning,D,30.0,,2025-06-02 01:35:00
OP114396,W0187,,E,30.0,1.0,2025-04-21 13:39:00
OP114397,W0250,Morning,C,9.0,0.0,2025-02-28 08:46:00
OP114398,W0319,Morning,,15.0,,2025-01-28 01:18:00
OP114399,W0243,Mornng,Z,49.0,2.0,2025-04-10 06:22:00
OP114400,W0199,,,12.0,2.0,2025-04-14 00:02:00
OP114401,W0055,Mornng,,41.0,,2025-06-15 23:56:00
OP114402,W0306,Night,A,37.0,2.0,2025-04-07 11:44:00
OP114403,W0154,Night,C,10.0,0.0,2025-06-24 04:09:00
OP114404,W0459,,B,38.0,,invalid_date
OP114405,W0347,Morning,B,10.0,,2025-02-28 04:44:00
OP114406,W0031,Evening,D,2.0,2.0,2025-02-22 04:22:00
OP114407,W0460,,,7.0,1.0,2025-06-10 06:57:00
OP114408,W0134,Evening,B,5.0,0.0,2025-04-29 13:41:00
OP114409,W0191,,,19.0,2.0,2025-06-27 08:18:00
OP114410,W0227,,D,42.0,,2025-03-05 06:15:00
OP114411,W0312,Mornng,E,,,2025-06-18 09:30:00
OP114412,W0452,Evening,B,47.0,1.0,2025-05-23 17:44:00
OP114413,W0095,Morning,B,32.0,,2025-03-10 11:08:00
OP114414,W0212,Night,C,45.0,,2025-06-02 11:18:00
OP114415,W0028,Mornng,C,27.0,0.0,2025-04-05 12:55:00
OP114416,W0323,Mornng,A,22.0,2.0,2025-06-14 02:22:00
OP114417,W0384,,A,48.0,,2025-04-19 02:06:00
OP114418,W0301,,C,28.0,2.0,2025-01-04 09:50:00
OP114419,W0114,Morning,,49.0,0.0,2025-02-01 00:30:00
OP114420,W0479,,D,4.0,0.0,2025-04-09 11:09:00
OP114421,W0097,Evening,C,37.0,2.0,2025-01-29 00:25:00
OP114422,W0072,Night,,2.0,,2025-06-05 07:33:00
OP114423,W0417,Mornng,,10.0,0.0,2025-05-17 19:31:00
OP114424,W0207,Night,Z,0.0,0.0,invalid_date
OP114425,W0452,Mornng,D,24.0,0.0,2025-02-22 16:44:00
OP114426,W0435,Night,E,16.0,1.0,2025-01-23 08:36:00
OP114427,W0394,,Z,27.0,1.0,2025-06-07 01:11:00
OP114428,W0412,Mornng,,14.0,1.0,2025-05-03 13:43:00
OP114429,W0368,,E,22.0,1.0,2025-04-02 19:02:00
OP114430,W0309,,,36.0,,2025-01-16 19:30:00
OP114431,W0089,,C,41.0,0.0,2025-06-08 23:42:00
OP114432,W0283,Night,Z,23.0,1.0,2025-01-09 10:20:00
OP114433,W0299,,A,29.0,1.0,2025-06-12 01:52:00
OP114434,W0223,Morning,,28.0,1.0,2025-06-22 02:10:00
OP114435,W0356,Morning,A,39.0,1.0,2025-04-13 06:52:00
OP114436,W0161,Morning,A,34.0,1.0,2025-02-12 05:37:00
OP114437,W0440,,B,43.0,,2025-06-03 01:43:00
OP114438,W0453,Mornng,,38.0,,2025-04-24 22:29:00
OP114439,W0460,Night,,45.0,1.0,2025-02-04 21:49:00
OP114440,W0472,Evening,C,3.0,1.0,2025-04-02 00:34:00
OP114441,W0497,Morning,C,47.0,0.0,2025-02-11 15:41:00
OP114442,W0363,,Z,41.0,,2025-05-09 18:02:00
OP114443,W0229,Morning,D,32.0,1.0,2025-03-31 05:03:00
OP114444,W0360,Night,C,29.0,,2025-03-10 12:02:00
OP114445,W0086,,B,35.0,2.0,2025-02-11 16:27:00
OP114446,W0050,Morning,A,41.0,2.0,2025-02-18 01:05:00
OP114447,W0484,Night,D,37.0,1.0,2025-06-08 01:50:00
OP114448,W0246,,D,32.0,0.0,2025-01-19 00:11:00
OP114449,W0425,Night,,16.0,0.0,2025-05-20 23:22:00
OP114450,W0353,,Z,37.0,1.0,2025-06-25 04:17:00
OP114451,W0249,,B,9.0,2.0,2025-05-18 15:59:00
OP114452,W0458,Evening,A,49.0,1.0,2025-05-15 18:43:00
OP114453,W0002,,C,22.0,1.0,2025-02-13 23:03:00
OP114454,W0401,,C,36.0,2.0,2025-01-17 20:04:00
OP114455,W0412,Morning,,40.0,2.0,2025-02-10 12:10:00
OP114456,W0021,,B,21.0,2.0,2025-03-13 21:48:00
OP114457,W0415,Mornng,Z,10.0,0.0,2025-01-04 19:03:00
OP114458,W0035,Evening,E,43.0,,2025-06-14 19:51:00
OP114459,W0451,Night,E,24.0,2.0,2025-03-01 04:53:00
OP114460,W0209,Mornng,A,8.0,1.0,2025-05-01 17:51:00
OP114461,W0083,,Z,45.0,1.0,2025-05-13 11:02:00
OP114462,W0058,Night,A,14.0,,2025-01-26 04:36:00
OP114463,W0306,,,11.0,1.0,2025-01-28 18:02:00
OP114464,W0340,Mornng,C,20.0,1.0,2025-06-10 20:04:00
OP114465,W0427,Mornng,B,39.0,1.0,2025-01-01 00:51:00
OP114466,W0089,Mornng,B,37.0,2.0,2025-02-10 20:45:00
OP114467,W0146,,C,10.0,2.0,2025-01-28 04:11:00
OP114468,W0418,,A,29.0,0.0,2025-03-23 22:01:00
OP114469,W0408,Mornng,D,0.0,,2025-05-09 20:23:00
OP114470,W0209,Morning,,31.0,1.0,2025-05-09 01:30:00
OP114471,W0410,,B,37.0,2.0,2025-01-30 15:44:00
OP114472,W0114,,C,8.0,2.0,2025-01-19 08:06:00
OP114473,W0369,,A,4.0,2.0,2025-02-18 14:39:00
OP114474,W0404,,A,44.0,,2025-06-13 13:12:00
OP114475,W0465,,Z,22.0,2.0,2025-02-11 06:27:00
OP114476,W0387,Morning,E,15.0,0.0,2025-04-30 05:07:00
OP114477,W0354,,C,48.0,1.0,2025-01-29 05:55:00
OP114478,W0424,,Z,49.0,0.0,2025-06-14 11:13:00
OP114479,W0135,,D,33.0,,2025-01-11 22:09:00
OP114480,W0380,Night,C,11.0,1.0,2025-04-12 21:59:00
OP114481,W0345,,C,4.0,2.0,2025-06-29 18:46:00
OP114482,W0044,Evening,Z,49.0,0.0,2025-03-13 01:07:00
OP114483,W0441,,Z,24.0,2.0,2025-04-27 20:15:00
OP114484,W0286,Evening,D,44.0,0.0,2025-05-04 20:59:00
OP114485,W0140,Mornng,D,40.0,,2025-02-02 23:52:00
OP114486,W0274,Night,C,,,2025-05-12 23:40:00
OP114487,W0422,,D,41.0,,2025-06-26 05:29:00
OP114488,W0247,,C,24.0,,invalid_date
OP114489,W0196,Night,E,23.0,0.0,2025-02-13 04:19:00
OP114490,W0260,Night,C,22.0,0.0,2025-05-03 11:08:00
OP114491,W0411,Mornng,B,38.0,,2025-03-15 08:12:00
OP114492,W0034,Night,,,0.0,2025-06-04 11:08:00
OP114493,W0477,Night,Z,13.0,,2025-06-05 15:38:00
OP114494,W0247,Evening,E,43.0,0.0,2025-06-28 14:10:00
OP114495,W0373,,C,46.0,0.0,2025-02-03 20:49:00
OP114496,W0493,Night,C,14.0,,2025-03-26 03:59:00
OP114497,W0054,Night,B,44.0,0.0,2025-06-14 10:13:00
OP114498,W0172,,D,14.0,0.0,2025-02-09 22:58:00
OP114499,W0043,Morning,Z,22.0,,invalid_date
OP114500,W0261,Evening,E,36.0,0.0,2025-04-01 00:48:00
OP114501,W0337,Morning,,37.0,1.0,2025-02-09 19:47:00
OP114502,W0158,Morning,B,24.0,1.0,2025-06-23 23:48:00
OP114503,W0332,Night,E,40.0,0.0,2025-06-15 16:13:00
OP114504,W0007,Evening,Z,14.0,0.0,2025-02-24 01:41:00
OP114505,W0357,Evening,Z,13.0,2.0,2025-01-17 18:48:00
OP114506,W0141,Morning,Z,10.0,0.0,2025-05-01 23:30:00
OP114507,W0236,,D,35.0,2.0,2025-04-02 06:36:00
OP114508,W0416,,B,,0.0,2025-04-14 13:57:00
OP114509,W0063,Mornng,A,7.0,,2025-06-15 19:09:00
OP114510,W0446,Mornng,A,37.0,0.0,2025-05-23 14:21:00
OP114511,W0158,Evening,A,4.0,1.0,2025-05-12 07:01:00
OP114512,W0128,Morning,D,49.0,2.0,2025-02-23 20:16:00
OP114513,W0170,Morning,A,9.0,0.0,2025-05-10 22:13:00
OP114514,W0361,Mornng,E,16.0,,2025-04-14 16:34:00
OP114515,W0164,,B,7.0,2.0,2025-03-25 06:15:00
OP114516,W0115,Evening,D,10.0,0.0,2025-05-15 23:30:00
OP114517,W0237,Morning,B,10.0,,2025-06-21 04:08:00
OP114518,W0136,Morning,B,42.0,,2025-02-22 20:59:00
OP114519,W0298,Mornng,C,,,2025-01-22 11:51:00
OP114520,W0302,Mornng,C,-5.0,2.0,2025-05-21 18:44:00
OP114521,W0191,Night,Z,43.0,2.0,2025-03-21 19:19:00
OP114522,W0323,Night,Z,0.0,,invalid_date
OP114523,W0440,Morning,D,,2.0,2025-06-03 13:07:00
OP114524,W0021,Morning,Z,23.0,2.0,2025-01-24 04:09:00
OP114525,W0346,,,,2.0,2025-04-05 15:30:00
OP114526,W0394,Evening,B,2.0,,2025-05-05 03:27:00
OP114527,W0244,Mornng,,21.0,1.0,2025-01-23 10:31:00
OP114528,W0010,Morning,C,21.0,1.0,2025-05-25 05:33:00
OP114529,W0224,Evening,C,35.0,2.0,2025-04-29 10:29:00
OP114530,W0074,Evening,A,32.0,1.0,2025-05-06 16:08:00
OP114531,W0249,,E,32.0,2.0,2025-05-23 20:55:00
OP114532,W0051,Morning,C,22.0,2.0,2025-06-15 22:00:00
OP114533,W0173,,D,-5.0,0.0,2025-02-17 19:17:00
OP114534,W0063,Morning,C,11.0,,2025-02-03 05:10:00
OP114535,W0085,,Z,31.0,2.0,2025-05-02 12:51:00
OP114536,W0349,Evening,A,34.0,2.0,2025-06-06 13:39:00
OP114537,W0049,Mornng,Z,14.0,1.0,2025-05-05 19:32:00
OP114538,W0090,Morning,B,30.0,0.0,2025-02-23 04:21:00
OP114539,W0405,Morning,Z,25.0,1.0,2025-05-11 17:00:00
OP114540,W0470,,B,24.0,2.0,2025-02-09 16:14:00
OP114541,W0217,Morning,A,0.0,0.0,2025-06-28 15:05:00
OP114542,W0207,Mornng,Z,33.0,0.0,2025-06-22 20:54:00
OP114543,W0246,Evening,Z,49.0,0.0,2025-06-07 18:27:00
OP114544,W0063,,,46.0,0.0,2025-01-07 23:05:00
OP114545,W0373,Night,E,41.0,2.0,2025-01-16 22:21:00
OP114546,W0138,Mornng,C,2.0,0.0,2025-06-15 13:14:00
OP114547,W0210,Evening,D,46.0,0.0,2025-02-26 07:57:00
OP114548,W0280,Morning,,6.0,1.0,2025-05-20 10:17:00
OP114549,W0355,,B,10.0,2.0,2025-05-13 17:04:00
OP114550,W0188,Morning,E,19.0,0.0,2025-06-16 06:39:00
OP114551,W0237,,D,32.0,0.0,2025-06-03 01:08:00
OP114552,W0081,,C,31.0,2.0,2025-03-25 07:38:00
OP114553,W0318,Morning,A,1.0,,2025-05-28 11:58:00
OP114554,W0208,Mornng,,18.0,1.0,2025-05-01 16:27:00
OP114555,W0267,Mornng,A,35.0,0.0,2025-05-18 08:45:00
OP114556,W0030,Evening,,24.0,,2025-03-15 07:10:00
OP114557,W0427,Mornng,,32.0,1.0,2025-01-31 10:02:00
OP114558,W0263,,,34.0,2.0,2025-03-16 10:28:00
OP114559,W0061,Night,A,1.0,0.0,2025-01-10 21:12:00
OP114560,W0077,Evening,D,25.0,,2025-02-20 05:11:00
OP114561,W0033,,E,47.0,1.0,2025-04-24 21:06:00
OP114562,W0368,Evening,B,11.0,1.0,2025-01-21 07:28:00
OP114563,W0067,Evening,A,25.0,0.0,2025-06-25 15:03:00
OP114564,W0273,Evening,,8.0,0.0,2025-05-11 19:47:00
OP114565,W0188,,D,49.0,,2025-06-10 22:24:00
OP114566,W0060,Morning,,30.0,0.0,2025-02-22 12:57:00
OP114567,W0152,,Z,0.0,1.0,2025-05-04 23:35:00
OP114568,W0200,Morning,A,14.0,2.0,2025-01-21 00:37:00
OP114569,W0307,Night,B,16.0,1.0,2025-03-22 13:23:00
OP114570,W0296,Morning,E,46.0,0.0,2025-06-24 16:31:00
OP114571,W0435,,E,4.0,1.0,2025-01-27 21:42:00
OP114572,W0159,Mornng,Z,14.0,,2025-04-06 17:42:00
OP114573,W0003,,D,33.0,2.0,2025-04-10 18:31:00
OP114574,W0359,Evening,,1.0,0.0,2025-04-14 08:02:00
OP114575,W0157,,Z,18.0,2.0,2025-02-13 09:57:00
OP114576,W0078,,C,0.0,2.0,2025-02-24 17:10:00
OP114577,W0321,,A,18.0,,2025-03-05 09:42:00
OP114578,W0080,Mornng,B,17.0,1.0,2025-02-19 09:26:00
OP114579,W0337,Evening,C,41.0,,invalid_date
OP114580,W0497,Night,E,43.0,1.0,2025-03-04 00:18:00
OP114581,W0254,Night,B,38.0,1.0,2025-01-15 12:10:00
OP114582,W0431,Mornng,E,38.0,2.0,2025-02-23 19:10:00
OP114583,W0019,,,,2.0,2025-04-03 08:24:00
OP114584,W0263,Mornng,E,35.0,2.0,2025-05-27 10:33:00
OP114585,W0390,Morning,A,4.0,0.0,2025-04-09 15:39:00
OP114586,W0162,Evening,,5.0,2.0,2025-04-06 23:56:00
OP114587,W0367,,A,1.0,,2025-05-14 06:56:00
OP114588,W0107,Mornng,E,31.0,0.0,2025-03-30 10:49:00
OP114589,W0218,Morning,A,43.0,1.0,2025-02-11 07:42:00
OP114590,W0326,Mornng,,11.0,0.0,2025-05-19 09:21:00
OP114591,W0045,Morning,Z,0.0,1.0,2025-05-14 13:19:00
OP114592,W0134,,Z,8.0,2.0,2025-03-22 09:48:00
OP114593,W0303,Night,Z,39.0,1.0,2025-05-03 04:37:00
OP114594,W0220,,,48.0,1.0,2025-02-17 01:10:00
OP114595,W0280,,E,27.0,1.0,2025-01-14 21:48:00
OP114596,W0164,Mornng,C,42.0,0.0,2025-03-15 22:53:00
OP114597,W0084,Mornng,C,23.0,2.0,2025-04-07 12:25:00
OP114598,W0085,Mornng,,37.0,2.0,2025-06-16 14:47:00
OP114599,W0243,Evening,B,-5.0,0.0,2025-02-16 12:28:00
OP114600,W0493,Night,B,32.0,1.0,2025-06-18 17:45:00
OP114601,W0373,Mornng,D,43.0,2.0,2025-06-12 12:59:00
OP114602,W0441,Mornng,C,33.0,1.0,2025-03-11 03:08:00
OP114603,W0055,Morning,C,17.0,2.0,2025-05-20 18:10:00
OP114604,W0348,Night,A,4.0,1.0,2025-06-18 06:26:00
OP114605,W0367,Evening,,15.0,0.0,2025-04-28 11:02:00
OP114606,W0012,Morning,B,33.0,,2025-04-25 02:02:00
OP114607,W0259,,,21.0,0.0,2025-03-30 15:48:00
OP114608,W0316,,Z,40.0,,2025-06-18 20:41:00
OP114609,W0130,Mornng,A,42.0,,2025-01-03 20:35:00
OP114610,W0306,Night,C,13.0,1.0,2025-04-23 13:38:00
OP114611,W0102,,A,27.0,0.0,2025-04-09 14:34:00
OP114612,W0421,Night,A,14.0,,2025-05-28 06:27:00
OP114613,W0091,Morning,C,43.0,1.0,2025-05-31 02:18:00
OP114614,W0498,Mornng,Z,24.0,0.0,2025-05-21 06:18:00
OP114615,W0078,Mornng,C,8.0,0.0,2025-05-30 22:07:00
OP114616,W0212,Night,E,10.0,1.0,2025-01-25 04:42:00
OP114617,W0435,Evening,C,19.0,2.0,2025-03-04 15:56:00
OP114618,W0316,Night,Z,3.0,2.0,2025-02-06 21:01:00
OP114619,W0007,Mornng,Z,39.0,0.0,2025-05-14 17:08:00
OP114620,W0470,Morning,E,21.0,0.0,2025-06-25 01:29:00
OP114621,W0342,Evening,E,-5.0,0.0,2025-06-22 22:37:00
OP114622,W0437,,Z,40.0,0.0,2025-03-21 22:49:00
OP114623,W0318,,A,,0.0,2025-05-24 16:11:00
OP114624,W0264,,D,34.0,1.0,2025-05-11 15:46:00
OP114625,W0426,Mornng,A,32.0,0.0,2025-04-29 22:39:00
OP114626,W0110,,B,15.0,1.0,2025-05-12 06:25:00
OP114627,W0156,Mornng,D,6.0,2.0,2025-05-15 15:02:00
OP114628,W0084,Mornng,A,42.0,0.0,2025-04-24 20:45:00
OP114629,W0499,,D,4.0,0.0,2025-06-08 07:19:00
OP114630,W0215,,D,1.0,0.0,2025-03-22 14:31:00
OP114631,W0253,Morning,B,31.0,2.0,2025-03-15 21:21:00
OP114632,W0292,Night,Z,45.0,2.0,2025-01-29 05:25:00
OP114633,W0488,,,20.0,1.0,2025-03-27 11:11:00
OP114634,W0149,Night,B,3.0,,2025-01-28 07:04:00
OP114635,W0184,,,16.0,2.0,2025-04-03 15:49:00
OP114636,W0292,,A,12.0,1.0,2025-05-27 04:39:00
OP114637,W0318,Morning,A,37.0,1.0,2025-05-06 12:52:00
OP114638,W0088,,C,4.0,,2025-06-03 12:07:00
OP114639,W0102,Night,C,46.0,1.0,2025-04-21 08:57:00
OP114640,W0107,Night,D,30.0,0.0,2025-04-14 20:35:00
OP114641,W0326,Morning,D,7.0,0.0,2025-01-01 23:50:00
OP114642,W0202,,C,8.0,0.0,invalid_date
OP114643,W0073,Morning,E,35.0,2.0,2025-02-02 23:06:00
OP114644,W0045,Evening,C,24.0,,2025-03-14 06:08:00
OP114645,W0240,Night,B,27.0,1.0,2025-05-08 09:35:00
OP114646,W0222,Mornng,,5.0,1.0,invalid_date
OP114647,W0349,Night,B,23.0,,2025-06-25 15:19:00
OP114648,W0487,Night,Z,42.0,,2025-03-29 04:13:00
OP114649,W0488,Mornng,B,1.0,2.0,2025-06-07 16:28:00
OP114650,W0050,Night,B,46.0,,2025-03-31 03:13:00
OP114651,W0484,Morning,B,29.0,1.0,2025-01-30 05:11:00
OP114652,W0102,Evening,Z,27.0,1.0,2025-05-23 13:03:00
OP114653,W0419,Morning,B,22.0,,2025-03-16 14:14:00
OP114654,W0192,Morning,E,28.0,1.0,2025-03-04 16:30:00
OP114655,W0343,Mornng,D,15.0,2.0,2025-04-21 12:33:00
OP114656,W0058,Mornng,E,36.0,,2025-01-09 21:18:00
OP114657,W0333,,C,34.0,,2025-05-11 17:01:00
OP114658,,Morning,C,22.0,,2025-04-19 07:45:00
OP114659,W0107,Evening,E,40.0,1.0,2025-06-15 13:21:00
OP114660,W0050,Mornng,E,42.0,0.0,2025-03-30 15:56:00
OP114661,W0366,Morning,B,18.0,1.0,2025-02-10 03:28:00
OP114662,W0341,Night,Z,21.0,2.0,2025-03-20 23:26:00
OP114663,W0309,,,36.0,,2025-01-19 09:42:00
OP114664,W0369,,A,11.0,0.0,2025-05-03 15:59:00
OP114665,W0263,Night,E,18.0,0.0,2025-04-20 03:50:00
OP114666,W0171,Night,Z,36.0,0.0,2025-03-05 11:26:00
OP114667,W0323,Evening,C,1.0,2.0,2025-05-02 13:59:00
OP114668,W0027,Mornng,,43.0,0.0,2025-05-31 02:27:00
OP114669,W0014,Evening,Z,30.0,0.0,2025-04-04 14:22:00
OP114670,W0145,Mornng,C,3.0,2.0,2025-06-07 06:33:00
OP114671,W0222,,A,17.0,2.0,2025-03-08 09:48:00
OP114672,W0202,,,6.0,1.0,2025-01-03 06:34:00
OP114673,W0074,Evening,D,31.0,,2025-05-08 04:02:00
OP114674,W0189,,Z,23.0,,2025-01-26 06:01:00
OP114675,W0423,Evening,Z,44.0,0.0,2025-03-24 23:44:00
OP114676,W0482,Morning,E,9.0,1.0,2025-01-10 04:23:00
OP114677,W0139,,B,24.0,2.0,2025-03-28 18:14:00
OP114678,W0465,Night,Z,40.0,,2025-06-08 19:21:00
OP114679,W0162,Night,A,34.0,,2025-03-28 00:31:00
OP114680,W0022,Evening,Z,13.0,,2025-02-07 22:00:00
OP114681,W0193,Morning,,22.0,2.0,2025-03-24 14:46:00
OP114682,W0180,,B,6.0,0.0,2025-02-23 17:01:00
OP114683,W0009,Evening,Z,7.0,1.0,2025-05-26 07:39:00
OP114684,W0088,Morning,B,42.0,1.0,2025-03-16 13:58:00
OP114685,W0083,Morning,,9.0,,invalid_date
OP114686,W0076,Night,,40.0,,2025-03-21 09:36:00
OP114687,W0003,Night,B,33.0,0.0,2025-05-11 00:25:00
OP114688,W0174,Morning,A,9.0,2.0,2025-04-12 21:00:00
OP114689,W0378,Evening,B,25.0,1.0,2025-03-04 06:33:00
OP114690,W0202,Mornng,Z,-5.0,0.0,2025-02-04 03:18:00
OP114691,W0139,,Z,0.0,,2025-01-04 18:22:00
OP114692,W0262,Night,B,5.0,2.0,2025-01-31 04:41:00
OP114693,W0410,Night,D,27.0,,2025-06-20 23:08:00
OP114694,W0113,,E,49.0,0.0,2025-04-07 15:54:00
OP114695,W0236,,D,26.0,0.0,2025-02-25 00:46:00
OP114696,W0012,,D,26.0,,2025-04-04 13:42:00
OP114697,W0077,Evening,A,12.0,0.0,2025-04-29 03:44:00
OP114698,W0051,Night,B,37.0,2.0,2025-04-25 23:17:00
OP114699,W0315,Evening,C,,1.0,2025-03-12 19:18:00
OP114700,W0456,,E,20.0,,2025-01-03 11:32:00
OP114701,W0083,Mornng,B,1.0,,2025-02-28 14:17:00
OP114702,W0388,Mornng,Z,28.0,0.0,2025-02-01 12:10:00
OP114703,W0073,,,42.0,2.0,2025-03-14 01:21:00
OP114704,W0442,,C,8.0,2.0,2025-05-04 03:57:00
OP114705,W0330,,D,17.0,1.0,2025-05-10 09:41:00
OP114706,W0319,Morning,,9.0,1.0,2025-01-10 18:44:00
OP114707,W0421,,A,11.0,2.0,2025-05-29 23:52:00
OP114708,W0428,,Z,-5.0,2.0,2025-05-18 20:10:00
OP114709,W0456,,D,45.0,,2025-06-17 19:26:00
OP114710,W0487,Morning,D,12.0,1.0,2025-03-29 03:22:00
OP114711,W0265,Evening,A,13.0,,2025-03-05 21:05:00
OP114712,W0023,Morning,C,47.0,2.0,2025-04-12 06:49:00
OP114713,W0113,,,29.0,0.0,2025-05-13 15:42:00
OP114714,W0423,Mornng,A,9.0,1.0,2025-05-08 23:25:00
OP114715,W0361,,B,18.0,0.0,2025-06-17 22:02:00
OP114716,W0435,,Z,9.0,1.0,2025-04-11 18:37:00
OP114717,W0355,Night,,40.0,,2025-06-05 11:31:00
OP114718,W0411,,D,35.0,1.0,2025-06-14 04:45:00
OP114719,W0409,Night,B,22.0,1.0,2025-02-24 05:27:00
OP114720,W0148,Evening,C,33.0,,2025-02-14 02:20:00
OP114721,W0082,,,26.0,1.0,2025-06-28 15:41:00
OP114722,W0406,,E,46.0,,2025-02-17 19:30:00
OP114723,W0411,,B,1.0,0.0,2025-06-09 16:57:00
OP114724,W0294,Night,E,2.0,,2025-01-21 02:01:00
OP114725,W0122,Evening,,12.0,,2025-01-17 05:25:00
OP114726,W0493,,C,25.0,,2025-04-29 09:12:00
OP114727,W0275,Evening,A,32.0,2.0,2025-02-15 08:05:00
OP114728,W0363,,C,31.0,,2025-04-30 21:02:00
OP114729,W0484,,D,38.0,,2025-06-28 03:21:00
OP114730,W0310,Mornng,B,43.0,2.0,2025-04-09 00:58:00
OP114731,W0318,Mornng,E,48.0,,2025-01-14 12:43:00
OP114732,W0244,Morning,D,19.0,2.0,2025-02-28 06:15:00
OP114733,W0051,Morning,E,11.0,,2025-06-14 06:17:00
OP114734,W0243,,Z,16.0,1.0,2025-01-27 01:58:00
OP114735,W0181,Morning,B,-5.0,2.0,2025-04-27 09:28:00
OP114736,W0475,Evening,C,31.0,0.0,2025-03-27 17:08:00
OP114737,W0114,Mornng,A,0.0,1.0,2025-02-02 11:04:00
OP114738,W0268,Mornng,A,14.0,2.0,2025-06-12 10:58:00
OP114739,W0435,Evening,C,39.0,0.0,2025-03-02 22:44:00
OP114740,W0268,Morning,Z,43.0,0.0,2025-05-31 11:23:00
OP114741,W0003,,D,11.0,,2025-06-14 15:33:00
OP114742,W0479,,Z,46.0,,2025-05-21 06:48:00
OP114743,W0348,,E,12.0,,2025-06-29 13:34:00
OP114744,W0113,Evening,B,17.0,0.0,2025-05-23 15:34:00
OP114745,W0428,Evening,,23.0,1.0,2025-03-27 02:29:00
OP114746,W0221,Night,D,27.0,1.0,2025-01-09 22:38:00
OP114747,W0467,,E,28.0,0.0,2025-05-28 14:49:00
OP114748,W0317,Morning,B,45.0,0.0,2025-01-22 17:42:00
OP114749,W0452,Morning,E,39.0,,2025-04-08 01:06:00
OP114750,W0431,Morning,E,44.0,0.0,2025-03-15 16:39:00
OP114751,W0237,Night,E,42.0,,2025-06-24 07:11:00
OP114752,W0194,,,26.0,0.0,2025-04-17 09:18:00
OP114753,W0099,Morning,B,27.0,0.0,2025-03-12 09:56:00
OP114754,W0312,,,27.0,1.0,2025-05-05 20:24:00
OP114755,W0105,Night,,14.0,0.0,2025-01-02 05:31:00
OP114756,W0250,Evening,B,49.0,0.0,2025-01-01 22:51:00
OP114757,W0400,Morning,A,2.0,2.0,2025-01-09 08:18:00
OP114758,W0109,Night,Z,34.0,,2025-06-04 15:21:00
OP114759,W0466,Evening,E,39.0,2.0,2025-04-25 15:34:00
OP114760,W0272,Night,A,20.0,1.0,invalid_date
OP114761,W0188,Morning,A,43.0,2.0,2025-02-18 19:45:00
OP114762,W0201,Night,B,3.0,0.0,2025-02-24 23:54:00
OP114763,W0367,,A,44.0,1.0,2025-05-03 19:12:00
OP114764,W9999,Night,Z,18.0,1.0,2025-02-08 14:52:00
OP114765,W0115,,C,42.0,1.0,2025-04-13 08:06:00
OP114766,W0059,,A,12.0,1.0,2025-05-24 05:14:00
OP114767,W0034,Morning,B,4.0,2.0,2025-01-07 03:00:00
OP114768,W0471,,A,44.0,2.0,2025-03-10 00:41:00
OP114769,W0058,,B,24.0,,2025-04-29 06:27:00
OP114770,W0305,Morning,A,20.0,1.0,2025-06-11 23:49:00
OP114771,W0061,,C,28.0,,2025-06-13 11:17:00
OP114772,W0015,Evening,E,43.0,1.0,2025-06-16 21:47:00
OP114773,W0263,Mornng,E,2.0,1.0,2025-04-18 00:28:00
OP114774,W0340,Mornng,D,9.0,,2025-04-10 06:46:00
OP114775,W0424,Evening,D,43.0,1.0,2025-02-27 13:08:00
OP114776,W0316,Night,Z,41.0,2.0,2025-06-08 00:39:00
OP114777,W0460,Night,D,30.0,0.0,2025-02-03 13:35:00
OP114778,W0396,,A,11.0,1.0,2025-04-17 02:27:00
OP114779,W0451,,B,42.0,1.0,2025-01-10 16:39:00
OP114780,W0236,Night,B,29.0,1.0,2025-01-17 17:53:00
OP114781,W0085,,B,14.0,1.0,2025-03-19 09:29:00
OP114782,W0007,,,30.0,1.0,2025-05-24 01:44:00
OP114783,W0099,Mornng,A,32.0,0.0,2025-06-04 04:13:00
OP114784,W0319,,A,49.0,1.0,2025-06-17 16:19:00
OP114785,W0021,Morning,D,41.0,1.0,2025-06-24 16:53:00
OP114786,W0173,,D,0.0,2.0,2025-02-04 13:46:00
OP114787,W0038,,C,38.0,,2025-02-21 13:48:00
OP114788,W0432,Morning,B,33.0,0.0,2025-02-06 15:53:00
OP114789,W0242,,Z,40.0,0.0,2025-02-23 07:27:00
OP114790,W0415,Evening,E,32.0,,2025-03-08 21:43:00
OP114791,W0444,Night,Z,4.0,1.0,2025-04-18 05:19:00
OP114792,W0324,Night,C,31.0,1.0,2025-05-08 14:58:00
OP114793,W0217,Mornng,A,24.0,0.0,2025-06-04 04:51:00
OP114794,W0469,,C,17.0,1.0,2025-06-05 08:07:00
OP114795,W0155,Mornng,C,4.0,2.0,2025-02-20 12:03:00
OP114796,W0054,Evening,Z,2.0,2.0,2025-03-19 00:48:00
OP114797,W0499,Evening,B,27.0,,2025-05-24 08:26:00
OP114798,W0467,Night,B,19.0,,2025-03-26 23:33:00
OP114799,W0180,Mornng,C,32.0,0.0,2025-01-29 23:21:00
OP114800,W0388,Morning,D,43.0,0.0,2025-01-02 01:52:00
OP114801,W0416,,C,26.0,,2025-06-16 17:11:00
OP114802,W0238,Morning,Z,33.0,2.0,2025-06-22 05:36:00
OP114803,W0380,Morning,Z,44.0,,2025-04-10 03:27:00
OP114804,W0415,Morning,E,2.0,0.0,2025-03-29 19:58:00
OP114805,W0203,,C,46.0,,2025-01-29 10:22:00
OP114806,W0309,,D,40.0,2.0,2025-06-08 14:11:00
OP114807,W0138,Morning,A,38.0,0.0,2025-01-17 01:39:00
OP114808,W0256,,D,12.0,0.0,2025-05-01 09:02:00
OP114809,W0206,,E,48.0,1.0,2025-05-31 11:05:00
OP114810,W0067,,,20.0,,2025-06-28 01:43:00
OP114811,W0090,,B,36.0,0.0,2025-06-01 13:16:00
OP114812,W0237,Night,B,44.0,,2025-01-08 20:48:00
OP114813,W0311,Night,A,37.0,,2025-04-06 01:13:00
OP114814,W0346,Morning,,35.0,0.0,2025-02-04 11:32:00
OP114815,W0229,Mornng,A,36.0,2.0,2025-02-12 09:06:00
OP114816,W0065,,,18.0,,2025-04-17 17:48:00
OP114817,W0074,Mornng,,32.0,2.0,2025-05-28 13:53:00
OP114818,W0138,Mornng,E,17.0,0.0,2025-01-31 12:42:00
OP114819,W0226,,B,8.0,,2025-02-04 09:16:00
OP114820,W0385,Evening,A,5.0,0.0,2025-01-23 03:30:00
OP114821,W0117,,,27.0,,2025-06-20 21:05:00
OP114822,W0397,Mornng,,20.0,2.0,2025-01-02 19:24:00
OP114823,W0214,Morning,D,,,2025-06-15 03:32:00
OP114824,W0069,Morning,C,-5.0,2.0,2025-05-21 22:46:00
OP114825,W0050,Night,E,9.0,0.0,2025-05-12 23:48:00
OP114826,W0330,,B,13.0,,2025-05-31 21:02:00
OP114827,W0463,Morning,A,22.0,,2025-06-03 18:04:00
OP114828,W0457,,C,11.0,2.0,2025-04-29 01:50:00
OP114829,W0374,Evening,Z,21.0,,2025-06-26 07:24:00
OP114830,W0074,Mornng,,34.0,1.0,2025-04-02 21:40:00
OP114831,W0221,Morning,C,45.0,,2025-03-29 14:40:00
OP114832,W0485,Evening,E,31.0,2.0,2025-06-28 09:51:00
OP114833,W0193,,Z,13.0,,2025-01-05 09:36:00
OP114834,W0352,Morning,A,,2.0,2025-03-19 05:09:00
OP114835,W0008,Morning,B,10.0,,2025-06-29 13:52:00
OP114836,W0064,Night,,23.0,2.0,2025-01-12 02:44:00
OP114837,W0310,,D,31.0,2.0,2025-02-15 09:42:00
OP114838,W0019,Evening,Z,4.0,0.0,2025-02-20 00:13:00
OP114839,W0182,,Z,,,2025-05-03 21:11:00
OP114840,W0417,,D,35.0,,2025-05-03 04:44:00
OP114841,W0141,,A,21.0,1.0,2025-05-10 13:41:00
OP114842,W0293,Morning,E,34.0,,invalid_date
OP114843,W0469,Morning,Z,4.0,2.0,2025-05-17 15:04:00
OP114844,W0061,Night,,19.0,2.0,2025-04-27 21:50:00
OP114845,W0324,,E,14.0,1.0,2025-06-08 03:59:00
OP114846,W0289,Morning,B,46.0,2.0,2025-04-16 05:17:00
OP114847,W0266,Night,C,7.0,0.0,2025-02-15 09:32:00
OP114848,W0208,Evening,E,4.0,,2025-01-30 18:52:00
OP114849,W0480,Night,D,33.0,0.0,2025-03-06 08:43:00
OP114850,W0463,Mornng,Z,37.0,,2025-01-29 19:33:00
OP114851,W0473,Mornng,C,4.0,2.0,2025-02-03 01:15:00
OP114852,W0120,Morning,A,8.0,,2025-06-05 09:08:00
OP114853,W0440,Night,,40.0,,2025-02-24 07:10:00
OP114854,W0371,Morning,D,1.0,1.0,2025-01-05 11:40:00
OP114855,W0283,Night,E,49.0,2.0,2025-02-08 21:36:00
OP114856,W0186,,,6.0,2.0,2025-05-13 06:42:00
OP114857,W0387,,A,27.0,0.0,2025-01-21 01:55:00
OP114858,W0291,Morning,C,45.0,,2025-02-14 02:36:00
OP114859,W0425,,,47.0,,2025-06-26 08:53:00
OP114860,W0202,Night,Z,34.0,0.0,2025-05-11 10:18:00
OP114861,W0076,Night,Z,34.0,,2025-04-05 14:26:00
OP114862,W0430,Mornng,C,2.0,0.0,2025-06-26 09:23:00
OP114863,W0378,Night,,38.0,2.0,2025-01-26 02:24:00
OP114864,W0182,Morning,E,24.0,0.0,2025-05-22 15:15:00
OP114865,W0414,,A,31.0,,2025-06-29 16:33:00
OP114866,W0310,Morning,,34.0,0.0,2025-05-10 23:10:00
OP114867,W0086,Mornng,C,22.0,2.0,2025-01-25 16:47:00
OP114868,W0423,Morning,Z,18.0,0.0,2025-01-22 15:27:00
OP114869,W0284,Mornng,C,46.0,,2025-05-22 21:56:00
OP114870,W0196,,D,25.0,2.0,2025-01-25 21:03:00
OP114871,W0380,Morning,C,29.0,1.0,2025-05-17 11:38:00
OP114872,W0286,Night,D,20.0,2.0,2025-06-07 14:01:00
OP114873,W0095,,A,,0.0,2025-05-24 09:05:00
OP114874,W0031,Mornng,,14.0,0.0,2025-01-31 23:37:00
OP114875,W0228,,A,29.0,,2025-04-11 20:04:00
OP114876,W0191,Mornng,A,45.0,,2025-03-28 22:36:00
OP114877,W0153,Evening,C,11.0,0.0,2025-04-22 05:20:00
OP114878,W0196,,C,23.0,,2025-03-26 03:34:00
OP114879,W0112,,A,23.0,,2025-02-01 05:07:00
OP114880,W0288,Evening,E,25.0,0.0,2025-06-21 05:17:00
OP114881,W0238,Evening,D,7.0,2.0,2025-02-16 12:45:00
OP114882,W0359,Night,E,34.0,2.0,2025-02-03 08:35:00
OP114883,W0212,,,43.0,,2025-04-05 09:44:00
OP114884,W0317,Morning,A,39.0,2.0,2025-01-03 09:26:00
OP114885,W0215,Evening,A,35.0,,2025-02-18 20:59:00
OP114886,W0449,,E,46.0,0.0,2025-03-29 18:27:00
OP114887,W0445,Morning,A,40.0,1.0,2025-01-04 00:29:00
OP114888,W0059,,Z,14.0,1.0,2025-03-13 04:39:00
OP114889,W0257,Mornng,C,47.0,2.0,2025-04-24 18:29:00
OP114890,W0110,,Z,5.0,2.0,2025-02-14 07:09:00
OP114891,W0009,,D,29.0,2.0,2025-05-01 22:53:00
OP114892,W0102,Mornng,A,40.0,1.0,2025-03-29 07:23:00
OP114893,W0347,Mornng,C,47.0,,2025-03-22 16:59:00
OP114894,W0130,Morning,B,8.0,0.0,2025-01-21 10:14:00
OP114895,W0343,Mornng,C,25.0,2.0,2025-01-13 16:11:00
OP114896,W0310,,B,38.0,1.0,2025-05-11 19:32:00
OP114897,W0058,Evening,Z,5.0,,2025-05-26 05:23:00
OP114898,W0116,,,15.0,2.0,2025-05-10 21:11:00
OP114899,W0092,Night,C,25.0,1.0,2025-03-07 13:41:00
OP114900,W0441,,B,46.0,2.0,2025-04-16 06:40:00
OP114901,W0380,Mornng,E,27.0,2.0,2025-05-10 20:26:00
OP114902,W0488,Night,,3.0,0.0,2025-02-17 00:54:00
OP114903,W0040,,B,23.0,,2025-06-15 23:50:00
OP114904,W0157,Night,A,25.0,0.0,2025-02-15 23:29:00
OP114905,W0003,Mornng,,,2.0,2025-04-22 03:54:00
OP114906,W0044,Mornng,Z,37.0,0.0,2025-04-07 23:15:00
OP114907,W0231,Morning,D,0.0,0.0,2025-04-21 12:12:00
OP114908,W0397,Night,C,44.0,0.0,invalid_date
OP114909,W0207,Evening,B,29.0,,2025-03-05 10:44:00
OP114910,W0465,,B,49.0,,2025-05-30 06:54:00
OP114911,W0086,,D,20.0,2.0,2025-06-15 01:33:00
OP114912,W0454,Night,C,6.0,,2025-02-12 21:36:00
OP114913,W0215,Evening,,,,2025-06-07 10:29:00
OP114914,W0261,,C,36.0,1.0,2025-03-12 15:19:00
OP114915,W0176,Morning,Z,48.0,,2025-04-03 12:12:00
OP114916,W0133,,,1.0,1.0,2025-04-22 12:24:00
OP114917,W0500,Evening,,13.0,0.0,2025-01-28 01:24:00
OP114918,W0459,Morning,,37.0,0.0,2025-05-07 04:40:00
OP114919,W0123,Mornng,D,34.0,1.0,2025-04-07 14:47:00
OP114920,W0421,Morning,A,6.0,,2025-04-15 09:48:00
OP114921,W0053,Morning,C,31.0,,2025-03-01 16:23:00
OP114922,W0368,,A,13.0,2.0,2025-03-15 07:39:00
OP114923,W0367,Evening,D,47.0,2.0,2025-04-25 13:52:00
OP114924,W0411,Night,Z,12.0,,2025-04-29 19:49:00
OP114925,W0051,Morning,D,13.0,0.0,2025-05-22 06:47:00
OP114926,W0116,Evening,A,40.0,2.0,2025-01-21 11:38:00
OP114927,W0094,Evening,Z,36.0,0.0,2025-06-24 13:07:00
OP114928,W0245,,D,8.0,,2025-02-06 17:00:00
OP114929,W0013,,,2.0,2.0,2025-01-08 17:33:00
OP114930,W0341,,D,5.0,1.0,2025-05-10 06:17:00
OP114931,W0252,,Z,24.0,1.0,2025-04-04 09:53:00
OP114932,,Mornng,E,29.0,1.0,2025-02-26 11:44:00
OP114933,W0063,Evening,A,,,2025-05-05 11:45:00
OP114934,W0104,,E,39.0,0.0,2025-04-15 23:51:00
OP114935,W0287,Evening,A,22.0,,2025-06-02 10:05:00
OP114936,W0240,Morning,E,27.0,1.0,2025-03-05 09:38:00
OP114937,W0332,,A,37.0,2.0,2025-03-22 22:38:00
OP114938,W0055,,C,35.0,1.0,2025-04-21 06:59:00
OP114939,W0052,Evening,A,11.0,0.0,2025-05-27 09:24:00
OP114940,W0244,Morning,,1.0,,2025-01-05 04:01:00
OP114941,W0406,,A,6.0,2.0,2025-02-24 11:32:00
OP114942,W0311,Evening,Z,5.0,,2025-05-04 06:41:00
OP114943,W0183,,D,45.0,2.0,2025-02-04 09:37:00
OP114944,W0400,,A,35.0,2.0,2025-06-26 06:16:00
OP114945,W0492,Night,A,31.0,1.0,2025-01-18 00:10:00
OP114946,W0045,Night,C,41.0,0.0,2025-05-10 15:36:00
OP114947,W0151,Night,A,25.0,1.0,2025-05-29 02:02:00
OP114948,W0198,Mornng,C,19.0,2.0,2025-05-08 17:12:00
OP114949,W0103,Evening,B,21.0,1.0,2025-04-17 06:53:00
OP114950,W0269,Mornng,C,15.0,1.0,2025-04-30 22:26:00
OP114951,W0390,,A,2.0,,2025-05-29 02:08:00
OP114952,W0174,Morning,A,47.0,,2025-05-20 00:09:00
OP114953,W0302,,D,12.0,1.0,2025-03-05 16:56:00
OP114954,W0461,,Z,41.0,1.0,2025-04-21 23:50:00
OP114955,W0344,,Z,37.0,1.0,2025-02-17 15:10:00
OP114956,W0078,,Z,21.0,2.0,2025-01-15 12:45:00
OP114957,W0480,Mornng,E,,1.0,2025-03-03 20:41:00
OP114958,W0159,Night,Z,20.0,0.0,2025-01-12 15:56:00
OP114959,W0120,Night,Z,19.0,0.0,2025-01-25 14:51:00
OP114960,W0395,Evening,B,1.0,1.0,2025-04-05 20:19:00
OP114961,W0246,Night,E,15.0,2.0,2025-06-04 09:58:00
OP114962,W0005,Morning,Z,20.0,0.0,2025-02-03 06:07:00
OP114963,W0281,Evening,,49.0,0.0,2025-05-30 16:13:00
OP114964,W0297,Evening,,44.0,1.0,2025-02-12 19:48:00
OP114965,W0041,Morning,Z,49.0,1.0,2025-02-28 02:15:00
OP114966,W0022,Morning,B,27.0,,2025-01-16 00:11:00
OP114967,W0497,,A,18.0,1.0,2025-05-07 15:12:00
OP114968,W0367,Mornng,A,27.0,0.0,2025-03-11 15:34:00
OP114969,W0340,,A,19.0,1.0,2025-01-07 07:37:00
OP114970,W0424,,B,5.0,,2025-01-06 06:37:00
OP114971,W0443,Evening,E,,0.0,invalid_date
OP114972,W0164,Evening,Z,24.0,0.0,2025-04-15 13:31:00
OP114973,W0475,Mornng,C,16.0,2.0,2025-03-31 17:08:00
OP114974,W0090,,E,12.0,0.0,2025-04-02 14:11:00
OP114975,W0253,Evening,C,49.0,,2025-06-12 09:52:00
OP114976,W0321,Night,B,49.0,0.0,2025-03-06 10:47:00
OP114977,W0302,,A,33.0,2.0,2025-06-13 11:55:00
OP114978,W0275,Morning,,38.0,1.0,2025-01-05 06:46:00
OP114979,W0485,Night,D,19.0,2.0,2025-04-29 05:16:00
OP114980,W0120,Evening,C,47.0,2.0,2025-01-11 11:53:00
OP114981,W0151,,A,24.0,2.0,2025-04-28 11:08:00
OP114982,W0425,Mornng,,6.0,0.0,2025-06-12 17:30:00
OP114983,W0104,Night,Z,30.0,,2025-02-19 09:52:00
OP114984,W0346,Morning,D,48.0,0.0,2025-05-28 19:27:00
OP114985,W0248,,A,48.0,1.0,2025-04-03 22:19:00
OP114986,W0135,Evening,C,41.0,,2025-03-03 14:20:00
OP114987,W0289,Evening,B,20.0,2.0,2025-06-02 14:20:00
OP114988,W0258,,,37.0,1.0,2025-03-11 04:58:00
OP114989,W0258,,,7.0,0.0,2025-02-09 18:24:00
OP114990,W0484,Morning,E,1.0,2.0,2025-06-20 19:07:00
OP114991,W0443,Evening,,21.0,2.0,2025-01-27 19:03:00
OP114992,W0286,Evening,Z,45.0,0.0,2025-02-18 06:26:00
OP114993,W0088,,D,2.0,1.0,2025-06-19 02:03:00
OP114994,W0060,Mornng,B,8.0,2.0,2025-03-26 22:00:00
OP114995,W0136,Mornng,E,26.0,1.0,2025-04-15 15:15:00
OP114996,W0496,Evening,E,35.0,0.0,2025-03-04 10:54:00
OP114997,W0116,Evening,E,22.0,2.0,2025-01-19 11:13:00
OP114998,W0365,Evening,Z,42.0,0.0,2025-05-20 11:47:00
OP114999,W0022,Night,E,0.0,0.0,2025-01-13 04:58:00
OP115000,W0385,Night,Z,4.0,,2025-02-08 10:32:00
OP115001,W0436,Mornng,A,9.0,,2025-02-19 04:42:00
OP115002,W0187,Morning,,41.0,2.0,2025-03-01 11:27:00
OP115003,W0307,,A,20.0,2.0,2025-05-20 22:44:00
OP115004,W0292,Night,,8.0,,2025-02-25 20:40:00
OP115005,W0413,,B,23.0,,2025-05-29 22:36:00
OP115006,W0012,Evening,B,30.0,,2025-02-17 11:42:00
OP115007,W0276,Mornng,E,35.0,1.0,2025-05-02 20:57:00
OP115008,W0227,Mornng,D,33.0,0.0,2025-01-13 04:14:00
OP115009,W0174,Night,C,45.0,2.0,2025-05-11 22:49:00
OP115010,W0003,Night,B,38.0,2.0,2025-04-10 11:36:00
OP115011,W0134,Night,,3.0,2.0,2025-02-07 19:12:00
OP115012,W0486,,Z,10.0,0.0,2025-03-04 04:31:00
OP115013,W0138,Night,Z,29.0,,2025-05-19 08:46:00
OP115014,W0211,Night,D,37.0,,2025-03-03 04:25:00
OP115015,W0224,Mornng,B,32.0,2.0,invalid_date
OP115016,W0470,,Z,21.0,1.0,2025-06-19 07:27:00
OP115017,W0203,,B,40.0,,2025-01-30 12:03:00
OP115018,W0238,,D,45.0,0.0,2025-05-24 12:20:00
OP115019,W0146,Morning,D,4.0,1.0,2025-01-29 13:31:00
OP115020,W0201,Night,E,18.0,1.0,invalid_date
OP115021,W0378,Morning,D,11.0,,2025-06-25 03:37:00
OP115022,W0477,,D,43.0,1.0,2025-06-04 13:06:00
OP115023,W0120,Night,C,24.0,0.0,2025-06-05 02:31:00
OP115024,W0080,Night,C,-5.0,,2025-03-12 15:43:00
OP115025,W0108,Morning,Z,8.0,1.0,2025-06-20 22:12:00
OP115026,W0002,Night,C,34.0,0.0,2025-04-07 13:54:00
OP115027,W0316,Evening,Z,1.0,0.0,2025-03-23 22:29:00
OP115028,W0357,Night,A,25.0,,2025-06-03 10:57:00
OP115029,W0010,Morning,C,18.0,2.0,2025-05-24 03:01:00
OP115030,W0122,Morning,E,46.0,,2025-01-01 09:32:00
OP115031,W0273,Morning,Z,1.0,0.0,2025-02-18 20:14:00
OP115032,W0248,Evening,E,14.0,1.0,2025-06-24 19:14:00
OP115033,W0150,Evening,,15.0,1.0,2025-04-02 01:58:00
OP115034,W0191,,D,15.0,2.0,2025-05-25 05:45:00
OP115035,W0443,Mornng,C,38.0,,2025-06-17 06:17:00
OP115036,W0068,Mornng,D,2.0,1.0,2025-01-25 10:22:00
OP115037,W0075,Mornng,E,27.0,1.0,2025-02-25 13:35:00
OP115038,W0497,,D,24.0,1.0,2025-04-13 16:52:00
OP115039,W0138,Morning,C,0.0,,2025-05-26 17:29:00
OP115040,W0035,Mornng,Z,40.0,0.0,2025-06-27 22:59:00
OP115041,W0493,,E,0.0,,2025-01-09 00:21:00
OP115042,W0446,Mornng,E,31.0,2.0,2025-05-12 23:49:00
OP115043,W0091,Mornng,C,46.0,,2025-03-09 20:02:00
OP115044,W0411,,B,32.0,0.0,2025-01-10 12:29:00
OP115045,W0471,Evening,C,46.0,2.0,2025-05-18 19:21:00
OP115046,W0101,,Z,2.0,2.0,2025-06-07 08:29:00
OP115047,W0315,Mornng,C,42.0,1.0,2025-05-09 00:52:00
OP115048,W0061,,E,29.0,0.0,2025-02-08 17:34:00
OP115049,W0253,Evening,D,19.0,1.0,2025-02-24 02:03:00
OP115050,W0065,Evening,C,-5.0,2.0,2025-06-11 14:21:00
OP115051,W0337,,B,15.0,,2025-05-22 23:42:00
OP115052,W0187,,B,21.0,,2025-06-18 12:25:00
OP115053,W0194,Mornng,C,13.0,1.0,2025-05-07 21:31:00
OP115054,W0146,Mornng,E,15.0,,2025-05-08 19:14:00
OP115055,W0127,,Z,-5.0,1.0,2025-05-07 06:48:00
OP115056,W0427,Evening,A,37.0,2.0,invalid_date
OP115057,W0432,,,-5.0,1.0,2025-01-12 12:19:00
OP115058,W9999,Mornng,E,43.0,,2025-04-19 15:59:00
OP115059,W0014,,B,25.0,1.0,2025-04-05 08:18:00
OP115060,W0329,,C,35.0,1.0,2025-06-18 16:22:00
OP115061,W0196,,B,14.0,0.0,2025-01-27 20:42:00
OP115062,W0333,Mornng,Z,49.0,1.0,2025-03-26 11:33:00
OP115063,W0102,,B,32.0,1.0,2025-02-27 00:14:00
OP115064,W0132,,B,3.0,2.0,2025-04-24 18:47:00
OP115065,W0137,Night,C,28.0,0.0,2025-05-26 10:42:00
OP115066,W0428,Mornng,Z,47.0,1.0,2025-06-18 20:23:00
OP115067,W0059,Night,D,8.0,2.0,2025-06-04 17:56:00
OP115068,W0249,Evening,A,,0.0,2025-06-24 01:46:00
OP115069,W0051,,Z,6.0,0.0,2025-02-28 06:52:00
OP115070,W0087,Mornng,D,39.0,0.0,2025-05-02 07:59:00
OP115071,W0353,,B,17.0,0.0,2025-04-19 08:34:00
OP115072,W0219,Mornng,B,26.0,2.0,2025-01-20 12:07:00
OP115073,W0140,Morning,C,17.0,2.0,2025-01-15 06:00:00
OP115074,W0085,,,1.0,0.0,2025-05-28 02:02:00
OP115075,W0014,Mornng,,44.0,,2025-02-26 01:22:00
OP115076,W0314,Mornng,D,40.0,,2025-06-10 09:17:00
OP115077,W0446,Mornng,E,1.0,1.0,2025-06-01 22:13:00
OP115078,W0299,,A,26.0,1.0,2025-04-05 05:09:00
OP115079,W0220,Night,A,6.0,,2025-06-27 15:22:00
OP115080,W0423,Morning,A,0.0,,2025-06-12 08:13:00
OP115081,W0394,Night,B,44.0,2.0,2025-03-01 16:16:00
OP115082,W0222,Evening,E,46.0,1.0,2025-03-15 21:03:00
OP115083,W0348,Morning,Z,23.0,1.0,2025-04-27 16:55:00
OP115084,W0274,Evening,D,27.0,1.0,2025-04-30 07:16:00
OP115085,W0032,Night,D,47.0,2.0,2025-01-03 17:09:00
OP115086,W0305,Mornng,B,16.0,0.0,2025-02-27 05:06:00
OP115087,W0191,,B,44.0,,2025-04-17 18:51:00
OP115088,W0136,,Z,3.0,2.0,2025-03-07 23:59:00
OP115089,W0106,Mornng,C,-5.0,1.0,2025-01-17 06:21:00
OP115090,W0281,Night,Z,18.0,2.0,2025-03-14 21:29:00
OP115091,W0177,Morning,D,20.0,,2025-02-01 07:55:00
OP115092,W0291,,C,48.0,0.0,2025-05-27 20:34:00
OP115093,W0172,,B,15.0,1.0,2025-05-14 03:48:00
OP115094,W0228,Evening,Z,5.0,1.0,2025-03-26 04:29:00
OP115095,W0295,Night,E,6.0,,2025-03-18 22:28:00
OP115096,W0008,Evening,,43.0,1.0,2025-06-24 09:42:00
OP115097,W0462,Evening,D,15.0,,2025-03-09 15:07:00
OP115098,W0278,Mornng,A,25.0,,2025-02-25 12:29:00
OP115099,W0450,,D,43.0,,2025-02-22 01:08:00
OP115100,W0400,Mornng,C,15.0,,2025-04-17 16:47:00
OP115101,W0470,,D,46.0,0.0,2025-02-05 12:17:00
OP115102,W0104,Mornng,,17.0,,2025-05-17 17:10:00
OP115103,W0180,,,47.0,0.0,2025-03-07 23:15:00
OP115104,W0359,Evening,,6.0,2.0,2025-06-25 04:56:00
OP115105,W0018,Evening,D,43.0,1.0,2025-05-12 03:31:00
OP115106,W0147,,D,22.0,1.0,2025-01-25 20:43:00
OP115107,W0025,Night,C,49.0,0.0,2025-06-02 00:42:00
OP115108,W0317,Evening,E,23.0,0.0,invalid_date
OP115109,W0476,,Z,9.0,1.0,2025-05-07 22:26:00
OP115110,W0167,Night,C,39.0,,2025-01-19 08:25:00
OP115111,W0188,,C,47.0,1.0,2025-02-28 06:54:00
OP115112,W0469,,,2.0,2.0,2025-04-21 20:09:00
OP115113,W0175,Evening,,29.0,0.0,2025-05-24 15:16:00
OP115114,W0244,,E,31.0,2.0,2025-03-13 02:55:00
OP115115,W0330,,D,10.0,0.0,2025-06-11 13:28:00
OP115116,W0201,,Z,33.0,2.0,2025-01-31 06:43:00
OP115117,W0379,,,5.0,,2025-02-16 12:09:00
OP115118,W0360,,D,35.0,2.0,2025-05-09 01:22:00
OP115119,W0339,Evening,E,18.0,1.0,2025-01-03 14:49:00
OP115120,W0495,Morning,B,24.0,2.0,2025-03-10 04:38:00
OP115121,W0172,,Z,1.0,0.0,2025-06-24 18:15:00
OP115122,W0498,Night,,34.0,1.0,2025-03-21 05:46:00
OP115123,W0286,,D,31.0,1.0,2025-04-27 12:38:00
OP115124,W0329,Night,,19.0,,2025-02-02 13:38:00
OP115125,W0064,,A,25.0,0.0,2025-06-05 15:50:00
OP115126,W0012,Mornng,C,34.0,0.0,2025-03-12 22:09:00
OP115127,W0185,,D,41.0,,2025-02-10 00:42:00
OP115128,W0314,Night,,5.0,0.0,2025-06-21 09:04:00
OP115129,W0408,Night,D,19.0,1.0,2025-03-02 12:32:00
OP115130,W0198,Mornng,C,30.0,,2025-01-03 17:30:00
OP115131,W0488,Mornng,,48.0,2.0,2025-01-04 02:12:00
OP115132,W0276,Evening,D,40.0,,2025-03-18 02:13:00
OP115133,W0210,Morning,C,20.0,1.0,2025-03-27 19:09:00
OP115134,W0027,Night,Z,23.0,2.0,2025-01-10 06:15:00
OP115135,W0061,Mornng,,45.0,,2025-06-26 19:09:00
OP115136,W0454,Evening,D,34.0,1.0,invalid_date
OP115137,W0024,Evening,Z,17.0,1.0,2025-04-22 22:24:00
OP115138,W0370,Mornng,E,,2.0,2025-05-01 11:58:00
OP115139,W0192,Morning,,11.0,,2025-06-11 14:01:00
OP115140,W0261,Night,E,3.0,2.0,2025-02-23 11:06:00
OP115141,W0076,Night,B,49.0,1.0,2025-02-06 01:23:00
OP115142,W0140,,,49.0,2.0,2025-05-22 13:54:00
OP115143,W0284,Mornng,Z,14.0,2.0,2025-05-19 00:24:00
OP115144,W0241,Night,B,21.0,1.0,2025-04-13 18:14:00
OP115145,W0243,Morning,A,28.0,2.0,2025-01-13 11:41:00
OP115146,,Night,D,25.0,2.0,2025-03-24 17:26:00
OP115147,W0190,Morning,B,36.0,0.0,2025-06-27 21:09:00
OP115148,W0258,Morning,E,35.0,0.0,2025-04-29 09:06:00
OP115149,W0489,,A,-5.0,2.0,2025-02-24 07:29:00
OP115150,W0050,Night,D,42.0,0.0,2025-03-07 07:18:00
OP115151,W0371,Mornng,C,22.0,2.0,2025-06-25 18:10:00
OP115152,W0304,,B,6.0,1.0,2025-04-08 07:45:00
OP115153,W0101,Mornng,E,42.0,1.0,2025-04-08 05:21:00
OP115154,W0283,Evening,,37.0,1.0,2025-06-14 19:12:00
OP115155,W0155,Mornng,B,27.0,,2025-01-29 07:22:00
OP115156,W0242,Mornng,C,4.0,1.0,2025-06-11 13:18:00
OP115157,W0478,,D,32.0,1.0,2025-03-20 20:04:00
OP115158,W0398,,B,22.0,1.0,2025-05-20 07:35:00
OP115159,W0161,Night,B,2.0,2.0,2025-02-05 10:06:00
OP115160,W0191,Night,,16.0,2.0,2025-05-11 17:00:00
OP115161,W0224,Mornng,E,29.0,2.0,2025-06-05 11:56:00
OP115162,W0403,,,26.0,1.0,2025-04-18 01:15:00
OP115163,W0437,Mornng,Z,39.0,0.0,2025-05-18 05:57:00
OP115164,W0129,Night,E,22.0,2.0,2025-01-12 12:37:00
OP115165,W0057,Morning,D,14.0,2.0,2025-05-26 16:40:00
OP115166,W0420,Evening,,26.0,,2025-02-11 18:14:00
OP115167,W0102,Mornng,E,14.0,2.0,2025-01-23 16:58:00
OP115168,W0367,Night,,0.0,0.0,2025-02-25 03:08:00
OP115169,W0127,Evening,C,27.0,1.0,2025-04-13 10:06:00
OP115170,W0045,,B,3.0,,2025-03-18 01:24:00
OP115171,W0055,,D,36.0,1.0,2025-02-01 17:16:00
OP115172,W0293,,B,15.0,1.0,2025-05-27 02:56:00
OP115173,W0311,,D,16.0,0.0,2025-04-16 10:03:00
OP115174,W0139,,B,43.0,0.0,2025-03-04 18:10:00
OP115175,W0257,Morning,D,49.0,0.0,2025-04-24 09:47:00
OP115176,W0171,Mornng,Z,14.0,0.0,2025-04-14 15:07:00
OP115177,W0338,Morning,D,40.0,2.0,2025-05-11 09:45:00
OP115178,W0275,Morning,,41.0,1.0,2025-05-30 20:13:00
OP115179,W0143,,,36.0,,2025-05-02 19:49:00
OP115180,W0253,Mornng,B,16.0,2.0,2025-01-05 03:13:00
OP115181,W0062,Evening,D,37.0,0.0,2025-06-28 05:59:00
OP115182,W0129,Evening,D,25.0,,2025-02-24 04:57:00
OP115183,W0404,Morning,Z,13.0,0.0,2025-03-19 23:10:00
OP115184,W0470,Mornng,C,9.0,0.0,2025-03-27 16:47:00
OP115185,W0453,Mornng,Z,24.0,2.0,2025-04-30 03:07:00
OP115186,W0045,Night,C,23.0,,2025-04-26 11:23:00
OP115187,W0213,Night,Z,21.0,2.0,2025-05-02 17:34:00
OP115188,W0037,,A,42.0,1.0,2025-02-05 19:41:00
OP115189,W0305,,E,45.0,,2025-02-25 05:49:00
OP115190,W0004,Mornng,D,36.0,1.0,2025-06-29 03:53:00
OP115191,W0460,,E,15.0,,2025-04-16 06:08:00
OP115192,W0495,Mornng,,10.0,,2025-04-02 16:11:00
OP115193,W0348,,,6.0,,2025-05-25 22:29:00
OP115194,W0410,Morning,C,10.0,,2025-02-24 13:25:00
OP115195,W0148,,A,14.0,0.0,2025-06-27 01:44:00
OP115196,W0425,Evening,Z,2.0,,2025-06-19 09:12:00
OP115197,W0064,,C,7.0,2.0,2025-05-22 02:53:00
OP115198,W0159,,E,1.0,1.0,2025-03-16 17:31:00
OP115199,W0371,,D,19.0,2.0,2025-03-06 13:09:00
OP115200,W0202,,E,,0.0,2025-01-15 04:11:00
OP115201,W0015,Mornng,B,43.0,2.0,2025-04-02 05:32:00
OP115202,W0226,Evening,B,-5.0,0.0,2025-03-19 18:50:00
OP115203,W0042,Evening,Z,4.0,1.0,2025-04-20 10:48:00
OP115204,W0090,Evening,,10.0,1.0,2025-01-03 23:23:00
OP115205,W0190,Night,D,37.0,2.0,2025-04-23 14:56:00
OP115206,W0006,Evening,E,49.0,1.0,2025-01-17 04:30:00
OP115207,W0137,,E,13.0,2.0,2025-03-26 01:53:00
OP115208,W0210,Night,A,47.0,2.0,2025-04-13 23:49:00
OP115209,W0005,Night,E,19.0,1.0,2025-03-02 19:48:00
OP115210,W0165,Morning,C,17.0,0.0,2025-04-25 14:44:00
OP115211,W0407,Morning,A,15.0,,2025-03-03 05:48:00
OP115212,W0091,Mornng,A,6.0,1.0,2025-04-06 05:18:00
OP115213,W0337,Morning,B,0.0,0.0,2025-06-10 11:43:00
OP115214,W0433,Night,Z,27.0,0.0,2025-06-19 00:40:00
OP115215,W0080,Mornng,C,37.0,,2025-03-02 21:50:00
OP115216,W0104,Evening,E,15.0,1.0,2025-06-09 12:22:00
OP115217,W0130,Evening,B,44.0,1.0,2025-02-27 11:03:00
OP115218,W0371,Evening,C,5.0,,2025-06-05 13:08:00
OP115219,W0078,Morning,Z,46.0,2.0,2025-01-31 11:37:00
OP115220,W0030,Morning,B,4.0,,2025-06-24 03:52:00
OP115221,W0431,Morning,D,24.0,1.0,2025-02-20 11:18:00
OP115222,W0314,Morning,A,47.0,,2025-03-26 11:17:00
OP115223,W0338,Evening,B,34.0,,2025-03-02 02:38:00
OP115224,W0039,,Z,19.0,,2025-03-01 11:19:00
OP115225,W0238,Evening,D,34.0,0.0,2025-05-12 18:57:00
OP115226,W0363,Night,C,21.0,0.0,2025-02-28 01:25:00
OP115227,W0295,Mornng,B,23.0,0.0,2025-02-25 11:12:00
OP115228,W0098,Morning,D,40.0,0.0,2025-05-15 04:06:00
OP115229,W0414,Mornng,Z,3.0,1.0,2025-06-25 01:05:00
OP115230,W0228,,A,49.0,,2025-05-07 02:49:00
OP115231,W0294,Evening,D,41.0,,2025-04-13 16:36:00
OP115232,W0037,Mornng,E,20.0,,2025-05-16 16:11:00
OP115233,W0132,Mornng,,21.0,1.0,2025-04-05 13:57:00
OP115234,W0183,,D,18.0,0.0,2025-05-11 04:36:00
OP115235,W0414,Evening,D,31.0,,2025-05-04 13:07:00
OP115236,W0493,Mornng,A,24.0,2.0,2025-03-19 08:40:00
OP115237,W0381,,C,37.0,2.0,2025-06-25 03:17:00
OP115238,W0447,,Z,23.0,2.0,2025-03-08 22:11:00
OP115239,W0388,Night,D,34.0,1.0,2025-03-02 14:54:00
OP115240,W0408,Night,B,27.0,0.0,2025-06-12 16:24:00
OP115241,W0345,,B,27.0,0.0,2025-04-27 23:30:00
OP115242,W0145,,,33.0,1.0,2025-02-28 16:55:00
OP115243,W0078,,B,46.0,0.0,2025-04-03 13:18:00
OP115244,W0358,,A,4.0,1.0,2025-01-12 23:53:00
OP115245,W0486,Night,C,31.0,2.0,2025-02-27 18:05:00
OP115246,W0159,Evening,,21.0,0.0,2025-01-31 22:15:00
OP115247,W0287,Evening,C,31.0,,2025-05-07 18:43:00
OP115248,W0303,Night,D,43.0,0.0,2025-05-05 05:51:00
OP115249,W0443,Night,Z,37.0,,2025-04-10 03:42:00
OP115250,W0205,Night,D,19.0,,2025-04-24 06:33:00
OP115251,W0002,,C,21.0,2.0,2025-06-22 19:43:00
OP115252,W0126,Night,C,9.0,,2025-03-09 19:38:00
OP115253,W0036,Evening,D,47.0,2.0,2025-02-12 00:46:00
OP115254,W0071,,C,48.0,1.0,2025-05-08 23:48:00
OP115255,W0433,,Z,31.0,2.0,2025-01-22 05:08:00
OP115256,W0081,Evening,A,24.0,1.0,2025-03-27 09:57:00
OP115257,W0328,Mornng,B,26.0,0.0,2025-05-05 08:47:00
OP115258,W0107,Mornng,A,33.0,2.0,2025-01-06 03:55:00
OP115259,W0085,,Z,39.0,0.0,2025-03-27 12:36:00
OP115260,W0182,Night,A,48.0,0.0,2025-02-15 08:56:00
OP115261,W0471,Night,Z,6.0,0.0,2025-01-29 12:29:00
OP115262,W0420,Morning,C,48.0,1.0,2025-06-27 14:51:00
OP115263,W0093,Evening,E,15.0,1.0,2025-01-27 12:55:00
OP115264,W0374,,C,,1.0,2025-03-13 22:24:00
OP115265,W0344,Evening,D,39.0,2.0,2025-04-26 03:00:00
OP115266,W0072,Morning,A,17.0,0.0,2025-01-25 19:25:00
OP115267,W0420,Night,E,17.0,1.0,2025-05-28 23:01:00
OP115268,W0046,Morning,Z,33.0,,2025-03-07 20:29:00
OP115269,W0365,,A,30.0,2.0,2025-02-28 03:31:00
OP115270,W0302,Morning,E,11.0,1.0,2025-03-12 01:06:00
OP115271,W0123,Morning,A,44.0,1.0,2025-06-29 05:14:00
OP115272,W0317,,D,16.0,1.0,2025-05-29 19:21:00
OP115273,W0357,,E,48.0,2.0,2025-01-17 22:55:00
OP115274,W0147,Mornng,B,47.0,2.0,2025-03-03 01:28:00
OP115275,W0079,Night,B,40.0,1.0,2025-06-10 14:33:00
OP115276,W0159,,A,17.0,,2025-06-13 23:43:00
OP115277,W0167,Night,,28.0,0.0,2025-04-04 08:31:00
OP115278,W0140,Night,D,44.0,2.0,2025-03-03 23:23:00
OP115279,W0264,Morning,E,35.0,2.0,2025-06-10 16:42:00
OP115280,W0033,,B,37.0,1.0,2025-01-28 01:08:00
OP115281,W0285,,Z,18.0,2.0,2025-06-06 15:47:00
OP115282,W0443,Mornng,A,13.0,0.0,2025-02-08 17:51:00
OP115283,W0459,,B,30.0,0.0,2025-05-29 12:26:00
OP115284,W0307,Morning,D,48.0,1.0,2025-03-25 04:51:00
OP115285,W0115,,A,46.0,,2025-06-04 15:24:00
OP115286,W0483,Mornng,B,17.0,2.0,2025-01-11 17:07:00
OP115287,W0366,,C,35.0,2.0,2025-02-11 17:34:00
OP115288,W0272,,Z,8.0,,invalid_date
OP115289,W0123,,E,1.0,1.0,2025-05-28 00:19:00
OP115290,W0365,,D,35.0,2.0,2025-01-13 05:05:00
OP115291,W0250,,D,9.0,,2025-03-21 15:09:00
OP115292,W0332,,B,40.0,1.0,2025-04-29 02:38:00
OP115293,W0073,Mornng,Z,21.0,2.0,2025-02-06 03:38:00
OP115294,W0049,,,49.0,,2025-05-17 14:31:00
OP115295,W0446,Mornng,B,25.0,0.0,2025-03-24 11:50:00
OP115296,W0397,Evening,B,29.0,1.0,2025-01-04 07:22:00
OP115297,W0128,Morning,E,33.0,0.0,2025-05-24 11:36:00
OP115298,W0301,Morning,C,27.0,2.0,2025-06-26 19:43:00
OP115299,W0261,Evening,B,29.0,0.0,invalid_date
OP115300,W0072,Evening,Z,28.0,2.0,2025-06-06 22:44:00
OP115301,W0045,Morning,B,31.0,1.0,2025-01-29 09:14:00
OP115302,W0174,,E,49.0,1.0,2025-04-25 23:22:00
OP115303,W0362,Night,D,12.0,0.0,2025-03-02 10:55:00
OP115304,W0006,Night,B,23.0,1.0,2025-05-22 14:20:00
OP115305,W0087,,A,35.0,,2025-03-23 10:24:00
OP115306,W0270,,A,11.0,1.0,2025-05-21 17:10:00
OP115307,W0400,Morning,C,9.0,1.0,2025-01-26 02:35:00
OP115308,W0013,,E,33.0,2.0,2025-03-15 01:44:00
OP115309,W0226,,C,28.0,0.0,2025-06-09 20:03:00
OP115310,W0413,,B,38.0,0.0,2025-02-26 04:28:00
OP115311,W0420,Mornng,C,3.0,1.0,2025-02-12 04:25:00
OP115312,W0366,,Z,19.0,,2025-06-16 15:59:00
OP115313,W0360,Mornng,A,42.0,2.0,2025-04-22 13:26:00
OP115314,W0317,,B,32.0,,2025-04-09 11:51:00
OP115315,W0213,Mornng,Z,20.0,2.0,2025-02-11 07:10:00
OP115316,W0087,Mornng,E,25.0,2.0,2025-01-30 13:37:00
OP115317,W0344,,C,41.0,2.0,2025-01-17 00:50:00
OP115318,W0009,,,24.0,1.0,2025-03-14 11:34:00
OP115319,W0483,,B,33.0,1.0,2025-05-25 16:48:00
OP115320,W0224,Evening,E,46.0,1.0,2025-04-24 13:24:00
OP115321,W0212,,D,7.0,,2025-02-28 15:32:00
OP115322,W0271,Mornng,E,23.0,1.0,2025-03-16 04:29:00
OP115323,W0296,Mornng,E,6.0,1.0,2025-06-24 11:09:00
OP115324,W0439,Evening,E,39.0,,2025-06-27 23:32:00
OP115325,W0300,,E,36.0,1.0,2025-06-26 21:39:00
OP115326,W0294,Mornng,D,4.0,0.0,2025-02-23 10:58:00
OP115327,W0450,Mornng,D,41.0,1.0,2025-04-12 16:50:00
OP115328,W0435,Morning,E,8.0,,2025-06-12 02:27:00
OP115329,W0163,,B,17.0,2.0,2025-05-25 01:05:00
OP115330,W0267,Night,Z,6.0,,2025-03-30 18:49:00
OP115331,W0158,,Z,47.0,1.0,2025-04-12 05:20:00
OP115332,W0441,,C,-5.0,1.0,2025-02-05 13:09:00
OP115333,W0127,,Z,3.0,2.0,2025-02-15 06:46:00
OP115334,W0447,Evening,E,9.0,1.0,2025-05-24 15:25:00
OP115335,W0053,Night,Z,22.0,2.0,2025-05-06 00:44:00
OP115336,W0421,Morning,Z,22.0,1.0,2025-01-07 12:45:00
OP115337,W0358,Morning,C,9.0,1.0,2025-04-01 05:51:00
OP115338,W0216,Evening,A,43.0,,2025-01-23 00:32:00
OP115339,W0356,Morning,,3.0,0.0,2025-01-10 11:52:00
OP115340,W0364,Morning,B,32.0,,2025-02-05 15:35:00
OP115341,W0500,,E,39.0,0.0,2025-05-01 14:41:00
OP115342,W0195,,E,23.0,0.0,2025-05-22 19:42:00
OP115343,W0196,Mornng,D,,1.0,2025-04-15 20:30:00
OP115344,W0077,Night,E,49.0,2.0,2025-01-19 00:49:00
OP115345,W0272,Morning,C,40.0,0.0,2025-06-07 14:39:00
OP115346,W0210,Night,,,0.0,2025-03-19 08:57:00
OP115347,W0353,,B,31.0,1.0,2025-06-24 20:47:00
OP115348,W0208,Evening,B,17.0,,2025-04-06 12:42:00
OP115349,W0157,Morning,E,33.0,2.0,2025-02-21 06:02:00
OP115350,W0279,Morning,C,31.0,,2025-05-11 11:47:00
OP115351,W0259,Night,D,13.0,0.0,2025-06-17 04:56:00
OP115352,W0421,,Z,9.0,,2025-04-09 10:06:00
OP115353,W0499,Night,A,43.0,2.0,2025-05-04 16:15:00
OP115354,W0405,Morning,Z,14.0,0.0,2025-02-08 13:59:00
OP115355,W0272,,,26.0,,invalid_date
OP115356,W0021,,C,14.0,0.0,2025-04-16 13:19:00
OP115357,W0061,Morning,A,0.0,1.0,2025-01-29 19:15:00
OP115358,W0312,,A,4.0,,2025-03-08 13:34:00
OP115359,W0160,Night,E,3.0,,2025-05-15 06:48:00
OP115360,W0147,,,8.0,,2025-05-31 08:51:00
OP115361,W0114,Evening,E,3.0,0.0,2025-04-01 01:24:00
OP115362,W0459,Night,,11.0,2.0,2025-06-03 18:38:00
OP115363,W0110,,B,49.0,1.0,2025-04-09 17:18:00
OP115364,W0267,Night,Z,38.0,0.0,2025-05-18 21:47:00
OP115365,W0484,Mornng,Z,13.0,2.0,2025-03-31 23:54:00
OP115366,W0117,,A,6.0,2.0,2025-02-05 02:38:00
OP115367,W0159,,A,18.0,,2025-03-07 01:33:00
OP115368,W0245,,,27.0,2.0,2025-04-26 17:58:00
OP115369,W0220,Night,C,31.0,1.0,2025-02-23 00:31:00
OP115370,W0035,,E,29.0,1.0,2025-04-29 07:05:00
OP115371,W0447,,C,6.0,1.0,2025-01-10 19:31:00
OP115372,W0372,Morning,D,44.0,2.0,invalid_date
OP115373,W0096,Evening,D,16.0,1.0,2025-04-15 09:31:00
OP115374,W0173,,,32.0,,2025-06-25 05:54:00
OP115375,W0249,Evening,,3.0,2.0,2025-05-31 05:40:00
OP115376,W0174,,D,48.0,2.0,2025-05-20 04:43:00
OP115377,W0148,Night,,37.0,2.0,2025-02-03 16:17:00
OP115378,W0450,,C,45.0,2.0,2025-06-22 06:19:00
OP115379,W0181,,B,18.0,0.0,2025-04-23 06:32:00
OP115380,W0236,Morning,Z,49.0,,2025-04-28 16:13:00
OP115381,W0341,,C,18.0,2.0,2025-03-19 10:51:00
OP115382,W0187,Mornng,B,41.0,,2025-02-03 11:06:00
OP115383,W0439,Morning,B,22.0,0.0,2025-02-05 09:04:00
OP115384,W0123,Mornng,D,44.0,0.0,2025-01-15 19:15:00
OP115385,W0116,Morning,Z,44.0,1.0,2025-03-18 03:29:00
OP115386,W0297,,E,-5.0,,2025-06-01 13:11:00
OP115387,W0478,,,5.0,,2025-02-09 01:27:00
OP115388,W0397,Mornng,E,36.0,1.0,2025-02-20 02:48:00
OP115389,W0294,,E,17.0,2.0,2025-04-05 22:54:00
OP115390,W0237,Morning,C,49.0,1.0,2025-03-05 02:38:00
OP115391,W0407,,B,44.0,0.0,2025-01-20 22:15:00
OP115392,W0225,Evening,E,48.0,0.0,2025-06-07 09:35:00
OP115393,W0272,Night,,14.0,0.0,2025-02-14 15:43:00
OP115394,W0277,Mornng,Z,20.0,,2025-01-15 07:27:00
OP115395,W0282,Evening,A,25.0,1.0,2025-04-21 06:33:00
OP115396,W0220,Mornng,E,25.0,1.0,invalid_date
OP115397,W0262,Mornng,D,38.0,1.0,2025-03-30 15:07:00
OP115398,W0452,Night,D,2.0,2.0,2025-04-28 07:11:00
OP115399,W0459,Night,A,41.0,,2025-02-14 11:42:00
OP115400,W0357,,A,9.0,0.0,2025-04-13 08:23:00
OP115401,W0159,,E,49.0,0.0,2025-03-13 13:34:00
OP115402,W0484,Night,A,44.0,0.0,2025-05-03 23:01:00
OP115403,W0477,Morning,E,40.0,0.0,2025-03-06 16:10:00
OP115404,W0061,Night,D,22.0,1.0,2025-06-03 17:54:00
OP115405,W0038,Morning,C,44.0,1.0,2025-03-18 19:09:00
OP115406,W0286,Night,Z,39.0,2.0,2025-06-12 00:12:00
OP115407,W0180,Mornng,E,1.0,0.0,2025-02-20 16:22:00
OP115408,W0238,Evening,E,0.0,2.0,2025-05-03 03:15:00
OP115409,W0113,,Z,32.0,0.0,2025-05-07 05:58:00
OP115410,W0047,,A,13.0,,2025-06-28 18:14:00
OP115411,W0486,Morning,B,47.0,0.0,2025-05-14 04:04:00
OP115412,W0236,Night,A,22.0,1.0,2025-05-10 19:00:00
OP115413,W0487,,,12.0,0.0,2025-01-01 12:52:00
OP115414,W0218,Morning,E,25.0,1.0,2025-03-10 05:03:00
OP115415,W0063,Mornng,E,14.0,2.0,2025-04-05 02:26:00
OP115416,W0472,,B,-5.0,2.0,2025-06-24 17:41:00
OP115417,W0117,Evening,D,43.0,2.0,2025-01-14 19:54:00
OP115418,W0279,,D,49.0,2.0,2025-02-01 23:34:00
OP115419,W0237,,A,17.0,2.0,2025-02-16 07:47:00
OP115420,W0113,Morning,E,49.0,2.0,2025-05-14 20:28:00
OP115421,W0479,Night,,48.0,,2025-01-17 03:43:00
OP115422,W0044,Evening,Z,6.0,1.0,2025-06-13 18:17:00
OP115423,W0240,Morning,C,13.0,2.0,2025-03-20 08:11:00
OP115424,W0354,,A,49.0,2.0,2025-03-01 01:23:00
OP115425,W0307,Mornng,,44.0,,2025-05-29 23:55:00
OP115426,W0397,Evening,B,28.0,0.0,2025-01-27 04:22:00
OP115427,W0223,Morning,E,13.0,2.0,2025-04-11 09:36:00
OP115428,W0228,Evening,,24.0,2.0,2025-06-04 15:03:00
OP115429,W0127,,E,17.0,0.0,2025-01-02 22:00:00
OP115430,W0421,Night,C,25.0,1.0,2025-04-01 05:15:00
OP115431,W0357,Morning,,40.0,1.0,2025-05-02 18:33:00
OP115432,W0346,Evening,B,43.0,1.0,2025-04-16 21:04:00
OP115433,W0486,Night,,41.0,1.0,2025-01-13 01:06:00
OP115434,W0399,,,3.0,,2025-05-29 15:50:00
OP115435,W0169,Evening,,34.0,2.0,2025-01-24 08:15:00
OP115436,W0042,,Z,,,2025-03-16 18:11:00
OP115437,W0079,,C,43.0,1.0,2025-02-27 09:40:00
OP115438,W0202,,B,45.0,,2025-05-01 23:06:00
OP115439,W0243,Evening,Z,43.0,,2025-03-21 15:03:00
OP115440,W0202,,E,2.0,0.0,2025-03-24 14:02:00
OP115441,W0500,,D,19.0,2.0,2025-05-24 03:30:00
OP115442,W0243,,A,29.0,0.0,2025-03-01 03:40:00
OP115443,W0097,Mornng,Z,1.0,2.0,2025-01-17 03:54:00
OP115444,W0050,Evening,E,28.0,1.0,2025-04-10 05:37:00
OP115445,W0158,,E,48.0,2.0,2025-01-12 20:08:00
OP115446,W0160,Morning,,9.0,0.0,2025-01-20 00:28:00
OP115447,W0212,Evening,A,36.0,0.0,2025-04-09 02:52:00
OP115448,W0337,Evening,D,44.0,,2025-05-28 08:17:00
OP115449,W0488,,Z,39.0,1.0,2025-06-28 07:02:00
OP115450,W0407,Morning,A,14.0,0.0,2025-05-18 09:20:00
OP115451,W0026,Mornng,,45.0,2.0,2025-05-07 07:41:00
OP115452,W0093,,C,19.0,,2025-03-19 03:33:00
OP115453,W0042,Evening,C,13.0,0.0,2025-02-25 18:27:00
OP115454,W0202,,A,19.0,,2025-01-08 19:51:00
OP115455,W0219,Evening,Z,41.0,,2025-04-22 07:46:00
OP115456,W0475,,Z,13.0,0.0,2025-03-03 04:04:00
OP115457,W0077,Mornng,C,36.0,2.0,2025-05-15 06:18:00
OP115458,W0209,Mornng,E,13.0,,2025-05-25 06:59:00
OP115459,W0058,Morning,C,0.0,2.0,2025-02-08 21:32:00
OP115460,W0229,Mornng,D,22.0,,2025-04-30 08:00:00
OP115461,W0044,Night,B,29.0,0.0,2025-03-10 00:41:00
OP115462,W0306,Night,,26.0,2.0,2025-03-23 05:58:00
OP115463,W0231,,D,27.0,2.0,2025-04-15 05:38:00
OP115464,W0268,Mornng,A,47.0,,2025-01-23 08:05:00
OP115465,W0492,,A,11.0,,2025-02-07 02:02:00
OP115466,W0244,Evening,,35.0,1.0,2025-01-31 20:17:00
OP115467,W0022,,C,3.0,,2025-02-24 13:27:00
OP115468,W0206,Morning,B,14.0,1.0,2025-06-08 17:55:00
OP115469,W0476,Mornng,,27.0,1.0,2025-06-06 08:33:00
OP115470,W0327,,,38.0,2.0,2025-03-17 16:33:00
OP115471,W0383,,E,25.0,2.0,2025-01-03 14:26:00
OP115472,W0258,,C,27.0,2.0,2025-03-18 02:27:00
OP115473,W0179,Morning,B,4.0,2.0,2025-05-20 00:36:00
OP115474,W0379,Evening,A,32.0,,2025-05-23 20:32:00
OP115475,W0220,Morning,D,35.0,0.0,2025-02-26 00:34:00
OP115476,W0122,,C,-5.0,1.0,2025-06-13 03:30:00
OP115477,W0238,Mornng,C,42.0,1.0,2025-01-06 12:26:00
OP115478,W0428,,,34.0,1.0,2025-05-02 21:59:00
OP115479,W0461,Evening,Z,14.0,,invalid_date
OP115480,W0136,,B,35.0,0.0,2025-05-20 19:00:00
OP115481,W0410,,,37.0,,2025-02-22 18:44:00
OP115482,W0290,Evening,C,30.0,1.0,2025-03-03 02:40:00
OP115483,W0372,,E,19.0,2.0,2025-02-05 19:07:00
OP115484,W0242,Night,B,23.0,1.0,2025-04-08 00:42:00
OP115485,W0112,,C,18.0,0.0,2025-01-10 01:28:00
OP115486,W0273,,B,32.0,0.0,2025-06-01 14:52:00
OP115487,W0298,Evening,A,13.0,2.0,2025-05-05 21:37:00
OP115488,W0141,Morning,D,-5.0,0.0,2025-03-16 13:18:00
OP115489,W0388,,,10.0,2.0,2025-06-03 02:37:00
OP115490,W0281,Night,C,0.0,1.0,2025-04-29 11:48:00
OP115491,W0145,Mornng,Z,46.0,2.0,2025-03-21 16:13:00
OP115492,W0173,Night,,24.0,2.0,2025-05-30 20:00:00
OP115493,W0230,Evening,,0.0,,2025-05-22 11:43:00
OP115494,W0191,Evening,B,36.0,,2025-03-18 22:32:00
OP115495,W0053,Mornng,,10.0,2.0,2025-03-31 02:26:00
OP115496,W0371,Mornng,C,18.0,1.0,2025-01-29 08:51:00
OP115497,W0302,Mornng,B,35.0,,2025-02-04 07:40:00
OP115498,W0420,Mornng,D,9.0,0.0,2025-04-03 13:53:00
OP115499,W0039,Morning,,0.0,2.0,2025-02-09 14:57:00
OP115500,W0094,,E,31.0,,2025-05-30 23:30:00
OP115501,W0155,Mornng,C,0.0,2.0,2025-04-09 05:49:00
OP115502,W0336,,C,37.0,,2025-06-15 15:32:00
OP115503,W0421,,C,43.0,,2025-01-13 09:02:00
OP115504,W0333,,D,38.0,,2025-05-04 15:37:00
OP115505,W0476,,,15.0,,2025-02-13 13:24:00
OP115506,W0292,Evening,C,18.0,1.0,2025-06-24 12:18:00
OP115507,W0350,Evening,,18.0,,2025-02-19 23:33:00
OP115508,W0412,Mornng,A,,1.0,2025-05-07 04:40:00
OP115509,W0191,,Z,0.0,,2025-04-22 08:08:00
OP115510,W0463,Night,Z,15.0,0.0,invalid_date
OP115511,W0001,Night,A,9.0,2.0,2025-02-21 06:46:00
OP115512,W0126,Night,B,16.0,1.0,2025-04-27 03:55:00
OP115513,W0321,Evening,B,11.0,2.0,2025-03-03 01:37:00
OP115514,W0312,Morning,,6.0,,2025-02-13 23:09:00
OP115515,W0227,,B,28.0,,2025-04-24 12:32:00
OP115516,W0257,Mornng,B,28.0,2.0,2025-02-14 16:18:00
OP115517,W0337,Morning,B,,1.0,2025-06-29 01:54:00
OP115518,W0344,Evening,E,34.0,2.0,2025-05-31 23:37:00
OP115519,W0403,Mornng,A,40.0,1.0,2025-04-28 00:47:00
OP115520,W0270,Morning,B,11.0,,2025-06-20 14:38:00
OP115521,W0348,Evening,D,42.0,,2025-01-28 09:19:00
OP115522,W0191,Morning,E,27.0,2.0,2025-01-05 06:57:00
OP115523,W0055,Morning,Z,32.0,,2025-04-11 14:32:00
OP115524,W0491,Night,Z,31.0,1.0,2025-01-08 13:33:00
OP115525,W0182,Mornng,,26.0,,2025-03-02 09:01:00
OP115526,W0180,,E,13.0,2.0,2025-04-24 05:05:00
OP115527,W0103,,Z,22.0,,2025-02-21 12:08:00
OP115528,W0106,,E,10.0,0.0,2025-01-01 16:31:00
OP115529,W0462,Mornng,A,4.0,0.0,2025-01-12 10:32:00
OP115530,W0001,Morning,C,36.0,,2025-01-26 20:40:00
OP115531,W0263,Morning,C,23.0,,2025-02-10 07:18:00
OP115532,W0108,,C,32.0,,2025-05-07 12:32:00
OP115533,W0223,Night,,37.0,0.0,2025-01-08 07:17:00
OP115534,W0499,,D,15.0,,2025-05-30 00:44:00
OP115535,W0269,Morning,A,16.0,0.0,2025-04-13 16:03:00
OP115536,W0138,,E,31.0,,2025-02-28 11:30:00
OP115537,W0356,Morning,C,18.0,1.0,2025-05-26 15:32:00
OP115538,W0275,Mornng,Z,34.0,,2025-03-06 03:16:00
OP115539,W0426,Mornng,,12.0,1.0,2025-06-03 20:47:00
OP115540,W0278,Morning,,23.0,1.0,2025-01-04 00:40:00
OP115541,W0212,Evening,Z,41.0,,2025-02-17 15:29:00
OP115542,W0342,Evening,C,8.0,,2025-03-13 00:36:00
OP115543,W0400,Morning,Z,27.0,1.0,2025-03-08 19:10:00
OP115544,W0085,,Z,8.0,,2025-04-10 04:04:00
OP115545,W0333,Mornng,E,29.0,2.0,2025-03-30 13:44:00
OP115546,W0193,Morning,D,36.0,0.0,2025-05-03 17:36:00
OP115547,W0223,Morning,C,24.0,,2025-03-02 15:20:00
OP115548,W0326,Morning,Z,10.0,,2025-03-13 06:35:00
OP115549,W0342,,E,9.0,1.0,2025-01-26 13:15:00
OP115550,W0232,Mornng,A,44.0,1.0,2025-01-15 16:54:00
OP115551,W0240,,Z,4.0,2.0,2025-04-29 11:32:00
OP115552,W0421,,Z,22.0,1.0,2025-06-15 20:46:00
OP115553,W0094,Mornng,A,34.0,2.0,2025-04-23 18:46:00
OP115554,W0432,Morning,E,25.0,1.0,2025-06-01 09:45:00
OP115555,W0486,Mornng,A,47.0,0.0,2025-02-15 08:42:00
OP115556,W0322,Mornng,Z,40.0,1.0,2025-02-28 19:47:00
OP115557,W0226,Mornng,A,8.0,1.0,2025-05-21 06:28:00
OP115558,W0457,,B,0.0,2.0,2025-04-19 17:53:00
OP115559,W0148,Morning,B,8.0,,2025-03-17 04:28:00
OP115560,W0453,Night,A,12.0,2.0,2025-06-06 09:09:00
OP115561,W0467,Night,D,18.0,,2025-05-29 07:50:00
OP115562,W0410,Morning,B,29.0,0.0,2025-04-23 06:03:00
OP115563,W0287,Evening,E,33.0,2.0,2025-05-12 02:36:00
OP115564,W0437,,A,17.0,,2025-01-01 15:59:00
OP115565,W0267,,C,45.0,2.0,2025-06-27 15:24:00
OP115566,W0029,Night,A,23.0,1.0,2025-03-11 21:11:00
OP115567,W0042,Morning,,48.0,2.0,invalid_date
OP115568,W0253,,C,29.0,,2025-05-15 17:51:00
OP115569,W0454,Mornng,D,3.0,,2025-03-17 02:47:00
OP115570,W0219,Evening,B,44.0,1.0,2025-06-12 01:40:00
OP115571,W0344,,A,35.0,1.0,2025-02-09 08:25:00
OP115572,W0039,Morning,D,33.0,2.0,2025-03-15 07:17:00
OP115573,W0272,,C,40.0,0.0,2025-04-06 17:01:00
OP115574,W0056,Morning,D,44.0,0.0,2025-01-16 12:29:00
OP115575,W0479,Night,A,37.0,0.0,2025-01-09 10:56:00
OP115576,W0262,,Z,8.0,0.0,2025-02-07 02:23:00
OP115577,W0266,Night,E,35.0,1.0,2025-02-27 07:01:00
OP115578,W0193,Morning,C,0.0,,2025-02-20 07:23:00
OP115579,W0154,,B,23.0,1.0,2025-04-02 07:45:00
OP115580,W0366,Evening,D,4.0,2.0,2025-06-11 02:04:00
OP115581,W0012,Evening,E,9.0,2.0,2025-02-06 01:29:00
OP115582,W0075,,C,3.0,0.0,2025-06-12 08:40:00
OP115583,W0453,Mornng,,15.0,2.0,2025-06-12 15:37:00
OP115584,W0344,Night,,41.0,0.0,2025-06-14 05:13:00
OP115585,W0019,,,35.0,,2025-03-16 02:28:00
OP115586,W0475,Morning,E,37.0,,2025-03-12 05:28:00
OP115587,W0266,Mornng,D,41.0,,2025-04-18 23:00:00
OP115588,W0030,,,36.0,,2025-03-14 17:54:00
OP115589,W0006,Morning,E,30.0,0.0,2025-04-26 07:59:00
OP115590,W0127,Morning,A,21.0,2.0,2025-02-23 01:12:00
OP115591,W0177,Morning,,30.0,,2025-05-01 11:38:00
OP115592,W0345,Evening,Z,,0.0,2025-04-05 04:54:00
OP115593,W0013,Morning,Z,1.0,,2025-04-21 20:36:00
OP115594,W0155,Mornng,A,13.0,,2025-01-02 23:44:00
OP115595,W0342,,E,41.0,0.0,2025-02-10 13:41:00
OP115596,W0105,,C,26.0,,2025-02-21 09:28:00
OP115597,W0469,Evening,B,18.0,0.0,2025-06-28 18:47:00
OP115598,W0330,Evening,,21.0,2.0,2025-02-24 22:25:00
OP115599,W0189,Evening,E,3.0,0.0,2025-01-03 12:53:00
OP115600,W0487,,A,21.0,,2025-05-01 22:20:00
OP115601,W0415,Night,,48.0,1.0,2025-05-27 10:03:00
OP115602,W0294,Mornng,Z,19.0,1.0,2025-05-24 15:46:00
OP115603,W0361,,D,33.0,1.0,2025-04-17 04:07:00
OP115604,W0426,,B,17.0,2.0,2025-05-04 07:42:00
OP115605,W0082,Mornng,,45.0,2.0,2025-03-04 10:46:00
OP115606,W0102,Evening,B,49.0,,2025-04-13 19:35:00
OP115607,W0024,,A,38.0,0.0,2025-03-23 05:44:00
OP115608,W0285,Evening,C,17.0,,2025-02-05 08:50:00
OP115609,W0446,Night,D,23.0,1.0,2025-06-15 10:20:00
OP115610,W0134,Night,B,42.0,2.0,2025-04-14 16:23:00
OP115611,W0087,,C,28.0,1.0,2025-03-02 17:55:00
OP115612,W0354,Night,Z,8.0,,2025-01-08 04:05:00
OP115613,W0341,Morning,A,41.0,0.0,2025-01-31 22:54:00
OP115614,W0230,Night,,,1.0,invalid_date
OP115615,W0397,,E,34.0,0.0,2025-02-04 09:52:00
OP115616,W0498,Evening,B,26.0,,2025-03-21 22:14:00
OP115617,W0323,Night,C,11.0,,2025-02-26 05:06:00
OP115618,W0310,Night,E,26.0,,2025-06-11 14:06:00
OP115619,W0227,,B,41.0,1.0,2025-03-06 17:49:00
OP115620,W0225,,B,49.0,2.0,2025-02-09 03:12:00
OP115621,W0003,Mornng,B,11.0,1.0,2025-01-07 08:11:00
OP115622,W0267,Mornng,C,4.0,1.0,2025-06-05 05:44:00
OP115623,W0351,Morning,,3.0,1.0,2025-02-28 18:33:00
OP115624,W0465,Morning,A,33.0,,2025-02-14 21:10:00
OP115625,W0387,,D,39.0,,2025-01-23 08:22:00
OP115626,W0226,,B,4.0,,2025-03-02 17:21:00
OP115627,W0256,Morning,A,12.0,0.0,2025-03-31 00:28:00
OP115628,W0481,Night,B,33.0,1.0,2025-05-20 22:03:00
OP115629,W0232,Night,A,43.0,2.0,2025-03-27 10:51:00
OP115630,W0124,Mornng,D,34.0,0.0,2025-02-24 17:08:00
OP115631,W0336,Evening,,18.0,2.0,2025-02-28 17:46:00
OP115632,W0031,Morning,D,29.0,2.0,2025-01-14 06:55:00
OP115633,W0321,,C,12.0,1.0,2025-06-17 13:53:00
OP115634,W0169,Night,,14.0,2.0,2025-03-23 07:02:00
OP115635,W0385,,A,5.0,2.0,2025-06-03 08:40:00
OP115636,W0049,Evening,A,22.0,0.0,2025-06-07 07:19:00
OP115637,W0489,Morning,A,2.0,1.0,2025-06-06 21:52:00
OP115638,W0462,,,36.0,2.0,2025-04-25 08:05:00
OP115639,W0213,Morning,,1.0,1.0,2025-04-24 01:37:00
OP115640,W0293,Evening,D,7.0,,2025-04-11 09:05:00
OP115641,W0456,Mornng,,32.0,1.0,2025-01-31 04:36:00
OP115642,W0061,Morning,D,40.0,0.0,2025-05-06 09:37:00
OP115643,W0143,Evening,E,34.0,,2025-06-07 18:26:00
OP115644,W0165,Mornng,B,3.0,0.0,2025-03-20 19:12:00
OP115645,W0495,,E,6.0,0.0,2025-05-18 11:20:00
OP115646,W0051,Evening,D,36.0,1.0,2025-03-25 02:25:00
OP115647,W0239,,Z,4.0,1.0,2025-03-17 13:25:00
OP115648,W0279,,A,39.0,,2025-02-20 13:11:00
OP115649,W0128,,C,11.0,2.0,2025-02-08 05:16:00
OP115650,W0058,Night,B,48.0,2.0,2025-05-11 00:04:00
OP115651,W0011,Morning,,28.0,0.0,2025-06-07 23:41:00
OP115652,W0471,Mornng,D,41.0,2.0,2025-01-26 13:24:00
OP115653,W0303,Night,D,23.0,,2025-05-31 04:03:00
OP115654,W0132,Night,Z,48.0,2.0,2025-01-16 08:14:00
OP115655,W0026,Morning,Z,47.0,0.0,2025-06-17 03:14:00
OP115656,W0327,,C,41.0,,2025-01-15 04:27:00
OP115657,W0098,Morning,A,10.0,0.0,2025-03-19 10:11:00
OP115658,W0475,Mornng,Z,42.0,,invalid_date
OP115659,W0418,Evening,C,31.0,1.0,2025-04-02 10:17:00
OP115660,W0117,Evening,Z,30.0,1.0,2025-05-22 11:28:00
OP115661,W0180,Morning,C,-5.0,2.0,2025-05-24 07:30:00
OP115662,W0343,,A,15.0,0.0,2025-01-15 18:28:00
OP115663,W0205,Mornng,D,17.0,1.0,2025-05-08 17:51:00
OP115664,W0158,Evening,Z,13.0,1.0,2025-01-25 14:06:00
OP115665,W0370,Evening,A,37.0,,2025-02-09 13:46:00
OP115666,W0446,,D,7.0,2.0,2025-01-03 17:06:00
OP115667,W0418,Mornng,D,15.0,,2025-06-07 05:04:00
OP115668,W0118,Mornng,,47.0,0.0,2025-01-05 15:03:00
OP115669,W0036,Morning,,13.0,1.0,2025-01-31 19:03:00
OP115670,W0158,,A,41.0,,2025-04-10 00:08:00
OP115671,W0101,Night,A,0.0,,2025-06-19 10:21:00
OP115672,W0387,Mornng,B,10.0,1.0,2025-02-15 13:25:00
OP115673,W0418,Morning,C,34.0,2.0,2025-01-31 02:08:00
OP115674,W0159,Morning,,15.0,1.0,2025-01-04 11:32:00
OP115675,W0097,,D,9.0,,2025-02-09 16:22:00
OP115676,W0047,Morning,,41.0,,2025-01-03 04:47:00
OP115677,W0373,Night,A,5.0,0.0,2025-04-15 11:49:00
OP115678,W0228,Night,D,25.0,,2025-03-12 07:50:00
OP115679,W0086,,A,38.0,1.0,2025-06-18 06:49:00
OP115680,W0468,Morning,,29.0,,2025-02-10 01:26:00
OP115681,W0261,Morning,,5.0,2.0,2025-02-21 21:31:00
OP115682,W0199,,,33.0,0.0,2025-03-31 08:52:00
OP115683,W0150,Evening,C,18.0,,2025-02-28 21:03:00
OP115684,W0207,Night,,4.0,,2025-01-02 19:40:00
OP115685,W0101,Night,Z,20.0,2.0,2025-03-13 16:08:00
OP115686,W0385,Night,D,0.0,,2025-03-10 18:57:00
OP115687,W0425,,C,35.0,,2025-04-19 15:39:00
OP115688,W0181,,C,11.0,0.0,2025-03-20 03:48:00
OP115689,W0318,Evening,Z,38.0,,2025-03-12 04:43:00
OP115690,W0321,Night,A,20.0,1.0,2025-01-31 23:17:00
OP115691,W0414,,D,30.0,0.0,2025-06-28 18:52:00
OP115692,W0310,Evening,D,-5.0,1.0,2025-04-14 04:39:00
OP115693,W0351,Evening,C,25.0,0.0,2025-04-11 17:15:00
OP115694,W0252,,E,40.0,,2025-01-28 16:20:00
OP115695,W0089,Evening,,4.0,0.0,2025-04-08 23:57:00
OP115696,W0433,Morning,B,1.0,1.0,2025-04-01 14:04:00
OP115697,W0280,Night,C,33.0,2.0,2025-02-08 07:59:00
OP115698,W0081,Morning,B,31.0,,2025-02-13 02:57:00
OP115699,W0262,,A,33.0,2.0,2025-04-25 04:52:00
OP115700,W0333,Morning,Z,46.0,,2025-04-14 17:13:00
OP115701,W0003,Morning,Z,21.0,2.0,2025-01-24 22:14:00
OP115702,W0293,,A,35.0,0.0,2025-03-13 14:44:00
OP115703,W0362,Morning,D,26.0,0.0,2025-05-07 13:37:00
OP115704,,Night,,28.0,,2025-02-17 23:33:00
OP115705,W0121,Evening,Z,30.0,1.0,2025-04-02 06:14:00
OP115706,W0365,Morning,C,10.0,,2025-02-10 05:24:00
OP115707,W0045,,Z,25.0,,2025-06-12 15:45:00
OP115708,W0243,Night,A,10.0,0.0,2025-02-25 20:12:00
OP115709,W0401,,A,15.0,2.0,2025-05-12 05:14:00
OP115710,W0203,Evening,A,36.0,1.0,2025-03-20 11:08:00
OP115711,W0043,Mornng,A,22.0,2.0,2025-06-16 00:33:00
OP115712,W9999,Night,E,46.0,1.0,2025-06-19 11:47:00
OP115713,W0404,Evening,E,26.0,0.0,2025-01-17 06:18:00
OP115714,W0194,Night,E,10.0,1.0,2025-03-05 16:52:00
OP115715,W0046,,B,,2.0,2025-03-10 01:29:00
OP115716,W0326,,E,24.0,1.0,2025-03-04 20:12:00
OP115717,W0403,,E,28.0,,2025-06-22 13:19:00
OP115718,W0251,,E,0.0,2.0,2025-01-01 18:24:00
OP115719,W0291,,B,8.0,0.0,2025-01-14 14:44:00
OP115720,W0185,,E,6.0,1.0,2025-02-25 05:28:00
OP115721,W0429,Morning,E,22.0,,2025-01-29 20:01:00
OP115722,W0035,Morning,C,9.0,0.0,2025-06-17 07:50:00
OP115723,W0360,,E,8.0,0.0,2025-05-18 08:53:00
OP115724,W0310,Morning,D,1.0,1.0,2025-02-16 15:55:00
OP115725,W0228,,Z,23.0,2.0,2025-01-23 19:12:00
OP115726,W0359,Evening,Z,5.0,0.0,2025-02-23 17:40:00
OP115727,W0469,,B,17.0,0.0,2025-03-09 02:31:00
OP115728,W0033,Evening,C,1.0,0.0,2025-06-02 13:37:00
OP115729,W0032,Night,D,2.0,2.0,2025-01-25 19:24:00
OP115730,W0399,Morning,Z,25.0,2.0,2025-03-28 21:36:00
OP115731,W0253,,B,29.0,2.0,2025-01-19 11:39:00
OP115732,W0184,Morning,Z,49.0,1.0,2025-01-11 18:17:00
OP115733,W0119,,C,-5.0,,2025-02-28 23:22:00
OP115734,W0136,Night,E,25.0,2.0,2025-01-01 17:18:00
OP115735,W0464,,,19.0,1.0,2025-06-22 10:42:00
OP115736,W0117,Evening,A,21.0,2.0,2025-04-21 16:17:00
OP115737,W0257,Night,B,16.0,0.0,2025-01-10 19:37:00
OP115738,W0310,,E,,,2025-05-05 19:53:00
OP115739,W0253,Night,B,10.0,0.0,2025-02-21 00:40:00
OP115740,W0464,Night,,-5.0,2.0,2025-06-29 11:03:00
OP115741,W0461,,E,14.0,,2025-01-02 03:47:00
OP115742,W0393,Morning,,19.0,2.0,2025-06-18 12:30:00
OP115743,W0053,,Z,4.0,1.0,2025-05-06 01:39:00
OP115744,W0139,,,5.0,0.0,2025-03-18 15:44:00
OP115745,W0125,Evening,B,0.0,1.0,2025-05-22 16:51:00
OP115746,W0428,Night,C,31.0,,2025-06-01 15:34:00
OP115747,W0030,Night,,33.0,2.0,2025-04-19 01:13:00
OP115748,W0280,Mornng,E,37.0,0.0,2025-06-24 07:21:00
OP115749,W0057,,D,,0.0,2025-04-08 05:40:00
OP115750,W0374,,D,48.0,1.0,2025-03-29 08:00:00
OP115751,W0185,,C,39.0,,2025-06-07 00:23:00
OP115752,W0303,Evening,B,42.0,2.0,2025-01-08 09:12:00
OP115753,W0140,,D,27.0,0.0,2025-05-22 07:59:00
OP115754,W0188,Evening,C,47.0,1.0,2025-03-31 16:05:00
OP115755,W0397,Morning,Z,9.0,0.0,2025-05-31 06:58:00
OP115756,W0169,Evening,B,44.0,0.0,2025-05-04 06:16:00
OP115757,W0298,Night,C,12.0,0.0,2025-06-04 20:40:00
OP115758,W0161,Night,E,34.0,2.0,2025-06-01 21:45:00
OP115759,W0481,Night,A,31.0,0.0,2025-01-14 00:23:00
OP115760,W0136,Evening,A,9.0,1.0,2025-05-11 09:18:00
OP115761,W0159,,A,15.0,0.0,2025-01-11 02:00:00
OP115762,W0396,Morning,C,44.0,,2025-06-02 21:17:00
OP115763,W0244,,,20.0,2.0,2025-04-17 07:54:00
OP115764,W0321,,C,31.0,,2025-06-04 12:42:00
OP115765,W0160,Night,C,16.0,2.0,2025-04-25 06:20:00
OP115766,W0028,Mornng,,14.0,,2025-05-22 11:14:00
OP115767,W0267,Mornng,Z,12.0,1.0,2025-02-13 04:02:00
OP115768,W0446,Evening,A,45.0,1.0,2025-02-17 00:13:00
OP115769,W0061,Night,D,24.0,2.0,2025-06-27 22:10:00
OP115770,W0249,Mornng,Z,17.0,1.0,2025-03-05 20:43:00
OP115771,W0259,Night,B,39.0,,2025-04-09 14:22:00
OP115772,W0075,,A,18.0,,2025-05-03 02:05:00
OP115773,W0380,Night,D,42.0,,2025-02-21 20:13:00
OP115774,W0487,,C,36.0,,2025-01-02 18:09:00
OP115775,W0014,Mornng,Z,22.0,,2025-03-10 13:40:00
OP115776,W0265,,C,-5.0,2.0,2025-02-26 20:18:00
OP115777,W0046,Mornng,E,6.0,0.0,2025-01-16 09:50:00
OP115778,W0198,Night,A,0.0,,2025-06-21 07:39:00
OP115779,W0245,Night,Z,38.0,1.0,2025-05-21 12:17:00
OP115780,W0337,Mornng,,21.0,2.0,2025-03-26 17:25:00
OP115781,W0007,Evening,B,39.0,1.0,2025-03-30 23:10:00
OP115782,W0430,Evening,C,25.0,,2025-02-10 13:03:00
OP115783,W0148,,A,44.0,2.0,2025-01-14 07:35:00
OP115784,W0155,Evening,B,47.0,2.0,2025-04-27 15:33:00
OP115785,W0168,Evening,Z,26.0,1.0,2025-03-05 14:47:00
OP115786,W0047,,D,18.0,,2025-03-08 07:32:00
OP115787,W0264,Night,,10.0,,2025-04-04 23:26:00
OP115788,W0059,Morning,Z,35.0,1.0,2025-05-11 00:19:00
OP115789,W0281,Evening,E,47.0,0.0,2025-04-20 23:09:00
OP115790,W0127,Evening,E,9.0,0.0,2025-05-09 04:44:00
OP115791,W0229,Morning,E,38.0,2.0,2025-02-14 21:21:00
OP115792,W0178,Night,,29.0,0.0,2025-02-12 15:30:00
OP115793,W0065,,B,15.0,2.0,2025-02-02 23:54:00
OP115794,W0150,,B,8.0,,2025-04-08 18:03:00
OP115795,W0026,Mornng,C,35.0,2.0,2025-04-12 06:05:00
OP115796,W0469,,,40.0,1.0,2025-01-04 02:13:00
OP115797,W0176,Mornng,A,12.0,0.0,2025-04-10 09:13:00
OP115798,W0003,Night,C,28.0,1.0,2025-06-14 22:37:00
OP115799,W0358,,A,48.0,2.0,2025-06-08 18:42:00
OP115800,W0055,Evening,E,41.0,1.0,2025-01-30 18:51:00
OP115801,W0033,,Z,10.0,0.0,2025-05-06 04:56:00
OP115802,W0308,Evening,A,23.0,,2025-02-11 20:33:00
OP115803,W0174,Mornng,B,9.0,0.0,invalid_date
OP115804,W0326,Mornng,D,15.0,2.0,2025-02-03 14:06:00
OP115805,W0446,Mornng,,3.0,0.0,2025-03-14 13:18:00
OP115806,W0023,Evening,A,18.0,0.0,2025-01-26 01:55:00
OP115807,W0244,Evening,D,30.0,2.0,2025-06-07 23:09:00
OP115808,W0271,,Z,16.0,,2025-01-16 19:50:00
OP115809,W0282,Night,D,11.0,1.0,2025-06-11 04:41:00
OP115810,W0308,Evening,Z,20.0,2.0,2025-04-14 20:26:00
OP115811,W0212,,Z,21.0,1.0,2025-04-26 16:45:00
OP115812,W0256,Evening,E,46.0,2.0,2025-03-27 06:35:00
OP115813,,Morning,,41.0,0.0,2025-02-24 21:35:00
OP115814,W0293,Evening,C,33.0,,2025-06-10 04:56:00
OP115815,W0224,Night,,42.0,0.0,2025-02-01 12:51:00
OP115816,W0484,Mornng,B,44.0,2.0,2025-04-29 11:06:00
OP115817,W0379,Evening,D,17.0,,2025-02-21 11:59:00
OP115818,W0236,,D,4.0,2.0,2025-01-27 18:41:00
OP115819,W0206,,Z,15.0,2.0,2025-01-30 03:04:00
OP115820,W0430,Mornng,Z,10.0,0.0,2025-06-27 15:02:00
OP115821,W0355,Mornng,Z,38.0,0.0,2025-05-26 11:08:00
OP115822,W0280,Night,Z,13.0,0.0,2025-03-13 19:18:00
OP115823,W0079,,A,2.0,1.0,2025-06-19 02:16:00
OP115824,W0305,Evening,E,48.0,,2025-02-05 09:14:00
OP115825,W0290,Night,,10.0,,2025-04-01 20:44:00
OP115826,W0324,Mornng,A,25.0,0.0,2025-04-18 04:28:00
OP115827,W0460,Morning,A,14.0,0.0,2025-01-12 23:19:00
OP115828,W0037,,A,23.0,1.0,2025-02-17 05:01:00
OP115829,W0336,Morning,C,9.0,,2025-03-25 17:38:00
OP115830,W0150,Evening,E,,0.0,2025-02-28 23:30:00
OP115831,W0110,Evening,E,27.0,2.0,2025-05-09 20:19:00
OP115832,W0211,Night,,31.0,2.0,2025-02-21 08:01:00
OP115833,W0472,Morning,D,-5.0,2.0,invalid_date
OP115834,W0419,Night,Z,45.0,1.0,2025-02-20 14:13:00
OP115835,W0333,Morning,,35.0,0.0,2025-03-16 21:34:00
OP115836,W0443,Morning,Z,0.0,2.0,2025-05-30 18:41:00
OP115837,W0005,,Z,41.0,0.0,2025-01-03 05:15:00
OP115838,W0309,,,13.0,0.0,2025-05-07 08:24:00
OP115839,W0136,Night,Z,16.0,0.0,2025-03-19 07:43:00
OP115840,W0406,Mornng,Z,43.0,1.0,2025-01-17 20:50:00
OP115841,W0106,Evening,C,19.0,1.0,2025-04-23 10:34:00
OP115842,W0269,Morning,B,3.0,0.0,2025-01-23 01:07:00
OP115843,W0458,Mornng,C,23.0,,2025-05-05 05:42:00
OP115844,W0122,,,9.0,0.0,2025-03-08 11:39:00
OP115845,W0185,,E,9.0,1.0,2025-01-29 16:09:00
OP115846,W0360,Morning,Z,12.0,1.0,2025-03-19 08:38:00
OP115847,W0008,Night,A,14.0,1.0,2025-02-12 09:47:00
OP115848,W0106,Mornng,A,12.0,1.0,2025-05-18 09:38:00
OP115849,W0332,Mornng,Z,21.0,,2025-06-29 14:17:00
OP115850,W0224,,C,26.0,,2025-01-06 16:35:00
OP115851,W0148,Evening,A,29.0,0.0,2025-06-04 00:48:00
OP115852,W0285,Morning,,24.0,1.0,2025-03-01 16:27:00
OP115853,W0220,Morning,D,24.0,2.0,2025-05-20 03:12:00
OP115854,W0268,,Z,30.0,0.0,2025-03-19 17:04:00
OP115855,W0449,Night,E,5.0,,2025-06-07 17:25:00
OP115856,W0094,Morning,E,31.0,,2025-06-04 03:32:00
OP115857,W0455,Mornng,D,12.0,1.0,2025-05-18 16:55:00
OP115858,W0184,,,,0.0,2025-01-17 13:01:00
OP115859,W0425,Mornng,,23.0,0.0,2025-02-19 23:58:00
OP115860,W0001,,D,13.0,1.0,2025-03-15 01:55:00
OP115861,W0020,,C,25.0,1.0,2025-04-07 20:03:00
OP115862,W0261,Night,B,24.0,1.0,2025-05-26 11:09:00
OP115863,W0481,Mornng,D,33.0,1.0,2025-04-28 02:25:00
OP115864,W0250,Night,A,10.0,0.0,2025-02-15 15:36:00
OP115865,W0404,,C,23.0,2.0,2025-05-19 21:01:00
OP115866,W0142,,Z,14.0,0.0,2025-01-10 07:21:00
OP115867,W0500,Mornng,B,31.0,1.0,2025-06-12 04:17:00
OP115868,W0355,Morning,E,24.0,0.0,2025-03-24 00:09:00
OP115869,W0041,Mornng,Z,16.0,,2025-01-01 14:42:00
OP115870,W0149,Morning,C,13.0,0.0,2025-02-07 15:35:00
OP115871,W0103,Evening,,18.0,1.0,2025-06-09 11:57:00
OP115872,W0189,,D,49.0,0.0,2025-03-29 13:10:00
OP115873,W0325,Evening,,21.0,2.0,2025-03-01 15:29:00
OP115874,W0367,,E,6.0,0.0,2025-05-20 07:16:00
OP115875,W0002,Evening,D,-5.0,,2025-05-28 05:22:00
OP115876,W0104,,,31.0,1.0,2025-04-20 22:44:00
OP115877,W0264,,Z,15.0,2.0,2025-04-09 22:39:00
OP115878,W0267,Evening,,8.0,2.0,2025-02-11 17:56:00
OP115879,W0172,Night,A,15.0,,2025-06-23 22:54:00
OP115880,W0266,Evening,C,23.0,2.0,2025-02-08 21:59:00
OP115881,W0299,,A,6.0,2.0,2025-05-30 09:37:00
OP115882,W0284,,B,6.0,2.0,2025-05-27 02:40:00
OP115883,W0443,Evening,B,1.0,1.0,2025-04-20 18:58:00
OP115884,W0444,Morning,Z,0.0,2.0,2025-05-15 19:03:00
OP115885,W0358,,B,2.0,1.0,2025-04-14 01:19:00
OP115886,W0102,,B,23.0,1.0,2025-03-23 19:16:00
OP115887,W0340,,Z,47.0,1.0,2025-06-06 07:53:00
OP115888,W0272,Mornng,A,49.0,0.0,2025-03-28 16:10:00
OP115889,W0466,Mornng,D,43.0,0.0,2025-04-04 15:44:00
OP115890,W0221,Morning,C,30.0,,2025-04-17 19:13:00
OP115891,W0468,Night,D,34.0,,2025-05-30 12:50:00
OP115892,W0490,,A,38.0,2.0,2025-04-11 23:35:00
OP115893,W0473,Night,C,35.0,1.0,2025-03-20 15:30:00
OP115894,W0456,Morning,C,5.0,1.0,2025-04-15 05:06:00
OP115895,W0283,Evening,C,46.0,2.0,2025-05-28 09:42:00
OP115896,W0485,Evening,,1.0,0.0,2025-01-10 04:27:00
OP115897,W0195,Mornng,B,11.0,1.0,2025-01-29 05:45:00
OP115898,W0157,Night,,39.0,2.0,2025-01-19 06:09:00
OP115899,W0493,Evening,B,23.0,2.0,2025-02-05 06:20:00
OP115900,W0091,Mornng,Z,39.0,0.0,2025-04-03 01:30:00
OP115901,W0212,,D,43.0,0.0,2025-01-08 01:49:00
OP115902,W0096,Night,Z,6.0,0.0,2025-06-14 07:57:00
OP115903,W0061,Evening,A,0.0,2.0,2025-06-08 08:50:00
OP115904,W0277,Evening,Z,2.0,0.0,2025-06-16 05:53:00
OP115905,W0043,,A,3.0,,2025-04-12 22:22:00
OP115906,W0165,Evening,C,37.0,0.0,2025-01-30 20:58:00
OP115907,W0046,,D,30.0,,2025-03-06 04:26:00
OP115908,W0008,Mornng,A,39.0,0.0,2025-02-04 01:10:00
OP115909,W0275,Night,A,38.0,0.0,2025-01-21 10:34:00
OP115910,W0069,,D,5.0,0.0,2025-04-20 07:01:00
OP115911,W0204,,A,29.0,0.0,2025-05-02 17:15:00
OP115912,W0130,Evening,E,40.0,1.0,2025-04-16 15:23:00
OP115913,W0213,Morning,C,10.0,2.0,2025-04-23 15:42:00
OP115914,W0447,,,48.0,0.0,2025-01-07 12:37:00
OP115915,W0470,,A,39.0,2.0,2025-03-19 00:13:00
OP115916,W0441,,C,39.0,,2025-04-10 03:23:00
OP115917,W0420,Mornng,A,35.0,0.0,2025-04-15 03:49:00
OP115918,W0280,,,27.0,,2025-03-15 16:51:00
OP115919,W0144,,,11.0,0.0,2025-02-26 01:20:00
OP115920,W0328,Mornng,A,46.0,2.0,2025-04-28 23:47:00
OP115921,W0167,,C,49.0,2.0,2025-03-29 06:17:00
OP115922,W0399,Night,,0.0,1.0,2025-01-29 19:42:00
OP115923,W0104,Morning,C,3.0,2.0,2025-05-01 20:25:00
OP115924,W0085,,A,1.0,0.0,2025-06-28 17:13:00
OP115925,W0465,,D,40.0,0.0,2025-06-29 02:31:00
OP115926,W0079,Morning,D,45.0,0.0,2025-03-11 01:27:00
OP115927,W0299,,Z,44.0,,2025-06-24 05:51:00
OP115928,W0443,Night,E,7.0,1.0,2025-04-01 11:03:00
OP115929,W0027,Mornng,D,9.0,,2025-02-22 19:47:00
OP115930,W0216,,C,35.0,,2025-05-09 01:32:00
OP115931,W0417,Mornng,E,1.0,2.0,2025-01-07 01:55:00
OP115932,W0088,,A,29.0,2.0,2025-06-10 23:41:00
OP115933,W0124,,,44.0,1.0,2025-05-27 14:19:00
OP115934,W0236,Morning,A,20.0,0.0,2025-05-12 03:52:00
OP115935,W0285,,D,42.0,,2025-05-16 08:35:00
OP115936,W0198,,Z,19.0,2.0,2025-02-03 07:52:00
OP115937,W0430,Mornng,Z,8.0,2.0,2025-03-05 12:58:00
OP115938,W0471,,D,9.0,1.0,2025-03-14 22:51:00
OP115939,W0384,,Z,14.0,1.0,2025-01-24 12:16:00
OP115940,W0356,,A,14.0,,2025-03-08 21:39:00
OP115941,W0425,Morning,,1.0,1.0,2025-01-02 19:25:00
OP115942,W0218,,C,47.0,1.0,2025-02-17 07:50:00
OP115943,W0403,Evening,D,15.0,,2025-01-01 05:56:00
OP115944,W0050,,A,-5.0,2.0,2025-03-06 01:21:00
OP115945,W0004,,B,9.0,,2025-05-15 05:38:00
OP115946,W0021,Evening,D,39.0,,2025-05-31 20:56:00
OP115947,W0412,,E,47.0,0.0,2025-03-18 17:29:00
OP115948,W0269,,A,13.0,1.0,2025-03-05 21:07:00
OP115949,W0222,Mornng,B,46.0,1.0,2025-03-02 19:48:00
OP115950,W0236,Evening,,39.0,1.0,2025-01-02 11:42:00
OP115951,W0468,Evening,C,45.0,0.0,2025-01-24 14:41:00
OP115952,W0054,Night,A,21.0,1.0,2025-03-21 15:56:00
OP115953,W0337,Evening,C,20.0,1.0,2025-04-16 11:23:00
OP115954,W0452,Morning,D,3.0,2.0,2025-03-22 13:40:00
OP115955,W0085,Morning,A,36.0,,2025-01-21 12:55:00
OP115956,W0156,Evening,C,30.0,2.0,2025-02-22 00:56:00
OP115957,W0386,Morning,Z,5.0,0.0,2025-03-21 01:28:00
OP115958,W0327,Night,B,,1.0,2025-01-02 07:13:00
OP115959,W0458,,,40.0,0.0,2025-02-08 02:02:00
OP115960,W0215,,B,0.0,1.0,2025-05-10 19:39:00
OP115961,W0218,Morning,E,49.0,0.0,2025-03-21 12:23:00
OP115962,W0320,Evening,Z,34.0,2.0,2025-03-25 05:25:00
OP115963,W0451,Night,Z,27.0,1.0,2025-04-07 05:13:00
OP115964,W0119,Night,,46.0,2.0,2025-06-26 09:14:00
OP115965,W0233,Morning,B,35.0,,2025-05-24 14:20:00
OP115966,W0198,Morning,C,17.0,,2025-04-03 05:00:00
OP115967,W0214,Night,C,37.0,0.0,2025-03-03 11:20:00
OP115968,W0078,Night,E,22.0,,2025-06-15 04:39:00
OP115969,W0215,Mornng,Z,33.0,,2025-06-12 20:23:00
OP115970,W0342,,E,32.0,2.0,2025-02-27 11:39:00
OP115971,W0271,Evening,D,1.0,0.0,2025-01-17 12:00:00
OP115972,W0379,,,22.0,1.0,2025-06-09 02:18:00
OP115973,W0500,,B,32.0,1.0,2025-06-25 17:10:00
OP115974,W0341,Mornng,B,42.0,1.0,2025-06-28 05:21:00
OP115975,W0136,,C,32.0,0.0,2025-05-17 12:28:00
OP115976,W0373,,B,-5.0,,2025-02-27 19:58:00
OP115977,W0182,Evening,A,11.0,2.0,2025-03-19 21:28:00
OP115978,W0327,Mornng,A,46.0,2.0,2025-06-27 22:30:00
OP115979,W0226,Morning,D,3.0,0.0,2025-04-11 15:24:00
OP115980,W0183,Mornng,A,37.0,,2025-05-17 14:16:00
OP115981,W0085,Evening,A,40.0,,2025-04-22 07:24:00
OP115982,W0074,,E,5.0,1.0,2025-06-08 12:59:00
OP115983,W0190,Evening,B,32.0,,2025-02-27 14:44:00
OP115984,W0456,Morning,E,23.0,2.0,2025-02-17 17:00:00
OP115985,W0390,Night,,35.0,,2025-02-18 11:23:00
OP115986,W0315,Morning,Z,6.0,1.0,2025-06-25 22:10:00
OP115987,W0366,Mornng,C,7.0,2.0,2025-04-18 15:02:00
OP115988,W0442,Night,B,3.0,0.0,2025-04-07 21:33:00
OP115989,W0450,,D,29.0,,2025-01-21 07:34:00
OP115990,W0286,Evening,E,22.0,2.0,2025-01-07 23:25:00
OP115991,W0362,Morning,Z,33.0,2.0,2025-02-14 04:12:00
OP115992,W0375,Night,,31.0,0.0,2025-05-27 09:14:00
OP115993,W0195,Evening,E,41.0,0.0,2025-05-29 08:21:00
OP115994,W0315,Evening,E,16.0,1.0,2025-04-19 18:09:00
OP115995,W0030,Morning,B,21.0,2.0,2025-05-12 23:17:00
OP115996,W0071,Morning,Z,17.0,2.0,2025-03-28 15:49:00
OP115997,W0218,Morning,E,33.0,1.0,2025-03-18 14:54:00
OP115998,W0202,Morning,,20.0,2.0,2025-01-10 09:23:00
OP115999,W0085,Morning,A,22.0,1.0,2025-03-24 07:27:00
OP116000,W0140,Evening,B,8.0,2.0,2025-06-20 03:35:00
OP116001,W0059,,E,16.0,0.0,2025-02-22 21:53:00
OP116002,W0237,Mornng,E,28.0,0.0,2025-01-24 09:52:00
OP116003,W0008,,C,13.0,2.0,2025-04-05 15:03:00
OP116004,W0071,,C,29.0,,2025-06-18 04:44:00
OP116005,W0346,Evening,C,46.0,1.0,2025-02-08 01:55:00
OP116006,W0089,Morning,B,41.0,0.0,2025-03-29 02:00:00
OP116007,W0055,,B,6.0,,2025-05-28 00:39:00
OP116008,W0046,Evening,A,,2.0,2025-05-05 16:30:00
OP116009,W0318,,Z,28.0,2.0,invalid_date
OP116010,W0453,Night,B,33.0,1.0,2025-04-30 20:58:00
OP116011,W0444,,A,5.0,0.0,2025-05-29 23:41:00
OP116012,W0362,Mornng,Z,27.0,1.0,2025-01-31 06:39:00
OP116013,W0294,Evening,Z,15.0,2.0,2025-03-23 05:05:00
OP116014,W0244,,D,28.0,0.0,2025-03-23 17:52:00
OP116015,W0382,Mornng,Z,18.0,1.0,2025-04-14 10:49:00
OP116016,W0022,Evening,D,-5.0,1.0,2025-01-08 08:56:00
OP116017,W0342,Evening,,49.0,,2025-06-11 11:39:00
OP116018,W0383,,C,47.0,,2025-04-26 06:54:00
OP116019,W0079,,B,21.0,0.0,2025-02-02 13:32:00
OP116020,W0362,,C,48.0,1.0,2025-06-27 21:22:00
OP116021,W0499,Morning,Z,34.0,,2025-05-16 11:10:00
OP116022,W0332,,A,40.0,,2025-06-18 14:12:00
OP116023,W0413,Mornng,D,10.0,1.0,invalid_date
OP116024,W0213,,,1.0,2.0,2025-01-22 05:46:00
OP116025,W0156,Mornng,C,34.0,0.0,2025-06-06 05:44:00
OP116026,W0140,Evening,A,9.0,,2025-02-06 05:44:00
OP116027,W0409,Night,B,37.0,,2025-04-09 02:41:00
OP116028,W0179,Mornng,C,34.0,,2025-04-12 09:49:00
OP116029,W0497,Evening,A,48.0,2.0,2025-03-22 19:58:00
OP116030,W0087,,E,36.0,,2025-05-16 22:49:00
OP116031,W0022,Mornng,A,22.0,2.0,2025-04-20 04:41:00
OP116032,W0094,Mornng,D,44.0,0.0,2025-06-28 19:38:00
OP116033,W0133,Mornng,E,13.0,1.0,2025-05-06 16:12:00
OP116034,W0473,Mornng,A,30.0,1.0,2025-06-16 21:48:00
OP116035,W0366,,C,4.0,2.0,2025-02-25 00:05:00
OP116036,W0321,Morning,E,7.0,1.0,2025-06-08 03:34:00
OP116037,W0382,Morning,C,17.0,2.0,2025-03-02 09:33:00
OP116038,W0011,,C,13.0,2.0,2025-04-05 23:54:00
OP116039,W0282,Night,E,1.0,1.0,2025-03-08 09:01:00
OP116040,W0446,Mornng,,45.0,0.0,2025-05-13 23:30:00
OP116041,W0312,Evening,,12.0,2.0,2025-01-08 08:09:00
OP116042,W0071,,A,12.0,,2025-01-04 08:08:00
OP116043,W0361,Mornng,A,-5.0,,2025-05-13 02:19:00
OP116044,W0283,,D,19.0,1.0,2025-05-11 20:08:00
OP116045,W0177,Morning,D,37.0,2.0,2025-01-01 17:06:00
OP116046,W0275,Evening,D,25.0,0.0,2025-04-01 18:20:00
OP116047,W0164,Mornng,D,29.0,,2025-05-26 22:21:00
OP116048,W0209,Mornng,A,20.0,1.0,2025-05-15 08:25:00
OP116049,W0048,Evening,,5.0,0.0,2025-03-16 09:42:00
OP116050,W0057,,C,36.0,1.0,2025-01-17 04:00:00
OP116051,W0327,,A,22.0,0.0,2025-05-22 04:56:00
OP116052,W0334,,C,43.0,2.0,2025-04-11 18:54:00
OP116053,W0054,,,19.0,2.0,2025-02-25 03:21:00
OP116054,W0431,Night,Z,29.0,1.0,2025-05-11 11:11:00
OP116055,W0372,Evening,A,12.0,1.0,2025-02-07 06:18:00
OP116056,W0104,Morning,Z,29.0,1.0,2025-04-03 04:32:00
OP116057,W0366,Morning,B,17.0,,2025-06-22 05:26:00
OP116058,W0338,Evening,E,11.0,1.0,2025-05-07 02:43:00
OP116059,W0432,Evening,D,26.0,,2025-03-06 16:00:00
OP116060,W0333,Evening,C,33.0,,2025-02-26 19:54:00
OP116061,W0012,Night,A,0.0,1.0,2025-02-07 05:00:00
OP116062,W0102,Morning,,10.0,0.0,2025-04-28 14:32:00
OP116063,W0128,,,5.0,0.0,2025-04-04 21:19:00
OP116064,W0151,Mornng,E,9.0,,2025-03-24 20:21:00
OP116065,W0340,,C,47.0,1.0,2025-04-25 01:26:00
OP116066,W0448,,,22.0,1.0,2025-05-09 12:31:00
OP116067,W0072,,D,19.0,,2025-04-07 17:12:00
OP116068,W0009,Night,B,25.0,2.0,2025-05-01 09:46:00
OP116069,W0344,Evening,Z,18.0,2.0,2025-06-03 05:44:00
OP116070,W0236,,A,40.0,0.0,2025-02-19 14:10:00
OP116071,W0232,Night,D,9.0,2.0,2025-05-20 03:02:00
OP116072,W0171,Evening,C,43.0,,2025-02-22 19:41:00
OP116073,W0469,Morning,D,15.0,0.0,2025-04-21 17:07:00
OP116074,W0066,,A,37.0,1.0,2025-03-09 08:15:00
OP116075,W0359,Evening,,33.0,2.0,2025-06-15 11:36:00
OP116076,W0267,,A,34.0,0.0,2025-02-09 09:43:00
OP116077,W0486,,B,7.0,1.0,2025-06-11 00:46:00
OP116078,W0117,,D,43.0,,2025-04-27 22:22:00
OP116079,W0326,,A,-5.0,0.0,2025-06-20 20:02:00
OP116080,W0281,Night,,46.0,,2025-02-22 07:20:00
OP116081,W0462,,Z,25.0,,2025-02-26 07:02:00
OP116082,W0450,Night,A,5.0,0.0,2025-04-19 19:45:00
OP116083,W0117,,C,15.0,2.0,2025-06-24 21:44:00
OP116084,W0416,Mornng,Z,28.0,,2025-04-15 14:31:00
OP116085,W0143,,C,34.0,0.0,2025-05-09 06:09:00
OP116086,W0056,Evening,B,7.0,2.0,2025-05-07 13:12:00
OP116087,W0164,Morning,,13.0,,2025-06-24 17:29:00
OP116088,W0485,Night,C,3.0,,2025-05-07 14:29:00
OP116089,W0197,Night,Z,1.0,2.0,2025-06-24 18:10:00
OP116090,W0069,Morning,D,49.0,1.0,2025-01-30 08:37:00
OP116091,W0279,Evening,A,40.0,2.0,2025-04-21 05:33:00
OP116092,W0142,,C,41.0,0.0,2025-01-06 18:54:00
OP116093,W0078,Evening,A,48.0,1.0,2025-02-06 20:58:00
OP116094,W0042,,A,34.0,2.0,2025-06-07 03:03:00
OP116095,W0045,Mornng,Z,16.0,2.0,2025-06-11 15:19:00
OP116096,W0388,,B,12.0,2.0,2025-01-16 22:11:00
OP116097,W0058,Night,D,21.0,,2025-06-26 13:05:00
OP116098,W0420,Mornng,A,,1.0,invalid_date
OP116099,W0142,Morning,A,12.0,,2025-01-26 08:38:00
OP116100,W0123,Mornng,Z,44.0,0.0,2025-01-09 10:43:00
OP116101,W0352,,D,26.0,2.0,2025-05-04 02:53:00
OP116102,W0051,,C,27.0,0.0,2025-01-25 07:25:00
OP116103,W0317,,Z,36.0,0.0,2025-06-16 11:40:00
OP116104,W9999,Evening,Z,45.0,1.0,2025-05-10 15:36:00
OP116105,W0024,Night,B,21.0,2.0,2025-02-04 01:08:00
OP116106,W0386,Mornng,C,10.0,2.0,2025-04-18 00:41:00
OP116107,W0474,,E,39.0,0.0,2025-05-09 02:52:00
OP116108,W0062,Night,C,27.0,2.0,2025-06-29 17:44:00
OP116109,W0281,Morning,B,7.0,2.0,2025-04-27 22:33:00
OP116110,W0065,,,45.0,0.0,2025-05-28 01:32:00
OP116111,W0028,Night,A,39.0,0.0,2025-03-22 00:16:00
OP116112,W0178,Morning,Z,11.0,,2025-06-08 00:24:00
OP116113,W0049,Mornng,,0.0,1.0,2025-03-30 03:14:00
OP116114,W0354,,A,25.0,,2025-01-18 00:24:00
OP116115,W0080,Mornng,C,24.0,,2025-01-21 20:03:00
OP116116,W0050,Night,D,26.0,1.0,2025-02-21 04:04:00
OP116117,W0221,Night,A,25.0,,2025-06-15 04:18:00
OP116118,W0385,Evening,Z,42.0,2.0,2025-03-07 06:36:00
OP116119,W0056,Mornng,A,43.0,,2025-04-22 03:03:00
OP116120,W0290,Evening,C,26.0,1.0,2025-03-30 13:09:00
OP116121,W0058,,B,16.0,0.0,2025-02-25 06:47:00
OP116122,W0040,Night,D,22.0,,2025-05-04 09:35:00
OP116123,W0213,Morning,Z,4.0,,2025-05-25 13:56:00
OP116124,W0127,Mornng,E,4.0,2.0,2025-04-18 20:45:00
OP116125,W0027,Morning,Z,36.0,1.0,2025-06-08 10:10:00
OP116126,W0367,Mornng,B,39.0,,2025-02-13 17:37:00
OP116127,W0072,,C,27.0,2.0,2025-06-10 07:27:00
OP116128,W0462,Night,Z,20.0,2.0,2025-01-17 12:29:00
OP116129,W0258,,Z,22.0,1.0,2025-03-08 04:09:00
OP116130,W0118,Evening,,6.0,1.0,2025-01-18 04:32:00
OP116131,W0468,Mornng,,17.0,,2025-02-13 15:24:00
OP116132,W0208,,,37.0,2.0,2025-04-10 03:39:00
OP116133,W0231,Night,A,1.0,,2025-03-25 16:36:00
OP116134,W0170,,D,6.0,0.0,2025-05-11 15:44:00
OP116135,W0166,Evening,Z,26.0,0.0,2025-04-13 21:56:00
OP116136,W0092,Mornng,A,8.0,1.0,2025-05-09 18:13:00
OP116137,W0110,Morning,D,5.0,,2025-04-26 03:27:00
OP116138,W0061,Morning,B,26.0,2.0,2025-03-24 17:47:00
OP116139,,,,2.0,,2025-05-20 05:03:00
OP116140,W0211,,Z,14.0,,2025-04-27 09:39:00
OP116141,W0252,Mornng,,21.0,2.0,2025-02-28 19:48:00
OP116142,W0416,Morning,E,24.0,,2025-04-12 10:45:00
OP116143,W0043,,E,23.0,,2025-01-31 10:48:00
OP116144,W0015,Morning,,11.0,2.0,2025-04-15 20:39:00
OP116145,W0132,,A,29.0,0.0,2025-03-14 23:21:00
OP116146,W0353,Mornng,B,4.0,,2025-02-25 02:16:00
OP116147,W0104,Mornng,,9.0,0.0,2025-03-23 18:59:00
OP116148,W0419,Evening,D,20.0,0.0,2025-04-24 01:49:00
OP116149,W0135,Morning,A,25.0,0.0,2025-05-14 16:54:00
OP116150,W0224,Mornng,D,22.0,2.0,2025-03-28 20:24:00
OP116151,W0214,Mornng,,32.0,1.0,2025-02-13 07:45:00
OP116152,W0250,Evening,E,15.0,1.0,2025-04-03 07:27:00
OP116153,W0475,Night,D,0.0,2.0,2025-01-14 01:37:00
OP116154,W0024,,,17.0,,2025-06-18 03:38:00
OP116155,W0091,Mornng,B,39.0,,2025-06-08 03:19:00
OP116156,W0332,Night,,48.0,0.0,2025-06-07 14:56:00
OP116157,W0357,,B,19.0,0.0,2025-02-21 12:41:00
OP116158,W0061,Mornng,D,24.0,0.0,2025-05-25 06:51:00
OP116159,W0492,Morning,Z,42.0,0.0,2025-03-21 11:22:00
OP116160,W0414,,E,5.0,1.0,2025-06-21 03:02:00
OP116161,W0081,Morning,B,41.0,1.0,2025-03-10 02:41:00
OP116162,W0277,Morning,Z,22.0,2.0,2025-02-25 19:52:00
OP116163,W0393,Morning,D,38.0,2.0,2025-01-24 03:35:00
OP116164,W0075,,Z,22.0,,2025-04-20 02:00:00
OP116165,W0098,,A,22.0,,2025-03-15 12:04:00
OP116166,W0025,Morning,Z,12.0,,2025-01-24 03:29:00
OP116167,W0192,Morning,,28.0,0.0,2025-05-04 04:34:00
OP116168,W0464,Morning,E,12.0,2.0,2025-06-23 00:39:00
OP116169,W0371,Mornng,,8.0,,2025-01-09 00:48:00
OP116170,W0473,Mornng,A,39.0,2.0,2025-06-29 19:27:00
OP116171,W0061,,D,27.0,,2025-02-18 00:25:00
OP116172,W0122,Morning,D,6.0,1.0,2025-02-27 03:41:00
OP116173,W0165,Evening,D,47.0,2.0,2025-03-17 16:56:00
OP116174,W0075,Evening,A,35.0,0.0,2025-04-08 11:23:00
OP116175,W0067,Morning,C,26.0,1.0,2025-03-24 13:55:00
OP116176,W0445,Mornng,D,43.0,1.0,2025-02-04 08:53:00
OP116177,W0104,,,7.0,,2025-04-12 08:05:00
OP116178,W0187,Morning,C,0.0,0.0,2025-02-09 13:19:00
OP116179,W0201,Night,,10.0,0.0,2025-03-31 17:15:00
OP116180,W0133,Night,E,7.0,2.0,2025-05-12 05:49:00
OP116181,W0361,,A,18.0,2.0,2025-05-28 08:27:00
OP116182,W0280,Morning,D,3.0,,2025-06-20 20:01:00
OP116183,W0254,Night,E,38.0,0.0,2025-01-06 15:55:00
OP116184,W0357,Evening,Z,9.0,,2025-04-13 23:15:00
OP116185,W0382,Mornng,D,44.0,0.0,2025-01-02 02:54:00
OP116186,W0094,,,46.0,1.0,2025-06-15 18:24:00
OP116187,W0075,Mornng,Z,47.0,2.0,2025-06-03 22:05:00
OP116188,W0327,Night,Z,26.0,,2025-06-28 15:16:00
OP116189,W0239,Morning,B,39.0,2.0,2025-02-07 20:49:00
OP116190,W0367,Night,B,38.0,2.0,2025-06-11 22:36:00
OP116191,W0351,,C,37.0,,2025-03-21 01:02:00
OP116192,W0494,Evening,,1.0,,2025-04-23 13:40:00
OP116193,W0035,Evening,C,5.0,2.0,2025-06-19 08:23:00
OP116194,W0317,Evening,D,,0.0,2025-02-05 04:55:00
OP116195,W0254,Mornng,A,-5.0,0.0,invalid_date
OP116196,W0067,,B,20.0,2.0,2025-05-17 01:42:00
OP116197,W0091,,C,11.0,0.0,2025-03-06 14:10:00
OP116198,W0389,,C,8.0,0.0,2025-03-07 00:01:00
OP116199,W0223,Mornng,D,35.0,2.0,2025-02-22 10:18:00
OP116200,W0122,,A,34.0,0.0,2025-06-17 11:54:00
OP116201,W0151,Evening,,7.0,2.0,2025-06-13 08:00:00
OP116202,W0261,,C,13.0,2.0,2025-05-08 04:08:00
OP116203,W0233,Night,C,31.0,2.0,2025-06-17 13:04:00
OP116204,W0193,Evening,A,13.0,0.0,2025-03-02 21:21:00
OP116205,W0483,,A,11.0,,2025-04-23 00:01:00
OP116206,W0056,Night,E,18.0,1.0,2025-06-04 14:34:00
OP116207,W0476,Evening,D,11.0,0.0,2025-03-15 17:03:00
OP116208,W0059,Night,E,9.0,2.0,2025-04-28 08:33:00
OP116209,W0419,Morning,D,4.0,,2025-03-27 00:48:00
OP116210,W0073,Night,B,49.0,2.0,2025-05-25 18:50:00
OP116211,W0412,Night,Z,28.0,2.0,2025-06-16 00:07:00
OP116212,W0500,,,42.0,2.0,2025-02-08 18:33:00
OP116213,W0343,,B,42.0,,2025-05-04 16:39:00
OP116214,W0080,,C,48.0,0.0,2025-05-19 01:39:00
OP116215,W0143,,Z,36.0,2.0,2025-05-13 18:26:00
OP116216,W0157,,C,24.0,1.0,2025-05-02 09:07:00
OP116217,W0369,Night,B,6.0,0.0,2025-02-08 08:33:00
OP116218,W0193,,,28.0,2.0,2025-04-03 18:36:00
OP116219,W0037,Mornng,D,48.0,0.0,2025-06-24 09:35:00
OP116220,W0249,Mornng,E,4.0,,2025-05-17 09:30:00
OP116221,W0441,Night,,17.0,2.0,2025-04-14 12:52:00
OP116222,W0166,,E,4.0,1.0,2025-06-09 12:45:00
OP116223,W0459,Evening,D,27.0,1.0,2025-02-07 21:52:00
OP116224,W0454,,B,45.0,,2025-04-10 20:07:00
OP116225,W0038,Night,A,23.0,0.0,2025-02-21 22:51:00
OP116226,W0288,Mornng,Z,35.0,2.0,2025-01-12 14:41:00
OP116227,W0195,Night,C,31.0,,2025-05-20 08:50:00
OP116228,W0485,Evening,D,25.0,0.0,2025-01-01 12:11:00
OP116229,W0292,,,29.0,1.0,2025-03-09 01:24:00
OP116230,W0390,Evening,A,18.0,2.0,2025-01-19 01:51:00
OP116231,W0038,Morning,C,30.0,1.0,2025-05-16 20:46:00
OP116232,W0170,Night,D,7.0,2.0,2025-05-29 11:20:00
OP116233,W0010,Morning,C,39.0,2.0,2025-05-12 04:06:00
OP116234,W0318,,Z,45.0,,2025-03-13 15:17:00
OP116235,W0321,,E,30.0,2.0,2025-02-02 04:56:00
OP116236,W0447,,Z,,1.0,2025-05-30 11:15:00
OP116237,W0088,Morning,C,28.0,,2025-05-26 10:21:00
OP116238,W0356,Evening,D,47.0,,2025-02-26 18:10:00
OP116239,W0301,Evening,D,33.0,0.0,2025-04-01 01:35:00
OP116240,W0396,Evening,C,31.0,,2025-06-20 00:12:00
OP116241,W0393,Morning,C,37.0,2.0,2025-04-26 06:44:00
OP116242,W0421,Evening,B,11.0,,2025-06-17 22:25:00
OP116243,W0348,Mornng,B,0.0,0.0,2025-06-23 03:12:00
OP116244,W0316,,E,36.0,1.0,2025-05-21 00:03:00
OP116245,W0147,Morning,E,12.0,1.0,2025-03-16 14:51:00
OP116246,W0277,Mornng,,24.0,,2025-03-11 20:54:00
OP116247,W0450,Night,C,5.0,1.0,2025-05-22 16:20:00
OP116248,W0210,,A,35.0,1.0,2025-03-29 05:00:00
OP116249,W0047,Morning,B,0.0,2.0,2025-03-22 07:47:00
OP116250,W0008,,Z,44.0,2.0,2025-04-24 17:52:00
OP116251,W0269,,D,39.0,0.0,2025-04-21 11:43:00
OP116252,W0421,,E,44.0,,2025-04-30 04:17:00
OP116253,W0327,Mornng,D,40.0,,2025-03-15 12:34:00
OP116254,W0012,Evening,A,3.0,,2025-04-16 15:56:00
OP116255,W0208,Mornng,A,22.0,1.0,2025-03-21 22:48:00
OP116256,W0447,Night,D,21.0,,2025-01-16 17:09:00
OP116257,W0089,Night,,36.0,2.0,2025-06-24 22:54:00
OP116258,W0492,,B,41.0,,2025-03-18 21:00:00
OP116259,W0262,Morning,B,26.0,1.0,invalid_date
OP116260,W0497,Night,E,33.0,,2025-05-03 06:12:00
OP116261,W0430,Mornng,E,2.0,,2025-02-27 14:38:00
OP116262,W0211,Morning,C,47.0,0.0,2025-06-26 03:24:00
OP116263,W0171,Night,B,39.0,2.0,2025-04-30 09:38:00
OP116264,W0179,,E,32.0,1.0,2025-03-09 22:51:00
OP116265,W0356,Night,C,11.0,2.0,2025-06-25 00:06:00
OP116266,W0179,Morning,Z,46.0,1.0,2025-05-17 17:11:00
OP116267,W0327,Morning,Z,12.0,2.0,2025-06-16 03:35:00
OP116268,W0230,Morning,D,21.0,,2025-01-25 20:46:00
OP116269,W0315,,Z,28.0,,2025-03-24 13:28:00
OP116270,W0478,Night,Z,43.0,0.0,2025-03-10 17:06:00
OP116271,W0444,Morning,Z,42.0,1.0,2025-05-11 07:41:00
OP116272,W0075,Mornng,C,46.0,0.0,2025-06-28 01:19:00
OP116273,W0265,Night,E,44.0,,2025-02-28 23:01:00
OP116274,W0360,Night,,29.0,0.0,2025-02-26 17:18:00
OP116275,W0105,Morning,B,20.0,0.0,2025-05-22 08:29:00
OP116276,W0227,Morning,Z,37.0,1.0,2025-01-17 06:08:00
OP116277,W0303,Night,,10.0,1.0,2025-05-12 01:24:00
OP116278,W0239,Evening,Z,21.0,2.0,2025-05-27 22:15:00
OP116279,W0338,,B,39.0,2.0,2025-04-21 09:54:00
OP116280,W0059,Mornng,D,18.0,1.0,2025-06-28 14:38:00
OP116281,W0484,Mornng,A,4.0,1.0,2025-04-20 09:18:00
OP116282,W0217,,,37.0,,2025-05-01 22:20:00
OP116283,W0468,Night,D,7.0,1.0,invalid_date
OP116284,W0297,Morning,A,7.0,1.0,2025-03-24 20:46:00
OP116285,W0018,,,32.0,2.0,2025-02-15 20:17:00
OP116286,W0195,,,18.0,,2025-01-28 02:33:00
OP116287,W0264,Night,D,7.0,1.0,2025-05-17 16:40:00
OP116288,W0262,Night,A,37.0,,2025-01-05 20:20:00
OP116289,W0171,Evening,B,2.0,2.0,2025-03-01 17:45:00
OP116290,W0360,Mornng,D,1.0,0.0,2025-01-08 01:35:00
OP116291,W0091,Mornng,Z,49.0,2.0,2025-02-18 02:09:00
OP116292,W0273,Morning,Z,37.0,0.0,2025-01-30 03:41:00
OP116293,W0113,Night,C,38.0,,2025-01-24 07:56:00
OP116294,W0091,Mornng,A,27.0,0.0,2025-01-18 05:43:00
OP116295,W0371,Night,D,7.0,0.0,2025-02-02 14:52:00
OP116296,W0395,Morning,A,36.0,,2025-03-25 16:23:00
OP116297,W0473,Evening,D,42.0,,2025-03-10 23:02:00
OP116298,W0224,,B,11.0,1.0,2025-02-08 08:00:00
OP116299,W0422,,D,38.0,1.0,2025-05-21 19:52:00
OP116300,W0013,Night,E,43.0,1.0,2025-02-24 03:48:00
OP116301,W0010,,E,39.0,2.0,2025-05-08 22:01:00
OP116302,W0038,Night,C,27.0,1.0,2025-06-07 15:30:00
OP116303,W0125,,C,38.0,1.0,2025-03-19 08:04:00
OP116304,W0308,Night,E,10.0,0.0,2025-03-27 02:59:00
OP116305,W0355,Night,E,1.0,1.0,2025-05-20 10:41:00
OP116306,W0178,Mornng,E,45.0,1.0,2025-06-19 07:01:00
OP116307,W0361,Morning,Z,27.0,,2025-05-28 02:35:00
OP116308,W0458,Night,C,42.0,,2025-02-14 05:28:00
OP116309,W0474,Evening,B,24.0,,2025-03-04 17:44:00
OP116310,W0377,Morning,C,1.0,,2025-06-18 13:26:00
OP116311,W0367,Mornng,Z,28.0,,2025-01-27 03:20:00
OP116312,W0223,Evening,B,36.0,,2025-06-28 04:54:00
OP116313,W0292,Evening,B,-5.0,2.0,2025-03-07 21:32:00
OP116314,W0093,,A,37.0,,2025-02-21 10:13:00
OP116315,W0164,Morning,A,34.0,0.0,2025-05-05 22:44:00
OP116316,W0249,,,16.0,,2025-04-03 19:44:00
OP116317,W0331,Evening,D,31.0,,2025-04-26 10:02:00
OP116318,W0284,,B,22.0,,2025-04-22 05:11:00
OP116319,W0081,Morning,E,38.0,1.0,2025-02-25 19:04:00
OP116320,W0305,,B,1.0,1.0,2025-03-14 07:09:00
OP116321,W0215,Evening,A,41.0,2.0,2025-04-06 21:59:00
OP116322,W0397,Night,E,10.0,1.0,2025-04-21 07:16:00
OP116323,W0093,Night,C,47.0,1.0,2025-02-08 03:45:00
OP116324,W0431,Night,A,5.0,,2025-02-27 13:59:00
OP116325,W0252,,B,18.0,1.0,2025-01-09 00:15:00
OP116326,W0280,,C,39.0,2.0,2025-04-22 19:49:00
OP116327,W0305,Evening,,22.0,2.0,2025-05-13 05:49:00
OP116328,W0250,,D,0.0,0.0,2025-02-26 08:18:00
OP116329,W0098,,Z,42.0,1.0,2025-03-14 15:07:00
OP116330,W0232,Night,C,22.0,2.0,2025-06-05 12:34:00
OP116331,W0202,,,19.0,2.0,2025-01-17 15:19:00
OP116332,W0249,,Z,19.0,1.0,2025-05-06 17:41:00
OP116333,W0436,Evening,D,49.0,1.0,2025-06-24 18:29:00
OP116334,W0250,Morning,,41.0,,2025-02-05 22:01:00
OP116335,W0350,,Z,20.0,0.0,2025-06-04 10:24:00
OP116336,W0499,,E,34.0,1.0,2025-06-05 07:53:00
OP116337,W0334,,E,19.0,2.0,2025-06-18 19:18:00
OP116338,W0072,Morning,B,16.0,,2025-03-18 23:26:00
OP116339,W0097,Night,E,30.0,2.0,2025-06-26 08:17:00
OP116340,W0065,Morning,A,3.0,0.0,2025-04-21 17:28:00
OP116341,W0320,,A,44.0,1.0,2025-01-16 05:44:00
OP116342,W0498,Morning,A,2.0,1.0,2025-03-14 13:23:00
OP116343,W0170,Evening,,3.0,0.0,2025-06-21 12:03:00
OP116344,W0239,Evening,E,27.0,1.0,2025-02-01 20:43:00
OP116345,W0093,Night,,31.0,1.0,2025-03-01 00:03:00
OP116346,W0375,,E,15.0,1.0,2025-03-28 18:37:00
OP116347,W0112,Night,,29.0,2.0,2025-06-16 23:26:00
OP116348,W0242,Mornng,C,27.0,0.0,2025-03-22 02:12:00
OP116349,W0396,Night,C,13.0,,2025-02-01 22:41:00
OP116350,W0281,,E,33.0,2.0,2025-03-14 02:21:00
OP116351,W0233,Mornng,Z,28.0,0.0,2025-01-20 21:19:00
OP116352,W0335,Morning,Z,46.0,,2025-01-02 16:49:00
OP116353,W0397,Morning,C,43.0,2.0,2025-06-16 15:28:00
OP116354,W0282,Morning,Z,28.0,1.0,2025-04-29 20:06:00
OP116355,W0239,Evening,,43.0,2.0,2025-06-02 12:58:00
OP116356,W0112,Night,A,22.0,,2025-05-09 13:08:00
OP116357,W0375,,E,33.0,0.0,2025-01-03 17:54:00
OP116358,W0449,,C,20.0,,2025-02-26 04:47:00
OP116359,W0385,Mornng,,49.0,,2025-04-08 06:37:00
OP116360,W0495,Mornng,C,20.0,2.0,2025-06-08 07:36:00
OP116361,W0260,Night,C,38.0,1.0,2025-03-31 09:57:00
OP116362,W0077,,Z,5.0,1.0,2025-06-10 04:44:00
OP116363,W0321,Morning,B,21.0,2.0,2025-03-19 17:24:00
OP116364,W0159,Mornng,Z,34.0,2.0,2025-01-22 06:36:00
OP116365,W0371,Evening,C,12.0,1.0,2025-05-17 07:06:00
OP116366,W0044,Night,E,,2.0,2025-03-18 04:52:00
OP116367,W0484,Night,E,33.0,2.0,2025-06-25 12:01:00
OP116368,W0395,,D,9.0,,2025-05-07 19:34:00
OP116369,W0272,Night,Z,30.0,1.0,2025-04-28 11:37:00
OP116370,W0446,,E,27.0,1.0,invalid_date
OP116371,W0053,Night,Z,31.0,,2025-05-17 22:34:00
OP116372,W0023,Morning,A,21.0,0.0,2025-03-02 18:22:00
OP116373,W0152,Evening,A,,2.0,2025-06-25 22:15:00
OP116374,W0032,,A,31.0,0.0,2025-02-18 21:47:00
OP116375,W0391,Mornng,E,49.0,1.0,2025-06-29 08:06:00
OP116376,W0310,Morning,D,20.0,0.0,2025-04-29 01:33:00
OP116377,W0059,Morning,E,21.0,1.0,2025-03-15 23:59:00
OP116378,W0214,,B,29.0,2.0,2025-02-11 11:02:00
OP116379,W0004,Night,E,44.0,,2025-01-29 18:55:00
OP116380,W0317,Night,A,7.0,,2025-03-04 22:39:00
OP116381,W0228,Morning,E,40.0,2.0,2025-02-28 21:18:00
OP116382,W0110,Night,C,1.0,,2025-02-08 14:29:00
OP116383,W0165,Evening,B,2.0,0.0,2025-05-16 15:10:00
OP116384,W0467,Night,C,9.0,,invalid_date
OP116385,W0170,Morning,E,49.0,,2025-03-22 02:25:00
OP116386,W0089,Night,C,31.0,1.0,2025-02-20 02:08:00
OP116387,W0284,,Z,24.0,1.0,2025-04-22 11:03:00
OP116388,W0297,Night,A,11.0,1.0,2025-05-25 11:28:00
OP116389,W0297,Night,B,21.0,1.0,2025-05-09 23:07:00
OP116390,W0036,,Z,49.0,0.0,2025-03-09 17:56:00
OP116391,W0124,Evening,,32.0,1.0,2025-06-21 12:57:00
OP116392,W0186,,Z,34.0,,invalid_date
OP116393,W0376,Evening,,13.0,2.0,2025-02-07 01:42:00
OP116394,W0261,Evening,C,15.0,2.0,2025-03-16 06:28:00
OP116395,W0101,,C,33.0,1.0,2025-01-22 06:07:00
OP116396,W0011,,D,48.0,0.0,2025-06-12 19:01:00
OP116397,W0301,Mornng,C,2.0,,2025-03-12 18:33:00
OP116398,W0148,Evening,D,48.0,,2025-05-31 05:09:00
OP116399,W0029,Morning,A,38.0,0.0,invalid_date
OP116400,W0202,Morning,C,47.0,0.0,2025-05-09 02:16:00
OP116401,W0183,Evening,Z,45.0,0.0,2025-03-29 11:47:00
OP116402,W0250,Morning,A,19.0,,2025-04-05 23:23:00
OP116403,W0127,Night,C,29.0,2.0,2025-05-22 16:54:00
OP116404,W0020,Evening,E,48.0,0.0,invalid_date
OP116405,W0306,Night,A,23.0,2.0,2025-04-04 02:11:00
OP116406,W0027,Evening,,11.0,1.0,2025-06-06 09:01:00
OP116407,W0271,Evening,Z,4.0,1.0,2025-02-23 05:16:00
OP116408,W0440,Evening,A,5.0,0.0,2025-03-19 18:13:00
OP116409,W0477,Evening,Z,37.0,,2025-04-14 00:50:00
OP116410,W0117,Morning,C,22.0,,2025-03-21 12:24:00
OP116411,W0087,,C,15.0,2.0,2025-05-07 02:20:00
OP116412,W0178,Morning,E,7.0,1.0,2025-05-12 05:17:00
OP116413,W0321,Mornng,B,46.0,1.0,2025-03-23 01:59:00
OP116414,W0395,Evening,Z,27.0,1.0,2025-03-03 04:34:00
OP116415,W0403,,A,21.0,2.0,2025-04-17 10:35:00
OP116416,W0215,Night,Z,23.0,1.0,2025-04-28 05:47:00
OP116417,W0354,,A,33.0,,2025-03-03 04:49:00
OP116418,W0340,Night,E,3.0,2.0,2025-03-29 18:54:00
OP116419,W0439,Evening,C,27.0,,2025-04-13 18:12:00
OP116420,W0269,Mornng,B,3.0,1.0,2025-01-19 23:02:00
OP116421,W0006,Mornng,,16.0,0.0,2025-05-20 10:05:00
OP116422,W0299,Mornng,A,20.0,2.0,2025-02-21 13:10:00
OP116423,W0236,Morning,D,40.0,,2025-01-06 12:21:00
OP116424,W0184,Mornng,E,29.0,0.0,2025-03-04 07:28:00
OP116425,W0293,,Z,8.0,,2025-03-17 11:22:00
OP116426,W0347,Evening,B,48.0,1.0,2025-01-24 02:52:00
OP116427,W0235,Evening,A,22.0,0.0,2025-05-12 00:32:00
OP116428,W0304,Evening,Z,-5.0,1.0,2025-06-19 05:59:00
OP116429,W0087,,,0.0,0.0,2025-04-02 00:25:00
OP116430,W0423,Evening,Z,29.0,0.0,2025-04-12 02:21:00
OP116431,W0344,Morning,D,23.0,0.0,2025-05-31 01:40:00
OP116432,W0172,,D,47.0,2.0,2025-05-06 08:15:00
OP116433,W0413,,A,23.0,1.0,2025-01-31 02:52:00
OP116434,W0131,Evening,D,29.0,2.0,2025-06-28 19:33:00
OP116435,W0193,Night,D,3.0,1.0,2025-02-23 12:43:00
OP116436,W0189,,,17.0,,2025-05-01 10:17:00
OP116437,W0395,,B,12.0,1.0,2025-02-19 10:11:00
OP116438,W0176,Night,E,25.0,1.0,2025-04-03 20:24:00
OP116439,W0064,,A,45.0,0.0,2025-05-27 15:43:00
OP116440,W0159,,C,,0.0,2025-04-19 22:38:00
OP116441,W0356,Mornng,Z,15.0,0.0,2025-05-23 01:37:00
OP116442,W0056,,B,6.0,0.0,2025-02-16 20:57:00
OP116443,W0087,Evening,A,7.0,1.0,2025-05-28 17:45:00
OP116444,W0364,Morning,C,3.0,1.0,2025-02-17 07:08:00
OP116445,W0323,,C,42.0,,2025-02-05 03:26:00
OP116446,W0246,Night,E,45.0,,2025-06-02 07:04:00
OP116447,W0075,,B,-5.0,2.0,2025-02-15 07:19:00
OP116448,W0271,Night,A,10.0,1.0,2025-03-12 15:31:00
OP116449,W0253,Night,Z,29.0,0.0,2025-06-27 06:26:00
OP116450,W0224,Mornng,A,25.0,0.0,2025-04-10 09:19:00
OP116451,W0485,,Z,6.0,0.0,2025-01-20 14:10:00
OP116452,W0360,,Z,29.0,,2025-03-23 05:33:00
OP116453,W0009,Evening,A,44.0,,2025-05-23 04:49:00
OP116454,W0336,Evening,B,5.0,0.0,2025-04-04 12:00:00
OP116455,W0431,,C,33.0,,2025-06-26 17:50:00
OP116456,W0499,Mornng,E,0.0,2.0,2025-04-30 19:29:00
OP116457,W0078,,C,18.0,2.0,2025-01-26 01:56:00
OP116458,W0103,,D,30.0,0.0,2025-06-23 20:00:00
OP116459,W0194,Morning,D,19.0,,2025-05-22 08:31:00
OP116460,W0211,Night,E,23.0,2.0,2025-06-16 16:12:00
OP116461,,Morning,A,18.0,0.0,2025-06-06 07:31:00
OP116462,W0385,Night,C,14.0,1.0,2025-02-14 14:09:00
OP116463,W0011,Morning,D,38.0,,2025-04-19 02:04:00
OP116464,W0279,Morning,B,26.0,1.0,2025-01-09 06:38:00
OP116465,W0157,Night,Z,44.0,2.0,2025-06-29 11:00:00
OP116466,W0128,,C,3.0,2.0,2025-03-18 13:38:00
OP116467,W0242,,B,3.0,1.0,2025-02-17 14:25:00
OP116468,W0411,Evening,Z,38.0,0.0,2025-06-26 21:45:00
OP116469,W0277,Evening,A,6.0,2.0,2025-01-08 00:36:00
OP116470,W0084,Night,,48.0,,2025-01-20 23:20:00
OP116471,W0108,,,3.0,2.0,2025-03-19 01:29:00
OP116472,W0027,,D,18.0,0.0,2025-03-28 05:01:00
OP116473,W0460,Evening,D,4.0,0.0,2025-06-09 07:43:00
OP116474,W0225,Evening,B,39.0,0.0,2025-02-25 19:02:00
OP116475,W0207,Evening,D,18.0,,2025-06-18 17:58:00
OP116476,W0082,Morning,Z,28.0,0.0,2025-05-18 04:55:00
OP116477,W0234,,D,49.0,2.0,2025-05-25 23:44:00
OP116478,W0217,Night,Z,44.0,,2025-02-08 05:43:00
OP116479,W0137,Evening,E,32.0,2.0,2025-03-18 05:04:00
OP116480,W0402,,E,2.0,0.0,2025-03-14 15:08:00
OP116481,W0095,Night,E,24.0,,2025-05-30 18:36:00
OP116482,W0252,,C,21.0,1.0,2025-03-22 01:44:00
OP116483,W0447,Morning,C,28.0,,2025-03-09 19:48:00
OP116484,W0393,Morning,D,6.0,1.0,2025-02-10 13:41:00
OP116485,W0293,Morning,A,,2.0,2025-06-22 07:12:00
OP116486,W0381,Night,C,5.0,2.0,2025-03-04 11:46:00
OP116487,W0137,Night,Z,2.0,1.0,2025-01-25 07:19:00
OP116488,W0154,,,45.0,2.0,2025-06-06 14:02:00
OP116489,W0487,Night,,37.0,1.0,2025-01-07 08:25:00
OP116490,W0450,Evening,C,34.0,,invalid_date
OP116491,W0010,Evening,B,44.0,0.0,2025-06-06 12:19:00
OP116492,W0369,Morning,D,,,2025-06-16 08:23:00
OP116493,W0318,Morning,Z,37.0,,2025-03-13 09:16:00
OP116494,W0394,Mornng,C,10.0,2.0,2025-02-04 16:25:00
OP116495,W0155,Mornng,D,44.0,0.0,2025-02-01 13:06:00
OP116496,W0204,Evening,B,44.0,,2025-03-29 08:41:00
OP116497,W0469,Night,A,49.0,,2025-06-24 02:20:00
OP116498,W0280,,E,24.0,,2025-01-02 11:36:00
OP116499,W0479,,A,35.0,0.0,invalid_date
OP116500,W0282,Night,B,2.0,0.0,2025-02-18 21:01:00
OP116501,W0436,Morning,E,39.0,0.0,2025-06-29 06:03:00
OP116502,W0046,,,22.0,,2025-04-29 04:32:00
OP116503,W0042,Mornng,E,3.0,2.0,2025-01-25 02:18:00
OP116504,W0436,Mornng,C,32.0,2.0,2025-06-22 12:09:00
OP116505,W0182,,D,19.0,1.0,2025-04-04 06:05:00
OP116506,W0410,Mornng,D,46.0,0.0,2025-03-16 01:44:00
OP116507,W0280,Night,E,30.0,2.0,2025-05-12 12:39:00
OP116508,W0383,,Z,47.0,1.0,2025-02-16 10:13:00
OP116509,W0105,Evening,,48.0,1.0,2025-05-11 08:40:00
OP116510,W0296,,D,17.0,1.0,2025-03-13 18:32:00
OP116511,W0054,Morning,B,48.0,0.0,2025-02-08 10:52:00
OP116512,W0108,,A,11.0,1.0,2025-02-18 20:22:00
OP116513,W0421,,Z,13.0,1.0,2025-03-08 08:00:00
OP116514,W0186,Evening,Z,43.0,2.0,2025-04-29 10:03:00
OP116515,W0113,,,49.0,0.0,2025-05-03 00:40:00
OP116516,W0355,,C,36.0,1.0,2025-04-24 04:16:00
OP116517,W0135,,E,7.0,1.0,2025-05-16 11:12:00
OP116518,W0313,Evening,Z,15.0,1.0,2025-03-03 09:38:00
OP116519,W0296,,Z,31.0,0.0,2025-06-22 00:18:00
OP116520,W0238,Mornng,C,20.0,1.0,2025-01-09 16:41:00
OP116521,W0022,Night,E,49.0,,2025-05-15 22:20:00
OP116522,W0025,Mornng,E,1.0,1.0,2025-02-01 10:07:00
OP116523,W0215,Evening,B,13.0,2.0,2025-03-21 17:40:00
OP116524,W0280,Evening,E,42.0,,2025-01-09 11:26:00
OP116525,W0339,Night,A,23.0,0.0,2025-02-19 15:19:00
OP116526,W0197,,A,19.0,0.0,2025-01-14 05:51:00
OP116527,W0417,Mornng,A,44.0,0.0,2025-02-26 06:45:00
OP116528,W0386,,Z,18.0,0.0,2025-06-15 15:52:00
OP116529,W0227,Morning,,5.0,2.0,2025-04-02 23:43:00
OP116530,W0429,Mornng,C,39.0,,2025-03-06 08:57:00
OP116531,W0396,Morning,,5.0,1.0,2025-01-16 07:39:00
OP116532,W0384,Evening,A,43.0,0.0,2025-02-20 06:34:00
OP116533,W0402,Morning,A,20.0,,2025-05-18 05:42:00
OP116534,W0281,,C,,2.0,2025-05-17 01:17:00
OP116535,W0148,,,33.0,0.0,2025-03-28 03:03:00
OP116536,W0184,,D,41.0,0.0,2025-02-07 01:08:00
OP116537,W0495,Evening,Z,30.0,0.0,2025-04-20 15:54:00
OP116538,W0353,,E,38.0,1.0,2025-06-25 02:55:00
OP116539,W0214,Mornng,,22.0,1.0,2025-02-18 21:05:00
OP116540,W0261,Night,A,4.0,,2025-05-13 01:06:00
OP116541,W0323,,Z,1.0,0.0,2025-03-07 10:28:00
OP116542,W0299,Morning,E,17.0,0.0,2025-04-22 18:54:00
OP116543,W0466,,Z,39.0,2.0,2025-02-19 17:27:00
OP116544,W0277,,Z,31.0,,2025-03-27 05:58:00
OP116545,W0478,,,38.0,0.0,2025-01-29 12:02:00
OP116546,W0373,Morning,A,26.0,0.0,2025-03-05 10:19:00
OP116547,W0395,,A,38.0,0.0,2025-01-12 18:03:00
OP116548,W0396,Night,,4.0,0.0,2025-06-05 06:56:00
OP116549,W0053,,,45.0,,2025-03-26 16:09:00
OP116550,W0060,Evening,A,1.0,0.0,2025-02-16 21:40:00
OP116551,W0292,Mornng,C,43.0,0.0,2025-01-10 09:44:00
OP116552,W0437,Morning,C,0.0,,2025-03-28 06:07:00
OP116553,W0236,Evening,B,44.0,,2025-01-27 23:20:00
OP116554,W0168,,,7.0,,2025-03-13 14:01:00
OP116555,W0430,Evening,A,25.0,2.0,2025-03-17 22:59:00
OP116556,W0186,,B,38.0,1.0,2025-05-22 23:14:00
OP116557,W0447,Morning,E,18.0,,2025-05-06 00:34:00
OP116558,W0429,,,13.0,1.0,2025-01-21 22:16:00
OP116559,W0371,Mornng,Z,25.0,0.0,2025-02-20 06:02:00
OP116560,W0069,,C,24.0,2.0,2025-06-23 10:49:00
OP116561,W0019,,C,22.0,0.0,2025-01-28 06:49:00
OP116562,W0247,,D,38.0,2.0,2025-06-04 17:53:00
OP116563,W0059,Night,,0.0,0.0,2025-02-02 01:40:00
OP116564,W0101,Mornng,E,4.0,,2025-01-23 01:04:00
OP116565,W0034,Night,Z,16.0,0.0,2025-05-12 10:44:00
OP116566,W0447,Evening,C,6.0,2.0,2025-04-15 20:15:00
OP116567,W0148,Evening,B,1.0,2.0,2025-04-08 07:42:00
OP116568,W0016,,,25.0,,2025-06-24 17:00:00
OP116569,W0426,Night,C,37.0,2.0,2025-04-23 07:46:00
OP116570,W0208,Evening,,36.0,0.0,2025-05-04 02:27:00
OP116571,W0328,,Z,10.0,2.0,2025-04-05 18:32:00
OP116572,W0055,,Z,27.0,0.0,2025-01-02 02:35:00
OP116573,W0301,Night,,25.0,0.0,2025-03-15 13:31:00
OP116574,W0182,,D,4.0,2.0,2025-03-03 05:37:00
OP116575,W0285,,E,23.0,2.0,2025-05-24 01:28:00
OP116576,W0077,,B,30.0,2.0,2025-04-29 21:34:00
OP116577,W0456,Evening,A,46.0,0.0,2025-04-19 14:36:00
OP116578,W0182,Evening,Z,30.0,2.0,2025-05-30 01:26:00
OP116579,W0433,,Z,24.0,,2025-05-05 17:19:00
OP116580,W0274,,E,13.0,,2025-04-16 03:54:00
OP116581,W0339,Night,E,48.0,2.0,2025-03-18 14:50:00
OP116582,W0202,,E,4.0,1.0,2025-05-16 15:01:00
OP116583,W0185,Night,C,2.0,1.0,2025-02-17 20:32:00
OP116584,W0272,Night,A,6.0,2.0,2025-06-04 23:21:00
OP116585,W0193,Mornng,,43.0,2.0,2025-01-02 12:29:00
OP116586,W0264,Mornng,C,18.0,0.0,2025-06-03 00:48:00
OP116587,W0335,Mornng,Z,27.0,,2025-03-28 19:54:00
OP116588,W0410,Mornng,B,20.0,2.0,2025-02-19 01:39:00
OP116589,W0294,Mornng,,6.0,,2025-03-26 06:28:00
OP116590,W0073,Night,C,15.0,0.0,2025-06-21 10:46:00
OP116591,W0109,Mornng,C,15.0,1.0,2025-02-11 11:00:00
OP116592,W0113,,Z,44.0,1.0,2025-04-10 11:04:00
OP116593,W0109,Night,D,38.0,1.0,2025-06-22 22:18:00
OP116594,W0307,,,36.0,0.0,2025-02-05 23:23:00
OP116595,W0481,Night,,,1.0,2025-03-08 04:28:00
OP116596,W0341,Morning,A,22.0,0.0,2025-01-30 18:28:00
OP116597,W0061,Night,C,32.0,0.0,2025-01-29 19:17:00
OP116598,W0266,Evening,E,48.0,1.0,2025-04-05 11:15:00
OP116599,W0203,,Z,37.0,0.0,2025-05-24 01:54:00
OP116600,W0180,Mornng,D,17.0,1.0,2025-01-29 05:32:00
OP116601,W0450,,A,4.0,0.0,2025-04-06 03:57:00
OP116602,W0353,Morning,B,8.0,2.0,2025-06-19 00:54:00
OP116603,W0337,Evening,C,9.0,,2025-06-26 10:30:00
OP116604,W0185,Evening,C,38.0,1.0,2025-04-24 11:18:00
OP116605,W0365,Night,B,12.0,2.0,2025-04-14 17:18:00
OP116606,W0470,,,28.0,0.0,2025-02-21 23:46:00
OP116607,W0073,Evening,D,3.0,2.0,2025-01-11 08:45:00
OP116608,W0233,,Z,36.0,2.0,2025-03-07 14:02:00
OP116609,W0365,Morning,C,0.0,1.0,2025-05-25 23:35:00
OP116610,W0415,,,41.0,,2025-04-20 16:35:00
OP116611,W0165,Night,A,13.0,2.0,2025-02-27 04:23:00
OP116612,W0333,Morning,D,32.0,1.0,2025-06-28 21:51:00
OP116613,W0063,Mornng,,35.0,,2025-04-03 03:30:00
OP116614,W0498,Night,,32.0,,2025-04-08 07:43:00
OP116615,W0056,Morning,A,5.0,1.0,2025-04-09 15:34:00
OP116616,W0118,,D,7.0,1.0,2025-01-13 07:38:00
OP116617,W0074,,C,-5.0,2.0,2025-05-20 23:06:00
OP116618,W0362,Mornng,,46.0,,2025-05-13 22:49:00
OP116619,W0228,Mornng,A,47.0,0.0,2025-01-15 19:55:00
OP116620,W0037,Mornng,A,,,2025-03-09 19:40:00
OP116621,W0341,,A,19.0,,2025-03-23 21:51:00
OP116622,W0397,,,40.0,1.0,2025-03-26 09:03:00
OP116623,W0017,Night,A,15.0,0.0,2025-05-12 08:01:00
OP116624,W0398,Evening,B,9.0,,2025-05-15 12:08:00
OP116625,W0125,Night,C,25.0,2.0,2025-06-22 03:53:00
OP116626,W0001,Evening,D,26.0,,2025-03-06 07:07:00
OP116627,W0021,Evening,E,13.0,0.0,2025-02-22 12:33:00
OP116628,W0040,Night,A,-5.0,2.0,2025-06-15 09:02:00
OP116629,W0374,Morning,E,3.0,2.0,2025-03-25 13:42:00
OP116630,W0418,Evening,A,12.0,0.0,2025-02-05 00:23:00
OP116631,W0232,Night,B,49.0,1.0,2025-02-20 22:07:00
OP116632,W0179,Morning,E,32.0,1.0,2025-01-10 17:36:00
OP116633,W0043,Mornng,,11.0,0.0,2025-06-16 00:58:00
OP116634,W0105,,D,33.0,0.0,2025-05-08 09:05:00
OP116635,W0478,Night,D,10.0,2.0,2025-04-24 14:37:00
OP116636,W0283,Mornng,C,10.0,2.0,2025-06-17 14:00:00
OP116637,W0180,Morning,D,31.0,0.0,2025-03-24 09:08:00
OP116638,W0270,Morning,,29.0,,2025-06-16 17:45:00
OP116639,W0216,Night,C,-5.0,1.0,2025-04-27 06:57:00
OP116640,W0149,Morning,D,6.0,1.0,2025-06-18 22:32:00
OP116641,W0223,Night,Z,18.0,0.0,2025-03-31 10:32:00
OP116642,W0486,Mornng,B,22.0,1.0,2025-04-02 15:42:00
OP116643,W0047,Evening,E,34.0,1.0,2025-04-20 00:56:00
OP116644,W0336,Morning,,25.0,2.0,2025-04-08 18:29:00
OP116645,W0204,Night,D,9.0,0.0,2025-04-07 09:36:00
OP116646,W0148,Morning,D,30.0,,2025-04-29 10:52:00
OP116647,W0055,,,16.0,1.0,2025-06-06 22:17:00
OP116648,W0171,Evening,Z,-5.0,1.0,2025-04-11 16:16:00
OP116649,W0283,Evening,A,10.0,2.0,2025-02-16 10:41:00
OP116650,W0305,Mornng,E,29.0,1.0,2025-05-15 03:31:00
OP116651,W0100,Mornng,D,28.0,2.0,2025-06-17 13:00:00
OP116652,W0379,Mornng,,45.0,0.0,2025-02-27 10:23:00
OP116653,W0440,,,45.0,0.0,2025-05-29 11:40:00
OP116654,W0082,Night,C,21.0,0.0,2025-01-05 15:16:00
OP116655,W0012,Evening,A,47.0,,2025-03-31 04:53:00
OP116656,W0343,Evening,E,49.0,,2025-03-08 04:28:00
OP116657,W0162,Mornng,Z,9.0,,2025-06-16 02:11:00
OP116658,W0092,Morning,E,18.0,0.0,2025-03-02 00:00:00
OP116659,W0273,,A,27.0,0.0,2025-02-04 14:28:00
OP116660,W0362,Night,E,37.0,2.0,2025-02-25 11:50:00
OP116661,W0268,,E,37.0,0.0,2025-06-17 00:47:00
OP116662,W0200,,,15.0,2.0,2025-02-21 01:32:00
OP116663,W0007,,D,16.0,2.0,2025-06-29 21:40:00
OP116664,W0421,,E,35.0,0.0,2025-05-05 00:08:00
OP116665,W0142,,A,14.0,,2025-03-31 05:33:00
OP116666,W0081,Evening,E,23.0,1.0,2025-01-15 23:10:00
OP116667,W0215,Night,B,48.0,2.0,2025-01-09 06:50:00
OP116668,W0334,,C,28.0,,invalid_date
OP116669,W0272,Mornng,A,18.0,,2025-03-02 11:29:00
OP116670,W0081,Morning,B,44.0,,2025-06-12 03:51:00
OP116671,W0220,,B,19.0,2.0,2025-03-22 14:42:00
OP116672,W0237,,Z,43.0,1.0,2025-01-28 19:14:00
OP116673,W0241,,C,11.0,1.0,2025-03-27 16:56:00
OP116674,W0116,,A,7.0,1.0,2025-06-25 14:58:00
OP116675,W0367,,E,32.0,0.0,2025-05-13 00:39:00
OP116676,W0064,Night,,47.0,0.0,2025-04-08 13:13:00
OP116677,W0332,Morning,C,28.0,,2025-01-04 08:30:00
OP116678,W0016,,C,32.0,0.0,2025-03-21 07:08:00
OP116679,W0471,Morning,E,21.0,2.0,2025-04-22 07:14:00
OP116680,W0159,Night,D,42.0,1.0,2025-05-27 13:02:00
OP116681,W0103,Night,E,27.0,,2025-04-24 05:36:00
OP116682,W0071,Morning,C,31.0,,2025-02-15 09:59:00
OP116683,W0391,Evening,Z,37.0,0.0,2025-02-12 10:24:00
OP116684,W0164,,D,28.0,1.0,2025-05-17 00:32:00
OP116685,W0065,,C,15.0,2.0,2025-02-21 06:48:00
OP116686,W0232,Night,Z,32.0,0.0,2025-03-02 14:25:00
OP116687,W0161,,E,12.0,1.0,2025-05-20 15:06:00
OP116688,W0451,,D,46.0,2.0,2025-02-11 08:42:00
OP116689,W0037,,,18.0,1.0,2025-02-07 04:29:00
OP116690,W0050,Night,A,48.0,2.0,2025-05-22 19:17:00
OP116691,W0387,,C,0.0,0.0,2025-05-11 16:36:00
OP116692,W0450,,,21.0,2.0,2025-03-18 18:12:00
OP116693,W0079,Morning,B,11.0,,2025-03-26 00:14:00
OP116694,W0009,Mornng,C,41.0,2.0,2025-05-24 13:40:00
OP116695,W0086,,Z,20.0,2.0,2025-02-04 18:21:00
OP116696,W0370,Evening,E,49.0,1.0,2025-01-19 17:37:00
OP116697,W0189,,Z,44.0,2.0,2025-01-07 23:35:00
OP116698,W0071,,C,0.0,0.0,invalid_date
OP116699,W0368,Night,Z,38.0,0.0,2025-06-19 02:37:00
OP116700,W0120,Morning,C,22.0,,2025-04-12 23:03:00
OP116701,W0301,Mornng,Z,17.0,0.0,2025-04-18 06:23:00
OP116702,W0238,Evening,Z,5.0,2.0,2025-05-22 05:44:00
OP116703,W0384,Mornng,D,1.0,0.0,2025-03-10 20:59:00
OP116704,W0211,Morning,A,4.0,,2025-04-12 03:20:00
OP116705,W0128,Night,A,11.0,1.0,2025-01-28 22:34:00
OP116706,W0275,,Z,45.0,0.0,2025-02-15 06:11:00
OP116707,W0390,Morning,,25.0,,2025-04-30 11:30:00
OP116708,W0134,,E,8.0,2.0,2025-06-07 06:05:00
OP116709,W0012,Night,C,36.0,,2025-06-18 11:11:00
OP116710,W0037,Mornng,C,13.0,2.0,2025-01-17 19:59:00
OP116711,W0061,,B,25.0,2.0,2025-06-09 21:03:00
OP116712,W0241,Morning,D,4.0,2.0,2025-03-09 15:38:00
OP116713,W0123,,E,26.0,0.0,2025-06-16 08:08:00
OP116714,W0454,,B,16.0,2.0,invalid_date
OP116715,W0137,Evening,Z,0.0,2.0,2025-02-04 02:02:00
OP116716,W0194,Morning,E,39.0,1.0,2025-05-19 15:16:00
OP116717,W0061,Mornng,A,7.0,0.0,2025-02-02 13:21:00
OP116718,W0017,,E,41.0,,2025-03-23 05:11:00
OP116719,W0416,,B,45.0,,2025-01-26 17:44:00
OP116720,W0358,Night,B,27.0,0.0,2025-04-03 09:38:00
OP116721,W0415,Mornng,A,15.0,2.0,2025-02-12 20:02:00
OP116722,W0226,,,3.0,2.0,2025-01-21 22:29:00
OP116723,W0011,,C,35.0,,2025-05-09 12:42:00
OP116724,W0373,Evening,B,18.0,,2025-04-10 20:49:00
OP116725,W0086,,Z,25.0,,2025-03-28 03:28:00
OP116726,W0178,,,17.0,2.0,2025-02-06 00:43:00
OP116727,W0250,Evening,E,6.0,1.0,2025-02-10 14:36:00
OP116728,W0342,,B,38.0,,2025-01-27 20:21:00
OP116729,W0098,,E,27.0,1.0,2025-01-10 22:16:00
OP116730,W0445,,D,20.0,0.0,2025-05-27 08:10:00
OP116731,W0281,Mornng,E,18.0,1.0,2025-01-06 22:02:00
OP116732,W0383,,,36.0,2.0,2025-05-08 01:13:00
OP116733,W0465,Morning,B,5.0,,2025-02-22 17:26:00
OP116734,W0196,,E,39.0,,2025-05-20 16:07:00
OP116735,W0439,,C,42.0,1.0,2025-02-17 05:37:00
OP116736,W0237,Morning,E,35.0,2.0,2025-04-26 16:33:00
OP116737,W0121,Night,Z,31.0,2.0,2025-05-24 17:54:00
OP116738,W0133,Night,D,23.0,0.0,2025-01-16 12:41:00
OP116739,W0053,Night,,35.0,0.0,2025-02-10 08:15:00
OP116740,W0364,Mornng,B,16.0,0.0,2025-01-17 22:00:00
OP116741,W0101,,C,44.0,0.0,2025-02-03 15:39:00
OP116742,W0269,Evening,C,41.0,,2025-01-04 08:47:00
OP116743,W0054,Mornng,D,,1.0,2025-04-18 20:27:00
OP116744,W0357,Evening,C,45.0,,2025-03-08 23:27:00
OP116745,W0182,Night,E,39.0,0.0,2025-04-26 10:09:00
OP116746,W0335,Evening,Z,42.0,2.0,2025-03-05 11:36:00
OP116747,W0430,Morning,A,33.0,2.0,2025-04-11 02:54:00
OP116748,W0244,,D,7.0,2.0,2025-05-05 12:52:00
OP116749,W0288,Morning,A,6.0,,2025-05-16 18:23:00
OP116750,W0321,Night,D,,2.0,2025-02-02 08:58:00
OP116751,W0241,Night,Z,43.0,2.0,2025-04-24 21:14:00
OP116752,W0044,,D,1.0,,2025-02-05 02:34:00
OP116753,W0472,,A,2.0,0.0,2025-05-31 22:54:00
OP116754,W0246,,B,17.0,0.0,2025-06-24 07:29:00
OP116755,W0481,Morning,A,29.0,0.0,2025-05-28 14:47:00
OP116756,W0214,,Z,25.0,0.0,2025-03-29 04:22:00
OP116757,W0473,Night,B,25.0,2.0,2025-03-29 11:11:00
OP116758,W0035,Mornng,E,9.0,,2025-06-02 23:27:00
OP116759,W0472,Night,Z,47.0,2.0,2025-01-02 09:39:00
OP116760,W0164,Morning,,23.0,1.0,2025-06-25 20:51:00
OP116761,W0058,Mornng,A,43.0,2.0,2025-06-04 17:54:00
OP116762,W0148,Night,E,-5.0,2.0,2025-03-19 01:30:00
OP116763,W0203,,Z,19.0,2.0,2025-06-26 18:34:00
OP116764,W0405,Night,A,23.0,1.0,2025-02-21 00:51:00
OP116765,W0171,Morning,,40.0,2.0,2025-04-03 05:01:00
OP116766,W0198,,B,2.0,2.0,2025-05-27 01:46:00
OP116767,W0384,Morning,B,47.0,0.0,2025-06-06 03:38:00
OP116768,W0124,Morning,B,43.0,2.0,2025-06-21 09:37:00
OP116769,W0255,Evening,A,12.0,0.0,2025-04-16 19:25:00
OP116770,W0381,,,38.0,,2025-03-15 04:01:00
OP116771,W0213,,B,4.0,1.0,2025-04-08 04:42:00
OP116772,W0409,Morning,A,31.0,,2025-06-23 13:56:00
OP116773,W0153,Mornng,A,17.0,,2025-04-19 21:29:00
OP116774,W0252,,C,29.0,0.0,2025-01-12 17:44:00
OP116775,W0021,Mornng,A,3.0,0.0,2025-03-17 15:58:00
OP116776,W0368,,Z,0.0,1.0,2025-05-19 06:23:00
OP116777,W0097,Morning,C,21.0,,2025-01-16 01:59:00
OP116778,W0441,,D,27.0,1.0,2025-04-13 19:39:00
OP116779,W0255,Morning,,32.0,1.0,2025-01-10 22:05:00
OP116780,W0173,,D,15.0,2.0,2025-05-03 06:48:00
OP116781,W0297,,C,2.0,1.0,2025-04-12 05:52:00
OP116782,W0468,Mornng,,23.0,,2025-02-17 21:55:00
OP116783,W0200,Morning,E,29.0,1.0,2025-06-22 07:48:00
OP116784,W0134,Night,E,49.0,0.0,2025-03-11 18:43:00
OP116785,W0096,Morning,B,0.0,0.0,2025-02-04 13:15:00
OP116786,W0231,Evening,,22.0,,2025-01-04 17:55:00
OP116787,W0357,,C,45.0,1.0,2025-06-23 22:42:00
OP116788,W0406,Morning,E,16.0,,2025-06-21 12:29:00
OP116789,W0494,Mornng,D,11.0,2.0,invalid_date
OP116790,W0491,Evening,B,,1.0,2025-05-04 12:23:00
OP116791,W0321,Evening,E,22.0,,2025-06-04 22:03:00
OP116792,W0290,Mornng,A,31.0,,2025-02-16 08:17:00
OP116793,W0366,Night,B,12.0,0.0,2025-03-09 19:55:00
OP116794,W0264,Mornng,C,47.0,2.0,2025-01-02 01:39:00
OP116795,W0177,Night,B,40.0,,2025-03-26 00:09:00
OP116796,W0394,,E,9.0,2.0,2025-05-31 21:34:00
OP116797,W0273,,,37.0,1.0,2025-05-25 03:19:00
OP116798,W0451,Evening,,32.0,,2025-04-12 18:56:00
OP116799,W0031,,A,42.0,0.0,2025-03-11 19:50:00
OP116800,W0103,,,3.0,0.0,2025-03-28 10:29:00
OP116801,W0089,Night,B,21.0,1.0,2025-05-28 01:09:00
OP116802,W0067,Mornng,C,24.0,0.0,2025-06-03 03:10:00
OP116803,W0025,,E,14.0,0.0,2025-02-05 13:54:00
OP116804,W0449,,C,42.0,1.0,2025-06-05 23:30:00
OP116805,W0403,Morning,E,34.0,0.0,2025-05-24 04:09:00
OP116806,W0276,,E,46.0,1.0,2025-03-19 08:41:00
OP116807,W0497,Evening,D,39.0,,2025-04-29 17:16:00
OP116808,W0425,Evening,Z,9.0,0.0,2025-01-16 19:00:00
OP116809,W0004,Evening,A,47.0,1.0,2025-04-28 07:30:00
OP116810,W0060,Night,A,49.0,,2025-02-26 13:02:00
OP116811,W0182,Morning,,13.0,2.0,2025-04-23 18:54:00
OP116812,W0480,,Z,33.0,0.0,2025-05-24 22:56:00
OP116813,W0266,Mornng,B,21.0,1.0,2025-01-13 06:44:00
OP116814,W0250,,C,15.0,,2025-06-11 22:56:00
OP116815,W0105,Night,C,26.0,0.0,2025-01-06 04:43:00
OP116816,W0234,Night,,21.0,1.0,2025-01-06 08:38:00
OP116817,W0325,Evening,B,36.0,2.0,2025-01-23 13:33:00
OP116818,W0040,,Z,14.0,1.0,2025-01-13 00:19:00
OP116819,W0231,Evening,E,44.0,,2025-04-03 04:46:00
OP116820,W0316,Night,A,39.0,,2025-05-26 03:14:00
OP116821,W0452,Morning,E,25.0,2.0,2025-06-06 07:10:00
OP116822,W0299,Evening,Z,30.0,,2025-05-15 19:38:00
OP116823,W0243,Morning,A,19.0,1.0,2025-01-15 21:24:00
OP116824,W0464,,Z,16.0,2.0,2025-02-13 19:09:00
OP116825,W0049,Mornng,D,11.0,,2025-01-30 20:08:00
OP116826,W0274,,C,24.0,,2025-01-09 17:25:00
OP116827,W0168,Morning,C,30.0,1.0,2025-01-17 00:58:00
OP116828,W0188,,A,45.0,1.0,2025-01-04 03:39:00
OP116829,W0264,,B,2.0,2.0,2025-01-27 12:00:00
OP116830,W0358,Mornng,B,42.0,0.0,2025-05-31 22:53:00
OP116831,W0371,,B,38.0,0.0,invalid_date
OP116832,W0071,Night,C,10.0,2.0,2025-04-22 01:55:00
OP116833,W0441,Morning,C,40.0,0.0,2025-01-14 17:32:00
OP116834,W0491,Night,D,8.0,,2025-02-28 10:44:00
OP116835,W0170,Night,,11.0,,2025-05-16 05:02:00
OP116836,W0293,,A,14.0,0.0,2025-06-12 06:11:00
OP116837,W0228,Evening,E,9.0,,2025-01-02 21:20:00
OP116838,W0226,Morning,E,19.0,,2025-03-06 10:53:00
OP116839,W0366,Mornng,C,28.0,2.0,2025-02-23 04:39:00
OP116840,W0266,,E,2.0,2.0,2025-02-20 19:28:00
OP116841,W0320,Evening,D,37.0,1.0,2025-06-24 17:39:00
OP116842,W0142,Evening,C,33.0,2.0,2025-05-06 13:44:00
OP116843,W0042,,D,5.0,2.0,invalid_date
OP116844,W0472,,D,48.0,0.0,2025-05-21 04:10:00
OP116845,W0249,Mornng,D,39.0,1.0,2025-04-17 20:47:00
OP116846,W0075,Night,B,26.0,1.0,2025-03-02 15:37:00
OP116847,W0423,Night,,22.0,,2025-03-31 14:54:00
OP116848,W0079,Morning,E,31.0,,2025-06-05 12:31:00
OP116849,W0444,Night,,4.0,2.0,2025-02-01 20:55:00
OP116850,W0040,,A,36.0,,2025-05-15 19:21:00
OP116851,W0430,,B,43.0,1.0,2025-05-08 01:34:00
OP116852,W0441,Night,,27.0,1.0,2025-03-28 16:30:00
OP116853,W0059,,A,24.0,2.0,2025-01-04 04:18:00
OP116854,W0177,Morning,E,39.0,,2025-05-25 05:10:00
OP116855,W0136,Night,,48.0,,invalid_date
OP116856,W0496,Night,E,15.0,1.0,2025-03-16 12:16:00
OP116857,W0180,Mornng,B,,,2025-04-09 14:28:00
OP116858,W0001,Mornng,A,41.0,2.0,2025-03-11 18:08:00
OP116859,W0470,,E,22.0,1.0,2025-05-14 21:59:00
OP116860,W0466,,E,45.0,2.0,2025-01-22 10:58:00
OP116861,W0130,Night,D,30.0,1.0,2025-06-26 01:07:00
OP116862,W0135,Morning,C,9.0,0.0,2025-03-06 02:20:00
OP116863,W0310,Morning,Z,48.0,2.0,2025-01-25 14:27:00
OP116864,W0003,Night,A,30.0,1.0,2025-03-12 18:54:00
OP116865,W0146,,B,28.0,0.0,2025-01-03 00:04:00
OP116866,W0040,Night,,15.0,0.0,invalid_date
OP116867,W0330,,B,4.0,1.0,2025-01-04 02:54:00
OP116868,W0067,,C,15.0,1.0,2025-03-15 18:03:00
OP116869,W0255,,C,33.0,0.0,2025-05-07 11:04:00
OP116870,W0390,Mornng,B,48.0,1.0,2025-01-17 07:12:00
OP116871,W0215,,C,45.0,,2025-02-28 05:35:00
OP116872,W0272,,B,17.0,0.0,2025-06-10 22:04:00
OP116873,W0467,,D,2.0,,2025-06-09 04:24:00
OP116874,W0485,Mornng,,10.0,,2025-03-28 09:29:00
OP116875,W0432,Morning,,6.0,1.0,2025-02-21 01:04:00
OP116876,W0179,Morning,E,24.0,1.0,2025-02-23 13:50:00
OP116877,W0280,Night,C,14.0,0.0,2025-01-05 14:12:00
OP116878,W0467,Evening,C,0.0,,2025-04-27 15:43:00
OP116879,W0146,Morning,B,,0.0,2025-05-27 07:58:00
OP116880,W0124,Night,B,24.0,,2025-02-01 12:28:00
OP116881,W0067,Mornng,,7.0,,2025-02-07 03:18:00
OP116882,W0131,Morning,E,20.0,2.0,2025-03-17 16:22:00
OP116883,W0394,,D,10.0,0.0,2025-05-10 23:27:00
OP116884,W0148,Night,C,23.0,,2025-06-21 05:51:00
OP116885,W0096,Evening,A,,1.0,2025-01-21 12:27:00
OP116886,W0100,Morning,Z,45.0,,2025-02-16 09:49:00
OP116887,W0322,,Z,31.0,0.0,2025-01-11 23:44:00
OP116888,W0244,Night,E,48.0,0.0,2025-01-16 11:54:00
OP116889,W0463,Night,Z,10.0,1.0,2025-02-27 22:58:00
OP116890,W0286,Night,D,27.0,,2025-01-06 10:36:00
OP116891,W0094,Mornng,E,11.0,2.0,2025-01-29 21:53:00
OP116892,W0240,Morning,C,28.0,,2025-04-14 19:41:00
OP116893,W0384,Evening,Z,34.0,,2025-03-06 16:31:00
OP116894,W0260,Evening,Z,40.0,,2025-02-07 16:58:00
OP116895,W0031,,Z,22.0,,2025-01-22 02:02:00
OP116896,W0395,Morning,C,43.0,,2025-06-14 19:24:00
OP116897,W0437,,,37.0,,2025-06-18 11:03:00
OP116898,W0059,,A,3.0,,2025-06-23 04:41:00
OP116899,W0060,,,40.0,1.0,2025-06-04 14:22:00
OP116900,W0203,Evening,E,27.0,,2025-01-01 22:10:00
OP116901,W0306,,,16.0,2.0,2025-02-23 16:42:00
OP116902,W0060,Mornng,B,16.0,2.0,invalid_date
OP116903,W0152,Night,Z,46.0,1.0,2025-05-06 12:18:00
OP116904,W0429,,B,24.0,2.0,invalid_date
OP116905,W0185,Evening,,14.0,,2025-03-20 09:21:00
OP116906,W0348,Evening,D,44.0,2.0,2025-03-25 16:52:00
OP116907,W0138,Night,C,26.0,2.0,2025-05-31 23:06:00
OP116908,W0206,Evening,D,33.0,,2025-06-04 06:24:00
OP116909,W0417,,Z,22.0,2.0,2025-04-24 04:41:00
OP116910,W0029,Night,B,8.0,1.0,invalid_date
OP116911,W0075,Mornng,Z,5.0,0.0,2025-02-26 15:39:00
OP116912,W0347,,C,15.0,1.0,2025-03-24 03:10:00
OP116913,W0342,Mornng,,11.0,0.0,2025-01-30 14:17:00
OP116914,W0031,Mornng,D,36.0,,2025-05-03 01:28:00
OP116915,W0135,,D,13.0,,2025-04-22 05:41:00
OP116916,W0347,Evening,Z,29.0,,2025-03-28 07:09:00
OP116917,W0487,Morning,Z,17.0,2.0,2025-03-13 03:09:00
OP116918,W0064,Mornng,C,21.0,2.0,2025-01-15 02:37:00
OP116919,W0071,,Z,21.0,,2025-03-09 01:26:00
OP116920,W0042,Night,C,17.0,1.0,2025-04-08 13:24:00
OP116921,W0130,Mornng,Z,7.0,,2025-01-31 13:52:00
OP116922,W0345,Morning,B,,,2025-05-04 09:47:00
OP116923,W0450,,Z,1.0,,2025-02-13 02:31:00
OP116924,W0294,Evening,,49.0,2.0,2025-06-29 06:48:00
OP116925,W0110,Morning,C,41.0,,2025-06-26 21:03:00
OP116926,W0010,Mornng,B,17.0,0.0,2025-04-12 09:12:00
OP116927,W0188,,Z,14.0,,2025-04-04 03:03:00
OP116928,W0470,,A,35.0,0.0,2025-01-21 02:36:00
OP116929,W0278,,C,34.0,0.0,2025-01-30 17:19:00
OP116930,W0381,Mornng,Z,13.0,2.0,2025-03-08 13:05:00
OP116931,W0048,Evening,A,1.0,,2025-02-09 02:43:00
OP116932,W0345,Night,E,14.0,2.0,2025-05-04 18:30:00
OP116933,W0052,,C,0.0,,2025-02-18 03:32:00
OP116934,W0040,Mornng,,16.0,1.0,2025-01-14 13:55:00
OP116935,W0434,,B,32.0,0.0,2025-02-17 21:17:00
OP116936,W0282,Evening,D,5.0,2.0,2025-04-07 20:59:00
OP116937,W0291,Mornng,Z,18.0,2.0,2025-01-04 08:09:00
OP116938,W0317,Mornng,B,44.0,2.0,2025-02-28 03:29:00
OP116939,W0121,,E,47.0,,2025-05-31 14:07:00
OP116940,W0290,Mornng,A,6.0,2.0,2025-04-22 15:30:00
OP116941,W0348,Evening,A,34.0,1.0,2025-03-24 22:19:00
OP116942,W0278,,,21.0,,2025-01-01 23:43:00
OP116943,W0078,Morning,C,19.0,0.0,2025-06-03 00:14:00
OP116944,W0421,Mornng,Z,22.0,,2025-04-22 10:17:00
OP116945,W0230,,,22.0,,2025-01-29 03:15:00
OP116946,W0009,Morning,E,11.0,2.0,2025-04-20 17:03:00
OP116947,W0461,,B,33.0,0.0,2025-04-06 12:52:00
OP116948,W0214,Mornng,D,5.0,0.0,2025-06-26 08:54:00
OP116949,W0249,,C,4.0,2.0,2025-05-12 02:50:00
OP116950,W0030,Morning,B,37.0,2.0,2025-04-19 08:02:00
OP116951,W0305,Night,B,39.0,1.0,2025-01-10 01:04:00
OP116952,W0145,,D,33.0,2.0,2025-01-31 22:49:00
OP116953,W0356,,A,22.0,2.0,2025-04-05 15:03:00
OP116954,W0132,Morning,B,45.0,,2025-04-02 23:26:00
OP116955,W0077,Night,Z,1.0,2.0,2025-02-17 05:18:00
OP116956,W0043,,D,21.0,1.0,2025-05-26 23:26:00
OP116957,W0359,Mornng,D,22.0,1.0,2025-05-26 04:37:00
OP116958,W0278,,A,21.0,2.0,2025-06-20 07:37:00
OP116959,W0061,,,2.0,,2025-05-22 18:14:00
OP116960,W0407,Morning,E,15.0,1.0,2025-03-26 06:24:00
OP116961,W0233,Evening,E,43.0,1.0,2025-05-24 01:11:00
OP116962,W0270,Night,Z,34.0,,2025-01-22 10:43:00
OP116963,W0139,,B,23.0,1.0,2025-02-02 23:27:00
OP116964,W0265,Evening,C,43.0,0.0,2025-06-06 01:41:00
OP116965,W0416,Evening,E,3.0,1.0,2025-04-17 22:50:00
OP116966,W0058,,Z,48.0,1.0,2025-04-16 01:51:00
OP116967,W0376,Evening,A,12.0,1.0,2025-02-09 01:41:00
OP116968,W0362,Evening,C,18.0,1.0,2025-03-15 02:26:00
OP116969,W0187,Evening,A,18.0,,2025-05-31 19:02:00
OP116970,W0178,,E,15.0,2.0,2025-04-14 12:16:00
OP116971,W0170,,E,45.0,0.0,2025-04-30 18:19:00
OP116972,W0107,Night,A,2.0,,2025-02-22 22:54:00
OP116973,W0005,Morning,A,11.0,,invalid_date
OP116974,W0421,,,49.0,0.0,2025-04-11 05:10:00
OP116975,W0192,Mornng,A,7.0,,2025-06-02 00:24:00
OP116976,W0494,,C,21.0,2.0,2025-04-05 11:10:00
OP116977,W0377,Mornng,,,,2025-04-03 20:13:00
OP116978,W0015,,,10.0,1.0,2025-05-28 22:03:00
OP116979,W0218,,E,43.0,2.0,2025-01-06 12:41:00
OP116980,W0353,,Z,13.0,0.0,2025-01-25 16:11:00
OP116981,W0304,Evening,D,0.0,2.0,2025-05-26 04:53:00
OP116982,W0020,,B,3.0,1.0,2025-06-11 02:53:00
OP116983,W0037,Mornng,A,9.0,,2025-02-03 11:39:00
OP116984,W0199,Morning,E,1.0,1.0,2025-05-15 04:21:00
OP116985,W0273,Mornng,C,39.0,0.0,2025-03-15 19:53:00
OP116986,W0227,Morning,Z,44.0,1.0,2025-06-25 08:46:00
OP116987,W0274,Morning,D,9.0,,2025-04-10 10:49:00
OP116988,W0166,Night,E,48.0,0.0,2025-04-12 02:53:00
OP116989,W0354,Evening,D,15.0,,2025-05-27 20:13:00
OP116990,W0029,Morning,D,26.0,2.0,2025-04-26 14:03:00
OP116991,W0434,Night,C,39.0,0.0,2025-03-28 05:53:00
OP116992,W0235,,D,36.0,0.0,2025-01-20 23:48:00
OP116993,W0482,Mornng,D,9.0,2.0,2025-02-13 12:57:00
OP116994,W0329,Night,,20.0,2.0,2025-01-19 20:49:00
OP116995,W0067,Night,A,15.0,0.0,2025-03-29 00:25:00
OP116996,W0260,Mornng,E,21.0,0.0,2025-02-03 06:22:00
OP116997,W0028,,D,39.0,,2025-05-01 09:42:00
OP116998,W0208,Evening,A,31.0,0.0,2025-04-14 07:31:00
OP116999,W0288,,Z,12.0,2.0,2025-05-10 15:54:00
OP117000,W0170,Night,Z,38.0,0.0,2025-03-13 10:23:00
OP117001,W0489,,C,23.0,,2025-04-16 14:14:00
OP117002,W0176,,C,3.0,2.0,2025-04-27 03:55:00
OP117003,W0130,Mornng,Z,38.0,1.0,2025-02-20 01:56:00
OP117004,W0299,Night,E,7.0,,2025-03-26 14:05:00
OP117005,W0438,Evening,C,3.0,2.0,2025-02-22 14:55:00
OP117006,W0105,,B,31.0,0.0,2025-02-22 23:06:00
OP117007,W0426,Night,,38.0,,2025-06-18 11:32:00
OP117008,W0292,Night,E,38.0,,2025-02-20 09:15:00
OP117009,W0161,,D,6.0,2.0,2025-04-07 08:23:00
OP117010,W0436,Evening,E,34.0,0.0,2025-06-01 02:28:00
OP117011,W0139,Morning,D,2.0,0.0,invalid_date
OP117012,W0329,,E,5.0,2.0,2025-06-21 01:30:00
OP117013,W0329,Night,D,5.0,0.0,2025-06-22 09:44:00
OP117014,W0116,,Z,30.0,1.0,2025-03-08 10:10:00
OP117015,W0410,Morning,,10.0,,2025-04-03 15:23:00
OP117016,W0153,Mornng,D,43.0,2.0,2025-04-21 00:49:00
OP117017,W0472,Mornng,D,42.0,,2025-04-05 15:50:00
OP117018,W0199,Morning,Z,0.0,,2025-03-24 16:04:00
OP117019,W0265,,,35.0,2.0,2025-02-27 14:03:00
OP117020,W0442,Morning,B,49.0,0.0,2025-01-19 08:05:00
OP117021,W0287,Mornng,C,39.0,1.0,2025-04-12 13:00:00
OP117022,W0300,Morning,D,3.0,2.0,2025-01-15 19:39:00
OP117023,W0118,,C,19.0,0.0,2025-06-08 10:00:00
OP117024,W0295,Night,E,48.0,1.0,2025-05-11 02:40:00
OP117025,W0460,Evening,E,12.0,0.0,2025-05-13 15:25:00
OP117026,W0499,Evening,Z,21.0,0.0,2025-02-09 10:41:00
OP117027,W0210,,E,14.0,0.0,2025-03-14 01:26:00
OP117028,W0234,Morning,E,45.0,,2025-04-02 12:30:00
OP117029,W0343,Morning,B,17.0,2.0,2025-01-24 01:00:00
OP117030,W0260,Evening,E,22.0,0.0,2025-01-07 18:57:00
OP117031,W0268,Morning,,1.0,1.0,2025-05-07 22:09:00
OP117032,W0001,Mornng,A,19.0,1.0,2025-04-13 22:11:00
OP117033,W0088,,Z,8.0,,2025-05-07 00:14:00
OP117034,W0411,Morning,,28.0,2.0,2025-04-03 06:48:00
OP117035,W0077,,E,0.0,0.0,2025-05-25 05:01:00
OP117036,W0415,,B,18.0,,2025-01-15 21:59:00
OP117037,W0187,,B,30.0,1.0,2025-06-29 12:55:00
OP117038,W0065,,,7.0,1.0,2025-03-06 05:11:00
OP117039,W0469,Evening,A,42.0,,2025-03-08 15:38:00
OP117040,W0093,Evening,A,40.0,,2025-03-22 17:53:00
OP117041,W0086,Evening,Z,25.0,2.0,2025-04-28 21:16:00
OP117042,W0221,Night,E,47.0,2.0,2025-04-30 13:51:00
OP117043,W0126,Night,D,21.0,2.0,2025-04-28 19:32:00
OP117044,W0196,Morning,Z,40.0,,2025-05-29 05:24:00
OP117045,W0389,Night,C,28.0,2.0,2025-02-08 08:27:00
OP117046,W0031,Evening,C,47.0,0.0,2025-05-20 20:47:00
OP117047,W0244,Night,E,20.0,0.0,2025-05-13 01:57:00
OP117048,W0051,,A,25.0,,2025-02-09 14:24:00
OP117049,W0142,Night,C,3.0,,2025-01-03 02:29:00
OP117050,W0244,,Z,10.0,2.0,2025-01-07 08:51:00
OP117051,W0198,Morning,Z,45.0,,2025-03-21 07:57:00
OP117052,W0269,,D,46.0,0.0,2025-03-10 18:50:00
OP117053,W0408,Evening,B,44.0,,2025-05-09 13:46:00
OP117054,W0495,Morning,Z,34.0,,2025-02-05 03:30:00
OP117055,W0357,,E,8.0,0.0,2025-04-29 22:25:00
OP117056,W0076,Evening,C,24.0,2.0,2025-02-25 00:13:00
OP117057,W0440,Evening,C,37.0,0.0,2025-02-26 14:19:00
OP117058,W0106,Morning,A,23.0,1.0,2025-06-23 17:47:00
OP117059,W0122,Evening,Z,43.0,1.0,2025-03-29 05:18:00
OP117060,W0282,Evening,B,28.0,0.0,2025-01-03 11:47:00
OP117061,W0394,Evening,C,29.0,,2025-01-30 07:43:00
OP117062,W0079,,A,45.0,,2025-03-18 23:26:00
OP117063,W0320,,,34.0,0.0,2025-01-16 12:28:00
OP117064,W0446,,A,40.0,0.0,2025-05-26 10:53:00
OP117065,W0493,,E,43.0,2.0,2025-01-30 03:57:00
OP117066,W0161,Morning,Z,5.0,2.0,2025-03-10 19:03:00
OP117067,W0154,Mornng,E,33.0,0.0,2025-01-31 08:38:00
OP117068,W0312,,C,32.0,1.0,2025-02-17 19:53:00
OP117069,W0407,Night,D,19.0,0.0,2025-01-13 15:07:00
OP117070,W0318,,Z,11.0,,2025-01-28 20:42:00
OP117071,W0093,Evening,B,40.0,0.0,2025-02-12 10:02:00
OP117072,W0083,Night,A,18.0,1.0,2025-05-11 00:27:00
OP117073,W0190,Night,E,15.0,,2025-04-18 22:34:00
OP117074,W0360,Morning,,11.0,1.0,2025-05-05 10:08:00
OP117075,W0143,,B,45.0,1.0,2025-04-10 07:49:00
OP117076,W0446,,D,1.0,2.0,2025-03-31 08:06:00
OP117077,W0056,,Z,41.0,1.0,2025-02-24 03:44:00
OP117078,W0419,Night,D,-5.0,,2025-04-03 12:39:00
OP117079,W0059,Night,Z,18.0,,2025-01-24 16:50:00
OP117080,W0181,Mornng,A,30.0,,2025-06-20 07:10:00
OP117081,W0284,,,20.0,2.0,2025-04-04 00:26:00
OP117082,W0255,Mornng,E,35.0,1.0,2025-01-28 08:42:00
OP117083,W0179,Mornng,E,28.0,1.0,2025-01-09 20:14:00
OP117084,W0242,Night,A,28.0,,2025-02-05 03:31:00
OP117085,W0009,,,38.0,2.0,2025-05-23 14:18:00
OP117086,W0041,Night,B,45.0,2.0,2025-03-01 18:31:00
OP117087,W0326,Morning,E,19.0,1.0,2025-01-22 01:17:00
OP117088,W0389,,A,37.0,0.0,2025-01-09 12:24:00
OP117089,W0324,,B,5.0,2.0,2025-01-16 16:01:00
OP117090,W0299,,E,23.0,0.0,2025-05-29 23:34:00
OP117091,W0332,Morning,Z,37.0,1.0,2025-05-14 04:53:00
OP117092,W0067,Morning,A,25.0,0.0,2025-01-08 04:52:00
OP117093,W0444,Mornng,Z,21.0,,2025-03-03 20:09:00
OP117094,W0333,Night,C,10.0,1.0,2025-05-26 23:26:00
OP117095,W0487,,C,34.0,1.0,2025-05-01 23:28:00
OP117096,W0465,Morning,,33.0,0.0,2025-02-17 12:34:00
OP117097,W0249,Mornng,Z,5.0,,2025-03-17 02:39:00
OP117098,W0128,,C,0.0,2.0,2025-05-04 15:58:00
OP117099,W0304,Mornng,B,40.0,,2025-06-25 11:10:00
OP117100,W0031,,C,5.0,1.0,2025-06-01 04:36:00
OP117101,W0439,,Z,17.0,,2025-05-02 17:22:00
OP117102,W0114,Morning,D,21.0,1.0,2025-05-09 11:21:00
OP117103,W0248,,E,26.0,,2025-05-13 18:42:00
OP117104,W0155,,,45.0,2.0,2025-06-24 23:19:00
OP117105,W0156,,B,37.0,2.0,2025-04-11 05:33:00
OP117106,W0245,,D,14.0,,2025-06-13 03:16:00
OP117107,W0334,Evening,A,25.0,2.0,2025-06-05 00:59:00
OP117108,W0365,,A,49.0,0.0,2025-04-25 22:47:00
OP117109,W0479,Morning,B,27.0,1.0,2025-03-16 15:54:00
OP117110,W0153,Mornng,A,-5.0,0.0,2025-05-12 14:58:00
OP117111,W0129,Morning,C,32.0,0.0,2025-06-25 22:21:00
OP117112,W0019,Mornng,B,31.0,1.0,2025-03-11 01:18:00
OP117113,W0360,,E,10.0,1.0,2025-04-21 01:47:00
OP117114,W0388,,Z,19.0,0.0,invalid_date
OP117115,W0197,Night,E,38.0,0.0,2025-05-30 15:27:00
OP117116,W0178,,B,19.0,2.0,2025-01-02 06:25:00
OP117117,W0165,,Z,28.0,2.0,2025-06-15 23:51:00
OP117118,W0200,Night,D,44.0,1.0,2025-02-17 07:33:00
OP117119,W0275,Evening,E,3.0,1.0,2025-06-09 08:02:00
OP117120,W0466,,C,19.0,2.0,2025-01-22 06:39:00
OP117121,W0243,Evening,D,30.0,1.0,2025-02-21 04:46:00
OP117122,W0229,Night,E,5.0,1.0,2025-02-08 20:49:00
OP117123,W0097,Night,C,33.0,1.0,2025-02-10 22:02:00
OP117124,W0142,,,27.0,2.0,2025-01-20 22:49:00
OP117125,W0050,Evening,C,10.0,1.0,2025-05-01 22:02:00
OP117126,W0353,Night,Z,43.0,0.0,2025-02-18 13:48:00
OP117127,W0020,,E,26.0,2.0,2025-05-07 07:11:00
OP117128,W0478,Night,A,10.0,0.0,2025-04-29 13:38:00
OP117129,W0082,,E,28.0,0.0,2025-04-18 05:23:00
OP117130,W0145,,,-5.0,,2025-04-29 16:36:00
OP117131,W0011,Mornng,Z,45.0,0.0,2025-04-16 16:54:00
OP117132,W0084,Night,C,6.0,1.0,invalid_date
OP117133,W0072,Mornng,Z,16.0,0.0,2025-05-06 07:25:00
OP117134,W0165,,B,27.0,2.0,2025-03-06 18:05:00
OP117135,W0211,,D,46.0,1.0,2025-05-04 21:25:00
OP117136,W0094,,D,31.0,,2025-02-07 18:34:00
OP117137,W0255,Evening,C,10.0,1.0,2025-02-23 08:45:00
OP117138,W0003,Morning,,0.0,1.0,2025-05-21 00:38:00
OP117139,W0119,Morning,C,26.0,2.0,2025-04-22 12:20:00
OP117140,W0459,Mornng,A,33.0,1.0,2025-02-17 13:16:00
OP117141,W0205,Evening,D,37.0,,2025-02-24 13:21:00
OP117142,W0096,Evening,,8.0,,2025-03-10 00:06:00
OP117143,W0399,,Z,4.0,1.0,2025-04-17 20:22:00
OP117144,W0125,Morning,Z,27.0,,2025-05-13 04:56:00
OP117145,W0475,,C,15.0,1.0,2025-04-25 03:32:00
OP117146,W0408,,E,17.0,,2025-05-06 23:47:00
OP117147,W0307,,C,38.0,,2025-02-08 04:00:00
OP117148,W0319,Evening,E,7.0,0.0,2025-01-03 02:35:00
OP117149,W0431,,C,34.0,0.0,2025-06-20 20:38:00
OP117150,W0407,,E,19.0,1.0,2025-02-25 10:12:00
OP117151,W0113,Mornng,Z,32.0,0.0,2025-03-04 19:28:00
OP117152,W0470,Evening,A,1.0,,2025-02-12 05:44:00
OP117153,W0286,Morning,D,40.0,0.0,2025-03-26 22:59:00
OP117154,W0071,Evening,D,19.0,2.0,2025-05-11 14:44:00
OP117155,W0314,Evening,E,37.0,0.0,2025-02-20 12:43:00
OP117156,W0076,,B,43.0,2.0,invalid_date
OP117157,W0483,,E,15.0,1.0,2025-06-14 02:19:00
OP117158,W0450,Night,D,10.0,,2025-02-11 08:44:00
OP117159,W0381,Evening,C,8.0,0.0,2025-04-24 15:10:00
OP117160,W0240,Night,D,30.0,1.0,2025-06-08 15:33:00
OP117161,W0357,Morning,A,2.0,,2025-06-21 16:34:00
OP117162,W0441,,A,32.0,,2025-04-03 21:44:00
OP117163,W0395,Evening,Z,36.0,1.0,2025-04-11 23:43:00
OP117164,W0019,Mornng,D,24.0,1.0,2025-05-30 02:12:00
OP117165,W0386,,C,20.0,1.0,2025-03-02 11:15:00
OP117166,W0114,,Z,13.0,2.0,2025-04-07 04:33:00
OP117167,W0162,Night,C,24.0,1.0,2025-05-08 16:41:00
OP117168,W0092,Mornng,A,46.0,0.0,2025-06-13 18:15:00
OP117169,W0160,,,42.0,0.0,2025-02-03 10:36:00
OP117170,W0095,Morning,Z,21.0,0.0,2025-02-15 23:18:00
OP117171,W0119,Evening,B,35.0,2.0,2025-06-12 02:31:00
OP117172,W0030,Morning,Z,22.0,1.0,2025-03-06 01:56:00
OP117173,W0186,Evening,E,34.0,1.0,2025-03-15 09:08:00
OP117174,W0495,Morning,,11.0,1.0,2025-06-12 23:09:00
OP117175,W0348,Night,Z,45.0,2.0,2025-05-05 12:45:00
OP117176,W0086,,A,40.0,,2025-05-22 03:19:00
OP117177,W0258,Morning,D,19.0,1.0,2025-06-02 22:25:00
OP117178,W0478,Mornng,B,34.0,2.0,2025-03-28 21:20:00
OP117179,W0174,Night,,-5.0,2.0,2025-04-01 23:33:00
OP117180,W0406,Morning,Z,43.0,1.0,2025-06-05 06:00:00
OP117181,W0396,,,39.0,1.0,2025-04-21 07:59:00
OP117182,W0018,Night,A,-5.0,1.0,2025-06-05 19:21:00
OP117183,W0130,,,16.0,,2025-06-22 21:34:00
OP117184,W0432,,Z,32.0,,2025-05-13 00:03:00
OP117185,W0410,Mornng,B,49.0,1.0,2025-03-01 23:04:00
OP117186,W0273,Mornng,E,43.0,0.0,2025-01-13 12:14:00
OP117187,W0231,Evening,C,8.0,,2025-01-05 23:30:00
OP117188,W0403,Mornng,D,34.0,1.0,2025-05-19 04:20:00
OP117189,W0448,Morning,,0.0,2.0,2025-06-17 10:23:00
OP117190,W0367,,B,22.0,1.0,2025-06-23 18:21:00
OP117191,W0075,Mornng,C,11.0,2.0,2025-05-17 01:18:00
OP117192,W0238,Evening,A,2.0,,2025-02-23 17:32:00
OP117193,W0233,Night,C,44.0,,2025-01-13 21:42:00
OP117194,W0105,,D,30.0,1.0,2025-04-14 12:52:00
OP117195,W0427,,B,18.0,2.0,2025-03-27 01:06:00
OP117196,W0305,,D,25.0,2.0,2025-05-09 10:08:00
OP117197,W0385,Mornng,E,24.0,0.0,2025-01-22 07:07:00
OP117198,W0479,,D,20.0,,2025-05-05 11:07:00
OP117199,W0465,Evening,D,49.0,0.0,2025-01-06 02:41:00
OP117200,W0091,Morning,B,12.0,1.0,2025-04-29 18:02:00
OP117201,W0447,Morning,C,46.0,2.0,2025-05-21 05:19:00
OP117202,W0391,Morning,E,38.0,0.0,2025-01-16 12:38:00
OP117203,W0396,Night,Z,44.0,,2025-03-05 13:45:00
OP117204,W0170,,E,,,2025-05-29 14:48:00
OP117205,W0410,Night,B,13.0,0.0,2025-03-12 03:13:00
OP117206,W0263,Mornng,A,12.0,1.0,2025-01-28 00:51:00
OP117207,W0242,Night,A,44.0,0.0,2025-05-02 05:29:00
OP117208,W0392,Morning,B,10.0,0.0,2025-05-23 07:34:00
OP117209,W0265,,E,13.0,0.0,2025-06-28 03:11:00
OP117210,W0477,Morning,D,17.0,1.0,2025-06-25 15:57:00
OP117211,W0415,Night,C,30.0,,2025-02-01 00:26:00
OP117212,W0206,Evening,,40.0,0.0,2025-06-22 02:50:00
OP117213,W0476,,Z,21.0,,2025-01-10 08:01:00
OP117214,W0085,Mornng,E,44.0,1.0,2025-01-05 17:00:00
OP117215,W0113,,Z,27.0,,2025-06-26 16:15:00
OP117216,W0222,,E,7.0,,2025-03-31 03:27:00
OP117217,W0324,,A,27.0,0.0,invalid_date
OP117218,W0420,,D,10.0,1.0,2025-03-24 05:43:00
OP117219,W0274,,Z,11.0,1.0,2025-06-21 15:21:00
OP117220,W0036,Evening,A,19.0,0.0,2025-01-08 17:23:00
OP117221,W0206,Evening,C,37.0,2.0,2025-04-16 07:23:00
OP117222,W0246,,C,44.0,,2025-01-09 04:30:00
OP117223,W0197,,E,28.0,0.0,2025-02-08 10:07:00
OP117224,W0156,Mornng,B,27.0,,2025-03-19 07:28:00
OP117225,W0306,Mornng,B,49.0,,2025-01-27 14:07:00
OP117226,W0348,Mornng,A,16.0,2.0,2025-01-22 04:02:00
OP117227,W0475,Night,D,7.0,1.0,2025-01-19 02:46:00
OP117228,W0191,Night,A,43.0,2.0,2025-02-28 10:19:00
OP117229,W0372,Morning,,20.0,2.0,2025-01-09 03:20:00
OP117230,W0075,Morning,Z,45.0,1.0,2025-06-20 10:47:00
OP117231,W0492,,,1.0,0.0,2025-05-24 13:03:00
OP117232,W0484,Night,D,24.0,,2025-05-20 22:56:00
OP117233,W0390,Night,E,44.0,0.0,2025-02-04 00:46:00
OP117234,W0461,Morning,D,3.0,2.0,2025-03-31 21:43:00
OP117235,W0414,Morning,E,34.0,,2025-05-03 16:04:00
OP117236,W0096,,E,0.0,2.0,2025-03-08 13:36:00
OP117237,W0310,Night,B,15.0,1.0,2025-03-08 10:19:00
OP117238,W0470,,E,22.0,2.0,2025-01-05 11:19:00
OP117239,W0086,Mornng,C,12.0,2.0,2025-04-16 10:37:00
OP117240,W0201,,D,5.0,,2025-05-22 11:45:00
OP117241,W0266,Evening,E,42.0,1.0,2025-01-09 20:14:00
OP117242,W0051,Evening,A,48.0,2.0,2025-05-05 02:44:00
OP117243,W0124,Morning,B,9.0,1.0,2025-05-15 19:29:00
OP117244,W0346,,E,32.0,,2025-03-02 17:48:00
OP117245,W0137,,Z,47.0,0.0,2025-03-09 17:24:00
OP117246,W0397,Mornng,C,0.0,,2025-01-21 12:23:00
OP117247,W0081,,E,11.0,0.0,2025-02-14 09:39:00
OP117248,W0216,Evening,Z,43.0,2.0,2025-04-28 10:11:00
OP117249,W0029,Night,Z,39.0,1.0,2025-03-09 11:15:00
OP117250,W0145,Morning,Z,7.0,2.0,2025-06-14 08:48:00
OP117251,W0265,Night,Z,19.0,1.0,2025-06-09 20:35:00
OP117252,W0492,,E,47.0,0.0,2025-02-18 04:10:00
OP117253,W0071,,Z,35.0,1.0,2025-01-14 16:46:00
OP117254,W0008,Night,Z,29.0,,2025-03-24 02:33:00
OP117255,W0479,Morning,Z,26.0,0.0,2025-01-06 03:38:00
OP117256,W0474,Night,D,6.0,1.0,2025-02-17 05:35:00
OP117257,W0078,Mornng,Z,19.0,1.0,2025-03-19 21:12:00
OP117258,W0150,Mornng,C,17.0,0.0,2025-03-18 12:26:00
OP117259,W0381,Night,A,24.0,2.0,2025-06-29 20:43:00
OP117260,W9999,Mornng,A,9.0,0.0,2025-02-13 07:12:00
OP117261,W0322,Morning,D,33.0,0.0,2025-05-09 16:56:00
OP117262,W0137,Mornng,C,39.0,2.0,2025-01-26 21:01:00
OP117263,W0462,Mornng,C,32.0,2.0,2025-03-10 19:15:00
OP117264,W0223,Evening,A,20.0,1.0,2025-06-16 06:35:00
OP117265,W0403,Evening,C,15.0,,2025-05-20 13:45:00
OP117266,W0169,,C,26.0,2.0,2025-01-31 00:10:00
OP117267,W0458,,C,40.0,2.0,2025-05-13 08:28:00
OP117268,W0275,,C,49.0,1.0,2025-05-22 03:48:00
OP117269,W0270,Morning,A,4.0,,2025-01-08 23:40:00
OP117270,W0401,Mornng,D,31.0,1.0,2025-04-22 10:47:00
OP117271,W0264,,D,16.0,0.0,2025-06-08 08:15:00
OP117272,W0020,Mornng,Z,22.0,0.0,2025-03-16 11:13:00
OP117273,W0234,Night,Z,39.0,1.0,2025-03-22 23:32:00
OP117274,W0391,Mornng,Z,7.0,1.0,2025-03-08 13:42:00
OP117275,W0289,,,8.0,,2025-05-26 13:15:00
OP117276,W0459,,E,-5.0,1.0,2025-04-01 03:33:00
OP117277,W0063,Morning,Z,12.0,2.0,2025-02-10 18:59:00
OP117278,W0107,Mornng,Z,31.0,0.0,2025-04-03 15:09:00
OP117279,W0493,Mornng,D,33.0,1.0,2025-05-18 23:07:00
OP117280,W0493,,B,32.0,0.0,2025-03-12 22:53:00
OP117281,W0208,Night,E,45.0,2.0,2025-02-28 20:22:00
OP117282,W0049,Night,,18.0,1.0,2025-03-30 14:48:00
OP117283,W0484,Evening,B,41.0,0.0,2025-04-27 00:59:00
OP117284,W0157,,D,5.0,0.0,2025-02-28 22:09:00
OP117285,W0294,Morning,B,3.0,,2025-01-05 00:06:00
OP117286,W0200,Morning,A,25.0,2.0,2025-06-05 13:38:00
OP117287,W0125,,D,37.0,,2025-06-03 17:17:00
OP117288,,,B,2.0,2.0,2025-06-22 17:12:00
OP117289,W0064,,E,22.0,2.0,2025-04-25 05:30:00
OP117290,W0406,Night,A,10.0,2.0,2025-01-17 12:56:00
OP117291,W0020,,E,34.0,,2025-01-03 18:10:00
OP117292,W0151,Evening,,32.0,1.0,2025-04-17 00:54:00
OP117293,W0220,Morning,E,24.0,,2025-01-09 15:52:00
OP117294,W0112,Mornng,A,36.0,0.0,2025-06-24 22:08:00
OP117295,W0201,,D,12.0,1.0,2025-06-25 09:00:00
OP117296,W0308,Evening,A,38.0,0.0,2025-02-03 09:17:00
OP117297,W0055,Night,Z,28.0,,2025-03-01 02:41:00
OP117298,W0177,,Z,43.0,,2025-05-30 01:58:00
OP117299,W0097,Morning,Z,49.0,2.0,2025-05-16 14:17:00
OP117300,W0483,Morning,Z,47.0,0.0,2025-03-13 12:33:00
OP117301,W0116,Night,B,16.0,,2025-04-15 14:24:00
OP117302,W0393,Morning,,-5.0,,2025-06-20 02:22:00
OP117303,W0463,,D,44.0,1.0,2025-01-07 05:44:00
OP117304,W0041,,E,7.0,2.0,2025-02-14 18:11:00
OP117305,W0272,Evening,E,27.0,1.0,2025-01-07 17:54:00
OP117306,W0060,Evening,C,8.0,,2025-01-29 11:43:00
OP117307,W0234,,E,12.0,2.0,2025-04-08 19:45:00
OP117308,W0037,,C,22.0,1.0,2025-06-08 05:50:00
OP117309,W0210,,E,24.0,2.0,2025-01-06 15:25:00
OP117310,,Morning,E,28.0,,2025-06-27 16:41:00
OP117311,W0083,,,15.0,2.0,2025-05-26 10:01:00
OP117312,W0341,Night,,9.0,2.0,2025-04-10 20:30:00
OP117313,W0038,Mornng,Z,0.0,,2025-01-02 19:03:00
OP117314,W0202,,E,37.0,,2025-06-25 07:02:00
OP117315,,Morning,D,41.0,,2025-06-18 00:22:00
OP117316,W0149,,A,37.0,0.0,2025-06-01 16:05:00
OP117317,W0196,,Z,-5.0,0.0,2025-01-29 07:03:00
OP117318,W0189,Evening,,49.0,0.0,2025-05-12 15:17:00
OP117319,W0120,Night,Z,33.0,1.0,2025-03-01 18:15:00
OP117320,W0257,Night,C,13.0,1.0,2025-04-28 22:30:00
OP117321,W0204,Morning,E,17.0,,2025-01-26 23:41:00
OP117322,W0187,Evening,A,30.0,0.0,2025-05-15 09:52:00
OP117323,W0217,Morning,Z,26.0,1.0,2025-05-31 07:29:00
OP117324,W0350,Mornng,E,10.0,0.0,2025-05-04 20:30:00
OP117325,W0495,,B,9.0,2.0,2025-01-30 09:11:00
OP117326,W0118,,,10.0,0.0,2025-03-06 09:14:00
OP117327,W0296,Morning,C,20.0,2.0,2025-03-15 07:46:00
OP117328,W0182,,C,15.0,0.0,2025-05-04 00:55:00
OP117329,W0253,Morning,A,36.0,2.0,2025-02-23 18:00:00
OP117330,W0357,,B,40.0,2.0,2025-04-08 16:25:00
OP117331,W0051,Evening,,8.0,0.0,2025-06-12 00:01:00
OP117332,W0077,,D,19.0,1.0,2025-01-20 17:57:00
OP117333,W0392,Night,B,12.0,2.0,2025-04-23 14:16:00
OP117334,W0189,Night,D,49.0,2.0,invalid_date
OP117335,W0158,Mornng,E,16.0,1.0,2025-05-03 08:22:00
OP117336,W0261,Morning,C,28.0,1.0,2025-02-10 13:15:00
OP117337,W0012,Mornng,C,12.0,0.0,2025-06-09 18:21:00
OP117338,W0176,Mornng,B,15.0,1.0,2025-01-17 22:58:00
OP117339,W0273,Night,B,31.0,2.0,2025-01-31 06:03:00
OP117340,W0438,Morning,D,12.0,0.0,2025-05-24 00:12:00
OP117341,W0057,Morning,E,26.0,,2025-04-23 22:57:00
OP117342,W0263,,Z,19.0,0.0,2025-06-28 20:14:00
OP117343,W0054,Mornng,D,45.0,,2025-06-29 11:56:00
OP117344,W0495,Evening,,26.0,0.0,2025-06-20 04:14:00
OP117345,W0297,,,29.0,,2025-03-09 20:32:00
OP117346,W0354,,C,42.0,1.0,2025-06-07 09:31:00
OP117347,W0156,,Z,22.0,0.0,2025-06-14 12:50:00
OP117348,W0352,Night,Z,7.0,0.0,2025-05-06 19:29:00
OP117349,W0082,Morning,C,39.0,0.0,2025-04-13 22:58:00
OP117350,W0491,Morning,C,-5.0,,invalid_date
OP117351,W0281,Morning,E,22.0,,2025-01-23 13:47:00
OP117352,W0026,Evening,B,29.0,1.0,2025-02-23 03:30:00
OP117353,W0436,,A,40.0,2.0,2025-03-25 19:28:00
OP117354,W0457,,E,35.0,2.0,2025-04-13 09:15:00
OP117355,W0315,Morning,Z,29.0,2.0,2025-02-07 04:22:00
OP117356,W0403,,B,13.0,1.0,2025-03-17 10:36:00
OP117357,W0042,,A,9.0,1.0,2025-04-14 17:19:00
OP117358,W0297,Mornng,B,30.0,1.0,2025-04-26 07:57:00
OP117359,W0379,Night,Z,0.0,0.0,2025-04-04 00:52:00
OP117360,W0132,Mornng,E,31.0,0.0,2025-04-23 23:22:00
OP117361,W0361,Mornng,C,6.0,0.0,2025-05-23 20:34:00
OP117362,W0417,,C,33.0,1.0,2025-06-25 19:38:00
OP117363,W0403,Evening,A,5.0,1.0,2025-01-19 17:15:00
OP117364,W0009,,,24.0,0.0,2025-02-11 04:07:00
OP117365,W0012,,Z,43.0,2.0,2025-04-19 07:05:00
OP117366,W0295,Evening,E,44.0,0.0,2025-01-09 04:21:00
OP117367,W0009,Morning,D,38.0,,2025-03-13 05:14:00
OP117368,W0411,Night,A,7.0,0.0,2025-04-17 07:42:00
OP117369,W0460,Mornng,B,14.0,1.0,2025-05-23 13:52:00
OP117370,W0446,Evening,Z,29.0,1.0,2025-01-12 13:45:00
OP117371,W0254,,A,41.0,1.0,2025-04-12 18:17:00
OP117372,W0312,,C,34.0,1.0,2025-04-14 08:13:00
OP117373,W0114,Evening,C,29.0,1.0,2025-06-14 15:26:00
OP117374,W0256,Night,D,45.0,0.0,2025-04-16 17:40:00
OP117375,W0334,Night,E,30.0,2.0,2025-03-04 21:55:00
OP117376,W0207,Mornng,D,16.0,0.0,2025-03-13 10:53:00
OP117377,W0404,,,36.0,2.0,2025-05-26 07:33:00
OP117378,W0246,,A,15.0,2.0,2025-05-14 21:00:00
OP117379,W0365,Mornng,A,46.0,2.0,2025-06-15 06:36:00
OP117380,W0032,Morning,B,11.0,0.0,2025-01-03 19:46:00
OP117381,W0274,Morning,D,2.0,0.0,2025-04-08 16:53:00
OP117382,W0406,,,47.0,1.0,2025-06-20 21:06:00
OP117383,W0276,Evening,E,39.0,2.0,2025-06-17 15:38:00
OP117384,W0480,,E,33.0,,2025-04-17 01:18:00
OP117385,W0098,Morning,,11.0,,2025-03-07 12:41:00
OP117386,W0314,Night,Z,46.0,1.0,2025-01-17 20:06:00
OP117387,W0395,Evening,D,2.0,1.0,2025-06-23 05:49:00
OP117388,W0372,Morning,A,4.0,0.0,2025-04-21 08:33:00
OP117389,W0069,Mornng,Z,20.0,1.0,2025-03-09 13:25:00
OP117390,W0039,Morning,B,22.0,,2025-04-14 14:24:00
OP117391,W0286,Mornng,C,13.0,0.0,2025-04-10 03:55:00
OP117392,W0163,Mornng,Z,9.0,0.0,2025-02-20 09:08:00
OP117393,W0122,Mornng,C,23.0,2.0,2025-02-07 11:29:00
OP117394,W0312,,B,24.0,0.0,2025-03-29 12:21:00
OP117395,W0077,Morning,C,16.0,1.0,2025-02-02 14:23:00
OP117396,W0130,Evening,B,10.0,0.0,2025-06-03 10:09:00
OP117397,W0266,,B,23.0,2.0,2025-03-18 18:32:00
OP117398,W0388,Night,B,3.0,0.0,2025-01-19 15:58:00
OP117399,W0449,,Z,28.0,0.0,2025-01-23 03:23:00
OP117400,W0175,Night,E,42.0,,2025-06-22 10:09:00
OP117401,W0205,,,13.0,,2025-01-20 22:41:00
OP117402,W0375,Morning,A,27.0,0.0,2025-01-30 22:47:00
OP117403,W0387,Evening,E,18.0,1.0,2025-02-15 18:43:00
OP117404,W0226,Mornng,D,35.0,1.0,2025-02-07 00:24:00
OP117405,W0204,Night,D,30.0,,2025-05-03 23:40:00
OP117406,W0485,Morning,C,30.0,2.0,2025-05-22 09:20:00
OP117407,W0252,Night,C,25.0,0.0,2025-02-13 23:28:00
OP117408,W0089,Morning,D,31.0,0.0,2025-02-22 02:19:00
OP117409,W0010,,C,27.0,0.0,2025-04-29 18:18:00
OP117410,W0044,Night,A,28.0,2.0,2025-06-05 03:04:00
OP117411,W0390,Evening,A,24.0,1.0,2025-03-27 10:13:00
OP117412,W0490,Evening,E,-5.0,,2025-04-30 21:25:00
OP117413,W0457,Mornng,D,39.0,1.0,2025-02-16 14:42:00
OP117414,W0277,Mornng,,32.0,2.0,2025-06-07 11:17:00
OP117415,W0379,,Z,8.0,2.0,2025-01-14 08:58:00
OP117416,W0228,Morning,C,9.0,,2025-06-20 15:19:00
OP117417,W0189,,B,39.0,1.0,2025-01-19 14:31:00
OP117418,W0195,,E,13.0,,2025-05-27 19:32:00
OP117419,W0476,,D,39.0,1.0,2025-02-19 11:58:00
OP117420,W0044,,B,25.0,1.0,2025-03-27 19:26:00
OP117421,W0046,,Z,17.0,2.0,2025-02-11 19:59:00
OP117422,W0362,Night,Z,29.0,2.0,2025-06-25 10:51:00
OP117423,W0387,Night,,43.0,,2025-06-26 02:40:00
OP117424,W0045,,A,38.0,1.0,2025-02-18 16:46:00
OP117425,W0126,Evening,D,4.0,1.0,2025-01-28 17:56:00
OP117426,W0189,Night,,32.0,1.0,2025-05-17 01:44:00
OP117427,W0404,,B,42.0,0.0,2025-02-26 17:11:00
OP117428,W0375,,A,11.0,,2025-02-22 15:31:00
OP117429,W0061,Morning,D,,0.0,2025-01-10 22:05:00
OP117430,W0028,Mornng,D,23.0,0.0,2025-03-26 07:33:00
OP117431,W0103,Evening,A,12.0,0.0,2025-05-16 00:56:00
OP117432,W0318,,E,41.0,1.0,2025-05-19 15:23:00
OP117433,W0321,Mornng,Z,35.0,0.0,2025-03-24 18:07:00
OP117434,W0389,,D,42.0,0.0,2025-03-08 23:54:00
OP117435,W0087,Mornng,A,1.0,,2025-06-01 12:28:00
OP117436,W0390,,D,6.0,2.0,2025-02-06 06:02:00
OP117437,W0215,Night,,44.0,,2025-04-28 17:52:00
OP117438,W0152,Morning,B,2.0,,2025-06-04 05:38:00
OP117439,W0235,Night,Z,15.0,2.0,2025-01-21 15:38:00
OP117440,W0137,,D,20.0,2.0,2025-06-10 01:21:00
OP117441,W0085,Evening,A,23.0,0.0,2025-02-02 03:25:00
OP117442,W0024,Morning,E,31.0,,2025-01-24 12:00:00
OP117443,W0376,Mornng,B,34.0,0.0,2025-03-18 12:21:00
OP117444,W0472,,E,45.0,1.0,2025-04-06 14:37:00
OP117445,W0207,Night,Z,29.0,,2025-02-22 13:30:00
OP117446,W0403,Night,,31.0,0.0,2025-01-19 05:24:00
OP117447,W0381,Night,,15.0,2.0,2025-02-19 08:54:00
OP117448,W0070,,A,11.0,1.0,2025-04-06 16:11:00
OP117449,W0469,,A,25.0,2.0,2025-05-15 07:41:00
OP117450,W0264,Mornng,,37.0,2.0,2025-02-24 18:26:00
OP117451,W0367,Night,E,16.0,2.0,2025-01-31 03:05:00
OP117452,W0374,,D,0.0,0.0,2025-01-27 08:06:00
OP117453,W0219,Mornng,D,11.0,1.0,2025-01-08 04:45:00
OP117454,W0415,Morning,B,31.0,,2025-01-23 04:07:00
OP117455,W0189,Morning,A,20.0,2.0,2025-05-25 19:44:00
OP117456,W0167,Morning,C,19.0,1.0,2025-03-03 19:57:00
OP117457,W0106,Morning,,14.0,1.0,2025-02-12 14:21:00
OP117458,W0214,,A,9.0,,2025-06-18 11:46:00
OP117459,W0411,Mornng,,41.0,0.0,2025-03-08 01:33:00
OP117460,W0141,,D,16.0,,2025-06-23 22:01:00
OP117461,W0102,Morning,C,17.0,,2025-05-07 01:43:00
OP117462,W0336,Morning,,17.0,0.0,2025-04-08 02:01:00
OP117463,W0219,Night,A,35.0,2.0,2025-03-29 09:54:00
OP117464,W0466,Mornng,C,,,2025-05-29 23:14:00
OP117465,W0368,,E,49.0,2.0,2025-05-18 10:55:00
OP117466,W0359,Night,A,,2.0,2025-05-25 13:39:00
OP117467,W0484,Morning,,28.0,,2025-02-13 08:54:00
OP117468,W0122,Morning,Z,8.0,0.0,2025-06-01 09:17:00
OP117469,W0096,,D,0.0,2.0,2025-02-26 21:06:00
OP117470,W0352,Morning,E,45.0,1.0,2025-04-17 13:56:00
OP117471,W0009,Night,,6.0,2.0,2025-06-18 18:19:00
OP117472,W0330,,A,42.0,0.0,2025-04-16 07:07:00
OP117473,W0256,Morning,E,32.0,0.0,2025-04-25 04:07:00
OP117474,W0398,Mornng,D,48.0,,2025-03-18 14:07:00
OP117475,W0207,Evening,D,34.0,1.0,2025-04-12 10:20:00
OP117476,W0263,Morning,,29.0,2.0,invalid_date
OP117477,W0170,,Z,38.0,2.0,2025-04-18 17:36:00
OP117478,W0012,Mornng,D,,,2025-04-24 08:43:00
OP117479,W0260,Evening,E,7.0,1.0,2025-03-26 20:52:00
OP117480,W0098,Evening,E,32.0,0.0,2025-06-27 20:13:00
OP117481,W0262,Night,Z,8.0,2.0,2025-02-08 21:26:00
OP117482,W0170,Mornng,A,33.0,1.0,2025-02-10 08:44:00
OP117483,W0325,Night,B,21.0,0.0,2025-04-08 07:02:00
OP117484,W0337,Mornng,E,26.0,0.0,2025-03-08 11:00:00
OP117485,W0428,,A,17.0,0.0,2025-02-18 09:35:00
OP117486,W0043,,C,23.0,,2025-04-02 21:19:00
OP117487,W0364,Night,Z,45.0,1.0,2025-05-21 04:54:00
OP117488,W0080,,E,48.0,1.0,2025-05-16 17:38:00
OP117489,W0249,Morning,D,47.0,,2025-02-20 01:57:00
OP117490,W0045,Morning,E,16.0,0.0,2025-04-13 18:42:00
OP117491,W0317,,Z,30.0,,2025-02-08 02:43:00
OP117492,,,,30.0,0.0,2025-05-31 22:23:00
OP117493,W0149,,B,40.0,1.0,2025-04-28 15:57:00
OP117494,W0291,,B,18.0,1.0,2025-04-13 20:43:00
OP117495,W0256,Morning,D,0.0,2.0,2025-03-10 11:54:00
OP117496,W0306,,C,26.0,,2025-05-05 18:52:00
OP117497,W0203,Morning,B,47.0,1.0,2025-06-18 07:54:00
OP117498,W0420,Mornng,A,15.0,0.0,2025-03-28 16:30:00
OP117499,W0043,,C,12.0,2.0,2025-04-29 22:28:00
OP117500,W0195,Night,Z,48.0,,2025-05-27 13:13:00
OP117501,W0475,,Z,49.0,1.0,2025-01-11 12:47:00
OP117502,W0230,,C,2.0,0.0,2025-05-07 23:18:00
OP117503,W0315,,,2.0,0.0,2025-06-13 02:54:00
OP117504,W0036,Mornng,D,16.0,,2025-01-21 16:42:00
OP117505,W0296,Morning,B,34.0,2.0,2025-06-22 14:03:00
OP117506,W0101,,Z,49.0,1.0,2025-06-14 22:13:00
OP117507,W0149,Evening,,30.0,2.0,2025-02-15 08:04:00
OP117508,W0223,,A,8.0,2.0,2025-06-24 07:57:00
OP117509,W0040,Morning,Z,27.0,1.0,2025-05-22 02:39:00
OP117510,W0140,Mornng,Z,46.0,0.0,2025-04-30 11:12:00
OP117511,W0195,Morning,E,6.0,0.0,2025-04-09 16:03:00
OP117512,W0155,Night,,15.0,1.0,2025-06-06 06:08:00
OP117513,W0221,Evening,B,5.0,,2025-05-09 08:08:00
OP117514,W0356,Mornng,D,13.0,,2025-04-24 22:57:00
OP117515,W0500,Morning,,25.0,0.0,2025-06-26 06:09:00
OP117516,W0074,,,5.0,1.0,2025-04-03 09:13:00
OP117517,W0072,Evening,A,37.0,1.0,2025-04-22 08:56:00
OP117518,W0442,Mornng,,15.0,,2025-05-30 10:18:00
OP117519,W0150,Mornng,A,35.0,,2025-03-30 23:23:00
OP117520,W0259,,E,49.0,,2025-01-31 17:11:00
OP117521,W0315,Evening,E,23.0,,2025-06-07 13:22:00
OP117522,W0280,Night,D,5.0,1.0,2025-04-24 20:42:00
OP117523,W0229,Morning,D,28.0,1.0,2025-03-13 01:32:00
OP117524,W0125,Evening,,13.0,2.0,2025-02-27 12:55:00
OP117525,W0223,,C,37.0,0.0,2025-04-10 18:58:00
OP117526,W0296,Mornng,,31.0,2.0,2025-05-14 22:28:00
OP117527,W0368,Mornng,Z,46.0,2.0,2025-04-09 17:30:00
OP117528,W0387,Mornng,,3.0,2.0,2025-04-22 13:27:00
OP117529,W0445,Evening,Z,-5.0,0.0,2025-05-20 18:16:00
OP117530,W0415,,D,1.0,,2025-01-14 20:28:00
OP117531,W0078,Evening,A,12.0,1.0,2025-02-18 09:36:00
OP117532,W0248,,C,33.0,2.0,2025-02-15 10:02:00
OP117533,W0301,Mornng,E,4.0,,2025-01-08 02:50:00
OP117534,W0032,Mornng,,1.0,0.0,2025-01-07 18:08:00
OP117535,W0216,Evening,,29.0,,2025-06-11 07:50:00
OP117536,W0227,Evening,A,31.0,0.0,2025-02-17 17:30:00
OP117537,W0393,Mornng,D,0.0,0.0,2025-02-21 14:49:00
OP117538,W0104,Morning,B,1.0,,2025-04-13 23:49:00
OP117539,W0264,,A,31.0,0.0,2025-03-04 05:40:00
OP117540,W0398,,A,25.0,,2025-01-29 09:45:00
OP117541,W0317,Morning,B,15.0,1.0,invalid_date
OP117542,W0124,,D,30.0,0.0,2025-04-04 19:33:00
OP117543,W0335,Mornng,D,3.0,1.0,2025-02-14 13:24:00
OP117544,W0334,Evening,C,17.0,1.0,2025-03-10 02:38:00
OP117545,W0137,Mornng,A,,,2025-04-03 15:44:00
OP117546,W0026,,E,31.0,1.0,2025-03-12 01:09:00
OP117547,W0397,Morning,,47.0,1.0,invalid_date
OP117548,W0010,Mornng,,41.0,,2025-05-25 17:40:00
OP117549,W0332,,C,-5.0,,2025-03-29 05:39:00
OP117550,W0046,Evening,C,33.0,1.0,2025-02-25 06:38:00
OP117551,W0167,Morning,E,21.0,2.0,2025-02-22 23:21:00
OP117552,W0194,,B,23.0,,2025-04-13 00:35:00
OP117553,W0161,Mornng,E,41.0,0.0,2025-04-02 06:21:00
OP117554,W0194,,,9.0,2.0,2025-05-18 21:31:00
OP117555,W0280,Morning,B,45.0,1.0,2025-01-07 02:50:00
OP117556,W0410,Mornng,C,23.0,1.0,2025-01-15 02:36:00
OP117557,W0133,,D,32.0,1.0,2025-04-24 13:10:00
OP117558,W0453,Night,A,28.0,2.0,2025-02-27 04:20:00
OP117559,W0150,Mornng,A,49.0,1.0,2025-01-07 08:04:00
OP117560,W0037,,B,4.0,0.0,2025-01-26 19:30:00
OP117561,W0054,Evening,A,18.0,1.0,2025-06-12 05:13:00
OP117562,W0118,Night,C,27.0,0.0,2025-04-14 22:35:00
OP117563,W0410,Morning,B,36.0,0.0,2025-04-23 04:22:00
OP117564,W0374,Mornng,C,45.0,1.0,2025-06-02 14:16:00
OP117565,W0027,Night,E,31.0,0.0,2025-01-21 01:43:00
OP117566,W0465,Evening,Z,-5.0,2.0,2025-06-24 00:30:00
OP117567,W0239,,E,40.0,,2025-06-04 10:39:00
OP117568,W0187,Morning,,48.0,1.0,2025-05-19 10:01:00
OP117569,W0448,,D,29.0,2.0,2025-06-07 20:46:00
OP117570,W0384,Night,,15.0,2.0,2025-05-23 18:26:00
OP117571,W0321,,B,0.0,0.0,2025-06-26 00:15:00
OP117572,W0393,,D,45.0,2.0,2025-05-18 16:43:00
OP117573,W0025,Evening,A,32.0,1.0,2025-02-17 13:22:00
OP117574,W0410,Night,C,42.0,1.0,2025-02-27 14:47:00
OP117575,W0153,Morning,E,24.0,,2025-03-05 10:12:00
OP117576,W0488,Morning,B,35.0,0.0,2025-04-19 05:25:00
OP117577,W0151,,B,44.0,0.0,2025-04-18 05:47:00
OP117578,W0041,Evening,Z,24.0,2.0,2025-01-12 18:43:00
OP117579,W0487,,B,41.0,1.0,2025-03-12 21:53:00
OP117580,W0432,Evening,A,49.0,0.0,2025-06-28 20:19:00
OP117581,W0122,,D,47.0,2.0,2025-04-29 05:01:00
OP117582,W0179,Night,D,,2.0,2025-02-20 10:44:00
OP117583,W0112,Night,Z,29.0,,2025-03-24 03:56:00
OP117584,W0344,Mornng,Z,41.0,1.0,2025-06-07 08:24:00
OP117585,W0154,,,12.0,,2025-01-14 10:02:00
OP117586,W0004,,C,14.0,2.0,2025-06-25 02:43:00
OP117587,W0391,Evening,,21.0,2.0,2025-05-17 10:32:00
OP117588,W0242,Evening,E,41.0,1.0,2025-02-20 06:05:00
OP117589,W0414,Night,C,,0.0,2025-01-27 04:40:00
OP117590,W0373,,,12.0,2.0,2025-02-23 14:23:00
OP117591,W0419,,A,45.0,2.0,2025-04-11 14:24:00
OP117592,W0426,Morning,B,21.0,,2025-02-02 19:15:00
OP117593,W0014,Evening,Z,48.0,2.0,2025-02-06 17:44:00
OP117594,W0129,Morning,B,20.0,2.0,2025-06-29 09:11:00
OP117595,W0165,Night,B,11.0,0.0,2025-04-07 11:36:00
OP117596,W0419,Morning,,27.0,2.0,2025-01-24 20:49:00
OP117597,W0282,Evening,,34.0,,2025-02-17 07:52:00
OP117598,W0294,Night,A,8.0,1.0,2025-03-20 03:39:00
OP117599,W0159,,E,43.0,,2025-05-10 18:37:00
OP117600,W0300,Evening,A,18.0,,2025-02-05 01:49:00
OP117601,W0379,Morning,A,20.0,1.0,2025-02-04 22:39:00
OP117602,W0241,Morning,Z,19.0,,2025-02-09 22:33:00
OP117603,W0176,Mornng,Z,49.0,,2025-02-10 18:08:00
OP117604,W0072,,D,2.0,2.0,2025-05-16 19:44:00
OP117605,W0303,,E,14.0,2.0,2025-01-27 03:43:00
OP117606,W0132,Evening,D,23.0,,2025-01-25 03:48:00
OP117607,W0286,Mornng,Z,25.0,0.0,2025-01-21 01:10:00
OP117608,W0335,,A,10.0,,2025-02-09 14:10:00
OP117609,W0466,Evening,Z,15.0,1.0,2025-06-09 21:06:00
OP117610,W0157,Night,Z,5.0,1.0,2025-03-04 11:52:00
OP117611,W0048,Mornng,A,33.0,0.0,2025-03-22 02:41:00
OP117612,W0003,Mornng,Z,49.0,0.0,2025-04-03 22:27:00
OP117613,W0358,Mornng,Z,47.0,2.0,2025-06-29 03:32:00
OP117614,W0402,Night,B,38.0,0.0,2025-02-27 15:38:00
OP117615,W0277,Evening,A,17.0,0.0,2025-06-23 19:07:00
OP117616,W0275,Morning,E,10.0,,2025-02-11 18:09:00
OP117617,W0206,Night,C,43.0,,2025-01-20 12:16:00
OP117618,W0346,Evening,Z,33.0,,2025-03-04 16:35:00
OP117619,W0484,Night,Z,41.0,2.0,2025-03-30 09:36:00
OP117620,W0052,,Z,33.0,,2025-02-07 06:16:00
OP117621,W0378,Mornng,D,2.0,1.0,2025-02-09 21:27:00
OP117622,W0327,Night,Z,35.0,1.0,invalid_date
OP117623,W0095,,B,25.0,1.0,2025-05-30 12:32:00
OP117624,W0183,Night,D,,0.0,2025-06-07 15:54:00
OP117625,W0198,,B,17.0,1.0,2025-01-31 21:11:00
OP117626,W0268,,B,7.0,0.0,2025-05-17 03:02:00
OP117627,W0025,Night,C,8.0,,2025-02-23 09:41:00
OP117628,W0284,Morning,A,16.0,,2025-03-10 00:54:00
OP117629,W0140,Mornng,E,1.0,0.0,2025-04-02 03:04:00
OP117630,W0041,Night,B,23.0,,2025-06-22 02:30:00
OP117631,W0251,,E,7.0,1.0,2025-06-18 16:53:00
OP117632,W0066,,Z,7.0,1.0,2025-06-18 11:29:00
OP117633,W0092,,E,37.0,1.0,2025-02-05 22:05:00
OP117634,W0161,Night,C,40.0,2.0,2025-03-01 18:48:00
OP117635,W0009,Mornng,E,6.0,2.0,2025-05-05 19:18:00
OP117636,W0458,Evening,B,37.0,,2025-06-05 03:32:00
OP117637,W0419,Mornng,Z,47.0,1.0,2025-06-07 19:50:00
OP117638,W0482,Night,Z,23.0,,2025-04-02 16:35:00
OP117639,W0061,,D,-5.0,,2025-06-09 12:42:00
OP117640,W0330,Evening,A,3.0,2.0,2025-03-21 00:44:00
OP117641,W0361,Night,D,22.0,,2025-06-18 15:25:00
OP117642,W0164,Morning,D,5.0,1.0,2025-01-18 03:42:00
OP117643,W0109,Night,B,26.0,1.0,2025-04-30 01:38:00
OP117644,W0283,,D,35.0,0.0,2025-06-11 14:44:00
OP117645,W0045,Night,A,49.0,2.0,2025-04-08 23:18:00
OP117646,W0259,Mornng,B,8.0,1.0,2025-02-02 13:01:00
OP117647,W0265,Morning,B,47.0,1.0,2025-03-28 18:24:00
OP117648,W0242,,D,6.0,2.0,2025-01-25 20:22:00
OP117649,W0058,Evening,C,6.0,1.0,2025-04-07 02:15:00
OP117650,W0366,Morning,D,35.0,,2025-03-16 18:38:00
OP117651,W0016,Night,B,12.0,1.0,2025-02-07 10:12:00
OP117652,W0408,Evening,D,19.0,1.0,2025-02-03 10:19:00
OP117653,W0056,Morning,E,35.0,1.0,2025-04-04 09:39:00
OP117654,W0286,Night,D,12.0,1.0,2025-05-25 05:17:00
OP117655,W0097,,,25.0,0.0,2025-01-04 03:23:00
OP117656,W0457,Evening,A,7.0,1.0,2025-06-01 17:12:00
OP117657,W0479,Mornng,D,4.0,0.0,2025-03-09 10:57:00
OP117658,W0197,Morning,E,26.0,0.0,2025-02-06 03:39:00
OP117659,W0438,,,15.0,2.0,2025-02-23 21:20:00
OP117660,W0078,Morning,C,10.0,2.0,invalid_date
OP117661,W0340,Mornng,C,47.0,2.0,2025-02-06 03:06:00
OP117662,W0116,,B,48.0,2.0,2025-01-13 16:27:00
OP117663,W0159,Morning,,33.0,2.0,2025-04-24 05:47:00
OP117664,W0426,,B,7.0,,2025-03-19 22:33:00
OP117665,W0139,Evening,C,24.0,2.0,2025-05-04 00:27:00
OP117666,W0360,Night,B,18.0,0.0,2025-05-03 12:24:00
OP117667,W0333,Evening,B,43.0,1.0,2025-03-04 01:39:00
OP117668,W0173,,,45.0,,2025-05-01 22:02:00
OP117669,W0041,Morning,,11.0,2.0,2025-04-01 16:47:00
OP117670,W0230,Night,D,45.0,0.0,2025-02-20 23:36:00
OP117671,W0426,Evening,B,28.0,1.0,2025-02-21 00:57:00
OP117672,W0080,,Z,46.0,0.0,2025-01-10 21:02:00
OP117673,W0032,Evening,D,47.0,0.0,2025-01-24 16:40:00
OP117674,W0178,Morning,B,17.0,1.0,2025-04-26 13:50:00
OP117675,W0131,,B,28.0,1.0,2025-04-20 17:56:00
OP117676,W0306,Evening,,3.0,2.0,2025-03-28 22:55:00
OP117677,W0083,,C,47.0,0.0,2025-06-13 03:58:00
OP117678,W0178,,Z,36.0,2.0,2025-04-17 18:00:00
OP117679,W0179,,C,36.0,2.0,2025-03-05 22:31:00
OP117680,W0076,Night,,35.0,0.0,2025-05-02 18:52:00
OP117681,W0379,Morning,Z,41.0,,2025-05-22 12:43:00
OP117682,W0042,Night,,42.0,1.0,2025-06-05 00:03:00
OP117683,W0030,Evening,Z,,,2025-03-16 00:33:00
OP117684,W0174,Night,B,36.0,2.0,2025-06-28 02:43:00
OP117685,W0284,Night,D,41.0,0.0,2025-03-03 11:26:00
OP117686,W0120,,D,9.0,,invalid_date
OP117687,W0276,Night,E,0.0,0.0,2025-05-14 21:10:00
OP117688,W0280,Evening,E,46.0,,2025-02-07 15:25:00
OP117689,W0184,,,35.0,0.0,2025-02-16 13:22:00
OP117690,W0387,,,30.0,0.0,2025-03-05 08:27:00
OP117691,W0146,Night,D,4.0,1.0,2025-02-25 19:31:00
OP117692,W0022,Night,Z,22.0,,2025-06-12 04:26:00
OP117693,W0351,Evening,,34.0,,2025-01-10 01:27:00
OP117694,W0427,,,31.0,0.0,2025-02-01 04:29:00
OP117695,W0277,Evening,B,1.0,0.0,2025-03-01 09:13:00
OP117696,W0345,Mornng,B,14.0,,2025-03-27 04:54:00
OP117697,W0407,,,35.0,1.0,2025-02-07 20:45:00
OP117698,W0265,Morning,D,26.0,,2025-05-26 04:40:00
OP117699,W0253,,A,18.0,0.0,2025-01-30 09:50:00
OP117700,W0371,,E,27.0,,2025-05-08 16:02:00
OP117701,W0062,Night,D,27.0,2.0,2025-01-16 18:05:00
OP117702,W0154,Evening,Z,18.0,2.0,2025-02-02 05:38:00
OP117703,W0349,Morning,D,47.0,1.0,2025-03-10 22:11:00
OP117704,W0351,Mornng,C,28.0,,2025-04-06 17:11:00
OP117705,W0499,Night,C,14.0,,2025-04-11 14:29:00
OP117706,W0168,,C,21.0,,2025-04-03 15:08:00
OP117707,W0021,Evening,C,49.0,0.0,2025-03-10 05:51:00
OP117708,W0228,Evening,E,32.0,1.0,2025-04-09 23:31:00
OP117709,W0233,Morning,B,19.0,,2025-05-14 11:25:00
OP117710,W0494,,Z,15.0,2.0,2025-05-09 09:52:00
OP117711,W0264,Evening,A,38.0,0.0,2025-04-11 20:59:00
OP117712,W0214,Night,E,31.0,1.0,2025-04-09 15:09:00
OP117713,W0272,Night,B,34.0,,2025-06-20 19:55:00
OP117714,W0293,Night,Z,34.0,0.0,2025-01-14 02:35:00
OP117715,W0070,,,40.0,,2025-02-12 09:57:00
OP117716,W0123,Evening,Z,44.0,0.0,2025-02-18 04:26:00
OP117717,W0205,Mornng,D,-5.0,0.0,2025-01-10 23:11:00
OP117718,W0191,,B,49.0,2.0,2025-03-02 16:04:00
OP117719,W0093,Mornng,A,48.0,0.0,2025-05-16 06:43:00
OP117720,W0157,,A,1.0,1.0,2025-02-12 20:41:00
OP117721,W0443,,A,17.0,2.0,2025-05-02 18:36:00
OP117722,W0207,,B,0.0,,2025-01-08 21:53:00
OP117723,W0243,Mornng,D,16.0,0.0,2025-03-24 01:37:00
OP117724,W0134,Night,B,3.0,2.0,2025-01-16 00:47:00
OP117725,W0290,,,16.0,,2025-02-10 02:25:00
OP117726,W0055,Mornng,,41.0,,2025-06-27 18:12:00
OP117727,W0293,Evening,Z,40.0,,2025-04-18 05:20:00
OP117728,W0218,Mornng,D,40.0,1.0,2025-02-07 07:47:00
OP117729,W0457,Evening,C,21.0,0.0,invalid_date
OP117730,W0104,,D,32.0,,2025-03-23 22:44:00
OP117731,W0036,,E,41.0,0.0,2025-05-27 04:54:00
OP117732,W0015,,Z,0.0,1.0,2025-01-25 12:57:00
OP117733,W0281,,Z,8.0,,2025-03-08 10:13:00
OP117734,W0179,,B,35.0,,2025-03-09 17:00:00
OP117735,W0379,,Z,32.0,1.0,2025-03-09 04:28:00
OP117736,W0208,,,45.0,,2025-05-25 19:27:00
OP117737,W0303,,,8.0,2.0,2025-02-12 15:45:00
OP117738,W0277,Morning,Z,41.0,2.0,2025-04-17 08:02:00
OP117739,W0258,Night,,5.0,1.0,2025-05-04 06:00:00
OP117740,W0090,Evening,D,19.0,0.0,2025-06-12 05:12:00
OP117741,W0284,Mornng,,7.0,1.0,2025-05-18 06:56:00
OP117742,W0032,Evening,C,31.0,2.0,2025-03-28 02:29:00
OP117743,W0301,,B,8.0,2.0,2025-05-05 20:16:00
OP117744,W0425,Night,,29.0,0.0,2025-01-22 07:31:00
OP117745,W0107,Evening,A,28.0,1.0,2025-05-15 15:58:00
OP117746,W0198,Morning,D,38.0,2.0,2025-01-21 09:09:00
OP117747,W0184,,D,35.0,1.0,2025-05-16 14:25:00
OP117748,W0402,Morning,Z,23.0,1.0,2025-05-05 17:21:00
OP117749,W0152,Evening,B,19.0,,2025-03-19 00:26:00
OP117750,W0307,,Z,-5.0,0.0,2025-05-18 23:05:00
OP117751,W0278,,E,34.0,2.0,2025-05-11 08:08:00
OP117752,W0050,,A,20.0,,2025-01-15 23:47:00
OP117753,W0382,Night,C,36.0,0.0,2025-01-11 06:33:00
OP117754,W0426,,,9.0,,2025-06-13 14:11:00
OP117755,W0465,,E,31.0,1.0,2025-05-04 16:55:00
OP117756,W0264,Mornng,,17.0,0.0,2025-04-24 04:46:00
OP117757,W0216,,B,47.0,1.0,2025-03-31 13:02:00
OP117758,W0243,Night,B,18.0,2.0,2025-01-08 22:48:00
OP117759,W0159,Morning,B,2.0,2.0,2025-01-02 15:22:00
OP117760,W0465,,E,26.0,2.0,2025-02-02 17:04:00
OP117761,W0276,Evening,C,49.0,0.0,2025-04-04 08:01:00
OP117762,W0154,Night,A,33.0,1.0,2025-04-29 14:43:00
OP117763,W0094,Morning,D,23.0,0.0,2025-03-31 16:01:00
OP117764,W0251,,C,28.0,0.0,2025-04-07 17:03:00
OP117765,W0461,Night,,13.0,,2025-05-07 14:28:00
OP117766,W0333,Mornng,E,35.0,2.0,2025-03-24 08:03:00
OP117767,W0218,Night,Z,0.0,,2025-03-20 01:17:00
OP117768,W0126,,D,1.0,1.0,2025-06-19 00:21:00
OP117769,W0067,Night,D,32.0,,2025-01-28 16:32:00
OP117770,W0386,,,25.0,0.0,2025-02-22 20:02:00
OP117771,W0097,,,19.0,2.0,2025-01-31 14:57:00
OP117772,W0329,,E,28.0,1.0,2025-05-02 11:41:00
OP117773,W0038,Morning,,11.0,2.0,2025-02-20 16:22:00
OP117774,W0170,Night,A,22.0,2.0,2025-05-15 04:35:00
OP117775,W0242,Night,B,6.0,0.0,2025-06-24 09:45:00
OP117776,W0338,Night,A,24.0,1.0,2025-01-03 13:37:00
OP117777,W0031,Evening,A,21.0,0.0,2025-03-24 22:35:00
OP117778,W0226,,B,24.0,0.0,2025-04-21 20:07:00
OP117779,W0467,,Z,19.0,1.0,2025-05-10 10:34:00
OP117780,W0239,Evening,Z,47.0,2.0,2025-05-17 17:00:00
OP117781,W0488,,B,11.0,,2025-05-16 23:48:00
OP117782,W0321,Evening,Z,5.0,2.0,2025-05-10 08:51:00
OP117783,W0203,Mornng,Z,41.0,1.0,2025-02-08 09:47:00
OP117784,W0480,Evening,,6.0,2.0,2025-01-16 12:30:00
OP117785,W0432,Mornng,,28.0,0.0,2025-06-29 17:31:00
OP117786,W0117,,A,43.0,2.0,2025-05-28 19:07:00
OP117787,W0404,Morning,D,25.0,,2025-01-30 13:53:00
OP117788,W0094,Night,Z,6.0,2.0,2025-03-15 17:12:00
OP117789,W0017,Mornng,B,10.0,2.0,2025-01-20 07:51:00
OP117790,W0159,Morning,D,24.0,1.0,2025-04-26 23:18:00
OP117791,W0316,Night,Z,16.0,1.0,2025-02-14 22:29:00
OP117792,W0054,Evening,D,42.0,0.0,2025-06-26 16:55:00
OP117793,W0340,Mornng,C,8.0,2.0,2025-03-02 13:49:00
OP117794,W0290,,B,9.0,1.0,2025-01-09 00:09:00
OP117795,W0365,Night,D,36.0,1.0,2025-05-21 21:51:00
OP117796,W0454,Night,Z,19.0,0.0,2025-01-30 19:06:00
OP117797,W0317,Morning,A,23.0,1.0,2025-06-04 02:11:00
OP117798,W0474,,E,41.0,,2025-03-22 12:51:00
OP117799,W0468,Mornng,,19.0,1.0,2025-03-10 22:56:00
OP117800,W0489,Evening,Z,16.0,,2025-06-25 18:07:00
OP117801,W0082,Night,E,31.0,2.0,2025-06-01 17:42:00
OP117802,W0311,,A,0.0,1.0,2025-01-26 13:25:00
OP117803,W0278,Morning,C,44.0,0.0,2025-06-19 15:29:00
OP117804,W0217,Night,B,30.0,,2025-05-01 06:51:00
OP117805,W0042,Night,,19.0,0.0,2025-01-02 09:51:00
OP117806,W0332,Evening,B,22.0,1.0,2025-02-02 18:54:00
OP117807,W0015,,A,41.0,1.0,2025-06-02 18:20:00
OP117808,W0456,Night,B,22.0,1.0,2025-05-23 15:21:00
OP117809,W0015,Mornng,Z,2.0,0.0,2025-01-12 13:04:00
OP117810,W0436,Night,A,15.0,2.0,2025-03-02 16:55:00
OP117811,W0235,Mornng,D,49.0,2.0,2025-03-09 21:06:00
OP117812,W0179,,D,27.0,0.0,2025-03-30 22:32:00
OP117813,W0409,Night,,8.0,0.0,2025-06-25 10:56:00
OP117814,W0035,,A,31.0,1.0,2025-06-11 13:51:00
OP117815,W0403,Mornng,,46.0,1.0,2025-06-16 02:57:00
OP117816,W0185,Morning,,46.0,1.0,2025-05-29 09:56:00
OP117817,W0165,Mornng,C,4.0,2.0,2025-01-22 10:57:00
OP117818,W0306,Night,D,6.0,2.0,2025-01-16 16:13:00
OP117819,W0232,Mornng,D,40.0,0.0,2025-03-04 08:21:00
OP117820,W0422,Night,Z,30.0,0.0,2025-03-02 21:49:00
OP117821,W0500,Evening,C,27.0,2.0,2025-02-01 08:28:00
OP117822,W0375,Evening,D,40.0,2.0,2025-04-17 21:31:00
OP117823,W0283,Mornng,A,-5.0,1.0,2025-01-26 10:54:00
OP117824,W0066,Night,C,16.0,2.0,2025-02-16 09:02:00
OP117825,W0374,,,39.0,0.0,2025-06-08 20:26:00
OP117826,W0283,Mornng,D,22.0,,2025-03-09 22:49:00
OP117827,W0278,,C,17.0,0.0,2025-06-17 08:41:00
OP117828,W0304,Morning,Z,31.0,0.0,2025-06-25 14:13:00
OP117829,W0009,Mornng,B,39.0,0.0,2025-04-19 19:06:00
OP117830,W0409,,,22.0,1.0,2025-06-01 20:32:00
OP117831,W0402,Mornng,A,13.0,1.0,2025-06-08 21:01:00
OP117832,W0314,,A,3.0,0.0,2025-06-05 15:48:00
OP117833,W0071,Evening,E,7.0,1.0,2025-03-23 13:50:00
OP117834,W0090,Mornng,B,,2.0,2025-05-06 17:52:00
OP117835,W0451,Mornng,E,18.0,2.0,2025-02-24 21:01:00
OP117836,W0394,Night,B,18.0,1.0,2025-06-03 12:36:00
OP117837,W0190,Morning,C,7.0,0.0,2025-04-26 20:42:00
OP117838,W0107,Night,A,28.0,2.0,2025-04-30 04:01:00
OP117839,W0070,Mornng,B,17.0,1.0,2025-06-04 12:51:00
OP117840,W0198,,C,41.0,2.0,2025-02-25 13:41:00
OP117841,W0190,Mornng,,44.0,2.0,2025-05-05 21:30:00
OP117842,W0253,,E,46.0,1.0,2025-01-10 18:27:00
OP117843,W0080,Night,Z,42.0,1.0,2025-01-27 04:41:00
OP117844,W0059,Night,C,13.0,1.0,2025-06-26 17:17:00
OP117845,W0394,Mornng,E,-5.0,,2025-01-28 01:51:00
OP117846,W0014,,D,4.0,0.0,2025-03-27 20:00:00
OP117847,W0455,Evening,B,16.0,0.0,2025-04-13 14:03:00
OP117848,W0334,Night,C,5.0,2.0,2025-04-22 16:56:00
OP117849,W0454,Morning,D,43.0,2.0,2025-02-12 17:29:00
OP117850,W0204,Night,Z,44.0,0.0,2025-05-15 20:27:00
OP117851,W0217,Morning,E,2.0,1.0,2025-02-17 21:34:00
OP117852,W0238,Night,,38.0,1.0,2025-06-02 13:40:00
OP117853,W0212,Evening,E,39.0,0.0,2025-02-09 10:31:00
OP117854,W0470,Night,D,10.0,,2025-06-06 13:40:00
OP117855,W0114,,A,49.0,0.0,2025-01-18 23:44:00
OP117856,W0324,Mornng,B,36.0,1.0,2025-02-25 17:21:00
OP117857,W0109,,D,33.0,1.0,2025-02-17 14:44:00
OP117858,W0331,Evening,A,26.0,2.0,2025-02-07 09:14:00
OP117859,W0324,,B,40.0,1.0,2025-03-26 15:21:00
OP117860,W0334,Night,C,13.0,,2025-06-04 19:12:00
OP117861,W0011,Night,,45.0,1.0,2025-06-06 14:30:00
OP117862,W0483,,D,20.0,0.0,2025-03-19 06:37:00
OP117863,W0355,,E,14.0,0.0,2025-05-24 02:26:00
OP117864,W0379,Evening,B,42.0,,2025-04-21 04:44:00
OP117865,W0320,,B,1.0,2.0,2025-05-21 01:55:00
OP117866,W0285,Mornng,D,6.0,0.0,2025-04-18 21:03:00
OP117867,W0279,,C,,1.0,2025-01-24 03:44:00
OP117868,W0368,Night,D,21.0,1.0,2025-05-20 04:12:00
OP117869,W0445,Morning,Z,28.0,,2025-04-04 10:04:00
OP117870,W0493,Mornng,,39.0,2.0,2025-03-24 14:15:00
OP117871,W0488,Morning,A,39.0,1.0,2025-05-26 13:44:00
OP117872,W0157,,D,25.0,1.0,2025-02-10 15:29:00
OP117873,W0122,Morning,A,22.0,,2025-04-06 07:02:00
OP117874,W0331,,B,13.0,0.0,2025-02-05 20:14:00
OP117875,W0126,Mornng,,2.0,0.0,2025-01-16 12:48:00
OP117876,W0488,Morning,A,36.0,1.0,2025-02-04 12:17:00
OP117877,W0436,Night,A,34.0,,2025-02-02 16:06:00
OP117878,W0342,Evening,A,31.0,0.0,invalid_date
OP117879,W0418,Night,D,9.0,1.0,2025-04-07 03:17:00
OP117880,W0319,,B,7.0,1.0,2025-05-25 14:52:00
OP117881,W0499,Morning,Z,37.0,0.0,2025-04-03 05:26:00
OP117882,W0210,,C,3.0,1.0,2025-06-10 08:44:00
OP117883,W0468,,E,31.0,0.0,2025-03-31 05:06:00
OP117884,W0149,Night,E,16.0,0.0,2025-06-11 22:38:00
OP117885,W0094,Morning,E,5.0,1.0,2025-01-21 01:29:00
OP117886,W0238,Mornng,Z,7.0,,2025-01-26 13:53:00
OP117887,W0057,Evening,D,25.0,,2025-05-16 06:22:00
OP117888,W0081,,A,3.0,0.0,2025-04-14 10:20:00
OP117889,W0405,Night,D,42.0,1.0,2025-05-15 06:41:00
OP117890,W0453,Evening,A,45.0,,2025-02-02 04:56:00
OP117891,W0243,Night,E,26.0,1.0,2025-01-08 02:14:00
OP117892,W0469,,Z,-5.0,,2025-01-03 11:53:00
OP117893,W0340,Mornng,B,36.0,0.0,2025-02-07 21:52:00
OP117894,W0129,Morning,B,40.0,0.0,2025-04-30 23:08:00
OP117895,W0070,Night,,19.0,0.0,2025-04-09 09:09:00
OP117896,W0413,Mornng,Z,12.0,1.0,2025-06-20 09:16:00
OP117897,W0401,Mornng,D,33.0,0.0,2025-05-21 15:04:00
OP117898,W0255,,Z,40.0,,2025-06-06 14:26:00
OP117899,W0141,,D,38.0,,2025-02-02 12:40:00
OP117900,W0009,Evening,E,27.0,1.0,2025-05-19 02:07:00
OP117901,W0075,Morning,E,28.0,2.0,2025-04-08 21:17:00
OP117902,W0197,,,3.0,1.0,2025-04-24 15:00:00
OP117903,W0376,,E,3.0,1.0,2025-04-04 01:11:00
OP117904,W0074,Mornng,E,24.0,2.0,2025-02-18 20:59:00
OP117905,W0050,Evening,E,37.0,2.0,2025-01-07 22:10:00
OP117906,W0033,,Z,20.0,0.0,2025-06-20 04:25:00
OP117907,W0052,,C,11.0,0.0,2025-02-13 17:15:00
OP117908,W0053,Evening,B,1.0,2.0,2025-03-03 01:26:00
OP117909,W0112,Mornng,,19.0,2.0,2025-02-10 22:30:00
OP117910,W0020,,B,19.0,0.0,2025-04-22 12:53:00
OP117911,W0327,Mornng,D,15.0,,2025-04-22 09:19:00
OP117912,W0180,Night,E,1.0,,2025-03-16 13:07:00
OP117913,W0403,,A,21.0,,2025-01-11 08:25:00
OP117914,W0409,Night,E,4.0,,2025-01-11 19:34:00
OP117915,W0116,,,40.0,,2025-01-18 10:03:00
OP117916,W0345,Morning,C,11.0,1.0,2025-05-21 05:44:00
OP117917,W0383,Evening,E,31.0,0.0,2025-03-29 01:18:00
OP117918,W0179,Morning,,27.0,,2025-04-13 07:17:00
OP117919,W0393,Night,Z,27.0,,2025-05-11 18:44:00
OP117920,W0180,,E,28.0,2.0,2025-06-03 09:15:00
OP117921,W0116,Evening,Z,8.0,0.0,2025-04-02 02:27:00
OP117922,W0218,,D,40.0,,2025-04-09 11:02:00
OP117923,W0447,Night,B,36.0,0.0,2025-03-29 18:52:00
OP117924,W0121,Night,,11.0,0.0,2025-03-05 20:26:00
OP117925,W0111,Night,B,21.0,0.0,2025-05-10 20:07:00
OP117926,W0276,Mornng,D,4.0,0.0,2025-06-10 16:28:00
OP117927,W0490,Night,,3.0,1.0,2025-06-21 15:58:00
OP117928,W0500,,E,49.0,1.0,2025-03-20 15:57:00
OP117929,W0350,Mornng,Z,,2.0,2025-05-14 03:57:00
OP117930,W0109,Mornng,,30.0,1.0,2025-02-24 03:34:00
OP117931,W0242,,B,3.0,1.0,2025-05-26 13:03:00
OP117932,W0120,Mornng,Z,13.0,2.0,2025-06-14 03:57:00
OP117933,W0430,Mornng,A,37.0,1.0,2025-06-25 21:40:00
OP117934,W0493,Morning,A,22.0,2.0,2025-01-17 23:34:00
OP117935,W0284,Evening,,11.0,,2025-01-30 15:01:00
OP117936,W0493,Evening,Z,2.0,2.0,2025-06-21 19:55:00
OP117937,W0245,,Z,9.0,2.0,2025-04-26 07:14:00
OP117938,W0462,Mornng,B,40.0,0.0,2025-04-04 04:48:00
OP117939,W0331,,B,9.0,2.0,2025-01-10 13:22:00
OP117940,W0453,Morning,D,27.0,2.0,2025-02-21 16:40:00
OP117941,W0084,Morning,C,15.0,,2025-01-24 19:07:00
OP117942,W0034,,C,8.0,0.0,2025-06-12 04:37:00
OP117943,W0248,,Z,47.0,,2025-03-12 14:04:00
OP117944,W0189,Evening,E,39.0,2.0,2025-06-06 23:41:00
OP117945,W0130,Mornng,B,39.0,,2025-05-31 06:50:00
OP117946,W0500,Mornng,A,38.0,1.0,2025-01-09 12:33:00
OP117947,W0440,Evening,E,10.0,1.0,2025-04-02 04:00:00
OP117948,W0088,Evening,Z,13.0,2.0,2025-05-04 17:02:00
OP117949,W0249,Morning,A,44.0,1.0,2025-03-19 22:40:00
OP117950,W0388,Mornng,,37.0,,2025-05-11 20:26:00
OP117951,W0263,Night,A,6.0,0.0,2025-06-26 08:20:00
OP117952,W0105,Mornng,B,42.0,0.0,2025-02-16 15:34:00
OP117953,W0424,,E,48.0,0.0,2025-06-04 21:14:00
OP117954,W0192,Morning,C,3.0,0.0,2025-03-22 09:11:00
OP117955,W0009,Evening,A,43.0,2.0,2025-01-15 07:12:00
OP117956,W9999,,,19.0,0.0,2025-03-04 07:11:00
OP117957,W0267,Morning,B,47.0,0.0,2025-05-20 23:47:00
OP117958,W0325,,B,23.0,1.0,2025-03-13 07:35:00
OP117959,W0273,,E,49.0,0.0,2025-06-08 21:07:00
OP117960,W0123,Mornng,C,27.0,,2025-04-10 03:12:00
OP117961,W0064,,D,7.0,2.0,2025-02-07 02:46:00
OP117962,W0284,Mornng,A,16.0,2.0,2025-03-09 07:17:00
OP117963,W0089,Mornng,C,47.0,,2025-03-10 23:43:00
OP117964,W0258,,Z,24.0,0.0,2025-02-20 01:26:00
OP117965,W0053,,D,32.0,,2025-01-20 13:05:00
OP117966,W0112,,B,11.0,2.0,2025-02-06 06:13:00
OP117967,W0475,,,9.0,,2025-05-15 14:57:00
OP117968,W0191,,C,20.0,1.0,2025-05-24 13:56:00
OP117969,W0394,Mornng,,35.0,,2025-05-22 23:12:00
OP117970,W0481,,Z,8.0,1.0,2025-06-05 06:30:00
OP117971,W0254,Night,A,42.0,,2025-01-14 16:19:00
OP117972,W0180,,A,3.0,,2025-04-23 21:03:00
OP117973,W0346,Night,C,29.0,,2025-03-01 18:17:00
OP117974,W0293,Evening,B,32.0,0.0,2025-03-20 23:57:00
OP117975,W0070,Evening,B,34.0,1.0,2025-05-29 06:42:00
OP117976,W0258,Evening,D,47.0,2.0,2025-05-27 09:28:00
OP117977,W0197,Evening,B,22.0,,2025-05-24 03:43:00
OP117978,W0474,,D,28.0,2.0,2025-06-18 09:36:00
OP117979,W0191,Night,,9.0,2.0,2025-06-19 00:22:00
OP117980,W0477,,E,37.0,0.0,2025-04-20 22:58:00
OP117981,W0071,Evening,Z,,2.0,2025-06-22 11:29:00
OP117982,W0194,Morning,B,8.0,,2025-01-13 21:50:00
OP117983,W0003,,B,38.0,0.0,2025-02-27 09:59:00
OP117984,W0486,Mornng,,18.0,1.0,2025-04-28 08:33:00
OP117985,W0106,Evening,B,46.0,0.0,2025-04-08 09:39:00
OP117986,W0115,Night,D,21.0,2.0,2025-03-09 01:15:00
OP117987,W0062,Evening,E,5.0,1.0,2025-06-17 08:02:00
OP117988,W0265,Night,Z,,,2025-01-21 04:01:00
OP117989,W0260,Night,,8.0,1.0,2025-02-20 16:31:00
OP117990,W0110,Night,E,2.0,,2025-03-14 07:38:00
OP117991,W0003,Evening,C,20.0,0.0,2025-01-29 19:29:00
OP117992,W0407,,A,2.0,,2025-03-27 20:31:00
OP117993,W0363,Mornng,C,44.0,,2025-05-13 02:35:00
OP117994,W0053,Evening,D,27.0,2.0,2025-01-17 06:05:00
OP117995,W0216,Night,B,39.0,1.0,2025-01-01 19:47:00
OP117996,W0216,,C,17.0,,2025-01-04 20:51:00
OP117997,W0168,Evening,C,24.0,0.0,2025-04-12 02:42:00
OP117998,W0486,Morning,E,17.0,0.0,2025-03-05 04:25:00
OP117999,W0372,,B,13.0,2.0,2025-06-23 01:26:00
OP118000,W0211,Mornng,Z,39.0,,2025-04-22 20:36:00
OP118001,W0057,Morning,B,,2.0,2025-04-14 15:13:00
OP118002,W0191,Evening,B,,0.0,2025-06-23 13:01:00
OP118003,W0497,,E,36.0,0.0,2025-02-20 04:44:00
OP118004,W0457,Evening,D,17.0,0.0,2025-05-30 07:54:00
OP118005,W0469,,B,14.0,,2025-01-06 23:57:00
OP118006,W0075,Morning,B,24.0,0.0,2025-01-10 22:36:00
OP118007,W0042,,E,16.0,,2025-03-11 07:11:00
OP118008,W0269,,A,48.0,2.0,2025-06-11 00:26:00
OP118009,W0340,Morning,Z,27.0,2.0,2025-03-09 19:30:00
OP118010,W0319,,B,3.0,,2025-05-14 15:26:00
OP118011,W0330,Evening,,10.0,2.0,2025-04-28 20:57:00
OP118012,W0072,,E,44.0,1.0,2025-04-05 17:06:00
OP118013,W0427,Evening,Z,3.0,0.0,2025-01-14 18:02:00
OP118014,W0238,Evening,Z,22.0,2.0,2025-04-10 13:20:00
OP118015,W0353,Mornng,B,9.0,2.0,2025-03-12 18:04:00
OP118016,W0492,Night,D,48.0,2.0,2025-02-16 03:41:00
OP118017,W0185,Evening,,39.0,2.0,2025-06-22 08:57:00
OP118018,W0112,,D,32.0,0.0,2025-04-01 17:59:00
OP118019,W0053,,B,49.0,1.0,2025-01-19 18:35:00
OP118020,W0498,Mornng,,22.0,,2025-01-09 10:24:00
OP118021,W0302,Evening,B,26.0,2.0,2025-05-20 18:51:00
OP118022,W0067,Mornng,C,20.0,1.0,2025-03-29 15:45:00
OP118023,W0106,Morning,A,46.0,2.0,2025-06-23 21:40:00
OP118024,W0194,Evening,C,8.0,1.0,2025-02-26 20:29:00
OP118025,W0151,Evening,B,6.0,1.0,2025-05-16 13:11:00
OP118026,W0360,Evening,E,20.0,,2025-02-21 21:40:00
OP118027,W0124,Morning,Z,39.0,0.0,2025-05-21 16:17:00
OP118028,W0122,,B,46.0,,2025-06-27 14:50:00
OP118029,W0172,Morning,E,34.0,1.0,2025-02-25 09:08:00
OP118030,W0196,,,7.0,1.0,2025-02-21 20:39:00
OP118031,W0137,Mornng,D,31.0,2.0,invalid_date
OP118032,W0485,Morning,C,32.0,1.0,2025-02-05 07:49:00
OP118033,W0406,,E,4.0,0.0,2025-03-13 07:14:00
OP118034,W0245,Mornng,A,49.0,1.0,2025-01-19 23:01:00
OP118035,W0149,Mornng,D,5.0,0.0,2025-03-30 10:25:00
OP118036,W0205,,D,16.0,,2025-04-12 22:08:00
OP118037,W0218,,A,44.0,,2025-02-08 14:19:00
OP118038,W0197,Mornng,,46.0,0.0,2025-01-25 09:44:00
OP118039,W0215,,C,8.0,2.0,2025-06-10 10:49:00
OP118040,W0443,Evening,E,22.0,2.0,invalid_date
OP118041,W0011,Mornng,B,31.0,2.0,2025-03-18 09:13:00
OP118042,W0423,Evening,,15.0,2.0,2025-03-10 12:43:00
OP118043,W0471,Mornng,Z,9.0,1.0,2025-06-21 03:22:00
OP118044,W0492,Evening,,16.0,1.0,2025-04-22 02:55:00
OP118045,W0331,Evening,C,6.0,2.0,2025-04-16 12:43:00
OP118046,W0389,,Z,30.0,2.0,2025-03-08 21:53:00
OP118047,W0298,,C,21.0,,2025-04-15 10:57:00
OP118048,W0214,Evening,Z,23.0,1.0,2025-04-29 07:02:00
OP118049,W0234,Mornng,A,24.0,2.0,2025-03-09 11:19:00
OP118050,W0211,Night,B,8.0,0.0,2025-06-11 02:41:00
OP118051,W0432,Night,Z,46.0,0.0,2025-06-15 13:30:00
OP118052,W0445,,B,49.0,1.0,2025-06-02 14:30:00
OP118053,W0460,Night,E,14.0,1.0,2025-06-16 23:31:00
OP118054,W0295,Morning,C,3.0,1.0,2025-04-01 08:54:00
OP118055,W0421,,E,46.0,,2025-02-06 12:28:00
OP118056,W0201,,,15.0,0.0,2025-02-19 07:03:00
OP118057,W0190,Night,A,4.0,2.0,2025-03-04 00:58:00
OP118058,W0385,Morning,C,13.0,2.0,2025-03-26 18:13:00
OP118059,W0444,Evening,A,48.0,,2025-06-04 01:26:00
OP118060,W0410,,E,1.0,,2025-05-06 08:10:00
OP118061,W0195,,A,41.0,1.0,2025-01-02 17:32:00
OP118062,W0119,Night,E,15.0,,2025-06-22 17:51:00
OP118063,W0055,Night,C,4.0,,2025-01-07 18:32:00
OP118064,W0192,Night,C,4.0,,2025-06-26 05:44:00
OP118065,W0394,Mornng,,35.0,0.0,2025-05-29 00:01:00
OP118066,W0383,Mornng,E,41.0,2.0,2025-05-15 06:46:00
OP118067,W0403,Morning,C,9.0,1.0,2025-05-19 07:40:00
OP118068,W0478,Evening,Z,35.0,0.0,2025-03-10 04:08:00
OP118069,W0239,,E,45.0,,2025-05-05 11:01:00
OP118070,W0358,,D,31.0,0.0,2025-04-05 21:08:00
OP118071,W0053,Evening,E,26.0,,2025-02-13 02:17:00
OP118072,W0303,,B,13.0,0.0,2025-01-15 16:09:00
OP118073,W0059,Night,B,37.0,0.0,2025-04-25 10:18:00
OP118074,W0461,,,13.0,0.0,2025-04-25 13:14:00
OP118075,W0412,Evening,A,,2.0,2025-01-17 13:05:00
OP118076,W0490,Morning,Z,27.0,2.0,2025-01-28 05:17:00
OP118077,W0321,Mornng,Z,39.0,2.0,2025-02-20 23:08:00
OP118078,W0500,,B,47.0,,2025-04-30 22:52:00
OP118079,W0328,Night,A,19.0,0.0,2025-06-09 15:30:00
OP118080,W0179,Evening,,8.0,0.0,2025-06-17 00:38:00
OP118081,W0224,Morning,,16.0,1.0,2025-05-07 14:03:00
OP118082,W0370,Night,,32.0,2.0,2025-01-13 15:07:00
OP118083,W0409,Evening,A,12.0,0.0,2025-04-25 17:33:00
OP118084,W0055,Night,Z,38.0,2.0,2025-05-09 19:38:00
OP118085,W0177,,E,23.0,,2025-02-21 10:30:00
OP118086,W0208,Morning,B,11.0,1.0,2025-01-13 07:09:00
OP118087,W0087,,C,45.0,1.0,2025-04-20 22:33:00
OP118088,W0113,,,14.0,1.0,2025-02-15 17:24:00
OP118089,W0474,,C,38.0,0.0,2025-03-09 02:42:00
OP118090,W0033,Night,Z,33.0,1.0,2025-02-10 21:41:00
OP118091,W0360,Night,C,0.0,,2025-01-31 07:01:00
OP118092,W0040,Night,B,22.0,2.0,2025-04-07 22:30:00
OP118093,W0260,Evening,E,36.0,0.0,2025-03-15 00:30:00
OP118094,W0174,Morning,C,45.0,0.0,2025-05-24 07:12:00
OP118095,W0105,Morning,E,19.0,1.0,2025-01-19 20:20:00
OP118096,W0355,,B,8.0,2.0,2025-02-25 03:54:00
OP118097,W0306,Evening,E,28.0,2.0,2025-02-11 18:52:00
OP118098,W0432,Evening,D,36.0,2.0,2025-05-30 17:35:00
OP118099,W0111,,Z,33.0,1.0,2025-04-01 01:24:00
OP118100,W0140,Mornng,A,35.0,0.0,2025-03-29 19:59:00
OP118101,W0033,Evening,,46.0,,2025-05-16 06:39:00
OP118102,W0145,Night,B,3.0,1.0,2025-05-30 14:01:00
OP118103,W0456,Night,D,48.0,0.0,2025-03-09 12:50:00
OP118104,W0227,Mornng,,19.0,2.0,2025-06-06 16:11:00
OP118105,W0379,,Z,44.0,2.0,2025-05-24 19:38:00
OP118106,W0201,Morning,D,16.0,2.0,2025-03-01 10:58:00
OP118107,W0133,Evening,D,42.0,1.0,2025-03-20 11:08:00
OP118108,W0203,,B,47.0,0.0,2025-05-15 17:29:00
OP118109,W0177,,E,-5.0,,2025-04-16 16:32:00
OP118110,W0496,Night,,,,2025-02-24 18:38:00
OP118111,W0030,Night,B,8.0,2.0,2025-02-21 00:47:00
OP118112,,Mornng,B,15.0,2.0,2025-05-19 03:28:00
OP118113,W0453,,,47.0,0.0,2025-06-06 23:00:00
OP118114,W0372,,B,20.0,2.0,2025-02-25 20:10:00
OP118115,W0315,Morning,D,25.0,1.0,2025-02-12 03:30:00
OP118116,W0255,Night,A,45.0,,2025-01-20 01:48:00
OP118117,W0196,,,15.0,,2025-04-23 07:21:00
OP118118,W0380,,E,26.0,,2025-01-06 02:10:00
OP118119,W0399,Morning,,8.0,1.0,2025-03-01 02:26:00
OP118120,W0221,,,-5.0,1.0,2025-05-04 11:57:00
OP118121,W0464,,E,21.0,1.0,2025-06-23 22:58:00
OP118122,W0118,Night,C,33.0,0.0,2025-05-18 07:39:00
OP118123,W0342,Evening,C,8.0,1.0,2025-05-02 01:41:00
OP118124,W0362,Mornng,,,2.0,2025-01-15 20:24:00
OP118125,W0408,,E,22.0,2.0,2025-04-23 20:05:00
OP118126,W0278,,B,13.0,2.0,2025-03-04 11:38:00
OP118127,W0257,,E,19.0,,2025-06-28 12:39:00
OP118128,W0033,,,23.0,2.0,2025-05-25 21:07:00
OP118129,W0131,,Z,28.0,2.0,2025-02-09 13:03:00
OP118130,W0299,Mornng,A,7.0,1.0,2025-03-15 12:26:00
OP118131,W0228,Evening,D,21.0,1.0,2025-02-23 01:36:00
OP118132,W0239,Evening,A,29.0,0.0,2025-05-11 22:43:00
OP118133,W0309,,,40.0,0.0,2025-03-17 00:10:00
OP118134,W0112,Night,Z,42.0,0.0,2025-03-19 15:44:00
OP118135,W0168,Evening,Z,29.0,,2025-01-14 11:51:00
OP118136,W0122,Morning,B,27.0,1.0,2025-01-09 09:29:00
OP118137,W0394,Mornng,A,39.0,2.0,2025-04-23 16:44:00
OP118138,W0446,,B,47.0,1.0,2025-06-27 18:01:00
OP118139,W0312,Evening,A,46.0,2.0,2025-05-19 23:12:00
OP118140,W0190,Mornng,C,14.0,0.0,2025-03-25 17:27:00
OP118141,W0408,Evening,,21.0,,2025-03-28 05:10:00
OP118142,W0121,Evening,B,25.0,,2025-01-08 20:17:00
OP118143,W0291,Evening,E,7.0,0.0,2025-04-29 05:27:00
OP118144,W0445,Morning,,36.0,1.0,2025-04-23 01:59:00
OP118145,W0157,Night,C,26.0,0.0,2025-04-08 07:16:00
OP118146,W0140,,Z,22.0,2.0,2025-01-24 05:15:00
OP118147,W0357,Mornng,Z,5.0,1.0,2025-06-15 22:04:00
OP118148,W0382,Night,B,18.0,2.0,2025-03-16 10:56:00
OP118149,W0389,,D,0.0,1.0,2025-05-12 04:28:00
OP118150,W0349,Mornng,A,35.0,1.0,2025-05-06 14:14:00
OP118151,W0023,Morning,C,-5.0,0.0,2025-04-26 00:23:00
OP118152,W0101,,E,7.0,2.0,2025-03-31 19:52:00
OP118153,W0005,Mornng,D,34.0,0.0,2025-02-12 22:13:00
OP118154,W0406,,D,24.0,,2025-05-14 12:47:00
OP118155,W0287,,C,9.0,0.0,2025-06-21 21:50:00
OP118156,W0306,,,35.0,1.0,2025-01-19 05:37:00
OP118157,W0170,,B,20.0,0.0,2025-03-14 12:28:00
OP118158,W0272,Evening,,27.0,0.0,2025-01-27 21:42:00
OP118159,W0424,,,39.0,2.0,2025-03-19 01:49:00
OP118160,W0036,Morning,D,15.0,1.0,2025-04-14 23:38:00
OP118161,W0258,,E,34.0,2.0,2025-06-21 21:57:00
OP118162,W0064,,E,47.0,1.0,2025-02-10 16:28:00
OP118163,W0103,,Z,46.0,2.0,2025-05-26 14:22:00
OP118164,W0138,Morning,D,47.0,2.0,2025-05-11 14:50:00
OP118165,W0296,,E,34.0,1.0,2025-01-02 06:46:00
OP118166,W0141,,A,6.0,2.0,2025-05-09 09:44:00
OP118167,W0226,Night,,26.0,2.0,2025-03-17 05:19:00
OP118168,W0364,Evening,B,30.0,0.0,2025-03-06 11:09:00
OP118169,W0212,,A,41.0,,2025-05-18 06:48:00
OP118170,W0196,Mornng,E,47.0,2.0,2025-03-24 09:22:00
OP118171,W0166,Evening,Z,49.0,0.0,2025-03-30 12:14:00
OP118172,W0061,,,24.0,,2025-04-03 21:06:00
OP118173,W0303,Mornng,,30.0,,2025-04-27 15:35:00
OP118174,W0305,Evening,E,19.0,,2025-05-27 15:09:00
OP118175,W0223,,C,11.0,,2025-01-10 15:28:00
OP118176,W0380,,C,33.0,1.0,2025-01-20 23:56:00
OP118177,W0441,,A,43.0,1.0,2025-01-17 13:22:00
OP118178,W0403,,,37.0,,2025-03-05 03:39:00
OP118179,W0162,,Z,33.0,2.0,2025-02-19 02:37:00
OP118180,W0303,Night,B,29.0,,2025-03-06 02:31:00
OP118181,W0210,Evening,C,7.0,,2025-02-24 19:28:00
OP118182,W0076,Evening,E,12.0,1.0,2025-06-19 23:15:00
OP118183,W0286,,E,28.0,,2025-02-09 11:42:00
OP118184,W0229,Night,D,26.0,,2025-05-28 14:37:00
OP118185,W0052,,,28.0,2.0,2025-06-22 19:59:00
OP118186,W0008,Night,A,18.0,0.0,2025-02-27 17:28:00
OP118187,W0439,,B,13.0,1.0,2025-05-03 02:26:00
OP118188,W0406,Night,Z,19.0,2.0,2025-05-25 18:48:00
OP118189,W0300,,E,45.0,1.0,2025-04-30 23:11:00
OP118190,W0075,Mornng,D,33.0,1.0,2025-05-22 01:09:00
OP118191,W0064,Evening,B,27.0,1.0,2025-06-04 09:42:00
OP118192,W0061,Night,Z,1.0,,invalid_date
OP118193,W0215,,A,35.0,0.0,2025-06-11 19:32:00
OP118194,W0303,Evening,D,23.0,0.0,2025-05-20 00:16:00
OP118195,W0429,Mornng,Z,25.0,0.0,2025-06-08 07:11:00
OP118196,W0185,,C,23.0,2.0,2025-04-14 06:38:00
OP118197,W0028,Night,Z,49.0,1.0,2025-02-09 12:17:00
OP118198,W0443,Evening,A,28.0,0.0,2025-04-19 02:23:00
OP118199,W0170,Morning,Z,1.0,2.0,2025-06-25 21:25:00
OP118200,W0010,,D,37.0,0.0,2025-06-07 12:07:00
OP118201,W0132,,A,6.0,2.0,2025-06-06 18:05:00
OP118202,W0024,,D,34.0,,2025-02-09 09:19:00
OP118203,W0491,Night,E,41.0,0.0,2025-06-25 09:23:00
OP118204,W0374,Mornng,Z,24.0,2.0,2025-05-21 15:47:00
OP118205,W0030,,,49.0,,2025-04-18 06:38:00
OP118206,W0161,Mornng,Z,18.0,1.0,2025-02-21 09:55:00
OP118207,W0448,Night,Z,30.0,2.0,2025-01-03 21:08:00
OP118208,W0155,,A,4.0,2.0,2025-05-08 08:34:00
OP118209,W0249,Mornng,A,9.0,,2025-06-08 15:18:00
OP118210,W0021,Night,C,49.0,2.0,2025-03-08 18:22:00
OP118211,W0235,,,0.0,2.0,2025-05-08 20:08:00
OP118212,W0392,Night,,41.0,0.0,2025-03-01 22:33:00
OP118213,W0498,,Z,11.0,,2025-05-12 13:02:00
OP118214,W0254,Morning,D,13.0,2.0,2025-03-17 16:48:00
OP118215,W0257,Mornng,D,18.0,1.0,2025-03-07 11:30:00
OP118216,W0200,Evening,A,5.0,,2025-04-11 23:38:00
OP118217,W0298,Evening,D,3.0,2.0,2025-06-12 03:29:00
OP118218,W0049,,B,1.0,1.0,2025-02-16 22:58:00
OP118219,W0170,Morning,Z,48.0,1.0,2025-05-01 19:07:00
OP118220,W0145,Mornng,Z,0.0,,2025-06-14 00:38:00
OP118221,W0210,Morning,B,48.0,1.0,2025-03-01 18:37:00
OP118222,W0123,Mornng,E,2.0,1.0,2025-01-01 19:48:00
OP118223,W0270,,A,26.0,,2025-05-29 10:44:00
OP118224,W0142,Mornng,,25.0,2.0,2025-03-31 12:24:00
OP118225,W0221,Morning,B,15.0,1.0,2025-06-21 12:54:00
OP118226,W0190,Morning,D,44.0,2.0,2025-04-06 01:50:00
OP118227,,Morning,D,13.0,,2025-02-20 19:12:00
OP118228,W0014,Night,C,18.0,2.0,2025-03-07 22:53:00
OP118229,W0466,,C,27.0,2.0,2025-05-06 05:36:00
OP118230,W0374,,E,2.0,2.0,2025-05-11 01:55:00
OP118231,,,B,9.0,2.0,invalid_date
OP118232,W0020,,E,23.0,2.0,2025-05-05 05:21:00
OP118233,W0497,Mornng,D,15.0,2.0,2025-06-22 18:58:00
OP118234,W0042,Evening,A,9.0,2.0,2025-02-20 01:34:00
OP118235,W0052,,C,31.0,,2025-06-29 15:08:00
OP118236,W0114,Mornng,A,34.0,1.0,2025-01-24 08:17:00
OP118237,W0246,,E,49.0,,2025-03-24 21:12:00
OP118238,W0020,,A,16.0,,2025-01-20 09:36:00
OP118239,W0124,Mornng,E,48.0,2.0,2025-02-11 02:16:00
OP118240,W0312,Evening,E,0.0,1.0,2025-04-23 12:49:00
OP118241,W0314,Mornng,D,40.0,2.0,2025-04-16 00:34:00
OP118242,W0143,Evening,E,10.0,2.0,2025-01-09 16:27:00
OP118243,W0089,Evening,C,9.0,2.0,2025-04-12 11:19:00
OP118244,W0079,Morning,A,29.0,0.0,2025-06-24 23:52:00
OP118245,W0052,Evening,Z,31.0,,2025-04-24 15:40:00
OP118246,W0209,,B,12.0,0.0,2025-04-13 14:22:00
OP118247,W0189,Mornng,A,11.0,0.0,2025-05-15 18:52:00
OP118248,W0040,Mornng,D,30.0,2.0,2025-01-04 19:54:00
OP118249,W0368,,Z,5.0,,2025-04-23 06:24:00
OP118250,W0483,Mornng,C,45.0,0.0,2025-06-05 04:34:00
OP118251,W0139,,E,12.0,2.0,2025-05-21 15:22:00
OP118252,W0391,,,8.0,2.0,2025-02-04 19:02:00
OP118253,W0122,Evening,C,23.0,,2025-03-30 02:05:00
OP118254,W0393,Morning,A,0.0,2.0,2025-06-19 17:01:00
OP118255,W0397,Evening,D,44.0,2.0,2025-02-11 02:01:00
OP118256,W0355,Night,D,34.0,2.0,2025-01-15 01:50:00
OP118257,W0495,Mornng,B,42.0,2.0,2025-04-14 19:16:00
OP118258,W0393,,Z,30.0,2.0,2025-06-10 19:08:00
OP118259,W0480,Mornng,Z,16.0,2.0,2025-04-07 23:00:00
OP118260,W0156,,Z,26.0,1.0,2025-03-20 02:17:00
OP118261,W0100,,A,20.0,1.0,2025-01-03 02:05:00
OP118262,W0212,,Z,7.0,,2025-04-12 11:19:00
OP118263,W0112,Night,D,5.0,,2025-01-26 01:14:00
OP118264,W0319,Evening,A,46.0,1.0,2025-06-13 13:08:00
OP118265,W0009,,E,43.0,0.0,2025-06-24 20:20:00
OP118266,W0308,,Z,40.0,2.0,2025-01-31 00:33:00
OP118267,W0325,Morning,D,1.0,2.0,2025-03-04 17:45:00
OP118268,W0482,Evening,Z,5.0,0.0,2025-01-20 13:50:00
OP118269,W0338,,A,-5.0,,2025-01-11 17:11:00
OP118270,W0081,Mornng,B,26.0,1.0,2025-04-22 06:22:00
OP118271,W0158,Evening,Z,14.0,1.0,2025-04-10 05:30:00
OP118272,W0151,Mornng,B,0.0,0.0,2025-02-08 09:49:00
OP118273,W0226,Morning,D,44.0,,2025-01-17 01:46:00
OP118274,W0422,,B,-5.0,0.0,2025-04-07 22:10:00
OP118275,W0373,Night,E,47.0,,2025-02-06 12:57:00
OP118276,W0425,Evening,,37.0,0.0,2025-04-17 19:07:00
OP118277,W0039,Mornng,Z,5.0,,2025-04-01 09:07:00
OP118278,W0115,,C,24.0,1.0,2025-05-19 07:11:00
OP118279,W0238,Night,D,4.0,1.0,2025-06-17 14:45:00
OP118280,W0111,Morning,E,45.0,0.0,invalid_date
OP118281,W0399,Morning,Z,3.0,1.0,2025-05-27 22:22:00
OP118282,W0447,Night,C,38.0,2.0,2025-04-23 18:44:00
OP118283,W0388,Night,E,0.0,0.0,2025-05-23 18:01:00
OP118284,W0149,Morning,E,24.0,1.0,2025-06-23 04:52:00
OP118285,W0160,Evening,D,49.0,0.0,2025-06-04 22:44:00
OP118286,W0379,,Z,29.0,1.0,2025-02-27 17:09:00
OP118287,W0299,,B,6.0,,2025-06-21 18:44:00
OP118288,W0427,,D,31.0,1.0,2025-03-18 17:05:00
OP118289,W0368,Night,B,39.0,1.0,2025-01-29 01:02:00
OP118290,W0199,Night,Z,5.0,,2025-06-21 11:11:00
OP118291,W0377,Mornng,,10.0,1.0,2025-02-09 18:21:00
OP118292,W0032,Morning,A,14.0,2.0,2025-02-05 15:12:00
OP118293,W0044,,D,39.0,0.0,2025-06-01 20:29:00
OP118294,W0457,Morning,E,12.0,1.0,2025-02-27 10:30:00
OP118295,W0291,Morning,,12.0,2.0,2025-01-22 22:42:00
OP118296,W0116,,D,10.0,,2025-02-06 18:41:00
OP118297,W0448,Morning,D,32.0,0.0,2025-01-25 07:29:00
OP118298,W0207,Morning,E,15.0,2.0,2025-03-27 05:36:00
OP118299,W0183,Evening,D,25.0,0.0,2025-04-16 04:01:00
OP118300,W0275,,,31.0,0.0,2025-03-08 06:55:00
OP118301,W0382,Night,C,31.0,2.0,2025-04-11 07:39:00
OP118302,W0152,Mornng,C,45.0,2.0,2025-04-04 20:35:00
OP118303,W0060,Night,B,17.0,2.0,2025-05-27 09:12:00
OP118304,W0121,,B,33.0,1.0,2025-06-04 14:59:00
OP118305,W0001,Night,C,18.0,1.0,2025-04-21 23:20:00
OP118306,W0496,,E,17.0,,2025-01-10 22:52:00
OP118307,W0415,Mornng,Z,42.0,2.0,2025-02-17 19:50:00
OP118308,W0358,,E,9.0,,2025-06-07 00:17:00
OP118309,W0212,,B,28.0,,2025-06-10 18:17:00
OP118310,W0083,Morning,C,41.0,1.0,2025-05-17 04:06:00
OP118311,W0234,Morning,D,47.0,,2025-06-10 07:17:00
OP118312,W0147,Evening,Z,35.0,1.0,2025-04-23 23:56:00
OP118313,W0491,Mornng,B,26.0,,2025-01-05 17:55:00
OP118314,W0130,Mornng,B,23.0,2.0,2025-06-27 19:36:00
OP118315,W0070,Morning,E,9.0,1.0,2025-06-25 21:35:00
OP118316,W0098,Mornng,A,20.0,1.0,2025-01-29 09:55:00
OP118317,W0023,,D,6.0,0.0,2025-02-02 22:04:00
OP118318,W0399,Morning,B,11.0,2.0,2025-05-16 06:00:00
OP118319,W0452,,D,1.0,,2025-01-21 13:36:00
OP118320,W0435,Night,Z,32.0,0.0,2025-06-16 00:19:00
OP118321,W0386,Night,D,44.0,0.0,2025-06-09 17:26:00
OP118322,W0084,Morning,,38.0,0.0,2025-06-24 14:11:00
OP118323,W0033,Morning,Z,35.0,2.0,2025-01-24 04:51:00
OP118324,W0434,,D,33.0,0.0,2025-06-21 00:28:00
OP118325,W0120,,C,18.0,,2025-01-14 14:35:00
OP118326,W0257,Mornng,C,8.0,,2025-05-16 23:11:00
OP118327,W0296,Evening,B,14.0,,2025-05-31 18:15:00
OP118328,W0146,,D,18.0,0.0,2025-05-21 19:56:00
OP118329,W0143,Morning,C,4.0,0.0,2025-01-18 13:40:00
OP118330,W0189,,E,42.0,2.0,2025-06-06 22:48:00
OP118331,W0331,,Z,0.0,0.0,2025-05-29 17:18:00
OP118332,W0401,,Z,28.0,,2025-03-07 09:16:00
OP118333,W0257,Mornng,,7.0,2.0,2025-03-30 19:39:00
OP118334,W0297,Evening,A,15.0,1.0,2025-01-09 00:06:00
OP118335,W0421,,E,31.0,,2025-03-25 21:16:00
OP118336,W0441,Night,E,39.0,,2025-03-03 11:24:00
OP118337,W0365,,A,12.0,,2025-05-29 15:57:00
OP118338,W0154,Morning,C,16.0,2.0,2025-06-25 19:11:00
OP118339,W0016,Evening,Z,36.0,2.0,2025-02-28 10:08:00
OP118340,W0461,Morning,E,2.0,,2025-05-11 14:41:00
OP118341,W0181,Mornng,A,1.0,1.0,2025-01-19 22:10:00
OP118342,W0124,,E,22.0,2.0,2025-04-26 20:34:00
OP118343,W0359,Night,B,29.0,2.0,2025-03-06 00:35:00
OP118344,W0093,Night,A,26.0,0.0,2025-05-31 12:01:00
OP118345,W0052,Mornng,E,,0.0,2025-05-08 01:41:00
OP118346,W0107,Evening,C,15.0,2.0,2025-02-12 03:50:00
OP118347,W0327,Night,C,26.0,1.0,2025-03-19 14:50:00
OP118348,W0284,,E,11.0,0.0,2025-05-11 16:51:00
OP118349,W0133,Evening,Z,32.0,,2025-06-03 04:32:00
OP118350,W0477,Evening,A,34.0,,2025-04-13 00:22:00
OP118351,W0411,,E,31.0,0.0,2025-05-17 18:07:00
OP118352,W0129,Morning,B,36.0,2.0,2025-03-21 13:36:00
OP118353,W0107,,B,9.0,2.0,2025-04-29 01:54:00
OP118354,W0139,Morning,E,14.0,,2025-02-22 11:20:00
OP118355,W0437,Mornng,C,18.0,0.0,2025-04-12 13:26:00
OP118356,W0332,,,21.0,0.0,2025-04-28 16:31:00
OP118357,W0014,Evening,C,34.0,2.0,2025-04-21 14:35:00
OP118358,W0423,Mornng,C,44.0,2.0,2025-05-14 23:37:00
OP118359,W0341,Mornng,,11.0,1.0,2025-05-04 15:43:00
OP118360,W0039,,B,37.0,1.0,2025-03-12 16:42:00
OP118361,W0212,Morning,E,47.0,,2025-06-20 15:51:00
OP118362,W0265,Morning,E,42.0,0.0,2025-05-25 02:37:00
OP118363,W0297,Evening,Z,2.0,,2025-06-29 13:55:00
OP118364,W0479,Night,,6.0,0.0,2025-05-06 22:17:00
OP118365,W0251,Mornng,E,37.0,1.0,2025-05-23 03:12:00
OP118366,W0100,,B,29.0,0.0,2025-04-09 12:43:00
OP118367,W0155,Night,A,41.0,,2025-06-26 19:01:00
OP118368,W0334,,,31.0,2.0,2025-01-22 03:40:00
OP118369,W0082,,D,6.0,1.0,2025-05-27 14:06:00
OP118370,W0162,,C,30.0,2.0,2025-03-08 02:14:00
OP118371,W0058,,,48.0,2.0,2025-02-27 09:10:00
OP118372,W0098,Night,,41.0,0.0,2025-03-11 10:15:00
OP118373,W0176,,D,43.0,1.0,2025-02-08 07:55:00
OP118374,W0472,Mornng,E,22.0,0.0,2025-02-24 01:43:00
OP118375,W0419,,B,0.0,1.0,2025-01-11 10:35:00
OP118376,W0461,Mornng,Z,40.0,,2025-04-24 10:13:00
OP118377,W0423,Mornng,,35.0,,2025-06-25 05:24:00
OP118378,W0347,,D,41.0,,2025-06-23 14:23:00
OP118379,W0064,Morning,,3.0,,2025-03-12 17:00:00
OP118380,W0091,Morning,B,32.0,1.0,2025-02-28 12:00:00
OP118381,W0153,Morning,B,48.0,2.0,2025-03-19 09:35:00
OP118382,W0405,Morning,Z,,,2025-05-15 14:52:00
OP118383,W0007,Morning,D,23.0,1.0,2025-01-16 03:39:00
OP118384,W0494,,E,10.0,0.0,2025-04-05 21:03:00
OP118385,W0135,,A,38.0,,2025-01-22 02:37:00
OP118386,W0283,Evening,D,11.0,2.0,2025-02-19 05:38:00
OP118387,W0416,Mornng,,3.0,2.0,2025-05-31 20:09:00
OP118388,W0210,Evening,,3.0,0.0,invalid_date
OP118389,W0404,Morning,E,-5.0,,2025-06-23 21:50:00
OP118390,W0212,Evening,B,43.0,0.0,2025-04-12 08:14:00
OP118391,W0424,,D,16.0,1.0,2025-05-11 03:15:00
OP118392,W0099,Morning,Z,13.0,0.0,2025-03-05 01:39:00
OP118393,W0201,Night,A,36.0,,2025-03-09 01:41:00
OP118394,W0221,,A,35.0,2.0,2025-06-18 23:37:00
OP118395,W0172,Night,E,20.0,2.0,2025-02-01 15:21:00
OP118396,W0199,Mornng,B,30.0,,2025-01-27 09:41:00
OP118397,W0349,,E,30.0,1.0,2025-06-09 13:08:00
OP118398,W0018,Mornng,B,15.0,0.0,2025-03-11 14:57:00
OP118399,W0160,,B,28.0,,2025-05-12 15:19:00
OP118400,W0358,Mornng,C,26.0,2.0,2025-06-08 08:15:00
OP118401,W0366,Evening,D,18.0,0.0,2025-02-27 23:29:00
OP118402,W0192,,C,33.0,1.0,2025-05-16 19:03:00
OP118403,W0421,,A,32.0,1.0,2025-04-30 13:04:00
OP118404,W0488,Night,D,19.0,,2025-01-06 20:39:00
OP118405,W0404,Morning,B,27.0,1.0,2025-05-22 08:32:00
OP118406,W0270,Mornng,A,33.0,1.0,2025-05-25 17:43:00
OP118407,W0053,,C,2.0,,2025-04-28 15:02:00
OP118408,W0309,Evening,B,14.0,,2025-06-29 15:30:00
OP118409,W0165,Morning,B,4.0,1.0,2025-04-23 16:01:00
OP118410,W0369,Night,B,43.0,2.0,invalid_date
OP118411,W0019,,Z,49.0,0.0,2025-02-09 15:07:00
OP118412,W0456,Evening,A,3.0,0.0,2025-05-12 18:28:00
OP118413,W9999,,E,39.0,0.0,2025-06-01 13:03:00
OP118414,W0451,,C,18.0,1.0,2025-02-09 10:41:00
OP118415,W0471,Evening,D,6.0,2.0,2025-04-22 23:07:00
OP118416,W0134,,Z,26.0,1.0,2025-05-15 03:20:00
OP118417,W0071,Mornng,D,11.0,2.0,2025-03-08 21:22:00
OP118418,W0135,,Z,21.0,,2025-03-05 18:41:00
OP118419,W0120,Mornng,D,16.0,0.0,2025-02-04 01:55:00
OP118420,W0344,Night,A,6.0,0.0,2025-01-02 15:16:00
OP118421,W0212,Mornng,A,43.0,2.0,2025-03-01 22:59:00
OP118422,W0212,,D,42.0,,2025-01-05 23:41:00
OP118423,W0055,,A,38.0,2.0,2025-01-21 11:44:00
OP118424,W0160,,B,42.0,2.0,2025-02-22 12:51:00
OP118425,W0346,Evening,A,27.0,2.0,2025-01-22 04:42:00
OP118426,W0093,Morning,B,28.0,1.0,2025-03-03 00:47:00
OP118427,W0378,,,44.0,0.0,2025-05-10 11:34:00
OP118428,W0109,Mornng,E,38.0,0.0,2025-05-16 05:53:00
OP118429,W0129,Evening,B,36.0,1.0,2025-01-17 14:15:00
OP118430,W0139,Night,C,40.0,,2025-01-26 04:40:00
OP118431,W0051,,,46.0,0.0,2025-06-14 20:53:00
OP118432,W0329,Morning,E,19.0,2.0,2025-04-19 20:50:00
OP118433,W0495,,D,15.0,1.0,2025-03-15 06:13:00
OP118434,W0161,Night,,12.0,1.0,2025-06-29 23:48:00
OP118435,W0123,,,35.0,0.0,2025-02-27 21:56:00
OP118436,W0432,,D,2.0,2.0,2025-02-04 11:26:00
OP118437,W0471,Evening,,9.0,,2025-03-15 08:41:00
OP118438,W0168,,D,32.0,,2025-03-29 01:47:00
OP118439,W0113,,,31.0,,2025-04-16 23:37:00
OP118440,W0418,,Z,40.0,2.0,2025-05-07 16:52:00
OP118441,W0480,Morning,B,43.0,2.0,2025-06-16 15:52:00
OP118442,W0306,,B,29.0,0.0,2025-04-13 01:32:00
OP118443,W0317,Night,,41.0,1.0,2025-06-10 03:27:00
OP118444,W0105,,D,13.0,1.0,2025-02-10 03:12:00
OP118445,W0173,Night,Z,12.0,2.0,2025-02-05 17:21:00
OP118446,W0010,Mornng,E,30.0,1.0,2025-05-07 12:37:00
OP118447,W0358,Evening,E,42.0,1.0,2025-03-14 21:18:00
OP118448,W0286,,,46.0,2.0,2025-04-18 10:09:00
OP118449,W0048,Evening,A,29.0,1.0,2025-03-08 23:20:00
OP118450,W0309,Mornng,A,49.0,0.0,2025-01-11 04:00:00
OP118451,W0025,,B,40.0,2.0,2025-01-11 23:56:00
OP118452,W0311,Night,Z,43.0,,2025-01-23 23:49:00
OP118453,W0015,Night,,39.0,2.0,2025-01-03 01:54:00
OP118454,W0107,,Z,8.0,1.0,2025-02-20 12:12:00
OP118455,W0204,Morning,,15.0,2.0,2025-02-22 10:21:00
OP118456,W0151,Evening,A,10.0,1.0,2025-01-08 15:59:00
OP118457,W0487,Morning,B,11.0,,2025-05-10 15:49:00
OP118458,W0010,Mornng,B,20.0,2.0,2025-02-10 23:09:00
OP118459,W0041,Evening,D,12.0,,2025-04-16 22:59:00
OP118460,W0319,Evening,A,28.0,,2025-05-06 01:15:00
OP118461,W0322,,A,16.0,2.0,2025-05-25 07:22:00
OP118462,W0235,Night,B,27.0,2.0,2025-01-26 23:25:00
OP118463,W0239,Evening,A,28.0,,2025-04-05 22:05:00
OP118464,W0337,Morning,Z,21.0,0.0,2025-02-04 09:03:00
OP118465,W0201,,A,33.0,0.0,2025-05-17 09:05:00
OP118466,W0170,Night,,0.0,1.0,2025-02-17 18:44:00
OP118467,W0318,Mornng,Z,,1.0,2025-04-27 10:34:00
OP118468,W0074,Evening,A,42.0,0.0,2025-04-09 17:26:00
OP118469,W0099,Morning,E,47.0,1.0,2025-01-09 10:06:00
OP118470,W0205,,D,45.0,2.0,2025-06-05 12:54:00
OP118471,W0300,Mornng,A,1.0,1.0,2025-01-16 03:53:00
OP118472,W0227,Morning,B,8.0,1.0,2025-02-04 02:21:00
OP118473,W0198,Mornng,D,32.0,1.0,2025-05-22 15:49:00
OP118474,W0304,Night,E,42.0,2.0,2025-02-28 16:46:00
OP118475,W0334,Mornng,C,0.0,,2025-01-04 20:03:00
OP118476,W0336,,C,36.0,1.0,2025-02-28 07:55:00
OP118477,W0378,,Z,49.0,2.0,2025-05-20 14:10:00
OP118478,W0172,,C,24.0,,2025-06-27 20:58:00
OP118479,W0279,,B,10.0,,2025-06-15 09:22:00
OP118480,W0383,Evening,Z,17.0,,2025-01-15 06:00:00
OP118481,W0263,Mornng,Z,25.0,2.0,2025-01-18 06:21:00
OP118482,W0210,Mornng,B,45.0,,2025-04-10 00:20:00
OP118483,W0379,,Z,10.0,1.0,2025-06-29 06:04:00
OP118484,W0444,Night,,36.0,1.0,2025-02-03 20:51:00
OP118485,W0401,Mornng,Z,35.0,1.0,2025-01-18 18:23:00
OP118486,W0206,Evening,D,10.0,2.0,2025-05-28 19:01:00
OP118487,W0184,Night,,35.0,,2025-03-31 23:09:00
OP118488,W0360,Mornng,Z,26.0,,2025-01-29 07:34:00
OP118489,W0385,,C,29.0,0.0,2025-04-12 08:03:00
OP118490,W0296,,,49.0,0.0,2025-01-16 05:36:00
OP118491,W0120,Morning,E,1.0,0.0,2025-03-12 11:27:00
OP118492,W0108,Evening,D,32.0,2.0,2025-06-11 14:07:00
OP118493,W0169,Morning,Z,0.0,2.0,2025-04-15 18:17:00
OP118494,W0193,,C,20.0,,2025-06-02 22:45:00
OP118495,W0466,Mornng,E,38.0,2.0,2025-01-30 05:07:00
OP118496,W0186,,C,35.0,1.0,invalid_date
OP118497,W0263,Mornng,E,25.0,1.0,2025-02-06 16:03:00
OP118498,W0008,Mornng,C,18.0,0.0,invalid_date
OP118499,W0288,Night,C,-5.0,0.0,2025-03-13 14:22:00
OP118500,W0404,,A,7.0,,2025-06-18 19:00:00
OP118501,W0233,Mornng,A,17.0,0.0,2025-01-10 09:52:00
OP118502,W0176,Night,Z,46.0,1.0,2025-01-23 08:32:00
OP118503,W0265,Morning,B,38.0,0.0,2025-04-12 07:17:00
OP118504,W0321,Mornng,A,,1.0,2025-05-03 19:07:00
OP118505,W0269,Evening,A,11.0,2.0,2025-06-04 20:00:00
OP118506,W0117,Evening,B,33.0,,2025-04-27 20:44:00
OP118507,W0462,Night,C,19.0,,2025-06-17 20:05:00
OP118508,W0027,Mornng,E,26.0,,2025-05-26 01:43:00
OP118509,W0436,,A,1.0,1.0,2025-05-11 13:56:00
OP118510,W0204,,,49.0,1.0,2025-06-06 22:41:00
OP118511,W0149,Mornng,E,26.0,1.0,2025-05-21 21:49:00
OP118512,W0272,Night,E,41.0,0.0,2025-05-12 03:56:00
OP118513,W0262,Mornng,A,14.0,0.0,2025-04-01 20:33:00
OP118514,W0495,Morning,Z,36.0,,2025-05-04 18:40:00
OP118515,W0468,Evening,C,-5.0,0.0,2025-02-24 01:09:00
OP118516,W0075,Night,D,47.0,1.0,2025-05-02 11:56:00
OP118517,W0011,Evening,E,29.0,,2025-01-28 02:32:00
OP118518,W0091,Mornng,Z,17.0,2.0,2025-01-28 07:18:00
OP118519,W0303,Night,D,6.0,0.0,2025-01-05 04:10:00
OP118520,W0291,,,23.0,,2025-05-03 15:19:00
OP118521,W0177,Night,E,36.0,0.0,2025-04-05 01:22:00
OP118522,W0472,Night,,12.0,1.0,2025-05-25 02:05:00
OP118523,W0020,,A,40.0,0.0,2025-03-09 12:43:00
OP118524,W0398,Mornng,Z,13.0,0.0,2025-01-04 05:18:00
OP118525,W0016,Night,C,47.0,1.0,2025-05-14 20:27:00
OP118526,W0288,,A,14.0,1.0,2025-02-13 13:51:00
OP118527,W0493,,B,18.0,0.0,2025-06-11 08:18:00
OP118528,W0383,Evening,Z,27.0,2.0,2025-05-19 16:39:00
OP118529,W0338,Morning,C,36.0,0.0,2025-05-16 07:40:00
OP118530,W0201,Mornng,A,29.0,1.0,2025-02-25 10:59:00
OP118531,W0452,,,22.0,0.0,2025-04-16 21:32:00
OP118532,W0300,Night,Z,1.0,2.0,2025-02-11 19:03:00
OP118533,W0374,Mornng,Z,25.0,0.0,2025-05-28 09:42:00
OP118534,W0335,,Z,30.0,2.0,2025-04-02 13:53:00
OP118535,W0461,,Z,-5.0,0.0,2025-01-20 19:04:00
OP118536,W0270,,C,28.0,0.0,2025-04-06 21:58:00
OP118537,W0093,Morning,D,4.0,,2025-01-07 16:38:00
OP118538,W0223,,C,31.0,1.0,2025-06-18 12:48:00
OP118539,W0461,Evening,E,48.0,1.0,2025-03-06 19:01:00
OP118540,W0024,Night,Z,42.0,2.0,2025-03-17 23:00:00
OP118541,W0192,,E,19.0,2.0,2025-04-14 04:35:00
OP118542,W0105,,C,38.0,0.0,2025-06-09 21:45:00
OP118543,W0359,,Z,20.0,2.0,2025-02-15 12:10:00
OP118544,W0195,Morning,,45.0,2.0,2025-06-05 14:11:00
OP118545,W0404,Morning,A,16.0,,2025-03-27 05:22:00
OP118546,W0296,Night,Z,19.0,0.0,2025-05-27 01:35:00
OP118547,W0380,Night,E,7.0,2.0,2025-02-03 19:46:00
OP118548,W0448,,C,20.0,,2025-06-05 04:18:00
OP118549,W0329,Evening,B,12.0,2.0,2025-04-07 02:47:00
OP118550,W0361,Evening,,9.0,0.0,2025-06-24 23:38:00
OP118551,W0090,Morning,D,3.0,,2025-02-22 17:19:00
OP118552,W0431,,,6.0,2.0,2025-01-21 13:34:00
OP118553,W0048,Morning,B,38.0,1.0,2025-06-02 02:56:00
OP118554,W0146,Evening,C,35.0,1.0,2025-03-08 20:06:00
OP118555,W0057,Night,A,23.0,2.0,2025-02-23 02:20:00
OP118556,W0442,,E,17.0,1.0,2025-06-22 14:16:00
OP118557,W0103,Evening,C,33.0,1.0,2025-03-01 12:54:00
OP118558,W0137,,C,28.0,1.0,2025-01-29 03:14:00
OP118559,W0475,Mornng,B,37.0,2.0,2025-01-01 01:47:00
OP118560,W0012,Mornng,Z,32.0,1.0,2025-03-12 06:56:00
OP118561,W0384,Mornng,Z,21.0,2.0,2025-02-21 18:14:00
OP118562,W0276,Evening,D,12.0,2.0,2025-06-20 11:44:00
OP118563,W0180,Morning,B,8.0,2.0,2025-03-21 12:11:00
OP118564,W0418,,C,47.0,2.0,2025-02-03 20:33:00
OP118565,W0489,Evening,Z,4.0,0.0,2025-05-08 04:53:00
OP118566,W0480,,C,8.0,2.0,2025-02-15 18:15:00
OP118567,W0146,Evening,D,48.0,1.0,2025-01-14 02:18:00
OP118568,W0145,Mornng,E,30.0,,2025-04-05 07:34:00
OP118569,W0372,Mornng,C,12.0,0.0,2025-03-13 09:31:00
OP118570,W0120,Morning,,1.0,0.0,2025-04-22 02:50:00
OP118571,W0281,Mornng,Z,12.0,1.0,2025-06-08 11:13:00
OP118572,W0180,Morning,,41.0,,2025-05-18 13:23:00
OP118573,W0361,,E,32.0,2.0,2025-02-01 02:29:00
OP118574,W0452,Evening,B,43.0,0.0,2025-01-26 13:13:00
OP118575,W0165,Evening,B,17.0,2.0,2025-01-27 19:03:00
OP118576,W0462,,C,8.0,1.0,2025-04-13 04:30:00
OP118577,W0252,Mornng,D,17.0,0.0,2025-03-23 07:20:00
OP118578,W0357,Morning,C,12.0,1.0,2025-03-25 21:22:00
OP118579,W0396,Mornng,D,23.0,1.0,invalid_date
OP118580,W0500,Morning,D,20.0,1.0,2025-02-10 20:52:00
OP118581,W0447,Evening,Z,27.0,,2025-04-12 21:34:00
OP118582,W0418,,D,4.0,0.0,2025-02-12 01:13:00
OP118583,W0240,,D,37.0,1.0,2025-01-26 14:00:00
OP118584,W0453,,C,17.0,1.0,2025-01-27 23:53:00
OP118585,W0156,,,1.0,,2025-04-14 08:34:00
OP118586,W0465,,A,17.0,,2025-05-12 16:03:00
OP118587,W0343,Evening,A,32.0,2.0,2025-03-27 09:02:00
OP118588,W0131,,B,,1.0,2025-01-06 01:49:00
OP118589,W0132,Mornng,,31.0,,2025-03-07 05:45:00
OP118590,W0137,Night,E,-5.0,2.0,2025-04-07 05:21:00
OP118591,W0433,,E,21.0,,2025-03-04 03:10:00
OP118592,W0486,Mornng,A,1.0,0.0,2025-03-04 15:30:00
OP118593,W0080,Evening,A,15.0,,2025-06-22 12:52:00
OP118594,W0261,Mornng,B,16.0,0.0,2025-03-29 10:03:00
OP118595,W0316,,A,-5.0,1.0,2025-06-02 11:41:00
OP118596,W0239,Morning,E,9.0,2.0,2025-04-27 19:53:00
OP118597,W0469,Evening,C,26.0,2.0,2025-03-18 23:24:00
OP118598,W0423,,A,1.0,2.0,2025-02-21 07:45:00
OP118599,W0178,Evening,C,21.0,1.0,2025-06-24 18:13:00
OP118600,W0489,Morning,Z,30.0,,2025-01-09 13:59:00
OP118601,W0228,,D,40.0,0.0,2025-01-29 03:58:00
OP118602,W0133,Evening,A,47.0,1.0,2025-05-28 00:26:00
OP118603,W0305,Evening,,32.0,2.0,2025-05-15 16:29:00
OP118604,W0497,,B,14.0,0.0,2025-05-22 13:59:00
OP118605,W0172,,A,45.0,,2025-03-15 23:21:00
OP118606,W0041,,,48.0,0.0,2025-04-17 10:56:00
OP118607,W0270,,,45.0,0.0,2025-04-23 07:07:00
OP118608,W0034,Night,,18.0,,2025-01-21 09:09:00
OP118609,W0047,Night,B,21.0,0.0,2025-01-20 06:03:00
OP118610,W0125,Mornng,Z,42.0,2.0,2025-03-20 03:13:00
OP118611,W0180,,B,41.0,,2025-04-13 10:30:00
OP118612,,Night,D,2.0,2.0,2025-06-20 20:03:00
OP118613,W0206,,C,23.0,0.0,2025-02-22 16:01:00
OP118614,W0451,,Z,28.0,,2025-06-10 08:17:00
OP118615,W0131,Morning,Z,43.0,0.0,invalid_date
OP118616,W0425,,Z,25.0,2.0,2025-06-03 01:06:00
OP118617,W0258,,Z,48.0,0.0,2025-04-09 08:25:00
OP118618,W0201,Mornng,D,46.0,,2025-04-07 09:09:00
OP118619,W0259,,C,35.0,,2025-06-13 06:28:00
OP118620,W0403,,C,1.0,,2025-01-31 08:14:00
OP118621,W0286,Night,A,2.0,1.0,2025-02-10 21:09:00
OP118622,W0409,Evening,D,32.0,2.0,2025-01-20 00:59:00
OP118623,W0409,,E,30.0,1.0,2025-01-01 05:36:00
OP118624,W0178,Mornng,C,9.0,1.0,2025-05-06 23:01:00
OP118625,W0069,,,11.0,,2025-02-09 15:36:00
OP118626,W0405,Morning,E,43.0,2.0,2025-04-13 04:55:00
OP118627,W0269,,A,27.0,2.0,2025-05-28 19:05:00
OP118628,W0035,Morning,C,39.0,0.0,2025-04-05 20:01:00
OP118629,W0283,Mornng,D,19.0,2.0,2025-06-24 23:45:00
OP118630,W0246,,C,30.0,,2025-01-11 22:11:00
OP118631,W0054,,E,34.0,1.0,2025-04-11 17:31:00
OP118632,W0081,Morning,,21.0,,2025-01-01 20:59:00
OP118633,W0203,,B,32.0,2.0,2025-04-16 20:04:00
OP118634,W0437,,A,20.0,,2025-02-10 05:59:00
OP118635,W0306,Night,D,35.0,0.0,2025-02-10 07:57:00
OP118636,W0064,Mornng,,39.0,1.0,2025-01-20 20:10:00
OP118637,W0047,Morning,D,29.0,,2025-05-01 21:13:00
OP118638,W0405,Mornng,Z,25.0,,2025-03-14 14:44:00
OP118639,W0081,,A,,2.0,2025-06-11 02:25:00
OP118640,W0350,Morning,C,40.0,,2025-01-25 01:03:00
OP118641,W0472,Evening,Z,34.0,,2025-04-04 19:02:00
OP118642,W0086,Morning,,20.0,1.0,2025-02-19 19:57:00
OP118643,W0401,Evening,C,1.0,2.0,2025-03-30 17:19:00
OP118644,W0451,Evening,B,4.0,1.0,2025-03-16 10:20:00
OP118645,W0465,Evening,C,33.0,1.0,2025-01-27 06:56:00
OP118646,W0208,Evening,Z,21.0,1.0,2025-05-13 23:38:00
OP118647,W0325,Mornng,E,24.0,2.0,2025-03-15 15:27:00
OP118648,W0194,Night,A,49.0,,2025-05-03 19:31:00
OP118649,W0153,,,37.0,1.0,2025-06-06 06:43:00
OP118650,W0426,Morning,B,48.0,1.0,2025-02-23 04:50:00
OP118651,W0091,,Z,6.0,,2025-01-21 21:49:00
OP118652,W0192,Mornng,A,21.0,0.0,2025-05-11 10:56:00
OP118653,W0197,,D,20.0,0.0,2025-04-30 09:18:00
OP118654,W0242,Evening,D,29.0,0.0,2025-06-06 20:15:00
OP118655,W0173,Morning,E,1.0,,2025-05-03 21:05:00
OP118656,W0027,Mornng,A,34.0,0.0,2025-06-06 05:02:00
OP118657,W0080,,D,4.0,1.0,2025-03-30 19:44:00
OP118658,W0427,,B,27.0,0.0,2025-06-05 15:25:00
OP118659,W0443,Evening,Z,7.0,1.0,2025-04-08 00:04:00
OP118660,W0156,Morning,E,15.0,0.0,2025-05-11 12:33:00
OP118661,W0219,Mornng,C,34.0,1.0,2025-04-14 13:31:00
OP118662,W0319,Mornng,E,32.0,,2025-03-21 19:36:00
OP118663,W0149,Night,A,20.0,1.0,2025-03-13 10:56:00
OP118664,W0197,,C,19.0,2.0,2025-05-16 11:09:00
OP118665,W0391,Night,E,14.0,2.0,2025-02-14 14:42:00
OP118666,W0280,Morning,D,2.0,1.0,2025-02-05 10:21:00
OP118667,W0038,Morning,E,,0.0,2025-06-21 04:43:00
OP118668,W0447,Evening,C,13.0,0.0,2025-02-26 17:41:00
OP118669,W0043,Evening,A,25.0,1.0,2025-04-19 19:05:00
OP118670,W0169,,C,27.0,2.0,2025-05-18 03:04:00
OP118671,W0173,,B,27.0,0.0,2025-02-26 03:20:00
OP118672,W0249,,C,34.0,1.0,2025-03-02 02:17:00
OP118673,W0349,,B,27.0,0.0,2025-03-14 14:18:00
OP118674,W0354,Evening,C,34.0,1.0,2025-02-26 11:16:00
OP118675,W0349,Mornng,B,28.0,0.0,2025-06-17 01:10:00
OP118676,W0232,Mornng,C,15.0,2.0,2025-02-12 15:37:00
OP118677,W0428,Night,A,5.0,,2025-01-15 00:45:00
OP118678,W0472,Morning,D,32.0,2.0,2025-04-22 21:40:00
OP118679,W0351,Evening,C,19.0,,2025-04-01 03:44:00
OP118680,W0280,Evening,,14.0,0.0,2025-04-13 14:57:00
OP118681,W0335,Evening,E,0.0,,2025-05-20 13:33:00
OP118682,W0279,Night,A,26.0,2.0,2025-05-30 07:41:00
OP118683,W0065,Morning,B,2.0,0.0,2025-04-23 07:46:00
OP118684,W0188,Evening,,2.0,0.0,2025-02-09 09:24:00
OP118685,W0285,Mornng,E,2.0,1.0,2025-04-03 09:03:00
OP118686,W0258,Evening,C,14.0,1.0,2025-04-09 19:40:00
OP118687,W0273,,,27.0,1.0,2025-05-14 07:56:00
OP118688,W0455,Night,D,7.0,2.0,2025-05-29 00:20:00
OP118689,W0129,Evening,B,29.0,1.0,2025-04-09 02:02:00
OP118690,W0153,Mornng,,-5.0,1.0,2025-02-04 11:38:00
OP118691,W0348,,D,1.0,,2025-03-22 15:45:00
OP118692,W0423,Mornng,B,44.0,0.0,2025-06-09 09:07:00
OP118693,W0050,,D,40.0,2.0,2025-05-22 12:56:00
OP118694,W0052,Evening,C,39.0,,2025-01-18 06:07:00
OP118695,W0053,Morning,E,40.0,,2025-03-18 16:10:00
OP118696,W0071,Evening,A,33.0,,2025-06-02 00:04:00
OP118697,W0271,,,32.0,1.0,2025-04-05 17:07:00
OP118698,W0098,Night,,14.0,1.0,2025-02-03 08:08:00
OP118699,W0179,Mornng,D,38.0,,2025-06-02 16:48:00
OP118700,W0479,Evening,D,35.0,2.0,2025-06-03 15:53:00
OP118701,W0230,Night,C,46.0,1.0,2025-05-09 03:02:00
OP118702,W0448,Morning,,37.0,2.0,2025-03-13 15:30:00
OP118703,W0161,,C,22.0,1.0,2025-02-28 14:11:00
OP118704,W0401,,C,47.0,,2025-06-08 07:48:00
OP118705,W0299,Mornng,C,16.0,0.0,2025-03-05 02:04:00
OP118706,W0084,,B,14.0,,2025-01-13 05:40:00
OP118707,W0132,,Z,14.0,2.0,2025-06-24 18:30:00
OP118708,W0453,Mornng,C,24.0,1.0,2025-01-27 02:05:00
OP118709,W0383,,E,1.0,,2025-04-14 00:00:00
OP118710,W0326,Morning,,29.0,2.0,2025-06-21 23:56:00
OP118711,W0141,,E,-5.0,1.0,2025-02-19 08:37:00
OP118712,W0086,,B,49.0,1.0,2025-02-01 04:32:00
OP118713,W0127,Evening,D,24.0,1.0,2025-02-09 10:24:00
OP118714,W0125,Evening,,42.0,0.0,2025-02-21 10:52:00
OP118715,W0256,,E,19.0,,2025-04-30 04:45:00
OP118716,W0494,,C,14.0,2.0,2025-01-14 22:43:00
OP118717,W0247,Night,,43.0,,2025-04-01 18:04:00
OP118718,,Morning,,20.0,,2025-03-01 17:10:00
OP118719,W0474,,E,26.0,0.0,2025-02-25 16:45:00
OP118720,W0452,Night,Z,44.0,,2025-01-11 01:45:00
OP118721,W0455,Mornng,B,20.0,,2025-01-03 10:18:00
OP118722,W0303,Morning,,30.0,,2025-06-22 22:59:00
OP118723,W0414,Mornng,Z,37.0,,2025-01-08 07:19:00
OP118724,W0312,Mornng,E,23.0,,2025-02-21 04:34:00
OP118725,W0217,,B,35.0,2.0,2025-05-05 18:41:00
OP118726,W0107,Night,Z,4.0,0.0,2025-03-16 17:17:00
OP118727,W0334,Night,D,47.0,,2025-02-10 16:14:00
OP118728,W0017,Morning,B,31.0,1.0,2025-06-11 09:01:00
OP118729,W0323,Mornng,B,44.0,,2025-06-29 00:00:00
OP118730,W0118,,C,33.0,0.0,2025-05-19 06:05:00
OP118731,W0463,Night,Z,36.0,1.0,invalid_date
OP118732,W0411,Mornng,D,0.0,1.0,2025-05-29 05:49:00
OP118733,W0292,Morning,,47.0,,2025-06-11 10:41:00
OP118734,W0414,Mornng,A,2.0,0.0,2025-05-08 15:36:00
OP118735,W0201,Mornng,A,48.0,0.0,2025-06-10 05:56:00
OP118736,W0393,,B,14.0,1.0,2025-06-13 15:23:00
OP118737,W0084,Evening,A,41.0,0.0,2025-06-03 23:30:00
OP118738,W0274,Evening,C,9.0,0.0,2025-05-29 12:45:00
OP118739,W0016,Morning,A,35.0,2.0,2025-05-10 19:34:00
OP118740,W0192,Evening,,26.0,,2025-04-24 14:09:00
OP118741,W0351,Night,A,25.0,2.0,2025-02-10 03:54:00
OP118742,W0322,Morning,Z,18.0,,2025-06-22 17:02:00
OP118743,W0270,Evening,,22.0,1.0,2025-06-01 21:24:00
OP118744,W0179,,E,47.0,,2025-04-01 20:33:00
OP118745,W0034,Night,A,0.0,2.0,2025-06-09 08:19:00
OP118746,W0345,,E,10.0,,2025-02-16 20:39:00
OP118747,W0436,Mornng,E,28.0,2.0,2025-04-05 15:38:00
OP118748,W0238,,B,9.0,0.0,2025-02-25 04:18:00
OP118749,W0161,Morning,Z,15.0,0.0,2025-02-05 06:52:00
OP118750,W0487,,,46.0,2.0,2025-01-23 19:26:00
OP118751,W0213,Evening,,42.0,,2025-02-15 17:17:00
OP118752,W0198,,D,23.0,1.0,2025-04-01 14:57:00
OP118753,W0361,Evening,A,29.0,0.0,2025-01-16 03:34:00
OP118754,W0059,,Z,30.0,1.0,2025-05-16 01:26:00
OP118755,W0352,Mornng,B,13.0,,2025-02-26 02:28:00
OP118756,W0128,,A,13.0,0.0,2025-03-13 20:52:00
OP118757,W0464,Night,C,45.0,1.0,2025-01-23 05:37:00
OP118758,W0394,Morning,B,17.0,0.0,2025-06-10 07:26:00
OP118759,W0408,Night,C,26.0,0.0,2025-06-02 20:16:00
OP118760,W0035,Morning,D,-5.0,2.0,2025-06-19 18:05:00
OP118761,W0005,,B,41.0,1.0,2025-06-04 03:39:00
OP118762,W0470,,B,43.0,0.0,2025-01-30 06:05:00
OP118763,W0350,,E,27.0,0.0,2025-02-28 07:21:00
OP118764,W0299,Night,E,34.0,1.0,2025-01-13 01:54:00
OP118765,W0086,,D,4.0,0.0,2025-01-04 02:36:00
OP118766,W0022,Evening,B,44.0,2.0,2025-05-22 11:57:00
OP118767,W0468,,C,32.0,2.0,2025-05-25 16:45:00
OP118768,W0420,Morning,A,33.0,1.0,2025-03-07 19:48:00
OP118769,W0260,Morning,E,37.0,,2025-01-21 22:36:00
OP118770,W0342,Morning,,28.0,1.0,2025-02-26 06:36:00
OP118771,W0141,Morning,A,46.0,1.0,2025-06-26 20:04:00
OP118772,W0159,,D,36.0,1.0,2025-02-26 01:39:00
OP118773,W0148,,D,8.0,1.0,2025-01-15 10:49:00
OP118774,W0277,,B,19.0,,2025-04-21 04:35:00
OP118775,W0288,Morning,B,30.0,1.0,2025-03-19 00:37:00
OP118776,W0104,Morning,C,2.0,2.0,2025-05-06 07:00:00
OP118777,W0101,Morning,C,3.0,2.0,2025-02-02 01:22:00
OP118778,W0423,,C,19.0,,2025-05-19 18:47:00
OP118779,W0484,Evening,D,36.0,2.0,2025-05-27 18:51:00
OP118780,W0490,Morning,A,-5.0,2.0,2025-05-23 23:33:00
OP118781,W0421,,C,17.0,1.0,2025-02-02 07:45:00
OP118782,W0346,Night,A,2.0,,2025-06-29 20:43:00
OP118783,W0014,,Z,34.0,,2025-01-31 14:35:00
OP118784,W0468,Mornng,B,38.0,,2025-06-20 01:28:00
OP118785,W0239,Mornng,C,49.0,1.0,2025-05-22 11:04:00
OP118786,W0499,Evening,C,27.0,1.0,2025-03-16 18:35:00
OP118787,W0319,Morning,Z,16.0,1.0,2025-04-10 04:33:00
OP118788,W0277,Mornng,E,3.0,1.0,2025-04-01 21:07:00
OP118789,W0094,Evening,D,11.0,1.0,2025-01-26 21:51:00
OP118790,W0315,Morning,D,25.0,1.0,2025-04-29 16:12:00
OP118791,W0181,Mornng,,29.0,,2025-04-01 02:31:00
OP118792,W0401,,E,24.0,1.0,2025-01-28 22:42:00
OP118793,W0340,Evening,C,43.0,2.0,2025-04-02 08:42:00
OP118794,W0261,Evening,D,20.0,1.0,2025-06-08 07:04:00
OP118795,W0045,Evening,E,12.0,,2025-04-14 18:51:00
OP118796,W0144,,E,46.0,2.0,2025-02-07 20:52:00
OP118797,W0281,Mornng,C,7.0,0.0,invalid_date
OP118798,W0140,Morning,E,35.0,0.0,2025-04-26 09:29:00
OP118799,W0206,Night,B,40.0,,2025-06-11 23:26:00
OP118800,W0015,Mornng,A,-5.0,0.0,invalid_date
OP118801,W0263,Night,C,4.0,1.0,2025-01-02 15:03:00
OP118802,W0489,,Z,3.0,1.0,2025-03-20 16:53:00
OP118803,W0023,,Z,13.0,2.0,2025-03-26 12:44:00
OP118804,W0001,Night,,10.0,2.0,2025-04-11 22:51:00
OP118805,W0199,,C,10.0,1.0,2025-02-03 23:37:00
OP118806,W0036,Night,D,17.0,0.0,2025-01-22 11:19:00
OP118807,W0371,Mornng,D,44.0,,2025-05-21 13:19:00
OP118808,W0010,Morning,C,27.0,0.0,2025-04-20 13:00:00
OP118809,W0500,,D,15.0,,2025-02-26 08:58:00
OP118810,W0332,Morning,E,12.0,1.0,2025-05-24 07:30:00
OP118811,W0492,,B,18.0,0.0,2025-05-09 08:56:00
OP118812,W0362,,A,16.0,0.0,2025-03-11 04:29:00
OP118813,W0279,Morning,A,11.0,2.0,2025-04-03 12:17:00
OP118814,W0250,Evening,Z,15.0,2.0,2025-01-14 20:40:00
OP118815,W0189,Night,E,10.0,2.0,2025-06-13 16:14:00
OP118816,W0143,Mornng,C,39.0,0.0,2025-05-05 18:05:00
OP118817,W0249,,D,12.0,0.0,2025-02-01 02:20:00
OP118818,W0115,Morning,Z,2.0,,invalid_date
OP118819,W0059,,A,24.0,0.0,2025-02-20 04:20:00
OP118820,W0339,,D,,2.0,2025-05-28 03:13:00
OP118821,W0338,Evening,D,0.0,,2025-02-07 04:00:00
OP118822,W0343,Morning,B,17.0,1.0,2025-06-27 18:17:00
OP118823,W0372,,D,26.0,2.0,2025-02-04 21:29:00
OP118824,W0444,,Z,22.0,2.0,2025-03-18 10:08:00
OP118825,W0112,,E,10.0,2.0,invalid_date
OP118826,W0305,,D,29.0,0.0,2025-02-11 05:57:00
OP118827,W0451,Night,D,41.0,1.0,2025-02-14 12:50:00
OP118828,W0060,Mornng,E,-5.0,,2025-05-17 07:13:00
OP118829,W0014,Night,D,19.0,1.0,2025-05-23 19:38:00
OP118830,W0437,Mornng,E,47.0,1.0,2025-04-05 02:16:00
OP118831,W0224,,E,13.0,2.0,2025-03-02 15:33:00
OP118832,W0232,Night,Z,1.0,0.0,2025-04-05 02:59:00
OP118833,W0226,Night,C,21.0,0.0,2025-01-09 10:59:00
OP118834,W0160,Mornng,A,3.0,0.0,2025-06-15 18:57:00
OP118835,W0246,,E,9.0,1.0,2025-01-05 16:32:00
OP118836,W0096,Night,,36.0,1.0,2025-01-14 11:00:00
OP118837,W0319,Evening,D,21.0,0.0,2025-02-11 09:54:00
OP118838,W0147,Night,D,33.0,,2025-01-12 08:06:00
OP118839,W0162,Night,B,32.0,0.0,2025-06-20 14:55:00
OP118840,W0202,Evening,Z,35.0,0.0,2025-02-26 04:24:00
OP118841,W0448,Morning,,1.0,1.0,2025-03-14 09:19:00
OP118842,W0253,Mornng,B,27.0,2.0,2025-04-28 18:00:00
OP118843,W0264,Night,D,31.0,1.0,2025-06-29 17:30:00
OP118844,W0250,Mornng,D,34.0,1.0,2025-04-10 11:58:00
OP118845,W0121,Mornng,B,27.0,,2025-05-31 14:46:00
OP118846,W0313,Morning,Z,13.0,,2025-05-25 20:34:00
OP118847,W0314,Night,A,23.0,0.0,2025-03-17 18:35:00
OP118848,W0182,Evening,B,-5.0,1.0,2025-02-23 00:30:00
OP118849,W0046,,,17.0,0.0,2025-03-18 20:10:00
OP118850,W0254,,,5.0,1.0,2025-04-11 18:42:00
OP118851,W0195,,,45.0,1.0,2025-04-12 18:15:00
OP118852,W0352,,B,3.0,,2025-01-04 12:19:00
OP118853,W0040,Night,D,,0.0,2025-03-28 13:41:00
OP118854,W0065,Night,D,49.0,,2025-06-22 05:08:00
OP118855,W0397,,Z,-5.0,2.0,2025-04-30 14:22:00
OP118856,W0072,Morning,,46.0,,invalid_date
OP118857,W0489,Morning,B,11.0,,2025-03-18 22:28:00
OP118858,W0081,Evening,D,43.0,1.0,2025-06-20 14:32:00
OP118859,W0127,Mornng,B,27.0,0.0,2025-06-04 14:25:00
OP118860,W0400,Morning,C,35.0,0.0,invalid_date
OP118861,W0115,,B,3.0,2.0,2025-04-28 18:34:00
OP118862,W0225,Morning,E,29.0,0.0,2025-01-20 06:23:00
OP118863,W0005,Mornng,,13.0,0.0,2025-06-02 01:58:00
OP118864,W0345,Mornng,,42.0,0.0,2025-03-14 07:31:00
OP118865,W0376,Evening,D,12.0,,2025-04-11 06:52:00
OP118866,W0417,Morning,E,13.0,,2025-02-27 11:51:00
OP118867,W0478,Mornng,A,23.0,0.0,2025-01-03 12:28:00
OP118868,W0037,Morning,C,,,2025-06-24 10:48:00
OP118869,W0464,Night,E,,0.0,2025-05-17 00:33:00
OP118870,W0154,,E,8.0,,2025-05-10 17:53:00
OP118871,W0152,,B,1.0,0.0,2025-03-06 23:52:00
OP118872,W0336,Night,Z,48.0,1.0,2025-01-01 18:30:00
OP118873,W0121,,A,43.0,2.0,2025-02-20 21:06:00
OP118874,W0336,Morning,E,33.0,2.0,2025-03-07 09:33:00
OP118875,W0022,,D,24.0,0.0,2025-05-23 15:19:00
OP118876,W0156,Mornng,Z,43.0,0.0,2025-05-31 18:25:00
OP118877,W0058,Night,B,8.0,,2025-02-24 00:05:00
OP118878,W0076,Morning,E,0.0,2.0,2025-05-15 22:27:00
OP118879,W0331,Mornng,B,7.0,0.0,2025-05-25 08:41:00
OP118880,W0217,Evening,A,32.0,1.0,2025-04-10 19:06:00
OP118881,W0277,,E,48.0,0.0,2025-04-13 20:57:00
OP118882,W0095,,E,35.0,1.0,2025-02-15 00:40:00
OP118883,W0339,Morning,Z,8.0,0.0,2025-02-09 19:01:00
OP118884,W0020,,,42.0,0.0,2025-04-05 19:51:00
OP118885,W0331,,,44.0,,2025-02-16 01:21:00
OP118886,W0444,Mornng,E,8.0,2.0,2025-05-20 05:19:00
OP118887,W0450,Night,B,26.0,2.0,2025-04-01 17:55:00
OP118888,W0302,,A,42.0,0.0,2025-02-10 19:33:00
OP118889,W0494,Mornng,C,0.0,0.0,2025-02-05 15:41:00
OP118890,W0217,,E,-5.0,1.0,2025-05-19 12:42:00
OP118891,W0202,Evening,C,28.0,,2025-04-08 13:58:00
OP118892,W0396,Night,Z,38.0,1.0,2025-04-27 11:00:00
OP118893,W0361,Morning,C,44.0,0.0,2025-02-02 20:25:00
OP118894,W0458,Night,Z,36.0,,2025-03-30 12:55:00
OP118895,W0259,Evening,,36.0,,2025-06-05 05:29:00
OP118896,W0270,,A,3.0,1.0,invalid_date
OP118897,W0363,Morning,E,46.0,0.0,2025-06-26 13:54:00
OP118898,W0100,Evening,E,42.0,,2025-01-13 15:48:00
OP118899,W0368,,,1.0,0.0,2025-06-10 22:54:00
OP118900,W0409,,B,4.0,2.0,2025-03-19 02:11:00
OP118901,W0367,Evening,C,49.0,2.0,2025-01-20 23:11:00
OP118902,W0295,,E,11.0,0.0,2025-04-23 04:42:00
OP118903,W0457,Night,D,5.0,,2025-01-22 22:05:00
OP118904,W0165,Night,C,10.0,,2025-01-14 10:20:00
OP118905,W0064,,Z,7.0,0.0,2025-01-10 08:53:00
OP118906,W0406,Morning,Z,33.0,1.0,2025-01-09 04:54:00
OP118907,W0145,Night,D,17.0,1.0,2025-05-05 17:55:00
OP118908,W0500,Morning,Z,2.0,0.0,2025-02-09 08:38:00
OP118909,W0202,Evening,E,36.0,1.0,2025-05-08 01:18:00
OP118910,W0361,,C,9.0,0.0,2025-02-03 10:53:00
OP118911,W0091,Night,,22.0,1.0,2025-01-27 21:45:00
OP118912,W0422,,,45.0,,2025-04-16 07:27:00
OP118913,W0110,Night,A,31.0,,2025-01-21 13:05:00
OP118914,W0151,Night,C,18.0,0.0,2025-06-22 23:38:00
OP118915,W0131,Evening,A,13.0,,2025-06-08 10:18:00
OP118916,W0201,,,13.0,0.0,2025-06-11 11:18:00
OP118917,W0499,Mornng,C,13.0,2.0,2025-02-20 10:27:00
OP118918,W0390,,A,21.0,0.0,2025-02-12 19:07:00
OP118919,W0254,Mornng,C,14.0,2.0,2025-04-14 20:43:00
OP118920,W0377,Evening,Z,31.0,2.0,2025-05-02 06:36:00
OP118921,W0358,Morning,D,30.0,1.0,2025-04-20 00:06:00
OP118922,W0095,Night,B,35.0,2.0,2025-04-06 02:21:00
OP118923,W0369,,D,,2.0,2025-01-23 02:00:00
OP118924,W0391,,,25.0,1.0,2025-01-04 16:17:00
OP118925,W0345,,A,3.0,0.0,2025-06-23 20:10:00
OP118926,W0492,,C,48.0,0.0,2025-02-26 05:39:00
OP118927,W0214,Night,E,45.0,,2025-03-18 14:45:00
OP118928,W0035,Evening,D,-5.0,,2025-02-10 07:33:00
OP118929,W0176,,C,48.0,,2025-05-14 02:53:00
OP118930,W0253,Evening,,26.0,2.0,2025-06-14 15:24:00
OP118931,W0374,Night,E,11.0,0.0,2025-04-23 12:51:00
OP118932,W0456,Night,A,16.0,0.0,2025-06-07 01:55:00
OP118933,W0156,Night,B,47.0,0.0,2025-05-16 14:13:00
OP118934,W0340,Night,C,26.0,,2025-04-25 06:41:00
OP118935,W0152,Evening,D,22.0,0.0,2025-03-27 01:09:00
OP118936,W0218,,D,39.0,2.0,2025-01-12 07:38:00
OP118937,W0041,Night,B,31.0,,2025-02-27 11:13:00
OP118938,W0244,Morning,D,33.0,0.0,2025-06-07 03:59:00
OP118939,W0068,Evening,D,,2.0,2025-04-18 20:03:00
OP118940,W0250,,,15.0,0.0,2025-01-01 10:53:00
OP118941,W0175,Mornng,C,3.0,1.0,2025-04-11 10:17:00
OP118942,W0148,,A,2.0,1.0,2025-03-06 21:35:00
OP118943,W0362,,D,16.0,1.0,2025-04-18 00:12:00
OP118944,W0061,Mornng,C,,2.0,2025-04-29 04:49:00
OP118945,W0478,,A,23.0,,2025-05-24 11:27:00
OP118946,W0326,Morning,B,47.0,0.0,2025-04-14 12:29:00
OP118947,W0358,Night,A,16.0,2.0,2025-03-17 08:23:00
OP118948,W0179,,B,26.0,2.0,2025-03-05 01:22:00
OP118949,W0382,Night,Z,1.0,2.0,2025-02-24 09:51:00
OP118950,W0449,,E,40.0,0.0,2025-05-20 23:23:00
OP118951,W0316,Night,E,3.0,2.0,2025-02-22 13:57:00
OP118952,W0384,,A,22.0,0.0,2025-04-19 01:20:00
OP118953,W0266,,,41.0,0.0,2025-02-05 02:56:00
OP118954,W0430,Mornng,B,29.0,,2025-04-19 00:54:00
OP118955,W0275,Evening,,30.0,,2025-01-26 05:26:00
OP118956,W0109,Night,Z,36.0,1.0,2025-03-01 08:12:00
OP118957,W0476,,E,37.0,1.0,2025-05-07 05:32:00
OP118958,W0105,,C,17.0,,2025-03-21 10:57:00
OP118959,W0426,,B,29.0,2.0,2025-06-04 05:33:00
OP118960,W0315,Mornng,C,10.0,2.0,2025-04-14 02:03:00
OP118961,W0291,Mornng,A,18.0,1.0,2025-02-20 05:56:00
OP118962,W0054,,A,37.0,,2025-05-05 22:18:00
OP118963,W0437,Morning,A,1.0,1.0,2025-06-09 08:28:00
OP118964,W0047,Evening,Z,30.0,2.0,2025-06-06 19:28:00
OP118965,W0044,Mornng,C,41.0,0.0,2025-02-11 06:03:00
OP118966,W0205,,Z,2.0,1.0,2025-05-30 01:03:00
OP118967,W0304,Mornng,C,19.0,1.0,2025-03-03 02:50:00
OP118968,W0285,Evening,A,44.0,1.0,2025-01-13 06:16:00
OP118969,W0012,Night,A,2.0,,2025-04-21 09:50:00
OP118970,W0260,Night,C,21.0,1.0,2025-01-29 00:47:00
OP118971,W0161,Mornng,Z,43.0,2.0,invalid_date
OP118972,W0361,Mornng,B,44.0,0.0,2025-05-26 07:20:00
OP118973,W0123,Evening,,21.0,0.0,2025-05-12 19:58:00
OP118974,W0309,,Z,34.0,2.0,2025-05-06 12:48:00
OP118975,W0289,Mornng,A,24.0,0.0,2025-01-31 06:15:00
OP118976,W0463,Mornng,,47.0,1.0,2025-04-16 19:32:00
OP118977,W0181,,E,44.0,0.0,2025-04-09 13:01:00
OP118978,W0091,Evening,A,12.0,,2025-05-09 01:30:00
OP118979,W0038,Night,D,14.0,,2025-03-04 01:42:00
OP118980,W0455,Night,A,6.0,1.0,2025-01-07 17:33:00
OP118981,W0108,Morning,A,13.0,1.0,2025-04-09 20:47:00
OP118982,W0402,Mornng,Z,45.0,0.0,2025-04-21 09:57:00
OP118983,W0221,,D,10.0,,2025-03-17 22:58:00
OP118984,W0207,,C,22.0,0.0,invalid_date
OP118985,W0478,Mornng,Z,35.0,,2025-05-10 03:26:00
OP118986,W0076,Evening,D,8.0,2.0,2025-06-02 23:41:00
OP118987,W0387,,A,38.0,2.0,2025-06-02 13:49:00
OP118988,W0234,Evening,D,3.0,1.0,2025-05-21 16:58:00
OP118989,W0055,Mornng,D,42.0,2.0,2025-02-17 15:57:00
OP118990,W0204,Night,A,47.0,2.0,2025-05-28 05:30:00
OP118991,W0178,,,45.0,1.0,invalid_date
OP118992,W0331,,E,6.0,2.0,2025-03-09 07:12:00
OP118993,W0013,Night,E,33.0,0.0,2025-01-24 14:42:00
OP118994,W0218,Evening,A,3.0,1.0,2025-01-27 15:08:00
OP118995,W0385,Night,Z,31.0,0.0,2025-01-19 01:56:00
OP118996,W0074,,A,14.0,1.0,2025-02-04 06:06:00
OP118997,W0170,Evening,D,49.0,,2025-05-18 18:53:00
OP118998,W0019,Mornng,,47.0,,2025-06-26 17:09:00
OP118999,W0308,Evening,D,15.0,0.0,2025-06-07 19:10:00
OP119000,W0010,Evening,E,42.0,0.0,2025-04-23 19:43:00
OP119001,W0016,Evening,E,41.0,0.0,2025-01-26 23:13:00
OP119002,W0302,,Z,44.0,0.0,2025-05-01 10:01:00
OP119003,W0048,Mornng,D,15.0,,2025-04-02 13:06:00
OP119004,W0302,Mornng,D,30.0,0.0,2025-04-06 12:33:00
OP119005,W0162,Night,B,22.0,,2025-01-18 17:59:00
OP119006,W0140,Evening,E,,,2025-06-01 19:38:00
OP119007,W0483,,,45.0,0.0,2025-04-28 12:49:00
OP119008,W0381,Mornng,D,2.0,1.0,2025-05-08 04:00:00
OP119009,W0404,Evening,D,4.0,0.0,2025-02-06 22:09:00
OP119010,W0493,,A,31.0,0.0,2025-01-05 11:02:00
OP119011,W0329,Mornng,C,48.0,2.0,2025-02-27 17:57:00
OP119012,W0153,,,,0.0,2025-06-03 12:34:00
OP119013,W0383,,A,45.0,1.0,2025-05-29 02:46:00
OP119014,W0121,Morning,A,18.0,0.0,2025-04-05 07:36:00
OP119015,W0080,,,16.0,0.0,2025-01-24 19:59:00
OP119016,W0253,Evening,B,23.0,0.0,2025-01-01 15:09:00
OP119017,W0016,Morning,A,26.0,1.0,2025-01-20 07:22:00
OP119018,W0024,Night,A,24.0,2.0,2025-04-11 22:08:00
OP119019,W0190,Night,D,46.0,,2025-06-08 04:49:00
OP119020,W0232,Evening,Z,10.0,0.0,2025-04-06 00:36:00
OP119021,W0151,,Z,-5.0,,2025-03-23 21:28:00
OP119022,W0012,,D,7.0,0.0,2025-01-03 20:51:00
OP119023,W0101,Morning,C,38.0,1.0,2025-05-02 08:46:00
OP119024,W0039,Mornng,A,-5.0,1.0,2025-04-23 05:59:00
OP119025,W0137,,Z,19.0,2.0,2025-04-13 11:15:00
OP119026,W0017,Evening,C,19.0,,2025-05-21 03:35:00
OP119027,W0352,,A,19.0,0.0,2025-03-29 12:27:00
OP119028,W0371,,Z,36.0,,2025-01-08 16:11:00
OP119029,W0343,Evening,,3.0,2.0,2025-01-19 05:58:00
OP119030,W0365,Night,,21.0,,2025-04-30 15:15:00
OP119031,W0475,Night,B,33.0,2.0,2025-01-26 12:30:00
OP119032,W0150,,B,,2.0,2025-03-05 22:05:00
OP119033,W0379,Night,A,21.0,1.0,2025-04-13 06:27:00
OP119034,W0114,Evening,,5.0,0.0,2025-05-16 12:43:00
OP119035,W0450,Mornng,B,18.0,1.0,2025-03-30 14:51:00
OP119036,W0242,,,6.0,1.0,2025-03-01 11:06:00
OP119037,W0052,,Z,5.0,1.0,2025-03-19 12:04:00
OP119038,W0434,,,44.0,2.0,2025-04-13 03:17:00
OP119039,W0390,,C,19.0,2.0,2025-02-12 01:37:00
OP119040,W0211,Night,D,42.0,2.0,2025-01-14 03:37:00
OP119041,W0060,Night,A,46.0,2.0,2025-02-25 20:54:00
OP119042,W0127,Mornng,A,26.0,2.0,2025-01-18 02:33:00
OP119043,W0387,Mornng,B,14.0,1.0,2025-06-28 00:46:00
OP119044,W0203,Evening,E,39.0,,2025-02-08 20:59:00
OP119045,W0048,Morning,,12.0,2.0,2025-01-07 21:54:00
OP119046,W0282,Evening,B,44.0,0.0,2025-05-11 14:50:00
OP119047,W0291,Mornng,D,45.0,1.0,2025-04-30 09:20:00
OP119048,W0352,,C,35.0,,2025-02-01 18:15:00
OP119049,W0131,,A,9.0,1.0,2025-04-08 16:08:00
OP119050,W0109,Mornng,C,4.0,2.0,2025-06-10 22:30:00
OP119051,W0191,Mornng,B,44.0,0.0,2025-06-09 08:16:00
OP119052,W0287,Mornng,,14.0,,2025-05-14 00:09:00
OP119053,W0410,Morning,E,8.0,,2025-01-28 11:40:00
OP119054,W0245,,,31.0,,2025-05-24 16:01:00
OP119055,W0045,Evening,E,35.0,,2025-04-25 17:32:00
OP119056,W0115,,D,5.0,2.0,2025-04-16 00:33:00
OP119057,W0479,,,6.0,,2025-05-02 18:38:00
OP119058,W0314,Evening,Z,28.0,1.0,2025-03-21 16:38:00
OP119059,W0041,,C,4.0,,2025-01-16 19:59:00
OP119060,W0470,,C,24.0,1.0,2025-04-24 14:22:00
OP119061,W0395,Morning,E,37.0,,2025-03-20 20:35:00
OP119062,W0174,,A,6.0,,2025-02-16 18:45:00
OP119063,W0418,Night,A,13.0,,2025-03-18 20:33:00
OP119064,W0092,,Z,46.0,0.0,2025-04-23 09:00:00
OP119065,W0404,Night,,45.0,1.0,2025-04-08 17:28:00
OP119066,W0266,,D,11.0,2.0,invalid_date
OP119067,W0177,,C,20.0,,2025-03-25 01:59:00
OP119068,W0126,Evening,Z,23.0,1.0,2025-06-28 12:44:00
OP119069,W0198,Night,D,19.0,0.0,2025-04-28 02:49:00
OP119070,W0182,,C,21.0,,2025-03-08 00:52:00
OP119071,W0220,,,29.0,1.0,2025-05-26 04:13:00
OP119072,W0102,Morning,C,24.0,0.0,2025-05-26 09:23:00
OP119073,W0430,Night,B,24.0,0.0,2025-04-23 18:29:00
OP119074,W0230,,A,40.0,2.0,2025-01-26 17:19:00
OP119075,W0109,,Z,25.0,0.0,2025-04-23 18:16:00
OP119076,W0218,,Z,,1.0,2025-04-29 19:00:00
OP119077,W0371,Night,C,43.0,,2025-02-16 15:00:00
OP119078,W0227,Mornng,C,5.0,1.0,2025-02-25 10:45:00
OP119079,W0462,Night,A,24.0,0.0,2025-04-30 16:58:00
OP119080,W0165,,Z,33.0,0.0,invalid_date
OP119081,W0436,,D,25.0,0.0,2025-04-02 12:17:00
OP119082,W0471,,D,16.0,1.0,2025-01-24 00:57:00
OP119083,W0388,Morning,C,16.0,1.0,2025-02-06 07:28:00
OP119084,W0384,,A,34.0,1.0,2025-04-21 09:40:00
OP119085,W0108,,,4.0,1.0,2025-02-15 06:05:00
OP119086,,Morning,B,16.0,1.0,2025-03-16 03:55:00
OP119087,W0241,Evening,A,4.0,,2025-06-10 21:21:00
OP119088,W0055,,B,4.0,2.0,2025-06-05 12:24:00
OP119089,W0089,,Z,4.0,2.0,2025-02-22 04:48:00
OP119090,W0022,,,13.0,1.0,2025-05-08 14:39:00
OP119091,W0349,,,42.0,1.0,2025-03-30 14:43:00
OP119092,W0248,,E,19.0,,2025-03-08 02:20:00
OP119093,W0188,,D,39.0,0.0,2025-04-29 13:33:00
OP119094,W0324,Night,C,,2.0,2025-04-25 11:25:00
OP119095,W0429,,D,33.0,1.0,2025-03-04 12:06:00
OP119096,W0156,Night,Z,7.0,0.0,2025-03-24 16:47:00
OP119097,W0358,Mornng,Z,1.0,,2025-04-15 22:28:00
OP119098,W0277,Morning,D,26.0,1.0,2025-02-18 20:08:00
OP119099,W0483,,B,17.0,,2025-06-22 20:22:00
OP119100,W0160,Night,A,32.0,0.0,2025-05-23 00:43:00
OP119101,W0147,,D,-5.0,2.0,2025-03-18 16:59:00
OP119102,W0290,,B,44.0,,2025-06-10 01:05:00
OP119103,W0008,Night,Z,46.0,1.0,2025-04-25 08:42:00
OP119104,W0388,,Z,33.0,0.0,2025-04-14 16:58:00
OP119105,W0161,,E,10.0,0.0,2025-03-23 07:22:00
OP119106,W0283,,D,33.0,,2025-01-30 19:41:00
OP119107,W0056,Morning,,43.0,0.0,2025-06-23 00:09:00
OP119108,W0250,Evening,C,15.0,2.0,2025-01-18 10:34:00
OP119109,W0188,Morning,Z,21.0,0.0,2025-01-07 22:39:00
OP119110,W0261,,D,1.0,1.0,2025-06-05 20:09:00
OP119111,W0139,,C,-5.0,2.0,2025-03-15 04:54:00
OP119112,W0059,Evening,Z,25.0,,2025-05-08 03:02:00
OP119113,W0456,Morning,B,16.0,1.0,2025-06-01 18:07:00
OP119114,W0088,Night,E,28.0,,2025-05-01 22:43:00
OP119115,W0053,,B,14.0,2.0,2025-02-04 14:56:00
OP119116,W0120,Morning,C,31.0,2.0,2025-03-04 23:41:00
OP119117,W0157,Evening,D,4.0,,2025-04-26 20:48:00
OP119118,W0188,,,42.0,1.0,2025-03-15 09:40:00
OP119119,W0464,Mornng,,12.0,2.0,2025-04-18 20:08:00
OP119120,W0112,,C,6.0,,2025-01-27 19:16:00
OP119121,W0392,Evening,C,34.0,,2025-04-29 03:41:00
OP119122,W0027,Morning,B,3.0,0.0,2025-02-12 11:23:00
OP119123,W0324,,C,31.0,,2025-01-15 23:41:00
OP119124,W0281,,A,49.0,1.0,2025-04-04 03:59:00
OP119125,W0445,Mornng,B,7.0,,2025-01-29 07:26:00
OP119126,W0110,,B,0.0,0.0,2025-06-20 08:42:00
OP119127,W0379,,Z,17.0,,2025-06-25 00:33:00
OP119128,W0268,Morning,,42.0,1.0,2025-05-12 12:21:00
OP119129,W0120,,Z,38.0,1.0,2025-06-14 03:32:00
OP119130,W0349,,A,36.0,0.0,2025-04-20 12:57:00
OP119131,W0315,Morning,E,2.0,1.0,2025-01-24 15:54:00
OP119132,W0177,Evening,A,16.0,,2025-02-12 18:43:00
OP119133,W0155,,E,12.0,0.0,2025-02-21 21:56:00
OP119134,W0047,Mornng,Z,0.0,2.0,2025-03-16 01:52:00
OP119135,W0261,Mornng,Z,21.0,1.0,2025-04-28 13:15:00
OP119136,W0211,Night,A,46.0,,2025-06-29 16:10:00
OP119137,W0066,Night,D,44.0,,2025-05-30 10:14:00
OP119138,W0234,Night,D,26.0,,2025-04-16 18:58:00
OP119139,W0264,Night,C,37.0,2.0,2025-04-09 04:34:00
OP119140,W0275,,B,37.0,1.0,2025-05-08 03:02:00
OP119141,W0355,Evening,Z,35.0,2.0,2025-04-14 08:45:00
OP119142,W0042,Evening,C,11.0,2.0,2025-04-02 23:28:00
OP119143,W0129,Mornng,E,22.0,1.0,2025-06-16 07:38:00
OP119144,W0044,Night,,0.0,2.0,2025-04-05 15:36:00
OP119145,W0015,,,23.0,2.0,2025-04-18 14:23:00
OP119146,W0357,,A,2.0,1.0,2025-01-18 16:20:00
OP119147,W0056,Morning,D,6.0,1.0,2025-06-27 04:50:00
OP119148,W0047,,E,49.0,1.0,2025-05-30 21:44:00
OP119149,W0338,Evening,E,27.0,2.0,2025-01-27 01:10:00
OP119150,W0288,Night,C,11.0,2.0,2025-03-24 10:55:00
OP119151,W0101,Night,D,40.0,0.0,2025-06-01 04:13:00
OP119152,W0344,Evening,B,40.0,2.0,2025-01-08 23:42:00
OP119153,W0166,Mornng,,4.0,2.0,2025-01-04 15:34:00
OP119154,W0197,Mornng,E,42.0,1.0,2025-04-29 08:42:00
OP119155,W0397,Night,B,17.0,0.0,2025-01-19 06:36:00
OP119156,W0294,Evening,Z,16.0,2.0,2025-03-09 19:16:00
OP119157,W0075,Evening,,6.0,0.0,2025-03-28 03:05:00
OP119158,W0372,,C,26.0,0.0,2025-01-22 10:29:00
OP119159,W0471,,E,46.0,,2025-06-05 23:13:00
OP119160,W0456,Evening,,42.0,1.0,2025-02-20 15:53:00
OP119161,W0016,Evening,Z,,1.0,2025-04-16 15:59:00
OP119162,W0477,,D,30.0,,2025-01-22 22:01:00
OP119163,W0254,Evening,B,36.0,0.0,2025-01-18 10:15:00
OP119164,W0272,Mornng,D,2.0,2.0,2025-01-10 08:47:00
OP119165,W0196,Morning,D,44.0,2.0,2025-06-08 02:56:00
OP119166,W0108,Mornng,B,25.0,,2025-01-02 11:17:00
OP119167,W0294,Night,C,33.0,,2025-02-25 05:28:00
OP119168,W0456,Night,Z,26.0,0.0,2025-06-20 07:49:00
OP119169,W0484,Evening,E,42.0,0.0,2025-04-01 16:31:00
OP119170,W0268,,A,47.0,0.0,2025-01-27 16:07:00
OP119171,W0031,Evening,E,15.0,,2025-02-27 02:16:00
OP119172,W0333,,E,9.0,,2025-02-17 13:30:00
OP119173,W0149,,Z,27.0,2.0,2025-03-27 10:36:00
OP119174,W0385,Mornng,Z,22.0,0.0,2025-03-01 01:02:00
OP119175,W0459,,E,14.0,,2025-03-25 23:16:00
OP119176,W0238,Night,C,14.0,2.0,2025-03-16 11:47:00
OP119177,W0225,Evening,C,47.0,2.0,2025-03-14 17:36:00
OP119178,W0247,Morning,E,6.0,0.0,2025-06-10 03:45:00
OP119179,W0109,Mornng,B,15.0,0.0,2025-03-18 02:59:00
OP119180,W0320,,A,34.0,0.0,2025-01-05 21:14:00
OP119181,W0192,Night,A,25.0,,2025-04-26 11:25:00
OP119182,W0100,Night,B,10.0,0.0,2025-01-29 10:39:00
OP119183,W0390,Mornng,D,24.0,1.0,2025-03-01 12:27:00
OP119184,W0099,Morning,,5.0,2.0,2025-02-06 07:50:00
OP119185,W0049,Mornng,E,30.0,2.0,2025-05-21 11:12:00
OP119186,W0228,,E,36.0,,2025-01-14 08:21:00
OP119187,W0311,Mornng,,46.0,0.0,2025-01-08 20:25:00
OP119188,W0305,Mornng,Z,2.0,,2025-02-15 02:22:00
OP119189,W0007,Morning,B,-5.0,2.0,2025-03-12 00:02:00
OP119190,W0431,,E,34.0,2.0,2025-05-02 09:19:00
OP119191,W0100,Morning,B,41.0,2.0,2025-04-23 18:46:00
OP119192,,Mornng,B,13.0,0.0,2025-06-10 21:10:00
OP119193,W0082,Morning,B,45.0,2.0,2025-02-06 23:37:00
OP119194,W0320,Night,E,49.0,0.0,2025-03-11 13:22:00
OP119195,W0260,Night,C,13.0,0.0,2025-05-07 19:22:00
OP119196,W0165,Night,E,30.0,1.0,2025-04-04 02:46:00
OP119197,W0237,Mornng,B,6.0,2.0,2025-04-02 06:07:00
OP119198,W0351,,C,5.0,,2025-06-03 02:52:00
OP119199,W0311,Morning,B,-5.0,2.0,2025-06-03 03:16:00
OP119200,W0039,,D,11.0,2.0,2025-05-04 07:59:00
OP119201,W0278,Morning,,7.0,0.0,2025-03-24 17:58:00
OP119202,W0416,,B,3.0,0.0,2025-05-25 04:58:00
OP119203,W0207,Evening,D,16.0,1.0,2025-02-24 04:37:00
OP119204,W0406,Morning,,33.0,0.0,2025-02-18 21:11:00
OP119205,W0189,Night,C,38.0,,2025-03-14 20:16:00
OP119206,W0046,,B,9.0,0.0,2025-02-22 12:54:00
OP119207,W0162,Evening,Z,15.0,2.0,2025-02-01 13:50:00
OP119208,W0424,Night,E,5.0,,2025-05-28 21:01:00
OP119209,W0212,,,45.0,2.0,2025-06-24 20:16:00
OP119210,W0038,Evening,Z,8.0,1.0,2025-02-10 19:00:00
OP119211,W0041,,B,,0.0,2025-03-15 09:37:00
OP119212,W0365,,Z,43.0,0.0,2025-06-22 20:43:00
OP119213,W0317,Mornng,A,44.0,,2025-04-20 03:08:00
OP119214,W0193,Mornng,,0.0,2.0,2025-05-05 02:01:00
OP119215,W0066,Mornng,,9.0,0.0,2025-06-13 12:38:00
OP119216,W0456,,C,11.0,0.0,2025-06-10 04:38:00
OP119217,W0181,,B,10.0,,2025-01-03 18:52:00
OP119218,W0178,Evening,C,16.0,1.0,2025-02-27 12:52:00
OP119219,W0278,,A,27.0,0.0,2025-03-02 20:49:00
OP119220,W0093,Morning,E,47.0,,2025-02-13 15:32:00
OP119221,W0193,Night,Z,45.0,1.0,2025-05-20 18:47:00
OP119222,W0407,Night,,17.0,1.0,2025-05-08 08:03:00
OP119223,W0138,Night,D,35.0,1.0,2025-02-16 05:13:00
OP119224,W0250,Evening,Z,,,2025-04-26 13:14:00
OP119225,W0205,Morning,B,36.0,,2025-04-15 17:58:00
OP119226,W0038,Night,E,36.0,,2025-05-28 02:59:00
OP119227,W0322,Night,,15.0,1.0,2025-04-09 05:46:00
OP119228,W0229,,D,27.0,0.0,2025-06-05 03:38:00
OP119229,W0258,,E,44.0,0.0,2025-02-17 05:18:00
OP119230,W0432,,C,43.0,1.0,2025-01-09 10:03:00
OP119231,W0315,Night,D,4.0,2.0,2025-02-13 20:04:00
OP119232,W0290,Night,,19.0,,2025-06-17 05:11:00
OP119233,W0168,,D,39.0,2.0,2025-03-01 22:00:00
OP119234,W0332,Morning,,0.0,2.0,2025-02-02 01:13:00
OP119235,W0241,,D,8.0,1.0,2025-01-26 20:16:00
OP119236,W0321,Night,B,28.0,0.0,2025-04-18 12:27:00
OP119237,W0178,,D,36.0,2.0,2025-03-24 22:25:00
OP119238,W0032,Evening,A,2.0,,2025-06-24 08:22:00
OP119239,W0074,Morning,,4.0,1.0,2025-01-19 09:21:00
OP119240,W0246,Evening,A,38.0,1.0,2025-06-06 11:30:00
OP119241,W0309,Mornng,D,28.0,1.0,2025-01-25 23:47:00
OP119242,W0500,Evening,Z,12.0,1.0,2025-01-03 22:28:00
OP119243,W0317,Morning,Z,25.0,0.0,2025-05-31 22:31:00
OP119244,W0115,Night,B,11.0,,2025-03-11 17:42:00
OP119245,W0277,Mornng,D,4.0,2.0,2025-03-18 03:59:00
OP119246,W0307,Morning,C,0.0,2.0,2025-02-09 03:15:00
OP119247,W0443,Night,E,21.0,1.0,2025-06-15 16:57:00
OP119248,W0280,Morning,C,19.0,2.0,2025-01-06 02:34:00
OP119249,W0396,Mornng,E,16.0,1.0,2025-03-21 23:12:00
OP119250,W0208,Evening,E,27.0,,2025-01-28 16:46:00
OP119251,W0300,Mornng,B,48.0,0.0,2025-02-08 18:34:00
OP119252,W0140,,E,25.0,,2025-01-13 23:09:00
OP119253,W0461,,D,30.0,1.0,2025-05-12 14:07:00
OP119254,W0310,Evening,A,3.0,1.0,2025-03-02 08:52:00
OP119255,W0405,Mornng,B,0.0,2.0,2025-04-27 00:51:00
OP119256,W0207,,B,-5.0,,2025-05-08 16:21:00
OP119257,W0284,Night,C,16.0,0.0,2025-01-25 04:28:00
OP119258,W0114,Night,E,29.0,2.0,2025-04-22 01:01:00
OP119259,W0298,,D,,2.0,2025-04-17 23:56:00
OP119260,W0409,Morning,E,37.0,0.0,2025-02-07 18:43:00
OP119261,W0356,Night,C,18.0,2.0,invalid_date
OP119262,W0178,Night,Z,41.0,2.0,2025-01-01 17:41:00
OP119263,W0479,Morning,A,39.0,,2025-03-13 09:26:00
OP119264,W0051,Night,B,14.0,1.0,2025-01-19 01:33:00
OP119265,W0325,Evening,D,11.0,,2025-01-05 22:09:00
OP119266,W0161,Night,E,28.0,2.0,2025-01-05 01:33:00
OP119267,W0168,,A,32.0,,2025-05-29 00:54:00
OP119268,W0300,,B,48.0,1.0,2025-05-03 01:49:00
OP119269,W0461,,D,33.0,,2025-04-15 07:32:00
OP119270,W0279,Morning,B,36.0,1.0,2025-06-13 15:34:00
OP119271,W0340,Night,A,1.0,,2025-04-30 12:25:00
OP119272,W0167,Morning,E,11.0,,2025-03-17 05:37:00
OP119273,W0426,,A,37.0,1.0,2025-06-13 10:53:00
OP119274,W0118,,D,16.0,0.0,2025-03-21 03:45:00
OP119275,W0317,Mornng,Z,45.0,1.0,2025-03-16 06:27:00
OP119276,W0312,Evening,D,21.0,1.0,2025-01-12 00:21:00
OP119277,W0316,Mornng,C,30.0,,invalid_date
OP119278,W0393,Evening,E,2.0,2.0,2025-05-29 05:42:00
OP119279,W0301,,,11.0,,2025-05-19 21:18:00
OP119280,W0423,Mornng,D,47.0,2.0,2025-02-13 17:52:00
OP119281,W0292,Mornng,,42.0,1.0,2025-03-21 07:45:00
OP119282,W0431,Night,,19.0,1.0,2025-04-16 11:05:00
OP119283,W0132,Mornng,A,37.0,0.0,2025-05-09 22:59:00
OP119284,W0347,,,,2.0,2025-04-05 03:09:00
OP119285,W0451,Morning,Z,17.0,0.0,2025-05-09 18:36:00
OP119286,W0197,,D,7.0,,2025-06-03 12:41:00
OP119287,W0256,Mornng,Z,-5.0,0.0,2025-03-06 09:41:00
OP119288,W0159,Night,C,48.0,1.0,2025-01-06 02:07:00
OP119289,W0107,,A,49.0,2.0,2025-03-24 06:30:00
OP119290,W0108,Night,C,45.0,1.0,2025-05-07 06:23:00
OP119291,W0130,Night,E,45.0,1.0,2025-05-10 01:43:00
OP119292,W0210,,C,48.0,2.0,2025-06-27 21:55:00
OP119293,W0008,,Z,29.0,2.0,2025-02-23 06:25:00
OP119294,W0017,Morning,Z,39.0,1.0,2025-05-16 22:26:00
OP119295,W0441,Evening,A,40.0,,2025-06-14 19:45:00
OP119296,W0035,Night,D,39.0,0.0,2025-03-18 13:09:00
OP119297,W0276,Evening,E,49.0,0.0,2025-04-23 04:41:00
OP119298,W0497,,,45.0,2.0,2025-03-17 01:45:00
OP119299,W0460,Night,,11.0,1.0,invalid_date
OP119300,W0486,,E,,2.0,2025-06-09 11:14:00
OP119301,W0392,Morning,,11.0,1.0,2025-06-29 08:57:00
OP119302,W0040,Evening,E,43.0,1.0,2025-01-31 22:06:00
OP119303,W0386,,D,23.0,0.0,2025-03-06 18:01:00
OP119304,W0285,,A,27.0,1.0,2025-05-19 02:47:00
OP119305,W0223,Mornng,Z,34.0,2.0,invalid_date
OP119306,W0271,,Z,43.0,0.0,2025-03-05 10:51:00
OP119307,W0117,,,29.0,0.0,2025-01-20 07:41:00
OP119308,W0417,,C,48.0,0.0,2025-02-20 15:14:00
OP119309,W0448,Night,B,39.0,0.0,2025-02-02 15:26:00
OP119310,W0089,Night,B,28.0,1.0,2025-04-12 09:30:00
OP119311,W0126,,B,48.0,0.0,2025-03-21 02:02:00
OP119312,W0358,Morning,A,40.0,,2025-02-24 21:27:00
OP119313,W0252,Evening,E,18.0,1.0,2025-06-06 09:34:00
OP119314,W0153,Morning,E,4.0,,2025-04-11 17:53:00
OP119315,W0111,Evening,,21.0,,2025-02-01 01:58:00
OP119316,W0122,Mornng,C,32.0,,2025-04-03 07:17:00
OP119317,W9999,Morning,D,41.0,,2025-01-24 19:07:00
OP119318,W0480,Evening,D,42.0,,2025-04-15 10:12:00
OP119319,W0361,,B,23.0,1.0,2025-06-08 21:49:00
OP119320,W0220,Night,E,10.0,1.0,2025-03-15 04:09:00
OP119321,W0136,Mornng,C,13.0,0.0,2025-02-24 21:49:00
OP119322,W0063,,D,11.0,,2025-06-17 07:01:00
OP119323,W0052,Evening,,4.0,0.0,2025-01-15 00:14:00
OP119324,W0485,Night,Z,23.0,,2025-03-19 14:24:00
OP119325,W0331,,Z,8.0,,2025-03-21 08:56:00
OP119326,W0410,Evening,E,8.0,1.0,2025-06-10 19:51:00
OP119327,W0094,Evening,C,14.0,1.0,2025-02-13 17:05:00
OP119328,W0277,Night,C,8.0,,2025-05-21 04:46:00
OP119329,W0496,Night,B,5.0,1.0,2025-05-27 15:41:00
OP119330,W0356,,D,8.0,1.0,2025-06-15 22:58:00
OP119331,W0379,Night,B,-5.0,,2025-01-16 17:30:00
OP119332,W0065,,B,15.0,0.0,2025-05-20 23:56:00
OP119333,W0300,,,40.0,,2025-03-30 06:56:00
OP119334,W9999,,B,17.0,1.0,invalid_date
OP119335,W0401,,,6.0,1.0,2025-06-11 10:09:00
OP119336,W0090,Night,,28.0,,2025-03-12 14:27:00
OP119337,W0073,Night,D,45.0,1.0,2025-01-29 08:46:00
OP119338,W0447,,C,21.0,2.0,2025-02-27 00:24:00
OP119339,W0231,Morning,Z,38.0,,2025-01-22 16:24:00
OP119340,W0491,Mornng,E,15.0,1.0,2025-05-11 13:15:00
OP119341,W0449,Night,E,15.0,,2025-01-03 13:37:00
OP119342,W0047,,,46.0,2.0,2025-05-07 03:32:00
OP119343,W0105,Mornng,Z,18.0,2.0,2025-01-04 09:44:00
OP119344,W0032,,C,47.0,,2025-04-26 03:33:00
OP119345,W0024,Morning,C,24.0,1.0,2025-03-20 16:18:00
OP119346,W0366,,B,35.0,2.0,2025-03-17 19:35:00
OP119347,W0180,Night,E,27.0,,2025-04-27 11:24:00
OP119348,W0382,Morning,C,21.0,1.0,2025-03-31 05:19:00
OP119349,W0188,Evening,A,34.0,,2025-04-04 05:58:00
OP119350,W0217,,D,9.0,1.0,2025-02-24 03:35:00
OP119351,W0203,Evening,C,21.0,0.0,2025-04-13 05:25:00
OP119352,W0144,Night,,24.0,,2025-02-25 17:31:00
OP119353,W0081,Evening,,30.0,,2025-05-04 17:32:00
OP119354,W0294,,,7.0,0.0,2025-05-09 10:48:00
OP119355,W0171,,A,16.0,1.0,2025-03-23 13:18:00
OP119356,W0259,Mornng,,39.0,1.0,2025-02-20 11:43:00
OP119357,W0276,Morning,E,30.0,1.0,2025-04-22 20:47:00
OP119358,W0132,Mornng,B,21.0,0.0,invalid_date
OP119359,W0232,Evening,C,17.0,,2025-06-08 08:04:00
OP119360,W0322,,,1.0,,2025-03-25 06:32:00
OP119361,W0183,Evening,Z,45.0,2.0,2025-02-10 10:11:00
OP119362,W0193,Night,,36.0,0.0,2025-04-30 16:23:00
OP119363,W0454,Morning,D,33.0,0.0,2025-05-31 17:33:00
OP119364,W0346,Morning,,21.0,1.0,2025-02-19 11:59:00
OP119365,W0251,,E,49.0,1.0,2025-06-22 02:27:00
OP119366,W0119,Evening,D,10.0,,2025-02-12 22:00:00
OP119367,W0187,Mornng,Z,29.0,,2025-01-27 09:31:00
OP119368,W0321,Night,B,34.0,2.0,2025-01-25 14:40:00
OP119369,W0202,Evening,Z,,2.0,2025-02-22 16:14:00
OP119370,W0062,Morning,A,26.0,0.0,2025-04-20 06:59:00
OP119371,W0411,Night,E,0.0,1.0,2025-03-09 16:49:00
OP119372,W0221,Evening,C,42.0,,2025-06-21 04:27:00
OP119373,W0121,,E,12.0,,2025-05-09 16:36:00
OP119374,W0282,Morning,,2.0,,2025-01-06 04:18:00
OP119375,W0244,,E,37.0,0.0,2025-05-28 20:34:00
OP119376,W0229,Morning,Z,43.0,2.0,2025-05-29 04:02:00
OP119377,W0372,,A,25.0,0.0,2025-03-24 15:56:00
OP119378,W0020,Night,,1.0,,2025-05-27 03:00:00
OP119379,W0275,Morning,,42.0,1.0,2025-05-03 19:50:00
OP119380,W0487,,C,44.0,0.0,2025-05-08 05:03:00
OP119381,W0210,Night,,35.0,,2025-03-24 05:45:00
OP119382,W0013,Evening,,14.0,0.0,2025-06-17 20:53:00
OP119383,W0314,Mornng,A,-5.0,,2025-04-26 16:04:00
OP119384,W0018,Mornng,Z,32.0,0.0,2025-06-24 06:53:00
OP119385,W0251,Morning,D,16.0,1.0,2025-04-01 20:52:00
OP119386,W0192,,Z,10.0,,2025-03-17 07:50:00
OP119387,W0232,,E,26.0,0.0,2025-01-11 15:10:00
OP119388,W0015,,C,36.0,0.0,2025-05-22 15:47:00
OP119389,W0354,Evening,Z,29.0,0.0,2025-06-08 04:31:00
OP119390,W0169,,C,17.0,0.0,2025-01-24 04:57:00
OP119391,W0418,Evening,,18.0,,2025-04-29 12:20:00
OP119392,W0489,,C,31.0,0.0,2025-05-01 12:21:00
OP119393,W0160,Night,C,31.0,0.0,2025-01-24 03:28:00
OP119394,W0476,Mornng,B,,1.0,2025-03-23 19:38:00
OP119395,W0427,,E,,1.0,2025-05-20 19:16:00
OP119396,W0179,Morning,E,20.0,2.0,2025-05-16 02:49:00
OP119397,W0167,Mornng,D,32.0,2.0,2025-02-11 02:26:00
OP119398,W0242,,Z,15.0,1.0,2025-01-25 18:42:00
OP119399,W0409,Mornng,D,46.0,,2025-05-12 09:31:00
OP119400,W0216,Evening,Z,2.0,0.0,2025-06-28 05:29:00
OP119401,W0367,Evening,E,19.0,1.0,2025-03-12 07:08:00
OP119402,W0496,Mornng,E,17.0,,2025-01-16 06:33:00
OP119403,W0458,Morning,A,22.0,,2025-05-08 13:12:00
OP119404,W0042,Night,C,26.0,2.0,2025-05-31 07:45:00
OP119405,W0199,Evening,A,-5.0,0.0,2025-01-11 09:28:00
OP119406,W0099,Mornng,Z,12.0,1.0,2025-02-14 02:24:00
OP119407,W0111,,D,15.0,0.0,2025-01-06 09:22:00
OP119408,W0348,Night,B,36.0,2.0,2025-05-08 03:51:00
OP119409,W0193,,D,36.0,2.0,2025-04-21 11:55:00
OP119410,W0179,Night,,23.0,1.0,2025-04-02 19:09:00
OP119411,W0323,Night,D,45.0,1.0,2025-03-01 12:44:00
OP119412,W0352,Night,Z,17.0,,2025-05-03 07:35:00
OP119413,W0226,Mornng,C,3.0,2.0,2025-06-01 11:58:00
OP119414,W0410,Night,A,28.0,2.0,2025-06-12 16:04:00
OP119415,W0362,,D,14.0,1.0,2025-05-29 02:18:00
OP119416,W0303,,E,8.0,2.0,2025-04-16 07:34:00
OP119417,W0355,Evening,Z,33.0,1.0,2025-01-09 08:07:00
OP119418,W0008,Mornng,B,20.0,2.0,2025-02-26 10:07:00
OP119419,W0130,Evening,D,12.0,,2025-04-09 00:33:00
OP119420,W0083,Mornng,B,47.0,0.0,2025-04-03 00:02:00
OP119421,W0114,,,24.0,2.0,2025-03-28 22:03:00
OP119422,W0063,Evening,Z,31.0,,2025-04-15 02:35:00
OP119423,W0311,Mornng,Z,40.0,1.0,2025-04-24 02:22:00
OP119424,W0235,,E,36.0,1.0,2025-02-17 19:19:00
OP119425,W0213,,D,9.0,2.0,2025-02-19 02:14:00
OP119426,W0087,Evening,A,12.0,,2025-05-17 02:40:00
OP119427,W0174,,D,7.0,1.0,2025-05-05 04:31:00
OP119428,W0263,Morning,A,7.0,,2025-01-03 09:07:00
OP119429,W0224,Mornng,,10.0,,2025-06-10 01:36:00
OP119430,W0249,Night,Z,8.0,2.0,2025-04-22 06:05:00
OP119431,W0498,Mornng,E,12.0,2.0,2025-04-06 18:27:00
OP119432,W0467,,A,49.0,,2025-01-02 12:31:00
OP119433,W0192,Morning,B,30.0,1.0,2025-06-28 22:16:00
OP119434,W0359,,A,18.0,0.0,2025-02-11 21:31:00
OP119435,W0019,,A,43.0,2.0,2025-02-26 17:59:00
OP119436,W0179,,Z,4.0,,2025-05-25 09:57:00
OP119437,W0476,Evening,E,25.0,1.0,2025-02-23 02:10:00
OP119438,W0281,Mornng,B,7.0,,2025-03-18 23:29:00
OP119439,W0500,Evening,,10.0,,2025-04-14 20:04:00
OP119440,W0282,,A,9.0,1.0,2025-01-18 08:10:00
OP119441,W0052,Night,D,49.0,2.0,2025-04-17 14:37:00
OP119442,W0358,Mornng,D,37.0,2.0,2025-05-25 21:41:00
OP119443,W0396,Morning,,8.0,1.0,2025-05-26 17:10:00
OP119444,W0216,,B,12.0,,2025-01-05 23:46:00
OP119445,W0372,,Z,33.0,0.0,2025-03-20 06:51:00
OP119446,W0042,Mornng,Z,37.0,1.0,2025-03-04 17:52:00
OP119447,W0461,Morning,C,25.0,2.0,invalid_date
OP119448,W0225,Evening,D,31.0,,invalid_date
OP119449,W0018,Morning,D,48.0,1.0,2025-01-31 06:03:00
OP119450,W0293,Night,Z,23.0,1.0,2025-05-18 22:21:00
OP119451,W0119,,C,10.0,0.0,2025-02-04 14:04:00
OP119452,W0147,Morning,B,22.0,2.0,2025-05-19 09:37:00
OP119453,W0219,Night,,1.0,,2025-06-24 05:35:00
OP119454,W0494,,Z,21.0,2.0,2025-01-10 21:30:00
OP119455,W0010,,B,23.0,0.0,2025-01-20 14:18:00
OP119456,W0413,,Z,32.0,0.0,2025-03-19 14:55:00
OP119457,W0235,Mornng,,6.0,,2025-06-25 15:09:00
OP119458,W0463,,D,4.0,0.0,2025-03-22 20:02:00
OP119459,W0050,Mornng,D,40.0,2.0,2025-02-19 02:21:00
OP119460,W0313,Morning,B,17.0,0.0,2025-01-18 01:06:00
OP119461,W0473,,,12.0,1.0,2025-04-26 03:44:00
OP119462,W0147,Night,Z,39.0,2.0,2025-04-09 06:37:00
OP119463,W0011,Evening,E,22.0,1.0,2025-06-11 00:16:00
OP119464,W0009,Morning,D,35.0,,2025-03-24 21:16:00
OP119465,W0185,Morning,E,11.0,1.0,2025-06-26 02:46:00
OP119466,W0471,Mornng,C,21.0,0.0,2025-05-28 20:28:00
OP119467,W0313,Morning,A,28.0,1.0,2025-01-31 20:41:00
OP119468,W0063,Mornng,C,38.0,0.0,2025-05-16 07:54:00
OP119469,W0459,Morning,D,-5.0,,2025-05-15 20:41:00
OP119470,W0378,,B,12.0,1.0,2025-04-07 13:57:00
OP119471,W0326,Morning,E,33.0,1.0,2025-06-03 00:35:00
OP119472,W0126,Evening,A,13.0,1.0,2025-04-22 00:58:00
OP119473,W0064,Mornng,Z,7.0,1.0,2025-05-29 05:02:00
OP119474,W0114,Night,Z,20.0,,2025-06-24 15:59:00
OP119475,W0447,Evening,A,12.0,0.0,2025-04-27 20:07:00
OP119476,W0456,,B,41.0,2.0,2025-06-13 05:33:00
OP119477,W0336,Evening,Z,0.0,2.0,2025-03-23 01:53:00
OP119478,W0250,,E,18.0,2.0,2025-06-07 09:20:00
OP119479,W0107,,C,47.0,2.0,2025-05-15 13:05:00
OP119480,W0284,,,41.0,2.0,2025-03-20 22:00:00
OP119481,W0170,Mornng,,28.0,,2025-05-29 19:44:00
OP119482,W0195,Mornng,E,43.0,,2025-06-23 14:15:00
OP119483,W0319,Evening,E,,2.0,2025-01-05 19:00:00
OP119484,W0399,Night,E,43.0,,2025-03-24 10:33:00
OP119485,W0124,Night,C,35.0,,2025-03-07 01:32:00
OP119486,W0105,Night,Z,20.0,,2025-06-13 20:04:00
OP119487,W0430,Evening,E,27.0,2.0,2025-03-19 15:31:00
OP119488,W0188,,C,38.0,,2025-02-04 08:51:00
OP119489,W0129,Mornng,D,47.0,0.0,2025-01-02 11:03:00
OP119490,W0103,,E,28.0,0.0,2025-03-20 03:34:00
OP119491,W0087,Morning,A,24.0,1.0,2025-02-14 17:00:00
OP119492,W0342,,B,7.0,2.0,invalid_date
OP119493,W0249,,A,33.0,1.0,2025-04-19 16:44:00
OP119494,W0191,Morning,E,10.0,1.0,2025-06-20 03:31:00
OP119495,W0347,,A,35.0,,2025-01-11 15:48:00
OP119496,W0449,,D,17.0,1.0,2025-04-21 23:57:00
OP119497,W0092,Night,D,14.0,0.0,2025-05-11 11:38:00
OP119498,W0224,Morning,Z,2.0,1.0,2025-06-03 15:55:00
OP119499,W0067,,E,-5.0,1.0,2025-06-28 08:01:00
OP119500,W0070,Evening,A,24.0,,2025-01-29 12:55:00
OP119501,W0338,Mornng,,7.0,1.0,2025-06-11 20:33:00
OP119502,W0129,,Z,8.0,1.0,2025-03-09 03:13:00
OP119503,W0103,,E,49.0,2.0,2025-04-10 09:25:00
OP119504,W0085,,A,1.0,1.0,2025-05-03 21:42:00
OP119505,W0187,Night,A,22.0,,2025-01-25 20:39:00
OP119506,W0194,,,33.0,,2025-05-07 19:34:00
OP119507,W0357,Morning,C,44.0,1.0,2025-02-13 02:57:00
OP119508,W0304,Mornng,Z,6.0,2.0,2025-02-16 04:09:00
OP119509,W0041,,B,0.0,,2025-01-23 22:38:00
OP119510,W0032,Evening,,27.0,,2025-04-03 08:41:00
OP119511,W0310,Night,Z,45.0,0.0,2025-02-20 19:16:00
OP119512,W0478,Morning,A,8.0,1.0,2025-04-18 02:39:00
OP119513,W0051,,D,19.0,2.0,2025-04-30 19:54:00
OP119514,W0244,Mornng,Z,46.0,1.0,2025-01-14 23:35:00
OP119515,W0192,Evening,C,10.0,1.0,2025-02-17 03:34:00
OP119516,W0405,Night,C,45.0,0.0,2025-05-13 04:44:00
OP119517,W0325,Morning,,21.0,2.0,2025-04-09 03:51:00
OP119518,W0427,Mornng,B,38.0,0.0,2025-03-29 05:00:00
OP119519,W0191,Mornng,A,26.0,2.0,2025-02-22 13:51:00
OP119520,W0252,,E,4.0,0.0,2025-05-22 19:54:00
OP119521,W0046,Night,,5.0,0.0,2025-04-13 07:33:00
OP119522,W0196,Evening,A,46.0,2.0,2025-01-26 04:14:00
OP119523,W0476,Evening,A,46.0,1.0,2025-01-20 18:53:00
OP119524,W0259,Morning,C,6.0,1.0,2025-06-27 01:30:00
OP119525,W0393,Night,E,33.0,2.0,2025-05-04 18:54:00
OP119526,W0031,Evening,C,7.0,2.0,2025-05-14 18:20:00
OP119527,W0260,Mornng,B,23.0,1.0,2025-05-24 01:01:00
OP119528,W0500,Mornng,C,44.0,,invalid_date
OP119529,W0288,Evening,,48.0,2.0,2025-05-14 08:40:00
OP119530,W0154,Morning,A,11.0,1.0,2025-03-30 11:27:00
OP119531,W0246,Morning,E,6.0,0.0,2025-05-23 16:43:00
OP119532,W0423,Morning,A,7.0,,2025-03-15 11:08:00
OP119533,W0245,,D,24.0,1.0,2025-03-18 01:09:00
OP119534,W0329,Night,Z,23.0,,2025-05-12 20:15:00
OP119535,W0300,Mornng,C,19.0,,2025-02-07 11:56:00
OP119536,W0233,Evening,D,49.0,2.0,2025-05-24 12:27:00
OP119537,W0171,,A,16.0,0.0,2025-02-14 22:39:00
OP119538,W0471,Mornng,B,17.0,,2025-01-29 13:24:00
OP119539,W0177,Mornng,A,8.0,2.0,2025-03-18 22:49:00
OP119540,W0468,Mornng,Z,9.0,2.0,2025-03-14 23:22:00
OP119541,W0120,Morning,Z,32.0,1.0,2025-03-21 11:43:00
OP119542,W0433,Night,,41.0,0.0,2025-01-05 14:25:00
OP119543,W0116,,Z,38.0,2.0,2025-05-28 10:20:00
OP119544,W0118,Evening,C,49.0,2.0,2025-05-26 18:12:00
OP119545,W0022,Morning,,7.0,1.0,2025-05-09 21:50:00
OP119546,W0386,Morning,D,17.0,0.0,2025-06-23 20:21:00
OP119547,W0305,Night,,2.0,0.0,2025-03-16 11:38:00
OP119548,W0228,,D,22.0,0.0,2025-05-30 03:58:00
OP119549,W0313,Evening,E,17.0,1.0,2025-05-26 02:02:00
OP119550,W0212,Night,Z,10.0,0.0,2025-03-29 06:39:00
OP119551,W0109,,A,16.0,,2025-04-10 21:07:00
OP119552,W0183,Night,E,24.0,,2025-01-03 11:26:00
OP119553,W0377,Night,E,37.0,2.0,2025-01-08 19:15:00
OP119554,W0234,Night,,14.0,2.0,2025-05-08 22:54:00
OP119555,W0350,Mornng,D,3.0,,2025-04-23 11:42:00
OP119556,W0415,Mornng,Z,17.0,2.0,2025-03-20 19:37:00
OP119557,W0411,Night,E,30.0,1.0,2025-05-12 22:32:00
OP119558,W0256,,,43.0,0.0,2025-04-19 18:54:00
OP119559,W0084,Mornng,A,8.0,0.0,2025-04-24 09:36:00
OP119560,W0279,Morning,E,32.0,2.0,2025-03-18 04:55:00
OP119561,W0188,,D,9.0,1.0,2025-03-25 19:54:00
OP119562,W0263,Morning,B,32.0,0.0,2025-05-27 18:54:00
OP119563,W0190,Night,Z,8.0,1.0,2025-02-01 16:21:00
OP119564,W0259,,,43.0,,2025-04-03 03:44:00
OP119565,W0164,Morning,C,34.0,,2025-06-10 18:31:00
OP119566,W0303,Mornng,E,34.0,1.0,2025-06-29 19:53:00
OP119567,W0435,,,18.0,0.0,2025-04-27 01:01:00
OP119568,W0202,Evening,E,9.0,0.0,2025-02-02 19:16:00
OP119569,W0105,,B,23.0,0.0,2025-01-05 14:12:00
OP119570,W0455,Night,Z,49.0,0.0,2025-05-03 22:01:00
OP119571,W0024,Night,D,13.0,0.0,2025-06-22 18:46:00
OP119572,W0356,,C,12.0,0.0,2025-03-03 06:04:00
OP119573,W0361,Night,Z,-5.0,2.0,2025-06-05 19:53:00
OP119574,W0190,Mornng,,22.0,0.0,2025-01-03 23:59:00
OP119575,W0402,,D,13.0,2.0,2025-01-22 08:50:00
OP119576,W0340,,C,9.0,2.0,2025-04-02 14:40:00
OP119577,W0017,Morning,Z,31.0,1.0,2025-03-28 22:21:00
OP119578,W0234,Night,B,-5.0,,invalid_date
OP119579,W0226,Mornng,,3.0,,2025-01-11 05:19:00
OP119580,W0413,Night,E,17.0,0.0,2025-01-24 04:22:00
OP119581,W0131,Morning,,16.0,,invalid_date
OP119582,W0472,,A,18.0,,2025-03-24 14:27:00
OP119583,W0215,,B,0.0,1.0,2025-04-04 21:20:00
OP119584,W0484,Evening,E,44.0,2.0,2025-01-04 21:42:00
OP119585,W0273,Night,E,35.0,,2025-04-02 01:58:00
OP119586,W0141,Mornng,C,10.0,2.0,2025-06-12 19:12:00
OP119587,W0110,,B,23.0,1.0,2025-04-19 18:00:00
OP119588,W0267,,E,37.0,1.0,invalid_date
OP119589,W0307,,E,17.0,,2025-02-27 20:39:00
OP119590,W0031,Mornng,E,39.0,0.0,2025-01-03 17:52:00
OP119591,W0396,Night,E,23.0,,2025-01-17 01:20:00
OP119592,W0139,Evening,D,43.0,0.0,2025-01-17 23:12:00
OP119593,W0197,Evening,D,14.0,1.0,2025-01-18 10:19:00
OP119594,W0247,Evening,,35.0,1.0,2025-01-19 22:15:00
OP119595,W0142,Night,D,47.0,2.0,2025-06-09 20:14:00
OP119596,W0049,Night,D,0.0,,2025-04-01 15:24:00
OP119597,W0153,,E,24.0,,2025-02-07 23:57:00
OP119598,W0284,Mornng,C,21.0,0.0,2025-06-27 01:11:00
OP119599,W0141,Evening,,47.0,2.0,2025-01-01 07:01:00
OP119600,W0495,,C,10.0,,2025-03-01 02:57:00
OP119601,W0354,Evening,E,47.0,1.0,2025-06-14 17:09:00
OP119602,W0207,,Z,47.0,,2025-04-08 01:02:00
OP119603,W0334,Mornng,B,21.0,0.0,2025-02-21 22:20:00
OP119604,W0464,Morning,B,29.0,2.0,2025-05-28 09:06:00
OP119605,W0053,Mornng,,24.0,,2025-03-28 02:36:00
OP119606,W0175,,Z,4.0,,invalid_date
OP119607,W0106,,C,30.0,1.0,2025-04-20 16:47:00
OP119608,W0046,Mornng,B,34.0,0.0,2025-03-22 17:50:00
OP119609,W0483,Morning,D,26.0,0.0,2025-04-21 21:10:00
OP119610,W0324,Evening,D,37.0,1.0,2025-02-14 22:51:00
OP119611,W0011,Morning,D,11.0,2.0,2025-01-12 15:26:00
OP119612,W0241,Morning,D,38.0,2.0,2025-01-04 11:48:00
OP119613,W0209,Mornng,Z,22.0,1.0,2025-01-22 12:15:00
OP119614,W0388,,B,42.0,2.0,2025-02-22 16:54:00
OP119615,W0364,Night,A,41.0,2.0,2025-03-13 11:29:00
OP119616,W0152,Morning,E,14.0,0.0,2025-04-07 15:22:00
OP119617,W0017,Mornng,B,33.0,2.0,2025-04-04 14:22:00
OP119618,W0381,Evening,,23.0,1.0,2025-01-30 02:56:00
OP119619,W0356,Evening,Z,22.0,,2025-01-17 08:45:00
OP119620,W0248,Morning,,31.0,2.0,2025-03-18 10:29:00
OP119621,W0363,Morning,D,4.0,2.0,2025-05-30 21:10:00
OP119622,W0446,Morning,B,43.0,,2025-06-01 10:05:00
OP119623,W0258,,Z,36.0,,2025-03-14 01:15:00
OP119624,W0158,Night,B,25.0,1.0,2025-05-24 09:15:00
OP119625,W0062,Evening,C,20.0,,2025-04-11 09:04:00
OP119626,W0230,Morning,C,40.0,1.0,2025-03-12 22:14:00
OP119627,W0457,Morning,Z,48.0,0.0,2025-06-06 09:41:00
OP119628,W0185,,E,29.0,1.0,2025-05-05 05:45:00
OP119629,W0192,,Z,2.0,1.0,2025-06-24 12:20:00
OP119630,W0240,,Z,11.0,0.0,2025-01-03 14:13:00
OP119631,W0188,Morning,C,-5.0,1.0,2025-05-31 20:55:00
OP119632,W0278,,A,33.0,1.0,2025-01-08 20:53:00
OP119633,W0233,Mornng,Z,5.0,2.0,2025-06-16 23:35:00
OP119634,W0366,Mornng,,10.0,0.0,2025-03-09 08:52:00
OP119635,W0105,,E,30.0,,2025-03-08 12:18:00
OP119636,W0493,Mornng,D,5.0,1.0,2025-01-03 18:45:00
OP119637,W0254,Night,A,41.0,1.0,2025-03-21 20:14:00
OP119638,W0147,Morning,A,28.0,1.0,2025-05-14 18:22:00
OP119639,W0444,,D,5.0,,2025-02-01 06:58:00
OP119640,W0082,Evening,A,41.0,2.0,2025-02-10 22:21:00
OP119641,W0352,Mornng,Z,35.0,2.0,2025-05-18 05:23:00
OP119642,W0276,Morning,A,10.0,2.0,2025-03-07 07:02:00
OP119643,W0283,,E,0.0,,2025-03-07 22:04:00
OP119644,W0067,,B,35.0,,2025-02-22 00:20:00
OP119645,W0237,Night,B,5.0,1.0,2025-06-02 13:39:00
OP119646,W0401,,B,40.0,,2025-04-05 05:09:00
OP119647,W0062,,,0.0,,2025-03-14 00:37:00
OP119648,W0469,Mornng,D,32.0,1.0,2025-05-19 13:22:00
OP119649,W0499,Morning,,13.0,1.0,2025-04-06 11:47:00
OP119650,W0152,Evening,Z,8.0,,2025-02-01 04:46:00
OP119651,W0430,Mornng,A,17.0,1.0,2025-02-12 07:50:00
OP119652,W0312,Evening,D,1.0,1.0,2025-06-27 17:21:00
OP119653,W0007,Mornng,C,45.0,1.0,2025-03-30 10:40:00
OP119654,W0018,Morning,Z,17.0,0.0,2025-03-01 15:49:00
OP119655,W0140,Night,B,48.0,1.0,2025-02-17 03:11:00
OP119656,W0173,,C,42.0,1.0,2025-02-14 04:04:00
OP119657,W0131,,C,31.0,,2025-01-08 04:52:00
OP119658,W0093,Morning,C,12.0,2.0,2025-01-19 15:00:00
OP119659,W0009,Evening,,29.0,2.0,2025-03-01 00:23:00
OP119660,W0240,,E,41.0,1.0,2025-05-13 07:50:00
OP119661,W0104,Evening,E,6.0,,2025-03-25 02:41:00
OP119662,W0340,,A,21.0,,2025-04-18 19:34:00
OP119663,W0109,Night,B,38.0,2.0,2025-05-11 09:47:00
OP119664,W0370,Morning,,6.0,1.0,2025-01-30 02:30:00
OP119665,W0253,Morning,B,5.0,0.0,2025-02-05 09:17:00
OP119666,W0263,,A,16.0,1.0,2025-04-14 19:21:00
OP119667,W0299,Mornng,C,49.0,0.0,2025-03-19 07:13:00
OP119668,W0290,,A,12.0,2.0,2025-05-27 22:00:00
OP119669,W0122,Night,D,25.0,0.0,2025-06-13 13:29:00
OP119670,W0367,Evening,D,14.0,,2025-04-30 09:18:00
OP119671,W0045,,E,14.0,0.0,2025-06-11 04:05:00
OP119672,W0052,,B,36.0,0.0,2025-05-24 07:02:00
OP119673,W0171,Mornng,C,47.0,1.0,2025-03-02 10:32:00
OP119674,W0052,Morning,C,29.0,1.0,2025-06-15 01:29:00
OP119675,W0008,Night,Z,23.0,0.0,2025-01-20 18:56:00
OP119676,W0225,Night,A,45.0,0.0,2025-02-18 18:08:00
OP119677,W0062,,A,8.0,2.0,2025-06-16 12:14:00
OP119678,W0305,Evening,,10.0,1.0,2025-02-24 04:58:00
OP119679,W0101,,D,21.0,1.0,2025-03-19 21:33:00
OP119680,W0414,Night,D,44.0,1.0,2025-02-13 03:53:00
OP119681,W0236,,Z,46.0,1.0,2025-05-08 20:46:00
OP119682,W0485,,A,42.0,1.0,2025-02-05 10:59:00
OP119683,W0172,Morning,,44.0,2.0,2025-04-13 02:52:00
OP119684,W0159,,,39.0,2.0,2025-01-15 19:54:00
OP119685,W0114,Night,B,38.0,,2025-05-20 05:34:00
OP119686,W0165,,D,19.0,2.0,2025-03-29 00:08:00
OP119687,W0358,Evening,C,38.0,2.0,2025-01-15 06:04:00
OP119688,W0184,Mornng,A,16.0,,2025-02-14 22:26:00
OP119689,W0231,,D,35.0,2.0,2025-01-11 20:35:00
OP119690,W0323,Evening,A,34.0,0.0,2025-05-18 16:46:00
OP119691,W0171,,C,37.0,,2025-01-27 09:14:00
OP119692,W0398,Night,D,35.0,,2025-03-21 03:30:00
OP119693,W0141,Morning,A,1.0,1.0,2025-06-23 01:00:00
OP119694,W0058,,D,48.0,1.0,2025-03-16 10:45:00
OP119695,W0479,Night,,11.0,2.0,2025-02-26 04:15:00
OP119696,W0083,Morning,B,5.0,0.0,2025-05-30 04:55:00
OP119697,W0132,Mornng,D,49.0,2.0,2025-01-08 10:02:00
OP119698,W0424,Evening,,39.0,0.0,2025-03-18 18:39:00
OP119699,W0118,Evening,A,23.0,0.0,2025-02-03 11:43:00
OP119700,W0405,Mornng,C,3.0,1.0,2025-02-28 00:17:00
OP119701,W0040,,,32.0,2.0,2025-06-07 10:29:00
OP119702,W0081,Night,D,-5.0,1.0,2025-05-04 01:58:00
OP119703,W0272,Night,A,29.0,1.0,2025-05-13 03:04:00
OP119704,W0296,Mornng,D,17.0,0.0,2025-05-05 14:09:00
OP119705,W0370,Mornng,D,26.0,0.0,2025-05-01 08:15:00
OP119706,W0168,Evening,Z,17.0,2.0,2025-06-25 18:45:00
OP119707,W0280,Evening,Z,6.0,,2025-03-11 17:43:00
OP119708,W0493,Evening,A,19.0,,2025-01-17 15:18:00
OP119709,W0234,Night,C,32.0,1.0,2025-04-08 18:26:00
OP119710,W0406,,D,2.0,0.0,2025-01-11 07:50:00
OP119711,W0164,Morning,D,17.0,2.0,2025-01-21 05:58:00
OP119712,W0201,Morning,E,38.0,,2025-02-10 02:43:00
OP119713,W0366,Mornng,A,10.0,1.0,2025-06-28 08:46:00
OP119714,W0077,Night,E,16.0,0.0,2025-01-05 07:02:00
OP119715,W0166,Evening,E,23.0,2.0,2025-05-02 16:33:00
OP119716,W0047,Morning,A,39.0,0.0,2025-01-14 07:24:00
OP119717,W0340,,,14.0,2.0,2025-01-18 06:54:00
OP119718,W0335,Night,,48.0,,2025-02-03 04:23:00
OP119719,W0391,Evening,E,30.0,1.0,2025-03-30 10:58:00
OP119720,W0479,Mornng,E,5.0,2.0,2025-02-02 15:26:00
OP119721,W0397,Mornng,B,7.0,1.0,2025-03-03 05:34:00
OP119722,W0136,,B,11.0,1.0,2025-03-31 08:01:00
OP119723,W0436,,A,23.0,2.0,2025-03-01 17:57:00
OP119724,W0475,,D,36.0,2.0,2025-03-17 20:18:00
OP119725,W0115,Evening,Z,25.0,2.0,2025-03-28 19:57:00
OP119726,W0042,,C,2.0,2.0,2025-05-30 00:37:00
OP119727,W0338,,D,8.0,1.0,2025-03-03 08:57:00
OP119728,W0195,,B,32.0,1.0,2025-06-08 14:22:00
OP119729,W0092,Evening,A,10.0,,2025-02-09 06:04:00
OP119730,W0200,Mornng,,25.0,2.0,2025-04-11 11:53:00
OP119731,W0326,Morning,B,29.0,2.0,2025-04-08 17:19:00
OP119732,W0279,,C,30.0,,invalid_date
OP119733,W0024,,A,30.0,,2025-05-20 05:49:00
OP119734,W0499,Mornng,,34.0,1.0,2025-02-22 17:18:00
OP119735,W0288,,E,45.0,,2025-05-24 06:25:00
OP119736,W0254,,,23.0,,2025-03-22 09:26:00
OP119737,W0216,,A,30.0,2.0,2025-05-21 17:40:00
OP119738,W0024,Evening,Z,22.0,0.0,2025-05-02 05:00:00
OP119739,W0301,Evening,Z,43.0,1.0,2025-04-10 03:04:00
OP119740,W0166,,E,33.0,2.0,2025-03-27 00:19:00
OP119741,W0092,Morning,C,19.0,1.0,2025-03-14 18:33:00
OP119742,W0193,,C,29.0,1.0,2025-05-02 03:36:00
OP119743,W0499,,B,17.0,2.0,invalid_date
OP119744,W0125,,Z,45.0,2.0,2025-02-20 13:56:00
OP119745,W0302,,Z,3.0,,2025-06-23 20:06:00
OP119746,W0435,,C,22.0,1.0,2025-04-14 08:06:00
OP119747,W0011,,A,2.0,,2025-02-13 11:15:00
OP119748,W0350,Mornng,B,45.0,,2025-03-12 00:20:00
OP119749,W0295,,Z,-5.0,1.0,2025-04-05 19:03:00
OP119750,W0425,Evening,C,23.0,1.0,2025-03-16 11:53:00
OP119751,W0460,Mornng,D,37.0,1.0,2025-03-23 22:45:00
OP119752,W0118,Morning,B,11.0,,2025-05-23 12:26:00
OP119753,W0113,Night,E,34.0,1.0,2025-04-27 21:07:00
OP119754,W0457,Evening,Z,27.0,,2025-06-14 08:48:00
OP119755,W0472,Morning,C,37.0,1.0,2025-03-21 17:51:00
OP119756,W0459,Night,A,27.0,1.0,2025-05-05 16:08:00
OP119757,W0290,Evening,A,9.0,0.0,2025-01-09 19:06:00
OP119758,W0346,Mornng,E,0.0,2.0,2025-04-06 06:46:00
OP119759,W0471,,D,8.0,1.0,2025-03-21 21:09:00
OP119760,W0186,Night,Z,13.0,0.0,2025-02-13 17:13:00
OP119761,W0014,,B,10.0,2.0,2025-03-03 08:54:00
OP119762,W0472,Mornng,Z,32.0,,2025-01-29 14:41:00
OP119763,,,,15.0,0.0,2025-05-24 00:44:00
OP119764,W0392,Night,B,18.0,1.0,2025-05-16 23:14:00
OP119765,W0387,Evening,A,44.0,,2025-05-03 00:31:00
OP119766,W0432,,,5.0,0.0,2025-01-09 23:29:00
OP119767,W0177,,B,13.0,2.0,2025-06-27 19:02:00
OP119768,W0400,,Z,21.0,0.0,2025-03-10 21:10:00
OP119769,W0211,Mornng,Z,39.0,2.0,2025-02-19 02:15:00
OP119770,W0040,Night,,48.0,0.0,2025-06-21 12:44:00
OP119771,W0421,Evening,E,0.0,2.0,2025-03-26 01:42:00
OP119772,W0262,Mornng,A,33.0,2.0,2025-05-03 04:35:00
OP119773,W0050,Morning,,25.0,,2025-01-04 05:39:00
OP119774,W0437,Morning,E,3.0,2.0,2025-05-17 13:40:00
OP119775,W0441,,A,41.0,0.0,2025-06-12 11:26:00
OP119776,W0009,,E,26.0,,2025-03-27 05:59:00
OP119777,W0431,,A,6.0,2.0,2025-05-27 04:09:00
OP119778,W0266,Evening,E,22.0,1.0,2025-01-23 06:31:00
OP119779,W0119,,,49.0,,2025-05-20 06:50:00
OP119780,W0092,Night,D,41.0,,2025-05-19 08:13:00
OP119781,W0447,Night,,24.0,2.0,2025-04-18 18:54:00
OP119782,W0314,Morning,,6.0,1.0,2025-05-03 07:31:00
OP119783,W0263,,E,9.0,0.0,2025-05-25 19:33:00
OP119784,W0144,Mornng,C,39.0,2.0,2025-02-27 06:36:00
OP119785,W0074,Night,,32.0,0.0,2025-06-12 12:36:00
OP119786,W0295,,Z,29.0,1.0,2025-03-15 05:44:00
OP119787,W0081,Mornng,C,25.0,0.0,2025-02-01 01:58:00
OP119788,W0214,Morning,D,,0.0,2025-04-13 22:40:00
OP119789,W0318,,C,25.0,,2025-06-26 22:36:00
OP119790,W0130,,D,44.0,2.0,2025-05-31 01:21:00
OP119791,W0142,Evening,,6.0,2.0,2025-01-19 16:40:00
OP119792,W0070,Evening,Z,44.0,,2025-04-15 18:55:00
OP119793,W0202,Morning,B,0.0,,2025-06-15 10:54:00
OP119794,W0199,,E,43.0,,2025-01-03 09:13:00
OP119795,W0476,,Z,22.0,1.0,2025-06-23 08:54:00
OP119796,W0447,Morning,E,47.0,0.0,2025-06-25 04:28:00
OP119797,W0340,Night,E,43.0,,2025-06-23 23:50:00
OP119798,W0088,,Z,5.0,1.0,2025-03-01 18:00:00
OP119799,W0234,Night,Z,3.0,2.0,2025-01-17 17:58:00
OP119800,W0270,Evening,,0.0,0.0,2025-01-14 15:04:00
OP119801,W0415,Morning,,6.0,0.0,2025-02-26 09:02:00
OP119802,W0340,Night,E,40.0,0.0,2025-02-24 03:11:00
OP119803,W0395,Night,C,4.0,2.0,2025-02-04 10:04:00
OP119804,W0444,Night,Z,48.0,0.0,2025-05-11 13:29:00
OP119805,W0469,Mornng,D,34.0,1.0,2025-06-25 08:49:00
OP119806,W0080,,B,2.0,2.0,2025-05-05 21:11:00
OP119807,W0385,Evening,D,0.0,,2025-03-14 06:11:00
OP119808,W0482,Evening,C,43.0,1.0,2025-02-08 10:15:00
OP119809,W0283,,B,47.0,1.0,2025-05-11 16:02:00
OP119810,W0047,,E,22.0,2.0,2025-06-01 17:21:00
OP119811,W0148,,,1.0,0.0,2025-04-07 10:20:00
OP119812,W0480,Morning,D,46.0,2.0,2025-02-08 14:56:00
OP119813,W0181,,A,24.0,1.0,2025-05-19 07:35:00
OP119814,W0262,,Z,3.0,0.0,2025-05-26 07:48:00
OP119815,W0386,Mornng,Z,21.0,2.0,2025-03-26 03:21:00
OP119816,W0375,,,12.0,1.0,2025-06-25 00:33:00
OP119817,W0121,Evening,E,3.0,2.0,2025-06-24 09:48:00
OP119818,W0134,Morning,,32.0,2.0,2025-03-02 19:17:00
OP119819,W0474,Night,B,39.0,1.0,2025-01-13 20:04:00
OP119820,W0123,,E,35.0,,2025-05-25 16:37:00
OP119821,W0269,,,23.0,0.0,2025-05-02 18:33:00
OP119822,W0047,Mornng,C,38.0,0.0,2025-05-24 19:07:00
OP119823,W0043,,C,35.0,0.0,2025-02-10 11:32:00
OP119824,W0424,,C,27.0,,2025-06-04 13:41:00
OP119825,W0289,,A,7.0,0.0,2025-02-18 11:06:00
OP119826,W0339,Mornng,D,13.0,,2025-04-04 11:10:00
OP119827,W0145,,A,32.0,1.0,2025-02-24 03:40:00
OP119828,W0402,,C,17.0,,2025-02-01 20:13:00
OP119829,W0335,,D,38.0,0.0,2025-04-22 14:20:00
OP119830,W0497,Evening,,9.0,,2025-05-15 13:08:00
OP119831,W0204,Mornng,D,42.0,,2025-06-24 05:32:00
OP119832,W0128,,A,28.0,1.0,2025-05-22 15:44:00
OP119833,W0190,Evening,B,49.0,0.0,2025-06-03 07:11:00
OP119834,W0321,,A,29.0,2.0,2025-05-06 15:21:00
OP119835,W0209,Morning,A,1.0,0.0,2025-06-19 04:42:00
OP119836,W0008,Evening,A,43.0,,2025-05-02 05:54:00
OP119837,W0463,,E,48.0,2.0,2025-03-31 08:24:00
OP119838,W0472,Morning,C,30.0,,2025-06-02 04:36:00
OP119839,W0375,Morning,E,33.0,,invalid_date
OP119840,W0333,,E,40.0,,2025-05-13 23:21:00
OP119841,W0020,Night,Z,39.0,1.0,2025-06-23 15:34:00
OP119842,W0437,,E,8.0,,2025-01-30 11:27:00
OP119843,W0059,Mornng,B,43.0,2.0,2025-03-13 19:16:00
OP119844,W0131,Evening,B,49.0,,2025-06-03 14:24:00
OP119845,W0179,Evening,C,49.0,2.0,2025-05-03 11:41:00
OP119846,W0077,Evening,,13.0,0.0,2025-03-06 03:44:00
OP119847,W0021,Mornng,B,,,2025-05-17 14:04:00
OP119848,W0124,Evening,E,,0.0,2025-06-09 19:25:00
OP119849,W0390,Mornng,E,1.0,0.0,2025-04-05 22:13:00
OP119850,W0485,,D,37.0,1.0,2025-05-17 08:09:00
OP119851,W0223,Night,Z,21.0,2.0,2025-06-04 17:38:00
OP119852,W0166,,,15.0,2.0,2025-01-05 09:22:00
OP119853,W0412,Mornng,,23.0,2.0,2025-01-11 05:22:00
OP119854,W0182,Mornng,D,25.0,2.0,2025-02-17 09:13:00
OP119855,W0452,Morning,Z,20.0,1.0,2025-03-10 14:22:00
OP119856,W0053,,E,26.0,0.0,2025-03-12 14:25:00
OP119857,W0127,,C,28.0,,2025-02-16 06:39:00
OP119858,W0015,Night,E,47.0,2.0,2025-04-03 03:48:00
OP119859,W0316,Evening,D,4.0,2.0,2025-03-30 03:11:00
OP119860,W0462,,A,48.0,0.0,2025-01-19 18:06:00
OP119861,W0403,,D,27.0,2.0,2025-03-05 09:12:00
OP119862,W0283,Night,A,34.0,2.0,2025-02-17 08:40:00
OP119863,W0210,Evening,,36.0,0.0,2025-01-26 02:11:00
OP119864,W0347,Evening,,47.0,,2025-03-22 19:17:00
OP119865,W0068,Mornng,,47.0,0.0,2025-03-01 01:59:00
OP119866,W0334,,C,18.0,,2025-02-09 14:05:00
OP119867,W0441,Night,E,15.0,2.0,2025-01-09 01:40:00
OP119868,W0249,,B,27.0,,2025-01-02 09:27:00
OP119869,W0477,Mornng,,0.0,2.0,2025-06-15 06:38:00
OP119870,W0160,Evening,E,44.0,0.0,2025-01-28 18:47:00
OP119871,W0357,,,35.0,2.0,2025-01-15 15:19:00
OP119872,W0294,Night,B,1.0,1.0,2025-04-03 09:06:00
OP119873,W0396,Morning,A,24.0,2.0,2025-04-21 03:58:00
OP119874,W0065,,C,35.0,1.0,2025-03-03 08:39:00
OP119875,W0023,,B,37.0,0.0,2025-02-19 09:34:00
OP119876,W0201,,D,12.0,1.0,2025-04-27 19:40:00
OP119877,W0429,Night,A,28.0,,2025-05-17 21:36:00
OP119878,W0157,,A,1.0,1.0,2025-06-03 10:45:00
OP119879,W0178,Mornng,B,28.0,0.0,2025-03-08 06:41:00
OP119880,W0220,,C,24.0,0.0,2025-01-23 21:18:00
OP119881,W0449,,D,19.0,1.0,2025-03-08 13:37:00
OP119882,W0067,Morning,Z,35.0,0.0,2025-01-01 11:04:00
OP119883,W0343,Evening,Z,35.0,1.0,2025-01-08 14:12:00
OP119884,W0092,Evening,Z,29.0,1.0,2025-05-29 02:55:00
OP119885,W0228,Morning,Z,4.0,1.0,2025-01-26 18:32:00
OP119886,W0071,,D,14.0,2.0,2025-05-31 08:36:00
OP119887,W0145,Evening,,26.0,0.0,2025-06-08 12:45:00
OP119888,W0416,Morning,D,12.0,1.0,2025-06-26 22:38:00
OP119889,W0110,Mornng,B,24.0,,2025-06-02 15:36:00
OP119890,W0439,,Z,33.0,0.0,2025-03-24 00:07:00
OP119891,W0073,Morning,D,10.0,2.0,2025-05-22 16:27:00
OP119892,W0041,Night,B,18.0,0.0,2025-05-24 16:04:00
OP119893,W0395,,E,6.0,1.0,2025-05-03 07:19:00
OP119894,W0125,Evening,Z,17.0,2.0,invalid_date
OP119895,W0435,Mornng,Z,4.0,0.0,2025-06-19 21:00:00
OP119896,W0282,Night,D,12.0,2.0,2025-06-23 00:40:00
OP119897,W0205,,B,-5.0,0.0,2025-04-29 05:11:00
OP119898,W0095,,,0.0,2.0,2025-01-19 10:07:00
OP119899,W0494,Night,A,49.0,1.0,2025-03-10 08:29:00
OP119900,W0112,Night,B,36.0,2.0,2025-01-23 16:34:00
OP119901,W0014,Mornng,A,39.0,0.0,2025-01-19 21:37:00
OP119902,W0148,Evening,A,13.0,1.0,2025-04-08 05:38:00
OP119903,W0269,Night,Z,19.0,1.0,2025-02-04 07:36:00
OP119904,W0280,Night,E,49.0,0.0,2025-02-16 16:06:00
OP119905,W0138,Mornng,Z,24.0,0.0,2025-05-07 05:37:00
OP119906,W0336,Morning,B,36.0,1.0,2025-02-28 06:28:00
OP119907,W0384,Mornng,D,34.0,0.0,2025-03-12 09:36:00
OP119908,W0333,Evening,E,49.0,,2025-01-02 04:56:00
OP119909,W0024,Evening,B,,2.0,2025-01-21 16:57:00
OP119910,W0201,,B,6.0,1.0,2025-01-29 21:32:00
OP119911,W0146,Morning,B,41.0,2.0,2025-03-24 20:53:00
OP119912,W0069,Evening,Z,3.0,,2025-05-15 13:08:00
OP119913,W0140,Mornng,A,17.0,1.0,2025-06-18 03:26:00
OP119914,W0234,,B,1.0,2.0,2025-04-11 01:48:00
OP119915,W0358,,,28.0,0.0,2025-02-19 21:37:00
OP119916,W0425,Morning,A,24.0,2.0,invalid_date
OP119917,W0201,Mornng,D,49.0,,2025-03-02 23:18:00
OP119918,W0014,Evening,B,39.0,2.0,2025-03-17 17:45:00
OP119919,W0010,Morning,,32.0,0.0,2025-02-02 14:44:00
OP119920,W0321,,C,23.0,1.0,2025-02-24 11:45:00
OP119921,W0409,,E,10.0,,2025-05-07 06:56:00
OP119922,W0286,Night,Z,0.0,0.0,2025-06-23 11:01:00
OP119923,W0475,Evening,D,39.0,,2025-05-04 03:27:00
OP119924,W0021,Mornng,A,5.0,0.0,2025-01-28 00:45:00
OP119925,W0467,,C,9.0,0.0,2025-06-27 09:37:00
OP119926,W0092,,,2.0,,2025-03-18 16:18:00
OP119927,W0282,Mornng,A,37.0,2.0,2025-05-28 09:16:00
OP119928,W0210,Night,C,30.0,0.0,2025-03-28 09:18:00
OP119929,W0071,Evening,,23.0,,2025-03-10 23:29:00
OP119930,W0315,Night,D,31.0,0.0,2025-04-21 01:06:00
OP119931,W0165,Morning,,34.0,1.0,2025-05-03 19:57:00
OP119932,W0096,,A,23.0,,2025-02-19 05:51:00
OP119933,W0119,Mornng,Z,43.0,,2025-06-08 07:00:00
OP119934,W0209,,C,1.0,1.0,2025-06-13 08:56:00
OP119935,W0122,Evening,D,17.0,0.0,2025-05-20 05:00:00
OP119936,W0356,,E,29.0,1.0,2025-04-25 21:06:00
OP119937,W0044,Night,E,37.0,0.0,2025-05-05 07:54:00
OP119938,W0423,,,15.0,2.0,2025-01-18 12:56:00
OP119939,W0265,,,44.0,2.0,2025-01-31 04:22:00
OP119940,W0103,Evening,D,8.0,1.0,2025-04-22 04:59:00
OP119941,W0252,Mornng,,32.0,2.0,2025-02-10 00:08:00
OP119942,W0176,Morning,D,41.0,,2025-06-01 21:09:00
OP119943,W0181,Evening,,25.0,2.0,2025-04-07 02:28:00
OP119944,W0278,,B,47.0,0.0,2025-06-28 09:41:00
OP119945,W0288,Evening,A,8.0,0.0,2025-03-01 16:15:00
OP119946,W0265,,B,24.0,0.0,2025-03-27 11:13:00
OP119947,W0414,Night,E,27.0,2.0,2025-05-27 22:46:00
OP119948,W0040,Night,C,44.0,1.0,invalid_date
OP119949,W0041,Mornng,A,32.0,0.0,2025-02-17 21:36:00
OP119950,W0028,Evening,Z,6.0,1.0,2025-04-22 13:34:00
OP119951,W0339,Evening,C,38.0,2.0,2025-04-11 00:26:00
OP119952,W0339,,Z,30.0,,2025-05-28 23:24:00
OP119953,W0038,Mornng,C,13.0,2.0,2025-01-23 12:29:00
OP119954,W0381,Night,E,21.0,0.0,2025-06-20 16:08:00
OP119955,W0213,Morning,Z,30.0,2.0,2025-03-26 19:59:00
OP119956,W0241,Mornng,C,7.0,,2025-04-12 10:25:00
OP119957,W0416,,Z,43.0,1.0,2025-03-06 09:51:00
OP119958,W0163,Night,B,12.0,,2025-01-26 08:04:00
OP119959,W0190,Morning,,48.0,0.0,2025-05-22 03:01:00
OP119960,W0452,Morning,D,28.0,,2025-01-21 08:32:00
OP119961,W0373,,C,38.0,1.0,2025-03-27 15:22:00
OP119962,W0460,,A,6.0,,2025-01-27 13:26:00
OP119963,W0367,Morning,Z,11.0,1.0,2025-02-06 14:15:00
OP119964,W0360,,C,45.0,0.0,2025-06-06 07:05:00
OP119965,W0041,Evening,D,10.0,0.0,2025-02-08 19:33:00
OP119966,W0351,Evening,A,43.0,2.0,2025-04-14 15:08:00
OP119967,W0447,Mornng,Z,1.0,1.0,2025-03-18 03:52:00
OP119968,W0165,Mornng,E,,,2025-06-13 11:48:00
OP119969,W0288,Mornng,B,27.0,2.0,2025-02-27 03:30:00
OP119970,W0411,,B,10.0,,2025-03-17 07:25:00
OP119971,W0144,Morning,,30.0,1.0,2025-01-31 11:30:00
OP119972,W0318,,A,13.0,,2025-03-08 20:40:00
OP119973,W0496,Morning,C,-5.0,1.0,2025-01-03 04:41:00
OP119974,W0461,,A,46.0,2.0,2025-05-26 20:04:00
OP119975,W0256,Evening,,47.0,1.0,2025-01-16 21:28:00
OP119976,W0473,Night,D,12.0,1.0,2025-04-15 20:43:00
OP119977,W0296,Evening,A,48.0,,2025-02-18 09:39:00
OP119978,W0189,Mornng,E,43.0,0.0,2025-06-19 16:12:00
OP119979,W0325,,C,46.0,,2025-01-13 22:26:00
OP119980,W0209,Night,C,40.0,2.0,2025-05-01 01:14:00
OP119981,W0190,Evening,Z,27.0,1.0,2025-04-21 03:05:00
OP119982,W0131,Morning,C,15.0,0.0,2025-03-05 02:08:00
OP119983,W0296,Evening,C,49.0,2.0,2025-06-22 10:03:00
OP119984,W0110,Morning,B,16.0,1.0,2025-04-19 10:43:00
OP119985,W0170,Morning,E,5.0,0.0,2025-01-07 07:26:00
OP119986,W0431,,A,10.0,,2025-04-17 20:42:00
OP119987,W0334,,C,42.0,1.0,2025-05-27 12:39:00
OP119988,W0246,,A,35.0,2.0,2025-04-29 21:26:00
OP119989,W0411,Morning,,17.0,0.0,2025-06-11 12:12:00
OP119990,W0242,,B,23.0,,2025-02-05 00:07:00
OP119991,W0420,Mornng,A,23.0,0.0,2025-05-20 13:48:00
OP119992,W0433,Morning,,40.0,,2025-02-13 20:14:00
OP119993,W0356,Morning,,29.0,1.0,2025-03-13 18:58:00
OP119994,W0471,,E,18.0,0.0,2025-05-27 11:08:00
OP119995,W0178,,B,14.0,2.0,2025-04-24 01:22:00
OP119996,,,E,38.0,,2025-06-21 13:17:00
OP119997,W0489,Morning,C,3.0,1.0,2025-06-02 02:23:00
OP119998,W0487,,Z,8.0,1.0,2025-03-26 13:31:00
OP119999,W0160,Mornng,C,31.0,0.0,2025-03-12 14:58:00
