log_id,worker_id,shift,login_time,logout_time,shift_hours
LOG200001,W0401,Morning,2025-05-31 01:49:00,2025-05-31 09:49:00,8.0
LOG200002,W0070,Evening,2025-01-03 20:19:00,2025-01-04 05:19:00,9.0
LOG200003,W0190,Morning,2025-01-28 20:55:00,2025-01-29 04:55:00,8.0
LOG200004,W0364,Night,2025-06-28 01:29:00,2025-06-28 11:29:00,10.0
LOG200005,W0123,Night,2025-06-07 02:03:00,2025-06-07 09:03:00,7.0
LOG200006,W0138,Night,2025-02-27 04:00:00,2025-02-27 14:00:00,10.0
LOG200007,W0254,Morning,2025-01-20 14:45:00,2025-01-20 23:45:00,9.0
LOG200010,W0360,Morning,2025-05-08 22:15:00,2025-05-09 08:15:00,10.0
LOG200011,W0443,Morning,2025-02-07 08:51:00,2025-02-07 16:51:00,8.0
LOG200012,W0441,Night,2025-02-26 00:42:00,2025-02-26 10:42:00,10.0
LOG200015,W0463,Night,2025-04-06 05:45:00,2025-04-06 14:45:00,9.0
LOG200016,W0054,Evening,2025-05-24 01:56:00,2025-05-24 09:56:00,8.0
LOG200017,W0107,Night,2025-04-19 00:46:00,2025-04-19 07:46:00,7.0
LOG200018,W0217,Night,2025-03-09 14:10:00,2025-03-09 20:10:00,6.0
LOG200020,W0229,Night,2025-01-26 19:33:00,2025-01-27 01:33:00,6.0
LOG200021,W0493,Evening,2025-02-04 14:39:00,2025-02-04 20:39:00,6.0
LOG200022,W0265,Evening,2025-05-09 11:27:00,2025-05-09 20:27:00,9.0
LOG200024,W0289,Evening,2025-02-18 05:57:00,2025-02-18 15:57:00,10.0
LOG200027,W0126,Evening,2025-06-05 04:17:00,2025-06-05 13:17:00,9.0
LOG200028,W0216,Morning,2025-01-29 08:32:00,2025-01-29 16:32:00,8.0
LOG200030,W0007,Night,2025-02-01 02:24:00,2025-02-01 11:24:00,9.0
LOG200031,W0167,Night,2025-04-16 22:47:00,2025-04-17 07:47:00,9.0
LOG200032,W0445,Evening,2025-03-21 16:36:00,2025-03-21 23:36:00,7.0
LOG200033,W0229,Evening,2025-01-31 21:07:00,2025-02-01 03:07:00,6.0
LOG200034,W0253,Night,2025-01-05 00:31:00,2025-01-05 08:31:00,8.0
LOG200035,W0339,Night,2025-01-02 21:13:00,2025-01-03 04:13:00,7.0
LOG200037,W0069,Morning,2025-04-01 13:49:00,2025-04-01 22:49:00,9.0
LOG200039,W0178,Night,2025-01-30 17:15:00,2025-01-31 00:15:00,7.0
LOG200040,W0306,Night,2025-05-09 17:27:00,2025-05-09 23:27:00,6.0
LOG200041,W0215,Morning,2025-05-02 02:32:00,2025-05-02 08:32:00,6.0
LOG200042,W0498,Night,2025-05-07 08:50:00,2025-05-07 16:50:00,8.0
LOG200043,W0426,Night,2025-05-20 05:00:00,2025-05-20 14:00:00,9.0
LOG200044,W0218,Night,2025-04-16 07:23:00,2025-04-16 13:23:00,6.0
LOG200045,W0299,Morning,2025-01-02 10:51:00,2025-01-02 20:51:00,10.0
LOG200046,W0326,Night,2025-06-14 12:24:00,2025-06-14 21:24:00,9.0
LOG200048,W0354,Morning,2025-06-17 19:59:00,2025-06-18 04:59:00,9.0
LOG200049,W0330,Morning,2025-03-07 14:35:00,2025-03-07 20:35:00,6.0
LOG200053,W0151,Morning,2025-05-24 14:11:00,2025-05-24 23:11:00,9.0
LOG200054,W0318,Morning,2025-04-14 11:54:00,2025-04-14 18:54:00,7.0
LOG200056,W0019,Morning,2025-01-11 05:48:00,2025-01-11 11:48:00,6.0
LOG200058,W0337,Night,2025-02-04 18:37:00,2025-02-05 02:37:00,8.0
LOG200059,W0277,Night,2025-04-26 00:56:00,2025-04-26 06:56:00,6.0
LOG200060,W0231,Evening,2025-01-08 08:24:00,2025-01-08 17:24:00,9.0
LOG200061,W0176,Morning,2025-01-28 13:17:00,2025-01-28 20:17:00,7.0
LOG200062,W0265,Evening,2025-02-04 11:29:00,2025-02-04 18:29:00,7.0
LOG200063,W0213,Morning,2025-04-19 08:02:00,2025-04-19 18:02:00,10.0
LOG200065,W0036,Morning,2025-02-02 11:19:00,2025-02-02 19:19:00,8.0
LOG200066,W0028,Night,2025-02-27 20:03:00,2025-02-28 02:03:00,6.0
LOG200067,W0436,Night,2025-03-19 09:19:00,2025-03-19 15:19:00,6.0
LOG200068,W0159,Night,2025-03-19 13:44:00,2025-03-19 20:44:00,7.0
LOG200069,W0075,Night,2025-01-16 07:57:00,2025-01-16 15:57:00,8.0
LOG200071,W0124,Evening,2025-04-22 09:10:00,2025-04-22 17:10:00,8.0
LOG200072,W0022,Night,2025-03-26 19:47:00,2025-03-27 01:47:00,6.0
LOG200073,W0425,Morning,2025-01-29 18:04:00,2025-01-30 02:04:00,8.0
LOG200074,W0242,Night,2025-03-14 07:54:00,2025-03-14 15:54:00,8.0
LOG200075,W0133,Evening,2025-05-23 11:02:00,2025-05-23 19:02:00,8.0
LOG200076,W0360,Night,2025-01-01 11:52:00,2025-01-01 17:52:00,6.0
LOG200077,W0348,Night,2025-06-07 16:57:00,2025-06-07 23:57:00,7.0
LOG200078,W0394,Night,2025-02-05 11:54:00,2025-02-05 20:54:00,9.0
LOG200080,W0373,Night,2025-06-08 16:39:00,2025-06-08 22:39:00,6.0
LOG200082,W0056,Night,2025-01-22 14:06:00,2025-01-22 21:06:00,7.0
LOG200083,W0382,Night,2025-06-10 22:58:00,2025-06-11 08:58:00,10.0
LOG200084,W0379,Morning,2025-05-30 04:34:00,2025-05-30 12:34:00,8.0
LOG200085,W0468,Morning,2025-01-23 19:30:00,2025-01-24 03:30:00,8.0
LOG200086,W0032,Night,2025-02-24 08:15:00,2025-02-24 18:15:00,10.0
LOG200087,W0076,Morning,2025-02-15 15:56:00,2025-02-16 01:56:00,10.0
LOG200088,W0110,Night,2025-03-17 17:39:00,2025-03-18 02:39:00,9.0
LOG200089,W0377,Night,2025-06-16 15:36:00,2025-06-17 01:36:00,10.0
LOG200091,W0262,Night,2025-04-05 13:31:00,2025-04-05 23:31:00,10.0
LOG200092,W0403,Evening,2025-03-05 22:07:00,2025-03-06 06:07:00,8.0
LOG200093,W0306,Night,2025-02-12 01:06:00,2025-02-12 11:06:00,10.0
LOG200094,W0206,Morning,2025-02-05 13:30:00,2025-02-05 22:30:00,9.0
LOG200095,W0248,Night,2025-06-08 15:48:00,2025-06-09 00:48:00,9.0
LOG200096,W0228,Evening,2025-01-09 21:48:00,2025-01-10 06:48:00,9.0
LOG200097,W0168,Night,2025-01-24 15:11:00,2025-01-24 21:11:00,6.0
LOG200098,W0433,Evening,2025-01-29 15:09:00,2025-01-29 23:09:00,8.0
LOG200099,W0062,Morning,2025-01-16 13:24:00,2025-01-16 20:24:00,7.0
LOG200100,W0348,Evening,2025-06-06 07:11:00,2025-06-06 15:11:00,8.0
LOG200102,W0080,Morning,2025-02-18 08:36:00,2025-02-18 16:36:00,8.0
LOG200104,W0229,Night,2025-01-18 13:49:00,2025-01-18 23:49:00,10.0
LOG200105,W0354,Night,2025-03-13 10:09:00,2025-03-13 19:09:00,9.0
LOG200106,W0139,Morning,2025-06-15 22:29:00,2025-06-16 04:29:00,6.0
LOG200107,W0217,Night,2025-04-16 14:31:00,2025-04-16 21:31:00,7.0
LOG200109,W0402,Morning,2025-05-22 21:46:00,2025-05-23 03:46:00,6.0
LOG200112,W0489,Evening,2025-04-10 06:19:00,2025-04-10 16:19:00,10.0
LOG200114,W0261,Night,2025-03-02 20:15:00,2025-03-03 05:15:00,9.0
LOG200117,W0425,Morning,2025-05-23 01:17:00,2025-05-23 10:17:00,9.0
LOG200118,W0419,Morning,2025-03-01 15:39:00,2025-03-02 00:39:00,9.0
LOG200119,W0216,Night,2025-05-04 16:17:00,2025-05-04 23:17:00,7.0
LOG200121,W0162,Morning,2025-04-13 18:30:00,2025-04-14 03:30:00,9.0
LOG200122,W0485,Morning,2025-06-12 13:28:00,2025-06-12 22:28:00,9.0
LOG200123,W0169,Night,2025-05-07 09:24:00,2025-05-07 15:24:00,6.0
LOG200124,W0373,Night,2025-04-16 07:40:00,2025-04-16 15:40:00,8.0
LOG200126,W0352,Night,2025-01-28 18:23:00,2025-01-29 01:23:00,7.0
LOG200128,W0220,Night,2025-06-21 11:59:00,2025-06-21 21:59:00,10.0
LOG200131,W0103,Night,2025-06-09 17:53:00,2025-06-10 01:53:00,8.0
LOG200133,W0305,Morning,2025-02-21 20:45:00,2025-02-22 04:45:00,8.0
LOG200134,W0132,Morning,2025-01-14 08:33:00,2025-01-14 17:33:00,9.0
LOG200135,W0184,Morning,2025-03-08 16:48:00,2025-03-09 00:48:00,8.0
LOG200136,W0110,Morning,2025-02-23 23:34:00,2025-02-24 08:34:00,9.0
LOG200137,W0032,Morning,2025-06-07 23:23:00,2025-06-08 07:23:00,8.0
LOG200138,W0500,Morning,2025-05-06 05:36:00,2025-05-06 14:36:00,9.0
LOG200139,W0007,Evening,2025-03-01 22:33:00,2025-03-02 04:33:00,6.0
LOG200140,W0123,Morning,2025-04-01 21:44:00,2025-04-02 06:44:00,9.0
LOG200141,W0103,Night,2025-02-07 13:53:00,2025-02-07 21:53:00,8.0
LOG200142,W0414,Morning,2025-02-18 22:31:00,2025-02-19 04:31:00,6.0
LOG200143,W0175,Night,2025-05-14 23:07:00,2025-05-15 05:07:00,6.0
LOG200147,W0488,Night,2025-03-08 11:48:00,2025-03-08 17:48:00,6.0
LOG200149,W0068,Morning,2025-04-20 16:23:00,2025-04-20 23:23:00,7.0
LOG200150,W0013,Evening,2025-03-11 10:03:00,2025-03-11 20:03:00,10.0
LOG200152,W0381,Night,2025-04-29 20:39:00,2025-04-30 06:39:00,10.0
LOG200153,W0419,Night,2025-06-27 09:37:00,2025-06-27 16:37:00,7.0
LOG200154,W0400,Evening,2025-01-06 13:18:00,2025-01-06 21:18:00,8.0
LOG200155,W0436,Night,2025-04-26 09:38:00,2025-04-26 18:38:00,9.0
LOG200156,W0349,Morning,2025-01-28 08:46:00,2025-01-28 18:46:00,10.0
LOG200158,W0240,Night,2025-03-21 04:23:00,2025-03-21 12:23:00,8.0
LOG200159,W0272,Evening,2025-04-24 03:55:00,2025-04-24 13:55:00,10.0
LOG200160,W0311,Night,2025-01-08 18:27:00,2025-01-09 04:27:00,10.0
LOG200161,W0287,Evening,2025-04-09 06:45:00,2025-04-09 15:45:00,9.0
LOG200162,W0259,Night,2025-01-06 23:33:00,2025-01-07 08:33:00,9.0
LOG200163,W0370,Evening,2025-04-11 00:17:00,2025-04-11 07:17:00,7.0
LOG200165,W0090,Night,2025-02-18 00:29:00,2025-02-18 07:29:00,7.0
LOG200169,W0311,Night,2025-06-18 08:34:00,2025-06-18 15:34:00,7.0
LOG200170,W0194,Night,2025-06-14 17:00:00,2025-06-15 02:00:00,9.0
LOG200171,W0398,Night,2025-03-16 11:50:00,2025-03-16 18:50:00,7.0
LOG200172,W0383,Evening,2025-04-11 14:26:00,2025-04-11 22:26:00,8.0
LOG200173,W0199,Morning,2025-06-29 15:06:00,2025-06-29 21:06:00,6.0
LOG200174,W0315,Morning,2025-04-12 04:24:00,2025-04-12 13:24:00,9.0
LOG200176,W0410,Night,2025-02-28 03:18:00,2025-02-28 09:18:00,6.0
LOG200177,W0195,Morning,2025-04-04 05:51:00,2025-04-04 13:51:00,8.0
LOG200178,W0163,Evening,2025-04-24 18:23:00,2025-04-25 01:23:00,7.0
LOG200179,W0251,Morning,2025-01-05 07:02:00,2025-01-05 14:02:00,7.0
LOG200181,W0479,Night,2025-03-13 23:57:00,2025-03-14 05:57:00,6.0
LOG200182,W0444,Night,2025-01-02 13:31:00,2025-01-02 19:31:00,6.0
LOG200183,W0058,Evening,2025-03-08 09:33:00,2025-03-08 19:33:00,10.0
LOG200184,W0230,Evening,2025-03-11 22:10:00,2025-03-12 04:10:00,6.0
LOG200187,W0271,Night,2025-05-25 15:23:00,2025-05-25 23:23:00,8.0
LOG200188,W0287,Evening,2025-03-13 17:31:00,2025-03-13 23:31:00,6.0
LOG200190,W0284,Night,2025-03-02 02:50:00,2025-03-02 10:50:00,8.0
LOG200191,W0381,Night,2025-03-26 16:03:00,2025-03-26 22:03:00,6.0
LOG200192,W0130,Night,2025-02-09 01:00:00,2025-02-09 10:00:00,9.0
LOG200193,W0495,Evening,2025-06-19 06:12:00,2025-06-19 13:12:00,7.0
LOG200194,W0218,Morning,2025-05-13 01:50:00,2025-05-13 11:50:00,10.0
LOG200199,W0318,Night,2025-03-08 18:07:00,2025-03-09 04:07:00,10.0
LOG200200,W0031,Evening,2025-03-29 14:16:00,2025-03-29 21:16:00,7.0
LOG200201,W0424,Night,2025-01-21 14:35:00,2025-01-21 21:35:00,7.0
LOG200202,W0332,Night,2025-05-06 23:21:00,2025-05-07 09:21:00,10.0
LOG200204,W0314,Night,2025-04-09 19:20:00,2025-04-10 02:20:00,7.0
LOG200205,W0036,Morning,2025-01-01 05:22:00,2025-01-01 11:22:00,6.0
LOG200206,W0008,Evening,2025-05-06 19:59:00,2025-05-07 05:59:00,10.0
LOG200207,W0072,Night,2025-02-28 15:57:00,2025-02-28 22:57:00,7.0
LOG200208,W0086,Evening,2025-02-25 19:59:00,2025-02-26 01:59:00,6.0
LOG200210,W0090,Evening,2025-04-02 19:29:00,2025-04-03 01:29:00,6.0
LOG200211,W0240,Night,2025-01-02 22:19:00,2025-01-03 07:19:00,9.0
LOG200212,W0111,Night,2025-01-03 23:30:00,2025-01-04 07:30:00,8.0
LOG200213,W0098,Night,2025-04-13 08:15:00,2025-04-13 14:15:00,6.0
LOG200214,W0074,Morning,2025-02-14 00:57:00,2025-02-14 07:57:00,7.0
LOG200216,W0083,Night,2025-04-25 00:12:00,2025-04-25 06:12:00,6.0
LOG200217,W0428,Night,2025-01-25 02:07:00,2025-01-25 12:07:00,10.0
LOG200218,W0496,Night,2025-05-19 08:09:00,2025-05-19 15:09:00,7.0
LOG200219,W0061,Night,2025-06-12 09:03:00,2025-06-12 16:03:00,7.0
LOG200220,W0409,Night,2025-05-17 12:40:00,2025-05-17 18:40:00,6.0
LOG200222,W0288,Morning,2025-05-04 06:14:00,2025-05-04 16:14:00,10.0
LOG200223,W0060,Night,2025-06-05 11:03:00,2025-06-05 20:03:00,9.0
LOG200224,W0074,Night,2025-06-07 23:11:00,2025-06-08 09:11:00,10.0
LOG200225,W0140,Morning,2025-05-15 19:30:00,2025-05-16 05:30:00,10.0
LOG200226,W0270,Evening,2025-02-19 14:04:00,2025-02-19 20:04:00,6.0
LOG200227,W0238,Evening,2025-04-03 18:52:00,2025-04-04 02:52:00,8.0
LOG200228,W0182,Morning,2025-04-07 14:11:00,2025-04-07 21:11:00,7.0
LOG200229,W0381,Morning,2025-01-16 05:01:00,2025-01-16 15:01:00,10.0
LOG200230,W0478,Night,2025-04-20 02:10:00,2025-04-20 12:10:00,10.0
LOG200231,W0022,Evening,2025-01-17 05:07:00,2025-01-17 13:07:00,8.0
LOG200232,W0047,Morning,2025-03-15 00:27:00,2025-03-15 07:27:00,7.0
LOG200233,W0221,Night,2025-04-11 22:44:00,2025-04-12 04:44:00,6.0
LOG200234,W0217,Night,2025-01-15 03:57:00,2025-01-15 11:57:00,8.0
LOG200235,W0347,Night,2025-06-27 10:53:00,2025-06-27 16:53:00,6.0
LOG200236,W0387,Night,2025-06-23 13:36:00,2025-06-23 21:36:00,8.0
LOG200238,W0075,Night,2025-03-02 17:03:00,2025-03-02 23:03:00,6.0
LOG200239,W0290,Evening,2025-05-14 18:44:00,2025-05-15 04:44:00,10.0
LOG200242,W0288,Night,2025-04-30 09:21:00,2025-04-30 17:21:00,8.0
LOG200243,W0500,Night,2025-05-20 08:45:00,2025-05-20 14:45:00,6.0
LOG200244,W0250,Night,2025-02-03 22:27:00,2025-02-04 06:27:00,8.0
LOG200245,W0091,Evening,2025-01-03 00:46:00,2025-01-03 07:46:00,7.0
LOG200246,W0203,Evening,2025-05-30 08:05:00,2025-05-30 15:05:00,7.0
LOG200249,W0081,Night,2025-06-12 01:50:00,2025-06-12 10:50:00,9.0
LOG200250,W0386,Morning,2025-01-05 08:34:00,2025-01-05 14:34:00,6.0
LOG200251,W0267,Night,2025-03-17 23:26:00,2025-03-18 06:26:00,7.0
LOG200252,W0172,Evening,2025-03-24 10:29:00,2025-03-24 19:29:00,9.0
LOG200253,W0135,Morning,2025-01-14 19:13:00,2025-01-15 01:13:00,6.0
LOG200255,W0403,Night,2025-02-25 01:42:00,2025-02-25 10:42:00,9.0
LOG200257,W0321,Morning,2025-01-22 07:10:00,2025-01-22 17:10:00,10.0
LOG200258,W0164,Evening,2025-06-18 20:26:00,2025-06-19 02:26:00,6.0
LOG200259,W0448,Night,2025-02-13 14:18:00,2025-02-14 00:18:00,10.0
LOG200260,W0024,Night,2025-04-15 21:33:00,2025-04-16 07:33:00,10.0
LOG200261,W0088,Night,2025-06-23 08:07:00,2025-06-23 17:07:00,9.0
LOG200262,W0187,Night,2025-01-05 00:18:00,2025-01-05 09:18:00,9.0
LOG200263,W0472,Morning,2025-06-28 19:15:00,2025-06-29 04:15:00,9.0
LOG200264,W0216,Night,2025-06-08 20:45:00,2025-06-09 02:45:00,6.0
LOG200269,W0140,Night,2025-06-13 07:10:00,2025-06-13 13:10:00,6.0
LOG200270,W0323,Night,2025-04-28 23:39:00,2025-04-29 07:39:00,8.0
LOG200271,W0350,Morning,2025-01-26 04:47:00,2025-01-26 13:47:00,9.0
LOG200272,W0008,Morning,2025-03-30 14:05:00,2025-03-31 00:05:00,10.0
LOG200273,W0041,Night,2025-01-02 01:52:00,2025-01-02 11:52:00,10.0
LOG200274,W0492,Evening,2025-05-11 13:36:00,2025-05-11 19:36:00,6.0
LOG200275,W0457,Night,2025-02-13 19:41:00,2025-02-14 03:41:00,8.0
LOG200276,W0365,Night,2025-05-19 13:45:00,2025-05-19 20:45:00,7.0
LOG200277,W0226,Evening,2025-05-13 11:41:00,2025-05-13 20:41:00,9.0
LOG200278,W0386,Night,2025-01-03 09:38:00,2025-01-03 19:38:00,10.0
LOG200280,W0434,Night,2025-04-09 14:10:00,2025-04-09 20:10:00,6.0
LOG200282,W0037,Night,2025-06-26 09:06:00,2025-06-26 19:06:00,10.0
LOG200283,W0392,Morning,2025-03-03 06:09:00,2025-03-03 13:09:00,7.0
LOG200284,W0218,Night,2025-03-02 19:21:00,2025-03-03 04:21:00,9.0
LOG200287,W0333,Morning,2025-04-21 08:03:00,2025-04-21 16:03:00,8.0
LOG200289,W0425,Evening,2025-03-04 18:40:00,2025-03-05 02:40:00,8.0
LOG200290,W0495,Night,2025-04-19 15:10:00,2025-04-19 22:10:00,7.0
LOG200291,W0082,Night,2025-06-19 04:43:00,2025-06-19 14:43:00,10.0
LOG200292,W0056,Night,2025-02-12 02:33:00,2025-02-12 12:33:00,10.0
LOG200293,W0276,Morning,2025-03-31 05:15:00,2025-03-31 14:15:00,9.0
LOG200294,W0334,Evening,2025-03-16 20:26:00,2025-03-17 05:26:00,9.0
LOG200296,W0169,Night,2025-05-27 22:18:00,2025-05-28 04:18:00,6.0
LOG200297,W0343,Morning,2025-05-12 16:54:00,2025-05-12 22:54:00,6.0
LOG200298,W0178,Night,2025-03-03 22:59:00,2025-03-04 05:59:00,7.0
LOG200299,W0140,Evening,2025-03-10 16:50:00,2025-03-10 22:50:00,6.0
LOG200300,W0322,Evening,2025-05-09 21:48:00,2025-05-10 03:48:00,6.0
LOG200301,W0408,Morning,2025-02-13 02:07:00,2025-02-13 08:07:00,6.0
LOG200302,W0438,Evening,2025-05-18 18:01:00,2025-05-19 00:01:00,6.0
LOG200303,W0184,Night,2025-04-06 18:43:00,2025-04-07 04:43:00,10.0
LOG200304,W0220,Morning,2025-03-06 22:56:00,2025-03-07 08:56:00,10.0
LOG200305,W0292,Night,2025-06-07 23:55:00,2025-06-08 05:55:00,6.0
LOG200306,W0390,Night,2025-06-01 06:06:00,2025-06-01 12:06:00,6.0
LOG200308,W0405,Night,2025-06-10 04:47:00,2025-06-10 10:47:00,6.0
LOG200309,W0031,Evening,2025-01-22 01:28:00,2025-01-22 11:28:00,10.0
LOG200310,W0380,Evening,2025-03-19 14:21:00,2025-03-19 21:21:00,7.0
LOG200312,W0065,Evening,2025-05-04 19:57:00,2025-05-05 03:57:00,8.0
LOG200313,W0467,Morning,2025-04-10 09:17:00,2025-04-10 16:17:00,7.0
LOG200314,W0201,Morning,2025-03-23 03:55:00,2025-03-23 13:55:00,10.0
LOG200315,W0248,Night,2025-03-14 22:02:00,2025-03-15 06:02:00,8.0
LOG200316,W0071,Evening,2025-05-14 04:32:00,2025-05-14 10:32:00,6.0
LOG200317,W0019,Morning,2025-02-27 23:17:00,2025-02-28 09:17:00,10.0
LOG200318,W0294,Night,2025-05-21 04:38:00,2025-05-21 11:38:00,7.0
LOG200319,W0173,Night,2025-03-26 02:15:00,2025-03-26 09:15:00,7.0
LOG200320,W0103,Night,2025-04-09 03:33:00,2025-04-09 09:33:00,6.0
LOG200321,W0174,Morning,2025-03-02 02:52:00,2025-03-02 10:52:00,8.0
LOG200322,W0371,Evening,2025-02-10 21:59:00,2025-02-11 04:59:00,7.0
LOG200324,W0144,Night,2025-05-05 19:55:00,2025-05-06 03:55:00,8.0
LOG200325,W0315,Night,2025-01-22 17:03:00,2025-01-23 02:03:00,9.0
LOG200326,W0383,Night,2025-05-21 08:57:00,2025-05-21 14:57:00,6.0
LOG200327,W0288,Evening,2025-06-16 06:59:00,2025-06-16 13:59:00,7.0
LOG200328,W0453,Morning,2025-01-30 22:11:00,2025-01-31 08:11:00,10.0
LOG200330,W0340,Morning,2025-05-04 11:49:00,2025-05-04 21:49:00,10.0
LOG200331,W0189,Night,2025-05-05 03:05:00,2025-05-05 10:05:00,7.0
LOG200333,W0298,Evening,2025-06-06 03:01:00,2025-06-06 12:01:00,9.0
LOG200334,W0274,Night,2025-06-17 17:04:00,2025-06-18 03:04:00,10.0
LOG200335,W0147,Evening,2025-01-06 12:48:00,2025-01-06 21:48:00,9.0
LOG200336,W0482,Morning,2025-03-08 16:34:00,2025-03-08 23:34:00,7.0
LOG200337,W0120,Evening,2025-05-13 05:36:00,2025-05-13 11:36:00,6.0
LOG200338,W0339,Night,2025-01-21 02:30:00,2025-01-21 09:30:00,7.0
LOG200339,W0457,Night,2025-03-22 06:31:00,2025-03-22 16:31:00,10.0
LOG200340,W0339,Evening,2025-04-08 01:21:00,2025-04-08 07:21:00,6.0
LOG200341,W0437,Morning,2025-06-01 16:15:00,2025-06-02 01:15:00,9.0
LOG200343,W0070,Evening,2025-03-19 04:31:00,2025-03-19 13:31:00,9.0
LOG200346,W0368,Evening,2025-02-05 23:40:00,2025-02-06 06:40:00,7.0
LOG200347,W0351,Evening,2025-04-04 08:15:00,2025-04-04 16:15:00,8.0
LOG200348,W0442,Evening,2025-01-12 00:16:00,2025-01-12 06:16:00,6.0
LOG200350,W0056,Evening,2025-02-27 12:25:00,2025-02-27 20:25:00,8.0
LOG200351,W0113,Night,2025-02-26 08:14:00,2025-02-26 14:14:00,6.0
LOG200352,W0384,Night,2025-02-19 13:28:00,2025-02-19 22:28:00,9.0
LOG200353,W0348,Morning,2025-02-01 06:55:00,2025-02-01 14:55:00,8.0
LOG200354,W0468,Evening,2025-06-23 02:57:00,2025-06-23 12:57:00,10.0
LOG200355,W0417,Night,2025-05-12 01:14:00,2025-05-12 10:14:00,9.0
LOG200356,W0123,Night,2025-06-29 23:39:00,2025-06-30 06:39:00,7.0
LOG200357,W0286,Evening,2025-05-06 13:44:00,2025-05-06 19:44:00,6.0
LOG200358,W0215,Evening,2025-04-03 10:53:00,2025-04-03 19:53:00,9.0
LOG200359,W0402,Morning,2025-04-22 20:59:00,2025-04-23 03:59:00,7.0
LOG200361,W0492,Evening,2025-01-19 23:52:00,2025-01-20 08:52:00,9.0
LOG200362,W0299,Night,2025-02-25 10:43:00,2025-02-25 17:43:00,7.0
LOG200363,W0409,Morning,2025-04-11 11:52:00,2025-04-11 21:52:00,10.0
LOG200364,W0111,Night,2025-03-09 12:58:00,2025-03-09 22:58:00,10.0
LOG200367,W0192,Night,2025-03-30 01:29:00,2025-03-30 09:29:00,8.0
LOG200368,W0210,Night,2025-06-25 10:23:00,2025-06-25 18:23:00,8.0
LOG200370,W0150,Morning,2025-02-02 08:13:00,2025-02-02 15:13:00,7.0
LOG200371,W0309,Night,2025-02-26 18:38:00,2025-02-27 04:38:00,10.0
LOG200373,W0216,Night,2025-05-11 13:32:00,2025-05-11 21:32:00,8.0
LOG200374,W0424,Night,2025-06-04 16:30:00,2025-06-05 02:30:00,10.0
LOG200375,W0124,Night,2025-04-14 18:16:00,2025-04-15 03:16:00,9.0
LOG200377,W0471,Evening,2025-04-10 16:45:00,2025-04-11 01:45:00,9.0
LOG200378,W0077,Evening,2025-01-18 09:21:00,2025-01-18 19:21:00,10.0
LOG200379,W0467,Evening,2025-05-18 05:44:00,2025-05-18 12:44:00,7.0
LOG200381,W0313,Night,2025-06-15 09:28:00,2025-06-15 15:28:00,6.0
LOG200383,W0416,Night,2025-04-04 22:21:00,2025-04-05 04:21:00,6.0
LOG200384,W0421,Night,2025-01-26 13:22:00,2025-01-26 20:22:00,7.0
LOG200385,W0035,Morning,2025-06-01 23:17:00,2025-06-02 06:17:00,7.0
LOG200386,W0071,Morning,2025-04-29 00:17:00,2025-04-29 10:17:00,10.0
LOG200387,W0480,Morning,2025-05-17 06:32:00,2025-05-17 12:32:00,6.0
LOG200389,W0047,Night,2025-06-16 23:13:00,2025-06-17 09:13:00,10.0
LOG200391,W0380,Morning,2025-03-06 17:39:00,2025-03-07 00:39:00,7.0
LOG200392,W0432,Evening,2025-04-03 17:02:00,2025-04-04 03:02:00,10.0
LOG200393,W0005,Evening,2025-01-29 06:28:00,2025-01-29 14:28:00,8.0
LOG200394,W0367,Evening,2025-04-09 06:15:00,2025-04-09 15:15:00,9.0
LOG200395,W0205,Evening,2025-04-01 15:50:00,2025-04-02 01:50:00,10.0
LOG200396,W0372,Night,2025-05-14 02:04:00,2025-05-14 12:04:00,10.0
LOG200397,W0274,Evening,2025-03-02 15:26:00,2025-03-02 22:26:00,7.0
LOG200398,W0336,Night,2025-04-11 23:25:00,2025-04-12 05:25:00,6.0
LOG200399,W0119,Evening,2025-05-21 15:44:00,2025-05-22 01:44:00,10.0
LOG200400,W0239,Evening,2025-02-02 09:15:00,2025-02-02 19:15:00,10.0
LOG200401,W0411,Morning,2025-01-12 08:23:00,2025-01-12 17:23:00,9.0
LOG200402,W0364,Morning,2025-06-03 06:50:00,2025-06-03 15:50:00,9.0
LOG200403,W0468,Night,2025-01-09 20:47:00,2025-01-10 02:47:00,6.0
LOG200404,W0209,Night,2025-04-14 09:29:00,2025-04-14 18:29:00,9.0
LOG200405,W0322,Night,2025-03-02 05:00:00,2025-03-02 12:00:00,7.0
LOG200406,W0394,Evening,2025-03-16 17:26:00,2025-03-17 02:26:00,9.0
LOG200407,W0102,Night,2025-02-12 02:33:00,2025-02-12 10:33:00,8.0
LOG200408,W0205,Evening,2025-04-24 10:10:00,2025-04-24 18:10:00,8.0
LOG200409,W0043,Morning,2025-04-15 13:59:00,2025-04-15 22:59:00,9.0
LOG200410,W0021,Night,2025-05-11 08:11:00,2025-05-11 15:11:00,7.0
LOG200411,W0215,Night,2025-06-18 04:23:00,2025-06-18 13:23:00,9.0
LOG200412,W0194,Night,2025-05-06 01:42:00,2025-05-06 09:42:00,8.0
LOG200414,W0225,Night,2025-05-30 23:25:00,2025-05-31 05:25:00,6.0
LOG200415,W0099,Night,2025-02-01 15:18:00,2025-02-01 23:18:00,8.0
LOG200417,W0097,Night,2025-01-03 20:38:00,2025-01-04 02:38:00,6.0
LOG200418,W0004,Night,2025-03-04 00:37:00,2025-03-04 06:37:00,6.0
LOG200419,W0080,Morning,2025-03-10 08:23:00,2025-03-10 15:23:00,7.0
LOG200420,W0413,Morning,2025-02-23 21:01:00,2025-02-24 05:01:00,8.0
LOG200421,W0142,Morning,2025-04-22 13:59:00,2025-04-22 20:59:00,7.0
LOG200422,W0266,Evening,2025-06-07 01:38:00,2025-06-07 09:38:00,8.0
LOG200426,W0254,Morning,2025-06-03 20:52:00,2025-06-04 03:52:00,7.0
LOG200430,W0097,Night,2025-01-21 08:16:00,2025-01-21 15:16:00,7.0
LOG200432,W0424,Evening,2025-02-10 03:45:00,2025-02-10 13:45:00,10.0
LOG200433,W0474,Night,2025-02-25 01:49:00,2025-02-25 10:49:00,9.0
LOG200434,W0409,Evening,2025-06-07 01:23:00,2025-06-07 09:23:00,8.0
LOG200435,W0165,Night,2025-04-04 21:56:00,2025-04-05 03:56:00,6.0
LOG200436,W0201,Night,2025-04-25 14:40:00,2025-04-25 21:40:00,7.0
LOG200437,W0122,Evening,2025-03-31 04:26:00,2025-03-31 13:26:00,9.0
LOG200438,W0094,Evening,2025-02-08 23:51:00,2025-02-09 08:51:00,9.0
LOG200441,W0497,Morning,2025-03-08 12:26:00,2025-03-08 21:26:00,9.0
LOG200442,W0119,Night,2025-03-21 03:43:00,2025-03-21 13:43:00,10.0
LOG200444,W0033,Evening,2025-01-30 04:47:00,2025-01-30 13:47:00,9.0
LOG200445,W0394,Evening,2025-04-04 01:48:00,2025-04-04 08:48:00,7.0
LOG200446,W0144,Night,2025-01-16 11:30:00,2025-01-16 17:30:00,6.0
LOG200447,W0201,Evening,2025-01-31 01:04:00,2025-01-31 11:04:00,10.0
LOG200449,W0200,Night,2025-06-19 02:30:00,2025-06-19 10:30:00,8.0
LOG200450,W0004,Morning,2025-04-21 09:12:00,2025-04-21 16:12:00,7.0
LOG200451,W0325,Evening,2025-06-03 14:02:00,2025-06-04 00:02:00,10.0
LOG200452,W0051,Night,2025-06-27 13:59:00,2025-06-27 22:59:00,9.0
LOG200454,W0206,Morning,2025-04-04 02:42:00,2025-04-04 09:42:00,7.0
LOG200455,W0268,Morning,2025-03-29 03:58:00,2025-03-29 11:58:00,8.0
LOG200458,W0417,Morning,2025-03-28 14:28:00,2025-03-28 20:28:00,6.0
LOG200459,W0066,Morning,2025-04-21 07:08:00,2025-04-21 16:08:00,9.0
LOG200461,W0372,Morning,2025-01-27 05:08:00,2025-01-27 14:08:00,9.0
LOG200462,W0315,Night,2025-06-21 12:03:00,2025-06-21 19:03:00,7.0
LOG200463,W0411,Evening,2025-02-05 02:03:00,2025-02-05 11:03:00,9.0
LOG200464,W0435,Night,2025-04-22 23:47:00,2025-04-23 09:47:00,10.0
LOG200465,W0034,Evening,2025-01-28 08:36:00,2025-01-28 15:36:00,7.0
LOG200468,W0427,Evening,2025-03-26 14:22:00,2025-03-26 23:22:00,9.0
LOG200470,W0046,Morning,2025-01-31 05:24:00,2025-01-31 11:24:00,6.0
LOG200471,W0432,Night,2025-06-14 16:44:00,2025-06-15 02:44:00,10.0
LOG200473,W0339,Evening,2025-04-25 04:33:00,2025-04-25 13:33:00,9.0
LOG200474,W0379,Night,2025-05-22 15:48:00,2025-05-22 21:48:00,6.0
LOG200476,W0281,Morning,2025-04-18 14:20:00,2025-04-18 22:20:00,8.0
LOG200477,W0404,Morning,2025-05-08 02:37:00,2025-05-08 09:37:00,7.0
LOG200480,W0346,Morning,2025-06-14 20:54:00,2025-06-15 04:54:00,8.0
LOG200481,W0269,Morning,2025-05-23 16:03:00,2025-05-24 00:03:00,8.0
LOG200482,W0194,Night,2025-05-02 16:22:00,2025-05-02 22:22:00,6.0
LOG200483,W0298,Morning,2025-03-10 18:24:00,2025-03-11 02:24:00,8.0
LOG200484,W0305,Night,2025-02-16 02:00:00,2025-02-16 12:00:00,10.0
LOG200485,W0392,Night,2025-05-23 10:28:00,2025-05-23 20:28:00,10.0
LOG200486,W0052,Morning,2025-05-26 12:49:00,2025-05-26 18:49:00,6.0
LOG200488,W0032,Night,2025-06-23 04:06:00,2025-06-23 12:06:00,8.0
LOG200489,W0369,Morning,2025-06-13 19:22:00,2025-06-14 01:22:00,6.0
LOG200490,W0473,Evening,2025-03-09 15:23:00,2025-03-09 22:23:00,7.0
LOG200491,W0488,Night,2025-01-17 12:57:00,2025-01-17 18:57:00,6.0
LOG200492,W0298,Night,2025-05-02 17:39:00,2025-05-02 23:39:00,6.0
LOG200493,W0156,Evening,2025-03-09 14:30:00,2025-03-10 00:30:00,10.0
LOG200495,W0362,Night,2025-04-04 19:51:00,2025-04-05 03:51:00,8.0
LOG200496,W0131,Evening,2025-06-04 03:10:00,2025-06-04 13:10:00,10.0
LOG200497,W0206,Night,2025-05-13 08:32:00,2025-05-13 17:32:00,9.0
LOG200500,W0268,Morning,2025-01-27 18:56:00,2025-01-28 01:56:00,7.0
LOG200501,W0219,Evening,2025-02-23 21:30:00,2025-02-24 06:30:00,9.0
LOG200502,W0340,Evening,2025-02-19 02:27:00,2025-02-19 11:27:00,9.0
LOG200503,W0279,Night,2025-04-30 23:13:00,2025-05-01 07:13:00,8.0
LOG200504,W0327,Morning,2025-05-24 05:02:00,2025-05-24 12:02:00,7.0
LOG200506,W0378,Night,2025-01-28 00:04:00,2025-01-28 06:04:00,6.0
LOG200507,W0087,Evening,2025-01-21 15:24:00,2025-01-21 22:24:00,7.0
LOG200509,W0102,Night,2025-05-21 13:52:00,2025-05-21 22:52:00,9.0
LOG200510,W0346,Night,2025-03-06 12:15:00,2025-03-06 19:15:00,7.0
LOG200511,W0399,Morning,2025-01-13 05:16:00,2025-01-13 11:16:00,6.0
LOG200513,W0055,Evening,2025-05-10 10:42:00,2025-05-10 17:42:00,7.0
LOG200515,W0462,Evening,2025-01-23 22:17:00,2025-01-24 05:17:00,7.0
LOG200516,W0390,Morning,2025-05-05 11:27:00,2025-05-05 18:27:00,7.0
LOG200517,W0134,Evening,2025-03-06 19:47:00,2025-03-07 02:47:00,7.0
LOG200518,W0457,Night,2025-06-28 07:14:00,2025-06-28 15:14:00,8.0
LOG200519,W0472,Morning,2025-04-14 00:14:00,2025-04-14 07:14:00,7.0
LOG200521,W0500,Night,2025-01-03 10:19:00,2025-01-03 18:19:00,8.0
LOG200522,W0202,Night,2025-04-21 18:48:00,2025-04-22 03:48:00,9.0
LOG200523,W0075,Night,2025-06-08 00:24:00,2025-06-08 07:24:00,7.0
LOG200524,W0488,Morning,2025-01-01 21:03:00,2025-01-02 06:03:00,9.0
LOG200525,W0486,Morning,2025-04-25 00:17:00,2025-04-25 06:17:00,6.0
LOG200527,W0438,Evening,2025-05-14 13:13:00,2025-05-14 23:13:00,10.0
LOG200528,W0154,Night,2025-04-09 22:18:00,2025-04-10 06:18:00,8.0
LOG200529,W0315,Night,2025-01-14 11:38:00,2025-01-14 20:38:00,9.0
LOG200530,W0224,Night,2025-05-21 11:28:00,2025-05-21 20:28:00,9.0
LOG200537,W0278,Night,2025-01-24 10:30:00,2025-01-24 19:30:00,9.0
LOG200538,W0332,Night,2025-01-31 10:55:00,2025-01-31 19:55:00,9.0
LOG200539,W0408,Night,2025-02-07 15:00:00,2025-02-08 01:00:00,10.0
LOG200541,W0161,Night,2025-05-09 11:02:00,2025-05-09 21:02:00,10.0
LOG200542,W0383,Morning,2025-05-10 14:18:00,2025-05-11 00:18:00,10.0
LOG200543,W0141,Morning,2025-04-09 07:37:00,2025-04-09 17:37:00,10.0
LOG200544,W0474,Morning,2025-03-12 16:26:00,2025-03-13 02:26:00,10.0
LOG200546,W0412,Morning,2025-05-11 21:49:00,2025-05-12 04:49:00,7.0
LOG200547,W0110,Night,2025-01-03 23:26:00,2025-01-04 05:26:00,6.0
LOG200548,W0492,Evening,2025-06-06 15:05:00,2025-06-06 21:05:00,6.0
LOG200549,W0164,Night,2025-05-04 21:21:00,2025-05-05 07:21:00,10.0
LOG200550,W0164,Morning,2025-02-21 18:36:00,2025-02-22 03:36:00,9.0
LOG200551,W0488,Night,2025-04-14 07:49:00,2025-04-14 17:49:00,10.0
LOG200553,W0081,Evening,2025-06-06 13:41:00,2025-06-06 20:41:00,7.0
LOG200554,W0316,Night,2025-05-15 22:18:00,2025-05-16 07:18:00,9.0
LOG200555,W0170,Night,2025-03-29 11:25:00,2025-03-29 18:25:00,7.0
LOG200558,W0322,Night,2025-04-29 22:40:00,2025-04-30 04:40:00,6.0
LOG200559,W0276,Night,2025-02-14 10:59:00,2025-02-14 16:59:00,6.0
LOG200560,W0160,Night,2025-05-22 17:11:00,2025-05-23 02:11:00,9.0
LOG200561,W0463,Night,2025-01-03 04:23:00,2025-01-03 14:23:00,10.0
LOG200562,W0419,Night,2025-02-11 01:24:00,2025-02-11 08:24:00,7.0
LOG200563,W0079,Evening,2025-04-21 01:00:00,2025-04-21 10:00:00,9.0
LOG200564,W0412,Night,2025-02-14 23:03:00,2025-02-15 05:03:00,6.0
LOG200565,W0227,Evening,2025-05-14 16:27:00,2025-05-14 22:27:00,6.0
LOG200566,W0212,Morning,2025-04-27 12:03:00,2025-04-27 20:03:00,8.0
LOG200567,W0101,Morning,2025-02-19 08:23:00,2025-02-19 14:23:00,6.0
LOG200568,W0087,Night,2025-01-22 03:09:00,2025-01-22 11:09:00,8.0
LOG200569,W0279,Night,2025-06-06 10:58:00,2025-06-06 19:58:00,9.0
LOG200571,W0472,Night,2025-04-17 08:33:00,2025-04-17 17:33:00,9.0
LOG200572,W0203,Evening,2025-05-25 19:54:00,2025-05-26 02:54:00,7.0
LOG200573,W0453,Evening,2025-01-06 19:50:00,2025-01-07 04:50:00,9.0
LOG200574,W0370,Evening,2025-05-24 16:54:00,2025-05-24 23:54:00,7.0
LOG200575,W0141,Night,2025-04-21 23:27:00,2025-04-22 05:27:00,6.0
LOG200576,W0483,Night,2025-05-18 17:32:00,2025-05-19 01:32:00,8.0
LOG200577,W0049,Night,2025-04-09 23:59:00,2025-04-10 06:59:00,7.0
LOG200578,W0290,Morning,2025-03-08 11:50:00,2025-03-08 17:50:00,6.0
LOG200580,W0218,Night,2025-05-13 06:24:00,2025-05-13 13:24:00,7.0
LOG200581,W0283,Evening,2025-04-14 07:18:00,2025-04-14 16:18:00,9.0
LOG200582,W0129,Night,2025-04-12 19:18:00,2025-04-13 05:18:00,10.0
LOG200583,W0089,Night,2025-03-05 20:18:00,2025-03-06 03:18:00,7.0
LOG200585,W0283,Morning,2025-04-21 16:44:00,2025-04-22 00:44:00,8.0
LOG200586,W0086,Morning,2025-04-05 14:56:00,2025-04-05 22:56:00,8.0
LOG200587,W0410,Morning,2025-02-27 12:00:00,2025-02-27 19:00:00,7.0
LOG200588,W0130,Night,2025-04-05 03:56:00,2025-04-05 13:56:00,10.0
LOG200589,W0120,Night,2025-02-19 12:22:00,2025-02-19 19:22:00,7.0
LOG200592,W0484,Morning,2025-02-18 22:52:00,2025-02-19 08:52:00,10.0
LOG200593,W0271,Morning,2025-02-27 03:06:00,2025-02-27 10:06:00,7.0
LOG200594,W0425,Night,2025-02-05 14:08:00,2025-02-05 20:08:00,6.0
LOG200595,W0171,Night,2025-05-20 00:07:00,2025-05-20 10:07:00,10.0
LOG200597,W0140,Morning,2025-03-04 02:15:00,2025-03-04 11:15:00,9.0
LOG200598,W0114,Evening,2025-03-26 08:26:00,2025-03-26 14:26:00,6.0
LOG200599,W0345,Evening,2025-01-10 19:08:00,2025-01-11 05:08:00,10.0
LOG200600,W0211,Morning,2025-05-20 16:49:00,2025-05-21 01:49:00,9.0
LOG200602,W0070,Night,2025-03-02 17:22:00,2025-03-03 01:22:00,8.0
LOG200603,W0409,Night,2025-04-10 06:16:00,2025-04-10 13:16:00,7.0
LOG200604,W0370,Morning,2025-04-12 04:33:00,2025-04-12 14:33:00,10.0
LOG200605,W0258,Night,2025-03-25 12:43:00,2025-03-25 22:43:00,10.0
LOG200606,W0487,Morning,2025-04-09 13:09:00,2025-04-09 23:09:00,10.0
LOG200607,W0488,Evening,2025-03-04 17:24:00,2025-03-05 03:24:00,10.0
LOG200609,W0155,Night,2025-05-25 14:50:00,2025-05-25 23:50:00,9.0
LOG200610,W0405,Night,2025-05-17 20:00:00,2025-05-18 05:00:00,9.0
LOG200611,W0129,Night,2025-04-22 23:34:00,2025-04-23 08:34:00,9.0
LOG200613,W0041,Evening,2025-05-21 10:13:00,2025-05-21 17:13:00,7.0
LOG200615,W0010,Night,2025-03-13 21:43:00,2025-03-14 06:43:00,9.0
LOG200616,W0344,Night,2025-01-22 21:13:00,2025-01-23 05:13:00,8.0
LOG200619,W0446,Evening,2025-05-12 08:40:00,2025-05-12 17:40:00,9.0
LOG200620,W0116,Evening,2025-06-14 04:44:00,2025-06-14 11:44:00,7.0
LOG200621,W0181,Morning,2025-03-06 22:12:00,2025-03-07 06:12:00,8.0
LOG200623,W0424,Night,2025-03-28 19:38:00,2025-03-29 02:38:00,7.0
LOG200624,W0346,Evening,2025-04-11 09:48:00,2025-04-11 18:48:00,9.0
LOG200626,W0187,Night,2025-06-17 11:18:00,2025-06-17 21:18:00,10.0
LOG200628,W0473,Morning,2025-06-16 11:47:00,2025-06-16 17:47:00,6.0
LOG200630,W0288,Night,2025-04-14 09:36:00,2025-04-14 19:36:00,10.0
LOG200632,W0173,Morning,2025-06-21 23:10:00,2025-06-22 09:10:00,10.0
LOG200634,W0199,Night,2025-02-11 07:11:00,2025-02-11 13:11:00,6.0
LOG200635,W0103,Night,2025-02-13 02:36:00,2025-02-13 10:36:00,8.0
LOG200636,W0202,Night,2025-05-17 10:28:00,2025-05-17 18:28:00,8.0
LOG200637,W0411,Evening,2025-04-01 00:56:00,2025-04-01 10:56:00,10.0
LOG200638,W0161,Morning,2025-01-03 01:25:00,2025-01-03 07:25:00,6.0
LOG200639,W0205,Night,2025-06-13 20:15:00,2025-06-14 03:15:00,7.0
LOG200640,W0274,Night,2025-03-31 14:22:00,2025-03-31 20:22:00,6.0
LOG200642,W0136,Night,2025-05-08 07:12:00,2025-05-08 14:12:00,7.0
LOG200643,W0130,Morning,2025-01-28 18:40:00,2025-01-29 04:40:00,10.0
LOG200646,W0385,Evening,2025-05-12 02:22:00,2025-05-12 08:22:00,6.0
LOG200647,W0108,Morning,2025-04-13 03:18:00,2025-04-13 13:18:00,10.0
LOG200648,W0416,Night,2025-05-30 23:24:00,2025-05-31 09:24:00,10.0
LOG200649,W0331,Morning,2025-06-22 14:34:00,2025-06-22 21:34:00,7.0
LOG200651,W0029,Night,2025-01-10 10:13:00,2025-01-10 18:13:00,8.0
LOG200652,W0487,Evening,2025-01-09 19:31:00,2025-01-10 03:31:00,8.0
LOG200654,W0220,Night,2025-05-28 00:28:00,2025-05-28 09:28:00,9.0
LOG200655,W0099,Evening,2025-01-06 16:55:00,2025-01-07 00:55:00,8.0
LOG200656,W0428,Night,2025-02-03 17:35:00,2025-02-04 02:35:00,9.0
LOG200657,W0451,Night,2025-02-14 17:40:00,2025-02-15 01:40:00,8.0
LOG200658,W0449,Evening,2025-04-19 19:19:00,2025-04-20 04:19:00,9.0
LOG200659,W0158,Night,2025-06-16 20:59:00,2025-06-17 02:59:00,6.0
LOG200660,W0253,Night,2025-06-19 16:54:00,2025-06-19 23:54:00,7.0
LOG200661,W0360,Night,2025-06-16 15:14:00,2025-06-17 01:14:00,10.0
LOG200662,W0327,Night,2025-02-17 05:39:00,2025-02-17 11:39:00,6.0
LOG200664,W0328,Night,2025-04-04 23:32:00,2025-04-05 09:32:00,10.0
LOG200665,W0454,Morning,2025-05-19 18:59:00,2025-05-20 01:59:00,7.0
LOG200666,W0117,Evening,2025-05-15 22:22:00,2025-05-16 05:22:00,7.0
LOG200667,W0134,Evening,2025-01-30 03:36:00,2025-01-30 12:36:00,9.0
LOG200668,W0256,Morning,2025-05-04 17:11:00,2025-05-05 02:11:00,9.0
LOG200669,W0088,Night,2025-01-27 09:41:00,2025-01-27 16:41:00,7.0
LOG200670,W0108,Night,2025-02-06 16:59:00,2025-02-07 00:59:00,8.0
LOG200672,W0131,Night,2025-04-08 08:48:00,2025-04-08 14:48:00,6.0
LOG200673,W0189,Evening,2025-01-23 00:32:00,2025-01-23 08:32:00,8.0
LOG200674,W0043,Evening,2025-06-19 03:35:00,2025-06-19 11:35:00,8.0
LOG200675,W0110,Evening,2025-01-12 23:20:00,2025-01-13 07:20:00,8.0
LOG200676,W0156,Evening,2025-03-27 10:20:00,2025-03-27 18:20:00,8.0
LOG200678,W0448,Morning,2025-04-21 14:18:00,2025-04-21 21:18:00,7.0
LOG200679,W0370,Night,2025-06-22 06:21:00,2025-06-22 12:21:00,6.0
LOG200680,W0005,Night,2025-02-24 15:28:00,2025-02-24 22:28:00,7.0
LOG200684,W0394,Evening,2025-06-25 15:29:00,2025-06-25 22:29:00,7.0
LOG200685,W0005,Night,2025-02-02 00:55:00,2025-02-02 08:55:00,8.0
LOG200687,W0395,Night,2025-05-25 19:33:00,2025-05-26 04:33:00,9.0
LOG200688,W0458,Morning,2025-05-15 18:13:00,2025-05-16 04:13:00,10.0
LOG200690,W0373,Evening,2025-06-06 13:29:00,2025-06-06 23:29:00,10.0
LOG200692,W0207,Morning,2025-01-07 13:35:00,2025-01-07 21:35:00,8.0
LOG200693,W0242,Night,2025-05-03 18:52:00,2025-05-04 01:52:00,7.0
LOG200694,W0329,Night,2025-01-19 03:50:00,2025-01-19 10:50:00,7.0
LOG200695,W0090,Evening,2025-05-04 03:40:00,2025-05-04 11:40:00,8.0
LOG200697,W0296,Morning,2025-03-31 21:16:00,2025-04-01 06:16:00,9.0
LOG200698,W0457,Night,2025-04-27 09:17:00,2025-04-27 16:17:00,7.0
LOG200701,W0383,Night,2025-01-29 09:31:00,2025-01-29 15:31:00,6.0
LOG200702,W0499,Night,2025-01-11 06:20:00,2025-01-11 15:20:00,9.0
LOG200705,W0023,Night,2025-01-05 03:48:00,2025-01-05 11:48:00,8.0
LOG200706,W0472,Night,2025-06-11 02:21:00,2025-06-11 12:21:00,10.0
LOG200707,W0197,Night,2025-05-24 17:17:00,2025-05-25 01:17:00,8.0
LOG200708,W0074,Night,2025-03-14 20:41:00,2025-03-15 03:41:00,7.0
LOG200709,W0312,Morning,2025-03-26 03:26:00,2025-03-26 13:26:00,10.0
LOG200710,W0340,Morning,2025-03-21 15:15:00,2025-03-21 23:15:00,8.0
LOG200711,W0435,Night,2025-03-25 03:26:00,2025-03-25 11:26:00,8.0
LOG200712,W0105,Night,2025-04-16 07:39:00,2025-04-16 16:39:00,9.0
LOG200714,W0011,Night,2025-02-14 00:45:00,2025-02-14 08:45:00,8.0
LOG200715,W0360,Night,2025-06-08 18:58:00,2025-06-09 00:58:00,6.0
LOG200716,W0149,Night,2025-03-10 01:40:00,2025-03-10 07:40:00,6.0
LOG200717,W0186,Night,2025-06-17 07:46:00,2025-06-17 17:46:00,10.0
LOG200718,W0207,Morning,2025-05-07 00:51:00,2025-05-07 09:51:00,9.0
LOG200719,W0038,Evening,2025-05-12 22:57:00,2025-05-13 08:57:00,10.0
LOG200720,W0099,Morning,2025-01-02 04:40:00,2025-01-02 12:40:00,8.0
LOG200722,W0115,Night,2025-01-07 02:31:00,2025-01-07 08:31:00,6.0
LOG200723,W0059,Night,2025-01-26 23:00:00,2025-01-27 09:00:00,10.0
LOG200724,W0064,Night,2025-02-11 04:50:00,2025-02-11 14:50:00,10.0
LOG200726,W0308,Night,2025-04-04 11:31:00,2025-04-04 17:31:00,6.0
LOG200727,W0116,Evening,2025-01-06 09:00:00,2025-01-06 19:00:00,10.0
LOG200728,W0322,Morning,2025-02-17 19:03:00,2025-02-18 03:03:00,8.0
LOG200729,W0315,Night,2025-04-15 04:06:00,2025-04-15 14:06:00,10.0
LOG200730,W0178,Night,2025-02-22 12:44:00,2025-02-22 18:44:00,6.0
LOG200731,W0007,Evening,2025-03-11 22:57:00,2025-03-12 08:57:00,10.0
LOG200732,W0410,Night,2025-04-11 15:05:00,2025-04-11 23:05:00,8.0
LOG200733,W0430,Night,2025-01-05 07:14:00,2025-01-05 16:14:00,9.0
LOG200735,W0078,Night,2025-01-07 18:16:00,2025-01-08 04:16:00,10.0
LOG200736,W0340,Morning,2025-03-06 17:27:00,2025-03-07 00:27:00,7.0
LOG200739,W0083,Morning,2025-04-13 04:25:00,2025-04-13 10:25:00,6.0
LOG200741,W0121,Morning,2025-05-22 23:16:00,2025-05-23 08:16:00,9.0
LOG200744,W0220,Morning,2025-05-16 22:54:00,2025-05-17 05:54:00,7.0
LOG200746,W0369,Evening,2025-06-29 02:47:00,2025-06-29 09:47:00,7.0
LOG200747,W0428,Morning,2025-01-23 15:48:00,2025-01-23 22:48:00,7.0
LOG200749,W0133,Night,2025-04-04 10:44:00,2025-04-04 16:44:00,6.0
LOG200750,W0145,Night,2025-02-23 09:35:00,2025-02-23 17:35:00,8.0
LOG200752,W0178,Morning,2025-01-14 05:43:00,2025-01-14 15:43:00,10.0
LOG200753,W0388,Night,2025-02-25 15:50:00,2025-02-26 00:50:00,9.0
LOG200755,W0355,Evening,2025-02-07 22:35:00,2025-02-08 06:35:00,8.0
LOG200756,W0001,Evening,2025-04-07 11:37:00,2025-04-07 18:37:00,7.0
LOG200757,W0386,Morning,2025-04-15 00:38:00,2025-04-15 07:38:00,7.0
LOG200760,W0387,Night,2025-01-05 04:34:00,2025-01-05 12:34:00,8.0
LOG200761,W0476,Night,2025-06-03 02:30:00,2025-06-03 12:30:00,10.0
LOG200762,W0065,Night,2025-02-02 20:19:00,2025-02-03 04:19:00,8.0
LOG200763,W0427,Night,2025-06-23 10:25:00,2025-06-23 20:25:00,10.0
LOG200764,W0151,Night,2025-06-26 00:25:00,2025-06-26 06:25:00,6.0
LOG200765,W0308,Morning,2025-02-26 17:47:00,2025-02-26 23:47:00,6.0
LOG200766,W0103,Night,2025-01-26 03:33:00,2025-01-26 11:33:00,8.0
LOG200767,W0204,Evening,2025-05-17 09:06:00,2025-05-17 17:06:00,8.0
LOG200769,W0393,Night,2025-06-23 01:15:00,2025-06-23 09:15:00,8.0
LOG200770,W0121,Morning,2025-05-06 06:15:00,2025-05-06 13:15:00,7.0
LOG200774,W0235,Morning,2025-03-09 05:07:00,2025-03-09 12:07:00,7.0
LOG200775,W0354,Evening,2025-02-07 10:01:00,2025-02-07 16:01:00,6.0
LOG200776,W0016,Morning,2025-04-24 18:31:00,2025-04-25 04:31:00,10.0
LOG200777,W0483,Night,2025-06-07 11:11:00,2025-06-07 20:11:00,9.0
LOG200778,W0144,Night,2025-02-12 11:39:00,2025-02-12 21:39:00,10.0
LOG200780,W0219,Night,2025-01-27 01:51:00,2025-01-27 08:51:00,7.0
LOG200781,W0332,Evening,2025-02-28 08:36:00,2025-02-28 18:36:00,10.0
LOG200782,W0060,Morning,2025-06-08 17:34:00,2025-06-09 03:34:00,10.0
LOG200784,W0402,Night,2025-03-03 11:43:00,2025-03-03 21:43:00,10.0
LOG200787,W0215,Evening,2025-01-06 04:53:00,2025-01-06 10:53:00,6.0
LOG200788,W0281,Night,2025-02-07 10:49:00,2025-02-07 16:49:00,6.0
LOG200789,W0438,Night,2025-04-27 16:33:00,2025-04-28 02:33:00,10.0
LOG200791,W0173,Night,2025-05-16 01:34:00,2025-05-16 08:34:00,7.0
LOG200792,W0293,Evening,2025-02-22 06:36:00,2025-02-22 15:36:00,9.0
LOG200793,W0332,Morning,2025-03-06 16:29:00,2025-03-07 01:29:00,9.0
LOG200794,W0038,Morning,2025-03-11 22:12:00,2025-03-12 05:12:00,7.0
LOG200796,W0270,Night,2025-01-04 05:16:00,2025-01-04 11:16:00,6.0
LOG200797,W0332,Evening,2025-01-12 15:31:00,2025-01-13 01:31:00,10.0
LOG200798,W0180,Night,2025-05-21 02:12:00,2025-05-21 08:12:00,6.0
LOG200799,W0228,Morning,2025-02-15 04:16:00,2025-02-15 12:16:00,8.0
LOG200801,W0080,Morning,2025-02-13 20:42:00,2025-02-14 02:42:00,6.0
LOG200802,W0152,Night,2025-01-23 22:21:00,2025-01-24 07:21:00,9.0
LOG200803,W0056,Night,2025-03-11 13:46:00,2025-03-11 22:46:00,9.0
LOG200804,W0107,Night,2025-04-23 12:20:00,2025-04-23 19:20:00,7.0
LOG200806,W0057,Evening,2025-01-24 12:02:00,2025-01-24 21:02:00,9.0
LOG200807,W0476,Night,2025-04-19 22:57:00,2025-04-20 05:57:00,7.0
LOG200808,W0015,Night,2025-04-13 10:10:00,2025-04-13 20:10:00,10.0
LOG200809,W0127,Morning,2025-03-28 06:37:00,2025-03-28 12:37:00,6.0
LOG200811,W0248,Evening,2025-03-10 18:37:00,2025-03-11 00:37:00,6.0
LOG200812,W0475,Morning,2025-01-30 13:19:00,2025-01-30 23:19:00,10.0
LOG200813,W0198,Evening,2025-01-30 09:01:00,2025-01-30 18:01:00,9.0
LOG200814,W0116,Night,2025-01-27 21:30:00,2025-01-28 04:30:00,7.0
LOG200815,W0452,Evening,2025-06-22 01:36:00,2025-06-22 08:36:00,7.0
LOG200816,W0402,Night,2025-04-20 11:32:00,2025-04-20 20:32:00,9.0
LOG200817,W0130,Night,2025-02-22 20:04:00,2025-02-23 03:04:00,7.0
LOG200818,W0191,Morning,2025-04-28 12:36:00,2025-04-28 22:36:00,10.0
LOG200821,W0199,Morning,2025-04-07 00:42:00,2025-04-07 09:42:00,9.0
LOG200822,W0178,Evening,2025-03-03 22:01:00,2025-03-04 04:01:00,6.0
LOG200823,W0051,Night,2025-05-30 06:57:00,2025-05-30 15:57:00,9.0
LOG200825,W0019,Night,2025-04-23 06:22:00,2025-04-23 16:22:00,10.0
LOG200826,W0490,Evening,2025-01-01 01:16:00,2025-01-01 07:16:00,6.0
LOG200827,W0469,Night,2025-05-01 15:12:00,2025-05-01 21:12:00,6.0
LOG200828,W0388,Morning,2025-04-28 09:42:00,2025-04-28 15:42:00,6.0
LOG200830,W0383,Night,2025-01-12 13:27:00,2025-01-12 22:27:00,9.0
LOG200831,W0095,Evening,2025-02-25 13:04:00,2025-02-25 22:04:00,9.0
LOG200833,W0064,Morning,2025-01-24 07:38:00,2025-01-24 17:38:00,10.0
LOG200834,W0297,Night,2025-03-02 12:02:00,2025-03-02 20:02:00,8.0
LOG200835,W0157,Evening,2025-01-12 16:42:00,2025-01-12 23:42:00,7.0
LOG200836,W0038,Morning,2025-03-22 23:15:00,2025-03-23 09:15:00,10.0
LOG200837,W0086,Morning,2025-06-28 20:03:00,2025-06-29 06:03:00,10.0
LOG200838,W0021,Evening,2025-02-21 10:28:00,2025-02-21 19:28:00,9.0
LOG200840,W0421,Evening,2025-06-13 23:01:00,2025-06-14 08:01:00,9.0
LOG200841,W0143,Evening,2025-03-27 07:45:00,2025-03-27 15:45:00,8.0
LOG200842,W0367,Evening,2025-06-26 07:24:00,2025-06-26 14:24:00,7.0
LOG200843,W0075,Night,2025-05-28 04:37:00,2025-05-28 14:37:00,10.0
LOG200844,W0235,Evening,2025-05-07 10:41:00,2025-05-07 16:41:00,6.0
LOG200845,W0432,Night,2025-02-06 15:40:00,2025-02-06 23:40:00,8.0
LOG200847,W0308,Night,2025-04-14 01:05:00,2025-04-14 08:05:00,7.0
LOG200848,W0074,Evening,2025-01-01 13:26:00,2025-01-01 22:26:00,9.0
LOG200849,W0009,Night,2025-01-08 13:30:00,2025-01-08 23:30:00,10.0
LOG200850,W0032,Night,2025-04-30 05:41:00,2025-04-30 14:41:00,9.0
LOG200851,W0492,Night,2025-05-21 01:45:00,2025-05-21 09:45:00,8.0
LOG200852,W0326,Night,2025-04-09 17:38:00,2025-04-09 23:38:00,6.0
LOG200854,W0238,Morning,2025-03-30 13:53:00,2025-03-30 21:53:00,8.0
LOG200855,W0182,Night,2025-05-11 13:58:00,2025-05-11 20:58:00,7.0
LOG200856,W0057,Morning,2025-05-25 06:45:00,2025-05-25 15:45:00,9.0
LOG200857,W0388,Night,2025-01-07 18:24:00,2025-01-08 01:24:00,7.0
LOG200859,W0449,Evening,2025-06-06 12:05:00,2025-06-06 20:05:00,8.0
LOG200860,W0150,Morning,2025-02-25 06:02:00,2025-02-25 16:02:00,10.0
LOG200861,W0403,Evening,2025-01-03 20:06:00,2025-01-04 02:06:00,6.0
LOG200862,W0031,Night,2025-06-13 08:36:00,2025-06-13 17:36:00,9.0
LOG200865,W0089,Morning,2025-01-30 10:08:00,2025-01-30 17:08:00,7.0
LOG200866,W0075,Evening,2025-01-07 23:18:00,2025-01-08 05:18:00,6.0
LOG200867,W0377,Evening,2025-02-01 18:14:00,2025-02-02 00:14:00,6.0
LOG200868,W0119,Night,2025-04-20 21:14:00,2025-04-21 05:14:00,8.0
LOG200869,W0416,Evening,2025-06-09 22:07:00,2025-06-10 06:07:00,8.0
LOG200870,W0155,Morning,2025-05-07 03:19:00,2025-05-07 12:19:00,9.0
LOG200871,W0112,Night,2025-01-06 10:38:00,2025-01-06 17:38:00,7.0
LOG200872,W0279,Morning,2025-03-09 00:07:00,2025-03-09 07:07:00,7.0
LOG200874,W0027,Night,2025-02-08 14:25:00,2025-02-08 20:25:00,6.0
LOG200875,W0109,Morning,2025-02-24 19:47:00,2025-02-25 03:47:00,8.0
LOG200876,W0315,Evening,2025-04-30 22:31:00,2025-05-01 06:31:00,8.0
LOG200878,W0173,Morning,2025-05-26 03:40:00,2025-05-26 10:40:00,7.0
LOG200879,W0312,Morning,2025-05-14 05:39:00,2025-05-14 12:39:00,7.0
LOG200880,W0143,Morning,2025-03-05 10:03:00,2025-03-05 16:03:00,6.0
LOG200881,W0257,Night,2025-04-09 00:27:00,2025-04-09 06:27:00,6.0
LOG200882,W0169,Night,2025-02-21 01:36:00,2025-02-21 07:36:00,6.0
LOG200883,W0033,Evening,2025-04-20 13:32:00,2025-04-20 20:32:00,7.0
LOG200884,W0275,Morning,2025-03-14 21:00:00,2025-03-15 04:00:00,7.0
LOG200885,W0446,Night,2025-03-20 01:12:00,2025-03-20 07:12:00,6.0
LOG200886,W0355,Night,2025-06-22 15:16:00,2025-06-22 23:16:00,8.0
LOG200887,W0266,Evening,2025-02-21 05:19:00,2025-02-21 14:19:00,9.0
LOG200890,W0371,Night,2025-04-11 02:28:00,2025-04-11 12:28:00,10.0
LOG200891,W0424,Night,2025-03-24 15:51:00,2025-03-24 22:51:00,7.0
LOG200894,W0323,Night,2025-04-30 17:43:00,2025-05-01 03:43:00,10.0
LOG200895,W0416,Morning,2025-05-28 09:02:00,2025-05-28 16:02:00,7.0
LOG200896,W0166,Night,2025-01-03 20:30:00,2025-01-04 03:30:00,7.0
LOG200898,W0125,Night,2025-06-25 03:11:00,2025-06-25 11:11:00,8.0
LOG200899,W0404,Morning,2025-06-16 02:50:00,2025-06-16 11:50:00,9.0
LOG200901,W0382,Night,2025-05-17 06:44:00,2025-05-17 16:44:00,10.0
LOG200903,W0195,Evening,2025-01-10 18:42:00,2025-01-11 01:42:00,7.0
LOG200905,W0081,Evening,2025-04-19 00:23:00,2025-04-19 06:23:00,6.0
LOG200906,W0173,Night,2025-03-01 02:07:00,2025-03-01 12:07:00,10.0
LOG200908,W0303,Night,2025-06-25 17:15:00,2025-06-26 02:15:00,9.0
LOG200909,W0284,Night,2025-06-20 20:54:00,2025-06-21 03:54:00,7.0
LOG200910,W0265,Morning,2025-04-03 13:17:00,2025-04-03 23:17:00,10.0
LOG200911,W0234,Night,2025-03-16 04:58:00,2025-03-16 10:58:00,6.0
LOG200914,W0314,Evening,2025-03-08 09:22:00,2025-03-08 16:22:00,7.0
LOG200915,W0058,Morning,2025-04-19 14:06:00,2025-04-19 22:06:00,8.0
LOG200917,W0334,Evening,2025-02-28 09:18:00,2025-02-28 18:18:00,9.0
LOG200919,W0206,Night,2025-04-30 01:28:00,2025-04-30 11:28:00,10.0
LOG200920,W0272,Morning,2025-04-28 10:01:00,2025-04-28 16:01:00,6.0
LOG200921,W0465,Night,2025-02-16 05:31:00,2025-02-16 11:31:00,6.0
LOG200922,W0058,Evening,2025-05-23 17:45:00,2025-05-24 03:45:00,10.0
LOG200924,W0345,Night,2025-02-21 05:27:00,2025-02-21 11:27:00,6.0
LOG200925,W0159,Night,2025-02-22 16:54:00,2025-02-23 02:54:00,10.0
LOG200927,W0256,Night,2025-04-25 23:31:00,2025-04-26 06:31:00,7.0
LOG200928,W0293,Night,2025-06-29 07:54:00,2025-06-29 14:54:00,7.0
LOG200929,W0086,Night,2025-02-14 23:22:00,2025-02-15 05:22:00,6.0
LOG200930,W0405,Night,2025-01-15 05:12:00,2025-01-15 15:12:00,10.0
LOG200931,W0488,Morning,2025-04-10 16:21:00,2025-04-11 01:21:00,9.0
LOG200933,W0459,Night,2025-03-06 11:03:00,2025-03-06 19:03:00,8.0
LOG200936,W0028,Night,2025-02-07 00:15:00,2025-02-07 08:15:00,8.0
LOG200937,W0227,Morning,2025-03-08 14:29:00,2025-03-08 23:29:00,9.0
LOG200938,W0167,Night,2025-02-08 14:23:00,2025-02-08 22:23:00,8.0
LOG200939,W0184,Evening,2025-04-30 11:24:00,2025-04-30 17:24:00,6.0
LOG200940,W0439,Evening,2025-05-29 06:04:00,2025-05-29 13:04:00,7.0
LOG200941,W0283,Night,2025-04-10 02:00:00,2025-04-10 10:00:00,8.0
LOG200943,W0351,Morning,2025-06-24 19:45:00,2025-06-25 04:45:00,9.0
LOG200944,W0076,Night,2025-04-11 12:12:00,2025-04-11 22:12:00,10.0
LOG200945,W0313,Morning,2025-01-12 00:23:00,2025-01-12 09:23:00,9.0
LOG200946,W0081,Evening,2025-02-05 01:14:00,2025-02-05 07:14:00,6.0
LOG200947,W0290,Night,2025-03-12 16:56:00,2025-03-13 01:56:00,9.0
LOG200948,W0492,Morning,2025-01-15 23:23:00,2025-01-16 08:23:00,9.0
LOG200949,W0054,Night,2025-03-29 02:57:00,2025-03-29 10:57:00,8.0
LOG200950,W0442,Morning,2025-04-27 01:57:00,2025-04-27 09:57:00,8.0
LOG200951,W0423,Night,2025-05-04 14:56:00,2025-05-05 00:56:00,10.0
LOG200952,W0271,Night,2025-03-31 22:48:00,2025-04-01 08:48:00,10.0
LOG200953,W0495,Night,2025-04-06 19:50:00,2025-04-07 01:50:00,6.0
LOG200954,W0207,Evening,2025-06-08 15:10:00,2025-06-08 23:10:00,8.0
LOG200955,W0126,Night,2025-04-15 02:17:00,2025-04-15 10:17:00,8.0
LOG200956,W0377,Night,2025-06-07 14:18:00,2025-06-07 20:18:00,6.0
LOG200957,W0425,Morning,2025-03-16 02:55:00,2025-03-16 11:55:00,9.0
LOG200959,W0348,Evening,2025-03-18 10:54:00,2025-03-18 17:54:00,7.0
LOG200960,W0379,Morning,2025-05-18 23:31:00,2025-05-19 05:31:00,6.0
LOG200961,W0124,Night,2025-06-18 06:33:00,2025-06-18 13:33:00,7.0
LOG200962,W0176,Night,2025-03-12 16:32:00,2025-03-13 01:32:00,9.0
LOG200967,W0274,Night,2025-04-24 15:44:00,2025-04-24 21:44:00,6.0
LOG200968,W0180,Evening,2025-01-14 01:48:00,2025-01-14 11:48:00,10.0
LOG200969,W0268,Evening,2025-01-29 17:58:00,2025-01-30 03:58:00,10.0
LOG200970,W0061,Night,2025-04-04 05:20:00,2025-04-04 15:20:00,10.0
LOG200971,W0065,Night,2025-02-24 00:24:00,2025-02-24 06:24:00,6.0
LOG200972,W0045,Night,2025-05-17 19:10:00,2025-05-18 05:10:00,10.0
LOG200974,W0283,Morning,2025-06-27 03:51:00,2025-06-27 13:51:00,10.0
LOG200975,W0478,Evening,2025-03-09 09:41:00,2025-03-09 19:41:00,10.0
LOG200976,W0357,Night,2025-03-18 04:37:00,2025-03-18 14:37:00,10.0
LOG200977,W0173,Morning,2025-01-06 05:30:00,2025-01-06 12:30:00,7.0
LOG200980,W0014,Evening,2025-03-01 10:48:00,2025-03-01 17:48:00,7.0
LOG200984,W0045,Night,2025-03-09 09:27:00,2025-03-09 17:27:00,8.0
LOG200985,W0308,Night,2025-03-18 20:29:00,2025-03-19 03:29:00,7.0
LOG200986,W0223,Evening,2025-05-11 07:11:00,2025-05-11 17:11:00,10.0
LOG200987,W0283,Evening,2025-03-14 23:41:00,2025-03-15 06:41:00,7.0
LOG200988,W0267,Night,2025-02-09 04:10:00,2025-02-09 10:10:00,6.0
LOG200989,W0263,Night,2025-01-12 21:40:00,2025-01-13 05:40:00,8.0
LOG200990,W0428,Night,2025-06-07 15:13:00,2025-06-07 22:13:00,7.0
LOG200991,W0442,Night,2025-06-23 10:56:00,2025-06-23 19:56:00,9.0
LOG200992,W0009,Morning,2025-04-15 07:16:00,2025-04-15 16:16:00,9.0
LOG200993,W0491,Evening,2025-01-20 07:53:00,2025-01-20 17:53:00,10.0
LOG200995,W0485,Evening,2025-02-20 12:12:00,2025-02-20 18:12:00,6.0
LOG200997,W0464,Morning,2025-01-13 04:44:00,2025-01-13 13:44:00,9.0
LOG200998,W0028,Night,2025-05-19 18:42:00,2025-05-20 01:42:00,7.0
LOG201000,W0261,Night,2025-04-29 15:37:00,2025-04-29 22:37:00,7.0
LOG201001,W0451,Night,2025-02-20 21:50:00,2025-02-21 07:50:00,10.0
LOG201002,W0216,Night,2025-01-07 06:20:00,2025-01-07 13:20:00,7.0
LOG201003,W0045,Morning,2025-02-24 12:41:00,2025-02-24 22:41:00,10.0
LOG201004,W0063,Night,2025-03-17 01:59:00,2025-03-17 07:59:00,6.0
LOG201005,W0007,Morning,2025-05-22 03:08:00,2025-05-22 10:08:00,7.0
LOG201006,W0139,Evening,2025-02-17 21:17:00,2025-02-18 07:17:00,10.0
LOG201007,W0163,Night,2025-03-10 11:03:00,2025-03-10 19:03:00,8.0
LOG201009,W0387,Night,2025-01-29 01:24:00,2025-01-29 09:24:00,8.0
LOG201010,W0058,Evening,2025-01-05 22:36:00,2025-01-06 08:36:00,10.0
LOG201011,W0067,Morning,2025-04-24 11:11:00,2025-04-24 19:11:00,8.0
LOG201013,W0500,Evening,2025-03-06 14:14:00,2025-03-07 00:14:00,10.0
LOG201014,W0380,Evening,2025-04-04 00:24:00,2025-04-04 06:24:00,6.0
LOG201015,W0157,Evening,2025-01-26 20:30:00,2025-01-27 02:30:00,6.0
LOG201016,W0271,Morning,2025-06-24 13:51:00,2025-06-24 19:51:00,6.0
LOG201017,W0296,Night,2025-06-27 15:32:00,2025-06-27 22:32:00,7.0
LOG201018,W0163,Night,2025-03-12 14:41:00,2025-03-13 00:41:00,10.0
LOG201019,W0103,Morning,2025-06-21 02:22:00,2025-06-21 11:22:00,9.0
LOG201020,W0035,Night,2025-01-13 02:26:00,2025-01-13 11:26:00,9.0
LOG201021,W0048,Morning,2025-06-11 03:35:00,2025-06-11 10:35:00,7.0
LOG201022,W0335,Night,2025-01-12 11:23:00,2025-01-12 18:23:00,7.0
LOG201023,W0405,Night,2025-01-12 13:35:00,2025-01-12 19:35:00,6.0
LOG201025,W0038,Evening,2025-05-11 14:28:00,2025-05-11 21:28:00,7.0
LOG201028,W0196,Night,2025-02-03 06:11:00,2025-02-03 14:11:00,8.0
LOG201029,W0200,Evening,2025-03-18 22:51:00,2025-03-19 06:51:00,8.0
LOG201030,W0040,Night,2025-02-23 22:39:00,2025-02-24 04:39:00,6.0
LOG201031,W0153,Evening,2025-03-10 10:08:00,2025-03-10 18:08:00,8.0
LOG201033,W0205,Evening,2025-05-17 07:51:00,2025-05-17 13:51:00,6.0
LOG201034,W0470,Morning,2025-01-03 18:12:00,2025-01-04 03:12:00,9.0
LOG201035,W0377,Night,2025-04-02 13:55:00,2025-04-02 22:55:00,9.0
LOG201037,W0446,Night,2025-05-01 07:38:00,2025-05-01 13:38:00,6.0
LOG201038,W0290,Evening,2025-01-21 04:31:00,2025-01-21 10:31:00,6.0
LOG201040,W0359,Evening,2025-01-30 05:22:00,2025-01-30 13:22:00,8.0
LOG201042,W0276,Night,2025-01-27 14:48:00,2025-01-27 22:48:00,8.0
LOG201043,W0061,Night,2025-02-11 11:01:00,2025-02-11 18:01:00,7.0
LOG201045,W0437,Night,2025-06-22 17:03:00,2025-06-23 02:03:00,9.0
LOG201046,W0304,Evening,2025-06-15 19:52:00,2025-06-16 05:52:00,10.0
LOG201047,W0044,Morning,2025-01-23 17:14:00,2025-01-23 23:14:00,6.0
LOG201051,W0311,Night,2025-05-05 21:29:00,2025-05-06 06:29:00,9.0
LOG201052,W0383,Morning,2025-02-13 14:50:00,2025-02-13 23:50:00,9.0
LOG201053,W0012,Night,2025-04-29 11:51:00,2025-04-29 18:51:00,7.0
LOG201054,W0233,Morning,2025-06-08 09:26:00,2025-06-08 16:26:00,7.0
LOG201055,W0446,Morning,2025-06-03 02:52:00,2025-06-03 11:52:00,9.0
LOG201056,W0314,Night,2025-01-03 09:14:00,2025-01-03 16:14:00,7.0
LOG201057,W0407,Night,2025-05-31 13:43:00,2025-05-31 20:43:00,7.0
LOG201058,W0461,Morning,2025-04-05 01:22:00,2025-04-05 11:22:00,10.0
LOG201059,W0307,Morning,2025-06-10 11:51:00,2025-06-10 18:51:00,7.0
LOG201061,W0307,Morning,2025-03-11 23:10:00,2025-03-12 09:10:00,10.0
LOG201062,W0308,Evening,2025-02-17 00:58:00,2025-02-17 07:58:00,7.0
LOG201063,W0464,Night,2025-04-05 10:18:00,2025-04-05 20:18:00,10.0
LOG201064,W0150,Morning,2025-04-04 06:40:00,2025-04-04 12:40:00,6.0
LOG201066,W0166,Evening,2025-01-11 04:53:00,2025-01-11 12:53:00,8.0
LOG201067,W0419,Evening,2025-03-01 20:50:00,2025-03-02 05:50:00,9.0
LOG201068,W0023,Morning,2025-05-23 02:23:00,2025-05-23 09:23:00,7.0
LOG201070,W0079,Night,2025-04-24 04:38:00,2025-04-24 12:38:00,8.0
LOG201071,W0121,Night,2025-02-17 05:46:00,2025-02-17 13:46:00,8.0
LOG201072,W0120,Night,2025-05-16 16:40:00,2025-05-17 02:40:00,10.0
LOG201073,W0233,Evening,2025-01-21 12:06:00,2025-01-21 20:06:00,8.0
LOG201074,W0454,Evening,2025-04-16 06:47:00,2025-04-16 12:47:00,6.0
LOG201075,W0048,Night,2025-04-28 14:23:00,2025-04-29 00:23:00,10.0
LOG201077,W0148,Night,2025-03-08 21:34:00,2025-03-09 07:34:00,10.0
LOG201078,W0377,Morning,2025-05-16 23:37:00,2025-05-17 08:37:00,9.0
LOG201079,W0119,Night,2025-05-05 02:35:00,2025-05-05 10:35:00,8.0
LOG201081,W0424,Evening,2025-05-15 22:51:00,2025-05-16 07:51:00,9.0
LOG201082,W0075,Night,2025-02-13 15:22:00,2025-02-13 21:22:00,6.0
LOG201084,W0315,Night,2025-04-06 21:14:00,2025-04-07 04:14:00,7.0
LOG201085,W0227,Evening,2025-03-22 17:42:00,2025-03-23 01:42:00,8.0
LOG201086,W0485,Night,2025-03-31 07:33:00,2025-03-31 13:33:00,6.0
LOG201087,W0260,Morning,2025-01-02 17:34:00,2025-01-02 23:34:00,6.0
LOG201088,W0095,Morning,2025-01-18 09:24:00,2025-01-18 16:24:00,7.0
LOG201089,W0288,Morning,2025-06-06 18:46:00,2025-06-07 03:46:00,9.0
LOG201091,W0291,Night,2025-01-18 10:57:00,2025-01-18 17:57:00,7.0
LOG201092,W0201,Night,2025-03-29 04:20:00,2025-03-29 11:20:00,7.0
LOG201094,W0100,Night,2025-03-02 19:44:00,2025-03-03 05:44:00,10.0
LOG201095,W0287,Night,2025-04-30 10:47:00,2025-04-30 16:47:00,6.0
LOG201098,W0236,Morning,2025-02-18 10:38:00,2025-02-18 18:38:00,8.0
LOG201099,W0226,Morning,2025-04-10 10:33:00,2025-04-10 18:33:00,8.0
LOG201100,W0141,Morning,2025-01-26 13:12:00,2025-01-26 20:12:00,7.0
LOG201101,W0103,Evening,2025-05-13 02:18:00,2025-05-13 10:18:00,8.0
LOG201102,W0155,Night,2025-04-05 03:39:00,2025-04-05 13:39:00,10.0
LOG201103,W0111,Morning,2025-05-14 07:17:00,2025-05-14 17:17:00,10.0
LOG201104,W0227,Morning,2025-04-19 14:32:00,2025-04-20 00:32:00,10.0
LOG201105,W0210,Morning,2025-05-06 15:22:00,2025-05-07 01:22:00,10.0
LOG201106,W0196,Morning,2025-04-03 05:03:00,2025-04-03 11:03:00,6.0
LOG201107,W0194,Evening,2025-05-17 04:01:00,2025-05-17 12:01:00,8.0
LOG201108,W0466,Night,2025-06-22 16:53:00,2025-06-23 00:53:00,8.0
LOG201111,W0114,Morning,2025-04-30 08:04:00,2025-04-30 17:04:00,9.0
LOG201112,W0195,Night,2025-02-28 06:53:00,2025-02-28 13:53:00,7.0
LOG201113,W0106,Night,2025-06-24 13:33:00,2025-06-24 23:33:00,10.0
LOG201114,W0462,Morning,2025-06-04 06:09:00,2025-06-04 14:09:00,8.0
LOG201115,W0054,Morning,2025-05-10 13:58:00,2025-05-10 21:58:00,8.0
LOG201116,W0010,Night,2025-03-15 11:43:00,2025-03-15 18:43:00,7.0
LOG201117,W0308,Night,2025-01-12 15:22:00,2025-01-13 00:22:00,9.0
LOG201118,W0186,Night,2025-02-01 10:11:00,2025-02-01 20:11:00,10.0
LOG201119,W0376,Night,2025-06-03 11:44:00,2025-06-03 18:44:00,7.0
LOG201120,W0026,Evening,2025-06-22 13:07:00,2025-06-22 20:07:00,7.0
LOG201121,W0103,Evening,2025-02-22 11:04:00,2025-02-22 17:04:00,6.0
LOG201122,W0209,Night,2025-03-19 04:38:00,2025-03-19 14:38:00,10.0
LOG201123,W0381,Night,2025-03-21 17:19:00,2025-03-22 00:19:00,7.0
LOG201124,W0144,Evening,2025-04-29 20:06:00,2025-04-30 06:06:00,10.0
LOG201125,W0030,Evening,2025-04-04 22:56:00,2025-04-05 08:56:00,10.0
LOG201126,W0313,Evening,2025-06-08 08:37:00,2025-06-08 15:37:00,7.0
LOG201127,W0170,Morning,2025-03-15 06:51:00,2025-03-15 13:51:00,7.0
LOG201128,W0125,Evening,2025-02-08 14:34:00,2025-02-08 21:34:00,7.0
LOG201129,W0277,Night,2025-01-27 08:35:00,2025-01-27 17:35:00,9.0
LOG201130,W0264,Night,2025-02-12 08:06:00,2025-02-12 18:06:00,10.0
LOG201131,W0231,Evening,2025-03-05 13:17:00,2025-03-05 23:17:00,10.0
LOG201132,W0368,Morning,2025-03-23 17:15:00,2025-03-24 02:15:00,9.0
LOG201133,W0029,Morning,2025-03-07 16:11:00,2025-03-08 02:11:00,10.0
LOG201134,W0258,Evening,2025-01-31 11:50:00,2025-01-31 20:50:00,9.0
LOG201135,W0330,Night,2025-01-14 20:23:00,2025-01-15 05:23:00,9.0
LOG201139,W0465,Night,2025-03-13 22:54:00,2025-03-14 07:54:00,9.0
LOG201140,W0210,Evening,2025-04-08 05:48:00,2025-04-08 14:48:00,9.0
LOG201141,W0026,Night,2025-04-06 00:57:00,2025-04-06 09:57:00,9.0
LOG201142,W0374,Evening,2025-04-12 09:48:00,2025-04-12 15:48:00,6.0
LOG201143,W0194,Morning,2025-06-19 20:22:00,2025-06-20 05:22:00,9.0
LOG201144,W0235,Morning,2025-01-07 22:40:00,2025-01-08 06:40:00,8.0
LOG201145,W0422,Evening,2025-05-04 05:17:00,2025-05-04 11:17:00,6.0
LOG201147,W0498,Morning,2025-04-16 18:49:00,2025-04-17 03:49:00,9.0
LOG201148,W0269,Night,2025-01-14 21:23:00,2025-01-15 07:23:00,10.0
LOG201149,W0145,Evening,2025-05-07 07:03:00,2025-05-07 16:03:00,9.0
LOG201150,W0413,Night,2025-04-28 22:34:00,2025-04-29 05:34:00,7.0
LOG201151,W0353,Night,2025-02-15 19:01:00,2025-02-16 01:01:00,6.0
LOG201152,W0416,Evening,2025-06-27 06:24:00,2025-06-27 16:24:00,10.0
LOG201153,W0136,Evening,2025-01-27 04:39:00,2025-01-27 11:39:00,7.0
LOG201155,W0475,Evening,2025-02-23 02:24:00,2025-02-23 09:24:00,7.0
LOG201158,W0394,Night,2025-02-21 14:22:00,2025-02-21 22:22:00,8.0
LOG201159,W0391,Morning,2025-06-04 08:44:00,2025-06-04 16:44:00,8.0
LOG201160,W0434,Night,2025-03-20 11:02:00,2025-03-20 18:02:00,7.0
LOG201161,W0043,Evening,2025-03-19 14:52:00,2025-03-20 00:52:00,10.0
LOG201162,W0172,Evening,2025-01-11 17:16:00,2025-01-11 23:16:00,6.0
LOG201163,W0310,Evening,2025-05-05 13:09:00,2025-05-05 20:09:00,7.0
LOG201164,W0308,Night,2025-01-26 13:14:00,2025-01-26 21:14:00,8.0
LOG201165,W0154,Evening,2025-05-16 07:33:00,2025-05-16 14:33:00,7.0
LOG201166,W0477,Morning,2025-05-30 19:14:00,2025-05-31 01:14:00,6.0
LOG201167,W0441,Night,2025-04-07 21:26:00,2025-04-08 03:26:00,6.0
LOG201168,W0230,Night,2025-04-06 12:17:00,2025-04-06 19:17:00,7.0
LOG201169,W0062,Night,2025-01-18 22:32:00,2025-01-19 05:32:00,7.0
LOG201170,W0463,Night,2025-06-19 22:29:00,2025-06-20 06:29:00,8.0
LOG201171,W0137,Night,2025-05-21 15:45:00,2025-05-21 22:45:00,7.0
LOG201172,W0192,Night,2025-01-11 16:50:00,2025-01-12 00:50:00,8.0
LOG201173,W0330,Night,2025-06-21 22:23:00,2025-06-22 06:23:00,8.0
LOG201174,W0299,Night,2025-06-14 01:28:00,2025-06-14 08:28:00,7.0
LOG201177,W0346,Morning,2025-05-27 02:28:00,2025-05-27 08:28:00,6.0
LOG201179,W0340,Night,2025-06-09 08:46:00,2025-06-09 14:46:00,6.0
LOG201180,W0302,Night,2025-06-11 02:42:00,2025-06-11 12:42:00,10.0
LOG201181,W0409,Night,2025-03-28 01:12:00,2025-03-28 09:12:00,8.0
LOG201182,W0056,Night,2025-05-10 11:51:00,2025-05-10 18:51:00,7.0
LOG201183,W0352,Morning,2025-03-21 00:00:00,2025-03-21 08:00:00,8.0
LOG201184,W0403,Night,2025-05-02 22:29:00,2025-05-03 08:29:00,10.0
LOG201185,W0402,Night,2025-02-11 21:33:00,2025-02-12 06:33:00,9.0
LOG201187,W0370,Night,2025-02-13 11:40:00,2025-02-13 18:40:00,7.0
LOG201190,W0187,Evening,2025-03-30 01:19:00,2025-03-30 11:19:00,10.0
LOG201191,W0035,Night,2025-01-17 05:06:00,2025-01-17 12:06:00,7.0
LOG201192,W0280,Morning,2025-05-11 21:27:00,2025-05-12 06:27:00,9.0
LOG201193,W0125,Evening,2025-03-17 12:30:00,2025-03-17 22:30:00,10.0
LOG201195,W0419,Night,2025-04-05 16:33:00,2025-04-05 23:33:00,7.0
LOG201197,W0331,Evening,2025-06-26 02:02:00,2025-06-26 09:02:00,7.0
LOG201198,W0459,Night,2025-05-26 17:41:00,2025-05-26 23:41:00,6.0
LOG201199,W0303,Evening,2025-01-24 19:49:00,2025-01-25 01:49:00,6.0
LOG201200,W0151,Evening,2025-05-06 15:52:00,2025-05-06 21:52:00,6.0
LOG201201,W0248,Night,2025-03-22 20:02:00,2025-03-23 06:02:00,10.0
LOG201202,W0360,Night,2025-03-11 20:50:00,2025-03-12 04:50:00,8.0
LOG201204,W0087,Evening,2025-02-26 03:30:00,2025-02-26 13:30:00,10.0
LOG201206,W0272,Morning,2025-05-07 06:47:00,2025-05-07 15:47:00,9.0
LOG201210,W0267,Night,2025-02-25 15:47:00,2025-02-25 23:47:00,8.0
LOG201212,W0123,Night,2025-05-06 15:56:00,2025-05-06 22:56:00,7.0
LOG201213,W0180,Night,2025-02-10 06:42:00,2025-02-10 13:42:00,7.0
LOG201216,W0120,Evening,2025-05-11 21:26:00,2025-05-12 06:26:00,9.0
LOG201217,W0085,Morning,2025-02-28 21:16:00,2025-03-01 05:16:00,8.0
LOG201218,W0206,Morning,2025-01-26 18:10:00,2025-01-27 03:10:00,9.0
LOG201220,W0001,Evening,2025-01-15 10:41:00,2025-01-15 20:41:00,10.0
LOG201222,W0424,Night,2025-05-14 07:31:00,2025-05-14 13:31:00,6.0
LOG201224,W0189,Evening,2025-03-04 15:01:00,2025-03-04 22:01:00,7.0
LOG201228,W0420,Evening,2025-01-25 01:24:00,2025-01-25 09:24:00,8.0
LOG201230,W0494,Evening,2025-01-03 23:09:00,2025-01-04 06:09:00,7.0
LOG201232,W0482,Evening,2025-01-25 20:48:00,2025-01-26 03:48:00,7.0
LOG201233,W0425,Night,2025-05-21 06:15:00,2025-05-21 16:15:00,10.0
LOG201235,W0136,Night,2025-01-18 08:50:00,2025-01-18 18:50:00,10.0
LOG201236,W0364,Night,2025-03-05 14:51:00,2025-03-05 22:51:00,8.0
LOG201237,W0236,Night,2025-03-05 12:58:00,2025-03-05 21:58:00,9.0
LOG201239,W0290,Evening,2025-06-26 23:39:00,2025-06-27 07:39:00,8.0
LOG201240,W0198,Morning,2025-05-29 05:46:00,2025-05-29 13:46:00,8.0
LOG201241,W0425,Night,2025-02-09 17:36:00,2025-02-10 01:36:00,8.0
LOG201245,W0376,Morning,2025-04-30 11:06:00,2025-04-30 21:06:00,10.0
LOG201246,W0331,Night,2025-05-07 05:43:00,2025-05-07 14:43:00,9.0
LOG201247,W0476,Evening,2025-01-03 14:04:00,2025-01-03 23:04:00,9.0
LOG201249,W0103,Evening,2025-02-15 19:51:00,2025-02-16 03:51:00,8.0
LOG201252,W0385,Morning,2025-02-28 10:47:00,2025-02-28 18:47:00,8.0
LOG201253,W0137,Night,2025-05-05 15:57:00,2025-05-05 23:57:00,8.0
LOG201257,W0473,Night,2025-02-08 10:03:00,2025-02-08 17:03:00,7.0
LOG201258,W0236,Night,2025-01-03 01:48:00,2025-01-03 11:48:00,10.0
LOG201260,W0387,Night,2025-06-08 19:03:00,2025-06-09 02:03:00,7.0
LOG201262,W0455,Evening,2025-05-14 18:04:00,2025-05-15 01:04:00,7.0
LOG201265,W0169,Morning,2025-03-21 12:18:00,2025-03-21 22:18:00,10.0
LOG201267,W0271,Night,2025-06-06 18:17:00,2025-06-07 01:17:00,7.0
LOG201268,W0014,Morning,2025-06-27 04:21:00,2025-06-27 11:21:00,7.0
LOG201269,W0062,Morning,2025-05-23 05:05:00,2025-05-23 11:05:00,6.0
LOG201270,W0224,Evening,2025-06-07 18:47:00,2025-06-08 04:47:00,10.0
LOG201272,W0255,Night,2025-04-12 16:54:00,2025-04-12 23:54:00,7.0
LOG201273,W0178,Morning,2025-04-11 20:15:00,2025-04-12 06:15:00,10.0
LOG201274,W0011,Night,2025-01-24 04:19:00,2025-01-24 11:19:00,7.0
LOG201275,W0209,Night,2025-05-12 08:38:00,2025-05-12 17:38:00,9.0
LOG201276,W0324,Evening,2025-01-16 06:05:00,2025-01-16 15:05:00,9.0
LOG201277,W0458,Night,2025-02-09 19:22:00,2025-02-10 04:22:00,9.0
LOG201279,W0276,Evening,2025-01-13 13:12:00,2025-01-13 22:12:00,9.0
LOG201280,W0420,Morning,2025-04-20 04:52:00,2025-04-20 14:52:00,10.0
LOG201282,W0093,Night,2025-05-31 14:28:00,2025-06-01 00:28:00,10.0
LOG201283,W0391,Night,2025-04-28 10:33:00,2025-04-28 18:33:00,8.0
LOG201286,W0079,Night,2025-04-12 03:25:00,2025-04-12 13:25:00,10.0
LOG201287,W0192,Night,2025-05-22 16:40:00,2025-05-22 22:40:00,6.0
LOG201288,W0010,Night,2025-02-02 19:08:00,2025-02-03 03:08:00,8.0
LOG201289,W0347,Morning,2025-04-06 14:51:00,2025-04-06 21:51:00,7.0
LOG201290,W0379,Night,2025-06-06 19:10:00,2025-06-07 02:10:00,7.0
LOG201291,W0337,Night,2025-02-12 09:42:00,2025-02-12 15:42:00,6.0
LOG201295,W0038,Evening,2025-04-08 17:00:00,2025-04-09 02:00:00,9.0
LOG201296,W0050,Morning,2025-01-31 11:06:00,2025-01-31 19:06:00,8.0
LOG201299,W0399,Morning,2025-04-04 03:53:00,2025-04-04 09:53:00,6.0
LOG201300,W0137,Night,2025-02-03 02:30:00,2025-02-03 11:30:00,9.0
LOG201301,W0195,Night,2025-05-10 18:34:00,2025-05-11 02:34:00,8.0
LOG201302,W0170,Morning,2025-03-01 07:51:00,2025-03-01 15:51:00,8.0
LOG201303,W0073,Night,2025-05-03 08:18:00,2025-05-03 16:18:00,8.0
LOG201304,W0215,Night,2025-06-13 05:08:00,2025-06-13 12:08:00,7.0
LOG201305,W0261,Evening,2025-04-05 04:46:00,2025-04-05 11:46:00,7.0
LOG201306,W0157,Morning,2025-01-05 07:21:00,2025-01-05 16:21:00,9.0
LOG201307,W0492,Night,2025-02-15 13:30:00,2025-02-15 21:30:00,8.0
LOG201308,W0041,Night,2025-04-09 15:44:00,2025-04-09 22:44:00,7.0
LOG201310,W0392,Night,2025-01-26 04:48:00,2025-01-26 14:48:00,10.0
LOG201311,W0464,Night,2025-01-06 04:40:00,2025-01-06 13:40:00,9.0
LOG201313,W0289,Evening,2025-01-07 05:33:00,2025-01-07 11:33:00,6.0
LOG201314,W0379,Evening,2025-03-30 21:44:00,2025-03-31 07:44:00,10.0
LOG201315,W0079,Morning,2025-01-17 06:08:00,2025-01-17 14:08:00,8.0
LOG201316,W0428,Night,2025-04-15 06:07:00,2025-04-15 13:07:00,7.0
LOG201320,W0201,Night,2025-04-17 12:23:00,2025-04-17 20:23:00,8.0
LOG201323,W0026,Night,2025-03-05 01:41:00,2025-03-05 09:41:00,8.0
LOG201324,W0383,Evening,2025-05-10 11:53:00,2025-05-10 19:53:00,8.0
LOG201325,W0401,Night,2025-06-14 08:47:00,2025-06-14 15:47:00,7.0
LOG201328,W0011,Evening,2025-01-31 16:46:00,2025-01-31 23:46:00,7.0
LOG201329,W0437,Morning,2025-06-15 08:22:00,2025-06-15 14:22:00,6.0
LOG201330,W0282,Morning,2025-02-12 20:58:00,2025-02-13 06:58:00,10.0
LOG201331,W0185,Evening,2025-03-24 16:14:00,2025-03-24 22:14:00,6.0
LOG201332,W0189,Night,2025-06-13 11:35:00,2025-06-13 18:35:00,7.0
LOG201334,W0071,Evening,2025-04-20 17:10:00,2025-04-21 01:10:00,8.0
LOG201335,W0471,Morning,2025-04-05 13:15:00,2025-04-05 21:15:00,8.0
LOG201336,W0166,Night,2025-05-14 17:01:00,2025-05-15 02:01:00,9.0
LOG201337,W0295,Evening,2025-02-04 14:01:00,2025-02-04 20:01:00,6.0
LOG201338,W0303,Night,2025-04-09 05:09:00,2025-04-09 11:09:00,6.0
LOG201342,W0318,Night,2025-03-27 17:22:00,2025-03-28 03:22:00,10.0
LOG201345,W0031,Night,2025-06-23 14:07:00,2025-06-24 00:07:00,10.0
LOG201346,W0058,Night,2025-06-16 15:43:00,2025-06-17 00:43:00,9.0
LOG201347,W0478,Night,2025-03-29 01:47:00,2025-03-29 08:47:00,7.0
LOG201350,W0430,Evening,2025-02-27 04:44:00,2025-02-27 13:44:00,9.0
LOG201352,W0425,Night,2025-06-20 21:54:00,2025-06-21 03:54:00,6.0
LOG201353,W0391,Night,2025-05-24 01:19:00,2025-05-24 07:19:00,6.0
LOG201355,W0459,Night,2025-04-06 07:06:00,2025-04-06 16:06:00,9.0
LOG201356,W0314,Evening,2025-06-21 15:12:00,2025-06-21 21:12:00,6.0
LOG201357,W0378,Night,2025-05-24 17:28:00,2025-05-25 00:28:00,7.0
LOG201358,W0167,Evening,2025-02-25 02:02:00,2025-02-25 09:02:00,7.0
LOG201359,W0372,Morning,2025-06-06 05:18:00,2025-06-06 15:18:00,10.0
LOG201360,W0090,Evening,2025-02-19 02:06:00,2025-02-19 12:06:00,10.0
LOG201362,W0203,Evening,2025-06-20 18:38:00,2025-06-21 04:38:00,10.0
LOG201363,W0317,Morning,2025-02-19 18:14:00,2025-02-20 02:14:00,8.0
LOG201364,W0323,Night,2025-03-17 12:18:00,2025-03-17 20:18:00,8.0
LOG201365,W0041,Night,2025-04-08 16:50:00,2025-04-09 02:50:00,10.0
LOG201367,W0355,Morning,2025-06-12 20:39:00,2025-06-13 06:39:00,10.0
LOG201370,W0017,Morning,2025-05-12 21:26:00,2025-05-13 03:26:00,6.0
LOG201371,W0270,Evening,2025-04-09 20:19:00,2025-04-10 02:19:00,6.0
LOG201372,W0247,Morning,2025-03-11 16:32:00,2025-03-12 00:32:00,8.0
LOG201373,W0480,Morning,2025-06-23 00:49:00,2025-06-23 06:49:00,6.0
LOG201375,W0180,Evening,2025-05-18 00:12:00,2025-05-18 10:12:00,10.0
LOG201376,W0118,Evening,2025-06-16 01:33:00,2025-06-16 07:33:00,6.0
LOG201378,W0219,Morning,2025-04-14 02:25:00,2025-04-14 12:25:00,10.0
LOG201380,W0313,Night,2025-03-29 00:06:00,2025-03-29 06:06:00,6.0
LOG201381,W0493,Evening,2025-02-22 01:02:00,2025-02-22 09:02:00,8.0
LOG201382,W0314,Night,2025-03-26 16:27:00,2025-03-27 02:27:00,10.0
LOG201385,W0108,Evening,2025-04-15 07:18:00,2025-04-15 16:18:00,9.0
LOG201387,W0287,Night,2025-02-03 23:55:00,2025-02-04 07:55:00,8.0
LOG201391,W0418,Night,2025-04-14 19:20:00,2025-04-15 05:20:00,10.0
LOG201392,W0353,Morning,2025-04-20 15:18:00,2025-04-21 01:18:00,10.0
LOG201393,W0485,Night,2025-06-26 19:52:00,2025-06-27 04:52:00,9.0
LOG201394,W0420,Morning,2025-02-20 15:49:00,2025-02-21 00:49:00,9.0
LOG201396,W0367,Night,2025-01-12 12:02:00,2025-01-12 22:02:00,10.0
LOG201398,W0166,Night,2025-03-02 17:17:00,2025-03-03 00:17:00,7.0
LOG201399,W0168,Morning,2025-01-25 09:53:00,2025-01-25 16:53:00,7.0
LOG201400,W0458,Evening,2025-03-31 17:04:00,2025-03-31 23:04:00,6.0
LOG201401,W0285,Night,2025-05-14 19:52:00,2025-05-15 01:52:00,6.0
LOG201402,W0334,Night,2025-05-12 06:11:00,2025-05-12 16:11:00,10.0
LOG201403,W0268,Morning,2025-05-20 04:50:00,2025-05-20 11:50:00,7.0
LOG201405,W0184,Evening,2025-01-27 15:00:00,2025-01-27 21:00:00,6.0
LOG201407,W0286,Evening,2025-02-14 00:09:00,2025-02-14 07:09:00,7.0
LOG201408,W0100,Evening,2025-01-19 15:39:00,2025-01-19 23:39:00,8.0
LOG201409,W0318,Evening,2025-05-13 22:24:00,2025-05-14 06:24:00,8.0
LOG201410,W0089,Morning,2025-01-29 07:50:00,2025-01-29 14:50:00,7.0
LOG201411,W0421,Evening,2025-01-21 07:14:00,2025-01-21 13:14:00,6.0
LOG201413,W0386,Morning,2025-04-27 15:07:00,2025-04-27 23:07:00,8.0
LOG201415,W0157,Night,2025-06-03 18:17:00,2025-06-04 02:17:00,8.0
LOG201416,W0435,Morning,2025-03-18 05:49:00,2025-03-18 13:49:00,8.0
LOG201417,W0395,Evening,2025-04-29 07:53:00,2025-04-29 16:53:00,9.0
LOG201418,W0160,Morning,2025-03-16 14:11:00,2025-03-17 00:11:00,10.0
LOG201419,W0461,Morning,2025-03-18 18:14:00,2025-03-19 02:14:00,8.0
LOG201420,W0132,Night,2025-05-12 23:54:00,2025-05-13 06:54:00,7.0
LOG201421,W0109,Night,2025-06-06 02:21:00,2025-06-06 08:21:00,6.0
LOG201422,W0489,Evening,2025-03-03 09:21:00,2025-03-03 18:21:00,9.0
LOG201423,W0425,Night,2025-04-06 19:07:00,2025-04-07 04:07:00,9.0
LOG201424,W0345,Morning,2025-05-17 22:19:00,2025-05-18 05:19:00,7.0
LOG201425,W0378,Evening,2025-06-16 10:17:00,2025-06-16 19:17:00,9.0
LOG201428,W0273,Night,2025-03-26 13:02:00,2025-03-26 20:02:00,7.0
LOG201429,W0115,Evening,2025-02-06 11:34:00,2025-02-06 21:34:00,10.0
LOG201430,W0023,Morning,2025-05-01 05:39:00,2025-05-01 12:39:00,7.0
LOG201431,W0440,Night,2025-04-30 07:06:00,2025-04-30 15:06:00,8.0
LOG201432,W0126,Morning,2025-05-24 08:53:00,2025-05-24 16:53:00,8.0
LOG201433,W0428,Night,2025-04-10 05:39:00,2025-04-10 14:39:00,9.0
LOG201434,W0435,Night,2025-01-28 15:43:00,2025-01-28 23:43:00,8.0
LOG201435,W0280,Morning,2025-02-23 04:58:00,2025-02-23 14:58:00,10.0
LOG201436,W0415,Night,2025-01-21 02:16:00,2025-01-21 12:16:00,10.0
LOG201437,W0244,Night,2025-06-22 02:48:00,2025-06-22 11:48:00,9.0
LOG201440,W0490,Night,2025-01-17 11:02:00,2025-01-17 21:02:00,10.0
LOG201441,W0017,Evening,2025-03-07 12:53:00,2025-03-07 19:53:00,7.0
LOG201442,W0413,Morning,2025-02-04 23:47:00,2025-02-05 08:47:00,9.0
LOG201443,W0440,Night,2025-04-30 00:30:00,2025-04-30 10:30:00,10.0
LOG201444,W0079,Morning,2025-03-22 05:18:00,2025-03-22 11:18:00,6.0
LOG201445,W0479,Night,2025-05-30 12:36:00,2025-05-30 20:36:00,8.0
LOG201446,W0164,Morning,2025-03-06 23:11:00,2025-03-07 09:11:00,10.0
LOG201447,W0406,Evening,2025-04-13 18:22:00,2025-04-14 00:22:00,6.0
LOG201450,W0066,Night,2025-02-19 18:01:00,2025-02-20 01:01:00,7.0
LOG201451,W0180,Morning,2025-03-06 02:26:00,2025-03-06 10:26:00,8.0
LOG201452,W0173,Night,2025-06-24 05:10:00,2025-06-24 14:10:00,9.0
LOG201453,W0103,Night,2025-01-04 13:01:00,2025-01-04 19:01:00,6.0
LOG201454,W0255,Night,2025-03-26 12:48:00,2025-03-26 20:48:00,8.0
LOG201455,W0126,Evening,2025-04-15 05:16:00,2025-04-15 11:16:00,6.0
LOG201456,W0107,Night,2025-05-19 22:20:00,2025-05-20 04:20:00,6.0
LOG201457,W0028,Night,2025-05-08 16:04:00,2025-05-08 23:04:00,7.0
LOG201458,W0152,Evening,2025-03-10 08:55:00,2025-03-10 14:55:00,6.0
LOG201459,W0059,Night,2025-06-06 16:17:00,2025-06-06 22:17:00,6.0
LOG201462,W0433,Night,2025-01-23 20:54:00,2025-01-24 02:54:00,6.0
LOG201463,W0420,Morning,2025-05-14 09:05:00,2025-05-14 17:05:00,8.0
LOG201464,W0230,Morning,2025-02-08 09:44:00,2025-02-08 18:44:00,9.0
LOG201465,W0082,Night,2025-01-12 09:32:00,2025-01-12 15:32:00,6.0
LOG201466,W0203,Morning,2025-02-03 20:34:00,2025-02-04 06:34:00,10.0
LOG201467,W0336,Morning,2025-03-21 20:58:00,2025-03-22 03:58:00,7.0
LOG201468,W0234,Evening,2025-06-25 22:07:00,2025-06-26 04:07:00,6.0
LOG201469,W0475,Evening,2025-03-10 20:50:00,2025-03-11 05:50:00,9.0
LOG201470,W0273,Night,2025-06-02 01:41:00,2025-06-02 11:41:00,10.0
LOG201472,W0094,Night,2025-04-08 21:40:00,2025-04-09 03:40:00,6.0
LOG201474,W0442,Night,2025-05-22 07:32:00,2025-05-22 15:32:00,8.0
LOG201475,W0253,Morning,2025-05-01 18:03:00,2025-05-02 01:03:00,7.0
LOG201476,W0080,Night,2025-01-27 05:00:00,2025-01-27 12:00:00,7.0
LOG201478,W0148,Night,2025-05-17 07:59:00,2025-05-17 13:59:00,6.0
LOG201479,W0129,Night,2025-03-27 09:13:00,2025-03-27 15:13:00,6.0
LOG201480,W0196,Morning,2025-04-02 17:53:00,2025-04-03 02:53:00,9.0
LOG201481,W0095,Evening,2025-03-29 17:09:00,2025-03-30 01:09:00,8.0
LOG201483,W0051,Evening,2025-04-23 07:56:00,2025-04-23 16:56:00,9.0
LOG201484,W0237,Morning,2025-02-10 07:09:00,2025-02-10 13:09:00,6.0
LOG201487,W0307,Morning,2025-06-24 03:33:00,2025-06-24 11:33:00,8.0
LOG201488,W0118,Night,2025-05-16 04:42:00,2025-05-16 14:42:00,10.0
LOG201489,W0103,Night,2025-02-21 05:20:00,2025-02-21 11:20:00,6.0
LOG201490,W0418,Night,2025-01-25 20:50:00,2025-01-26 03:50:00,7.0
LOG201494,W0007,Evening,2025-06-05 08:32:00,2025-06-05 16:32:00,8.0
LOG201495,W0171,Night,2025-02-15 04:14:00,2025-02-15 12:14:00,8.0
LOG201497,W0009,Night,2025-03-30 09:56:00,2025-03-30 16:56:00,7.0
LOG201498,W0233,Morning,2025-05-26 13:52:00,2025-05-26 20:52:00,7.0
LOG201499,W0068,Night,2025-06-24 23:08:00,2025-06-25 06:08:00,7.0
LOG201501,W0492,Night,2025-05-07 03:50:00,2025-05-07 10:50:00,7.0
LOG201502,W0251,Night,2025-05-19 17:33:00,2025-05-20 00:33:00,7.0
LOG201504,W0191,Night,2025-04-28 17:52:00,2025-04-29 00:52:00,7.0
LOG201505,W0167,Evening,2025-05-15 19:54:00,2025-05-16 03:54:00,8.0
LOG201506,W0043,Night,2025-03-08 17:46:00,2025-03-09 00:46:00,7.0
LOG201507,W0264,Night,2025-01-03 08:06:00,2025-01-03 16:06:00,8.0
LOG201508,W0472,Night,2025-04-11 07:00:00,2025-04-11 15:00:00,8.0
LOG201509,W0058,Night,2025-06-08 22:47:00,2025-06-09 05:47:00,7.0
LOG201510,W0120,Morning,2025-05-06 06:39:00,2025-05-06 16:39:00,10.0
LOG201511,W0324,Night,2025-04-22 14:08:00,2025-04-22 21:08:00,7.0
LOG201512,W0089,Evening,2025-01-25 02:31:00,2025-01-25 09:31:00,7.0
LOG201513,W0478,Morning,2025-04-04 08:30:00,2025-04-04 15:30:00,7.0
LOG201514,W0268,Night,2025-04-07 15:24:00,2025-04-07 23:24:00,8.0
LOG201515,W0351,Night,2025-02-02 02:52:00,2025-02-02 11:52:00,9.0
LOG201516,W0006,Night,2025-05-18 15:08:00,2025-05-19 00:08:00,9.0
LOG201517,W0189,Night,2025-06-03 13:54:00,2025-06-03 22:54:00,9.0
LOG201518,W0467,Evening,2025-05-03 11:49:00,2025-05-03 21:49:00,10.0
LOG201519,W0014,Night,2025-01-17 03:37:00,2025-01-17 12:37:00,9.0
LOG201520,W0173,Night,2025-01-16 18:27:00,2025-01-17 01:27:00,7.0
LOG201521,W0153,Evening,2025-06-13 03:10:00,2025-06-13 10:10:00,7.0
LOG201524,W0234,Night,2025-01-26 08:14:00,2025-01-26 18:14:00,10.0
LOG201525,W0428,Evening,2025-05-21 14:19:00,2025-05-22 00:19:00,10.0
LOG201526,W0319,Night,2025-01-11 03:15:00,2025-01-11 09:15:00,6.0
LOG201527,W0296,Evening,2025-05-04 20:56:00,2025-05-05 05:56:00,9.0
LOG201529,W0130,Morning,2025-04-21 18:11:00,2025-04-22 03:11:00,9.0
LOG201531,W0427,Night,2025-02-21 06:51:00,2025-02-21 12:51:00,6.0
LOG201532,W0383,Night,2025-02-06 22:21:00,2025-02-07 07:21:00,9.0
LOG201533,W0393,Morning,2025-04-03 02:20:00,2025-04-03 08:20:00,6.0
LOG201534,W0497,Evening,2025-06-11 05:22:00,2025-06-11 13:22:00,8.0
LOG201535,W0327,Evening,2025-05-16 08:57:00,2025-05-16 14:57:00,6.0
LOG201537,W0214,Evening,2025-04-26 12:14:00,2025-04-26 18:14:00,6.0
LOG201539,W0181,Morning,2025-02-04 10:09:00,2025-02-04 17:09:00,7.0
LOG201540,W0206,Morning,2025-01-09 13:11:00,2025-01-09 22:11:00,9.0
LOG201543,W0037,Evening,2025-04-29 16:12:00,2025-04-29 23:12:00,7.0
LOG201544,W0286,Morning,2025-03-20 08:18:00,2025-03-20 16:18:00,8.0
LOG201545,W0224,Night,2025-05-12 12:22:00,2025-05-12 18:22:00,6.0
LOG201546,W0150,Night,2025-02-11 20:19:00,2025-02-12 06:19:00,10.0
LOG201547,W0180,Evening,2025-03-03 06:57:00,2025-03-03 15:57:00,9.0
LOG201551,W0406,Night,2025-01-18 10:32:00,2025-01-18 16:32:00,6.0
LOG201552,W0428,Morning,2025-03-12 17:11:00,2025-03-13 01:11:00,8.0
LOG201553,W0193,Night,2025-01-31 10:35:00,2025-01-31 17:35:00,7.0
LOG201554,W0222,Evening,2025-04-14 03:10:00,2025-04-14 11:10:00,8.0
LOG201555,W0345,Evening,2025-01-07 13:51:00,2025-01-07 22:51:00,9.0
LOG201557,W0139,Night,2025-05-21 13:24:00,2025-05-21 23:24:00,10.0
LOG201558,W0111,Morning,2025-02-12 07:55:00,2025-02-12 15:55:00,8.0
LOG201560,W0479,Night,2025-02-02 20:55:00,2025-02-03 05:55:00,9.0
LOG201562,W0212,Evening,2025-01-29 15:01:00,2025-01-29 23:01:00,8.0
LOG201563,W0246,Morning,2025-06-27 02:00:00,2025-06-27 08:00:00,6.0
LOG201564,W0001,Morning,2025-05-04 13:18:00,2025-05-04 21:18:00,8.0
LOG201565,W0103,Night,2025-02-05 13:36:00,2025-02-05 20:36:00,7.0
LOG201566,W0370,Night,2025-03-29 17:04:00,2025-03-30 01:04:00,8.0
LOG201567,W0482,Night,2025-06-13 12:52:00,2025-06-13 18:52:00,6.0
LOG201569,W0246,Night,2025-04-22 08:15:00,2025-04-22 15:15:00,7.0
LOG201570,W0270,Morning,2025-06-11 13:45:00,2025-06-11 22:45:00,9.0
LOG201571,W0185,Morning,2025-03-10 06:29:00,2025-03-10 14:29:00,8.0
LOG201572,W0216,Night,2025-03-01 20:53:00,2025-03-02 06:53:00,10.0
LOG201573,W0068,Night,2025-02-13 17:53:00,2025-02-13 23:53:00,6.0
LOG201575,W0324,Night,2025-06-20 12:40:00,2025-06-20 22:40:00,10.0
LOG201577,W0155,Night,2025-05-13 17:10:00,2025-05-14 00:10:00,7.0
LOG201580,W0450,Morning,2025-04-19 20:26:00,2025-04-20 05:26:00,9.0
LOG201581,W0319,Morning,2025-01-03 06:18:00,2025-01-03 16:18:00,10.0
LOG201582,W0125,Night,2025-05-11 05:31:00,2025-05-11 14:31:00,9.0
LOG201583,W0363,Night,2025-05-29 20:42:00,2025-05-30 04:42:00,8.0
LOG201584,W0286,Morning,2025-01-22 04:31:00,2025-01-22 13:31:00,9.0
LOG201585,W0294,Night,2025-01-23 00:39:00,2025-01-23 08:39:00,8.0
LOG201586,W0120,Night,2025-05-21 18:51:00,2025-05-22 01:51:00,7.0
LOG201587,W0243,Night,2025-05-05 07:32:00,2025-05-05 16:32:00,9.0
LOG201588,W0131,Evening,2025-04-23 19:07:00,2025-04-24 04:07:00,9.0
LOG201590,W0300,Evening,2025-05-11 02:42:00,2025-05-11 08:42:00,6.0
LOG201591,W0352,Evening,2025-01-12 07:56:00,2025-01-12 17:56:00,10.0
LOG201593,W0018,Night,2025-05-28 21:29:00,2025-05-29 07:29:00,10.0
LOG201594,W0094,Morning,2025-06-23 21:32:00,2025-06-24 05:32:00,8.0
LOG201596,W0151,Morning,2025-05-15 20:51:00,2025-05-16 02:51:00,6.0
LOG201599,W0043,Morning,2025-03-10 02:06:00,2025-03-10 11:06:00,9.0
LOG201600,W0005,Night,2025-03-11 15:37:00,2025-03-12 01:37:00,10.0
LOG201602,W0143,Night,2025-06-07 23:00:00,2025-06-08 08:00:00,9.0
LOG201604,W0198,Evening,2025-03-25 04:18:00,2025-03-25 10:18:00,6.0
LOG201605,W0238,Night,2025-02-18 05:13:00,2025-02-18 12:13:00,7.0
LOG201606,W0398,Night,2025-03-27 22:09:00,2025-03-28 07:09:00,9.0
LOG201607,W0300,Night,2025-05-03 01:47:00,2025-05-03 09:47:00,8.0
LOG201608,W0421,Night,2025-01-04 11:39:00,2025-01-04 19:39:00,8.0
LOG201609,W0175,Morning,2025-02-26 21:35:00,2025-02-27 06:35:00,9.0
LOG201610,W0220,Night,2025-04-27 14:37:00,2025-04-28 00:37:00,10.0
LOG201612,W0449,Morning,2025-02-24 16:31:00,2025-02-25 00:31:00,8.0
LOG201614,W0488,Morning,2025-06-08 11:46:00,2025-06-08 18:46:00,7.0
LOG201616,W0198,Evening,2025-03-05 09:21:00,2025-03-05 15:21:00,6.0
LOG201617,W0340,Night,2025-02-18 08:35:00,2025-02-18 18:35:00,10.0
LOG201618,W0139,Morning,2025-01-22 12:06:00,2025-01-22 22:06:00,10.0
LOG201619,W0265,Morning,2025-04-19 21:09:00,2025-04-20 03:09:00,6.0
LOG201620,W0177,Night,2025-06-05 19:22:00,2025-06-06 05:22:00,10.0
LOG201621,W0329,Night,2025-04-26 11:47:00,2025-04-26 17:47:00,6.0
LOG201623,W0397,Night,2025-03-17 10:36:00,2025-03-17 19:36:00,9.0
LOG201624,W0439,Evening,2025-05-19 23:32:00,2025-05-20 05:32:00,6.0
LOG201626,W0411,Evening,2025-04-18 08:11:00,2025-04-18 17:11:00,9.0
LOG201627,W0366,Evening,2025-04-03 22:37:00,2025-04-04 06:37:00,8.0
LOG201628,W0090,Night,2025-01-15 03:19:00,2025-01-15 12:19:00,9.0
LOG201629,W0304,Morning,2025-03-01 09:03:00,2025-03-01 19:03:00,10.0
LOG201630,W0205,Night,2025-02-01 20:14:00,2025-02-02 05:14:00,9.0
LOG201631,W0352,Evening,2025-03-25 23:11:00,2025-03-26 05:11:00,6.0
LOG201632,W0083,Morning,2025-02-20 00:58:00,2025-02-20 07:58:00,7.0
LOG201633,W0440,Evening,2025-02-19 08:16:00,2025-02-19 17:16:00,9.0
LOG201636,W0333,Evening,2025-04-19 10:58:00,2025-04-19 18:58:00,8.0
LOG201637,W0038,Night,2025-02-12 04:33:00,2025-02-12 11:33:00,7.0
LOG201639,W0349,Night,2025-03-21 16:21:00,2025-03-21 23:21:00,7.0
LOG201640,W0095,Evening,2025-02-04 12:29:00,2025-02-04 21:29:00,9.0
LOG201642,W0013,Night,2025-05-07 09:31:00,2025-05-07 16:31:00,7.0
LOG201643,W0071,Evening,2025-05-04 18:38:00,2025-05-05 01:38:00,7.0
LOG201646,W0456,Night,2025-05-25 15:15:00,2025-05-25 22:15:00,7.0
LOG201647,W0009,Morning,2025-03-14 22:07:00,2025-03-15 05:07:00,7.0
LOG201648,W0008,Morning,2025-02-11 23:33:00,2025-02-12 07:33:00,8.0
LOG201649,W0475,Evening,2025-03-14 13:04:00,2025-03-14 22:04:00,9.0
LOG201650,W0057,Night,2025-04-28 10:52:00,2025-04-28 19:52:00,9.0
LOG201651,W0405,Night,2025-01-17 13:44:00,2025-01-17 23:44:00,10.0
LOG201652,W0413,Night,2025-02-07 09:25:00,2025-02-07 19:25:00,10.0
LOG201653,W0481,Evening,2025-05-29 07:55:00,2025-05-29 13:55:00,6.0
LOG201654,W0455,Evening,2025-02-07 18:51:00,2025-02-08 00:51:00,6.0
LOG201655,W0050,Evening,2025-06-25 18:50:00,2025-06-26 04:50:00,10.0
LOG201657,W0204,Morning,2025-06-20 13:57:00,2025-06-20 21:57:00,8.0
LOG201658,W0411,Night,2025-06-11 18:47:00,2025-06-12 03:47:00,9.0
LOG201659,W0047,Night,2025-04-26 02:03:00,2025-04-26 08:03:00,6.0
LOG201660,W0239,Night,2025-06-12 19:31:00,2025-06-13 04:31:00,9.0
LOG201661,W0270,Morning,2025-03-18 16:11:00,2025-03-18 22:11:00,6.0
LOG201662,W0177,Evening,2025-06-09 05:57:00,2025-06-09 11:57:00,6.0
LOG201663,W0478,Morning,2025-01-04 13:52:00,2025-01-04 20:52:00,7.0
LOG201664,W0099,Night,2025-01-25 02:58:00,2025-01-25 08:58:00,6.0
LOG201665,W0021,Morning,2025-06-26 02:05:00,2025-06-26 12:05:00,10.0
LOG201667,W0232,Evening,2025-05-07 12:29:00,2025-05-07 19:29:00,7.0
LOG201668,W0361,Morning,2025-06-29 11:51:00,2025-06-29 21:51:00,10.0
LOG201669,W0070,Night,2025-06-16 12:13:00,2025-06-16 21:13:00,9.0
LOG201670,W0319,Evening,2025-04-26 18:54:00,2025-04-27 00:54:00,6.0
LOG201672,W0056,Morning,2025-03-27 06:33:00,2025-03-27 16:33:00,10.0
LOG201673,W0296,Night,2025-04-21 09:19:00,2025-04-21 18:19:00,9.0
LOG201675,W0377,Morning,2025-05-29 04:45:00,2025-05-29 13:45:00,9.0
LOG201676,W0116,Morning,2025-03-14 02:04:00,2025-03-14 09:04:00,7.0
LOG201677,W0100,Night,2025-03-29 16:49:00,2025-03-29 23:49:00,7.0
LOG201678,W0460,Night,2025-03-08 05:04:00,2025-03-08 14:04:00,9.0
LOG201679,W0469,Night,2025-05-05 10:05:00,2025-05-05 20:05:00,10.0
LOG201680,W0056,Evening,2025-03-07 15:45:00,2025-03-07 23:45:00,8.0
LOG201681,W0382,Night,2025-01-26 14:39:00,2025-01-26 20:39:00,6.0
LOG201682,W0488,Night,2025-01-05 14:27:00,2025-01-06 00:27:00,10.0
LOG201683,W0460,Morning,2025-03-21 07:37:00,2025-03-21 17:37:00,10.0
LOG201684,W0065,Morning,2025-04-25 16:41:00,2025-04-25 23:41:00,7.0
LOG201685,W0122,Evening,2025-05-04 15:02:00,2025-05-05 00:02:00,9.0
LOG201686,W0222,Night,2025-06-12 02:47:00,2025-06-12 11:47:00,9.0
LOG201687,W0032,Night,2025-06-05 20:26:00,2025-06-06 06:26:00,10.0
LOG201688,W0107,Morning,2025-04-28 14:05:00,2025-04-28 22:05:00,8.0
LOG201689,W0491,Morning,2025-04-13 12:35:00,2025-04-13 21:35:00,9.0
LOG201690,W0208,Night,2025-03-06 05:55:00,2025-03-06 14:55:00,9.0
LOG201691,W0386,Night,2025-04-11 03:21:00,2025-04-11 10:21:00,7.0
LOG201692,W0397,Night,2025-02-05 17:23:00,2025-02-06 00:23:00,7.0
LOG201693,W0482,Morning,2025-04-22 00:06:00,2025-04-22 06:06:00,6.0
LOG201696,W0358,Morning,2025-03-20 10:42:00,2025-03-20 17:42:00,7.0
LOG201697,W0382,Night,2025-06-11 13:57:00,2025-06-11 22:57:00,9.0
LOG201698,W0145,Night,2025-05-25 14:45:00,2025-05-25 22:45:00,8.0
LOG201699,W0044,Evening,2025-06-08 21:56:00,2025-06-09 07:56:00,10.0
LOG201700,W0027,Morning,2025-03-27 10:39:00,2025-03-27 19:39:00,9.0
LOG201701,W0298,Morning,2025-01-28 17:33:00,2025-01-29 03:33:00,10.0
LOG201702,W0452,Evening,2025-03-26 09:53:00,2025-03-26 15:53:00,6.0
LOG201704,W0241,Night,2025-05-31 06:31:00,2025-05-31 12:31:00,6.0
LOG201705,W0095,Evening,2025-02-10 20:09:00,2025-02-11 02:09:00,6.0
LOG201706,W0334,Night,2025-05-11 13:52:00,2025-05-11 22:52:00,9.0
LOG201707,W0351,Evening,2025-02-22 16:05:00,2025-02-23 02:05:00,10.0
LOG201708,W0395,Night,2025-03-30 16:43:00,2025-03-31 00:43:00,8.0
LOG201709,W0220,Morning,2025-01-25 01:08:00,2025-01-25 09:08:00,8.0
LOG201711,W0071,Night,2025-06-03 15:30:00,2025-06-04 01:30:00,10.0
LOG201713,W0479,Morning,2025-03-31 05:52:00,2025-03-31 12:52:00,7.0
LOG201714,W0170,Night,2025-04-23 08:26:00,2025-04-23 14:26:00,6.0
LOG201715,W0374,Morning,2025-02-22 08:34:00,2025-02-22 16:34:00,8.0
LOG201716,W0117,Evening,2025-01-28 04:56:00,2025-01-28 11:56:00,7.0
LOG201718,W0112,Night,2025-03-21 10:44:00,2025-03-21 18:44:00,8.0
LOG201719,W0277,Evening,2025-06-09 17:24:00,2025-06-10 00:24:00,7.0
LOG201720,W0047,Night,2025-06-07 10:42:00,2025-06-07 16:42:00,6.0
LOG201721,W0326,Evening,2025-02-13 03:22:00,2025-02-13 12:22:00,9.0
LOG201722,W0081,Night,2025-06-03 06:31:00,2025-06-03 14:31:00,8.0
LOG201723,W0422,Night,2025-05-17 09:40:00,2025-05-17 18:40:00,9.0
LOG201724,W0131,Morning,2025-04-05 22:53:00,2025-04-06 05:53:00,7.0
LOG201725,W0308,Night,2025-06-02 13:49:00,2025-06-02 19:49:00,6.0
LOG201726,W0477,Night,2025-06-02 08:54:00,2025-06-02 16:54:00,8.0
LOG201727,W0291,Morning,2025-04-20 12:40:00,2025-04-20 21:40:00,9.0
LOG201728,W0045,Morning,2025-03-15 13:53:00,2025-03-15 20:53:00,7.0
LOG201730,W0073,Night,2025-06-16 19:59:00,2025-06-17 03:59:00,8.0
LOG201731,W0038,Night,2025-03-30 12:48:00,2025-03-30 21:48:00,9.0
LOG201732,W0034,Night,2025-05-27 21:06:00,2025-05-28 07:06:00,10.0
LOG201734,W0448,Evening,2025-06-20 03:19:00,2025-06-20 13:19:00,10.0
LOG201736,W0056,Night,2025-04-12 04:16:00,2025-04-12 11:16:00,7.0
LOG201739,W0200,Morning,2025-06-29 20:37:00,2025-06-30 03:37:00,7.0
LOG201740,W0093,Night,2025-01-23 19:22:00,2025-01-24 03:22:00,8.0
LOG201742,W0028,Night,2025-01-10 21:10:00,2025-01-11 07:10:00,10.0
LOG201744,W0365,Night,2025-05-12 04:57:00,2025-05-12 14:57:00,10.0
LOG201745,W0492,Night,2025-02-11 11:39:00,2025-02-11 20:39:00,9.0
LOG201746,W0039,Night,2025-01-08 01:57:00,2025-01-08 07:57:00,6.0
LOG201747,W0068,Night,2025-02-02 20:54:00,2025-02-03 04:54:00,8.0
LOG201748,W0328,Night,2025-04-20 14:54:00,2025-04-20 22:54:00,8.0
LOG201749,W0454,Night,2025-05-04 07:51:00,2025-05-04 15:51:00,8.0
LOG201750,W0206,Evening,2025-06-15 02:59:00,2025-06-15 11:59:00,9.0
LOG201751,W0093,Evening,2025-01-12 02:26:00,2025-01-12 12:26:00,10.0
LOG201752,W0465,Morning,2025-01-12 13:55:00,2025-01-12 19:55:00,6.0
LOG201754,W0199,Morning,2025-04-11 10:31:00,2025-04-11 19:31:00,9.0
LOG201756,W0295,Night,2025-04-22 19:30:00,2025-04-23 02:30:00,7.0
LOG201757,W0304,Night,2025-01-01 05:43:00,2025-01-01 14:43:00,9.0
LOG201758,W0296,Night,2025-05-29 07:00:00,2025-05-29 14:00:00,7.0
LOG201759,W0326,Night,2025-06-05 20:09:00,2025-06-06 06:09:00,10.0
LOG201761,W0395,Night,2025-03-25 03:31:00,2025-03-25 12:31:00,9.0
LOG201762,W0320,Evening,2025-06-27 23:30:00,2025-06-28 07:30:00,8.0
LOG201763,W0030,Night,2025-04-15 06:08:00,2025-04-15 13:08:00,7.0
LOG201764,W0124,Evening,2025-05-08 13:51:00,2025-05-08 23:51:00,10.0
LOG201765,W0388,Night,2025-05-19 11:08:00,2025-05-19 18:08:00,7.0
LOG201766,W0290,Evening,2025-04-23 15:48:00,2025-04-23 22:48:00,7.0
LOG201767,W0154,Night,2025-05-29 18:56:00,2025-05-30 00:56:00,6.0
LOG201768,W0189,Evening,2025-03-31 02:42:00,2025-03-31 09:42:00,7.0
LOG201770,W0177,Morning,2025-05-10 17:15:00,2025-05-11 01:15:00,8.0
LOG201772,W0175,Evening,2025-06-13 00:09:00,2025-06-13 10:09:00,10.0
LOG201773,W0347,Night,2025-02-04 12:12:00,2025-02-04 18:12:00,6.0
LOG201774,W0181,Night,2025-01-04 01:24:00,2025-01-04 07:24:00,6.0
LOG201775,W0132,Evening,2025-04-30 04:50:00,2025-04-30 11:50:00,7.0
LOG201776,W0399,Night,2025-03-25 22:27:00,2025-03-26 07:27:00,9.0
LOG201778,W0455,Morning,2025-06-11 07:44:00,2025-06-11 14:44:00,7.0
LOG201779,W0241,Evening,2025-04-01 13:03:00,2025-04-01 23:03:00,10.0
LOG201780,W0359,Morning,2025-04-30 01:54:00,2025-04-30 10:54:00,9.0
LOG201781,W0062,Night,2025-05-08 14:39:00,2025-05-08 21:39:00,7.0
LOG201782,W0471,Night,2025-04-27 11:41:00,2025-04-27 18:41:00,7.0
LOG201783,W0066,Night,2025-06-18 07:31:00,2025-06-18 16:31:00,9.0
LOG201784,W0011,Evening,2025-04-23 23:01:00,2025-04-24 05:01:00,6.0
LOG201785,W0471,Night,2025-04-05 05:24:00,2025-04-05 14:24:00,9.0
LOG201786,W0174,Night,2025-03-25 02:48:00,2025-03-25 12:48:00,10.0
LOG201787,W0349,Evening,2025-03-29 10:49:00,2025-03-29 20:49:00,10.0
LOG201789,W0040,Night,2025-06-05 17:18:00,2025-06-06 00:18:00,7.0
LOG201790,W0439,Morning,2025-04-05 18:39:00,2025-04-06 04:39:00,10.0
LOG201791,W0084,Morning,2025-02-04 03:49:00,2025-02-04 13:49:00,10.0
LOG201792,W0364,Night,2025-01-06 05:20:00,2025-01-06 11:20:00,6.0
LOG201793,W0254,Evening,2025-06-08 06:46:00,2025-06-08 15:46:00,9.0
LOG201794,W0160,Evening,2025-03-19 16:01:00,2025-03-20 01:01:00,9.0
LOG201795,W0173,Night,2025-01-27 06:12:00,2025-01-27 14:12:00,8.0
LOG201796,W0080,Night,2025-06-14 03:03:00,2025-06-14 12:03:00,9.0
LOG201797,W0192,Evening,2025-05-15 23:44:00,2025-05-16 06:44:00,7.0
LOG201798,W0012,Night,2025-05-30 08:04:00,2025-05-30 17:04:00,9.0
LOG201800,W0362,Evening,2025-05-02 15:37:00,2025-05-02 22:37:00,7.0
LOG201802,W0225,Night,2025-04-20 08:42:00,2025-04-20 17:42:00,9.0
LOG201803,W0429,Evening,2025-03-10 17:40:00,2025-03-11 00:40:00,7.0
LOG201804,W0226,Evening,2025-05-05 19:58:00,2025-05-06 03:58:00,8.0
LOG201805,W0381,Evening,2025-01-30 05:19:00,2025-01-30 12:19:00,7.0
LOG201806,W0231,Night,2025-06-13 21:26:00,2025-06-14 05:26:00,8.0
LOG201808,W0023,Night,2025-05-13 22:10:00,2025-05-14 06:10:00,8.0
LOG201809,W0237,Evening,2025-06-15 03:14:00,2025-06-15 10:14:00,7.0
LOG201810,W0071,Night,2025-02-11 21:33:00,2025-02-12 06:33:00,9.0
LOG201811,W0352,Night,2025-01-31 14:07:00,2025-01-31 23:07:00,9.0
LOG201812,W0319,Evening,2025-05-31 00:41:00,2025-05-31 09:41:00,9.0
LOG201813,W0435,Evening,2025-03-07 15:04:00,2025-03-07 23:04:00,8.0
LOG201817,W0179,Evening,2025-06-12 12:14:00,2025-06-12 21:14:00,9.0
LOG201818,W0359,Evening,2025-06-07 19:27:00,2025-06-08 04:27:00,9.0
LOG201819,W0325,Night,2025-05-11 06:55:00,2025-05-11 13:55:00,7.0
LOG201820,W0108,Morning,2025-06-21 02:49:00,2025-06-21 09:49:00,7.0
LOG201821,W0314,Evening,2025-04-26 19:22:00,2025-04-27 04:22:00,9.0
LOG201822,W0254,Evening,2025-04-01 16:13:00,2025-04-02 00:13:00,8.0
LOG201823,W0034,Night,2025-02-21 10:08:00,2025-02-21 19:08:00,9.0
LOG201824,W0427,Morning,2025-03-23 11:39:00,2025-03-23 21:39:00,10.0
LOG201825,W0005,Evening,2025-01-29 18:18:00,2025-01-30 02:18:00,8.0
LOG201826,W0281,Night,2025-05-24 23:51:00,2025-05-25 07:51:00,8.0
LOG201827,W0473,Night,2025-02-13 13:39:00,2025-02-13 21:39:00,8.0
LOG201828,W0130,Morning,2025-06-08 12:46:00,2025-06-08 19:46:00,7.0
LOG201829,W0133,Evening,2025-01-13 18:33:00,2025-01-14 00:33:00,6.0
LOG201833,W0011,Morning,2025-01-28 15:06:00,2025-01-28 22:06:00,7.0
LOG201834,W0170,Evening,2025-02-05 20:06:00,2025-02-06 04:06:00,8.0
LOG201835,W0094,Night,2025-03-25 07:00:00,2025-03-25 17:00:00,10.0
LOG201836,W0178,Morning,2025-05-17 00:37:00,2025-05-17 09:37:00,9.0
LOG201837,W0342,Night,2025-06-16 13:39:00,2025-06-16 23:39:00,10.0
LOG201839,W0461,Morning,2025-03-30 22:11:00,2025-03-31 04:11:00,6.0
LOG201840,W0194,Night,2025-03-18 13:24:00,2025-03-18 19:24:00,6.0
LOG201841,W0093,Night,2025-04-11 12:34:00,2025-04-11 18:34:00,6.0
LOG201842,W0056,Night,2025-02-14 03:00:00,2025-02-14 09:00:00,6.0
LOG201843,W0029,Evening,2025-05-18 08:49:00,2025-05-18 18:49:00,10.0
LOG201844,W0263,Morning,2025-04-06 08:58:00,2025-04-06 18:58:00,10.0
LOG201845,W0310,Morning,2025-04-27 23:04:00,2025-04-28 09:04:00,10.0
LOG201847,W0480,Morning,2025-02-23 08:17:00,2025-02-23 14:17:00,6.0
LOG201848,W0269,Evening,2025-05-21 21:31:00,2025-05-22 07:31:00,10.0
LOG201849,W0125,Night,2025-03-11 22:04:00,2025-03-12 05:04:00,7.0
LOG201850,W0194,Morning,2025-01-18 22:23:00,2025-01-19 08:23:00,10.0
LOG201851,W0359,Evening,2025-03-17 11:38:00,2025-03-17 20:38:00,9.0
LOG201852,W0500,Night,2025-04-08 21:55:00,2025-04-09 05:55:00,8.0
LOG201854,W0304,Evening,2025-03-09 15:39:00,2025-03-10 01:39:00,10.0
LOG201855,W0106,Night,2025-03-27 15:56:00,2025-03-28 01:56:00,10.0
LOG201856,W0477,Evening,2025-01-17 17:00:00,2025-01-18 00:00:00,7.0
LOG201857,W0385,Night,2025-03-27 10:05:00,2025-03-27 16:05:00,6.0
LOG201858,W0262,Night,2025-02-06 05:42:00,2025-02-06 12:42:00,7.0
LOG201859,W0379,Morning,2025-05-10 02:21:00,2025-05-10 08:21:00,6.0
LOG201860,W0446,Night,2025-06-21 04:19:00,2025-06-21 11:19:00,7.0
LOG201863,W0087,Evening,2025-04-18 13:38:00,2025-04-18 23:38:00,10.0
LOG201864,W0231,Morning,2025-05-26 07:10:00,2025-05-26 15:10:00,8.0
LOG201865,W0081,Night,2025-02-23 01:08:00,2025-02-23 07:08:00,6.0
LOG201866,W0228,Evening,2025-05-02 08:00:00,2025-05-02 18:00:00,10.0
LOG201867,W0359,Morning,2025-02-18 20:11:00,2025-02-19 05:11:00,9.0
LOG201868,W0390,Morning,2025-06-19 07:08:00,2025-06-19 14:08:00,7.0
LOG201869,W0051,Morning,2025-04-23 07:42:00,2025-04-23 15:42:00,8.0
LOG201871,W0310,Evening,2025-01-24 11:31:00,2025-01-24 19:31:00,8.0
LOG201872,W0482,Night,2025-01-28 14:26:00,2025-01-28 21:26:00,7.0
LOG201874,W0500,Morning,2025-05-16 01:11:00,2025-05-16 10:11:00,9.0
LOG201875,W0054,Morning,2025-03-08 05:47:00,2025-03-08 12:47:00,7.0
LOG201876,W0354,Night,2025-06-25 13:47:00,2025-06-25 21:47:00,8.0
LOG201877,W0376,Night,2025-04-04 01:14:00,2025-04-04 08:14:00,7.0
LOG201878,W0476,Night,2025-06-29 05:24:00,2025-06-29 11:24:00,6.0
LOG201879,W0091,Evening,2025-05-23 18:42:00,2025-05-24 00:42:00,6.0
LOG201881,W0207,Evening,2025-05-04 21:02:00,2025-05-05 05:02:00,8.0
LOG201882,W0370,Night,2025-06-05 19:24:00,2025-06-06 05:24:00,10.0
LOG201883,W0147,Night,2025-03-23 00:54:00,2025-03-23 06:54:00,6.0
LOG201884,W0278,Evening,2025-06-07 22:18:00,2025-06-08 05:18:00,7.0
LOG201887,W0432,Morning,2025-03-15 06:24:00,2025-03-15 14:24:00,8.0
LOG201888,W0032,Morning,2025-05-13 18:23:00,2025-05-14 00:23:00,6.0
LOG201890,W0076,Morning,2025-03-29 06:58:00,2025-03-29 12:58:00,6.0
LOG201891,W0387,Morning,2025-04-21 16:34:00,2025-04-21 22:34:00,6.0
LOG201892,W0401,Morning,2025-02-23 06:35:00,2025-02-23 16:35:00,10.0
LOG201893,W0161,Morning,2025-02-27 09:09:00,2025-02-27 19:09:00,10.0
LOG201894,W0003,Morning,2025-04-01 03:25:00,2025-04-01 11:25:00,8.0
LOG201895,W0264,Night,2025-03-08 19:04:00,2025-03-09 02:04:00,7.0
LOG201897,W0019,Evening,2025-04-20 18:35:00,2025-04-21 03:35:00,9.0
LOG201898,W0045,Night,2025-05-07 09:53:00,2025-05-07 15:53:00,6.0
LOG201899,W0467,Night,2025-05-20 17:16:00,2025-05-21 03:16:00,10.0
LOG201901,W0291,Night,2025-05-07 05:21:00,2025-05-07 14:21:00,9.0
LOG201902,W0321,Evening,2025-05-15 01:49:00,2025-05-15 10:49:00,9.0
LOG201903,W0415,Morning,2025-03-26 10:45:00,2025-03-26 16:45:00,6.0
LOG201906,W0300,Night,2025-03-30 01:21:00,2025-03-30 07:21:00,6.0
LOG201907,W0215,Morning,2025-01-31 19:09:00,2025-02-01 05:09:00,10.0
LOG201908,W0245,Night,2025-02-18 06:56:00,2025-02-18 14:56:00,8.0
LOG201909,W0205,Evening,2025-01-09 23:03:00,2025-01-10 05:03:00,6.0
LOG201910,W0403,Evening,2025-01-05 00:15:00,2025-01-05 08:15:00,8.0
LOG201911,W0247,Evening,2025-01-02 16:33:00,2025-01-02 23:33:00,7.0
LOG201912,W0057,Evening,2025-02-10 15:30:00,2025-02-10 22:30:00,7.0
LOG201913,W0307,Night,2025-02-16 08:56:00,2025-02-16 17:56:00,9.0
LOG201914,W0329,Morning,2025-06-24 23:04:00,2025-06-25 08:04:00,9.0
LOG201915,W0028,Night,2025-06-24 18:17:00,2025-06-25 02:17:00,8.0
LOG201918,W0222,Morning,2025-01-14 16:02:00,2025-01-14 23:02:00,7.0
LOG201920,W0453,Evening,2025-03-20 06:38:00,2025-03-20 12:38:00,6.0
LOG201924,W0146,Night,2025-06-27 17:33:00,2025-06-28 03:33:00,10.0
LOG201926,W0481,Morning,2025-02-19 22:35:00,2025-02-20 06:35:00,8.0
LOG201929,W0271,Evening,2025-06-20 17:25:00,2025-06-21 00:25:00,7.0
LOG201931,W0008,Night,2025-01-23 20:23:00,2025-01-24 04:23:00,8.0
LOG201932,W0125,Morning,2025-06-01 18:50:00,2025-06-02 02:50:00,8.0
LOG201933,W0103,Night,2025-05-28 15:57:00,2025-05-29 00:57:00,9.0
LOG201935,W0338,Morning,2025-03-26 14:38:00,2025-03-27 00:38:00,10.0
LOG201936,W0014,Morning,2025-02-19 14:21:00,2025-02-20 00:21:00,10.0
LOG201937,W0297,Night,2025-04-06 03:00:00,2025-04-06 11:00:00,8.0
LOG201938,W0114,Night,2025-03-19 14:50:00,2025-03-19 22:50:00,8.0
LOG201939,W0191,Night,2025-01-07 09:05:00,2025-01-07 18:05:00,9.0
LOG201940,W0013,Night,2025-05-03 22:26:00,2025-05-04 05:26:00,7.0
LOG201941,W0256,Evening,2025-06-09 05:22:00,2025-06-09 13:22:00,8.0
LOG201943,W0214,Night,2025-05-29 22:50:00,2025-05-30 06:50:00,8.0
LOG201944,W0307,Evening,2025-04-19 23:35:00,2025-04-20 05:35:00,6.0
LOG201945,W0092,Night,2025-03-29 00:36:00,2025-03-29 07:36:00,7.0
LOG201947,W0489,Evening,2025-03-19 10:59:00,2025-03-19 18:59:00,8.0
LOG201948,W0432,Night,2025-03-18 09:13:00,2025-03-18 16:13:00,7.0
LOG201950,W0269,Night,2025-04-29 12:56:00,2025-04-29 18:56:00,6.0
LOG201952,W0178,Night,2025-04-04 00:38:00,2025-04-04 08:38:00,8.0
LOG201953,W0206,Night,2025-04-17 21:05:00,2025-04-18 04:05:00,7.0
LOG201954,W0294,Night,2025-01-02 00:40:00,2025-01-02 10:40:00,10.0
LOG201955,W0215,Morning,2025-03-28 15:48:00,2025-03-28 21:48:00,6.0
LOG201956,W0377,Morning,2025-06-18 21:07:00,2025-06-19 07:07:00,10.0
LOG201957,W0260,Night,2025-03-23 17:35:00,2025-03-24 01:35:00,8.0
LOG201958,W0289,Evening,2025-02-26 19:24:00,2025-02-27 05:24:00,10.0
LOG201959,W0161,Night,2025-05-02 03:08:00,2025-05-02 09:08:00,6.0
LOG201961,W0352,Night,2025-05-27 15:49:00,2025-05-27 23:49:00,8.0
LOG201962,W0293,Evening,2025-05-15 10:49:00,2025-05-15 18:49:00,8.0
LOG201963,W0215,Night,2025-01-10 17:45:00,2025-01-11 02:45:00,9.0
LOG201964,W0155,Morning,2025-02-11 08:56:00,2025-02-11 18:56:00,10.0
LOG201965,W0016,Night,2025-06-28 12:49:00,2025-06-28 22:49:00,10.0
LOG201966,W0104,Night,2025-06-14 01:45:00,2025-06-14 07:45:00,6.0
LOG201967,W0449,Evening,2025-05-05 23:19:00,2025-05-06 05:19:00,6.0
LOG201968,W0184,Morning,2025-06-19 11:08:00,2025-06-19 19:08:00,8.0
LOG201969,W0195,Night,2025-06-10 02:32:00,2025-06-10 10:32:00,8.0
LOG201970,W0308,Morning,2025-01-09 03:36:00,2025-01-09 09:36:00,6.0
LOG201971,W0279,Night,2025-02-21 22:43:00,2025-02-22 06:43:00,8.0
LOG201974,W0485,Evening,2025-02-12 19:25:00,2025-02-13 05:25:00,10.0
LOG201975,W0483,Evening,2025-01-05 12:20:00,2025-01-05 18:20:00,6.0
LOG201976,W0026,Morning,2025-01-13 08:23:00,2025-01-13 18:23:00,10.0
LOG201977,W0043,Evening,2025-03-27 11:28:00,2025-03-27 21:28:00,10.0
LOG201978,W0041,Morning,2025-06-26 09:53:00,2025-06-26 16:53:00,7.0
LOG201979,W0201,Morning,2025-05-16 14:44:00,2025-05-17 00:44:00,10.0
LOG201980,W0125,Night,2025-02-26 10:34:00,2025-02-26 20:34:00,10.0
LOG201981,W0204,Evening,2025-05-03 23:05:00,2025-05-04 08:05:00,9.0
LOG201982,W0051,Night,2025-01-27 13:45:00,2025-01-27 23:45:00,10.0
LOG201983,W0095,Evening,2025-02-09 20:37:00,2025-02-10 05:37:00,9.0
LOG201984,W0140,Morning,2025-02-04 08:23:00,2025-02-04 17:23:00,9.0
LOG201985,W0385,Night,2025-06-29 07:56:00,2025-06-29 17:56:00,10.0
LOG201987,W0129,Night,2025-01-09 23:52:00,2025-01-10 06:52:00,7.0
LOG201989,W0286,Evening,2025-05-27 10:27:00,2025-05-27 17:27:00,7.0
LOG201991,W0426,Evening,2025-06-17 05:49:00,2025-06-17 15:49:00,10.0
LOG201992,W0098,Night,2025-03-18 08:02:00,2025-03-18 16:02:00,8.0
LOG201993,W0086,Evening,2025-03-15 00:40:00,2025-03-15 09:40:00,9.0
LOG201994,W0202,Evening,2025-03-09 08:26:00,2025-03-09 15:26:00,7.0
LOG201997,W0093,Morning,2025-05-14 02:34:00,2025-05-14 11:34:00,9.0
LOG201998,W0262,Night,2025-06-03 19:55:00,2025-06-04 02:55:00,7.0
LOG202001,W0231,Morning,2025-02-01 20:12:00,2025-02-02 02:12:00,6.0
LOG202003,W0208,Morning,2025-06-25 22:28:00,2025-06-26 08:28:00,10.0
LOG202004,W0170,Evening,2025-03-30 02:53:00,2025-03-30 10:53:00,8.0
LOG202005,W0441,Morning,2025-04-29 20:01:00,2025-04-30 06:01:00,10.0
LOG202006,W0332,Night,2025-03-12 11:24:00,2025-03-12 18:24:00,7.0
LOG202007,W0314,Morning,2025-04-08 13:31:00,2025-04-08 22:31:00,9.0
LOG202008,W0387,Evening,2025-02-09 07:23:00,2025-02-09 14:23:00,7.0
LOG202009,W0405,Evening,2025-05-05 14:23:00,2025-05-05 21:23:00,7.0
LOG202010,W0066,Night,2025-01-13 14:56:00,2025-01-13 22:56:00,8.0
LOG202013,W0387,Morning,2025-06-01 03:35:00,2025-06-01 09:35:00,6.0
LOG202014,W0417,Evening,2025-06-25 13:41:00,2025-06-25 19:41:00,6.0
LOG202015,W0341,Night,2025-06-19 09:59:00,2025-06-19 18:59:00,9.0
LOG202018,W0428,Evening,2025-01-13 05:12:00,2025-01-13 11:12:00,6.0
LOG202019,W0111,Night,2025-04-20 14:14:00,2025-04-21 00:14:00,10.0
LOG202022,W0351,Morning,2025-01-16 23:00:00,2025-01-17 05:00:00,6.0
LOG202023,W0126,Night,2025-02-07 11:25:00,2025-02-07 20:25:00,9.0
LOG202025,W0119,Night,2025-03-23 17:22:00,2025-03-24 01:22:00,8.0
LOG202026,W0035,Night,2025-01-03 15:49:00,2025-01-03 23:49:00,8.0
LOG202027,W0173,Morning,2025-06-01 04:17:00,2025-06-01 14:17:00,10.0
LOG202028,W0021,Evening,2025-02-09 10:06:00,2025-02-09 18:06:00,8.0
LOG202029,W0062,Night,2025-01-12 13:45:00,2025-01-12 19:45:00,6.0
LOG202030,W0211,Evening,2025-01-31 10:25:00,2025-01-31 19:25:00,9.0
LOG202031,W0306,Night,2025-01-09 10:18:00,2025-01-09 17:18:00,7.0
LOG202032,W0318,Morning,2025-01-14 14:51:00,2025-01-14 21:51:00,7.0
LOG202034,W0421,Night,2025-04-13 00:40:00,2025-04-13 10:40:00,10.0
LOG202035,W0261,Morning,2025-04-02 18:28:00,2025-04-03 04:28:00,10.0
LOG202036,W0382,Night,2025-03-28 09:36:00,2025-03-28 17:36:00,8.0
LOG202037,W0066,Night,2025-03-15 12:28:00,2025-03-15 18:28:00,6.0
LOG202038,W0049,Night,2025-04-28 10:00:00,2025-04-28 20:00:00,10.0
LOG202040,W0061,Morning,2025-06-18 15:03:00,2025-06-19 01:03:00,10.0
LOG202043,W0168,Morning,2025-01-28 05:53:00,2025-01-28 11:53:00,6.0
LOG202046,W0357,Morning,2025-01-19 10:53:00,2025-01-19 18:53:00,8.0
LOG202049,W0010,Night,2025-04-18 01:08:00,2025-04-18 11:08:00,10.0
LOG202051,W0305,Evening,2025-03-24 06:11:00,2025-03-24 15:11:00,9.0
LOG202052,W0226,Morning,2025-05-24 06:15:00,2025-05-24 16:15:00,10.0
LOG202054,W0414,Night,2025-06-11 19:02:00,2025-06-12 02:02:00,7.0
LOG202055,W0200,Morning,2025-06-11 10:49:00,2025-06-11 17:49:00,7.0
LOG202057,W0493,Night,2025-02-26 05:33:00,2025-02-26 13:33:00,8.0
LOG202059,W0074,Night,2025-02-22 05:38:00,2025-02-22 15:38:00,10.0
LOG202060,W0164,Evening,2025-01-15 01:35:00,2025-01-15 07:35:00,6.0
LOG202062,W0216,Night,2025-06-04 06:30:00,2025-06-04 16:30:00,10.0
LOG202063,W0334,Night,2025-02-26 00:15:00,2025-02-26 07:15:00,7.0
LOG202064,W0018,Night,2025-02-10 20:33:00,2025-02-11 04:33:00,8.0
LOG202065,W0261,Night,2025-06-01 01:22:00,2025-06-01 11:22:00,10.0
LOG202066,W0018,Night,2025-01-29 09:30:00,2025-01-29 16:30:00,7.0
LOG202068,W0485,Evening,2025-05-02 08:15:00,2025-05-02 14:15:00,6.0
LOG202069,W0194,Morning,2025-02-01 11:16:00,2025-02-01 20:16:00,9.0
LOG202070,W0374,Night,2025-02-08 01:50:00,2025-02-08 10:50:00,9.0
LOG202071,W0204,Night,2025-03-25 09:32:00,2025-03-25 15:32:00,6.0
LOG202072,W0395,Night,2025-01-15 13:07:00,2025-01-15 22:07:00,9.0
LOG202074,W0309,Morning,2025-06-02 03:41:00,2025-06-02 11:41:00,8.0
LOG202077,W0276,Night,2025-05-19 11:27:00,2025-05-19 19:27:00,8.0
LOG202083,W0372,Night,2025-03-09 09:08:00,2025-03-09 18:08:00,9.0
LOG202085,W0038,Morning,2025-01-16 06:15:00,2025-01-16 12:15:00,6.0
LOG202086,W0449,Night,2025-01-21 04:50:00,2025-01-21 14:50:00,10.0
LOG202088,W0105,Evening,2025-06-19 02:40:00,2025-06-19 11:40:00,9.0
LOG202089,W0484,Night,2025-02-17 07:31:00,2025-02-17 15:31:00,8.0
LOG202090,W0435,Evening,2025-01-01 12:49:00,2025-01-01 18:49:00,6.0
LOG202091,W0320,Night,2025-06-10 03:23:00,2025-06-10 11:23:00,8.0
LOG202092,W0209,Night,2025-05-05 03:01:00,2025-05-05 10:01:00,7.0
LOG202093,W0440,Night,2025-02-22 17:34:00,2025-02-22 23:34:00,6.0
LOG202094,W0063,Morning,2025-05-28 19:16:00,2025-05-29 02:16:00,7.0
LOG202095,W0135,Night,2025-04-11 16:04:00,2025-04-12 00:04:00,8.0
LOG202096,W0094,Night,2025-02-11 07:52:00,2025-02-11 17:52:00,10.0
LOG202097,W0469,Evening,2025-03-05 06:44:00,2025-03-05 15:44:00,9.0
LOG202098,W0077,Evening,2025-06-08 20:07:00,2025-06-09 06:07:00,10.0
LOG202101,W0214,Evening,2025-04-16 04:41:00,2025-04-16 14:41:00,10.0
LOG202103,W0450,Night,2025-04-07 02:55:00,2025-04-07 09:55:00,7.0
LOG202104,W0047,Evening,2025-03-08 23:02:00,2025-03-09 08:02:00,9.0
LOG202106,W0299,Night,2025-02-13 23:23:00,2025-02-14 07:23:00,8.0
LOG202107,W0437,Night,2025-04-11 16:47:00,2025-04-11 22:47:00,6.0
LOG202108,W0043,Night,2025-03-18 18:27:00,2025-03-19 03:27:00,9.0
LOG202111,W0446,Evening,2025-01-24 03:58:00,2025-01-24 12:58:00,9.0
LOG202112,W0283,Night,2025-02-02 01:09:00,2025-02-02 10:09:00,9.0
LOG202113,W0286,Night,2025-01-21 12:05:00,2025-01-21 18:05:00,6.0
LOG202115,W0467,Morning,2025-05-08 01:30:00,2025-05-08 09:30:00,8.0
LOG202116,W0290,Night,2025-06-05 05:36:00,2025-06-05 12:36:00,7.0
LOG202118,W0324,Morning,2025-03-20 11:34:00,2025-03-20 17:34:00,6.0
LOG202119,W0043,Morning,2025-03-03 14:11:00,2025-03-04 00:11:00,10.0
LOG202120,W0089,Morning,2025-03-22 13:08:00,2025-03-22 19:08:00,6.0
LOG202121,W0185,Morning,2025-06-15 18:06:00,2025-06-16 01:06:00,7.0
LOG202126,W0257,Night,2025-06-04 12:41:00,2025-06-04 22:41:00,10.0
LOG202127,W0362,Night,2025-06-29 10:12:00,2025-06-29 17:12:00,7.0
LOG202128,W0486,Evening,2025-04-05 19:03:00,2025-04-06 04:03:00,9.0
LOG202130,W0074,Evening,2025-06-19 23:13:00,2025-06-20 09:13:00,10.0
LOG202131,W0121,Morning,2025-05-11 14:39:00,2025-05-11 23:39:00,9.0
LOG202133,W0482,Morning,2025-03-24 19:45:00,2025-03-25 03:45:00,8.0
LOG202134,W0023,Night,2025-01-31 03:03:00,2025-01-31 11:03:00,8.0
LOG202136,W0019,Night,2025-03-26 14:35:00,2025-03-26 22:35:00,8.0
LOG202138,W0361,Morning,2025-03-11 19:24:00,2025-03-12 04:24:00,9.0
LOG202140,W0191,Evening,2025-06-15 18:54:00,2025-06-16 01:54:00,7.0
LOG202141,W0339,Night,2025-04-04 13:15:00,2025-04-04 21:15:00,8.0
LOG202142,W0270,Night,2025-03-29 19:26:00,2025-03-30 02:26:00,7.0
LOG202143,W0040,Evening,2025-05-30 09:00:00,2025-05-30 15:00:00,6.0
LOG202144,W0068,Evening,2025-04-02 14:26:00,2025-04-02 22:26:00,8.0
LOG202145,W0223,Night,2025-03-08 04:25:00,2025-03-08 14:25:00,10.0
LOG202146,W0156,Evening,2025-03-21 05:36:00,2025-03-21 12:36:00,7.0
LOG202147,W0080,Evening,2025-05-01 01:34:00,2025-05-01 11:34:00,10.0
LOG202148,W0478,Night,2025-05-18 07:34:00,2025-05-18 13:34:00,6.0
LOG202149,W0495,Evening,2025-06-25 21:40:00,2025-06-26 06:40:00,9.0
LOG202150,W0222,Morning,2025-05-15 00:05:00,2025-05-15 06:05:00,6.0
LOG202151,W0363,Night,2025-02-25 17:28:00,2025-02-26 01:28:00,8.0
LOG202152,W0091,Night,2025-02-11 06:03:00,2025-02-11 16:03:00,10.0
LOG202154,W0261,Night,2025-05-16 16:10:00,2025-05-17 01:10:00,9.0
LOG202155,W0359,Morning,2025-03-05 06:25:00,2025-03-05 15:25:00,9.0
LOG202156,W0102,Evening,2025-06-05 02:15:00,2025-06-05 11:15:00,9.0
LOG202157,W0286,Night,2025-04-21 21:27:00,2025-04-22 03:27:00,6.0
LOG202158,W0496,Morning,2025-02-03 12:01:00,2025-02-03 22:01:00,10.0
LOG202159,W0069,Night,2025-05-01 10:31:00,2025-05-01 16:31:00,6.0
LOG202160,W0033,Evening,2025-02-06 20:52:00,2025-02-07 03:52:00,7.0
LOG202162,W0222,Morning,2025-04-24 20:01:00,2025-04-25 06:01:00,10.0
LOG202163,W0013,Night,2025-03-21 08:13:00,2025-03-21 16:13:00,8.0
LOG202165,W0426,Night,2025-02-27 03:57:00,2025-02-27 12:57:00,9.0
LOG202166,W0116,Morning,2025-04-17 18:07:00,2025-04-18 02:07:00,8.0
LOG202167,W0207,Evening,2025-02-02 12:52:00,2025-02-02 18:52:00,6.0
LOG202169,W0359,Evening,2025-03-10 02:45:00,2025-03-10 08:45:00,6.0
LOG202171,W0262,Night,2025-03-15 08:25:00,2025-03-15 15:25:00,7.0
LOG202173,W0413,Evening,2025-02-27 02:28:00,2025-02-27 12:28:00,10.0
LOG202174,W0352,Night,2025-03-18 06:12:00,2025-03-18 13:12:00,7.0
LOG202175,W0456,Morning,2025-03-22 09:42:00,2025-03-22 15:42:00,6.0
LOG202177,W0344,Night,2025-05-04 09:12:00,2025-05-04 16:12:00,7.0
LOG202178,W0114,Morning,2025-03-29 02:25:00,2025-03-29 09:25:00,7.0
LOG202179,W0199,Night,2025-03-14 13:12:00,2025-03-14 20:12:00,7.0
LOG202181,W0486,Night,2025-01-16 06:44:00,2025-01-16 16:44:00,10.0
LOG202182,W0500,Night,2025-05-23 21:42:00,2025-05-24 04:42:00,7.0
LOG202183,W0034,Evening,2025-04-30 03:24:00,2025-04-30 10:24:00,7.0
LOG202184,W0283,Morning,2025-06-02 15:29:00,2025-06-02 22:29:00,7.0
LOG202188,W0323,Morning,2025-01-14 22:00:00,2025-01-15 05:00:00,7.0
LOG202189,W0106,Evening,2025-05-12 21:07:00,2025-05-13 07:07:00,10.0
LOG202191,W0132,Morning,2025-06-18 01:20:00,2025-06-18 09:20:00,8.0
LOG202192,W0499,Night,2025-03-22 23:10:00,2025-03-23 06:10:00,7.0
LOG202194,W0248,Evening,2025-01-13 12:45:00,2025-01-13 18:45:00,6.0
LOG202195,W0282,Night,2025-06-22 15:03:00,2025-06-22 21:03:00,6.0
LOG202196,W0247,Evening,2025-05-05 22:45:00,2025-05-06 04:45:00,6.0
LOG202197,W0363,Evening,2025-05-05 05:22:00,2025-05-05 12:22:00,7.0
LOG202198,W0136,Night,2025-04-10 09:28:00,2025-04-10 17:28:00,8.0
LOG202199,W0209,Night,2025-04-05 08:47:00,2025-04-05 18:47:00,10.0
LOG202200,W0474,Night,2025-04-04 13:46:00,2025-04-04 19:46:00,6.0
LOG202201,W0063,Morning,2025-01-19 01:07:00,2025-01-19 07:07:00,6.0
LOG202202,W0403,Evening,2025-05-12 21:34:00,2025-05-13 06:34:00,9.0
LOG202203,W0411,Evening,2025-02-11 11:22:00,2025-02-11 20:22:00,9.0
LOG202205,W0109,Morning,2025-06-17 01:32:00,2025-06-17 09:32:00,8.0
LOG202206,W0350,Night,2025-04-07 14:52:00,2025-04-07 23:52:00,9.0
LOG202207,W0245,Evening,2025-04-30 17:30:00,2025-05-01 02:30:00,9.0
LOG202210,W0442,Morning,2025-06-13 02:24:00,2025-06-13 12:24:00,10.0
LOG202211,W0022,Night,2025-03-04 03:03:00,2025-03-04 11:03:00,8.0
LOG202213,W0240,Night,2025-04-13 13:43:00,2025-04-13 22:43:00,9.0
LOG202214,W0480,Morning,2025-01-15 08:22:00,2025-01-15 14:22:00,6.0
LOG202218,W0166,Night,2025-05-14 13:52:00,2025-05-14 19:52:00,6.0
LOG202219,W0305,Evening,2025-04-13 23:50:00,2025-04-14 09:50:00,10.0
LOG202221,W0253,Night,2025-04-03 05:09:00,2025-04-03 15:09:00,10.0
LOG202222,W0139,Evening,2025-02-20 14:35:00,2025-02-20 22:35:00,8.0
LOG202223,W0452,Night,2025-05-02 13:43:00,2025-05-02 22:43:00,9.0
LOG202224,W0483,Evening,2025-03-28 09:31:00,2025-03-28 16:31:00,7.0
LOG202226,W0031,Morning,2025-06-19 10:44:00,2025-06-19 17:44:00,7.0
LOG202227,W0310,Morning,2025-05-08 01:24:00,2025-05-08 09:24:00,8.0
LOG202229,W0225,Morning,2025-01-13 05:45:00,2025-01-13 12:45:00,7.0
LOG202230,W0429,Evening,2025-05-26 10:59:00,2025-05-26 20:59:00,10.0
LOG202232,W0325,Morning,2025-04-29 09:55:00,2025-04-29 15:55:00,6.0
LOG202233,W0031,Evening,2025-02-20 21:20:00,2025-02-21 05:20:00,8.0
LOG202234,W0205,Evening,2025-05-13 08:13:00,2025-05-13 15:13:00,7.0
LOG202235,W0074,Evening,2025-06-21 20:13:00,2025-06-22 02:13:00,6.0
LOG202237,W0102,Evening,2025-03-21 10:09:00,2025-03-21 20:09:00,10.0
LOG202240,W0027,Night,2025-03-30 05:54:00,2025-03-30 15:54:00,10.0
LOG202241,W0133,Night,2025-03-26 03:14:00,2025-03-26 13:14:00,10.0
LOG202242,W0378,Evening,2025-02-27 16:35:00,2025-02-28 01:35:00,9.0
LOG202243,W0449,Morning,2025-01-05 22:16:00,2025-01-06 06:16:00,8.0
LOG202244,W0427,Night,2025-02-28 19:46:00,2025-03-01 01:46:00,6.0
LOG202246,W0083,Evening,2025-04-29 16:16:00,2025-04-29 22:16:00,6.0
LOG202247,W0421,Night,2025-03-06 17:01:00,2025-03-07 03:01:00,10.0
LOG202248,W0203,Evening,2025-03-07 05:55:00,2025-03-07 11:55:00,6.0
LOG202249,W0003,Night,2025-03-03 11:16:00,2025-03-03 20:16:00,9.0
LOG202251,W0355,Night,2025-06-07 14:40:00,2025-06-07 23:40:00,9.0
LOG202252,W0020,Night,2025-01-26 22:38:00,2025-01-27 06:38:00,8.0
LOG202253,W0454,Night,2025-01-01 09:40:00,2025-01-01 15:40:00,6.0
LOG202254,W0284,Night,2025-01-07 16:14:00,2025-01-07 22:14:00,6.0
LOG202256,W0422,Evening,2025-06-19 15:39:00,2025-06-20 00:39:00,9.0
LOG202257,W0327,Night,2025-02-04 00:10:00,2025-02-04 07:10:00,7.0
LOG202258,W0103,Night,2025-02-26 15:46:00,2025-02-26 21:46:00,6.0
LOG202259,W0462,Morning,2025-01-26 19:59:00,2025-01-27 03:59:00,8.0
LOG202260,W0315,Night,2025-06-24 05:01:00,2025-06-24 14:01:00,9.0
LOG202262,W0007,Night,2025-05-08 14:05:00,2025-05-08 22:05:00,8.0
LOG202263,W0194,Night,2025-02-06 02:43:00,2025-02-06 12:43:00,10.0
LOG202264,W0050,Morning,2025-04-09 15:01:00,2025-04-10 01:01:00,10.0
LOG202265,W0489,Night,2025-06-22 15:38:00,2025-06-22 21:38:00,6.0
LOG202266,W0482,Morning,2025-06-06 15:43:00,2025-06-06 21:43:00,6.0
LOG202267,W0432,Evening,2025-06-07 12:53:00,2025-06-07 22:53:00,10.0
LOG202268,W0369,Night,2025-02-18 13:38:00,2025-02-18 19:38:00,6.0
LOG202270,W0446,Evening,2025-03-14 06:45:00,2025-03-14 12:45:00,6.0
LOG202271,W0200,Evening,2025-03-14 06:55:00,2025-03-14 15:55:00,9.0
LOG202273,W0469,Night,2025-02-24 15:17:00,2025-02-24 22:17:00,7.0
LOG202274,W0470,Morning,2025-03-29 15:10:00,2025-03-29 21:10:00,6.0
LOG202276,W0299,Morning,2025-02-25 23:40:00,2025-02-26 08:40:00,9.0
LOG202277,W0256,Night,2025-03-06 10:29:00,2025-03-06 16:29:00,6.0
LOG202278,W0143,Night,2025-05-15 19:03:00,2025-05-16 05:03:00,10.0
LOG202279,W0248,Morning,2025-06-14 04:52:00,2025-06-14 10:52:00,6.0
LOG202281,W0365,Evening,2025-04-09 14:17:00,2025-04-09 21:17:00,7.0
LOG202282,W0268,Evening,2025-02-18 00:53:00,2025-02-18 10:53:00,10.0
LOG202283,W0032,Morning,2025-03-19 07:42:00,2025-03-19 17:42:00,10.0
LOG202284,W0162,Morning,2025-04-23 09:15:00,2025-04-23 16:15:00,7.0
LOG202286,W0319,Night,2025-03-19 16:33:00,2025-03-20 02:33:00,10.0
LOG202287,W0437,Morning,2025-03-03 03:44:00,2025-03-03 11:44:00,8.0
LOG202288,W0480,Evening,2025-01-04 09:27:00,2025-01-04 15:27:00,6.0
LOG202289,W0071,Night,2025-06-02 22:34:00,2025-06-03 07:34:00,9.0
LOG202290,W0369,Evening,2025-04-17 21:16:00,2025-04-18 03:16:00,6.0
LOG202291,W0105,Morning,2025-01-25 20:04:00,2025-01-26 04:04:00,8.0
LOG202292,W0352,Night,2025-05-30 21:38:00,2025-05-31 03:38:00,6.0
LOG202293,W0176,Night,2025-01-08 21:20:00,2025-01-09 05:20:00,8.0
LOG202294,W0468,Evening,2025-03-26 02:36:00,2025-03-26 10:36:00,8.0
LOG202295,W0350,Morning,2025-04-21 16:57:00,2025-04-22 00:57:00,8.0
LOG202297,W0032,Night,2025-05-03 16:50:00,2025-05-03 22:50:00,6.0
LOG202298,W0351,Evening,2025-06-08 16:16:00,2025-06-08 22:16:00,6.0
LOG202299,W0151,Night,2025-05-01 15:45:00,2025-05-02 00:45:00,9.0
LOG202300,W0120,Morning,2025-05-27 01:25:00,2025-05-27 07:25:00,6.0
LOG202302,W0280,Night,2025-01-28 23:09:00,2025-01-29 05:09:00,6.0
LOG202303,W0006,Night,2025-03-19 05:02:00,2025-03-19 13:02:00,8.0
LOG202304,W0033,Night,2025-05-05 16:00:00,2025-05-05 22:00:00,6.0
LOG202307,W0404,Night,2025-01-23 02:54:00,2025-01-23 11:54:00,9.0
LOG202308,W0474,Evening,2025-04-27 06:07:00,2025-04-27 14:07:00,8.0
LOG202309,W0229,Evening,2025-01-24 08:31:00,2025-01-24 15:31:00,7.0
LOG202310,W0132,Night,2025-03-18 11:04:00,2025-03-18 18:04:00,7.0
LOG202311,W0083,Evening,2025-04-24 04:54:00,2025-04-24 12:54:00,8.0
LOG202312,W0030,Morning,2025-03-14 20:34:00,2025-03-15 02:34:00,6.0
LOG202314,W0121,Night,2025-05-20 07:23:00,2025-05-20 16:23:00,9.0
LOG202315,W0226,Morning,2025-06-10 22:43:00,2025-06-11 08:43:00,10.0
LOG202317,W0413,Morning,2025-05-06 17:57:00,2025-05-07 00:57:00,7.0
LOG202319,W0447,Evening,2025-02-24 18:46:00,2025-02-25 00:46:00,6.0
LOG202320,W0408,Morning,2025-04-05 09:49:00,2025-04-05 15:49:00,6.0
LOG202322,W0276,Evening,2025-05-15 13:27:00,2025-05-15 23:27:00,10.0
LOG202323,W0267,Night,2025-03-14 09:02:00,2025-03-14 16:02:00,7.0
LOG202325,W0215,Night,2025-05-18 00:10:00,2025-05-18 06:10:00,6.0
LOG202326,W0011,Morning,2025-04-06 23:14:00,2025-04-07 05:14:00,6.0
LOG202328,W0244,Night,2025-02-15 08:55:00,2025-02-15 16:55:00,8.0
LOG202329,W0386,Night,2025-03-17 14:13:00,2025-03-17 20:13:00,6.0
LOG202331,W0466,Night,2025-06-07 11:05:00,2025-06-07 20:05:00,9.0
LOG202332,W0094,Evening,2025-04-30 23:51:00,2025-05-01 06:51:00,7.0
LOG202333,W0129,Night,2025-03-01 08:22:00,2025-03-01 16:22:00,8.0
LOG202335,W0087,Night,2025-05-07 12:49:00,2025-05-07 22:49:00,10.0
LOG202336,W0265,Night,2025-01-20 15:20:00,2025-01-20 23:20:00,8.0
LOG202337,W0112,Night,2025-01-07 22:05:00,2025-01-08 04:05:00,6.0
LOG202338,W0074,Evening,2025-04-23 20:53:00,2025-04-24 03:53:00,7.0
LOG202340,W0383,Night,2025-03-04 06:07:00,2025-03-04 15:07:00,9.0
LOG202342,W0401,Night,2025-06-09 13:20:00,2025-06-09 19:20:00,6.0
LOG202343,W0285,Night,2025-03-07 12:38:00,2025-03-07 22:38:00,10.0
LOG202344,W0420,Evening,2025-03-11 19:40:00,2025-03-12 02:40:00,7.0
LOG202346,W0254,Night,2025-02-13 14:48:00,2025-02-13 23:48:00,9.0
LOG202347,W0134,Night,2025-05-28 00:05:00,2025-05-28 10:05:00,10.0
LOG202348,W0391,Morning,2025-04-10 09:50:00,2025-04-10 19:50:00,10.0
LOG202349,W0285,Night,2025-02-22 14:55:00,2025-02-23 00:55:00,10.0
LOG202350,W0099,Night,2025-04-08 01:17:00,2025-04-08 11:17:00,10.0
LOG202351,W0387,Evening,2025-06-17 05:55:00,2025-06-17 15:55:00,10.0
LOG202353,W0481,Night,2025-05-14 19:27:00,2025-05-15 02:27:00,7.0
LOG202355,W0488,Morning,2025-06-28 00:40:00,2025-06-28 08:40:00,8.0
LOG202356,W0137,Night,2025-05-18 12:29:00,2025-05-18 20:29:00,8.0
LOG202357,W0276,Evening,2025-06-25 01:48:00,2025-06-25 10:48:00,9.0
LOG202358,W0189,Evening,2025-06-26 10:42:00,2025-06-26 17:42:00,7.0
LOG202359,W0161,Night,2025-04-03 08:52:00,2025-04-03 15:52:00,7.0
LOG202362,W0154,Night,2025-03-31 00:24:00,2025-03-31 06:24:00,6.0
LOG202363,W0306,Morning,2025-02-27 15:39:00,2025-02-27 21:39:00,6.0
LOG202364,W0394,Night,2025-01-08 22:53:00,2025-01-09 08:53:00,10.0
LOG202366,W0093,Morning,2025-03-28 08:45:00,2025-03-28 16:45:00,8.0
LOG202367,W0495,Morning,2025-06-04 07:48:00,2025-06-04 16:48:00,9.0
LOG202368,W0418,Evening,2025-05-13 03:37:00,2025-05-13 10:37:00,7.0
LOG202369,W0305,Night,2025-01-13 06:20:00,2025-01-13 12:20:00,6.0
LOG202370,W0199,Night,2025-04-20 14:16:00,2025-04-20 23:16:00,9.0
LOG202371,W0030,Night,2025-01-24 19:30:00,2025-01-25 02:30:00,7.0
LOG202372,W0338,Night,2025-01-06 04:28:00,2025-01-06 13:28:00,9.0
LOG202373,W0352,Night,2025-04-01 23:09:00,2025-04-02 08:09:00,9.0
LOG202374,W0172,Night,2025-04-27 05:51:00,2025-04-27 14:51:00,9.0
LOG202376,W0265,Night,2025-06-08 03:35:00,2025-06-08 13:35:00,10.0
LOG202377,W0035,Night,2025-04-09 19:09:00,2025-04-10 03:09:00,8.0
LOG202378,W0495,Morning,2025-03-12 22:35:00,2025-03-13 07:35:00,9.0
LOG202379,W0246,Morning,2025-05-06 09:28:00,2025-05-06 19:28:00,10.0
LOG202380,W0368,Evening,2025-06-25 20:14:00,2025-06-26 02:14:00,6.0
LOG202382,W0339,Night,2025-03-09 06:08:00,2025-03-09 15:08:00,9.0
LOG202384,W0208,Evening,2025-05-29 17:40:00,2025-05-30 02:40:00,9.0
LOG202385,W0349,Night,2025-04-29 09:59:00,2025-04-29 17:59:00,8.0
LOG202386,W0193,Night,2025-04-06 22:42:00,2025-04-07 06:42:00,8.0
LOG202387,W0340,Night,2025-04-06 21:13:00,2025-04-07 07:13:00,10.0
LOG202388,W0360,Night,2025-05-13 21:22:00,2025-05-14 06:22:00,9.0
LOG202390,W0260,Night,2025-02-27 11:22:00,2025-02-27 21:22:00,10.0
LOG202394,W0201,Morning,2025-01-21 13:53:00,2025-01-21 23:53:00,10.0
LOG202396,W0182,Evening,2025-04-07 05:15:00,2025-04-07 13:15:00,8.0
LOG202399,W0172,Evening,2025-03-25 02:01:00,2025-03-25 09:01:00,7.0
LOG202400,W0265,Night,2025-01-23 23:37:00,2025-01-24 08:37:00,9.0
LOG202401,W0203,Morning,2025-03-24 22:32:00,2025-03-25 06:32:00,8.0
LOG202402,W0457,Night,2025-03-09 23:01:00,2025-03-10 06:01:00,7.0
LOG202405,W0201,Morning,2025-05-04 07:36:00,2025-05-04 14:36:00,7.0
LOG202406,W0061,Evening,2025-01-15 04:05:00,2025-01-15 11:05:00,7.0
LOG202407,W0181,Evening,2025-03-18 04:53:00,2025-03-18 14:53:00,10.0
LOG202408,W0271,Morning,2025-03-08 15:53:00,2025-03-09 01:53:00,10.0
LOG202409,W0240,Night,2025-02-10 14:17:00,2025-02-10 20:17:00,6.0
LOG202410,W0465,Morning,2025-04-08 02:27:00,2025-04-08 11:27:00,9.0
LOG202411,W0397,Morning,2025-03-25 04:25:00,2025-03-25 11:25:00,7.0
LOG202412,W0213,Night,2025-06-26 08:50:00,2025-06-26 18:50:00,10.0
LOG202413,W0274,Evening,2025-02-27 09:23:00,2025-02-27 17:23:00,8.0
LOG202414,W0090,Night,2025-04-22 22:00:00,2025-04-23 04:00:00,6.0
LOG202415,W0121,Night,2025-05-16 11:25:00,2025-05-16 20:25:00,9.0
LOG202417,W0258,Evening,2025-02-02 17:42:00,2025-02-03 00:42:00,7.0
LOG202418,W0210,Night,2025-05-07 11:52:00,2025-05-07 18:52:00,7.0
LOG202419,W0345,Night,2025-02-11 12:57:00,2025-02-11 19:57:00,7.0
LOG202420,W0428,Night,2025-04-22 23:56:00,2025-04-23 06:56:00,7.0
LOG202421,W0232,Night,2025-03-29 08:51:00,2025-03-29 16:51:00,8.0
LOG202422,W0251,Evening,2025-06-05 18:16:00,2025-06-06 04:16:00,10.0
LOG202423,W0449,Night,2025-05-17 18:13:00,2025-05-18 04:13:00,10.0
LOG202424,W0479,Morning,2025-04-26 22:07:00,2025-04-27 04:07:00,6.0
LOG202425,W0271,Night,2025-06-16 09:00:00,2025-06-16 18:00:00,9.0
LOG202426,W0102,Evening,2025-01-22 21:31:00,2025-01-23 03:31:00,6.0
LOG202427,W0009,Evening,2025-01-16 03:44:00,2025-01-16 11:44:00,8.0
LOG202428,W0017,Night,2025-02-22 07:36:00,2025-02-22 13:36:00,6.0
LOG202430,W0431,Morning,2025-04-09 17:25:00,2025-04-10 02:25:00,9.0
LOG202431,W0373,Night,2025-04-30 11:28:00,2025-04-30 17:28:00,6.0
LOG202432,W0299,Morning,2025-04-12 21:04:00,2025-04-13 06:04:00,9.0
LOG202434,W0077,Night,2025-01-11 20:09:00,2025-01-12 02:09:00,6.0
LOG202435,W0280,Morning,2025-01-15 03:13:00,2025-01-15 11:13:00,8.0
LOG202436,W0391,Night,2025-05-25 19:03:00,2025-05-26 05:03:00,10.0
LOG202437,W0477,Night,2025-05-10 16:23:00,2025-05-11 02:23:00,10.0
LOG202439,W0009,Evening,2025-02-25 13:49:00,2025-02-25 19:49:00,6.0
LOG202440,W0470,Morning,2025-05-16 23:33:00,2025-05-17 09:33:00,10.0
LOG202441,W0469,Night,2025-01-10 07:00:00,2025-01-10 16:00:00,9.0
LOG202442,W0317,Morning,2025-02-12 15:00:00,2025-02-12 21:00:00,6.0
LOG202443,W0117,Morning,2025-06-12 01:05:00,2025-06-12 10:05:00,9.0
LOG202447,W0328,Morning,2025-03-31 08:55:00,2025-03-31 14:55:00,6.0
LOG202448,W0435,Morning,2025-05-23 17:22:00,2025-05-23 23:22:00,6.0
LOG202449,W0367,Morning,2025-01-05 10:22:00,2025-01-05 18:22:00,8.0
LOG202452,W0038,Night,2025-02-01 08:01:00,2025-02-01 14:01:00,6.0
LOG202453,W0341,Evening,2025-02-08 05:21:00,2025-02-08 14:21:00,9.0
LOG202456,W0457,Evening,2025-03-05 07:56:00,2025-03-05 15:56:00,8.0
LOG202458,W0233,Morning,2025-03-08 02:59:00,2025-03-08 11:59:00,9.0
LOG202460,W0233,Night,2025-06-22 01:08:00,2025-06-22 10:08:00,9.0
LOG202461,W0215,Morning,2025-05-31 15:08:00,2025-05-31 21:08:00,6.0
LOG202462,W0129,Night,2025-02-04 00:15:00,2025-02-04 08:15:00,8.0
LOG202463,W0293,Night,2025-04-17 20:59:00,2025-04-18 02:59:00,6.0
LOG202464,W0248,Night,2025-06-23 22:35:00,2025-06-24 04:35:00,6.0
LOG202466,W0467,Morning,2025-06-20 14:53:00,2025-06-21 00:53:00,10.0
LOG202467,W0173,Morning,2025-03-30 12:21:00,2025-03-30 20:21:00,8.0
LOG202468,W0016,Night,2025-06-24 23:25:00,2025-06-25 08:25:00,9.0
LOG202470,W0227,Morning,2025-03-26 06:28:00,2025-03-26 15:28:00,9.0
LOG202471,W0033,Night,2025-02-25 00:33:00,2025-02-25 07:33:00,7.0
LOG202472,W0474,Night,2025-05-25 03:50:00,2025-05-25 10:50:00,7.0
LOG202474,W0414,Night,2025-05-04 23:49:00,2025-05-05 09:49:00,10.0
LOG202475,W0412,Evening,2025-01-16 20:01:00,2025-01-17 04:01:00,8.0
LOG202476,W0430,Night,2025-02-13 20:31:00,2025-02-14 03:31:00,7.0
LOG202477,W0415,Morning,2025-01-11 21:18:00,2025-01-12 03:18:00,6.0
LOG202478,W0036,Morning,2025-03-14 22:14:00,2025-03-15 07:14:00,9.0
LOG202479,W0414,Evening,2025-06-21 21:39:00,2025-06-22 04:39:00,7.0
LOG202480,W0052,Night,2025-01-05 18:51:00,2025-01-06 00:51:00,6.0
LOG202481,W0420,Evening,2025-04-15 11:25:00,2025-04-15 18:25:00,7.0
LOG202482,W0345,Evening,2025-04-04 02:36:00,2025-04-04 09:36:00,7.0
LOG202483,W0342,Night,2025-04-30 22:48:00,2025-05-01 08:48:00,10.0
LOG202484,W0463,Morning,2025-06-23 14:43:00,2025-06-23 20:43:00,6.0
LOG202486,W0162,Morning,2025-02-10 17:44:00,2025-02-10 23:44:00,6.0
LOG202487,W0478,Evening,2025-04-19 02:54:00,2025-04-19 08:54:00,6.0
LOG202488,W0201,Night,2025-06-15 22:36:00,2025-06-16 07:36:00,9.0
LOG202490,W0242,Night,2025-01-10 08:08:00,2025-01-10 17:08:00,9.0
LOG202491,W0286,Morning,2025-04-17 15:34:00,2025-04-18 00:34:00,9.0
LOG202492,W0097,Morning,2025-06-22 10:03:00,2025-06-22 20:03:00,10.0
LOG202494,W0244,Night,2025-04-02 17:42:00,2025-04-03 00:42:00,7.0
LOG202495,W0492,Night,2025-04-12 16:00:00,2025-04-12 23:00:00,7.0
LOG202496,W0474,Night,2025-01-11 20:30:00,2025-01-12 05:30:00,9.0
LOG202497,W0424,Night,2025-01-02 00:53:00,2025-01-02 07:53:00,7.0
LOG202498,W0267,Evening,2025-04-23 15:00:00,2025-04-24 00:00:00,9.0
LOG202499,W0476,Evening,2025-04-04 13:33:00,2025-04-04 20:33:00,7.0
LOG202502,W0158,Night,2025-04-28 17:13:00,2025-04-28 23:13:00,6.0
LOG202503,W0170,Night,2025-01-05 00:21:00,2025-01-05 07:21:00,7.0
LOG202504,W0154,Morning,2025-06-08 14:55:00,2025-06-09 00:55:00,10.0
LOG202505,W0184,Night,2025-04-29 23:34:00,2025-04-30 07:34:00,8.0
LOG202506,W0321,Morning,2025-04-29 22:33:00,2025-04-30 04:33:00,6.0
LOG202507,W0022,Night,2025-03-15 17:54:00,2025-03-16 00:54:00,7.0
LOG202508,W0111,Night,2025-04-09 18:48:00,2025-04-10 00:48:00,6.0
LOG202509,W0161,Evening,2025-06-17 23:27:00,2025-06-18 05:27:00,6.0
LOG202510,W0494,Evening,2025-04-12 23:41:00,2025-04-13 07:41:00,8.0
LOG202512,W0413,Evening,2025-01-25 17:16:00,2025-01-26 01:16:00,8.0
LOG202515,W0156,Night,2025-05-22 17:25:00,2025-05-23 02:25:00,9.0
LOG202516,W0460,Night,2025-01-30 09:51:00,2025-01-30 18:51:00,9.0
LOG202518,W0392,Evening,2025-05-13 18:52:00,2025-05-14 00:52:00,6.0
LOG202519,W0170,Night,2025-05-18 16:33:00,2025-05-19 00:33:00,8.0
LOG202521,W0197,Morning,2025-06-08 10:12:00,2025-06-08 19:12:00,9.0
LOG202522,W0253,Morning,2025-04-25 10:48:00,2025-04-25 18:48:00,8.0
LOG202523,W0443,Night,2025-03-10 01:22:00,2025-03-10 08:22:00,7.0
LOG202524,W0232,Night,2025-01-10 04:19:00,2025-01-10 11:19:00,7.0
LOG202526,W0385,Morning,2025-04-05 23:24:00,2025-04-06 09:24:00,10.0
LOG202527,W0003,Morning,2025-06-29 04:04:00,2025-06-29 14:04:00,10.0
LOG202528,W0335,Night,2025-04-22 15:51:00,2025-04-22 21:51:00,6.0
LOG202529,W0342,Night,2025-05-27 13:54:00,2025-05-27 22:54:00,9.0
LOG202530,W0400,Night,2025-03-27 06:47:00,2025-03-27 16:47:00,10.0
LOG202531,W0119,Evening,2025-02-20 08:21:00,2025-02-20 17:21:00,9.0
LOG202532,W0494,Night,2025-06-08 22:44:00,2025-06-09 07:44:00,9.0
LOG202533,W0421,Morning,2025-06-01 20:51:00,2025-06-02 05:51:00,9.0
LOG202534,W0241,Night,2025-03-16 07:00:00,2025-03-16 15:00:00,8.0
LOG202536,W0077,Evening,2025-04-02 12:05:00,2025-04-02 21:05:00,9.0
LOG202537,W0282,Evening,2025-02-06 21:43:00,2025-02-07 03:43:00,6.0
LOG202538,W0324,Night,2025-02-24 02:39:00,2025-02-24 08:39:00,6.0
LOG202539,W0086,Night,2025-01-28 13:09:00,2025-01-28 20:09:00,7.0
LOG202542,W0353,Evening,2025-06-16 00:13:00,2025-06-16 09:13:00,9.0
LOG202543,W0272,Night,2025-02-19 17:05:00,2025-02-20 03:05:00,10.0
LOG202544,W0127,Morning,2025-05-28 08:49:00,2025-05-28 15:49:00,7.0
LOG202545,W0052,Night,2025-06-01 06:10:00,2025-06-01 16:10:00,10.0
LOG202546,W0057,Morning,2025-05-02 13:50:00,2025-05-02 20:50:00,7.0
LOG202547,W0484,Night,2025-02-10 18:17:00,2025-02-11 04:17:00,10.0
LOG202548,W0287,Night,2025-04-22 17:54:00,2025-04-22 23:54:00,6.0
LOG202550,W0498,Night,2025-01-12 08:33:00,2025-01-12 17:33:00,9.0
LOG202552,W0059,Morning,2025-06-26 14:38:00,2025-06-26 20:38:00,6.0
LOG202556,W0421,Evening,2025-02-10 00:48:00,2025-02-10 10:48:00,10.0
LOG202557,W0339,Night,2025-03-17 12:54:00,2025-03-17 20:54:00,8.0
LOG202558,W0271,Night,2025-01-12 10:22:00,2025-01-12 19:22:00,9.0
LOG202559,W0415,Evening,2025-01-12 05:37:00,2025-01-12 11:37:00,6.0
LOG202560,W0280,Night,2025-03-01 21:06:00,2025-03-02 06:06:00,9.0
LOG202561,W0334,Morning,2025-03-01 14:13:00,2025-03-02 00:13:00,10.0
LOG202563,W0369,Night,2025-03-07 00:36:00,2025-03-07 08:36:00,8.0
LOG202564,W0180,Evening,2025-05-25 03:05:00,2025-05-25 11:05:00,8.0
LOG202565,W0104,Night,2025-04-27 22:29:00,2025-04-28 08:29:00,10.0
LOG202567,W0330,Morning,2025-06-12 16:29:00,2025-06-12 23:29:00,7.0
LOG202568,W0169,Evening,2025-05-12 14:11:00,2025-05-12 20:11:00,6.0
LOG202569,W0127,Morning,2025-05-29 20:00:00,2025-05-30 05:00:00,9.0
LOG202570,W0380,Evening,2025-06-02 08:27:00,2025-06-02 18:27:00,10.0
LOG202571,W0031,Evening,2025-05-17 12:04:00,2025-05-17 18:04:00,6.0
LOG202572,W0467,Night,2025-02-18 19:47:00,2025-02-19 05:47:00,10.0
LOG202574,W0334,Night,2025-05-20 17:33:00,2025-05-20 23:33:00,6.0
LOG202575,W0431,Night,2025-03-11 19:52:00,2025-03-12 03:52:00,8.0
LOG202576,W0357,Morning,2025-06-23 06:48:00,2025-06-23 16:48:00,10.0
LOG202577,W0183,Night,2025-01-14 19:00:00,2025-01-15 02:00:00,7.0
LOG202578,W0496,Evening,2025-05-13 08:35:00,2025-05-13 16:35:00,8.0
LOG202581,W0465,Night,2025-02-28 03:30:00,2025-02-28 12:30:00,9.0
LOG202582,W0139,Night,2025-05-12 11:29:00,2025-05-12 18:29:00,7.0
LOG202583,W0281,Night,2025-03-27 15:06:00,2025-03-27 23:06:00,8.0
LOG202584,W0229,Morning,2025-06-09 10:27:00,2025-06-09 19:27:00,9.0
LOG202585,W0431,Night,2025-06-19 02:14:00,2025-06-19 09:14:00,7.0
LOG202587,W0348,Morning,2025-03-14 20:31:00,2025-03-15 03:31:00,7.0
LOG202588,W0006,Morning,2025-05-29 15:02:00,2025-05-30 01:02:00,10.0
LOG202589,W0398,Evening,2025-03-27 08:37:00,2025-03-27 18:37:00,10.0
LOG202591,W0108,Morning,2025-02-26 09:40:00,2025-02-26 18:40:00,9.0
LOG202592,W0168,Night,2025-03-01 04:38:00,2025-03-01 14:38:00,10.0
LOG202594,W0334,Night,2025-03-25 20:35:00,2025-03-26 02:35:00,6.0
LOG202595,W0345,Night,2025-02-20 02:24:00,2025-02-20 08:24:00,6.0
LOG202596,W0476,Evening,2025-05-25 18:19:00,2025-05-26 01:19:00,7.0
LOG202598,W0378,Night,2025-05-28 06:46:00,2025-05-28 13:46:00,7.0
LOG202599,W0139,Night,2025-02-18 23:31:00,2025-02-19 07:31:00,8.0
LOG202600,W0433,Night,2025-02-07 13:59:00,2025-02-07 19:59:00,6.0
LOG202601,W0208,Morning,2025-04-01 00:33:00,2025-04-01 07:33:00,7.0
LOG202603,W0422,Evening,2025-03-18 18:48:00,2025-03-19 02:48:00,8.0
LOG202604,W0366,Night,2025-03-15 06:40:00,2025-03-15 12:40:00,6.0
LOG202605,W0383,Morning,2025-03-02 18:27:00,2025-03-03 00:27:00,6.0
LOG202606,W0072,Night,2025-04-06 09:12:00,2025-04-06 19:12:00,10.0
LOG202609,W0363,Evening,2025-06-07 18:21:00,2025-06-08 00:21:00,6.0
LOG202610,W0082,Evening,2025-05-05 22:08:00,2025-05-06 05:08:00,7.0
LOG202612,W0256,Morning,2025-01-15 07:11:00,2025-01-15 16:11:00,9.0
LOG202613,W0252,Night,2025-01-22 08:30:00,2025-01-22 15:30:00,7.0
LOG202614,W0065,Night,2025-05-17 15:36:00,2025-05-18 01:36:00,10.0
LOG202615,W0080,Night,2025-06-22 00:56:00,2025-06-22 07:56:00,7.0
LOG202616,W0017,Night,2025-01-20 07:13:00,2025-01-20 15:13:00,8.0
LOG202617,W0243,Morning,2025-03-28 02:15:00,2025-03-28 11:15:00,9.0
LOG202618,W0464,Evening,2025-04-10 03:02:00,2025-04-10 09:02:00,6.0
LOG202620,W0337,Night,2025-06-07 05:31:00,2025-06-07 13:31:00,8.0
LOG202621,W0413,Morning,2025-05-22 03:55:00,2025-05-22 12:55:00,9.0
LOG202622,W0053,Morning,2025-03-03 04:36:00,2025-03-03 13:36:00,9.0
LOG202624,W0365,Night,2025-01-23 19:16:00,2025-01-24 01:16:00,6.0
LOG202625,W0203,Morning,2025-05-14 03:12:00,2025-05-14 11:12:00,8.0
LOG202626,W0037,Morning,2025-02-20 04:14:00,2025-02-20 12:14:00,8.0
LOG202627,W0209,Morning,2025-06-02 04:51:00,2025-06-02 11:51:00,7.0
LOG202628,W0366,Night,2025-06-08 15:42:00,2025-06-08 21:42:00,6.0
LOG202629,W0316,Night,2025-06-27 06:07:00,2025-06-27 14:07:00,8.0
LOG202630,W0295,Night,2025-02-04 16:30:00,2025-02-05 01:30:00,9.0
LOG202631,W0320,Morning,2025-06-27 16:54:00,2025-06-28 02:54:00,10.0
LOG202632,W0106,Morning,2025-03-23 04:06:00,2025-03-23 11:06:00,7.0
LOG202633,W0356,Evening,2025-04-20 00:55:00,2025-04-20 07:55:00,7.0
LOG202635,W0455,Night,2025-03-02 22:54:00,2025-03-03 04:54:00,6.0
LOG202636,W0392,Night,2025-02-27 00:50:00,2025-02-27 07:50:00,7.0
LOG202637,W0217,Night,2025-02-23 13:00:00,2025-02-23 21:00:00,8.0
LOG202638,W0487,Evening,2025-04-21 06:17:00,2025-04-21 15:17:00,9.0
LOG202639,W0389,Evening,2025-05-30 01:49:00,2025-05-30 08:49:00,7.0
LOG202641,W0214,Morning,2025-01-15 17:04:00,2025-01-15 23:04:00,6.0
LOG202644,W0017,Evening,2025-01-13 06:55:00,2025-01-13 16:55:00,10.0
LOG202646,W0394,Morning,2025-04-02 18:08:00,2025-04-03 00:08:00,6.0
LOG202647,W0310,Night,2025-03-13 14:43:00,2025-03-14 00:43:00,10.0
LOG202648,W0258,Night,2025-04-08 13:53:00,2025-04-08 21:53:00,8.0
LOG202652,W0440,Evening,2025-01-04 20:18:00,2025-01-05 05:18:00,9.0
LOG202653,W0422,Morning,2025-03-17 10:45:00,2025-03-17 17:45:00,7.0
LOG202655,W0448,Night,2025-06-27 19:23:00,2025-06-28 01:23:00,6.0
LOG202656,W0169,Evening,2025-02-20 22:41:00,2025-02-21 05:41:00,7.0
LOG202657,W0356,Morning,2025-01-02 03:42:00,2025-01-02 09:42:00,6.0
LOG202660,W0219,Night,2025-05-12 11:21:00,2025-05-12 17:21:00,6.0
LOG202662,W0362,Evening,2025-01-04 19:18:00,2025-01-05 02:18:00,7.0
LOG202663,W0065,Morning,2025-05-24 19:20:00,2025-05-25 01:20:00,6.0
LOG202666,W0297,Morning,2025-05-26 08:18:00,2025-05-26 16:18:00,8.0
LOG202667,W0486,Night,2025-04-22 13:48:00,2025-04-22 23:48:00,10.0
LOG202668,W0411,Night,2025-05-02 19:24:00,2025-05-03 05:24:00,10.0
LOG202669,W0030,Night,2025-02-05 02:27:00,2025-02-05 08:27:00,6.0
LOG202670,W0084,Evening,2025-03-16 17:05:00,2025-03-17 03:05:00,10.0
LOG202671,W0015,Morning,2025-06-11 11:28:00,2025-06-11 18:28:00,7.0
LOG202672,W0171,Night,2025-01-31 15:48:00,2025-02-01 00:48:00,9.0
LOG202673,W0375,Night,2025-04-15 17:57:00,2025-04-15 23:57:00,6.0
LOG202674,W0441,Night,2025-02-24 10:45:00,2025-02-24 19:45:00,9.0
LOG202675,W0104,Morning,2025-01-04 15:32:00,2025-01-04 21:32:00,6.0
LOG202677,W0493,Evening,2025-06-15 23:20:00,2025-06-16 08:20:00,9.0
LOG202680,W0159,Evening,2025-05-12 15:41:00,2025-05-12 22:41:00,7.0
LOG202685,W0480,Night,2025-03-18 19:26:00,2025-03-19 04:26:00,9.0
LOG202686,W0230,Morning,2025-04-06 07:30:00,2025-04-06 14:30:00,7.0
LOG202687,W0453,Night,2025-05-10 16:23:00,2025-05-11 02:23:00,10.0
LOG202688,W0399,Evening,2025-01-07 08:06:00,2025-01-07 14:06:00,6.0
LOG202689,W0495,Morning,2025-03-02 22:31:00,2025-03-03 05:31:00,7.0
LOG202690,W0432,Night,2025-02-16 22:25:00,2025-02-17 05:25:00,7.0
LOG202691,W0348,Night,2025-03-11 05:10:00,2025-03-11 14:10:00,9.0
LOG202693,W0190,Morning,2025-06-20 10:40:00,2025-06-20 19:40:00,9.0
LOG202694,W0261,Morning,2025-05-26 18:09:00,2025-05-27 01:09:00,7.0
LOG202695,W0215,Morning,2025-01-20 18:25:00,2025-01-21 01:25:00,7.0
LOG202696,W0467,Evening,2025-01-19 04:09:00,2025-01-19 12:09:00,8.0
LOG202698,W0271,Night,2025-05-28 19:51:00,2025-05-29 03:51:00,8.0
LOG202699,W0076,Night,2025-06-17 16:17:00,2025-06-18 00:17:00,8.0
LOG202700,W0239,Morning,2025-06-12 09:39:00,2025-06-12 19:39:00,10.0
LOG202702,W0301,Evening,2025-04-12 00:44:00,2025-04-12 07:44:00,7.0
LOG202704,W0349,Night,2025-02-27 06:55:00,2025-02-27 13:55:00,7.0
LOG202705,W0463,Night,2025-05-20 14:16:00,2025-05-20 23:16:00,9.0
LOG202706,W0405,Night,2025-02-12 18:48:00,2025-02-13 04:48:00,10.0
LOG202707,W0383,Night,2025-02-22 17:44:00,2025-02-23 00:44:00,7.0
LOG202709,W0420,Evening,2025-03-07 07:35:00,2025-03-07 17:35:00,10.0
LOG202710,W0305,Evening,2025-02-21 05:19:00,2025-02-21 15:19:00,10.0
LOG202713,W0498,Night,2025-01-26 18:26:00,2025-01-27 02:26:00,8.0
LOG202714,W0326,Night,2025-01-02 18:22:00,2025-01-03 01:22:00,7.0
LOG202715,W0422,Night,2025-04-13 15:04:00,2025-04-14 00:04:00,9.0
LOG202716,W0348,Evening,2025-03-19 11:27:00,2025-03-19 17:27:00,6.0
LOG202717,W0489,Night,2025-06-23 11:41:00,2025-06-23 17:41:00,6.0
LOG202718,W0058,Evening,2025-04-16 06:07:00,2025-04-16 13:07:00,7.0
LOG202722,W0305,Morning,2025-05-22 16:14:00,2025-05-22 23:14:00,7.0
LOG202723,W0410,Morning,2025-05-26 16:49:00,2025-05-27 01:49:00,9.0
LOG202725,W0473,Evening,2025-05-24 22:50:00,2025-05-25 07:50:00,9.0
LOG202726,W0451,Morning,2025-06-27 09:20:00,2025-06-27 18:20:00,9.0
LOG202728,W0323,Evening,2025-05-23 01:14:00,2025-05-23 10:14:00,9.0
LOG202729,W0348,Night,2025-05-24 22:36:00,2025-05-25 05:36:00,7.0
LOG202730,W0345,Night,2025-04-06 23:18:00,2025-04-07 06:18:00,7.0
LOG202731,W0210,Morning,2025-05-22 13:18:00,2025-05-22 22:18:00,9.0
LOG202732,W0228,Night,2025-06-01 13:02:00,2025-06-01 21:02:00,8.0
LOG202733,W0352,Night,2025-01-16 13:22:00,2025-01-16 20:22:00,7.0
LOG202734,W0266,Morning,2025-05-05 17:50:00,2025-05-06 03:50:00,10.0
LOG202735,W0459,Evening,2025-01-27 16:51:00,2025-01-28 02:51:00,10.0
LOG202736,W0038,Night,2025-04-23 06:07:00,2025-04-23 12:07:00,6.0
LOG202737,W0087,Evening,2025-01-18 13:30:00,2025-01-18 23:30:00,10.0
LOG202738,W0162,Morning,2025-06-29 10:10:00,2025-06-29 16:10:00,6.0
LOG202739,W0311,Morning,2025-03-05 19:35:00,2025-03-06 01:35:00,6.0
LOG202742,W0273,Evening,2025-04-30 06:36:00,2025-04-30 16:36:00,10.0
LOG202743,W0324,Night,2025-04-24 07:06:00,2025-04-24 15:06:00,8.0
LOG202744,W0284,Night,2025-03-12 10:15:00,2025-03-12 20:15:00,10.0
LOG202746,W0380,Night,2025-05-19 22:25:00,2025-05-20 07:25:00,9.0
LOG202747,W0337,Evening,2025-04-11 20:37:00,2025-04-12 05:37:00,9.0
LOG202749,W0004,Night,2025-03-12 12:31:00,2025-03-12 21:31:00,9.0
LOG202750,W0428,Night,2025-06-14 23:44:00,2025-06-15 07:44:00,8.0
LOG202751,W0119,Evening,2025-03-24 07:13:00,2025-03-24 15:13:00,8.0
LOG202752,W0462,Evening,2025-05-24 23:27:00,2025-05-25 08:27:00,9.0
LOG202753,W0097,Morning,2025-02-14 23:03:00,2025-02-15 06:03:00,7.0
LOG202754,W0177,Night,2025-05-17 22:52:00,2025-05-18 04:52:00,6.0
LOG202756,W0156,Night,2025-05-03 00:49:00,2025-05-03 08:49:00,8.0
LOG202759,W0376,Night,2025-02-20 12:15:00,2025-02-20 18:15:00,6.0
LOG202761,W0231,Night,2025-03-03 02:17:00,2025-03-03 10:17:00,8.0
LOG202762,W0127,Night,2025-06-10 08:00:00,2025-06-10 18:00:00,10.0
LOG202763,W0246,Night,2025-05-12 04:36:00,2025-05-12 13:36:00,9.0
LOG202764,W0209,Evening,2025-06-04 15:01:00,2025-06-05 01:01:00,10.0
LOG202765,W0072,Evening,2025-01-26 22:11:00,2025-01-27 04:11:00,6.0
LOG202767,W0181,Night,2025-04-04 02:34:00,2025-04-04 08:34:00,6.0
LOG202769,W0220,Night,2025-05-15 11:29:00,2025-05-15 18:29:00,7.0
LOG202770,W0453,Morning,2025-03-03 11:26:00,2025-03-03 17:26:00,6.0
LOG202773,W0493,Night,2025-05-15 17:39:00,2025-05-16 01:39:00,8.0
LOG202774,W0401,Evening,2025-01-12 10:31:00,2025-01-12 19:31:00,9.0
LOG202775,W0138,Evening,2025-03-16 06:48:00,2025-03-16 13:48:00,7.0
LOG202776,W0264,Morning,2025-06-22 08:50:00,2025-06-22 14:50:00,6.0
LOG202777,W0464,Morning,2025-03-17 21:46:00,2025-03-18 07:46:00,10.0
LOG202779,W0177,Evening,2025-03-03 17:07:00,2025-03-04 03:07:00,10.0
LOG202780,W0199,Night,2025-01-16 09:23:00,2025-01-16 19:23:00,10.0
LOG202782,W0411,Morning,2025-06-17 13:07:00,2025-06-17 23:07:00,10.0
LOG202785,W0086,Evening,2025-03-12 01:57:00,2025-03-12 09:57:00,8.0
LOG202786,W0431,Night,2025-03-22 13:10:00,2025-03-22 23:10:00,10.0
LOG202790,W0194,Morning,2025-04-15 12:53:00,2025-04-15 20:53:00,8.0
LOG202791,W0233,Night,2025-01-02 21:20:00,2025-01-03 04:20:00,7.0
LOG202792,W0220,Morning,2025-01-28 07:16:00,2025-01-28 14:16:00,7.0
LOG202793,W0346,Night,2025-02-25 21:29:00,2025-02-26 07:29:00,10.0
LOG202794,W0122,Morning,2025-06-28 04:31:00,2025-06-28 13:31:00,9.0
LOG202796,W0443,Night,2025-02-06 14:18:00,2025-02-06 21:18:00,7.0
LOG202797,W0269,Evening,2025-05-01 03:03:00,2025-05-01 12:03:00,9.0
LOG202798,W0274,Morning,2025-01-04 00:40:00,2025-01-04 06:40:00,6.0
LOG202799,W0159,Morning,2025-02-03 08:55:00,2025-02-03 14:55:00,6.0
LOG202800,W0253,Night,2025-03-09 15:33:00,2025-03-09 22:33:00,7.0
LOG202804,W0461,Evening,2025-04-26 05:06:00,2025-04-26 13:06:00,8.0
LOG202806,W0486,Evening,2025-06-20 06:11:00,2025-06-20 12:11:00,6.0
LOG202807,W0056,Evening,2025-04-15 11:52:00,2025-04-15 17:52:00,6.0
LOG202809,W0477,Morning,2025-04-29 15:27:00,2025-04-29 21:27:00,6.0
LOG202811,W0417,Night,2025-05-01 13:18:00,2025-05-01 23:18:00,10.0
LOG202813,W0103,Morning,2025-05-03 02:15:00,2025-05-03 10:15:00,8.0
LOG202814,W0328,Evening,2025-03-29 02:07:00,2025-03-29 11:07:00,9.0
LOG202816,W0119,Night,2025-03-09 06:43:00,2025-03-09 16:43:00,10.0
LOG202818,W0191,Evening,2025-02-24 00:31:00,2025-02-24 10:31:00,10.0
LOG202819,W0294,Night,2025-05-12 06:26:00,2025-05-12 14:26:00,8.0
LOG202821,W0468,Night,2025-05-09 06:11:00,2025-05-09 16:11:00,10.0
LOG202824,W0440,Evening,2025-03-28 04:37:00,2025-03-28 13:37:00,9.0
LOG202826,W0428,Night,2025-02-23 16:01:00,2025-02-23 23:01:00,7.0
LOG202827,W0324,Evening,2025-03-12 18:36:00,2025-03-13 03:36:00,9.0
LOG202828,W0268,Night,2025-05-04 08:54:00,2025-05-04 15:54:00,7.0
LOG202829,W0181,Night,2025-05-21 01:44:00,2025-05-21 11:44:00,10.0
LOG202831,W0204,Evening,2025-05-04 03:11:00,2025-05-04 13:11:00,10.0
LOG202832,W0257,Night,2025-05-08 11:39:00,2025-05-08 19:39:00,8.0
LOG202833,W0439,Evening,2025-01-22 00:11:00,2025-01-22 10:11:00,10.0
LOG202834,W0081,Morning,2025-05-17 12:41:00,2025-05-17 18:41:00,6.0
LOG202835,W0052,Night,2025-05-28 11:33:00,2025-05-28 18:33:00,7.0
LOG202836,W0297,Morning,2025-05-23 13:13:00,2025-05-23 22:13:00,9.0
LOG202837,W0190,Night,2025-02-14 11:54:00,2025-02-14 20:54:00,9.0
LOG202838,W0294,Morning,2025-01-09 03:31:00,2025-01-09 10:31:00,7.0
LOG202840,W0404,Night,2025-06-09 18:46:00,2025-06-10 03:46:00,9.0
LOG202841,W0409,Night,2025-03-05 15:47:00,2025-03-06 01:47:00,10.0
LOG202842,W0244,Night,2025-05-18 00:48:00,2025-05-18 06:48:00,6.0
LOG202843,W0362,Night,2025-02-17 08:23:00,2025-02-17 17:23:00,9.0
LOG202844,W0393,Morning,2025-03-05 14:28:00,2025-03-05 21:28:00,7.0
LOG202845,W0440,Morning,2025-03-18 20:30:00,2025-03-19 03:30:00,7.0
LOG202848,W0325,Evening,2025-05-29 11:20:00,2025-05-29 20:20:00,9.0
LOG202849,W0348,Night,2025-03-18 07:16:00,2025-03-18 13:16:00,6.0
LOG202850,W0409,Night,2025-02-22 20:16:00,2025-02-23 05:16:00,9.0
LOG202851,W0179,Morning,2025-02-18 20:12:00,2025-02-19 05:12:00,9.0
LOG202852,W0204,Evening,2025-06-05 17:07:00,2025-06-06 00:07:00,7.0
LOG202854,W0390,Morning,2025-01-27 02:57:00,2025-01-27 11:57:00,9.0
LOG202856,W0208,Night,2025-01-20 18:04:00,2025-01-21 01:04:00,7.0
LOG202857,W0404,Evening,2025-01-22 13:50:00,2025-01-22 23:50:00,10.0
LOG202858,W0085,Night,2025-04-22 14:22:00,2025-04-22 20:22:00,6.0
LOG202859,W0318,Evening,2025-03-09 08:54:00,2025-03-09 16:54:00,8.0
LOG202860,W0316,Night,2025-05-11 01:41:00,2025-05-11 08:41:00,7.0
LOG202861,W0169,Night,2025-06-11 22:42:00,2025-06-12 06:42:00,8.0
LOG202862,W0435,Morning,2025-03-26 10:19:00,2025-03-26 20:19:00,10.0
LOG202863,W0215,Morning,2025-04-25 05:09:00,2025-04-25 13:09:00,8.0
LOG202867,W0054,Evening,2025-05-01 19:24:00,2025-05-02 02:24:00,7.0
LOG202868,W0286,Morning,2025-03-17 14:45:00,2025-03-17 20:45:00,6.0
LOG202869,W0314,Night,2025-05-02 05:36:00,2025-05-02 14:36:00,9.0
LOG202870,W0176,Evening,2025-05-21 19:14:00,2025-05-22 05:14:00,10.0
LOG202871,W0157,Night,2025-03-26 00:47:00,2025-03-26 08:47:00,8.0
LOG202872,W0357,Morning,2025-04-18 18:27:00,2025-04-19 01:27:00,7.0
LOG202875,W0448,Evening,2025-01-18 04:37:00,2025-01-18 13:37:00,9.0
LOG202876,W0428,Night,2025-04-03 17:30:00,2025-04-04 01:30:00,8.0
LOG202877,W0155,Night,2025-05-10 22:52:00,2025-05-11 07:52:00,9.0
LOG202879,W0056,Night,2025-02-26 23:37:00,2025-02-27 09:37:00,10.0
LOG202880,W0041,Night,2025-02-13 05:19:00,2025-02-13 12:19:00,7.0
LOG202881,W0459,Night,2025-06-23 18:55:00,2025-06-24 03:55:00,9.0
LOG202882,W0364,Evening,2025-02-22 09:20:00,2025-02-22 16:20:00,7.0
LOG202883,W0499,Night,2025-06-24 00:47:00,2025-06-24 08:47:00,8.0
LOG202884,W0298,Night,2025-04-11 08:46:00,2025-04-11 17:46:00,9.0
LOG202885,W0454,Morning,2025-01-24 19:47:00,2025-01-25 04:47:00,9.0
LOG202886,W0324,Evening,2025-05-06 12:20:00,2025-05-06 19:20:00,7.0
LOG202888,W0234,Evening,2025-06-07 00:39:00,2025-06-07 08:39:00,8.0
LOG202889,W0367,Night,2025-03-30 00:02:00,2025-03-30 10:02:00,10.0
LOG202890,W0025,Night,2025-06-21 16:42:00,2025-06-21 23:42:00,7.0
LOG202891,W0149,Evening,2025-04-29 19:18:00,2025-04-30 02:18:00,7.0
LOG202892,W0117,Morning,2025-03-14 06:22:00,2025-03-14 15:22:00,9.0
LOG202893,W0479,Morning,2025-06-05 17:12:00,2025-06-06 02:12:00,9.0
LOG202894,W0326,Night,2025-02-15 18:04:00,2025-02-16 00:04:00,6.0
LOG202895,W0220,Night,2025-03-27 05:05:00,2025-03-27 11:05:00,6.0
LOG202897,W0149,Night,2025-01-24 02:49:00,2025-01-24 08:49:00,6.0
LOG202898,W0459,Night,2025-01-17 03:08:00,2025-01-17 10:08:00,7.0
LOG202899,W0354,Night,2025-04-08 22:03:00,2025-04-09 07:03:00,9.0
LOG202900,W0282,Night,2025-06-10 10:28:00,2025-06-10 17:28:00,7.0
LOG202902,W0486,Night,2025-02-14 18:00:00,2025-02-15 03:00:00,9.0
LOG202903,W0090,Morning,2025-01-21 07:46:00,2025-01-21 15:46:00,8.0
LOG202904,W0274,Evening,2025-05-10 00:41:00,2025-05-10 07:41:00,7.0
LOG202905,W0403,Morning,2025-02-04 08:51:00,2025-02-04 14:51:00,6.0
LOG202906,W0134,Night,2025-03-07 18:00:00,2025-03-08 01:00:00,7.0
LOG202907,W0190,Night,2025-04-10 10:59:00,2025-04-10 18:59:00,8.0
LOG202909,W0368,Evening,2025-03-19 00:21:00,2025-03-19 09:21:00,9.0
LOG202910,W0342,Evening,2025-06-25 21:56:00,2025-06-26 06:56:00,9.0
LOG202911,W0057,Morning,2025-05-15 05:26:00,2025-05-15 12:26:00,7.0
LOG202913,W0050,Morning,2025-02-10 09:41:00,2025-02-10 15:41:00,6.0
LOG202915,W0061,Evening,2025-04-14 01:35:00,2025-04-14 09:35:00,8.0
LOG202916,W0128,Evening,2025-02-01 12:39:00,2025-02-01 18:39:00,6.0
LOG202919,W0070,Evening,2025-01-02 03:33:00,2025-01-02 11:33:00,8.0
LOG202920,W0204,Evening,2025-06-15 16:28:00,2025-06-15 23:28:00,7.0
LOG202921,W0431,Morning,2025-03-20 23:55:00,2025-03-21 06:55:00,7.0
LOG202923,W0028,Evening,2025-06-01 15:55:00,2025-06-02 00:55:00,9.0
LOG202924,W0394,Morning,2025-05-09 05:18:00,2025-05-09 15:18:00,10.0
LOG202925,W0012,Night,2025-04-23 09:00:00,2025-04-23 15:00:00,6.0
LOG202926,W0407,Evening,2025-05-08 17:55:00,2025-05-09 03:55:00,10.0
LOG202928,W0395,Morning,2025-06-02 01:11:00,2025-06-02 10:11:00,9.0
LOG202929,W0448,Night,2025-02-07 22:52:00,2025-02-08 07:52:00,9.0
LOG202931,W0421,Morning,2025-06-22 14:18:00,2025-06-22 20:18:00,6.0
LOG202932,W0213,Evening,2025-03-01 19:38:00,2025-03-02 04:38:00,9.0
LOG202933,W0310,Morning,2025-01-13 02:48:00,2025-01-13 12:48:00,10.0
LOG202934,W0387,Night,2025-05-04 22:51:00,2025-05-05 08:51:00,10.0
LOG202936,W0343,Night,2025-03-13 11:29:00,2025-03-13 17:29:00,6.0
LOG202937,W0476,Morning,2025-06-11 22:18:00,2025-06-12 04:18:00,6.0
LOG202938,W0444,Night,2025-05-28 09:05:00,2025-05-28 17:05:00,8.0
LOG202939,W0081,Morning,2025-03-03 14:58:00,2025-03-03 21:58:00,7.0
LOG202940,W0481,Evening,2025-05-10 10:41:00,2025-05-10 19:41:00,9.0
LOG202941,W0231,Night,2025-01-08 22:12:00,2025-01-09 06:12:00,8.0
LOG202942,W0218,Morning,2025-06-16 03:22:00,2025-06-16 12:22:00,9.0
LOG202943,W0308,Morning,2025-03-20 10:30:00,2025-03-20 17:30:00,7.0
LOG202944,W0497,Night,2025-03-24 06:40:00,2025-03-24 13:40:00,7.0
LOG202945,W0268,Morning,2025-05-28 05:08:00,2025-05-28 14:08:00,9.0
LOG202946,W0209,Morning,2025-02-14 05:25:00,2025-02-14 12:25:00,7.0
LOG202949,W0361,Night,2025-02-13 18:33:00,2025-02-14 02:33:00,8.0
LOG202951,W0108,Night,2025-05-11 12:05:00,2025-05-11 20:05:00,8.0
LOG202952,W0406,Night,2025-04-04 20:14:00,2025-04-05 05:14:00,9.0
LOG202953,W0317,Morning,2025-01-09 10:06:00,2025-01-09 18:06:00,8.0
LOG202958,W0419,Morning,2025-06-01 10:18:00,2025-06-01 20:18:00,10.0
LOG202960,W0285,Morning,2025-02-08 09:39:00,2025-02-08 17:39:00,8.0
LOG202961,W0449,Night,2025-05-04 23:21:00,2025-05-05 07:21:00,8.0
LOG202962,W0232,Night,2025-01-31 21:58:00,2025-02-01 03:58:00,6.0
LOG202963,W0357,Night,2025-05-22 03:49:00,2025-05-22 10:49:00,7.0
LOG202964,W0259,Evening,2025-06-03 14:40:00,2025-06-03 23:40:00,9.0
LOG202965,W0301,Night,2025-01-16 14:46:00,2025-01-16 20:46:00,6.0
LOG202967,W0230,Night,2025-05-16 02:55:00,2025-05-16 12:55:00,10.0
LOG202968,W0163,Night,2025-01-12 13:57:00,2025-01-12 20:57:00,7.0
LOG202972,W0278,Morning,2025-01-27 03:33:00,2025-01-27 11:33:00,8.0
LOG202973,W0294,Night,2025-06-08 13:21:00,2025-06-08 22:21:00,9.0
LOG202974,W0461,Night,2025-03-23 12:52:00,2025-03-23 22:52:00,10.0
LOG202975,W0481,Night,2025-01-26 05:27:00,2025-01-26 12:27:00,7.0
LOG202976,W0336,Night,2025-04-02 06:25:00,2025-04-02 13:25:00,7.0
LOG202977,W0203,Night,2025-05-07 11:04:00,2025-05-07 17:04:00,6.0
LOG202978,W0242,Evening,2025-06-25 19:38:00,2025-06-26 01:38:00,6.0
LOG202979,W0167,Night,2025-04-25 20:41:00,2025-04-26 05:41:00,9.0
LOG202981,W0051,Night,2025-03-05 02:23:00,2025-03-05 12:23:00,10.0
LOG202983,W0353,Night,2025-05-17 02:31:00,2025-05-17 08:31:00,6.0
LOG202984,W0370,Evening,2025-01-20 19:40:00,2025-01-21 01:40:00,6.0
LOG202985,W0319,Night,2025-01-04 14:49:00,2025-01-05 00:49:00,10.0
LOG202986,W0441,Night,2025-05-02 19:38:00,2025-05-03 03:38:00,8.0
LOG202988,W0393,Evening,2025-03-08 22:33:00,2025-03-09 07:33:00,9.0
LOG202990,W0378,Night,2025-02-07 04:22:00,2025-02-07 11:22:00,7.0
LOG202992,W0079,Morning,2025-01-20 16:35:00,2025-01-20 23:35:00,7.0
LOG202994,W0334,Evening,2025-03-01 14:55:00,2025-03-01 20:55:00,6.0
LOG202995,W0078,Night,2025-02-16 21:00:00,2025-02-17 05:00:00,8.0
LOG202996,W0124,Morning,2025-01-01 21:31:00,2025-01-02 03:31:00,6.0
LOG202997,W0004,Evening,2025-05-23 08:39:00,2025-05-23 18:39:00,10.0
LOG202998,W0171,Evening,2025-05-16 04:52:00,2025-05-16 10:52:00,6.0
LOG202999,W0166,Night,2025-03-03 12:33:00,2025-03-03 22:33:00,10.0
LOG203000,W0253,Morning,2025-01-17 07:17:00,2025-01-17 15:17:00,8.0
LOG203001,W0411,Night,2025-03-19 07:15:00,2025-03-19 16:15:00,9.0
LOG203004,W0133,Night,2025-03-28 18:14:00,2025-03-29 03:14:00,9.0
LOG203005,W0078,Night,2025-01-28 08:08:00,2025-01-28 16:08:00,8.0
LOG203007,W0499,Night,2025-06-27 17:51:00,2025-06-28 00:51:00,7.0
LOG203010,W0221,Evening,2025-04-12 03:18:00,2025-04-12 10:18:00,7.0
LOG203011,W0187,Morning,2025-05-12 14:00:00,2025-05-12 21:00:00,7.0
LOG203012,W0433,Night,2025-04-25 09:07:00,2025-04-25 15:07:00,6.0
LOG203013,W0237,Morning,2025-04-15 13:28:00,2025-04-15 20:28:00,7.0
LOG203014,W0321,Morning,2025-01-06 23:40:00,2025-01-07 06:40:00,7.0
LOG203016,W0103,Night,2025-06-04 00:46:00,2025-06-04 09:46:00,9.0
LOG203017,W0282,Morning,2025-06-07 18:52:00,2025-06-08 03:52:00,9.0
LOG203019,W0170,Evening,2025-04-11 23:34:00,2025-04-12 05:34:00,6.0
LOG203020,W0485,Evening,2025-04-03 09:32:00,2025-04-03 15:32:00,6.0
LOG203023,W0128,Evening,2025-01-02 06:38:00,2025-01-02 14:38:00,8.0
LOG203027,W0478,Night,2025-06-21 16:58:00,2025-06-22 01:58:00,9.0
LOG203028,W0202,Evening,2025-05-04 08:35:00,2025-05-04 15:35:00,7.0
LOG203030,W0085,Night,2025-05-05 06:11:00,2025-05-05 12:11:00,6.0
LOG203031,W0109,Night,2025-01-25 05:01:00,2025-01-25 13:01:00,8.0
LOG203032,W0058,Night,2025-01-28 17:47:00,2025-01-29 02:47:00,9.0
LOG203033,W0487,Morning,2025-01-18 17:36:00,2025-01-19 02:36:00,9.0
LOG203034,W0286,Night,2025-04-21 14:00:00,2025-04-21 20:00:00,6.0
LOG203035,W0461,Night,2025-04-07 09:16:00,2025-04-07 18:16:00,9.0
LOG203036,W0071,Night,2025-03-13 00:55:00,2025-03-13 07:55:00,7.0
LOG203037,W0210,Morning,2025-01-25 03:08:00,2025-01-25 13:08:00,10.0
LOG203038,W0175,Evening,2025-03-23 10:51:00,2025-03-23 20:51:00,10.0
LOG203039,W0467,Evening,2025-01-05 02:43:00,2025-01-05 12:43:00,10.0
LOG203040,W0496,Night,2025-06-15 23:31:00,2025-06-16 05:31:00,6.0
LOG203041,W0055,Night,2025-04-04 11:34:00,2025-04-04 18:34:00,7.0
LOG203042,W0356,Night,2025-02-09 01:15:00,2025-02-09 08:15:00,7.0
LOG203043,W0318,Evening,2025-06-06 01:36:00,2025-06-06 07:36:00,6.0
LOG203044,W0221,Morning,2025-03-13 23:42:00,2025-03-14 06:42:00,7.0
LOG203047,W0376,Morning,2025-06-29 10:15:00,2025-06-29 16:15:00,6.0
LOG203050,W0004,Night,2025-06-03 11:45:00,2025-06-03 20:45:00,9.0
LOG203051,W0092,Evening,2025-03-06 07:20:00,2025-03-06 16:20:00,9.0
LOG203052,W0004,Morning,2025-05-10 06:36:00,2025-05-10 14:36:00,8.0
LOG203053,W0493,Night,2025-02-05 23:12:00,2025-02-06 08:12:00,9.0
LOG203054,W0044,Evening,2025-01-16 20:51:00,2025-01-17 05:51:00,9.0
LOG203055,W0448,Night,2025-04-16 20:53:00,2025-04-17 06:53:00,10.0
LOG203057,W0187,Night,2025-06-01 18:14:00,2025-06-02 04:14:00,10.0
LOG203058,W0323,Evening,2025-03-07 11:09:00,2025-03-07 20:09:00,9.0
LOG203059,W0231,Night,2025-06-11 05:37:00,2025-06-11 12:37:00,7.0
LOG203060,W0169,Night,2025-02-15 09:22:00,2025-02-15 17:22:00,8.0
LOG203061,W0495,Night,2025-01-28 08:45:00,2025-01-28 16:45:00,8.0
LOG203062,W0144,Night,2025-01-13 23:54:00,2025-01-14 07:54:00,8.0
LOG203063,W0298,Night,2025-01-22 01:23:00,2025-01-22 11:23:00,10.0
LOG203064,W0293,Night,2025-05-24 13:15:00,2025-05-24 21:15:00,8.0
LOG203065,W0500,Night,2025-04-11 04:25:00,2025-04-11 14:25:00,10.0
LOG203067,W0308,Night,2025-03-07 21:27:00,2025-03-08 04:27:00,7.0
LOG203068,W0413,Night,2025-06-24 13:56:00,2025-06-24 20:56:00,7.0
LOG203069,W0145,Night,2025-06-01 06:36:00,2025-06-01 13:36:00,7.0
LOG203070,W0093,Night,2025-01-18 19:54:00,2025-01-19 05:54:00,10.0
LOG203071,W0288,Morning,2025-05-24 08:59:00,2025-05-24 16:59:00,8.0
LOG203073,W0408,Morning,2025-04-01 06:04:00,2025-04-01 14:04:00,8.0
LOG203075,W0223,Night,2025-01-18 11:05:00,2025-01-18 21:05:00,10.0
LOG203077,W0300,Morning,2025-06-09 06:51:00,2025-06-09 14:51:00,8.0
LOG203078,W0381,Night,2025-06-08 15:53:00,2025-06-09 00:53:00,9.0
LOG203080,W0084,Night,2025-01-28 18:23:00,2025-01-29 04:23:00,10.0
LOG203083,W0169,Evening,2025-06-16 10:26:00,2025-06-16 16:26:00,6.0
LOG203084,W0123,Evening,2025-02-20 12:19:00,2025-02-20 20:19:00,8.0
LOG203087,W0134,Night,2025-02-02 05:08:00,2025-02-02 14:08:00,9.0
LOG203088,W0130,Night,2025-01-07 11:00:00,2025-01-07 17:00:00,6.0
LOG203089,W0393,Night,2025-06-03 14:17:00,2025-06-03 20:17:00,6.0
LOG203091,W0500,Evening,2025-01-24 23:37:00,2025-01-25 09:37:00,10.0
LOG203093,W0484,Night,2025-03-02 04:14:00,2025-03-02 11:14:00,7.0
LOG203094,W0315,Evening,2025-05-04 05:20:00,2025-05-04 12:20:00,7.0
LOG203095,W0467,Night,2025-03-27 22:50:00,2025-03-28 05:50:00,7.0
LOG203096,W0122,Night,2025-01-13 06:39:00,2025-01-13 12:39:00,6.0
LOG203097,W0438,Night,2025-02-17 07:36:00,2025-02-17 17:36:00,10.0
LOG203098,W0249,Morning,2025-03-17 23:06:00,2025-03-18 07:06:00,8.0
LOG203103,W0302,Night,2025-03-15 16:11:00,2025-03-16 00:11:00,8.0
LOG203104,W0450,Night,2025-03-07 02:40:00,2025-03-07 11:40:00,9.0
LOG203105,W0468,Morning,2025-01-01 10:53:00,2025-01-01 17:53:00,7.0
LOG203106,W0053,Night,2025-06-06 15:46:00,2025-06-07 01:46:00,10.0
LOG203107,W0478,Evening,2025-01-17 12:41:00,2025-01-17 20:41:00,8.0
LOG203108,W0245,Night,2025-02-05 15:20:00,2025-02-05 21:20:00,6.0
LOG203109,W0336,Night,2025-01-12 02:41:00,2025-01-12 10:41:00,8.0
LOG203110,W0208,Night,2025-06-06 06:29:00,2025-06-06 16:29:00,10.0
LOG203111,W0062,Morning,2025-05-20 08:31:00,2025-05-20 15:31:00,7.0
LOG203112,W0077,Morning,2025-02-24 00:41:00,2025-02-24 10:41:00,10.0
LOG203113,W0138,Night,2025-02-21 11:37:00,2025-02-21 18:37:00,7.0
LOG203115,W0093,Morning,2025-04-26 15:52:00,2025-04-26 22:52:00,7.0
LOG203117,W0230,Night,2025-02-28 14:08:00,2025-02-28 21:08:00,7.0
LOG203118,W0232,Night,2025-04-30 11:29:00,2025-04-30 18:29:00,7.0
LOG203120,W0007,Morning,2025-04-14 20:18:00,2025-04-15 05:18:00,9.0
LOG203121,W0175,Night,2025-05-29 23:12:00,2025-05-30 07:12:00,8.0
LOG203124,W0472,Morning,2025-01-31 14:57:00,2025-01-31 20:57:00,6.0
LOG203126,W0045,Evening,2025-06-09 03:38:00,2025-06-09 13:38:00,10.0
LOG203127,W0170,Evening,2025-05-02 06:35:00,2025-05-02 15:35:00,9.0
LOG203128,W0273,Night,2025-04-06 01:19:00,2025-04-06 07:19:00,6.0
LOG203129,W0088,Night,2025-03-06 20:05:00,2025-03-07 03:05:00,7.0
LOG203130,W0296,Night,2025-01-03 09:02:00,2025-01-03 17:02:00,8.0
LOG203131,W0326,Evening,2025-04-29 22:45:00,2025-04-30 07:45:00,9.0
LOG203132,W0342,Night,2025-05-27 05:46:00,2025-05-27 15:46:00,10.0
LOG203133,W0109,Night,2025-06-16 09:13:00,2025-06-16 19:13:00,10.0
LOG203134,W0332,Night,2025-01-18 21:24:00,2025-01-19 07:24:00,10.0
LOG203135,W0320,Morning,2025-03-26 07:46:00,2025-03-26 16:46:00,9.0
LOG203136,W0102,Evening,2025-01-27 01:39:00,2025-01-27 11:39:00,10.0
LOG203137,W0378,Night,2025-04-06 16:13:00,2025-04-06 23:13:00,7.0
LOG203139,W0099,Evening,2025-03-09 08:33:00,2025-03-09 17:33:00,9.0
LOG203140,W0151,Morning,2025-02-16 19:29:00,2025-02-17 01:29:00,6.0
LOG203141,W0299,Evening,2025-01-29 17:01:00,2025-01-30 03:01:00,10.0
LOG203142,W0327,Morning,2025-05-26 10:21:00,2025-05-26 19:21:00,9.0
LOG203143,W0050,Morning,2025-01-22 20:48:00,2025-01-23 06:48:00,10.0
LOG203144,W0290,Night,2025-06-04 04:25:00,2025-06-04 14:25:00,10.0
LOG203149,W0265,Night,2025-03-19 04:24:00,2025-03-19 14:24:00,10.0
LOG203152,W0411,Night,2025-02-03 11:50:00,2025-02-03 18:50:00,7.0
LOG203154,W0016,Evening,2025-03-02 15:53:00,2025-03-02 21:53:00,6.0
LOG203156,W0348,Morning,2025-04-18 06:03:00,2025-04-18 12:03:00,6.0
LOG203157,W0384,Night,2025-06-08 13:56:00,2025-06-08 20:56:00,7.0
LOG203159,W0396,Night,2025-02-17 12:30:00,2025-02-17 20:30:00,8.0
LOG203160,W0339,Evening,2025-02-07 08:10:00,2025-02-07 18:10:00,10.0
LOG203163,W0218,Night,2025-03-12 12:35:00,2025-03-12 18:35:00,6.0
LOG203166,W0177,Morning,2025-04-24 02:31:00,2025-04-24 12:31:00,10.0
LOG203169,W0109,Evening,2025-01-23 00:09:00,2025-01-23 08:09:00,8.0
LOG203171,W0443,Night,2025-01-25 23:02:00,2025-01-26 07:02:00,8.0
LOG203172,W0368,Evening,2025-04-10 00:35:00,2025-04-10 08:35:00,8.0
LOG203173,W0194,Evening,2025-05-17 21:06:00,2025-05-18 06:06:00,9.0
LOG203174,W0410,Night,2025-01-24 11:24:00,2025-01-24 19:24:00,8.0
LOG203175,W0061,Evening,2025-03-11 19:06:00,2025-03-12 04:06:00,9.0
LOG203176,W0200,Night,2025-05-27 04:03:00,2025-05-27 10:03:00,6.0
LOG203177,W0328,Night,2025-03-06 01:35:00,2025-03-06 07:35:00,6.0
LOG203179,W0237,Morning,2025-02-04 08:54:00,2025-02-04 18:54:00,10.0
LOG203180,W0316,Morning,2025-01-21 11:39:00,2025-01-21 20:39:00,9.0
LOG203181,W0234,Morning,2025-01-09 00:41:00,2025-01-09 10:41:00,10.0
LOG203182,W0448,Night,2025-06-17 10:39:00,2025-06-17 18:39:00,8.0
LOG203184,W0194,Night,2025-06-29 10:30:00,2025-06-29 20:30:00,10.0
LOG203185,W0332,Night,2025-03-11 16:14:00,2025-03-11 23:14:00,7.0
LOG203186,W0209,Morning,2025-03-02 15:21:00,2025-03-02 22:21:00,7.0
LOG203187,W0170,Evening,2025-01-09 08:03:00,2025-01-09 18:03:00,10.0
LOG203188,W0350,Night,2025-01-25 22:26:00,2025-01-26 08:26:00,10.0
LOG203189,W0097,Night,2025-04-21 02:07:00,2025-04-21 08:07:00,6.0
LOG203190,W0413,Morning,2025-03-04 17:03:00,2025-03-05 02:03:00,9.0
LOG203192,W0070,Night,2025-02-23 02:18:00,2025-02-23 12:18:00,10.0
LOG203193,W0451,Night,2025-06-13 05:15:00,2025-06-13 12:15:00,7.0
LOG203197,W0133,Morning,2025-06-28 10:54:00,2025-06-28 17:54:00,7.0
LOG203198,W0279,Evening,2025-04-24 11:13:00,2025-04-24 21:13:00,10.0
LOG203199,W0293,Evening,2025-04-15 12:44:00,2025-04-15 21:44:00,9.0
LOG203201,W0008,Night,2025-02-22 17:32:00,2025-02-23 02:32:00,9.0
LOG203202,W0177,Evening,2025-01-04 03:57:00,2025-01-04 09:57:00,6.0
LOG203203,W0203,Evening,2025-06-02 13:24:00,2025-06-02 20:24:00,7.0
LOG203204,W0248,Morning,2025-01-11 11:13:00,2025-01-11 21:13:00,10.0
LOG203205,W0476,Night,2025-03-22 12:18:00,2025-03-22 19:18:00,7.0
LOG203206,W0099,Morning,2025-04-23 17:28:00,2025-04-24 02:28:00,9.0
LOG203208,W0153,Morning,2025-01-18 12:02:00,2025-01-18 19:02:00,7.0
LOG203209,W0107,Evening,2025-05-08 02:08:00,2025-05-08 08:08:00,6.0
LOG203210,W0380,Evening,2025-02-20 15:51:00,2025-02-20 23:51:00,8.0
LOG203211,W0267,Night,2025-02-21 05:20:00,2025-02-21 14:20:00,9.0
LOG203212,W0105,Morning,2025-01-17 13:52:00,2025-01-17 22:52:00,9.0
LOG203213,W0285,Morning,2025-04-24 13:09:00,2025-04-24 19:09:00,6.0
LOG203214,W0007,Night,2025-04-20 14:25:00,2025-04-20 23:25:00,9.0
LOG203215,W0386,Evening,2025-02-08 10:12:00,2025-02-08 17:12:00,7.0
LOG203216,W0371,Night,2025-01-31 18:20:00,2025-02-01 01:20:00,7.0
LOG203217,W0480,Morning,2025-03-12 12:28:00,2025-03-12 18:28:00,6.0
LOG203219,W0377,Night,2025-06-23 14:33:00,2025-06-23 20:33:00,6.0
LOG203220,W0345,Evening,2025-03-30 18:49:00,2025-03-31 00:49:00,6.0
LOG203221,W0116,Morning,2025-03-22 05:44:00,2025-03-22 11:44:00,6.0
LOG203223,W0348,Night,2025-03-23 04:53:00,2025-03-23 11:53:00,7.0
LOG203225,W0066,Morning,2025-05-06 06:01:00,2025-05-06 14:01:00,8.0
LOG203226,W0187,Night,2025-04-25 19:23:00,2025-04-26 04:23:00,9.0
LOG203227,W0287,Night,2025-05-23 18:30:00,2025-05-24 04:30:00,10.0
LOG203228,W0048,Night,2025-04-27 07:51:00,2025-04-27 13:51:00,6.0
LOG203229,W0179,Night,2025-06-13 11:58:00,2025-06-13 20:58:00,9.0
LOG203230,W0414,Evening,2025-03-30 08:55:00,2025-03-30 14:55:00,6.0
LOG203231,W0132,Evening,2025-06-09 18:52:00,2025-06-10 01:52:00,7.0
LOG203232,W0076,Evening,2025-05-19 01:31:00,2025-05-19 08:31:00,7.0
LOG203233,W0434,Night,2025-03-01 06:17:00,2025-03-01 12:17:00,6.0
LOG203234,W0144,Evening,2025-04-05 02:42:00,2025-04-05 08:42:00,6.0
LOG203235,W0152,Night,2025-03-07 02:14:00,2025-03-07 09:14:00,7.0
LOG203238,W0058,Evening,2025-06-15 07:00:00,2025-06-15 17:00:00,10.0
LOG203239,W0310,Morning,2025-03-12 02:03:00,2025-03-12 09:03:00,7.0
LOG203240,W0438,Evening,2025-05-02 07:36:00,2025-05-02 16:36:00,9.0
LOG203242,W0206,Night,2025-06-24 16:33:00,2025-06-25 01:33:00,9.0
LOG203244,W0460,Night,2025-04-28 11:55:00,2025-04-28 21:55:00,10.0
LOG203245,W0456,Night,2025-01-08 15:31:00,2025-01-09 01:31:00,10.0
LOG203246,W0191,Evening,2025-03-28 09:48:00,2025-03-28 17:48:00,8.0
LOG203250,W0487,Night,2025-06-11 01:21:00,2025-06-11 08:21:00,7.0
LOG203251,W0404,Night,2025-01-16 00:56:00,2025-01-16 06:56:00,6.0
LOG203252,W0136,Evening,2025-04-27 22:20:00,2025-04-28 05:20:00,7.0
LOG203254,W0199,Night,2025-02-24 21:53:00,2025-02-25 07:53:00,10.0
LOG203255,W0292,Night,2025-05-04 15:14:00,2025-05-05 00:14:00,9.0
LOG203256,W0194,Night,2025-05-10 20:31:00,2025-05-11 04:31:00,8.0
LOG203259,W0384,Night,2025-02-25 09:37:00,2025-02-25 18:37:00,9.0
LOG203261,W0302,Night,2025-06-22 13:58:00,2025-06-22 22:58:00,9.0
LOG203262,W0255,Morning,2025-06-20 16:32:00,2025-06-20 23:32:00,7.0
LOG203263,W0214,Night,2025-05-24 01:03:00,2025-05-24 08:03:00,7.0
LOG203264,W0308,Evening,2025-04-12 14:09:00,2025-04-13 00:09:00,10.0
LOG203265,W0471,Morning,2025-03-14 09:14:00,2025-03-14 17:14:00,8.0
LOG203266,W0442,Morning,2025-05-15 00:20:00,2025-05-15 08:20:00,8.0
LOG203268,W0448,Night,2025-03-13 11:55:00,2025-03-13 21:55:00,10.0
LOG203270,W0272,Night,2025-05-24 14:20:00,2025-05-24 20:20:00,6.0
LOG203272,W0140,Night,2025-06-12 07:40:00,2025-06-12 16:40:00,9.0
LOG203273,W0006,Evening,2025-05-08 22:35:00,2025-05-09 04:35:00,6.0
LOG203276,W0109,Morning,2025-05-28 20:49:00,2025-05-29 05:49:00,9.0
LOG203277,W0170,Night,2025-01-07 07:47:00,2025-01-07 16:47:00,9.0
LOG203279,W0151,Night,2025-03-12 05:21:00,2025-03-12 15:21:00,10.0
LOG203280,W0445,Night,2025-05-16 18:46:00,2025-05-17 00:46:00,6.0
LOG203281,W0294,Night,2025-01-16 08:52:00,2025-01-16 16:52:00,8.0
LOG203282,W0362,Morning,2025-05-20 22:58:00,2025-05-21 08:58:00,10.0
LOG203283,W0117,Morning,2025-06-04 22:44:00,2025-06-05 04:44:00,6.0
LOG203284,W0110,Evening,2025-01-06 06:58:00,2025-01-06 14:58:00,8.0
LOG203285,W0383,Night,2025-03-07 13:53:00,2025-03-07 21:53:00,8.0
LOG203286,W0243,Night,2025-01-11 23:38:00,2025-01-12 09:38:00,10.0
LOG203287,W0138,Night,2025-03-08 03:07:00,2025-03-08 09:07:00,6.0
LOG203288,W0161,Morning,2025-04-09 15:10:00,2025-04-09 22:10:00,7.0
LOG203289,W0093,Evening,2025-04-08 12:16:00,2025-04-08 20:16:00,8.0
LOG203291,W0173,Night,2025-05-22 14:43:00,2025-05-22 21:43:00,7.0
LOG203292,W0445,Morning,2025-03-10 10:17:00,2025-03-10 19:17:00,9.0
LOG203293,W0348,Evening,2025-01-24 19:54:00,2025-01-25 05:54:00,10.0
LOG203294,W0303,Evening,2025-01-30 15:03:00,2025-01-30 21:03:00,6.0
LOG203295,W0145,Night,2025-02-16 13:48:00,2025-02-16 21:48:00,8.0
LOG203296,W0344,Morning,2025-04-15 13:06:00,2025-04-15 20:06:00,7.0
LOG203297,W0309,Morning,2025-03-31 06:32:00,2025-03-31 13:32:00,7.0
LOG203298,W0383,Night,2025-04-06 06:04:00,2025-04-06 16:04:00,10.0
LOG203300,W0007,Night,2025-04-30 03:40:00,2025-04-30 10:40:00,7.0
LOG203301,W0007,Evening,2025-04-13 14:00:00,2025-04-13 20:00:00,6.0
LOG203302,W0175,Night,2025-06-23 05:50:00,2025-06-23 14:50:00,9.0
LOG203303,W0491,Evening,2025-05-15 03:39:00,2025-05-15 09:39:00,6.0
LOG203304,W0022,Night,2025-05-26 01:42:00,2025-05-26 10:42:00,9.0
LOG203305,W0106,Morning,2025-01-27 23:26:00,2025-01-28 06:26:00,7.0
LOG203306,W0097,Night,2025-01-21 19:31:00,2025-01-22 01:31:00,6.0
LOG203307,W0385,Night,2025-06-16 19:57:00,2025-06-17 03:57:00,8.0
LOG203310,W0480,Night,2025-04-11 10:16:00,2025-04-11 16:16:00,6.0
LOG203311,W0090,Evening,2025-03-21 09:42:00,2025-03-21 18:42:00,9.0
LOG203312,W0019,Night,2025-02-02 21:42:00,2025-02-03 07:42:00,10.0
LOG203314,W0367,Morning,2025-03-17 05:57:00,2025-03-17 12:57:00,7.0
LOG203315,W0014,Morning,2025-02-07 01:34:00,2025-02-07 07:34:00,6.0
LOG203316,W0082,Evening,2025-01-06 22:42:00,2025-01-07 07:42:00,9.0
LOG203317,W0418,Night,2025-05-02 07:45:00,2025-05-02 13:45:00,6.0
LOG203318,W0041,Morning,2025-02-26 13:46:00,2025-02-26 21:46:00,8.0
LOG203320,W0314,Night,2025-03-15 23:39:00,2025-03-16 06:39:00,7.0
LOG203323,W0320,Night,2025-03-09 17:30:00,2025-03-09 23:30:00,6.0
LOG203324,W0350,Night,2025-03-15 21:30:00,2025-03-16 05:30:00,8.0
LOG203325,W0433,Morning,2025-01-22 12:08:00,2025-01-22 21:08:00,9.0
LOG203326,W0497,Night,2025-02-25 03:30:00,2025-02-25 13:30:00,10.0
LOG203327,W0124,Night,2025-01-29 10:56:00,2025-01-29 19:56:00,9.0
LOG203328,W0093,Night,2025-03-10 16:17:00,2025-03-11 00:17:00,8.0
LOG203329,W0110,Morning,2025-06-22 10:00:00,2025-06-22 20:00:00,10.0
LOG203330,W0202,Evening,2025-05-10 19:15:00,2025-05-11 04:15:00,9.0
LOG203331,W0002,Morning,2025-01-12 08:34:00,2025-01-12 18:34:00,10.0
LOG203332,W0171,Morning,2025-06-20 02:20:00,2025-06-20 08:20:00,6.0
LOG203333,W0345,Night,2025-06-08 13:44:00,2025-06-08 19:44:00,6.0
LOG203334,W0165,Morning,2025-06-15 15:52:00,2025-06-16 00:52:00,9.0
LOG203335,W0202,Morning,2025-06-28 04:02:00,2025-06-28 14:02:00,10.0
LOG203336,W0049,Night,2025-02-04 13:53:00,2025-02-04 19:53:00,6.0
LOG203337,W0484,Night,2025-02-23 05:38:00,2025-02-23 14:38:00,9.0
LOG203338,W0400,Morning,2025-06-21 04:12:00,2025-06-21 10:12:00,6.0
LOG203339,W0251,Night,2025-04-29 06:26:00,2025-04-29 13:26:00,7.0
LOG203340,W0267,Morning,2025-03-19 09:16:00,2025-03-19 15:16:00,6.0
LOG203343,W0349,Evening,2025-05-06 00:06:00,2025-05-06 10:06:00,10.0
LOG203344,W0372,Evening,2025-02-01 23:56:00,2025-02-02 08:56:00,9.0
LOG203345,W0395,Morning,2025-02-13 10:09:00,2025-02-13 17:09:00,7.0
LOG203346,W0144,Night,2025-05-20 01:30:00,2025-05-20 11:30:00,10.0
LOG203348,W0388,Night,2025-01-29 10:59:00,2025-01-29 17:59:00,7.0
LOG203352,W0196,Evening,2025-05-21 11:57:00,2025-05-21 17:57:00,6.0
LOG203353,W0495,Morning,2025-05-23 08:11:00,2025-05-23 17:11:00,9.0
LOG203354,W0497,Night,2025-03-27 16:25:00,2025-03-28 02:25:00,10.0
LOG203355,W0462,Morning,2025-03-18 07:22:00,2025-03-18 14:22:00,7.0
LOG203357,W0199,Night,2025-04-15 21:00:00,2025-04-16 03:00:00,6.0
LOG203359,W0465,Evening,2025-05-16 19:09:00,2025-05-17 04:09:00,9.0
LOG203360,W0101,Night,2025-03-02 08:08:00,2025-03-02 16:08:00,8.0
LOG203361,W0350,Night,2025-03-28 20:42:00,2025-03-29 03:42:00,7.0
LOG203362,W0158,Night,2025-01-21 10:45:00,2025-01-21 20:45:00,10.0
LOG203363,W0370,Evening,2025-02-25 00:33:00,2025-02-25 10:33:00,10.0
LOG203364,W0307,Evening,2025-05-01 05:53:00,2025-05-01 11:53:00,6.0
LOG203365,W0415,Night,2025-03-24 02:44:00,2025-03-24 10:44:00,8.0
LOG203367,W0412,Night,2025-03-14 11:36:00,2025-03-14 17:36:00,6.0
LOG203372,W0426,Morning,2025-05-24 09:23:00,2025-05-24 19:23:00,10.0
LOG203373,W0138,Evening,2025-01-25 04:10:00,2025-01-25 14:10:00,10.0
LOG203374,W0318,Morning,2025-05-20 02:38:00,2025-05-20 10:38:00,8.0
LOG203375,W0033,Night,2025-05-13 07:25:00,2025-05-13 15:25:00,8.0
LOG203377,W0072,Night,2025-06-17 09:02:00,2025-06-17 16:02:00,7.0
LOG203379,W0461,Night,2025-04-01 04:22:00,2025-04-01 10:22:00,6.0
LOG203380,W0347,Night,2025-04-13 20:13:00,2025-04-14 05:13:00,9.0
LOG203381,W0363,Night,2025-04-17 10:24:00,2025-04-17 18:24:00,8.0
LOG203382,W0165,Night,2025-03-22 07:12:00,2025-03-22 15:12:00,8.0
LOG203383,W0284,Night,2025-05-25 19:36:00,2025-05-26 05:36:00,10.0
LOG203384,W0079,Night,2025-05-27 14:08:00,2025-05-27 21:08:00,7.0
LOG203385,W0439,Morning,2025-02-18 00:41:00,2025-02-18 07:41:00,7.0
LOG203386,W0361,Night,2025-04-26 23:17:00,2025-04-27 09:17:00,10.0
LOG203389,W0254,Morning,2025-03-04 03:28:00,2025-03-04 12:28:00,9.0
LOG203390,W0205,Night,2025-01-07 04:18:00,2025-01-07 12:18:00,8.0
LOG203391,W0006,Evening,2025-01-02 19:37:00,2025-01-03 04:37:00,9.0
LOG203392,W0004,Morning,2025-02-12 01:13:00,2025-02-12 07:13:00,6.0
LOG203394,W0145,Night,2025-03-27 09:30:00,2025-03-27 18:30:00,9.0
LOG203395,W0127,Evening,2025-01-07 04:18:00,2025-01-07 13:18:00,9.0
LOG203396,W0280,Evening,2025-03-30 01:57:00,2025-03-30 08:57:00,7.0
LOG203397,W0261,Night,2025-06-20 15:30:00,2025-06-21 00:30:00,9.0
LOG203398,W0303,Morning,2025-06-16 11:41:00,2025-06-16 19:41:00,8.0
LOG203399,W0389,Evening,2025-05-07 07:22:00,2025-05-07 15:22:00,8.0
LOG203400,W0389,Night,2025-06-28 00:15:00,2025-06-28 06:15:00,6.0
LOG203401,W0323,Night,2025-06-10 07:46:00,2025-06-10 16:46:00,9.0
LOG203403,W0157,Night,2025-05-01 11:18:00,2025-05-01 18:18:00,7.0
LOG203406,W0150,Evening,2025-05-07 09:32:00,2025-05-07 15:32:00,6.0
LOG203407,W0353,Night,2025-02-14 07:03:00,2025-02-14 15:03:00,8.0
LOG203410,W0143,Night,2025-06-20 14:25:00,2025-06-20 21:25:00,7.0
LOG203412,W0169,Night,2025-03-20 03:34:00,2025-03-20 10:34:00,7.0
LOG203413,W0188,Night,2025-06-14 08:19:00,2025-06-14 15:19:00,7.0
LOG203414,W0484,Night,2025-03-10 03:44:00,2025-03-10 10:44:00,7.0
LOG203415,W0373,Morning,2025-01-20 12:43:00,2025-01-20 21:43:00,9.0
LOG203416,W0381,Night,2025-03-11 10:34:00,2025-03-11 17:34:00,7.0
LOG203417,W0155,Night,2025-03-10 05:04:00,2025-03-10 14:04:00,9.0
LOG203418,W0463,Night,2025-01-06 10:43:00,2025-01-06 17:43:00,7.0
LOG203419,W0349,Evening,2025-06-17 06:57:00,2025-06-17 16:57:00,10.0
LOG203420,W0492,Morning,2025-05-20 14:55:00,2025-05-20 21:55:00,7.0
LOG203421,W0007,Night,2025-05-15 04:35:00,2025-05-15 11:35:00,7.0
LOG203422,W0373,Evening,2025-01-15 01:58:00,2025-01-15 08:58:00,7.0
LOG203423,W0427,Night,2025-06-15 04:00:00,2025-06-15 12:00:00,8.0
LOG203424,W0296,Evening,2025-02-11 21:56:00,2025-02-12 04:56:00,7.0
LOG203425,W0227,Night,2025-04-11 08:19:00,2025-04-11 16:19:00,8.0
LOG203426,W0067,Evening,2025-01-17 22:37:00,2025-01-18 04:37:00,6.0
LOG203427,W0228,Evening,2025-01-11 23:57:00,2025-01-12 07:57:00,8.0
LOG203429,W0041,Evening,2025-06-25 18:08:00,2025-06-26 03:08:00,9.0
LOG203430,W0022,Morning,2025-01-05 22:48:00,2025-01-06 04:48:00,6.0
LOG203431,W0416,Evening,2025-06-15 06:12:00,2025-06-15 12:12:00,6.0
LOG203432,W0349,Night,2025-05-13 03:01:00,2025-05-13 11:01:00,8.0
LOG203434,W0469,Night,2025-01-29 12:25:00,2025-01-29 18:25:00,6.0
LOG203436,W0174,Morning,2025-04-21 01:07:00,2025-04-21 10:07:00,9.0
LOG203437,W0032,Morning,2025-04-17 17:11:00,2025-04-18 02:11:00,9.0
LOG203438,W0252,Night,2025-01-03 04:04:00,2025-01-03 10:04:00,6.0
LOG203439,W0377,Night,2025-02-04 17:30:00,2025-02-04 23:30:00,6.0
LOG203440,W0415,Night,2025-03-03 16:08:00,2025-03-03 23:08:00,7.0
LOG203441,W0076,Evening,2025-06-15 03:00:00,2025-06-15 10:00:00,7.0
LOG203442,W0228,Night,2025-06-25 12:57:00,2025-06-25 18:57:00,6.0
LOG203444,W0091,Night,2025-04-12 02:49:00,2025-04-12 11:49:00,9.0
LOG203445,W0245,Evening,2025-05-02 03:04:00,2025-05-02 10:04:00,7.0
LOG203446,W0404,Morning,2025-05-27 09:40:00,2025-05-27 19:40:00,10.0
LOG203447,W0290,Night,2025-03-14 12:17:00,2025-03-14 21:17:00,9.0
LOG203450,W0070,Night,2025-02-13 13:50:00,2025-02-13 19:50:00,6.0
LOG203451,W0252,Morning,2025-05-18 01:19:00,2025-05-18 10:19:00,9.0
LOG203452,W0200,Night,2025-05-02 05:25:00,2025-05-02 15:25:00,10.0
LOG203453,W0023,Morning,2025-03-04 22:36:00,2025-03-05 06:36:00,8.0
LOG203456,W0129,Morning,2025-05-07 22:14:00,2025-05-08 06:14:00,8.0
LOG203457,W0100,Evening,2025-06-09 13:22:00,2025-06-09 21:22:00,8.0
LOG203458,W0161,Evening,2025-03-24 14:02:00,2025-03-25 00:02:00,10.0
LOG203459,W0173,Night,2025-05-17 12:38:00,2025-05-17 21:38:00,9.0
LOG203460,W0364,Night,2025-01-07 01:37:00,2025-01-07 09:37:00,8.0
LOG203461,W0443,Night,2025-03-06 00:47:00,2025-03-06 07:47:00,7.0
LOG203462,W0389,Night,2025-02-17 17:01:00,2025-02-18 03:01:00,10.0
LOG203463,W0331,Evening,2025-05-20 12:59:00,2025-05-20 20:59:00,8.0
LOG203464,W0335,Night,2025-05-17 18:20:00,2025-05-18 02:20:00,8.0
LOG203465,W0147,Morning,2025-01-01 09:22:00,2025-01-01 19:22:00,10.0
LOG203466,W0339,Night,2025-01-14 07:58:00,2025-01-14 16:58:00,9.0
LOG203468,W0152,Night,2025-03-30 13:58:00,2025-03-30 23:58:00,10.0
LOG203470,W0385,Night,2025-01-13 14:01:00,2025-01-13 23:01:00,9.0
LOG203471,W0257,Night,2025-06-05 00:40:00,2025-06-05 09:40:00,9.0
LOG203474,W0313,Night,2025-03-03 18:35:00,2025-03-04 02:35:00,8.0
LOG203475,W0092,Evening,2025-05-31 04:43:00,2025-05-31 12:43:00,8.0
LOG203476,W0099,Night,2025-05-18 13:38:00,2025-05-18 20:38:00,7.0
LOG203477,W0494,Evening,2025-03-11 06:47:00,2025-03-11 12:47:00,6.0
LOG203478,W0421,Night,2025-04-13 06:42:00,2025-04-13 12:42:00,6.0
LOG203480,W0446,Morning,2025-02-06 03:24:00,2025-02-06 10:24:00,7.0
LOG203481,W0233,Morning,2025-04-05 00:22:00,2025-04-05 10:22:00,10.0
LOG203482,W0243,Night,2025-01-02 20:18:00,2025-01-03 02:18:00,6.0
LOG203483,W0129,Evening,2025-05-22 00:20:00,2025-05-22 10:20:00,10.0
LOG203487,W0350,Night,2025-05-09 10:55:00,2025-05-09 18:55:00,8.0
LOG203489,W0341,Night,2025-03-16 14:06:00,2025-03-16 23:06:00,9.0
LOG203490,W0500,Morning,2025-02-11 23:49:00,2025-02-12 08:49:00,9.0
LOG203491,W0051,Night,2025-02-07 18:24:00,2025-02-08 01:24:00,7.0
LOG203493,W0133,Night,2025-05-05 23:17:00,2025-05-06 07:17:00,8.0
LOG203494,W0085,Night,2025-06-08 19:41:00,2025-06-09 02:41:00,7.0
LOG203495,W0238,Morning,2025-04-26 12:56:00,2025-04-26 19:56:00,7.0
LOG203497,W0341,Night,2025-01-25 11:44:00,2025-01-25 17:44:00,6.0
LOG203498,W0478,Evening,2025-03-24 17:35:00,2025-03-24 23:35:00,6.0
LOG203500,W0018,Night,2025-05-01 18:11:00,2025-05-02 03:11:00,9.0
LOG203503,W0096,Night,2025-02-20 02:47:00,2025-02-20 09:47:00,7.0
LOG203504,W0113,Night,2025-01-06 23:04:00,2025-01-07 09:04:00,10.0
LOG203505,W0141,Night,2025-05-07 03:30:00,2025-05-07 10:30:00,7.0
LOG203507,W0120,Evening,2025-01-06 12:39:00,2025-01-06 18:39:00,6.0
LOG203508,W0457,Night,2025-06-09 07:24:00,2025-06-09 15:24:00,8.0
LOG203509,W0129,Night,2025-06-21 01:50:00,2025-06-21 11:50:00,10.0
LOG203510,W0200,Evening,2025-04-30 23:32:00,2025-05-01 08:32:00,9.0
LOG203512,W0444,Night,2025-04-02 12:44:00,2025-04-02 19:44:00,7.0
LOG203513,W0264,Evening,2025-02-01 13:33:00,2025-02-01 23:33:00,10.0
LOG203515,W0487,Night,2025-01-10 10:07:00,2025-01-10 20:07:00,10.0
LOG203517,W0422,Night,2025-04-15 02:22:00,2025-04-15 09:22:00,7.0
LOG203518,W0227,Evening,2025-05-26 09:08:00,2025-05-26 19:08:00,10.0
LOG203519,W0459,Night,2025-05-31 04:32:00,2025-05-31 12:32:00,8.0
LOG203520,W0197,Night,2025-02-01 14:02:00,2025-02-02 00:02:00,10.0
LOG203522,W0161,Night,2025-03-18 06:41:00,2025-03-18 12:41:00,6.0
LOG203523,W0421,Night,2025-03-15 04:23:00,2025-03-15 13:23:00,9.0
LOG203524,W0469,Morning,2025-04-06 12:27:00,2025-04-06 21:27:00,9.0
LOG203525,W0323,Night,2025-06-21 04:57:00,2025-06-21 12:57:00,8.0
LOG203526,W0175,Evening,2025-04-23 17:33:00,2025-04-23 23:33:00,6.0
LOG203527,W0181,Night,2025-04-08 16:58:00,2025-04-09 01:58:00,9.0
LOG203528,W0401,Evening,2025-05-28 08:46:00,2025-05-28 16:46:00,8.0
LOG203530,W0302,Night,2025-03-25 23:12:00,2025-03-26 06:12:00,7.0
LOG203531,W0095,Night,2025-06-19 07:59:00,2025-06-19 14:59:00,7.0
LOG203532,W0125,Night,2025-04-24 17:21:00,2025-04-24 23:21:00,6.0
LOG203533,W0417,Evening,2025-06-04 06:00:00,2025-06-04 12:00:00,6.0
LOG203534,W0246,Morning,2025-01-10 18:30:00,2025-01-11 02:30:00,8.0
LOG203535,W0378,Night,2025-04-29 22:27:00,2025-04-30 04:27:00,6.0
LOG203536,W0321,Night,2025-04-12 03:48:00,2025-04-12 12:48:00,9.0
LOG203537,W0129,Morning,2025-03-12 21:58:00,2025-03-13 05:58:00,8.0
LOG203539,W0496,Morning,2025-06-07 08:20:00,2025-06-07 17:20:00,9.0
LOG203540,W0093,Night,2025-01-18 20:45:00,2025-01-19 02:45:00,6.0
LOG203541,W0026,Morning,2025-01-13 02:43:00,2025-01-13 09:43:00,7.0
LOG203545,W0334,Night,2025-05-16 03:40:00,2025-05-16 13:40:00,10.0
LOG203547,W0001,Night,2025-05-22 03:21:00,2025-05-22 13:21:00,10.0
LOG203548,W0300,Night,2025-05-26 15:05:00,2025-05-26 23:05:00,8.0
LOG203549,W0382,Evening,2025-03-24 18:45:00,2025-03-25 02:45:00,8.0
LOG203550,W0281,Night,2025-05-26 00:50:00,2025-05-26 10:50:00,10.0
LOG203552,W0160,Evening,2025-06-21 10:24:00,2025-06-21 19:24:00,9.0
LOG203553,W0159,Morning,2025-02-01 17:13:00,2025-02-02 03:13:00,10.0
LOG203554,W0487,Morning,2025-01-04 16:49:00,2025-01-04 23:49:00,7.0
LOG203555,W0133,Morning,2025-04-23 15:00:00,2025-04-23 23:00:00,8.0
LOG203556,W0130,Evening,2025-05-04 11:25:00,2025-05-04 20:25:00,9.0
LOG203557,W0408,Night,2025-03-12 01:53:00,2025-03-12 07:53:00,6.0
LOG203558,W0314,Morning,2025-06-25 07:16:00,2025-06-25 17:16:00,10.0
LOG203559,W0105,Evening,2025-03-16 00:32:00,2025-03-16 09:32:00,9.0
LOG203560,W0420,Night,2025-03-05 16:52:00,2025-03-05 23:52:00,7.0
LOG203561,W0083,Evening,2025-06-26 10:02:00,2025-06-26 19:02:00,9.0
LOG203562,W0453,Night,2025-01-25 23:29:00,2025-01-26 07:29:00,8.0
LOG203564,W0407,Night,2025-03-17 17:48:00,2025-03-17 23:48:00,6.0
LOG203567,W0324,Night,2025-04-04 08:09:00,2025-04-04 18:09:00,10.0
LOG203568,W0452,Evening,2025-04-02 14:04:00,2025-04-02 21:04:00,7.0
LOG203572,W0038,Morning,2025-01-24 05:28:00,2025-01-24 11:28:00,6.0
LOG203574,W0366,Evening,2025-02-16 03:40:00,2025-02-16 13:40:00,10.0
LOG203575,W0456,Night,2025-04-22 10:55:00,2025-04-22 18:55:00,8.0
LOG203576,W0319,Night,2025-03-13 05:51:00,2025-03-13 11:51:00,6.0
LOG203580,W0381,Morning,2025-01-11 00:22:00,2025-01-11 08:22:00,8.0
LOG203583,W0171,Evening,2025-01-16 07:42:00,2025-01-16 13:42:00,6.0
LOG203584,W0265,Night,2025-01-03 11:15:00,2025-01-03 17:15:00,6.0
LOG203585,W0420,Night,2025-05-30 16:58:00,2025-05-31 01:58:00,9.0
LOG203587,W0334,Night,2025-01-10 08:36:00,2025-01-10 16:36:00,8.0
LOG203588,W0057,Night,2025-03-09 13:47:00,2025-03-09 20:47:00,7.0
LOG203589,W0335,Night,2025-06-17 04:08:00,2025-06-17 10:08:00,6.0
LOG203590,W0145,Night,2025-04-28 16:39:00,2025-04-29 02:39:00,10.0
LOG203591,W0145,Morning,2025-02-11 13:20:00,2025-02-11 21:20:00,8.0
LOG203592,W0133,Morning,2025-01-05 16:59:00,2025-01-05 22:59:00,6.0
LOG203593,W0184,Night,2025-03-27 22:48:00,2025-03-28 06:48:00,8.0
LOG203594,W0419,Evening,2025-01-06 14:14:00,2025-01-06 23:14:00,9.0
LOG203595,W0142,Morning,2025-02-19 20:58:00,2025-02-20 03:58:00,7.0
LOG203596,W0208,Night,2025-05-13 05:48:00,2025-05-13 13:48:00,8.0
LOG203598,W0230,Morning,2025-04-08 03:43:00,2025-04-08 13:43:00,10.0
LOG203599,W0405,Night,2025-01-21 06:26:00,2025-01-21 14:26:00,8.0
LOG203600,W0370,Night,2025-03-27 11:51:00,2025-03-27 18:51:00,7.0
LOG203601,W0405,Evening,2025-04-30 19:38:00,2025-05-01 01:38:00,6.0
LOG203602,W0480,Night,2025-01-02 00:42:00,2025-01-02 10:42:00,10.0
LOG203603,W0205,Evening,2025-06-01 14:00:00,2025-06-02 00:00:00,10.0
LOG203604,W0036,Night,2025-05-28 02:54:00,2025-05-28 11:54:00,9.0
LOG203605,W0316,Evening,2025-02-22 22:42:00,2025-02-23 06:42:00,8.0
LOG203606,W0248,Morning,2025-03-04 01:07:00,2025-03-04 11:07:00,10.0
LOG203607,W0089,Morning,2025-03-30 06:01:00,2025-03-30 12:01:00,6.0
LOG203609,W0072,Evening,2025-05-17 07:25:00,2025-05-17 16:25:00,9.0
LOG203610,W0278,Evening,2025-03-20 10:36:00,2025-03-20 17:36:00,7.0
LOG203611,W0054,Morning,2025-03-07 10:07:00,2025-03-07 18:07:00,8.0
LOG203612,W0368,Night,2025-03-31 09:54:00,2025-03-31 15:54:00,6.0
LOG203613,W0233,Night,2025-05-01 22:18:00,2025-05-02 06:18:00,8.0
LOG203617,W0141,Night,2025-05-22 16:58:00,2025-05-23 01:58:00,9.0
LOG203618,W0036,Night,2025-04-22 05:14:00,2025-04-22 14:14:00,9.0
LOG203619,W0227,Morning,2025-02-05 11:42:00,2025-02-05 17:42:00,6.0
LOG203620,W0120,Night,2025-06-26 13:31:00,2025-06-26 21:31:00,8.0
LOG203621,W0475,Night,2025-04-09 23:23:00,2025-04-10 05:23:00,6.0
LOG203622,W0262,Evening,2025-05-07 05:00:00,2025-05-07 13:00:00,8.0
LOG203626,W0152,Morning,2025-03-25 17:16:00,2025-03-26 03:16:00,10.0
LOG203627,W0110,Night,2025-06-15 10:24:00,2025-06-15 19:24:00,9.0
LOG203628,W0187,Night,2025-06-17 02:14:00,2025-06-17 11:14:00,9.0
LOG203629,W0246,Morning,2025-05-26 19:46:00,2025-05-27 04:46:00,9.0
LOG203630,W0474,Night,2025-04-18 15:58:00,2025-04-18 21:58:00,6.0
LOG203632,W0108,Evening,2025-04-15 23:19:00,2025-04-16 08:19:00,9.0
LOG203633,W0181,Evening,2025-02-22 08:56:00,2025-02-22 14:56:00,6.0
LOG203634,W0006,Night,2025-06-07 22:07:00,2025-06-08 08:07:00,10.0
LOG203635,W0099,Night,2025-04-29 19:12:00,2025-04-30 01:12:00,6.0
LOG203637,W0102,Morning,2025-01-20 04:00:00,2025-01-20 10:00:00,6.0
LOG203638,W0028,Evening,2025-04-02 19:25:00,2025-04-03 04:25:00,9.0
LOG203640,W0026,Night,2025-03-25 19:45:00,2025-03-26 04:45:00,9.0
LOG203641,W0075,Morning,2025-04-07 00:25:00,2025-04-07 10:25:00,10.0
LOG203642,W0186,Evening,2025-06-15 02:36:00,2025-06-15 12:36:00,10.0
LOG203643,W0013,Night,2025-05-05 06:25:00,2025-05-05 16:25:00,10.0
LOG203644,W0382,Evening,2025-05-01 00:18:00,2025-05-01 07:18:00,7.0
LOG203645,W0200,Evening,2025-05-09 12:32:00,2025-05-09 22:32:00,10.0
LOG203646,W0391,Night,2025-05-12 16:48:00,2025-05-13 02:48:00,10.0
LOG203647,W0249,Night,2025-03-22 05:31:00,2025-03-22 15:31:00,10.0
LOG203648,W0381,Night,2025-02-06 19:22:00,2025-02-07 03:22:00,8.0
LOG203650,W0461,Night,2025-02-05 09:32:00,2025-02-05 15:32:00,6.0
LOG203653,W0348,Night,2025-04-02 16:03:00,2025-04-03 01:03:00,9.0
LOG203655,W0488,Night,2025-05-13 10:14:00,2025-05-13 17:14:00,7.0
LOG203656,W0203,Morning,2025-03-03 20:32:00,2025-03-04 02:32:00,6.0
LOG203657,W0148,Morning,2025-05-29 20:25:00,2025-05-30 04:25:00,8.0
LOG203658,W0125,Morning,2025-01-20 23:24:00,2025-01-21 06:24:00,7.0
LOG203660,W0187,Evening,2025-03-25 08:24:00,2025-03-25 15:24:00,7.0
LOG203662,W0339,Night,2025-02-15 14:01:00,2025-02-15 20:01:00,6.0
LOG203663,W0333,Morning,2025-03-18 14:37:00,2025-03-18 20:37:00,6.0
LOG203664,W0310,Evening,2025-02-05 15:35:00,2025-02-05 21:35:00,6.0
LOG203665,W0072,Evening,2025-03-18 06:52:00,2025-03-18 13:52:00,7.0
LOG203666,W0429,Night,2025-03-06 21:15:00,2025-03-07 07:15:00,10.0
LOG203667,W0089,Evening,2025-05-25 16:26:00,2025-05-25 22:26:00,6.0
LOG203668,W0466,Night,2025-06-16 04:20:00,2025-06-16 10:20:00,6.0
LOG203669,W0362,Night,2025-01-09 18:15:00,2025-01-10 00:15:00,6.0
LOG203670,W0441,Night,2025-02-26 07:20:00,2025-02-26 14:20:00,7.0
LOG203671,W0058,Morning,2025-05-26 07:22:00,2025-05-26 14:22:00,7.0
LOG203673,W0155,Morning,2025-04-22 20:51:00,2025-04-23 04:51:00,8.0
LOG203674,W0208,Morning,2025-01-19 21:10:00,2025-01-20 06:10:00,9.0
LOG203675,W0458,Night,2025-04-22 18:03:00,2025-04-23 01:03:00,7.0
LOG203676,W0021,Evening,2025-01-05 07:54:00,2025-01-05 16:54:00,9.0
LOG203677,W0063,Night,2025-05-02 13:36:00,2025-05-02 23:36:00,10.0
LOG203678,W0264,Night,2025-04-02 05:58:00,2025-04-02 14:58:00,9.0
LOG203679,W0462,Night,2025-03-03 16:17:00,2025-03-03 23:17:00,7.0
LOG203680,W0243,Evening,2025-05-09 21:50:00,2025-05-10 07:50:00,10.0
LOG203681,W0278,Evening,2025-01-07 21:31:00,2025-01-08 06:31:00,9.0
LOG203682,W0493,Night,2025-01-03 05:46:00,2025-01-03 12:46:00,7.0
LOG203683,W0180,Morning,2025-04-08 13:14:00,2025-04-08 21:14:00,8.0
LOG203684,W0175,Morning,2025-04-05 14:24:00,2025-04-05 21:24:00,7.0
LOG203685,W0164,Night,2025-03-10 09:42:00,2025-03-10 17:42:00,8.0
LOG203687,W0222,Night,2025-04-27 19:53:00,2025-04-28 05:53:00,10.0
LOG203688,W0219,Night,2025-01-18 13:05:00,2025-01-18 21:05:00,8.0
LOG203689,W0192,Night,2025-04-08 10:00:00,2025-04-08 18:00:00,8.0
LOG203690,W0391,Night,2025-02-06 20:25:00,2025-02-07 06:25:00,10.0
LOG203691,W0181,Morning,2025-04-02 07:36:00,2025-04-02 13:36:00,6.0
LOG203692,W0007,Evening,2025-06-11 03:21:00,2025-06-11 10:21:00,7.0
LOG203693,W0186,Morning,2025-01-15 14:05:00,2025-01-15 21:05:00,7.0
LOG203694,W0381,Evening,2025-05-02 14:13:00,2025-05-02 20:13:00,6.0
LOG203695,W0115,Night,2025-06-27 11:35:00,2025-06-27 20:35:00,9.0
LOG203697,W0085,Morning,2025-01-26 19:22:00,2025-01-27 05:22:00,10.0
LOG203698,W0401,Evening,2025-05-09 10:32:00,2025-05-09 17:32:00,7.0
LOG203699,W0239,Evening,2025-05-06 19:12:00,2025-05-07 05:12:00,10.0
LOG203700,W0187,Morning,2025-04-22 04:34:00,2025-04-22 12:34:00,8.0
LOG203701,W0153,Evening,2025-01-05 05:30:00,2025-01-05 13:30:00,8.0
LOG203702,W0036,Morning,2025-05-18 14:28:00,2025-05-18 20:28:00,6.0
LOG203703,W0499,Night,2025-04-06 01:54:00,2025-04-06 07:54:00,6.0
LOG203704,W0284,Night,2025-02-19 21:44:00,2025-02-20 06:44:00,9.0
LOG203705,W0018,Night,2025-02-10 19:03:00,2025-02-11 03:03:00,8.0
LOG203707,W0011,Night,2025-01-19 10:34:00,2025-01-19 18:34:00,8.0
LOG203709,W0416,Morning,2025-04-07 16:19:00,2025-04-07 22:19:00,6.0
LOG203710,W0190,Morning,2025-05-04 13:30:00,2025-05-04 20:30:00,7.0
LOG203711,W0112,Night,2025-06-04 16:46:00,2025-06-05 02:46:00,10.0
LOG203712,W0336,Night,2025-01-18 22:59:00,2025-01-19 06:59:00,8.0
LOG203714,W0047,Night,2025-04-17 14:33:00,2025-04-17 21:33:00,7.0
LOG203715,W0135,Night,2025-05-31 19:44:00,2025-06-01 02:44:00,7.0
LOG203716,W0493,Evening,2025-05-22 05:34:00,2025-05-22 14:34:00,9.0
LOG203717,W0487,Night,2025-03-11 14:42:00,2025-03-11 23:42:00,9.0
LOG203718,W0452,Morning,2025-05-20 00:52:00,2025-05-20 08:52:00,8.0
LOG203719,W0385,Night,2025-06-12 15:10:00,2025-06-12 21:10:00,6.0
LOG203720,W0019,Night,2025-06-18 23:45:00,2025-06-19 08:45:00,9.0
LOG203721,W0446,Evening,2025-06-25 15:02:00,2025-06-25 21:02:00,6.0
LOG203722,W0422,Night,2025-06-18 19:00:00,2025-06-19 04:00:00,9.0
LOG203723,W0188,Evening,2025-06-22 15:13:00,2025-06-22 23:13:00,8.0
LOG203724,W0194,Evening,2025-04-09 13:27:00,2025-04-09 20:27:00,7.0
LOG203725,W0466,Night,2025-03-14 09:05:00,2025-03-14 17:05:00,8.0
LOG203729,W0487,Morning,2025-02-02 23:46:00,2025-02-03 09:46:00,10.0
LOG203731,W0245,Night,2025-03-19 19:28:00,2025-03-20 05:28:00,10.0
LOG203732,W0453,Night,2025-05-21 11:27:00,2025-05-21 17:27:00,6.0
LOG203733,W0074,Night,2025-02-24 22:28:00,2025-02-25 05:28:00,7.0
LOG203734,W0125,Evening,2025-01-17 12:33:00,2025-01-17 22:33:00,10.0
LOG203735,W0358,Evening,2025-03-24 12:19:00,2025-03-24 19:19:00,7.0
LOG203736,W0020,Morning,2025-01-11 21:18:00,2025-01-12 07:18:00,10.0
LOG203737,W0001,Evening,2025-05-03 14:16:00,2025-05-03 23:16:00,9.0
LOG203738,W0265,Night,2025-03-13 11:27:00,2025-03-13 17:27:00,6.0
LOG203739,W0143,Morning,2025-06-29 19:54:00,2025-06-30 04:54:00,9.0
LOG203741,W0346,Evening,2025-02-07 01:28:00,2025-02-07 09:28:00,8.0
LOG203742,W0213,Evening,2025-05-05 13:51:00,2025-05-05 20:51:00,7.0
LOG203743,W0143,Night,2025-05-03 03:48:00,2025-05-03 12:48:00,9.0
LOG203744,W0049,Night,2025-04-25 06:32:00,2025-04-25 13:32:00,7.0
LOG203747,W0227,Night,2025-03-14 04:31:00,2025-03-14 11:31:00,7.0
LOG203750,W0073,Evening,2025-02-03 00:59:00,2025-02-03 08:59:00,8.0
LOG203751,W0209,Night,2025-02-21 02:57:00,2025-02-21 09:57:00,7.0
LOG203752,W0077,Night,2025-02-01 18:08:00,2025-02-02 02:08:00,8.0
LOG203753,W0449,Night,2025-05-02 21:27:00,2025-05-03 05:27:00,8.0
LOG203754,W0162,Night,2025-06-06 13:28:00,2025-06-06 22:28:00,9.0
LOG203756,W0418,Evening,2025-04-26 05:04:00,2025-04-26 14:04:00,9.0
LOG203757,W0060,Evening,2025-05-21 23:59:00,2025-05-22 05:59:00,6.0
LOG203759,W0429,Evening,2025-06-23 03:04:00,2025-06-23 13:04:00,10.0
LOG203761,W0085,Night,2025-03-08 11:35:00,2025-03-08 18:35:00,7.0
LOG203762,W0375,Evening,2025-01-09 17:26:00,2025-01-10 03:26:00,10.0
LOG203763,W0500,Night,2025-01-19 08:21:00,2025-01-19 18:21:00,10.0
LOG203764,W0135,Morning,2025-04-05 03:31:00,2025-04-05 12:31:00,9.0
LOG203767,W0167,Night,2025-03-05 16:23:00,2025-03-05 22:23:00,6.0
LOG203769,W0093,Night,2025-01-22 03:27:00,2025-01-22 13:27:00,10.0
LOG203770,W0205,Night,2025-03-29 12:47:00,2025-03-29 18:47:00,6.0
LOG203771,W0051,Morning,2025-03-08 20:03:00,2025-03-09 03:03:00,7.0
LOG203772,W0420,Night,2025-04-24 05:17:00,2025-04-24 14:17:00,9.0
LOG203773,W0080,Night,2025-06-25 09:03:00,2025-06-25 15:03:00,6.0
LOG203776,W0215,Morning,2025-06-15 21:21:00,2025-06-16 05:21:00,8.0
LOG203777,W0171,Evening,2025-04-01 15:01:00,2025-04-01 23:01:00,8.0
LOG203778,W0480,Morning,2025-02-19 13:21:00,2025-02-19 21:21:00,8.0
LOG203779,W0364,Evening,2025-03-09 14:42:00,2025-03-09 23:42:00,9.0
LOG203780,W0377,Night,2025-06-11 00:50:00,2025-06-11 10:50:00,10.0
LOG203781,W0065,Night,2025-06-19 09:06:00,2025-06-19 15:06:00,6.0
LOG203782,W0134,Night,2025-03-07 12:47:00,2025-03-07 20:47:00,8.0
LOG203783,W0216,Night,2025-04-16 15:49:00,2025-04-17 00:49:00,9.0
LOG203784,W0162,Night,2025-04-22 13:17:00,2025-04-22 23:17:00,10.0
LOG203785,W0278,Night,2025-01-29 16:15:00,2025-01-30 01:15:00,9.0
LOG203786,W0412,Night,2025-04-12 01:32:00,2025-04-12 09:32:00,8.0
LOG203789,W0226,Night,2025-02-08 21:43:00,2025-02-09 03:43:00,6.0
LOG203791,W0069,Morning,2025-03-28 20:15:00,2025-03-29 06:15:00,10.0
LOG203794,W0499,Night,2025-04-07 17:00:00,2025-04-08 00:00:00,7.0
LOG203795,W0304,Night,2025-01-30 17:15:00,2025-01-30 23:15:00,6.0
LOG203797,W0441,Night,2025-02-04 17:14:00,2025-02-05 02:14:00,9.0
LOG203798,W0444,Night,2025-05-13 18:31:00,2025-05-14 00:31:00,6.0
LOG203803,W0356,Morning,2025-06-28 09:47:00,2025-06-28 15:47:00,6.0
LOG203804,W0023,Morning,2025-02-17 14:57:00,2025-02-18 00:57:00,10.0
LOG203806,W0315,Morning,2025-02-24 15:03:00,2025-02-25 00:03:00,9.0
LOG203808,W0335,Evening,2025-01-02 12:28:00,2025-01-02 20:28:00,8.0
LOG203812,W0246,Evening,2025-01-19 17:34:00,2025-01-20 02:34:00,9.0
LOG203813,W0241,Morning,2025-05-13 14:28:00,2025-05-13 23:28:00,9.0
LOG203814,W0474,Morning,2025-05-10 16:59:00,2025-05-11 00:59:00,8.0
LOG203815,W0093,Morning,2025-04-16 03:47:00,2025-04-16 10:47:00,7.0
LOG203819,W0233,Morning,2025-02-06 16:30:00,2025-02-07 01:30:00,9.0
LOG203820,W0001,Night,2025-01-06 10:00:00,2025-01-06 19:00:00,9.0
LOG203821,W0193,Night,2025-03-20 19:27:00,2025-03-21 03:27:00,8.0
LOG203822,W0002,Night,2025-03-15 07:46:00,2025-03-15 15:46:00,8.0
LOG203823,W0032,Night,2025-05-20 14:23:00,2025-05-20 23:23:00,9.0
LOG203825,W0461,Evening,2025-03-26 09:53:00,2025-03-26 17:53:00,8.0
LOG203826,W0086,Evening,2025-06-09 07:23:00,2025-06-09 13:23:00,6.0
LOG203827,W0304,Evening,2025-01-14 21:36:00,2025-01-15 07:36:00,10.0
LOG203829,W0027,Night,2025-05-28 03:27:00,2025-05-28 09:27:00,6.0
LOG203834,W0447,Morning,2025-03-20 08:04:00,2025-03-20 14:04:00,6.0
LOG203836,W0182,Night,2025-02-13 08:37:00,2025-02-13 17:37:00,9.0
LOG203837,W0137,Night,2025-05-17 02:03:00,2025-05-17 10:03:00,8.0
LOG203838,W0187,Night,2025-06-28 03:33:00,2025-06-28 09:33:00,6.0
LOG203839,W0189,Morning,2025-02-27 16:08:00,2025-02-27 23:08:00,7.0
LOG203840,W0297,Night,2025-01-04 00:44:00,2025-01-04 10:44:00,10.0
LOG203842,W0370,Night,2025-04-18 00:46:00,2025-04-18 06:46:00,6.0
LOG203843,W0401,Night,2025-01-11 10:21:00,2025-01-11 18:21:00,8.0
LOG203844,W0062,Morning,2025-05-04 14:03:00,2025-05-04 20:03:00,6.0
LOG203845,W0015,Night,2025-05-20 20:22:00,2025-05-21 05:22:00,9.0
LOG203846,W0048,Evening,2025-01-09 01:00:00,2025-01-09 08:00:00,7.0
LOG203847,W0063,Morning,2025-04-18 07:56:00,2025-04-18 13:56:00,6.0
LOG203848,W0419,Morning,2025-06-13 18:14:00,2025-06-14 04:14:00,10.0
LOG203850,W0440,Night,2025-06-23 18:09:00,2025-06-24 01:09:00,7.0
LOG203851,W0482,Morning,2025-06-23 10:22:00,2025-06-23 18:22:00,8.0
LOG203852,W0076,Morning,2025-05-02 19:35:00,2025-05-03 04:35:00,9.0
LOG203854,W0131,Night,2025-02-10 22:38:00,2025-02-11 06:38:00,8.0
LOG203855,W0295,Night,2025-04-14 16:02:00,2025-04-15 01:02:00,9.0
LOG203856,W0294,Night,2025-03-05 03:35:00,2025-03-05 13:35:00,10.0
LOG203859,W0071,Evening,2025-06-22 22:17:00,2025-06-23 05:17:00,7.0
LOG203860,W0385,Night,2025-03-14 12:10:00,2025-03-14 21:10:00,9.0
LOG203861,W0451,Morning,2025-05-12 08:37:00,2025-05-12 14:37:00,6.0
LOG203863,W0201,Night,2025-03-21 14:20:00,2025-03-21 23:20:00,9.0
LOG203865,W0063,Evening,2025-04-07 03:01:00,2025-04-07 11:01:00,8.0
LOG203866,W0338,Night,2025-03-12 14:34:00,2025-03-12 21:34:00,7.0
LOG203867,W0384,Morning,2025-03-10 11:16:00,2025-03-10 17:16:00,6.0
LOG203868,W0090,Night,2025-03-23 13:29:00,2025-03-23 23:29:00,10.0
LOG203869,W0015,Night,2025-04-24 02:35:00,2025-04-24 09:35:00,7.0
LOG203870,W0475,Morning,2025-04-29 15:42:00,2025-04-29 23:42:00,8.0
LOG203871,W0434,Morning,2025-06-13 23:44:00,2025-06-14 07:44:00,8.0
LOG203872,W0210,Night,2025-01-05 17:48:00,2025-01-06 00:48:00,7.0
LOG203873,W0421,Night,2025-06-13 07:52:00,2025-06-13 16:52:00,9.0
LOG203874,W0310,Night,2025-05-09 16:25:00,2025-05-09 23:25:00,7.0
LOG203875,W0139,Night,2025-04-28 17:31:00,2025-04-28 23:31:00,6.0
LOG203878,W0231,Morning,2025-02-28 11:44:00,2025-02-28 17:44:00,6.0
LOG203879,W0204,Evening,2025-04-23 18:42:00,2025-04-24 04:42:00,10.0
LOG203880,W0367,Evening,2025-06-16 22:18:00,2025-06-17 07:18:00,9.0
LOG203881,W0239,Night,2025-05-01 17:57:00,2025-05-02 03:57:00,10.0
LOG203882,W0370,Night,2025-04-20 13:56:00,2025-04-20 20:56:00,7.0
LOG203886,W0178,Night,2025-05-23 08:22:00,2025-05-23 16:22:00,8.0
LOG203889,W0228,Morning,2025-04-10 13:21:00,2025-04-10 23:21:00,10.0
LOG203890,W0193,Night,2025-04-02 22:02:00,2025-04-03 04:02:00,6.0
LOG203892,W0093,Night,2025-03-22 13:03:00,2025-03-22 19:03:00,6.0
LOG203893,W0013,Morning,2025-03-17 05:30:00,2025-03-17 12:30:00,7.0
LOG203894,W0236,Night,2025-01-01 21:06:00,2025-01-02 07:06:00,10.0
LOG203897,W0099,Night,2025-03-07 07:51:00,2025-03-07 17:51:00,10.0
LOG203898,W0295,Evening,2025-05-22 16:42:00,2025-05-22 22:42:00,6.0
LOG203899,W0351,Evening,2025-05-06 08:29:00,2025-05-06 14:29:00,6.0
LOG203900,W0429,Evening,2025-02-23 05:14:00,2025-02-23 11:14:00,6.0
LOG203901,W0417,Morning,2025-04-08 07:45:00,2025-04-08 15:45:00,8.0
LOG203902,W0461,Night,2025-03-23 20:42:00,2025-03-24 05:42:00,9.0
LOG203903,W0274,Night,2025-03-27 22:55:00,2025-03-28 08:55:00,10.0
LOG203904,W0402,Night,2025-02-22 21:35:00,2025-02-23 04:35:00,7.0
LOG203905,W0014,Night,2025-04-28 02:21:00,2025-04-28 12:21:00,10.0
LOG203906,W0158,Night,2025-01-29 05:58:00,2025-01-29 13:58:00,8.0
LOG203908,W0184,Morning,2025-01-29 22:39:00,2025-01-30 05:39:00,7.0
LOG203910,W0399,Morning,2025-02-18 15:14:00,2025-02-19 01:14:00,10.0
LOG203911,W0303,Night,2025-03-11 22:21:00,2025-03-12 05:21:00,7.0
LOG203913,W0314,Night,2025-06-28 15:08:00,2025-06-28 23:08:00,8.0
LOG203914,W0217,Night,2025-02-12 10:43:00,2025-02-12 18:43:00,8.0
LOG203915,W0140,Night,2025-03-18 23:36:00,2025-03-19 09:36:00,10.0
LOG203916,W0223,Night,2025-05-25 11:07:00,2025-05-25 18:07:00,7.0
LOG203917,W0066,Morning,2025-04-19 17:56:00,2025-04-20 00:56:00,7.0
LOG203919,W0274,Night,2025-03-19 05:02:00,2025-03-19 15:02:00,10.0
LOG203920,W0183,Night,2025-05-26 11:46:00,2025-05-26 20:46:00,9.0
LOG203921,W0066,Night,2025-06-06 14:10:00,2025-06-07 00:10:00,10.0
LOG203922,W0337,Morning,2025-05-30 21:28:00,2025-05-31 03:28:00,6.0
LOG203923,W0298,Night,2025-05-05 02:10:00,2025-05-05 09:10:00,7.0
LOG203924,W0245,Night,2025-03-25 07:45:00,2025-03-25 13:45:00,6.0
LOG203925,W0302,Night,2025-04-23 11:40:00,2025-04-23 17:40:00,6.0
LOG203926,W0354,Evening,2025-05-07 06:36:00,2025-05-07 14:36:00,8.0
LOG203927,W0038,Night,2025-02-17 10:42:00,2025-02-17 20:42:00,10.0
LOG203928,W0058,Night,2025-03-14 18:33:00,2025-03-15 04:33:00,10.0
LOG203929,W0100,Morning,2025-01-30 15:19:00,2025-01-31 00:19:00,9.0
LOG203930,W0407,Night,2025-06-21 21:59:00,2025-06-22 03:59:00,6.0
LOG203932,W0475,Night,2025-03-10 17:48:00,2025-03-11 03:48:00,10.0
LOG203934,W0464,Morning,2025-06-22 04:31:00,2025-06-22 14:31:00,10.0
LOG203935,W0399,Morning,2025-04-05 18:00:00,2025-04-06 01:00:00,7.0
LOG203936,W0490,Night,2025-04-02 04:09:00,2025-04-02 11:09:00,7.0
LOG203937,W0370,Night,2025-03-31 12:55:00,2025-03-31 20:55:00,8.0
LOG203939,W0285,Evening,2025-04-27 10:30:00,2025-04-27 16:30:00,6.0
LOG203940,W0067,Morning,2025-03-22 00:39:00,2025-03-22 09:39:00,9.0
LOG203941,W0351,Night,2025-03-17 01:35:00,2025-03-17 11:35:00,10.0
LOG203942,W0399,Night,2025-04-10 13:18:00,2025-04-10 21:18:00,8.0
LOG203943,W0252,Evening,2025-06-20 19:04:00,2025-06-21 03:04:00,8.0
LOG203945,W0001,Night,2025-06-13 01:58:00,2025-06-13 08:58:00,7.0
LOG203949,W0164,Night,2025-01-06 07:59:00,2025-01-06 17:59:00,10.0
LOG203950,W0151,Morning,2025-02-06 18:17:00,2025-02-07 00:17:00,6.0
LOG203951,W0028,Morning,2025-05-24 14:47:00,2025-05-25 00:47:00,10.0
LOG203952,W0038,Night,2025-03-24 23:07:00,2025-03-25 06:07:00,7.0
LOG203953,W0143,Morning,2025-05-22 13:48:00,2025-05-22 22:48:00,9.0
LOG203954,W0094,Morning,2025-01-12 17:06:00,2025-01-12 23:06:00,6.0
LOG203956,W0168,Evening,2025-03-11 00:36:00,2025-03-11 06:36:00,6.0
LOG203957,W0387,Night,2025-04-20 17:28:00,2025-04-21 02:28:00,9.0
LOG203959,W0082,Evening,2025-02-17 13:51:00,2025-02-17 19:51:00,6.0
LOG203960,W0038,Night,2025-06-17 18:32:00,2025-06-18 04:32:00,10.0
LOG203961,W0480,Night,2025-01-12 08:53:00,2025-01-12 15:53:00,7.0
LOG203962,W0196,Night,2025-03-31 16:06:00,2025-04-01 01:06:00,9.0
LOG203963,W0363,Night,2025-06-02 15:47:00,2025-06-02 23:47:00,8.0
LOG203965,W0300,Night,2025-05-01 09:12:00,2025-05-01 16:12:00,7.0
LOG203966,W0183,Evening,2025-01-13 11:02:00,2025-01-13 21:02:00,10.0
LOG203968,W0207,Night,2025-03-28 03:09:00,2025-03-28 12:09:00,9.0
LOG203969,W0044,Night,2025-06-19 21:58:00,2025-06-20 07:58:00,10.0
LOG203970,W0027,Morning,2025-05-30 06:38:00,2025-05-30 16:38:00,10.0
LOG203971,W0487,Night,2025-03-02 13:09:00,2025-03-02 19:09:00,6.0
LOG203975,W0300,Night,2025-03-08 12:16:00,2025-03-08 20:16:00,8.0
LOG203977,W0478,Night,2025-02-11 13:54:00,2025-02-11 20:54:00,7.0
LOG203978,W0368,Night,2025-03-08 19:49:00,2025-03-09 03:49:00,8.0
LOG203980,W0122,Morning,2025-01-20 16:32:00,2025-01-20 23:32:00,7.0
LOG203982,W0157,Night,2025-01-08 07:59:00,2025-01-08 13:59:00,6.0
LOG203984,W0455,Morning,2025-02-13 23:28:00,2025-02-14 08:28:00,9.0
LOG203986,W0312,Evening,2025-01-27 16:51:00,2025-01-27 22:51:00,6.0
LOG203987,W0203,Morning,2025-03-26 19:15:00,2025-03-27 04:15:00,9.0
LOG203988,W0344,Morning,2025-05-27 16:46:00,2025-05-28 02:46:00,10.0
LOG203990,W0118,Morning,2025-01-22 08:58:00,2025-01-22 16:58:00,8.0
LOG203991,W0020,Evening,2025-03-25 12:19:00,2025-03-25 19:19:00,7.0
LOG203992,W0054,Morning,2025-05-21 03:50:00,2025-05-21 11:50:00,8.0
LOG203993,W0317,Evening,2025-06-04 15:24:00,2025-06-05 00:24:00,9.0
LOG203995,W0191,Evening,2025-01-29 05:58:00,2025-01-29 12:58:00,7.0
LOG203996,W0470,Morning,2025-06-04 07:42:00,2025-06-04 16:42:00,9.0
LOG203997,W0453,Morning,2025-05-19 07:41:00,2025-05-19 17:41:00,10.0
LOG203998,W0063,Night,2025-05-21 00:53:00,2025-05-21 09:53:00,9.0
LOG203999,W0060,Morning,2025-01-10 17:16:00,2025-01-11 03:16:00,10.0
LOG204000,W0081,Evening,2025-02-05 01:20:00,2025-02-05 11:20:00,10.0
LOG204001,W0001,Night,2025-04-02 21:58:00,2025-04-03 05:58:00,8.0
LOG204002,W0432,Night,2025-05-19 22:49:00,2025-05-20 08:49:00,10.0
LOG204007,W0025,Night,2025-02-25 17:21:00,2025-02-26 00:21:00,7.0
LOG204008,W0477,Night,2025-05-29 20:47:00,2025-05-30 04:47:00,8.0
LOG204009,W0151,Evening,2025-05-11 14:07:00,2025-05-11 22:07:00,8.0
LOG204010,W0138,Evening,2025-04-04 18:24:00,2025-04-05 03:24:00,9.0
LOG204012,W0083,Night,2025-06-01 19:04:00,2025-06-02 02:04:00,7.0
LOG204013,W0193,Morning,2025-02-04 13:19:00,2025-02-04 23:19:00,10.0
LOG204014,W0107,Morning,2025-06-14 20:28:00,2025-06-15 03:28:00,7.0
LOG204015,W0309,Night,2025-04-12 17:53:00,2025-04-13 00:53:00,7.0
LOG204016,W0012,Night,2025-01-18 14:04:00,2025-01-19 00:04:00,10.0
LOG204017,W0262,Night,2025-06-29 08:49:00,2025-06-29 18:49:00,10.0
LOG204018,W0111,Morning,2025-03-11 10:45:00,2025-03-11 17:45:00,7.0
LOG204019,W0229,Morning,2025-05-16 00:49:00,2025-05-16 10:49:00,10.0
LOG204020,W0012,Night,2025-01-31 07:37:00,2025-01-31 16:37:00,9.0
LOG204021,W0106,Night,2025-01-21 00:38:00,2025-01-21 07:38:00,7.0
LOG204022,W0040,Morning,2025-06-24 16:46:00,2025-06-24 22:46:00,6.0
LOG204023,W0007,Night,2025-06-07 19:38:00,2025-06-08 05:38:00,10.0
LOG204024,W0313,Morning,2025-02-04 12:32:00,2025-02-04 21:32:00,9.0
LOG204025,W0002,Evening,2025-02-16 14:46:00,2025-02-16 22:46:00,8.0
LOG204026,W0472,Night,2025-06-16 08:37:00,2025-06-16 17:37:00,9.0
LOG204028,W0288,Night,2025-06-06 23:42:00,2025-06-07 08:42:00,9.0
LOG204029,W0147,Night,2025-04-22 02:49:00,2025-04-22 08:49:00,6.0
LOG204030,W0472,Night,2025-02-20 08:14:00,2025-02-20 16:14:00,8.0
LOG204033,W0077,Morning,2025-04-29 19:01:00,2025-04-30 03:01:00,8.0
LOG204034,W0271,Evening,2025-02-28 21:33:00,2025-03-01 03:33:00,6.0
LOG204035,W0122,Evening,2025-04-25 00:21:00,2025-04-25 06:21:00,6.0
LOG204036,W0348,Evening,2025-02-26 07:21:00,2025-02-26 17:21:00,10.0
LOG204038,W0437,Night,2025-04-13 08:43:00,2025-04-13 15:43:00,7.0
LOG204040,W0352,Night,2025-03-03 02:24:00,2025-03-03 09:24:00,7.0
LOG204041,W0250,Evening,2025-05-17 02:57:00,2025-05-17 11:57:00,9.0
LOG204042,W0419,Evening,2025-06-13 23:00:00,2025-06-14 09:00:00,10.0
LOG204043,W0231,Night,2025-04-18 04:01:00,2025-04-18 11:01:00,7.0
LOG204044,W0081,Evening,2025-05-19 23:07:00,2025-05-20 06:07:00,7.0
LOG204045,W0244,Night,2025-02-07 05:36:00,2025-02-07 15:36:00,10.0
LOG204048,W0118,Night,2025-01-27 00:17:00,2025-01-27 08:17:00,8.0
LOG204050,W0180,Night,2025-02-24 09:43:00,2025-02-24 18:43:00,9.0
LOG204053,W0267,Morning,2025-04-11 17:06:00,2025-04-12 02:06:00,9.0
LOG204054,W0006,Evening,2025-03-06 00:44:00,2025-03-06 09:44:00,9.0
LOG204056,W0355,Morning,2025-01-20 12:28:00,2025-01-20 22:28:00,10.0
LOG204057,W0022,Night,2025-06-09 03:49:00,2025-06-09 10:49:00,7.0
LOG204058,W0211,Morning,2025-06-19 00:28:00,2025-06-19 09:28:00,9.0
LOG204062,W0007,Night,2025-04-26 13:44:00,2025-04-26 21:44:00,8.0
LOG204063,W0123,Morning,2025-02-05 13:31:00,2025-02-05 22:31:00,9.0
LOG204066,W0337,Evening,2025-02-25 12:33:00,2025-02-25 20:33:00,8.0
LOG204067,W0435,Evening,2025-06-17 09:30:00,2025-06-17 19:30:00,10.0
LOG204068,W0363,Night,2025-06-27 00:37:00,2025-06-27 09:37:00,9.0
LOG204069,W0434,Morning,2025-01-25 17:42:00,2025-01-26 02:42:00,9.0
LOG204071,W0054,Night,2025-05-27 17:04:00,2025-05-28 00:04:00,7.0
LOG204073,W0116,Morning,2025-05-12 14:08:00,2025-05-12 23:08:00,9.0
LOG204074,W0398,Morning,2025-01-03 13:48:00,2025-01-03 21:48:00,8.0
LOG204076,W0188,Morning,2025-03-21 03:11:00,2025-03-21 09:11:00,6.0
LOG204078,W0281,Evening,2025-01-12 22:57:00,2025-01-13 07:57:00,9.0
LOG204081,W0486,Night,2025-06-10 06:36:00,2025-06-10 15:36:00,9.0
LOG204083,W0040,Night,2025-02-21 18:57:00,2025-02-22 01:57:00,7.0
LOG204084,W0010,Night,2025-06-07 17:05:00,2025-06-08 01:05:00,8.0
LOG204086,W0287,Evening,2025-02-12 07:38:00,2025-02-12 16:38:00,9.0
LOG204088,W0268,Night,2025-02-18 22:22:00,2025-02-19 05:22:00,7.0
LOG204089,W0149,Night,2025-04-24 03:25:00,2025-04-24 12:25:00,9.0
LOG204090,W0060,Evening,2025-01-15 03:41:00,2025-01-15 10:41:00,7.0
LOG204091,W0482,Evening,2025-01-31 22:28:00,2025-02-01 06:28:00,8.0
LOG204092,W0335,Night,2025-05-27 05:17:00,2025-05-27 12:17:00,7.0
LOG204093,W0118,Night,2025-05-10 11:21:00,2025-05-10 21:21:00,10.0
LOG204094,W0480,Night,2025-03-10 20:36:00,2025-03-11 04:36:00,8.0
LOG204097,W0368,Night,2025-05-12 08:34:00,2025-05-12 17:34:00,9.0
LOG204098,W0253,Morning,2025-01-30 23:25:00,2025-01-31 09:25:00,10.0
LOG204099,W0084,Night,2025-04-28 12:17:00,2025-04-28 19:17:00,7.0
LOG204100,W0089,Night,2025-03-07 18:23:00,2025-03-08 03:23:00,9.0
LOG204101,W0251,Morning,2025-02-22 09:07:00,2025-02-22 17:07:00,8.0
LOG204103,W0190,Morning,2025-05-04 17:01:00,2025-05-05 00:01:00,7.0
LOG204104,W0023,Night,2025-01-10 21:17:00,2025-01-11 03:17:00,6.0
LOG204105,W0354,Night,2025-05-17 23:34:00,2025-05-18 06:34:00,7.0
LOG204106,W0468,Morning,2025-02-09 18:35:00,2025-02-10 02:35:00,8.0
LOG204107,W0433,Night,2025-04-09 02:30:00,2025-04-09 08:30:00,6.0
LOG204108,W0004,Evening,2025-05-28 09:25:00,2025-05-28 19:25:00,10.0
LOG204109,W0088,Morning,2025-05-05 08:47:00,2025-05-05 14:47:00,6.0
LOG204111,W0207,Morning,2025-03-28 01:51:00,2025-03-28 07:51:00,6.0
LOG204112,W0472,Evening,2025-02-22 11:53:00,2025-02-22 18:53:00,7.0
LOG204113,W0064,Evening,2025-06-17 01:29:00,2025-06-17 09:29:00,8.0
LOG204114,W0203,Night,2025-06-09 19:29:00,2025-06-10 01:29:00,6.0
LOG204115,W0230,Night,2025-01-28 17:50:00,2025-01-29 00:50:00,7.0
LOG204116,W0357,Night,2025-04-16 06:02:00,2025-04-16 12:02:00,6.0
LOG204117,W0289,Morning,2025-05-26 04:14:00,2025-05-26 13:14:00,9.0
LOG204118,W0420,Evening,2025-05-29 18:44:00,2025-05-30 00:44:00,6.0
LOG204119,W0204,Evening,2025-03-17 03:23:00,2025-03-17 11:23:00,8.0
LOG204120,W0323,Night,2025-01-21 15:42:00,2025-01-21 21:42:00,6.0
LOG204121,W0289,Night,2025-04-05 05:43:00,2025-04-05 14:43:00,9.0
LOG204124,W0179,Night,2025-05-15 20:52:00,2025-05-16 05:52:00,9.0
LOG204125,W0139,Night,2025-06-01 10:19:00,2025-06-01 19:19:00,9.0
LOG204127,W0349,Night,2025-03-11 00:48:00,2025-03-11 08:48:00,8.0
LOG204128,W0252,Evening,2025-02-03 06:33:00,2025-02-03 15:33:00,9.0
LOG204129,W0304,Evening,2025-02-23 07:21:00,2025-02-23 15:21:00,8.0
LOG204132,W0050,Night,2025-02-17 23:46:00,2025-02-18 09:46:00,10.0
LOG204133,W0357,Evening,2025-03-27 14:16:00,2025-03-27 22:16:00,8.0
LOG204134,W0193,Night,2025-02-21 04:18:00,2025-02-21 11:18:00,7.0
LOG204137,W0233,Night,2025-01-18 00:01:00,2025-01-18 07:01:00,7.0
LOG204139,W0133,Night,2025-05-26 11:55:00,2025-05-26 19:55:00,8.0
LOG204140,W0393,Night,2025-03-02 04:07:00,2025-03-02 10:07:00,6.0
LOG204141,W0133,Evening,2025-04-04 00:20:00,2025-04-04 10:20:00,10.0
LOG204142,W0008,Night,2025-06-21 18:06:00,2025-06-22 04:06:00,10.0
LOG204143,W0057,Morning,2025-04-24 08:05:00,2025-04-24 15:05:00,7.0
LOG204144,W0315,Night,2025-04-01 05:17:00,2025-04-01 13:17:00,8.0
LOG204145,W0306,Night,2025-06-22 18:42:00,2025-06-23 01:42:00,7.0
LOG204146,W0496,Morning,2025-01-27 23:42:00,2025-01-28 09:42:00,10.0
LOG204147,W0430,Night,2025-01-29 01:29:00,2025-01-29 11:29:00,10.0
LOG204148,W0464,Evening,2025-02-18 05:02:00,2025-02-18 13:02:00,8.0
LOG204150,W0379,Night,2025-05-10 12:25:00,2025-05-10 22:25:00,10.0
LOG204151,W0021,Night,2025-01-24 05:17:00,2025-01-24 13:17:00,8.0
LOG204153,W0392,Morning,2025-05-22 18:11:00,2025-05-23 02:11:00,8.0
LOG204154,W0173,Evening,2025-02-05 05:45:00,2025-02-05 11:45:00,6.0
LOG204155,W0358,Evening,2025-05-17 01:05:00,2025-05-17 09:05:00,8.0
LOG204156,W0210,Morning,2025-04-02 17:06:00,2025-04-03 00:06:00,7.0
LOG204157,W0145,Night,2025-04-04 11:18:00,2025-04-04 18:18:00,7.0
LOG204158,W0289,Night,2025-04-18 03:13:00,2025-04-18 12:13:00,9.0
LOG204159,W0182,Evening,2025-01-02 01:55:00,2025-01-02 11:55:00,10.0
LOG204161,W0151,Night,2025-01-22 20:06:00,2025-01-23 02:06:00,6.0
LOG204162,W0342,Morning,2025-03-14 20:49:00,2025-03-15 03:49:00,7.0
LOG204164,W0475,Morning,2025-01-30 15:05:00,2025-01-30 23:05:00,8.0
LOG204165,W0482,Night,2025-02-10 06:16:00,2025-02-10 14:16:00,8.0
LOG204166,W0413,Evening,2025-02-26 12:07:00,2025-02-26 19:07:00,7.0
LOG204168,W0366,Night,2025-05-01 09:30:00,2025-05-01 19:30:00,10.0
LOG204170,W0468,Evening,2025-03-30 09:32:00,2025-03-30 16:32:00,7.0
LOG204171,W0424,Night,2025-03-11 03:36:00,2025-03-11 12:36:00,9.0
LOG204174,W0116,Evening,2025-01-28 08:24:00,2025-01-28 16:24:00,8.0
LOG204175,W0210,Morning,2025-05-31 00:14:00,2025-05-31 07:14:00,7.0
LOG204176,W0252,Morning,2025-04-15 09:38:00,2025-04-15 18:38:00,9.0
LOG204177,W0464,Morning,2025-01-28 23:02:00,2025-01-29 07:02:00,8.0
LOG204179,W0145,Night,2025-01-18 01:51:00,2025-01-18 09:51:00,8.0
LOG204180,W0163,Evening,2025-03-27 16:42:00,2025-03-27 22:42:00,6.0
LOG204181,W0375,Evening,2025-06-21 04:20:00,2025-06-21 12:20:00,8.0
LOG204182,W0074,Night,2025-01-05 08:40:00,2025-01-05 14:40:00,6.0
LOG204183,W0141,Morning,2025-01-18 02:25:00,2025-01-18 09:25:00,7.0
LOG204185,W0407,Night,2025-04-20 01:59:00,2025-04-20 08:59:00,7.0
LOG204186,W0316,Morning,2025-06-27 00:32:00,2025-06-27 09:32:00,9.0
LOG204187,W0311,Morning,2025-04-10 08:09:00,2025-04-10 18:09:00,10.0
LOG204188,W0275,Evening,2025-01-21 04:09:00,2025-01-21 10:09:00,6.0
LOG204189,W0471,Evening,2025-06-24 15:03:00,2025-06-25 01:03:00,10.0
LOG204192,W0230,Morning,2025-04-02 07:27:00,2025-04-02 14:27:00,7.0
LOG204193,W0307,Morning,2025-05-07 20:16:00,2025-05-08 04:16:00,8.0
LOG204194,W0482,Evening,2025-01-23 01:02:00,2025-01-23 08:02:00,7.0
LOG204195,W0017,Night,2025-05-22 21:58:00,2025-05-23 05:58:00,8.0
LOG204197,W0091,Morning,2025-02-18 22:22:00,2025-02-19 04:22:00,6.0
LOG204199,W0081,Morning,2025-03-25 08:42:00,2025-03-25 14:42:00,6.0
LOG204200,W0244,Night,2025-03-15 04:48:00,2025-03-15 12:48:00,8.0
LOG204201,W0099,Night,2025-01-30 05:41:00,2025-01-30 11:41:00,6.0
LOG204202,W0357,Night,2025-01-04 09:10:00,2025-01-04 15:10:00,6.0
LOG204203,W0192,Morning,2025-01-04 08:34:00,2025-01-04 18:34:00,10.0
LOG204204,W0174,Morning,2025-03-04 03:35:00,2025-03-04 11:35:00,8.0
LOG204206,W0033,Evening,2025-06-17 02:21:00,2025-06-17 10:21:00,8.0
LOG204207,W0419,Night,2025-05-05 15:22:00,2025-05-05 23:22:00,8.0
LOG204208,W0049,Morning,2025-04-19 19:03:00,2025-04-20 02:03:00,7.0
LOG204209,W0029,Night,2025-02-12 05:59:00,2025-02-12 14:59:00,9.0
LOG204210,W0326,Night,2025-05-18 18:42:00,2025-05-19 03:42:00,9.0
LOG204213,W0399,Night,2025-02-05 05:52:00,2025-02-05 11:52:00,6.0
LOG204214,W0481,Evening,2025-05-01 02:01:00,2025-05-01 10:01:00,8.0
LOG204216,W0084,Morning,2025-05-20 23:13:00,2025-05-21 05:13:00,6.0
LOG204218,W0338,Morning,2025-02-12 21:31:00,2025-02-13 03:31:00,6.0
LOG204219,W0450,Night,2025-01-28 14:05:00,2025-01-28 23:05:00,9.0
LOG204220,W0254,Morning,2025-03-31 23:44:00,2025-04-01 08:44:00,9.0
LOG204221,W0068,Night,2025-02-22 17:50:00,2025-02-23 03:50:00,10.0
LOG204222,W0312,Evening,2025-01-05 22:29:00,2025-01-06 08:29:00,10.0
LOG204223,W0035,Night,2025-04-07 10:00:00,2025-04-07 16:00:00,6.0
LOG204224,W0057,Morning,2025-01-24 09:24:00,2025-01-24 16:24:00,7.0
LOG204225,W0145,Night,2025-05-31 19:01:00,2025-06-01 05:01:00,10.0
LOG204226,W0136,Morning,2025-04-29 09:20:00,2025-04-29 15:20:00,6.0
LOG204227,W0313,Morning,2025-01-08 16:50:00,2025-01-09 00:50:00,8.0
LOG204231,W0304,Evening,2025-01-14 12:35:00,2025-01-14 19:35:00,7.0
LOG204232,W0234,Night,2025-05-14 13:39:00,2025-05-14 19:39:00,6.0
LOG204234,W0495,Evening,2025-01-08 01:50:00,2025-01-08 11:50:00,10.0
LOG204235,W0269,Night,2025-02-12 13:17:00,2025-02-12 20:17:00,7.0
LOG204236,W0489,Night,2025-04-02 21:44:00,2025-04-03 03:44:00,6.0
LOG204237,W0481,Evening,2025-04-13 22:29:00,2025-04-14 07:29:00,9.0
LOG204239,W0320,Night,2025-01-04 11:25:00,2025-01-04 18:25:00,7.0
LOG204240,W0380,Morning,2025-02-01 00:20:00,2025-02-01 06:20:00,6.0
LOG204241,W0234,Night,2025-06-25 09:53:00,2025-06-25 17:53:00,8.0
LOG204243,W0394,Morning,2025-06-18 23:40:00,2025-06-19 09:40:00,10.0
LOG204244,W0006,Night,2025-06-14 14:57:00,2025-06-14 22:57:00,8.0
LOG204245,W0156,Night,2025-01-21 19:37:00,2025-01-22 03:37:00,8.0
LOG204246,W0071,Night,2025-05-11 23:57:00,2025-05-12 06:57:00,7.0
LOG204247,W0312,Evening,2025-05-26 16:04:00,2025-05-26 23:04:00,7.0
LOG204248,W0004,Morning,2025-02-09 23:56:00,2025-02-10 06:56:00,7.0
LOG204249,W0225,Evening,2025-01-20 17:49:00,2025-01-21 00:49:00,7.0
LOG204250,W0065,Night,2025-02-20 04:07:00,2025-02-20 13:07:00,9.0
LOG204254,W0400,Evening,2025-04-11 10:30:00,2025-04-11 19:30:00,9.0
LOG204255,W0288,Morning,2025-05-26 02:47:00,2025-05-26 12:47:00,10.0
LOG204258,W0238,Night,2025-04-27 04:09:00,2025-04-27 10:09:00,6.0
LOG204259,W0355,Night,2025-05-18 18:57:00,2025-05-19 04:57:00,10.0
LOG204260,W0058,Morning,2025-03-11 22:08:00,2025-03-12 05:08:00,7.0
LOG204261,W0484,Morning,2025-05-01 04:13:00,2025-05-01 14:13:00,10.0
LOG204263,W0331,Night,2025-02-07 22:54:00,2025-02-08 05:54:00,7.0
LOG204264,W0116,Morning,2025-01-26 10:05:00,2025-01-26 16:05:00,6.0
LOG204266,W0264,Morning,2025-04-07 09:07:00,2025-04-07 17:07:00,8.0
LOG204267,W0123,Night,2025-02-04 20:31:00,2025-02-05 05:31:00,9.0
LOG204268,W0231,Morning,2025-06-09 12:44:00,2025-06-09 18:44:00,6.0
LOG204269,W0287,Morning,2025-05-29 00:59:00,2025-05-29 06:59:00,6.0
LOG204271,W0253,Evening,2025-06-04 11:23:00,2025-06-04 17:23:00,6.0
LOG204272,W0402,Evening,2025-06-18 06:16:00,2025-06-18 16:16:00,10.0
LOG204275,W0137,Night,2025-06-15 11:43:00,2025-06-15 20:43:00,9.0
LOG204277,W0200,Night,2025-01-11 19:08:00,2025-01-12 04:08:00,9.0
LOG204279,W0205,Night,2025-05-08 15:10:00,2025-05-09 01:10:00,10.0
LOG204281,W0339,Evening,2025-05-04 15:55:00,2025-05-05 01:55:00,10.0
LOG204282,W0026,Night,2025-01-05 11:12:00,2025-01-05 18:12:00,7.0
LOG204283,W0319,Evening,2025-06-18 00:40:00,2025-06-18 09:40:00,9.0
LOG204284,W0248,Morning,2025-04-06 08:32:00,2025-04-06 16:32:00,8.0
LOG204285,W0185,Night,2025-06-26 18:53:00,2025-06-27 04:53:00,10.0
LOG204286,W0135,Morning,2025-05-06 12:16:00,2025-05-06 21:16:00,9.0
LOG204289,W0342,Night,2025-05-31 20:53:00,2025-06-01 02:53:00,6.0
LOG204291,W0428,Morning,2025-05-27 23:50:00,2025-05-28 08:50:00,9.0
LOG204293,W0156,Night,2025-02-24 01:54:00,2025-02-24 11:54:00,10.0
LOG204294,W0491,Evening,2025-06-25 05:44:00,2025-06-25 11:44:00,6.0
LOG204295,W0208,Morning,2025-05-15 01:24:00,2025-05-15 10:24:00,9.0
LOG204296,W0477,Morning,2025-01-30 14:05:00,2025-01-31 00:05:00,10.0
LOG204298,W0314,Evening,2025-05-04 02:38:00,2025-05-04 11:38:00,9.0
LOG204299,W0384,Morning,2025-03-22 13:54:00,2025-03-22 20:54:00,7.0
LOG204300,W0418,Morning,2025-06-12 04:14:00,2025-06-12 14:14:00,10.0
LOG204302,W0326,Evening,2025-01-24 00:55:00,2025-01-24 08:55:00,8.0
LOG204303,W0288,Night,2025-04-20 18:49:00,2025-04-21 02:49:00,8.0
LOG204304,W0173,Morning,2025-01-15 14:06:00,2025-01-15 21:06:00,7.0
LOG204305,W0047,Night,2025-03-04 23:23:00,2025-03-05 09:23:00,10.0
LOG204306,W0046,Evening,2025-02-25 11:33:00,2025-02-25 17:33:00,6.0
LOG204308,W0287,Night,2025-06-07 04:09:00,2025-06-07 14:09:00,10.0
LOG204309,W0090,Night,2025-01-04 06:24:00,2025-01-04 14:24:00,8.0
LOG204311,W0248,Morning,2025-06-02 08:24:00,2025-06-02 17:24:00,9.0
LOG204312,W0331,Morning,2025-03-04 15:08:00,2025-03-04 21:08:00,6.0
LOG204315,W0007,Evening,2025-03-27 14:11:00,2025-03-27 22:11:00,8.0
LOG204316,W0188,Night,2025-03-03 12:22:00,2025-03-03 18:22:00,6.0
LOG204317,W0472,Morning,2025-05-28 01:00:00,2025-05-28 11:00:00,10.0
LOG204318,W0444,Night,2025-02-26 05:31:00,2025-02-26 15:31:00,10.0
LOG204319,W0269,Night,2025-04-12 10:49:00,2025-04-12 16:49:00,6.0
LOG204320,W0295,Morning,2025-01-12 23:38:00,2025-01-13 08:38:00,9.0
LOG204321,W0325,Morning,2025-02-08 01:59:00,2025-02-08 09:59:00,8.0
LOG204322,W0290,Morning,2025-03-10 20:40:00,2025-03-11 02:40:00,6.0
LOG204323,W0202,Night,2025-01-25 19:57:00,2025-01-26 02:57:00,7.0
LOG204324,W0186,Night,2025-05-24 08:20:00,2025-05-24 15:20:00,7.0
LOG204326,W0155,Night,2025-05-17 06:16:00,2025-05-17 15:16:00,9.0
LOG204327,W0485,Night,2025-05-17 00:41:00,2025-05-17 06:41:00,6.0
LOG204328,W0083,Evening,2025-05-04 01:20:00,2025-05-04 08:20:00,7.0
LOG204329,W0338,Night,2025-01-28 16:33:00,2025-01-29 02:33:00,10.0
LOG204330,W0027,Night,2025-04-21 00:41:00,2025-04-21 07:41:00,7.0
LOG204332,W0352,Evening,2025-04-21 03:30:00,2025-04-21 10:30:00,7.0
LOG204333,W0494,Morning,2025-06-15 12:47:00,2025-06-15 22:47:00,10.0
LOG204334,W0298,Evening,2025-04-04 12:56:00,2025-04-04 21:56:00,9.0
LOG204335,W0172,Night,2025-01-23 07:53:00,2025-01-23 17:53:00,10.0
LOG204338,W0291,Night,2025-01-14 11:02:00,2025-01-14 18:02:00,7.0
LOG204339,W0497,Night,2025-03-11 14:03:00,2025-03-12 00:03:00,10.0
LOG204341,W0364,Night,2025-01-17 12:29:00,2025-01-17 21:29:00,9.0
LOG204342,W0274,Night,2025-06-01 09:01:00,2025-06-01 18:01:00,9.0
LOG204343,W0383,Night,2025-03-24 15:56:00,2025-03-25 00:56:00,9.0
LOG204344,W0035,Morning,2025-04-27 01:25:00,2025-04-27 09:25:00,8.0
LOG204345,W0470,Evening,2025-05-28 02:17:00,2025-05-28 10:17:00,8.0
LOG204346,W0399,Evening,2025-03-31 11:34:00,2025-03-31 19:34:00,8.0
LOG204349,W0033,Morning,2025-03-25 10:32:00,2025-03-25 17:32:00,7.0
LOG204350,W0049,Night,2025-02-26 04:19:00,2025-02-26 12:19:00,8.0
LOG204352,W0245,Night,2025-03-18 01:50:00,2025-03-18 11:50:00,10.0
LOG204353,W0307,Night,2025-05-26 13:48:00,2025-05-26 21:48:00,8.0
LOG204354,W0022,Evening,2025-02-06 22:58:00,2025-02-07 06:58:00,8.0
LOG204355,W0110,Night,2025-01-07 12:48:00,2025-01-07 20:48:00,8.0
LOG204356,W0197,Night,2025-05-17 11:06:00,2025-05-17 20:06:00,9.0
LOG204357,W0050,Night,2025-02-16 19:20:00,2025-02-17 04:20:00,9.0
LOG204358,W0087,Night,2025-05-01 07:09:00,2025-05-01 14:09:00,7.0
LOG204359,W0424,Night,2025-03-25 02:40:00,2025-03-25 08:40:00,6.0
LOG204360,W0066,Evening,2025-01-27 07:33:00,2025-01-27 15:33:00,8.0
LOG204361,W0304,Evening,2025-03-31 11:16:00,2025-03-31 18:16:00,7.0
LOG204362,W0306,Night,2025-03-04 19:47:00,2025-03-05 01:47:00,6.0
LOG204363,W0030,Morning,2025-03-13 00:35:00,2025-03-13 10:35:00,10.0
LOG204364,W0173,Night,2025-03-04 09:49:00,2025-03-04 17:49:00,8.0
LOG204365,W0021,Morning,2025-04-02 15:42:00,2025-04-03 01:42:00,10.0
LOG204366,W0306,Night,2025-03-18 03:02:00,2025-03-18 13:02:00,10.0
LOG204367,W0372,Night,2025-03-08 00:11:00,2025-03-08 10:11:00,10.0
LOG204368,W0064,Night,2025-05-04 19:08:00,2025-05-05 03:08:00,8.0
LOG204369,W0037,Night,2025-06-04 12:10:00,2025-06-04 18:10:00,6.0
LOG204370,W0087,Night,2025-05-24 07:23:00,2025-05-24 17:23:00,10.0
LOG204371,W0026,Night,2025-06-24 23:00:00,2025-06-25 07:00:00,8.0
LOG204373,W0050,Morning,2025-06-15 20:41:00,2025-06-16 04:41:00,8.0
LOG204374,W0036,Night,2025-05-14 05:15:00,2025-05-14 12:15:00,7.0
LOG204375,W0261,Night,2025-03-21 06:02:00,2025-03-21 14:02:00,8.0
LOG204377,W0016,Evening,2025-06-10 20:20:00,2025-06-11 06:20:00,10.0
LOG204378,W0299,Morning,2025-04-01 01:37:00,2025-04-01 11:37:00,10.0
LOG204379,W0172,Night,2025-05-11 06:06:00,2025-05-11 16:06:00,10.0
LOG204380,W0211,Night,2025-03-05 04:34:00,2025-03-05 11:34:00,7.0
LOG204381,W0121,Morning,2025-05-07 01:50:00,2025-05-07 07:50:00,6.0
LOG204382,W0015,Morning,2025-01-11 05:40:00,2025-01-11 15:40:00,10.0
LOG204383,W0139,Morning,2025-05-19 11:24:00,2025-05-19 17:24:00,6.0
LOG204384,W0471,Morning,2025-05-14 03:46:00,2025-05-14 12:46:00,9.0
LOG204385,W0320,Night,2025-02-25 01:31:00,2025-02-25 09:31:00,8.0
LOG204386,W0038,Night,2025-04-13 03:05:00,2025-04-13 11:05:00,8.0
LOG204387,W0379,Night,2025-04-24 17:04:00,2025-04-25 01:04:00,8.0
LOG204388,W0179,Evening,2025-06-16 23:10:00,2025-06-17 05:10:00,6.0
LOG204389,W0387,Night,2025-01-18 23:15:00,2025-01-19 06:15:00,7.0
LOG204390,W0183,Night,2025-06-10 10:46:00,2025-06-10 18:46:00,8.0
LOG204391,W0109,Morning,2025-05-06 19:26:00,2025-05-07 01:26:00,6.0
LOG204392,W0216,Night,2025-03-22 06:28:00,2025-03-22 16:28:00,10.0
LOG204393,W0240,Night,2025-02-01 08:01:00,2025-02-01 14:01:00,6.0
LOG204395,W0376,Night,2025-02-05 22:07:00,2025-02-06 08:07:00,10.0
LOG204396,W0262,Night,2025-03-30 00:11:00,2025-03-30 09:11:00,9.0
LOG204397,W0011,Night,2025-06-15 09:34:00,2025-06-15 17:34:00,8.0
LOG204398,W0211,Evening,2025-01-30 11:55:00,2025-01-30 17:55:00,6.0
LOG204399,W0086,Night,2025-01-25 22:18:00,2025-01-26 05:18:00,7.0
LOG204400,W0127,Morning,2025-01-19 07:06:00,2025-01-19 17:06:00,10.0
LOG204401,W0121,Morning,2025-02-19 07:31:00,2025-02-19 13:31:00,6.0
LOG204402,W0311,Night,2025-04-26 14:30:00,2025-04-26 20:30:00,6.0
LOG204403,W0254,Morning,2025-04-19 09:39:00,2025-04-19 18:39:00,9.0
LOG204404,W0444,Night,2025-05-28 19:53:00,2025-05-29 04:53:00,9.0
LOG204405,W0209,Night,2025-01-01 02:38:00,2025-01-01 09:38:00,7.0
LOG204407,W0228,Morning,2025-05-24 10:25:00,2025-05-24 19:25:00,9.0
LOG204410,W0124,Night,2025-04-15 06:14:00,2025-04-15 12:14:00,6.0
LOG204411,W0322,Night,2025-02-02 15:00:00,2025-02-03 01:00:00,10.0
LOG204414,W0229,Evening,2025-02-17 04:25:00,2025-02-17 14:25:00,10.0
LOG204415,W0401,Morning,2025-05-18 04:48:00,2025-05-18 10:48:00,6.0
LOG204418,W0264,Morning,2025-06-10 10:21:00,2025-06-10 16:21:00,6.0
LOG204419,W0473,Morning,2025-01-01 17:29:00,2025-01-02 02:29:00,9.0
LOG204420,W0178,Morning,2025-05-16 19:08:00,2025-05-17 05:08:00,10.0
LOG204421,W0336,Night,2025-02-22 13:59:00,2025-02-22 21:59:00,8.0
LOG204422,W0392,Morning,2025-02-25 01:25:00,2025-02-25 11:25:00,10.0
LOG204424,W0390,Night,2025-01-20 00:25:00,2025-01-20 08:25:00,8.0
LOG204425,W0357,Morning,2025-01-15 18:34:00,2025-01-16 01:34:00,7.0
LOG204427,W0206,Night,2025-05-21 19:47:00,2025-05-22 01:47:00,6.0
LOG204428,W0055,Night,2025-02-08 03:35:00,2025-02-08 10:35:00,7.0
LOG204429,W0181,Evening,2025-06-14 04:59:00,2025-06-14 11:59:00,7.0
LOG204430,W0367,Morning,2025-04-07 11:04:00,2025-04-07 20:04:00,9.0
LOG204431,W0495,Morning,2025-04-06 20:36:00,2025-04-07 03:36:00,7.0
LOG204432,W0152,Night,2025-06-02 17:27:00,2025-06-03 02:27:00,9.0
LOG204434,W0491,Evening,2025-05-26 02:53:00,2025-05-26 09:53:00,7.0
LOG204435,W0313,Night,2025-05-30 16:16:00,2025-05-31 00:16:00,8.0
LOG204436,W0033,Evening,2025-02-01 03:05:00,2025-02-01 11:05:00,8.0
LOG204437,W0179,Morning,2025-04-07 12:42:00,2025-04-07 22:42:00,10.0
LOG204438,W0026,Morning,2025-03-13 10:58:00,2025-03-13 16:58:00,6.0
LOG204439,W0291,Night,2025-02-05 20:38:00,2025-02-06 04:38:00,8.0
LOG204440,W0011,Night,2025-04-04 03:55:00,2025-04-04 12:55:00,9.0
LOG204441,W0257,Morning,2025-03-01 01:35:00,2025-03-01 08:35:00,7.0
LOG204443,W0142,Evening,2025-04-02 20:41:00,2025-04-03 02:41:00,6.0
LOG204444,W0135,Morning,2025-04-19 16:08:00,2025-04-19 23:08:00,7.0
LOG204447,W0472,Morning,2025-02-09 01:23:00,2025-02-09 11:23:00,10.0
LOG204448,W0333,Night,2025-06-02 16:21:00,2025-06-02 22:21:00,6.0
LOG204449,W0173,Evening,2025-06-29 14:26:00,2025-06-29 23:26:00,9.0
LOG204450,W0244,Evening,2025-02-05 17:26:00,2025-02-06 03:26:00,10.0
LOG204451,W0167,Morning,2025-05-08 02:27:00,2025-05-08 10:27:00,8.0
LOG204452,W0264,Night,2025-04-16 02:02:00,2025-04-16 08:02:00,6.0
LOG204453,W0149,Night,2025-06-28 05:27:00,2025-06-28 14:27:00,9.0
LOG204454,W0307,Morning,2025-05-21 05:32:00,2025-05-21 15:32:00,10.0
LOG204455,W0367,Evening,2025-02-28 14:25:00,2025-02-28 22:25:00,8.0
LOG204456,W0152,Night,2025-06-09 05:34:00,2025-06-09 13:34:00,8.0
LOG204457,W0147,Night,2025-06-04 11:47:00,2025-06-04 18:47:00,7.0
LOG204458,W0352,Night,2025-01-10 11:23:00,2025-01-10 21:23:00,10.0
LOG204459,W0008,Night,2025-05-01 11:41:00,2025-05-01 21:41:00,10.0
LOG204461,W0148,Morning,2025-04-23 12:22:00,2025-04-23 19:22:00,7.0
LOG204462,W0364,Morning,2025-05-29 11:11:00,2025-05-29 17:11:00,6.0
LOG204463,W0224,Night,2025-01-04 08:49:00,2025-01-04 15:49:00,7.0
LOG204464,W0423,Morning,2025-01-11 11:54:00,2025-01-11 19:54:00,8.0
LOG204465,W0351,Evening,2025-06-18 11:12:00,2025-06-18 19:12:00,8.0
LOG204466,W0024,Evening,2025-05-21 07:14:00,2025-05-21 13:14:00,6.0
LOG204467,W0478,Night,2025-04-30 08:27:00,2025-04-30 15:27:00,7.0
LOG204468,W0086,Night,2025-06-14 20:47:00,2025-06-15 06:47:00,10.0
LOG204469,W0446,Morning,2025-06-24 07:41:00,2025-06-24 13:41:00,6.0
LOG204472,W0059,Evening,2025-01-06 22:13:00,2025-01-07 06:13:00,8.0
LOG204474,W0445,Morning,2025-06-03 22:21:00,2025-06-04 04:21:00,6.0
LOG204476,W0034,Night,2025-06-26 22:06:00,2025-06-27 05:06:00,7.0
LOG204477,W0255,Night,2025-03-16 12:07:00,2025-03-16 18:07:00,6.0
LOG204478,W0371,Morning,2025-03-27 20:14:00,2025-03-28 05:14:00,9.0
LOG204479,W0064,Night,2025-03-04 01:54:00,2025-03-04 08:54:00,7.0
LOG204481,W0377,Morning,2025-06-03 18:04:00,2025-06-04 04:04:00,10.0
LOG204484,W0171,Night,2025-04-09 10:13:00,2025-04-09 18:13:00,8.0
LOG204485,W0011,Morning,2025-04-03 10:38:00,2025-04-03 16:38:00,6.0
LOG204486,W0115,Evening,2025-05-07 10:41:00,2025-05-07 16:41:00,6.0
LOG204487,W0121,Night,2025-06-10 14:12:00,2025-06-10 23:12:00,9.0
LOG204488,W0028,Morning,2025-05-09 01:55:00,2025-05-09 08:55:00,7.0
LOG204489,W0255,Evening,2025-01-20 11:24:00,2025-01-20 18:24:00,7.0
LOG204490,W0159,Night,2025-05-07 10:39:00,2025-05-07 17:39:00,7.0
LOG204491,W0230,Night,2025-02-23 14:44:00,2025-02-24 00:44:00,10.0
LOG204493,W0135,Night,2025-03-07 11:20:00,2025-03-07 18:20:00,7.0
LOG204494,W0029,Morning,2025-06-17 04:35:00,2025-06-17 11:35:00,7.0
LOG204495,W0292,Morning,2025-01-04 14:30:00,2025-01-04 20:30:00,6.0
LOG204497,W0123,Night,2025-03-27 11:43:00,2025-03-27 18:43:00,7.0
LOG204500,W0001,Night,2025-06-22 17:08:00,2025-06-22 23:08:00,6.0
LOG204502,W0286,Morning,2025-06-09 05:19:00,2025-06-09 14:19:00,9.0
LOG204503,W0225,Night,2025-03-01 19:25:00,2025-03-02 04:25:00,9.0
LOG204504,W0170,Evening,2025-06-17 13:41:00,2025-06-17 20:41:00,7.0
LOG204505,W0004,Night,2025-04-10 16:24:00,2025-04-11 01:24:00,9.0
LOG204508,W0388,Morning,2025-03-19 19:25:00,2025-03-20 01:25:00,6.0
LOG204510,W0003,Night,2025-06-06 10:10:00,2025-06-06 16:10:00,6.0
LOG204511,W0418,Night,2025-03-14 07:43:00,2025-03-14 13:43:00,6.0
LOG204514,W0098,Night,2025-03-05 18:50:00,2025-03-06 01:50:00,7.0
LOG204515,W0463,Night,2025-02-05 14:40:00,2025-02-05 23:40:00,9.0
LOG204516,W0225,Night,2025-05-20 14:00:00,2025-05-20 22:00:00,8.0
LOG204518,W0064,Morning,2025-05-15 02:24:00,2025-05-15 10:24:00,8.0
LOG204519,W0200,Night,2025-01-15 06:42:00,2025-01-15 16:42:00,10.0
LOG204520,W0428,Evening,2025-04-09 23:26:00,2025-04-10 07:26:00,8.0
LOG204522,W0428,Morning,2025-04-09 04:10:00,2025-04-09 14:10:00,10.0
LOG204523,W0386,Morning,2025-01-18 06:24:00,2025-01-18 13:24:00,7.0
LOG204524,W0408,Night,2025-01-23 23:17:00,2025-01-24 05:17:00,6.0
LOG204525,W0413,Morning,2025-05-02 13:16:00,2025-05-02 19:16:00,6.0
LOG204526,W0184,Morning,2025-03-11 19:00:00,2025-03-12 02:00:00,7.0
LOG204528,W0399,Night,2025-03-17 09:42:00,2025-03-17 18:42:00,9.0
LOG204530,W0463,Night,2025-04-23 11:56:00,2025-04-23 20:56:00,9.0
LOG204531,W0091,Night,2025-03-27 19:33:00,2025-03-28 02:33:00,7.0
LOG204532,W0451,Evening,2025-06-27 07:35:00,2025-06-27 16:35:00,9.0
LOG204533,W0170,Night,2025-02-13 09:08:00,2025-02-13 17:08:00,8.0
LOG204534,W0182,Morning,2025-01-22 07:28:00,2025-01-22 14:28:00,7.0
LOG204536,W0355,Night,2025-05-30 14:59:00,2025-05-31 00:59:00,10.0
LOG204537,W0251,Night,2025-02-12 23:22:00,2025-02-13 06:22:00,7.0
LOG204538,W0295,Evening,2025-05-21 23:41:00,2025-05-22 05:41:00,6.0
LOG204542,W0477,Morning,2025-03-10 14:16:00,2025-03-10 22:16:00,8.0
LOG204543,W0154,Morning,2025-02-19 22:04:00,2025-02-20 04:04:00,6.0
LOG204545,W0262,Evening,2025-06-05 05:39:00,2025-06-05 12:39:00,7.0
LOG204547,W0408,Night,2025-05-11 05:18:00,2025-05-11 12:18:00,7.0
LOG204548,W0064,Night,2025-02-07 00:17:00,2025-02-07 07:17:00,7.0
LOG204549,W0041,Night,2025-05-01 15:08:00,2025-05-01 22:08:00,7.0
LOG204550,W0049,Morning,2025-02-15 20:16:00,2025-02-16 02:16:00,6.0
LOG204551,W0006,Morning,2025-06-16 21:16:00,2025-06-17 06:16:00,9.0
LOG204552,W0359,Evening,2025-03-10 23:51:00,2025-03-11 06:51:00,7.0
LOG204553,W0391,Evening,2025-02-11 00:55:00,2025-02-11 08:55:00,8.0
LOG204555,W0090,Morning,2025-05-14 07:11:00,2025-05-14 17:11:00,10.0
LOG204556,W0211,Night,2025-05-25 20:16:00,2025-05-26 05:16:00,9.0
LOG204557,W0390,Night,2025-06-15 14:30:00,2025-06-16 00:30:00,10.0
LOG204558,W0440,Night,2025-04-07 01:46:00,2025-04-07 10:46:00,9.0
LOG204559,W0037,Evening,2025-01-23 19:45:00,2025-01-24 01:45:00,6.0
LOG204560,W0019,Evening,2025-02-18 08:12:00,2025-02-18 16:12:00,8.0
LOG204564,W0274,Night,2025-06-04 15:06:00,2025-06-04 22:06:00,7.0
LOG204565,W0064,Night,2025-02-25 05:41:00,2025-02-25 13:41:00,8.0
LOG204567,W0439,Morning,2025-05-18 19:40:00,2025-05-19 02:40:00,7.0
LOG204569,W0236,Evening,2025-04-05 11:30:00,2025-04-05 18:30:00,7.0
LOG204570,W0457,Night,2025-02-25 12:35:00,2025-02-25 20:35:00,8.0
LOG204571,W0131,Morning,2025-01-27 13:26:00,2025-01-27 22:26:00,9.0
LOG204572,W0185,Night,2025-01-31 19:46:00,2025-02-01 02:46:00,7.0
LOG204573,W0291,Evening,2025-04-15 05:04:00,2025-04-15 12:04:00,7.0
LOG204574,W0006,Night,2025-01-20 04:29:00,2025-01-20 13:29:00,9.0
LOG204575,W0156,Night,2025-02-13 04:39:00,2025-02-13 11:39:00,7.0
LOG204578,W0031,Night,2025-01-09 10:10:00,2025-01-09 19:10:00,9.0
LOG204580,W0086,Evening,2025-05-23 16:08:00,2025-05-23 22:08:00,6.0
LOG204582,W0086,Night,2025-01-19 12:45:00,2025-01-19 20:45:00,8.0
LOG204583,W0421,Night,2025-04-05 07:41:00,2025-04-05 16:41:00,9.0
LOG204586,W0231,Night,2025-02-28 10:33:00,2025-02-28 17:33:00,7.0
LOG204588,W0094,Night,2025-01-31 03:36:00,2025-01-31 09:36:00,6.0
LOG204589,W0072,Morning,2025-05-07 17:17:00,2025-05-08 01:17:00,8.0
LOG204591,W0340,Morning,2025-02-05 05:28:00,2025-02-05 13:28:00,8.0
LOG204594,W0356,Evening,2025-06-25 17:16:00,2025-06-25 23:16:00,6.0
LOG204595,W0255,Night,2025-06-22 01:26:00,2025-06-22 11:26:00,10.0
LOG204598,W0330,Evening,2025-03-21 14:25:00,2025-03-21 23:25:00,9.0
LOG204599,W0264,Night,2025-04-28 18:26:00,2025-04-29 04:26:00,10.0
LOG204600,W0192,Night,2025-06-07 19:26:00,2025-06-08 04:26:00,9.0
LOG204601,W0477,Night,2025-03-05 22:32:00,2025-03-06 08:32:00,10.0
LOG204603,W0122,Night,2025-03-17 13:30:00,2025-03-17 23:30:00,10.0
LOG204604,W0398,Night,2025-02-12 14:10:00,2025-02-12 22:10:00,8.0
LOG204606,W0267,Night,2025-06-11 19:37:00,2025-06-12 05:37:00,10.0
LOG204607,W0348,Night,2025-06-09 00:04:00,2025-06-09 06:04:00,6.0
LOG204608,W0405,Night,2025-04-26 18:27:00,2025-04-27 00:27:00,6.0
LOG204609,W0378,Night,2025-02-27 04:47:00,2025-02-27 11:47:00,7.0
LOG204611,W0356,Night,2025-06-01 18:36:00,2025-06-02 02:36:00,8.0
LOG204612,W0470,Night,2025-05-30 02:27:00,2025-05-30 12:27:00,10.0
LOG204613,W0232,Evening,2025-05-24 20:34:00,2025-05-25 02:34:00,6.0
LOG204614,W0437,Morning,2025-05-01 11:04:00,2025-05-01 17:04:00,6.0
LOG204615,W0496,Evening,2025-04-25 13:46:00,2025-04-25 20:46:00,7.0
LOG204616,W0069,Night,2025-03-25 23:09:00,2025-03-26 07:09:00,8.0
LOG204617,W0205,Night,2025-06-03 06:08:00,2025-06-03 16:08:00,10.0
LOG204619,W0448,Night,2025-03-09 22:13:00,2025-03-10 06:13:00,8.0
LOG204620,W0361,Morning,2025-01-12 13:34:00,2025-01-12 19:34:00,6.0
LOG204621,W0104,Night,2025-02-18 21:03:00,2025-02-19 05:03:00,8.0
LOG204622,W0308,Evening,2025-04-16 09:28:00,2025-04-16 16:28:00,7.0
LOG204623,W0447,Night,2025-01-17 16:14:00,2025-01-18 00:14:00,8.0
LOG204624,W0302,Evening,2025-01-23 19:36:00,2025-01-24 04:36:00,9.0
LOG204625,W0362,Night,2025-02-28 02:31:00,2025-02-28 09:31:00,7.0
LOG204626,W0414,Night,2025-03-31 06:20:00,2025-03-31 12:20:00,6.0
LOG204627,W0413,Evening,2025-06-05 10:44:00,2025-06-05 20:44:00,10.0
LOG204628,W0163,Evening,2025-02-10 17:29:00,2025-02-11 01:29:00,8.0
LOG204629,W0013,Night,2025-03-23 06:25:00,2025-03-23 14:25:00,8.0
LOG204630,W0294,Morning,2025-02-13 00:20:00,2025-02-13 06:20:00,6.0
LOG204631,W0188,Night,2025-03-30 18:17:00,2025-03-31 00:17:00,6.0
LOG204632,W0079,Night,2025-01-13 06:47:00,2025-01-13 12:47:00,6.0
LOG204634,W0073,Evening,2025-03-18 17:47:00,2025-03-18 23:47:00,6.0
LOG204636,W0341,Night,2025-02-24 14:25:00,2025-02-24 23:25:00,9.0
LOG204637,W0197,Night,2025-05-09 07:40:00,2025-05-09 15:40:00,8.0
LOG204639,W0387,Morning,2025-06-08 16:41:00,2025-06-09 01:41:00,9.0
LOG204640,W0324,Night,2025-02-09 22:08:00,2025-02-10 08:08:00,10.0
LOG204642,W0035,Morning,2025-06-07 08:30:00,2025-06-07 14:30:00,6.0
LOG204643,W0213,Night,2025-06-13 13:01:00,2025-06-13 22:01:00,9.0
LOG204644,W0397,Morning,2025-03-23 05:53:00,2025-03-23 14:53:00,9.0
LOG204645,W0018,Morning,2025-05-19 04:53:00,2025-05-19 11:53:00,7.0
LOG204646,W0227,Night,2025-06-05 16:35:00,2025-06-05 22:35:00,6.0
LOG204649,W0209,Night,2025-05-03 04:38:00,2025-05-03 14:38:00,10.0
LOG204652,W0219,Morning,2025-05-16 08:11:00,2025-05-16 14:11:00,6.0
LOG204653,W0225,Night,2025-05-25 12:58:00,2025-05-25 18:58:00,6.0
LOG204656,W0214,Night,2025-02-17 05:56:00,2025-02-17 11:56:00,6.0
LOG204657,W0450,Morning,2025-06-26 21:26:00,2025-06-27 05:26:00,8.0
LOG204658,W0276,Night,2025-01-24 01:44:00,2025-01-24 10:44:00,9.0
LOG204659,W0148,Night,2025-04-27 18:30:00,2025-04-28 03:30:00,9.0
LOG204660,W0151,Night,2025-02-06 23:48:00,2025-02-07 06:48:00,7.0
LOG204662,W0239,Morning,2025-05-27 13:14:00,2025-05-27 22:14:00,9.0
LOG204663,W0348,Night,2025-04-24 15:38:00,2025-04-25 00:38:00,9.0
LOG204664,W0080,Morning,2025-05-05 08:49:00,2025-05-05 14:49:00,6.0
LOG204665,W0050,Night,2025-02-24 16:19:00,2025-02-24 23:19:00,7.0
LOG204668,W0108,Evening,2025-06-20 08:04:00,2025-06-20 16:04:00,8.0
LOG204669,W0411,Morning,2025-05-23 11:20:00,2025-05-23 21:20:00,10.0
LOG204671,W0299,Evening,2025-03-27 12:48:00,2025-03-27 20:48:00,8.0
LOG204672,W0377,Morning,2025-05-15 14:39:00,2025-05-15 23:39:00,9.0
LOG204678,W0265,Morning,2025-01-06 05:47:00,2025-01-06 11:47:00,6.0
LOG204679,W0458,Morning,2025-03-08 20:20:00,2025-03-09 05:20:00,9.0
LOG204680,W0491,Night,2025-01-24 10:22:00,2025-01-24 17:22:00,7.0
LOG204681,W0455,Night,2025-06-27 13:39:00,2025-06-27 21:39:00,8.0
LOG204684,W0082,Night,2025-05-02 12:51:00,2025-05-02 18:51:00,6.0
LOG204685,W0145,Night,2025-04-06 22:40:00,2025-04-07 06:40:00,8.0
LOG204687,W0157,Night,2025-04-19 01:26:00,2025-04-19 08:26:00,7.0
LOG204688,W0480,Morning,2025-03-23 03:46:00,2025-03-23 10:46:00,7.0
LOG204690,W0035,Night,2025-03-07 19:35:00,2025-03-08 04:35:00,9.0
LOG204691,W0323,Evening,2025-01-31 22:04:00,2025-02-01 06:04:00,8.0
LOG204692,W0498,Night,2025-03-06 16:52:00,2025-03-07 02:52:00,10.0
LOG204694,W0300,Evening,2025-06-25 13:48:00,2025-06-25 20:48:00,7.0
LOG204695,W0053,Morning,2025-03-23 06:15:00,2025-03-23 16:15:00,10.0
LOG204696,W0249,Night,2025-04-21 19:12:00,2025-04-22 01:12:00,6.0
LOG204697,W0276,Evening,2025-04-22 19:16:00,2025-04-23 02:16:00,7.0
LOG204698,W0157,Morning,2025-05-07 08:51:00,2025-05-07 17:51:00,9.0
LOG204699,W0204,Evening,2025-04-29 05:50:00,2025-04-29 13:50:00,8.0
LOG204700,W0192,Night,2025-01-21 08:05:00,2025-01-21 14:05:00,6.0
LOG204702,W0297,Morning,2025-05-27 04:46:00,2025-05-27 12:46:00,8.0
LOG204705,W0133,Evening,2025-02-22 10:30:00,2025-02-22 18:30:00,8.0
LOG204706,W0120,Morning,2025-01-05 03:52:00,2025-01-05 13:52:00,10.0
LOG204707,W0240,Night,2025-03-29 17:30:00,2025-03-30 03:30:00,10.0
LOG204708,W0111,Morning,2025-01-17 04:27:00,2025-01-17 13:27:00,9.0
LOG204711,W0487,Evening,2025-06-10 20:38:00,2025-06-11 05:38:00,9.0
LOG204712,W0158,Night,2025-05-19 04:15:00,2025-05-19 14:15:00,10.0
LOG204715,W0140,Night,2025-05-11 02:55:00,2025-05-11 12:55:00,10.0
LOG204717,W0012,Night,2025-04-11 10:43:00,2025-04-11 18:43:00,8.0
LOG204718,W0170,Night,2025-01-12 14:09:00,2025-01-13 00:09:00,10.0
LOG204720,W0042,Night,2025-04-30 09:00:00,2025-04-30 15:00:00,6.0
LOG204721,W0368,Morning,2025-03-13 10:50:00,2025-03-13 18:50:00,8.0
LOG204722,W0283,Evening,2025-02-03 10:58:00,2025-02-03 16:58:00,6.0
LOG204724,W0051,Night,2025-05-31 14:24:00,2025-05-31 23:24:00,9.0
LOG204725,W0083,Night,2025-01-24 16:20:00,2025-01-24 23:20:00,7.0
LOG204726,W0340,Night,2025-04-02 00:25:00,2025-04-02 07:25:00,7.0
LOG204727,W0368,Morning,2025-03-07 07:04:00,2025-03-07 14:04:00,7.0
LOG204728,W0242,Evening,2025-02-13 08:15:00,2025-02-13 18:15:00,10.0
LOG204729,W0166,Night,2025-06-19 22:06:00,2025-06-20 07:06:00,9.0
LOG204730,W0132,Night,2025-06-17 05:38:00,2025-06-17 12:38:00,7.0
LOG204731,W0105,Night,2025-03-21 08:59:00,2025-03-21 14:59:00,6.0
LOG204733,W0037,Morning,2025-05-26 20:36:00,2025-05-27 06:36:00,10.0
LOG204734,W0252,Morning,2025-04-05 07:14:00,2025-04-05 16:14:00,9.0
LOG204736,W0387,Morning,2025-05-14 13:16:00,2025-05-14 19:16:00,6.0
LOG204737,W0468,Night,2025-04-13 09:42:00,2025-04-13 17:42:00,8.0
LOG204738,W0178,Night,2025-06-24 17:56:00,2025-06-25 02:56:00,9.0
LOG204739,W0403,Morning,2025-05-26 16:52:00,2025-05-27 02:52:00,10.0
LOG204741,W0183,Night,2025-05-29 22:59:00,2025-05-30 05:59:00,7.0
LOG204742,W0117,Night,2025-06-06 07:01:00,2025-06-06 16:01:00,9.0
LOG204745,W0251,Evening,2025-05-02 14:27:00,2025-05-02 20:27:00,6.0
LOG204746,W0232,Night,2025-02-03 01:04:00,2025-02-03 09:04:00,8.0
LOG204747,W0121,Morning,2025-02-09 05:40:00,2025-02-09 14:40:00,9.0
LOG204748,W0480,Night,2025-06-20 01:15:00,2025-06-20 09:15:00,8.0
LOG204750,W0448,Morning,2025-05-25 10:23:00,2025-05-25 16:23:00,6.0
LOG204751,W0230,Night,2025-04-30 08:32:00,2025-04-30 17:32:00,9.0
LOG204752,W0393,Night,2025-05-30 04:41:00,2025-05-30 14:41:00,10.0
LOG204753,W0006,Morning,2025-02-10 17:08:00,2025-02-11 01:08:00,8.0
LOG204754,W0260,Night,2025-01-21 21:19:00,2025-01-22 03:19:00,6.0
LOG204755,W0406,Night,2025-03-29 03:21:00,2025-03-29 11:21:00,8.0
LOG204757,W0205,Morning,2025-05-26 15:46:00,2025-05-27 00:46:00,9.0
LOG204758,W0222,Evening,2025-02-07 10:18:00,2025-02-07 16:18:00,6.0
LOG204761,W0428,Night,2025-01-25 16:35:00,2025-01-26 00:35:00,8.0
LOG204762,W0351,Night,2025-06-16 11:30:00,2025-06-16 18:30:00,7.0
LOG204763,W0217,Night,2025-06-21 10:38:00,2025-06-21 18:38:00,8.0
LOG204766,W0220,Night,2025-06-26 04:16:00,2025-06-26 11:16:00,7.0
LOG204767,W0268,Night,2025-05-18 13:51:00,2025-05-18 20:51:00,7.0
LOG204768,W0337,Night,2025-06-14 12:23:00,2025-06-14 20:23:00,8.0
LOG204769,W0447,Night,2025-06-08 20:53:00,2025-06-09 04:53:00,8.0
LOG204770,W0404,Evening,2025-01-09 04:44:00,2025-01-09 11:44:00,7.0
LOG204771,W0116,Evening,2025-04-27 13:42:00,2025-04-27 20:42:00,7.0
LOG204773,W0245,Morning,2025-03-10 13:35:00,2025-03-10 22:35:00,9.0
LOG204774,W0415,Morning,2025-06-27 15:23:00,2025-06-28 01:23:00,10.0
LOG204775,W0458,Night,2025-05-21 04:40:00,2025-05-21 11:40:00,7.0
LOG204776,W0436,Morning,2025-04-29 02:05:00,2025-04-29 10:05:00,8.0
LOG204777,W0277,Night,2025-03-22 23:55:00,2025-03-23 05:55:00,6.0
LOG204778,W0474,Evening,2025-03-03 01:17:00,2025-03-03 11:17:00,10.0
LOG204779,W0156,Night,2025-06-11 05:39:00,2025-06-11 12:39:00,7.0
LOG204780,W0084,Evening,2025-04-14 16:24:00,2025-04-14 23:24:00,7.0
LOG204782,W0020,Night,2025-06-07 02:24:00,2025-06-07 09:24:00,7.0
LOG204785,W0312,Morning,2025-02-26 15:55:00,2025-02-26 21:55:00,6.0
LOG204787,W0129,Night,2025-01-09 19:16:00,2025-01-10 01:16:00,6.0
LOG204788,W0454,Night,2025-01-31 13:49:00,2025-01-31 19:49:00,6.0
LOG204789,W0488,Evening,2025-01-26 19:04:00,2025-01-27 04:04:00,9.0
LOG204790,W0310,Night,2025-02-16 04:38:00,2025-02-16 13:38:00,9.0
LOG204791,W0476,Morning,2025-06-13 11:24:00,2025-06-13 21:24:00,10.0
LOG204792,W0436,Morning,2025-06-05 08:40:00,2025-06-05 14:40:00,6.0
LOG204793,W0258,Night,2025-03-14 17:06:00,2025-03-15 03:06:00,10.0
LOG204794,W0333,Evening,2025-01-22 14:49:00,2025-01-22 23:49:00,9.0
LOG204795,W0321,Morning,2025-03-22 15:44:00,2025-03-22 22:44:00,7.0
LOG204796,W0332,Morning,2025-05-24 22:45:00,2025-05-25 05:45:00,7.0
LOG204797,W0387,Evening,2025-06-24 16:15:00,2025-06-25 02:15:00,10.0
LOG204798,W0465,Morning,2025-06-14 14:24:00,2025-06-14 23:24:00,9.0
LOG204799,W0226,Night,2025-05-24 23:14:00,2025-05-25 09:14:00,10.0
LOG204800,W0411,Night,2025-06-02 19:00:00,2025-06-03 03:00:00,8.0
LOG204802,W0435,Evening,2025-01-29 03:04:00,2025-01-29 11:04:00,8.0
LOG204803,W0108,Morning,2025-01-01 02:03:00,2025-01-01 11:03:00,9.0
LOG204804,W0024,Evening,2025-05-13 22:45:00,2025-05-14 08:45:00,10.0
LOG204807,W0001,Morning,2025-05-24 04:11:00,2025-05-24 10:11:00,6.0
LOG204808,W0234,Evening,2025-04-18 12:00:00,2025-04-18 18:00:00,6.0
LOG204809,W0443,Evening,2025-05-23 13:35:00,2025-05-23 23:35:00,10.0
LOG204810,W0438,Night,2025-03-20 21:43:00,2025-03-21 03:43:00,6.0
LOG204812,W0473,Night,2025-05-08 12:58:00,2025-05-08 22:58:00,10.0
LOG204813,W0031,Morning,2025-05-20 15:59:00,2025-05-21 01:59:00,10.0
LOG204814,W0080,Evening,2025-03-04 18:10:00,2025-03-05 01:10:00,7.0
LOG204815,W0360,Night,2025-02-11 01:39:00,2025-02-11 08:39:00,7.0
LOG204816,W0298,Evening,2025-06-23 15:54:00,2025-06-23 23:54:00,8.0
LOG204818,W0167,Night,2025-04-22 07:15:00,2025-04-22 15:15:00,8.0
LOG204820,W0371,Morning,2025-06-03 13:02:00,2025-06-03 21:02:00,8.0
LOG204821,W0283,Night,2025-03-21 21:51:00,2025-03-22 03:51:00,6.0
LOG204822,W0114,Morning,2025-05-14 19:57:00,2025-05-15 01:57:00,6.0
LOG204823,W0445,Night,2025-04-18 18:59:00,2025-04-19 02:59:00,8.0
LOG204824,W0429,Evening,2025-05-22 03:20:00,2025-05-22 12:20:00,9.0
LOG204825,W0421,Evening,2025-02-16 01:48:00,2025-02-16 07:48:00,6.0
LOG204826,W0016,Morning,2025-03-07 15:22:00,2025-03-07 21:22:00,6.0
LOG204827,W0098,Morning,2025-04-22 23:21:00,2025-04-23 08:21:00,9.0
LOG204828,W0285,Night,2025-06-15 18:36:00,2025-06-16 04:36:00,10.0
LOG204829,W0109,Night,2025-01-18 11:21:00,2025-01-18 17:21:00,6.0
LOG204830,W0098,Night,2025-04-09 18:39:00,2025-04-10 02:39:00,8.0
LOG204831,W0184,Night,2025-03-04 14:23:00,2025-03-04 20:23:00,6.0
LOG204832,W0019,Morning,2025-04-09 10:19:00,2025-04-09 19:19:00,9.0
LOG204833,W0070,Night,2025-01-11 09:58:00,2025-01-11 17:58:00,8.0
LOG204834,W0498,Morning,2025-02-11 13:29:00,2025-02-11 21:29:00,8.0
LOG204836,W0086,Morning,2025-03-31 19:16:00,2025-04-01 03:16:00,8.0
LOG204837,W0332,Night,2025-01-02 20:11:00,2025-01-03 02:11:00,6.0
LOG204838,W0247,Night,2025-01-15 22:06:00,2025-01-16 05:06:00,7.0
LOG204841,W0412,Night,2025-01-30 08:54:00,2025-01-30 14:54:00,6.0
LOG204842,W0184,Night,2025-03-18 21:27:00,2025-03-19 04:27:00,7.0
LOG204843,W0253,Night,2025-04-29 00:59:00,2025-04-29 07:59:00,7.0
LOG204845,W0193,Morning,2025-03-17 01:10:00,2025-03-17 10:10:00,9.0
LOG204846,W0461,Night,2025-06-28 18:33:00,2025-06-29 02:33:00,8.0
LOG204847,W0486,Morning,2025-04-06 21:45:00,2025-04-07 04:45:00,7.0
LOG204849,W0054,Morning,2025-01-05 23:31:00,2025-01-06 09:31:00,10.0
LOG204850,W0258,Evening,2025-01-06 14:36:00,2025-01-06 21:36:00,7.0
LOG204851,W0062,Night,2025-06-04 14:01:00,2025-06-04 22:01:00,8.0
LOG204852,W0136,Night,2025-04-06 19:28:00,2025-04-07 02:28:00,7.0
LOG204853,W0495,Evening,2025-01-18 04:42:00,2025-01-18 12:42:00,8.0
LOG204854,W0488,Night,2025-03-23 15:46:00,2025-03-23 22:46:00,7.0
LOG204855,W0161,Night,2025-01-13 11:03:00,2025-01-13 20:03:00,9.0
LOG204856,W0463,Night,2025-03-08 00:56:00,2025-03-08 07:56:00,7.0
LOG204857,W0147,Morning,2025-06-01 05:08:00,2025-06-01 14:08:00,9.0
LOG204858,W0199,Evening,2025-05-27 09:31:00,2025-05-27 17:31:00,8.0
LOG204859,W0388,Night,2025-06-04 07:43:00,2025-06-04 16:43:00,9.0
LOG204860,W0401,Morning,2025-01-16 05:56:00,2025-01-16 12:56:00,7.0
LOG204862,W0363,Evening,2025-04-29 08:20:00,2025-04-29 14:20:00,6.0
LOG204864,W0205,Evening,2025-05-18 10:13:00,2025-05-18 17:13:00,7.0
LOG204867,W0157,Morning,2025-01-28 10:32:00,2025-01-28 17:32:00,7.0
LOG204868,W0331,Evening,2025-04-13 10:41:00,2025-04-13 20:41:00,10.0
LOG204869,W0051,Morning,2025-05-05 11:19:00,2025-05-05 21:19:00,10.0
LOG204870,W0360,Evening,2025-04-27 03:21:00,2025-04-27 13:21:00,10.0
LOG204871,W0419,Evening,2025-01-10 03:05:00,2025-01-10 10:05:00,7.0
LOG204874,W0023,Night,2025-05-12 19:12:00,2025-05-13 03:12:00,8.0
LOG204876,W0217,Night,2025-06-02 23:40:00,2025-06-03 09:40:00,10.0
LOG204877,W0124,Night,2025-01-14 05:12:00,2025-01-14 12:12:00,7.0
LOG204879,W0059,Morning,2025-04-29 11:07:00,2025-04-29 17:07:00,6.0
LOG204880,W0028,Evening,2025-05-23 08:25:00,2025-05-23 14:25:00,6.0
LOG204881,W0389,Evening,2025-02-03 17:08:00,2025-02-04 03:08:00,10.0
LOG204882,W0229,Night,2025-02-18 12:22:00,2025-02-18 18:22:00,6.0
LOG204883,W0200,Night,2025-04-25 17:43:00,2025-04-26 00:43:00,7.0
LOG204884,W0406,Night,2025-01-19 16:18:00,2025-01-20 02:18:00,10.0
LOG204885,W0476,Evening,2025-05-01 02:52:00,2025-05-01 09:52:00,7.0
LOG204886,W0421,Night,2025-01-02 08:07:00,2025-01-02 18:07:00,10.0
LOG204887,W0382,Night,2025-05-22 17:06:00,2025-05-22 23:06:00,6.0
LOG204888,W0433,Morning,2025-06-19 06:34:00,2025-06-19 12:34:00,6.0
LOG204889,W0201,Night,2025-03-03 18:27:00,2025-03-04 04:27:00,10.0
LOG204893,W0148,Morning,2025-05-16 05:41:00,2025-05-16 11:41:00,6.0
LOG204894,W0473,Night,2025-03-28 14:04:00,2025-03-29 00:04:00,10.0
LOG204895,W0422,Night,2025-01-19 11:30:00,2025-01-19 17:30:00,6.0
LOG204896,W0423,Evening,2025-05-30 18:05:00,2025-05-31 01:05:00,7.0
LOG204898,W0198,Night,2025-06-28 02:15:00,2025-06-28 10:15:00,8.0
LOG204899,W0445,Night,2025-05-03 01:12:00,2025-05-03 11:12:00,10.0
LOG204900,W0081,Morning,2025-03-14 16:16:00,2025-03-14 23:16:00,7.0
LOG204901,W0426,Evening,2025-05-10 07:45:00,2025-05-10 15:45:00,8.0
LOG204902,W0358,Night,2025-02-04 19:51:00,2025-02-05 01:51:00,6.0
LOG204903,W0166,Morning,2025-04-08 02:00:00,2025-04-08 10:00:00,8.0
LOG204905,W0214,Evening,2025-03-01 22:14:00,2025-03-02 06:14:00,8.0
LOG204907,W0452,Night,2025-03-12 13:25:00,2025-03-12 21:25:00,8.0
LOG204908,W0328,Night,2025-05-19 18:24:00,2025-05-20 03:24:00,9.0
LOG204909,W0168,Morning,2025-06-24 18:26:00,2025-06-25 01:26:00,7.0
LOG204910,W0445,Night,2025-06-25 14:49:00,2025-06-25 20:49:00,6.0
LOG204911,W0083,Night,2025-02-07 20:56:00,2025-02-08 04:56:00,8.0
LOG204913,W0051,Night,2025-03-25 09:50:00,2025-03-25 17:50:00,8.0
LOG204914,W0350,Night,2025-06-12 04:28:00,2025-06-12 14:28:00,10.0
LOG204915,W0266,Evening,2025-01-25 02:09:00,2025-01-25 10:09:00,8.0
LOG204916,W0384,Night,2025-03-03 03:41:00,2025-03-03 12:41:00,9.0
LOG204918,W0409,Night,2025-01-18 19:27:00,2025-01-19 03:27:00,8.0
LOG204919,W0408,Night,2025-06-29 06:45:00,2025-06-29 13:45:00,7.0
LOG204920,W0238,Night,2025-03-05 08:19:00,2025-03-05 16:19:00,8.0
LOG204921,W0257,Night,2025-05-20 04:49:00,2025-05-20 10:49:00,6.0
LOG204924,W0306,Morning,2025-05-30 08:39:00,2025-05-30 17:39:00,9.0
LOG204925,W0216,Night,2025-05-15 13:14:00,2025-05-15 20:14:00,7.0
LOG204926,W0081,Night,2025-02-20 00:49:00,2025-02-20 10:49:00,10.0
LOG204929,W0223,Night,2025-02-22 13:00:00,2025-02-22 20:00:00,7.0
LOG204931,W0483,Night,2025-03-12 06:55:00,2025-03-12 14:55:00,8.0
LOG204933,W0274,Morning,2025-05-01 00:15:00,2025-05-01 07:15:00,7.0
LOG204934,W0019,Night,2025-01-02 18:28:00,2025-01-03 00:28:00,6.0
LOG204935,W0227,Night,2025-04-19 09:22:00,2025-04-19 18:22:00,9.0
LOG204937,W0461,Night,2025-02-26 15:01:00,2025-02-26 21:01:00,6.0
LOG204939,W0455,Night,2025-06-11 09:44:00,2025-06-11 19:44:00,10.0
LOG204940,W0374,Morning,2025-03-25 15:16:00,2025-03-26 00:16:00,9.0
LOG204941,W0445,Night,2025-03-02 04:15:00,2025-03-02 11:15:00,7.0
LOG204942,W0045,Night,2025-01-11 01:02:00,2025-01-11 10:02:00,9.0
LOG204944,W0101,Evening,2025-03-18 09:06:00,2025-03-18 15:06:00,6.0
LOG204946,W0018,Night,2025-04-25 12:27:00,2025-04-25 20:27:00,8.0
LOG204947,W0104,Morning,2025-03-23 19:35:00,2025-03-24 01:35:00,6.0
LOG204948,W0146,Night,2025-05-16 12:05:00,2025-05-16 18:05:00,6.0
LOG204949,W0166,Night,2025-01-07 04:35:00,2025-01-07 11:35:00,7.0
LOG204950,W0302,Night,2025-01-25 23:15:00,2025-01-26 08:15:00,9.0
LOG204951,W0025,Night,2025-01-08 18:01:00,2025-01-09 04:01:00,10.0
LOG204952,W0341,Night,2025-01-06 11:05:00,2025-01-06 17:05:00,6.0
LOG204953,W0429,Morning,2025-03-23 23:03:00,2025-03-24 08:03:00,9.0
LOG204954,W0012,Night,2025-01-11 11:01:00,2025-01-11 18:01:00,7.0
LOG204955,W0178,Night,2025-06-07 16:18:00,2025-06-07 23:18:00,7.0
LOG204956,W0298,Evening,2025-06-13 05:54:00,2025-06-13 12:54:00,7.0
LOG204957,W0438,Night,2025-05-19 17:37:00,2025-05-19 23:37:00,6.0
LOG204958,W0149,Night,2025-04-12 02:01:00,2025-04-12 10:01:00,8.0
LOG204959,W0103,Night,2025-05-23 04:49:00,2025-05-23 12:49:00,8.0
LOG204960,W0225,Evening,2025-02-26 02:10:00,2025-02-26 08:10:00,6.0
LOG204961,W0207,Night,2025-05-28 20:00:00,2025-05-29 04:00:00,8.0
LOG204962,W0227,Night,2025-01-24 08:46:00,2025-01-24 15:46:00,7.0
LOG204963,W0359,Morning,2025-05-10 21:14:00,2025-05-11 07:14:00,10.0
LOG204964,W0282,Evening,2025-01-29 20:34:00,2025-01-30 04:34:00,8.0
LOG204970,W0429,Evening,2025-05-06 23:10:00,2025-05-07 05:10:00,6.0
LOG204971,W0161,Morning,2025-02-10 16:17:00,2025-02-11 02:17:00,10.0
LOG204972,W0013,Night,2025-03-13 13:20:00,2025-03-13 21:20:00,8.0
LOG204973,W0432,Evening,2025-05-03 10:51:00,2025-05-03 16:51:00,6.0
LOG204974,W0184,Morning,2025-02-09 22:46:00,2025-02-10 06:46:00,8.0
LOG204975,W0233,Night,2025-04-09 14:04:00,2025-04-10 00:04:00,10.0
LOG204976,W0335,Evening,2025-02-02 20:40:00,2025-02-03 02:40:00,6.0
LOG204978,W0274,Night,2025-01-18 14:11:00,2025-01-18 22:11:00,8.0
LOG204979,W0488,Night,2025-04-16 10:29:00,2025-04-16 20:29:00,10.0
LOG204982,W0053,Night,2025-01-07 07:57:00,2025-01-07 13:57:00,6.0
LOG204983,W0369,Evening,2025-03-09 01:16:00,2025-03-09 11:16:00,10.0
LOG204985,W0164,Night,2025-06-02 09:00:00,2025-06-02 16:00:00,7.0
LOG204987,W0186,Night,2025-02-08 17:55:00,2025-02-09 00:55:00,7.0
LOG204988,W0220,Evening,2025-06-04 12:38:00,2025-06-04 19:38:00,7.0
LOG204989,W0069,Morning,2025-06-13 00:11:00,2025-06-13 08:11:00,8.0
LOG204990,W0226,Night,2025-05-16 03:02:00,2025-05-16 09:02:00,6.0
LOG204991,W0204,Night,2025-01-02 23:43:00,2025-01-03 06:43:00,7.0
LOG204992,W0022,Night,2025-03-24 00:07:00,2025-03-24 09:07:00,9.0
LOG204993,W0167,Evening,2025-06-08 18:15:00,2025-06-09 02:15:00,8.0
LOG204994,W0463,Night,2025-05-24 09:28:00,2025-05-24 18:28:00,9.0
LOG204995,W0087,Morning,2025-04-21 16:53:00,2025-04-22 02:53:00,10.0
LOG204996,W0007,Night,2025-04-30 14:08:00,2025-05-01 00:08:00,10.0
LOG204997,W0170,Night,2025-04-03 21:52:00,2025-04-04 03:52:00,6.0
LOG204998,W0177,Night,2025-05-31 11:11:00,2025-05-31 17:11:00,6.0
LOG204999,W0335,Night,2025-02-22 00:31:00,2025-02-22 06:31:00,6.0
LOG205000,W0402,Night,2025-02-22 04:36:00,2025-02-22 13:36:00,9.0
LOG205003,W0005,Evening,2025-05-12 14:37:00,2025-05-12 23:37:00,9.0
LOG205004,W0489,Evening,2025-05-14 04:57:00,2025-05-14 12:57:00,8.0
LOG205005,W0483,Night,2025-03-21 03:08:00,2025-03-21 13:08:00,10.0
LOG205006,W0468,Morning,2025-01-12 10:06:00,2025-01-12 19:06:00,9.0
LOG205011,W0106,Evening,2025-06-22 10:14:00,2025-06-22 17:14:00,7.0
LOG205012,W0262,Night,2025-03-20 18:26:00,2025-03-21 02:26:00,8.0
LOG205013,W0251,Night,2025-05-09 02:01:00,2025-05-09 10:01:00,8.0
LOG205014,W0387,Night,2025-06-27 23:50:00,2025-06-28 06:50:00,7.0
LOG205015,W0252,Evening,2025-05-03 17:18:00,2025-05-04 03:18:00,10.0
LOG205016,W0219,Night,2025-02-14 11:57:00,2025-02-14 17:57:00,6.0
LOG205018,W0240,Morning,2025-01-12 21:17:00,2025-01-13 06:17:00,9.0
LOG205021,W0308,Night,2025-06-29 18:39:00,2025-06-30 01:39:00,7.0
LOG205022,W0308,Night,2025-04-11 08:39:00,2025-04-11 14:39:00,6.0
LOG205023,W0033,Evening,2025-01-16 08:57:00,2025-01-16 16:57:00,8.0
LOG205024,W0266,Night,2025-06-27 09:03:00,2025-06-27 19:03:00,10.0
LOG205025,W0285,Night,2025-03-19 05:21:00,2025-03-19 13:21:00,8.0
LOG205026,W0173,Night,2025-03-16 20:42:00,2025-03-17 03:42:00,7.0
LOG205027,W0081,Night,2025-05-12 02:52:00,2025-05-12 08:52:00,6.0
LOG205028,W0462,Morning,2025-01-19 22:04:00,2025-01-20 08:04:00,10.0
LOG205029,W0480,Night,2025-04-27 23:31:00,2025-04-28 08:31:00,9.0
LOG205030,W0471,Night,2025-01-07 12:14:00,2025-01-07 19:14:00,7.0
LOG205031,W0358,Morning,2025-05-11 12:20:00,2025-05-11 21:20:00,9.0
LOG205032,W0059,Night,2025-06-24 11:07:00,2025-06-24 17:07:00,6.0
LOG205033,W0464,Night,2025-04-07 10:25:00,2025-04-07 17:25:00,7.0
LOG205034,W0385,Morning,2025-01-24 04:57:00,2025-01-24 11:57:00,7.0
LOG205035,W0459,Night,2025-03-17 05:23:00,2025-03-17 15:23:00,10.0
LOG205036,W0037,Evening,2025-02-02 21:30:00,2025-02-03 07:30:00,10.0
LOG205037,W0247,Night,2025-03-14 09:01:00,2025-03-14 19:01:00,10.0
LOG205038,W0368,Night,2025-02-15 10:43:00,2025-02-15 20:43:00,10.0
LOG205039,W0484,Night,2025-04-06 19:20:00,2025-04-07 05:20:00,10.0
LOG205040,W0100,Evening,2025-03-02 13:48:00,2025-03-02 19:48:00,6.0
LOG205041,W0459,Night,2025-03-16 14:49:00,2025-03-16 22:49:00,8.0
LOG205042,W0153,Evening,2025-01-16 08:20:00,2025-01-16 15:20:00,7.0
LOG205043,W0345,Morning,2025-02-12 10:14:00,2025-02-12 18:14:00,8.0
LOG205044,W0409,Evening,2025-03-06 22:04:00,2025-03-07 04:04:00,6.0
LOG205047,W0084,Night,2025-02-09 16:30:00,2025-02-10 00:30:00,8.0
LOG205048,W0287,Morning,2025-03-01 19:06:00,2025-03-02 05:06:00,10.0
LOG205049,W0419,Morning,2025-01-20 16:02:00,2025-01-21 00:02:00,8.0
LOG205052,W0381,Morning,2025-04-06 01:26:00,2025-04-06 07:26:00,6.0
LOG205053,W0437,Evening,2025-06-18 13:22:00,2025-06-18 23:22:00,10.0
LOG205054,W0370,Morning,2025-02-05 13:25:00,2025-02-05 23:25:00,10.0
LOG205055,W0410,Morning,2025-06-19 02:20:00,2025-06-19 11:20:00,9.0
LOG205056,W0267,Evening,2025-02-15 12:07:00,2025-02-15 21:07:00,9.0
LOG205057,W0217,Night,2025-01-12 22:07:00,2025-01-13 05:07:00,7.0
LOG205058,W0250,Morning,2025-05-13 15:09:00,2025-05-13 21:09:00,6.0
LOG205059,W0185,Morning,2025-05-07 17:17:00,2025-05-08 00:17:00,7.0
LOG205060,W0111,Evening,2025-06-06 14:45:00,2025-06-06 20:45:00,6.0
LOG205061,W0314,Night,2025-04-25 05:36:00,2025-04-25 13:36:00,8.0
LOG205062,W0500,Morning,2025-06-18 15:44:00,2025-06-18 23:44:00,8.0
LOG205064,W0297,Night,2025-05-21 17:26:00,2025-05-22 03:26:00,10.0
LOG205065,W0221,Night,2025-03-28 05:33:00,2025-03-28 12:33:00,7.0
LOG205066,W0276,Evening,2025-05-20 17:48:00,2025-05-21 00:48:00,7.0
LOG205067,W0316,Night,2025-02-23 09:07:00,2025-02-23 17:07:00,8.0
LOG205068,W0381,Night,2025-02-18 05:02:00,2025-02-18 12:02:00,7.0
LOG205069,W0109,Night,2025-05-12 15:57:00,2025-05-12 22:57:00,7.0
LOG205070,W0249,Night,2025-06-11 13:15:00,2025-06-11 21:15:00,8.0
LOG205072,W0319,Morning,2025-03-15 09:21:00,2025-03-15 18:21:00,9.0
LOG205073,W0282,Night,2025-04-06 17:11:00,2025-04-07 03:11:00,10.0
LOG205074,W0090,Morning,2025-06-06 09:46:00,2025-06-06 19:46:00,10.0
LOG205078,W0244,Night,2025-05-12 08:57:00,2025-05-12 17:57:00,9.0
LOG205084,W0170,Morning,2025-02-16 07:49:00,2025-02-16 17:49:00,10.0
LOG205085,W0036,Morning,2025-02-01 04:30:00,2025-02-01 13:30:00,9.0
LOG205086,W0496,Night,2025-03-03 04:22:00,2025-03-03 12:22:00,8.0
LOG205087,W0007,Evening,2025-06-14 16:10:00,2025-06-14 23:10:00,7.0
LOG205090,W0380,Night,2025-04-30 01:37:00,2025-04-30 09:37:00,8.0
LOG205091,W0155,Morning,2025-02-28 06:24:00,2025-02-28 12:24:00,6.0
LOG205093,W0318,Night,2025-04-08 00:02:00,2025-04-08 09:02:00,9.0
LOG205094,W0040,Morning,2025-05-31 16:20:00,2025-05-31 22:20:00,6.0
LOG205096,W0406,Night,2025-04-17 19:56:00,2025-04-18 03:56:00,8.0
LOG205099,W0302,Night,2025-02-01 02:52:00,2025-02-01 10:52:00,8.0
LOG205100,W0018,Evening,2025-01-10 03:55:00,2025-01-10 13:55:00,10.0
LOG205103,W0061,Night,2025-06-24 19:09:00,2025-06-25 03:09:00,8.0
LOG205104,W0230,Evening,2025-01-17 06:50:00,2025-01-17 15:50:00,9.0
LOG205105,W0439,Night,2025-04-28 07:51:00,2025-04-28 13:51:00,6.0
LOG205106,W0275,Evening,2025-05-22 08:54:00,2025-05-22 16:54:00,8.0
LOG205107,W0112,Morning,2025-04-05 09:51:00,2025-04-05 19:51:00,10.0
LOG205108,W0118,Night,2025-05-22 10:37:00,2025-05-22 18:37:00,8.0
LOG205109,W0052,Morning,2025-02-23 11:46:00,2025-02-23 18:46:00,7.0
LOG205111,W0470,Night,2025-05-31 09:58:00,2025-05-31 16:58:00,7.0
LOG205112,W0432,Evening,2025-04-10 14:34:00,2025-04-10 21:34:00,7.0
LOG205114,W0027,Night,2025-03-29 21:06:00,2025-03-30 07:06:00,10.0
LOG205115,W0277,Night,2025-05-20 06:40:00,2025-05-20 13:40:00,7.0
LOG205117,W0002,Evening,2025-01-09 23:48:00,2025-01-10 08:48:00,9.0
LOG205118,W0305,Night,2025-05-24 02:35:00,2025-05-24 12:35:00,10.0
LOG205120,W0452,Night,2025-02-18 00:15:00,2025-02-18 08:15:00,8.0
LOG205121,W0236,Morning,2025-04-27 04:31:00,2025-04-27 14:31:00,10.0
LOG205122,W0451,Morning,2025-04-08 20:31:00,2025-04-09 02:31:00,6.0
LOG205123,W0385,Night,2025-02-18 03:31:00,2025-02-18 11:31:00,8.0
LOG205124,W0385,Evening,2025-06-04 18:59:00,2025-06-05 00:59:00,6.0
LOG205125,W0394,Evening,2025-01-02 00:02:00,2025-01-02 09:02:00,9.0
LOG205126,W0135,Evening,2025-05-06 02:35:00,2025-05-06 12:35:00,10.0
LOG205127,W0321,Morning,2025-02-28 06:48:00,2025-02-28 16:48:00,10.0
LOG205128,W0010,Night,2025-05-18 04:42:00,2025-05-18 12:42:00,8.0
LOG205129,W0314,Morning,2025-01-27 10:35:00,2025-01-27 17:35:00,7.0
LOG205130,W0082,Morning,2025-01-17 04:29:00,2025-01-17 13:29:00,9.0
LOG205131,W0081,Evening,2025-06-03 14:42:00,2025-06-04 00:42:00,10.0
LOG205134,W0483,Night,2025-03-23 14:29:00,2025-03-23 22:29:00,8.0
LOG205135,W0086,Morning,2025-03-30 19:58:00,2025-03-31 01:58:00,6.0
LOG205136,W0124,Night,2025-04-22 19:11:00,2025-04-23 03:11:00,8.0
LOG205139,W0431,Morning,2025-06-10 07:25:00,2025-06-10 16:25:00,9.0
LOG205141,W0292,Evening,2025-05-09 04:13:00,2025-05-09 13:13:00,9.0
LOG205143,W0250,Night,2025-04-25 05:45:00,2025-04-25 11:45:00,6.0
LOG205144,W0256,Morning,2025-01-12 12:36:00,2025-01-12 20:36:00,8.0
LOG205145,W0186,Morning,2025-04-20 16:42:00,2025-04-21 01:42:00,9.0
LOG205146,W0452,Evening,2025-01-18 22:56:00,2025-01-19 07:56:00,9.0
LOG205147,W0329,Night,2025-06-08 00:23:00,2025-06-08 10:23:00,10.0
LOG205148,W0232,Night,2025-02-03 19:10:00,2025-02-04 05:10:00,10.0
LOG205150,W0151,Evening,2025-03-04 12:01:00,2025-03-04 21:01:00,9.0
LOG205151,W0131,Morning,2025-02-07 11:42:00,2025-02-07 20:42:00,9.0
LOG205152,W0279,Night,2025-03-01 15:54:00,2025-03-01 22:54:00,7.0
LOG205156,W0244,Night,2025-06-18 23:45:00,2025-06-19 06:45:00,7.0
LOG205157,W0248,Morning,2025-04-22 05:39:00,2025-04-22 13:39:00,8.0
LOG205158,W0234,Morning,2025-01-19 09:45:00,2025-01-19 17:45:00,8.0
LOG205161,W0492,Night,2025-01-13 23:56:00,2025-01-14 06:56:00,7.0
LOG205162,W0453,Night,2025-02-21 03:45:00,2025-02-21 09:45:00,6.0
LOG205163,W0171,Night,2025-02-17 08:56:00,2025-02-17 15:56:00,7.0
LOG205164,W0357,Night,2025-02-21 05:08:00,2025-02-21 14:08:00,9.0
LOG205167,W0173,Night,2025-02-04 10:26:00,2025-02-04 19:26:00,9.0
LOG205168,W0215,Night,2025-03-17 18:24:00,2025-03-18 01:24:00,7.0
LOG205170,W0464,Evening,2025-05-03 07:21:00,2025-05-03 17:21:00,10.0
LOG205171,W0307,Night,2025-02-08 16:44:00,2025-02-09 00:44:00,8.0
LOG205172,W0287,Night,2025-01-17 14:09:00,2025-01-18 00:09:00,10.0
LOG205173,W0332,Night,2025-04-09 19:29:00,2025-04-10 01:29:00,6.0
LOG205174,W0410,Night,2025-01-13 07:31:00,2025-01-13 14:31:00,7.0
LOG205175,W0261,Morning,2025-05-27 16:47:00,2025-05-28 00:47:00,8.0
LOG205176,W0345,Evening,2025-06-16 14:13:00,2025-06-17 00:13:00,10.0
LOG205177,W0307,Morning,2025-03-17 14:44:00,2025-03-18 00:44:00,10.0
LOG205178,W0172,Night,2025-03-16 16:09:00,2025-03-17 01:09:00,9.0
LOG205179,W0092,Evening,2025-06-27 13:21:00,2025-06-27 19:21:00,6.0
LOG205181,W0339,Evening,2025-04-06 06:18:00,2025-04-06 14:18:00,8.0
LOG205182,W0120,Evening,2025-04-29 04:46:00,2025-04-29 12:46:00,8.0
LOG205183,W0084,Evening,2025-05-25 02:50:00,2025-05-25 10:50:00,8.0
LOG205184,W0476,Night,2025-01-19 06:08:00,2025-01-19 12:08:00,6.0
LOG205186,W0170,Night,2025-02-09 17:38:00,2025-02-10 02:38:00,9.0
LOG205187,W0471,Night,2025-01-13 10:54:00,2025-01-13 17:54:00,7.0
LOG205188,W0339,Night,2025-04-03 12:30:00,2025-04-03 18:30:00,6.0
LOG205189,W0016,Evening,2025-04-19 17:15:00,2025-04-19 23:15:00,6.0
LOG205190,W0433,Night,2025-02-01 00:59:00,2025-02-01 07:59:00,7.0
LOG205193,W0407,Night,2025-05-31 16:20:00,2025-06-01 00:20:00,8.0
LOG205194,W0055,Morning,2025-03-31 22:41:00,2025-04-01 05:41:00,7.0
LOG205196,W0305,Night,2025-03-26 04:49:00,2025-03-26 12:49:00,8.0
LOG205197,W0198,Night,2025-06-22 22:14:00,2025-06-23 07:14:00,9.0
LOG205198,W0463,Evening,2025-06-02 22:46:00,2025-06-03 08:46:00,10.0
LOG205200,W0180,Evening,2025-05-11 03:01:00,2025-05-11 09:01:00,6.0
LOG205201,W0361,Evening,2025-05-08 18:21:00,2025-05-09 03:21:00,9.0
LOG205202,W0298,Evening,2025-06-20 15:21:00,2025-06-20 21:21:00,6.0
LOG205203,W0117,Evening,2025-04-22 20:07:00,2025-04-23 02:07:00,6.0
LOG205204,W0259,Night,2025-04-22 21:20:00,2025-04-23 04:20:00,7.0
LOG205205,W0293,Night,2025-03-15 06:21:00,2025-03-15 15:21:00,9.0
LOG205208,W0411,Night,2025-01-21 06:55:00,2025-01-21 15:55:00,9.0
LOG205209,W0224,Night,2025-03-10 03:41:00,2025-03-10 09:41:00,6.0
LOG205210,W0380,Morning,2025-03-11 16:22:00,2025-03-12 01:22:00,9.0
LOG205211,W0368,Night,2025-05-08 02:15:00,2025-05-08 09:15:00,7.0
LOG205212,W0202,Evening,2025-02-15 09:06:00,2025-02-15 17:06:00,8.0
LOG205213,W0486,Morning,2025-04-10 11:55:00,2025-04-10 19:55:00,8.0
LOG205214,W0329,Evening,2025-06-23 21:19:00,2025-06-24 03:19:00,6.0
LOG205218,W0419,Morning,2025-04-21 17:42:00,2025-04-22 03:42:00,10.0
LOG205220,W0223,Morning,2025-03-11 04:12:00,2025-03-11 11:12:00,7.0
LOG205223,W0458,Night,2025-03-04 10:20:00,2025-03-04 16:20:00,6.0
LOG205224,W0366,Evening,2025-02-28 10:40:00,2025-02-28 20:40:00,10.0
LOG205225,W0451,Night,2025-04-27 17:06:00,2025-04-28 03:06:00,10.0
LOG205226,W0267,Night,2025-04-16 00:51:00,2025-04-16 08:51:00,8.0
LOG205227,W0468,Evening,2025-01-01 17:10:00,2025-01-01 23:10:00,6.0
LOG205229,W0464,Evening,2025-04-14 21:29:00,2025-04-15 07:29:00,10.0
LOG205230,W0178,Night,2025-02-13 21:08:00,2025-02-14 07:08:00,10.0
LOG205232,W0003,Morning,2025-03-19 06:06:00,2025-03-19 12:06:00,6.0
LOG205234,W0182,Morning,2025-05-18 17:59:00,2025-05-19 02:59:00,9.0
LOG205235,W0460,Night,2025-05-04 17:51:00,2025-05-04 23:51:00,6.0
LOG205236,W0278,Night,2025-04-16 15:35:00,2025-04-16 23:35:00,8.0
LOG205237,W0104,Night,2025-01-13 22:58:00,2025-01-14 04:58:00,6.0
LOG205238,W0132,Morning,2025-01-30 10:05:00,2025-01-30 20:05:00,10.0
LOG205239,W0001,Morning,2025-05-23 08:15:00,2025-05-23 18:15:00,10.0
LOG205240,W0272,Evening,2025-04-09 00:12:00,2025-04-09 07:12:00,7.0
LOG205243,W0279,Evening,2025-05-11 14:13:00,2025-05-11 20:13:00,6.0
LOG205244,W0184,Morning,2025-06-22 18:19:00,2025-06-23 01:19:00,7.0
LOG205245,W0230,Night,2025-04-15 18:58:00,2025-04-16 02:58:00,8.0
LOG205246,W0034,Night,2025-03-07 20:30:00,2025-03-08 04:30:00,8.0
LOG205248,W0160,Evening,2025-04-22 17:44:00,2025-04-22 23:44:00,6.0
LOG205250,W0261,Night,2025-01-16 10:01:00,2025-01-16 20:01:00,10.0
LOG205251,W0158,Evening,2025-01-24 20:07:00,2025-01-25 05:07:00,9.0
LOG205252,W0403,Morning,2025-01-06 22:06:00,2025-01-07 08:06:00,10.0
LOG205253,W0425,Evening,2025-02-13 16:41:00,2025-02-13 22:41:00,6.0
LOG205254,W0178,Evening,2025-04-24 04:47:00,2025-04-24 10:47:00,6.0
LOG205257,W0380,Evening,2025-02-28 17:43:00,2025-03-01 02:43:00,9.0
LOG205258,W0436,Night,2025-01-26 19:48:00,2025-01-27 03:48:00,8.0
LOG205259,W0215,Night,2025-06-19 14:26:00,2025-06-19 23:26:00,9.0
LOG205260,W0249,Morning,2025-03-12 18:31:00,2025-03-13 04:31:00,10.0
LOG205263,W0199,Night,2025-03-01 07:45:00,2025-03-01 16:45:00,9.0
LOG205265,W0322,Night,2025-06-21 09:48:00,2025-06-21 18:48:00,9.0
LOG205266,W0415,Night,2025-02-16 15:23:00,2025-02-16 23:23:00,8.0
LOG205267,W0122,Morning,2025-03-05 18:16:00,2025-03-06 03:16:00,9.0
LOG205268,W0206,Night,2025-04-01 00:23:00,2025-04-01 09:23:00,9.0
LOG205269,W0146,Evening,2025-03-19 20:23:00,2025-03-20 06:23:00,10.0
LOG205270,W0452,Night,2025-03-15 14:40:00,2025-03-15 23:40:00,9.0
LOG205271,W0208,Night,2025-01-02 11:02:00,2025-01-02 18:02:00,7.0
LOG205272,W0494,Morning,2025-04-15 11:30:00,2025-04-15 18:30:00,7.0
LOG205273,W0163,Evening,2025-04-23 10:06:00,2025-04-23 18:06:00,8.0
LOG205274,W0426,Morning,2025-02-23 19:37:00,2025-02-24 04:37:00,9.0
LOG205275,W0403,Night,2025-01-18 06:54:00,2025-01-18 13:54:00,7.0
LOG205276,W0185,Morning,2025-03-26 11:24:00,2025-03-26 20:24:00,9.0
LOG205278,W0261,Morning,2025-01-25 09:28:00,2025-01-25 15:28:00,6.0
LOG205279,W0150,Night,2025-01-08 16:49:00,2025-01-08 22:49:00,6.0
LOG205280,W0110,Morning,2025-02-19 05:32:00,2025-02-19 12:32:00,7.0
LOG205281,W0411,Night,2025-04-27 21:16:00,2025-04-28 03:16:00,6.0
LOG205282,W0279,Night,2025-02-15 00:05:00,2025-02-15 07:05:00,7.0
LOG205283,W0281,Evening,2025-03-14 14:08:00,2025-03-14 21:08:00,7.0
LOG205285,W0494,Night,2025-06-21 08:14:00,2025-06-21 15:14:00,7.0
LOG205286,W0157,Morning,2025-01-24 23:11:00,2025-01-25 08:11:00,9.0
LOG205287,W0424,Morning,2025-04-06 19:08:00,2025-04-07 05:08:00,10.0
LOG205288,W0377,Morning,2025-03-19 06:00:00,2025-03-19 16:00:00,10.0
LOG205289,W0164,Morning,2025-01-29 10:17:00,2025-01-29 18:17:00,8.0
LOG205291,W0184,Evening,2025-06-18 17:33:00,2025-06-19 02:33:00,9.0
LOG205292,W0066,Evening,2025-04-29 09:25:00,2025-04-29 15:25:00,6.0
LOG205294,W0244,Evening,2025-02-18 10:53:00,2025-02-18 20:53:00,10.0
LOG205296,W0208,Evening,2025-05-16 13:53:00,2025-05-16 21:53:00,8.0
LOG205297,W0043,Evening,2025-04-17 00:28:00,2025-04-17 09:28:00,9.0
LOG205298,W0211,Morning,2025-05-26 02:04:00,2025-05-26 09:04:00,7.0
LOG205299,W0255,Night,2025-03-01 22:13:00,2025-03-02 07:13:00,9.0
LOG205300,W0055,Evening,2025-06-07 11:44:00,2025-06-07 21:44:00,10.0
LOG205302,W0283,Night,2025-01-19 22:45:00,2025-01-20 08:45:00,10.0
LOG205303,W0186,Evening,2025-06-11 13:48:00,2025-06-11 21:48:00,8.0
LOG205305,W0123,Morning,2025-02-20 14:51:00,2025-02-21 00:51:00,10.0
LOG205306,W0005,Night,2025-05-09 05:39:00,2025-05-09 11:39:00,6.0
LOG205307,W0299,Morning,2025-03-02 05:44:00,2025-03-02 14:44:00,9.0
LOG205308,W0397,Evening,2025-05-24 13:34:00,2025-05-24 21:34:00,8.0
LOG205309,W0329,Evening,2025-05-10 21:07:00,2025-05-11 07:07:00,10.0
LOG205311,W0361,Night,2025-03-20 00:44:00,2025-03-20 06:44:00,6.0
LOG205312,W0352,Night,2025-01-26 04:05:00,2025-01-26 12:05:00,8.0
LOG205313,W0454,Night,2025-03-05 02:40:00,2025-03-05 11:40:00,9.0
LOG205315,W0209,Night,2025-01-09 13:48:00,2025-01-09 22:48:00,9.0
LOG205316,W0492,Night,2025-05-25 08:05:00,2025-05-25 17:05:00,9.0
LOG205317,W0029,Morning,2025-04-03 11:36:00,2025-04-03 20:36:00,9.0
LOG205318,W0446,Night,2025-06-03 17:21:00,2025-06-04 00:21:00,7.0
LOG205319,W0459,Night,2025-04-24 18:05:00,2025-04-25 00:05:00,6.0
LOG205321,W0352,Night,2025-06-06 14:07:00,2025-06-06 22:07:00,8.0
LOG205322,W0316,Evening,2025-01-09 01:44:00,2025-01-09 08:44:00,7.0
LOG205323,W0202,Evening,2025-03-31 05:37:00,2025-03-31 12:37:00,7.0
LOG205325,W0400,Morning,2025-05-28 22:46:00,2025-05-29 05:46:00,7.0
LOG205326,W0167,Evening,2025-03-22 00:45:00,2025-03-22 07:45:00,7.0
LOG205327,W0016,Night,2025-06-26 14:23:00,2025-06-26 20:23:00,6.0
LOG205330,W0038,Evening,2025-05-07 15:16:00,2025-05-07 23:16:00,8.0
LOG205331,W0233,Night,2025-01-27 14:59:00,2025-01-27 23:59:00,9.0
LOG205334,W0439,Night,2025-06-15 18:13:00,2025-06-16 01:13:00,7.0
LOG205335,W0495,Night,2025-02-27 04:41:00,2025-02-27 10:41:00,6.0
LOG205336,W0140,Morning,2025-02-07 20:53:00,2025-02-08 03:53:00,7.0
LOG205340,W0470,Night,2025-06-22 00:31:00,2025-06-22 07:31:00,7.0
LOG205343,W0136,Morning,2025-01-23 11:26:00,2025-01-23 20:26:00,9.0
LOG205345,W0498,Morning,2025-03-07 18:18:00,2025-03-08 04:18:00,10.0
LOG205346,W0486,Morning,2025-04-24 15:09:00,2025-04-24 23:09:00,8.0
LOG205348,W0438,Evening,2025-06-02 07:49:00,2025-06-02 17:49:00,10.0
LOG205349,W0482,Night,2025-06-04 05:05:00,2025-06-04 15:05:00,10.0
LOG205350,W0252,Night,2025-05-30 03:39:00,2025-05-30 09:39:00,6.0
LOG205351,W0389,Night,2025-01-09 07:11:00,2025-01-09 13:11:00,6.0
LOG205353,W0123,Night,2025-06-28 20:54:00,2025-06-29 05:54:00,9.0
LOG205354,W0220,Night,2025-03-21 13:25:00,2025-03-21 22:25:00,9.0
LOG205356,W0164,Night,2025-05-14 10:37:00,2025-05-14 16:37:00,6.0
LOG205357,W0278,Night,2025-05-05 23:58:00,2025-05-06 06:58:00,7.0
LOG205358,W0032,Night,2025-01-05 00:29:00,2025-01-05 07:29:00,7.0
LOG205360,W0153,Evening,2025-06-18 07:50:00,2025-06-18 13:50:00,6.0
LOG205362,W0343,Morning,2025-04-26 12:27:00,2025-04-26 20:27:00,8.0
LOG205364,W0212,Morning,2025-06-29 19:50:00,2025-06-30 05:50:00,10.0
LOG205366,W0465,Evening,2025-06-28 23:30:00,2025-06-29 06:30:00,7.0
LOG205370,W0486,Evening,2025-06-23 11:40:00,2025-06-23 21:40:00,10.0
LOG205372,W0304,Morning,2025-05-18 07:46:00,2025-05-18 17:46:00,10.0
LOG205374,W0336,Evening,2025-04-30 05:23:00,2025-04-30 15:23:00,10.0
LOG205376,W0125,Night,2025-02-21 21:09:00,2025-02-22 03:09:00,6.0
LOG205377,W0251,Night,2025-04-07 15:42:00,2025-04-08 00:42:00,9.0
LOG205378,W0135,Evening,2025-02-16 12:15:00,2025-02-16 20:15:00,8.0
LOG205379,W0111,Evening,2025-01-09 06:51:00,2025-01-09 15:51:00,9.0
LOG205380,W0313,Night,2025-03-21 22:12:00,2025-03-22 07:12:00,9.0
LOG205381,W0153,Night,2025-02-02 17:25:00,2025-02-02 23:25:00,6.0
LOG205383,W0162,Evening,2025-02-17 04:32:00,2025-02-17 14:32:00,10.0
LOG205385,W0067,Evening,2025-03-31 16:15:00,2025-03-31 23:15:00,7.0
LOG205386,W0315,Evening,2025-02-09 16:01:00,2025-02-09 22:01:00,6.0
LOG205389,W0357,Night,2025-03-17 00:45:00,2025-03-17 10:45:00,10.0
LOG205390,W0148,Evening,2025-06-09 15:28:00,2025-06-09 23:28:00,8.0
LOG205391,W0173,Night,2025-06-18 00:10:00,2025-06-18 06:10:00,6.0
LOG205392,W0311,Morning,2025-04-23 16:04:00,2025-04-24 00:04:00,8.0
LOG205393,W0418,Night,2025-01-18 10:54:00,2025-01-18 16:54:00,6.0
LOG205395,W0226,Evening,2025-03-15 18:14:00,2025-03-16 03:14:00,9.0
LOG205396,W0225,Evening,2025-06-15 12:31:00,2025-06-15 20:31:00,8.0
LOG205397,W0359,Evening,2025-05-05 09:24:00,2025-05-05 18:24:00,9.0
LOG205400,W0230,Night,2025-03-22 01:17:00,2025-03-22 08:17:00,7.0
LOG205402,W0465,Evening,2025-02-13 08:19:00,2025-02-13 17:19:00,9.0
LOG205403,W0149,Night,2025-01-04 00:16:00,2025-01-04 10:16:00,10.0
LOG205405,W0130,Night,2025-03-16 07:44:00,2025-03-16 15:44:00,8.0
LOG205406,W0112,Night,2025-03-22 12:33:00,2025-03-22 21:33:00,9.0
LOG205407,W0104,Evening,2025-01-02 08:50:00,2025-01-02 15:50:00,7.0
LOG205408,W0147,Morning,2025-01-16 21:44:00,2025-01-17 07:44:00,10.0
LOG205409,W0061,Night,2025-06-26 08:27:00,2025-06-26 14:27:00,6.0
LOG205410,W0183,Night,2025-03-06 10:16:00,2025-03-06 20:16:00,10.0
LOG205411,W0322,Evening,2025-06-21 10:23:00,2025-06-21 17:23:00,7.0
LOG205412,W0204,Night,2025-01-31 15:00:00,2025-02-01 00:00:00,9.0
LOG205413,W0190,Evening,2025-01-05 06:53:00,2025-01-05 12:53:00,6.0
LOG205414,W0407,Morning,2025-02-15 14:19:00,2025-02-15 22:19:00,8.0
LOG205415,W0132,Night,2025-05-04 06:34:00,2025-05-04 12:34:00,6.0
LOG205417,W0093,Night,2025-01-12 07:11:00,2025-01-12 13:11:00,6.0
LOG205418,W0321,Night,2025-01-05 11:06:00,2025-01-05 20:06:00,9.0
LOG205420,W0495,Morning,2025-01-30 01:52:00,2025-01-30 07:52:00,6.0
LOG205421,W0140,Morning,2025-06-18 12:44:00,2025-06-18 22:44:00,10.0
LOG205423,W0318,Night,2025-01-22 20:25:00,2025-01-23 02:25:00,6.0
LOG205424,W0141,Night,2025-05-27 11:45:00,2025-05-27 19:45:00,8.0
LOG205427,W0322,Evening,2025-03-08 04:30:00,2025-03-08 11:30:00,7.0
LOG205428,W0138,Evening,2025-04-04 20:09:00,2025-04-05 04:09:00,8.0
LOG205429,W0469,Morning,2025-04-24 00:29:00,2025-04-24 10:29:00,10.0
LOG205430,W0058,Night,2025-03-13 17:21:00,2025-03-14 00:21:00,7.0
LOG205431,W0381,Evening,2025-04-03 07:15:00,2025-04-03 17:15:00,10.0
LOG205432,W0056,Night,2025-06-01 04:21:00,2025-06-01 12:21:00,8.0
LOG205433,W0060,Morning,2025-02-12 12:11:00,2025-02-12 19:11:00,7.0
LOG205434,W0300,Morning,2025-03-13 09:48:00,2025-03-13 18:48:00,9.0
LOG205435,W0453,Night,2025-03-10 13:38:00,2025-03-10 20:38:00,7.0
LOG205436,W0444,Morning,2025-05-03 17:11:00,2025-05-04 03:11:00,10.0
LOG205437,W0323,Night,2025-02-04 18:14:00,2025-02-05 00:14:00,6.0
LOG205439,W0277,Evening,2025-05-09 05:18:00,2025-05-09 12:18:00,7.0
LOG205440,W0386,Morning,2025-03-19 05:37:00,2025-03-19 12:37:00,7.0
LOG205441,W0078,Night,2025-03-30 10:20:00,2025-03-30 18:20:00,8.0
LOG205442,W0265,Night,2025-05-16 23:05:00,2025-05-17 08:05:00,9.0
LOG205443,W0156,Morning,2025-04-22 08:45:00,2025-04-22 14:45:00,6.0
LOG205444,W0217,Morning,2025-05-25 20:44:00,2025-05-26 04:44:00,8.0
LOG205445,W0454,Morning,2025-01-15 21:02:00,2025-01-16 05:02:00,8.0
LOG205446,W0065,Morning,2025-06-19 14:22:00,2025-06-19 21:22:00,7.0
LOG205447,W0409,Evening,2025-04-06 12:59:00,2025-04-06 22:59:00,10.0
LOG205448,W0380,Night,2025-03-24 13:00:00,2025-03-24 23:00:00,10.0
LOG205449,W0013,Night,2025-01-18 20:02:00,2025-01-19 03:02:00,7.0
LOG205450,W0293,Night,2025-02-27 00:52:00,2025-02-27 08:52:00,8.0
LOG205451,W0399,Morning,2025-02-22 20:50:00,2025-02-23 05:50:00,9.0
LOG205452,W0325,Night,2025-01-22 09:53:00,2025-01-22 16:53:00,7.0
LOG205453,W0403,Evening,2025-03-18 03:16:00,2025-03-18 10:16:00,7.0
LOG205454,W0335,Evening,2025-01-30 06:48:00,2025-01-30 12:48:00,6.0
LOG205456,W0378,Night,2025-02-11 17:57:00,2025-02-12 01:57:00,8.0
LOG205457,W0244,Night,2025-03-08 01:45:00,2025-03-08 09:45:00,8.0
LOG205458,W0489,Night,2025-05-12 10:48:00,2025-05-12 17:48:00,7.0
LOG205459,W0010,Evening,2025-03-17 07:36:00,2025-03-17 16:36:00,9.0
LOG205460,W0462,Night,2025-04-08 13:34:00,2025-04-08 23:34:00,10.0
LOG205461,W0168,Evening,2025-05-08 20:43:00,2025-05-09 05:43:00,9.0
LOG205462,W0496,Morning,2025-02-15 17:40:00,2025-02-16 01:40:00,8.0
LOG205464,W0226,Morning,2025-01-11 03:56:00,2025-01-11 10:56:00,7.0
LOG205465,W0368,Night,2025-02-25 08:58:00,2025-02-25 16:58:00,8.0
LOG205468,W0432,Morning,2025-02-21 07:33:00,2025-02-21 17:33:00,10.0
LOG205469,W0119,Evening,2025-01-11 13:14:00,2025-01-11 21:14:00,8.0
LOG205472,W0339,Night,2025-04-10 06:35:00,2025-04-10 15:35:00,9.0
LOG205475,W0130,Night,2025-05-30 17:21:00,2025-05-31 01:21:00,8.0
LOG205479,W0490,Evening,2025-01-21 11:44:00,2025-01-21 17:44:00,6.0
LOG205480,W0141,Morning,2025-04-01 02:25:00,2025-04-01 11:25:00,9.0
LOG205481,W0405,Night,2025-05-22 09:36:00,2025-05-22 19:36:00,10.0
LOG205482,W0370,Morning,2025-03-17 08:48:00,2025-03-17 16:48:00,8.0
LOG205483,W0487,Night,2025-02-17 23:05:00,2025-02-18 07:05:00,8.0
LOG205484,W0452,Evening,2025-06-17 11:15:00,2025-06-17 17:15:00,6.0
LOG205486,W0037,Night,2025-04-17 04:12:00,2025-04-17 10:12:00,6.0
LOG205487,W0015,Evening,2025-04-12 16:58:00,2025-04-12 22:58:00,6.0
LOG205488,W0286,Morning,2025-03-11 03:27:00,2025-03-11 10:27:00,7.0
LOG205490,W0291,Evening,2025-01-14 00:48:00,2025-01-14 06:48:00,6.0
LOG205491,W0497,Morning,2025-06-04 09:02:00,2025-06-04 19:02:00,10.0
LOG205492,W0076,Morning,2025-02-21 23:20:00,2025-02-22 05:20:00,6.0
LOG205493,W0485,Night,2025-04-15 05:51:00,2025-04-15 14:51:00,9.0
LOG205494,W0285,Night,2025-02-10 06:38:00,2025-02-10 12:38:00,6.0
LOG205495,W0493,Evening,2025-03-05 04:50:00,2025-03-05 11:50:00,7.0
LOG205498,W0018,Night,2025-03-15 15:00:00,2025-03-16 01:00:00,10.0
LOG205500,W0080,Night,2025-03-19 22:45:00,2025-03-20 07:45:00,9.0
LOG205501,W0170,Evening,2025-05-09 21:43:00,2025-05-10 07:43:00,10.0
LOG205503,W0050,Night,2025-04-23 19:37:00,2025-04-24 04:37:00,9.0
LOG205504,W0038,Night,2025-05-31 19:09:00,2025-06-01 03:09:00,8.0
LOG205505,W0289,Evening,2025-04-27 17:17:00,2025-04-28 03:17:00,10.0
LOG205506,W0121,Morning,2025-02-16 02:31:00,2025-02-16 09:31:00,7.0
LOG205507,W0475,Morning,2025-01-06 18:12:00,2025-01-07 01:12:00,7.0
LOG205508,W0423,Night,2025-02-17 06:55:00,2025-02-17 13:55:00,7.0
LOG205510,W0314,Morning,2025-01-05 01:36:00,2025-01-05 07:36:00,6.0
LOG205511,W0020,Evening,2025-03-26 19:02:00,2025-03-27 01:02:00,6.0
LOG205513,W0075,Night,2025-01-02 11:07:00,2025-01-02 19:07:00,8.0
LOG205514,W0425,Evening,2025-03-16 02:21:00,2025-03-16 12:21:00,10.0
LOG205519,W0178,Night,2025-01-19 01:31:00,2025-01-19 07:31:00,6.0
LOG205521,W0264,Evening,2025-05-23 20:50:00,2025-05-24 04:50:00,8.0
LOG205522,W0061,Night,2025-03-29 00:33:00,2025-03-29 07:33:00,7.0
LOG205523,W0436,Night,2025-03-11 23:32:00,2025-03-12 06:32:00,7.0
LOG205527,W0337,Night,2025-05-28 05:04:00,2025-05-28 14:04:00,9.0
LOG205528,W0128,Morning,2025-01-06 10:11:00,2025-01-06 20:11:00,10.0
LOG205529,W0169,Evening,2025-04-11 06:52:00,2025-04-11 16:52:00,10.0
LOG205530,W0031,Night,2025-02-19 03:45:00,2025-02-19 10:45:00,7.0
LOG205532,W0018,Night,2025-02-25 15:56:00,2025-02-25 22:56:00,7.0
LOG205533,W0095,Night,2025-06-14 21:08:00,2025-06-15 03:08:00,6.0
LOG205534,W0205,Night,2025-02-01 02:02:00,2025-02-01 11:02:00,9.0
LOG205535,W0199,Night,2025-04-02 12:09:00,2025-04-02 22:09:00,10.0
LOG205536,W0362,Morning,2025-04-04 20:42:00,2025-04-05 06:42:00,10.0
LOG205537,W0154,Night,2025-03-13 21:11:00,2025-03-14 04:11:00,7.0
LOG205538,W0337,Night,2025-06-01 17:41:00,2025-06-02 02:41:00,9.0
LOG205540,W0144,Night,2025-03-15 11:40:00,2025-03-15 20:40:00,9.0
LOG205541,W0143,Morning,2025-03-09 03:37:00,2025-03-09 10:37:00,7.0
LOG205542,W0259,Morning,2025-04-08 03:47:00,2025-04-08 13:47:00,10.0
LOG205543,W0196,Morning,2025-06-28 00:05:00,2025-06-28 07:05:00,7.0
LOG205544,W0228,Morning,2025-02-25 15:27:00,2025-02-25 23:27:00,8.0
LOG205546,W0262,Night,2025-01-14 22:46:00,2025-01-15 08:46:00,10.0
LOG205548,W0185,Morning,2025-05-15 19:03:00,2025-05-16 02:03:00,7.0
LOG205550,W0417,Morning,2025-06-14 14:46:00,2025-06-15 00:46:00,10.0
LOG205551,W0046,Night,2025-03-13 04:21:00,2025-03-13 14:21:00,10.0
LOG205552,W0384,Evening,2025-05-26 23:07:00,2025-05-27 05:07:00,6.0
LOG205553,W0354,Night,2025-05-27 14:23:00,2025-05-28 00:23:00,10.0
LOG205554,W0202,Night,2025-05-29 21:56:00,2025-05-30 03:56:00,6.0
LOG205555,W0332,Morning,2025-03-25 04:28:00,2025-03-25 10:28:00,6.0
LOG205557,W0325,Evening,2025-03-09 02:29:00,2025-03-09 11:29:00,9.0
LOG205558,W0271,Evening,2025-02-18 01:12:00,2025-02-18 07:12:00,6.0
LOG205559,W0316,Morning,2025-02-14 06:08:00,2025-02-14 12:08:00,6.0
LOG205560,W0478,Evening,2025-06-29 07:56:00,2025-06-29 13:56:00,6.0
LOG205561,W0204,Morning,2025-01-11 13:52:00,2025-01-11 22:52:00,9.0
LOG205562,W0237,Evening,2025-06-26 02:31:00,2025-06-26 11:31:00,9.0
LOG205563,W0487,Night,2025-03-21 09:21:00,2025-03-21 15:21:00,6.0
LOG205564,W0294,Morning,2025-06-28 13:15:00,2025-06-28 20:15:00,7.0
LOG205566,W0216,Night,2025-02-09 01:22:00,2025-02-09 07:22:00,6.0
LOG205567,W0045,Night,2025-01-23 07:34:00,2025-01-23 15:34:00,8.0
LOG205568,W0494,Morning,2025-04-07 16:30:00,2025-04-07 23:30:00,7.0
LOG205569,W0097,Morning,2025-03-23 08:11:00,2025-03-23 18:11:00,10.0
LOG205570,W0001,Night,2025-04-12 02:05:00,2025-04-12 12:05:00,10.0
LOG205571,W0419,Night,2025-02-25 04:13:00,2025-02-25 13:13:00,9.0
LOG205572,W0426,Night,2025-03-25 04:32:00,2025-03-25 14:32:00,10.0
LOG205573,W0142,Night,2025-03-14 13:41:00,2025-03-14 22:41:00,9.0
LOG205574,W0324,Evening,2025-01-18 00:05:00,2025-01-18 09:05:00,9.0
LOG205575,W0471,Evening,2025-01-06 04:38:00,2025-01-06 12:38:00,8.0
LOG205577,W0065,Evening,2025-06-25 16:35:00,2025-06-26 01:35:00,9.0
LOG205578,W0044,Night,2025-02-09 00:52:00,2025-02-09 07:52:00,7.0
LOG205579,W0204,Night,2025-03-01 10:08:00,2025-03-01 20:08:00,10.0
LOG205580,W0056,Night,2025-02-22 18:31:00,2025-02-23 03:31:00,9.0
LOG205581,W0196,Night,2025-03-09 09:14:00,2025-03-09 15:14:00,6.0
LOG205583,W0121,Night,2025-05-02 19:44:00,2025-05-03 05:44:00,10.0
LOG205584,W0458,Night,2025-03-16 05:08:00,2025-03-16 13:08:00,8.0
LOG205585,W0113,Night,2025-04-26 16:52:00,2025-04-27 00:52:00,8.0
LOG205586,W0279,Night,2025-01-04 21:21:00,2025-01-05 05:21:00,8.0
LOG205587,W0020,Night,2025-02-20 00:42:00,2025-02-20 09:42:00,9.0
LOG205588,W0477,Night,2025-01-13 00:51:00,2025-01-13 10:51:00,10.0
LOG205593,W0479,Night,2025-01-11 01:40:00,2025-01-11 10:40:00,9.0
LOG205595,W0265,Night,2025-02-24 09:33:00,2025-02-24 18:33:00,9.0
LOG205597,W0152,Night,2025-06-07 21:19:00,2025-06-08 04:19:00,7.0
LOG205598,W0198,Evening,2025-06-13 16:11:00,2025-06-14 01:11:00,9.0
LOG205599,W0206,Morning,2025-06-07 05:26:00,2025-06-07 14:26:00,9.0
LOG205601,W0283,Morning,2025-04-27 19:53:00,2025-04-28 01:53:00,6.0
LOG205603,W0083,Morning,2025-01-28 01:06:00,2025-01-28 07:06:00,6.0
LOG205605,W0169,Evening,2025-02-22 08:31:00,2025-02-22 17:31:00,9.0
LOG205606,W0277,Morning,2025-06-23 23:07:00,2025-06-24 08:07:00,9.0
LOG205607,W0484,Morning,2025-05-04 21:11:00,2025-05-05 03:11:00,6.0
LOG205609,W0090,Night,2025-04-14 21:56:00,2025-04-15 05:56:00,8.0
LOG205610,W0195,Night,2025-01-22 04:20:00,2025-01-22 14:20:00,10.0
LOG205611,W0209,Night,2025-03-12 16:22:00,2025-03-13 00:22:00,8.0
LOG205612,W0314,Evening,2025-01-17 16:54:00,2025-01-17 22:54:00,6.0
LOG205615,W0016,Morning,2025-05-15 07:39:00,2025-05-15 13:39:00,6.0
LOG205616,W0005,Morning,2025-04-12 08:47:00,2025-04-12 17:47:00,9.0
LOG205618,W0136,Night,2025-04-25 04:07:00,2025-04-25 14:07:00,10.0
LOG205619,W0074,Night,2025-01-14 15:10:00,2025-01-14 21:10:00,6.0
LOG205620,W0411,Night,2025-06-22 23:25:00,2025-06-23 07:25:00,8.0
LOG205621,W0481,Night,2025-05-27 12:05:00,2025-05-27 21:05:00,9.0
LOG205622,W0269,Night,2025-02-27 22:07:00,2025-02-28 05:07:00,7.0
LOG205623,W0272,Night,2025-05-13 02:41:00,2025-05-13 10:41:00,8.0
LOG205624,W0241,Night,2025-06-17 00:05:00,2025-06-17 07:05:00,7.0
LOG205626,W0419,Morning,2025-03-22 13:34:00,2025-03-22 23:34:00,10.0
LOG205627,W0089,Night,2025-05-12 14:46:00,2025-05-12 20:46:00,6.0
LOG205628,W0409,Morning,2025-03-25 22:43:00,2025-03-26 06:43:00,8.0
LOG205629,W0167,Night,2025-03-21 04:57:00,2025-03-21 11:57:00,7.0
LOG205631,W0231,Evening,2025-01-21 09:47:00,2025-01-21 19:47:00,10.0
LOG205633,W0264,Night,2025-01-16 09:26:00,2025-01-16 19:26:00,10.0
LOG205635,W0298,Morning,2025-04-13 00:16:00,2025-04-13 08:16:00,8.0
LOG205636,W0041,Night,2025-04-04 05:11:00,2025-04-04 14:11:00,9.0
LOG205637,W0091,Night,2025-05-15 06:52:00,2025-05-15 14:52:00,8.0
LOG205638,W0139,Evening,2025-02-01 07:36:00,2025-02-01 14:36:00,7.0
LOG205639,W0492,Evening,2025-02-23 17:02:00,2025-02-24 00:02:00,7.0
LOG205642,W0126,Night,2025-05-09 12:19:00,2025-05-09 21:19:00,9.0
LOG205643,W0431,Evening,2025-05-04 12:34:00,2025-05-04 21:34:00,9.0
LOG205645,W0241,Morning,2025-03-10 13:43:00,2025-03-10 21:43:00,8.0
LOG205646,W0038,Night,2025-04-16 12:14:00,2025-04-16 18:14:00,6.0
LOG205647,W0238,Night,2025-03-14 20:09:00,2025-03-15 03:09:00,7.0
LOG205649,W0309,Morning,2025-03-27 04:40:00,2025-03-27 12:40:00,8.0
LOG205650,W0162,Night,2025-02-20 13:27:00,2025-02-20 21:27:00,8.0
LOG205651,W0426,Morning,2025-05-12 20:46:00,2025-05-13 03:46:00,7.0
LOG205652,W0329,Night,2025-01-21 02:57:00,2025-01-21 11:57:00,9.0
LOG205653,W0212,Evening,2025-04-10 19:25:00,2025-04-11 05:25:00,10.0
LOG205655,W0277,Evening,2025-02-02 03:25:00,2025-02-02 13:25:00,10.0
LOG205656,W0160,Night,2025-05-28 04:02:00,2025-05-28 13:02:00,9.0
LOG205657,W0122,Evening,2025-03-26 20:23:00,2025-03-27 03:23:00,7.0
LOG205658,W0254,Night,2025-02-28 08:36:00,2025-02-28 16:36:00,8.0
LOG205659,W0008,Night,2025-06-06 09:30:00,2025-06-06 15:30:00,6.0
LOG205662,W0336,Night,2025-03-15 19:27:00,2025-03-16 04:27:00,9.0
LOG205663,W0238,Night,2025-04-28 03:31:00,2025-04-28 11:31:00,8.0
LOG205664,W0219,Night,2025-06-21 08:58:00,2025-06-21 17:58:00,9.0
LOG205665,W0005,Morning,2025-03-19 22:18:00,2025-03-20 06:18:00,8.0
LOG205666,W0202,Night,2025-05-30 19:11:00,2025-05-31 03:11:00,8.0
LOG205667,W0499,Evening,2025-05-08 02:07:00,2025-05-08 11:07:00,9.0
LOG205668,W0034,Morning,2025-01-26 16:45:00,2025-01-27 02:45:00,10.0
LOG205669,W0152,Morning,2025-05-06 05:59:00,2025-05-06 15:59:00,10.0
LOG205670,W0088,Night,2025-06-03 13:14:00,2025-06-03 20:14:00,7.0
LOG205672,W0223,Evening,2025-03-30 00:51:00,2025-03-30 08:51:00,8.0
LOG205676,W0486,Morning,2025-04-24 21:37:00,2025-04-25 07:37:00,10.0
LOG205677,W0258,Night,2025-05-25 21:31:00,2025-05-26 06:31:00,9.0
LOG205678,W0013,Night,2025-02-13 19:06:00,2025-02-14 01:06:00,6.0
LOG205679,W0251,Morning,2025-01-27 07:01:00,2025-01-27 14:01:00,7.0
LOG205680,W0475,Morning,2025-02-05 10:34:00,2025-02-05 18:34:00,8.0
LOG205681,W0203,Night,2025-04-25 22:16:00,2025-04-26 04:16:00,6.0
LOG205682,W0443,Night,2025-06-23 11:18:00,2025-06-23 18:18:00,7.0
LOG205683,W0177,Night,2025-02-12 09:01:00,2025-02-12 16:01:00,7.0
LOG205685,W0315,Night,2025-05-24 01:41:00,2025-05-24 11:41:00,10.0
LOG205686,W0470,Evening,2025-02-19 09:04:00,2025-02-19 15:04:00,6.0
LOG205687,W0231,Night,2025-03-03 14:42:00,2025-03-03 23:42:00,9.0
LOG205689,W0400,Night,2025-03-03 06:40:00,2025-03-03 16:40:00,10.0
LOG205690,W0471,Night,2025-02-05 23:12:00,2025-02-06 09:12:00,10.0
LOG205691,W0194,Morning,2025-03-31 05:25:00,2025-03-31 14:25:00,9.0
LOG205692,W0027,Morning,2025-01-06 22:11:00,2025-01-07 06:11:00,8.0
LOG205693,W0008,Morning,2025-05-07 15:20:00,2025-05-08 01:20:00,10.0
LOG205694,W0175,Morning,2025-05-14 11:23:00,2025-05-14 18:23:00,7.0
LOG205695,W0246,Evening,2025-03-30 17:21:00,2025-03-30 23:21:00,6.0
LOG205696,W0075,Night,2025-04-12 06:42:00,2025-04-12 14:42:00,8.0
LOG205697,W0265,Morning,2025-06-06 22:56:00,2025-06-07 08:56:00,10.0
LOG205698,W0333,Night,2025-01-31 19:18:00,2025-02-01 05:18:00,10.0
LOG205699,W0087,Night,2025-02-02 21:13:00,2025-02-03 04:13:00,7.0
LOG205701,W0446,Evening,2025-03-16 20:59:00,2025-03-17 05:59:00,9.0
LOG205703,W0500,Night,2025-03-15 01:13:00,2025-03-15 08:13:00,7.0
LOG205704,W0012,Night,2025-04-20 07:09:00,2025-04-20 14:09:00,7.0
LOG205705,W0475,Night,2025-02-06 19:29:00,2025-02-07 03:29:00,8.0
LOG205706,W0052,Night,2025-03-20 12:52:00,2025-03-20 18:52:00,6.0
LOG205707,W0040,Morning,2025-05-07 23:27:00,2025-05-08 06:27:00,7.0
LOG205708,W0394,Night,2025-01-27 10:41:00,2025-01-27 17:41:00,7.0
LOG205709,W0415,Morning,2025-04-12 17:30:00,2025-04-13 01:30:00,8.0
LOG205710,W0288,Evening,2025-02-16 10:17:00,2025-02-16 17:17:00,7.0
LOG205711,W0222,Evening,2025-01-14 09:51:00,2025-01-14 17:51:00,8.0
LOG205712,W0284,Night,2025-04-07 19:45:00,2025-04-08 03:45:00,8.0
LOG205713,W0425,Evening,2025-01-10 01:40:00,2025-01-10 09:40:00,8.0
LOG205714,W0378,Night,2025-02-15 23:59:00,2025-02-16 07:59:00,8.0
LOG205715,W0196,Night,2025-03-08 00:51:00,2025-03-08 07:51:00,7.0
LOG205716,W0132,Morning,2025-01-28 12:37:00,2025-01-28 19:37:00,7.0
LOG205717,W0001,Night,2025-03-12 11:04:00,2025-03-12 20:04:00,9.0
LOG205718,W0392,Evening,2025-05-04 05:49:00,2025-05-04 13:49:00,8.0
LOG205720,W0481,Evening,2025-01-26 11:57:00,2025-01-26 18:57:00,7.0
LOG205723,W0412,Night,2025-05-11 03:49:00,2025-05-11 11:49:00,8.0
LOG205724,W0485,Night,2025-01-05 06:08:00,2025-01-05 16:08:00,10.0
LOG205726,W0475,Evening,2025-04-25 08:31:00,2025-04-25 15:31:00,7.0
LOG205727,W0330,Night,2025-01-24 16:18:00,2025-01-25 02:18:00,10.0
LOG205730,W0382,Night,2025-04-05 12:30:00,2025-04-05 18:30:00,6.0
LOG205731,W0035,Morning,2025-06-20 00:35:00,2025-06-20 06:35:00,6.0
LOG205732,W0386,Night,2025-06-26 22:49:00,2025-06-27 07:49:00,9.0
LOG205733,W0233,Night,2025-03-11 22:42:00,2025-03-12 04:42:00,6.0
LOG205734,W0129,Morning,2025-05-25 12:41:00,2025-05-25 18:41:00,6.0
LOG205735,W0396,Morning,2025-05-17 22:54:00,2025-05-18 04:54:00,6.0
LOG205736,W0179,Night,2025-01-23 14:52:00,2025-01-24 00:52:00,10.0
LOG205737,W0189,Evening,2025-04-05 12:55:00,2025-04-05 18:55:00,6.0
LOG205740,W0217,Morning,2025-02-27 21:26:00,2025-02-28 03:26:00,6.0
LOG205741,W0144,Night,2025-01-14 17:29:00,2025-01-15 00:29:00,7.0
LOG205743,W0426,Morning,2025-03-01 19:31:00,2025-03-02 05:31:00,10.0
LOG205745,W0336,Morning,2025-05-30 05:15:00,2025-05-30 11:15:00,6.0
LOG205746,W0278,Evening,2025-03-23 22:39:00,2025-03-24 04:39:00,6.0
LOG205747,W0475,Night,2025-01-27 20:07:00,2025-01-28 03:07:00,7.0
LOG205748,W0301,Night,2025-02-26 06:48:00,2025-02-26 13:48:00,7.0
LOG205749,W0482,Evening,2025-01-16 18:13:00,2025-01-17 01:13:00,7.0
LOG205751,W0287,Morning,2025-04-29 11:03:00,2025-04-29 17:03:00,6.0
LOG205752,W0190,Evening,2025-01-11 00:05:00,2025-01-11 08:05:00,8.0
LOG205754,W0271,Night,2025-01-13 18:37:00,2025-01-14 01:37:00,7.0
LOG205756,W0268,Night,2025-06-06 05:24:00,2025-06-06 14:24:00,9.0
LOG205757,W0269,Night,2025-06-01 12:54:00,2025-06-01 21:54:00,9.0
LOG205758,W0274,Evening,2025-06-15 14:19:00,2025-06-15 20:19:00,6.0
LOG205759,W0192,Evening,2025-04-28 08:14:00,2025-04-28 14:14:00,6.0
LOG205761,W0429,Night,2025-04-02 21:57:00,2025-04-03 05:57:00,8.0
LOG205762,W0430,Night,2025-01-13 16:13:00,2025-01-14 00:13:00,8.0
LOG205763,W0487,Night,2025-03-10 16:47:00,2025-03-10 23:47:00,7.0
LOG205764,W0240,Evening,2025-02-23 02:13:00,2025-02-23 10:13:00,8.0
LOG205765,W0440,Evening,2025-05-18 11:15:00,2025-05-18 18:15:00,7.0
LOG205766,W0496,Evening,2025-05-24 04:13:00,2025-05-24 11:13:00,7.0
LOG205767,W0025,Night,2025-02-08 23:49:00,2025-02-09 07:49:00,8.0
LOG205768,W0392,Evening,2025-01-29 14:01:00,2025-01-29 21:01:00,7.0
LOG205769,W0014,Evening,2025-02-16 22:24:00,2025-02-17 08:24:00,10.0
LOG205770,W0019,Evening,2025-04-01 04:36:00,2025-04-01 11:36:00,7.0
LOG205771,W0268,Night,2025-04-07 14:28:00,2025-04-07 20:28:00,6.0
LOG205772,W0110,Evening,2025-01-21 13:53:00,2025-01-21 21:53:00,8.0
LOG205775,W0100,Evening,2025-01-29 22:22:00,2025-01-30 08:22:00,10.0
LOG205776,W0384,Night,2025-05-11 00:04:00,2025-05-11 07:04:00,7.0
LOG205777,W0484,Evening,2025-03-23 23:34:00,2025-03-24 05:34:00,6.0
LOG205778,W0349,Morning,2025-05-31 23:06:00,2025-06-01 08:06:00,9.0
LOG205780,W0083,Evening,2025-02-16 16:13:00,2025-02-16 22:13:00,6.0
LOG205781,W0296,Night,2025-06-26 18:55:00,2025-06-27 04:55:00,10.0
LOG205782,W0221,Morning,2025-06-09 14:23:00,2025-06-09 23:23:00,9.0
LOG205783,W0238,Night,2025-01-23 17:16:00,2025-01-23 23:16:00,6.0
LOG205785,W0236,Night,2025-01-14 08:14:00,2025-01-14 18:14:00,10.0
LOG205786,W0414,Night,2025-02-15 06:03:00,2025-02-15 13:03:00,7.0
LOG205787,W0118,Morning,2025-02-02 23:41:00,2025-02-03 07:41:00,8.0
LOG205790,W0028,Evening,2025-02-18 08:34:00,2025-02-18 18:34:00,10.0
LOG205791,W0374,Morning,2025-03-18 16:51:00,2025-03-19 02:51:00,10.0
LOG205792,W0384,Morning,2025-06-19 14:28:00,2025-06-19 22:28:00,8.0
LOG205793,W0165,Morning,2025-02-17 14:40:00,2025-02-17 21:40:00,7.0
LOG205794,W0387,Evening,2025-04-18 15:18:00,2025-04-18 22:18:00,7.0
LOG205795,W0125,Night,2025-03-03 01:21:00,2025-03-03 09:21:00,8.0
LOG205797,W0001,Evening,2025-04-02 14:58:00,2025-04-03 00:58:00,10.0
LOG205800,W0430,Night,2025-06-27 14:06:00,2025-06-28 00:06:00,10.0
LOG205801,W0385,Evening,2025-02-16 22:26:00,2025-02-17 04:26:00,6.0
LOG205803,W0140,Morning,2025-01-22 08:24:00,2025-01-22 15:24:00,7.0
LOG205805,W0498,Evening,2025-01-03 22:00:00,2025-01-04 08:00:00,10.0
LOG205807,W0323,Morning,2025-06-10 09:17:00,2025-06-10 15:17:00,6.0
LOG205808,W0128,Morning,2025-06-02 16:05:00,2025-06-03 02:05:00,10.0
LOG205809,W0057,Night,2025-03-25 22:34:00,2025-03-26 04:34:00,6.0
LOG205811,W0298,Night,2025-05-18 00:35:00,2025-05-18 08:35:00,8.0
LOG205813,W0496,Night,2025-02-18 23:06:00,2025-02-19 07:06:00,8.0
LOG205815,W0151,Morning,2025-01-10 12:48:00,2025-01-10 19:48:00,7.0
LOG205816,W0156,Morning,2025-06-19 07:18:00,2025-06-19 15:18:00,8.0
LOG205818,W0213,Night,2025-04-22 13:36:00,2025-04-22 19:36:00,6.0
LOG205819,W0172,Evening,2025-03-02 09:25:00,2025-03-02 19:25:00,10.0
LOG205820,W0005,Night,2025-04-05 10:32:00,2025-04-05 18:32:00,8.0
LOG205822,W0429,Night,2025-01-18 07:56:00,2025-01-18 13:56:00,6.0
LOG205823,W0267,Morning,2025-03-09 23:03:00,2025-03-10 05:03:00,6.0
LOG205824,W0259,Night,2025-05-20 21:15:00,2025-05-21 05:15:00,8.0
LOG205825,W0173,Night,2025-05-01 13:38:00,2025-05-01 19:38:00,6.0
LOG205826,W0150,Evening,2025-05-01 14:29:00,2025-05-01 23:29:00,9.0
LOG205827,W0267,Evening,2025-05-02 14:46:00,2025-05-02 20:46:00,6.0
LOG205829,W0181,Night,2025-06-28 22:26:00,2025-06-29 07:26:00,9.0
LOG205830,W0247,Evening,2025-02-15 18:47:00,2025-02-16 03:47:00,9.0
LOG205831,W0448,Night,2025-05-15 18:20:00,2025-05-16 04:20:00,10.0
LOG205833,W0085,Night,2025-06-01 12:42:00,2025-06-01 19:42:00,7.0
LOG205834,W0447,Night,2025-06-01 03:56:00,2025-06-01 09:56:00,6.0
LOG205835,W0334,Night,2025-02-12 20:18:00,2025-02-13 04:18:00,8.0
LOG205836,W0317,Night,2025-01-22 19:32:00,2025-01-23 04:32:00,9.0
LOG205838,W0295,Morning,2025-01-13 19:03:00,2025-01-14 01:03:00,6.0
LOG205839,W0178,Morning,2025-04-25 11:28:00,2025-04-25 20:28:00,9.0
LOG205841,W0180,Night,2025-02-26 15:09:00,2025-02-26 23:09:00,8.0
LOG205842,W0412,Night,2025-04-06 10:30:00,2025-04-06 20:30:00,10.0
LOG205843,W0300,Morning,2025-03-10 16:00:00,2025-03-10 23:00:00,7.0
LOG205845,W0453,Evening,2025-01-05 16:27:00,2025-01-06 00:27:00,8.0
LOG205846,W0316,Night,2025-04-19 19:18:00,2025-04-20 05:18:00,10.0
LOG205848,W0034,Evening,2025-03-18 04:11:00,2025-03-18 13:11:00,9.0
LOG205850,W0311,Night,2025-04-15 09:54:00,2025-04-15 18:54:00,9.0
LOG205851,W0117,Evening,2025-06-08 20:05:00,2025-06-09 02:05:00,6.0
LOG205852,W0202,Morning,2025-02-05 20:50:00,2025-02-06 04:50:00,8.0
LOG205853,W0205,Morning,2025-01-28 14:16:00,2025-01-29 00:16:00,10.0
LOG205855,W0319,Morning,2025-01-27 14:21:00,2025-01-28 00:21:00,10.0
LOG205856,W0497,Morning,2025-01-15 04:17:00,2025-01-15 10:17:00,6.0
LOG205858,W0148,Morning,2025-04-12 19:54:00,2025-04-13 01:54:00,6.0
LOG205859,W0364,Morning,2025-03-01 17:57:00,2025-03-02 02:57:00,9.0
LOG205861,W0260,Evening,2025-03-14 23:04:00,2025-03-15 05:04:00,6.0
LOG205863,W0165,Evening,2025-03-05 19:52:00,2025-03-06 02:52:00,7.0
LOG205864,W0163,Night,2025-03-26 16:49:00,2025-03-26 23:49:00,7.0
LOG205865,W0188,Evening,2025-06-28 14:55:00,2025-06-28 23:55:00,9.0
LOG205866,W0157,Evening,2025-01-13 02:53:00,2025-01-13 09:53:00,7.0
LOG205867,W0237,Night,2025-06-13 02:41:00,2025-06-13 09:41:00,7.0
LOG205868,W0385,Night,2025-04-08 05:55:00,2025-04-08 15:55:00,10.0
LOG205869,W0406,Morning,2025-01-10 11:31:00,2025-01-10 19:31:00,8.0
LOG205870,W0303,Evening,2025-05-04 15:00:00,2025-05-05 01:00:00,10.0
LOG205872,W0021,Evening,2025-04-16 05:59:00,2025-04-16 13:59:00,8.0
LOG205874,W0429,Evening,2025-04-09 04:01:00,2025-04-09 14:01:00,10.0
LOG205875,W0181,Night,2025-06-10 07:52:00,2025-06-10 17:52:00,10.0
LOG205880,W0061,Evening,2025-05-04 18:58:00,2025-05-05 02:58:00,8.0
LOG205881,W0362,Night,2025-02-05 10:21:00,2025-02-05 18:21:00,8.0
LOG205882,W0454,Night,2025-06-18 17:34:00,2025-06-19 03:34:00,10.0
LOG205883,W0447,Evening,2025-01-14 00:04:00,2025-01-14 07:04:00,7.0
LOG205885,W0236,Evening,2025-02-14 22:31:00,2025-02-15 07:31:00,9.0
LOG205886,W0336,Night,2025-02-02 02:45:00,2025-02-02 12:45:00,10.0
LOG205887,W0435,Evening,2025-01-10 05:05:00,2025-01-10 11:05:00,6.0
LOG205888,W0207,Night,2025-05-08 10:23:00,2025-05-08 18:23:00,8.0
LOG205889,W0406,Morning,2025-01-12 17:00:00,2025-01-13 01:00:00,8.0
LOG205890,W0022,Evening,2025-02-07 22:33:00,2025-02-08 07:33:00,9.0
LOG205891,W0251,Evening,2025-01-08 00:59:00,2025-01-08 07:59:00,7.0
LOG205893,W0137,Evening,2025-02-07 07:42:00,2025-02-07 13:42:00,6.0
LOG205894,W0264,Night,2025-06-07 22:20:00,2025-06-08 08:20:00,10.0
LOG205895,W0179,Morning,2025-01-25 17:51:00,2025-01-26 00:51:00,7.0
LOG205896,W0274,Night,2025-04-27 18:37:00,2025-04-28 02:37:00,8.0
LOG205897,W0320,Night,2025-05-01 02:38:00,2025-05-01 12:38:00,10.0
LOG205898,W0199,Morning,2025-03-28 10:43:00,2025-03-28 19:43:00,9.0
LOG205899,W0206,Night,2025-05-06 15:25:00,2025-05-06 21:25:00,6.0
LOG205900,W0430,Evening,2025-05-23 23:29:00,2025-05-24 09:29:00,10.0
LOG205902,W0077,Night,2025-06-25 20:36:00,2025-06-26 06:36:00,10.0
LOG205903,W0022,Night,2025-06-24 21:54:00,2025-06-25 04:54:00,7.0
LOG205904,W0003,Evening,2025-04-09 00:23:00,2025-04-09 09:23:00,9.0
LOG205905,W0310,Morning,2025-03-30 21:15:00,2025-03-31 03:15:00,6.0
LOG205906,W0347,Night,2025-01-31 17:00:00,2025-01-31 23:00:00,6.0
LOG205910,W0253,Evening,2025-03-25 07:38:00,2025-03-25 14:38:00,7.0
LOG205911,W0017,Evening,2025-04-01 19:18:00,2025-04-02 01:18:00,6.0
LOG205912,W0391,Night,2025-04-18 18:22:00,2025-04-19 01:22:00,7.0
LOG205918,W0119,Evening,2025-03-24 04:09:00,2025-03-24 10:09:00,6.0
LOG205919,W0314,Evening,2025-05-17 12:23:00,2025-05-17 22:23:00,10.0
LOG205921,W0010,Night,2025-03-08 06:51:00,2025-03-08 13:51:00,7.0
LOG205922,W0287,Evening,2025-03-07 00:59:00,2025-03-07 09:59:00,9.0
LOG205926,W0465,Night,2025-02-20 02:07:00,2025-02-20 12:07:00,10.0
LOG205927,W0128,Night,2025-05-16 04:15:00,2025-05-16 10:15:00,6.0
LOG205928,W0500,Night,2025-05-22 16:08:00,2025-05-22 23:08:00,7.0
LOG205930,W0424,Night,2025-06-02 16:03:00,2025-06-03 02:03:00,10.0
LOG205931,W0237,Morning,2025-02-28 07:25:00,2025-02-28 13:25:00,6.0
LOG205933,W0055,Morning,2025-03-16 20:54:00,2025-03-17 05:54:00,9.0
LOG205935,W0116,Evening,2025-02-17 01:57:00,2025-02-17 07:57:00,6.0
LOG205937,W0160,Night,2025-04-10 15:37:00,2025-04-11 01:37:00,10.0
LOG205938,W0119,Night,2025-03-30 00:30:00,2025-03-30 08:30:00,8.0
LOG205939,W0205,Night,2025-06-09 15:41:00,2025-06-10 01:41:00,10.0
LOG205940,W0396,Morning,2025-02-23 13:34:00,2025-02-23 23:34:00,10.0
LOG205941,W0028,Night,2025-04-24 13:04:00,2025-04-24 22:04:00,9.0
LOG205942,W0062,Night,2025-06-09 17:38:00,2025-06-10 00:38:00,7.0
LOG205943,W0432,Morning,2025-04-26 10:51:00,2025-04-26 16:51:00,6.0
LOG205944,W0445,Evening,2025-02-08 16:11:00,2025-02-09 00:11:00,8.0
LOG205945,W0399,Evening,2025-06-26 12:24:00,2025-06-26 22:24:00,10.0
LOG205946,W0266,Evening,2025-02-16 09:24:00,2025-02-16 17:24:00,8.0
LOG205947,W0262,Evening,2025-05-20 18:37:00,2025-05-21 04:37:00,10.0
LOG205949,W0038,Night,2025-02-13 02:39:00,2025-02-13 08:39:00,6.0
LOG205950,W0449,Morning,2025-06-19 07:57:00,2025-06-19 13:57:00,6.0
LOG205951,W0462,Night,2025-01-21 06:47:00,2025-01-21 13:47:00,7.0
LOG205953,W0497,Evening,2025-05-03 13:24:00,2025-05-03 19:24:00,6.0
LOG205955,W0199,Night,2025-01-16 11:38:00,2025-01-16 19:38:00,8.0
LOG205956,W0369,Night,2025-01-05 12:41:00,2025-01-05 22:41:00,10.0
LOG205957,W0350,Morning,2025-06-13 06:26:00,2025-06-13 16:26:00,10.0
LOG205958,W0422,Evening,2025-03-05 12:31:00,2025-03-05 21:31:00,9.0
LOG205959,W0092,Evening,2025-06-24 09:59:00,2025-06-24 19:59:00,10.0
LOG205961,W0210,Night,2025-06-15 00:02:00,2025-06-15 07:02:00,7.0
LOG205962,W0028,Night,2025-04-10 13:04:00,2025-04-10 20:04:00,7.0
LOG205964,W0399,Evening,2025-04-24 00:25:00,2025-04-24 09:25:00,9.0
LOG205965,W0360,Night,2025-06-11 19:11:00,2025-06-12 05:11:00,10.0
LOG205966,W0108,Night,2025-03-09 18:53:00,2025-03-10 01:53:00,7.0
LOG205967,W0038,Night,2025-06-06 05:44:00,2025-06-06 11:44:00,6.0
LOG205968,W0354,Night,2025-03-10 09:08:00,2025-03-10 17:08:00,8.0
LOG205970,W0223,Night,2025-03-03 10:35:00,2025-03-03 18:35:00,8.0
LOG205971,W0469,Morning,2025-05-30 20:17:00,2025-05-31 05:17:00,9.0
LOG205972,W0465,Evening,2025-05-28 03:12:00,2025-05-28 12:12:00,9.0
LOG205976,W0455,Evening,2025-02-27 08:12:00,2025-02-27 15:12:00,7.0
LOG205977,W0396,Night,2025-02-02 22:10:00,2025-02-03 04:10:00,6.0
LOG205978,W0340,Night,2025-03-21 20:25:00,2025-03-22 06:25:00,10.0
LOG205981,W0189,Night,2025-06-24 15:25:00,2025-06-25 01:25:00,10.0
LOG205982,W0057,Night,2025-02-10 10:33:00,2025-02-10 17:33:00,7.0
LOG205984,W0105,Night,2025-04-13 19:13:00,2025-04-14 03:13:00,8.0
LOG205985,W0393,Morning,2025-04-30 14:04:00,2025-04-30 21:04:00,7.0
LOG205987,W0474,Night,2025-06-28 14:55:00,2025-06-29 00:55:00,10.0
LOG205988,W0330,Evening,2025-06-03 18:59:00,2025-06-04 02:59:00,8.0
LOG205989,W0162,Evening,2025-02-03 00:46:00,2025-02-03 10:46:00,10.0
LOG205990,W0183,Morning,2025-06-11 14:01:00,2025-06-11 20:01:00,6.0
LOG205993,W0019,Night,2025-02-23 19:51:00,2025-02-24 02:51:00,7.0
LOG205994,W0445,Morning,2025-04-17 18:27:00,2025-04-18 00:27:00,6.0
LOG205996,W0250,Night,2025-03-15 21:33:00,2025-03-16 07:33:00,10.0
LOG205998,W0076,Night,2025-04-27 23:10:00,2025-04-28 05:10:00,6.0
LOG205999,W0090,Night,2025-02-21 09:59:00,2025-02-21 17:59:00,8.0
LOG206000,W0252,Night,2025-04-05 21:10:00,2025-04-06 03:10:00,6.0
LOG206001,W0095,Morning,2025-01-14 03:38:00,2025-01-14 12:38:00,9.0
LOG206003,W0477,Morning,2025-06-25 04:25:00,2025-06-25 10:25:00,6.0
LOG206004,W0050,Night,2025-06-10 10:10:00,2025-06-10 18:10:00,8.0
LOG206005,W0447,Night,2025-05-24 14:40:00,2025-05-24 21:40:00,7.0
LOG206006,W0039,Night,2025-04-15 14:26:00,2025-04-15 20:26:00,6.0
LOG206007,W0375,Night,2025-06-22 12:00:00,2025-06-22 19:00:00,7.0
LOG206009,W0293,Morning,2025-05-07 18:15:00,2025-05-08 00:15:00,6.0
LOG206012,W0466,Night,2025-04-27 17:22:00,2025-04-28 00:22:00,7.0
LOG206013,W0092,Morning,2025-02-10 02:36:00,2025-02-10 09:36:00,7.0
LOG206015,W0371,Morning,2025-05-07 16:10:00,2025-05-08 00:10:00,8.0
LOG206016,W0204,Night,2025-04-23 12:29:00,2025-04-23 22:29:00,10.0
LOG206017,W0309,Morning,2025-02-01 01:03:00,2025-02-01 11:03:00,10.0
LOG206018,W0367,Evening,2025-06-25 06:20:00,2025-06-25 15:20:00,9.0
LOG206019,W0205,Morning,2025-01-03 09:12:00,2025-01-03 19:12:00,10.0
LOG206020,W0198,Night,2025-06-13 22:18:00,2025-06-14 04:18:00,6.0
LOG206021,W0037,Night,2025-01-08 00:57:00,2025-01-08 10:57:00,10.0
LOG206022,W0121,Morning,2025-01-09 14:34:00,2025-01-10 00:34:00,10.0
LOG206023,W0144,Morning,2025-06-21 01:27:00,2025-06-21 08:27:00,7.0
LOG206024,W0014,Night,2025-03-01 05:31:00,2025-03-01 14:31:00,9.0
LOG206025,W0428,Night,2025-04-07 22:59:00,2025-04-08 07:59:00,9.0
LOG206027,W0063,Morning,2025-04-01 18:24:00,2025-04-02 04:24:00,10.0
LOG206028,W0005,Night,2025-01-02 15:13:00,2025-01-02 21:13:00,6.0
LOG206030,W0194,Night,2025-06-03 07:19:00,2025-06-03 16:19:00,9.0
LOG206031,W0327,Night,2025-03-23 13:34:00,2025-03-23 19:34:00,6.0
LOG206032,W0285,Morning,2025-01-20 11:07:00,2025-01-20 17:07:00,6.0
LOG206033,W0034,Evening,2025-01-21 07:56:00,2025-01-21 15:56:00,8.0
LOG206034,W0224,Night,2025-02-16 17:46:00,2025-02-17 02:46:00,9.0
LOG206036,W0280,Night,2025-01-21 07:27:00,2025-01-21 13:27:00,6.0
LOG206037,W0128,Night,2025-01-22 01:46:00,2025-01-22 08:46:00,7.0
LOG206038,W0384,Night,2025-04-04 22:22:00,2025-04-05 06:22:00,8.0
LOG206039,W0111,Evening,2025-01-06 16:09:00,2025-01-07 02:09:00,10.0
LOG206040,W0215,Night,2025-06-17 07:25:00,2025-06-17 16:25:00,9.0
LOG206041,W0500,Morning,2025-05-23 07:26:00,2025-05-23 15:26:00,8.0
LOG206042,W0345,Night,2025-06-10 08:08:00,2025-06-10 16:08:00,8.0
LOG206045,W0475,Night,2025-01-15 13:49:00,2025-01-15 19:49:00,6.0
LOG206046,W0164,Evening,2025-05-27 03:50:00,2025-05-27 13:50:00,10.0
LOG206047,W0490,Night,2025-01-23 10:54:00,2025-01-23 20:54:00,10.0
LOG206048,W0034,Night,2025-04-07 07:52:00,2025-04-07 15:52:00,8.0
LOG206049,W0019,Morning,2025-06-05 12:45:00,2025-06-05 20:45:00,8.0
LOG206051,W0374,Morning,2025-03-07 17:17:00,2025-03-08 01:17:00,8.0
LOG206052,W0341,Evening,2025-05-01 16:47:00,2025-05-02 00:47:00,8.0
LOG206054,W0049,Night,2025-03-25 19:24:00,2025-03-26 02:24:00,7.0
LOG206055,W0497,Night,2025-05-07 01:59:00,2025-05-07 10:59:00,9.0
LOG206057,W0331,Evening,2025-04-29 04:59:00,2025-04-29 12:59:00,8.0
LOG206060,W0127,Night,2025-05-02 23:03:00,2025-05-03 07:03:00,8.0
LOG206062,W0373,Evening,2025-05-21 06:19:00,2025-05-21 16:19:00,10.0
LOG206063,W0245,Night,2025-04-01 09:17:00,2025-04-01 15:17:00,6.0
LOG206065,W0404,Evening,2025-01-01 12:35:00,2025-01-01 19:35:00,7.0
LOG206066,W0482,Night,2025-03-16 12:02:00,2025-03-16 21:02:00,9.0
LOG206067,W0426,Morning,2025-01-12 04:49:00,2025-01-12 10:49:00,6.0
LOG206068,W0153,Night,2025-02-03 07:02:00,2025-02-03 15:02:00,8.0
LOG206069,W0022,Evening,2025-04-10 18:36:00,2025-04-11 00:36:00,6.0
LOG206070,W0216,Morning,2025-02-27 16:05:00,2025-02-28 00:05:00,8.0
LOG206071,W0381,Morning,2025-01-29 15:14:00,2025-01-30 01:14:00,10.0
LOG206073,W0439,Evening,2025-06-16 01:09:00,2025-06-16 08:09:00,7.0
LOG206075,W0262,Night,2025-05-05 09:49:00,2025-05-05 15:49:00,6.0
LOG206076,W0257,Morning,2025-01-06 09:05:00,2025-01-06 17:05:00,8.0
LOG206077,W0124,Morning,2025-02-10 15:16:00,2025-02-10 23:16:00,8.0
LOG206078,W0179,Night,2025-06-08 02:57:00,2025-06-08 10:57:00,8.0
LOG206079,W0391,Night,2025-01-24 22:01:00,2025-01-25 08:01:00,10.0
LOG206080,W0404,Morning,2025-03-01 10:08:00,2025-03-01 19:08:00,9.0
LOG206082,W0385,Night,2025-04-15 16:20:00,2025-04-16 02:20:00,10.0
LOG206084,W0246,Night,2025-02-07 03:08:00,2025-02-07 13:08:00,10.0
LOG206085,W0424,Night,2025-01-03 19:29:00,2025-01-04 05:29:00,10.0
LOG206086,W0377,Evening,2025-06-11 03:37:00,2025-06-11 11:37:00,8.0
LOG206087,W0233,Evening,2025-02-01 03:15:00,2025-02-01 10:15:00,7.0
LOG206088,W0140,Night,2025-03-26 10:43:00,2025-03-26 18:43:00,8.0
LOG206089,W0163,Evening,2025-04-30 17:55:00,2025-04-30 23:55:00,6.0
LOG206090,W0217,Night,2025-03-21 19:16:00,2025-03-22 03:16:00,8.0
LOG206092,W0462,Night,2025-01-12 00:23:00,2025-01-12 09:23:00,9.0
LOG206093,W0171,Morning,2025-01-04 04:14:00,2025-01-04 11:14:00,7.0
LOG206094,W0128,Night,2025-06-15 19:44:00,2025-06-16 05:44:00,10.0
LOG206096,W0392,Morning,2025-01-25 22:41:00,2025-01-26 07:41:00,9.0
LOG206097,W0322,Night,2025-03-10 09:22:00,2025-03-10 15:22:00,6.0
LOG206098,W0316,Night,2025-03-15 14:26:00,2025-03-15 20:26:00,6.0
LOG206099,W0105,Night,2025-01-18 16:23:00,2025-01-19 00:23:00,8.0
LOG206100,W0465,Night,2025-06-29 00:14:00,2025-06-29 06:14:00,6.0
LOG206101,W0039,Night,2025-06-20 13:40:00,2025-06-20 20:40:00,7.0
LOG206102,W0393,Night,2025-04-03 21:57:00,2025-04-04 06:57:00,9.0
LOG206104,W0439,Night,2025-01-30 02:55:00,2025-01-30 08:55:00,6.0
LOG206105,W0264,Morning,2025-01-11 06:11:00,2025-01-11 13:11:00,7.0
LOG206106,W0013,Morning,2025-03-13 19:18:00,2025-03-14 02:18:00,7.0
LOG206107,W0161,Night,2025-06-24 00:04:00,2025-06-24 07:04:00,7.0
LOG206108,W0221,Night,2025-04-29 20:54:00,2025-04-30 06:54:00,10.0
LOG206109,W0035,Night,2025-03-06 18:58:00,2025-03-07 02:58:00,8.0
LOG206110,W0183,Morning,2025-05-29 14:03:00,2025-05-29 22:03:00,8.0
LOG206111,W0375,Night,2025-06-29 11:13:00,2025-06-29 21:13:00,10.0
LOG206112,W0017,Morning,2025-06-17 02:49:00,2025-06-17 11:49:00,9.0
LOG206113,W0138,Night,2025-05-12 21:31:00,2025-05-13 03:31:00,6.0
LOG206114,W0244,Night,2025-01-16 01:29:00,2025-01-16 08:29:00,7.0
LOG206115,W0272,Night,2025-06-18 04:57:00,2025-06-18 10:57:00,6.0
LOG206116,W0104,Evening,2025-04-30 18:40:00,2025-05-01 03:40:00,9.0
LOG206117,W0437,Night,2025-04-18 10:09:00,2025-04-18 18:09:00,8.0
LOG206119,W0100,Evening,2025-02-09 20:01:00,2025-02-10 02:01:00,6.0
LOG206120,W0342,Evening,2025-06-28 11:02:00,2025-06-28 21:02:00,10.0
LOG206121,W0431,Night,2025-03-29 04:23:00,2025-03-29 11:23:00,7.0
LOG206123,W0442,Night,2025-05-03 07:40:00,2025-05-03 14:40:00,7.0
LOG206124,W0082,Night,2025-04-14 12:31:00,2025-04-14 19:31:00,7.0
LOG206125,W0207,Night,2025-03-24 04:52:00,2025-03-24 12:52:00,8.0
LOG206126,W0449,Night,2025-05-04 12:39:00,2025-05-04 19:39:00,7.0
LOG206128,W0363,Morning,2025-04-12 02:04:00,2025-04-12 08:04:00,6.0
LOG206129,W0449,Night,2025-01-21 17:45:00,2025-01-22 01:45:00,8.0
LOG206130,W0053,Morning,2025-05-20 18:13:00,2025-05-21 03:13:00,9.0
LOG206131,W0034,Night,2025-05-07 01:21:00,2025-05-07 09:21:00,8.0
LOG206132,W0380,Evening,2025-03-11 17:10:00,2025-03-12 03:10:00,10.0
LOG206133,W0098,Morning,2025-04-03 02:54:00,2025-04-03 12:54:00,10.0
LOG206134,W0207,Evening,2025-01-20 08:40:00,2025-01-20 16:40:00,8.0
LOG206135,W0062,Morning,2025-02-16 07:14:00,2025-02-16 14:14:00,7.0
LOG206136,W0242,Night,2025-02-16 16:06:00,2025-02-17 00:06:00,8.0
LOG206138,W0020,Night,2025-02-19 00:45:00,2025-02-19 08:45:00,8.0
LOG206139,W0457,Morning,2025-04-09 22:19:00,2025-04-10 04:19:00,6.0
LOG206141,W0068,Evening,2025-04-25 16:28:00,2025-04-25 23:28:00,7.0
LOG206142,W0043,Morning,2025-02-11 14:47:00,2025-02-11 21:47:00,7.0
LOG206143,W0020,Night,2025-04-08 11:05:00,2025-04-08 18:05:00,7.0
LOG206144,W0016,Evening,2025-04-06 19:46:00,2025-04-07 02:46:00,7.0
LOG206145,W0160,Night,2025-02-12 16:04:00,2025-02-13 02:04:00,10.0
LOG206146,W0390,Morning,2025-02-24 13:56:00,2025-02-24 19:56:00,6.0
LOG206147,W0402,Morning,2025-03-26 16:48:00,2025-03-26 22:48:00,6.0
LOG206148,W0027,Evening,2025-04-28 05:34:00,2025-04-28 15:34:00,10.0
LOG206149,W0478,Night,2025-06-18 16:19:00,2025-06-19 01:19:00,9.0
LOG206150,W0273,Night,2025-04-30 19:36:00,2025-05-01 01:36:00,6.0
LOG206151,W0478,Night,2025-03-04 08:57:00,2025-03-04 15:57:00,7.0
LOG206152,W0278,Evening,2025-02-09 19:04:00,2025-02-10 05:04:00,10.0
LOG206155,W0306,Evening,2025-04-11 15:21:00,2025-04-12 01:21:00,10.0
LOG206156,W0035,Evening,2025-06-07 05:51:00,2025-06-07 11:51:00,6.0
LOG206157,W0222,Night,2025-01-29 20:49:00,2025-01-30 05:49:00,9.0
LOG206159,W0377,Night,2025-05-04 15:02:00,2025-05-05 01:02:00,10.0
LOG206160,W0370,Night,2025-01-10 03:30:00,2025-01-10 12:30:00,9.0
LOG206161,W0379,Night,2025-04-09 06:59:00,2025-04-09 16:59:00,10.0
LOG206162,W0040,Morning,2025-03-05 15:22:00,2025-03-06 00:22:00,9.0
LOG206164,W0383,Night,2025-01-07 12:26:00,2025-01-07 20:26:00,8.0
LOG206166,W0107,Morning,2025-04-20 23:33:00,2025-04-21 05:33:00,6.0
LOG206167,W0164,Evening,2025-02-03 22:12:00,2025-02-04 07:12:00,9.0
LOG206168,W0325,Night,2025-06-26 21:05:00,2025-06-27 07:05:00,10.0
LOG206170,W0296,Night,2025-04-23 12:26:00,2025-04-23 22:26:00,10.0
LOG206172,W0196,Evening,2025-04-15 06:14:00,2025-04-15 13:14:00,7.0
LOG206173,W0473,Evening,2025-03-04 21:17:00,2025-03-05 03:17:00,6.0
LOG206175,W0450,Evening,2025-01-07 01:40:00,2025-01-07 09:40:00,8.0
LOG206176,W0284,Morning,2025-06-28 05:02:00,2025-06-28 13:02:00,8.0
LOG206177,W0302,Evening,2025-04-03 20:05:00,2025-04-04 05:05:00,9.0
LOG206178,W0319,Evening,2025-03-18 18:23:00,2025-03-19 01:23:00,7.0
LOG206179,W0031,Night,2025-03-30 02:31:00,2025-03-30 08:31:00,6.0
LOG206180,W0404,Morning,2025-04-04 03:26:00,2025-04-04 09:26:00,6.0
LOG206181,W0365,Morning,2025-03-21 07:55:00,2025-03-21 14:55:00,7.0
LOG206182,W0496,Evening,2025-05-06 20:21:00,2025-05-07 02:21:00,6.0
LOG206183,W0084,Night,2025-06-28 13:49:00,2025-06-28 22:49:00,9.0
LOG206184,W0107,Night,2025-02-14 17:56:00,2025-02-15 02:56:00,9.0
LOG206187,W0244,Night,2025-05-06 19:02:00,2025-05-07 05:02:00,10.0
LOG206190,W0338,Night,2025-02-22 10:17:00,2025-02-22 19:17:00,9.0
LOG206192,W0316,Evening,2025-01-09 23:39:00,2025-01-10 07:39:00,8.0
LOG206194,W0171,Morning,2025-04-24 20:28:00,2025-04-25 04:28:00,8.0
LOG206196,W0118,Morning,2025-02-04 05:07:00,2025-02-04 11:07:00,6.0
LOG206197,W0046,Morning,2025-04-13 07:40:00,2025-04-13 17:40:00,10.0
LOG206198,W0031,Evening,2025-01-13 00:46:00,2025-01-13 06:46:00,6.0
LOG206199,W0031,Night,2025-02-21 22:29:00,2025-02-22 04:29:00,6.0
LOG206200,W0255,Night,2025-06-24 05:48:00,2025-06-24 15:48:00,10.0
LOG206201,W0074,Morning,2025-01-21 17:25:00,2025-01-22 02:25:00,9.0
LOG206203,W0237,Evening,2025-04-06 16:16:00,2025-04-07 02:16:00,10.0
LOG206204,W0171,Night,2025-03-24 03:59:00,2025-03-24 12:59:00,9.0
LOG206205,W0250,Morning,2025-03-29 02:30:00,2025-03-29 10:30:00,8.0
LOG206206,W0196,Morning,2025-02-15 08:44:00,2025-02-15 15:44:00,7.0
LOG206208,W0150,Evening,2025-05-25 19:22:00,2025-05-26 04:22:00,9.0
LOG206209,W0044,Night,2025-05-28 22:30:00,2025-05-29 04:30:00,6.0
LOG206210,W0438,Morning,2025-02-15 12:19:00,2025-02-15 21:19:00,9.0
LOG206211,W0091,Morning,2025-02-23 01:01:00,2025-02-23 07:01:00,6.0
LOG206212,W0478,Night,2025-06-29 14:52:00,2025-06-29 20:52:00,6.0
LOG206213,W0471,Evening,2025-03-24 18:39:00,2025-03-25 03:39:00,9.0
LOG206214,W0233,Morning,2025-02-25 18:04:00,2025-02-26 02:04:00,8.0
LOG206216,W0048,Night,2025-02-21 18:37:00,2025-02-22 02:37:00,8.0
LOG206217,W0495,Night,2025-01-28 06:54:00,2025-01-28 16:54:00,10.0
LOG206219,W0482,Morning,2025-03-09 15:16:00,2025-03-10 01:16:00,10.0
LOG206220,W0368,Night,2025-02-25 10:21:00,2025-02-25 18:21:00,8.0
LOG206221,W0265,Evening,2025-01-27 21:26:00,2025-01-28 04:26:00,7.0
LOG206222,W0282,Morning,2025-05-09 10:12:00,2025-05-09 16:12:00,6.0
LOG206223,W0392,Night,2025-06-09 13:42:00,2025-06-09 19:42:00,6.0
LOG206224,W0437,Morning,2025-05-10 21:12:00,2025-05-11 06:12:00,9.0
LOG206226,W0415,Night,2025-03-03 13:15:00,2025-03-03 21:15:00,8.0
LOG206228,W0285,Evening,2025-01-25 19:55:00,2025-01-26 05:55:00,10.0
LOG206230,W0450,Night,2025-05-05 15:56:00,2025-05-05 21:56:00,6.0
LOG206232,W0042,Evening,2025-02-10 17:10:00,2025-02-11 03:10:00,10.0
LOG206233,W0246,Night,2025-04-03 10:15:00,2025-04-03 16:15:00,6.0
LOG206234,W0186,Night,2025-02-28 19:12:00,2025-03-01 05:12:00,10.0
LOG206235,W0037,Night,2025-02-25 18:23:00,2025-02-26 04:23:00,10.0
LOG206236,W0028,Night,2025-04-28 15:53:00,2025-04-28 21:53:00,6.0
LOG206237,W0062,Night,2025-01-12 03:23:00,2025-01-12 09:23:00,6.0
LOG206240,W0390,Night,2025-05-29 19:33:00,2025-05-30 05:33:00,10.0
LOG206241,W0146,Morning,2025-05-17 06:18:00,2025-05-17 15:18:00,9.0
LOG206244,W0089,Evening,2025-05-17 20:39:00,2025-05-18 06:39:00,10.0
LOG206245,W0174,Evening,2025-04-15 21:36:00,2025-04-16 07:36:00,10.0
LOG206246,W0121,Evening,2025-01-25 03:18:00,2025-01-25 11:18:00,8.0
LOG206247,W0422,Night,2025-03-28 05:51:00,2025-03-28 15:51:00,10.0
LOG206248,W0195,Night,2025-06-19 11:55:00,2025-06-19 19:55:00,8.0
LOG206249,W0119,Night,2025-06-18 17:38:00,2025-06-19 03:38:00,10.0
LOG206250,W0276,Evening,2025-04-08 16:48:00,2025-04-09 02:48:00,10.0
LOG206251,W0274,Night,2025-06-26 05:42:00,2025-06-26 14:42:00,9.0
LOG206254,W0193,Evening,2025-02-07 04:01:00,2025-02-07 11:01:00,7.0
LOG206255,W0274,Evening,2025-04-27 09:29:00,2025-04-27 16:29:00,7.0
LOG206256,W0316,Night,2025-05-30 21:07:00,2025-05-31 05:07:00,8.0
LOG206257,W0316,Morning,2025-02-15 00:29:00,2025-02-15 06:29:00,6.0
LOG206258,W0493,Night,2025-04-02 11:27:00,2025-04-02 18:27:00,7.0
LOG206259,W0420,Night,2025-01-22 19:51:00,2025-01-23 04:51:00,9.0
LOG206260,W0173,Evening,2025-03-05 11:42:00,2025-03-05 19:42:00,8.0
LOG206261,W0019,Evening,2025-05-23 17:07:00,2025-05-24 01:07:00,8.0
LOG206263,W0421,Morning,2025-06-08 16:48:00,2025-06-08 23:48:00,7.0
LOG206264,W0316,Night,2025-03-31 20:41:00,2025-04-01 02:41:00,6.0
LOG206265,W0255,Morning,2025-03-10 02:24:00,2025-03-10 11:24:00,9.0
LOG206266,W0401,Night,2025-06-07 02:08:00,2025-06-07 10:08:00,8.0
LOG206268,W0406,Morning,2025-05-26 18:52:00,2025-05-27 02:52:00,8.0
LOG206271,W0215,Evening,2025-01-02 23:58:00,2025-01-03 07:58:00,8.0
LOG206272,W0275,Morning,2025-01-13 15:18:00,2025-01-14 00:18:00,9.0
LOG206273,W0174,Evening,2025-06-08 05:04:00,2025-06-08 12:04:00,7.0
LOG206274,W0020,Evening,2025-04-07 01:38:00,2025-04-07 10:38:00,9.0
LOG206275,W0129,Night,2025-05-22 04:46:00,2025-05-22 11:46:00,7.0
LOG206276,W0203,Night,2025-02-04 20:13:00,2025-02-05 02:13:00,6.0
LOG206277,W0092,Night,2025-03-02 01:31:00,2025-03-02 08:31:00,7.0
LOG206280,W0195,Morning,2025-06-15 11:05:00,2025-06-15 20:05:00,9.0
LOG206281,W0140,Night,2025-01-14 22:43:00,2025-01-15 06:43:00,8.0
LOG206282,W0249,Night,2025-01-30 09:43:00,2025-01-30 17:43:00,8.0
LOG206283,W0233,Morning,2025-02-15 16:44:00,2025-02-16 00:44:00,8.0
LOG206284,W0289,Evening,2025-05-03 09:47:00,2025-05-03 17:47:00,8.0
LOG206286,W0435,Night,2025-01-27 00:56:00,2025-01-27 09:56:00,9.0
LOG206287,W0183,Evening,2025-02-02 03:18:00,2025-02-02 09:18:00,6.0
LOG206289,W0151,Evening,2025-02-28 17:23:00,2025-03-01 00:23:00,7.0
LOG206291,W0336,Night,2025-06-06 09:55:00,2025-06-06 18:55:00,9.0
LOG206293,W0431,Night,2025-05-14 01:01:00,2025-05-14 09:01:00,8.0
LOG206296,W0340,Morning,2025-02-04 18:37:00,2025-02-05 03:37:00,9.0
LOG206297,W0098,Evening,2025-01-02 01:03:00,2025-01-02 07:03:00,6.0
LOG206299,W0457,Night,2025-06-04 02:16:00,2025-06-04 11:16:00,9.0
LOG206300,W0405,Morning,2025-03-16 04:19:00,2025-03-16 13:19:00,9.0
LOG206302,W0011,Night,2025-03-03 11:01:00,2025-03-03 17:01:00,6.0
LOG206303,W0249,Morning,2025-06-20 16:06:00,2025-06-21 02:06:00,10.0
LOG206304,W0223,Night,2025-03-22 15:26:00,2025-03-23 01:26:00,10.0
LOG206305,W0088,Morning,2025-03-29 04:25:00,2025-03-29 10:25:00,6.0
LOG206306,W0052,Night,2025-03-08 07:53:00,2025-03-08 13:53:00,6.0
LOG206307,W0335,Night,2025-04-09 14:29:00,2025-04-09 22:29:00,8.0
LOG206310,W0096,Night,2025-01-06 07:54:00,2025-01-06 14:54:00,7.0
LOG206311,W0197,Evening,2025-05-03 20:15:00,2025-05-04 06:15:00,10.0
LOG206314,W0223,Evening,2025-01-22 21:11:00,2025-01-23 04:11:00,7.0
LOG206315,W0228,Morning,2025-04-03 07:04:00,2025-04-03 15:04:00,8.0
LOG206316,W0092,Morning,2025-03-21 09:41:00,2025-03-21 15:41:00,6.0
LOG206317,W0303,Night,2025-01-04 01:29:00,2025-01-04 10:29:00,9.0
LOG206318,W0453,Night,2025-06-23 08:46:00,2025-06-23 15:46:00,7.0
LOG206319,W0290,Morning,2025-02-27 09:02:00,2025-02-27 18:02:00,9.0
LOG206320,W0371,Evening,2025-04-27 12:47:00,2025-04-27 21:47:00,9.0
LOG206321,W0115,Morning,2025-06-12 07:04:00,2025-06-12 16:04:00,9.0
LOG206322,W0181,Evening,2025-03-26 04:39:00,2025-03-26 10:39:00,6.0
LOG206323,W0368,Night,2025-02-15 11:27:00,2025-02-15 19:27:00,8.0
LOG206324,W0033,Morning,2025-04-22 09:03:00,2025-04-22 16:03:00,7.0
LOG206326,W0008,Morning,2025-04-12 10:47:00,2025-04-12 20:47:00,10.0
LOG206327,W0178,Evening,2025-03-31 01:50:00,2025-03-31 10:50:00,9.0
LOG206328,W0086,Morning,2025-01-20 12:45:00,2025-01-20 22:45:00,10.0
LOG206329,W0300,Night,2025-02-18 01:01:00,2025-02-18 09:01:00,8.0
LOG206330,W0340,Evening,2025-04-21 14:32:00,2025-04-21 20:32:00,6.0
LOG206331,W0171,Morning,2025-06-18 03:02:00,2025-06-18 10:02:00,7.0
LOG206333,W0121,Evening,2025-06-23 14:58:00,2025-06-23 23:58:00,9.0
LOG206334,W0040,Evening,2025-02-22 14:28:00,2025-02-22 20:28:00,6.0
LOG206335,W0280,Night,2025-06-11 22:37:00,2025-06-12 07:37:00,9.0
LOG206336,W0277,Morning,2025-05-28 15:29:00,2025-05-29 01:29:00,10.0
LOG206337,W0370,Night,2025-05-22 13:26:00,2025-05-22 20:26:00,7.0
LOG206338,W0379,Night,2025-04-29 13:02:00,2025-04-29 23:02:00,10.0
LOG206339,W0423,Night,2025-03-10 15:14:00,2025-03-10 21:14:00,6.0
LOG206341,W0398,Night,2025-02-24 09:12:00,2025-02-24 17:12:00,8.0
LOG206342,W0308,Night,2025-01-23 17:58:00,2025-01-24 02:58:00,9.0
LOG206343,W0187,Morning,2025-03-22 06:40:00,2025-03-22 13:40:00,7.0
LOG206345,W0429,Night,2025-02-03 23:07:00,2025-02-04 05:07:00,6.0
LOG206346,W0151,Night,2025-06-28 08:47:00,2025-06-28 15:47:00,7.0
LOG206347,W0413,Night,2025-05-12 05:30:00,2025-05-12 13:30:00,8.0
LOG206348,W0433,Morning,2025-01-05 18:56:00,2025-01-06 00:56:00,6.0
LOG206349,W0417,Night,2025-06-28 18:39:00,2025-06-29 04:39:00,10.0
LOG206350,W0012,Night,2025-06-15 07:09:00,2025-06-15 14:09:00,7.0
LOG206352,W0176,Night,2025-06-01 05:51:00,2025-06-01 11:51:00,6.0
LOG206353,W0403,Evening,2025-01-17 22:21:00,2025-01-18 04:21:00,6.0
LOG206354,W0255,Evening,2025-03-14 18:28:00,2025-03-15 03:28:00,9.0
LOG206356,W0487,Night,2025-05-20 11:36:00,2025-05-20 18:36:00,7.0
LOG206357,W0449,Morning,2025-06-23 18:04:00,2025-06-24 04:04:00,10.0
LOG206359,W0248,Evening,2025-06-05 08:57:00,2025-06-05 15:57:00,7.0
LOG206361,W0277,Morning,2025-02-24 17:31:00,2025-02-25 01:31:00,8.0
LOG206362,W0009,Night,2025-06-19 14:04:00,2025-06-19 23:04:00,9.0
LOG206363,W0301,Morning,2025-02-06 12:44:00,2025-02-06 19:44:00,7.0
LOG206364,W0120,Morning,2025-02-21 00:37:00,2025-02-21 07:37:00,7.0
LOG206368,W0467,Night,2025-01-09 03:34:00,2025-01-09 13:34:00,10.0
LOG206369,W0059,Evening,2025-02-15 22:40:00,2025-02-16 06:40:00,8.0
LOG206371,W0439,Evening,2025-04-06 03:11:00,2025-04-06 12:11:00,9.0
LOG206372,W0107,Morning,2025-03-08 17:13:00,2025-03-09 02:13:00,9.0
LOG206375,W0251,Night,2025-02-12 08:30:00,2025-02-12 16:30:00,8.0
LOG206376,W0381,Morning,2025-03-17 11:05:00,2025-03-17 21:05:00,10.0
LOG206377,W0300,Night,2025-04-05 23:30:00,2025-04-06 07:30:00,8.0
LOG206378,W0147,Night,2025-02-19 23:00:00,2025-02-20 08:00:00,9.0
LOG206379,W0036,Night,2025-01-27 20:29:00,2025-01-28 03:29:00,7.0
LOG206381,W0090,Morning,2025-01-25 20:13:00,2025-01-26 04:13:00,8.0
LOG206382,W0184,Night,2025-06-08 16:32:00,2025-06-09 00:32:00,8.0
LOG206383,W0256,Night,2025-02-12 08:16:00,2025-02-12 15:16:00,7.0
LOG206385,W0178,Evening,2025-06-27 08:51:00,2025-06-27 18:51:00,10.0
LOG206386,W0460,Night,2025-02-05 12:03:00,2025-02-05 18:03:00,6.0
LOG206387,W0458,Night,2025-02-05 06:58:00,2025-02-05 14:58:00,8.0
LOG206389,W0162,Morning,2025-02-21 03:06:00,2025-02-21 09:06:00,6.0
LOG206392,W0361,Morning,2025-05-08 17:53:00,2025-05-09 00:53:00,7.0
LOG206393,W0339,Morning,2025-06-25 18:08:00,2025-06-26 01:08:00,7.0
LOG206394,W0484,Night,2025-01-16 18:15:00,2025-01-17 01:15:00,7.0
LOG206397,W0256,Morning,2025-04-27 21:53:00,2025-04-28 07:53:00,10.0
LOG206399,W0433,Night,2025-06-11 23:58:00,2025-06-12 09:58:00,10.0
LOG206400,W0138,Night,2025-02-13 22:13:00,2025-02-14 05:13:00,7.0
LOG206401,W0259,Morning,2025-04-27 02:22:00,2025-04-27 08:22:00,6.0
LOG206402,W0394,Morning,2025-03-19 14:13:00,2025-03-19 23:13:00,9.0
LOG206403,W0299,Evening,2025-04-03 22:43:00,2025-04-04 04:43:00,6.0
LOG206404,W0159,Morning,2025-06-03 14:29:00,2025-06-03 21:29:00,7.0
LOG206406,W0133,Evening,2025-03-06 00:11:00,2025-03-06 09:11:00,9.0
LOG206407,W0295,Evening,2025-01-29 16:18:00,2025-01-29 22:18:00,6.0
LOG206408,W0328,Evening,2025-06-03 18:28:00,2025-06-04 02:28:00,8.0
LOG206409,W0044,Morning,2025-06-09 21:37:00,2025-06-10 07:37:00,10.0
LOG206411,W0285,Morning,2025-01-27 08:02:00,2025-01-27 14:02:00,6.0
LOG206412,W0346,Morning,2025-02-02 14:36:00,2025-02-02 20:36:00,6.0
LOG206413,W0157,Evening,2025-03-03 19:24:00,2025-03-04 04:24:00,9.0
LOG206414,W0340,Morning,2025-03-20 21:52:00,2025-03-21 06:52:00,9.0
LOG206416,W0039,Evening,2025-01-12 12:25:00,2025-01-12 20:25:00,8.0
LOG206417,W0336,Morning,2025-06-19 22:53:00,2025-06-20 06:53:00,8.0
LOG206418,W0300,Evening,2025-06-28 07:53:00,2025-06-28 17:53:00,10.0
LOG206419,W0040,Night,2025-04-07 13:25:00,2025-04-07 23:25:00,10.0
LOG206420,W0131,Evening,2025-04-10 16:27:00,2025-04-10 22:27:00,6.0
LOG206421,W0299,Evening,2025-01-04 09:04:00,2025-01-04 15:04:00,6.0
LOG206422,W0363,Night,2025-06-07 19:17:00,2025-06-08 03:17:00,8.0
LOG206423,W0263,Night,2025-04-05 06:24:00,2025-04-05 12:24:00,6.0
LOG206425,W0425,Night,2025-06-23 03:22:00,2025-06-23 12:22:00,9.0
LOG206426,W0357,Evening,2025-04-22 13:17:00,2025-04-22 19:17:00,6.0
LOG206427,W0307,Night,2025-01-07 12:46:00,2025-01-07 20:46:00,8.0
LOG206429,W0177,Night,2025-01-14 17:51:00,2025-01-15 00:51:00,7.0
LOG206430,W0271,Night,2025-01-26 18:20:00,2025-01-27 03:20:00,9.0
LOG206431,W0305,Morning,2025-02-28 03:21:00,2025-02-28 11:21:00,8.0
LOG206434,W0383,Morning,2025-05-31 04:44:00,2025-05-31 13:44:00,9.0
LOG206435,W0329,Evening,2025-05-24 17:36:00,2025-05-25 01:36:00,8.0
LOG206436,W0091,Night,2025-05-25 07:41:00,2025-05-25 16:41:00,9.0
LOG206438,W0115,Night,2025-01-23 12:43:00,2025-01-23 19:43:00,7.0
LOG206440,W0173,Morning,2025-03-31 18:44:00,2025-04-01 03:44:00,9.0
LOG206441,W0042,Night,2025-05-19 10:47:00,2025-05-19 19:47:00,9.0
LOG206442,W0140,Night,2025-04-12 17:00:00,2025-04-13 02:00:00,9.0
LOG206443,W0293,Night,2025-04-26 22:54:00,2025-04-27 06:54:00,8.0
LOG206444,W0475,Evening,2025-04-10 12:50:00,2025-04-10 18:50:00,6.0
LOG206445,W0036,Night,2025-02-20 01:06:00,2025-02-20 11:06:00,10.0
LOG206446,W0495,Night,2025-05-15 05:03:00,2025-05-15 13:03:00,8.0
LOG206447,W0167,Night,2025-03-14 12:22:00,2025-03-14 21:22:00,9.0
LOG206448,W0347,Morning,2025-03-06 23:38:00,2025-03-07 09:38:00,10.0
LOG206449,W0040,Night,2025-05-12 06:37:00,2025-05-12 15:37:00,9.0
LOG206450,W0020,Evening,2025-06-28 02:48:00,2025-06-28 11:48:00,9.0
LOG206453,W0303,Evening,2025-03-26 13:56:00,2025-03-26 23:56:00,10.0
LOG206454,W0203,Evening,2025-02-16 11:47:00,2025-02-16 18:47:00,7.0
LOG206455,W0339,Night,2025-04-13 16:06:00,2025-04-13 22:06:00,6.0
LOG206457,W0483,Night,2025-02-08 01:11:00,2025-02-08 08:11:00,7.0
LOG206458,W0452,Night,2025-02-21 20:18:00,2025-02-22 06:18:00,10.0
LOG206459,W0444,Evening,2025-03-10 03:40:00,2025-03-10 10:40:00,7.0
LOG206460,W0099,Morning,2025-01-31 13:00:00,2025-01-31 22:00:00,9.0
LOG206461,W0245,Night,2025-06-27 09:21:00,2025-06-27 18:21:00,9.0
LOG206462,W0400,Evening,2025-04-15 00:48:00,2025-04-15 07:48:00,7.0
LOG206463,W0427,Morning,2025-06-07 09:37:00,2025-06-07 17:37:00,8.0
LOG206465,W0264,Evening,2025-05-24 07:13:00,2025-05-24 17:13:00,10.0
LOG206468,W0257,Morning,2025-04-12 03:17:00,2025-04-12 09:17:00,6.0
LOG206470,W0229,Evening,2025-04-30 18:30:00,2025-05-01 01:30:00,7.0
LOG206471,W0110,Night,2025-01-21 12:56:00,2025-01-21 19:56:00,7.0
LOG206472,W0498,Evening,2025-06-19 07:17:00,2025-06-19 14:17:00,7.0
LOG206473,W0458,Night,2025-01-25 04:14:00,2025-01-25 14:14:00,10.0
LOG206474,W0254,Night,2025-01-07 12:07:00,2025-01-07 20:07:00,8.0
LOG206475,W0117,Night,2025-06-24 06:28:00,2025-06-24 12:28:00,6.0
LOG206476,W0230,Night,2025-06-04 22:28:00,2025-06-05 05:28:00,7.0
LOG206477,W0078,Evening,2025-04-03 04:29:00,2025-04-03 12:29:00,8.0
LOG206479,W0111,Morning,2025-01-09 06:49:00,2025-01-09 13:49:00,7.0
LOG206481,W0379,Night,2025-03-28 12:33:00,2025-03-28 20:33:00,8.0
LOG206482,W0223,Night,2025-06-23 06:15:00,2025-06-23 16:15:00,10.0
LOG206483,W0418,Evening,2025-02-10 16:16:00,2025-02-11 02:16:00,10.0
LOG206485,W0368,Night,2025-04-26 22:14:00,2025-04-27 05:14:00,7.0
LOG206487,W0423,Night,2025-04-09 18:52:00,2025-04-10 00:52:00,6.0
LOG206488,W0050,Night,2025-04-17 17:01:00,2025-04-18 03:01:00,10.0
LOG206489,W0241,Night,2025-02-10 07:58:00,2025-02-10 16:58:00,9.0
LOG206490,W0443,Evening,2025-06-29 10:07:00,2025-06-29 17:07:00,7.0
LOG206491,W0492,Night,2025-04-09 18:19:00,2025-04-10 00:19:00,6.0
LOG206492,W0370,Night,2025-03-11 21:43:00,2025-03-12 05:43:00,8.0
LOG206493,W0439,Morning,2025-05-10 19:50:00,2025-05-11 05:50:00,10.0
LOG206495,W0385,Night,2025-03-19 05:01:00,2025-03-19 12:01:00,7.0
LOG206497,W0167,Night,2025-05-19 17:17:00,2025-05-20 00:17:00,7.0
LOG206498,W0489,Evening,2025-05-17 20:26:00,2025-05-18 04:26:00,8.0
LOG206499,W0303,Morning,2025-03-11 00:05:00,2025-03-11 10:05:00,10.0
LOG206501,W0462,Morning,2025-02-09 07:14:00,2025-02-09 15:14:00,8.0
LOG206502,W0462,Evening,2025-01-09 04:17:00,2025-01-09 13:17:00,9.0
LOG206503,W0274,Evening,2025-03-03 19:08:00,2025-03-04 02:08:00,7.0
LOG206504,W0303,Night,2025-03-14 12:44:00,2025-03-14 20:44:00,8.0
LOG206505,W0387,Evening,2025-05-31 19:08:00,2025-06-01 01:08:00,6.0
LOG206506,W0054,Night,2025-03-04 20:03:00,2025-03-05 03:03:00,7.0
LOG206507,W0149,Evening,2025-05-19 10:47:00,2025-05-19 19:47:00,9.0
LOG206509,W0046,Evening,2025-03-07 19:27:00,2025-03-08 04:27:00,9.0
LOG206510,W0315,Night,2025-06-17 10:08:00,2025-06-17 16:08:00,6.0
LOG206511,W0030,Morning,2025-05-05 04:32:00,2025-05-05 11:32:00,7.0
LOG206512,W0443,Night,2025-04-16 10:37:00,2025-04-16 18:37:00,8.0
LOG206513,W0326,Night,2025-04-22 12:10:00,2025-04-22 21:10:00,9.0
LOG206514,W0433,Evening,2025-04-16 16:55:00,2025-04-16 22:55:00,6.0
LOG206516,W0381,Night,2025-06-27 05:48:00,2025-06-27 13:48:00,8.0
LOG206518,W0074,Night,2025-05-20 16:03:00,2025-05-21 00:03:00,8.0
LOG206519,W0271,Night,2025-01-25 10:49:00,2025-01-25 18:49:00,8.0
LOG206521,W0497,Morning,2025-04-15 06:49:00,2025-04-15 16:49:00,10.0
LOG206522,W0430,Morning,2025-02-20 20:33:00,2025-02-21 06:33:00,10.0
LOG206523,W0240,Night,2025-04-09 04:38:00,2025-04-09 10:38:00,6.0
LOG206524,W0168,Night,2025-06-22 08:16:00,2025-06-22 16:16:00,8.0
LOG206525,W0282,Evening,2025-01-26 16:46:00,2025-01-27 01:46:00,9.0
LOG206526,W0271,Morning,2025-05-25 06:05:00,2025-05-25 14:05:00,8.0
LOG206527,W0074,Night,2025-03-05 21:44:00,2025-03-06 04:44:00,7.0
LOG206529,W0180,Evening,2025-04-27 12:49:00,2025-04-27 18:49:00,6.0
LOG206531,W0214,Night,2025-02-20 06:52:00,2025-02-20 12:52:00,6.0
LOG206533,W0288,Evening,2025-04-07 18:36:00,2025-04-08 02:36:00,8.0
LOG206534,W0471,Night,2025-04-06 14:54:00,2025-04-06 22:54:00,8.0
LOG206535,W0011,Morning,2025-01-04 01:23:00,2025-01-04 10:23:00,9.0
LOG206536,W0146,Evening,2025-05-11 00:52:00,2025-05-11 07:52:00,7.0
LOG206537,W0319,Night,2025-01-12 20:07:00,2025-01-13 05:07:00,9.0
LOG206538,W0296,Night,2025-05-16 02:26:00,2025-05-16 12:26:00,10.0
LOG206539,W0313,Night,2025-03-05 05:17:00,2025-03-05 14:17:00,9.0
LOG206540,W0226,Night,2025-05-27 13:58:00,2025-05-27 21:58:00,8.0
LOG206541,W0433,Evening,2025-05-15 22:35:00,2025-05-16 07:35:00,9.0
LOG206542,W0120,Night,2025-04-22 07:18:00,2025-04-22 13:18:00,6.0
LOG206544,W0444,Morning,2025-02-19 21:23:00,2025-02-20 06:23:00,9.0
LOG206545,W0454,Morning,2025-06-17 05:08:00,2025-06-17 11:08:00,6.0
LOG206546,W0027,Evening,2025-05-11 01:30:00,2025-05-11 08:30:00,7.0
LOG206549,W0323,Night,2025-02-15 21:49:00,2025-02-16 06:49:00,9.0
LOG206550,W0498,Night,2025-03-07 22:40:00,2025-03-08 05:40:00,7.0
LOG206551,W0484,Night,2025-01-22 13:58:00,2025-01-22 22:58:00,9.0
LOG206553,W0202,Evening,2025-05-13 11:32:00,2025-05-13 19:32:00,8.0
LOG206554,W0242,Night,2025-04-24 01:21:00,2025-04-24 10:21:00,9.0
LOG206555,W0474,Evening,2025-04-05 18:33:00,2025-04-06 00:33:00,6.0
LOG206556,W0495,Evening,2025-05-15 11:28:00,2025-05-15 17:28:00,6.0
LOG206558,W0386,Night,2025-01-24 11:24:00,2025-01-24 18:24:00,7.0
LOG206560,W0344,Evening,2025-03-26 07:19:00,2025-03-26 13:19:00,6.0
LOG206561,W0462,Evening,2025-05-02 21:42:00,2025-05-03 05:42:00,8.0
LOG206564,W0215,Night,2025-01-15 10:35:00,2025-01-15 18:35:00,8.0
LOG206565,W0478,Night,2025-01-27 01:58:00,2025-01-27 09:58:00,8.0
LOG206566,W0443,Night,2025-05-03 00:04:00,2025-05-03 06:04:00,6.0
LOG206567,W0423,Evening,2025-04-08 22:46:00,2025-04-09 04:46:00,6.0
LOG206568,W0182,Night,2025-05-17 04:40:00,2025-05-17 12:40:00,8.0
LOG206569,W0139,Night,2025-02-12 22:20:00,2025-02-13 05:20:00,7.0
LOG206570,W0181,Evening,2025-03-10 13:12:00,2025-03-10 19:12:00,6.0
LOG206571,W0012,Evening,2025-02-03 11:23:00,2025-02-03 18:23:00,7.0
LOG206572,W0451,Morning,2025-05-04 20:10:00,2025-05-05 03:10:00,7.0
LOG206573,W0043,Morning,2025-02-27 06:06:00,2025-02-27 13:06:00,7.0
LOG206574,W0482,Night,2025-05-07 00:35:00,2025-05-07 07:35:00,7.0
LOG206576,W0124,Morning,2025-05-11 17:51:00,2025-05-12 03:51:00,10.0
LOG206577,W0044,Morning,2025-05-11 00:00:00,2025-05-11 08:00:00,8.0
LOG206578,W0224,Night,2025-05-27 10:32:00,2025-05-27 19:32:00,9.0
LOG206579,W0359,Morning,2025-05-29 05:31:00,2025-05-29 11:31:00,6.0
LOG206580,W0287,Night,2025-01-18 22:49:00,2025-01-19 08:49:00,10.0
LOG206581,W0309,Evening,2025-05-03 08:10:00,2025-05-03 15:10:00,7.0
LOG206582,W0137,Night,2025-03-17 18:23:00,2025-03-18 01:23:00,7.0
LOG206583,W0166,Morning,2025-06-10 16:09:00,2025-06-11 00:09:00,8.0
LOG206584,W0253,Evening,2025-03-23 22:58:00,2025-03-24 06:58:00,8.0
LOG206586,W0350,Morning,2025-06-26 07:39:00,2025-06-26 15:39:00,8.0
LOG206587,W0392,Night,2025-06-20 07:21:00,2025-06-20 17:21:00,10.0
LOG206589,W0351,Night,2025-05-14 04:37:00,2025-05-14 10:37:00,6.0
LOG206590,W0461,Evening,2025-05-24 14:13:00,2025-05-24 22:13:00,8.0
LOG206591,W0124,Night,2025-03-19 14:25:00,2025-03-19 23:25:00,9.0
LOG206593,W0109,Morning,2025-01-01 07:43:00,2025-01-01 17:43:00,10.0
LOG206594,W0138,Night,2025-02-01 13:13:00,2025-02-01 22:13:00,9.0
LOG206595,W0131,Morning,2025-04-06 20:13:00,2025-04-07 06:13:00,10.0
LOG206596,W0096,Morning,2025-02-06 09:22:00,2025-02-06 16:22:00,7.0
LOG206597,W0358,Night,2025-06-21 22:14:00,2025-06-22 05:14:00,7.0
LOG206599,W0446,Evening,2025-02-13 19:33:00,2025-02-14 01:33:00,6.0
LOG206600,W0123,Evening,2025-02-23 16:57:00,2025-02-23 22:57:00,6.0
LOG206604,W0440,Night,2025-02-15 08:36:00,2025-02-15 18:36:00,10.0
LOG206605,W0157,Night,2025-06-22 10:54:00,2025-06-22 19:54:00,9.0
LOG206607,W0219,Night,2025-02-25 04:34:00,2025-02-25 11:34:00,7.0
LOG206609,W0195,Night,2025-04-12 10:32:00,2025-04-12 20:32:00,10.0
LOG206610,W0222,Night,2025-03-06 23:43:00,2025-03-07 08:43:00,9.0
LOG206612,W0097,Night,2025-03-01 16:36:00,2025-03-01 22:36:00,6.0
LOG206613,W0170,Night,2025-02-23 16:34:00,2025-02-23 22:34:00,6.0
LOG206614,W0188,Evening,2025-04-30 18:16:00,2025-05-01 02:16:00,8.0
LOG206615,W0279,Night,2025-01-29 05:01:00,2025-01-29 12:01:00,7.0
LOG206616,W0375,Night,2025-04-09 18:20:00,2025-04-10 04:20:00,10.0
LOG206617,W0021,Night,2025-05-29 16:49:00,2025-05-29 22:49:00,6.0
LOG206618,W0343,Night,2025-06-21 17:05:00,2025-06-22 00:05:00,7.0
LOG206619,W0475,Night,2025-03-29 09:23:00,2025-03-29 19:23:00,10.0
LOG206621,W0139,Evening,2025-01-24 10:44:00,2025-01-24 18:44:00,8.0
LOG206622,W0062,Evening,2025-06-21 14:58:00,2025-06-21 20:58:00,6.0
LOG206623,W0103,Night,2025-02-10 17:46:00,2025-02-11 00:46:00,7.0
LOG206625,W0273,Night,2025-03-21 16:08:00,2025-03-22 00:08:00,8.0
LOG206626,W0185,Night,2025-05-16 17:38:00,2025-05-17 03:38:00,10.0
LOG206627,W0054,Night,2025-02-11 14:59:00,2025-02-12 00:59:00,10.0
LOG206628,W0248,Night,2025-06-20 19:53:00,2025-06-21 01:53:00,6.0
LOG206629,W0072,Evening,2025-03-25 23:24:00,2025-03-26 06:24:00,7.0
LOG206630,W0493,Night,2025-01-24 02:41:00,2025-01-24 11:41:00,9.0
LOG206631,W0499,Evening,2025-03-28 03:57:00,2025-03-28 13:57:00,10.0
LOG206633,W0431,Night,2025-03-08 09:35:00,2025-03-08 16:35:00,7.0
LOG206634,W0296,Night,2025-05-10 22:44:00,2025-05-11 05:44:00,7.0
LOG206635,W0388,Night,2025-01-17 22:32:00,2025-01-18 05:32:00,7.0
LOG206637,W0111,Evening,2025-01-26 15:26:00,2025-01-26 23:26:00,8.0
LOG206640,W0333,Night,2025-05-30 18:51:00,2025-05-31 00:51:00,6.0
LOG206641,W0297,Morning,2025-03-30 11:13:00,2025-03-30 17:13:00,6.0
LOG206645,W0299,Night,2025-02-01 00:45:00,2025-02-01 07:45:00,7.0
LOG206646,W0105,Night,2025-05-16 05:18:00,2025-05-16 14:18:00,9.0
LOG206647,W0395,Night,2025-03-23 17:20:00,2025-03-23 23:20:00,6.0
LOG206648,W0085,Evening,2025-02-07 00:34:00,2025-02-07 06:34:00,6.0
LOG206649,W0333,Morning,2025-02-19 05:11:00,2025-02-19 12:11:00,7.0
LOG206651,W0251,Night,2025-03-02 13:07:00,2025-03-02 21:07:00,8.0
LOG206653,W0157,Night,2025-06-12 04:20:00,2025-06-12 11:20:00,7.0
LOG206655,W0457,Night,2025-02-21 05:16:00,2025-02-21 15:16:00,10.0
LOG206656,W0013,Night,2025-02-26 15:43:00,2025-02-26 23:43:00,8.0
LOG206657,W0474,Night,2025-03-17 04:32:00,2025-03-17 11:32:00,7.0
LOG206658,W0250,Evening,2025-05-18 13:38:00,2025-05-18 22:38:00,9.0
LOG206659,W0190,Night,2025-02-18 13:27:00,2025-02-18 22:27:00,9.0
LOG206661,W0028,Evening,2025-01-16 06:38:00,2025-01-16 16:38:00,10.0
LOG206662,W0224,Night,2025-02-02 06:03:00,2025-02-02 15:03:00,9.0
LOG206663,W0189,Night,2025-06-26 08:49:00,2025-06-26 14:49:00,6.0
LOG206664,W0187,Night,2025-06-01 13:38:00,2025-06-01 19:38:00,6.0
LOG206665,W0089,Morning,2025-05-06 12:34:00,2025-05-06 18:34:00,6.0
LOG206666,W0278,Evening,2025-05-08 23:11:00,2025-05-09 07:11:00,8.0
LOG206667,W0184,Night,2025-05-28 11:30:00,2025-05-28 18:30:00,7.0
LOG206671,W0070,Night,2025-02-05 09:50:00,2025-02-05 18:50:00,9.0
LOG206673,W0084,Morning,2025-03-03 18:14:00,2025-03-04 00:14:00,6.0
LOG206674,W0180,Morning,2025-01-02 15:29:00,2025-01-02 23:29:00,8.0
LOG206675,W0439,Morning,2025-02-18 08:31:00,2025-02-18 18:31:00,10.0
LOG206676,W0217,Night,2025-01-06 03:19:00,2025-01-06 09:19:00,6.0
LOG206677,W0325,Night,2025-02-26 17:22:00,2025-02-27 03:22:00,10.0
LOG206679,W0492,Night,2025-04-01 11:15:00,2025-04-01 21:15:00,10.0
LOG206681,W0481,Night,2025-03-04 03:34:00,2025-03-04 11:34:00,8.0
LOG206682,W0390,Evening,2025-04-13 09:23:00,2025-04-13 19:23:00,10.0
LOG206683,W0366,Morning,2025-01-04 23:01:00,2025-01-05 09:01:00,10.0
LOG206684,W0312,Night,2025-06-11 08:38:00,2025-06-11 14:38:00,6.0
LOG206685,W0138,Night,2025-01-10 14:35:00,2025-01-10 20:35:00,6.0
LOG206686,W0124,Evening,2025-05-01 00:02:00,2025-05-01 10:02:00,10.0
LOG206687,W0304,Night,2025-03-06 08:22:00,2025-03-06 16:22:00,8.0
LOG206688,W0421,Evening,2025-06-07 11:35:00,2025-06-07 19:35:00,8.0
LOG206692,W0052,Evening,2025-05-15 02:02:00,2025-05-15 08:02:00,6.0
LOG206694,W0389,Morning,2025-05-27 05:55:00,2025-05-27 13:55:00,8.0
LOG206696,W0070,Evening,2025-03-29 05:58:00,2025-03-29 14:58:00,9.0
LOG206697,W0252,Morning,2025-06-09 16:32:00,2025-06-10 00:32:00,8.0
LOG206698,W0362,Night,2025-06-17 13:28:00,2025-06-17 22:28:00,9.0
LOG206700,W0167,Night,2025-03-19 17:56:00,2025-03-20 03:56:00,10.0
LOG206701,W0100,Night,2025-05-11 09:57:00,2025-05-11 19:57:00,10.0
LOG206702,W0371,Night,2025-05-12 22:27:00,2025-05-13 07:27:00,9.0
LOG206703,W0225,Night,2025-01-18 02:51:00,2025-01-18 08:51:00,6.0
LOG206704,W0471,Evening,2025-02-14 15:00:00,2025-02-14 22:00:00,7.0
LOG206705,W0294,Evening,2025-06-14 06:42:00,2025-06-14 15:42:00,9.0
LOG206706,W0235,Morning,2025-02-10 21:59:00,2025-02-11 04:59:00,7.0
LOG206707,W0376,Night,2025-05-21 19:47:00,2025-05-22 05:47:00,10.0
LOG206709,W0304,Night,2025-01-07 09:35:00,2025-01-07 18:35:00,9.0
LOG206712,W0184,Night,2025-03-09 01:29:00,2025-03-09 10:29:00,9.0
LOG206713,W0217,Night,2025-03-31 19:18:00,2025-04-01 01:18:00,6.0
LOG206714,W0253,Morning,2025-04-08 18:57:00,2025-04-09 03:57:00,9.0
LOG206715,W0006,Evening,2025-05-02 13:46:00,2025-05-02 23:46:00,10.0
LOG206716,W0392,Night,2025-05-19 16:31:00,2025-05-20 02:31:00,10.0
LOG206717,W0459,Night,2025-04-19 16:36:00,2025-04-20 01:36:00,9.0
LOG206718,W0141,Night,2025-02-14 22:58:00,2025-02-15 05:58:00,7.0
LOG206720,W0169,Night,2025-06-23 02:11:00,2025-06-23 08:11:00,6.0
LOG206721,W0233,Night,2025-01-31 15:05:00,2025-01-31 23:05:00,8.0
LOG206723,W0299,Morning,2025-02-14 01:32:00,2025-02-14 07:32:00,6.0
LOG206724,W0253,Night,2025-05-20 22:10:00,2025-05-21 05:10:00,7.0
LOG206725,W0319,Night,2025-06-05 01:09:00,2025-06-05 11:09:00,10.0
LOG206726,W0292,Night,2025-04-11 11:45:00,2025-04-11 18:45:00,7.0
LOG206728,W0066,Night,2025-05-17 03:59:00,2025-05-17 09:59:00,6.0
LOG206729,W0408,Night,2025-04-11 01:59:00,2025-04-11 07:59:00,6.0
LOG206732,W0345,Night,2025-04-20 11:00:00,2025-04-20 21:00:00,10.0
LOG206733,W0290,Evening,2025-02-20 10:45:00,2025-02-20 17:45:00,7.0
LOG206734,W0438,Night,2025-04-14 19:37:00,2025-04-15 04:37:00,9.0
LOG206736,W0012,Evening,2025-02-16 18:17:00,2025-02-17 00:17:00,6.0
LOG206737,W0101,Morning,2025-01-15 16:04:00,2025-01-15 22:04:00,6.0
LOG206738,W0394,Morning,2025-02-19 18:59:00,2025-02-20 04:59:00,10.0
LOG206739,W0313,Night,2025-04-24 08:23:00,2025-04-24 17:23:00,9.0
LOG206740,W0170,Night,2025-04-11 05:04:00,2025-04-11 15:04:00,10.0
LOG206742,W0201,Night,2025-02-22 10:52:00,2025-02-22 17:52:00,7.0
LOG206744,W0493,Evening,2025-05-01 12:04:00,2025-05-01 19:04:00,7.0
LOG206746,W0309,Night,2025-03-10 12:09:00,2025-03-10 18:09:00,6.0
LOG206748,W0487,Morning,2025-01-18 23:43:00,2025-01-19 07:43:00,8.0
LOG206749,W0018,Night,2025-01-30 21:53:00,2025-01-31 07:53:00,10.0
LOG206752,W0325,Night,2025-06-11 06:43:00,2025-06-11 13:43:00,7.0
LOG206754,W0499,Night,2025-04-27 07:14:00,2025-04-27 13:14:00,6.0
LOG206755,W0098,Night,2025-01-08 13:57:00,2025-01-08 19:57:00,6.0
LOG206756,W0262,Night,2025-05-14 06:16:00,2025-05-14 15:16:00,9.0
LOG206757,W0117,Night,2025-02-05 13:09:00,2025-02-05 21:09:00,8.0
LOG206758,W0247,Evening,2025-03-31 21:08:00,2025-04-01 06:08:00,9.0
LOG206760,W0180,Night,2025-05-05 07:57:00,2025-05-05 17:57:00,10.0
LOG206762,W0030,Night,2025-06-14 09:03:00,2025-06-14 18:03:00,9.0
LOG206765,W0340,Morning,2025-04-17 13:40:00,2025-04-17 19:40:00,6.0
LOG206766,W0046,Night,2025-02-06 09:19:00,2025-02-06 18:19:00,9.0
LOG206767,W0273,Night,2025-06-19 10:24:00,2025-06-19 16:24:00,6.0
LOG206769,W0056,Night,2025-05-20 19:39:00,2025-05-21 01:39:00,6.0
LOG206770,W0201,Night,2025-04-09 06:47:00,2025-04-09 15:47:00,9.0
LOG206772,W0415,Evening,2025-04-21 18:01:00,2025-04-22 00:01:00,6.0
LOG206773,W0184,Night,2025-05-26 05:11:00,2025-05-26 11:11:00,6.0
LOG206774,W0500,Night,2025-06-27 12:56:00,2025-06-27 22:56:00,10.0
LOG206777,W0222,Evening,2025-04-03 02:54:00,2025-04-03 08:54:00,6.0
LOG206779,W0451,Night,2025-01-18 18:32:00,2025-01-19 04:32:00,10.0
LOG206780,W0444,Morning,2025-06-22 21:25:00,2025-06-23 04:25:00,7.0
LOG206782,W0185,Evening,2025-06-16 23:52:00,2025-06-17 08:52:00,9.0
LOG206783,W0124,Night,2025-05-15 06:42:00,2025-05-15 15:42:00,9.0
LOG206784,W0303,Night,2025-04-11 18:15:00,2025-04-12 03:15:00,9.0
LOG206785,W0223,Night,2025-03-18 09:33:00,2025-03-18 17:33:00,8.0
LOG206786,W0047,Evening,2025-04-27 03:53:00,2025-04-27 09:53:00,6.0
LOG206787,W0242,Night,2025-03-12 13:00:00,2025-03-12 19:00:00,6.0
LOG206791,W0421,Night,2025-05-20 12:37:00,2025-05-20 20:37:00,8.0
LOG206793,W0291,Night,2025-05-24 21:09:00,2025-05-25 05:09:00,8.0
LOG206794,W0411,Night,2025-04-14 16:05:00,2025-04-15 00:05:00,8.0
LOG206796,W0364,Night,2025-02-11 17:28:00,2025-02-12 00:28:00,7.0
LOG206797,W0228,Night,2025-03-02 18:45:00,2025-03-03 02:45:00,8.0
LOG206798,W0382,Morning,2025-05-06 21:19:00,2025-05-07 07:19:00,10.0
LOG206799,W0050,Evening,2025-01-24 07:35:00,2025-01-24 15:35:00,8.0
LOG206800,W0388,Evening,2025-01-12 06:57:00,2025-01-12 13:57:00,7.0
LOG206801,W0144,Morning,2025-06-09 21:18:00,2025-06-10 06:18:00,9.0
LOG206802,W0240,Night,2025-01-17 05:57:00,2025-01-17 11:57:00,6.0
LOG206803,W0409,Night,2025-03-18 11:24:00,2025-03-18 17:24:00,6.0
LOG206804,W0476,Night,2025-05-27 00:22:00,2025-05-27 09:22:00,9.0
LOG206805,W0051,Night,2025-02-01 13:16:00,2025-02-01 21:16:00,8.0
LOG206806,W0299,Morning,2025-01-05 09:16:00,2025-01-05 18:16:00,9.0
LOG206809,W0305,Night,2025-05-04 21:08:00,2025-05-05 03:08:00,6.0
LOG206810,W0062,Morning,2025-04-01 01:07:00,2025-04-01 07:07:00,6.0
LOG206811,W0490,Night,2025-04-07 20:43:00,2025-04-08 02:43:00,6.0
LOG206812,W0371,Evening,2025-05-04 22:28:00,2025-05-05 06:28:00,8.0
LOG206813,W0246,Night,2025-04-24 09:01:00,2025-04-24 19:01:00,10.0
LOG206814,W0132,Night,2025-06-14 02:10:00,2025-06-14 11:10:00,9.0
LOG206815,W0381,Night,2025-03-08 14:43:00,2025-03-09 00:43:00,10.0
LOG206816,W0066,Morning,2025-06-01 19:05:00,2025-06-02 05:05:00,10.0
LOG206817,W0235,Night,2025-06-26 02:52:00,2025-06-26 11:52:00,9.0
LOG206819,W0218,Morning,2025-06-02 21:17:00,2025-06-03 07:17:00,10.0
LOG206820,W0426,Night,2025-05-15 10:32:00,2025-05-15 18:32:00,8.0
LOG206821,W0363,Morning,2025-01-23 15:01:00,2025-01-23 22:01:00,7.0
LOG206822,W0162,Night,2025-05-11 18:15:00,2025-05-12 04:15:00,10.0
LOG206823,W0150,Night,2025-03-19 08:52:00,2025-03-19 17:52:00,9.0
LOG206824,W0134,Evening,2025-06-24 15:36:00,2025-06-25 01:36:00,10.0
LOG206826,W0170,Night,2025-04-19 16:01:00,2025-04-20 00:01:00,8.0
LOG206828,W0227,Night,2025-01-29 11:08:00,2025-01-29 20:08:00,9.0
LOG206831,W0057,Morning,2025-01-15 16:47:00,2025-01-16 00:47:00,8.0
LOG206832,W0043,Night,2025-02-06 21:36:00,2025-02-07 05:36:00,8.0
LOG206833,W0181,Evening,2025-02-26 01:40:00,2025-02-26 08:40:00,7.0
LOG206834,W0290,Morning,2025-06-26 04:03:00,2025-06-26 13:03:00,9.0
LOG206836,W0348,Night,2025-03-11 22:24:00,2025-03-12 06:24:00,8.0
LOG206837,W0427,Night,2025-01-18 22:43:00,2025-01-19 07:43:00,9.0
LOG206838,W0087,Night,2025-03-01 07:36:00,2025-03-01 17:36:00,10.0
LOG206839,W0212,Evening,2025-05-08 13:45:00,2025-05-08 22:45:00,9.0
LOG206840,W0310,Morning,2025-06-16 04:06:00,2025-06-16 12:06:00,8.0
LOG206841,W0406,Evening,2025-01-23 01:42:00,2025-01-23 10:42:00,9.0
LOG206842,W0317,Night,2025-03-04 18:28:00,2025-03-05 04:28:00,10.0
LOG206843,W0177,Evening,2025-06-11 19:13:00,2025-06-12 03:13:00,8.0
LOG206846,W0471,Night,2025-01-05 15:36:00,2025-01-05 23:36:00,8.0
LOG206848,W0154,Night,2025-03-23 09:53:00,2025-03-23 19:53:00,10.0
LOG206851,W0212,Night,2025-06-28 21:55:00,2025-06-29 06:55:00,9.0
LOG206854,W0306,Morning,2025-02-16 04:05:00,2025-02-16 12:05:00,8.0
LOG206856,W0040,Morning,2025-01-23 01:14:00,2025-01-23 07:14:00,6.0
LOG206857,W0057,Morning,2025-04-12 07:22:00,2025-04-12 15:22:00,8.0
LOG206858,W0348,Night,2025-03-18 06:39:00,2025-03-18 13:39:00,7.0
LOG206860,W0204,Evening,2025-01-25 13:26:00,2025-01-25 23:26:00,10.0
LOG206861,W0337,Night,2025-06-12 19:35:00,2025-06-13 01:35:00,6.0
LOG206862,W0163,Night,2025-03-21 10:16:00,2025-03-21 20:16:00,10.0
LOG206863,W0131,Night,2025-04-26 12:22:00,2025-04-26 22:22:00,10.0
LOG206865,W0337,Evening,2025-05-29 16:11:00,2025-05-29 22:11:00,6.0
LOG206866,W0293,Night,2025-04-22 13:51:00,2025-04-22 23:51:00,10.0
LOG206867,W0178,Morning,2025-03-27 17:14:00,2025-03-28 02:14:00,9.0
LOG206868,W0061,Evening,2025-05-18 11:23:00,2025-05-18 20:23:00,9.0
LOG206870,W0024,Morning,2025-03-19 18:22:00,2025-03-20 04:22:00,10.0
LOG206872,W0457,Morning,2025-01-01 21:01:00,2025-01-02 06:01:00,9.0
LOG206873,W0466,Morning,2025-04-07 01:34:00,2025-04-07 07:34:00,6.0
LOG206874,W0052,Evening,2025-01-29 13:51:00,2025-01-29 21:51:00,8.0
LOG206875,W0032,Evening,2025-01-09 19:33:00,2025-01-10 01:33:00,6.0
LOG206876,W0146,Night,2025-03-26 08:24:00,2025-03-26 16:24:00,8.0
LOG206877,W0125,Night,2025-03-23 20:12:00,2025-03-24 04:12:00,8.0
LOG206878,W0296,Morning,2025-01-28 13:45:00,2025-01-28 21:45:00,8.0
LOG206879,W0434,Night,2025-01-10 16:25:00,2025-01-10 23:25:00,7.0
LOG206882,W0212,Night,2025-06-21 18:20:00,2025-06-22 02:20:00,8.0
LOG206883,W0331,Evening,2025-03-08 13:55:00,2025-03-08 22:55:00,9.0
LOG206884,W0205,Night,2025-01-25 22:43:00,2025-01-26 04:43:00,6.0
LOG206885,W0370,Evening,2025-06-25 00:35:00,2025-06-25 06:35:00,6.0
LOG206887,W0262,Morning,2025-01-28 05:46:00,2025-01-28 14:46:00,9.0
LOG206890,W0266,Evening,2025-06-23 14:32:00,2025-06-23 20:32:00,6.0
LOG206891,W0363,Morning,2025-02-03 10:41:00,2025-02-03 17:41:00,7.0
LOG206892,W0088,Night,2025-01-14 02:44:00,2025-01-14 12:44:00,10.0
LOG206893,W0031,Evening,2025-02-19 08:16:00,2025-02-19 18:16:00,10.0
LOG206894,W0233,Morning,2025-02-01 11:18:00,2025-02-01 21:18:00,10.0
LOG206895,W0411,Morning,2025-04-08 07:31:00,2025-04-08 15:31:00,8.0
LOG206896,W0058,Night,2025-06-13 20:27:00,2025-06-14 03:27:00,7.0
LOG206897,W0385,Night,2025-05-17 01:55:00,2025-05-17 08:55:00,7.0
LOG206898,W0288,Morning,2025-06-24 20:46:00,2025-06-25 06:46:00,10.0
LOG206900,W0258,Night,2025-03-07 15:17:00,2025-03-07 23:17:00,8.0
LOG206902,W0496,Morning,2025-02-05 00:20:00,2025-02-05 08:20:00,8.0
LOG206903,W0163,Evening,2025-02-03 08:05:00,2025-02-03 18:05:00,10.0
LOG206904,W0195,Evening,2025-01-10 21:04:00,2025-01-11 04:04:00,7.0
LOG206907,W0266,Night,2025-04-15 05:35:00,2025-04-15 11:35:00,6.0
LOG206909,W0026,Evening,2025-02-23 08:33:00,2025-02-23 17:33:00,9.0
LOG206910,W0477,Night,2025-06-08 16:28:00,2025-06-09 02:28:00,10.0
LOG206912,W0210,Night,2025-06-06 18:25:00,2025-06-07 01:25:00,7.0
LOG206914,W0460,Morning,2025-02-13 09:38:00,2025-02-13 19:38:00,10.0
LOG206916,W0162,Morning,2025-03-17 19:29:00,2025-03-18 04:29:00,9.0
LOG206917,W0323,Evening,2025-04-24 00:08:00,2025-04-24 08:08:00,8.0
LOG206918,W0081,Night,2025-03-19 03:04:00,2025-03-19 11:04:00,8.0
LOG206921,W0042,Evening,2025-05-01 10:09:00,2025-05-01 16:09:00,6.0
LOG206922,W0444,Evening,2025-03-18 20:24:00,2025-03-19 04:24:00,8.0
LOG206923,W0327,Morning,2025-05-16 20:04:00,2025-05-17 03:04:00,7.0
LOG206924,W0331,Morning,2025-06-29 22:22:00,2025-06-30 08:22:00,10.0
LOG206926,W0262,Night,2025-03-18 08:24:00,2025-03-18 17:24:00,9.0
LOG206927,W0459,Evening,2025-02-09 12:18:00,2025-02-09 21:18:00,9.0
LOG206928,W0159,Night,2025-03-22 00:51:00,2025-03-22 07:51:00,7.0
LOG206932,W0317,Night,2025-04-24 08:49:00,2025-04-24 15:49:00,7.0
LOG206933,W0274,Morning,2025-01-18 21:00:00,2025-01-19 07:00:00,10.0
LOG206935,W0068,Night,2025-05-24 16:43:00,2025-05-25 02:43:00,10.0
LOG206937,W0034,Night,2025-04-04 03:55:00,2025-04-04 11:55:00,8.0
LOG206938,W0302,Morning,2025-01-10 11:08:00,2025-01-10 19:08:00,8.0
LOG206939,W0176,Night,2025-04-29 02:51:00,2025-04-29 10:51:00,8.0
LOG206941,W0034,Morning,2025-06-06 02:14:00,2025-06-06 12:14:00,10.0
LOG206944,W0476,Morning,2025-06-28 21:02:00,2025-06-29 07:02:00,10.0
LOG206945,W0158,Night,2025-05-01 10:03:00,2025-05-01 19:03:00,9.0
LOG206951,W0130,Evening,2025-03-01 09:02:00,2025-03-01 19:02:00,10.0
LOG206953,W0427,Morning,2025-05-26 05:15:00,2025-05-26 11:15:00,6.0
LOG206954,W0059,Night,2025-02-24 06:17:00,2025-02-24 16:17:00,10.0
LOG206955,W0185,Morning,2025-01-27 00:48:00,2025-01-27 09:48:00,9.0
LOG206957,W0328,Evening,2025-03-08 20:47:00,2025-03-09 03:47:00,7.0
LOG206958,W0123,Morning,2025-05-29 19:58:00,2025-05-30 02:58:00,7.0
LOG206959,W0050,Evening,2025-03-02 03:40:00,2025-03-02 11:40:00,8.0
LOG206960,W0224,Night,2025-01-09 22:36:00,2025-01-10 08:36:00,10.0
LOG206962,W0144,Evening,2025-03-14 04:00:00,2025-03-14 11:00:00,7.0
LOG206963,W0151,Morning,2025-05-23 13:08:00,2025-05-23 20:08:00,7.0
LOG206966,W0315,Night,2025-02-17 03:34:00,2025-02-17 09:34:00,6.0
LOG206967,W0262,Night,2025-01-03 23:11:00,2025-01-04 05:11:00,6.0
LOG206968,W0261,Night,2025-06-13 03:28:00,2025-06-13 10:28:00,7.0
LOG206969,W0036,Evening,2025-06-29 01:52:00,2025-06-29 10:52:00,9.0
LOG206970,W0482,Morning,2025-06-22 00:31:00,2025-06-22 07:31:00,7.0
LOG206972,W0328,Night,2025-05-22 10:37:00,2025-05-22 18:37:00,8.0
LOG206973,W0436,Evening,2025-02-15 21:00:00,2025-02-16 04:00:00,7.0
LOG206974,W0321,Night,2025-02-28 05:13:00,2025-02-28 12:13:00,7.0
LOG206975,W0204,Night,2025-04-10 17:24:00,2025-04-11 02:24:00,9.0
LOG206976,W0186,Evening,2025-06-06 03:29:00,2025-06-06 12:29:00,9.0
LOG206977,W0132,Morning,2025-06-12 09:03:00,2025-06-12 17:03:00,8.0
LOG206978,W0158,Night,2025-02-05 16:52:00,2025-02-06 01:52:00,9.0
LOG206979,W0149,Morning,2025-05-29 06:41:00,2025-05-29 12:41:00,6.0
LOG206980,W0289,Evening,2025-04-04 16:16:00,2025-04-05 01:16:00,9.0
LOG206982,W0376,Night,2025-06-21 12:58:00,2025-06-21 19:58:00,7.0
LOG206983,W0094,Morning,2025-03-06 00:26:00,2025-03-06 07:26:00,7.0
LOG206984,W0006,Evening,2025-02-23 16:25:00,2025-02-24 01:25:00,9.0
LOG206985,W0080,Night,2025-06-07 22:27:00,2025-06-08 08:27:00,10.0
LOG206986,W0297,Night,2025-02-14 04:23:00,2025-02-14 12:23:00,8.0
LOG206987,W0048,Night,2025-02-03 10:24:00,2025-02-03 17:24:00,7.0
LOG206988,W0106,Night,2025-05-11 03:04:00,2025-05-11 10:04:00,7.0
LOG206989,W0420,Night,2025-06-24 23:43:00,2025-06-25 08:43:00,9.0
LOG206991,W0432,Night,2025-03-21 11:56:00,2025-03-21 21:56:00,10.0
LOG206994,W0250,Night,2025-02-22 19:10:00,2025-02-23 05:10:00,10.0
LOG206996,W0486,Night,2025-06-11 13:39:00,2025-06-11 23:39:00,10.0
LOG206997,W0214,Night,2025-05-22 13:37:00,2025-05-22 20:37:00,7.0
LOG206998,W0317,Night,2025-05-25 09:51:00,2025-05-25 19:51:00,10.0
LOG206999,W0040,Night,2025-04-27 15:29:00,2025-04-28 01:29:00,10.0
LOG207000,W0208,Night,2025-04-28 20:26:00,2025-04-29 04:26:00,8.0
LOG207001,W0098,Morning,2025-06-17 03:09:00,2025-06-17 13:09:00,10.0
LOG207002,W0279,Night,2025-01-18 18:04:00,2025-01-19 03:04:00,9.0
LOG207003,W0112,Morning,2025-05-21 07:52:00,2025-05-21 13:52:00,6.0
LOG207004,W0413,Night,2025-06-02 12:33:00,2025-06-02 20:33:00,8.0
LOG207005,W0187,Morning,2025-03-01 12:15:00,2025-03-01 18:15:00,6.0
LOG207006,W0400,Night,2025-06-02 16:55:00,2025-06-02 22:55:00,6.0
LOG207008,W0468,Night,2025-03-20 00:43:00,2025-03-20 09:43:00,9.0
LOG207009,W0309,Morning,2025-03-03 22:07:00,2025-03-04 08:07:00,10.0
LOG207010,W0206,Morning,2025-02-20 15:51:00,2025-02-21 01:51:00,10.0
LOG207012,W0079,Night,2025-01-09 22:18:00,2025-01-10 06:18:00,8.0
LOG207013,W0127,Evening,2025-05-29 06:15:00,2025-05-29 12:15:00,6.0
LOG207014,W0169,Night,2025-03-19 02:23:00,2025-03-19 08:23:00,6.0
LOG207016,W0165,Evening,2025-01-23 16:37:00,2025-01-24 01:37:00,9.0
LOG207017,W0196,Night,2025-02-02 09:30:00,2025-02-02 18:30:00,9.0
LOG207018,W0196,Evening,2025-01-22 00:28:00,2025-01-22 06:28:00,6.0
LOG207019,W0240,Evening,2025-06-06 08:44:00,2025-06-06 16:44:00,8.0
LOG207021,W0042,Morning,2025-03-26 22:45:00,2025-03-27 08:45:00,10.0
LOG207023,W0408,Night,2025-05-01 22:41:00,2025-05-02 06:41:00,8.0
LOG207024,W0441,Night,2025-04-29 11:38:00,2025-04-29 21:38:00,10.0
LOG207025,W0462,Evening,2025-06-18 08:11:00,2025-06-18 16:11:00,8.0
LOG207026,W0104,Morning,2025-02-06 06:25:00,2025-02-06 12:25:00,6.0
LOG207027,W0054,Evening,2025-04-19 00:53:00,2025-04-19 09:53:00,9.0
LOG207028,W0213,Night,2025-01-07 08:06:00,2025-01-07 17:06:00,9.0
LOG207032,W0336,Morning,2025-06-18 21:37:00,2025-06-19 03:37:00,6.0
LOG207033,W0272,Night,2025-02-09 15:12:00,2025-02-10 00:12:00,9.0
LOG207035,W0250,Night,2025-05-25 20:15:00,2025-05-26 06:15:00,10.0
LOG207037,W0359,Night,2025-04-27 13:15:00,2025-04-27 22:15:00,9.0
LOG207038,W0363,Morning,2025-01-12 16:33:00,2025-01-13 01:33:00,9.0
LOG207039,W0158,Night,2025-06-04 05:14:00,2025-06-04 11:14:00,6.0
LOG207040,W0218,Night,2025-04-28 16:00:00,2025-04-29 01:00:00,9.0
LOG207041,W0068,Evening,2025-01-18 22:35:00,2025-01-19 08:35:00,10.0
LOG207043,W0010,Morning,2025-05-11 19:08:00,2025-05-12 05:08:00,10.0
LOG207044,W0231,Night,2025-06-23 02:36:00,2025-06-23 08:36:00,6.0
LOG207045,W0491,Evening,2025-01-13 17:57:00,2025-01-14 01:57:00,8.0
LOG207046,W0240,Morning,2025-01-06 01:50:00,2025-01-06 08:50:00,7.0
LOG207048,W0375,Evening,2025-01-02 05:35:00,2025-01-02 15:35:00,10.0
LOG207050,W0324,Night,2025-03-11 11:20:00,2025-03-11 18:20:00,7.0
LOG207051,W0005,Night,2025-01-16 11:45:00,2025-01-16 20:45:00,9.0
LOG207052,W0080,Evening,2025-01-12 23:36:00,2025-01-13 06:36:00,7.0
LOG207054,W0013,Evening,2025-01-07 15:23:00,2025-01-07 23:23:00,8.0
LOG207055,W0086,Night,2025-05-21 20:40:00,2025-05-22 05:40:00,9.0
LOG207056,W0411,Night,2025-05-14 19:10:00,2025-05-15 02:10:00,7.0
LOG207057,W0373,Evening,2025-06-03 06:24:00,2025-06-03 14:24:00,8.0
LOG207058,W0396,Night,2025-06-28 10:56:00,2025-06-28 16:56:00,6.0
LOG207061,W0393,Night,2025-02-12 04:50:00,2025-02-12 11:50:00,7.0
LOG207062,W0475,Morning,2025-01-22 08:45:00,2025-01-22 16:45:00,8.0
LOG207063,W0121,Morning,2025-02-27 06:06:00,2025-02-27 14:06:00,8.0
LOG207065,W0383,Night,2025-02-22 07:42:00,2025-02-22 15:42:00,8.0
LOG207066,W0417,Night,2025-06-04 05:54:00,2025-06-04 12:54:00,7.0
LOG207067,W0236,Night,2025-02-14 12:33:00,2025-02-14 18:33:00,6.0
LOG207069,W0290,Evening,2025-03-18 13:12:00,2025-03-18 23:12:00,10.0
LOG207070,W0106,Night,2025-03-26 18:12:00,2025-03-27 04:12:00,10.0
LOG207071,W0012,Night,2025-01-25 17:41:00,2025-01-26 00:41:00,7.0
LOG207072,W0136,Night,2025-04-03 03:40:00,2025-04-03 13:40:00,10.0
LOG207073,W0365,Morning,2025-01-12 16:56:00,2025-01-13 00:56:00,8.0
LOG207074,W0262,Morning,2025-06-24 12:55:00,2025-06-24 18:55:00,6.0
LOG207075,W0465,Evening,2025-06-08 08:58:00,2025-06-08 15:58:00,7.0
LOG207076,W0312,Night,2025-03-04 19:27:00,2025-03-05 04:27:00,9.0
LOG207077,W0126,Morning,2025-05-25 22:42:00,2025-05-26 08:42:00,10.0
LOG207080,W0416,Night,2025-03-28 15:41:00,2025-03-29 00:41:00,9.0
LOG207081,W0180,Evening,2025-02-21 17:30:00,2025-02-22 02:30:00,9.0
LOG207082,W0362,Night,2025-02-01 05:22:00,2025-02-01 13:22:00,8.0
LOG207083,W0054,Morning,2025-05-31 13:07:00,2025-05-31 21:07:00,8.0
LOG207084,W0113,Evening,2025-01-31 07:14:00,2025-01-31 15:14:00,8.0
LOG207086,W0332,Morning,2025-02-08 14:18:00,2025-02-08 23:18:00,9.0
LOG207088,W0472,Morning,2025-03-23 20:19:00,2025-03-24 04:19:00,8.0
LOG207089,W0289,Night,2025-05-04 11:19:00,2025-05-04 20:19:00,9.0
LOG207090,W0358,Night,2025-03-11 07:53:00,2025-03-11 13:53:00,6.0
LOG207091,W0207,Night,2025-06-29 00:56:00,2025-06-29 10:56:00,10.0
LOG207092,W0333,Night,2025-06-23 10:29:00,2025-06-23 17:29:00,7.0
LOG207093,W0494,Night,2025-03-10 07:29:00,2025-03-10 15:29:00,8.0
LOG207094,W0156,Night,2025-04-14 00:41:00,2025-04-14 09:41:00,9.0
LOG207095,W0044,Morning,2025-01-26 20:07:00,2025-01-27 04:07:00,8.0
LOG207097,W0041,Evening,2025-03-21 00:37:00,2025-03-21 06:37:00,6.0
LOG207099,W0387,Morning,2025-02-18 22:03:00,2025-02-19 07:03:00,9.0
LOG207101,W0344,Night,2025-01-01 00:49:00,2025-01-01 07:49:00,7.0
LOG207102,W0129,Night,2025-03-27 03:55:00,2025-03-27 12:55:00,9.0
LOG207104,W0352,Evening,2025-04-19 05:57:00,2025-04-19 11:57:00,6.0
LOG207105,W0092,Night,2025-06-04 02:52:00,2025-06-04 11:52:00,9.0
LOG207106,W0006,Morning,2025-02-05 10:09:00,2025-02-05 20:09:00,10.0
LOG207107,W0287,Morning,2025-03-12 01:16:00,2025-03-12 11:16:00,10.0
LOG207108,W0025,Night,2025-02-06 18:04:00,2025-02-07 00:04:00,6.0
LOG207110,W0258,Night,2025-06-17 00:25:00,2025-06-17 08:25:00,8.0
LOG207111,W0491,Evening,2025-04-25 08:43:00,2025-04-25 17:43:00,9.0
LOG207112,W0146,Evening,2025-04-12 03:47:00,2025-04-12 09:47:00,6.0
LOG207114,W0481,Night,2025-06-15 19:17:00,2025-06-16 02:17:00,7.0
LOG207115,W0196,Evening,2025-01-08 14:40:00,2025-01-09 00:40:00,10.0
LOG207119,W0367,Morning,2025-06-13 04:26:00,2025-06-13 12:26:00,8.0
LOG207120,W0499,Night,2025-06-08 02:54:00,2025-06-08 10:54:00,8.0
LOG207121,W0435,Morning,2025-05-19 01:22:00,2025-05-19 09:22:00,8.0
LOG207122,W0073,Evening,2025-03-18 20:39:00,2025-03-19 02:39:00,6.0
LOG207123,W0164,Night,2025-03-15 17:44:00,2025-03-15 23:44:00,6.0
LOG207124,W0237,Night,2025-02-11 07:07:00,2025-02-11 15:07:00,8.0
LOG207125,W0026,Evening,2025-02-12 04:26:00,2025-02-12 10:26:00,6.0
LOG207126,W0161,Night,2025-05-19 03:54:00,2025-05-19 13:54:00,10.0
LOG207127,W0495,Night,2025-04-17 22:25:00,2025-04-18 07:25:00,9.0
LOG207128,W0293,Morning,2025-01-31 05:15:00,2025-01-31 15:15:00,10.0
LOG207129,W0240,Night,2025-05-11 03:56:00,2025-05-11 09:56:00,6.0
LOG207130,W0351,Night,2025-04-06 23:08:00,2025-04-07 09:08:00,10.0
LOG207131,W0444,Night,2025-02-20 22:51:00,2025-02-21 07:51:00,9.0
LOG207133,W0244,Morning,2025-05-14 23:49:00,2025-05-15 07:49:00,8.0
LOG207134,W0342,Night,2025-04-21 07:14:00,2025-04-21 14:14:00,7.0
LOG207135,W0038,Night,2025-02-12 07:09:00,2025-02-12 13:09:00,6.0
LOG207136,W0399,Night,2025-05-21 08:05:00,2025-05-21 17:05:00,9.0
LOG207137,W0467,Night,2025-05-15 15:51:00,2025-05-16 01:51:00,10.0
LOG207138,W0398,Night,2025-04-15 13:41:00,2025-04-15 22:41:00,9.0
LOG207140,W0197,Morning,2025-03-29 16:22:00,2025-03-30 02:22:00,10.0
LOG207141,W0440,Morning,2025-01-25 09:13:00,2025-01-25 17:13:00,8.0
LOG207142,W0049,Night,2025-04-30 02:41:00,2025-04-30 10:41:00,8.0
LOG207144,W0099,Morning,2025-06-09 15:02:00,2025-06-10 00:02:00,9.0
LOG207145,W0494,Evening,2025-02-15 18:56:00,2025-02-16 02:56:00,8.0
LOG207146,W0349,Night,2025-02-28 14:33:00,2025-02-28 22:33:00,8.0
LOG207147,W0367,Night,2025-02-23 11:22:00,2025-02-23 18:22:00,7.0
LOG207148,W0179,Night,2025-03-03 14:13:00,2025-03-04 00:13:00,10.0
LOG207149,W0126,Night,2025-05-29 20:08:00,2025-05-30 03:08:00,7.0
LOG207150,W0088,Night,2025-05-01 23:40:00,2025-05-02 08:40:00,9.0
LOG207151,W0214,Night,2025-01-13 15:29:00,2025-01-13 22:29:00,7.0
LOG207153,W0064,Night,2025-01-01 06:08:00,2025-01-01 14:08:00,8.0
LOG207155,W0407,Evening,2025-02-27 12:01:00,2025-02-27 20:01:00,8.0
LOG207156,W0407,Evening,2025-05-01 23:46:00,2025-05-02 08:46:00,9.0
LOG207157,W0316,Evening,2025-01-18 08:18:00,2025-01-18 14:18:00,6.0
LOG207158,W0121,Night,2025-01-29 04:20:00,2025-01-29 13:20:00,9.0
LOG207159,W0492,Night,2025-03-27 08:21:00,2025-03-27 14:21:00,6.0
LOG207160,W0415,Night,2025-01-31 10:40:00,2025-01-31 18:40:00,8.0
LOG207161,W0240,Evening,2025-03-01 02:40:00,2025-03-01 12:40:00,10.0
LOG207162,W0165,Evening,2025-01-05 00:25:00,2025-01-05 06:25:00,6.0
LOG207163,W0359,Night,2025-03-13 21:36:00,2025-03-14 07:36:00,10.0
LOG207165,W0266,Evening,2025-02-21 17:13:00,2025-02-22 03:13:00,10.0
LOG207166,W0345,Evening,2025-05-24 14:51:00,2025-05-25 00:51:00,10.0
LOG207169,W0115,Morning,2025-02-13 08:36:00,2025-02-13 18:36:00,10.0
LOG207170,W0245,Night,2025-05-03 13:37:00,2025-05-03 20:37:00,7.0
LOG207172,W0120,Night,2025-05-23 18:36:00,2025-05-24 04:36:00,10.0
LOG207173,W0495,Night,2025-04-10 00:26:00,2025-04-10 08:26:00,8.0
LOG207174,W0309,Night,2025-03-26 13:14:00,2025-03-26 23:14:00,10.0
LOG207176,W0129,Night,2025-03-18 08:54:00,2025-03-18 15:54:00,7.0
LOG207178,W0037,Morning,2025-06-22 20:29:00,2025-06-23 06:29:00,10.0
LOG207180,W0225,Night,2025-01-08 14:37:00,2025-01-08 22:37:00,8.0
LOG207183,W0006,Evening,2025-04-01 04:01:00,2025-04-01 10:01:00,6.0
LOG207184,W0038,Morning,2025-05-06 00:28:00,2025-05-06 10:28:00,10.0
LOG207185,W0155,Morning,2025-01-04 20:35:00,2025-01-05 05:35:00,9.0
LOG207188,W0191,Night,2025-01-09 04:00:00,2025-01-09 12:00:00,8.0
LOG207189,W0450,Evening,2025-06-01 18:24:00,2025-06-02 02:24:00,8.0
LOG207191,W0175,Night,2025-04-13 17:07:00,2025-04-14 02:07:00,9.0
LOG207193,W0132,Morning,2025-03-03 03:08:00,2025-03-03 09:08:00,6.0
LOG207194,W0441,Night,2025-04-05 12:02:00,2025-04-05 18:02:00,6.0
LOG207195,W0460,Morning,2025-01-29 22:10:00,2025-01-30 06:10:00,8.0
LOG207196,W0156,Night,2025-06-04 18:04:00,2025-06-05 04:04:00,10.0
LOG207199,W0462,Morning,2025-05-12 18:45:00,2025-05-13 04:45:00,10.0
LOG207200,W0284,Evening,2025-01-18 01:58:00,2025-01-18 08:58:00,7.0
LOG207201,W0499,Morning,2025-06-26 21:45:00,2025-06-27 03:45:00,6.0
LOG207202,W0235,Morning,2025-05-15 02:53:00,2025-05-15 11:53:00,9.0
LOG207203,W0300,Night,2025-06-05 03:17:00,2025-06-05 13:17:00,10.0
LOG207205,W0170,Night,2025-02-16 16:22:00,2025-02-17 00:22:00,8.0
LOG207206,W0063,Night,2025-05-06 07:39:00,2025-05-06 15:39:00,8.0
LOG207209,W0117,Evening,2025-02-13 20:35:00,2025-02-14 06:35:00,10.0
LOG207210,W0443,Night,2025-05-26 07:08:00,2025-05-26 16:08:00,9.0
LOG207211,W0412,Evening,2025-05-08 00:24:00,2025-05-08 10:24:00,10.0
LOG207213,W0456,Night,2025-03-21 07:23:00,2025-03-21 16:23:00,9.0
LOG207214,W0309,Night,2025-03-27 10:40:00,2025-03-27 19:40:00,9.0
LOG207217,W0052,Evening,2025-03-25 13:15:00,2025-03-25 20:15:00,7.0
LOG207218,W0403,Night,2025-01-12 12:23:00,2025-01-12 22:23:00,10.0
LOG207219,W0247,Morning,2025-06-27 06:22:00,2025-06-27 13:22:00,7.0
LOG207221,W0009,Night,2025-01-15 22:59:00,2025-01-16 04:59:00,6.0
LOG207223,W0328,Night,2025-01-04 16:10:00,2025-01-05 02:10:00,10.0
LOG207225,W0125,Evening,2025-04-28 03:09:00,2025-04-28 13:09:00,10.0
LOG207227,W0172,Night,2025-03-08 13:35:00,2025-03-08 22:35:00,9.0
LOG207228,W0027,Night,2025-05-31 07:10:00,2025-05-31 13:10:00,6.0
LOG207229,W0456,Evening,2025-02-02 08:25:00,2025-02-02 17:25:00,9.0
LOG207230,W0144,Morning,2025-06-29 02:56:00,2025-06-29 10:56:00,8.0
LOG207231,W0310,Night,2025-02-25 18:24:00,2025-02-26 04:24:00,10.0
LOG207232,W0262,Morning,2025-05-24 12:25:00,2025-05-24 18:25:00,6.0
LOG207233,W0449,Morning,2025-03-03 15:41:00,2025-03-03 22:41:00,7.0
LOG207234,W0093,Morning,2025-05-19 01:04:00,2025-05-19 11:04:00,10.0
LOG207235,W0423,Morning,2025-04-25 01:25:00,2025-04-25 09:25:00,8.0
LOG207236,W0013,Night,2025-04-12 09:46:00,2025-04-12 17:46:00,8.0
LOG207237,W0470,Night,2025-06-07 11:08:00,2025-06-07 18:08:00,7.0
LOG207238,W0001,Evening,2025-04-29 10:16:00,2025-04-29 16:16:00,6.0
LOG207239,W0074,Morning,2025-03-06 09:53:00,2025-03-06 17:53:00,8.0
LOG207240,W0372,Night,2025-06-05 22:05:00,2025-06-06 08:05:00,10.0
LOG207243,W0476,Evening,2025-06-10 12:33:00,2025-06-10 22:33:00,10.0
LOG207246,W0119,Night,2025-05-18 01:13:00,2025-05-18 11:13:00,10.0
LOG207248,W0498,Night,2025-04-10 08:43:00,2025-04-10 14:43:00,6.0
LOG207249,W0307,Evening,2025-03-06 20:14:00,2025-03-07 04:14:00,8.0
LOG207250,W0427,Evening,2025-02-02 15:12:00,2025-02-02 21:12:00,6.0
LOG207252,W0331,Night,2025-06-28 15:59:00,2025-06-29 00:59:00,9.0
LOG207255,W0200,Night,2025-06-08 13:03:00,2025-06-08 23:03:00,10.0
LOG207256,W0462,Night,2025-03-17 21:26:00,2025-03-18 05:26:00,8.0
LOG207257,W0149,Evening,2025-04-02 09:15:00,2025-04-02 17:15:00,8.0
LOG207258,W0154,Night,2025-03-03 04:48:00,2025-03-03 13:48:00,9.0
LOG207262,W0182,Evening,2025-06-06 02:36:00,2025-06-06 12:36:00,10.0
LOG207263,W0022,Evening,2025-05-09 06:22:00,2025-05-09 13:22:00,7.0
LOG207264,W0219,Morning,2025-04-22 20:11:00,2025-04-23 03:11:00,7.0
LOG207265,W0022,Morning,2025-04-16 03:41:00,2025-04-16 10:41:00,7.0
LOG207266,W0439,Morning,2025-05-11 01:46:00,2025-05-11 10:46:00,9.0
LOG207268,W0002,Evening,2025-01-08 01:12:00,2025-01-08 07:12:00,6.0
LOG207269,W0050,Night,2025-03-02 17:01:00,2025-03-03 03:01:00,10.0
LOG207270,W0203,Morning,2025-03-06 19:04:00,2025-03-07 03:04:00,8.0
LOG207272,W0401,Evening,2025-04-17 02:53:00,2025-04-17 11:53:00,9.0
LOG207273,W0145,Evening,2025-03-13 08:08:00,2025-03-13 15:08:00,7.0
LOG207276,W0228,Morning,2025-01-16 16:57:00,2025-01-16 23:57:00,7.0
LOG207278,W0079,Night,2025-03-06 02:24:00,2025-03-06 12:24:00,10.0
LOG207279,W0242,Night,2025-02-11 09:09:00,2025-02-11 19:09:00,10.0
LOG207280,W0277,Night,2025-06-23 19:03:00,2025-06-24 05:03:00,10.0
LOG207281,W0303,Night,2025-06-22 04:31:00,2025-06-22 11:31:00,7.0
LOG207282,W0301,Evening,2025-06-20 17:34:00,2025-06-21 03:34:00,10.0
LOG207283,W0409,Night,2025-01-19 05:40:00,2025-01-19 15:40:00,10.0
LOG207284,W0075,Evening,2025-02-05 22:44:00,2025-02-06 05:44:00,7.0
LOG207285,W0265,Evening,2025-03-12 05:58:00,2025-03-12 11:58:00,6.0
LOG207286,W0100,Morning,2025-03-11 08:39:00,2025-03-11 18:39:00,10.0
LOG207288,W0360,Morning,2025-02-06 18:18:00,2025-02-07 03:18:00,9.0
LOG207289,W0366,Night,2025-05-06 04:59:00,2025-05-06 10:59:00,6.0
LOG207290,W0158,Morning,2025-01-23 15:43:00,2025-01-24 00:43:00,9.0
LOG207291,W0320,Morning,2025-06-23 16:11:00,2025-06-23 23:11:00,7.0
LOG207292,W0047,Night,2025-03-15 15:28:00,2025-03-16 01:28:00,10.0
LOG207293,W0238,Night,2025-02-05 06:16:00,2025-02-05 14:16:00,8.0
LOG207296,W0487,Night,2025-01-14 02:49:00,2025-01-14 12:49:00,10.0
LOG207298,W0346,Night,2025-02-20 20:30:00,2025-02-21 03:30:00,7.0
LOG207299,W0024,Night,2025-05-21 19:06:00,2025-05-22 04:06:00,9.0
LOG207300,W0048,Morning,2025-02-06 19:29:00,2025-02-07 02:29:00,7.0
LOG207302,W0068,Morning,2025-06-27 23:57:00,2025-06-28 06:57:00,7.0
LOG207304,W0063,Evening,2025-03-27 12:49:00,2025-03-27 21:49:00,9.0
LOG207305,W0067,Night,2025-01-29 02:10:00,2025-01-29 11:10:00,9.0
LOG207306,W0253,Night,2025-01-23 13:31:00,2025-01-23 22:31:00,9.0
LOG207307,W0164,Night,2025-03-09 06:29:00,2025-03-09 12:29:00,6.0
LOG207308,W0287,Morning,2025-02-20 02:34:00,2025-02-20 12:34:00,10.0
LOG207309,W0139,Morning,2025-02-08 14:44:00,2025-02-08 21:44:00,7.0
LOG207311,W0118,Morning,2025-04-25 10:16:00,2025-04-25 17:16:00,7.0
LOG207312,W0285,Night,2025-03-20 19:58:00,2025-03-21 04:58:00,9.0
LOG207313,W0132,Evening,2025-06-17 08:37:00,2025-06-17 18:37:00,10.0
LOG207314,W0451,Evening,2025-06-24 04:17:00,2025-06-24 11:17:00,7.0
LOG207315,W0332,Morning,2025-01-25 16:35:00,2025-01-26 02:35:00,10.0
LOG207318,W0135,Morning,2025-02-20 15:42:00,2025-02-21 01:42:00,10.0
LOG207319,W0010,Morning,2025-06-10 04:22:00,2025-06-10 13:22:00,9.0
LOG207320,W0094,Evening,2025-01-28 22:39:00,2025-01-29 05:39:00,7.0
LOG207322,W0053,Morning,2025-01-17 19:36:00,2025-01-18 05:36:00,10.0
LOG207323,W0302,Evening,2025-06-02 08:37:00,2025-06-02 17:37:00,9.0
LOG207324,W0425,Night,2025-01-01 05:35:00,2025-01-01 13:35:00,8.0
LOG207325,W0442,Night,2025-01-02 18:10:00,2025-01-03 00:10:00,6.0
LOG207326,W0001,Night,2025-01-07 08:37:00,2025-01-07 16:37:00,8.0
LOG207327,W0048,Evening,2025-02-25 10:35:00,2025-02-25 17:35:00,7.0
LOG207328,W0293,Night,2025-03-03 01:19:00,2025-03-03 08:19:00,7.0
LOG207329,W0323,Evening,2025-06-13 17:11:00,2025-06-14 00:11:00,7.0
LOG207330,W0233,Night,2025-02-14 14:23:00,2025-02-14 22:23:00,8.0
LOG207331,W0380,Night,2025-06-27 12:25:00,2025-06-27 19:25:00,7.0
LOG207332,W0277,Night,2025-03-24 02:41:00,2025-03-24 09:41:00,7.0
LOG207333,W0258,Evening,2025-04-16 20:23:00,2025-04-17 02:23:00,6.0
LOG207335,W0382,Evening,2025-06-23 12:28:00,2025-06-23 20:28:00,8.0
LOG207336,W0124,Night,2025-03-10 11:07:00,2025-03-10 18:07:00,7.0
LOG207337,W0397,Night,2025-03-12 16:25:00,2025-03-13 00:25:00,8.0
LOG207338,W0290,Night,2025-06-03 16:26:00,2025-06-03 22:26:00,6.0
LOG207340,W0056,Evening,2025-06-27 11:15:00,2025-06-27 18:15:00,7.0
LOG207341,W0125,Evening,2025-03-10 00:08:00,2025-03-10 09:08:00,9.0
LOG207342,W0328,Night,2025-05-14 20:19:00,2025-05-15 03:19:00,7.0
LOG207343,W0342,Evening,2025-06-25 08:37:00,2025-06-25 15:37:00,7.0
LOG207345,W0381,Night,2025-05-02 12:51:00,2025-05-02 19:51:00,7.0
LOG207347,W0141,Night,2025-03-27 00:01:00,2025-03-27 08:01:00,8.0
LOG207348,W0099,Night,2025-05-26 21:41:00,2025-05-27 06:41:00,9.0
LOG207350,W0435,Evening,2025-05-09 11:29:00,2025-05-09 18:29:00,7.0
LOG207351,W0339,Morning,2025-01-11 16:28:00,2025-01-12 02:28:00,10.0
LOG207352,W0045,Morning,2025-06-20 02:47:00,2025-06-20 11:47:00,9.0
LOG207353,W0310,Morning,2025-02-13 09:47:00,2025-02-13 18:47:00,9.0
LOG207355,W0014,Night,2025-03-09 15:15:00,2025-03-09 23:15:00,8.0
LOG207356,W0273,Morning,2025-06-28 22:00:00,2025-06-29 04:00:00,6.0
LOG207357,W0398,Morning,2025-04-26 07:18:00,2025-04-26 15:18:00,8.0
LOG207358,W0362,Morning,2025-06-03 03:29:00,2025-06-03 09:29:00,6.0
LOG207359,W0076,Night,2025-05-15 03:57:00,2025-05-15 12:57:00,9.0
LOG207360,W0196,Evening,2025-04-12 20:22:00,2025-04-13 02:22:00,6.0
LOG207361,W0130,Night,2025-03-30 13:53:00,2025-03-30 22:53:00,9.0
LOG207362,W0117,Night,2025-04-18 08:27:00,2025-04-18 14:27:00,6.0
LOG207363,W0111,Night,2025-03-27 08:48:00,2025-03-27 18:48:00,10.0
LOG207364,W0333,Night,2025-03-01 11:53:00,2025-03-01 18:53:00,7.0
LOG207365,W0438,Night,2025-02-20 00:44:00,2025-02-20 09:44:00,9.0
LOG207368,W0465,Morning,2025-03-25 14:12:00,2025-03-26 00:12:00,10.0
LOG207371,W0183,Night,2025-06-22 14:42:00,2025-06-22 20:42:00,6.0
LOG207374,W0490,Night,2025-01-11 04:34:00,2025-01-11 10:34:00,6.0
LOG207375,W0328,Night,2025-05-29 07:35:00,2025-05-29 16:35:00,9.0
LOG207376,W0149,Morning,2025-03-05 12:47:00,2025-03-05 20:47:00,8.0
LOG207377,W0276,Night,2025-05-12 21:23:00,2025-05-13 04:23:00,7.0
LOG207378,W0477,Morning,2025-04-16 11:03:00,2025-04-16 17:03:00,6.0
LOG207379,W0497,Evening,2025-04-05 09:21:00,2025-04-05 18:21:00,9.0
LOG207380,W0370,Morning,2025-02-09 17:12:00,2025-02-10 00:12:00,7.0
LOG207381,W0013,Evening,2025-05-14 13:50:00,2025-05-14 20:50:00,7.0
LOG207383,W0065,Night,2025-01-29 01:57:00,2025-01-29 07:57:00,6.0
LOG207384,W0240,Night,2025-02-04 03:11:00,2025-02-04 10:11:00,7.0
LOG207385,W0368,Evening,2025-05-08 15:43:00,2025-05-08 22:43:00,7.0
LOG207387,W0402,Evening,2025-06-18 04:20:00,2025-06-18 11:20:00,7.0
LOG207388,W0325,Morning,2025-04-28 21:32:00,2025-04-29 07:32:00,10.0
LOG207389,W0348,Morning,2025-03-08 21:07:00,2025-03-09 06:07:00,9.0
LOG207390,W0247,Night,2025-01-18 08:53:00,2025-01-18 17:53:00,9.0
LOG207391,W0189,Night,2025-03-22 20:18:00,2025-03-23 03:18:00,7.0
LOG207394,W0166,Night,2025-05-31 21:12:00,2025-06-01 07:12:00,10.0
LOG207398,W0430,Morning,2025-06-21 12:57:00,2025-06-21 20:57:00,8.0
LOG207402,W0011,Night,2025-05-08 22:35:00,2025-05-09 06:35:00,8.0
LOG207403,W0022,Night,2025-04-18 22:27:00,2025-04-19 06:27:00,8.0
LOG207404,W0412,Night,2025-05-16 05:04:00,2025-05-16 13:04:00,8.0
LOG207406,W0318,Morning,2025-01-03 23:30:00,2025-01-04 08:30:00,9.0
LOG207407,W0081,Morning,2025-03-28 07:43:00,2025-03-28 15:43:00,8.0
LOG207408,W0497,Morning,2025-06-09 02:07:00,2025-06-09 10:07:00,8.0
LOG207412,W0005,Night,2025-05-08 17:30:00,2025-05-08 23:30:00,6.0
LOG207413,W0324,Evening,2025-03-10 20:15:00,2025-03-11 02:15:00,6.0
LOG207414,W0222,Evening,2025-03-28 00:59:00,2025-03-28 08:59:00,8.0
LOG207415,W0040,Morning,2025-01-15 15:59:00,2025-01-16 00:59:00,9.0
LOG207416,W0294,Night,2025-04-14 22:22:00,2025-04-15 08:22:00,10.0
LOG207417,W0133,Morning,2025-02-01 13:13:00,2025-02-01 22:13:00,9.0
LOG207418,W0323,Evening,2025-02-23 01:43:00,2025-02-23 08:43:00,7.0
LOG207419,W0134,Morning,2025-01-13 12:08:00,2025-01-13 22:08:00,10.0
LOG207420,W0396,Morning,2025-03-10 10:00:00,2025-03-10 17:00:00,7.0
LOG207421,W0100,Night,2025-01-09 10:18:00,2025-01-09 19:18:00,9.0
LOG207422,W0223,Night,2025-03-17 12:56:00,2025-03-17 19:56:00,7.0
LOG207423,W0256,Evening,2025-04-26 00:28:00,2025-04-26 07:28:00,7.0
LOG207424,W0191,Night,2025-01-24 07:43:00,2025-01-24 17:43:00,10.0
LOG207425,W0335,Night,2025-05-06 06:47:00,2025-05-06 13:47:00,7.0
LOG207427,W0309,Night,2025-01-29 13:41:00,2025-01-29 21:41:00,8.0
LOG207428,W0346,Morning,2025-03-14 15:18:00,2025-03-14 22:18:00,7.0
LOG207429,W0481,Night,2025-03-26 05:42:00,2025-03-26 14:42:00,9.0
LOG207430,W0035,Night,2025-01-20 23:12:00,2025-01-21 06:12:00,7.0
LOG207432,W0461,Evening,2025-01-12 03:54:00,2025-01-12 13:54:00,10.0
LOG207433,W0143,Evening,2025-04-09 00:00:00,2025-04-09 06:00:00,6.0
LOG207434,W0086,Night,2025-02-07 12:07:00,2025-02-07 20:07:00,8.0
LOG207437,W0124,Night,2025-02-22 11:51:00,2025-02-22 18:51:00,7.0
LOG207438,W0283,Night,2025-01-28 22:14:00,2025-01-29 05:14:00,7.0
LOG207440,W0443,Night,2025-04-24 03:32:00,2025-04-24 09:32:00,6.0
LOG207441,W0480,Evening,2025-02-28 10:26:00,2025-02-28 18:26:00,8.0
LOG207442,W0494,Night,2025-03-17 07:08:00,2025-03-17 13:08:00,6.0
LOG207443,W0012,Morning,2025-04-24 13:06:00,2025-04-24 21:06:00,8.0
LOG207444,W0458,Morning,2025-04-06 23:40:00,2025-04-07 09:40:00,10.0
LOG207446,W0381,Night,2025-03-20 07:10:00,2025-03-20 17:10:00,10.0
LOG207447,W0117,Night,2025-01-27 06:53:00,2025-01-27 14:53:00,8.0
LOG207448,W0136,Evening,2025-01-31 07:03:00,2025-01-31 17:03:00,10.0
LOG207449,W0301,Night,2025-02-09 02:56:00,2025-02-09 08:56:00,6.0
LOG207451,W0271,Night,2025-01-08 06:56:00,2025-01-08 13:56:00,7.0
LOG207453,W0333,Evening,2025-04-07 09:02:00,2025-04-07 18:02:00,9.0
LOG207454,W0268,Night,2025-05-10 12:06:00,2025-05-10 21:06:00,9.0
LOG207455,W0476,Morning,2025-03-11 14:06:00,2025-03-11 23:06:00,9.0
LOG207456,W0201,Evening,2025-04-07 16:18:00,2025-04-08 01:18:00,9.0
LOG207457,W0162,Evening,2025-03-06 13:16:00,2025-03-06 22:16:00,9.0
LOG207458,W0175,Night,2025-04-04 01:11:00,2025-04-04 07:11:00,6.0
LOG207460,W0251,Evening,2025-04-22 05:24:00,2025-04-22 14:24:00,9.0
LOG207462,W0413,Morning,2025-05-25 18:14:00,2025-05-26 04:14:00,10.0
LOG207465,W0220,Night,2025-01-30 20:02:00,2025-01-31 04:02:00,8.0
LOG207467,W0424,Morning,2025-04-27 03:05:00,2025-04-27 13:05:00,10.0
LOG207468,W0074,Night,2025-04-28 22:32:00,2025-04-29 07:32:00,9.0
LOG207469,W0294,Night,2025-02-28 07:05:00,2025-02-28 16:05:00,9.0
LOG207471,W0402,Night,2025-05-16 22:33:00,2025-05-17 07:33:00,9.0
LOG207472,W0145,Evening,2025-03-06 11:02:00,2025-03-06 19:02:00,8.0
LOG207473,W0383,Evening,2025-04-05 21:12:00,2025-04-06 04:12:00,7.0
LOG207474,W0493,Night,2025-06-22 18:55:00,2025-06-23 00:55:00,6.0
LOG207476,W0309,Morning,2025-02-25 02:53:00,2025-02-25 10:53:00,8.0
LOG207477,W0052,Night,2025-05-19 11:35:00,2025-05-19 19:35:00,8.0
LOG207478,W0416,Night,2025-01-13 15:27:00,2025-01-13 22:27:00,7.0
LOG207479,W0421,Night,2025-03-12 21:37:00,2025-03-13 05:37:00,8.0
LOG207480,W0040,Night,2025-04-21 20:00:00,2025-04-22 05:00:00,9.0
LOG207482,W0496,Morning,2025-05-08 00:22:00,2025-05-08 09:22:00,9.0
LOG207483,W0282,Night,2025-02-22 04:15:00,2025-02-22 11:15:00,7.0
LOG207484,W0336,Evening,2025-03-15 04:18:00,2025-03-15 13:18:00,9.0
LOG207485,W0179,Night,2025-05-18 17:45:00,2025-05-18 23:45:00,6.0
LOG207486,W0433,Morning,2025-01-09 10:37:00,2025-01-09 18:37:00,8.0
LOG207487,W0096,Morning,2025-06-21 04:54:00,2025-06-21 13:54:00,9.0
LOG207488,W0319,Evening,2025-04-11 14:15:00,2025-04-11 20:15:00,6.0
LOG207489,W0252,Night,2025-01-23 20:58:00,2025-01-24 03:58:00,7.0
LOG207490,W0053,Morning,2025-03-23 14:04:00,2025-03-23 20:04:00,6.0
LOG207492,W0475,Evening,2025-04-12 18:56:00,2025-04-13 03:56:00,9.0
LOG207494,W0188,Night,2025-01-01 13:31:00,2025-01-01 22:31:00,9.0
LOG207495,W0499,Night,2025-05-27 11:07:00,2025-05-27 17:07:00,6.0
LOG207497,W0044,Night,2025-06-23 17:31:00,2025-06-24 01:31:00,8.0
LOG207498,W0198,Night,2025-05-24 04:42:00,2025-05-24 14:42:00,10.0
LOG207499,W0098,Morning,2025-05-30 17:09:00,2025-05-30 23:09:00,6.0
LOG207500,W0145,Evening,2025-03-12 21:19:00,2025-03-13 07:19:00,10.0
LOG207501,W0158,Night,2025-05-28 14:13:00,2025-05-28 21:13:00,7.0
LOG207502,W0450,Evening,2025-02-27 02:55:00,2025-02-27 10:55:00,8.0
LOG207503,W0014,Morning,2025-05-19 08:36:00,2025-05-19 16:36:00,8.0
LOG207504,W0440,Night,2025-04-19 22:25:00,2025-04-20 08:25:00,10.0
LOG207505,W0068,Night,2025-05-06 16:25:00,2025-05-07 02:25:00,10.0
LOG207506,W0364,Evening,2025-01-23 12:37:00,2025-01-23 20:37:00,8.0
LOG207509,W0076,Night,2025-06-11 16:33:00,2025-06-11 22:33:00,6.0
LOG207510,W0415,Night,2025-03-27 03:24:00,2025-03-27 13:24:00,10.0
LOG207511,W0348,Evening,2025-06-02 06:00:00,2025-06-02 12:00:00,6.0
LOG207512,W0383,Night,2025-02-03 13:42:00,2025-02-03 23:42:00,10.0
LOG207513,W0182,Night,2025-04-29 17:06:00,2025-04-30 01:06:00,8.0
LOG207514,W0059,Evening,2025-01-26 18:43:00,2025-01-27 03:43:00,9.0
LOG207515,W0377,Night,2025-03-21 04:42:00,2025-03-21 10:42:00,6.0
LOG207516,W0351,Morning,2025-03-22 02:34:00,2025-03-22 08:34:00,6.0
LOG207517,W0393,Evening,2025-06-08 11:22:00,2025-06-08 18:22:00,7.0
LOG207520,W0077,Night,2025-06-07 03:54:00,2025-06-07 13:54:00,10.0
LOG207521,W0178,Morning,2025-01-14 20:58:00,2025-01-15 05:58:00,9.0
LOG207523,W0319,Night,2025-06-15 00:19:00,2025-06-15 06:19:00,6.0
LOG207524,W0386,Morning,2025-04-28 22:39:00,2025-04-29 06:39:00,8.0
LOG207525,W0300,Night,2025-01-03 23:46:00,2025-01-04 05:46:00,6.0
LOG207526,W0455,Morning,2025-03-05 17:23:00,2025-03-06 01:23:00,8.0
LOG207527,W0459,Evening,2025-05-01 11:48:00,2025-05-01 21:48:00,10.0
LOG207529,W0445,Evening,2025-03-12 13:07:00,2025-03-12 20:07:00,7.0
LOG207531,W0461,Night,2025-04-15 06:00:00,2025-04-15 15:00:00,9.0
LOG207533,W0282,Night,2025-02-19 03:08:00,2025-02-19 10:08:00,7.0
LOG207535,W0393,Evening,2025-03-31 08:37:00,2025-03-31 14:37:00,6.0
LOG207537,W0271,Morning,2025-05-02 22:55:00,2025-05-03 04:55:00,6.0
LOG207539,W0407,Night,2025-04-13 21:14:00,2025-04-14 03:14:00,6.0
LOG207542,W0031,Morning,2025-05-29 01:47:00,2025-05-29 11:47:00,10.0
LOG207543,W0154,Night,2025-05-27 12:32:00,2025-05-27 19:32:00,7.0
LOG207545,W0468,Night,2025-01-28 01:26:00,2025-01-28 09:26:00,8.0
LOG207546,W0374,Night,2025-06-07 10:54:00,2025-06-07 20:54:00,10.0
LOG207547,W0262,Night,2025-05-05 19:10:00,2025-05-06 04:10:00,9.0
LOG207548,W0395,Evening,2025-05-14 07:09:00,2025-05-14 17:09:00,10.0
LOG207549,W0301,Night,2025-04-24 00:42:00,2025-04-24 08:42:00,8.0
LOG207550,W0475,Evening,2025-05-24 08:01:00,2025-05-24 16:01:00,8.0
LOG207551,W0056,Night,2025-04-04 04:07:00,2025-04-04 10:07:00,6.0
LOG207552,W0499,Morning,2025-02-07 16:23:00,2025-02-08 01:23:00,9.0
LOG207557,W0032,Night,2025-06-02 21:01:00,2025-06-03 07:01:00,10.0
LOG207558,W0493,Evening,2025-02-03 03:21:00,2025-02-03 10:21:00,7.0
LOG207559,W0169,Morning,2025-04-29 00:57:00,2025-04-29 09:57:00,9.0
LOG207560,W0196,Evening,2025-05-07 01:37:00,2025-05-07 11:37:00,10.0
LOG207562,W0317,Morning,2025-04-01 14:41:00,2025-04-02 00:41:00,10.0
LOG207563,W0151,Evening,2025-02-20 17:34:00,2025-02-21 03:34:00,10.0
LOG207564,W0482,Morning,2025-03-01 15:05:00,2025-03-01 23:05:00,8.0
LOG207565,W0295,Morning,2025-01-20 09:53:00,2025-01-20 18:53:00,9.0
LOG207566,W0365,Night,2025-03-27 20:05:00,2025-03-28 03:05:00,7.0
LOG207567,W0250,Night,2025-04-26 17:04:00,2025-04-27 02:04:00,9.0
LOG207569,W0155,Morning,2025-04-05 10:18:00,2025-04-05 19:18:00,9.0
LOG207570,W0118,Evening,2025-04-13 22:36:00,2025-04-14 08:36:00,10.0
LOG207572,W0471,Night,2025-05-06 11:42:00,2025-05-06 21:42:00,10.0
LOG207573,W0067,Evening,2025-03-29 19:42:00,2025-03-30 04:42:00,9.0
LOG207574,W0377,Night,2025-06-19 12:11:00,2025-06-19 18:11:00,6.0
LOG207576,W0392,Morning,2025-03-27 18:29:00,2025-03-28 00:29:00,6.0
LOG207577,W0401,Morning,2025-04-18 00:24:00,2025-04-18 06:24:00,6.0
LOG207578,W0494,Night,2025-03-04 15:59:00,2025-03-04 21:59:00,6.0
LOG207579,W0314,Evening,2025-05-29 10:26:00,2025-05-29 18:26:00,8.0
LOG207580,W0344,Night,2025-05-21 15:02:00,2025-05-21 23:02:00,8.0
LOG207581,W0182,Night,2025-01-12 19:06:00,2025-01-13 04:06:00,9.0
LOG207582,W0091,Night,2025-05-08 01:51:00,2025-05-08 08:51:00,7.0
LOG207583,W0082,Morning,2025-02-11 06:39:00,2025-02-11 12:39:00,6.0
LOG207584,W0380,Night,2025-06-10 08:07:00,2025-06-10 18:07:00,10.0
LOG207585,W0173,Evening,2025-03-14 18:57:00,2025-03-15 04:57:00,10.0
LOG207586,W0402,Evening,2025-05-06 04:26:00,2025-05-06 14:26:00,10.0
LOG207587,W0060,Night,2025-04-14 07:10:00,2025-04-14 15:10:00,8.0
LOG207588,W0216,Evening,2025-05-16 21:11:00,2025-05-17 07:11:00,10.0
LOG207589,W0075,Morning,2025-06-04 03:39:00,2025-06-04 09:39:00,6.0
LOG207590,W0203,Morning,2025-03-12 10:42:00,2025-03-12 17:42:00,7.0
LOG207592,W0220,Morning,2025-03-23 11:31:00,2025-03-23 19:31:00,8.0
LOG207593,W0220,Evening,2025-01-10 09:46:00,2025-01-10 16:46:00,7.0
LOG207594,W0389,Night,2025-06-25 12:52:00,2025-06-25 21:52:00,9.0
LOG207596,W0452,Evening,2025-01-01 19:49:00,2025-01-02 05:49:00,10.0
LOG207597,W0141,Night,2025-06-29 20:35:00,2025-06-30 03:35:00,7.0
LOG207598,W0370,Night,2025-05-24 04:29:00,2025-05-24 14:29:00,10.0
LOG207599,W0493,Night,2025-05-28 13:12:00,2025-05-28 20:12:00,7.0
LOG207600,W0144,Evening,2025-02-20 15:29:00,2025-02-20 23:29:00,8.0
LOG207601,W0086,Morning,2025-03-04 15:47:00,2025-03-04 22:47:00,7.0
LOG207603,W0314,Night,2025-04-11 23:16:00,2025-04-12 09:16:00,10.0
LOG207604,W0052,Night,2025-03-13 15:24:00,2025-03-13 22:24:00,7.0
LOG207605,W0015,Night,2025-05-31 20:00:00,2025-06-01 06:00:00,10.0
LOG207606,W0335,Night,2025-06-07 00:57:00,2025-06-07 06:57:00,6.0
LOG207607,W0036,Night,2025-03-24 13:30:00,2025-03-24 21:30:00,8.0
LOG207609,W0392,Morning,2025-05-23 11:09:00,2025-05-23 17:09:00,6.0
LOG207610,W0124,Evening,2025-06-17 10:42:00,2025-06-17 19:42:00,9.0
LOG207611,W0311,Night,2025-05-21 01:33:00,2025-05-21 08:33:00,7.0
LOG207612,W0276,Night,2025-04-02 23:42:00,2025-04-03 09:42:00,10.0
LOG207613,W0396,Evening,2025-04-26 08:34:00,2025-04-26 17:34:00,9.0
LOG207615,W0030,Night,2025-05-04 15:52:00,2025-05-05 00:52:00,9.0
LOG207616,W0356,Evening,2025-02-20 20:48:00,2025-02-21 02:48:00,6.0
LOG207617,W0165,Morning,2025-02-22 06:33:00,2025-02-22 14:33:00,8.0
LOG207618,W0134,Evening,2025-03-24 22:31:00,2025-03-25 06:31:00,8.0
LOG207620,W0304,Night,2025-01-27 06:22:00,2025-01-27 15:22:00,9.0
LOG207621,W0389,Morning,2025-06-28 00:13:00,2025-06-28 10:13:00,10.0
LOG207623,W0140,Night,2025-02-27 20:13:00,2025-02-28 04:13:00,8.0
LOG207624,W0494,Evening,2025-06-14 04:01:00,2025-06-14 11:01:00,7.0
LOG207625,W0085,Night,2025-02-27 03:25:00,2025-02-27 12:25:00,9.0
LOG207626,W0053,Night,2025-02-15 02:49:00,2025-02-15 08:49:00,6.0
LOG207627,W0447,Night,2025-01-19 03:11:00,2025-01-19 11:11:00,8.0
LOG207628,W0324,Morning,2025-06-03 02:13:00,2025-06-03 10:13:00,8.0
LOG207629,W0178,Morning,2025-06-28 21:21:00,2025-06-29 07:21:00,10.0
LOG207630,W0205,Night,2025-05-05 18:44:00,2025-05-06 00:44:00,6.0
LOG207631,W0371,Night,2025-03-28 10:15:00,2025-03-28 20:15:00,10.0
LOG207632,W0151,Night,2025-06-23 06:26:00,2025-06-23 14:26:00,8.0
LOG207633,W0065,Night,2025-04-19 08:35:00,2025-04-19 18:35:00,10.0
LOG207634,W0242,Night,2025-01-16 08:46:00,2025-01-16 15:46:00,7.0
LOG207635,W0420,Night,2025-02-12 11:55:00,2025-02-12 21:55:00,10.0
LOG207638,W0164,Night,2025-05-06 15:05:00,2025-05-06 23:05:00,8.0
LOG207639,W0105,Night,2025-06-28 12:33:00,2025-06-28 22:33:00,10.0
LOG207640,W0284,Morning,2025-01-01 10:16:00,2025-01-01 17:16:00,7.0
LOG207641,W0090,Night,2025-03-27 18:31:00,2025-03-28 03:31:00,9.0
LOG207642,W0108,Evening,2025-05-13 18:49:00,2025-05-14 01:49:00,7.0
LOG207644,W0154,Night,2025-02-20 10:17:00,2025-02-20 19:17:00,9.0
LOG207645,W0139,Morning,2025-03-07 21:50:00,2025-03-08 06:50:00,9.0
LOG207646,W0203,Night,2025-01-16 00:50:00,2025-01-16 10:50:00,10.0
LOG207647,W0389,Night,2025-04-16 07:02:00,2025-04-16 17:02:00,10.0
LOG207649,W0167,Night,2025-01-21 05:32:00,2025-01-21 11:32:00,6.0
LOG207650,W0290,Evening,2025-03-14 17:37:00,2025-03-15 00:37:00,7.0
LOG207652,W0143,Evening,2025-05-07 12:41:00,2025-05-07 22:41:00,10.0
LOG207653,W0042,Morning,2025-04-21 01:47:00,2025-04-21 08:47:00,7.0
LOG207654,W0101,Morning,2025-03-25 05:36:00,2025-03-25 12:36:00,7.0
LOG207655,W0129,Morning,2025-01-29 00:33:00,2025-01-29 06:33:00,6.0
LOG207657,W0286,Morning,2025-02-05 14:59:00,2025-02-05 22:59:00,8.0
LOG207658,W0446,Morning,2025-06-08 18:47:00,2025-06-09 00:47:00,6.0
LOG207659,W0207,Evening,2025-01-05 19:47:00,2025-01-06 03:47:00,8.0
LOG207660,W0104,Night,2025-04-02 16:01:00,2025-04-02 22:01:00,6.0
LOG207661,W0284,Night,2025-03-26 20:37:00,2025-03-27 05:37:00,9.0
LOG207662,W0366,Night,2025-02-05 23:51:00,2025-02-06 06:51:00,7.0
LOG207663,W0222,Evening,2025-01-05 05:41:00,2025-01-05 12:41:00,7.0
LOG207665,W0254,Morning,2025-02-28 00:34:00,2025-02-28 07:34:00,7.0
LOG207666,W0386,Morning,2025-06-17 20:41:00,2025-06-18 04:41:00,8.0
LOG207667,W0317,Morning,2025-05-05 00:38:00,2025-05-05 08:38:00,8.0
LOG207668,W0075,Evening,2025-03-25 11:09:00,2025-03-25 20:09:00,9.0
LOG207670,W0090,Evening,2025-04-13 13:53:00,2025-04-13 20:53:00,7.0
LOG207671,W0308,Night,2025-01-15 22:49:00,2025-01-16 04:49:00,6.0
LOG207673,W0113,Evening,2025-03-07 00:22:00,2025-03-07 09:22:00,9.0
LOG207674,W0212,Night,2025-04-06 10:43:00,2025-04-06 19:43:00,9.0
LOG207675,W0057,Morning,2025-06-04 04:47:00,2025-06-04 10:47:00,6.0
LOG207676,W0124,Night,2025-05-22 11:46:00,2025-05-22 21:46:00,10.0
LOG207677,W0150,Evening,2025-05-19 02:42:00,2025-05-19 09:42:00,7.0
LOG207678,W0019,Night,2025-01-23 09:40:00,2025-01-23 19:40:00,10.0
LOG207679,W0451,Night,2025-03-02 14:16:00,2025-03-02 23:16:00,9.0
LOG207681,W0076,Night,2025-01-20 04:38:00,2025-01-20 12:38:00,8.0
LOG207682,W0346,Night,2025-03-06 10:29:00,2025-03-06 20:29:00,10.0
LOG207685,W0365,Evening,2025-02-12 20:53:00,2025-02-13 03:53:00,7.0
LOG207687,W0009,Night,2025-05-24 00:54:00,2025-05-24 08:54:00,8.0
LOG207688,W0090,Night,2025-01-11 00:51:00,2025-01-11 07:51:00,7.0
LOG207689,W0498,Night,2025-05-08 17:36:00,2025-05-09 02:36:00,9.0
LOG207690,W0443,Night,2025-04-09 21:20:00,2025-04-10 05:20:00,8.0
LOG207691,W0092,Night,2025-04-16 23:13:00,2025-04-17 06:13:00,7.0
LOG207694,W0230,Evening,2025-05-10 14:09:00,2025-05-10 21:09:00,7.0
LOG207697,W0160,Night,2025-01-20 21:04:00,2025-01-21 04:04:00,7.0
LOG207698,W0307,Night,2025-02-24 10:52:00,2025-02-24 16:52:00,6.0
LOG207699,W0070,Evening,2025-02-22 15:49:00,2025-02-22 22:49:00,7.0
LOG207700,W0021,Night,2025-03-13 02:03:00,2025-03-13 11:03:00,9.0
LOG207701,W0047,Night,2025-04-17 10:40:00,2025-04-17 17:40:00,7.0
LOG207703,W0377,Night,2025-06-10 16:41:00,2025-06-11 00:41:00,8.0
LOG207704,W0485,Morning,2025-03-29 02:36:00,2025-03-29 09:36:00,7.0
LOG207705,W0367,Morning,2025-05-21 06:32:00,2025-05-21 14:32:00,8.0
LOG207706,W0400,Evening,2025-05-11 00:21:00,2025-05-11 07:21:00,7.0
LOG207707,W0103,Night,2025-06-24 05:45:00,2025-06-24 13:45:00,8.0
LOG207708,W0156,Night,2025-05-04 20:59:00,2025-05-05 02:59:00,6.0
LOG207710,W0250,Night,2025-05-14 19:10:00,2025-05-15 03:10:00,8.0
LOG207711,W0235,Evening,2025-02-02 15:11:00,2025-02-03 01:11:00,10.0
LOG207713,W0371,Night,2025-06-17 14:29:00,2025-06-17 20:29:00,6.0
LOG207714,W0116,Night,2025-06-06 00:05:00,2025-06-06 07:05:00,7.0
LOG207717,W0404,Evening,2025-03-12 20:46:00,2025-03-13 06:46:00,10.0
LOG207718,W0397,Night,2025-04-25 08:42:00,2025-04-25 15:42:00,7.0
LOG207719,W0494,Night,2025-05-27 01:30:00,2025-05-27 10:30:00,9.0
LOG207721,W0442,Night,2025-02-01 14:50:00,2025-02-02 00:50:00,10.0
LOG207722,W0049,Evening,2025-05-10 10:12:00,2025-05-10 17:12:00,7.0
LOG207723,W0304,Evening,2025-01-02 08:35:00,2025-01-02 15:35:00,7.0
LOG207724,W0297,Evening,2025-03-10 11:36:00,2025-03-10 21:36:00,10.0
LOG207726,W0239,Morning,2025-01-19 20:59:00,2025-01-20 03:59:00,7.0
LOG207727,W0039,Night,2025-02-10 09:13:00,2025-02-10 16:13:00,7.0
LOG207728,W0475,Evening,2025-06-25 21:26:00,2025-06-26 05:26:00,8.0
LOG207729,W0088,Night,2025-03-31 03:25:00,2025-03-31 12:25:00,9.0
LOG207730,W0223,Morning,2025-05-15 10:01:00,2025-05-15 19:01:00,9.0
LOG207731,W0278,Evening,2025-01-17 17:44:00,2025-01-18 02:44:00,9.0
LOG207732,W0435,Night,2025-03-15 04:44:00,2025-03-15 10:44:00,6.0
LOG207733,W0050,Morning,2025-01-09 11:21:00,2025-01-09 20:21:00,9.0
LOG207734,W0203,Night,2025-04-17 18:18:00,2025-04-18 04:18:00,10.0
LOG207735,W0269,Morning,2025-01-18 02:59:00,2025-01-18 09:59:00,7.0
LOG207736,W0460,Night,2025-01-20 07:49:00,2025-01-20 16:49:00,9.0
LOG207738,W0286,Night,2025-04-17 10:19:00,2025-04-17 20:19:00,10.0
LOG207739,W0021,Night,2025-03-28 10:27:00,2025-03-28 20:27:00,10.0
LOG207740,W0445,Evening,2025-03-26 18:10:00,2025-03-27 01:10:00,7.0
LOG207743,W0174,Morning,2025-06-10 01:35:00,2025-06-10 09:35:00,8.0
LOG207745,W0406,Night,2025-01-09 07:16:00,2025-01-09 13:16:00,6.0
LOG207746,W0170,Night,2025-05-17 20:54:00,2025-05-18 05:54:00,9.0
LOG207747,W0405,Evening,2025-05-08 22:51:00,2025-05-09 06:51:00,8.0
LOG207748,W0008,Night,2025-04-04 23:48:00,2025-04-05 08:48:00,9.0
LOG207749,W0479,Morning,2025-05-12 09:16:00,2025-05-12 18:16:00,9.0
LOG207750,W0299,Night,2025-02-20 14:38:00,2025-02-20 21:38:00,7.0
LOG207751,W0245,Night,2025-06-28 05:39:00,2025-06-28 14:39:00,9.0
LOG207752,W0141,Night,2025-01-20 21:05:00,2025-01-21 04:05:00,7.0
LOG207753,W0119,Night,2025-03-11 09:16:00,2025-03-11 16:16:00,7.0
LOG207756,W0297,Morning,2025-03-04 12:38:00,2025-03-04 19:38:00,7.0
LOG207759,W0018,Morning,2025-05-25 12:51:00,2025-05-25 18:51:00,6.0
LOG207760,W0444,Night,2025-02-26 22:12:00,2025-02-27 04:12:00,6.0
LOG207761,W0310,Evening,2025-02-27 15:44:00,2025-02-27 23:44:00,8.0
LOG207762,W0244,Night,2025-01-31 21:30:00,2025-02-01 07:30:00,10.0
LOG207763,W0270,Night,2025-05-23 01:18:00,2025-05-23 07:18:00,6.0
LOG207764,W0214,Morning,2025-06-14 12:54:00,2025-06-14 20:54:00,8.0
LOG207765,W0490,Night,2025-05-28 07:40:00,2025-05-28 16:40:00,9.0
LOG207766,W0451,Morning,2025-04-05 19:55:00,2025-04-06 02:55:00,7.0
LOG207767,W0249,Night,2025-02-01 08:51:00,2025-02-01 14:51:00,6.0
LOG207768,W0180,Night,2025-03-20 20:16:00,2025-03-21 06:16:00,10.0
LOG207769,W0174,Evening,2025-01-27 08:02:00,2025-01-27 17:02:00,9.0
LOG207770,W0133,Morning,2025-02-26 15:16:00,2025-02-26 22:16:00,7.0
LOG207772,W0469,Night,2025-06-06 14:01:00,2025-06-06 20:01:00,6.0
LOG207773,W0381,Night,2025-06-07 07:25:00,2025-06-07 17:25:00,10.0
LOG207774,W0244,Morning,2025-04-18 20:45:00,2025-04-19 05:45:00,9.0
LOG207775,W0377,Night,2025-01-08 08:40:00,2025-01-08 16:40:00,8.0
LOG207776,W0451,Night,2025-04-02 23:32:00,2025-04-03 08:32:00,9.0
LOG207777,W0308,Evening,2025-02-25 11:02:00,2025-02-25 21:02:00,10.0
LOG207779,W0411,Night,2025-01-18 05:49:00,2025-01-18 14:49:00,9.0
LOG207780,W0327,Evening,2025-02-02 07:58:00,2025-02-02 17:58:00,10.0
LOG207781,W0169,Night,2025-01-08 12:50:00,2025-01-08 18:50:00,6.0
LOG207782,W0447,Night,2025-06-10 20:35:00,2025-06-11 02:35:00,6.0
LOG207783,W0289,Night,2025-01-14 15:02:00,2025-01-14 23:02:00,8.0
LOG207784,W0236,Morning,2025-05-10 16:36:00,2025-05-10 23:36:00,7.0
LOG207787,W0474,Morning,2025-02-05 04:43:00,2025-02-05 14:43:00,10.0
LOG207789,W0046,Night,2025-02-13 12:29:00,2025-02-13 21:29:00,9.0
LOG207790,W0011,Night,2025-03-23 20:49:00,2025-03-24 04:49:00,8.0
LOG207793,W0205,Night,2025-03-24 11:38:00,2025-03-24 17:38:00,6.0
LOG207794,W0498,Night,2025-05-10 17:40:00,2025-05-11 01:40:00,8.0
LOG207797,W0487,Morning,2025-05-31 09:07:00,2025-05-31 15:07:00,6.0
LOG207799,W0136,Evening,2025-06-28 23:48:00,2025-06-29 06:48:00,7.0
LOG207800,W0124,Morning,2025-05-20 06:46:00,2025-05-20 12:46:00,6.0
LOG207801,W0480,Evening,2025-04-18 10:11:00,2025-04-18 19:11:00,9.0
LOG207802,W0355,Night,2025-05-19 02:55:00,2025-05-19 11:55:00,9.0
LOG207803,W0387,Night,2025-04-29 20:09:00,2025-04-30 03:09:00,7.0
LOG207805,W0343,Evening,2025-04-01 06:12:00,2025-04-01 13:12:00,7.0
LOG207807,W0426,Night,2025-02-11 21:00:00,2025-02-12 06:00:00,9.0
LOG207808,W0263,Night,2025-04-03 17:20:00,2025-04-04 00:20:00,7.0
LOG207809,W0250,Night,2025-02-02 01:30:00,2025-02-02 10:30:00,9.0
LOG207810,W0164,Morning,2025-05-07 07:17:00,2025-05-07 15:17:00,8.0
LOG207811,W0173,Night,2025-06-27 07:50:00,2025-06-27 14:50:00,7.0
LOG207813,W0316,Night,2025-04-14 09:14:00,2025-04-14 15:14:00,6.0
LOG207814,W0322,Evening,2025-02-09 22:02:00,2025-02-10 07:02:00,9.0
LOG207815,W0165,Night,2025-02-13 03:31:00,2025-02-13 13:31:00,10.0
LOG207816,W0497,Night,2025-02-22 01:43:00,2025-02-22 08:43:00,7.0
LOG207817,W0195,Evening,2025-06-08 20:17:00,2025-06-09 04:17:00,8.0
LOG207818,W0132,Night,2025-05-08 05:12:00,2025-05-08 13:12:00,8.0
LOG207821,W0027,Night,2025-04-07 07:40:00,2025-04-07 14:40:00,7.0
LOG207823,W0440,Morning,2025-05-06 01:55:00,2025-05-06 11:55:00,10.0
LOG207825,W0383,Morning,2025-04-11 09:12:00,2025-04-11 16:12:00,7.0
LOG207826,W0232,Night,2025-03-02 11:09:00,2025-03-02 20:09:00,9.0
LOG207828,W0227,Morning,2025-05-15 02:06:00,2025-05-15 09:06:00,7.0
LOG207830,W0162,Evening,2025-06-19 02:45:00,2025-06-19 09:45:00,7.0
LOG207831,W0489,Night,2025-06-17 09:52:00,2025-06-17 19:52:00,10.0
LOG207832,W0319,Morning,2025-04-30 03:24:00,2025-04-30 12:24:00,9.0
LOG207833,W0151,Night,2025-04-13 05:51:00,2025-04-13 11:51:00,6.0
LOG207834,W0173,Morning,2025-03-01 17:30:00,2025-03-01 23:30:00,6.0
LOG207835,W0392,Evening,2025-03-24 18:20:00,2025-03-25 01:20:00,7.0
LOG207837,W0288,Evening,2025-01-11 21:24:00,2025-01-12 05:24:00,8.0
LOG207838,W0137,Night,2025-03-12 12:35:00,2025-03-12 22:35:00,10.0
LOG207841,W0163,Night,2025-04-19 11:45:00,2025-04-19 17:45:00,6.0
LOG207842,W0050,Morning,2025-01-03 17:33:00,2025-01-04 01:33:00,8.0
LOG207843,W0084,Evening,2025-04-12 04:51:00,2025-04-12 10:51:00,6.0
LOG207844,W0160,Night,2025-02-03 06:40:00,2025-02-03 16:40:00,10.0
LOG207847,W0301,Night,2025-05-27 08:22:00,2025-05-27 14:22:00,6.0
LOG207848,W0177,Evening,2025-03-26 13:12:00,2025-03-26 22:12:00,9.0
LOG207849,W0191,Night,2025-01-27 18:00:00,2025-01-28 01:00:00,7.0
LOG207851,W0369,Morning,2025-05-17 23:36:00,2025-05-18 08:36:00,9.0
LOG207854,W0353,Evening,2025-03-07 02:50:00,2025-03-07 09:50:00,7.0
LOG207855,W0297,Night,2025-04-22 01:12:00,2025-04-22 09:12:00,8.0
LOG207857,W0169,Night,2025-06-26 13:14:00,2025-06-26 23:14:00,10.0
LOG207859,W0392,Morning,2025-05-11 15:04:00,2025-05-11 21:04:00,6.0
LOG207861,W0424,Morning,2025-03-26 15:04:00,2025-03-27 00:04:00,9.0
LOG207863,W0062,Night,2025-04-05 02:28:00,2025-04-05 11:28:00,9.0
LOG207864,W0449,Night,2025-04-16 21:35:00,2025-04-17 03:35:00,6.0
LOG207865,W0379,Morning,2025-04-07 12:10:00,2025-04-07 18:10:00,6.0
LOG207867,W0301,Evening,2025-01-23 06:18:00,2025-01-23 13:18:00,7.0
LOG207868,W0187,Morning,2025-04-21 23:06:00,2025-04-22 09:06:00,10.0
LOG207869,W0350,Evening,2025-04-01 04:34:00,2025-04-01 14:34:00,10.0
LOG207871,W0075,Morning,2025-06-03 08:56:00,2025-06-03 17:56:00,9.0
LOG207872,W0141,Night,2025-05-28 22:12:00,2025-05-29 07:12:00,9.0
LOG207873,W0175,Morning,2025-04-13 18:39:00,2025-04-14 02:39:00,8.0
LOG207874,W0021,Evening,2025-02-05 17:32:00,2025-02-05 23:32:00,6.0
LOG207875,W0241,Morning,2025-04-14 12:44:00,2025-04-14 18:44:00,6.0
LOG207876,W0062,Evening,2025-01-15 08:31:00,2025-01-15 14:31:00,6.0
LOG207877,W0311,Night,2025-05-08 02:19:00,2025-05-08 12:19:00,10.0
LOG207878,W0147,Morning,2025-01-13 23:02:00,2025-01-14 08:02:00,9.0
LOG207879,W0496,Night,2025-04-20 14:48:00,2025-04-20 20:48:00,6.0
LOG207881,W0401,Evening,2025-04-30 21:57:00,2025-05-01 04:57:00,7.0
LOG207882,W0402,Evening,2025-06-26 05:20:00,2025-06-26 13:20:00,8.0
LOG207883,W0415,Night,2025-04-22 15:20:00,2025-04-22 22:20:00,7.0
LOG207884,W0296,Night,2025-01-12 09:39:00,2025-01-12 19:39:00,10.0
LOG207885,W0286,Evening,2025-05-21 01:04:00,2025-05-21 10:04:00,9.0
LOG207886,W0320,Evening,2025-01-16 17:58:00,2025-01-17 01:58:00,8.0
LOG207887,W0379,Night,2025-04-23 03:32:00,2025-04-23 13:32:00,10.0
LOG207888,W0080,Night,2025-04-13 17:16:00,2025-04-14 01:16:00,8.0
LOG207889,W0377,Morning,2025-04-27 03:26:00,2025-04-27 09:26:00,6.0
LOG207890,W0342,Evening,2025-01-21 07:05:00,2025-01-21 17:05:00,10.0
LOG207891,W0217,Night,2025-06-28 04:13:00,2025-06-28 12:13:00,8.0
LOG207892,W0332,Morning,2025-05-24 13:51:00,2025-05-24 23:51:00,10.0
LOG207894,W0447,Night,2025-04-08 02:45:00,2025-04-08 12:45:00,10.0
LOG207895,W0214,Morning,2025-04-28 06:56:00,2025-04-28 13:56:00,7.0
LOG207896,W0326,Night,2025-05-14 01:00:00,2025-05-14 09:00:00,8.0
LOG207898,W0402,Morning,2025-06-07 21:30:00,2025-06-08 03:30:00,6.0
LOG207899,W0139,Morning,2025-02-26 06:17:00,2025-02-26 13:17:00,7.0
LOG207900,W0162,Night,2025-02-02 15:36:00,2025-02-02 22:36:00,7.0
LOG207901,W0278,Morning,2025-01-21 00:52:00,2025-01-21 09:52:00,9.0
LOG207902,W0390,Morning,2025-06-01 04:49:00,2025-06-01 10:49:00,6.0
LOG207906,W0386,Morning,2025-06-29 09:35:00,2025-06-29 18:35:00,9.0
LOG207907,W0316,Evening,2025-02-09 09:17:00,2025-02-09 18:17:00,9.0
LOG207908,W0472,Evening,2025-04-24 01:02:00,2025-04-24 11:02:00,10.0
LOG207909,W0411,Morning,2025-05-29 12:47:00,2025-05-29 19:47:00,7.0
LOG207910,W0465,Evening,2025-03-06 13:23:00,2025-03-06 19:23:00,6.0
LOG207911,W0436,Morning,2025-03-11 04:18:00,2025-03-11 10:18:00,6.0
LOG207912,W0411,Morning,2025-06-17 16:59:00,2025-06-18 02:59:00,10.0
LOG207913,W0493,Evening,2025-02-05 09:19:00,2025-02-05 19:19:00,10.0
LOG207914,W0158,Morning,2025-04-20 23:53:00,2025-04-21 06:53:00,7.0
LOG207915,W0118,Evening,2025-04-28 07:26:00,2025-04-28 14:26:00,7.0
LOG207916,W0396,Night,2025-03-20 22:02:00,2025-03-21 08:02:00,10.0
LOG207917,W0480,Morning,2025-06-09 23:19:00,2025-06-10 05:19:00,6.0
LOG207918,W0059,Night,2025-04-12 10:11:00,2025-04-12 18:11:00,8.0
LOG207920,W0300,Night,2025-01-30 00:48:00,2025-01-30 08:48:00,8.0
LOG207921,W0492,Night,2025-01-09 02:37:00,2025-01-09 12:37:00,10.0
LOG207922,W0225,Night,2025-04-11 21:30:00,2025-04-12 06:30:00,9.0
LOG207924,W0188,Night,2025-06-10 17:03:00,2025-06-11 02:03:00,9.0
LOG207926,W0129,Night,2025-01-18 11:08:00,2025-01-18 18:08:00,7.0
LOG207928,W0317,Night,2025-04-16 18:50:00,2025-04-17 01:50:00,7.0
LOG207929,W0445,Evening,2025-06-11 22:44:00,2025-06-12 05:44:00,7.0
LOG207931,W0241,Morning,2025-04-30 21:07:00,2025-05-01 03:07:00,6.0
LOG207933,W0104,Night,2025-05-30 00:52:00,2025-05-30 09:52:00,9.0
LOG207936,W0429,Night,2025-05-05 13:05:00,2025-05-05 21:05:00,8.0
LOG207937,W0369,Evening,2025-02-10 02:13:00,2025-02-10 08:13:00,6.0
LOG207938,W0392,Night,2025-02-27 14:17:00,2025-02-27 20:17:00,6.0
LOG207939,W0344,Night,2025-03-07 10:35:00,2025-03-07 18:35:00,8.0
LOG207940,W0326,Evening,2025-06-05 23:24:00,2025-06-06 07:24:00,8.0
LOG207942,W0412,Evening,2025-03-15 22:19:00,2025-03-16 08:19:00,10.0
LOG207944,W0431,Night,2025-05-04 23:46:00,2025-05-05 09:46:00,10.0
LOG207946,W0301,Night,2025-01-08 03:21:00,2025-01-08 09:21:00,6.0
LOG207947,W0380,Night,2025-02-02 22:09:00,2025-02-03 04:09:00,6.0
LOG207948,W0458,Evening,2025-02-26 01:56:00,2025-02-26 11:56:00,10.0
LOG207950,W0481,Night,2025-05-06 11:37:00,2025-05-06 19:37:00,8.0
LOG207951,W0334,Evening,2025-05-18 04:27:00,2025-05-18 14:27:00,10.0
LOG207952,W0250,Night,2025-06-26 22:07:00,2025-06-27 08:07:00,10.0
LOG207953,W0099,Night,2025-01-17 17:46:00,2025-01-18 03:46:00,10.0
LOG207954,W0197,Night,2025-04-08 03:15:00,2025-04-08 10:15:00,7.0
LOG207955,W0381,Evening,2025-04-01 19:45:00,2025-04-02 05:45:00,10.0
LOG207956,W0347,Night,2025-01-20 04:23:00,2025-01-20 12:23:00,8.0
LOG207957,W0321,Morning,2025-04-17 11:13:00,2025-04-17 18:13:00,7.0
LOG207958,W0390,Night,2025-03-28 23:19:00,2025-03-29 06:19:00,7.0
LOG207960,W0333,Morning,2025-01-04 23:51:00,2025-01-05 08:51:00,9.0
LOG207961,W0080,Evening,2025-05-14 20:11:00,2025-05-15 04:11:00,8.0
LOG207962,W0369,Evening,2025-02-26 15:35:00,2025-02-26 21:35:00,6.0
LOG207963,W0254,Evening,2025-03-18 19:48:00,2025-03-19 02:48:00,7.0
LOG207964,W0226,Night,2025-04-27 08:03:00,2025-04-27 15:03:00,7.0
LOG207965,W0428,Night,2025-02-01 21:36:00,2025-02-02 07:36:00,10.0
LOG207967,W0326,Morning,2025-02-03 19:26:00,2025-02-04 01:26:00,6.0
LOG207968,W0313,Evening,2025-01-13 18:42:00,2025-01-14 04:42:00,10.0
LOG207970,W0478,Morning,2025-01-18 18:18:00,2025-01-19 02:18:00,8.0
LOG207971,W0188,Night,2025-05-13 11:14:00,2025-05-13 20:14:00,9.0
LOG207972,W0260,Night,2025-04-18 17:29:00,2025-04-19 02:29:00,9.0
LOG207974,W0316,Night,2025-05-09 09:15:00,2025-05-09 19:15:00,10.0
LOG207976,W0208,Morning,2025-02-17 11:19:00,2025-02-17 19:19:00,8.0
LOG207977,W0405,Night,2025-02-23 10:38:00,2025-02-23 19:38:00,9.0
LOG207978,W0129,Night,2025-03-10 08:13:00,2025-03-10 17:13:00,9.0
LOG207979,W0104,Night,2025-03-28 19:30:00,2025-03-29 03:30:00,8.0
LOG207980,W0438,Morning,2025-06-10 02:40:00,2025-06-10 11:40:00,9.0
LOG207982,W0265,Night,2025-04-17 06:48:00,2025-04-17 16:48:00,10.0
LOG207984,W0398,Evening,2025-04-21 14:20:00,2025-04-21 23:20:00,9.0
LOG207986,W0149,Evening,2025-03-25 08:24:00,2025-03-25 15:24:00,7.0
LOG207989,W0206,Evening,2025-02-25 04:32:00,2025-02-25 14:32:00,10.0
LOG207990,W0132,Morning,2025-01-16 12:47:00,2025-01-16 22:47:00,10.0
LOG207991,W0382,Night,2025-06-25 11:14:00,2025-06-25 20:14:00,9.0
LOG207992,W0075,Night,2025-01-08 04:44:00,2025-01-08 14:44:00,10.0
LOG207993,W0321,Morning,2025-06-08 03:56:00,2025-06-08 09:56:00,6.0
LOG207995,W0256,Evening,2025-05-09 11:21:00,2025-05-09 21:21:00,10.0
LOG208000,W0390,Morning,2025-05-23 01:33:00,2025-05-23 10:33:00,9.0
LOG208001,W0224,Morning,2025-05-14 05:14:00,2025-05-14 12:14:00,7.0
LOG208002,W0438,Evening,2025-02-17 00:41:00,2025-02-17 07:41:00,7.0
LOG208004,W0054,Evening,2025-03-08 08:15:00,2025-03-08 15:15:00,7.0
LOG208005,W0224,Evening,2025-01-13 00:09:00,2025-01-13 10:09:00,10.0
LOG208006,W0088,Night,2025-02-23 03:12:00,2025-02-23 09:12:00,6.0
LOG208007,W0440,Morning,2025-03-22 04:19:00,2025-03-22 13:19:00,9.0
LOG208008,W0191,Night,2025-04-23 04:20:00,2025-04-23 14:20:00,10.0
LOG208009,W0303,Morning,2025-01-04 15:02:00,2025-01-05 00:02:00,9.0
LOG208011,W0328,Night,2025-06-13 20:35:00,2025-06-14 06:35:00,10.0
LOG208012,W0391,Night,2025-06-17 13:34:00,2025-06-17 23:34:00,10.0
LOG208013,W0286,Night,2025-04-01 11:43:00,2025-04-01 18:43:00,7.0
LOG208015,W0232,Night,2025-04-14 16:40:00,2025-04-15 01:40:00,9.0
LOG208018,W0044,Night,2025-01-23 10:38:00,2025-01-23 16:38:00,6.0
LOG208020,W0086,Morning,2025-05-05 10:46:00,2025-05-05 19:46:00,9.0
LOG208021,W0276,Night,2025-01-15 03:52:00,2025-01-15 13:52:00,10.0
LOG208022,W0463,Night,2025-05-01 00:29:00,2025-05-01 07:29:00,7.0
LOG208023,W0043,Evening,2025-01-12 12:17:00,2025-01-12 20:17:00,8.0
LOG208024,W0430,Morning,2025-05-02 22:44:00,2025-05-03 05:44:00,7.0
LOG208025,W0249,Morning,2025-03-04 22:50:00,2025-03-05 04:50:00,6.0
LOG208026,W0267,Night,2025-05-29 07:42:00,2025-05-29 16:42:00,9.0
LOG208027,W0413,Night,2025-03-21 22:05:00,2025-03-22 08:05:00,10.0
LOG208029,W0467,Night,2025-05-03 23:53:00,2025-05-04 06:53:00,7.0
LOG208030,W0376,Night,2025-01-28 10:46:00,2025-01-28 16:46:00,6.0
LOG208031,W0498,Evening,2025-05-08 12:03:00,2025-05-08 19:03:00,7.0
LOG208032,W0134,Night,2025-05-11 04:23:00,2025-05-11 12:23:00,8.0
LOG208034,W0162,Morning,2025-03-08 00:19:00,2025-03-08 08:19:00,8.0
LOG208035,W0430,Night,2025-02-15 02:47:00,2025-02-15 09:47:00,7.0
LOG208036,W0344,Night,2025-01-30 10:41:00,2025-01-30 16:41:00,6.0
LOG208037,W0293,Night,2025-06-18 01:21:00,2025-06-18 11:21:00,10.0
LOG208038,W0492,Night,2025-01-23 18:20:00,2025-01-24 02:20:00,8.0
LOG208039,W0220,Night,2025-01-20 05:01:00,2025-01-20 12:01:00,7.0
LOG208041,W0149,Morning,2025-03-29 03:23:00,2025-03-29 09:23:00,6.0
LOG208042,W0146,Evening,2025-03-29 13:22:00,2025-03-29 21:22:00,8.0
LOG208047,W0262,Night,2025-01-08 21:21:00,2025-01-09 07:21:00,10.0
LOG208048,W0009,Night,2025-06-27 19:32:00,2025-06-28 05:32:00,10.0
LOG208049,W0123,Morning,2025-04-07 07:51:00,2025-04-07 13:51:00,6.0
LOG208050,W0461,Night,2025-01-22 04:25:00,2025-01-22 12:25:00,8.0
LOG208051,W0383,Evening,2025-03-16 14:48:00,2025-03-16 20:48:00,6.0
LOG208054,W0029,Night,2025-01-05 09:49:00,2025-01-05 19:49:00,10.0
LOG208055,W0362,Morning,2025-06-24 20:30:00,2025-06-25 02:30:00,6.0
LOG208056,W0093,Evening,2025-03-12 08:30:00,2025-03-12 18:30:00,10.0
LOG208057,W0329,Night,2025-02-23 03:13:00,2025-02-23 12:13:00,9.0
LOG208058,W0108,Night,2025-05-03 12:19:00,2025-05-03 20:19:00,8.0
LOG208059,W0458,Evening,2025-01-27 00:32:00,2025-01-27 09:32:00,9.0
LOG208060,W0326,Evening,2025-03-19 22:26:00,2025-03-20 08:26:00,10.0
LOG208061,W0453,Morning,2025-02-19 19:19:00,2025-02-20 04:19:00,9.0
LOG208062,W0300,Evening,2025-03-14 21:01:00,2025-03-15 06:01:00,9.0
LOG208063,W0215,Morning,2025-01-01 21:30:00,2025-01-02 03:30:00,6.0
LOG208064,W0493,Night,2025-04-06 11:17:00,2025-04-06 19:17:00,8.0
LOG208065,W0499,Night,2025-05-17 11:08:00,2025-05-17 20:08:00,9.0
LOG208068,W0238,Evening,2025-01-01 01:59:00,2025-01-01 10:59:00,9.0
LOG208069,W0027,Night,2025-04-23 00:26:00,2025-04-23 07:26:00,7.0
LOG208070,W0048,Night,2025-01-28 03:10:00,2025-01-28 10:10:00,7.0
LOG208072,W0078,Night,2025-06-03 02:03:00,2025-06-03 11:03:00,9.0
LOG208074,W0352,Night,2025-05-23 20:21:00,2025-05-24 04:21:00,8.0
LOG208075,W0331,Night,2025-03-16 23:26:00,2025-03-17 08:26:00,9.0
LOG208077,W0093,Morning,2025-05-26 06:34:00,2025-05-26 12:34:00,6.0
LOG208078,W0066,Morning,2025-05-09 22:02:00,2025-05-10 06:02:00,8.0
LOG208079,W0402,Morning,2025-01-30 20:07:00,2025-01-31 03:07:00,7.0
LOG208081,W0056,Night,2025-01-17 22:21:00,2025-01-18 08:21:00,10.0
LOG208082,W0266,Morning,2025-03-18 01:51:00,2025-03-18 07:51:00,6.0
LOG208084,W0208,Morning,2025-05-25 11:35:00,2025-05-25 19:35:00,8.0
LOG208086,W0427,Night,2025-02-21 22:40:00,2025-02-22 06:40:00,8.0
LOG208087,W0372,Night,2025-03-17 09:39:00,2025-03-17 15:39:00,6.0
LOG208088,W0059,Night,2025-06-14 06:23:00,2025-06-14 14:23:00,8.0
LOG208092,W0350,Evening,2025-01-06 03:09:00,2025-01-06 09:09:00,6.0
LOG208093,W0091,Night,2025-05-20 02:55:00,2025-05-20 08:55:00,6.0
LOG208094,W0026,Evening,2025-04-06 22:45:00,2025-04-07 08:45:00,10.0
LOG208095,W0148,Evening,2025-01-19 06:26:00,2025-01-19 13:26:00,7.0
LOG208096,W0210,Night,2025-04-18 22:03:00,2025-04-19 06:03:00,8.0
LOG208097,W0250,Night,2025-02-28 14:34:00,2025-02-28 22:34:00,8.0
LOG208098,W0294,Evening,2025-04-19 01:17:00,2025-04-19 11:17:00,10.0
LOG208099,W0328,Morning,2025-01-01 05:26:00,2025-01-01 15:26:00,10.0
LOG208103,W0037,Night,2025-01-02 07:18:00,2025-01-02 16:18:00,9.0
LOG208105,W0171,Night,2025-05-30 20:34:00,2025-05-31 05:34:00,9.0
LOG208106,W0440,Night,2025-03-30 15:34:00,2025-03-31 00:34:00,9.0
LOG208108,W0280,Night,2025-02-08 13:59:00,2025-02-08 23:59:00,10.0
LOG208109,W0479,Night,2025-03-26 18:44:00,2025-03-27 04:44:00,10.0
LOG208110,W0273,Night,2025-05-31 14:03:00,2025-05-31 22:03:00,8.0
LOG208111,W0456,Morning,2025-05-26 14:27:00,2025-05-26 20:27:00,6.0
LOG208112,W0068,Evening,2025-05-12 13:55:00,2025-05-12 22:55:00,9.0
LOG208113,W0017,Night,2025-03-19 22:19:00,2025-03-20 05:19:00,7.0
LOG208114,W0448,Night,2025-05-05 05:37:00,2025-05-05 15:37:00,10.0
LOG208116,W0270,Evening,2025-02-21 18:26:00,2025-02-22 02:26:00,8.0
LOG208117,W0039,Evening,2025-05-30 03:10:00,2025-05-30 12:10:00,9.0
LOG208118,W0336,Night,2025-05-04 23:13:00,2025-05-05 06:13:00,7.0
LOG208119,W0247,Evening,2025-02-19 16:55:00,2025-02-20 00:55:00,8.0
LOG208120,W0035,Night,2025-01-04 10:06:00,2025-01-04 17:06:00,7.0
LOG208121,W0434,Night,2025-01-19 01:29:00,2025-01-19 08:29:00,7.0
LOG208122,W0110,Night,2025-05-07 04:42:00,2025-05-07 11:42:00,7.0
LOG208123,W0215,Evening,2025-05-14 18:39:00,2025-05-15 01:39:00,7.0
LOG208124,W0108,Night,2025-04-25 10:08:00,2025-04-25 16:08:00,6.0
LOG208126,W0253,Night,2025-03-18 12:07:00,2025-03-18 22:07:00,10.0
LOG208127,W0206,Morning,2025-01-07 23:37:00,2025-01-08 05:37:00,6.0
LOG208129,W0375,Night,2025-02-06 06:17:00,2025-02-06 16:17:00,10.0
LOG208131,W0093,Morning,2025-02-07 15:03:00,2025-02-07 22:03:00,7.0
LOG208132,W0215,Night,2025-04-25 07:33:00,2025-04-25 17:33:00,10.0
LOG208134,W0489,Night,2025-01-22 02:52:00,2025-01-22 11:52:00,9.0
LOG208137,W0388,Evening,2025-01-11 23:55:00,2025-01-12 06:55:00,7.0
LOG208138,W0048,Night,2025-05-31 11:23:00,2025-05-31 19:23:00,8.0
LOG208140,W0492,Morning,2025-01-03 15:29:00,2025-01-03 23:29:00,8.0
LOG208141,W0459,Night,2025-02-23 17:44:00,2025-02-23 23:44:00,6.0
LOG208142,W0117,Morning,2025-03-26 16:33:00,2025-03-26 22:33:00,6.0
LOG208144,W0396,Night,2025-03-25 19:02:00,2025-03-26 04:02:00,9.0
LOG208145,W0450,Night,2025-04-09 17:16:00,2025-04-10 02:16:00,9.0
LOG208146,W0169,Morning,2025-03-04 18:29:00,2025-03-05 01:29:00,7.0
LOG208148,W0162,Morning,2025-03-14 04:49:00,2025-03-14 10:49:00,6.0
LOG208150,W0053,Evening,2025-01-30 05:02:00,2025-01-30 15:02:00,10.0
LOG208152,W0028,Night,2025-06-03 13:29:00,2025-06-03 21:29:00,8.0
LOG208153,W0114,Evening,2025-01-15 14:08:00,2025-01-15 21:08:00,7.0
LOG208156,W0364,Night,2025-06-22 03:18:00,2025-06-22 10:18:00,7.0
LOG208158,W0491,Night,2025-05-29 20:08:00,2025-05-30 05:08:00,9.0
LOG208160,W0263,Night,2025-03-04 09:14:00,2025-03-04 19:14:00,10.0
LOG208161,W0209,Evening,2025-02-21 17:02:00,2025-02-22 03:02:00,10.0
LOG208162,W0092,Night,2025-05-16 17:58:00,2025-05-16 23:58:00,6.0
LOG208164,W0101,Night,2025-01-14 04:23:00,2025-01-14 13:23:00,9.0
LOG208165,W0269,Evening,2025-01-14 14:16:00,2025-01-14 20:16:00,6.0
LOG208167,W0428,Evening,2025-03-13 10:14:00,2025-03-13 16:14:00,6.0
LOG208169,W0240,Morning,2025-01-26 20:59:00,2025-01-27 05:59:00,9.0
LOG208170,W0136,Night,2025-03-19 15:05:00,2025-03-20 01:05:00,10.0
LOG208171,W0247,Night,2025-06-17 05:41:00,2025-06-17 11:41:00,6.0
LOG208173,W0441,Morning,2025-01-31 18:14:00,2025-02-01 01:14:00,7.0
LOG208175,W0023,Night,2025-05-07 07:57:00,2025-05-07 16:57:00,9.0
LOG208176,W0460,Evening,2025-05-30 09:34:00,2025-05-30 18:34:00,9.0
LOG208177,W0279,Evening,2025-05-30 21:15:00,2025-05-31 03:15:00,6.0
LOG208178,W0132,Night,2025-04-19 01:32:00,2025-04-19 09:32:00,8.0
LOG208179,W0250,Night,2025-01-18 01:06:00,2025-01-18 11:06:00,10.0
LOG208180,W0330,Evening,2025-05-18 04:32:00,2025-05-18 11:32:00,7.0
LOG208181,W0006,Night,2025-01-24 16:41:00,2025-01-25 00:41:00,8.0
LOG208182,W0280,Night,2025-04-21 19:50:00,2025-04-22 02:50:00,7.0
LOG208183,W0373,Night,2025-05-27 21:43:00,2025-05-28 07:43:00,10.0
LOG208184,W0266,Evening,2025-01-23 00:31:00,2025-01-23 08:31:00,8.0
LOG208185,W0001,Evening,2025-01-17 09:04:00,2025-01-17 16:04:00,7.0
LOG208186,W0385,Evening,2025-01-31 17:52:00,2025-02-01 02:52:00,9.0
LOG208187,W0293,Morning,2025-01-04 13:57:00,2025-01-04 21:57:00,8.0
LOG208188,W0290,Morning,2025-03-26 14:02:00,2025-03-26 23:02:00,9.0
LOG208189,W0457,Morning,2025-05-19 02:26:00,2025-05-19 10:26:00,8.0
LOG208193,W0147,Night,2025-03-16 18:27:00,2025-03-17 00:27:00,6.0
LOG208194,W0108,Evening,2025-01-30 07:26:00,2025-01-30 13:26:00,6.0
LOG208195,W0273,Morning,2025-02-12 05:32:00,2025-02-12 11:32:00,6.0
LOG208196,W0059,Morning,2025-03-31 06:03:00,2025-03-31 12:03:00,6.0
LOG208197,W0017,Night,2025-05-12 10:00:00,2025-05-12 20:00:00,10.0
LOG208198,W0020,Evening,2025-02-07 19:57:00,2025-02-08 01:57:00,6.0
LOG208199,W0193,Evening,2025-06-14 01:09:00,2025-06-14 09:09:00,8.0
LOG208200,W0270,Morning,2025-03-25 16:17:00,2025-03-26 02:17:00,10.0
LOG208202,W0212,Evening,2025-06-11 09:05:00,2025-06-11 16:05:00,7.0
LOG208203,W0118,Evening,2025-03-31 19:29:00,2025-04-01 05:29:00,10.0
LOG208204,W0269,Night,2025-06-04 21:59:00,2025-06-05 06:59:00,9.0
LOG208205,W0072,Morning,2025-04-24 21:46:00,2025-04-25 04:46:00,7.0
LOG208207,W0047,Night,2025-03-06 20:43:00,2025-03-07 06:43:00,10.0
LOG208208,W0269,Evening,2025-04-30 07:04:00,2025-04-30 13:04:00,6.0
LOG208209,W0473,Night,2025-04-16 04:33:00,2025-04-16 13:33:00,9.0
LOG208210,W0103,Night,2025-03-04 10:52:00,2025-03-04 16:52:00,6.0
LOG208213,W0322,Night,2025-04-21 22:26:00,2025-04-22 08:26:00,10.0
LOG208214,W0087,Morning,2025-06-02 23:15:00,2025-06-03 08:15:00,9.0
LOG208215,W0007,Evening,2025-02-05 21:29:00,2025-02-06 07:29:00,10.0
LOG208216,W0036,Night,2025-01-26 18:44:00,2025-01-27 02:44:00,8.0
LOG208217,W0071,Evening,2025-01-26 20:41:00,2025-01-27 05:41:00,9.0
LOG208218,W0065,Morning,2025-05-24 16:42:00,2025-05-25 02:42:00,10.0
LOG208220,W0327,Night,2025-03-03 15:57:00,2025-03-03 21:57:00,6.0
LOG208221,W0375,Evening,2025-05-22 02:00:00,2025-05-22 09:00:00,7.0
LOG208222,W0035,Night,2025-01-22 06:45:00,2025-01-22 13:45:00,7.0
LOG208224,W0411,Morning,2025-01-10 06:25:00,2025-01-10 16:25:00,10.0
LOG208225,W0082,Morning,2025-02-27 17:47:00,2025-02-28 03:47:00,10.0
LOG208226,W0353,Night,2025-03-19 14:45:00,2025-03-19 23:45:00,9.0
LOG208227,W0442,Morning,2025-03-22 13:07:00,2025-03-22 21:07:00,8.0
LOG208228,W0466,Night,2025-04-22 23:45:00,2025-04-23 08:45:00,9.0
LOG208229,W0491,Morning,2025-06-04 07:48:00,2025-06-04 14:48:00,7.0
LOG208232,W0313,Night,2025-03-01 17:56:00,2025-03-02 02:56:00,9.0
LOG208234,W0163,Night,2025-03-16 22:26:00,2025-03-17 06:26:00,8.0
LOG208235,W0218,Night,2025-02-03 20:04:00,2025-02-04 06:04:00,10.0
LOG208236,W0025,Morning,2025-05-01 00:51:00,2025-05-01 09:51:00,9.0
LOG208237,W0353,Night,2025-06-03 09:52:00,2025-06-03 15:52:00,6.0
LOG208238,W0491,Morning,2025-06-15 05:18:00,2025-06-15 11:18:00,6.0
LOG208239,W0142,Night,2025-06-07 04:12:00,2025-06-07 13:12:00,9.0
LOG208240,W0341,Morning,2025-06-06 11:10:00,2025-06-06 21:10:00,10.0
LOG208241,W0057,Evening,2025-06-27 00:45:00,2025-06-27 07:45:00,7.0
LOG208242,W0381,Morning,2025-06-29 04:17:00,2025-06-29 13:17:00,9.0
LOG208244,W0484,Evening,2025-04-03 06:56:00,2025-04-03 12:56:00,6.0
LOG208245,W0488,Morning,2025-05-22 23:02:00,2025-05-23 06:02:00,7.0
LOG208246,W0168,Morning,2025-04-16 22:47:00,2025-04-17 04:47:00,6.0
LOG208247,W0483,Night,2025-06-05 07:26:00,2025-06-05 17:26:00,10.0
LOG208248,W0414,Evening,2025-01-16 12:11:00,2025-01-16 18:11:00,6.0
LOG208249,W0308,Night,2025-04-20 06:24:00,2025-04-20 12:24:00,6.0
LOG208250,W0204,Evening,2025-03-20 07:12:00,2025-03-20 13:12:00,6.0
LOG208252,W0013,Evening,2025-02-28 15:17:00,2025-03-01 00:17:00,9.0
LOG208253,W0007,Morning,2025-04-19 01:17:00,2025-04-19 11:17:00,10.0
LOG208255,W0387,Night,2025-03-13 10:12:00,2025-03-13 20:12:00,10.0
LOG208256,W0319,Evening,2025-06-06 19:21:00,2025-06-07 03:21:00,8.0
LOG208258,W0456,Morning,2025-01-06 22:45:00,2025-01-07 08:45:00,10.0
LOG208259,W0185,Morning,2025-05-26 00:50:00,2025-05-26 09:50:00,9.0
LOG208261,W0382,Morning,2025-01-12 05:21:00,2025-01-12 11:21:00,6.0
LOG208263,W0225,Night,2025-01-23 21:30:00,2025-01-24 07:30:00,10.0
LOG208264,W0251,Night,2025-06-16 03:23:00,2025-06-16 11:23:00,8.0
LOG208267,W0002,Night,2025-05-06 08:38:00,2025-05-06 15:38:00,7.0
LOG208268,W0271,Evening,2025-03-28 22:49:00,2025-03-29 07:49:00,9.0
LOG208269,W0325,Morning,2025-05-05 10:25:00,2025-05-05 17:25:00,7.0
LOG208270,W0140,Night,2025-04-30 17:39:00,2025-05-01 00:39:00,7.0
LOG208271,W0180,Morning,2025-02-19 01:34:00,2025-02-19 10:34:00,9.0
LOG208272,W0071,Night,2025-06-20 00:47:00,2025-06-20 10:47:00,10.0
LOG208275,W0197,Night,2025-01-10 10:47:00,2025-01-10 18:47:00,8.0
LOG208277,W0150,Evening,2025-06-21 03:17:00,2025-06-21 11:17:00,8.0
LOG208280,W0275,Morning,2025-02-05 22:18:00,2025-02-06 06:18:00,8.0
LOG208281,W0279,Morning,2025-05-21 08:12:00,2025-05-21 14:12:00,6.0
LOG208284,W0345,Evening,2025-03-17 21:49:00,2025-03-18 07:49:00,10.0
LOG208285,W0223,Morning,2025-06-26 15:57:00,2025-06-27 00:57:00,9.0
LOG208286,W0261,Night,2025-06-06 07:42:00,2025-06-06 16:42:00,9.0
LOG208289,W0201,Night,2025-03-31 18:24:00,2025-04-01 01:24:00,7.0
LOG208291,W0402,Evening,2025-05-17 14:57:00,2025-05-18 00:57:00,10.0
LOG208292,W0288,Night,2025-03-23 02:06:00,2025-03-23 11:06:00,9.0
LOG208294,W0200,Morning,2025-04-17 00:42:00,2025-04-17 10:42:00,10.0
LOG208297,W0149,Morning,2025-02-17 09:29:00,2025-02-17 16:29:00,7.0
LOG208298,W0090,Night,2025-02-22 20:59:00,2025-02-23 03:59:00,7.0
LOG208299,W0367,Night,2025-02-28 06:52:00,2025-02-28 16:52:00,10.0
LOG208300,W0352,Night,2025-05-08 07:02:00,2025-05-08 14:02:00,7.0
LOG208302,W0261,Evening,2025-01-30 05:05:00,2025-01-30 15:05:00,10.0
LOG208303,W0263,Night,2025-03-01 09:48:00,2025-03-01 17:48:00,8.0
LOG208305,W0149,Night,2025-03-19 22:54:00,2025-03-20 08:54:00,10.0
LOG208307,W0268,Evening,2025-06-24 18:34:00,2025-06-25 04:34:00,10.0
LOG208308,W0446,Night,2025-01-03 15:41:00,2025-01-03 21:41:00,6.0
LOG208309,W0323,Night,2025-06-26 11:40:00,2025-06-26 19:40:00,8.0
LOG208310,W0355,Night,2025-05-16 18:45:00,2025-05-17 01:45:00,7.0
LOG208311,W0163,Morning,2025-01-20 19:07:00,2025-01-21 04:07:00,9.0
LOG208312,W0092,Night,2025-01-08 17:14:00,2025-01-09 00:14:00,7.0
LOG208314,W0477,Night,2025-04-07 01:19:00,2025-04-07 10:19:00,9.0
LOG208315,W0439,Night,2025-05-27 13:12:00,2025-05-27 22:12:00,9.0
LOG208316,W0331,Evening,2025-05-23 10:23:00,2025-05-23 18:23:00,8.0
LOG208317,W0071,Night,2025-03-19 16:19:00,2025-03-20 01:19:00,9.0
LOG208320,W0427,Night,2025-01-30 17:33:00,2025-01-30 23:33:00,6.0
LOG208321,W0039,Morning,2025-04-10 04:49:00,2025-04-10 10:49:00,6.0
LOG208322,W0069,Morning,2025-01-02 08:56:00,2025-01-02 18:56:00,10.0
LOG208324,W0410,Night,2025-02-19 22:59:00,2025-02-20 05:59:00,7.0
LOG208326,W0447,Night,2025-06-08 07:17:00,2025-06-08 14:17:00,7.0
LOG208328,W0151,Morning,2025-03-04 04:34:00,2025-03-04 11:34:00,7.0
LOG208329,W0219,Night,2025-01-24 10:05:00,2025-01-24 20:05:00,10.0
LOG208330,W0170,Morning,2025-06-22 02:56:00,2025-06-22 12:56:00,10.0
LOG208331,W0305,Night,2025-06-14 16:24:00,2025-06-15 00:24:00,8.0
LOG208332,W0461,Evening,2025-01-10 10:35:00,2025-01-10 18:35:00,8.0
LOG208333,W0471,Morning,2025-06-06 22:37:00,2025-06-07 07:37:00,9.0
LOG208334,W0218,Evening,2025-01-29 20:28:00,2025-01-30 05:28:00,9.0
LOG208335,W0204,Evening,2025-02-18 18:13:00,2025-02-19 01:13:00,7.0
LOG208336,W0056,Night,2025-01-13 13:42:00,2025-01-13 23:42:00,10.0
LOG208338,W0476,Morning,2025-04-12 14:01:00,2025-04-12 21:01:00,7.0
LOG208339,W0322,Night,2025-01-27 13:16:00,2025-01-27 22:16:00,9.0
LOG208341,W0464,Evening,2025-06-29 11:20:00,2025-06-29 18:20:00,7.0
LOG208342,W0079,Night,2025-06-28 07:43:00,2025-06-28 17:43:00,10.0
LOG208343,W0295,Night,2025-04-07 22:46:00,2025-04-08 04:46:00,6.0
LOG208345,W0079,Evening,2025-02-02 22:38:00,2025-02-03 04:38:00,6.0
LOG208347,W0392,Night,2025-03-30 00:40:00,2025-03-30 06:40:00,6.0
LOG208348,W0108,Morning,2025-06-28 11:32:00,2025-06-28 18:32:00,7.0
LOG208349,W0354,Evening,2025-03-31 03:06:00,2025-03-31 09:06:00,6.0
LOG208350,W0210,Night,2025-03-06 16:03:00,2025-03-07 01:03:00,9.0
LOG208353,W0444,Night,2025-04-12 12:43:00,2025-04-12 21:43:00,9.0
LOG208354,W0130,Night,2025-04-28 13:50:00,2025-04-28 23:50:00,10.0
LOG208355,W0397,Morning,2025-06-18 23:36:00,2025-06-19 09:36:00,10.0
LOG208357,W0453,Morning,2025-06-26 01:05:00,2025-06-26 08:05:00,7.0
LOG208359,W0245,Morning,2025-01-01 07:07:00,2025-01-01 15:07:00,8.0
LOG208360,W0231,Night,2025-06-09 10:29:00,2025-06-09 16:29:00,6.0
LOG208361,W0446,Evening,2025-01-17 05:34:00,2025-01-17 12:34:00,7.0
LOG208362,W0113,Night,2025-02-01 12:53:00,2025-02-01 20:53:00,8.0
LOG208365,W0172,Night,2025-03-18 17:38:00,2025-03-19 02:38:00,9.0
LOG208366,W0072,Night,2025-01-13 14:10:00,2025-01-13 20:10:00,6.0
LOG208367,W0379,Night,2025-05-20 22:59:00,2025-05-21 07:59:00,9.0
LOG208368,W0069,Evening,2025-04-05 13:13:00,2025-04-05 20:13:00,7.0
LOG208370,W0476,Night,2025-03-10 01:28:00,2025-03-10 09:28:00,8.0
LOG208373,W0045,Night,2025-04-21 00:09:00,2025-04-21 08:09:00,8.0
LOG208374,W0037,Evening,2025-01-05 02:08:00,2025-01-05 09:08:00,7.0
LOG208375,W0089,Night,2025-02-10 23:47:00,2025-02-11 09:47:00,10.0
LOG208376,W0076,Night,2025-02-25 18:19:00,2025-02-26 01:19:00,7.0
LOG208378,W0141,Morning,2025-04-05 09:10:00,2025-04-05 17:10:00,8.0
LOG208379,W0036,Night,2025-01-24 02:46:00,2025-01-24 08:46:00,6.0
LOG208380,W0466,Morning,2025-06-08 14:28:00,2025-06-08 21:28:00,7.0
LOG208381,W0465,Morning,2025-04-24 17:26:00,2025-04-25 01:26:00,8.0
LOG208382,W0156,Night,2025-03-07 01:36:00,2025-03-07 08:36:00,7.0
LOG208383,W0415,Night,2025-02-15 11:53:00,2025-02-15 20:53:00,9.0
LOG208386,W0186,Evening,2025-04-15 23:01:00,2025-04-16 09:01:00,10.0
LOG208387,W0136,Evening,2025-02-07 05:40:00,2025-02-07 13:40:00,8.0
LOG208390,W0382,Morning,2025-06-05 11:38:00,2025-06-05 21:38:00,10.0
LOG208391,W0061,Evening,2025-04-22 09:14:00,2025-04-22 18:14:00,9.0
LOG208392,W0392,Morning,2025-06-28 05:26:00,2025-06-28 11:26:00,6.0
LOG208393,W0150,Morning,2025-03-12 13:44:00,2025-03-12 19:44:00,6.0
LOG208396,W0061,Night,2025-01-18 08:28:00,2025-01-18 18:28:00,10.0
LOG208397,W0075,Night,2025-02-12 12:23:00,2025-02-12 22:23:00,10.0
LOG208398,W0345,Night,2025-02-25 19:20:00,2025-02-26 04:20:00,9.0
LOG208399,W0353,Night,2025-04-06 01:53:00,2025-04-06 08:53:00,7.0
LOG208402,W0035,Morning,2025-01-10 03:57:00,2025-01-10 13:57:00,10.0
LOG208404,W0069,Morning,2025-06-13 00:49:00,2025-06-13 06:49:00,6.0
LOG208405,W0482,Night,2025-03-23 12:15:00,2025-03-23 22:15:00,10.0
LOG208408,W0070,Night,2025-05-06 20:06:00,2025-05-07 06:06:00,10.0
LOG208410,W0450,Morning,2025-06-24 06:54:00,2025-06-24 12:54:00,6.0
LOG208411,W0469,Night,2025-04-23 18:28:00,2025-04-24 03:28:00,9.0
LOG208412,W0406,Morning,2025-06-23 00:21:00,2025-06-23 09:21:00,9.0
LOG208414,W0253,Night,2025-02-02 18:08:00,2025-02-03 03:08:00,9.0
LOG208415,W0404,Morning,2025-03-04 09:53:00,2025-03-04 15:53:00,6.0
LOG208416,W0439,Evening,2025-01-17 14:13:00,2025-01-17 21:13:00,7.0
LOG208417,W0359,Night,2025-06-22 12:34:00,2025-06-22 21:34:00,9.0
LOG208419,W0109,Night,2025-01-06 15:43:00,2025-01-06 23:43:00,8.0
LOG208420,W0009,Night,2025-03-23 23:10:00,2025-03-24 08:10:00,9.0
LOG208422,W0217,Night,2025-06-27 18:19:00,2025-06-28 03:19:00,9.0
LOG208423,W0197,Night,2025-01-24 10:04:00,2025-01-24 19:04:00,9.0
LOG208426,W0205,Night,2025-05-17 14:39:00,2025-05-17 20:39:00,6.0
LOG208428,W0446,Night,2025-06-01 01:42:00,2025-06-01 07:42:00,6.0
LOG208429,W0299,Evening,2025-02-08 03:14:00,2025-02-08 12:14:00,9.0
LOG208430,W0005,Night,2025-02-06 12:20:00,2025-02-06 20:20:00,8.0
LOG208431,W0351,Morning,2025-02-05 22:36:00,2025-02-06 08:36:00,10.0
LOG208434,W0426,Evening,2025-05-01 15:43:00,2025-05-02 01:43:00,10.0
LOG208436,W0376,Night,2025-02-07 01:19:00,2025-02-07 10:19:00,9.0
LOG208441,W0348,Morning,2025-01-24 06:41:00,2025-01-24 13:41:00,7.0
LOG208442,W0476,Night,2025-03-05 19:57:00,2025-03-06 02:57:00,7.0
LOG208443,W0143,Night,2025-06-21 16:38:00,2025-06-21 23:38:00,7.0
LOG208444,W0021,Night,2025-05-01 00:40:00,2025-05-01 07:40:00,7.0
LOG208446,W0025,Night,2025-05-21 01:34:00,2025-05-21 07:34:00,6.0
LOG208448,W0484,Night,2025-01-11 22:14:00,2025-01-12 08:14:00,10.0
LOG208449,W0305,Night,2025-06-06 14:32:00,2025-06-06 22:32:00,8.0
LOG208450,W0291,Morning,2025-05-23 09:08:00,2025-05-23 16:08:00,7.0
LOG208451,W0036,Morning,2025-01-14 16:24:00,2025-01-15 01:24:00,9.0
LOG208452,W0168,Morning,2025-04-11 00:44:00,2025-04-11 10:44:00,10.0
LOG208453,W0412,Night,2025-02-12 10:10:00,2025-02-12 18:10:00,8.0
LOG208455,W0388,Night,2025-06-17 16:02:00,2025-06-18 01:02:00,9.0
LOG208456,W0276,Morning,2025-02-15 12:18:00,2025-02-15 20:18:00,8.0
LOG208457,W0119,Night,2025-05-31 09:14:00,2025-05-31 15:14:00,6.0
LOG208458,W0096,Night,2025-04-24 01:38:00,2025-04-24 09:38:00,8.0
LOG208460,W0315,Evening,2025-06-27 19:35:00,2025-06-28 05:35:00,10.0
LOG208461,W0183,Evening,2025-05-23 11:31:00,2025-05-23 20:31:00,9.0
LOG208463,W0454,Morning,2025-05-05 18:54:00,2025-05-06 01:54:00,7.0
LOG208464,W0143,Night,2025-04-17 14:53:00,2025-04-17 22:53:00,8.0
LOG208465,W0011,Evening,2025-03-24 08:27:00,2025-03-24 17:27:00,9.0
LOG208466,W0311,Evening,2025-02-20 06:47:00,2025-02-20 14:47:00,8.0
LOG208468,W0082,Night,2025-01-12 01:35:00,2025-01-12 11:35:00,10.0
LOG208469,W0120,Evening,2025-03-02 03:11:00,2025-03-02 13:11:00,10.0
LOG208470,W0150,Night,2025-01-19 12:46:00,2025-01-19 18:46:00,6.0
LOG208471,W0107,Morning,2025-01-30 14:16:00,2025-01-30 21:16:00,7.0
LOG208472,W0015,Night,2025-03-17 12:59:00,2025-03-17 19:59:00,7.0
LOG208475,W0221,Night,2025-02-01 18:15:00,2025-02-02 00:15:00,6.0
LOG208476,W0091,Night,2025-03-31 14:50:00,2025-03-31 22:50:00,8.0
LOG208477,W0044,Evening,2025-03-06 04:53:00,2025-03-06 13:53:00,9.0
LOG208478,W0179,Evening,2025-02-15 21:16:00,2025-02-16 03:16:00,6.0
LOG208480,W0442,Morning,2025-03-12 10:17:00,2025-03-12 20:17:00,10.0
LOG208482,W0040,Night,2025-03-05 20:59:00,2025-03-06 04:59:00,8.0
LOG208484,W0227,Night,2025-01-23 05:21:00,2025-01-23 13:21:00,8.0
LOG208485,W0402,Night,2025-01-16 23:51:00,2025-01-17 09:51:00,10.0
LOG208487,W0004,Night,2025-05-05 23:29:00,2025-05-06 05:29:00,6.0
LOG208488,W0385,Morning,2025-05-16 02:58:00,2025-05-16 09:58:00,7.0
LOG208489,W0160,Evening,2025-03-22 09:17:00,2025-03-22 15:17:00,6.0
LOG208490,W0159,Night,2025-01-17 11:03:00,2025-01-17 19:03:00,8.0
LOG208491,W0153,Evening,2025-05-14 03:36:00,2025-05-14 13:36:00,10.0
LOG208492,W0332,Night,2025-01-24 00:03:00,2025-01-24 06:03:00,6.0
LOG208493,W0472,Night,2025-05-23 14:54:00,2025-05-23 22:54:00,8.0
LOG208496,W0155,Evening,2025-01-06 03:51:00,2025-01-06 11:51:00,8.0
LOG208497,W0060,Night,2025-03-03 22:29:00,2025-03-04 04:29:00,6.0
LOG208498,W0355,Evening,2025-05-20 03:47:00,2025-05-20 09:47:00,6.0
LOG208499,W0404,Morning,2025-06-20 02:21:00,2025-06-20 10:21:00,8.0
LOG208501,W0321,Evening,2025-02-13 08:13:00,2025-02-13 17:13:00,9.0
LOG208502,W0378,Night,2025-01-22 22:34:00,2025-01-23 05:34:00,7.0
LOG208504,W0159,Morning,2025-01-05 00:42:00,2025-01-05 07:42:00,7.0
LOG208505,W0422,Evening,2025-05-27 15:54:00,2025-05-28 00:54:00,9.0
LOG208506,W0118,Night,2025-01-24 07:31:00,2025-01-24 15:31:00,8.0
LOG208508,W0440,Night,2025-03-26 03:40:00,2025-03-26 11:40:00,8.0
LOG208509,W0298,Night,2025-05-07 23:34:00,2025-05-08 05:34:00,6.0
LOG208510,W0350,Night,2025-03-06 03:50:00,2025-03-06 12:50:00,9.0
LOG208514,W0254,Morning,2025-02-10 08:04:00,2025-02-10 15:04:00,7.0
LOG208516,W0375,Morning,2025-02-24 11:45:00,2025-02-24 19:45:00,8.0
LOG208518,W0019,Night,2025-01-12 03:19:00,2025-01-12 09:19:00,6.0
LOG208521,W0421,Morning,2025-03-05 18:40:00,2025-03-06 02:40:00,8.0
LOG208522,W0324,Evening,2025-01-23 20:23:00,2025-01-24 05:23:00,9.0
LOG208523,W0136,Morning,2025-03-02 19:52:00,2025-03-03 01:52:00,6.0
LOG208524,W0157,Night,2025-01-23 19:24:00,2025-01-24 05:24:00,10.0
LOG208525,W0467,Night,2025-03-25 13:00:00,2025-03-25 21:00:00,8.0
LOG208526,W0452,Night,2025-02-20 01:40:00,2025-02-20 11:40:00,10.0
LOG208527,W0331,Night,2025-04-14 12:08:00,2025-04-14 19:08:00,7.0
LOG208528,W0148,Morning,2025-01-11 21:31:00,2025-01-12 06:31:00,9.0
LOG208530,W0405,Morning,2025-04-08 00:49:00,2025-04-08 06:49:00,6.0
LOG208531,W0147,Morning,2025-05-30 08:32:00,2025-05-30 14:32:00,6.0
LOG208532,W0298,Morning,2025-02-16 03:07:00,2025-02-16 13:07:00,10.0
LOG208533,W0308,Evening,2025-03-17 02:35:00,2025-03-17 11:35:00,9.0
LOG208534,W0238,Night,2025-04-19 05:55:00,2025-04-19 14:55:00,9.0
LOG208535,W0299,Night,2025-03-24 14:42:00,2025-03-24 20:42:00,6.0
LOG208536,W0014,Morning,2025-02-09 08:30:00,2025-02-09 18:30:00,10.0
LOG208537,W0421,Night,2025-02-07 03:15:00,2025-02-07 11:15:00,8.0
LOG208538,W0425,Night,2025-04-16 20:50:00,2025-04-17 03:50:00,7.0
LOG208540,W0500,Morning,2025-03-22 08:37:00,2025-03-22 15:37:00,7.0
LOG208541,W0462,Morning,2025-03-05 11:57:00,2025-03-05 18:57:00,7.0
LOG208542,W0170,Night,2025-02-11 09:06:00,2025-02-11 17:06:00,8.0
LOG208544,W0457,Night,2025-05-08 00:37:00,2025-05-08 09:37:00,9.0
LOG208545,W0116,Morning,2025-03-31 19:50:00,2025-04-01 01:50:00,6.0
LOG208547,W0281,Evening,2025-06-09 03:38:00,2025-06-09 10:38:00,7.0
LOG208549,W0426,Morning,2025-01-13 23:18:00,2025-01-14 06:18:00,7.0
LOG208550,W0323,Morning,2025-01-01 21:53:00,2025-01-02 03:53:00,6.0
LOG208552,W0253,Night,2025-03-12 08:14:00,2025-03-12 16:14:00,8.0
LOG208553,W0438,Night,2025-03-01 15:33:00,2025-03-01 21:33:00,6.0
LOG208554,W0262,Morning,2025-06-03 23:08:00,2025-06-04 08:08:00,9.0
LOG208555,W0192,Evening,2025-06-10 11:31:00,2025-06-10 20:31:00,9.0
LOG208557,W0036,Evening,2025-03-19 17:04:00,2025-03-19 23:04:00,6.0
LOG208559,W0266,Night,2025-01-23 14:23:00,2025-01-23 22:23:00,8.0
LOG208560,W0438,Evening,2025-06-28 00:45:00,2025-06-28 07:45:00,7.0
LOG208562,W0170,Night,2025-06-24 16:25:00,2025-06-25 01:25:00,9.0
LOG208563,W0245,Night,2025-06-14 09:39:00,2025-06-14 15:39:00,6.0
LOG208564,W0072,Night,2025-01-19 21:38:00,2025-01-20 07:38:00,10.0
LOG208566,W0246,Morning,2025-05-07 21:38:00,2025-05-08 06:38:00,9.0
LOG208567,W0439,Evening,2025-03-04 09:38:00,2025-03-04 17:38:00,8.0
LOG208569,W0037,Night,2025-01-19 19:46:00,2025-01-20 01:46:00,6.0
LOG208570,W0339,Morning,2025-06-08 18:53:00,2025-06-09 04:53:00,10.0
LOG208571,W0369,Night,2025-06-01 23:45:00,2025-06-02 05:45:00,6.0
LOG208572,W0388,Morning,2025-04-19 15:45:00,2025-04-20 01:45:00,10.0
LOG208573,W0491,Evening,2025-01-01 16:00:00,2025-01-02 01:00:00,9.0
LOG208574,W0181,Evening,2025-04-20 07:08:00,2025-04-20 14:08:00,7.0
LOG208575,W0056,Night,2025-03-17 09:15:00,2025-03-17 16:15:00,7.0
LOG208576,W0215,Evening,2025-03-09 10:30:00,2025-03-09 20:30:00,10.0
LOG208577,W0434,Night,2025-01-09 05:27:00,2025-01-09 13:27:00,8.0
LOG208579,W0099,Morning,2025-01-12 01:10:00,2025-01-12 10:10:00,9.0
LOG208580,W0184,Night,2025-04-20 12:46:00,2025-04-20 20:46:00,8.0
LOG208581,W0196,Night,2025-02-06 21:55:00,2025-02-07 03:55:00,6.0
LOG208584,W0140,Evening,2025-05-02 01:21:00,2025-05-02 09:21:00,8.0
LOG208585,W0253,Morning,2025-03-15 05:19:00,2025-03-15 13:19:00,8.0
LOG208586,W0195,Night,2025-01-27 03:09:00,2025-01-27 13:09:00,10.0
LOG208587,W0314,Morning,2025-05-10 17:18:00,2025-05-11 03:18:00,10.0
LOG208590,W0013,Night,2025-04-15 19:34:00,2025-04-16 05:34:00,10.0
LOG208592,W0255,Night,2025-04-06 23:45:00,2025-04-07 09:45:00,10.0
LOG208595,W0020,Morning,2025-01-22 01:39:00,2025-01-22 08:39:00,7.0
LOG208596,W0248,Night,2025-01-22 22:22:00,2025-01-23 08:22:00,10.0
LOG208598,W0154,Night,2025-01-31 15:32:00,2025-01-31 21:32:00,6.0
LOG208599,W0199,Night,2025-01-23 19:10:00,2025-01-24 05:10:00,10.0
LOG208600,W0165,Evening,2025-04-16 18:26:00,2025-04-17 03:26:00,9.0
LOG208601,W0433,Morning,2025-01-12 20:18:00,2025-01-13 06:18:00,10.0
LOG208602,W0437,Morning,2025-06-27 09:43:00,2025-06-27 19:43:00,10.0
LOG208603,W0261,Night,2025-05-14 20:01:00,2025-05-15 04:01:00,8.0
LOG208604,W0239,Evening,2025-02-13 13:16:00,2025-02-13 20:16:00,7.0
LOG208606,W0106,Evening,2025-02-05 17:27:00,2025-02-06 03:27:00,10.0
LOG208609,W0100,Morning,2025-03-01 01:55:00,2025-03-01 08:55:00,7.0
LOG208612,W0383,Morning,2025-02-17 19:09:00,2025-02-18 05:09:00,10.0
LOG208613,W0030,Morning,2025-01-22 18:35:00,2025-01-23 01:35:00,7.0
LOG208617,W0443,Night,2025-06-23 08:58:00,2025-06-23 18:58:00,10.0
LOG208618,W0292,Morning,2025-02-02 18:36:00,2025-02-03 02:36:00,8.0
LOG208620,W0342,Evening,2025-05-17 17:21:00,2025-05-18 00:21:00,7.0
LOG208621,W0025,Night,2025-05-07 12:52:00,2025-05-07 19:52:00,7.0
LOG208622,W0235,Evening,2025-04-29 01:12:00,2025-04-29 08:12:00,7.0
LOG208623,W0310,Morning,2025-03-08 01:05:00,2025-03-08 08:05:00,7.0
LOG208624,W0270,Night,2025-01-29 09:07:00,2025-01-29 16:07:00,7.0
LOG208626,W0218,Morning,2025-02-23 15:47:00,2025-02-23 21:47:00,6.0
LOG208627,W0403,Night,2025-06-28 04:29:00,2025-06-28 11:29:00,7.0
LOG208628,W0102,Evening,2025-06-07 09:42:00,2025-06-07 19:42:00,10.0
LOG208629,W0150,Evening,2025-06-01 23:14:00,2025-06-02 08:14:00,9.0
LOG208630,W0488,Night,2025-06-03 07:19:00,2025-06-03 14:19:00,7.0
LOG208631,W0429,Night,2025-01-18 10:23:00,2025-01-18 20:23:00,10.0
LOG208632,W0384,Evening,2025-01-25 08:45:00,2025-01-25 14:45:00,6.0
LOG208633,W0422,Evening,2025-06-24 21:44:00,2025-06-25 06:44:00,9.0
LOG208635,W0345,Night,2025-03-04 07:26:00,2025-03-04 15:26:00,8.0
LOG208637,W0161,Night,2025-01-11 20:53:00,2025-01-12 04:53:00,8.0
LOG208638,W0214,Evening,2025-06-10 08:26:00,2025-06-10 15:26:00,7.0
LOG208639,W0478,Night,2025-03-27 08:19:00,2025-03-27 16:19:00,8.0
LOG208640,W0210,Night,2025-03-22 16:15:00,2025-03-22 23:15:00,7.0
LOG208641,W0287,Night,2025-01-13 22:08:00,2025-01-14 05:08:00,7.0
LOG208642,W0407,Evening,2025-02-05 09:30:00,2025-02-05 18:30:00,9.0
LOG208646,W0017,Morning,2025-05-16 20:44:00,2025-05-17 06:44:00,10.0
LOG208647,W0350,Morning,2025-01-29 18:19:00,2025-01-30 02:19:00,8.0
LOG208648,W0421,Evening,2025-01-29 08:50:00,2025-01-29 17:50:00,9.0
LOG208650,W0070,Night,2025-01-23 11:15:00,2025-01-23 17:15:00,6.0
LOG208651,W0447,Night,2025-06-12 05:51:00,2025-06-12 11:51:00,6.0
LOG208653,W0344,Night,2025-01-28 06:13:00,2025-01-28 15:13:00,9.0
LOG208654,W0185,Evening,2025-05-21 23:49:00,2025-05-22 06:49:00,7.0
LOG208655,W0218,Evening,2025-02-26 00:43:00,2025-02-26 10:43:00,10.0
LOG208656,W0269,Night,2025-05-23 08:52:00,2025-05-23 14:52:00,6.0
LOG208657,W0323,Morning,2025-05-11 09:32:00,2025-05-11 18:32:00,9.0
LOG208659,W0107,Night,2025-02-15 20:18:00,2025-02-16 06:18:00,10.0
LOG208660,W0054,Night,2025-04-25 02:31:00,2025-04-25 11:31:00,9.0
LOG208661,W0449,Morning,2025-04-16 07:53:00,2025-04-16 17:53:00,10.0
LOG208665,W0201,Night,2025-02-23 22:10:00,2025-02-24 05:10:00,7.0
LOG208666,W0312,Morning,2025-02-24 09:20:00,2025-02-24 16:20:00,7.0
LOG208667,W0056,Night,2025-02-11 01:50:00,2025-02-11 09:50:00,8.0
LOG208668,W0162,Evening,2025-05-01 09:20:00,2025-05-01 19:20:00,10.0
LOG208670,W0451,Evening,2025-02-07 02:23:00,2025-02-07 11:23:00,9.0
LOG208671,W0366,Night,2025-05-18 08:56:00,2025-05-18 14:56:00,6.0
LOG208672,W0308,Night,2025-05-07 23:16:00,2025-05-08 05:16:00,6.0
LOG208673,W0090,Night,2025-04-29 03:53:00,2025-04-29 13:53:00,10.0
LOG208674,W0126,Night,2025-04-24 17:04:00,2025-04-25 00:04:00,7.0
LOG208675,W0398,Night,2025-06-14 23:37:00,2025-06-15 08:37:00,9.0
LOG208679,W0103,Evening,2025-02-02 22:01:00,2025-02-03 04:01:00,6.0
LOG208681,W0289,Morning,2025-06-11 15:58:00,2025-06-11 22:58:00,7.0
LOG208682,W0468,Morning,2025-04-12 10:30:00,2025-04-12 18:30:00,8.0
LOG208683,W0452,Morning,2025-03-02 16:11:00,2025-03-02 23:11:00,7.0
LOG208684,W0202,Night,2025-06-26 11:10:00,2025-06-26 19:10:00,8.0
LOG208686,W0194,Night,2025-02-18 13:44:00,2025-02-18 22:44:00,9.0
LOG208688,W0338,Evening,2025-03-05 14:00:00,2025-03-05 20:00:00,6.0
LOG208689,W0075,Night,2025-03-05 18:46:00,2025-03-06 00:46:00,6.0
LOG208690,W0365,Morning,2025-03-02 13:02:00,2025-03-02 21:02:00,8.0
LOG208691,W0190,Night,2025-03-23 01:48:00,2025-03-23 09:48:00,8.0
LOG208692,W0107,Night,2025-02-06 15:12:00,2025-02-06 21:12:00,6.0
LOG208693,W0106,Night,2025-06-25 20:11:00,2025-06-26 05:11:00,9.0
LOG208694,W0140,Night,2025-04-28 08:59:00,2025-04-28 16:59:00,8.0
LOG208695,W0127,Night,2025-03-15 02:53:00,2025-03-15 11:53:00,9.0
LOG208696,W0339,Night,2025-05-02 05:33:00,2025-05-02 14:33:00,9.0
LOG208697,W0117,Evening,2025-05-05 04:27:00,2025-05-05 10:27:00,6.0
LOG208698,W0393,Evening,2025-01-01 08:12:00,2025-01-01 18:12:00,10.0
LOG208699,W0275,Night,2025-04-30 23:58:00,2025-05-01 05:58:00,6.0
LOG208701,W0043,Evening,2025-03-29 08:50:00,2025-03-29 15:50:00,7.0
LOG208702,W0098,Night,2025-05-18 12:17:00,2025-05-18 20:17:00,8.0
LOG208703,W0348,Night,2025-02-03 03:14:00,2025-02-03 12:14:00,9.0
LOG208704,W0041,Night,2025-01-20 10:55:00,2025-01-20 17:55:00,7.0
LOG208707,W0058,Evening,2025-06-16 03:16:00,2025-06-16 10:16:00,7.0
LOG208708,W0235,Night,2025-05-17 14:33:00,2025-05-17 20:33:00,6.0
LOG208710,W0173,Night,2025-01-20 14:30:00,2025-01-20 22:30:00,8.0
LOG208711,W0173,Night,2025-04-23 10:25:00,2025-04-23 17:25:00,7.0
LOG208712,W0046,Night,2025-05-30 14:16:00,2025-05-30 21:16:00,7.0
LOG208713,W0167,Night,2025-04-05 10:30:00,2025-04-05 18:30:00,8.0
LOG208715,W0259,Night,2025-02-15 10:12:00,2025-02-15 20:12:00,10.0
LOG208716,W0139,Evening,2025-06-15 00:23:00,2025-06-15 10:23:00,10.0
LOG208717,W0066,Evening,2025-03-31 17:58:00,2025-04-01 01:58:00,8.0
LOG208718,W0500,Evening,2025-06-04 01:46:00,2025-06-04 09:46:00,8.0
LOG208719,W0492,Night,2025-01-27 06:12:00,2025-01-27 16:12:00,10.0
LOG208720,W0209,Night,2025-01-03 03:44:00,2025-01-03 11:44:00,8.0
LOG208721,W0486,Night,2025-01-09 08:11:00,2025-01-09 15:11:00,7.0
LOG208723,W0328,Night,2025-03-08 08:44:00,2025-03-08 18:44:00,10.0
LOG208725,W0269,Evening,2025-02-15 03:09:00,2025-02-15 12:09:00,9.0
LOG208726,W0064,Night,2025-04-30 16:50:00,2025-04-30 22:50:00,6.0
LOG208727,W0214,Night,2025-03-19 22:36:00,2025-03-20 05:36:00,7.0
LOG208728,W0074,Evening,2025-02-21 13:21:00,2025-02-21 20:21:00,7.0
LOG208732,W0010,Night,2025-04-03 01:23:00,2025-04-03 11:23:00,10.0
LOG208733,W0288,Night,2025-04-24 11:56:00,2025-04-24 20:56:00,9.0
LOG208735,W0117,Night,2025-06-10 09:17:00,2025-06-10 18:17:00,9.0
LOG208736,W0269,Evening,2025-01-16 21:26:00,2025-01-17 05:26:00,8.0
LOG208737,W0080,Night,2025-04-22 07:53:00,2025-04-22 16:53:00,9.0
LOG208738,W0223,Evening,2025-05-17 22:34:00,2025-05-18 07:34:00,9.0
LOG208739,W0311,Morning,2025-02-19 01:00:00,2025-02-19 10:00:00,9.0
LOG208741,W0003,Morning,2025-04-26 08:39:00,2025-04-26 16:39:00,8.0
LOG208742,W0474,Evening,2025-01-28 23:43:00,2025-01-29 06:43:00,7.0
LOG208743,W0366,Evening,2025-03-17 16:32:00,2025-03-18 00:32:00,8.0
LOG208745,W0315,Night,2025-02-05 19:22:00,2025-02-06 01:22:00,6.0
LOG208747,W0045,Evening,2025-03-15 22:59:00,2025-03-16 06:59:00,8.0
LOG208749,W0155,Night,2025-02-02 23:37:00,2025-02-03 05:37:00,6.0
LOG208750,W0261,Evening,2025-03-17 12:18:00,2025-03-17 18:18:00,6.0
LOG208751,W0385,Morning,2025-01-16 16:34:00,2025-01-17 01:34:00,9.0
LOG208754,W0431,Evening,2025-01-12 18:15:00,2025-01-13 03:15:00,9.0
LOG208755,W0323,Night,2025-04-09 09:33:00,2025-04-09 19:33:00,10.0
LOG208757,W0176,Evening,2025-05-31 19:37:00,2025-06-01 02:37:00,7.0
LOG208758,W0205,Night,2025-02-08 09:36:00,2025-02-08 19:36:00,10.0
LOG208761,W0448,Night,2025-01-20 18:04:00,2025-01-21 01:04:00,7.0
LOG208762,W0400,Morning,2025-05-12 10:59:00,2025-05-12 20:59:00,10.0
LOG208763,W0458,Night,2025-05-06 12:17:00,2025-05-06 20:17:00,8.0
LOG208764,W0103,Night,2025-02-09 12:51:00,2025-02-09 22:51:00,10.0
LOG208765,W0136,Morning,2025-06-13 02:43:00,2025-06-13 12:43:00,10.0
LOG208767,W0400,Morning,2025-01-19 20:09:00,2025-01-20 05:09:00,9.0
LOG208768,W0350,Evening,2025-06-02 15:30:00,2025-06-02 21:30:00,6.0
LOG208769,W0398,Night,2025-05-11 07:30:00,2025-05-11 15:30:00,8.0
LOG208771,W0117,Morning,2025-03-25 09:45:00,2025-03-25 17:45:00,8.0
LOG208772,W0497,Morning,2025-03-26 08:45:00,2025-03-26 16:45:00,8.0
LOG208773,W0285,Morning,2025-03-14 18:05:00,2025-03-15 00:05:00,6.0
LOG208774,W0370,Night,2025-01-17 21:52:00,2025-01-18 07:52:00,10.0
LOG208775,W0490,Night,2025-01-17 21:42:00,2025-01-18 07:42:00,10.0
LOG208777,W0089,Evening,2025-04-07 15:38:00,2025-04-07 22:38:00,7.0
LOG208779,W0217,Night,2025-06-25 17:46:00,2025-06-26 00:46:00,7.0
LOG208780,W0114,Night,2025-04-12 20:34:00,2025-04-13 06:34:00,10.0
LOG208781,W0162,Evening,2025-01-25 15:59:00,2025-01-25 22:59:00,7.0
LOG208782,W0438,Morning,2025-03-22 00:29:00,2025-03-22 09:29:00,9.0
LOG208784,W0341,Evening,2025-01-13 12:49:00,2025-01-13 19:49:00,7.0
LOG208787,W0363,Morning,2025-06-12 09:37:00,2025-06-12 18:37:00,9.0
LOG208789,W0104,Evening,2025-03-16 06:44:00,2025-03-16 12:44:00,6.0
LOG208791,W0318,Morning,2025-05-12 08:24:00,2025-05-12 16:24:00,8.0
LOG208793,W0468,Night,2025-05-30 20:11:00,2025-05-31 04:11:00,8.0
LOG208795,W0025,Night,2025-02-03 21:59:00,2025-02-04 05:59:00,8.0
LOG208796,W0445,Night,2025-06-05 00:45:00,2025-06-05 08:45:00,8.0
LOG208797,W0199,Night,2025-04-07 01:45:00,2025-04-07 07:45:00,6.0
LOG208800,W0337,Night,2025-01-30 22:58:00,2025-01-31 07:58:00,9.0
LOG208801,W0120,Night,2025-02-10 16:35:00,2025-02-11 02:35:00,10.0
LOG208802,W0063,Night,2025-01-08 02:15:00,2025-01-08 11:15:00,9.0
LOG208803,W0145,Night,2025-05-02 22:06:00,2025-05-03 06:06:00,8.0
LOG208804,W0060,Night,2025-06-08 02:38:00,2025-06-08 08:38:00,6.0
LOG208805,W0030,Evening,2025-06-12 03:31:00,2025-06-12 11:31:00,8.0
LOG208806,W0009,Night,2025-01-25 11:53:00,2025-01-25 21:53:00,10.0
LOG208809,W0242,Night,2025-03-17 11:32:00,2025-03-17 21:32:00,10.0
LOG208810,W0215,Night,2025-02-01 02:58:00,2025-02-01 10:58:00,8.0
LOG208811,W0068,Evening,2025-05-31 18:31:00,2025-06-01 04:31:00,10.0
LOG208812,W0011,Evening,2025-05-05 11:24:00,2025-05-05 18:24:00,7.0
LOG208813,W0306,Morning,2025-06-22 06:58:00,2025-06-22 15:58:00,9.0
LOG208814,W0146,Evening,2025-05-01 23:09:00,2025-05-02 05:09:00,6.0
LOG208817,W0245,Night,2025-04-25 06:58:00,2025-04-25 15:58:00,9.0
LOG208818,W0362,Morning,2025-01-24 14:25:00,2025-01-24 22:25:00,8.0
LOG208819,W0077,Night,2025-02-24 20:34:00,2025-02-25 05:34:00,9.0
LOG208821,W0150,Evening,2025-06-20 15:02:00,2025-06-20 21:02:00,6.0
LOG208822,W0393,Morning,2025-04-09 21:13:00,2025-04-10 05:13:00,8.0
LOG208823,W0338,Night,2025-02-10 07:10:00,2025-02-10 15:10:00,8.0
LOG208825,W0393,Evening,2025-04-27 00:31:00,2025-04-27 09:31:00,9.0
LOG208826,W0251,Night,2025-02-19 16:22:00,2025-02-20 02:22:00,10.0
LOG208827,W0445,Night,2025-02-21 01:36:00,2025-02-21 09:36:00,8.0
LOG208828,W0056,Night,2025-05-06 03:29:00,2025-05-06 11:29:00,8.0
LOG208830,W0426,Night,2025-04-01 08:26:00,2025-04-01 15:26:00,7.0
LOG208831,W0048,Morning,2025-04-21 19:16:00,2025-04-22 01:16:00,6.0
LOG208833,W0499,Evening,2025-06-20 16:14:00,2025-06-20 22:14:00,6.0
LOG208834,W0316,Evening,2025-05-20 08:59:00,2025-05-20 15:59:00,7.0
LOG208836,W0270,Evening,2025-03-19 21:41:00,2025-03-20 04:41:00,7.0
LOG208838,W0190,Night,2025-04-26 18:43:00,2025-04-27 03:43:00,9.0
LOG208840,W0350,Evening,2025-05-12 21:51:00,2025-05-13 07:51:00,10.0
LOG208841,W0200,Night,2025-01-29 13:47:00,2025-01-29 19:47:00,6.0
LOG208843,W0311,Morning,2025-03-14 16:47:00,2025-03-15 01:47:00,9.0
LOG208844,W0150,Night,2025-04-13 11:36:00,2025-04-13 21:36:00,10.0
LOG208846,W0383,Morning,2025-06-26 18:08:00,2025-06-27 03:08:00,9.0
LOG208848,W0002,Evening,2025-06-18 05:04:00,2025-06-18 13:04:00,8.0
LOG208850,W0164,Night,2025-01-30 23:01:00,2025-01-31 06:01:00,7.0
LOG208851,W0006,Night,2025-04-09 15:40:00,2025-04-09 23:40:00,8.0
LOG208852,W0159,Morning,2025-06-04 13:56:00,2025-06-04 22:56:00,9.0
LOG208854,W0221,Evening,2025-05-23 19:22:00,2025-05-24 05:22:00,10.0
LOG208855,W0221,Night,2025-05-25 17:40:00,2025-05-25 23:40:00,6.0
LOG208857,W0273,Night,2025-02-16 18:50:00,2025-02-17 02:50:00,8.0
LOG208858,W0214,Morning,2025-04-12 03:34:00,2025-04-12 12:34:00,9.0
LOG208859,W0120,Night,2025-01-11 18:33:00,2025-01-12 02:33:00,8.0
LOG208861,W0484,Evening,2025-01-06 19:34:00,2025-01-07 04:34:00,9.0
LOG208863,W0024,Evening,2025-05-25 04:44:00,2025-05-25 10:44:00,6.0
LOG208865,W0181,Night,2025-03-13 14:31:00,2025-03-14 00:31:00,10.0
LOG208866,W0415,Morning,2025-06-18 18:13:00,2025-06-19 02:13:00,8.0
LOG208867,W0003,Night,2025-05-22 17:29:00,2025-05-22 23:29:00,6.0
LOG208868,W0336,Morning,2025-05-27 07:14:00,2025-05-27 15:14:00,8.0
LOG208870,W0052,Night,2025-06-27 15:41:00,2025-06-27 22:41:00,7.0
LOG208872,W0138,Night,2025-02-02 03:05:00,2025-02-02 12:05:00,9.0
LOG208873,W0378,Evening,2025-05-19 03:32:00,2025-05-19 13:32:00,10.0
LOG208876,W0473,Evening,2025-06-21 10:07:00,2025-06-21 18:07:00,8.0
LOG208877,W0054,Evening,2025-04-22 13:00:00,2025-04-22 23:00:00,10.0
LOG208878,W0134,Evening,2025-05-01 07:48:00,2025-05-01 14:48:00,7.0
LOG208881,W0295,Morning,2025-05-03 09:35:00,2025-05-03 19:35:00,10.0
LOG208882,W0157,Evening,2025-06-19 22:04:00,2025-06-20 07:04:00,9.0
LOG208884,W0082,Evening,2025-01-10 11:03:00,2025-01-10 17:03:00,6.0
LOG208886,W0331,Night,2025-01-11 10:17:00,2025-01-11 17:17:00,7.0
LOG208887,W0171,Night,2025-05-10 13:55:00,2025-05-10 20:55:00,7.0
LOG208888,W0374,Night,2025-05-21 20:58:00,2025-05-22 05:58:00,9.0
LOG208889,W0412,Morning,2025-02-21 08:28:00,2025-02-21 18:28:00,10.0
LOG208890,W0399,Night,2025-05-04 05:11:00,2025-05-04 12:11:00,7.0
LOG208892,W0338,Morning,2025-01-31 22:13:00,2025-02-01 04:13:00,6.0
LOG208893,W0480,Night,2025-05-21 19:25:00,2025-05-22 02:25:00,7.0
LOG208895,W0053,Morning,2025-06-05 01:43:00,2025-06-05 11:43:00,10.0
LOG208897,W0500,Evening,2025-04-26 06:52:00,2025-04-26 16:52:00,10.0
LOG208899,W0157,Evening,2025-05-06 01:48:00,2025-05-06 10:48:00,9.0
LOG208900,W0448,Evening,2025-01-19 09:53:00,2025-01-19 15:53:00,6.0
LOG208901,W0060,Evening,2025-05-19 15:14:00,2025-05-19 23:14:00,8.0
LOG208903,W0101,Morning,2025-05-24 01:09:00,2025-05-24 08:09:00,7.0
LOG208904,W0184,Night,2025-04-13 11:31:00,2025-04-13 17:31:00,6.0
LOG208906,W0195,Morning,2025-05-21 14:19:00,2025-05-22 00:19:00,10.0
LOG208907,W0215,Night,2025-02-15 16:38:00,2025-02-15 22:38:00,6.0
LOG208909,W0292,Evening,2025-01-25 05:04:00,2025-01-25 15:04:00,10.0
LOG208910,W0297,Evening,2025-05-21 15:18:00,2025-05-21 21:18:00,6.0
LOG208912,W0007,Evening,2025-03-12 11:52:00,2025-03-12 18:52:00,7.0
LOG208915,W0194,Night,2025-02-21 15:20:00,2025-02-21 21:20:00,6.0
LOG208916,W0216,Night,2025-02-17 12:19:00,2025-02-17 18:19:00,6.0
LOG208917,W0282,Night,2025-03-24 18:06:00,2025-03-25 02:06:00,8.0
LOG208918,W0312,Evening,2025-06-08 13:02:00,2025-06-08 21:02:00,8.0
LOG208919,W0363,Night,2025-02-21 04:40:00,2025-02-21 10:40:00,6.0
LOG208920,W0157,Night,2025-05-13 16:36:00,2025-05-13 22:36:00,6.0
LOG208922,W0448,Night,2025-01-17 15:31:00,2025-01-17 23:31:00,8.0
LOG208923,W0493,Night,2025-01-26 16:07:00,2025-01-26 23:07:00,7.0
LOG208925,W0319,Morning,2025-04-30 08:32:00,2025-04-30 15:32:00,7.0
LOG208927,W0470,Night,2025-02-03 19:00:00,2025-02-04 05:00:00,10.0
LOG208928,W0020,Night,2025-01-31 17:27:00,2025-02-01 02:27:00,9.0
LOG208929,W0358,Night,2025-05-31 22:27:00,2025-06-01 07:27:00,9.0
LOG208930,W0214,Morning,2025-04-23 21:06:00,2025-04-24 04:06:00,7.0
LOG208931,W0394,Night,2025-05-24 16:00:00,2025-05-24 23:00:00,7.0
LOG208932,W0093,Evening,2025-01-04 17:02:00,2025-01-05 02:02:00,9.0
LOG208933,W0058,Night,2025-03-03 03:31:00,2025-03-03 10:31:00,7.0
LOG208934,W0411,Morning,2025-05-27 13:02:00,2025-05-27 19:02:00,6.0
LOG208935,W0100,Night,2025-06-04 12:27:00,2025-06-04 21:27:00,9.0
LOG208936,W0496,Night,2025-03-19 13:39:00,2025-03-19 23:39:00,10.0
LOG208937,W0031,Night,2025-05-28 11:30:00,2025-05-28 18:30:00,7.0
LOG208938,W0413,Evening,2025-02-03 12:14:00,2025-02-03 19:14:00,7.0
LOG208939,W0279,Night,2025-05-04 08:14:00,2025-05-04 16:14:00,8.0
LOG208941,W0135,Evening,2025-01-16 23:51:00,2025-01-17 05:51:00,6.0
LOG208942,W0169,Night,2025-04-03 19:27:00,2025-04-04 04:27:00,9.0
LOG208943,W0330,Evening,2025-02-20 02:28:00,2025-02-20 11:28:00,9.0
LOG208945,W0217,Morning,2025-05-17 23:49:00,2025-05-18 07:49:00,8.0
LOG208947,W0186,Night,2025-02-13 22:26:00,2025-02-14 06:26:00,8.0
LOG208949,W0280,Night,2025-05-25 06:43:00,2025-05-25 12:43:00,6.0
LOG208950,W0236,Night,2025-06-15 14:49:00,2025-06-16 00:49:00,10.0
LOG208951,W0366,Morning,2025-02-15 21:53:00,2025-02-16 05:53:00,8.0
LOG208953,W0380,Night,2025-02-02 20:19:00,2025-02-03 02:19:00,6.0
LOG208954,W0351,Morning,2025-01-08 13:04:00,2025-01-08 19:04:00,6.0
LOG208958,W0100,Evening,2025-02-14 00:29:00,2025-02-14 06:29:00,6.0
LOG208959,W0459,Night,2025-02-05 01:31:00,2025-02-05 08:31:00,7.0
LOG208960,W0112,Night,2025-03-08 16:51:00,2025-03-09 02:51:00,10.0
LOG208961,W0409,Morning,2025-05-31 17:36:00,2025-06-01 02:36:00,9.0
LOG208962,W0350,Evening,2025-02-03 21:42:00,2025-02-04 05:42:00,8.0
LOG208966,W0427,Morning,2025-02-20 09:44:00,2025-02-20 18:44:00,9.0
LOG208969,W0092,Night,2025-04-22 10:34:00,2025-04-22 19:34:00,9.0
LOG208970,W0203,Night,2025-01-22 08:36:00,2025-01-22 14:36:00,6.0
LOG208971,W0356,Evening,2025-06-17 14:26:00,2025-06-17 20:26:00,6.0
LOG208972,W0055,Night,2025-02-24 19:34:00,2025-02-25 04:34:00,9.0
LOG208976,W0285,Evening,2025-01-03 01:31:00,2025-01-03 07:31:00,6.0
LOG208978,W0308,Evening,2025-04-02 13:02:00,2025-04-02 21:02:00,8.0
LOG208979,W0257,Morning,2025-04-10 01:11:00,2025-04-10 11:11:00,10.0
LOG208981,W0396,Night,2025-05-09 14:13:00,2025-05-09 20:13:00,6.0
LOG208982,W0388,Night,2025-01-11 21:23:00,2025-01-12 06:23:00,9.0
LOG208985,W0420,Night,2025-04-29 06:45:00,2025-04-29 12:45:00,6.0
LOG208986,W0371,Evening,2025-01-16 23:54:00,2025-01-17 07:54:00,8.0
LOG208987,W0437,Night,2025-01-07 15:35:00,2025-01-07 21:35:00,6.0
LOG208988,W0235,Night,2025-02-10 23:10:00,2025-02-11 09:10:00,10.0
LOG208989,W0037,Morning,2025-05-11 17:33:00,2025-05-12 03:33:00,10.0
LOG208992,W0097,Evening,2025-05-02 10:40:00,2025-05-02 19:40:00,9.0
LOG208994,W0290,Evening,2025-03-12 16:12:00,2025-03-13 00:12:00,8.0
LOG208996,W0371,Night,2025-03-17 18:18:00,2025-03-18 02:18:00,8.0
LOG208997,W0227,Morning,2025-01-22 23:27:00,2025-01-23 08:27:00,9.0
LOG208998,W0411,Morning,2025-02-27 22:43:00,2025-02-28 08:43:00,10.0
LOG208999,W0351,Night,2025-02-06 22:24:00,2025-02-07 04:24:00,6.0
LOG209001,W0001,Evening,2025-01-14 14:07:00,2025-01-14 21:07:00,7.0
LOG209002,W0286,Night,2025-06-03 23:29:00,2025-06-04 09:29:00,10.0
LOG209003,W0073,Night,2025-02-26 03:57:00,2025-02-26 10:57:00,7.0
LOG209004,W0338,Night,2025-05-29 18:08:00,2025-05-30 02:08:00,8.0
LOG209005,W0049,Night,2025-01-16 21:02:00,2025-01-17 07:02:00,10.0
LOG209006,W0421,Evening,2025-06-09 02:49:00,2025-06-09 08:49:00,6.0
LOG209008,W0169,Morning,2025-02-24 09:54:00,2025-02-24 17:54:00,8.0
LOG209009,W0338,Evening,2025-06-13 14:38:00,2025-06-13 20:38:00,6.0
LOG209010,W0279,Night,2025-02-25 03:56:00,2025-02-25 13:56:00,10.0
LOG209011,W0045,Morning,2025-06-20 23:31:00,2025-06-21 09:31:00,10.0
LOG209012,W0146,Night,2025-03-13 04:51:00,2025-03-13 11:51:00,7.0
LOG209013,W0265,Night,2025-01-28 22:56:00,2025-01-29 04:56:00,6.0
LOG209015,W0341,Night,2025-05-01 19:59:00,2025-05-02 02:59:00,7.0
LOG209016,W0381,Evening,2025-02-12 04:01:00,2025-02-12 13:01:00,9.0
LOG209017,W0151,Morning,2025-03-21 08:24:00,2025-03-21 17:24:00,9.0
LOG209018,W0005,Night,2025-03-15 10:49:00,2025-03-15 16:49:00,6.0
LOG209019,W0166,Night,2025-04-19 09:48:00,2025-04-19 19:48:00,10.0
LOG209023,W0220,Morning,2025-03-31 03:02:00,2025-03-31 13:02:00,10.0
LOG209024,W0193,Morning,2025-03-07 06:35:00,2025-03-07 14:35:00,8.0
LOG209025,W0422,Night,2025-02-14 12:06:00,2025-02-14 18:06:00,6.0
LOG209026,W0034,Night,2025-05-28 15:44:00,2025-05-28 21:44:00,6.0
LOG209027,W0150,Morning,2025-03-04 18:49:00,2025-03-05 04:49:00,10.0
LOG209028,W0317,Morning,2025-05-15 04:47:00,2025-05-15 10:47:00,6.0
LOG209029,W0423,Night,2025-04-29 15:16:00,2025-04-29 23:16:00,8.0
LOG209030,W0362,Night,2025-02-24 20:33:00,2025-02-25 05:33:00,9.0
LOG209031,W0118,Morning,2025-03-29 07:51:00,2025-03-29 16:51:00,9.0
LOG209032,W0075,Night,2025-06-04 10:55:00,2025-06-04 19:55:00,9.0
LOG209033,W0455,Morning,2025-04-11 16:35:00,2025-04-12 02:35:00,10.0
LOG209035,W0343,Evening,2025-05-19 02:17:00,2025-05-19 08:17:00,6.0
LOG209036,W0362,Night,2025-04-08 18:47:00,2025-04-09 03:47:00,9.0
LOG209037,W0083,Night,2025-03-01 14:45:00,2025-03-01 22:45:00,8.0
LOG209039,W0271,Night,2025-03-29 20:08:00,2025-03-30 04:08:00,8.0
LOG209041,W0151,Morning,2025-06-05 12:33:00,2025-06-05 22:33:00,10.0
LOG209044,W0271,Morning,2025-05-09 02:59:00,2025-05-09 09:59:00,7.0
LOG209046,W0090,Night,2025-06-05 12:53:00,2025-06-05 19:53:00,7.0
LOG209047,W0046,Morning,2025-03-03 22:46:00,2025-03-04 06:46:00,8.0
LOG209048,W0267,Evening,2025-05-17 20:45:00,2025-05-18 02:45:00,6.0
LOG209049,W0199,Evening,2025-04-26 15:07:00,2025-04-26 23:07:00,8.0
LOG209050,W0249,Night,2025-06-25 05:57:00,2025-06-25 11:57:00,6.0
LOG209051,W0322,Night,2025-02-09 06:16:00,2025-02-09 15:16:00,9.0
LOG209053,W0372,Morning,2025-04-16 18:57:00,2025-04-17 04:57:00,10.0
LOG209054,W0213,Night,2025-01-28 19:17:00,2025-01-29 02:17:00,7.0
LOG209057,W0081,Night,2025-02-09 06:03:00,2025-02-09 15:03:00,9.0
LOG209059,W0303,Night,2025-01-18 16:36:00,2025-01-19 02:36:00,10.0
LOG209061,W0180,Evening,2025-01-01 20:33:00,2025-01-02 04:33:00,8.0
LOG209062,W0413,Morning,2025-02-21 21:31:00,2025-02-22 07:31:00,10.0
LOG209063,W0439,Evening,2025-01-26 23:55:00,2025-01-27 06:55:00,7.0
LOG209064,W0372,Night,2025-04-12 05:51:00,2025-04-12 15:51:00,10.0
LOG209065,W0414,Evening,2025-06-06 06:41:00,2025-06-06 15:41:00,9.0
LOG209066,W0387,Night,2025-02-02 18:56:00,2025-02-03 01:56:00,7.0
LOG209067,W0381,Morning,2025-04-10 07:50:00,2025-04-10 17:50:00,10.0
LOG209068,W0339,Morning,2025-02-28 07:50:00,2025-02-28 17:50:00,10.0
LOG209069,W0304,Night,2025-05-23 00:34:00,2025-05-23 09:34:00,9.0
LOG209070,W0077,Night,2025-06-14 18:45:00,2025-06-15 04:45:00,10.0
LOG209072,W0179,Evening,2025-03-10 15:15:00,2025-03-10 21:15:00,6.0
LOG209073,W0142,Night,2025-04-22 06:15:00,2025-04-22 13:15:00,7.0
LOG209074,W0030,Evening,2025-02-15 11:35:00,2025-02-15 17:35:00,6.0
LOG209075,W0115,Night,2025-06-01 17:23:00,2025-06-01 23:23:00,6.0
LOG209078,W0317,Morning,2025-03-30 02:31:00,2025-03-30 11:31:00,9.0
LOG209079,W0302,Morning,2025-01-20 14:10:00,2025-01-20 20:10:00,6.0
LOG209081,W0384,Night,2025-03-02 08:16:00,2025-03-02 18:16:00,10.0
LOG209082,W0352,Morning,2025-05-23 05:14:00,2025-05-23 15:14:00,10.0
LOG209083,W0009,Evening,2025-06-20 06:37:00,2025-06-20 15:37:00,9.0
LOG209084,W0051,Evening,2025-03-16 16:08:00,2025-03-16 23:08:00,7.0
LOG209085,W0371,Evening,2025-04-21 03:48:00,2025-04-21 09:48:00,6.0
LOG209086,W0111,Evening,2025-05-24 10:36:00,2025-05-24 16:36:00,6.0
LOG209087,W0413,Morning,2025-06-15 00:17:00,2025-06-15 06:17:00,6.0
LOG209088,W0086,Morning,2025-04-03 10:36:00,2025-04-03 17:36:00,7.0
LOG209089,W0418,Evening,2025-01-22 11:35:00,2025-01-22 17:35:00,6.0
LOG209090,W0438,Morning,2025-05-01 08:24:00,2025-05-01 15:24:00,7.0
LOG209091,W0238,Evening,2025-02-04 05:39:00,2025-02-04 11:39:00,6.0
LOG209092,W0361,Night,2025-01-04 06:52:00,2025-01-04 16:52:00,10.0
LOG209093,W0310,Night,2025-02-24 07:46:00,2025-02-24 17:46:00,10.0
LOG209094,W0268,Night,2025-04-06 16:04:00,2025-04-06 23:04:00,7.0
LOG209095,W0469,Morning,2025-06-20 12:32:00,2025-06-20 22:32:00,10.0
LOG209096,W0255,Evening,2025-01-07 03:16:00,2025-01-07 13:16:00,10.0
LOG209097,W0414,Morning,2025-06-24 08:35:00,2025-06-24 16:35:00,8.0
LOG209098,W0305,Night,2025-03-05 03:15:00,2025-03-05 13:15:00,10.0
LOG209099,W0465,Evening,2025-02-20 00:29:00,2025-02-20 06:29:00,6.0
LOG209100,W0365,Evening,2025-04-03 07:22:00,2025-04-03 13:22:00,6.0
LOG209101,W0174,Morning,2025-06-10 06:40:00,2025-06-10 15:40:00,9.0
LOG209102,W0432,Night,2025-06-20 19:25:00,2025-06-21 05:25:00,10.0
LOG209103,W0398,Night,2025-05-24 18:34:00,2025-05-25 02:34:00,8.0
LOG209104,W0397,Night,2025-01-24 17:16:00,2025-01-24 23:16:00,6.0
LOG209105,W0441,Night,2025-05-14 09:36:00,2025-05-14 18:36:00,9.0
LOG209106,W0121,Morning,2025-03-10 03:21:00,2025-03-10 11:21:00,8.0
LOG209108,W0376,Morning,2025-06-15 14:56:00,2025-06-16 00:56:00,10.0
LOG209109,W0254,Evening,2025-01-03 00:53:00,2025-01-03 10:53:00,10.0
LOG209111,W0007,Night,2025-03-21 03:34:00,2025-03-21 09:34:00,6.0
LOG209112,W0044,Evening,2025-02-22 14:22:00,2025-02-23 00:22:00,10.0
LOG209113,W0298,Night,2025-03-02 18:32:00,2025-03-03 01:32:00,7.0
LOG209114,W0020,Evening,2025-01-02 09:15:00,2025-01-02 17:15:00,8.0
LOG209115,W0410,Morning,2025-02-10 20:26:00,2025-02-11 03:26:00,7.0
LOG209118,W0489,Night,2025-05-29 07:11:00,2025-05-29 16:11:00,9.0
LOG209119,W0098,Evening,2025-04-03 09:52:00,2025-04-03 15:52:00,6.0
LOG209120,W0409,Night,2025-06-07 20:30:00,2025-06-08 06:30:00,10.0
LOG209121,W0434,Night,2025-04-19 05:23:00,2025-04-19 11:23:00,6.0
LOG209123,W0314,Morning,2025-05-02 12:24:00,2025-05-02 19:24:00,7.0
LOG209126,W0315,Night,2025-05-27 06:15:00,2025-05-27 16:15:00,10.0
LOG209128,W0160,Evening,2025-05-19 21:55:00,2025-05-20 04:55:00,7.0
LOG209129,W0034,Night,2025-06-05 20:11:00,2025-06-06 03:11:00,7.0
LOG209130,W0428,Evening,2025-01-21 17:35:00,2025-01-22 03:35:00,10.0
LOG209131,W0162,Night,2025-05-30 00:18:00,2025-05-30 07:18:00,7.0
LOG209132,W0062,Morning,2025-02-04 04:37:00,2025-02-04 14:37:00,10.0
LOG209133,W0442,Night,2025-02-16 14:00:00,2025-02-16 20:00:00,6.0
LOG209134,W0193,Night,2025-04-01 23:07:00,2025-04-02 06:07:00,7.0
LOG209135,W0337,Evening,2025-05-17 11:52:00,2025-05-17 21:52:00,10.0
LOG209136,W0500,Morning,2025-02-12 07:09:00,2025-02-12 15:09:00,8.0
LOG209137,W0222,Night,2025-03-08 20:26:00,2025-03-09 06:26:00,10.0
LOG209138,W0089,Evening,2025-04-14 14:27:00,2025-04-14 20:27:00,6.0
LOG209139,W0126,Morning,2025-06-02 19:20:00,2025-06-03 01:20:00,6.0
LOG209140,W0360,Morning,2025-01-18 09:25:00,2025-01-18 15:25:00,6.0
LOG209141,W0464,Night,2025-02-06 01:07:00,2025-02-06 07:07:00,6.0
LOG209142,W0267,Night,2025-02-06 11:24:00,2025-02-06 18:24:00,7.0
LOG209143,W0296,Night,2025-01-21 17:52:00,2025-01-21 23:52:00,6.0
LOG209147,W0375,Evening,2025-04-22 16:29:00,2025-04-23 00:29:00,8.0
LOG209148,W0223,Evening,2025-02-05 01:26:00,2025-02-05 11:26:00,10.0
LOG209149,W0367,Night,2025-04-21 18:25:00,2025-04-22 01:25:00,7.0
LOG209150,W0457,Night,2025-01-07 20:04:00,2025-01-08 06:04:00,10.0
LOG209151,W0049,Evening,2025-06-04 14:31:00,2025-06-04 21:31:00,7.0
LOG209153,W0094,Morning,2025-05-01 00:48:00,2025-05-01 09:48:00,9.0
LOG209154,W0430,Evening,2025-04-14 14:55:00,2025-04-15 00:55:00,10.0
LOG209155,W0196,Evening,2025-05-17 05:21:00,2025-05-17 14:21:00,9.0
LOG209157,W0369,Night,2025-02-04 00:01:00,2025-02-04 08:01:00,8.0
LOG209159,W0108,Night,2025-05-26 13:36:00,2025-05-26 21:36:00,8.0
LOG209160,W0289,Night,2025-03-21 15:24:00,2025-03-22 01:24:00,10.0
LOG209161,W0111,Night,2025-05-29 18:35:00,2025-05-30 03:35:00,9.0
LOG209162,W0199,Evening,2025-02-23 03:26:00,2025-02-23 12:26:00,9.0
LOG209163,W0005,Night,2025-03-12 16:13:00,2025-03-13 00:13:00,8.0
LOG209164,W0215,Night,2025-02-01 11:13:00,2025-02-01 17:13:00,6.0
LOG209165,W0242,Evening,2025-02-19 01:05:00,2025-02-19 07:05:00,6.0
LOG209167,W0117,Night,2025-04-06 16:58:00,2025-04-07 01:58:00,9.0
LOG209168,W0415,Evening,2025-04-05 21:19:00,2025-04-06 05:19:00,8.0
LOG209169,W0234,Night,2025-03-31 03:57:00,2025-03-31 13:57:00,10.0
LOG209171,W0273,Night,2025-01-21 07:52:00,2025-01-21 14:52:00,7.0
LOG209172,W0281,Evening,2025-02-21 03:00:00,2025-02-21 12:00:00,9.0
LOG209173,W0171,Night,2025-04-23 01:49:00,2025-04-23 10:49:00,9.0
LOG209174,W0254,Night,2025-03-09 07:15:00,2025-03-09 13:15:00,6.0
LOG209175,W0202,Night,2025-01-27 07:25:00,2025-01-27 16:25:00,9.0
LOG209176,W0071,Evening,2025-05-29 20:13:00,2025-05-30 06:13:00,10.0
LOG209177,W0018,Night,2025-02-06 06:37:00,2025-02-06 16:37:00,10.0
LOG209178,W0421,Night,2025-01-29 17:44:00,2025-01-30 01:44:00,8.0
LOG209181,W0233,Night,2025-02-06 18:13:00,2025-02-07 02:13:00,8.0
LOG209184,W0500,Night,2025-02-18 04:37:00,2025-02-18 12:37:00,8.0
LOG209185,W0042,Night,2025-04-01 22:31:00,2025-04-02 07:31:00,9.0
LOG209186,W0011,Night,2025-04-21 12:34:00,2025-04-21 19:34:00,7.0
LOG209187,W0019,Evening,2025-06-03 10:49:00,2025-06-03 18:49:00,8.0
LOG209188,W0162,Morning,2025-03-24 22:45:00,2025-03-25 08:45:00,10.0
LOG209189,W0221,Morning,2025-03-30 06:47:00,2025-03-30 13:47:00,7.0
LOG209190,W0321,Morning,2025-04-14 04:35:00,2025-04-14 13:35:00,9.0
LOG209191,W0341,Night,2025-04-21 07:29:00,2025-04-21 15:29:00,8.0
LOG209192,W0188,Morning,2025-05-15 18:47:00,2025-05-16 04:47:00,10.0
LOG209193,W0017,Morning,2025-04-12 08:29:00,2025-04-12 15:29:00,7.0
LOG209194,W0293,Night,2025-01-25 20:18:00,2025-01-26 02:18:00,6.0
LOG209197,W0165,Night,2025-01-08 02:34:00,2025-01-08 08:34:00,6.0
LOG209198,W0387,Night,2025-01-14 14:51:00,2025-01-14 20:51:00,6.0
LOG209199,W0437,Morning,2025-04-24 09:56:00,2025-04-24 19:56:00,10.0
LOG209200,W0166,Evening,2025-04-26 10:05:00,2025-04-26 19:05:00,9.0
LOG209201,W0262,Night,2025-06-17 11:06:00,2025-06-17 21:06:00,10.0
LOG209202,W0332,Night,2025-02-12 06:44:00,2025-02-12 15:44:00,9.0
LOG209203,W0042,Morning,2025-05-17 12:41:00,2025-05-17 20:41:00,8.0
LOG209204,W0372,Morning,2025-03-17 19:39:00,2025-03-18 04:39:00,9.0
LOG209206,W0256,Evening,2025-03-12 17:56:00,2025-03-13 01:56:00,8.0
LOG209207,W0054,Night,2025-06-07 23:00:00,2025-06-08 08:00:00,9.0
LOG209208,W0070,Evening,2025-01-11 04:18:00,2025-01-11 10:18:00,6.0
LOG209209,W0162,Evening,2025-04-02 01:09:00,2025-04-02 10:09:00,9.0
LOG209211,W0417,Night,2025-06-22 23:02:00,2025-06-23 06:02:00,7.0
LOG209212,W0029,Night,2025-04-15 00:26:00,2025-04-15 06:26:00,6.0
LOG209213,W0395,Night,2025-03-07 03:54:00,2025-03-07 09:54:00,6.0
LOG209214,W0356,Evening,2025-04-17 03:08:00,2025-04-17 09:08:00,6.0
LOG209215,W0107,Night,2025-04-11 01:17:00,2025-04-11 07:17:00,6.0
LOG209216,W0117,Night,2025-05-13 09:12:00,2025-05-13 17:12:00,8.0
LOG209217,W0433,Evening,2025-01-01 01:18:00,2025-01-01 11:18:00,10.0
LOG209218,W0500,Evening,2025-03-26 01:39:00,2025-03-26 07:39:00,6.0
LOG209219,W0243,Night,2025-06-12 07:17:00,2025-06-12 13:17:00,6.0
LOG209220,W0178,Night,2025-04-28 16:20:00,2025-04-28 22:20:00,6.0
LOG209221,W0315,Morning,2025-05-01 21:12:00,2025-05-02 05:12:00,8.0
LOG209222,W0388,Night,2025-03-20 11:38:00,2025-03-20 19:38:00,8.0
LOG209223,W0344,Evening,2025-04-03 15:25:00,2025-04-03 21:25:00,6.0
LOG209224,W0218,Night,2025-06-07 19:06:00,2025-06-08 04:06:00,9.0
LOG209225,W0053,Night,2025-06-25 03:59:00,2025-06-25 12:59:00,9.0
LOG209226,W0126,Night,2025-04-29 05:10:00,2025-04-29 13:10:00,8.0
LOG209227,W0326,Night,2025-04-30 10:22:00,2025-04-30 19:22:00,9.0
LOG209228,W0130,Evening,2025-01-05 09:58:00,2025-01-05 19:58:00,10.0
LOG209229,W0463,Morning,2025-03-26 15:18:00,2025-03-26 21:18:00,6.0
LOG209230,W0046,Night,2025-02-21 14:05:00,2025-02-21 22:05:00,8.0
LOG209232,W0213,Night,2025-04-03 21:32:00,2025-04-04 05:32:00,8.0
LOG209233,W0205,Evening,2025-01-23 16:17:00,2025-01-24 00:17:00,8.0
LOG209234,W0073,Morning,2025-01-27 03:05:00,2025-01-27 13:05:00,10.0
LOG209235,W0344,Morning,2025-02-15 03:26:00,2025-02-15 12:26:00,9.0
LOG209237,W0442,Evening,2025-04-16 02:09:00,2025-04-16 09:09:00,7.0
LOG209238,W0152,Morning,2025-04-06 05:05:00,2025-04-06 14:05:00,9.0
LOG209240,W0179,Morning,2025-06-21 05:53:00,2025-06-21 14:53:00,9.0
LOG209242,W0113,Night,2025-03-27 06:52:00,2025-03-27 12:52:00,6.0
LOG209244,W0180,Evening,2025-04-15 07:28:00,2025-04-15 15:28:00,8.0
LOG209247,W0485,Morning,2025-01-17 07:58:00,2025-01-17 17:58:00,10.0
LOG209248,W0493,Morning,2025-01-20 21:27:00,2025-01-21 07:27:00,10.0
LOG209249,W0340,Morning,2025-04-02 22:34:00,2025-04-03 08:34:00,10.0
LOG209250,W0262,Night,2025-05-06 21:12:00,2025-05-07 07:12:00,10.0
LOG209251,W0303,Night,2025-03-11 10:07:00,2025-03-11 19:07:00,9.0
LOG209253,W0382,Evening,2025-05-09 02:30:00,2025-05-09 11:30:00,9.0
LOG209254,W0270,Night,2025-03-15 19:07:00,2025-03-16 01:07:00,6.0
LOG209255,W0499,Night,2025-03-21 21:26:00,2025-03-22 05:26:00,8.0
LOG209256,W0168,Evening,2025-05-27 08:03:00,2025-05-27 16:03:00,8.0
LOG209257,W0391,Night,2025-02-01 10:45:00,2025-02-01 20:45:00,10.0
LOG209258,W0238,Morning,2025-06-10 14:22:00,2025-06-10 21:22:00,7.0
LOG209259,W0267,Night,2025-02-19 10:51:00,2025-02-19 18:51:00,8.0
LOG209261,W0489,Evening,2025-06-01 03:28:00,2025-06-01 13:28:00,10.0
LOG209262,W0377,Morning,2025-06-15 13:39:00,2025-06-15 19:39:00,6.0
LOG209264,W0040,Night,2025-01-26 08:27:00,2025-01-26 16:27:00,8.0
LOG209265,W0386,Night,2025-01-06 13:03:00,2025-01-06 19:03:00,6.0
LOG209266,W0061,Night,2025-01-14 10:23:00,2025-01-14 16:23:00,6.0
LOG209268,W0432,Night,2025-01-03 10:19:00,2025-01-03 18:19:00,8.0
LOG209269,W0469,Night,2025-03-17 06:03:00,2025-03-17 13:03:00,7.0
LOG209270,W0275,Morning,2025-03-24 06:18:00,2025-03-24 14:18:00,8.0
LOG209271,W0419,Night,2025-06-27 09:01:00,2025-06-27 15:01:00,6.0
LOG209272,W0208,Night,2025-01-27 02:11:00,2025-01-27 08:11:00,6.0
LOG209273,W0066,Morning,2025-06-08 13:08:00,2025-06-08 22:08:00,9.0
LOG209275,W0264,Evening,2025-06-24 00:24:00,2025-06-24 07:24:00,7.0
LOG209277,W0004,Morning,2025-01-12 21:40:00,2025-01-13 04:40:00,7.0
LOG209278,W0032,Night,2025-05-03 12:59:00,2025-05-03 22:59:00,10.0
LOG209279,W0089,Morning,2025-01-23 17:18:00,2025-01-24 01:18:00,8.0
LOG209280,W0456,Night,2025-04-26 09:13:00,2025-04-26 15:13:00,6.0
LOG209281,W0001,Night,2025-04-08 13:49:00,2025-04-08 22:49:00,9.0
LOG209283,W0487,Evening,2025-03-27 11:46:00,2025-03-27 18:46:00,7.0
LOG209284,W0381,Evening,2025-03-12 08:01:00,2025-03-12 16:01:00,8.0
LOG209285,W0047,Evening,2025-02-26 00:14:00,2025-02-26 10:14:00,10.0
LOG209286,W0452,Night,2025-03-27 00:21:00,2025-03-27 09:21:00,9.0
LOG209287,W0123,Night,2025-06-01 23:50:00,2025-06-02 06:50:00,7.0
LOG209288,W0123,Night,2025-01-19 02:12:00,2025-01-19 09:12:00,7.0
LOG209289,W0367,Night,2025-05-07 04:15:00,2025-05-07 14:15:00,10.0
LOG209290,W0357,Evening,2025-05-10 15:44:00,2025-05-10 21:44:00,6.0
LOG209293,W0075,Evening,2025-01-24 05:49:00,2025-01-24 11:49:00,6.0
LOG209294,W0123,Morning,2025-04-28 06:46:00,2025-04-28 13:46:00,7.0
LOG209295,W0018,Morning,2025-03-17 09:10:00,2025-03-17 15:10:00,6.0
LOG209296,W0242,Evening,2025-04-19 03:28:00,2025-04-19 13:28:00,10.0
LOG209297,W0155,Night,2025-04-27 21:09:00,2025-04-28 06:09:00,9.0
LOG209298,W0158,Morning,2025-04-08 23:30:00,2025-04-09 09:30:00,10.0
LOG209299,W0103,Night,2025-05-06 18:51:00,2025-05-07 02:51:00,8.0
LOG209300,W0091,Night,2025-05-30 01:09:00,2025-05-30 10:09:00,9.0
LOG209301,W0368,Morning,2025-06-20 13:46:00,2025-06-20 22:46:00,9.0
LOG209302,W0053,Evening,2025-05-10 23:30:00,2025-05-11 05:30:00,6.0
LOG209304,W0264,Evening,2025-05-24 09:59:00,2025-05-24 15:59:00,6.0
LOG209305,W0027,Evening,2025-02-25 20:07:00,2025-02-26 03:07:00,7.0
LOG209306,W0147,Morning,2025-06-07 16:10:00,2025-06-08 01:10:00,9.0
LOG209307,W0277,Evening,2025-05-03 02:06:00,2025-05-03 09:06:00,7.0
LOG209308,W0371,Night,2025-01-03 07:26:00,2025-01-03 14:26:00,7.0
LOG209309,W0474,Night,2025-06-17 09:56:00,2025-06-17 18:56:00,9.0
LOG209311,W0423,Evening,2025-04-17 11:13:00,2025-04-17 18:13:00,7.0
LOG209312,W0476,Morning,2025-01-24 14:33:00,2025-01-25 00:33:00,10.0
LOG209314,W0147,Night,2025-06-23 23:36:00,2025-06-24 07:36:00,8.0
LOG209317,W0346,Evening,2025-01-11 20:47:00,2025-01-12 02:47:00,6.0
LOG209318,W0259,Evening,2025-04-08 17:46:00,2025-04-08 23:46:00,6.0
LOG209319,W0158,Evening,2025-04-07 20:17:00,2025-04-08 06:17:00,10.0
LOG209320,W0077,Night,2025-03-01 05:34:00,2025-03-01 12:34:00,7.0
LOG209321,W0133,Night,2025-01-03 19:27:00,2025-01-04 05:27:00,10.0
LOG209322,W0249,Morning,2025-01-24 23:27:00,2025-01-25 05:27:00,6.0
LOG209323,W0121,Night,2025-02-27 17:44:00,2025-02-28 00:44:00,7.0
LOG209324,W0177,Night,2025-02-20 09:05:00,2025-02-20 19:05:00,10.0
LOG209327,W0222,Evening,2025-03-20 20:21:00,2025-03-21 03:21:00,7.0
LOG209328,W0235,Evening,2025-01-03 23:34:00,2025-01-04 09:34:00,10.0
LOG209329,W0418,Evening,2025-01-13 00:46:00,2025-01-13 09:46:00,9.0
LOG209330,W0320,Night,2025-02-01 04:10:00,2025-02-01 14:10:00,10.0
LOG209331,W0061,Night,2025-05-24 17:24:00,2025-05-25 01:24:00,8.0
LOG209333,W0173,Morning,2025-05-16 13:34:00,2025-05-16 19:34:00,6.0
LOG209334,W0500,Morning,2025-03-08 10:33:00,2025-03-08 16:33:00,6.0
LOG209336,W0036,Night,2025-02-11 07:59:00,2025-02-11 16:59:00,9.0
LOG209337,W0422,Evening,2025-04-28 03:02:00,2025-04-28 12:02:00,9.0
LOG209338,W0400,Night,2025-05-26 22:20:00,2025-05-27 04:20:00,6.0
LOG209339,W0343,Night,2025-03-01 11:06:00,2025-03-01 20:06:00,9.0
LOG209340,W0187,Night,2025-06-18 09:01:00,2025-06-18 18:01:00,9.0
LOG209341,W0042,Night,2025-05-05 04:59:00,2025-05-05 10:59:00,6.0
LOG209343,W0124,Night,2025-06-21 13:16:00,2025-06-21 22:16:00,9.0
LOG209344,W0435,Night,2025-01-15 14:40:00,2025-01-15 23:40:00,9.0
LOG209345,W0484,Morning,2025-06-25 17:31:00,2025-06-26 00:31:00,7.0
LOG209346,W0282,Night,2025-05-16 06:06:00,2025-05-16 12:06:00,6.0
LOG209347,W0131,Morning,2025-01-01 17:29:00,2025-01-02 01:29:00,8.0
LOG209349,W0345,Night,2025-05-20 22:04:00,2025-05-21 06:04:00,8.0
LOG209350,W0211,Night,2025-01-11 03:22:00,2025-01-11 09:22:00,6.0
LOG209351,W0079,Night,2025-05-01 23:49:00,2025-05-02 06:49:00,7.0
LOG209352,W0314,Morning,2025-04-17 08:51:00,2025-04-17 15:51:00,7.0
LOG209354,W0470,Evening,2025-04-04 13:51:00,2025-04-04 22:51:00,9.0
LOG209355,W0090,Evening,2025-03-02 13:20:00,2025-03-02 19:20:00,6.0
LOG209356,W0196,Night,2025-01-06 11:47:00,2025-01-06 19:47:00,8.0
LOG209357,W0477,Morning,2025-06-14 01:40:00,2025-06-14 09:40:00,8.0
LOG209358,W0116,Morning,2025-04-22 05:30:00,2025-04-22 13:30:00,8.0
LOG209360,W0300,Evening,2025-02-14 16:26:00,2025-02-15 00:26:00,8.0
LOG209361,W0230,Night,2025-04-17 05:19:00,2025-04-17 12:19:00,7.0
LOG209362,W0450,Morning,2025-03-03 00:00:00,2025-03-03 09:00:00,9.0
LOG209363,W0040,Night,2025-02-07 19:28:00,2025-02-08 01:28:00,6.0
LOG209365,W0333,Night,2025-06-28 06:42:00,2025-06-28 13:42:00,7.0
LOG209366,W0200,Evening,2025-03-16 02:48:00,2025-03-16 11:48:00,9.0
LOG209367,W0177,Evening,2025-05-14 20:57:00,2025-05-15 06:57:00,10.0
LOG209368,W0266,Evening,2025-06-25 10:06:00,2025-06-25 19:06:00,9.0
LOG209369,W0165,Night,2025-05-21 03:05:00,2025-05-21 11:05:00,8.0
LOG209371,W0484,Morning,2025-04-13 07:00:00,2025-04-13 17:00:00,10.0
LOG209372,W0493,Evening,2025-02-17 03:56:00,2025-02-17 10:56:00,7.0
LOG209373,W0463,Night,2025-01-14 04:28:00,2025-01-14 14:28:00,10.0
LOG209374,W0190,Morning,2025-05-15 04:18:00,2025-05-15 14:18:00,10.0
LOG209378,W0474,Morning,2025-05-07 06:37:00,2025-05-07 13:37:00,7.0
LOG209379,W0198,Night,2025-05-28 20:28:00,2025-05-29 02:28:00,6.0
LOG209380,W0099,Night,2025-02-04 08:57:00,2025-02-04 15:57:00,7.0
LOG209382,W0422,Night,2025-03-15 04:59:00,2025-03-15 11:59:00,7.0
LOG209383,W0156,Night,2025-04-22 13:45:00,2025-04-22 22:45:00,9.0
LOG209384,W0255,Evening,2025-02-21 01:54:00,2025-02-21 08:54:00,7.0
LOG209386,W0070,Evening,2025-02-19 16:31:00,2025-02-20 01:31:00,9.0
LOG209388,W0305,Night,2025-06-06 22:28:00,2025-06-07 04:28:00,6.0
LOG209389,W0388,Night,2025-05-27 12:37:00,2025-05-27 18:37:00,6.0
LOG209390,W0272,Morning,2025-01-30 07:40:00,2025-01-30 13:40:00,6.0
LOG209391,W0202,Night,2025-06-10 05:21:00,2025-06-10 11:21:00,6.0
LOG209394,W0133,Night,2025-04-17 08:28:00,2025-04-17 18:28:00,10.0
LOG209396,W0234,Evening,2025-01-24 23:53:00,2025-01-25 05:53:00,6.0
LOG209397,W0206,Night,2025-06-26 11:17:00,2025-06-26 19:17:00,8.0
LOG209399,W0163,Night,2025-01-27 11:10:00,2025-01-27 21:10:00,10.0
LOG209400,W0479,Morning,2025-01-05 03:30:00,2025-01-05 10:30:00,7.0
LOG209401,W0243,Night,2025-06-17 02:35:00,2025-06-17 08:35:00,6.0
LOG209402,W0348,Morning,2025-06-27 19:29:00,2025-06-28 05:29:00,10.0
LOG209403,W0156,Evening,2025-03-23 00:46:00,2025-03-23 09:46:00,9.0
LOG209404,W0023,Night,2025-01-11 00:53:00,2025-01-11 10:53:00,10.0
LOG209407,W0398,Evening,2025-03-18 09:19:00,2025-03-18 17:19:00,8.0
LOG209408,W0026,Evening,2025-01-19 14:38:00,2025-01-20 00:38:00,10.0
LOG209409,W0490,Evening,2025-03-02 13:21:00,2025-03-02 22:21:00,9.0
LOG209410,W0455,Night,2025-05-02 20:03:00,2025-05-03 04:03:00,8.0
LOG209411,W0083,Morning,2025-05-18 09:23:00,2025-05-18 19:23:00,10.0
LOG209412,W0302,Morning,2025-04-03 18:10:00,2025-04-04 01:10:00,7.0
LOG209413,W0450,Evening,2025-03-16 06:57:00,2025-03-16 15:57:00,9.0
LOG209415,W0087,Evening,2025-02-06 00:39:00,2025-02-06 10:39:00,10.0
LOG209416,W0108,Evening,2025-04-09 23:56:00,2025-04-10 07:56:00,8.0
LOG209417,W0310,Night,2025-03-31 01:23:00,2025-03-31 07:23:00,6.0
LOG209418,W0042,Evening,2025-05-12 05:31:00,2025-05-12 13:31:00,8.0
LOG209420,W0089,Morning,2025-06-23 07:54:00,2025-06-23 13:54:00,6.0
LOG209422,W0180,Evening,2025-02-08 05:37:00,2025-02-08 14:37:00,9.0
LOG209423,W0298,Morning,2025-05-06 03:03:00,2025-05-06 11:03:00,8.0
LOG209425,W0335,Night,2025-03-05 01:22:00,2025-03-05 11:22:00,10.0
LOG209426,W0277,Evening,2025-03-02 08:54:00,2025-03-02 17:54:00,9.0
LOG209427,W0051,Night,2025-06-13 07:35:00,2025-06-13 16:35:00,9.0
LOG209428,W0021,Night,2025-04-25 02:36:00,2025-04-25 10:36:00,8.0
LOG209430,W0022,Evening,2025-04-24 21:55:00,2025-04-25 05:55:00,8.0
LOG209432,W0490,Morning,2025-02-28 06:38:00,2025-02-28 13:38:00,7.0
LOG209433,W0459,Night,2025-05-30 23:43:00,2025-05-31 07:43:00,8.0
LOG209434,W0319,Night,2025-04-24 21:41:00,2025-04-25 07:41:00,10.0
LOG209437,W0045,Evening,2025-03-01 05:28:00,2025-03-01 11:28:00,6.0
LOG209438,W0275,Morning,2025-06-11 19:49:00,2025-06-12 05:49:00,10.0
LOG209439,W0188,Morning,2025-05-18 13:49:00,2025-05-18 23:49:00,10.0
LOG209440,W0307,Evening,2025-05-21 16:18:00,2025-05-21 22:18:00,6.0
LOG209441,W0342,Morning,2025-05-26 16:48:00,2025-05-27 02:48:00,10.0
LOG209442,W0023,Night,2025-01-30 13:02:00,2025-01-30 20:02:00,7.0
LOG209444,W0057,Morning,2025-06-27 10:18:00,2025-06-27 17:18:00,7.0
LOG209445,W0451,Night,2025-03-10 21:47:00,2025-03-11 05:47:00,8.0
LOG209447,W0113,Evening,2025-05-21 07:55:00,2025-05-21 15:55:00,8.0
LOG209448,W0107,Morning,2025-01-30 22:44:00,2025-01-31 05:44:00,7.0
LOG209450,W0296,Evening,2025-04-16 09:38:00,2025-04-16 19:38:00,10.0
LOG209451,W0382,Night,2025-03-10 20:51:00,2025-03-11 04:51:00,8.0
LOG209452,W0080,Evening,2025-06-27 06:28:00,2025-06-27 12:28:00,6.0
LOG209453,W0296,Evening,2025-02-01 20:12:00,2025-02-02 03:12:00,7.0
LOG209454,W0264,Night,2025-06-06 14:08:00,2025-06-06 20:08:00,6.0
LOG209455,W0183,Night,2025-01-07 01:11:00,2025-01-07 07:11:00,6.0
LOG209457,W0187,Night,2025-05-11 16:36:00,2025-05-11 23:36:00,7.0
LOG209458,W0241,Evening,2025-04-16 13:31:00,2025-04-16 21:31:00,8.0
LOG209460,W0324,Evening,2025-06-13 12:01:00,2025-06-13 22:01:00,10.0
LOG209462,W0027,Evening,2025-06-26 19:44:00,2025-06-27 04:44:00,9.0
LOG209464,W0328,Morning,2025-05-27 00:10:00,2025-05-27 06:10:00,6.0
LOG209465,W0010,Night,2025-03-16 19:53:00,2025-03-17 01:53:00,6.0
LOG209466,W0357,Morning,2025-03-11 15:46:00,2025-03-12 00:46:00,9.0
LOG209467,W0381,Evening,2025-05-06 07:38:00,2025-05-06 16:38:00,9.0
LOG209468,W0143,Morning,2025-03-18 18:16:00,2025-03-19 02:16:00,8.0
LOG209469,W0393,Night,2025-05-02 17:10:00,2025-05-02 23:10:00,6.0
LOG209471,W0433,Night,2025-04-27 23:59:00,2025-04-28 08:59:00,9.0
LOG209472,W0401,Evening,2025-03-13 18:39:00,2025-03-14 01:39:00,7.0
LOG209474,W0224,Evening,2025-05-10 21:40:00,2025-05-11 06:40:00,9.0
LOG209476,W0266,Morning,2025-04-09 21:12:00,2025-04-10 05:12:00,8.0
LOG209477,W0171,Night,2025-04-23 21:23:00,2025-04-24 06:23:00,9.0
LOG209478,W0094,Night,2025-01-19 08:15:00,2025-01-19 18:15:00,10.0
LOG209479,W0265,Evening,2025-06-29 19:43:00,2025-06-30 02:43:00,7.0
LOG209480,W0365,Night,2025-05-22 10:37:00,2025-05-22 18:37:00,8.0
LOG209481,W0225,Night,2025-02-02 21:48:00,2025-02-03 06:48:00,9.0
LOG209482,W0217,Morning,2025-01-14 04:53:00,2025-01-14 10:53:00,6.0
LOG209483,W0424,Night,2025-01-16 18:24:00,2025-01-17 04:24:00,10.0
LOG209484,W0396,Evening,2025-05-14 04:58:00,2025-05-14 10:58:00,6.0
LOG209486,W0417,Night,2025-06-17 17:59:00,2025-06-18 01:59:00,8.0
LOG209488,W0373,Evening,2025-02-01 13:55:00,2025-02-01 22:55:00,9.0
LOG209489,W0030,Night,2025-05-18 13:13:00,2025-05-18 23:13:00,10.0
LOG209490,W0183,Morning,2025-01-19 15:56:00,2025-01-20 01:56:00,10.0
LOG209491,W0426,Night,2025-03-10 23:59:00,2025-03-11 07:59:00,8.0
LOG209492,W0209,Morning,2025-03-27 04:42:00,2025-03-27 14:42:00,10.0
LOG209494,W0024,Evening,2025-01-30 21:14:00,2025-01-31 05:14:00,8.0
LOG209495,W0360,Evening,2025-03-28 12:40:00,2025-03-28 22:40:00,10.0
LOG209498,W0117,Evening,2025-06-12 07:37:00,2025-06-12 14:37:00,7.0
LOG209499,W0391,Night,2025-02-01 07:46:00,2025-02-01 17:46:00,10.0
LOG209500,W0241,Morning,2025-03-12 03:37:00,2025-03-12 10:37:00,7.0
LOG209501,W0278,Night,2025-04-22 09:16:00,2025-04-22 15:16:00,6.0
LOG209502,W0091,Morning,2025-02-09 01:26:00,2025-02-09 07:26:00,6.0
LOG209503,W0135,Morning,2025-01-08 09:47:00,2025-01-08 17:47:00,8.0
LOG209504,W0044,Night,2025-06-22 05:50:00,2025-06-22 15:50:00,10.0
LOG209505,W0070,Evening,2025-01-04 13:34:00,2025-01-04 21:34:00,8.0
LOG209506,W0097,Night,2025-05-24 12:36:00,2025-05-24 21:36:00,9.0
LOG209507,W0177,Evening,2025-06-17 07:57:00,2025-06-17 14:57:00,7.0
LOG209511,W0279,Night,2025-05-08 12:20:00,2025-05-08 18:20:00,6.0
LOG209512,W0467,Night,2025-05-01 08:04:00,2025-05-01 15:04:00,7.0
LOG209513,W0081,Night,2025-06-23 21:23:00,2025-06-24 04:23:00,7.0
LOG209514,W0359,Night,2025-06-07 00:58:00,2025-06-07 06:58:00,6.0
LOG209515,W0331,Night,2025-04-19 06:29:00,2025-04-19 13:29:00,7.0
LOG209516,W0324,Night,2025-05-14 22:51:00,2025-05-15 05:51:00,7.0
LOG209517,W0246,Morning,2025-02-16 01:51:00,2025-02-16 09:51:00,8.0
LOG209518,W0193,Night,2025-05-05 16:32:00,2025-05-06 02:32:00,10.0
LOG209520,W0316,Morning,2025-03-17 05:35:00,2025-03-17 15:35:00,10.0
LOG209521,W0319,Morning,2025-05-31 11:24:00,2025-05-31 17:24:00,6.0
LOG209522,W0424,Evening,2025-05-11 11:17:00,2025-05-11 20:17:00,9.0
LOG209523,W0131,Night,2025-05-25 03:31:00,2025-05-25 13:31:00,10.0
LOG209524,W0310,Morning,2025-05-27 05:35:00,2025-05-27 15:35:00,10.0
LOG209525,W0049,Night,2025-06-21 21:46:00,2025-06-22 03:46:00,6.0
LOG209526,W0182,Night,2025-01-13 18:58:00,2025-01-14 03:58:00,9.0
LOG209527,W0174,Night,2025-05-27 12:28:00,2025-05-27 19:28:00,7.0
LOG209528,W0174,Night,2025-03-22 19:21:00,2025-03-23 03:21:00,8.0
LOG209529,W0091,Morning,2025-05-19 09:24:00,2025-05-19 19:24:00,10.0
LOG209530,W0356,Evening,2025-01-10 11:31:00,2025-01-10 17:31:00,6.0
LOG209531,W0435,Evening,2025-04-25 09:10:00,2025-04-25 17:10:00,8.0
LOG209532,W0426,Evening,2025-03-13 15:40:00,2025-03-13 23:40:00,8.0
LOG209533,W0061,Night,2025-04-06 00:13:00,2025-04-06 10:13:00,10.0
LOG209535,W0222,Evening,2025-04-29 15:32:00,2025-04-29 22:32:00,7.0
LOG209536,W0259,Evening,2025-04-07 22:30:00,2025-04-08 07:30:00,9.0
LOG209538,W0203,Evening,2025-04-21 22:56:00,2025-04-22 04:56:00,6.0
LOG209539,W0189,Night,2025-01-05 00:31:00,2025-01-05 06:31:00,6.0
LOG209540,W0444,Morning,2025-05-20 12:28:00,2025-05-20 22:28:00,10.0
LOG209541,W0344,Evening,2025-02-28 04:27:00,2025-02-28 11:27:00,7.0
LOG209542,W0376,Evening,2025-03-23 19:23:00,2025-03-24 02:23:00,7.0
LOG209543,W0223,Night,2025-06-12 02:39:00,2025-06-12 10:39:00,8.0
LOG209546,W0182,Night,2025-01-11 20:53:00,2025-01-12 04:53:00,8.0
LOG209547,W0454,Evening,2025-02-20 22:50:00,2025-02-21 04:50:00,6.0
LOG209548,W0382,Night,2025-02-22 06:10:00,2025-02-22 16:10:00,10.0
LOG209549,W0378,Night,2025-06-09 12:00:00,2025-06-09 22:00:00,10.0
LOG209551,W0449,Night,2025-01-12 06:46:00,2025-01-12 14:46:00,8.0
LOG209552,W0110,Morning,2025-01-02 20:20:00,2025-01-03 02:20:00,6.0
LOG209553,W0291,Evening,2025-01-15 16:40:00,2025-01-15 23:40:00,7.0
LOG209554,W0482,Night,2025-06-11 10:38:00,2025-06-11 20:38:00,10.0
LOG209555,W0358,Morning,2025-01-23 16:33:00,2025-01-24 02:33:00,10.0
LOG209556,W0159,Night,2025-05-25 21:28:00,2025-05-26 06:28:00,9.0
LOG209558,W0441,Night,2025-03-06 21:58:00,2025-03-07 03:58:00,6.0
LOG209560,W0193,Night,2025-03-06 21:34:00,2025-03-07 04:34:00,7.0
LOG209561,W0153,Night,2025-03-18 11:59:00,2025-03-18 20:59:00,9.0
LOG209563,W0269,Night,2025-01-17 02:32:00,2025-01-17 08:32:00,6.0
LOG209565,W0134,Morning,2025-01-10 09:59:00,2025-01-10 15:59:00,6.0
LOG209567,W0063,Morning,2025-05-12 14:51:00,2025-05-13 00:51:00,10.0
LOG209570,W0287,Night,2025-04-29 18:13:00,2025-04-30 03:13:00,9.0
LOG209571,W0045,Night,2025-05-31 04:18:00,2025-05-31 10:18:00,6.0
LOG209572,W0166,Night,2025-04-14 02:56:00,2025-04-14 08:56:00,6.0
LOG209573,W0486,Morning,2025-03-22 08:20:00,2025-03-22 14:20:00,6.0
LOG209574,W0384,Night,2025-05-05 04:57:00,2025-05-05 13:57:00,9.0
LOG209575,W0069,Night,2025-01-06 07:50:00,2025-01-06 14:50:00,7.0
LOG209576,W0104,Night,2025-06-13 03:05:00,2025-06-13 11:05:00,8.0
LOG209577,W0137,Night,2025-06-07 20:29:00,2025-06-08 02:29:00,6.0
LOG209578,W0087,Night,2025-03-17 02:28:00,2025-03-17 12:28:00,10.0
LOG209579,W0134,Night,2025-05-31 13:14:00,2025-05-31 23:14:00,10.0
LOG209580,W0165,Evening,2025-05-15 09:03:00,2025-05-15 15:03:00,6.0
LOG209581,W0120,Evening,2025-01-26 06:23:00,2025-01-26 16:23:00,10.0
LOG209582,W0311,Evening,2025-05-05 00:16:00,2025-05-05 06:16:00,6.0
LOG209583,W0239,Evening,2025-01-19 19:22:00,2025-01-20 03:22:00,8.0
LOG209586,W0246,Morning,2025-05-21 20:29:00,2025-05-22 06:29:00,10.0
LOG209588,W0209,Night,2025-03-04 00:46:00,2025-03-04 07:46:00,7.0
LOG209589,W0320,Night,2025-06-12 09:52:00,2025-06-12 18:52:00,9.0
LOG209590,W0069,Evening,2025-05-06 16:44:00,2025-05-07 01:44:00,9.0
LOG209593,W0440,Night,2025-06-20 18:25:00,2025-06-21 01:25:00,7.0
LOG209594,W0260,Night,2025-02-27 02:37:00,2025-02-27 11:37:00,9.0
LOG209595,W0330,Evening,2025-05-22 01:10:00,2025-05-22 10:10:00,9.0
LOG209596,W0133,Night,2025-03-22 07:58:00,2025-03-22 16:58:00,9.0
LOG209597,W0238,Morning,2025-04-05 11:15:00,2025-04-05 20:15:00,9.0
LOG209598,W0462,Morning,2025-04-28 00:22:00,2025-04-28 08:22:00,8.0
LOG209599,W0478,Morning,2025-02-03 23:08:00,2025-02-04 07:08:00,8.0
LOG209600,W0294,Night,2025-04-19 22:55:00,2025-04-20 04:55:00,6.0
LOG209601,W0061,Morning,2025-02-25 15:11:00,2025-02-25 23:11:00,8.0
LOG209602,W0310,Night,2025-06-11 22:42:00,2025-06-12 07:42:00,9.0
LOG209603,W0123,Morning,2025-04-29 04:55:00,2025-04-29 11:55:00,7.0
LOG209604,W0136,Night,2025-06-05 08:16:00,2025-06-05 16:16:00,8.0
LOG209607,W0008,Morning,2025-05-19 21:37:00,2025-05-20 06:37:00,9.0
LOG209608,W0459,Night,2025-03-22 21:26:00,2025-03-23 04:26:00,7.0
LOG209611,W0032,Evening,2025-04-24 20:34:00,2025-04-25 05:34:00,9.0
LOG209612,W0498,Morning,2025-04-18 04:09:00,2025-04-18 11:09:00,7.0
LOG209614,W0149,Night,2025-05-22 09:46:00,2025-05-22 17:46:00,8.0
LOG209616,W0112,Night,2025-05-04 22:50:00,2025-05-05 05:50:00,7.0
LOG209617,W0139,Night,2025-05-10 15:39:00,2025-05-11 00:39:00,9.0
LOG209618,W0286,Morning,2025-03-06 19:59:00,2025-03-07 02:59:00,7.0
LOG209621,W0402,Morning,2025-05-23 03:17:00,2025-05-23 12:17:00,9.0
LOG209622,W0264,Morning,2025-02-05 23:11:00,2025-02-06 07:11:00,8.0
LOG209624,W0419,Night,2025-06-06 01:20:00,2025-06-06 11:20:00,10.0
LOG209627,W0022,Night,2025-05-02 11:05:00,2025-05-02 17:05:00,6.0
LOG209628,W0184,Evening,2025-02-24 03:22:00,2025-02-24 09:22:00,6.0
LOG209629,W0183,Night,2025-05-07 20:29:00,2025-05-08 05:29:00,9.0
LOG209630,W0418,Night,2025-04-04 07:11:00,2025-04-04 13:11:00,6.0
LOG209632,W0039,Evening,2025-02-27 12:44:00,2025-02-27 21:44:00,9.0
LOG209633,W0374,Evening,2025-03-02 23:16:00,2025-03-03 08:16:00,9.0
LOG209634,W0187,Night,2025-06-10 22:05:00,2025-06-11 05:05:00,7.0
LOG209635,W0296,Night,2025-03-13 20:21:00,2025-03-14 05:21:00,9.0
LOG209636,W0397,Night,2025-03-01 19:37:00,2025-03-02 05:37:00,10.0
LOG209637,W0056,Night,2025-01-14 09:03:00,2025-01-14 19:03:00,10.0
LOG209638,W0026,Evening,2025-05-09 21:26:00,2025-05-10 05:26:00,8.0
LOG209640,W0238,Morning,2025-04-07 15:23:00,2025-04-08 01:23:00,10.0
LOG209641,W0192,Night,2025-04-07 16:03:00,2025-04-07 23:03:00,7.0
LOG209642,W0240,Evening,2025-06-05 07:22:00,2025-06-05 15:22:00,8.0
LOG209644,W0291,Night,2025-04-03 09:47:00,2025-04-03 16:47:00,7.0
LOG209646,W0384,Night,2025-02-05 11:52:00,2025-02-05 20:52:00,9.0
LOG209647,W0235,Morning,2025-03-20 20:31:00,2025-03-21 02:31:00,6.0
LOG209649,W0102,Morning,2025-01-22 15:45:00,2025-01-23 00:45:00,9.0
LOG209651,W0004,Night,2025-05-03 13:16:00,2025-05-03 21:16:00,8.0
LOG209652,W0300,Night,2025-01-10 17:51:00,2025-01-10 23:51:00,6.0
LOG209653,W0409,Night,2025-03-27 10:49:00,2025-03-27 16:49:00,6.0
LOG209655,W0145,Night,2025-06-19 16:31:00,2025-06-20 00:31:00,8.0
LOG209657,W0259,Night,2025-04-09 02:35:00,2025-04-09 09:35:00,7.0
LOG209658,W0182,Evening,2025-03-14 05:52:00,2025-03-14 11:52:00,6.0
LOG209659,W0290,Morning,2025-01-22 16:33:00,2025-01-22 22:33:00,6.0
LOG209661,W0355,Night,2025-04-21 04:35:00,2025-04-21 14:35:00,10.0
LOG209663,W0239,Night,2025-03-06 23:14:00,2025-03-07 07:14:00,8.0
LOG209665,W0393,Evening,2025-06-21 20:57:00,2025-06-22 04:57:00,8.0
LOG209666,W0018,Night,2025-03-14 14:26:00,2025-03-15 00:26:00,10.0
LOG209667,W0379,Night,2025-04-13 07:15:00,2025-04-13 17:15:00,10.0
LOG209669,W0137,Night,2025-01-15 00:20:00,2025-01-15 10:20:00,10.0
LOG209670,W0401,Morning,2025-02-13 03:09:00,2025-02-13 09:09:00,6.0
LOG209672,W0251,Morning,2025-01-20 05:10:00,2025-01-20 13:10:00,8.0
LOG209675,W0299,Night,2025-06-16 03:20:00,2025-06-16 10:20:00,7.0
LOG209676,W0372,Night,2025-01-25 12:55:00,2025-01-25 22:55:00,10.0
LOG209677,W0252,Evening,2025-06-15 07:44:00,2025-06-15 13:44:00,6.0
LOG209679,W0460,Evening,2025-03-31 03:01:00,2025-03-31 10:01:00,7.0
LOG209681,W0127,Morning,2025-02-22 01:41:00,2025-02-22 07:41:00,6.0
LOG209682,W0400,Morning,2025-06-09 14:02:00,2025-06-09 23:02:00,9.0
LOG209686,W0052,Morning,2025-06-27 05:40:00,2025-06-27 12:40:00,7.0
LOG209687,W0370,Night,2025-02-08 00:02:00,2025-02-08 08:02:00,8.0
LOG209688,W0273,Morning,2025-03-29 03:37:00,2025-03-29 09:37:00,6.0
LOG209689,W0346,Morning,2025-02-20 07:17:00,2025-02-20 17:17:00,10.0
LOG209690,W0500,Morning,2025-06-28 18:17:00,2025-06-29 02:17:00,8.0
LOG209691,W0056,Night,2025-02-12 05:22:00,2025-02-12 13:22:00,8.0
LOG209692,W0289,Night,2025-01-15 00:34:00,2025-01-15 10:34:00,10.0
LOG209694,W0233,Evening,2025-03-04 01:32:00,2025-03-04 10:32:00,9.0
LOG209695,W0147,Morning,2025-02-21 22:29:00,2025-02-22 07:29:00,9.0
LOG209696,W0225,Morning,2025-05-10 17:31:00,2025-05-11 03:31:00,10.0
LOG209697,W0084,Morning,2025-04-10 06:16:00,2025-04-10 12:16:00,6.0
LOG209698,W0377,Evening,2025-02-10 02:18:00,2025-02-10 08:18:00,6.0
LOG209699,W0403,Night,2025-06-11 09:51:00,2025-06-11 18:51:00,9.0
LOG209703,W0120,Night,2025-05-05 18:22:00,2025-05-06 03:22:00,9.0
LOG209704,W0116,Evening,2025-06-27 12:39:00,2025-06-27 18:39:00,6.0
LOG209705,W0097,Evening,2025-01-24 00:52:00,2025-01-24 07:52:00,7.0
LOG209706,W0126,Evening,2025-06-18 20:58:00,2025-06-19 02:58:00,6.0
LOG209708,W0350,Night,2025-02-11 04:08:00,2025-02-11 12:08:00,8.0
LOG209709,W0198,Evening,2025-05-29 03:54:00,2025-05-29 12:54:00,9.0
LOG209710,W0451,Evening,2025-02-06 06:07:00,2025-02-06 15:07:00,9.0
LOG209711,W0182,Night,2025-06-11 17:08:00,2025-06-12 00:08:00,7.0
LOG209712,W0009,Night,2025-04-08 14:53:00,2025-04-08 21:53:00,7.0
LOG209713,W0328,Night,2025-01-14 00:08:00,2025-01-14 10:08:00,10.0
LOG209715,W0405,Night,2025-01-18 12:43:00,2025-01-18 21:43:00,9.0
LOG209717,W0405,Night,2025-05-23 19:12:00,2025-05-24 02:12:00,7.0
LOG209719,W0065,Morning,2025-06-23 10:30:00,2025-06-23 16:30:00,6.0
LOG209720,W0203,Evening,2025-02-09 18:14:00,2025-02-10 02:14:00,8.0
LOG209722,W0142,Night,2025-02-13 01:52:00,2025-02-13 10:52:00,9.0
LOG209724,W0215,Night,2025-03-12 14:39:00,2025-03-12 20:39:00,6.0
LOG209725,W0204,Evening,2025-06-04 11:19:00,2025-06-04 21:19:00,10.0
LOG209726,W0110,Morning,2025-04-16 17:09:00,2025-04-17 02:09:00,9.0
LOG209727,W0011,Night,2025-01-26 20:55:00,2025-01-27 03:55:00,7.0
LOG209728,W0256,Morning,2025-04-20 17:19:00,2025-04-21 00:19:00,7.0
LOG209732,W0410,Evening,2025-02-07 16:09:00,2025-02-08 02:09:00,10.0
LOG209733,W0343,Night,2025-02-15 12:04:00,2025-02-15 18:04:00,6.0
LOG209735,W0034,Night,2025-06-22 10:53:00,2025-06-22 16:53:00,6.0
LOG209736,W0416,Evening,2025-06-05 20:17:00,2025-06-06 03:17:00,7.0
LOG209737,W0155,Morning,2025-04-07 15:59:00,2025-04-08 01:59:00,10.0
LOG209738,W0295,Night,2025-05-11 16:48:00,2025-05-12 01:48:00,9.0
LOG209739,W0413,Night,2025-01-20 08:41:00,2025-01-20 17:41:00,9.0
LOG209741,W0273,Evening,2025-01-08 12:12:00,2025-01-08 22:12:00,10.0
LOG209743,W0207,Night,2025-06-25 01:36:00,2025-06-25 08:36:00,7.0
LOG209744,W0231,Evening,2025-01-25 00:34:00,2025-01-25 10:34:00,10.0
LOG209745,W0450,Night,2025-04-24 05:53:00,2025-04-24 15:53:00,10.0
LOG209746,W0210,Night,2025-01-10 15:05:00,2025-01-11 01:05:00,10.0
LOG209747,W0221,Night,2025-06-01 12:22:00,2025-06-01 20:22:00,8.0
LOG209748,W0246,Night,2025-01-09 21:19:00,2025-01-10 04:19:00,7.0
LOG209749,W0207,Night,2025-06-09 07:52:00,2025-06-09 15:52:00,8.0
LOG209750,W0366,Night,2025-06-27 16:23:00,2025-06-27 23:23:00,7.0
LOG209752,W0277,Night,2025-02-01 02:04:00,2025-02-01 10:04:00,8.0
LOG209753,W0195,Morning,2025-05-24 13:39:00,2025-05-24 19:39:00,6.0
LOG209754,W0050,Evening,2025-04-05 17:04:00,2025-04-06 00:04:00,7.0
LOG209755,W0249,Evening,2025-06-08 16:37:00,2025-06-08 22:37:00,6.0
LOG209756,W0320,Morning,2025-02-16 01:01:00,2025-02-16 07:01:00,6.0
LOG209757,W0096,Evening,2025-03-21 15:57:00,2025-03-21 22:57:00,7.0
LOG209758,W0498,Night,2025-04-21 19:44:00,2025-04-22 05:44:00,10.0
LOG209759,W0132,Night,2025-04-12 02:10:00,2025-04-12 08:10:00,6.0
LOG209760,W0253,Morning,2025-02-13 09:40:00,2025-02-13 16:40:00,7.0
LOG209761,W0467,Night,2025-06-05 14:18:00,2025-06-05 23:18:00,9.0
LOG209762,W0025,Evening,2025-06-23 10:17:00,2025-06-23 18:17:00,8.0
LOG209763,W0342,Evening,2025-02-21 00:08:00,2025-02-21 07:08:00,7.0
LOG209764,W0434,Night,2025-06-19 17:36:00,2025-06-20 00:36:00,7.0
LOG209765,W0251,Night,2025-06-25 15:43:00,2025-06-25 23:43:00,8.0
LOG209766,W0456,Night,2025-06-27 19:50:00,2025-06-28 03:50:00,8.0
LOG209767,W0383,Morning,2025-03-15 19:07:00,2025-03-16 03:07:00,8.0
LOG209768,W0107,Night,2025-06-08 02:07:00,2025-06-08 08:07:00,6.0
LOG209769,W0452,Night,2025-03-17 18:49:00,2025-03-18 00:49:00,6.0
LOG209770,W0066,Night,2025-05-11 00:05:00,2025-05-11 10:05:00,10.0
LOG209771,W0431,Morning,2025-03-18 16:23:00,2025-03-19 02:23:00,10.0
LOG209772,W0317,Morning,2025-04-16 06:57:00,2025-04-16 15:57:00,9.0
LOG209773,W0451,Morning,2025-05-18 20:32:00,2025-05-19 05:32:00,9.0
LOG209774,W0030,Night,2025-04-21 00:20:00,2025-04-21 06:20:00,6.0
LOG209775,W0351,Night,2025-02-28 16:15:00,2025-02-28 23:15:00,7.0
LOG209776,W0175,Morning,2025-01-06 14:11:00,2025-01-06 22:11:00,8.0
LOG209777,W0466,Night,2025-05-25 10:51:00,2025-05-25 16:51:00,6.0
LOG209778,W0399,Evening,2025-06-02 04:57:00,2025-06-02 13:57:00,9.0
LOG209779,W0040,Evening,2025-02-12 17:00:00,2025-02-13 02:00:00,9.0
LOG209780,W0169,Night,2025-02-08 19:55:00,2025-02-09 01:55:00,6.0
LOG209781,W0459,Night,2025-06-08 11:23:00,2025-06-08 17:23:00,6.0
LOG209782,W0069,Evening,2025-02-21 16:35:00,2025-02-21 22:35:00,6.0
LOG209783,W0043,Night,2025-02-22 17:50:00,2025-02-23 02:50:00,9.0
LOG209786,W0265,Night,2025-04-16 12:38:00,2025-04-16 19:38:00,7.0
LOG209787,W0320,Evening,2025-06-16 06:51:00,2025-06-16 15:51:00,9.0
LOG209788,W0301,Night,2025-03-12 21:06:00,2025-03-13 05:06:00,8.0
LOG209789,W0074,Night,2025-05-27 09:24:00,2025-05-27 15:24:00,6.0
LOG209790,W0033,Evening,2025-03-02 07:46:00,2025-03-02 14:46:00,7.0
LOG209791,W0389,Night,2025-06-24 05:56:00,2025-06-24 14:56:00,9.0
LOG209792,W0151,Night,2025-04-26 16:28:00,2025-04-27 01:28:00,9.0
LOG209795,W0060,Morning,2025-04-20 02:13:00,2025-04-20 08:13:00,6.0
LOG209796,W0246,Morning,2025-02-15 13:43:00,2025-02-15 23:43:00,10.0
LOG209798,W0092,Evening,2025-05-14 08:42:00,2025-05-14 15:42:00,7.0
LOG209799,W0140,Evening,2025-01-23 22:53:00,2025-01-24 08:53:00,10.0
LOG209801,W0420,Morning,2025-05-06 05:40:00,2025-05-06 12:40:00,7.0
LOG209802,W0328,Night,2025-01-11 23:00:00,2025-01-12 05:00:00,6.0
LOG209803,W0446,Night,2025-01-01 04:19:00,2025-01-01 10:19:00,6.0
LOG209805,W0402,Morning,2025-01-04 07:43:00,2025-01-04 15:43:00,8.0
LOG209806,W0467,Morning,2025-05-24 04:04:00,2025-05-24 13:04:00,9.0
LOG209807,W0089,Evening,2025-02-02 19:58:00,2025-02-03 01:58:00,6.0
LOG209808,W0024,Night,2025-06-14 10:19:00,2025-06-14 20:19:00,10.0
LOG209809,W0270,Night,2025-02-11 22:02:00,2025-02-12 06:02:00,8.0
LOG209812,W0489,Night,2025-05-30 16:30:00,2025-05-30 23:30:00,7.0
LOG209814,W0260,Evening,2025-03-11 00:44:00,2025-03-11 06:44:00,6.0
LOG209815,W0458,Night,2025-04-23 16:24:00,2025-04-24 02:24:00,10.0
LOG209816,W0282,Night,2025-03-26 00:30:00,2025-03-26 10:30:00,10.0
LOG209817,W0408,Evening,2025-06-13 13:01:00,2025-06-13 22:01:00,9.0
LOG209819,W0010,Evening,2025-03-19 13:13:00,2025-03-19 23:13:00,10.0
LOG209820,W0142,Evening,2025-02-01 18:24:00,2025-02-02 02:24:00,8.0
LOG209822,W0282,Morning,2025-01-13 14:12:00,2025-01-13 23:12:00,9.0
LOG209823,W0083,Evening,2025-06-06 03:36:00,2025-06-06 11:36:00,8.0
LOG209825,W0360,Night,2025-06-16 22:44:00,2025-06-17 04:44:00,6.0
LOG209826,W0108,Evening,2025-05-18 22:08:00,2025-05-19 04:08:00,6.0
LOG209827,W0283,Morning,2025-03-04 10:11:00,2025-03-04 17:11:00,7.0
LOG209829,W0340,Evening,2025-05-18 13:53:00,2025-05-18 20:53:00,7.0
LOG209830,W0443,Night,2025-05-17 09:44:00,2025-05-17 18:44:00,9.0
LOG209831,W0009,Evening,2025-04-11 18:45:00,2025-04-12 04:45:00,10.0
LOG209832,W0381,Evening,2025-06-10 14:12:00,2025-06-10 22:12:00,8.0
LOG209833,W0066,Morning,2025-01-09 15:43:00,2025-01-09 22:43:00,7.0
LOG209835,W0368,Night,2025-05-13 17:11:00,2025-05-14 00:11:00,7.0
LOG209837,W0361,Night,2025-04-20 10:37:00,2025-04-20 19:37:00,9.0
LOG209838,W0219,Morning,2025-02-23 21:08:00,2025-02-24 03:08:00,6.0
LOG209839,W0120,Evening,2025-06-03 23:07:00,2025-06-04 05:07:00,6.0
LOG209840,W0232,Night,2025-03-31 20:13:00,2025-04-01 06:13:00,10.0
LOG209841,W0246,Night,2025-06-24 20:50:00,2025-06-25 03:50:00,7.0
LOG209842,W0009,Night,2025-03-16 00:34:00,2025-03-16 07:34:00,7.0
LOG209843,W0351,Morning,2025-06-20 14:42:00,2025-06-20 21:42:00,7.0
LOG209845,W0389,Evening,2025-04-16 14:23:00,2025-04-16 22:23:00,8.0
LOG209847,W0396,Evening,2025-04-07 07:43:00,2025-04-07 16:43:00,9.0
LOG209848,W0172,Morning,2025-04-30 22:38:00,2025-05-01 04:38:00,6.0
LOG209849,W0500,Night,2025-02-10 18:54:00,2025-02-11 00:54:00,6.0
LOG209850,W0185,Morning,2025-06-18 05:12:00,2025-06-18 13:12:00,8.0
LOG209851,W0403,Evening,2025-06-17 19:43:00,2025-06-18 04:43:00,9.0
LOG209852,W0028,Evening,2025-06-17 03:09:00,2025-06-17 12:09:00,9.0
LOG209853,W0053,Night,2025-05-09 03:20:00,2025-05-09 13:20:00,10.0
LOG209854,W0201,Evening,2025-01-26 14:02:00,2025-01-26 20:02:00,6.0
LOG209855,W0426,Night,2025-05-02 00:40:00,2025-05-02 07:40:00,7.0
LOG209857,W0374,Night,2025-04-16 06:57:00,2025-04-16 12:57:00,6.0
LOG209858,W0305,Morning,2025-06-03 05:01:00,2025-06-03 14:01:00,9.0
LOG209859,W0334,Night,2025-02-15 21:34:00,2025-02-16 07:34:00,10.0
LOG209860,W0169,Morning,2025-03-21 18:27:00,2025-03-22 00:27:00,6.0
LOG209861,W0472,Night,2025-02-09 18:10:00,2025-02-10 04:10:00,10.0
LOG209862,W0382,Night,2025-04-27 13:31:00,2025-04-27 23:31:00,10.0
LOG209863,W0194,Night,2025-04-04 08:16:00,2025-04-04 18:16:00,10.0
LOG209864,W0034,Night,2025-01-25 23:18:00,2025-01-26 07:18:00,8.0
LOG209865,W0361,Night,2025-05-27 22:44:00,2025-05-28 07:44:00,9.0
LOG209866,W0078,Evening,2025-05-24 22:59:00,2025-05-25 04:59:00,6.0
LOG209868,W0394,Morning,2025-03-23 13:30:00,2025-03-23 20:30:00,7.0
LOG209869,W0152,Evening,2025-06-01 19:54:00,2025-06-02 03:54:00,8.0
LOG209871,W0414,Morning,2025-01-24 06:56:00,2025-01-24 13:56:00,7.0
LOG209872,W0036,Evening,2025-03-19 17:38:00,2025-03-20 02:38:00,9.0
LOG209873,W0494,Evening,2025-01-06 05:11:00,2025-01-06 13:11:00,8.0
LOG209876,W0061,Evening,2025-02-10 00:40:00,2025-02-10 07:40:00,7.0
LOG209878,W0031,Night,2025-04-24 20:37:00,2025-04-25 03:37:00,7.0
LOG209879,W0489,Evening,2025-01-04 18:18:00,2025-01-05 03:18:00,9.0
LOG209880,W0419,Morning,2025-06-14 19:33:00,2025-06-15 05:33:00,10.0
LOG209882,W0479,Night,2025-06-14 10:00:00,2025-06-14 20:00:00,10.0
LOG209883,W0299,Night,2025-04-17 06:57:00,2025-04-17 14:57:00,8.0
LOG209884,W0286,Night,2025-06-28 06:35:00,2025-06-28 13:35:00,7.0
LOG209887,W0043,Night,2025-05-18 23:11:00,2025-05-19 08:11:00,9.0
LOG209888,W0459,Night,2025-01-03 05:51:00,2025-01-03 13:51:00,8.0
LOG209889,W0438,Evening,2025-06-09 12:47:00,2025-06-09 22:47:00,10.0
LOG209890,W0360,Evening,2025-06-06 08:32:00,2025-06-06 17:32:00,9.0
LOG209891,W0084,Night,2025-02-20 20:07:00,2025-02-21 06:07:00,10.0
LOG209892,W0246,Evening,2025-04-29 22:03:00,2025-04-30 08:03:00,10.0
LOG209893,W0048,Night,2025-05-10 06:40:00,2025-05-10 16:40:00,10.0
LOG209894,W0418,Morning,2025-01-31 00:55:00,2025-01-31 07:55:00,7.0
LOG209895,W0029,Night,2025-03-23 18:00:00,2025-03-24 02:00:00,8.0
LOG209897,W0478,Morning,2025-03-22 05:30:00,2025-03-22 13:30:00,8.0
LOG209898,W0311,Morning,2025-04-30 15:28:00,2025-05-01 00:28:00,9.0
LOG209900,W0402,Morning,2025-01-24 02:35:00,2025-01-24 09:35:00,7.0
LOG209901,W0444,Night,2025-05-18 14:36:00,2025-05-18 23:36:00,9.0
LOG209902,W0181,Morning,2025-03-27 03:06:00,2025-03-27 12:06:00,9.0
LOG209903,W0389,Night,2025-03-03 04:51:00,2025-03-03 12:51:00,8.0
LOG209904,W0061,Morning,2025-03-22 00:43:00,2025-03-22 10:43:00,10.0
LOG209906,W0350,Night,2025-02-18 02:56:00,2025-02-18 10:56:00,8.0
LOG209907,W0282,Night,2025-06-25 22:37:00,2025-06-26 07:37:00,9.0
LOG209910,W0190,Evening,2025-05-30 11:53:00,2025-05-30 17:53:00,6.0
LOG209911,W0252,Night,2025-05-31 04:44:00,2025-05-31 12:44:00,8.0
LOG209913,W0144,Morning,2025-03-20 11:07:00,2025-03-20 21:07:00,10.0
LOG209914,W0243,Morning,2025-02-04 16:50:00,2025-02-05 02:50:00,10.0
LOG209915,W0004,Night,2025-02-28 09:23:00,2025-02-28 19:23:00,10.0
LOG209916,W0081,Night,2025-02-17 22:26:00,2025-02-18 06:26:00,8.0
LOG209917,W0446,Evening,2025-06-23 22:20:00,2025-06-24 04:20:00,6.0
LOG209918,W0348,Morning,2025-06-04 15:36:00,2025-06-04 22:36:00,7.0
LOG209920,W0028,Night,2025-05-09 06:33:00,2025-05-09 12:33:00,6.0
LOG209921,W0053,Night,2025-01-25 15:57:00,2025-01-26 01:57:00,10.0
LOG209922,W0276,Night,2025-01-12 18:18:00,2025-01-13 00:18:00,6.0
LOG209924,W0426,Night,2025-01-30 17:22:00,2025-01-31 02:22:00,9.0
LOG209925,W0046,Night,2025-03-08 08:32:00,2025-03-08 15:32:00,7.0
LOG209928,W0455,Night,2025-04-22 07:47:00,2025-04-22 15:47:00,8.0
LOG209929,W0348,Night,2025-02-08 19:58:00,2025-02-09 01:58:00,6.0
LOG209930,W0415,Night,2025-05-02 15:49:00,2025-05-02 22:49:00,7.0
LOG209931,W0410,Night,2025-05-29 23:43:00,2025-05-30 09:43:00,10.0
LOG209933,W0422,Morning,2025-01-14 04:10:00,2025-01-14 12:10:00,8.0
LOG209934,W0055,Morning,2025-04-08 20:23:00,2025-04-09 06:23:00,10.0
LOG209936,W0169,Night,2025-02-26 10:01:00,2025-02-26 19:01:00,9.0
LOG209937,W0049,Night,2025-01-23 10:24:00,2025-01-23 16:24:00,6.0
LOG209938,W0156,Night,2025-06-16 05:35:00,2025-06-16 14:35:00,9.0
LOG209939,W0327,Evening,2025-04-21 10:31:00,2025-04-21 19:31:00,9.0
LOG209940,W0060,Morning,2025-02-07 20:21:00,2025-02-08 06:21:00,10.0
LOG209941,W0410,Evening,2025-03-02 10:34:00,2025-03-02 18:34:00,8.0
LOG209942,W0440,Evening,2025-06-08 00:16:00,2025-06-08 09:16:00,9.0
LOG209943,W0292,Morning,2025-01-27 12:42:00,2025-01-27 21:42:00,9.0
LOG209944,W0122,Night,2025-01-21 12:11:00,2025-01-21 21:11:00,9.0
LOG209945,W0062,Night,2025-05-30 00:00:00,2025-05-30 08:00:00,8.0
LOG209946,W0194,Morning,2025-02-20 19:25:00,2025-02-21 02:25:00,7.0
LOG209947,W0278,Night,2025-04-21 15:39:00,2025-04-21 22:39:00,7.0
LOG209949,W0109,Morning,2025-03-20 10:19:00,2025-03-20 17:19:00,7.0
LOG209950,W0289,Night,2025-02-04 08:01:00,2025-02-04 15:01:00,7.0
LOG209951,W0303,Evening,2025-06-08 01:56:00,2025-06-08 09:56:00,8.0
LOG209952,W0443,Night,2025-01-18 02:37:00,2025-01-18 10:37:00,8.0
LOG209955,W0262,Night,2025-01-02 09:32:00,2025-01-02 19:32:00,10.0
LOG209956,W0189,Morning,2025-02-12 23:19:00,2025-02-13 05:19:00,6.0
LOG209958,W0051,Night,2025-04-11 17:02:00,2025-04-12 03:02:00,10.0
LOG209961,W0235,Night,2025-01-25 21:56:00,2025-01-26 07:56:00,10.0
LOG209962,W0383,Evening,2025-04-17 14:40:00,2025-04-17 23:40:00,9.0
LOG209963,W0153,Night,2025-01-16 07:51:00,2025-01-16 15:51:00,8.0
LOG209964,W0003,Night,2025-03-24 23:50:00,2025-03-25 05:50:00,6.0
LOG209965,W0357,Night,2025-01-09 21:21:00,2025-01-10 07:21:00,10.0
LOG209966,W0286,Night,2025-03-03 08:06:00,2025-03-03 15:06:00,7.0
LOG209967,W0097,Evening,2025-04-22 07:20:00,2025-04-22 14:20:00,7.0
LOG209968,W0194,Night,2025-04-24 14:20:00,2025-04-24 21:20:00,7.0
LOG209969,W0358,Evening,2025-06-19 01:44:00,2025-06-19 07:44:00,6.0
LOG209970,W0130,Night,2025-03-16 22:16:00,2025-03-17 08:16:00,10.0
LOG209972,W0028,Evening,2025-05-02 23:33:00,2025-05-03 05:33:00,6.0
LOG209974,W0475,Morning,2025-04-21 16:24:00,2025-04-21 23:24:00,7.0
LOG209976,W0298,Night,2025-06-01 01:14:00,2025-06-01 08:14:00,7.0
LOG209977,W0019,Morning,2025-02-10 05:21:00,2025-02-10 12:21:00,7.0
LOG209978,W0499,Evening,2025-05-09 04:40:00,2025-05-09 13:40:00,9.0
LOG209980,W0357,Night,2025-05-06 04:21:00,2025-05-06 14:21:00,10.0
LOG209981,W0127,Night,2025-04-02 10:24:00,2025-04-02 16:24:00,6.0
LOG209982,W0087,Morning,2025-02-16 04:17:00,2025-02-16 12:17:00,8.0
LOG209986,W0402,Evening,2025-06-18 18:58:00,2025-06-19 02:58:00,8.0
LOG209987,W0040,Morning,2025-05-31 18:35:00,2025-06-01 00:35:00,6.0
LOG209988,W0491,Evening,2025-06-01 05:02:00,2025-06-01 14:02:00,9.0
LOG209989,W0471,Evening,2025-05-13 02:35:00,2025-05-13 10:35:00,8.0
LOG209990,W0418,Night,2025-01-23 04:33:00,2025-01-23 14:33:00,10.0
LOG209992,W0227,Night,2025-03-17 06:18:00,2025-03-17 15:18:00,9.0
LOG209994,W0266,Night,2025-03-13 14:35:00,2025-03-13 22:35:00,8.0
LOG209995,W0287,Morning,2025-01-21 20:47:00,2025-01-22 04:47:00,8.0
LOG209996,W0115,Evening,2025-06-26 20:13:00,2025-06-27 02:13:00,6.0
LOG209997,W0115,Night,2025-05-21 16:27:00,2025-05-21 22:27:00,6.0
LOG209998,W0086,Evening,2025-05-11 08:47:00,2025-05-11 15:47:00,7.0
LOG209999,W0220,Morning,2025-03-07 00:27:00,2025-03-07 10:27:00,10.0
LOG210002,W0324,Night,2025-04-21 23:14:00,2025-04-22 05:14:00,6.0
LOG210004,W0414,Night,2025-06-14 04:59:00,2025-06-14 10:59:00,6.0
LOG210005,W0487,Night,2025-03-05 04:11:00,2025-03-05 14:11:00,10.0
LOG210006,W0002,Evening,2025-05-14 15:14:00,2025-05-14 21:14:00,6.0
LOG210007,W0369,Evening,2025-03-16 09:29:00,2025-03-16 17:29:00,8.0
LOG210009,W0008,Evening,2025-05-07 09:58:00,2025-05-07 16:58:00,7.0
LOG210011,W0467,Night,2025-03-09 03:08:00,2025-03-09 11:08:00,8.0
LOG210012,W0036,Evening,2025-03-28 19:57:00,2025-03-29 04:57:00,9.0
LOG210015,W0271,Morning,2025-04-19 23:16:00,2025-04-20 05:16:00,6.0
LOG210016,W0168,Night,2025-03-29 07:12:00,2025-03-29 15:12:00,8.0
LOG210017,W0311,Evening,2025-05-09 05:47:00,2025-05-09 13:47:00,8.0
LOG210018,W0430,Night,2025-02-05 09:05:00,2025-02-05 19:05:00,10.0
LOG210019,W0325,Evening,2025-01-30 05:25:00,2025-01-30 15:25:00,10.0
LOG210021,W0280,Evening,2025-03-21 20:37:00,2025-03-22 06:37:00,10.0
LOG210022,W0027,Evening,2025-06-29 12:24:00,2025-06-29 20:24:00,8.0
LOG210023,W0083,Evening,2025-02-20 22:51:00,2025-02-21 06:51:00,8.0
LOG210025,W0336,Evening,2025-06-06 00:27:00,2025-06-06 08:27:00,8.0
LOG210026,W0063,Morning,2025-03-16 12:09:00,2025-03-16 18:09:00,6.0
LOG210027,W0294,Night,2025-06-02 12:41:00,2025-06-02 20:41:00,8.0
LOG210029,W0417,Evening,2025-03-24 14:01:00,2025-03-24 23:01:00,9.0
LOG210030,W0347,Evening,2025-06-11 04:07:00,2025-06-11 10:07:00,6.0
LOG210031,W0283,Morning,2025-01-13 10:13:00,2025-01-13 20:13:00,10.0
LOG210032,W0399,Night,2025-05-23 00:02:00,2025-05-23 09:02:00,9.0
LOG210033,W0261,Evening,2025-05-20 13:00:00,2025-05-20 20:00:00,7.0
LOG210034,W0084,Morning,2025-04-14 12:58:00,2025-04-14 19:58:00,7.0
LOG210035,W0134,Night,2025-06-23 14:41:00,2025-06-23 20:41:00,6.0
LOG210036,W0340,Night,2025-03-19 05:19:00,2025-03-19 15:19:00,10.0
LOG210037,W0184,Evening,2025-05-19 03:07:00,2025-05-19 10:07:00,7.0
LOG210039,W0213,Evening,2025-01-25 13:44:00,2025-01-25 19:44:00,6.0
LOG210040,W0347,Night,2025-03-05 13:17:00,2025-03-05 19:17:00,6.0
LOG210041,W0286,Evening,2025-06-07 01:14:00,2025-06-07 10:14:00,9.0
LOG210042,W0361,Morning,2025-02-24 03:24:00,2025-02-24 13:24:00,10.0
LOG210043,W0310,Evening,2025-03-22 19:36:00,2025-03-23 01:36:00,6.0
LOG210045,W0168,Evening,2025-03-18 08:00:00,2025-03-18 15:00:00,7.0
LOG210046,W0389,Evening,2025-05-14 20:35:00,2025-05-15 03:35:00,7.0
LOG210047,W0445,Night,2025-01-20 09:12:00,2025-01-20 17:12:00,8.0
LOG210048,W0063,Morning,2025-04-17 12:49:00,2025-04-17 20:49:00,8.0
LOG210049,W0499,Evening,2025-06-25 10:00:00,2025-06-25 18:00:00,8.0
LOG210050,W0482,Morning,2025-06-09 17:39:00,2025-06-09 23:39:00,6.0
LOG210051,W0031,Night,2025-02-05 10:23:00,2025-02-05 20:23:00,10.0
LOG210052,W0003,Evening,2025-06-18 11:47:00,2025-06-18 21:47:00,10.0
LOG210053,W0388,Night,2025-04-21 13:58:00,2025-04-21 19:58:00,6.0
LOG210054,W0314,Night,2025-05-19 13:41:00,2025-05-19 21:41:00,8.0
LOG210056,W0247,Evening,2025-02-13 05:38:00,2025-02-13 12:38:00,7.0
LOG210057,W0363,Evening,2025-01-25 18:16:00,2025-01-26 04:16:00,10.0
LOG210059,W0331,Morning,2025-01-02 10:05:00,2025-01-02 16:05:00,6.0
LOG210060,W0101,Night,2025-02-01 18:32:00,2025-02-02 02:32:00,8.0
LOG210063,W0398,Night,2025-03-03 19:13:00,2025-03-04 03:13:00,8.0
LOG210064,W0236,Night,2025-02-08 09:52:00,2025-02-08 18:52:00,9.0
LOG210066,W0087,Night,2025-03-25 09:56:00,2025-03-25 18:56:00,9.0
LOG210067,W0067,Night,2025-05-05 08:50:00,2025-05-05 18:50:00,10.0
LOG210068,W0397,Morning,2025-06-06 08:47:00,2025-06-06 15:47:00,7.0
LOG210070,W0219,Night,2025-06-27 00:41:00,2025-06-27 08:41:00,8.0
LOG210071,W0032,Evening,2025-05-05 10:36:00,2025-05-05 18:36:00,8.0
LOG210072,W0448,Morning,2025-02-18 05:34:00,2025-02-18 13:34:00,8.0
LOG210073,W0344,Morning,2025-05-19 15:19:00,2025-05-19 22:19:00,7.0
LOG210075,W0123,Evening,2025-01-11 03:25:00,2025-01-11 13:25:00,10.0
LOG210076,W0474,Night,2025-06-13 20:15:00,2025-06-14 03:15:00,7.0
LOG210077,W0274,Morning,2025-02-13 20:29:00,2025-02-14 03:29:00,7.0
LOG210079,W0218,Night,2025-04-27 09:31:00,2025-04-27 19:31:00,10.0
LOG210080,W0296,Morning,2025-04-17 17:50:00,2025-04-17 23:50:00,6.0
LOG210081,W0226,Morning,2025-04-14 02:10:00,2025-04-14 12:10:00,10.0
LOG210083,W0043,Evening,2025-04-01 21:54:00,2025-04-02 07:54:00,10.0
LOG210084,W0263,Morning,2025-01-12 20:26:00,2025-01-13 06:26:00,10.0
LOG210085,W0175,Night,2025-06-19 21:47:00,2025-06-20 06:47:00,9.0
LOG210086,W0081,Morning,2025-05-09 04:05:00,2025-05-09 10:05:00,6.0
LOG210087,W0387,Night,2025-04-30 09:30:00,2025-04-30 19:30:00,10.0
LOG210088,W0365,Night,2025-02-27 21:56:00,2025-02-28 05:56:00,8.0
LOG210089,W0091,Night,2025-06-25 22:07:00,2025-06-26 07:07:00,9.0
LOG210090,W0012,Night,2025-01-24 21:05:00,2025-01-25 05:05:00,8.0
LOG210093,W0007,Morning,2025-01-24 05:19:00,2025-01-24 11:19:00,6.0
LOG210094,W0469,Morning,2025-03-28 12:23:00,2025-03-28 19:23:00,7.0
LOG210096,W0215,Evening,2025-02-22 22:29:00,2025-02-23 05:29:00,7.0
LOG210097,W0222,Morning,2025-03-27 12:23:00,2025-03-27 20:23:00,8.0
LOG210098,W0430,Morning,2025-06-05 16:33:00,2025-06-06 01:33:00,9.0
LOG210099,W0203,Evening,2025-01-22 01:33:00,2025-01-22 11:33:00,10.0
LOG210102,W0299,Night,2025-01-14 06:07:00,2025-01-14 12:07:00,6.0
LOG210104,W0010,Night,2025-02-22 02:23:00,2025-02-22 08:23:00,6.0
LOG210105,W0345,Evening,2025-06-02 12:47:00,2025-06-02 18:47:00,6.0
LOG210107,W0260,Night,2025-04-16 05:36:00,2025-04-16 12:36:00,7.0
LOG210108,W0485,Night,2025-06-22 20:04:00,2025-06-23 02:04:00,6.0
LOG210110,W0050,Morning,2025-05-13 08:57:00,2025-05-13 16:57:00,8.0
LOG210113,W0220,Night,2025-03-31 12:33:00,2025-03-31 19:33:00,7.0
LOG210114,W0080,Night,2025-04-04 15:03:00,2025-04-05 01:03:00,10.0
LOG210115,W0471,Evening,2025-03-02 07:20:00,2025-03-02 17:20:00,10.0
LOG210116,W0345,Morning,2025-06-14 19:18:00,2025-06-15 01:18:00,6.0
LOG210118,W0329,Night,2025-01-10 04:44:00,2025-01-10 13:44:00,9.0
LOG210119,W0165,Morning,2025-05-07 19:56:00,2025-05-08 05:56:00,10.0
LOG210120,W0096,Night,2025-03-08 00:56:00,2025-03-08 07:56:00,7.0
LOG210121,W0449,Night,2025-06-17 20:40:00,2025-06-18 02:40:00,6.0
LOG210122,W0113,Evening,2025-05-16 15:38:00,2025-05-16 22:38:00,7.0
LOG210127,W0452,Evening,2025-06-19 23:50:00,2025-06-20 07:50:00,8.0
LOG210128,W0474,Morning,2025-02-22 09:40:00,2025-02-22 19:40:00,10.0
LOG210130,W0027,Night,2025-03-07 11:28:00,2025-03-07 19:28:00,8.0
LOG210131,W0386,Night,2025-03-02 20:29:00,2025-03-03 05:29:00,9.0
LOG210132,W0055,Night,2025-03-17 01:16:00,2025-03-17 08:16:00,7.0
LOG210133,W0208,Evening,2025-06-26 00:36:00,2025-06-26 10:36:00,10.0
LOG210134,W0168,Night,2025-02-16 04:37:00,2025-02-16 13:37:00,9.0
LOG210135,W0070,Morning,2025-06-06 19:42:00,2025-06-07 03:42:00,8.0
LOG210136,W0086,Night,2025-04-24 11:49:00,2025-04-24 20:49:00,9.0
LOG210137,W0229,Evening,2025-06-12 23:26:00,2025-06-13 05:26:00,6.0
LOG210138,W0364,Evening,2025-06-21 12:37:00,2025-06-21 22:37:00,10.0
LOG210141,W0476,Night,2025-03-29 19:21:00,2025-03-30 01:21:00,6.0
LOG210142,W0337,Night,2025-02-06 16:54:00,2025-02-07 01:54:00,9.0
LOG210144,W0493,Morning,2025-03-02 16:36:00,2025-03-03 00:36:00,8.0
LOG210145,W0429,Evening,2025-01-31 17:57:00,2025-01-31 23:57:00,6.0
LOG210147,W0095,Night,2025-03-13 19:13:00,2025-03-14 05:13:00,10.0
LOG210148,W0212,Evening,2025-03-07 21:23:00,2025-03-08 04:23:00,7.0
LOG210149,W0372,Evening,2025-06-21 07:56:00,2025-06-21 17:56:00,10.0
LOG210150,W0323,Night,2025-02-09 03:05:00,2025-02-09 13:05:00,10.0
LOG210151,W0328,Evening,2025-01-12 18:19:00,2025-01-13 00:19:00,6.0
LOG210152,W0274,Night,2025-02-24 14:39:00,2025-02-24 22:39:00,8.0
LOG210153,W0442,Evening,2025-05-15 12:47:00,2025-05-15 19:47:00,7.0
LOG210154,W0481,Evening,2025-05-02 10:21:00,2025-05-02 20:21:00,10.0
LOG210155,W0276,Morning,2025-06-14 16:14:00,2025-06-15 00:14:00,8.0
LOG210157,W0466,Morning,2025-06-01 13:15:00,2025-06-01 23:15:00,10.0
LOG210158,W0205,Morning,2025-06-07 09:50:00,2025-06-07 16:50:00,7.0
LOG210162,W0318,Evening,2025-03-29 20:30:00,2025-03-30 06:30:00,10.0
LOG210163,W0210,Morning,2025-04-11 00:08:00,2025-04-11 09:08:00,9.0
LOG210164,W0237,Evening,2025-03-28 05:51:00,2025-03-28 14:51:00,9.0
LOG210165,W0032,Night,2025-05-05 22:42:00,2025-05-06 05:42:00,7.0
LOG210167,W0357,Morning,2025-03-28 09:08:00,2025-03-28 16:08:00,7.0
LOG210168,W0392,Night,2025-04-22 05:45:00,2025-04-22 14:45:00,9.0
LOG210170,W0475,Night,2025-03-21 13:04:00,2025-03-21 19:04:00,6.0
LOG210171,W0079,Night,2025-03-27 12:40:00,2025-03-27 21:40:00,9.0
LOG210172,W0054,Evening,2025-03-21 04:53:00,2025-03-21 11:53:00,7.0
LOG210173,W0088,Evening,2025-04-16 23:59:00,2025-04-17 06:59:00,7.0
LOG210174,W0147,Night,2025-01-16 01:21:00,2025-01-16 11:21:00,10.0
LOG210175,W0432,Evening,2025-01-24 18:34:00,2025-01-25 02:34:00,8.0
LOG210177,W0334,Night,2025-04-26 08:19:00,2025-04-26 17:19:00,9.0
LOG210178,W0062,Night,2025-05-14 23:36:00,2025-05-15 09:36:00,10.0
LOG210179,W0125,Evening,2025-01-23 04:04:00,2025-01-23 10:04:00,6.0
LOG210183,W0109,Morning,2025-06-13 10:38:00,2025-06-13 19:38:00,9.0
LOG210184,W0093,Evening,2025-03-15 01:56:00,2025-03-15 11:56:00,10.0
LOG210186,W0458,Night,2025-01-03 01:38:00,2025-01-03 10:38:00,9.0
LOG210187,W0388,Night,2025-01-19 08:56:00,2025-01-19 14:56:00,6.0
LOG210188,W0456,Night,2025-04-06 00:28:00,2025-04-06 09:28:00,9.0
LOG210189,W0359,Evening,2025-03-04 21:30:00,2025-03-05 06:30:00,9.0
LOG210190,W0382,Morning,2025-05-17 10:36:00,2025-05-17 20:36:00,10.0
LOG210191,W0305,Evening,2025-04-16 15:43:00,2025-04-16 21:43:00,6.0
LOG210192,W0249,Night,2025-02-17 09:37:00,2025-02-17 16:37:00,7.0
LOG210193,W0095,Night,2025-02-12 08:17:00,2025-02-12 16:17:00,8.0
LOG210194,W0119,Night,2025-01-04 05:39:00,2025-01-04 13:39:00,8.0
LOG210195,W0061,Morning,2025-02-05 13:01:00,2025-02-05 23:01:00,10.0
LOG210196,W0495,Night,2025-05-31 08:11:00,2025-05-31 18:11:00,10.0
LOG210197,W0480,Night,2025-05-06 02:27:00,2025-05-06 10:27:00,8.0
LOG210198,W0206,Night,2025-01-25 06:56:00,2025-01-25 12:56:00,6.0
LOG210200,W0158,Night,2025-04-11 10:46:00,2025-04-11 17:46:00,7.0
LOG210201,W0023,Evening,2025-03-03 23:56:00,2025-03-04 05:56:00,6.0
LOG210203,W0050,Evening,2025-01-15 20:39:00,2025-01-16 04:39:00,8.0
LOG210205,W0472,Night,2025-03-18 05:56:00,2025-03-18 12:56:00,7.0
LOG210206,W0282,Evening,2025-03-24 11:22:00,2025-03-24 18:22:00,7.0
LOG210208,W0102,Morning,2025-05-31 17:14:00,2025-06-01 03:14:00,10.0
LOG210210,W0040,Night,2025-05-15 09:11:00,2025-05-15 16:11:00,7.0
LOG210211,W0099,Night,2025-03-23 14:27:00,2025-03-24 00:27:00,10.0
LOG210212,W0062,Night,2025-05-29 16:02:00,2025-05-30 02:02:00,10.0
LOG210213,W0222,Evening,2025-01-09 21:20:00,2025-01-10 06:20:00,9.0
LOG210214,W0038,Night,2025-04-27 20:12:00,2025-04-28 02:12:00,6.0
LOG210215,W0013,Night,2025-01-30 22:20:00,2025-01-31 05:20:00,7.0
LOG210216,W0227,Night,2025-02-07 03:37:00,2025-02-07 09:37:00,6.0
LOG210217,W0354,Morning,2025-06-17 08:54:00,2025-06-17 16:54:00,8.0
LOG210218,W0187,Night,2025-02-22 05:03:00,2025-02-22 15:03:00,10.0
LOG210219,W0014,Morning,2025-03-09 19:38:00,2025-03-10 02:38:00,7.0
LOG210220,W0365,Night,2025-01-25 17:33:00,2025-01-26 00:33:00,7.0
LOG210221,W0418,Night,2025-05-07 18:45:00,2025-05-08 04:45:00,10.0
LOG210222,W0004,Night,2025-03-07 05:22:00,2025-03-07 12:22:00,7.0
LOG210224,W0437,Morning,2025-04-20 02:30:00,2025-04-20 11:30:00,9.0
LOG210225,W0356,Evening,2025-06-24 05:35:00,2025-06-24 13:35:00,8.0
LOG210227,W0379,Night,2025-04-21 01:48:00,2025-04-21 11:48:00,10.0
LOG210228,W0121,Night,2025-01-04 11:13:00,2025-01-04 18:13:00,7.0
LOG210229,W0093,Night,2025-05-19 14:45:00,2025-05-19 22:45:00,8.0
LOG210231,W0333,Night,2025-01-25 09:25:00,2025-01-25 16:25:00,7.0
LOG210232,W0070,Night,2025-06-03 17:22:00,2025-06-04 03:22:00,10.0
LOG210233,W0292,Evening,2025-01-05 08:16:00,2025-01-05 18:16:00,10.0
LOG210234,W0426,Morning,2025-06-06 06:12:00,2025-06-06 14:12:00,8.0
LOG210235,W0145,Morning,2025-03-27 03:36:00,2025-03-27 09:36:00,6.0
LOG210236,W0447,Night,2025-04-24 14:34:00,2025-04-24 20:34:00,6.0
LOG210237,W0486,Night,2025-04-28 02:04:00,2025-04-28 11:04:00,9.0
LOG210238,W0205,Morning,2025-04-25 01:48:00,2025-04-25 10:48:00,9.0
LOG210239,W0266,Morning,2025-06-23 15:31:00,2025-06-23 23:31:00,8.0
LOG210240,W0238,Evening,2025-06-01 22:29:00,2025-06-02 06:29:00,8.0
LOG210242,W0314,Evening,2025-02-02 12:45:00,2025-02-02 18:45:00,6.0
LOG210244,W0210,Night,2025-03-06 05:52:00,2025-03-06 14:52:00,9.0
LOG210245,W0182,Evening,2025-06-28 08:02:00,2025-06-28 15:02:00,7.0
LOG210246,W0355,Morning,2025-04-19 18:02:00,2025-04-20 04:02:00,10.0
LOG210247,W0435,Evening,2025-03-24 07:49:00,2025-03-24 15:49:00,8.0
LOG210249,W0475,Evening,2025-03-06 04:42:00,2025-03-06 10:42:00,6.0
LOG210250,W0113,Morning,2025-02-02 13:51:00,2025-02-02 23:51:00,10.0
LOG210252,W0410,Night,2025-03-11 19:01:00,2025-03-12 05:01:00,10.0
LOG210254,W0050,Night,2025-05-17 12:22:00,2025-05-17 22:22:00,10.0
LOG210255,W0168,Night,2025-05-11 05:25:00,2025-05-11 11:25:00,6.0
LOG210256,W0412,Night,2025-06-16 20:57:00,2025-06-17 02:57:00,6.0
LOG210258,W0187,Night,2025-01-23 14:30:00,2025-01-23 21:30:00,7.0
LOG210260,W0266,Night,2025-06-14 06:19:00,2025-06-14 14:19:00,8.0
LOG210262,W0334,Morning,2025-03-15 02:03:00,2025-03-15 09:03:00,7.0
LOG210263,W0225,Evening,2025-02-28 19:10:00,2025-03-01 01:10:00,6.0
LOG210266,W0002,Evening,2025-03-01 13:06:00,2025-03-01 20:06:00,7.0
LOG210267,W0063,Night,2025-03-09 14:15:00,2025-03-09 22:15:00,8.0
LOG210268,W0122,Morning,2025-04-30 09:48:00,2025-04-30 16:48:00,7.0
LOG210269,W0155,Evening,2025-06-07 13:00:00,2025-06-07 23:00:00,10.0
LOG210271,W0182,Night,2025-01-09 18:02:00,2025-01-10 03:02:00,9.0
LOG210274,W0393,Night,2025-04-15 21:32:00,2025-04-16 04:32:00,7.0
LOG210275,W0218,Night,2025-02-27 06:12:00,2025-02-27 13:12:00,7.0
LOG210276,W0208,Morning,2025-06-24 22:21:00,2025-06-25 08:21:00,10.0
LOG210277,W0010,Morning,2025-02-10 03:04:00,2025-02-10 10:04:00,7.0
LOG210278,W0261,Night,2025-03-08 03:19:00,2025-03-08 13:19:00,10.0
LOG210279,W0431,Night,2025-05-27 20:38:00,2025-05-28 04:38:00,8.0
LOG210280,W0152,Evening,2025-05-03 08:22:00,2025-05-03 18:22:00,10.0
LOG210281,W0382,Morning,2025-03-03 23:31:00,2025-03-04 07:31:00,8.0
LOG210282,W0008,Night,2025-06-18 14:38:00,2025-06-18 20:38:00,6.0
LOG210283,W0334,Evening,2025-06-07 14:55:00,2025-06-07 23:55:00,9.0
LOG210284,W0401,Evening,2025-06-21 06:41:00,2025-06-21 12:41:00,6.0
LOG210285,W0173,Evening,2025-06-20 06:54:00,2025-06-20 13:54:00,7.0
LOG210286,W0144,Night,2025-04-27 10:08:00,2025-04-27 17:08:00,7.0
LOG210287,W0341,Night,2025-02-22 15:02:00,2025-02-23 00:02:00,9.0
LOG210288,W0446,Night,2025-02-24 21:50:00,2025-02-25 06:50:00,9.0
LOG210289,W0200,Night,2025-03-27 22:51:00,2025-03-28 08:51:00,10.0
LOG210290,W0275,Morning,2025-01-04 03:02:00,2025-01-04 10:02:00,7.0
LOG210291,W0206,Night,2025-04-16 03:02:00,2025-04-16 11:02:00,8.0
LOG210292,W0167,Evening,2025-02-16 08:34:00,2025-02-16 16:34:00,8.0
LOG210293,W0228,Night,2025-04-26 13:05:00,2025-04-26 22:05:00,9.0
LOG210297,W0375,Night,2025-04-15 06:36:00,2025-04-15 14:36:00,8.0
LOG210298,W0364,Morning,2025-01-01 15:18:00,2025-01-01 22:18:00,7.0
LOG210299,W0427,Evening,2025-03-11 05:53:00,2025-03-11 15:53:00,10.0
LOG210301,W0260,Evening,2025-03-02 13:09:00,2025-03-02 21:09:00,8.0
LOG210303,W0290,Night,2025-02-15 05:20:00,2025-02-15 12:20:00,7.0
LOG210305,W0425,Morning,2025-04-28 13:25:00,2025-04-28 23:25:00,10.0
LOG210306,W0271,Morning,2025-04-17 15:17:00,2025-04-18 01:17:00,10.0
LOG210307,W0243,Evening,2025-01-16 08:24:00,2025-01-16 14:24:00,6.0
LOG210308,W0463,Evening,2025-04-14 17:06:00,2025-04-15 03:06:00,10.0
LOG210310,W0217,Evening,2025-04-14 05:28:00,2025-04-14 11:28:00,6.0
LOG210311,W0184,Morning,2025-02-04 14:48:00,2025-02-04 23:48:00,9.0
LOG210314,W0337,Night,2025-05-25 04:38:00,2025-05-25 11:38:00,7.0
LOG210315,W0116,Night,2025-06-15 17:00:00,2025-06-15 23:00:00,6.0
LOG210316,W0078,Morning,2025-03-01 17:01:00,2025-03-02 03:01:00,10.0
LOG210318,W0309,Morning,2025-02-02 23:21:00,2025-02-03 05:21:00,6.0
LOG210319,W0086,Night,2025-03-06 03:58:00,2025-03-06 13:58:00,10.0
LOG210321,W0075,Morning,2025-05-18 01:00:00,2025-05-18 11:00:00,10.0
LOG210322,W0164,Evening,2025-01-09 00:33:00,2025-01-09 10:33:00,10.0
LOG210323,W0111,Evening,2025-02-07 15:35:00,2025-02-08 00:35:00,9.0
LOG210324,W0437,Evening,2025-06-29 03:37:00,2025-06-29 11:37:00,8.0
LOG210325,W0010,Night,2025-06-04 17:00:00,2025-06-05 02:00:00,9.0
LOG210326,W0482,Morning,2025-02-25 20:51:00,2025-02-26 02:51:00,6.0
LOG210328,W0119,Evening,2025-03-01 21:10:00,2025-03-02 07:10:00,10.0
LOG210329,W0440,Night,2025-02-19 20:06:00,2025-02-20 06:06:00,10.0
LOG210330,W0480,Night,2025-03-04 16:46:00,2025-03-04 23:46:00,7.0
LOG210334,W0441,Night,2025-01-31 13:47:00,2025-01-31 20:47:00,7.0
LOG210336,W0011,Night,2025-05-30 17:07:00,2025-05-31 00:07:00,7.0
LOG210337,W0154,Night,2025-01-21 09:46:00,2025-01-21 16:46:00,7.0
LOG210338,W0150,Evening,2025-05-23 00:58:00,2025-05-23 09:58:00,9.0
LOG210340,W0136,Night,2025-02-16 19:30:00,2025-02-17 01:30:00,6.0
LOG210341,W0240,Night,2025-02-15 17:46:00,2025-02-15 23:46:00,6.0
LOG210342,W0393,Night,2025-03-10 21:41:00,2025-03-11 06:41:00,9.0
LOG210344,W0405,Night,2025-04-16 16:14:00,2025-04-17 00:14:00,8.0
LOG210345,W0151,Night,2025-04-14 09:37:00,2025-04-14 15:37:00,6.0
LOG210346,W0130,Night,2025-01-26 00:10:00,2025-01-26 08:10:00,8.0
LOG210347,W0137,Night,2025-05-27 11:31:00,2025-05-27 18:31:00,7.0
LOG210348,W0453,Morning,2025-04-02 19:26:00,2025-04-03 02:26:00,7.0
LOG210349,W0138,Morning,2025-06-12 14:42:00,2025-06-12 22:42:00,8.0
LOG210350,W0054,Morning,2025-05-08 09:50:00,2025-05-08 19:50:00,10.0
LOG210351,W0269,Evening,2025-06-02 22:17:00,2025-06-03 05:17:00,7.0
LOG210352,W0272,Night,2025-02-24 01:49:00,2025-02-24 11:49:00,10.0
LOG210353,W0434,Evening,2025-03-19 09:53:00,2025-03-19 19:53:00,10.0
LOG210354,W0093,Morning,2025-04-02 13:31:00,2025-04-02 20:31:00,7.0
LOG210355,W0201,Night,2025-02-05 09:59:00,2025-02-05 15:59:00,6.0
LOG210356,W0079,Morning,2025-06-23 09:07:00,2025-06-23 18:07:00,9.0
LOG210357,W0239,Morning,2025-03-24 20:03:00,2025-03-25 06:03:00,10.0
LOG210358,W0387,Night,2025-04-25 02:57:00,2025-04-25 12:57:00,10.0
LOG210359,W0094,Morning,2025-05-26 20:05:00,2025-05-27 02:05:00,6.0
LOG210360,W0061,Night,2025-01-26 03:53:00,2025-01-26 12:53:00,9.0
LOG210361,W0441,Evening,2025-06-25 06:42:00,2025-06-25 16:42:00,10.0
LOG210362,W0246,Night,2025-04-04 15:20:00,2025-04-05 01:20:00,10.0
LOG210364,W0103,Night,2025-02-12 16:17:00,2025-02-13 02:17:00,10.0
LOG210365,W0446,Night,2025-06-25 19:10:00,2025-06-26 04:10:00,9.0
LOG210366,W0183,Night,2025-02-25 19:38:00,2025-02-26 02:38:00,7.0
LOG210367,W0257,Evening,2025-06-18 10:04:00,2025-06-18 17:04:00,7.0
LOG210369,W0051,Evening,2025-03-18 04:20:00,2025-03-18 14:20:00,10.0
LOG210373,W0274,Night,2025-03-05 09:40:00,2025-03-05 15:40:00,6.0
LOG210374,W0023,Evening,2025-02-05 07:28:00,2025-02-05 16:28:00,9.0
LOG210375,W0452,Night,2025-06-09 10:35:00,2025-06-09 18:35:00,8.0
LOG210376,W0441,Morning,2025-01-07 21:50:00,2025-01-08 06:50:00,9.0
LOG210377,W0297,Evening,2025-01-15 22:48:00,2025-01-16 05:48:00,7.0
LOG210378,W0330,Night,2025-02-13 18:17:00,2025-02-14 02:17:00,8.0
LOG210379,W0009,Night,2025-02-09 19:45:00,2025-02-10 04:45:00,9.0
LOG210381,W0191,Night,2025-04-03 02:57:00,2025-04-03 09:57:00,7.0
LOG210382,W0493,Morning,2025-06-28 09:35:00,2025-06-28 19:35:00,10.0
LOG210383,W0414,Morning,2025-01-08 08:31:00,2025-01-08 16:31:00,8.0
LOG210384,W0136,Night,2025-03-23 22:32:00,2025-03-24 07:32:00,9.0
LOG210385,W0043,Morning,2025-06-07 03:11:00,2025-06-07 09:11:00,6.0
LOG210386,W0232,Night,2025-01-14 04:49:00,2025-01-14 12:49:00,8.0
LOG210388,W0038,Evening,2025-04-07 13:08:00,2025-04-07 21:08:00,8.0
LOG210389,W0028,Morning,2025-03-02 20:18:00,2025-03-03 03:18:00,7.0
LOG210391,W0074,Morning,2025-04-02 09:44:00,2025-04-02 16:44:00,7.0
LOG210392,W0009,Night,2025-02-22 21:07:00,2025-02-23 03:07:00,6.0
LOG210393,W0003,Evening,2025-06-15 20:59:00,2025-06-16 04:59:00,8.0
LOG210394,W0166,Night,2025-05-12 10:54:00,2025-05-12 18:54:00,8.0
LOG210395,W0417,Morning,2025-06-26 11:09:00,2025-06-26 20:09:00,9.0
LOG210396,W0410,Evening,2025-03-20 06:44:00,2025-03-20 14:44:00,8.0
LOG210398,W0428,Night,2025-03-20 14:07:00,2025-03-20 21:07:00,7.0
LOG210399,W0373,Morning,2025-01-27 13:34:00,2025-01-27 20:34:00,7.0
LOG210400,W0122,Night,2025-04-30 04:12:00,2025-04-30 12:12:00,8.0
LOG210401,W0426,Evening,2025-01-29 08:43:00,2025-01-29 15:43:00,7.0
LOG210403,W0284,Night,2025-06-28 09:11:00,2025-06-28 16:11:00,7.0
LOG210404,W0343,Night,2025-02-11 10:41:00,2025-02-11 17:41:00,7.0
LOG210405,W0460,Morning,2025-04-19 03:56:00,2025-04-19 13:56:00,10.0
LOG210407,W0500,Morning,2025-03-07 10:14:00,2025-03-07 18:14:00,8.0
LOG210408,W0258,Night,2025-06-05 22:58:00,2025-06-06 08:58:00,10.0
LOG210409,W0197,Morning,2025-02-03 13:57:00,2025-02-03 23:57:00,10.0
LOG210410,W0272,Evening,2025-06-22 13:20:00,2025-06-22 20:20:00,7.0
LOG210412,W0335,Morning,2025-01-03 21:51:00,2025-01-04 07:51:00,10.0
LOG210413,W0216,Morning,2025-04-28 12:42:00,2025-04-28 18:42:00,6.0
LOG210414,W0445,Night,2025-05-24 03:06:00,2025-05-24 13:06:00,10.0
LOG210415,W0147,Night,2025-03-22 09:27:00,2025-03-22 19:27:00,10.0
LOG210417,W0261,Night,2025-02-22 06:02:00,2025-02-22 13:02:00,7.0
LOG210419,W0141,Night,2025-02-01 12:50:00,2025-02-01 18:50:00,6.0
LOG210420,W0019,Evening,2025-02-04 23:57:00,2025-02-05 05:57:00,6.0
LOG210421,W0094,Evening,2025-04-12 17:27:00,2025-04-13 01:27:00,8.0
LOG210422,W0074,Evening,2025-02-10 08:01:00,2025-02-10 16:01:00,8.0
LOG210423,W0110,Night,2025-05-08 13:04:00,2025-05-08 20:04:00,7.0
LOG210424,W0041,Night,2025-01-04 12:35:00,2025-01-04 22:35:00,10.0
LOG210425,W0384,Morning,2025-02-22 15:40:00,2025-02-23 01:40:00,10.0
LOG210426,W0471,Morning,2025-06-25 18:57:00,2025-06-26 01:57:00,7.0
LOG210427,W0015,Morning,2025-01-21 19:27:00,2025-01-22 02:27:00,7.0
LOG210428,W0460,Evening,2025-01-19 02:26:00,2025-01-19 08:26:00,6.0
LOG210429,W0110,Night,2025-02-07 23:57:00,2025-02-08 07:57:00,8.0
LOG210430,W0134,Morning,2025-06-25 05:16:00,2025-06-25 13:16:00,8.0
LOG210433,W0490,Night,2025-03-22 04:07:00,2025-03-22 11:07:00,7.0
LOG210435,W0430,Evening,2025-02-14 19:02:00,2025-02-15 01:02:00,6.0
LOG210436,W0356,Night,2025-06-28 13:09:00,2025-06-28 23:09:00,10.0
LOG210437,W0244,Night,2025-01-05 14:21:00,2025-01-06 00:21:00,10.0
LOG210438,W0280,Night,2025-05-07 00:45:00,2025-05-07 08:45:00,8.0
LOG210439,W0272,Evening,2025-05-12 04:13:00,2025-05-12 12:13:00,8.0
LOG210440,W0322,Night,2025-06-03 13:53:00,2025-06-03 20:53:00,7.0
LOG210441,W0367,Evening,2025-02-01 10:41:00,2025-02-01 19:41:00,9.0
LOG210446,W0218,Night,2025-03-08 08:08:00,2025-03-08 16:08:00,8.0
LOG210447,W0047,Morning,2025-04-09 17:37:00,2025-04-10 03:37:00,10.0
LOG210448,W0098,Night,2025-02-06 05:08:00,2025-02-06 13:08:00,8.0
LOG210449,W0092,Evening,2025-03-13 11:03:00,2025-03-13 21:03:00,10.0
LOG210450,W0036,Morning,2025-04-05 23:42:00,2025-04-06 09:42:00,10.0
LOG210451,W0333,Evening,2025-05-23 08:37:00,2025-05-23 18:37:00,10.0
LOG210453,W0287,Morning,2025-05-31 07:03:00,2025-05-31 17:03:00,10.0
LOG210454,W0278,Morning,2025-05-22 19:01:00,2025-05-23 01:01:00,6.0
LOG210455,W0340,Night,2025-02-28 02:18:00,2025-02-28 11:18:00,9.0
LOG210456,W0399,Night,2025-04-17 06:44:00,2025-04-17 14:44:00,8.0
LOG210458,W0302,Morning,2025-01-19 20:57:00,2025-01-20 06:57:00,10.0
LOG210459,W0362,Night,2025-01-06 06:33:00,2025-01-06 13:33:00,7.0
LOG210460,W0310,Night,2025-01-09 04:50:00,2025-01-09 14:50:00,10.0
LOG210461,W0351,Morning,2025-02-15 22:28:00,2025-02-16 04:28:00,6.0
LOG210462,W0079,Night,2025-06-19 18:44:00,2025-06-20 00:44:00,6.0
LOG210463,W0121,Night,2025-03-24 22:39:00,2025-03-25 05:39:00,7.0
LOG210464,W0304,Night,2025-01-27 11:43:00,2025-01-27 20:43:00,9.0
LOG210466,W0210,Morning,2025-02-02 19:23:00,2025-02-03 03:23:00,8.0
LOG210467,W0073,Morning,2025-04-20 00:14:00,2025-04-20 06:14:00,6.0
LOG210468,W0437,Night,2025-01-10 07:44:00,2025-01-10 16:44:00,9.0
LOG210470,W0339,Morning,2025-05-21 07:16:00,2025-05-21 17:16:00,10.0
LOG210471,W0360,Night,2025-06-03 10:57:00,2025-06-03 18:57:00,8.0
LOG210472,W0454,Morning,2025-03-31 18:20:00,2025-04-01 02:20:00,8.0
LOG210473,W0431,Morning,2025-01-31 09:43:00,2025-01-31 16:43:00,7.0
LOG210474,W0352,Evening,2025-04-07 07:20:00,2025-04-07 13:20:00,6.0
LOG210475,W0234,Night,2025-01-21 12:41:00,2025-01-21 21:41:00,9.0
LOG210477,W0440,Night,2025-02-27 23:45:00,2025-02-28 07:45:00,8.0
LOG210478,W0327,Evening,2025-04-09 06:53:00,2025-04-09 16:53:00,10.0
LOG210479,W0046,Night,2025-06-22 09:04:00,2025-06-22 15:04:00,6.0
LOG210480,W0153,Night,2025-04-30 15:57:00,2025-05-01 00:57:00,9.0
LOG210481,W0369,Night,2025-04-26 18:36:00,2025-04-27 01:36:00,7.0
LOG210482,W0024,Night,2025-06-10 18:23:00,2025-06-11 02:23:00,8.0
LOG210483,W0332,Evening,2025-04-21 06:24:00,2025-04-21 14:24:00,8.0
LOG210484,W0428,Night,2025-06-29 23:13:00,2025-06-30 05:13:00,6.0
LOG210487,W0171,Night,2025-02-13 10:13:00,2025-02-13 18:13:00,8.0
LOG210489,W0227,Evening,2025-04-05 15:25:00,2025-04-05 21:25:00,6.0
LOG210490,W0397,Morning,2025-05-20 03:32:00,2025-05-20 09:32:00,6.0
LOG210491,W0378,Morning,2025-01-26 03:04:00,2025-01-26 13:04:00,10.0
LOG210492,W0045,Morning,2025-05-24 07:59:00,2025-05-24 14:59:00,7.0
LOG210493,W0216,Night,2025-05-10 11:57:00,2025-05-10 17:57:00,6.0
LOG210495,W0455,Night,2025-06-11 02:44:00,2025-06-11 10:44:00,8.0
LOG210496,W0375,Night,2025-04-14 22:02:00,2025-04-15 08:02:00,10.0
LOG210498,W0340,Night,2025-06-21 18:11:00,2025-06-22 04:11:00,10.0
LOG210500,W0468,Night,2025-03-15 15:22:00,2025-03-16 00:22:00,9.0
LOG210501,W0004,Evening,2025-03-15 17:48:00,2025-03-15 23:48:00,6.0
LOG210503,W0049,Night,2025-02-25 11:24:00,2025-02-25 20:24:00,9.0
LOG210504,W0337,Morning,2025-01-26 14:46:00,2025-01-26 23:46:00,9.0
LOG210506,W0339,Morning,2025-01-31 15:16:00,2025-01-31 22:16:00,7.0
LOG210509,W0009,Night,2025-02-27 16:04:00,2025-02-28 02:04:00,10.0
LOG210512,W0264,Evening,2025-01-27 00:09:00,2025-01-27 08:09:00,8.0
LOG210514,W0240,Night,2025-03-23 13:36:00,2025-03-23 19:36:00,6.0
LOG210515,W0198,Evening,2025-04-09 23:41:00,2025-04-10 05:41:00,6.0
LOG210516,W0142,Evening,2025-06-07 20:13:00,2025-06-08 05:13:00,9.0
LOG210517,W0265,Night,2025-04-12 07:38:00,2025-04-12 17:38:00,10.0
LOG210520,W0477,Night,2025-05-13 14:34:00,2025-05-14 00:34:00,10.0
LOG210521,W0427,Morning,2025-04-20 10:21:00,2025-04-20 18:21:00,8.0
LOG210523,W0253,Evening,2025-01-24 10:42:00,2025-01-24 17:42:00,7.0
LOG210525,W0285,Night,2025-03-24 06:03:00,2025-03-24 12:03:00,6.0
LOG210526,W0362,Night,2025-05-11 22:25:00,2025-05-12 07:25:00,9.0
LOG210527,W0259,Night,2025-06-01 22:13:00,2025-06-02 08:13:00,10.0
LOG210528,W0111,Morning,2025-05-10 18:15:00,2025-05-11 03:15:00,9.0
LOG210529,W0434,Night,2025-03-02 12:42:00,2025-03-02 20:42:00,8.0
LOG210530,W0141,Evening,2025-05-04 01:35:00,2025-05-04 07:35:00,6.0
LOG210531,W0380,Night,2025-01-10 05:16:00,2025-01-10 13:16:00,8.0
LOG210532,W0277,Morning,2025-04-11 08:42:00,2025-04-11 14:42:00,6.0
LOG210534,W0089,Evening,2025-04-04 16:23:00,2025-04-05 01:23:00,9.0
LOG210536,W0044,Morning,2025-01-28 19:28:00,2025-01-29 05:28:00,10.0
LOG210538,W0435,Night,2025-02-24 18:06:00,2025-02-25 01:06:00,7.0
LOG210540,W0152,Night,2025-06-20 01:58:00,2025-06-20 11:58:00,10.0
LOG210541,W0127,Night,2025-06-18 16:53:00,2025-06-18 22:53:00,6.0
LOG210542,W0127,Night,2025-02-24 23:05:00,2025-02-25 08:05:00,9.0
LOG210544,W0430,Night,2025-05-22 04:25:00,2025-05-22 11:25:00,7.0
LOG210546,W0005,Night,2025-05-17 01:11:00,2025-05-17 08:11:00,7.0
LOG210547,W0354,Morning,2025-02-15 18:59:00,2025-02-16 03:59:00,9.0
LOG210549,W0453,Night,2025-06-18 07:11:00,2025-06-18 17:11:00,10.0
LOG210551,W0420,Night,2025-03-10 10:06:00,2025-03-10 17:06:00,7.0
LOG210553,W0379,Morning,2025-02-18 04:17:00,2025-02-18 11:17:00,7.0
LOG210554,W0420,Night,2025-03-14 04:04:00,2025-03-14 14:04:00,10.0
LOG210555,W0010,Night,2025-06-20 23:57:00,2025-06-21 08:57:00,9.0
LOG210556,W0174,Night,2025-01-05 05:35:00,2025-01-05 15:35:00,10.0
LOG210557,W0170,Night,2025-04-18 22:35:00,2025-04-19 05:35:00,7.0
LOG210558,W0049,Night,2025-06-16 12:31:00,2025-06-16 19:31:00,7.0
LOG210559,W0367,Night,2025-03-22 00:28:00,2025-03-22 10:28:00,10.0
LOG210561,W0433,Morning,2025-04-19 15:59:00,2025-04-19 23:59:00,8.0
LOG210565,W0061,Evening,2025-02-24 07:01:00,2025-02-24 17:01:00,10.0
LOG210566,W0348,Night,2025-01-05 08:47:00,2025-01-05 16:47:00,8.0
LOG210567,W0002,Night,2025-05-20 13:22:00,2025-05-20 23:22:00,10.0
LOG210568,W0063,Night,2025-06-08 04:27:00,2025-06-08 10:27:00,6.0
LOG210569,W0366,Night,2025-02-03 20:18:00,2025-02-04 03:18:00,7.0
LOG210570,W0317,Night,2025-01-09 03:54:00,2025-01-09 10:54:00,7.0
LOG210572,W0098,Night,2025-01-05 10:34:00,2025-01-05 19:34:00,9.0
LOG210573,W0314,Morning,2025-02-10 01:36:00,2025-02-10 08:36:00,7.0
LOG210574,W0256,Evening,2025-03-06 07:44:00,2025-03-06 14:44:00,7.0
LOG210576,W0081,Morning,2025-01-06 04:36:00,2025-01-06 11:36:00,7.0
LOG210577,W0275,Morning,2025-04-27 16:53:00,2025-04-28 00:53:00,8.0
LOG210578,W0446,Morning,2025-01-11 15:40:00,2025-01-11 21:40:00,6.0
LOG210579,W0259,Night,2025-02-08 05:19:00,2025-02-08 13:19:00,8.0
LOG210580,W0356,Night,2025-06-21 10:17:00,2025-06-21 18:17:00,8.0
LOG210581,W0003,Night,2025-05-19 00:34:00,2025-05-19 06:34:00,6.0
LOG210582,W0384,Morning,2025-02-22 09:21:00,2025-02-22 15:21:00,6.0
LOG210583,W0023,Morning,2025-05-22 23:27:00,2025-05-23 05:27:00,6.0
LOG210585,W0222,Night,2025-01-18 05:15:00,2025-01-18 15:15:00,10.0
LOG210586,W0382,Night,2025-01-03 23:47:00,2025-01-04 07:47:00,8.0
LOG210587,W0441,Night,2025-06-16 12:28:00,2025-06-16 22:28:00,10.0
LOG210588,W0136,Night,2025-06-18 18:22:00,2025-06-19 02:22:00,8.0
LOG210589,W0431,Evening,2025-06-02 03:51:00,2025-06-02 13:51:00,10.0
LOG210590,W0240,Night,2025-03-10 01:39:00,2025-03-10 10:39:00,9.0
LOG210591,W0325,Evening,2025-04-23 12:13:00,2025-04-23 20:13:00,8.0
LOG210592,W0086,Morning,2025-05-11 21:38:00,2025-05-12 07:38:00,10.0
LOG210593,W0184,Night,2025-01-07 17:06:00,2025-01-08 02:06:00,9.0
LOG210594,W0485,Night,2025-05-31 15:54:00,2025-05-31 23:54:00,8.0
LOG210595,W0242,Night,2025-06-13 00:21:00,2025-06-13 06:21:00,6.0
LOG210596,W0377,Evening,2025-06-09 10:08:00,2025-06-09 16:08:00,6.0
LOG210599,W0385,Evening,2025-02-19 19:02:00,2025-02-20 02:02:00,7.0
LOG210600,W0171,Night,2025-04-19 21:04:00,2025-04-20 06:04:00,9.0
LOG210602,W0035,Night,2025-01-24 10:22:00,2025-01-24 16:22:00,6.0
LOG210603,W0415,Night,2025-02-15 19:25:00,2025-02-16 03:25:00,8.0
LOG210604,W0138,Night,2025-03-03 03:34:00,2025-03-03 09:34:00,6.0
LOG210605,W0090,Morning,2025-01-03 01:13:00,2025-01-03 10:13:00,9.0
LOG210606,W0439,Morning,2025-01-10 13:41:00,2025-01-10 22:41:00,9.0
LOG210609,W0291,Morning,2025-04-10 11:49:00,2025-04-10 19:49:00,8.0
LOG210610,W0242,Morning,2025-02-28 05:18:00,2025-02-28 13:18:00,8.0
LOG210611,W0448,Night,2025-03-07 08:03:00,2025-03-07 18:03:00,10.0
LOG210613,W0131,Evening,2025-03-07 15:57:00,2025-03-07 21:57:00,6.0
LOG210615,W0361,Night,2025-06-26 07:07:00,2025-06-26 13:07:00,6.0
LOG210616,W0173,Morning,2025-01-27 01:53:00,2025-01-27 07:53:00,6.0
LOG210617,W0179,Evening,2025-02-22 08:53:00,2025-02-22 18:53:00,10.0
LOG210618,W0161,Morning,2025-01-11 10:49:00,2025-01-11 18:49:00,8.0
LOG210619,W0109,Evening,2025-01-01 17:43:00,2025-01-02 01:43:00,8.0
LOG210620,W0344,Night,2025-04-10 03:40:00,2025-04-10 12:40:00,9.0
LOG210621,W0143,Night,2025-01-03 21:48:00,2025-01-04 06:48:00,9.0
LOG210623,W0011,Morning,2025-04-09 13:57:00,2025-04-09 21:57:00,8.0
LOG210624,W0158,Morning,2025-06-03 13:15:00,2025-06-03 22:15:00,9.0
LOG210625,W0404,Night,2025-01-24 22:38:00,2025-01-25 08:38:00,10.0
LOG210626,W0344,Evening,2025-03-08 10:05:00,2025-03-08 18:05:00,8.0
LOG210628,W0069,Night,2025-03-15 23:27:00,2025-03-16 09:27:00,10.0
LOG210629,W0337,Morning,2025-06-05 07:23:00,2025-06-05 15:23:00,8.0
LOG210630,W0174,Night,2025-06-09 00:33:00,2025-06-09 06:33:00,6.0
LOG210631,W0403,Morning,2025-03-10 11:28:00,2025-03-10 17:28:00,6.0
LOG210632,W0114,Morning,2025-01-31 18:36:00,2025-02-01 02:36:00,8.0
LOG210635,W0424,Night,2025-04-26 03:26:00,2025-04-26 10:26:00,7.0
LOG210637,W0492,Evening,2025-03-22 12:52:00,2025-03-22 19:52:00,7.0
LOG210638,W0245,Morning,2025-05-10 21:17:00,2025-05-11 07:17:00,10.0
LOG210639,W0124,Night,2025-06-21 11:13:00,2025-06-21 17:13:00,6.0
LOG210641,W0074,Morning,2025-01-20 11:33:00,2025-01-20 17:33:00,6.0
LOG210643,W0383,Night,2025-02-13 01:27:00,2025-02-13 09:27:00,8.0
LOG210644,W0003,Evening,2025-03-07 10:03:00,2025-03-07 17:03:00,7.0
LOG210645,W0178,Evening,2025-02-26 19:37:00,2025-02-27 03:37:00,8.0
LOG210646,W0459,Night,2025-04-01 23:38:00,2025-04-02 09:38:00,10.0
LOG210647,W0346,Night,2025-04-07 14:07:00,2025-04-07 21:07:00,7.0
LOG210649,W0389,Morning,2025-02-05 23:17:00,2025-02-06 05:17:00,6.0
LOG210650,W0491,Night,2025-03-23 07:03:00,2025-03-23 13:03:00,6.0
LOG210651,W0081,Night,2025-01-25 19:11:00,2025-01-26 01:11:00,6.0
LOG210654,W0390,Night,2025-05-02 05:03:00,2025-05-02 11:03:00,6.0
LOG210656,W0355,Night,2025-04-03 17:41:00,2025-04-04 02:41:00,9.0
LOG210657,W0374,Night,2025-05-19 00:46:00,2025-05-19 06:46:00,6.0
LOG210658,W0386,Night,2025-01-24 21:28:00,2025-01-25 06:28:00,9.0
LOG210659,W0369,Morning,2025-02-21 21:46:00,2025-02-22 07:46:00,10.0
LOG210660,W0337,Evening,2025-01-20 02:16:00,2025-01-20 11:16:00,9.0
LOG210661,W0035,Evening,2025-02-15 23:12:00,2025-02-16 06:12:00,7.0
LOG210662,W0014,Night,2025-02-14 11:00:00,2025-02-14 18:00:00,7.0
LOG210663,W0471,Evening,2025-02-02 16:40:00,2025-02-02 22:40:00,6.0
LOG210665,W0069,Morning,2025-06-26 05:59:00,2025-06-26 11:59:00,6.0
LOG210666,W0411,Night,2025-03-26 12:09:00,2025-03-26 21:09:00,9.0
LOG210667,W0229,Evening,2025-02-23 12:24:00,2025-02-23 21:24:00,9.0
LOG210668,W0192,Night,2025-05-07 19:28:00,2025-05-08 04:28:00,9.0
LOG210669,W0325,Evening,2025-01-17 09:09:00,2025-01-17 19:09:00,10.0
LOG210672,W0266,Evening,2025-01-25 23:33:00,2025-01-26 05:33:00,6.0
LOG210673,W0025,Night,2025-01-12 13:19:00,2025-01-12 20:19:00,7.0
LOG210675,W0419,Morning,2025-02-07 07:34:00,2025-02-07 13:34:00,6.0
LOG210676,W0100,Night,2025-06-12 07:37:00,2025-06-12 14:37:00,7.0
LOG210677,W0440,Night,2025-04-19 22:25:00,2025-04-20 05:25:00,7.0
LOG210678,W0338,Morning,2025-04-27 06:21:00,2025-04-27 16:21:00,10.0
LOG210679,W0077,Morning,2025-02-20 16:37:00,2025-02-20 23:37:00,7.0
LOG210680,W0467,Morning,2025-05-27 09:59:00,2025-05-27 16:59:00,7.0
LOG210683,W0215,Night,2025-01-15 20:13:00,2025-01-16 06:13:00,10.0
LOG210684,W0050,Night,2025-06-01 22:36:00,2025-06-02 04:36:00,6.0
LOG210685,W0376,Night,2025-01-14 21:03:00,2025-01-15 05:03:00,8.0
LOG210688,W0263,Night,2025-03-27 07:15:00,2025-03-27 14:15:00,7.0
LOG210689,W0447,Night,2025-06-11 02:17:00,2025-06-11 11:17:00,9.0
LOG210690,W0018,Night,2025-03-19 21:27:00,2025-03-20 06:27:00,9.0
LOG210691,W0064,Night,2025-03-14 21:27:00,2025-03-15 07:27:00,10.0
LOG210697,W0264,Night,2025-05-26 01:23:00,2025-05-26 11:23:00,10.0
LOG210699,W0288,Morning,2025-06-26 16:15:00,2025-06-26 23:15:00,7.0
LOG210700,W0233,Morning,2025-02-19 06:52:00,2025-02-19 15:52:00,9.0
LOG210701,W0345,Evening,2025-04-25 14:50:00,2025-04-25 20:50:00,6.0
LOG210702,W0154,Morning,2025-03-25 09:07:00,2025-03-25 15:07:00,6.0
LOG210703,W0459,Night,2025-05-21 04:49:00,2025-05-21 11:49:00,7.0
LOG210705,W0332,Evening,2025-04-03 04:15:00,2025-04-03 14:15:00,10.0
LOG210706,W0183,Morning,2025-06-28 16:01:00,2025-06-29 00:01:00,8.0
LOG210707,W0326,Evening,2025-06-05 00:47:00,2025-06-05 10:47:00,10.0
LOG210708,W0030,Night,2025-01-26 10:06:00,2025-01-26 19:06:00,9.0
LOG210709,W0012,Morning,2025-01-24 09:16:00,2025-01-24 15:16:00,6.0
LOG210710,W0364,Night,2025-01-23 11:44:00,2025-01-23 21:44:00,10.0
LOG210711,W0144,Night,2025-06-13 06:19:00,2025-06-13 15:19:00,9.0
LOG210712,W0076,Night,2025-01-12 10:12:00,2025-01-12 20:12:00,10.0
LOG210714,W0188,Night,2025-04-01 18:00:00,2025-04-02 04:00:00,10.0
LOG210715,W0303,Morning,2025-05-02 02:40:00,2025-05-02 10:40:00,8.0
LOG210716,W0238,Night,2025-01-09 20:37:00,2025-01-10 06:37:00,10.0
LOG210717,W0172,Morning,2025-02-03 00:00:00,2025-02-03 06:00:00,6.0
LOG210719,W0333,Night,2025-06-03 06:59:00,2025-06-03 16:59:00,10.0
LOG210720,W0484,Night,2025-03-30 15:17:00,2025-03-30 21:17:00,6.0
LOG210721,W0043,Evening,2025-02-11 18:14:00,2025-02-12 01:14:00,7.0
LOG210722,W0357,Morning,2025-04-06 11:58:00,2025-04-06 21:58:00,10.0
LOG210723,W0389,Night,2025-04-25 15:28:00,2025-04-26 00:28:00,9.0
LOG210724,W0408,Morning,2025-03-10 13:35:00,2025-03-10 23:35:00,10.0
LOG210725,W0255,Morning,2025-04-27 01:06:00,2025-04-27 11:06:00,10.0
LOG210726,W0217,Evening,2025-06-03 13:50:00,2025-06-03 21:50:00,8.0
LOG210728,W0468,Night,2025-04-03 03:12:00,2025-04-03 11:12:00,8.0
LOG210730,W0204,Evening,2025-01-15 07:54:00,2025-01-15 14:54:00,7.0
LOG210731,W0107,Evening,2025-04-09 02:38:00,2025-04-09 08:38:00,6.0
LOG210732,W0096,Evening,2025-04-17 05:21:00,2025-04-17 15:21:00,10.0
LOG210734,W0158,Night,2025-03-27 03:42:00,2025-03-27 10:42:00,7.0
LOG210735,W0174,Morning,2025-03-01 02:25:00,2025-03-01 08:25:00,6.0
LOG210736,W0142,Night,2025-01-17 21:46:00,2025-01-18 05:46:00,8.0
LOG210740,W0244,Morning,2025-03-14 18:03:00,2025-03-15 02:03:00,8.0
LOG210741,W0308,Night,2025-01-09 00:01:00,2025-01-09 09:01:00,9.0
LOG210742,W0005,Evening,2025-06-07 22:33:00,2025-06-08 08:33:00,10.0
LOG210743,W0245,Morning,2025-06-05 18:38:00,2025-06-06 02:38:00,8.0
LOG210745,W0060,Night,2025-03-20 11:51:00,2025-03-20 20:51:00,9.0
LOG210746,W0265,Evening,2025-02-24 23:30:00,2025-02-25 07:30:00,8.0
LOG210747,W0378,Morning,2025-01-05 12:27:00,2025-01-05 21:27:00,9.0
LOG210748,W0298,Evening,2025-03-13 08:57:00,2025-03-13 18:57:00,10.0
LOG210749,W0160,Night,2025-01-31 21:22:00,2025-02-01 06:22:00,9.0
LOG210750,W0488,Morning,2025-06-28 20:35:00,2025-06-29 06:35:00,10.0
LOG210751,W0402,Night,2025-02-07 23:02:00,2025-02-08 08:02:00,9.0
LOG210752,W0462,Night,2025-06-09 21:20:00,2025-06-10 05:20:00,8.0
LOG210755,W0252,Night,2025-02-08 08:43:00,2025-02-08 14:43:00,6.0
LOG210756,W0138,Night,2025-04-14 12:01:00,2025-04-14 19:01:00,7.0
LOG210757,W0406,Morning,2025-05-29 07:28:00,2025-05-29 13:28:00,6.0
LOG210760,W0200,Night,2025-03-24 20:42:00,2025-03-25 03:42:00,7.0
LOG210761,W0082,Night,2025-05-23 09:36:00,2025-05-23 15:36:00,6.0
LOG210762,W0240,Night,2025-03-27 19:09:00,2025-03-28 05:09:00,10.0
LOG210764,W0395,Evening,2025-01-30 11:19:00,2025-01-30 20:19:00,9.0
LOG210765,W0163,Night,2025-04-22 23:43:00,2025-04-23 09:43:00,10.0
LOG210766,W0046,Night,2025-01-11 01:02:00,2025-01-11 09:02:00,8.0
LOG210767,W0356,Night,2025-03-14 19:11:00,2025-03-15 04:11:00,9.0
LOG210768,W0072,Morning,2025-05-26 19:34:00,2025-05-27 02:34:00,7.0
LOG210770,W0039,Evening,2025-01-22 11:04:00,2025-01-22 20:04:00,9.0
LOG210772,W0197,Morning,2025-06-29 02:43:00,2025-06-29 08:43:00,6.0
LOG210774,W0040,Night,2025-06-01 02:13:00,2025-06-01 11:13:00,9.0
LOG210775,W0100,Night,2025-01-29 17:14:00,2025-01-29 23:14:00,6.0
LOG210778,W0273,Night,2025-01-03 05:34:00,2025-01-03 11:34:00,6.0
LOG210779,W0064,Morning,2025-02-12 17:51:00,2025-02-13 01:51:00,8.0
LOG210780,W0466,Night,2025-06-23 09:18:00,2025-06-23 16:18:00,7.0
LOG210781,W0399,Night,2025-05-04 21:18:00,2025-05-05 06:18:00,9.0
LOG210784,W0186,Evening,2025-01-16 22:22:00,2025-01-17 04:22:00,6.0
LOG210785,W0381,Night,2025-05-23 15:05:00,2025-05-24 00:05:00,9.0
LOG210786,W0313,Evening,2025-04-14 22:59:00,2025-04-15 04:59:00,6.0
LOG210787,W0151,Night,2025-06-14 07:56:00,2025-06-14 17:56:00,10.0
LOG210788,W0060,Night,2025-05-16 16:40:00,2025-05-17 02:40:00,10.0
LOG210789,W0292,Night,2025-05-17 01:15:00,2025-05-17 07:15:00,6.0
LOG210793,W0094,Morning,2025-05-06 14:05:00,2025-05-06 23:05:00,9.0
LOG210794,W0046,Evening,2025-04-08 13:37:00,2025-04-08 22:37:00,9.0
LOG210795,W0351,Morning,2025-04-09 02:36:00,2025-04-09 09:36:00,7.0
LOG210796,W0443,Night,2025-01-04 17:56:00,2025-01-05 01:56:00,8.0
LOG210797,W0280,Evening,2025-03-12 11:19:00,2025-03-12 20:19:00,9.0
LOG210798,W0077,Morning,2025-04-08 13:46:00,2025-04-08 22:46:00,9.0
LOG210799,W0483,Night,2025-01-30 05:15:00,2025-01-30 13:15:00,8.0
LOG210800,W0479,Night,2025-03-06 14:59:00,2025-03-07 00:59:00,10.0
LOG210801,W0005,Night,2025-06-04 21:44:00,2025-06-05 04:44:00,7.0
LOG210802,W0271,Night,2025-01-20 21:04:00,2025-01-21 05:04:00,8.0
LOG210803,W0288,Night,2025-03-01 00:12:00,2025-03-01 10:12:00,10.0
LOG210804,W0260,Evening,2025-02-16 14:10:00,2025-02-16 21:10:00,7.0
LOG210805,W0156,Night,2025-01-24 09:01:00,2025-01-24 19:01:00,10.0
LOG210806,W0134,Night,2025-05-06 09:45:00,2025-05-06 17:45:00,8.0
LOG210807,W0091,Night,2025-03-18 00:31:00,2025-03-18 10:31:00,10.0
LOG210808,W0169,Morning,2025-06-25 05:27:00,2025-06-25 13:27:00,8.0
LOG210809,W0124,Morning,2025-05-05 02:34:00,2025-05-05 10:34:00,8.0
LOG210810,W0231,Evening,2025-06-28 09:46:00,2025-06-28 19:46:00,10.0
LOG210811,W0121,Night,2025-04-24 16:10:00,2025-04-25 00:10:00,8.0
LOG210812,W0435,Night,2025-02-24 00:15:00,2025-02-24 08:15:00,8.0
LOG210813,W0083,Night,2025-02-20 15:49:00,2025-02-21 00:49:00,9.0
LOG210816,W0033,Morning,2025-05-04 22:24:00,2025-05-05 06:24:00,8.0
LOG210817,W0195,Evening,2025-01-25 09:58:00,2025-01-25 16:58:00,7.0
LOG210818,W0067,Evening,2025-01-03 05:32:00,2025-01-03 11:32:00,6.0
LOG210820,W0316,Morning,2025-06-13 17:05:00,2025-06-14 03:05:00,10.0
LOG210821,W0482,Evening,2025-02-18 01:26:00,2025-02-18 09:26:00,8.0
LOG210824,W0037,Night,2025-01-14 05:05:00,2025-01-14 15:05:00,10.0
LOG210825,W0108,Morning,2025-05-30 15:56:00,2025-05-31 00:56:00,9.0
LOG210826,W0138,Evening,2025-04-28 08:22:00,2025-04-28 14:22:00,6.0
LOG210829,W0418,Night,2025-04-18 04:57:00,2025-04-18 14:57:00,10.0
LOG210831,W0104,Night,2025-06-26 04:52:00,2025-06-26 12:52:00,8.0
LOG210832,W0028,Evening,2025-03-17 10:23:00,2025-03-17 19:23:00,9.0
LOG210833,W0101,Evening,2025-04-08 20:39:00,2025-04-09 02:39:00,6.0
LOG210835,W0120,Night,2025-04-26 15:08:00,2025-04-26 22:08:00,7.0
LOG210836,W0076,Night,2025-06-23 05:54:00,2025-06-23 15:54:00,10.0
LOG210837,W0026,Night,2025-05-20 01:14:00,2025-05-20 11:14:00,10.0
LOG210838,W0001,Morning,2025-01-27 22:47:00,2025-01-28 08:47:00,10.0
LOG210840,W0468,Night,2025-05-29 13:20:00,2025-05-29 22:20:00,9.0
LOG210841,W0247,Evening,2025-01-26 00:58:00,2025-01-26 07:58:00,7.0
LOG210843,W0066,Evening,2025-05-10 17:32:00,2025-05-11 01:32:00,8.0
LOG210844,W0460,Morning,2025-03-15 01:49:00,2025-03-15 09:49:00,8.0
LOG210845,W0350,Morning,2025-01-18 16:46:00,2025-01-19 02:46:00,10.0
LOG210847,W0169,Night,2025-04-09 12:24:00,2025-04-09 20:24:00,8.0
LOG210851,W0320,Night,2025-06-21 20:03:00,2025-06-22 06:03:00,10.0
LOG210852,W0459,Night,2025-01-25 18:53:00,2025-01-26 01:53:00,7.0
LOG210853,W0176,Night,2025-06-28 03:25:00,2025-06-28 09:25:00,6.0
LOG210854,W0043,Night,2025-06-06 06:09:00,2025-06-06 16:09:00,10.0
LOG210855,W0496,Evening,2025-05-24 14:13:00,2025-05-25 00:13:00,10.0
LOG210856,W0061,Night,2025-01-14 08:29:00,2025-01-14 18:29:00,10.0
LOG210857,W0206,Morning,2025-02-13 22:04:00,2025-02-14 08:04:00,10.0
LOG210858,W0464,Morning,2025-02-09 12:43:00,2025-02-09 20:43:00,8.0
LOG210860,W0144,Evening,2025-04-21 20:09:00,2025-04-22 06:09:00,10.0
LOG210861,W0481,Night,2025-06-19 20:41:00,2025-06-20 02:41:00,6.0
LOG210862,W0233,Evening,2025-03-31 14:37:00,2025-03-31 22:37:00,8.0
LOG210863,W0134,Night,2025-06-18 19:54:00,2025-06-19 03:54:00,8.0
LOG210864,W0204,Night,2025-01-26 00:16:00,2025-01-26 07:16:00,7.0
LOG210865,W0069,Morning,2025-06-10 12:13:00,2025-06-10 19:13:00,7.0
LOG210867,W0420,Morning,2025-05-01 13:50:00,2025-05-01 19:50:00,6.0
LOG210868,W0100,Night,2025-04-18 19:35:00,2025-04-19 04:35:00,9.0
LOG210869,W0028,Night,2025-05-15 08:47:00,2025-05-15 18:47:00,10.0
LOG210871,W0367,Morning,2025-03-13 15:47:00,2025-03-13 23:47:00,8.0
LOG210872,W0171,Evening,2025-04-29 01:17:00,2025-04-29 08:17:00,7.0
LOG210873,W0440,Night,2025-01-11 11:38:00,2025-01-11 18:38:00,7.0
LOG210874,W0179,Evening,2025-02-13 09:28:00,2025-02-13 15:28:00,6.0
LOG210876,W0150,Morning,2025-06-29 11:17:00,2025-06-29 20:17:00,9.0
LOG210877,W0317,Night,2025-04-29 01:42:00,2025-04-29 11:42:00,10.0
LOG210878,W0269,Night,2025-03-02 07:54:00,2025-03-02 14:54:00,7.0
LOG210879,W0488,Morning,2025-03-22 21:55:00,2025-03-23 06:55:00,9.0
LOG210882,W0413,Evening,2025-05-05 13:45:00,2025-05-05 20:45:00,7.0
LOG210883,W0015,Night,2025-01-05 07:37:00,2025-01-05 14:37:00,7.0
LOG210884,W0073,Evening,2025-02-06 02:18:00,2025-02-06 12:18:00,10.0
LOG210885,W0360,Night,2025-01-06 13:37:00,2025-01-06 19:37:00,6.0
LOG210886,W0122,Night,2025-01-12 01:24:00,2025-01-12 08:24:00,7.0
LOG210887,W0227,Night,2025-01-21 04:33:00,2025-01-21 12:33:00,8.0
LOG210888,W0471,Night,2025-01-26 13:23:00,2025-01-26 23:23:00,10.0
LOG210889,W0484,Morning,2025-02-12 00:55:00,2025-02-12 08:55:00,8.0
LOG210891,W0322,Night,2025-02-24 03:22:00,2025-02-24 13:22:00,10.0
LOG210893,W0410,Morning,2025-06-16 13:15:00,2025-06-16 21:15:00,8.0
LOG210895,W0365,Night,2025-05-02 14:52:00,2025-05-02 22:52:00,8.0
LOG210896,W0022,Night,2025-04-08 14:27:00,2025-04-08 23:27:00,9.0
LOG210897,W0468,Night,2025-03-27 08:24:00,2025-03-27 14:24:00,6.0
LOG210898,W0154,Morning,2025-05-23 04:59:00,2025-05-23 11:59:00,7.0
LOG210900,W0099,Evening,2025-01-28 07:07:00,2025-01-28 14:07:00,7.0
LOG210901,W0205,Morning,2025-01-26 20:38:00,2025-01-27 04:38:00,8.0
LOG210902,W0211,Night,2025-02-22 08:53:00,2025-02-22 16:53:00,8.0
LOG210904,W0409,Evening,2025-01-12 08:57:00,2025-01-12 18:57:00,10.0
LOG210907,W0077,Evening,2025-01-03 13:43:00,2025-01-03 22:43:00,9.0
LOG210908,W0306,Evening,2025-04-22 22:33:00,2025-04-23 05:33:00,7.0
LOG210912,W0389,Night,2025-01-11 22:35:00,2025-01-12 06:35:00,8.0
LOG210913,W0103,Night,2025-04-15 07:49:00,2025-04-15 14:49:00,7.0
LOG210914,W0216,Night,2025-02-20 01:21:00,2025-02-20 08:21:00,7.0
LOG210915,W0043,Night,2025-02-18 05:52:00,2025-02-18 14:52:00,9.0
LOG210916,W0069,Night,2025-03-24 03:50:00,2025-03-24 11:50:00,8.0
LOG210917,W0277,Night,2025-02-25 02:55:00,2025-02-25 09:55:00,7.0
LOG210920,W0063,Night,2025-05-31 04:37:00,2025-05-31 13:37:00,9.0
LOG210921,W0247,Night,2025-04-20 21:30:00,2025-04-21 06:30:00,9.0
LOG210922,W0492,Evening,2025-06-18 13:56:00,2025-06-18 22:56:00,9.0
LOG210923,W0081,Morning,2025-04-09 17:09:00,2025-04-10 03:09:00,10.0
LOG210924,W0029,Morning,2025-06-28 03:25:00,2025-06-28 09:25:00,6.0
LOG210925,W0492,Night,2025-03-15 16:00:00,2025-03-15 22:00:00,6.0
LOG210927,W0232,Night,2025-03-12 20:54:00,2025-03-13 06:54:00,10.0
LOG210929,W0224,Morning,2025-06-10 11:26:00,2025-06-10 21:26:00,10.0
LOG210931,W0198,Night,2025-05-29 16:56:00,2025-05-29 23:56:00,7.0
LOG210932,W0110,Morning,2025-03-19 03:48:00,2025-03-19 11:48:00,8.0
LOG210934,W0402,Night,2025-03-21 09:38:00,2025-03-21 16:38:00,7.0
LOG210935,W0344,Night,2025-02-14 22:36:00,2025-02-15 06:36:00,8.0
LOG210936,W0012,Evening,2025-01-06 02:17:00,2025-01-06 12:17:00,10.0
LOG210937,W0244,Morning,2025-03-10 14:34:00,2025-03-10 21:34:00,7.0
LOG210938,W0318,Night,2025-06-26 20:09:00,2025-06-27 02:09:00,6.0
LOG210939,W0447,Morning,2025-03-07 17:01:00,2025-03-08 01:01:00,8.0
LOG210940,W0172,Night,2025-01-30 01:00:00,2025-01-30 08:00:00,7.0
LOG210941,W0414,Night,2025-02-26 03:49:00,2025-02-26 09:49:00,6.0
LOG210942,W0061,Night,2025-04-11 10:33:00,2025-04-11 16:33:00,6.0
LOG210943,W0229,Evening,2025-06-15 00:52:00,2025-06-15 07:52:00,7.0
LOG210945,W0187,Night,2025-03-25 15:21:00,2025-03-25 22:21:00,7.0
LOG210946,W0317,Night,2025-03-02 23:24:00,2025-03-03 07:24:00,8.0
LOG210947,W0144,Night,2025-05-15 14:36:00,2025-05-15 23:36:00,9.0
LOG210948,W0473,Night,2025-05-23 19:35:00,2025-05-24 02:35:00,7.0
LOG210950,W0468,Night,2025-05-09 05:25:00,2025-05-09 13:25:00,8.0
LOG210951,W0106,Night,2025-02-16 22:18:00,2025-02-17 06:18:00,8.0
LOG210952,W0102,Morning,2025-02-12 22:43:00,2025-02-13 04:43:00,6.0
LOG210953,W0373,Evening,2025-02-16 14:46:00,2025-02-16 20:46:00,6.0
LOG210954,W0249,Evening,2025-04-06 01:35:00,2025-04-06 10:35:00,9.0
LOG210955,W0291,Night,2025-05-20 09:45:00,2025-05-20 19:45:00,10.0
LOG210956,W0371,Night,2025-05-15 14:57:00,2025-05-15 21:57:00,7.0
LOG210957,W0101,Night,2025-06-13 18:41:00,2025-06-14 01:41:00,7.0
LOG210959,W0282,Night,2025-04-20 07:02:00,2025-04-20 16:02:00,9.0
LOG210960,W0273,Night,2025-05-19 04:31:00,2025-05-19 13:31:00,9.0
LOG210963,W0102,Morning,2025-05-28 03:44:00,2025-05-28 11:44:00,8.0
LOG210964,W0204,Morning,2025-04-03 06:01:00,2025-04-03 12:01:00,6.0
LOG210965,W0051,Morning,2025-02-05 10:55:00,2025-02-05 17:55:00,7.0
LOG210966,W0406,Evening,2025-05-14 07:51:00,2025-05-14 17:51:00,10.0
LOG210967,W0497,Night,2025-04-23 09:19:00,2025-04-23 19:19:00,10.0
LOG210969,W0123,Morning,2025-02-28 16:12:00,2025-03-01 00:12:00,8.0
LOG210970,W0044,Night,2025-03-15 10:19:00,2025-03-15 19:19:00,9.0
LOG210971,W0264,Night,2025-03-30 12:19:00,2025-03-30 21:19:00,9.0
LOG210972,W0261,Morning,2025-01-21 17:16:00,2025-01-22 01:16:00,8.0
LOG210973,W0216,Morning,2025-02-02 10:12:00,2025-02-02 20:12:00,10.0
LOG210974,W0023,Night,2025-04-02 12:26:00,2025-04-02 22:26:00,10.0
LOG210977,W0445,Night,2025-06-04 05:24:00,2025-06-04 12:24:00,7.0
LOG210978,W0127,Evening,2025-06-09 20:10:00,2025-06-10 03:10:00,7.0
LOG210979,W0093,Night,2025-02-03 17:48:00,2025-02-04 00:48:00,7.0
LOG210980,W0417,Night,2025-03-11 05:23:00,2025-03-11 12:23:00,7.0
LOG210984,W0188,Night,2025-05-31 10:04:00,2025-05-31 20:04:00,10.0
LOG210985,W0299,Night,2025-04-01 01:30:00,2025-04-01 11:30:00,10.0
LOG210988,W0436,Night,2025-06-26 23:22:00,2025-06-27 07:22:00,8.0
LOG210989,W0188,Morning,2025-01-09 12:59:00,2025-01-09 21:59:00,9.0
LOG210990,W0101,Night,2025-05-08 17:17:00,2025-05-08 23:17:00,6.0
LOG210991,W0427,Night,2025-02-08 17:03:00,2025-02-09 01:03:00,8.0
LOG210993,W0481,Morning,2025-01-02 03:09:00,2025-01-02 10:09:00,7.0
LOG210994,W0337,Evening,2025-06-14 19:07:00,2025-06-15 04:07:00,9.0
LOG210995,W0199,Evening,2025-01-28 08:40:00,2025-01-28 18:40:00,10.0
LOG210998,W0471,Morning,2025-02-11 23:16:00,2025-02-12 08:16:00,9.0
LOG210999,W0266,Night,2025-02-12 05:47:00,2025-02-12 14:47:00,9.0
LOG211000,W0096,Evening,2025-01-16 01:25:00,2025-01-16 09:25:00,8.0
LOG211002,W0325,Night,2025-02-09 01:50:00,2025-02-09 08:50:00,7.0
LOG211003,W0129,Morning,2025-04-03 22:34:00,2025-04-04 07:34:00,9.0
LOG211004,W0097,Night,2025-02-12 02:48:00,2025-02-12 12:48:00,10.0
LOG211005,W0214,Evening,2025-02-06 03:48:00,2025-02-06 13:48:00,10.0
LOG211006,W0428,Night,2025-02-13 14:01:00,2025-02-13 23:01:00,9.0
LOG211007,W0258,Morning,2025-02-08 21:28:00,2025-02-09 05:28:00,8.0
LOG211008,W0022,Evening,2025-04-12 08:59:00,2025-04-12 18:59:00,10.0
LOG211009,W0444,Night,2025-04-04 08:33:00,2025-04-04 16:33:00,8.0
LOG211011,W0041,Evening,2025-02-17 16:54:00,2025-02-18 00:54:00,8.0
LOG211012,W0464,Night,2025-03-02 11:29:00,2025-03-02 19:29:00,8.0
LOG211014,W0224,Night,2025-03-15 01:05:00,2025-03-15 10:05:00,9.0
LOG211015,W0333,Evening,2025-03-16 14:43:00,2025-03-16 22:43:00,8.0
LOG211016,W0360,Morning,2025-06-07 20:25:00,2025-06-08 06:25:00,10.0
LOG211017,W0493,Evening,2025-05-27 02:38:00,2025-05-27 11:38:00,9.0
LOG211019,W0023,Night,2025-04-22 17:08:00,2025-04-23 00:08:00,7.0
LOG211021,W0495,Night,2025-06-02 10:18:00,2025-06-02 20:18:00,10.0
LOG211022,W0094,Night,2025-01-08 08:03:00,2025-01-08 18:03:00,10.0
LOG211023,W0286,Night,2025-04-30 09:07:00,2025-04-30 18:07:00,9.0
LOG211026,W0324,Morning,2025-03-12 13:55:00,2025-03-12 21:55:00,8.0
LOG211027,W0104,Morning,2025-01-17 14:34:00,2025-01-17 21:34:00,7.0
LOG211029,W0383,Night,2025-04-15 21:20:00,2025-04-16 06:20:00,9.0
LOG211030,W0306,Evening,2025-01-28 16:28:00,2025-01-28 23:28:00,7.0
LOG211031,W0386,Evening,2025-06-18 00:08:00,2025-06-18 06:08:00,6.0
LOG211032,W0220,Evening,2025-01-25 22:01:00,2025-01-26 06:01:00,8.0
LOG211034,W0326,Night,2025-06-05 05:21:00,2025-06-05 11:21:00,6.0
LOG211035,W0057,Night,2025-01-30 19:41:00,2025-01-31 02:41:00,7.0
LOG211036,W0201,Evening,2025-06-14 00:23:00,2025-06-14 08:23:00,8.0
LOG211037,W0398,Night,2025-03-11 01:29:00,2025-03-11 10:29:00,9.0
LOG211040,W0318,Morning,2025-03-11 05:08:00,2025-03-11 14:08:00,9.0
LOG211041,W0373,Night,2025-06-11 12:28:00,2025-06-11 19:28:00,7.0
LOG211042,W0328,Evening,2025-01-06 15:21:00,2025-01-06 23:21:00,8.0
LOG211043,W0038,Evening,2025-05-21 08:33:00,2025-05-21 15:33:00,7.0
LOG211045,W0166,Night,2025-02-28 07:43:00,2025-02-28 15:43:00,8.0
LOG211046,W0394,Morning,2025-01-27 02:56:00,2025-01-27 10:56:00,8.0
LOG211047,W0078,Night,2025-06-22 09:53:00,2025-06-22 18:53:00,9.0
LOG211049,W0491,Morning,2025-05-17 10:16:00,2025-05-17 18:16:00,8.0
LOG211050,W0183,Night,2025-06-15 22:17:00,2025-06-16 05:17:00,7.0
LOG211051,W0042,Night,2025-06-02 16:08:00,2025-06-03 00:08:00,8.0
LOG211053,W0379,Night,2025-05-01 03:03:00,2025-05-01 10:03:00,7.0
LOG211054,W0061,Morning,2025-05-02 15:26:00,2025-05-02 21:26:00,6.0
LOG211055,W0373,Morning,2025-02-22 12:12:00,2025-02-22 18:12:00,6.0
LOG211056,W0267,Night,2025-06-16 14:28:00,2025-06-16 23:28:00,9.0
LOG211057,W0177,Night,2025-06-04 05:46:00,2025-06-04 14:46:00,9.0
LOG211058,W0328,Night,2025-01-12 02:21:00,2025-01-12 12:21:00,10.0
LOG211059,W0097,Morning,2025-02-11 00:29:00,2025-02-11 10:29:00,10.0
LOG211060,W0255,Evening,2025-03-21 14:54:00,2025-03-21 23:54:00,9.0
LOG211061,W0002,Night,2025-02-24 06:46:00,2025-02-24 15:46:00,9.0
LOG211063,W0094,Night,2025-05-22 01:32:00,2025-05-22 11:32:00,10.0
LOG211064,W0474,Night,2025-04-17 08:23:00,2025-04-17 16:23:00,8.0
LOG211065,W0407,Night,2025-01-16 02:04:00,2025-01-16 09:04:00,7.0
LOG211066,W0348,Morning,2025-03-12 12:37:00,2025-03-12 21:37:00,9.0
LOG211067,W0417,Morning,2025-04-19 03:21:00,2025-04-19 10:21:00,7.0
LOG211068,W0482,Morning,2025-06-23 17:34:00,2025-06-24 01:34:00,8.0
LOG211069,W0094,Morning,2025-05-17 10:07:00,2025-05-17 19:07:00,9.0
LOG211070,W0236,Evening,2025-03-25 19:02:00,2025-03-26 01:02:00,6.0
LOG211071,W0250,Evening,2025-04-09 03:04:00,2025-04-09 10:04:00,7.0
LOG211072,W0239,Night,2025-06-20 22:43:00,2025-06-21 07:43:00,9.0
LOG211074,W0209,Evening,2025-01-19 18:18:00,2025-01-20 03:18:00,9.0
LOG211076,W0406,Evening,2025-03-15 10:12:00,2025-03-15 20:12:00,10.0
LOG211079,W0446,Night,2025-01-15 15:52:00,2025-01-16 01:52:00,10.0
LOG211081,W0297,Evening,2025-06-27 16:55:00,2025-06-28 00:55:00,8.0
LOG211082,W0278,Evening,2025-05-02 10:13:00,2025-05-02 18:13:00,8.0
LOG211083,W0297,Morning,2025-03-16 21:06:00,2025-03-17 07:06:00,10.0
LOG211086,W0040,Night,2025-01-13 20:13:00,2025-01-14 06:13:00,10.0
LOG211087,W0146,Evening,2025-04-18 17:58:00,2025-04-19 02:58:00,9.0
LOG211088,W0123,Evening,2025-03-11 14:06:00,2025-03-12 00:06:00,10.0
LOG211089,W0185,Night,2025-01-29 08:51:00,2025-01-29 16:51:00,8.0
LOG211091,W0302,Night,2025-03-25 17:33:00,2025-03-25 23:33:00,6.0
LOG211092,W0204,Morning,2025-01-30 14:54:00,2025-01-30 23:54:00,9.0
LOG211093,W0385,Evening,2025-03-03 17:51:00,2025-03-04 01:51:00,8.0
LOG211097,W0002,Evening,2025-03-19 01:55:00,2025-03-19 08:55:00,7.0
LOG211098,W0094,Night,2025-02-21 15:56:00,2025-02-21 21:56:00,6.0
LOG211100,W0085,Evening,2025-04-02 11:12:00,2025-04-02 18:12:00,7.0
LOG211101,W0326,Morning,2025-01-08 11:37:00,2025-01-08 17:37:00,6.0
LOG211102,W0154,Night,2025-02-27 18:48:00,2025-02-28 01:48:00,7.0
LOG211105,W0450,Evening,2025-03-29 08:51:00,2025-03-29 14:51:00,6.0
LOG211106,W0171,Morning,2025-01-26 10:29:00,2025-01-26 19:29:00,9.0
LOG211107,W0456,Evening,2025-04-04 17:43:00,2025-04-05 00:43:00,7.0
LOG211110,W0429,Evening,2025-03-07 11:45:00,2025-03-07 19:45:00,8.0
LOG211112,W0214,Night,2025-02-27 11:08:00,2025-02-27 17:08:00,6.0
LOG211113,W0455,Morning,2025-05-30 13:14:00,2025-05-30 19:14:00,6.0
LOG211114,W0478,Evening,2025-06-08 11:04:00,2025-06-08 20:04:00,9.0
LOG211116,W0251,Morning,2025-02-22 13:43:00,2025-02-22 22:43:00,9.0
LOG211117,W0431,Night,2025-04-25 12:50:00,2025-04-25 20:50:00,8.0
LOG211118,W0213,Evening,2025-02-24 16:46:00,2025-02-25 02:46:00,10.0
LOG211119,W0329,Evening,2025-05-23 20:54:00,2025-05-24 02:54:00,6.0
LOG211120,W0491,Morning,2025-03-18 20:02:00,2025-03-19 03:02:00,7.0
LOG211121,W0194,Night,2025-06-25 15:23:00,2025-06-25 21:23:00,6.0
LOG211123,W0190,Night,2025-04-25 18:11:00,2025-04-26 00:11:00,6.0
LOG211125,W0354,Night,2025-04-27 19:43:00,2025-04-28 02:43:00,7.0
LOG211127,W0209,Night,2025-03-23 12:45:00,2025-03-23 19:45:00,7.0
LOG211129,W0459,Evening,2025-03-22 02:46:00,2025-03-22 08:46:00,6.0
LOG211131,W0452,Evening,2025-03-23 09:54:00,2025-03-23 16:54:00,7.0
LOG211132,W0094,Night,2025-03-07 23:39:00,2025-03-08 08:39:00,9.0
LOG211133,W0043,Morning,2025-06-12 09:02:00,2025-06-12 16:02:00,7.0
LOG211134,W0338,Night,2025-06-19 22:33:00,2025-06-20 07:33:00,9.0
LOG211135,W0188,Evening,2025-06-18 22:16:00,2025-06-19 04:16:00,6.0
LOG211136,W0208,Night,2025-01-05 07:53:00,2025-01-05 17:53:00,10.0
LOG211138,W0320,Morning,2025-06-14 08:51:00,2025-06-14 14:51:00,6.0
LOG211139,W0034,Night,2025-03-25 08:56:00,2025-03-25 15:56:00,7.0
LOG211140,W0094,Evening,2025-03-30 10:19:00,2025-03-30 16:19:00,6.0
LOG211141,W0022,Morning,2025-04-05 03:00:00,2025-04-05 10:00:00,7.0
LOG211142,W0485,Evening,2025-05-19 20:58:00,2025-05-20 05:58:00,9.0
LOG211143,W0461,Evening,2025-06-12 15:21:00,2025-06-12 21:21:00,6.0
LOG211146,W0198,Morning,2025-06-15 03:16:00,2025-06-15 09:16:00,6.0
LOG211148,W0265,Night,2025-03-02 14:54:00,2025-03-02 20:54:00,6.0
LOG211149,W0261,Evening,2025-02-09 00:05:00,2025-02-09 10:05:00,10.0
LOG211150,W0194,Night,2025-04-23 23:39:00,2025-04-24 07:39:00,8.0
LOG211151,W0314,Morning,2025-03-24 03:45:00,2025-03-24 13:45:00,10.0
LOG211153,W0266,Night,2025-05-11 22:52:00,2025-05-12 04:52:00,6.0
LOG211155,W0115,Evening,2025-01-05 20:04:00,2025-01-06 04:04:00,8.0
LOG211156,W0188,Morning,2025-06-26 15:44:00,2025-06-26 23:44:00,8.0
LOG211157,W0389,Night,2025-01-13 04:02:00,2025-01-13 14:02:00,10.0
LOG211158,W0129,Night,2025-05-19 05:23:00,2025-05-19 11:23:00,6.0
LOG211159,W0198,Night,2025-02-19 12:04:00,2025-02-19 19:04:00,7.0
LOG211160,W0457,Evening,2025-01-11 20:24:00,2025-01-12 05:24:00,9.0
LOG211162,W0226,Night,2025-01-30 23:54:00,2025-01-31 06:54:00,7.0
LOG211163,W0256,Morning,2025-05-28 07:58:00,2025-05-28 13:58:00,6.0
LOG211164,W0428,Morning,2025-02-16 14:10:00,2025-02-16 22:10:00,8.0
LOG211166,W0407,Night,2025-01-20 08:28:00,2025-01-20 17:28:00,9.0
LOG211167,W0108,Night,2025-04-01 06:28:00,2025-04-01 16:28:00,10.0
LOG211168,W0073,Night,2025-02-07 23:47:00,2025-02-08 07:47:00,8.0
LOG211169,W0232,Morning,2025-04-06 20:32:00,2025-04-07 05:32:00,9.0
LOG211171,W0334,Evening,2025-02-04 18:18:00,2025-02-05 01:18:00,7.0
LOG211172,W0084,Evening,2025-02-11 04:23:00,2025-02-11 11:23:00,7.0
LOG211173,W0279,Morning,2025-05-29 14:51:00,2025-05-30 00:51:00,10.0
LOG211175,W0102,Morning,2025-03-30 19:15:00,2025-03-31 02:15:00,7.0
LOG211176,W0424,Evening,2025-06-22 08:20:00,2025-06-22 14:20:00,6.0
LOG211177,W0044,Evening,2025-03-07 12:30:00,2025-03-07 22:30:00,10.0
LOG211178,W0500,Evening,2025-01-05 22:19:00,2025-01-06 06:19:00,8.0
LOG211179,W0237,Night,2025-05-19 06:55:00,2025-05-19 14:55:00,8.0
LOG211181,W0169,Morning,2025-04-19 10:21:00,2025-04-19 18:21:00,8.0
LOG211182,W0203,Night,2025-01-15 04:38:00,2025-01-15 11:38:00,7.0
LOG211184,W0436,Morning,2025-03-08 09:47:00,2025-03-08 16:47:00,7.0
LOG211185,W0486,Evening,2025-02-22 18:50:00,2025-02-23 00:50:00,6.0
LOG211186,W0032,Morning,2025-04-24 20:05:00,2025-04-25 04:05:00,8.0
LOG211187,W0348,Night,2025-02-21 02:28:00,2025-02-21 08:28:00,6.0
LOG211188,W0437,Morning,2025-03-23 04:35:00,2025-03-23 11:35:00,7.0
LOG211190,W0208,Night,2025-02-22 00:20:00,2025-02-22 08:20:00,8.0
LOG211195,W0453,Evening,2025-03-06 06:55:00,2025-03-06 13:55:00,7.0
LOG211196,W0437,Morning,2025-02-02 14:17:00,2025-02-02 21:17:00,7.0
LOG211198,W0130,Night,2025-01-01 15:04:00,2025-01-02 01:04:00,10.0
LOG211199,W0151,Night,2025-02-14 09:25:00,2025-02-14 16:25:00,7.0
LOG211200,W0107,Night,2025-05-14 11:24:00,2025-05-14 19:24:00,8.0
LOG211201,W0236,Night,2025-02-09 08:41:00,2025-02-09 14:41:00,6.0
LOG211202,W0323,Night,2025-04-08 00:58:00,2025-04-08 10:58:00,10.0
LOG211203,W0360,Morning,2025-05-19 13:26:00,2025-05-19 19:26:00,6.0
LOG211204,W0039,Morning,2025-01-09 11:43:00,2025-01-09 17:43:00,6.0
LOG211205,W0043,Night,2025-04-25 06:32:00,2025-04-25 14:32:00,8.0
LOG211206,W0345,Night,2025-02-08 00:19:00,2025-02-08 10:19:00,10.0
LOG211209,W0339,Night,2025-05-02 22:30:00,2025-05-03 04:30:00,6.0
LOG211211,W0174,Night,2025-03-17 19:51:00,2025-03-18 03:51:00,8.0
LOG211212,W0382,Night,2025-05-04 05:46:00,2025-05-04 13:46:00,8.0
LOG211214,W0383,Evening,2025-04-21 09:57:00,2025-04-21 19:57:00,10.0
LOG211215,W0308,Evening,2025-06-12 00:18:00,2025-06-12 06:18:00,6.0
LOG211216,W0208,Morning,2025-05-22 03:50:00,2025-05-22 13:50:00,10.0
LOG211217,W0030,Night,2025-03-21 18:47:00,2025-03-22 02:47:00,8.0
LOG211218,W0212,Night,2025-05-14 01:12:00,2025-05-14 08:12:00,7.0
LOG211219,W0315,Morning,2025-03-23 01:01:00,2025-03-23 10:01:00,9.0
LOG211220,W0262,Night,2025-01-28 17:49:00,2025-01-29 02:49:00,9.0
LOG211221,W0488,Morning,2025-03-21 01:10:00,2025-03-21 11:10:00,10.0
LOG211223,W0003,Night,2025-01-25 22:33:00,2025-01-26 04:33:00,6.0
LOG211224,W0251,Night,2025-03-04 09:51:00,2025-03-04 19:51:00,10.0
LOG211225,W0027,Morning,2025-05-18 07:30:00,2025-05-18 15:30:00,8.0
LOG211226,W0192,Morning,2025-05-12 22:02:00,2025-05-13 06:02:00,8.0
LOG211227,W0262,Morning,2025-06-12 00:48:00,2025-06-12 06:48:00,6.0
LOG211228,W0002,Night,2025-06-04 16:17:00,2025-06-04 23:17:00,7.0
LOG211230,W0140,Night,2025-02-15 14:04:00,2025-02-15 22:04:00,8.0
LOG211231,W0493,Evening,2025-04-09 19:01:00,2025-04-10 04:01:00,9.0
LOG211232,W0347,Night,2025-04-29 22:45:00,2025-04-30 07:45:00,9.0
LOG211235,W0062,Night,2025-04-13 16:15:00,2025-04-14 00:15:00,8.0
LOG211236,W0491,Evening,2025-04-03 00:58:00,2025-04-03 08:58:00,8.0
LOG211237,W0435,Morning,2025-06-25 17:53:00,2025-06-26 00:53:00,7.0
LOG211238,W0376,Evening,2025-03-23 04:04:00,2025-03-23 14:04:00,10.0
LOG211239,W0112,Morning,2025-05-27 16:09:00,2025-05-27 23:09:00,7.0
LOG211241,W0038,Night,2025-05-12 21:55:00,2025-05-13 03:55:00,6.0
LOG211243,W0042,Night,2025-03-18 14:14:00,2025-03-18 22:14:00,8.0
LOG211244,W0299,Night,2025-03-16 04:36:00,2025-03-16 10:36:00,6.0
LOG211245,W0411,Evening,2025-04-08 14:00:00,2025-04-08 23:00:00,9.0
LOG211246,W0366,Evening,2025-06-22 08:21:00,2025-06-22 16:21:00,8.0
LOG211247,W0441,Night,2025-04-02 07:41:00,2025-04-02 13:41:00,6.0
LOG211248,W0176,Evening,2025-02-17 12:28:00,2025-02-17 22:28:00,10.0
LOG211249,W0062,Night,2025-03-19 21:09:00,2025-03-20 03:09:00,6.0
LOG211253,W0306,Night,2025-03-26 01:09:00,2025-03-26 07:09:00,6.0
LOG211254,W0102,Morning,2025-05-16 09:16:00,2025-05-16 16:16:00,7.0
LOG211255,W0495,Morning,2025-01-27 21:33:00,2025-01-28 04:33:00,7.0
LOG211256,W0330,Morning,2025-05-04 14:55:00,2025-05-04 20:55:00,6.0
LOG211257,W0414,Night,2025-01-20 06:58:00,2025-01-20 15:58:00,9.0
LOG211258,W0110,Evening,2025-01-19 04:50:00,2025-01-19 13:50:00,9.0
LOG211259,W0453,Night,2025-04-17 12:27:00,2025-04-17 18:27:00,6.0
LOG211260,W0450,Morning,2025-03-24 03:25:00,2025-03-24 13:25:00,10.0
LOG211261,W0424,Evening,2025-03-06 09:56:00,2025-03-06 16:56:00,7.0
LOG211262,W0212,Night,2025-04-12 03:33:00,2025-04-12 12:33:00,9.0
LOG211263,W0175,Night,2025-03-31 10:51:00,2025-03-31 17:51:00,7.0
LOG211264,W0380,Night,2025-04-10 02:44:00,2025-04-10 09:44:00,7.0
LOG211265,W0187,Morning,2025-04-24 08:16:00,2025-04-24 14:16:00,6.0
LOG211266,W0157,Evening,2025-05-26 20:08:00,2025-05-27 06:08:00,10.0
LOG211267,W0284,Evening,2025-03-09 12:05:00,2025-03-09 18:05:00,6.0
LOG211268,W0075,Night,2025-02-11 21:07:00,2025-02-12 04:07:00,7.0
LOG211270,W0144,Morning,2025-02-27 18:25:00,2025-02-28 01:25:00,7.0
LOG211271,W0020,Night,2025-05-06 13:28:00,2025-05-06 19:28:00,6.0
LOG211272,W0027,Evening,2025-06-21 02:16:00,2025-06-21 09:16:00,7.0
LOG211274,W0092,Morning,2025-06-17 04:13:00,2025-06-17 13:13:00,9.0
LOG211275,W0318,Morning,2025-04-27 20:12:00,2025-04-28 04:12:00,8.0
LOG211276,W0056,Evening,2025-03-14 01:36:00,2025-03-14 11:36:00,10.0
LOG211277,W0056,Evening,2025-02-10 13:43:00,2025-02-10 19:43:00,6.0
LOG211278,W0306,Night,2025-03-09 09:01:00,2025-03-09 19:01:00,10.0
LOG211279,W0472,Morning,2025-01-28 06:36:00,2025-01-28 12:36:00,6.0
LOG211282,W0012,Night,2025-05-03 01:22:00,2025-05-03 11:22:00,10.0
LOG211283,W0311,Evening,2025-02-26 03:43:00,2025-02-26 09:43:00,6.0
LOG211284,W0190,Morning,2025-05-18 21:29:00,2025-05-19 07:29:00,10.0
LOG211286,W0378,Night,2025-05-29 23:36:00,2025-05-30 05:36:00,6.0
LOG211290,W0442,Evening,2025-06-09 09:29:00,2025-06-09 18:29:00,9.0
LOG211291,W0288,Evening,2025-06-09 21:47:00,2025-06-10 03:47:00,6.0
LOG211292,W0495,Night,2025-06-08 03:18:00,2025-06-08 09:18:00,6.0
LOG211293,W0117,Evening,2025-04-12 07:11:00,2025-04-12 16:11:00,9.0
LOG211294,W0200,Night,2025-01-06 21:34:00,2025-01-07 04:34:00,7.0
LOG211295,W0189,Night,2025-01-11 07:39:00,2025-01-11 16:39:00,9.0
LOG211296,W0332,Night,2025-03-29 08:57:00,2025-03-29 18:57:00,10.0
LOG211297,W0240,Night,2025-03-06 14:50:00,2025-03-06 22:50:00,8.0
LOG211298,W0304,Night,2025-01-05 09:26:00,2025-01-05 16:26:00,7.0
LOG211299,W0428,Night,2025-05-01 03:23:00,2025-05-01 13:23:00,10.0
LOG211300,W0376,Night,2025-02-16 02:27:00,2025-02-16 12:27:00,10.0
LOG211302,W0190,Night,2025-05-28 07:12:00,2025-05-28 14:12:00,7.0
LOG211303,W0313,Morning,2025-01-25 05:39:00,2025-01-25 15:39:00,10.0
LOG211304,W0334,Morning,2025-04-18 02:11:00,2025-04-18 10:11:00,8.0
LOG211305,W0213,Evening,2025-01-24 12:58:00,2025-01-24 18:58:00,6.0
LOG211306,W0075,Night,2025-05-25 19:22:00,2025-05-26 05:22:00,10.0
LOG211307,W0305,Morning,2025-03-21 11:12:00,2025-03-21 20:12:00,9.0
LOG211308,W0223,Evening,2025-06-27 14:23:00,2025-06-28 00:23:00,10.0
LOG211310,W0229,Night,2025-04-06 16:54:00,2025-04-07 00:54:00,8.0
LOG211312,W0446,Evening,2025-06-20 05:10:00,2025-06-20 14:10:00,9.0
LOG211315,W0239,Morning,2025-03-21 20:16:00,2025-03-22 05:16:00,9.0
LOG211316,W0485,Evening,2025-01-04 16:22:00,2025-01-04 23:22:00,7.0
LOG211317,W0098,Night,2025-05-19 14:32:00,2025-05-19 21:32:00,7.0
LOG211318,W0303,Evening,2025-01-02 02:24:00,2025-01-02 08:24:00,6.0
LOG211319,W0154,Evening,2025-02-09 17:05:00,2025-02-10 01:05:00,8.0
LOG211320,W0062,Night,2025-05-07 17:21:00,2025-05-08 01:21:00,8.0
LOG211322,W0042,Evening,2025-03-02 22:37:00,2025-03-03 08:37:00,10.0
LOG211323,W0387,Evening,2025-02-16 07:41:00,2025-02-16 14:41:00,7.0
LOG211324,W0160,Night,2025-02-26 10:57:00,2025-02-26 16:57:00,6.0
LOG211327,W0024,Morning,2025-04-09 03:41:00,2025-04-09 13:41:00,10.0
LOG211328,W0056,Night,2025-03-31 16:18:00,2025-03-31 22:18:00,6.0
LOG211329,W0483,Night,2025-06-10 15:45:00,2025-06-10 23:45:00,8.0
LOG211330,W0483,Morning,2025-04-28 18:57:00,2025-04-29 04:57:00,10.0
LOG211331,W0287,Morning,2025-06-10 09:29:00,2025-06-10 17:29:00,8.0
LOG211333,W0048,Night,2025-06-10 00:34:00,2025-06-10 09:34:00,9.0
LOG211334,W0018,Morning,2025-04-27 21:08:00,2025-04-28 06:08:00,9.0
LOG211336,W0228,Night,2025-01-05 04:06:00,2025-01-05 10:06:00,6.0
LOG211337,W0342,Night,2025-02-23 23:57:00,2025-02-24 07:57:00,8.0
LOG211338,W0248,Morning,2025-06-24 06:24:00,2025-06-24 12:24:00,6.0
LOG211340,W0304,Night,2025-04-22 19:49:00,2025-04-23 05:49:00,10.0
LOG211341,W0480,Morning,2025-03-11 10:56:00,2025-03-11 16:56:00,6.0
LOG211342,W0118,Morning,2025-06-26 16:42:00,2025-06-26 22:42:00,6.0
LOG211344,W0259,Night,2025-05-06 22:41:00,2025-05-07 04:41:00,6.0
LOG211345,W0176,Evening,2025-02-10 17:15:00,2025-02-11 00:15:00,7.0
LOG211349,W0156,Night,2025-01-05 20:10:00,2025-01-06 03:10:00,7.0
LOG211350,W0331,Evening,2025-01-19 14:53:00,2025-01-19 21:53:00,7.0
LOG211351,W0267,Night,2025-05-16 12:17:00,2025-05-16 22:17:00,10.0
LOG211353,W0145,Morning,2025-06-23 06:28:00,2025-06-23 15:28:00,9.0
LOG211354,W0026,Night,2025-04-18 10:05:00,2025-04-18 16:05:00,6.0
LOG211355,W0022,Morning,2025-06-14 12:17:00,2025-06-14 20:17:00,8.0
LOG211357,W0202,Night,2025-01-04 16:49:00,2025-01-05 02:49:00,10.0
LOG211359,W0093,Evening,2025-04-22 08:17:00,2025-04-22 14:17:00,6.0
LOG211360,W0022,Morning,2025-05-25 02:31:00,2025-05-25 11:31:00,9.0
LOG211361,W0431,Evening,2025-02-05 16:32:00,2025-02-06 01:32:00,9.0
LOG211362,W0466,Night,2025-05-25 12:57:00,2025-05-25 22:57:00,10.0
LOG211364,W0403,Night,2025-01-04 01:08:00,2025-01-04 09:08:00,8.0
LOG211365,W0162,Night,2025-01-30 18:27:00,2025-01-31 00:27:00,6.0
LOG211366,W0265,Night,2025-06-10 23:43:00,2025-06-11 08:43:00,9.0
LOG211368,W0455,Night,2025-05-03 10:54:00,2025-05-03 18:54:00,8.0
LOG211369,W0408,Night,2025-01-23 19:01:00,2025-01-24 01:01:00,6.0
LOG211370,W0325,Morning,2025-04-03 11:51:00,2025-04-03 17:51:00,6.0
LOG211373,W0314,Morning,2025-04-23 13:48:00,2025-04-23 20:48:00,7.0
LOG211375,W0397,Evening,2025-03-09 03:19:00,2025-03-09 13:19:00,10.0
LOG211376,W0386,Night,2025-02-02 07:30:00,2025-02-02 16:30:00,9.0
LOG211377,W0087,Night,2025-03-25 13:10:00,2025-03-25 23:10:00,10.0
LOG211378,W0207,Morning,2025-06-13 11:08:00,2025-06-13 20:08:00,9.0
LOG211379,W0172,Evening,2025-05-29 18:32:00,2025-05-30 04:32:00,10.0
LOG211380,W0354,Night,2025-01-18 10:58:00,2025-01-18 19:58:00,9.0
LOG211381,W0066,Night,2025-04-12 13:53:00,2025-04-12 21:53:00,8.0
LOG211383,W0066,Night,2025-01-20 05:25:00,2025-01-20 12:25:00,7.0
LOG211386,W0355,Morning,2025-06-12 05:09:00,2025-06-12 13:09:00,8.0
LOG211387,W0391,Night,2025-05-21 07:36:00,2025-05-21 13:36:00,6.0
LOG211388,W0171,Evening,2025-04-16 12:49:00,2025-04-16 21:49:00,9.0
LOG211389,W0208,Night,2025-01-09 21:36:00,2025-01-10 03:36:00,6.0
LOG211390,W0108,Night,2025-06-16 12:31:00,2025-06-16 22:31:00,10.0
LOG211392,W0126,Night,2025-02-07 05:42:00,2025-02-07 13:42:00,8.0
LOG211393,W0378,Night,2025-02-25 09:26:00,2025-02-25 17:26:00,8.0
LOG211394,W0085,Evening,2025-05-23 22:36:00,2025-05-24 07:36:00,9.0
LOG211396,W0173,Evening,2025-05-23 21:46:00,2025-05-24 03:46:00,6.0
LOG211397,W0436,Night,2025-01-17 06:50:00,2025-01-17 16:50:00,10.0
LOG211398,W0059,Night,2025-01-10 14:48:00,2025-01-10 22:48:00,8.0
LOG211399,W0151,Night,2025-05-29 08:02:00,2025-05-29 15:02:00,7.0
LOG211400,W0324,Evening,2025-03-20 00:00:00,2025-03-20 07:00:00,7.0
LOG211401,W0115,Night,2025-05-23 16:05:00,2025-05-23 22:05:00,6.0
LOG211402,W0224,Night,2025-06-20 02:09:00,2025-06-20 09:09:00,7.0
LOG211403,W0443,Night,2025-03-14 13:00:00,2025-03-14 19:00:00,6.0
LOG211404,W0025,Night,2025-02-10 04:59:00,2025-02-10 12:59:00,8.0
LOG211405,W0155,Morning,2025-01-19 22:02:00,2025-01-20 07:02:00,9.0
LOG211406,W0321,Night,2025-01-31 00:53:00,2025-01-31 07:53:00,7.0
LOG211409,W0107,Night,2025-01-03 08:37:00,2025-01-03 16:37:00,8.0
LOG211412,W0361,Night,2025-04-20 14:08:00,2025-04-20 21:08:00,7.0
LOG211413,W0500,Morning,2025-01-09 20:38:00,2025-01-10 02:38:00,6.0
LOG211414,W0195,Morning,2025-05-02 13:04:00,2025-05-02 21:04:00,8.0
LOG211416,W0491,Evening,2025-01-17 17:15:00,2025-01-17 23:15:00,6.0
LOG211418,W0357,Evening,2025-04-07 12:00:00,2025-04-07 19:00:00,7.0
LOG211419,W0291,Night,2025-03-23 21:26:00,2025-03-24 04:26:00,7.0
LOG211420,W0084,Morning,2025-02-08 14:27:00,2025-02-09 00:27:00,10.0
LOG211421,W0126,Morning,2025-04-13 10:56:00,2025-04-13 17:56:00,7.0
LOG211422,W0233,Evening,2025-04-25 20:38:00,2025-04-26 02:38:00,6.0
LOG211424,W0479,Night,2025-05-06 17:47:00,2025-05-07 03:47:00,10.0
LOG211425,W0338,Evening,2025-04-07 16:07:00,2025-04-08 02:07:00,10.0
LOG211426,W0343,Evening,2025-03-14 18:34:00,2025-03-15 02:34:00,8.0
LOG211427,W0017,Evening,2025-01-03 03:56:00,2025-01-03 13:56:00,10.0
LOG211429,W0331,Night,2025-02-09 17:28:00,2025-02-10 02:28:00,9.0
LOG211430,W0072,Night,2025-01-29 04:37:00,2025-01-29 14:37:00,10.0
LOG211431,W0002,Evening,2025-04-17 03:00:00,2025-04-17 11:00:00,8.0
LOG211432,W0212,Evening,2025-04-02 03:53:00,2025-04-02 12:53:00,9.0
LOG211433,W0221,Night,2025-02-06 02:17:00,2025-02-06 10:17:00,8.0
LOG211434,W0124,Evening,2025-05-08 07:09:00,2025-05-08 15:09:00,8.0
LOG211435,W0148,Evening,2025-06-04 19:39:00,2025-06-05 03:39:00,8.0
LOG211436,W0229,Evening,2025-03-18 14:21:00,2025-03-18 22:21:00,8.0
LOG211437,W0445,Night,2025-03-13 08:07:00,2025-03-13 17:07:00,9.0
LOG211438,W0351,Night,2025-03-07 05:55:00,2025-03-07 12:55:00,7.0
LOG211439,W0229,Evening,2025-04-09 03:02:00,2025-04-09 13:02:00,10.0
LOG211440,W0339,Evening,2025-03-20 14:50:00,2025-03-20 22:50:00,8.0
LOG211442,W0070,Night,2025-06-05 04:59:00,2025-06-05 11:59:00,7.0
LOG211444,W0404,Evening,2025-02-10 19:41:00,2025-02-11 03:41:00,8.0
LOG211445,W0114,Night,2025-04-12 09:35:00,2025-04-12 17:35:00,8.0
LOG211447,W0099,Night,2025-03-03 23:36:00,2025-03-04 07:36:00,8.0
LOG211448,W0090,Evening,2025-03-24 08:38:00,2025-03-24 18:38:00,10.0
LOG211449,W0002,Night,2025-03-17 09:20:00,2025-03-17 15:20:00,6.0
LOG211450,W0455,Night,2025-04-30 20:24:00,2025-05-01 06:24:00,10.0
LOG211451,W0309,Evening,2025-03-19 03:44:00,2025-03-19 11:44:00,8.0
LOG211452,W0006,Morning,2025-01-28 07:22:00,2025-01-28 14:22:00,7.0
LOG211456,W0254,Night,2025-04-26 03:25:00,2025-04-26 09:25:00,6.0
LOG211457,W0266,Night,2025-05-02 19:40:00,2025-05-03 01:40:00,6.0
LOG211458,W0417,Morning,2025-03-28 18:31:00,2025-03-29 00:31:00,6.0
LOG211459,W0293,Night,2025-02-16 19:47:00,2025-02-17 05:47:00,10.0
LOG211461,W0333,Night,2025-05-27 08:20:00,2025-05-27 17:20:00,9.0
LOG211462,W0325,Night,2025-05-22 20:51:00,2025-05-23 06:51:00,10.0
LOG211463,W0229,Night,2025-03-20 00:43:00,2025-03-20 10:43:00,10.0
LOG211464,W0279,Morning,2025-05-09 19:46:00,2025-05-10 02:46:00,7.0
LOG211467,W0484,Night,2025-02-11 20:23:00,2025-02-12 03:23:00,7.0
LOG211469,W0119,Night,2025-04-07 17:15:00,2025-04-08 00:15:00,7.0
LOG211470,W0271,Night,2025-01-27 19:59:00,2025-01-28 02:59:00,7.0
LOG211471,W0466,Evening,2025-02-13 00:38:00,2025-02-13 10:38:00,10.0
LOG211472,W0070,Night,2025-05-22 16:18:00,2025-05-22 23:18:00,7.0
LOG211474,W0276,Morning,2025-03-31 02:39:00,2025-03-31 10:39:00,8.0
LOG211476,W0430,Night,2025-04-24 05:21:00,2025-04-24 14:21:00,9.0
LOG211477,W0396,Evening,2025-03-04 15:17:00,2025-03-04 22:17:00,7.0
LOG211478,W0308,Night,2025-03-23 06:41:00,2025-03-23 13:41:00,7.0
LOG211479,W0251,Morning,2025-02-13 03:33:00,2025-02-13 10:33:00,7.0
LOG211480,W0006,Evening,2025-01-27 01:24:00,2025-01-27 10:24:00,9.0
LOG211482,W0237,Morning,2025-06-20 03:41:00,2025-06-20 11:41:00,8.0
LOG211483,W0303,Night,2025-02-01 00:48:00,2025-02-01 06:48:00,6.0
LOG211484,W0283,Night,2025-01-18 07:33:00,2025-01-18 14:33:00,7.0
LOG211485,W0161,Night,2025-03-02 02:59:00,2025-03-02 08:59:00,6.0
LOG211486,W0214,Evening,2025-01-21 03:51:00,2025-01-21 11:51:00,8.0
LOG211487,W0157,Night,2025-03-07 14:32:00,2025-03-07 20:32:00,6.0
LOG211488,W0453,Night,2025-04-15 13:53:00,2025-04-15 21:53:00,8.0
LOG211489,W0290,Morning,2025-06-05 09:42:00,2025-06-05 15:42:00,6.0
LOG211490,W0081,Morning,2025-03-16 01:21:00,2025-03-16 08:21:00,7.0
LOG211491,W0476,Evening,2025-02-01 05:24:00,2025-02-01 12:24:00,7.0
LOG211492,W0336,Night,2025-06-15 00:46:00,2025-06-15 07:46:00,7.0
LOG211493,W0197,Morning,2025-05-26 21:38:00,2025-05-27 06:38:00,9.0
LOG211495,W0161,Evening,2025-01-24 17:07:00,2025-01-24 23:07:00,6.0
LOG211496,W0371,Evening,2025-01-02 11:37:00,2025-01-02 20:37:00,9.0
LOG211497,W0401,Evening,2025-06-12 03:32:00,2025-06-12 13:32:00,10.0
LOG211498,W0399,Evening,2025-02-12 20:18:00,2025-02-13 02:18:00,6.0
LOG211499,W0092,Night,2025-05-24 17:12:00,2025-05-25 02:12:00,9.0
LOG211501,W0195,Morning,2025-02-11 08:30:00,2025-02-11 15:30:00,7.0
LOG211502,W0259,Morning,2025-06-03 03:49:00,2025-06-03 12:49:00,9.0
LOG211503,W0334,Night,2025-05-21 12:31:00,2025-05-21 20:31:00,8.0
LOG211508,W0341,Night,2025-01-08 23:33:00,2025-01-09 08:33:00,9.0
LOG211509,W0325,Night,2025-06-13 16:31:00,2025-06-14 02:31:00,10.0
LOG211511,W0258,Morning,2025-01-09 03:56:00,2025-01-09 11:56:00,8.0
LOG211513,W0105,Night,2025-05-10 06:32:00,2025-05-10 15:32:00,9.0
LOG211514,W0129,Evening,2025-01-11 08:45:00,2025-01-11 15:45:00,7.0
LOG211515,W0368,Morning,2025-05-02 23:11:00,2025-05-03 05:11:00,6.0
LOG211516,W0056,Night,2025-06-29 01:37:00,2025-06-29 10:37:00,9.0
LOG211517,W0387,Night,2025-04-22 16:37:00,2025-04-23 00:37:00,8.0
LOG211518,W0300,Evening,2025-01-15 01:27:00,2025-01-15 10:27:00,9.0
LOG211519,W0244,Night,2025-04-19 13:48:00,2025-04-19 21:48:00,8.0
LOG211520,W0272,Morning,2025-03-14 17:30:00,2025-03-14 23:30:00,6.0
LOG211521,W0272,Night,2025-03-24 22:13:00,2025-03-25 06:13:00,8.0
LOG211522,W0426,Morning,2025-04-04 08:38:00,2025-04-04 14:38:00,6.0
LOG211523,W0051,Morning,2025-03-06 17:21:00,2025-03-07 02:21:00,9.0
LOG211527,W0132,Evening,2025-03-06 09:50:00,2025-03-06 18:50:00,9.0
LOG211529,W0365,Night,2025-03-22 06:16:00,2025-03-22 12:16:00,6.0
LOG211530,W0136,Morning,2025-02-13 11:52:00,2025-02-13 18:52:00,7.0
LOG211532,W0462,Morning,2025-03-14 13:12:00,2025-03-14 20:12:00,7.0
LOG211534,W0223,Evening,2025-03-06 21:04:00,2025-03-07 04:04:00,7.0
LOG211535,W0272,Night,2025-01-25 06:00:00,2025-01-25 14:00:00,8.0
LOG211537,W0261,Night,2025-01-01 17:31:00,2025-01-01 23:31:00,6.0
LOG211538,W0032,Evening,2025-06-13 09:59:00,2025-06-13 16:59:00,7.0
LOG211539,W0189,Night,2025-06-15 20:39:00,2025-06-16 04:39:00,8.0
LOG211540,W0389,Night,2025-05-28 19:25:00,2025-05-29 05:25:00,10.0
LOG211541,W0290,Evening,2025-06-29 20:31:00,2025-06-30 02:31:00,6.0
LOG211543,W0473,Evening,2025-01-16 23:17:00,2025-01-17 07:17:00,8.0
LOG211544,W0392,Evening,2025-06-15 12:34:00,2025-06-15 19:34:00,7.0
LOG211545,W0495,Morning,2025-03-21 01:00:00,2025-03-21 07:00:00,6.0
LOG211546,W0259,Night,2025-01-04 17:50:00,2025-01-05 02:50:00,9.0
LOG211547,W0375,Night,2025-03-25 10:34:00,2025-03-25 16:34:00,6.0
LOG211548,W0379,Night,2025-05-12 12:50:00,2025-05-12 20:50:00,8.0
LOG211551,W0062,Night,2025-06-29 23:47:00,2025-06-30 09:47:00,10.0
LOG211552,W0487,Night,2025-05-12 22:46:00,2025-05-13 06:46:00,8.0
LOG211553,W0500,Night,2025-06-02 16:22:00,2025-06-03 01:22:00,9.0
LOG211554,W0233,Evening,2025-02-28 05:56:00,2025-02-28 12:56:00,7.0
LOG211555,W0204,Evening,2025-02-24 01:32:00,2025-02-24 07:32:00,6.0
LOG211559,W0339,Morning,2025-05-09 23:34:00,2025-05-10 05:34:00,6.0
LOG211560,W0003,Morning,2025-03-31 10:31:00,2025-03-31 16:31:00,6.0
LOG211561,W0148,Night,2025-04-05 17:52:00,2025-04-06 03:52:00,10.0
LOG211562,W0300,Evening,2025-02-05 11:28:00,2025-02-05 18:28:00,7.0
LOG211563,W0348,Night,2025-01-31 19:05:00,2025-02-01 01:05:00,6.0
LOG211564,W0467,Morning,2025-06-15 12:57:00,2025-06-15 20:57:00,8.0
LOG211565,W0487,Morning,2025-05-05 17:56:00,2025-05-05 23:56:00,6.0
LOG211566,W0130,Morning,2025-03-02 03:43:00,2025-03-02 09:43:00,6.0
LOG211567,W0414,Night,2025-06-07 06:41:00,2025-06-07 16:41:00,10.0
LOG211569,W0126,Night,2025-05-12 03:19:00,2025-05-12 09:19:00,6.0
LOG211570,W0131,Morning,2025-03-26 22:26:00,2025-03-27 05:26:00,7.0
LOG211571,W0297,Morning,2025-03-01 01:57:00,2025-03-01 11:57:00,10.0
LOG211572,W0155,Evening,2025-02-19 02:56:00,2025-02-19 11:56:00,9.0
LOG211573,W0178,Night,2025-06-06 15:51:00,2025-06-06 22:51:00,7.0
LOG211574,W0016,Morning,2025-05-11 04:46:00,2025-05-11 12:46:00,8.0
LOG211576,W0291,Evening,2025-01-03 11:53:00,2025-01-03 17:53:00,6.0
LOG211577,W0461,Night,2025-06-19 20:09:00,2025-06-20 04:09:00,8.0
LOG211578,W0230,Evening,2025-05-03 02:46:00,2025-05-03 09:46:00,7.0
LOG211579,W0296,Night,2025-02-20 04:22:00,2025-02-20 13:22:00,9.0
LOG211580,W0106,Evening,2025-03-30 09:09:00,2025-03-30 19:09:00,10.0
LOG211581,W0279,Night,2025-01-22 22:12:00,2025-01-23 04:12:00,6.0
LOG211582,W0225,Morning,2025-05-06 14:20:00,2025-05-07 00:20:00,10.0
LOG211584,W0004,Evening,2025-04-19 14:16:00,2025-04-19 22:16:00,8.0
LOG211585,W0139,Night,2025-05-06 23:01:00,2025-05-07 09:01:00,10.0
LOG211587,W0392,Night,2025-05-15 13:38:00,2025-05-15 23:38:00,10.0
LOG211588,W0326,Evening,2025-02-14 17:38:00,2025-02-15 03:38:00,10.0
LOG211589,W0202,Night,2025-05-12 04:59:00,2025-05-12 14:59:00,10.0
LOG211590,W0036,Morning,2025-06-26 22:21:00,2025-06-27 04:21:00,6.0
LOG211591,W0461,Morning,2025-01-14 20:23:00,2025-01-15 04:23:00,8.0
LOG211592,W0194,Night,2025-06-16 12:54:00,2025-06-16 22:54:00,10.0
LOG211593,W0085,Evening,2025-05-30 00:29:00,2025-05-30 10:29:00,10.0
LOG211594,W0343,Night,2025-03-05 16:49:00,2025-03-05 23:49:00,7.0
LOG211595,W0477,Morning,2025-06-24 07:03:00,2025-06-24 14:03:00,7.0
LOG211596,W0209,Evening,2025-02-12 23:34:00,2025-02-13 07:34:00,8.0
LOG211597,W0311,Evening,2025-06-23 09:49:00,2025-06-23 15:49:00,6.0
LOG211599,W0296,Night,2025-05-31 14:28:00,2025-05-31 23:28:00,9.0
LOG211600,W0081,Morning,2025-03-23 11:51:00,2025-03-23 17:51:00,6.0
LOG211601,W0347,Night,2025-02-01 22:46:00,2025-02-02 06:46:00,8.0
LOG211602,W0066,Night,2025-06-27 23:33:00,2025-06-28 05:33:00,6.0
LOG211603,W0126,Night,2025-01-18 06:18:00,2025-01-18 12:18:00,6.0
LOG211604,W0247,Evening,2025-02-28 01:35:00,2025-02-28 10:35:00,9.0
LOG211605,W0206,Night,2025-01-19 04:03:00,2025-01-19 13:03:00,9.0
LOG211606,W0260,Morning,2025-02-09 19:25:00,2025-02-10 05:25:00,10.0
LOG211607,W0460,Night,2025-02-10 04:45:00,2025-02-10 11:45:00,7.0
LOG211609,W0086,Night,2025-01-06 08:05:00,2025-01-06 14:05:00,6.0
LOG211610,W0126,Evening,2025-06-29 20:42:00,2025-06-30 05:42:00,9.0
LOG211611,W0420,Morning,2025-02-02 02:43:00,2025-02-02 11:43:00,9.0
LOG211612,W0137,Morning,2025-02-12 11:22:00,2025-02-12 18:22:00,7.0
LOG211613,W0102,Night,2025-04-22 16:16:00,2025-04-22 23:16:00,7.0
LOG211614,W0194,Night,2025-03-05 11:24:00,2025-03-05 19:24:00,8.0
LOG211615,W0458,Night,2025-03-11 05:57:00,2025-03-11 13:57:00,8.0
LOG211616,W0052,Evening,2025-02-04 13:56:00,2025-02-04 21:56:00,8.0
LOG211618,W0469,Night,2025-06-24 13:59:00,2025-06-24 23:59:00,10.0
LOG211620,W0485,Evening,2025-05-16 18:18:00,2025-05-17 03:18:00,9.0
LOG211621,W0247,Night,2025-02-11 01:04:00,2025-02-11 08:04:00,7.0
LOG211623,W0149,Morning,2025-02-19 10:08:00,2025-02-19 16:08:00,6.0
LOG211624,W0288,Night,2025-05-26 16:41:00,2025-05-27 01:41:00,9.0
LOG211625,W0387,Evening,2025-06-06 08:27:00,2025-06-06 17:27:00,9.0
LOG211626,W0115,Evening,2025-02-13 18:40:00,2025-02-14 03:40:00,9.0
LOG211627,W0373,Night,2025-04-02 22:11:00,2025-04-03 08:11:00,10.0
LOG211628,W0491,Night,2025-04-11 15:17:00,2025-04-11 22:17:00,7.0
LOG211629,W0436,Night,2025-05-20 19:50:00,2025-05-21 03:50:00,8.0
LOG211630,W0373,Evening,2025-04-21 21:13:00,2025-04-22 06:13:00,9.0
LOG211631,W0361,Evening,2025-05-12 20:27:00,2025-05-13 03:27:00,7.0
LOG211632,W0200,Night,2025-04-28 14:49:00,2025-04-28 21:49:00,7.0
LOG211633,W0287,Evening,2025-01-08 03:47:00,2025-01-08 13:47:00,10.0
LOG211634,W0217,Evening,2025-02-02 20:25:00,2025-02-03 05:25:00,9.0
LOG211636,W0451,Morning,2025-05-05 20:48:00,2025-05-06 02:48:00,6.0
LOG211637,W0257,Night,2025-02-19 07:52:00,2025-02-19 16:52:00,9.0
LOG211641,W0088,Evening,2025-01-25 23:27:00,2025-01-26 09:27:00,10.0
LOG211642,W0312,Morning,2025-04-13 19:03:00,2025-04-14 01:03:00,6.0
LOG211643,W0145,Evening,2025-01-28 08:01:00,2025-01-28 16:01:00,8.0
LOG211644,W0393,Evening,2025-05-26 19:45:00,2025-05-27 04:45:00,9.0
LOG211645,W0264,Night,2025-01-21 23:19:00,2025-01-22 06:19:00,7.0
LOG211646,W0156,Night,2025-04-22 11:36:00,2025-04-22 18:36:00,7.0
LOG211647,W0248,Night,2025-01-25 10:22:00,2025-01-25 16:22:00,6.0
LOG211649,W0042,Morning,2025-01-30 16:12:00,2025-01-31 01:12:00,9.0
LOG211650,W0384,Evening,2025-05-19 17:09:00,2025-05-20 02:09:00,9.0
LOG211651,W0218,Night,2025-05-26 17:22:00,2025-05-27 02:22:00,9.0
LOG211652,W0047,Evening,2025-03-12 17:52:00,2025-03-12 23:52:00,6.0
LOG211654,W0371,Night,2025-02-28 06:59:00,2025-02-28 13:59:00,7.0
LOG211655,W0192,Night,2025-02-08 06:36:00,2025-02-08 12:36:00,6.0
LOG211657,W0364,Evening,2025-03-26 17:54:00,2025-03-27 00:54:00,7.0
LOG211659,W0062,Evening,2025-04-04 13:39:00,2025-04-04 22:39:00,9.0
LOG211660,W0021,Evening,2025-05-04 21:27:00,2025-05-05 03:27:00,6.0
LOG211661,W0075,Evening,2025-01-01 05:25:00,2025-01-01 12:25:00,7.0
LOG211662,W0169,Night,2025-02-23 15:47:00,2025-02-23 22:47:00,7.0
LOG211663,W0056,Night,2025-04-16 10:44:00,2025-04-16 16:44:00,6.0
LOG211665,W0304,Evening,2025-06-23 15:44:00,2025-06-24 01:44:00,10.0
LOG211666,W0247,Evening,2025-01-16 16:15:00,2025-01-16 22:15:00,6.0
LOG211667,W0202,Night,2025-03-05 23:26:00,2025-03-06 09:26:00,10.0
LOG211668,W0151,Night,2025-05-31 20:37:00,2025-06-01 03:37:00,7.0
LOG211669,W0117,Evening,2025-06-03 17:30:00,2025-06-04 01:30:00,8.0
LOG211670,W0005,Morning,2025-06-26 07:24:00,2025-06-26 13:24:00,6.0
LOG211672,W0087,Evening,2025-03-13 03:39:00,2025-03-13 11:39:00,8.0
LOG211673,W0454,Night,2025-06-17 19:17:00,2025-06-18 01:17:00,6.0
LOG211674,W0373,Night,2025-03-10 12:17:00,2025-03-10 20:17:00,8.0
LOG211676,W0386,Night,2025-04-22 05:41:00,2025-04-22 12:41:00,7.0
LOG211679,W0132,Evening,2025-02-28 20:44:00,2025-03-01 06:44:00,10.0
LOG211680,W0051,Morning,2025-05-19 02:04:00,2025-05-19 11:04:00,9.0
LOG211681,W0028,Night,2025-04-24 02:24:00,2025-04-24 12:24:00,10.0
LOG211684,W0427,Night,2025-04-29 19:50:00,2025-04-30 05:50:00,10.0
LOG211686,W0317,Night,2025-04-15 19:33:00,2025-04-16 02:33:00,7.0
LOG211687,W0248,Night,2025-06-10 13:28:00,2025-06-10 21:28:00,8.0
LOG211688,W0470,Night,2025-02-08 11:30:00,2025-02-08 17:30:00,6.0
LOG211689,W0080,Evening,2025-05-23 17:40:00,2025-05-23 23:40:00,6.0
LOG211691,W0314,Night,2025-06-21 00:12:00,2025-06-21 08:12:00,8.0
LOG211692,W0079,Night,2025-06-12 12:45:00,2025-06-12 21:45:00,9.0
LOG211693,W0222,Night,2025-02-04 07:58:00,2025-02-04 17:58:00,10.0
LOG211694,W0033,Morning,2025-01-28 02:12:00,2025-01-28 12:12:00,10.0
LOG211695,W0202,Night,2025-04-14 14:01:00,2025-04-14 22:01:00,8.0
LOG211696,W0207,Evening,2025-03-03 01:25:00,2025-03-03 11:25:00,10.0
LOG211697,W0299,Night,2025-06-23 04:50:00,2025-06-23 12:50:00,8.0
LOG211698,W0106,Morning,2025-05-10 08:29:00,2025-05-10 15:29:00,7.0
LOG211699,W0495,Evening,2025-01-02 06:50:00,2025-01-02 12:50:00,6.0
LOG211701,W0141,Evening,2025-06-01 07:57:00,2025-06-01 16:57:00,9.0
LOG211702,W0260,Night,2025-01-06 00:35:00,2025-01-06 08:35:00,8.0
LOG211704,W0323,Morning,2025-04-08 09:41:00,2025-04-08 17:41:00,8.0
LOG211705,W0381,Morning,2025-04-03 14:45:00,2025-04-03 20:45:00,6.0
LOG211707,W0396,Evening,2025-06-14 21:47:00,2025-06-15 03:47:00,6.0
LOG211709,W0140,Morning,2025-04-24 23:19:00,2025-04-25 09:19:00,10.0
LOG211712,W0166,Evening,2025-01-07 09:20:00,2025-01-07 16:20:00,7.0
LOG211713,W0112,Night,2025-06-24 09:47:00,2025-06-24 16:47:00,7.0
LOG211714,W0266,Evening,2025-05-04 06:01:00,2025-05-04 12:01:00,6.0
LOG211715,W0088,Evening,2025-06-11 17:14:00,2025-06-12 03:14:00,10.0
LOG211717,W0375,Night,2025-03-21 08:20:00,2025-03-21 16:20:00,8.0
LOG211718,W0280,Morning,2025-03-31 20:36:00,2025-04-01 02:36:00,6.0
LOG211719,W0270,Evening,2025-05-31 04:04:00,2025-05-31 11:04:00,7.0
LOG211722,W0112,Night,2025-04-06 05:39:00,2025-04-06 13:39:00,8.0
LOG211723,W0261,Evening,2025-04-28 00:59:00,2025-04-28 08:59:00,8.0
LOG211725,W0345,Night,2025-03-18 05:47:00,2025-03-18 14:47:00,9.0
LOG211728,W0095,Morning,2025-01-20 14:14:00,2025-01-21 00:14:00,10.0
LOG211729,W0353,Morning,2025-06-22 03:01:00,2025-06-22 13:01:00,10.0
LOG211731,W0079,Morning,2025-04-13 04:40:00,2025-04-13 12:40:00,8.0
LOG211732,W0078,Morning,2025-05-21 14:24:00,2025-05-21 21:24:00,7.0
LOG211733,W0476,Morning,2025-03-25 08:58:00,2025-03-25 18:58:00,10.0
LOG211734,W0286,Night,2025-04-20 16:26:00,2025-04-21 00:26:00,8.0
LOG211736,W0388,Evening,2025-04-08 03:22:00,2025-04-08 11:22:00,8.0
LOG211738,W0379,Night,2025-03-22 06:16:00,2025-03-22 14:16:00,8.0
LOG211739,W0217,Morning,2025-05-04 19:44:00,2025-05-05 05:44:00,10.0
LOG211740,W0181,Night,2025-06-09 08:57:00,2025-06-09 15:57:00,7.0
LOG211742,W0159,Morning,2025-04-29 16:40:00,2025-04-29 22:40:00,6.0
LOG211743,W0399,Night,2025-01-26 12:39:00,2025-01-26 19:39:00,7.0
LOG211744,W0024,Morning,2025-02-21 10:24:00,2025-02-21 18:24:00,8.0
LOG211745,W0436,Morning,2025-05-04 04:07:00,2025-05-04 12:07:00,8.0
LOG211746,W0321,Night,2025-02-04 04:20:00,2025-02-04 13:20:00,9.0
LOG211747,W0488,Morning,2025-05-11 06:21:00,2025-05-11 13:21:00,7.0
LOG211748,W0169,Night,2025-06-10 17:41:00,2025-06-11 00:41:00,7.0
LOG211753,W0190,Night,2025-05-04 05:06:00,2025-05-04 11:06:00,6.0
LOG211754,W0380,Night,2025-04-11 04:27:00,2025-04-11 12:27:00,8.0
LOG211755,W0414,Night,2025-04-11 12:36:00,2025-04-11 19:36:00,7.0
LOG211756,W0283,Night,2025-03-18 01:00:00,2025-03-18 11:00:00,10.0
LOG211758,W0390,Evening,2025-05-19 09:31:00,2025-05-19 19:31:00,10.0
LOG211760,W0227,Night,2025-03-23 00:42:00,2025-03-23 06:42:00,6.0
LOG211761,W0090,Night,2025-05-13 20:22:00,2025-05-14 05:22:00,9.0
LOG211762,W0206,Night,2025-01-16 01:38:00,2025-01-16 08:38:00,7.0
LOG211763,W0224,Night,2025-03-05 21:48:00,2025-03-06 03:48:00,6.0
LOG211765,W0400,Night,2025-01-07 20:53:00,2025-01-08 03:53:00,7.0
LOG211766,W0179,Morning,2025-04-20 15:42:00,2025-04-20 21:42:00,6.0
LOG211767,W0068,Night,2025-01-17 16:05:00,2025-01-17 22:05:00,6.0
LOG211769,W0433,Morning,2025-05-17 03:11:00,2025-05-17 13:11:00,10.0
LOG211770,W0247,Night,2025-05-09 18:16:00,2025-05-10 03:16:00,9.0
LOG211771,W0435,Night,2025-06-10 15:37:00,2025-06-11 00:37:00,9.0
LOG211772,W0283,Night,2025-02-10 21:28:00,2025-02-11 04:28:00,7.0
LOG211773,W0010,Evening,2025-01-27 10:30:00,2025-01-27 20:30:00,10.0
LOG211775,W0387,Morning,2025-04-22 14:06:00,2025-04-22 22:06:00,8.0
LOG211776,W0362,Evening,2025-05-09 16:01:00,2025-05-09 22:01:00,6.0
LOG211777,W0376,Morning,2025-01-19 00:20:00,2025-01-19 10:20:00,10.0
LOG211778,W0330,Night,2025-04-29 08:53:00,2025-04-29 15:53:00,7.0
LOG211779,W0459,Night,2025-05-28 03:53:00,2025-05-28 12:53:00,9.0
LOG211780,W0349,Night,2025-04-16 17:33:00,2025-04-17 02:33:00,9.0
LOG211782,W0313,Night,2025-02-01 07:09:00,2025-02-01 16:09:00,9.0
LOG211783,W0011,Night,2025-02-25 04:29:00,2025-02-25 12:29:00,8.0
LOG211784,W0333,Evening,2025-01-18 22:17:00,2025-01-19 07:17:00,9.0
LOG211785,W0097,Morning,2025-02-06 04:20:00,2025-02-06 10:20:00,6.0
LOG211786,W0400,Night,2025-01-29 01:46:00,2025-01-29 08:46:00,7.0
LOG211787,W0250,Morning,2025-04-02 09:25:00,2025-04-02 19:25:00,10.0
LOG211789,W0414,Night,2025-06-12 03:06:00,2025-06-12 09:06:00,6.0
LOG211791,W0293,Night,2025-04-11 09:11:00,2025-04-11 16:11:00,7.0
LOG211792,W0257,Morning,2025-01-06 23:47:00,2025-01-07 09:47:00,10.0
LOG211793,W0250,Night,2025-03-20 17:37:00,2025-03-21 01:37:00,8.0
LOG211794,W0360,Night,2025-05-02 00:20:00,2025-05-02 06:20:00,6.0
LOG211795,W0093,Night,2025-05-18 11:47:00,2025-05-18 20:47:00,9.0
LOG211798,W0111,Evening,2025-06-03 20:17:00,2025-06-04 06:17:00,10.0
LOG211800,W0028,Morning,2025-04-09 09:14:00,2025-04-09 19:14:00,10.0
LOG211802,W0053,Morning,2025-02-06 08:27:00,2025-02-06 16:27:00,8.0
LOG211803,W0475,Night,2025-02-10 05:24:00,2025-02-10 12:24:00,7.0
LOG211804,W0342,Evening,2025-04-04 06:30:00,2025-04-04 16:30:00,10.0
LOG211805,W0454,Evening,2025-04-26 23:12:00,2025-04-27 09:12:00,10.0
LOG211806,W0306,Evening,2025-01-30 13:33:00,2025-01-30 23:33:00,10.0
LOG211807,W0218,Morning,2025-03-27 02:43:00,2025-03-27 11:43:00,9.0
LOG211808,W0306,Night,2025-02-01 12:23:00,2025-02-01 21:23:00,9.0
LOG211809,W0267,Night,2025-06-17 12:08:00,2025-06-17 18:08:00,6.0
LOG211810,W0363,Night,2025-01-17 21:21:00,2025-01-18 07:21:00,10.0
LOG211811,W0199,Evening,2025-06-24 04:31:00,2025-06-24 10:31:00,6.0
LOG211812,W0234,Night,2025-02-04 15:42:00,2025-02-05 00:42:00,9.0
LOG211813,W0320,Evening,2025-03-19 23:58:00,2025-03-20 06:58:00,7.0
LOG211814,W0031,Night,2025-05-15 17:25:00,2025-05-16 01:25:00,8.0
LOG211816,W0451,Morning,2025-05-10 16:12:00,2025-05-11 02:12:00,10.0
LOG211817,W0380,Night,2025-04-17 03:57:00,2025-04-17 11:57:00,8.0
LOG211819,W0087,Night,2025-01-13 22:35:00,2025-01-14 04:35:00,6.0
LOG211820,W0363,Morning,2025-02-28 22:27:00,2025-03-01 08:27:00,10.0
LOG211822,W0193,Night,2025-04-26 18:18:00,2025-04-27 03:18:00,9.0
LOG211823,W0226,Night,2025-04-18 06:38:00,2025-04-18 12:38:00,6.0
LOG211825,W0482,Evening,2025-03-25 02:53:00,2025-03-25 11:53:00,9.0
LOG211826,W0443,Morning,2025-06-09 22:32:00,2025-06-10 04:32:00,6.0
LOG211828,W0438,Night,2025-05-24 06:09:00,2025-05-24 12:09:00,6.0
LOG211830,W0298,Night,2025-06-27 20:29:00,2025-06-28 05:29:00,9.0
LOG211831,W0178,Evening,2025-01-09 10:32:00,2025-01-09 20:32:00,10.0
LOG211832,W0407,Morning,2025-04-19 08:18:00,2025-04-19 16:18:00,8.0
LOG211833,W0327,Evening,2025-03-12 13:05:00,2025-03-12 20:05:00,7.0
LOG211835,W0474,Night,2025-01-01 22:29:00,2025-01-02 04:29:00,6.0
LOG211836,W0288,Night,2025-01-11 00:57:00,2025-01-11 06:57:00,6.0
LOG211838,W0315,Morning,2025-05-24 12:53:00,2025-05-24 18:53:00,6.0
LOG211840,W0051,Night,2025-02-05 06:26:00,2025-02-05 16:26:00,10.0
LOG211841,W0129,Morning,2025-01-20 00:14:00,2025-01-20 10:14:00,10.0
LOG211842,W0430,Night,2025-02-26 08:05:00,2025-02-26 15:05:00,7.0
LOG211843,W0472,Morning,2025-04-03 19:07:00,2025-04-04 03:07:00,8.0
LOG211844,W0387,Night,2025-05-20 04:11:00,2025-05-20 10:11:00,6.0
LOG211845,W0489,Night,2025-02-18 00:39:00,2025-02-18 06:39:00,6.0
LOG211846,W0032,Morning,2025-04-17 03:38:00,2025-04-17 12:38:00,9.0
LOG211847,W0428,Night,2025-03-26 09:07:00,2025-03-26 15:07:00,6.0
LOG211848,W0248,Night,2025-05-17 20:27:00,2025-05-18 06:27:00,10.0
LOG211851,W0022,Morning,2025-02-08 18:55:00,2025-02-09 04:55:00,10.0
LOG211854,W0354,Night,2025-02-28 11:06:00,2025-02-28 19:06:00,8.0
LOG211855,W0387,Morning,2025-02-12 00:02:00,2025-02-12 07:02:00,7.0
LOG211858,W0147,Morning,2025-04-21 01:04:00,2025-04-21 10:04:00,9.0
LOG211859,W0167,Night,2025-03-27 17:27:00,2025-03-28 03:27:00,10.0
LOG211861,W0140,Morning,2025-02-19 13:42:00,2025-02-19 20:42:00,7.0
LOG211863,W0140,Evening,2025-01-31 01:45:00,2025-01-31 11:45:00,10.0
LOG211864,W0410,Night,2025-06-04 09:03:00,2025-06-04 16:03:00,7.0
LOG211866,W0099,Evening,2025-01-19 22:35:00,2025-01-20 05:35:00,7.0
LOG211867,W0197,Night,2025-06-19 08:42:00,2025-06-19 17:42:00,9.0
LOG211868,W0494,Night,2025-02-07 21:53:00,2025-02-08 06:53:00,9.0
LOG211869,W0226,Night,2025-03-26 09:05:00,2025-03-26 16:05:00,7.0
LOG211870,W0198,Evening,2025-05-06 11:40:00,2025-05-06 21:40:00,10.0
LOG211871,W0253,Evening,2025-04-19 05:16:00,2025-04-19 15:16:00,10.0
LOG211872,W0256,Morning,2025-04-06 17:56:00,2025-04-07 00:56:00,7.0
LOG211873,W0061,Evening,2025-04-22 04:53:00,2025-04-22 10:53:00,6.0
LOG211874,W0103,Morning,2025-02-03 21:56:00,2025-02-04 04:56:00,7.0
LOG211876,W0309,Night,2025-04-17 02:50:00,2025-04-17 12:50:00,10.0
LOG211877,W0450,Morning,2025-05-03 13:36:00,2025-05-03 19:36:00,6.0
LOG211878,W0301,Evening,2025-06-09 05:12:00,2025-06-09 15:12:00,10.0
LOG211879,W0011,Night,2025-03-13 20:05:00,2025-03-14 06:05:00,10.0
LOG211880,W0170,Night,2025-06-27 21:02:00,2025-06-28 06:02:00,9.0
LOG211881,W0302,Night,2025-03-04 13:17:00,2025-03-04 23:17:00,10.0
LOG211882,W0198,Evening,2025-05-13 06:31:00,2025-05-13 16:31:00,10.0
LOG211886,W0412,Night,2025-06-29 03:36:00,2025-06-29 12:36:00,9.0
LOG211888,W0032,Morning,2025-06-26 01:33:00,2025-06-26 08:33:00,7.0
LOG211889,W0152,Morning,2025-06-17 17:22:00,2025-06-18 01:22:00,8.0
LOG211890,W0277,Evening,2025-04-06 21:29:00,2025-04-07 04:29:00,7.0
LOG211891,W0452,Evening,2025-01-18 01:36:00,2025-01-18 08:36:00,7.0
LOG211893,W0174,Night,2025-03-31 13:56:00,2025-03-31 23:56:00,10.0
LOG211895,W0423,Night,2025-01-25 05:37:00,2025-01-25 12:37:00,7.0
LOG211897,W0286,Evening,2025-01-30 17:16:00,2025-01-31 00:16:00,7.0
LOG211899,W0362,Morning,2025-02-07 22:59:00,2025-02-08 07:59:00,9.0
LOG211900,W0107,Night,2025-06-22 23:33:00,2025-06-23 09:33:00,10.0
LOG211901,W0338,Evening,2025-05-15 02:27:00,2025-05-15 10:27:00,8.0
LOG211902,W0266,Night,2025-04-17 18:56:00,2025-04-18 02:56:00,8.0
LOG211905,W0206,Night,2025-01-05 00:12:00,2025-01-05 08:12:00,8.0
LOG211907,W0252,Night,2025-01-16 11:21:00,2025-01-16 20:21:00,9.0
LOG211908,W0413,Morning,2025-03-11 04:52:00,2025-03-11 14:52:00,10.0
LOG211909,W0233,Night,2025-06-12 08:20:00,2025-06-12 17:20:00,9.0
LOG211910,W0123,Morning,2025-06-28 17:03:00,2025-06-29 00:03:00,7.0
LOG211912,W0399,Night,2025-06-22 13:13:00,2025-06-22 23:13:00,10.0
LOG211913,W0341,Night,2025-01-05 07:36:00,2025-01-05 15:36:00,8.0
LOG211914,W0298,Night,2025-03-25 05:24:00,2025-03-25 14:24:00,9.0
LOG211915,W0164,Morning,2025-06-05 11:23:00,2025-06-05 19:23:00,8.0
LOG211916,W0036,Night,2025-06-27 20:08:00,2025-06-28 04:08:00,8.0
LOG211917,W0113,Morning,2025-03-06 13:23:00,2025-03-06 20:23:00,7.0
LOG211918,W0441,Morning,2025-05-08 17:09:00,2025-05-09 02:09:00,9.0
LOG211920,W0030,Evening,2025-04-07 19:24:00,2025-04-08 03:24:00,8.0
LOG211926,W0001,Morning,2025-01-29 01:26:00,2025-01-29 09:26:00,8.0
LOG211927,W0198,Morning,2025-01-01 14:06:00,2025-01-01 22:06:00,8.0
LOG211928,W0178,Night,2025-02-11 04:28:00,2025-02-11 12:28:00,8.0
LOG211929,W0097,Night,2025-06-27 11:46:00,2025-06-27 17:46:00,6.0
LOG211930,W0065,Evening,2025-02-01 10:43:00,2025-02-01 16:43:00,6.0
LOG211931,W0323,Morning,2025-01-28 11:38:00,2025-01-28 17:38:00,6.0
LOG211933,W0475,Morning,2025-03-23 12:14:00,2025-03-23 19:14:00,7.0
LOG211934,W0117,Morning,2025-03-30 02:22:00,2025-03-30 10:22:00,8.0
LOG211935,W0156,Evening,2025-04-10 19:48:00,2025-04-11 02:48:00,7.0
LOG211936,W0059,Night,2025-02-26 09:46:00,2025-02-26 17:46:00,8.0
LOG211937,W0197,Evening,2025-06-05 08:48:00,2025-06-05 18:48:00,10.0
LOG211939,W0008,Evening,2025-06-07 23:57:00,2025-06-08 05:57:00,6.0
LOG211940,W0037,Night,2025-02-17 12:53:00,2025-02-17 22:53:00,10.0
LOG211941,W0069,Night,2025-02-26 22:32:00,2025-02-27 07:32:00,9.0
LOG211942,W0409,Night,2025-02-20 19:34:00,2025-02-21 05:34:00,10.0
LOG211943,W0300,Night,2025-02-28 11:22:00,2025-02-28 18:22:00,7.0
LOG211946,W0363,Night,2025-03-03 09:47:00,2025-03-03 17:47:00,8.0
LOG211948,W0122,Morning,2025-05-05 08:55:00,2025-05-05 14:55:00,6.0
LOG211949,W0329,Evening,2025-01-24 14:48:00,2025-01-24 23:48:00,9.0
LOG211950,W0435,Morning,2025-05-22 00:27:00,2025-05-22 06:27:00,6.0
LOG211951,W0081,Evening,2025-04-11 08:28:00,2025-04-11 16:28:00,8.0
LOG211952,W0204,Night,2025-01-03 01:05:00,2025-01-03 07:05:00,6.0
LOG211953,W0282,Night,2025-03-19 17:46:00,2025-03-19 23:46:00,6.0
LOG211954,W0288,Night,2025-05-26 21:03:00,2025-05-27 06:03:00,9.0
LOG211956,W0416,Morning,2025-01-27 12:16:00,2025-01-27 20:16:00,8.0
LOG211957,W0290,Night,2025-06-14 00:29:00,2025-06-14 06:29:00,6.0
LOG211959,W0354,Night,2025-03-09 01:37:00,2025-03-09 07:37:00,6.0
LOG211961,W0453,Night,2025-03-06 12:59:00,2025-03-06 18:59:00,6.0
LOG211962,W0006,Morning,2025-03-23 09:00:00,2025-03-23 17:00:00,8.0
LOG211963,W0002,Morning,2025-01-11 22:47:00,2025-01-12 05:47:00,7.0
LOG211964,W0157,Night,2025-06-08 20:03:00,2025-06-09 02:03:00,6.0
LOG211968,W0150,Night,2025-04-05 12:17:00,2025-04-05 19:17:00,7.0
LOG211970,W0040,Night,2025-05-27 23:43:00,2025-05-28 05:43:00,6.0
LOG211971,W0106,Night,2025-03-31 07:07:00,2025-03-31 13:07:00,6.0
LOG211972,W0331,Evening,2025-06-26 22:05:00,2025-06-27 05:05:00,7.0
LOG211974,W0459,Morning,2025-04-02 12:52:00,2025-04-02 19:52:00,7.0
LOG211975,W0285,Night,2025-01-18 15:56:00,2025-01-18 21:56:00,6.0
LOG211977,W0254,Evening,2025-03-30 20:57:00,2025-03-31 06:57:00,10.0
LOG211978,W0246,Night,2025-01-04 07:25:00,2025-01-04 16:25:00,9.0
LOG211979,W0414,Evening,2025-02-23 12:10:00,2025-02-23 19:10:00,7.0
LOG211986,W0103,Evening,2025-06-28 23:36:00,2025-06-29 06:36:00,7.0
LOG211987,W0030,Night,2025-02-12 01:36:00,2025-02-12 09:36:00,8.0
LOG211988,W0107,Evening,2025-03-13 04:12:00,2025-03-13 11:12:00,7.0
LOG211991,W0256,Night,2025-05-09 05:50:00,2025-05-09 11:50:00,6.0
LOG211993,W0127,Evening,2025-05-19 17:31:00,2025-05-20 00:31:00,7.0
LOG211994,W0308,Evening,2025-03-21 03:52:00,2025-03-21 10:52:00,7.0
LOG211995,W0392,Night,2025-03-22 09:19:00,2025-03-22 16:19:00,7.0
LOG211996,W0393,Evening,2025-06-06 03:12:00,2025-06-06 12:12:00,9.0
LOG211997,W0190,Night,2025-06-26 00:24:00,2025-06-26 08:24:00,8.0
LOG211998,W0459,Evening,2025-03-14 20:11:00,2025-03-15 04:11:00,8.0
LOG211999,W0089,Morning,2025-06-10 11:36:00,2025-06-10 21:36:00,10.0
LOG212000,W0050,Night,2025-04-18 05:11:00,2025-04-18 14:11:00,9.0
LOG212001,W0045,Evening,2025-06-11 16:33:00,2025-06-11 23:33:00,7.0
LOG212005,W0269,Night,2025-01-10 22:40:00,2025-01-11 08:40:00,10.0
LOG212006,W0386,Night,2025-06-24 08:34:00,2025-06-24 15:34:00,7.0
LOG212008,W0112,Night,2025-03-11 00:41:00,2025-03-11 09:41:00,9.0
LOG212010,W0315,Night,2025-03-25 18:37:00,2025-03-26 02:37:00,8.0
LOG212011,W0123,Morning,2025-01-15 21:05:00,2025-01-16 07:05:00,10.0
LOG212013,W0440,Night,2025-02-12 01:12:00,2025-02-12 09:12:00,8.0
LOG212014,W0332,Evening,2025-06-11 09:15:00,2025-06-11 17:15:00,8.0
LOG212015,W0243,Morning,2025-02-11 02:53:00,2025-02-11 11:53:00,9.0
LOG212017,W0471,Morning,2025-04-03 22:17:00,2025-04-04 08:17:00,10.0
LOG212018,W0373,Evening,2025-02-09 03:57:00,2025-02-09 09:57:00,6.0
LOG212019,W0074,Evening,2025-01-22 09:49:00,2025-01-22 19:49:00,10.0
LOG212023,W0024,Morning,2025-04-15 12:59:00,2025-04-15 21:59:00,9.0
LOG212024,W0201,Morning,2025-05-10 10:30:00,2025-05-10 16:30:00,6.0
LOG212025,W0400,Night,2025-03-01 14:15:00,2025-03-01 22:15:00,8.0
LOG212026,W0029,Night,2025-03-04 03:45:00,2025-03-04 09:45:00,6.0
LOG212027,W0211,Night,2025-02-23 13:06:00,2025-02-23 21:06:00,8.0
LOG212028,W0483,Morning,2025-04-01 13:23:00,2025-04-01 19:23:00,6.0
LOG212029,W0152,Night,2025-03-17 05:48:00,2025-03-17 14:48:00,9.0
LOG212030,W0216,Morning,2025-01-01 08:12:00,2025-01-01 16:12:00,8.0
LOG212031,W0082,Night,2025-06-13 18:48:00,2025-06-14 04:48:00,10.0
LOG212032,W0222,Morning,2025-02-15 09:38:00,2025-02-15 19:38:00,10.0
LOG212033,W0425,Night,2025-02-20 16:12:00,2025-02-20 23:12:00,7.0
LOG212034,W0056,Night,2025-05-03 20:55:00,2025-05-04 04:55:00,8.0
LOG212035,W0454,Night,2025-03-20 01:41:00,2025-03-20 11:41:00,10.0
LOG212036,W0074,Morning,2025-06-09 11:20:00,2025-06-09 18:20:00,7.0
LOG212037,W0465,Evening,2025-06-17 19:17:00,2025-06-18 04:17:00,9.0
LOG212038,W0457,Night,2025-06-20 18:16:00,2025-06-21 01:16:00,7.0
LOG212039,W0261,Night,2025-04-20 23:26:00,2025-04-21 08:26:00,9.0
LOG212041,W0391,Evening,2025-05-20 07:57:00,2025-05-20 16:57:00,9.0
LOG212042,W0467,Morning,2025-01-16 09:28:00,2025-01-16 18:28:00,9.0
LOG212043,W0086,Morning,2025-06-28 16:39:00,2025-06-28 23:39:00,7.0
LOG212044,W0354,Evening,2025-02-27 17:52:00,2025-02-28 01:52:00,8.0
LOG212048,W0153,Morning,2025-02-22 16:45:00,2025-02-22 22:45:00,6.0
LOG212049,W0332,Morning,2025-01-24 08:27:00,2025-01-24 14:27:00,6.0
LOG212050,W0417,Morning,2025-02-08 09:10:00,2025-02-08 19:10:00,10.0
LOG212052,W0350,Night,2025-06-07 09:05:00,2025-06-07 15:05:00,6.0
LOG212053,W0386,Morning,2025-02-21 19:40:00,2025-02-22 01:40:00,6.0
LOG212054,W0031,Night,2025-03-31 14:28:00,2025-03-31 20:28:00,6.0
LOG212055,W0413,Evening,2025-06-22 04:54:00,2025-06-22 10:54:00,6.0
LOG212056,W0182,Night,2025-02-18 14:50:00,2025-02-18 21:50:00,7.0
LOG212057,W0276,Evening,2025-03-15 07:57:00,2025-03-15 16:57:00,9.0
LOG212058,W0044,Night,2025-03-03 05:23:00,2025-03-03 15:23:00,10.0
LOG212059,W0313,Evening,2025-01-31 09:29:00,2025-01-31 16:29:00,7.0
LOG212060,W0495,Evening,2025-02-26 15:26:00,2025-02-26 23:26:00,8.0
LOG212061,W0293,Evening,2025-01-07 17:35:00,2025-01-08 01:35:00,8.0
LOG212062,W0299,Morning,2025-06-13 13:20:00,2025-06-13 22:20:00,9.0
LOG212063,W0227,Night,2025-01-22 02:37:00,2025-01-22 12:37:00,10.0
LOG212064,W0145,Evening,2025-05-29 23:32:00,2025-05-30 09:32:00,10.0
LOG212065,W0025,Night,2025-02-27 05:34:00,2025-02-27 11:34:00,6.0
LOG212066,W0292,Night,2025-06-22 15:35:00,2025-06-22 23:35:00,8.0
LOG212067,W0205,Night,2025-01-26 03:17:00,2025-01-26 09:17:00,6.0
LOG212071,W0130,Evening,2025-05-11 13:17:00,2025-05-11 23:17:00,10.0
LOG212073,W0314,Morning,2025-04-26 14:45:00,2025-04-26 20:45:00,6.0
LOG212074,W0131,Morning,2025-06-21 10:23:00,2025-06-21 19:23:00,9.0
LOG212076,W0453,Morning,2025-05-13 09:08:00,2025-05-13 18:08:00,9.0
LOG212078,W0494,Night,2025-01-13 03:49:00,2025-01-13 10:49:00,7.0
LOG212080,W0409,Morning,2025-01-15 03:49:00,2025-01-15 11:49:00,8.0
LOG212081,W0458,Evening,2025-06-12 15:06:00,2025-06-13 00:06:00,9.0
LOG212083,W0116,Evening,2025-06-24 17:41:00,2025-06-24 23:41:00,6.0
LOG212084,W0090,Morning,2025-01-06 04:13:00,2025-01-06 12:13:00,8.0
LOG212086,W0112,Night,2025-01-18 10:58:00,2025-01-18 17:58:00,7.0
LOG212087,W0087,Evening,2025-06-29 06:29:00,2025-06-29 16:29:00,10.0
LOG212088,W0305,Night,2025-02-25 13:27:00,2025-02-25 20:27:00,7.0
LOG212089,W0414,Night,2025-05-09 10:40:00,2025-05-09 18:40:00,8.0
LOG212090,W0143,Night,2025-04-09 12:10:00,2025-04-09 21:10:00,9.0
LOG212091,W0118,Morning,2025-01-07 21:17:00,2025-01-08 03:17:00,6.0
LOG212092,W0349,Night,2025-05-23 15:01:00,2025-05-23 22:01:00,7.0
LOG212093,W0123,Evening,2025-01-10 05:57:00,2025-01-10 13:57:00,8.0
LOG212095,W0472,Night,2025-01-18 20:08:00,2025-01-19 04:08:00,8.0
LOG212096,W0316,Evening,2025-06-06 16:26:00,2025-06-07 00:26:00,8.0
LOG212097,W0243,Night,2025-01-27 11:44:00,2025-01-27 20:44:00,9.0
LOG212098,W0482,Morning,2025-03-30 01:07:00,2025-03-30 09:07:00,8.0
LOG212100,W0274,Evening,2025-03-19 00:56:00,2025-03-19 07:56:00,7.0
LOG212101,W0372,Night,2025-03-04 06:57:00,2025-03-04 13:57:00,7.0
LOG212103,W0256,Night,2025-01-03 00:25:00,2025-01-03 07:25:00,7.0
LOG212104,W0103,Evening,2025-04-10 10:08:00,2025-04-10 18:08:00,8.0
LOG212105,W0032,Night,2025-02-07 19:02:00,2025-02-08 04:02:00,9.0
LOG212106,W0041,Evening,2025-05-01 07:33:00,2025-05-01 16:33:00,9.0
LOG212107,W0391,Night,2025-05-06 00:46:00,2025-05-06 07:46:00,7.0
LOG212108,W0363,Morning,2025-02-06 14:05:00,2025-02-06 23:05:00,9.0
LOG212109,W0481,Night,2025-05-13 17:27:00,2025-05-14 02:27:00,9.0
LOG212111,W0084,Night,2025-04-01 23:37:00,2025-04-02 06:37:00,7.0
LOG212112,W0455,Night,2025-06-29 04:42:00,2025-06-29 10:42:00,6.0
LOG212114,W0233,Night,2025-06-18 18:48:00,2025-06-19 03:48:00,9.0
LOG212115,W0387,Night,2025-01-12 06:05:00,2025-01-12 13:05:00,7.0
LOG212116,W0163,Night,2025-03-25 02:15:00,2025-03-25 08:15:00,6.0
LOG212117,W0056,Evening,2025-01-04 23:59:00,2025-01-05 09:59:00,10.0
LOG212118,W0172,Night,2025-02-22 22:49:00,2025-02-23 04:49:00,6.0
LOG212119,W0018,Morning,2025-04-30 11:09:00,2025-04-30 17:09:00,6.0
LOG212121,W0390,Night,2025-01-21 18:05:00,2025-01-22 03:05:00,9.0
LOG212122,W0198,Morning,2025-05-26 06:09:00,2025-05-26 16:09:00,10.0
LOG212123,W0141,Night,2025-06-07 00:54:00,2025-06-07 06:54:00,6.0
LOG212126,W0180,Night,2025-06-22 18:39:00,2025-06-23 01:39:00,7.0
LOG212127,W0424,Night,2025-05-05 19:17:00,2025-05-06 03:17:00,8.0
LOG212128,W0385,Morning,2025-01-12 23:34:00,2025-01-13 05:34:00,6.0
LOG212129,W0440,Night,2025-01-14 23:55:00,2025-01-15 08:55:00,9.0
LOG212130,W0275,Morning,2025-01-02 16:22:00,2025-01-03 00:22:00,8.0
LOG212131,W0254,Night,2025-05-25 09:34:00,2025-05-25 18:34:00,9.0
LOG212133,W0107,Evening,2025-02-01 12:42:00,2025-02-01 20:42:00,8.0
LOG212134,W0052,Evening,2025-02-27 20:14:00,2025-02-28 04:14:00,8.0
LOG212135,W0279,Night,2025-03-13 22:03:00,2025-03-14 04:03:00,6.0
LOG212136,W0309,Night,2025-05-17 07:17:00,2025-05-17 14:17:00,7.0
LOG212137,W0173,Morning,2025-01-28 23:45:00,2025-01-29 06:45:00,7.0
LOG212138,W0244,Night,2025-02-08 19:21:00,2025-02-09 03:21:00,8.0
LOG212139,W0289,Morning,2025-05-01 07:35:00,2025-05-01 14:35:00,7.0
LOG212140,W0381,Evening,2025-06-14 20:49:00,2025-06-15 03:49:00,7.0
LOG212141,W0151,Evening,2025-05-03 04:35:00,2025-05-03 12:35:00,8.0
LOG212143,W0133,Night,2025-06-10 22:46:00,2025-06-11 08:46:00,10.0
LOG212145,W0476,Night,2025-02-08 01:21:00,2025-02-08 11:21:00,10.0
LOG212146,W0460,Night,2025-03-16 05:53:00,2025-03-16 13:53:00,8.0
LOG212147,W0429,Morning,2025-04-07 19:32:00,2025-04-08 05:32:00,10.0
LOG212148,W0324,Evening,2025-05-06 10:52:00,2025-05-06 19:52:00,9.0
LOG212149,W0145,Night,2025-03-23 09:16:00,2025-03-23 15:16:00,6.0
LOG212150,W0183,Night,2025-06-10 00:08:00,2025-06-10 10:08:00,10.0
LOG212151,W0313,Night,2025-04-26 15:46:00,2025-04-26 23:46:00,8.0
LOG212153,W0403,Evening,2025-04-07 16:01:00,2025-04-08 00:01:00,8.0
LOG212155,W0134,Night,2025-01-17 16:56:00,2025-01-18 00:56:00,8.0
LOG212156,W0296,Night,2025-06-10 09:44:00,2025-06-10 16:44:00,7.0
LOG212158,W0180,Night,2025-03-01 23:03:00,2025-03-02 08:03:00,9.0
LOG212159,W0395,Evening,2025-04-16 10:25:00,2025-04-16 19:25:00,9.0
LOG212160,W0133,Evening,2025-04-22 15:42:00,2025-04-22 22:42:00,7.0
LOG212161,W0268,Night,2025-02-28 02:30:00,2025-02-28 09:30:00,7.0
LOG212162,W0419,Night,2025-02-11 19:03:00,2025-02-12 05:03:00,10.0
LOG212163,W0246,Evening,2025-05-10 01:27:00,2025-05-10 07:27:00,6.0
LOG212164,W0423,Evening,2025-03-01 05:10:00,2025-03-01 13:10:00,8.0
LOG212165,W0480,Morning,2025-05-09 22:34:00,2025-05-10 05:34:00,7.0
LOG212166,W0145,Morning,2025-02-12 00:12:00,2025-02-12 07:12:00,7.0
LOG212167,W0419,Night,2025-02-18 15:36:00,2025-02-19 00:36:00,9.0
LOG212168,W0483,Morning,2025-04-30 10:57:00,2025-04-30 16:57:00,6.0
LOG212169,W0381,Evening,2025-04-07 23:55:00,2025-04-08 06:55:00,7.0
LOG212170,W0294,Night,2025-02-26 06:33:00,2025-02-26 15:33:00,9.0
LOG212171,W0201,Night,2025-04-26 23:52:00,2025-04-27 09:52:00,10.0
LOG212172,W0021,Night,2025-01-25 23:01:00,2025-01-26 05:01:00,6.0
LOG212173,W0045,Night,2025-05-19 02:13:00,2025-05-19 09:13:00,7.0
LOG212174,W0498,Evening,2025-03-10 07:20:00,2025-03-10 13:20:00,6.0
LOG212175,W0275,Morning,2025-04-07 13:09:00,2025-04-07 23:09:00,10.0
LOG212177,W0009,Morning,2025-02-25 14:50:00,2025-02-25 22:50:00,8.0
LOG212178,W0276,Night,2025-01-10 04:29:00,2025-01-10 14:29:00,10.0
LOG212179,W0139,Night,2025-01-19 09:27:00,2025-01-19 17:27:00,8.0
LOG212180,W0278,Evening,2025-05-07 14:20:00,2025-05-07 22:20:00,8.0
LOG212182,W0370,Night,2025-03-12 12:12:00,2025-03-12 19:12:00,7.0
LOG212183,W0227,Evening,2025-01-27 07:52:00,2025-01-27 14:52:00,7.0
LOG212184,W0238,Night,2025-03-24 19:24:00,2025-03-25 03:24:00,8.0
LOG212186,W0054,Evening,2025-01-14 18:36:00,2025-01-15 03:36:00,9.0
LOG212188,W0085,Evening,2025-04-01 16:18:00,2025-04-02 00:18:00,8.0
LOG212189,W0321,Night,2025-05-25 10:58:00,2025-05-25 19:58:00,9.0
LOG212192,W0258,Night,2025-02-02 05:55:00,2025-02-02 13:55:00,8.0
LOG212193,W0067,Night,2025-05-15 18:38:00,2025-05-16 00:38:00,6.0
LOG212194,W0100,Night,2025-01-12 05:17:00,2025-01-12 14:17:00,9.0
LOG212195,W0450,Night,2025-04-13 10:37:00,2025-04-13 17:37:00,7.0
LOG212196,W0152,Morning,2025-05-29 13:30:00,2025-05-29 20:30:00,7.0
LOG212198,W0267,Night,2025-04-05 19:00:00,2025-04-06 01:00:00,6.0
LOG212199,W0419,Night,2025-06-11 11:19:00,2025-06-11 18:19:00,7.0
LOG212200,W0314,Morning,2025-04-17 00:50:00,2025-04-17 06:50:00,6.0
LOG212202,W0022,Night,2025-03-08 03:59:00,2025-03-08 13:59:00,10.0
LOG212204,W0217,Night,2025-02-22 13:53:00,2025-02-22 22:53:00,9.0
LOG212205,W0500,Evening,2025-04-01 17:24:00,2025-04-02 02:24:00,9.0
LOG212206,W0263,Night,2025-03-06 10:29:00,2025-03-06 16:29:00,6.0
LOG212208,W0387,Night,2025-01-15 11:38:00,2025-01-15 21:38:00,10.0
LOG212209,W0033,Morning,2025-03-17 19:02:00,2025-03-18 03:02:00,8.0
LOG212210,W0499,Morning,2025-06-01 18:56:00,2025-06-02 04:56:00,10.0
LOG212211,W0236,Night,2025-04-29 19:07:00,2025-04-30 03:07:00,8.0
LOG212212,W0195,Evening,2025-06-05 13:02:00,2025-06-05 20:02:00,7.0
LOG212213,W0390,Night,2025-04-20 00:20:00,2025-04-20 07:20:00,7.0
LOG212215,W0069,Morning,2025-05-21 23:19:00,2025-05-22 05:19:00,6.0
LOG212216,W0330,Night,2025-03-23 19:55:00,2025-03-24 05:55:00,10.0
LOG212217,W0254,Evening,2025-06-08 14:39:00,2025-06-08 22:39:00,8.0
LOG212223,W0446,Morning,2025-02-06 21:04:00,2025-02-07 07:04:00,10.0
LOG212224,W0001,Evening,2025-04-18 06:50:00,2025-04-18 15:50:00,9.0
LOG212225,W0265,Morning,2025-04-28 20:56:00,2025-04-29 02:56:00,6.0
LOG212227,W0287,Night,2025-01-28 18:36:00,2025-01-29 02:36:00,8.0
LOG212229,W0046,Morning,2025-03-16 03:35:00,2025-03-16 11:35:00,8.0
LOG212230,W0073,Night,2025-02-15 21:21:00,2025-02-16 05:21:00,8.0
LOG212231,W0115,Morning,2025-04-06 23:05:00,2025-04-07 08:05:00,9.0
LOG212232,W0332,Night,2025-01-03 03:33:00,2025-01-03 12:33:00,9.0
LOG212234,W0168,Morning,2025-05-30 18:14:00,2025-05-31 00:14:00,6.0
LOG212235,W0153,Night,2025-06-23 07:31:00,2025-06-23 13:31:00,6.0
LOG212239,W0043,Evening,2025-03-28 06:02:00,2025-03-28 14:02:00,8.0
LOG212240,W0096,Night,2025-02-08 21:11:00,2025-02-09 06:11:00,9.0
LOG212243,W0361,Evening,2025-05-23 05:36:00,2025-05-23 11:36:00,6.0
LOG212245,W0056,Night,2025-04-02 23:29:00,2025-04-03 05:29:00,6.0
LOG212247,W0271,Night,2025-05-26 07:27:00,2025-05-26 15:27:00,8.0
LOG212248,W0117,Morning,2025-05-21 11:50:00,2025-05-21 18:50:00,7.0
LOG212249,W0425,Morning,2025-03-31 23:42:00,2025-04-01 09:42:00,10.0
LOG212250,W0116,Night,2025-01-01 05:23:00,2025-01-01 11:23:00,6.0
LOG212251,W0045,Morning,2025-03-19 16:27:00,2025-03-20 02:27:00,10.0
LOG212253,W0206,Morning,2025-03-17 07:11:00,2025-03-17 17:11:00,10.0
LOG212254,W0187,Night,2025-03-28 01:27:00,2025-03-28 08:27:00,7.0
LOG212255,W0065,Night,2025-05-01 14:45:00,2025-05-01 22:45:00,8.0
LOG212256,W0023,Evening,2025-01-24 12:08:00,2025-01-24 19:08:00,7.0
LOG212259,W0106,Night,2025-04-17 19:06:00,2025-04-18 04:06:00,9.0
LOG212260,W0285,Night,2025-06-16 10:04:00,2025-06-16 20:04:00,10.0
LOG212261,W0500,Evening,2025-02-17 01:14:00,2025-02-17 08:14:00,7.0
LOG212262,W0200,Morning,2025-03-28 12:53:00,2025-03-28 20:53:00,8.0
LOG212264,W0063,Morning,2025-06-06 13:12:00,2025-06-06 20:12:00,7.0
LOG212265,W0421,Night,2025-01-14 15:45:00,2025-01-14 23:45:00,8.0
LOG212266,W0014,Night,2025-03-02 07:07:00,2025-03-02 14:07:00,7.0
LOG212267,W0047,Morning,2025-03-16 03:01:00,2025-03-16 13:01:00,10.0
LOG212268,W0029,Evening,2025-05-02 18:09:00,2025-05-03 03:09:00,9.0
LOG212269,W0227,Morning,2025-06-12 17:04:00,2025-06-13 03:04:00,10.0
LOG212270,W0033,Morning,2025-01-12 11:50:00,2025-01-12 18:50:00,7.0
LOG212271,W0380,Night,2025-06-19 20:16:00,2025-06-20 02:16:00,6.0
LOG212273,W0421,Evening,2025-03-31 08:41:00,2025-03-31 14:41:00,6.0
LOG212274,W0246,Evening,2025-05-18 05:57:00,2025-05-18 13:57:00,8.0
LOG212276,W0264,Morning,2025-05-14 11:35:00,2025-05-14 17:35:00,6.0
LOG212279,W0334,Evening,2025-02-02 14:26:00,2025-02-03 00:26:00,10.0
LOG212280,W0410,Night,2025-02-17 03:37:00,2025-02-17 13:37:00,10.0
LOG212281,W0212,Morning,2025-04-11 09:05:00,2025-04-11 19:05:00,10.0
LOG212282,W0251,Evening,2025-01-19 05:08:00,2025-01-19 15:08:00,10.0
LOG212283,W0383,Morning,2025-04-28 01:16:00,2025-04-28 10:16:00,9.0
LOG212284,W0278,Morning,2025-05-06 06:01:00,2025-05-06 14:01:00,8.0
LOG212285,W0343,Evening,2025-03-16 00:29:00,2025-03-16 10:29:00,10.0
LOG212286,W0382,Evening,2025-06-28 07:22:00,2025-06-28 17:22:00,10.0
LOG212288,W0403,Evening,2025-01-02 12:14:00,2025-01-02 22:14:00,10.0
LOG212290,W0325,Night,2025-03-05 23:06:00,2025-03-06 05:06:00,6.0
LOG212291,W0392,Morning,2025-02-17 10:17:00,2025-02-17 18:17:00,8.0
LOG212292,W0419,Night,2025-05-13 01:35:00,2025-05-13 10:35:00,9.0
LOG212293,W0396,Evening,2025-04-15 08:23:00,2025-04-15 15:23:00,7.0
LOG212294,W0418,Night,2025-05-24 19:47:00,2025-05-25 03:47:00,8.0
LOG212295,W0025,Morning,2025-03-16 10:08:00,2025-03-16 18:08:00,8.0
LOG212296,W0253,Night,2025-02-09 14:48:00,2025-02-09 20:48:00,6.0
LOG212297,W0252,Night,2025-05-02 10:20:00,2025-05-02 20:20:00,10.0
LOG212298,W0496,Night,2025-05-13 18:33:00,2025-05-14 01:33:00,7.0
LOG212299,W0203,Evening,2025-01-03 07:43:00,2025-01-03 14:43:00,7.0
LOG212301,W0095,Night,2025-06-04 10:25:00,2025-06-04 17:25:00,7.0
LOG212303,W0455,Evening,2025-01-16 19:33:00,2025-01-17 01:33:00,6.0
LOG212304,W0376,Morning,2025-03-30 03:00:00,2025-03-30 09:00:00,6.0
LOG212305,W0395,Night,2025-05-20 03:48:00,2025-05-20 09:48:00,6.0
LOG212306,W0446,Morning,2025-05-06 16:36:00,2025-05-07 00:36:00,8.0
LOG212307,W0295,Morning,2025-04-17 23:17:00,2025-04-18 08:17:00,9.0
LOG212308,W0437,Morning,2025-05-31 09:01:00,2025-05-31 15:01:00,6.0
LOG212309,W0315,Evening,2025-01-02 16:02:00,2025-01-02 22:02:00,6.0
LOG212311,W0067,Evening,2025-03-24 05:07:00,2025-03-24 13:07:00,8.0
LOG212312,W0228,Night,2025-06-22 10:07:00,2025-06-22 16:07:00,6.0
LOG212313,W0252,Night,2025-06-07 23:09:00,2025-06-08 07:09:00,8.0
LOG212314,W0206,Night,2025-05-13 10:06:00,2025-05-13 18:06:00,8.0
LOG212315,W0178,Evening,2025-02-11 19:55:00,2025-02-12 05:55:00,10.0
LOG212316,W0255,Night,2025-02-27 20:10:00,2025-02-28 04:10:00,8.0
LOG212317,W0262,Morning,2025-01-06 08:13:00,2025-01-06 17:13:00,9.0
LOG212319,W0093,Evening,2025-04-05 04:52:00,2025-04-05 13:52:00,9.0
LOG212320,W0494,Evening,2025-02-17 14:35:00,2025-02-17 21:35:00,7.0
LOG212321,W0293,Night,2025-02-18 04:53:00,2025-02-18 13:53:00,9.0
LOG212322,W0299,Night,2025-02-28 20:49:00,2025-03-01 05:49:00,9.0
LOG212323,W0412,Evening,2025-03-10 19:47:00,2025-03-11 03:47:00,8.0
LOG212325,W0192,Evening,2025-04-03 09:11:00,2025-04-03 18:11:00,9.0
LOG212326,W0150,Night,2025-03-19 18:42:00,2025-03-20 04:42:00,10.0
LOG212327,W0326,Night,2025-03-23 17:46:00,2025-03-24 02:46:00,9.0
LOG212328,W0448,Night,2025-04-11 16:39:00,2025-04-11 23:39:00,7.0
LOG212329,W0092,Evening,2025-05-29 09:42:00,2025-05-29 18:42:00,9.0
LOG212330,W0265,Night,2025-05-31 19:08:00,2025-06-01 02:08:00,7.0
LOG212333,W0251,Night,2025-06-09 13:33:00,2025-06-09 22:33:00,9.0
LOG212334,W0195,Night,2025-03-31 00:19:00,2025-03-31 10:19:00,10.0
LOG212335,W0426,Night,2025-05-23 19:02:00,2025-05-24 01:02:00,6.0
LOG212336,W0275,Evening,2025-06-20 16:24:00,2025-06-21 00:24:00,8.0
LOG212337,W0485,Night,2025-01-31 12:53:00,2025-01-31 21:53:00,9.0
LOG212339,W0290,Night,2025-02-24 22:38:00,2025-02-25 06:38:00,8.0
LOG212340,W0083,Morning,2025-03-03 05:42:00,2025-03-03 15:42:00,10.0
LOG212341,W0449,Evening,2025-02-21 13:36:00,2025-02-21 22:36:00,9.0
LOG212343,W0358,Evening,2025-04-06 01:43:00,2025-04-06 09:43:00,8.0
LOG212344,W0260,Night,2025-01-24 03:10:00,2025-01-24 11:10:00,8.0
LOG212345,W0324,Morning,2025-04-29 18:27:00,2025-04-30 00:27:00,6.0
LOG212346,W0462,Night,2025-05-15 02:52:00,2025-05-15 09:52:00,7.0
LOG212347,W0188,Evening,2025-02-15 22:32:00,2025-02-16 05:32:00,7.0
LOG212348,W0307,Night,2025-06-04 11:03:00,2025-06-04 20:03:00,9.0
LOG212349,W0474,Morning,2025-06-25 23:11:00,2025-06-26 08:11:00,9.0
LOG212351,W0468,Morning,2025-06-03 12:50:00,2025-06-03 21:50:00,9.0
LOG212352,W0204,Evening,2025-01-19 14:05:00,2025-01-19 20:05:00,6.0
LOG212353,W0118,Night,2025-05-07 09:28:00,2025-05-07 16:28:00,7.0
LOG212354,W0385,Night,2025-02-05 09:38:00,2025-02-05 19:38:00,10.0
LOG212355,W0416,Morning,2025-06-27 03:56:00,2025-06-27 09:56:00,6.0
LOG212356,W0049,Evening,2025-02-10 11:43:00,2025-02-10 18:43:00,7.0
LOG212357,W0182,Morning,2025-05-31 04:57:00,2025-05-31 10:57:00,6.0
LOG212359,W0045,Night,2025-01-21 14:33:00,2025-01-21 20:33:00,6.0
LOG212360,W0225,Morning,2025-01-22 15:52:00,2025-01-23 01:52:00,10.0
LOG212362,W0434,Morning,2025-05-13 04:58:00,2025-05-13 14:58:00,10.0
LOG212363,W0392,Night,2025-06-02 04:27:00,2025-06-02 11:27:00,7.0
LOG212364,W0155,Night,2025-06-15 01:52:00,2025-06-15 09:52:00,8.0
LOG212365,W0052,Night,2025-04-21 13:34:00,2025-04-21 19:34:00,6.0
LOG212366,W0194,Morning,2025-05-12 00:17:00,2025-05-12 07:17:00,7.0
LOG212371,W0487,Morning,2025-05-05 02:29:00,2025-05-05 08:29:00,6.0
LOG212375,W0013,Evening,2025-02-08 13:38:00,2025-02-08 23:38:00,10.0
LOG212376,W0126,Evening,2025-06-25 16:25:00,2025-06-25 23:25:00,7.0
LOG212378,W0044,Morning,2025-04-28 23:37:00,2025-04-29 09:37:00,10.0
LOG212382,W0391,Night,2025-06-07 22:34:00,2025-06-08 04:34:00,6.0
LOG212384,W0073,Night,2025-03-01 16:00:00,2025-03-01 22:00:00,6.0
LOG212385,W0066,Morning,2025-05-11 01:52:00,2025-05-11 10:52:00,9.0
LOG212386,W0139,Night,2025-03-25 01:36:00,2025-03-25 08:36:00,7.0
LOG212387,W0207,Morning,2025-01-11 20:56:00,2025-01-12 05:56:00,9.0
LOG212388,W0319,Night,2025-04-28 23:10:00,2025-04-29 07:10:00,8.0
LOG212389,W0297,Morning,2025-06-29 00:48:00,2025-06-29 09:48:00,9.0
LOG212390,W0393,Night,2025-06-16 12:02:00,2025-06-16 20:02:00,8.0
LOG212391,W0222,Night,2025-03-25 07:16:00,2025-03-25 16:16:00,9.0
LOG212393,W0068,Morning,2025-01-21 08:09:00,2025-01-21 14:09:00,6.0
LOG212394,W0357,Morning,2025-03-22 23:30:00,2025-03-23 06:30:00,7.0
LOG212395,W0072,Night,2025-03-06 02:43:00,2025-03-06 11:43:00,9.0
LOG212398,W0283,Morning,2025-04-09 02:48:00,2025-04-09 10:48:00,8.0
LOG212399,W0216,Morning,2025-03-05 22:51:00,2025-03-06 08:51:00,10.0
LOG212400,W0068,Evening,2025-04-26 09:57:00,2025-04-26 17:57:00,8.0
LOG212402,W0024,Evening,2025-04-26 11:16:00,2025-04-26 17:16:00,6.0
LOG212403,W0233,Morning,2025-03-06 17:41:00,2025-03-07 00:41:00,7.0
LOG212404,W0466,Evening,2025-04-21 02:06:00,2025-04-21 09:06:00,7.0
LOG212405,W0250,Night,2025-06-29 10:45:00,2025-06-29 19:45:00,9.0
LOG212406,W0332,Night,2025-06-29 15:01:00,2025-06-29 23:01:00,8.0
LOG212407,W0254,Night,2025-02-02 04:12:00,2025-02-02 14:12:00,10.0
LOG212408,W0173,Evening,2025-06-29 11:45:00,2025-06-29 19:45:00,8.0
LOG212409,W0284,Morning,2025-05-14 21:38:00,2025-05-15 07:38:00,10.0
LOG212410,W0185,Evening,2025-01-05 11:15:00,2025-01-05 17:15:00,6.0
LOG212412,W0194,Night,2025-03-15 19:47:00,2025-03-16 01:47:00,6.0
LOG212413,W0309,Night,2025-05-13 08:25:00,2025-05-13 14:25:00,6.0
LOG212414,W0435,Night,2025-04-12 05:50:00,2025-04-12 14:50:00,9.0
LOG212415,W0396,Night,2025-02-10 08:48:00,2025-02-10 17:48:00,9.0
LOG212416,W0216,Evening,2025-04-24 16:09:00,2025-04-25 01:09:00,9.0
LOG212417,W0102,Night,2025-01-18 05:11:00,2025-01-18 14:11:00,9.0
LOG212419,W0343,Morning,2025-06-12 16:24:00,2025-06-13 01:24:00,9.0
LOG212420,W0290,Evening,2025-05-16 06:27:00,2025-05-16 12:27:00,6.0
LOG212421,W0475,Morning,2025-03-25 19:31:00,2025-03-26 02:31:00,7.0
LOG212424,W0486,Evening,2025-06-06 22:03:00,2025-06-07 08:03:00,10.0
LOG212427,W0193,Night,2025-05-02 20:58:00,2025-05-03 02:58:00,6.0
LOG212429,W0438,Morning,2025-06-11 14:07:00,2025-06-11 23:07:00,9.0
LOG212431,W0349,Evening,2025-04-28 05:26:00,2025-04-28 11:26:00,6.0
LOG212432,W0232,Evening,2025-06-02 19:55:00,2025-06-03 05:55:00,10.0
LOG212433,W0146,Evening,2025-02-11 12:28:00,2025-02-11 19:28:00,7.0
LOG212434,W0198,Morning,2025-06-07 07:22:00,2025-06-07 13:22:00,6.0
LOG212435,W0178,Morning,2025-05-30 18:25:00,2025-05-31 00:25:00,6.0
LOG212436,W0302,Night,2025-05-09 04:32:00,2025-05-09 14:32:00,10.0
LOG212437,W0031,Night,2025-04-15 00:34:00,2025-04-15 06:34:00,6.0
LOG212439,W0159,Night,2025-06-29 16:11:00,2025-06-29 22:11:00,6.0
LOG212440,W0273,Morning,2025-05-06 13:45:00,2025-05-06 20:45:00,7.0
LOG212441,W0443,Night,2025-06-19 00:17:00,2025-06-19 09:17:00,9.0
LOG212442,W0043,Night,2025-03-02 03:45:00,2025-03-02 12:45:00,9.0
LOG212443,W0038,Night,2025-04-23 00:11:00,2025-04-23 07:11:00,7.0
LOG212444,W0174,Evening,2025-02-28 06:54:00,2025-02-28 15:54:00,9.0
LOG212445,W0178,Morning,2025-02-09 06:59:00,2025-02-09 13:59:00,7.0
LOG212446,W0137,Night,2025-01-07 16:27:00,2025-01-08 00:27:00,8.0
LOG212447,W0127,Night,2025-02-02 21:08:00,2025-02-03 03:08:00,6.0
LOG212448,W0078,Night,2025-01-12 06:59:00,2025-01-12 15:59:00,9.0
LOG212449,W0468,Morning,2025-05-10 17:06:00,2025-05-11 02:06:00,9.0
LOG212450,W0053,Night,2025-02-17 00:08:00,2025-02-17 06:08:00,6.0
LOG212452,W0065,Evening,2025-03-25 11:40:00,2025-03-25 20:40:00,9.0
LOG212453,W0259,Night,2025-03-31 08:59:00,2025-03-31 16:59:00,8.0
LOG212454,W0140,Night,2025-03-23 08:05:00,2025-03-23 15:05:00,7.0
LOG212455,W0187,Night,2025-04-21 23:53:00,2025-04-22 08:53:00,9.0
LOG212456,W0078,Morning,2025-04-29 04:21:00,2025-04-29 10:21:00,6.0
LOG212457,W0057,Morning,2025-01-08 23:13:00,2025-01-09 05:13:00,6.0
LOG212458,W0354,Evening,2025-05-04 01:11:00,2025-05-04 10:11:00,9.0
LOG212459,W0013,Evening,2025-04-08 18:12:00,2025-04-09 03:12:00,9.0
LOG212460,W0352,Morning,2025-04-01 10:56:00,2025-04-01 20:56:00,10.0
LOG212461,W0281,Morning,2025-01-11 06:25:00,2025-01-11 15:25:00,9.0
LOG212462,W0031,Evening,2025-02-04 03:25:00,2025-02-04 13:25:00,10.0
LOG212463,W0013,Morning,2025-03-08 01:54:00,2025-03-08 08:54:00,7.0
LOG212465,W0455,Morning,2025-04-01 03:46:00,2025-04-01 13:46:00,10.0
LOG212466,W0090,Night,2025-06-20 10:04:00,2025-06-20 19:04:00,9.0
LOG212467,W0391,Morning,2025-04-29 10:49:00,2025-04-29 20:49:00,10.0
LOG212468,W0120,Evening,2025-01-31 14:30:00,2025-01-31 21:30:00,7.0
LOG212469,W0092,Evening,2025-03-07 11:41:00,2025-03-07 17:41:00,6.0
LOG212470,W0466,Morning,2025-06-18 12:14:00,2025-06-18 21:14:00,9.0
LOG212471,W0214,Morning,2025-04-06 20:07:00,2025-04-07 04:07:00,8.0
LOG212472,W0482,Evening,2025-01-15 01:44:00,2025-01-15 07:44:00,6.0
LOG212473,W0202,Night,2025-03-24 09:37:00,2025-03-24 18:37:00,9.0
LOG212474,W0322,Morning,2025-03-26 20:06:00,2025-03-27 05:06:00,9.0
LOG212475,W0146,Night,2025-03-16 01:31:00,2025-03-16 11:31:00,10.0
LOG212477,W0342,Evening,2025-01-29 11:52:00,2025-01-29 20:52:00,9.0
LOG212479,W0432,Evening,2025-03-23 00:00:00,2025-03-23 09:00:00,9.0
LOG212480,W0233,Night,2025-02-06 11:53:00,2025-02-06 20:53:00,9.0
LOG212481,W0058,Night,2025-05-20 20:17:00,2025-05-21 06:17:00,10.0
LOG212482,W0105,Morning,2025-01-08 03:22:00,2025-01-08 10:22:00,7.0
LOG212484,W0069,Evening,2025-04-15 13:16:00,2025-04-15 23:16:00,10.0
LOG212485,W0074,Night,2025-03-09 05:06:00,2025-03-09 15:06:00,10.0
LOG212486,W0098,Morning,2025-01-22 10:32:00,2025-01-22 18:32:00,8.0
LOG212487,W0443,Night,2025-01-31 19:07:00,2025-02-01 04:07:00,9.0
LOG212488,W0419,Night,2025-01-22 08:32:00,2025-01-22 18:32:00,10.0
LOG212489,W0400,Night,2025-04-10 03:13:00,2025-04-10 11:13:00,8.0
LOG212491,W0497,Evening,2025-01-20 18:43:00,2025-01-21 03:43:00,9.0
LOG212493,W0382,Evening,2025-01-04 16:21:00,2025-01-05 01:21:00,9.0
LOG212495,W0015,Morning,2025-03-07 05:15:00,2025-03-07 12:15:00,7.0
LOG212496,W0218,Night,2025-06-17 06:43:00,2025-06-17 16:43:00,10.0
LOG212497,W0368,Morning,2025-03-31 09:13:00,2025-03-31 19:13:00,10.0
LOG212501,W0024,Night,2025-04-24 12:02:00,2025-04-24 20:02:00,8.0
LOG212503,W0347,Evening,2025-03-20 17:46:00,2025-03-20 23:46:00,6.0
LOG212505,W0415,Evening,2025-05-15 16:10:00,2025-05-16 01:10:00,9.0
LOG212506,W0249,Night,2025-01-01 01:30:00,2025-01-01 11:30:00,10.0
LOG212507,W0076,Morning,2025-04-03 21:38:00,2025-04-04 06:38:00,9.0
LOG212511,W0040,Night,2025-01-28 11:22:00,2025-01-28 18:22:00,7.0
LOG212512,W0287,Evening,2025-04-01 19:47:00,2025-04-02 02:47:00,7.0
LOG212513,W0266,Evening,2025-04-23 19:03:00,2025-04-24 03:03:00,8.0
LOG212514,W0027,Evening,2025-05-20 06:48:00,2025-05-20 15:48:00,9.0
LOG212515,W0130,Evening,2025-02-27 12:54:00,2025-02-27 20:54:00,8.0
LOG212517,W0348,Night,2025-06-05 22:19:00,2025-06-06 05:19:00,7.0
LOG212518,W0168,Night,2025-06-10 23:20:00,2025-06-11 08:20:00,9.0
LOG212519,W0407,Evening,2025-01-18 04:53:00,2025-01-18 10:53:00,6.0
LOG212522,W0063,Night,2025-04-27 12:43:00,2025-04-27 19:43:00,7.0
LOG212523,W0135,Morning,2025-03-13 20:49:00,2025-03-14 02:49:00,6.0
LOG212525,W0343,Night,2025-06-10 07:43:00,2025-06-10 17:43:00,10.0
LOG212526,W0038,Evening,2025-03-08 04:47:00,2025-03-08 12:47:00,8.0
LOG212527,W0350,Evening,2025-03-04 13:24:00,2025-03-04 23:24:00,10.0
LOG212528,W0122,Evening,2025-04-24 13:30:00,2025-04-24 20:30:00,7.0
LOG212529,W0164,Night,2025-04-12 20:56:00,2025-04-13 04:56:00,8.0
LOG212530,W0208,Evening,2025-01-24 10:58:00,2025-01-24 17:58:00,7.0
LOG212531,W0106,Evening,2025-04-14 04:29:00,2025-04-14 13:29:00,9.0
LOG212533,W0072,Morning,2025-04-20 12:45:00,2025-04-20 22:45:00,10.0
LOG212535,W0376,Evening,2025-06-26 10:05:00,2025-06-26 18:05:00,8.0
LOG212536,W0221,Night,2025-03-01 20:20:00,2025-03-02 03:20:00,7.0
LOG212537,W0238,Evening,2025-01-23 11:34:00,2025-01-23 19:34:00,8.0
LOG212538,W0492,Night,2025-04-28 03:46:00,2025-04-28 09:46:00,6.0
LOG212539,W0062,Night,2025-05-15 19:48:00,2025-05-16 01:48:00,6.0
LOG212540,W0370,Morning,2025-02-28 11:50:00,2025-02-28 17:50:00,6.0
LOG212541,W0004,Night,2025-06-15 14:35:00,2025-06-15 23:35:00,9.0
LOG212542,W0007,Morning,2025-04-30 22:05:00,2025-05-01 04:05:00,6.0
LOG212543,W0256,Night,2025-05-24 05:12:00,2025-05-24 11:12:00,6.0
LOG212544,W0401,Night,2025-02-12 05:41:00,2025-02-12 11:41:00,6.0
LOG212545,W0137,Night,2025-05-11 11:53:00,2025-05-11 17:53:00,6.0
LOG212547,W0217,Night,2025-03-12 17:20:00,2025-03-13 02:20:00,9.0
LOG212548,W0146,Evening,2025-01-17 17:25:00,2025-01-17 23:25:00,6.0
LOG212549,W0226,Morning,2025-03-25 08:38:00,2025-03-25 17:38:00,9.0
LOG212550,W0050,Evening,2025-03-08 07:32:00,2025-03-08 15:32:00,8.0
LOG212551,W0265,Night,2025-05-16 02:33:00,2025-05-16 08:33:00,6.0
LOG212555,W0289,Night,2025-06-01 13:31:00,2025-06-01 22:31:00,9.0
LOG212558,W0385,Evening,2025-04-11 19:32:00,2025-04-12 02:32:00,7.0
LOG212561,W0365,Night,2025-06-25 09:18:00,2025-06-25 19:18:00,10.0
LOG212563,W0046,Evening,2025-04-17 09:42:00,2025-04-17 19:42:00,10.0
LOG212566,W0317,Evening,2025-04-06 12:31:00,2025-04-06 21:31:00,9.0
LOG212567,W0155,Evening,2025-01-07 05:05:00,2025-01-07 14:05:00,9.0
LOG212571,W0163,Morning,2025-03-21 17:44:00,2025-03-22 02:44:00,9.0
LOG212572,W0363,Evening,2025-06-15 18:26:00,2025-06-16 03:26:00,9.0
LOG212573,W0467,Night,2025-01-26 07:37:00,2025-01-26 17:37:00,10.0
LOG212574,W0258,Morning,2025-05-11 20:41:00,2025-05-12 03:41:00,7.0
LOG212575,W0299,Night,2025-02-13 16:41:00,2025-02-14 00:41:00,8.0
LOG212576,W0361,Night,2025-01-29 08:58:00,2025-01-29 15:58:00,7.0
LOG212577,W0210,Morning,2025-05-08 05:20:00,2025-05-08 14:20:00,9.0
LOG212578,W0125,Morning,2025-05-18 05:05:00,2025-05-18 14:05:00,9.0
LOG212580,W0308,Night,2025-05-12 12:47:00,2025-05-12 20:47:00,8.0
LOG212581,W0206,Night,2025-05-03 19:43:00,2025-05-04 05:43:00,10.0
LOG212582,W0246,Morning,2025-03-02 07:54:00,2025-03-02 13:54:00,6.0
LOG212585,W0399,Night,2025-06-23 06:10:00,2025-06-23 15:10:00,9.0
LOG212587,W0233,Night,2025-05-27 19:51:00,2025-05-28 03:51:00,8.0
LOG212591,W0347,Evening,2025-04-15 19:52:00,2025-04-16 04:52:00,9.0
LOG212592,W0384,Night,2025-03-23 18:16:00,2025-03-24 04:16:00,10.0
LOG212594,W0374,Morning,2025-02-19 02:48:00,2025-02-19 12:48:00,10.0
LOG212596,W0228,Night,2025-03-23 11:34:00,2025-03-23 18:34:00,7.0
LOG212597,W0101,Evening,2025-03-12 01:27:00,2025-03-12 09:27:00,8.0
LOG212599,W0497,Night,2025-06-06 04:02:00,2025-06-06 14:02:00,10.0
LOG212600,W0117,Night,2025-01-28 01:12:00,2025-01-28 08:12:00,7.0
LOG212601,W0222,Morning,2025-06-14 04:10:00,2025-06-14 13:10:00,9.0
LOG212602,W0032,Evening,2025-02-05 21:55:00,2025-02-06 07:55:00,10.0
LOG212603,W0205,Evening,2025-05-11 17:32:00,2025-05-12 00:32:00,7.0
LOG212605,W0367,Morning,2025-02-10 00:53:00,2025-02-10 06:53:00,6.0
LOG212606,W0346,Evening,2025-06-19 19:29:00,2025-06-20 03:29:00,8.0
LOG212607,W0473,Evening,2025-04-07 15:33:00,2025-04-07 22:33:00,7.0
LOG212608,W0144,Night,2025-05-02 15:40:00,2025-05-03 00:40:00,9.0
LOG212610,W0458,Night,2025-05-11 23:59:00,2025-05-12 05:59:00,6.0
LOG212611,W0294,Evening,2025-06-04 14:21:00,2025-06-04 23:21:00,9.0
LOG212612,W0001,Night,2025-03-14 02:48:00,2025-03-14 08:48:00,6.0
LOG212613,W0449,Night,2025-06-05 03:50:00,2025-06-05 09:50:00,6.0
LOG212616,W0222,Night,2025-02-19 18:47:00,2025-02-20 03:47:00,9.0
LOG212617,W0247,Evening,2025-05-07 06:16:00,2025-05-07 12:16:00,6.0
LOG212618,W0076,Evening,2025-03-11 06:56:00,2025-03-11 13:56:00,7.0
LOG212621,W0286,Evening,2025-06-05 09:16:00,2025-06-05 16:16:00,7.0
LOG212622,W0176,Morning,2025-05-31 03:39:00,2025-05-31 09:39:00,6.0
LOG212623,W0050,Night,2025-04-12 15:07:00,2025-04-12 22:07:00,7.0
LOG212624,W0114,Night,2025-03-04 21:09:00,2025-03-05 06:09:00,9.0
LOG212625,W0040,Night,2025-04-02 09:13:00,2025-04-02 16:13:00,7.0
LOG212627,W0381,Evening,2025-04-12 06:11:00,2025-04-12 13:11:00,7.0
LOG212628,W0236,Evening,2025-06-19 03:12:00,2025-06-19 11:12:00,8.0
LOG212630,W0416,Night,2025-03-22 03:37:00,2025-03-22 12:37:00,9.0
LOG212631,W0174,Night,2025-02-05 23:23:00,2025-02-06 07:23:00,8.0
LOG212632,W0448,Night,2025-04-08 19:23:00,2025-04-09 02:23:00,7.0
LOG212633,W0456,Evening,2025-03-17 22:45:00,2025-03-18 07:45:00,9.0
LOG212634,W0390,Evening,2025-03-30 08:17:00,2025-03-30 15:17:00,7.0
LOG212635,W0206,Night,2025-05-09 23:28:00,2025-05-10 08:28:00,9.0
LOG212636,W0217,Morning,2025-01-07 02:04:00,2025-01-07 12:04:00,10.0
LOG212639,W0381,Morning,2025-04-10 19:09:00,2025-04-11 01:09:00,6.0
LOG212640,W0333,Evening,2025-01-11 11:15:00,2025-01-11 20:15:00,9.0
LOG212641,W0287,Night,2025-04-03 03:38:00,2025-04-03 10:38:00,7.0
LOG212642,W0104,Evening,2025-03-31 01:20:00,2025-03-31 08:20:00,7.0
LOG212643,W0363,Night,2025-03-14 10:31:00,2025-03-14 19:31:00,9.0
LOG212644,W0199,Evening,2025-04-26 07:20:00,2025-04-26 17:20:00,10.0
LOG212645,W0069,Evening,2025-05-09 13:40:00,2025-05-09 19:40:00,6.0
LOG212646,W0499,Night,2025-04-09 17:16:00,2025-04-09 23:16:00,6.0
LOG212647,W0016,Evening,2025-04-12 10:50:00,2025-04-12 18:50:00,8.0
LOG212648,W0247,Morning,2025-04-04 17:40:00,2025-04-04 23:40:00,6.0
LOG212649,W0216,Night,2025-03-22 23:04:00,2025-03-23 08:04:00,9.0
LOG212650,W0235,Night,2025-04-29 08:56:00,2025-04-29 14:56:00,6.0
LOG212652,W0460,Morning,2025-05-03 15:38:00,2025-05-03 22:38:00,7.0
LOG212653,W0480,Evening,2025-04-29 23:38:00,2025-04-30 06:38:00,7.0
LOG212654,W0239,Evening,2025-06-08 12:28:00,2025-06-08 18:28:00,6.0
LOG212655,W0119,Night,2025-02-01 07:54:00,2025-02-01 15:54:00,8.0
LOG212656,W0492,Morning,2025-05-25 12:58:00,2025-05-25 20:58:00,8.0
LOG212657,W0332,Morning,2025-06-24 20:05:00,2025-06-25 04:05:00,8.0
LOG212659,W0353,Morning,2025-04-10 14:32:00,2025-04-11 00:32:00,10.0
LOG212660,W0265,Night,2025-05-16 00:17:00,2025-05-16 10:17:00,10.0
LOG212662,W0009,Night,2025-04-26 06:46:00,2025-04-26 16:46:00,10.0
LOG212663,W0469,Night,2025-06-16 07:53:00,2025-06-16 15:53:00,8.0
LOG212667,W0307,Morning,2025-01-04 00:57:00,2025-01-04 08:57:00,8.0
LOG212668,W0273,Evening,2025-05-17 13:03:00,2025-05-17 21:03:00,8.0
LOG212670,W0178,Night,2025-05-29 16:18:00,2025-05-30 00:18:00,8.0
LOG212671,W0349,Night,2025-02-27 10:11:00,2025-02-27 19:11:00,9.0
LOG212672,W0104,Evening,2025-04-08 21:24:00,2025-04-09 05:24:00,8.0
LOG212673,W0040,Morning,2025-01-06 07:22:00,2025-01-06 14:22:00,7.0
LOG212674,W0277,Evening,2025-01-24 04:09:00,2025-01-24 10:09:00,6.0
LOG212675,W0060,Night,2025-03-22 14:07:00,2025-03-22 22:07:00,8.0
LOG212676,W0015,Night,2025-02-05 21:00:00,2025-02-06 04:00:00,7.0
LOG212677,W0329,Evening,2025-04-06 12:26:00,2025-04-06 21:26:00,9.0
LOG212678,W0140,Night,2025-02-21 01:46:00,2025-02-21 10:46:00,9.0
LOG212679,W0422,Night,2025-03-15 18:50:00,2025-03-16 01:50:00,7.0
LOG212680,W0277,Morning,2025-05-11 18:31:00,2025-05-12 00:31:00,6.0
LOG212681,W0085,Night,2025-03-14 04:59:00,2025-03-14 14:59:00,10.0
LOG212682,W0084,Night,2025-01-09 20:55:00,2025-01-10 03:55:00,7.0
LOG212683,W0302,Night,2025-01-04 09:25:00,2025-01-04 15:25:00,6.0
LOG212684,W0461,Evening,2025-03-19 16:07:00,2025-03-20 01:07:00,9.0
LOG212685,W0468,Night,2025-01-19 16:07:00,2025-01-20 00:07:00,8.0
LOG212686,W0040,Night,2025-06-26 01:09:00,2025-06-26 11:09:00,10.0
LOG212687,W0328,Evening,2025-04-20 02:10:00,2025-04-20 08:10:00,6.0
LOG212688,W0454,Morning,2025-04-14 05:14:00,2025-04-14 13:14:00,8.0
LOG212691,W0339,Night,2025-03-23 10:06:00,2025-03-23 18:06:00,8.0
LOG212692,W0070,Night,2025-05-10 13:37:00,2025-05-10 19:37:00,6.0
LOG212693,W0388,Night,2025-06-12 00:34:00,2025-06-12 08:34:00,8.0
LOG212694,W0479,Morning,2025-01-10 22:22:00,2025-01-11 07:22:00,9.0
LOG212695,W0045,Morning,2025-03-11 20:42:00,2025-03-12 02:42:00,6.0
LOG212696,W0309,Evening,2025-03-25 22:10:00,2025-03-26 08:10:00,10.0
LOG212698,W0080,Night,2025-02-07 05:12:00,2025-02-07 11:12:00,6.0
LOG212699,W0493,Night,2025-03-18 06:04:00,2025-03-18 16:04:00,10.0
LOG212701,W0055,Night,2025-06-18 07:34:00,2025-06-18 14:34:00,7.0
LOG212702,W0467,Morning,2025-01-06 07:15:00,2025-01-06 17:15:00,10.0
LOG212703,W0185,Morning,2025-04-20 11:12:00,2025-04-20 18:12:00,7.0
LOG212705,W0331,Night,2025-03-13 13:02:00,2025-03-13 22:02:00,9.0
LOG212706,W0028,Night,2025-02-03 16:30:00,2025-02-04 01:30:00,9.0
LOG212707,W0029,Morning,2025-02-25 17:28:00,2025-02-25 23:28:00,6.0
LOG212711,W0253,Morning,2025-02-26 09:07:00,2025-02-26 19:07:00,10.0
LOG212712,W0375,Night,2025-05-30 04:19:00,2025-05-30 14:19:00,10.0
LOG212714,W0120,Evening,2025-05-07 01:26:00,2025-05-07 09:26:00,8.0
LOG212715,W0049,Night,2025-06-22 21:22:00,2025-06-23 03:22:00,6.0
LOG212716,W0430,Morning,2025-05-21 11:18:00,2025-05-21 19:18:00,8.0
LOG212717,W0134,Morning,2025-05-04 07:26:00,2025-05-04 15:26:00,8.0
LOG212719,W0137,Night,2025-05-01 20:17:00,2025-05-02 05:17:00,9.0
LOG212720,W0337,Morning,2025-02-15 08:09:00,2025-02-15 15:09:00,7.0
LOG212721,W0217,Night,2025-03-11 15:27:00,2025-03-12 01:27:00,10.0
LOG212722,W0250,Morning,2025-01-23 16:41:00,2025-01-24 00:41:00,8.0
LOG212724,W0231,Night,2025-01-22 20:45:00,2025-01-23 03:45:00,7.0
LOG212725,W0064,Evening,2025-01-07 14:18:00,2025-01-07 23:18:00,9.0
LOG212726,W0351,Evening,2025-03-21 08:21:00,2025-03-21 16:21:00,8.0
LOG212729,W0458,Evening,2025-04-20 23:19:00,2025-04-21 08:19:00,9.0
LOG212730,W0351,Night,2025-01-22 05:03:00,2025-01-22 12:03:00,7.0
LOG212734,W0416,Morning,2025-06-18 03:52:00,2025-06-18 13:52:00,10.0
LOG212735,W0444,Evening,2025-06-27 10:08:00,2025-06-27 18:08:00,8.0
LOG212736,W0390,Morning,2025-06-05 01:10:00,2025-06-05 08:10:00,7.0
LOG212737,W0075,Morning,2025-05-27 19:11:00,2025-05-28 03:11:00,8.0
LOG212738,W0019,Morning,2025-01-08 21:25:00,2025-01-09 05:25:00,8.0
LOG212740,W0192,Evening,2025-05-29 19:53:00,2025-05-30 04:53:00,9.0
LOG212741,W0004,Evening,2025-02-24 16:38:00,2025-02-24 23:38:00,7.0
LOG212742,W0276,Night,2025-06-23 13:14:00,2025-06-23 19:14:00,6.0
LOG212743,W0439,Evening,2025-03-15 16:42:00,2025-03-15 23:42:00,7.0
LOG212744,W0290,Evening,2025-05-09 16:43:00,2025-05-09 22:43:00,6.0
LOG212748,W0082,Night,2025-05-03 18:47:00,2025-05-04 03:47:00,9.0
LOG212750,W0319,Night,2025-04-13 00:02:00,2025-04-13 07:02:00,7.0
LOG212751,W0177,Evening,2025-05-29 23:47:00,2025-05-30 07:47:00,8.0
LOG212752,W0398,Night,2025-06-15 23:42:00,2025-06-16 08:42:00,9.0
LOG212753,W0473,Night,2025-06-25 18:13:00,2025-06-26 03:13:00,9.0
LOG212754,W0033,Evening,2025-03-31 18:02:00,2025-04-01 02:02:00,8.0
LOG212755,W0071,Evening,2025-03-17 06:02:00,2025-03-17 13:02:00,7.0
LOG212756,W0484,Morning,2025-01-21 04:25:00,2025-01-21 13:25:00,9.0
LOG212757,W0008,Night,2025-01-26 10:35:00,2025-01-26 20:35:00,10.0
LOG212758,W0203,Night,2025-03-03 23:05:00,2025-03-04 06:05:00,7.0
LOG212759,W0174,Evening,2025-04-10 16:52:00,2025-04-11 00:52:00,8.0
LOG212760,W0216,Morning,2025-05-17 17:49:00,2025-05-17 23:49:00,6.0
LOG212761,W0405,Evening,2025-06-07 05:45:00,2025-06-07 11:45:00,6.0
LOG212762,W0239,Morning,2025-06-21 04:47:00,2025-06-21 13:47:00,9.0
LOG212763,W0438,Evening,2025-02-05 13:55:00,2025-02-05 22:55:00,9.0
LOG212764,W0198,Night,2025-02-11 17:55:00,2025-02-12 01:55:00,8.0
LOG212765,W0014,Night,2025-05-27 07:37:00,2025-05-27 15:37:00,8.0
LOG212766,W0310,Evening,2025-05-18 05:00:00,2025-05-18 11:00:00,6.0
LOG212767,W0272,Evening,2025-05-22 07:23:00,2025-05-22 14:23:00,7.0
LOG212768,W0116,Evening,2025-05-24 09:31:00,2025-05-24 16:31:00,7.0
LOG212771,W0500,Night,2025-05-17 18:33:00,2025-05-18 04:33:00,10.0
LOG212772,W0470,Morning,2025-04-21 16:02:00,2025-04-21 23:02:00,7.0
LOG212773,W0429,Evening,2025-05-11 13:20:00,2025-05-11 19:20:00,6.0
LOG212775,W0324,Night,2025-03-21 05:42:00,2025-03-21 13:42:00,8.0
LOG212776,W0329,Night,2025-04-28 22:50:00,2025-04-29 05:50:00,7.0
LOG212777,W0344,Night,2025-04-29 20:15:00,2025-04-30 02:15:00,6.0
LOG212779,W0287,Morning,2025-02-16 02:02:00,2025-02-16 11:02:00,9.0
LOG212780,W0085,Evening,2025-05-31 15:34:00,2025-05-31 22:34:00,7.0
LOG212781,W0230,Morning,2025-02-03 16:21:00,2025-02-03 22:21:00,6.0
LOG212782,W0487,Night,2025-04-16 12:31:00,2025-04-16 20:31:00,8.0
LOG212785,W0310,Night,2025-04-06 11:46:00,2025-04-06 19:46:00,8.0
LOG212787,W0460,Night,2025-06-28 23:19:00,2025-06-29 05:19:00,6.0
LOG212788,W0265,Morning,2025-06-23 22:56:00,2025-06-24 07:56:00,9.0
LOG212789,W0474,Evening,2025-04-26 20:39:00,2025-04-27 05:39:00,9.0
LOG212790,W0087,Night,2025-03-12 11:22:00,2025-03-12 19:22:00,8.0
LOG212792,W0061,Night,2025-02-08 13:39:00,2025-02-08 19:39:00,6.0
LOG212793,W0173,Morning,2025-03-02 20:44:00,2025-03-03 03:44:00,7.0
LOG212794,W0137,Night,2025-02-16 23:36:00,2025-02-17 06:36:00,7.0
LOG212798,W0344,Evening,2025-02-10 17:35:00,2025-02-11 01:35:00,8.0
LOG212799,W0080,Morning,2025-04-12 11:48:00,2025-04-12 20:48:00,9.0
LOG212800,W0444,Night,2025-01-18 17:01:00,2025-01-18 23:01:00,6.0
LOG212801,W0135,Evening,2025-01-26 22:20:00,2025-01-27 07:20:00,9.0
LOG212805,W0315,Morning,2025-05-25 14:07:00,2025-05-25 23:07:00,9.0
LOG212806,W0251,Night,2025-04-19 06:58:00,2025-04-19 16:58:00,10.0
LOG212808,W0211,Night,2025-03-16 03:22:00,2025-03-16 13:22:00,10.0
LOG212810,W0035,Night,2025-06-06 09:34:00,2025-06-06 15:34:00,6.0
LOG212812,W0027,Night,2025-04-19 04:55:00,2025-04-19 10:55:00,6.0
LOG212813,W0246,Morning,2025-01-09 17:59:00,2025-01-10 02:59:00,9.0
LOG212814,W0187,Night,2025-05-19 16:20:00,2025-05-20 01:20:00,9.0
LOG212815,W0331,Night,2025-02-20 17:30:00,2025-02-21 03:30:00,10.0
LOG212820,W0048,Night,2025-03-15 02:21:00,2025-03-15 10:21:00,8.0
LOG212824,W0438,Night,2025-06-29 13:47:00,2025-06-29 23:47:00,10.0
LOG212825,W0405,Morning,2025-04-06 17:58:00,2025-04-07 03:58:00,10.0
LOG212826,W0002,Night,2025-02-12 10:36:00,2025-02-12 17:36:00,7.0
LOG212827,W0028,Morning,2025-02-03 08:21:00,2025-02-03 14:21:00,6.0
LOG212829,W0004,Night,2025-05-23 06:38:00,2025-05-23 13:38:00,7.0
LOG212830,W0063,Evening,2025-02-06 20:18:00,2025-02-07 02:18:00,6.0
LOG212831,W0136,Evening,2025-02-11 22:33:00,2025-02-12 04:33:00,6.0
LOG212832,W0367,Evening,2025-05-21 16:48:00,2025-05-22 02:48:00,10.0
LOG212833,W0239,Night,2025-04-05 19:04:00,2025-04-06 05:04:00,10.0
LOG212834,W0482,Night,2025-05-23 18:10:00,2025-05-24 04:10:00,10.0
LOG212836,W0098,Night,2025-01-09 00:20:00,2025-01-09 10:20:00,10.0
LOG212840,W0220,Evening,2025-04-16 00:03:00,2025-04-16 06:03:00,6.0
LOG212841,W0162,Evening,2025-02-09 19:00:00,2025-02-10 01:00:00,6.0
LOG212842,W0464,Morning,2025-02-10 17:36:00,2025-02-11 02:36:00,9.0
LOG212844,W0328,Night,2025-05-01 06:05:00,2025-05-01 13:05:00,7.0
LOG212845,W0219,Night,2025-02-27 20:51:00,2025-02-28 06:51:00,10.0
LOG212846,W0477,Night,2025-01-26 21:52:00,2025-01-27 03:52:00,6.0
LOG212847,W0046,Night,2025-03-05 01:41:00,2025-03-05 07:41:00,6.0
LOG212848,W0385,Night,2025-06-29 16:18:00,2025-06-30 01:18:00,9.0
LOG212849,W0455,Morning,2025-02-09 12:16:00,2025-02-09 22:16:00,10.0
LOG212850,W0319,Evening,2025-01-30 17:05:00,2025-01-31 01:05:00,8.0
LOG212851,W0215,Evening,2025-03-25 03:50:00,2025-03-25 10:50:00,7.0
LOG212852,W0178,Night,2025-05-11 09:56:00,2025-05-11 19:56:00,10.0
LOG212853,W0472,Night,2025-04-02 00:02:00,2025-04-02 07:02:00,7.0
LOG212854,W0088,Morning,2025-03-20 13:31:00,2025-03-20 23:31:00,10.0
LOG212855,W0090,Night,2025-03-02 15:03:00,2025-03-02 21:03:00,6.0
LOG212857,W0442,Night,2025-05-30 17:25:00,2025-05-31 03:25:00,10.0
LOG212858,W0265,Night,2025-06-16 00:57:00,2025-06-16 06:57:00,6.0
LOG212859,W0103,Morning,2025-03-09 05:05:00,2025-03-09 13:05:00,8.0
LOG212860,W0465,Evening,2025-05-30 22:06:00,2025-05-31 05:06:00,7.0
LOG212861,W0185,Morning,2025-04-14 19:07:00,2025-04-15 01:07:00,6.0
LOG212862,W0449,Morning,2025-03-14 02:01:00,2025-03-14 10:01:00,8.0
LOG212863,W0419,Night,2025-03-20 14:11:00,2025-03-20 20:11:00,6.0
LOG212864,W0213,Night,2025-04-27 19:29:00,2025-04-28 01:29:00,6.0
LOG212865,W0021,Morning,2025-01-29 10:34:00,2025-01-29 16:34:00,6.0
LOG212866,W0365,Evening,2025-03-10 21:41:00,2025-03-11 07:41:00,10.0
LOG212868,W0246,Night,2025-03-26 17:10:00,2025-03-26 23:10:00,6.0
LOG212869,W0456,Morning,2025-06-05 13:48:00,2025-06-05 19:48:00,6.0
LOG212871,W0340,Night,2025-03-05 22:08:00,2025-03-06 06:08:00,8.0
LOG212874,W0141,Night,2025-01-13 21:49:00,2025-01-14 06:49:00,9.0
LOG212875,W0159,Evening,2025-05-31 06:33:00,2025-05-31 13:33:00,7.0
LOG212876,W0068,Night,2025-02-27 09:32:00,2025-02-27 19:32:00,10.0
LOG212877,W0433,Morning,2025-06-29 17:09:00,2025-06-30 00:09:00,7.0
LOG212878,W0228,Morning,2025-05-05 00:33:00,2025-05-05 06:33:00,6.0
LOG212879,W0154,Evening,2025-05-08 00:31:00,2025-05-08 07:31:00,7.0
LOG212880,W0032,Night,2025-02-27 15:20:00,2025-02-28 00:20:00,9.0
LOG212882,W0029,Evening,2025-02-13 09:01:00,2025-02-13 15:01:00,6.0
LOG212883,W0113,Night,2025-03-16 19:06:00,2025-03-17 03:06:00,8.0
LOG212884,W0095,Morning,2025-06-11 09:34:00,2025-06-11 19:34:00,10.0
LOG212886,W0219,Morning,2025-03-14 10:57:00,2025-03-14 17:57:00,7.0
LOG212888,W0457,Night,2025-02-12 14:01:00,2025-02-13 00:01:00,10.0
LOG212889,W0247,Morning,2025-05-14 18:31:00,2025-05-15 02:31:00,8.0
LOG212890,W0445,Morning,2025-01-16 01:16:00,2025-01-16 08:16:00,7.0
LOG212891,W0486,Night,2025-01-11 23:05:00,2025-01-12 08:05:00,9.0
LOG212892,W0462,Morning,2025-06-03 10:59:00,2025-06-03 20:59:00,10.0
LOG212893,W0026,Morning,2025-05-20 10:06:00,2025-05-20 19:06:00,9.0
LOG212894,W0013,Night,2025-02-04 17:38:00,2025-02-05 01:38:00,8.0
LOG212895,W0185,Morning,2025-06-28 17:03:00,2025-06-28 23:03:00,6.0
LOG212896,W0469,Evening,2025-02-26 01:16:00,2025-02-26 10:16:00,9.0
LOG212897,W0308,Morning,2025-06-14 06:11:00,2025-06-14 14:11:00,8.0
LOG212901,W0102,Morning,2025-03-08 18:59:00,2025-03-09 00:59:00,6.0
LOG212902,W0223,Morning,2025-02-26 12:53:00,2025-02-26 18:53:00,6.0
LOG212904,W0230,Night,2025-06-10 19:42:00,2025-06-11 05:42:00,10.0
LOG212907,W0163,Night,2025-05-12 13:35:00,2025-05-12 22:35:00,9.0
LOG212908,W0336,Night,2025-05-16 00:29:00,2025-05-16 09:29:00,9.0
LOG212910,W0324,Morning,2025-04-01 04:49:00,2025-04-01 13:49:00,9.0
LOG212913,W0193,Night,2025-03-17 19:00:00,2025-03-18 03:00:00,8.0
LOG212915,W0278,Morning,2025-04-05 02:18:00,2025-04-05 11:18:00,9.0
LOG212916,W0223,Morning,2025-01-05 11:23:00,2025-01-05 18:23:00,7.0
LOG212917,W0374,Morning,2025-05-05 11:36:00,2025-05-05 18:36:00,7.0
LOG212918,W0061,Morning,2025-04-21 02:44:00,2025-04-21 12:44:00,10.0
LOG212919,W0292,Night,2025-04-25 12:40:00,2025-04-25 19:40:00,7.0
LOG212920,W0309,Night,2025-04-09 03:41:00,2025-04-09 12:41:00,9.0
LOG212922,W0065,Evening,2025-01-02 05:02:00,2025-01-02 15:02:00,10.0
LOG212923,W0095,Morning,2025-02-23 22:40:00,2025-02-24 06:40:00,8.0
LOG212925,W0500,Night,2025-06-20 20:18:00,2025-06-21 03:18:00,7.0
LOG212928,W0126,Night,2025-02-03 19:05:00,2025-02-04 02:05:00,7.0
LOG212929,W0377,Night,2025-02-01 09:58:00,2025-02-01 16:58:00,7.0
LOG212931,W0433,Night,2025-05-11 22:02:00,2025-05-12 04:02:00,6.0
LOG212932,W0032,Evening,2025-05-13 05:39:00,2025-05-13 14:39:00,9.0
LOG212933,W0308,Night,2025-06-26 19:12:00,2025-06-27 03:12:00,8.0
LOG212937,W0424,Night,2025-02-20 02:56:00,2025-02-20 12:56:00,10.0
LOG212939,W0380,Night,2025-02-17 10:08:00,2025-02-17 16:08:00,6.0
LOG212941,W0219,Morning,2025-06-27 21:54:00,2025-06-28 07:54:00,10.0
LOG212942,W0322,Night,2025-04-27 23:47:00,2025-04-28 06:47:00,7.0
LOG212943,W0161,Morning,2025-06-12 17:52:00,2025-06-13 00:52:00,7.0
LOG212944,W0487,Morning,2025-03-06 11:17:00,2025-03-06 18:17:00,7.0
LOG212945,W0477,Night,2025-06-02 09:51:00,2025-06-02 19:51:00,10.0
LOG212946,W0292,Night,2025-03-01 14:50:00,2025-03-01 22:50:00,8.0
LOG212948,W0417,Evening,2025-01-05 10:12:00,2025-01-05 16:12:00,6.0
LOG212949,W0102,Night,2025-06-20 06:08:00,2025-06-20 15:08:00,9.0
LOG212950,W0068,Night,2025-01-12 11:24:00,2025-01-12 19:24:00,8.0
LOG212951,W0343,Evening,2025-06-24 12:37:00,2025-06-24 21:37:00,9.0
LOG212952,W0009,Evening,2025-01-03 08:48:00,2025-01-03 15:48:00,7.0
LOG212953,W0199,Night,2025-01-31 06:28:00,2025-01-31 12:28:00,6.0
LOG212954,W0359,Morning,2025-03-15 14:26:00,2025-03-15 21:26:00,7.0
LOG212955,W0020,Evening,2025-06-07 05:43:00,2025-06-07 11:43:00,6.0
LOG212956,W0167,Night,2025-04-30 17:44:00,2025-05-01 00:44:00,7.0
LOG212958,W0003,Night,2025-03-20 07:43:00,2025-03-20 15:43:00,8.0
LOG212959,W0238,Evening,2025-06-16 09:29:00,2025-06-16 19:29:00,10.0
LOG212962,W0358,Evening,2025-02-16 19:11:00,2025-02-17 02:11:00,7.0
LOG212964,W0336,Night,2025-01-30 14:36:00,2025-01-30 21:36:00,7.0
LOG212965,W0236,Morning,2025-03-08 18:56:00,2025-03-09 04:56:00,10.0
LOG212967,W0491,Night,2025-03-04 10:55:00,2025-03-04 17:55:00,7.0
LOG212970,W0282,Night,2025-01-06 03:07:00,2025-01-06 10:07:00,7.0
LOG212972,W0404,Morning,2025-02-10 12:56:00,2025-02-10 20:56:00,8.0
LOG212973,W0195,Evening,2025-03-13 00:29:00,2025-03-13 06:29:00,6.0
LOG212974,W0175,Night,2025-01-28 10:39:00,2025-01-28 16:39:00,6.0
LOG212975,W0079,Night,2025-05-29 13:25:00,2025-05-29 20:25:00,7.0
LOG212976,W0085,Night,2025-01-15 11:05:00,2025-01-15 20:05:00,9.0
LOG212978,W0480,Evening,2025-03-06 22:49:00,2025-03-07 07:49:00,9.0
LOG212982,W0197,Night,2025-01-25 04:57:00,2025-01-25 11:57:00,7.0
LOG212983,W0102,Morning,2025-05-04 20:56:00,2025-05-05 05:56:00,9.0
LOG212987,W0084,Morning,2025-05-20 07:46:00,2025-05-20 13:46:00,6.0
LOG212988,W0359,Night,2025-04-23 01:04:00,2025-04-23 07:04:00,6.0
LOG212989,W0270,Morning,2025-05-10 23:36:00,2025-05-11 09:36:00,10.0
LOG212990,W0129,Morning,2025-02-13 01:48:00,2025-02-13 10:48:00,9.0
LOG212992,W0424,Evening,2025-01-03 15:01:00,2025-01-03 21:01:00,6.0
LOG212993,W0204,Evening,2025-05-14 09:15:00,2025-05-14 17:15:00,8.0
LOG212995,W0364,Evening,2025-02-16 09:21:00,2025-02-16 15:21:00,6.0
LOG212996,W0367,Night,2025-05-10 04:06:00,2025-05-10 12:06:00,8.0
LOG212997,W0195,Morning,2025-03-04 05:39:00,2025-03-04 13:39:00,8.0
LOG212998,W0294,Night,2025-03-17 08:52:00,2025-03-17 15:52:00,7.0
LOG213000,W0288,Evening,2025-04-07 22:33:00,2025-04-08 08:33:00,10.0
LOG213002,W0187,Night,2025-06-10 13:38:00,2025-06-10 23:38:00,10.0
LOG213003,W0138,Evening,2025-01-08 06:07:00,2025-01-08 14:07:00,8.0
LOG213004,W0069,Night,2025-01-23 03:39:00,2025-01-23 10:39:00,7.0
LOG213006,W0116,Evening,2025-01-14 09:08:00,2025-01-14 15:08:00,6.0
LOG213008,W0481,Evening,2025-04-10 10:35:00,2025-04-10 19:35:00,9.0
LOG213009,W0451,Morning,2025-05-07 18:49:00,2025-05-08 02:49:00,8.0
LOG213010,W0135,Night,2025-06-09 11:40:00,2025-06-09 17:40:00,6.0
LOG213011,W0158,Evening,2025-05-08 02:03:00,2025-05-08 08:03:00,6.0
LOG213012,W0217,Night,2025-05-07 09:43:00,2025-05-07 16:43:00,7.0
LOG213014,W0189,Morning,2025-05-20 23:06:00,2025-05-21 06:06:00,7.0
LOG213015,W0036,Night,2025-05-25 21:48:00,2025-05-26 07:48:00,10.0
LOG213018,W0470,Night,2025-05-03 17:15:00,2025-05-04 03:15:00,10.0
LOG213019,W0319,Night,2025-02-07 22:56:00,2025-02-08 05:56:00,7.0
LOG213020,W0351,Evening,2025-03-30 02:52:00,2025-03-30 12:52:00,10.0
LOG213022,W0372,Morning,2025-06-09 13:10:00,2025-06-09 22:10:00,9.0
LOG213023,W0413,Night,2025-02-17 07:20:00,2025-02-17 14:20:00,7.0
LOG213025,W0277,Morning,2025-02-01 14:44:00,2025-02-01 22:44:00,8.0
LOG213026,W0370,Evening,2025-02-06 22:48:00,2025-02-07 07:48:00,9.0
LOG213027,W0361,Night,2025-04-27 16:04:00,2025-04-28 02:04:00,10.0
LOG213028,W0430,Night,2025-01-23 11:20:00,2025-01-23 21:20:00,10.0
LOG213029,W0103,Night,2025-05-01 15:57:00,2025-05-02 01:57:00,10.0
LOG213032,W0336,Night,2025-04-10 06:37:00,2025-04-10 13:37:00,7.0
LOG213033,W0164,Night,2025-04-07 02:55:00,2025-04-07 08:55:00,6.0
LOG213034,W0283,Night,2025-03-18 15:05:00,2025-03-19 00:05:00,9.0
LOG213035,W0409,Evening,2025-03-01 09:19:00,2025-03-01 15:19:00,6.0
LOG213036,W0331,Night,2025-05-16 03:38:00,2025-05-16 13:38:00,10.0
LOG213040,W0162,Morning,2025-04-06 22:08:00,2025-04-07 04:08:00,6.0
LOG213042,W0462,Night,2025-02-05 20:01:00,2025-02-06 05:01:00,9.0
LOG213043,W0455,Morning,2025-04-27 04:41:00,2025-04-27 11:41:00,7.0
LOG213045,W0059,Evening,2025-03-07 15:32:00,2025-03-07 22:32:00,7.0
LOG213047,W0239,Morning,2025-03-29 14:47:00,2025-03-29 23:47:00,9.0
LOG213049,W0173,Night,2025-02-22 05:16:00,2025-02-22 14:16:00,9.0
LOG213050,W0075,Night,2025-05-07 16:55:00,2025-05-07 23:55:00,7.0
LOG213051,W0451,Night,2025-06-09 05:36:00,2025-06-09 12:36:00,7.0
LOG213052,W0467,Morning,2025-06-25 22:46:00,2025-06-26 04:46:00,6.0
LOG213054,W0364,Night,2025-06-03 23:33:00,2025-06-04 08:33:00,9.0
LOG213056,W0020,Morning,2025-01-27 12:36:00,2025-01-27 22:36:00,10.0
LOG213057,W0357,Night,2025-02-15 22:47:00,2025-02-16 06:47:00,8.0
LOG213058,W0423,Morning,2025-03-31 09:58:00,2025-03-31 17:58:00,8.0
LOG213059,W0064,Morning,2025-01-30 03:43:00,2025-01-30 10:43:00,7.0
LOG213060,W0336,Night,2025-05-03 19:24:00,2025-05-04 05:24:00,10.0
LOG213061,W0480,Evening,2025-03-25 21:55:00,2025-03-26 07:55:00,10.0
LOG213063,W0220,Night,2025-01-16 18:22:00,2025-01-17 04:22:00,10.0
LOG213064,W0076,Morning,2025-02-05 18:17:00,2025-02-06 03:17:00,9.0
LOG213065,W0500,Morning,2025-06-16 08:43:00,2025-06-16 16:43:00,8.0
LOG213066,W0144,Evening,2025-05-14 02:23:00,2025-05-14 10:23:00,8.0
LOG213068,W0168,Night,2025-03-19 13:37:00,2025-03-19 22:37:00,9.0
LOG213069,W0260,Evening,2025-04-10 09:45:00,2025-04-10 17:45:00,8.0
LOG213070,W0407,Morning,2025-04-17 09:08:00,2025-04-17 19:08:00,10.0
LOG213071,W0336,Night,2025-05-17 21:21:00,2025-05-18 06:21:00,9.0
LOG213072,W0474,Night,2025-03-28 03:12:00,2025-03-28 10:12:00,7.0
LOG213075,W0250,Morning,2025-05-26 05:22:00,2025-05-26 14:22:00,9.0
LOG213076,W0007,Morning,2025-05-06 22:28:00,2025-05-07 06:28:00,8.0
LOG213077,W0047,Morning,2025-05-14 13:54:00,2025-05-14 19:54:00,6.0
LOG213078,W0334,Morning,2025-02-07 12:33:00,2025-02-07 22:33:00,10.0
LOG213079,W0168,Night,2025-01-16 07:13:00,2025-01-16 13:13:00,6.0
LOG213080,W0033,Evening,2025-04-16 07:02:00,2025-04-16 13:02:00,6.0
LOG213081,W0360,Evening,2025-05-26 04:48:00,2025-05-26 13:48:00,9.0
LOG213083,W0122,Night,2025-01-14 00:02:00,2025-01-14 06:02:00,6.0
LOG213084,W0050,Night,2025-01-13 15:27:00,2025-01-13 22:27:00,7.0
LOG213087,W0174,Night,2025-03-30 20:19:00,2025-03-31 06:19:00,10.0
LOG213089,W0323,Night,2025-03-05 08:41:00,2025-03-05 18:41:00,10.0
LOG213090,W0208,Evening,2025-02-23 09:08:00,2025-02-23 16:08:00,7.0
LOG213091,W0078,Night,2025-02-17 15:31:00,2025-02-18 00:31:00,9.0
LOG213092,W0423,Night,2025-01-30 09:04:00,2025-01-30 16:04:00,7.0
LOG213093,W0282,Evening,2025-02-23 22:39:00,2025-02-24 06:39:00,8.0
LOG213094,W0256,Evening,2025-05-06 20:54:00,2025-05-07 06:54:00,10.0
LOG213095,W0121,Night,2025-03-21 20:15:00,2025-03-22 03:15:00,7.0
LOG213098,W0063,Morning,2025-05-02 20:57:00,2025-05-03 05:57:00,9.0
LOG213099,W0224,Night,2025-05-06 14:56:00,2025-05-06 20:56:00,6.0
LOG213100,W0394,Morning,2025-03-31 06:53:00,2025-03-31 13:53:00,7.0
LOG213101,W0060,Evening,2025-04-26 20:07:00,2025-04-27 03:07:00,7.0
LOG213102,W0451,Evening,2025-06-07 11:17:00,2025-06-07 20:17:00,9.0
LOG213104,W0403,Morning,2025-03-14 09:25:00,2025-03-14 15:25:00,6.0
LOG213105,W0429,Morning,2025-02-13 16:58:00,2025-02-13 23:58:00,7.0
LOG213106,W0412,Morning,2025-01-21 21:21:00,2025-01-22 07:21:00,10.0
LOG213107,W0156,Night,2025-06-10 16:03:00,2025-06-10 22:03:00,6.0
LOG213108,W0414,Morning,2025-05-28 15:31:00,2025-05-28 22:31:00,7.0
LOG213109,W0167,Night,2025-02-15 12:14:00,2025-02-15 19:14:00,7.0
LOG213110,W0109,Night,2025-04-13 19:16:00,2025-04-14 02:16:00,7.0
LOG213111,W0195,Night,2025-05-18 15:38:00,2025-05-18 23:38:00,8.0
LOG213112,W0011,Night,2025-03-27 12:34:00,2025-03-27 22:34:00,10.0
LOG213113,W0383,Evening,2025-03-12 08:09:00,2025-03-12 18:09:00,10.0
LOG213115,W0026,Night,2025-02-26 22:51:00,2025-02-27 04:51:00,6.0
LOG213117,W0020,Morning,2025-06-02 16:27:00,2025-06-02 22:27:00,6.0
LOG213119,W0167,Night,2025-03-25 05:33:00,2025-03-25 13:33:00,8.0
LOG213120,W0158,Night,2025-06-02 15:29:00,2025-06-02 22:29:00,7.0
LOG213121,W0039,Evening,2025-04-29 09:38:00,2025-04-29 15:38:00,6.0
LOG213123,W0385,Night,2025-04-06 21:23:00,2025-04-07 06:23:00,9.0
LOG213124,W0152,Morning,2025-02-14 14:38:00,2025-02-14 23:38:00,9.0
LOG213125,W0206,Evening,2025-05-09 16:54:00,2025-05-10 02:54:00,10.0
LOG213127,W0085,Night,2025-01-30 06:12:00,2025-01-30 13:12:00,7.0
LOG213128,W0426,Night,2025-02-17 14:49:00,2025-02-17 22:49:00,8.0
LOG213129,W0450,Night,2025-03-04 08:40:00,2025-03-04 16:40:00,8.0
LOG213130,W0436,Night,2025-02-13 14:55:00,2025-02-13 21:55:00,7.0
LOG213133,W0188,Night,2025-04-15 06:11:00,2025-04-15 12:11:00,6.0
LOG213134,W0114,Morning,2025-03-17 20:43:00,2025-03-18 06:43:00,10.0
LOG213135,W0063,Morning,2025-04-06 10:09:00,2025-04-06 19:09:00,9.0
LOG213136,W0109,Night,2025-03-21 09:29:00,2025-03-21 16:29:00,7.0
LOG213137,W0098,Night,2025-05-17 01:53:00,2025-05-17 07:53:00,6.0
LOG213138,W0090,Morning,2025-02-25 12:24:00,2025-02-25 20:24:00,8.0
LOG213139,W0451,Night,2025-01-01 20:03:00,2025-01-02 05:03:00,9.0
LOG213140,W0425,Night,2025-01-18 07:44:00,2025-01-18 15:44:00,8.0
LOG213141,W0136,Evening,2025-04-22 11:19:00,2025-04-22 18:19:00,7.0
LOG213142,W0233,Evening,2025-03-13 13:07:00,2025-03-13 20:07:00,7.0
LOG213144,W0226,Evening,2025-02-04 17:58:00,2025-02-05 02:58:00,9.0
LOG213145,W0274,Night,2025-02-25 16:44:00,2025-02-26 01:44:00,9.0
LOG213147,W0151,Night,2025-03-15 13:18:00,2025-03-15 23:18:00,10.0
LOG213148,W0493,Night,2025-06-09 02:32:00,2025-06-09 08:32:00,6.0
LOG213149,W0236,Night,2025-04-27 22:49:00,2025-04-28 08:49:00,10.0
LOG213152,W0298,Evening,2025-03-06 21:19:00,2025-03-07 05:19:00,8.0
LOG213153,W0436,Morning,2025-02-06 17:36:00,2025-02-07 02:36:00,9.0
LOG213154,W0103,Evening,2025-01-07 23:13:00,2025-01-08 07:13:00,8.0
LOG213157,W0460,Morning,2025-05-02 09:47:00,2025-05-02 17:47:00,8.0
LOG213159,W0400,Morning,2025-02-22 12:16:00,2025-02-22 21:16:00,9.0
LOG213161,W0101,Night,2025-03-25 12:58:00,2025-03-25 18:58:00,6.0
LOG213162,W0307,Night,2025-06-05 17:51:00,2025-06-06 02:51:00,9.0
LOG213163,W0427,Night,2025-05-15 10:43:00,2025-05-15 17:43:00,7.0
LOG213164,W0140,Night,2025-05-21 21:58:00,2025-05-22 07:58:00,10.0
LOG213165,W0013,Night,2025-02-11 17:35:00,2025-02-12 00:35:00,7.0
LOG213166,W0186,Night,2025-02-23 07:53:00,2025-02-23 16:53:00,9.0
LOG213168,W0197,Evening,2025-02-28 19:44:00,2025-03-01 02:44:00,7.0
LOG213170,W0018,Night,2025-06-24 23:42:00,2025-06-25 05:42:00,6.0
LOG213171,W0423,Evening,2025-05-01 08:45:00,2025-05-01 14:45:00,6.0
LOG213172,W0043,Night,2025-03-18 10:19:00,2025-03-18 19:19:00,9.0
LOG213175,W0081,Night,2025-06-25 12:57:00,2025-06-25 22:57:00,10.0
LOG213176,W0282,Evening,2025-01-06 08:14:00,2025-01-06 15:14:00,7.0
LOG213177,W0244,Night,2025-02-02 06:10:00,2025-02-02 12:10:00,6.0
LOG213179,W0449,Morning,2025-01-18 16:02:00,2025-01-19 00:02:00,8.0
LOG213180,W0400,Morning,2025-03-27 02:20:00,2025-03-27 11:20:00,9.0
LOG213181,W0325,Evening,2025-03-04 23:22:00,2025-03-05 09:22:00,10.0
LOG213182,W0444,Morning,2025-03-19 02:49:00,2025-03-19 12:49:00,10.0
LOG213183,W0499,Morning,2025-01-08 23:14:00,2025-01-09 05:14:00,6.0
LOG213185,W0257,Night,2025-04-20 11:29:00,2025-04-20 17:29:00,6.0
LOG213187,W0459,Morning,2025-02-04 09:54:00,2025-02-04 19:54:00,10.0
LOG213188,W0363,Night,2025-05-04 21:06:00,2025-05-05 06:06:00,9.0
LOG213189,W0190,Morning,2025-06-11 01:58:00,2025-06-11 07:58:00,6.0
LOG213190,W0448,Morning,2025-05-11 04:07:00,2025-05-11 10:07:00,6.0
LOG213193,W0300,Evening,2025-04-13 22:23:00,2025-04-14 05:23:00,7.0
LOG213194,W0309,Night,2025-03-26 19:25:00,2025-03-27 02:25:00,7.0
LOG213195,W0164,Morning,2025-04-07 12:48:00,2025-04-07 21:48:00,9.0
LOG213198,W0194,Night,2025-02-04 15:27:00,2025-02-04 21:27:00,6.0
LOG213200,W0013,Night,2025-04-04 22:17:00,2025-04-05 06:17:00,8.0
LOG213201,W0488,Evening,2025-03-21 11:19:00,2025-03-21 20:19:00,9.0
LOG213204,W0125,Morning,2025-02-17 05:25:00,2025-02-17 11:25:00,6.0
LOG213205,W0347,Morning,2025-01-09 16:14:00,2025-01-09 23:14:00,7.0
LOG213206,W0424,Night,2025-03-19 20:37:00,2025-03-20 02:37:00,6.0
LOG213209,W0133,Morning,2025-03-20 11:05:00,2025-03-20 19:05:00,8.0
LOG213210,W0061,Night,2025-05-09 04:11:00,2025-05-09 13:11:00,9.0
LOG213211,W0418,Morning,2025-03-02 09:34:00,2025-03-02 19:34:00,10.0
LOG213213,W0466,Night,2025-02-06 20:23:00,2025-02-07 04:23:00,8.0
LOG213214,W0150,Evening,2025-02-19 16:43:00,2025-02-20 01:43:00,9.0
LOG213216,W0089,Morning,2025-03-01 11:52:00,2025-03-01 19:52:00,8.0
LOG213217,W0318,Evening,2025-03-16 01:15:00,2025-03-16 10:15:00,9.0
LOG213218,W0101,Night,2025-04-05 23:12:00,2025-04-06 09:12:00,10.0
LOG213219,W0185,Night,2025-04-07 01:30:00,2025-04-07 11:30:00,10.0
LOG213220,W0187,Night,2025-02-10 19:10:00,2025-02-11 05:10:00,10.0
LOG213221,W0133,Evening,2025-05-10 09:27:00,2025-05-10 16:27:00,7.0
LOG213223,W0475,Night,2025-01-19 11:45:00,2025-01-19 19:45:00,8.0
LOG213227,W0080,Night,2025-06-13 07:51:00,2025-06-13 15:51:00,8.0
LOG213229,W0281,Evening,2025-02-05 22:35:00,2025-02-06 06:35:00,8.0
LOG213230,W0351,Night,2025-05-20 15:13:00,2025-05-20 23:13:00,8.0
LOG213231,W0394,Morning,2025-01-15 15:38:00,2025-01-15 23:38:00,8.0
LOG213232,W0247,Night,2025-03-26 16:56:00,2025-03-26 22:56:00,6.0
LOG213233,W0014,Evening,2025-02-20 14:26:00,2025-02-20 22:26:00,8.0
LOG213234,W0081,Night,2025-05-04 03:10:00,2025-05-04 09:10:00,6.0
LOG213235,W0313,Night,2025-04-13 20:37:00,2025-04-14 03:37:00,7.0
LOG213236,W0350,Night,2025-02-01 23:14:00,2025-02-02 05:14:00,6.0
LOG213238,W0370,Evening,2025-02-15 22:53:00,2025-02-16 06:53:00,8.0
LOG213239,W0219,Morning,2025-04-18 07:44:00,2025-04-18 13:44:00,6.0
LOG213240,W0008,Night,2025-04-29 20:35:00,2025-04-30 06:35:00,10.0
LOG213241,W0232,Evening,2025-05-23 13:37:00,2025-05-23 22:37:00,9.0
LOG213242,W0353,Morning,2025-01-24 05:29:00,2025-01-24 12:29:00,7.0
LOG213243,W0152,Morning,2025-06-28 11:04:00,2025-06-28 20:04:00,9.0
LOG213244,W0012,Morning,2025-01-23 12:24:00,2025-01-23 22:24:00,10.0
LOG213245,W0397,Night,2025-02-03 05:55:00,2025-02-03 12:55:00,7.0
LOG213249,W0079,Evening,2025-05-25 04:20:00,2025-05-25 11:20:00,7.0
LOG213251,W0401,Night,2025-02-21 04:15:00,2025-02-21 14:15:00,10.0
LOG213252,W0469,Evening,2025-02-07 21:49:00,2025-02-08 04:49:00,7.0
LOG213253,W0121,Night,2025-04-25 22:57:00,2025-04-26 04:57:00,6.0
LOG213254,W0172,Morning,2025-05-04 02:57:00,2025-05-04 09:57:00,7.0
LOG213255,W0235,Night,2025-05-10 08:38:00,2025-05-10 14:38:00,6.0
LOG213256,W0329,Morning,2025-05-24 23:08:00,2025-05-25 06:08:00,7.0
LOG213257,W0252,Night,2025-02-18 17:21:00,2025-02-19 01:21:00,8.0
LOG213258,W0329,Evening,2025-01-19 13:04:00,2025-01-19 21:04:00,8.0
LOG213259,W0392,Night,2025-04-23 02:21:00,2025-04-23 08:21:00,6.0
LOG213260,W0338,Night,2025-02-02 01:38:00,2025-02-02 08:38:00,7.0
LOG213263,W0479,Night,2025-02-10 19:29:00,2025-02-11 04:29:00,9.0
LOG213264,W0175,Night,2025-03-04 20:56:00,2025-03-05 03:56:00,7.0
LOG213265,W0430,Morning,2025-03-02 18:11:00,2025-03-03 04:11:00,10.0
LOG213266,W0175,Morning,2025-01-15 05:35:00,2025-01-15 13:35:00,8.0
LOG213267,W0232,Night,2025-06-12 09:36:00,2025-06-12 19:36:00,10.0
LOG213268,W0152,Morning,2025-03-24 11:53:00,2025-03-24 17:53:00,6.0
LOG213269,W0270,Evening,2025-05-27 10:25:00,2025-05-27 16:25:00,6.0
LOG213270,W0448,Evening,2025-01-04 01:48:00,2025-01-04 11:48:00,10.0
LOG213273,W0364,Night,2025-02-02 17:23:00,2025-02-03 01:23:00,8.0
LOG213274,W0107,Morning,2025-02-11 06:41:00,2025-02-11 13:41:00,7.0
LOG213275,W0168,Night,2025-04-19 06:02:00,2025-04-19 13:02:00,7.0
LOG213276,W0347,Morning,2025-01-22 05:14:00,2025-01-22 12:14:00,7.0
LOG213278,W0001,Night,2025-06-06 02:51:00,2025-06-06 11:51:00,9.0
LOG213280,W0055,Night,2025-04-17 22:37:00,2025-04-18 05:37:00,7.0
LOG213281,W0066,Night,2025-03-06 21:27:00,2025-03-07 03:27:00,6.0
LOG213282,W0227,Morning,2025-03-23 05:48:00,2025-03-23 13:48:00,8.0
LOG213284,W0202,Evening,2025-02-18 14:25:00,2025-02-18 22:25:00,8.0
LOG213285,W0060,Morning,2025-02-08 15:55:00,2025-02-08 21:55:00,6.0
LOG213286,W0341,Night,2025-01-03 01:13:00,2025-01-03 11:13:00,10.0
LOG213287,W0293,Night,2025-06-24 16:49:00,2025-06-25 01:49:00,9.0
LOG213288,W0069,Morning,2025-04-10 07:39:00,2025-04-10 14:39:00,7.0
LOG213290,W0450,Evening,2025-03-13 23:17:00,2025-03-14 08:17:00,9.0
LOG213291,W0098,Evening,2025-05-31 08:58:00,2025-05-31 15:58:00,7.0
LOG213292,W0450,Night,2025-05-13 23:58:00,2025-05-14 06:58:00,7.0
LOG213294,W0373,Night,2025-06-15 20:02:00,2025-06-16 05:02:00,9.0
LOG213295,W0478,Night,2025-01-13 05:19:00,2025-01-13 11:19:00,6.0
LOG213296,W0429,Night,2025-01-11 15:33:00,2025-01-11 23:33:00,8.0
LOG213297,W0384,Night,2025-04-11 08:02:00,2025-04-11 14:02:00,6.0
LOG213298,W0089,Evening,2025-05-09 08:12:00,2025-05-09 16:12:00,8.0
LOG213299,W0443,Night,2025-04-16 12:00:00,2025-04-16 22:00:00,10.0
LOG213302,W0181,Morning,2025-01-09 23:28:00,2025-01-10 08:28:00,9.0
LOG213303,W0362,Night,2025-04-25 03:48:00,2025-04-25 13:48:00,10.0
LOG213304,W0470,Morning,2025-02-20 11:46:00,2025-02-20 20:46:00,9.0
LOG213305,W0236,Morning,2025-03-30 05:11:00,2025-03-30 15:11:00,10.0
LOG213306,W0148,Morning,2025-05-13 03:39:00,2025-05-13 11:39:00,8.0
LOG213309,W0432,Night,2025-03-29 06:21:00,2025-03-29 14:21:00,8.0
LOG213311,W0129,Morning,2025-05-06 02:00:00,2025-05-06 09:00:00,7.0
LOG213312,W0024,Evening,2025-03-31 05:54:00,2025-03-31 14:54:00,9.0
LOG213313,W0051,Night,2025-01-16 03:45:00,2025-01-16 13:45:00,10.0
LOG213314,W0175,Evening,2025-06-21 17:27:00,2025-06-22 02:27:00,9.0
LOG213316,W0168,Evening,2025-03-04 03:25:00,2025-03-04 09:25:00,6.0
LOG213317,W0447,Morning,2025-03-31 03:23:00,2025-03-31 12:23:00,9.0
LOG213318,W0074,Night,2025-03-16 09:48:00,2025-03-16 15:48:00,6.0
LOG213319,W0099,Night,2025-03-08 22:04:00,2025-03-09 05:04:00,7.0
LOG213320,W0082,Evening,2025-04-29 02:39:00,2025-04-29 11:39:00,9.0
LOG213322,W0460,Night,2025-01-08 19:54:00,2025-01-09 01:54:00,6.0
LOG213323,W0053,Night,2025-02-05 23:50:00,2025-02-06 07:50:00,8.0
LOG213324,W0375,Morning,2025-01-03 14:29:00,2025-01-03 22:29:00,8.0
LOG213325,W0060,Morning,2025-01-09 07:31:00,2025-01-09 17:31:00,10.0
LOG213326,W0360,Evening,2025-05-03 16:13:00,2025-05-03 23:13:00,7.0
LOG213327,W0063,Night,2025-04-15 14:03:00,2025-04-15 22:03:00,8.0
LOG213328,W0394,Night,2025-05-11 04:03:00,2025-05-11 12:03:00,8.0
LOG213329,W0181,Morning,2025-05-09 13:16:00,2025-05-09 22:16:00,9.0
LOG213330,W0376,Evening,2025-04-10 00:25:00,2025-04-10 09:25:00,9.0
LOG213331,W0298,Night,2025-05-19 21:57:00,2025-05-20 03:57:00,6.0
LOG213332,W0036,Evening,2025-01-16 18:23:00,2025-01-17 00:23:00,6.0
LOG213333,W0329,Night,2025-05-20 09:41:00,2025-05-20 19:41:00,10.0
LOG213334,W0287,Night,2025-02-08 18:12:00,2025-02-09 03:12:00,9.0
LOG213335,W0194,Morning,2025-03-10 11:55:00,2025-03-10 19:55:00,8.0
LOG213336,W0363,Morning,2025-03-08 23:06:00,2025-03-09 07:06:00,8.0
LOG213338,W0022,Evening,2025-01-30 18:54:00,2025-01-31 00:54:00,6.0
LOG213339,W0209,Night,2025-04-02 07:52:00,2025-04-02 16:52:00,9.0
LOG213340,W0361,Morning,2025-03-27 12:15:00,2025-03-27 18:15:00,6.0
LOG213341,W0080,Night,2025-03-29 11:47:00,2025-03-29 19:47:00,8.0
LOG213342,W0295,Evening,2025-04-15 20:53:00,2025-04-16 06:53:00,10.0
LOG213344,W0142,Evening,2025-04-06 00:01:00,2025-04-06 08:01:00,8.0
LOG213346,W0248,Evening,2025-02-03 18:49:00,2025-02-04 02:49:00,8.0
LOG213347,W0481,Morning,2025-01-03 09:18:00,2025-01-03 18:18:00,9.0
LOG213348,W0332,Night,2025-05-15 15:06:00,2025-05-15 23:06:00,8.0
LOG213349,W0457,Night,2025-03-05 11:34:00,2025-03-05 18:34:00,7.0
LOG213350,W0264,Night,2025-04-28 04:57:00,2025-04-28 12:57:00,8.0
LOG213351,W0228,Evening,2025-03-25 20:39:00,2025-03-26 05:39:00,9.0
LOG213354,W0207,Morning,2025-02-22 17:23:00,2025-02-22 23:23:00,6.0
LOG213355,W0452,Night,2025-05-02 01:17:00,2025-05-02 07:17:00,6.0
LOG213356,W0248,Evening,2025-03-27 05:14:00,2025-03-27 11:14:00,6.0
LOG213358,W0233,Night,2025-01-18 03:11:00,2025-01-18 09:11:00,6.0
LOG213359,W0145,Night,2025-02-17 10:18:00,2025-02-17 17:18:00,7.0
LOG213360,W0049,Evening,2025-05-22 15:30:00,2025-05-23 01:30:00,10.0
LOG213362,W0158,Night,2025-01-03 21:27:00,2025-01-04 03:27:00,6.0
LOG213363,W0477,Night,2025-01-21 17:58:00,2025-01-21 23:58:00,6.0
LOG213364,W0295,Night,2025-05-26 18:14:00,2025-05-27 00:14:00,6.0
LOG213365,W0028,Morning,2025-06-22 21:44:00,2025-06-23 05:44:00,8.0
LOG213368,W0375,Night,2025-06-20 21:24:00,2025-06-21 05:24:00,8.0
LOG213370,W0266,Night,2025-03-23 01:47:00,2025-03-23 11:47:00,10.0
LOG213373,W0377,Evening,2025-04-23 18:05:00,2025-04-24 03:05:00,9.0
LOG213375,W0094,Evening,2025-02-03 15:05:00,2025-02-04 00:05:00,9.0
LOG213376,W0169,Night,2025-01-14 18:09:00,2025-01-15 01:09:00,7.0
LOG213377,W0199,Night,2025-06-15 20:27:00,2025-06-16 04:27:00,8.0
LOG213378,W0168,Morning,2025-01-05 13:19:00,2025-01-05 19:19:00,6.0
LOG213379,W0063,Evening,2025-05-03 07:31:00,2025-05-03 16:31:00,9.0
LOG213380,W0329,Night,2025-01-31 21:16:00,2025-02-01 07:16:00,10.0
LOG213384,W0223,Morning,2025-05-17 11:53:00,2025-05-17 17:53:00,6.0
LOG213388,W0317,Evening,2025-04-06 20:23:00,2025-04-07 04:23:00,8.0
LOG213389,W0441,Night,2025-01-24 04:27:00,2025-01-24 13:27:00,9.0
LOG213390,W0162,Morning,2025-06-10 13:10:00,2025-06-10 20:10:00,7.0
LOG213391,W0431,Evening,2025-06-18 04:16:00,2025-06-18 14:16:00,10.0
LOG213392,W0300,Night,2025-03-28 23:57:00,2025-03-29 09:57:00,10.0
LOG213393,W0135,Morning,2025-04-20 02:49:00,2025-04-20 12:49:00,10.0
LOG213394,W0165,Night,2025-01-10 20:42:00,2025-01-11 02:42:00,6.0
LOG213395,W0440,Night,2025-03-30 02:42:00,2025-03-30 11:42:00,9.0
LOG213397,W0358,Night,2025-06-07 17:36:00,2025-06-08 00:36:00,7.0
LOG213398,W0091,Morning,2025-05-22 09:11:00,2025-05-22 15:11:00,6.0
LOG213399,W0029,Night,2025-04-15 19:37:00,2025-04-16 01:37:00,6.0
LOG213400,W0097,Night,2025-02-19 18:07:00,2025-02-20 01:07:00,7.0
LOG213401,W0344,Morning,2025-01-01 18:01:00,2025-01-02 01:01:00,7.0
LOG213402,W0313,Evening,2025-02-26 02:00:00,2025-02-26 09:00:00,7.0
LOG213403,W0116,Night,2025-03-09 12:52:00,2025-03-09 18:52:00,6.0
LOG213404,W0421,Night,2025-05-20 15:37:00,2025-05-20 23:37:00,8.0
LOG213405,W0090,Night,2025-05-03 13:17:00,2025-05-03 21:17:00,8.0
LOG213406,W0075,Night,2025-03-13 04:13:00,2025-03-13 13:13:00,9.0
LOG213407,W0433,Morning,2025-02-17 05:05:00,2025-02-17 15:05:00,10.0
LOG213408,W0098,Night,2025-02-14 06:18:00,2025-02-14 12:18:00,6.0
LOG213410,W0488,Night,2025-02-27 01:18:00,2025-02-27 09:18:00,8.0
LOG213411,W0438,Night,2025-05-28 07:37:00,2025-05-28 17:37:00,10.0
LOG213412,W0022,Night,2025-02-02 14:03:00,2025-02-03 00:03:00,10.0
LOG213415,W0317,Night,2025-06-20 13:07:00,2025-06-20 20:07:00,7.0
LOG213416,W0290,Morning,2025-02-06 05:34:00,2025-02-06 15:34:00,10.0
LOG213418,W0346,Morning,2025-04-28 02:21:00,2025-04-28 12:21:00,10.0
LOG213421,W0041,Night,2025-03-10 02:56:00,2025-03-10 08:56:00,6.0
LOG213422,W0428,Morning,2025-01-11 17:04:00,2025-01-11 23:04:00,6.0
LOG213423,W0491,Evening,2025-01-29 14:58:00,2025-01-29 21:58:00,7.0
LOG213424,W0372,Night,2025-06-27 06:56:00,2025-06-27 16:56:00,10.0
LOG213426,W0136,Morning,2025-02-25 18:50:00,2025-02-26 00:50:00,6.0
LOG213429,W0090,Morning,2025-04-15 09:33:00,2025-04-15 17:33:00,8.0
LOG213430,W0227,Morning,2025-01-20 17:38:00,2025-01-20 23:38:00,6.0
LOG213431,W0143,Night,2025-05-05 16:29:00,2025-05-05 22:29:00,6.0
LOG213432,W0421,Night,2025-03-10 21:59:00,2025-03-11 03:59:00,6.0
LOG213435,W0266,Night,2025-01-05 04:51:00,2025-01-05 10:51:00,6.0
LOG213436,W0192,Night,2025-06-10 23:28:00,2025-06-11 06:28:00,7.0
LOG213437,W0373,Morning,2025-01-17 07:56:00,2025-01-17 14:56:00,7.0
LOG213438,W0101,Morning,2025-04-03 09:30:00,2025-04-03 16:30:00,7.0
LOG213440,W0292,Evening,2025-05-21 15:46:00,2025-05-21 22:46:00,7.0
LOG213441,W0437,Evening,2025-02-13 16:08:00,2025-02-13 23:08:00,7.0
LOG213443,W0417,Night,2025-03-02 18:36:00,2025-03-03 01:36:00,7.0
LOG213444,W0363,Morning,2025-02-06 08:01:00,2025-02-06 15:01:00,7.0
LOG213445,W0066,Night,2025-03-05 01:22:00,2025-03-05 11:22:00,10.0
LOG213446,W0094,Morning,2025-05-02 18:11:00,2025-05-03 03:11:00,9.0
LOG213447,W0121,Night,2025-05-22 07:13:00,2025-05-22 14:13:00,7.0
LOG213448,W0113,Morning,2025-03-28 15:18:00,2025-03-28 23:18:00,8.0
LOG213451,W0052,Evening,2025-05-11 09:09:00,2025-05-11 15:09:00,6.0
LOG213452,W0359,Night,2025-05-01 00:26:00,2025-05-01 08:26:00,8.0
LOG213453,W0175,Night,2025-06-05 22:39:00,2025-06-06 04:39:00,6.0
LOG213454,W0133,Evening,2025-06-23 16:20:00,2025-06-23 23:20:00,7.0
LOG213455,W0127,Night,2025-05-16 22:04:00,2025-05-17 07:04:00,9.0
LOG213458,W0024,Night,2025-06-16 22:58:00,2025-06-17 06:58:00,8.0
LOG213459,W0255,Evening,2025-03-08 13:27:00,2025-03-08 22:27:00,9.0
LOG213460,W0277,Night,2025-06-17 13:56:00,2025-06-17 22:56:00,9.0
LOG213461,W0246,Night,2025-04-18 08:16:00,2025-04-18 15:16:00,7.0
LOG213464,W0344,Evening,2025-03-22 02:13:00,2025-03-22 09:13:00,7.0
LOG213465,W0055,Night,2025-04-20 00:12:00,2025-04-20 06:12:00,6.0
LOG213466,W0118,Evening,2025-03-13 00:44:00,2025-03-13 09:44:00,9.0
LOG213468,W0185,Night,2025-04-22 03:21:00,2025-04-22 12:21:00,9.0
LOG213469,W0189,Night,2025-04-24 13:12:00,2025-04-24 22:12:00,9.0
LOG213471,W0001,Night,2025-02-11 16:20:00,2025-02-12 00:20:00,8.0
LOG213473,W0450,Night,2025-01-19 13:53:00,2025-01-19 19:53:00,6.0
LOG213474,W0331,Night,2025-01-13 10:09:00,2025-01-13 16:09:00,6.0
LOG213475,W0178,Night,2025-06-14 23:27:00,2025-06-15 08:27:00,9.0
LOG213476,W0451,Night,2025-03-14 20:49:00,2025-03-15 05:49:00,9.0
LOG213477,W0222,Night,2025-06-28 22:31:00,2025-06-29 07:31:00,9.0
LOG213478,W0377,Night,2025-05-10 00:34:00,2025-05-10 09:34:00,9.0
LOG213479,W0201,Morning,2025-04-27 01:52:00,2025-04-27 11:52:00,10.0
LOG213480,W0211,Evening,2025-01-17 20:06:00,2025-01-18 03:06:00,7.0
LOG213483,W0008,Night,2025-04-18 15:16:00,2025-04-19 01:16:00,10.0
LOG213484,W0410,Night,2025-06-21 09:53:00,2025-06-21 18:53:00,9.0
LOG213486,W0433,Night,2025-05-26 16:00:00,2025-05-26 22:00:00,6.0
LOG213487,W0260,Morning,2025-05-09 06:26:00,2025-05-09 15:26:00,9.0
LOG213488,W0481,Night,2025-01-03 13:13:00,2025-01-03 23:13:00,10.0
LOG213490,W0335,Morning,2025-04-04 21:36:00,2025-04-05 03:36:00,6.0
LOG213492,W0277,Night,2025-06-27 09:55:00,2025-06-27 17:55:00,8.0
LOG213493,W0333,Night,2025-06-26 15:05:00,2025-06-26 22:05:00,7.0
LOG213494,W0228,Morning,2025-03-16 07:44:00,2025-03-16 13:44:00,6.0
LOG213495,W0349,Night,2025-06-26 16:30:00,2025-06-27 02:30:00,10.0
LOG213497,W0364,Night,2025-01-26 10:37:00,2025-01-26 17:37:00,7.0
LOG213498,W0194,Night,2025-06-01 05:39:00,2025-06-01 11:39:00,6.0
LOG213499,W0210,Evening,2025-01-26 10:45:00,2025-01-26 18:45:00,8.0
LOG213501,W0452,Morning,2025-05-17 21:14:00,2025-05-18 04:14:00,7.0
LOG213502,W0346,Morning,2025-03-26 21:11:00,2025-03-27 03:11:00,6.0
LOG213503,W0048,Evening,2025-06-04 05:24:00,2025-06-04 12:24:00,7.0
LOG213504,W0099,Morning,2025-02-19 03:45:00,2025-02-19 10:45:00,7.0
LOG213505,W0094,Morning,2025-04-30 05:20:00,2025-04-30 14:20:00,9.0
LOG213506,W0369,Morning,2025-06-24 00:13:00,2025-06-24 10:13:00,10.0
LOG213507,W0401,Night,2025-03-05 08:33:00,2025-03-05 15:33:00,7.0
LOG213508,W0453,Night,2025-04-03 19:19:00,2025-04-04 05:19:00,10.0
LOG213509,W0453,Evening,2025-03-25 05:13:00,2025-03-25 14:13:00,9.0
LOG213510,W0194,Night,2025-03-23 06:58:00,2025-03-23 13:58:00,7.0
LOG213511,W0192,Night,2025-02-21 12:26:00,2025-02-21 20:26:00,8.0
LOG213512,W0191,Night,2025-04-19 04:42:00,2025-04-19 11:42:00,7.0
LOG213515,W0221,Morning,2025-06-27 08:55:00,2025-06-27 15:55:00,7.0
LOG213517,W0180,Morning,2025-03-14 05:16:00,2025-03-14 11:16:00,6.0
LOG213518,W0439,Evening,2025-03-05 22:10:00,2025-03-06 06:10:00,8.0
LOG213519,W0386,Morning,2025-03-18 14:01:00,2025-03-18 20:01:00,6.0
LOG213521,W0016,Evening,2025-03-20 14:49:00,2025-03-20 23:49:00,9.0
LOG213522,W0059,Evening,2025-03-11 12:52:00,2025-03-11 20:52:00,8.0
LOG213526,W0153,Night,2025-02-28 08:43:00,2025-02-28 14:43:00,6.0
LOG213527,W0053,Morning,2025-02-19 23:32:00,2025-02-20 08:32:00,9.0
LOG213528,W0251,Night,2025-03-05 13:47:00,2025-03-05 19:47:00,6.0
LOG213529,W0443,Evening,2025-05-22 03:39:00,2025-05-22 11:39:00,8.0
LOG213530,W0296,Night,2025-01-13 11:22:00,2025-01-13 17:22:00,6.0
LOG213533,W0213,Evening,2025-05-09 19:56:00,2025-05-10 03:56:00,8.0
LOG213534,W0497,Evening,2025-05-31 23:11:00,2025-06-01 08:11:00,9.0
LOG213535,W0246,Evening,2025-01-14 09:04:00,2025-01-14 17:04:00,8.0
LOG213537,W0494,Morning,2025-01-13 17:05:00,2025-01-14 01:05:00,8.0
LOG213538,W0354,Night,2025-03-21 10:58:00,2025-03-21 16:58:00,6.0
LOG213539,W0466,Morning,2025-05-13 07:09:00,2025-05-13 17:09:00,10.0
LOG213541,W0254,Night,2025-01-22 00:28:00,2025-01-22 08:28:00,8.0
LOG213544,W0105,Morning,2025-03-09 04:24:00,2025-03-09 10:24:00,6.0
LOG213545,W0482,Night,2025-01-05 01:04:00,2025-01-05 07:04:00,6.0
LOG213546,W0018,Night,2025-03-02 08:57:00,2025-03-02 14:57:00,6.0
LOG213547,W0306,Night,2025-06-26 11:56:00,2025-06-26 18:56:00,7.0
LOG213549,W0039,Evening,2025-05-17 17:40:00,2025-05-18 00:40:00,7.0
LOG213550,W0058,Night,2025-04-16 17:46:00,2025-04-16 23:46:00,6.0
LOG213551,W0472,Night,2025-02-11 15:50:00,2025-02-12 01:50:00,10.0
LOG213554,W0464,Night,2025-01-21 23:18:00,2025-01-22 07:18:00,8.0
LOG213555,W0165,Night,2025-04-28 12:37:00,2025-04-28 20:37:00,8.0
LOG213556,W0143,Night,2025-04-10 19:40:00,2025-04-11 03:40:00,8.0
LOG213557,W0462,Morning,2025-06-17 14:32:00,2025-06-17 20:32:00,6.0
LOG213560,W0162,Night,2025-04-03 03:17:00,2025-04-03 12:17:00,9.0
LOG213561,W0118,Night,2025-02-17 23:49:00,2025-02-18 08:49:00,9.0
LOG213562,W0295,Night,2025-01-14 10:33:00,2025-01-14 16:33:00,6.0
LOG213563,W0240,Night,2025-03-20 01:46:00,2025-03-20 10:46:00,9.0
LOG213564,W0208,Night,2025-04-15 10:52:00,2025-04-15 18:52:00,8.0
LOG213565,W0018,Night,2025-03-03 12:04:00,2025-03-03 19:04:00,7.0
LOG213568,W0405,Evening,2025-04-16 17:46:00,2025-04-17 00:46:00,7.0
LOG213571,W0321,Night,2025-06-08 00:16:00,2025-06-08 07:16:00,7.0
LOG213572,W0347,Evening,2025-04-29 04:15:00,2025-04-29 10:15:00,6.0
LOG213573,W0062,Evening,2025-03-20 08:12:00,2025-03-20 16:12:00,8.0
LOG213574,W0479,Night,2025-02-01 19:41:00,2025-02-02 02:41:00,7.0
LOG213576,W0419,Evening,2025-02-24 03:25:00,2025-02-24 09:25:00,6.0
LOG213577,W0240,Morning,2025-04-06 07:20:00,2025-04-06 14:20:00,7.0
LOG213578,W0336,Evening,2025-01-08 11:00:00,2025-01-08 17:00:00,6.0
LOG213579,W0448,Evening,2025-04-11 09:33:00,2025-04-11 15:33:00,6.0
LOG213580,W0286,Evening,2025-06-27 01:24:00,2025-06-27 07:24:00,6.0
LOG213583,W0159,Morning,2025-05-18 05:44:00,2025-05-18 12:44:00,7.0
LOG213584,W0030,Morning,2025-05-17 01:30:00,2025-05-17 08:30:00,7.0
LOG213585,W0374,Evening,2025-04-20 05:49:00,2025-04-20 12:49:00,7.0
LOG213588,W0432,Evening,2025-04-27 23:39:00,2025-04-28 06:39:00,7.0
LOG213589,W0348,Night,2025-05-12 16:03:00,2025-05-13 00:03:00,8.0
LOG213590,W0092,Night,2025-04-17 08:41:00,2025-04-17 14:41:00,6.0
LOG213591,W0124,Evening,2025-05-19 12:51:00,2025-05-19 21:51:00,9.0
LOG213592,W0283,Night,2025-02-15 15:27:00,2025-02-16 01:27:00,10.0
LOG213594,W0147,Morning,2025-02-12 13:36:00,2025-02-12 19:36:00,6.0
LOG213596,W0442,Night,2025-01-03 19:38:00,2025-01-04 02:38:00,7.0
LOG213598,W0004,Night,2025-02-02 00:47:00,2025-02-02 10:47:00,10.0
LOG213599,W0053,Night,2025-06-01 17:51:00,2025-06-02 02:51:00,9.0
LOG213602,W0252,Night,2025-06-16 21:27:00,2025-06-17 04:27:00,7.0
LOG213603,W0438,Night,2025-06-27 04:22:00,2025-06-27 14:22:00,10.0
LOG213606,W0299,Night,2025-03-13 08:12:00,2025-03-13 15:12:00,7.0
LOG213607,W0080,Morning,2025-04-04 06:30:00,2025-04-04 14:30:00,8.0
LOG213608,W0336,Evening,2025-05-26 17:05:00,2025-05-27 02:05:00,9.0
LOG213609,W0006,Night,2025-06-06 06:02:00,2025-06-06 14:02:00,8.0
LOG213613,W0376,Morning,2025-02-28 06:14:00,2025-02-28 12:14:00,6.0
LOG213614,W0381,Night,2025-06-11 10:37:00,2025-06-11 16:37:00,6.0
LOG213615,W0169,Evening,2025-03-23 19:47:00,2025-03-24 04:47:00,9.0
LOG213616,W0413,Morning,2025-03-25 18:06:00,2025-03-26 03:06:00,9.0
LOG213617,W0131,Morning,2025-01-27 06:01:00,2025-01-27 14:01:00,8.0
LOG213618,W0117,Night,2025-05-27 12:56:00,2025-05-27 19:56:00,7.0
LOG213619,W0038,Night,2025-03-13 07:48:00,2025-03-13 13:48:00,6.0
LOG213620,W0332,Night,2025-06-03 00:58:00,2025-06-03 09:58:00,9.0
LOG213621,W0127,Night,2025-05-20 17:23:00,2025-05-21 01:23:00,8.0
LOG213622,W0326,Night,2025-01-10 19:18:00,2025-01-11 02:18:00,7.0
LOG213623,W0397,Night,2025-02-19 17:38:00,2025-02-20 01:38:00,8.0
LOG213624,W0291,Night,2025-05-19 23:55:00,2025-05-20 09:55:00,10.0
LOG213627,W0480,Night,2025-03-07 22:19:00,2025-03-08 06:19:00,8.0
LOG213628,W0500,Morning,2025-01-09 01:37:00,2025-01-09 07:37:00,6.0
LOG213629,W0019,Evening,2025-06-13 21:07:00,2025-06-14 04:07:00,7.0
LOG213630,W0076,Evening,2025-06-29 20:12:00,2025-06-30 05:12:00,9.0
LOG213631,W0160,Night,2025-02-18 09:48:00,2025-02-18 16:48:00,7.0
LOG213632,W0276,Night,2025-01-20 22:39:00,2025-01-21 04:39:00,6.0
LOG213633,W0100,Morning,2025-03-30 13:54:00,2025-03-30 21:54:00,8.0
LOG213635,W0068,Morning,2025-04-05 07:13:00,2025-04-05 13:13:00,6.0
LOG213636,W0175,Morning,2025-06-25 12:28:00,2025-06-25 19:28:00,7.0
LOG213637,W0376,Morning,2025-06-15 02:35:00,2025-06-15 11:35:00,9.0
LOG213638,W0259,Night,2025-03-21 17:23:00,2025-03-21 23:23:00,6.0
LOG213639,W0359,Night,2025-02-07 09:20:00,2025-02-07 18:20:00,9.0
LOG213640,W0385,Night,2025-06-28 05:04:00,2025-06-28 15:04:00,10.0
LOG213641,W0309,Morning,2025-01-31 00:57:00,2025-01-31 06:57:00,6.0
LOG213643,W0200,Morning,2025-04-01 14:40:00,2025-04-01 20:40:00,6.0
LOG213644,W0162,Morning,2025-03-12 17:15:00,2025-03-12 23:15:00,6.0
LOG213645,W0258,Night,2025-06-10 00:53:00,2025-06-10 06:53:00,6.0
LOG213646,W0462,Night,2025-05-16 16:05:00,2025-05-17 00:05:00,8.0
LOG213648,W0390,Morning,2025-03-27 15:14:00,2025-03-27 23:14:00,8.0
LOG213650,W0118,Night,2025-05-03 14:42:00,2025-05-03 22:42:00,8.0
LOG213652,W0216,Night,2025-02-06 19:30:00,2025-02-07 02:30:00,7.0
LOG213653,W0355,Night,2025-03-27 15:04:00,2025-03-27 23:04:00,8.0
LOG213654,W0197,Evening,2025-01-10 09:44:00,2025-01-10 18:44:00,9.0
LOG213657,W0241,Night,2025-05-01 15:13:00,2025-05-02 01:13:00,10.0
LOG213658,W0262,Night,2025-05-09 17:26:00,2025-05-10 02:26:00,9.0
LOG213660,W0048,Evening,2025-01-24 21:05:00,2025-01-25 04:05:00,7.0
LOG213661,W0018,Night,2025-05-02 11:06:00,2025-05-02 20:06:00,9.0
LOG213662,W0145,Night,2025-05-16 06:40:00,2025-05-16 12:40:00,6.0
LOG213663,W0135,Night,2025-01-13 22:50:00,2025-01-14 07:50:00,9.0
LOG213664,W0063,Morning,2025-03-11 05:47:00,2025-03-11 11:47:00,6.0
LOG213666,W0500,Morning,2025-05-13 23:00:00,2025-05-14 05:00:00,6.0
LOG213667,W0282,Evening,2025-03-29 02:13:00,2025-03-29 10:13:00,8.0
LOG213668,W0282,Night,2025-01-04 02:01:00,2025-01-04 10:01:00,8.0
LOG213670,W0009,Night,2025-04-25 08:10:00,2025-04-25 14:10:00,6.0
LOG213671,W0426,Night,2025-05-29 17:49:00,2025-05-30 03:49:00,10.0
LOG213672,W0418,Morning,2025-04-13 18:20:00,2025-04-14 01:20:00,7.0
LOG213673,W0323,Morning,2025-05-15 06:51:00,2025-05-15 14:51:00,8.0
LOG213674,W0405,Morning,2025-06-05 16:39:00,2025-06-06 01:39:00,9.0
LOG213675,W0112,Morning,2025-05-16 20:32:00,2025-05-17 04:32:00,8.0
LOG213677,W0288,Night,2025-03-22 02:43:00,2025-03-22 12:43:00,10.0
LOG213678,W0241,Night,2025-06-18 07:19:00,2025-06-18 13:19:00,6.0
LOG213679,W0358,Morning,2025-04-14 13:30:00,2025-04-14 23:30:00,10.0
LOG213681,W0495,Night,2025-06-10 21:47:00,2025-06-11 03:47:00,6.0
LOG213682,W0179,Night,2025-06-15 17:14:00,2025-06-16 02:14:00,9.0
LOG213685,W0051,Evening,2025-04-07 03:51:00,2025-04-07 10:51:00,7.0
LOG213686,W0144,Night,2025-02-21 08:35:00,2025-02-21 18:35:00,10.0
LOG213687,W0198,Morning,2025-03-06 06:27:00,2025-03-06 12:27:00,6.0
LOG213690,W0176,Evening,2025-05-06 06:55:00,2025-05-06 13:55:00,7.0
LOG213691,W0163,Night,2025-04-07 16:55:00,2025-04-08 01:55:00,9.0
LOG213692,W0484,Night,2025-05-08 18:53:00,2025-05-09 04:53:00,10.0
LOG213694,W0126,Night,2025-05-26 18:51:00,2025-05-27 04:51:00,10.0
LOG213695,W0179,Morning,2025-01-29 17:43:00,2025-01-30 01:43:00,8.0
LOG213696,W0063,Evening,2025-01-17 10:38:00,2025-01-17 18:38:00,8.0
LOG213697,W0101,Morning,2025-04-08 09:58:00,2025-04-08 16:58:00,7.0
LOG213698,W0126,Evening,2025-03-20 12:49:00,2025-03-20 21:49:00,9.0
LOG213699,W0133,Morning,2025-04-14 12:11:00,2025-04-14 18:11:00,6.0
LOG213700,W0024,Evening,2025-01-05 03:09:00,2025-01-05 11:09:00,8.0
LOG213701,W0455,Night,2025-02-26 09:21:00,2025-02-26 18:21:00,9.0
LOG213702,W0026,Morning,2025-04-18 13:15:00,2025-04-18 22:15:00,9.0
LOG213704,W0017,Night,2025-01-23 16:10:00,2025-01-24 02:10:00,10.0
LOG213705,W0109,Night,2025-03-15 07:21:00,2025-03-15 14:21:00,7.0
LOG213706,W0240,Morning,2025-04-14 13:07:00,2025-04-14 22:07:00,9.0
LOG213710,W0367,Evening,2025-06-20 20:27:00,2025-06-21 05:27:00,9.0
LOG213713,W0135,Evening,2025-04-09 06:23:00,2025-04-09 15:23:00,9.0
LOG213714,W0379,Morning,2025-01-05 05:53:00,2025-01-05 14:53:00,9.0
LOG213715,W0386,Evening,2025-03-15 01:49:00,2025-03-15 08:49:00,7.0
LOG213716,W0390,Night,2025-05-27 00:39:00,2025-05-27 06:39:00,6.0
LOG213718,W0221,Evening,2025-03-17 14:35:00,2025-03-17 21:35:00,7.0
LOG213719,W0355,Morning,2025-03-28 05:43:00,2025-03-28 14:43:00,9.0
LOG213721,W0427,Evening,2025-04-26 12:41:00,2025-04-26 19:41:00,7.0
LOG213722,W0263,Night,2025-01-17 10:24:00,2025-01-17 16:24:00,6.0
LOG213723,W0388,Night,2025-03-30 04:51:00,2025-03-30 13:51:00,9.0
LOG213724,W0333,Morning,2025-03-08 06:40:00,2025-03-08 14:40:00,8.0
LOG213725,W0279,Evening,2025-01-09 15:49:00,2025-01-09 21:49:00,6.0
LOG213726,W0301,Evening,2025-01-05 13:44:00,2025-01-05 23:44:00,10.0
LOG213728,W0059,Night,2025-01-22 16:37:00,2025-01-23 00:37:00,8.0
LOG213730,W0483,Night,2025-01-11 12:23:00,2025-01-11 20:23:00,8.0
LOG213731,W0484,Evening,2025-06-23 21:48:00,2025-06-24 06:48:00,9.0
LOG213732,W0273,Night,2025-05-09 00:26:00,2025-05-09 10:26:00,10.0
LOG213733,W0351,Night,2025-05-05 23:06:00,2025-05-06 08:06:00,9.0
LOG213734,W0465,Night,2025-04-02 20:11:00,2025-04-03 05:11:00,9.0
LOG213735,W0236,Evening,2025-06-27 08:16:00,2025-06-27 16:16:00,8.0
LOG213739,W0483,Morning,2025-02-08 06:02:00,2025-02-08 13:02:00,7.0
LOG213740,W0449,Morning,2025-06-05 21:14:00,2025-06-06 06:14:00,9.0
LOG213741,W0021,Night,2025-05-18 15:21:00,2025-05-19 01:21:00,10.0
LOG213742,W0421,Evening,2025-01-26 06:22:00,2025-01-26 13:22:00,7.0
LOG213743,W0276,Night,2025-01-08 16:24:00,2025-01-09 00:24:00,8.0
LOG213744,W0264,Morning,2025-04-05 06:15:00,2025-04-05 15:15:00,9.0
LOG213745,W0426,Night,2025-01-05 20:12:00,2025-01-06 03:12:00,7.0
LOG213746,W0206,Evening,2025-01-13 15:29:00,2025-01-13 21:29:00,6.0
LOG213747,W0031,Morning,2025-04-17 11:52:00,2025-04-17 20:52:00,9.0
LOG213748,W0480,Night,2025-04-22 22:25:00,2025-04-23 04:25:00,6.0
LOG213749,W0229,Night,2025-02-26 22:54:00,2025-02-27 07:54:00,9.0
LOG213750,W0022,Night,2025-02-27 07:28:00,2025-02-27 13:28:00,6.0
LOG213752,W0498,Evening,2025-04-01 22:57:00,2025-04-02 06:57:00,8.0
LOG213754,W0296,Night,2025-01-02 19:24:00,2025-01-03 05:24:00,10.0
LOG213755,W0315,Night,2025-02-18 07:12:00,2025-02-18 14:12:00,7.0
LOG213756,W0322,Night,2025-03-20 17:18:00,2025-03-21 01:18:00,8.0
LOG213757,W0240,Night,2025-02-24 08:08:00,2025-02-24 16:08:00,8.0
LOG213759,W0141,Evening,2025-05-04 20:47:00,2025-05-05 06:47:00,10.0
LOG213760,W0075,Night,2025-01-18 17:26:00,2025-01-19 03:26:00,10.0
LOG213761,W0110,Night,2025-04-21 17:06:00,2025-04-22 03:06:00,10.0
LOG213762,W0381,Morning,2025-02-26 17:31:00,2025-02-26 23:31:00,6.0
LOG213763,W0313,Night,2025-03-23 02:02:00,2025-03-23 08:02:00,6.0
LOG213766,W0463,Night,2025-06-16 10:38:00,2025-06-16 20:38:00,10.0
LOG213767,W0218,Night,2025-01-31 14:46:00,2025-01-31 22:46:00,8.0
LOG213768,W0413,Evening,2025-02-26 21:13:00,2025-02-27 05:13:00,8.0
LOG213769,W0185,Night,2025-05-05 05:27:00,2025-05-05 13:27:00,8.0
LOG213770,W0126,Night,2025-02-20 02:49:00,2025-02-20 12:49:00,10.0
LOG213771,W0347,Evening,2025-03-11 03:05:00,2025-03-11 10:05:00,7.0
LOG213772,W0373,Night,2025-03-18 23:22:00,2025-03-19 06:22:00,7.0
LOG213773,W0053,Night,2025-06-22 05:22:00,2025-06-22 12:22:00,7.0
LOG213774,W0385,Night,2025-02-07 16:36:00,2025-02-07 22:36:00,6.0
LOG213775,W0156,Night,2025-06-06 09:36:00,2025-06-06 15:36:00,6.0
LOG213776,W0271,Evening,2025-05-21 11:31:00,2025-05-21 17:31:00,6.0
LOG213777,W0007,Morning,2025-04-09 00:18:00,2025-04-09 09:18:00,9.0
LOG213778,W0483,Night,2025-04-22 22:28:00,2025-04-23 07:28:00,9.0
LOG213779,W0391,Night,2025-01-03 03:31:00,2025-01-03 09:31:00,6.0
LOG213781,W0111,Morning,2025-01-14 15:10:00,2025-01-14 22:10:00,7.0
LOG213782,W0219,Night,2025-05-15 23:21:00,2025-05-16 08:21:00,9.0
LOG213783,W0233,Evening,2025-04-21 12:14:00,2025-04-21 20:14:00,8.0
LOG213785,W0495,Night,2025-01-07 20:13:00,2025-01-08 05:13:00,9.0
LOG213786,W0157,Night,2025-04-25 16:58:00,2025-04-26 00:58:00,8.0
LOG213788,W0336,Night,2025-04-04 03:54:00,2025-04-04 13:54:00,10.0
LOG213790,W0238,Night,2025-02-21 00:24:00,2025-02-21 09:24:00,9.0
LOG213791,W0299,Evening,2025-05-07 16:35:00,2025-05-08 02:35:00,10.0
LOG213792,W0105,Morning,2025-04-12 04:47:00,2025-04-12 10:47:00,6.0
LOG213793,W0443,Night,2025-04-19 01:00:00,2025-04-19 10:00:00,9.0
LOG213794,W0173,Morning,2025-01-26 08:02:00,2025-01-26 15:02:00,7.0
LOG213795,W0197,Night,2025-04-16 05:07:00,2025-04-16 14:07:00,9.0
LOG213797,W0019,Morning,2025-06-08 19:51:00,2025-06-09 05:51:00,10.0
LOG213799,W0023,Evening,2025-02-26 09:02:00,2025-02-26 19:02:00,10.0
LOG213800,W0337,Night,2025-04-07 01:30:00,2025-04-07 11:30:00,10.0
LOG213801,W0407,Night,2025-04-30 22:11:00,2025-05-01 04:11:00,6.0
LOG213802,W0140,Night,2025-01-03 05:40:00,2025-01-03 12:40:00,7.0
LOG213803,W0309,Morning,2025-05-17 16:51:00,2025-05-18 02:51:00,10.0
LOG213804,W0106,Evening,2025-06-09 20:02:00,2025-06-10 06:02:00,10.0
LOG213805,W0145,Night,2025-05-13 12:39:00,2025-05-13 19:39:00,7.0
LOG213806,W0008,Morning,2025-05-16 07:25:00,2025-05-16 15:25:00,8.0
LOG213807,W0180,Night,2025-02-19 19:23:00,2025-02-20 05:23:00,10.0
LOG213808,W0402,Night,2025-04-06 12:42:00,2025-04-06 19:42:00,7.0
LOG213809,W0009,Evening,2025-01-31 18:37:00,2025-02-01 02:37:00,8.0
LOG213810,W0172,Morning,2025-05-01 14:31:00,2025-05-01 23:31:00,9.0
LOG213811,W0364,Morning,2025-06-24 20:45:00,2025-06-25 02:45:00,6.0
LOG213812,W0413,Morning,2025-02-20 02:03:00,2025-02-20 08:03:00,6.0
LOG213813,W0017,Evening,2025-04-16 09:51:00,2025-04-16 18:51:00,9.0
LOG213814,W0056,Night,2025-05-07 15:06:00,2025-05-08 01:06:00,10.0
LOG213815,W0400,Night,2025-05-21 12:45:00,2025-05-21 20:45:00,8.0
LOG213816,W0010,Evening,2025-06-29 21:04:00,2025-06-30 06:04:00,9.0
LOG213820,W0057,Night,2025-03-26 10:45:00,2025-03-26 17:45:00,7.0
LOG213821,W0248,Night,2025-05-23 18:35:00,2025-05-24 04:35:00,10.0
LOG213824,W0443,Evening,2025-02-21 07:04:00,2025-02-21 13:04:00,6.0
LOG213825,W0413,Night,2025-06-20 15:56:00,2025-06-20 22:56:00,7.0
LOG213826,W0456,Night,2025-04-07 11:55:00,2025-04-07 17:55:00,6.0
LOG213828,W0121,Evening,2025-06-28 14:19:00,2025-06-29 00:19:00,10.0
LOG213829,W0495,Morning,2025-01-01 15:48:00,2025-01-01 21:48:00,6.0
LOG213830,W0486,Evening,2025-03-17 16:21:00,2025-03-17 22:21:00,6.0
LOG213832,W0315,Night,2025-04-21 16:38:00,2025-04-21 22:38:00,6.0
LOG213833,W0112,Morning,2025-05-30 03:43:00,2025-05-30 10:43:00,7.0
LOG213834,W0468,Night,2025-01-09 18:17:00,2025-01-10 04:17:00,10.0
LOG213835,W0147,Night,2025-02-05 13:29:00,2025-02-05 23:29:00,10.0
LOG213837,W0171,Morning,2025-01-18 06:02:00,2025-01-18 13:02:00,7.0
LOG213838,W0475,Evening,2025-04-02 06:00:00,2025-04-02 12:00:00,6.0
LOG213839,W0154,Night,2025-01-25 04:21:00,2025-01-25 11:21:00,7.0
LOG213840,W0130,Morning,2025-02-03 14:33:00,2025-02-03 20:33:00,6.0
LOG213841,W0124,Evening,2025-01-28 22:18:00,2025-01-29 04:18:00,6.0
LOG213843,W0024,Night,2025-01-10 21:04:00,2025-01-11 06:04:00,9.0
LOG213844,W0367,Evening,2025-04-10 19:38:00,2025-04-11 03:38:00,8.0
LOG213845,W0449,Night,2025-01-18 06:39:00,2025-01-18 16:39:00,10.0
LOG213846,W0125,Night,2025-03-29 12:01:00,2025-03-29 19:01:00,7.0
LOG213847,W0063,Evening,2025-02-07 07:04:00,2025-02-07 14:04:00,7.0
LOG213848,W0017,Night,2025-06-06 20:16:00,2025-06-07 05:16:00,9.0
LOG213849,W0017,Night,2025-03-12 20:03:00,2025-03-13 05:03:00,9.0
LOG213850,W0334,Night,2025-04-14 22:17:00,2025-04-15 08:17:00,10.0
LOG213855,W0446,Morning,2025-04-10 11:09:00,2025-04-10 20:09:00,9.0
LOG213856,W0316,Evening,2025-01-27 02:08:00,2025-01-27 08:08:00,6.0
LOG213857,W0103,Night,2025-04-08 08:32:00,2025-04-08 14:32:00,6.0
LOG213858,W0494,Night,2025-05-10 08:36:00,2025-05-10 15:36:00,7.0
LOG213860,W0189,Evening,2025-03-11 08:16:00,2025-03-11 18:16:00,10.0
LOG213861,W0274,Night,2025-03-27 02:53:00,2025-03-27 08:53:00,6.0
LOG213863,W0156,Night,2025-03-25 04:21:00,2025-03-25 14:21:00,10.0
LOG213864,W0103,Evening,2025-02-07 00:59:00,2025-02-07 06:59:00,6.0
LOG213865,W0203,Morning,2025-05-09 19:21:00,2025-05-10 04:21:00,9.0
LOG213866,W0478,Evening,2025-01-11 01:44:00,2025-01-11 07:44:00,6.0
LOG213867,W0073,Night,2025-01-19 11:26:00,2025-01-19 21:26:00,10.0
LOG213868,W0078,Evening,2025-01-17 11:11:00,2025-01-17 18:11:00,7.0
LOG213869,W0355,Evening,2025-05-06 18:39:00,2025-05-07 00:39:00,6.0
LOG213870,W0040,Night,2025-06-28 00:31:00,2025-06-28 07:31:00,7.0
LOG213873,W0294,Evening,2025-05-19 19:14:00,2025-05-20 04:14:00,9.0
LOG213874,W0135,Evening,2025-05-13 01:39:00,2025-05-13 10:39:00,9.0
LOG213876,W0398,Night,2025-05-02 17:47:00,2025-05-03 00:47:00,7.0
LOG213879,W0206,Evening,2025-04-27 16:03:00,2025-04-28 00:03:00,8.0
LOG213880,W0309,Evening,2025-03-31 10:34:00,2025-03-31 17:34:00,7.0
LOG213882,W0103,Night,2025-02-20 20:54:00,2025-02-21 04:54:00,8.0
LOG213884,W0459,Evening,2025-02-02 02:37:00,2025-02-02 12:37:00,10.0
LOG213885,W0272,Night,2025-03-09 00:13:00,2025-03-09 07:13:00,7.0
LOG213886,W0299,Evening,2025-02-24 21:22:00,2025-02-25 03:22:00,6.0
LOG213887,W0479,Morning,2025-03-31 01:32:00,2025-03-31 11:32:00,10.0
LOG213888,W0317,Morning,2025-04-16 02:31:00,2025-04-16 11:31:00,9.0
LOG213890,W0263,Night,2025-05-28 23:55:00,2025-05-29 05:55:00,6.0
LOG213891,W0387,Morning,2025-06-09 20:48:00,2025-06-10 06:48:00,10.0
LOG213892,W0020,Evening,2025-04-03 14:52:00,2025-04-03 20:52:00,6.0
LOG213893,W0484,Night,2025-06-18 10:34:00,2025-06-18 20:34:00,10.0
LOG213894,W0379,Morning,2025-03-03 23:56:00,2025-03-04 09:56:00,10.0
LOG213896,W0072,Morning,2025-04-25 06:21:00,2025-04-25 15:21:00,9.0
LOG213897,W0370,Night,2025-06-20 19:08:00,2025-06-21 04:08:00,9.0
LOG213899,W0229,Night,2025-03-04 17:17:00,2025-03-05 00:17:00,7.0
LOG213900,W0063,Morning,2025-06-29 18:46:00,2025-06-30 02:46:00,8.0
LOG213901,W0484,Evening,2025-03-02 08:22:00,2025-03-02 15:22:00,7.0
LOG213902,W0110,Evening,2025-02-01 11:45:00,2025-02-01 19:45:00,8.0
LOG213903,W0166,Night,2025-02-12 17:11:00,2025-02-13 02:11:00,9.0
LOG213905,W0368,Night,2025-01-10 12:49:00,2025-01-10 18:49:00,6.0
LOG213906,W0059,Night,2025-04-28 02:33:00,2025-04-28 09:33:00,7.0
LOG213908,W0088,Night,2025-01-09 21:33:00,2025-01-10 07:33:00,10.0
LOG213910,W0480,Night,2025-01-29 04:26:00,2025-01-29 14:26:00,10.0
LOG213912,W0138,Night,2025-01-18 12:39:00,2025-01-18 18:39:00,6.0
LOG213914,W0059,Morning,2025-06-03 10:33:00,2025-06-03 19:33:00,9.0
LOG213915,W0334,Night,2025-02-04 05:31:00,2025-02-04 13:31:00,8.0
LOG213916,W0345,Evening,2025-06-09 13:02:00,2025-06-09 22:02:00,9.0
LOG213917,W0258,Morning,2025-03-11 00:07:00,2025-03-11 06:07:00,6.0
LOG213918,W0220,Night,2025-03-21 07:50:00,2025-03-21 17:50:00,10.0
LOG213921,W0380,Night,2025-01-29 15:01:00,2025-01-29 22:01:00,7.0
LOG213922,W0252,Morning,2025-01-23 06:25:00,2025-01-23 13:25:00,7.0
LOG213923,W0275,Morning,2025-02-08 01:24:00,2025-02-08 11:24:00,10.0
LOG213924,W0480,Morning,2025-06-16 02:45:00,2025-06-16 10:45:00,8.0
LOG213925,W0408,Morning,2025-01-11 03:14:00,2025-01-11 13:14:00,10.0
LOG213926,W0189,Morning,2025-05-04 23:39:00,2025-05-05 06:39:00,7.0
LOG213927,W0152,Night,2025-03-05 08:39:00,2025-03-05 15:39:00,7.0
LOG213929,W0233,Night,2025-03-07 21:36:00,2025-03-08 06:36:00,9.0
LOG213931,W0287,Morning,2025-05-09 12:53:00,2025-05-09 19:53:00,7.0
LOG213932,W0016,Evening,2025-04-03 19:01:00,2025-04-04 04:01:00,9.0
LOG213933,W0331,Evening,2025-03-28 01:08:00,2025-03-28 11:08:00,10.0
LOG213934,W0227,Night,2025-02-25 21:43:00,2025-02-26 03:43:00,6.0
LOG213935,W0452,Night,2025-06-27 22:02:00,2025-06-28 07:02:00,9.0
LOG213937,W0241,Night,2025-04-26 23:54:00,2025-04-27 09:54:00,10.0
LOG213938,W0165,Night,2025-03-28 22:11:00,2025-03-29 06:11:00,8.0
LOG213939,W0236,Morning,2025-01-29 09:27:00,2025-01-29 19:27:00,10.0
LOG213940,W0078,Evening,2025-01-06 14:00:00,2025-01-06 22:00:00,8.0
LOG213941,W0176,Night,2025-05-31 00:34:00,2025-05-31 10:34:00,10.0
LOG213942,W0354,Night,2025-03-03 03:26:00,2025-03-03 12:26:00,9.0
LOG213943,W0296,Evening,2025-04-18 16:15:00,2025-04-19 00:15:00,8.0
LOG213946,W0043,Evening,2025-04-02 17:14:00,2025-04-03 02:14:00,9.0
LOG213947,W0246,Evening,2025-05-27 02:21:00,2025-05-27 12:21:00,10.0
LOG213949,W0390,Night,2025-03-28 00:16:00,2025-03-28 07:16:00,7.0
LOG213950,W0186,Morning,2025-05-30 10:31:00,2025-05-30 16:31:00,6.0
LOG213951,W0153,Morning,2025-02-14 01:53:00,2025-02-14 07:53:00,6.0
LOG213953,W0383,Night,2025-01-23 09:23:00,2025-01-23 19:23:00,10.0
LOG213954,W0421,Night,2025-04-09 09:26:00,2025-04-09 17:26:00,8.0
LOG213955,W0249,Evening,2025-02-22 16:39:00,2025-02-22 22:39:00,6.0
LOG213956,W0276,Morning,2025-06-05 04:27:00,2025-06-05 10:27:00,6.0
LOG213957,W0403,Morning,2025-04-13 05:23:00,2025-04-13 12:23:00,7.0
LOG213958,W0104,Morning,2025-06-22 11:18:00,2025-06-22 18:18:00,7.0
LOG213959,W0352,Night,2025-05-26 05:59:00,2025-05-26 12:59:00,7.0
LOG213960,W0242,Morning,2025-03-05 21:15:00,2025-03-06 05:15:00,8.0
LOG213961,W0255,Evening,2025-03-31 19:24:00,2025-04-01 04:24:00,9.0
LOG213962,W0149,Night,2025-03-12 02:29:00,2025-03-12 12:29:00,10.0
LOG213963,W0086,Night,2025-03-02 18:28:00,2025-03-03 04:28:00,10.0
LOG213964,W0171,Evening,2025-05-06 14:01:00,2025-05-06 23:01:00,9.0
LOG213965,W0263,Night,2025-01-19 19:17:00,2025-01-20 02:17:00,7.0
LOG213966,W0282,Morning,2025-05-06 04:24:00,2025-05-06 10:24:00,6.0
LOG213967,W0163,Night,2025-05-17 13:58:00,2025-05-17 22:58:00,9.0
LOG213968,W0410,Night,2025-04-16 14:02:00,2025-04-16 21:02:00,7.0
LOG213971,W0359,Night,2025-06-04 13:58:00,2025-06-04 23:58:00,10.0
LOG213972,W0259,Evening,2025-06-27 23:26:00,2025-06-28 08:26:00,9.0
LOG213973,W0074,Evening,2025-06-29 12:22:00,2025-06-29 21:22:00,9.0
LOG213974,W0072,Morning,2025-02-28 11:04:00,2025-02-28 19:04:00,8.0
LOG213975,W0111,Night,2025-05-09 22:20:00,2025-05-10 04:20:00,6.0
LOG213977,W0035,Morning,2025-06-24 20:18:00,2025-06-25 03:18:00,7.0
LOG213978,W0002,Night,2025-04-05 04:11:00,2025-04-05 14:11:00,10.0
LOG213979,W0436,Evening,2025-06-09 05:42:00,2025-06-09 11:42:00,6.0
LOG213982,W0318,Morning,2025-04-02 08:01:00,2025-04-02 18:01:00,10.0
LOG213983,W0085,Evening,2025-05-23 05:53:00,2025-05-23 14:53:00,9.0
LOG213986,W0132,Morning,2025-06-27 05:16:00,2025-06-27 13:16:00,8.0
LOG213987,W0279,Morning,2025-06-27 22:34:00,2025-06-28 04:34:00,6.0
LOG213989,W0343,Evening,2025-01-15 08:38:00,2025-01-15 18:38:00,10.0
LOG213990,W0375,Evening,2025-01-02 11:51:00,2025-01-02 17:51:00,6.0
LOG213991,W0445,Night,2025-02-05 20:12:00,2025-02-06 05:12:00,9.0
LOG213992,W0270,Night,2025-03-03 04:55:00,2025-03-03 12:55:00,8.0
LOG213994,W0354,Morning,2025-05-13 19:31:00,2025-05-14 01:31:00,6.0
LOG213995,W0264,Evening,2025-02-03 08:21:00,2025-02-03 15:21:00,7.0
LOG213996,W0022,Night,2025-03-31 12:33:00,2025-03-31 18:33:00,6.0
LOG213997,W0436,Evening,2025-04-13 22:47:00,2025-04-14 05:47:00,7.0
LOG213998,W0298,Night,2025-06-04 16:56:00,2025-06-04 22:56:00,6.0
LOG213999,W0387,Evening,2025-03-23 17:21:00,2025-03-24 01:21:00,8.0
LOG214000,W0169,Night,2025-01-03 01:18:00,2025-01-03 11:18:00,10.0
LOG214002,W0113,Night,2025-03-22 02:27:00,2025-03-22 11:27:00,9.0
LOG214003,W0159,Night,2025-04-28 13:05:00,2025-04-28 23:05:00,10.0
LOG214004,W0473,Morning,2025-02-04 09:24:00,2025-02-04 19:24:00,10.0
LOG214006,W0463,Night,2025-06-09 19:52:00,2025-06-10 02:52:00,7.0
LOG214007,W0315,Night,2025-01-02 00:55:00,2025-01-02 10:55:00,10.0
LOG214008,W0236,Night,2025-03-08 11:10:00,2025-03-08 17:10:00,6.0
LOG214010,W0401,Morning,2025-03-27 02:06:00,2025-03-27 12:06:00,10.0
LOG214011,W0059,Evening,2025-01-29 11:36:00,2025-01-29 20:36:00,9.0
LOG214014,W0122,Morning,2025-03-10 04:20:00,2025-03-10 13:20:00,9.0
LOG214016,W0115,Morning,2025-03-15 14:14:00,2025-03-15 23:14:00,9.0
LOG214017,W0408,Evening,2025-05-03 13:24:00,2025-05-03 20:24:00,7.0
LOG214018,W0445,Night,2025-03-09 21:52:00,2025-03-10 07:52:00,10.0
LOG214019,W0034,Night,2025-01-23 12:12:00,2025-01-23 21:12:00,9.0
LOG214021,W0248,Morning,2025-03-08 06:38:00,2025-03-08 14:38:00,8.0
LOG214023,W0475,Night,2025-06-09 09:03:00,2025-06-09 15:03:00,6.0
LOG214024,W0069,Morning,2025-05-17 16:01:00,2025-05-18 00:01:00,8.0
LOG214025,W0350,Evening,2025-05-16 23:30:00,2025-05-17 06:30:00,7.0
LOG214026,W0491,Night,2025-06-03 10:42:00,2025-06-03 19:42:00,9.0
LOG214027,W0319,Night,2025-04-22 11:23:00,2025-04-22 18:23:00,7.0
LOG214028,W0463,Morning,2025-05-03 07:39:00,2025-05-03 15:39:00,8.0
LOG214029,W0122,Night,2025-01-12 05:50:00,2025-01-12 13:50:00,8.0
LOG214030,W0031,Night,2025-03-31 13:48:00,2025-03-31 21:48:00,8.0
LOG214033,W0350,Night,2025-01-22 22:11:00,2025-01-23 05:11:00,7.0
LOG214035,W0053,Night,2025-06-10 22:35:00,2025-06-11 06:35:00,8.0
LOG214036,W0081,Morning,2025-06-28 04:04:00,2025-06-28 10:04:00,6.0
LOG214037,W0331,Evening,2025-06-17 15:03:00,2025-06-17 23:03:00,8.0
LOG214039,W0298,Night,2025-02-18 10:54:00,2025-02-18 17:54:00,7.0
LOG214040,W0203,Night,2025-06-29 22:05:00,2025-06-30 08:05:00,10.0
LOG214041,W0115,Night,2025-03-18 16:31:00,2025-03-18 23:31:00,7.0
LOG214044,W0048,Night,2025-03-03 22:00:00,2025-03-04 07:00:00,9.0
LOG214045,W0290,Night,2025-04-13 12:46:00,2025-04-13 20:46:00,8.0
LOG214046,W0105,Night,2025-05-05 17:27:00,2025-05-06 00:27:00,7.0
LOG214047,W0097,Night,2025-04-11 14:33:00,2025-04-11 22:33:00,8.0
LOG214048,W0092,Night,2025-01-06 13:41:00,2025-01-06 21:41:00,8.0
LOG214050,W0302,Night,2025-04-13 04:49:00,2025-04-13 12:49:00,8.0
LOG214053,W0362,Night,2025-02-16 18:53:00,2025-02-17 01:53:00,7.0
LOG214054,W0500,Night,2025-01-27 08:10:00,2025-01-27 16:10:00,8.0
LOG214055,W0148,Evening,2025-04-24 23:19:00,2025-04-25 06:19:00,7.0
LOG214056,W0057,Evening,2025-03-17 21:35:00,2025-03-18 04:35:00,7.0
LOG214057,W0285,Night,2025-06-05 01:49:00,2025-06-05 11:49:00,10.0
LOG214059,W0409,Morning,2025-02-15 05:33:00,2025-02-15 14:33:00,9.0
LOG214060,W0313,Night,2025-02-14 20:48:00,2025-02-15 05:48:00,9.0
LOG214062,W0280,Night,2025-04-01 12:44:00,2025-04-01 22:44:00,10.0
LOG214063,W0034,Night,2025-01-16 09:22:00,2025-01-16 19:22:00,10.0
LOG214066,W0080,Morning,2025-03-10 13:19:00,2025-03-10 20:19:00,7.0
LOG214067,W0493,Night,2025-04-25 20:46:00,2025-04-26 03:46:00,7.0
LOG214069,W0092,Night,2025-06-22 05:01:00,2025-06-22 12:01:00,7.0
LOG214070,W0022,Night,2025-03-10 22:33:00,2025-03-11 08:33:00,10.0
LOG214072,W0123,Evening,2025-06-25 19:48:00,2025-06-26 02:48:00,7.0
LOG214073,W0252,Night,2025-05-17 12:27:00,2025-05-17 18:27:00,6.0
LOG214074,W0308,Night,2025-01-10 13:41:00,2025-01-10 21:41:00,8.0
LOG214075,W0208,Morning,2025-03-23 23:56:00,2025-03-24 07:56:00,8.0
LOG214079,W0298,Morning,2025-04-13 02:54:00,2025-04-13 10:54:00,8.0
LOG214080,W0103,Night,2025-06-15 00:48:00,2025-06-15 09:48:00,9.0
LOG214081,W0343,Morning,2025-02-21 14:55:00,2025-02-21 23:55:00,9.0
LOG214082,W0065,Morning,2025-01-09 07:09:00,2025-01-09 14:09:00,7.0
LOG214083,W0325,Evening,2025-04-03 22:38:00,2025-04-04 06:38:00,8.0
LOG214084,W0475,Evening,2025-03-28 00:56:00,2025-03-28 07:56:00,7.0
LOG214085,W0435,Night,2025-06-24 05:47:00,2025-06-24 11:47:00,6.0
LOG214086,W0162,Morning,2025-06-10 20:12:00,2025-06-11 03:12:00,7.0
LOG214087,W0263,Night,2025-04-16 20:07:00,2025-04-17 05:07:00,9.0
LOG214089,W0313,Morning,2025-02-09 09:51:00,2025-02-09 18:51:00,9.0
LOG214090,W0431,Morning,2025-04-20 02:22:00,2025-04-20 11:22:00,9.0
LOG214091,W0029,Morning,2025-02-10 00:52:00,2025-02-10 08:52:00,8.0
LOG214092,W0281,Night,2025-01-18 14:37:00,2025-01-19 00:37:00,10.0
LOG214094,W0064,Morning,2025-05-30 07:06:00,2025-05-30 13:06:00,6.0
LOG214095,W0392,Evening,2025-05-15 09:09:00,2025-05-15 17:09:00,8.0
LOG214096,W0469,Night,2025-03-13 05:48:00,2025-03-13 13:48:00,8.0
LOG214097,W0341,Night,2025-02-23 22:25:00,2025-02-24 08:25:00,10.0
LOG214098,W0366,Night,2025-03-11 12:11:00,2025-03-11 22:11:00,10.0
LOG214099,W0146,Night,2025-03-03 00:26:00,2025-03-03 08:26:00,8.0
LOG214102,W0316,Evening,2025-01-16 11:58:00,2025-01-16 18:58:00,7.0
LOG214103,W0236,Morning,2025-01-21 10:00:00,2025-01-21 17:00:00,7.0
LOG214105,W0019,Night,2025-02-14 23:34:00,2025-02-15 06:34:00,7.0
LOG214106,W0120,Night,2025-04-05 19:23:00,2025-04-06 03:23:00,8.0
LOG214107,W0133,Evening,2025-06-19 07:01:00,2025-06-19 17:01:00,10.0
LOG214108,W0394,Evening,2025-01-21 17:15:00,2025-01-22 02:15:00,9.0
LOG214109,W0303,Night,2025-01-17 02:10:00,2025-01-17 11:10:00,9.0
LOG214110,W0459,Night,2025-06-21 02:17:00,2025-06-21 08:17:00,6.0
LOG214112,W0218,Morning,2025-01-16 05:07:00,2025-01-16 14:07:00,9.0
LOG214113,W0208,Morning,2025-04-29 02:02:00,2025-04-29 10:02:00,8.0
LOG214114,W0172,Morning,2025-05-22 07:40:00,2025-05-22 14:40:00,7.0
LOG214115,W0268,Morning,2025-05-31 06:34:00,2025-05-31 12:34:00,6.0
LOG214116,W0368,Morning,2025-05-17 01:40:00,2025-05-17 07:40:00,6.0
LOG214117,W0277,Night,2025-01-13 08:59:00,2025-01-13 14:59:00,6.0
LOG214118,W0106,Morning,2025-03-24 20:45:00,2025-03-25 04:45:00,8.0
LOG214119,W0263,Morning,2025-06-10 22:49:00,2025-06-11 07:49:00,9.0
LOG214120,W0496,Night,2025-03-11 03:21:00,2025-03-11 10:21:00,7.0
LOG214121,W0324,Morning,2025-02-25 14:41:00,2025-02-25 22:41:00,8.0
LOG214122,W0096,Night,2025-03-17 04:29:00,2025-03-17 13:29:00,9.0
LOG214123,W0152,Morning,2025-03-29 00:49:00,2025-03-29 09:49:00,9.0
LOG214124,W0184,Morning,2025-06-23 02:41:00,2025-06-23 10:41:00,8.0
LOG214125,W0198,Evening,2025-02-05 05:21:00,2025-02-05 15:21:00,10.0
LOG214126,W0205,Night,2025-03-30 04:32:00,2025-03-30 11:32:00,7.0
LOG214127,W0449,Night,2025-04-11 18:10:00,2025-04-12 00:10:00,6.0
LOG214131,W0420,Night,2025-01-15 19:58:00,2025-01-16 01:58:00,6.0
LOG214132,W0200,Evening,2025-02-19 19:57:00,2025-02-20 03:57:00,8.0
LOG214133,W0199,Night,2025-04-12 01:29:00,2025-04-12 10:29:00,9.0
LOG214134,W0375,Night,2025-01-15 17:24:00,2025-01-16 02:24:00,9.0
LOG214136,W0039,Night,2025-06-06 16:00:00,2025-06-06 23:00:00,7.0
LOG214138,W0472,Evening,2025-03-10 22:34:00,2025-03-11 04:34:00,6.0
LOG214139,W0472,Night,2025-05-03 20:41:00,2025-05-04 02:41:00,6.0
LOG214141,W0105,Night,2025-04-01 16:34:00,2025-04-02 00:34:00,8.0
LOG214142,W0042,Evening,2025-05-11 19:22:00,2025-05-12 01:22:00,6.0
LOG214143,W0080,Morning,2025-02-18 07:49:00,2025-02-18 15:49:00,8.0
LOG214145,W0091,Night,2025-03-22 09:08:00,2025-03-22 16:08:00,7.0
LOG214146,W0187,Morning,2025-01-20 04:03:00,2025-01-20 10:03:00,6.0
LOG214147,W0199,Night,2025-06-06 01:22:00,2025-06-06 09:22:00,8.0
LOG214150,W0135,Night,2025-05-29 20:13:00,2025-05-30 05:13:00,9.0
LOG214152,W0021,Night,2025-01-19 03:12:00,2025-01-19 13:12:00,10.0
LOG214153,W0054,Night,2025-04-19 13:26:00,2025-04-19 21:26:00,8.0
LOG214154,W0198,Night,2025-05-29 18:52:00,2025-05-30 02:52:00,8.0
LOG214156,W0212,Night,2025-02-19 03:36:00,2025-02-19 10:36:00,7.0
LOG214157,W0076,Night,2025-05-15 16:47:00,2025-05-16 02:47:00,10.0
LOG214158,W0440,Morning,2025-02-15 08:20:00,2025-02-15 16:20:00,8.0
LOG214159,W0345,Night,2025-01-28 17:37:00,2025-01-29 01:37:00,8.0
LOG214160,W0255,Evening,2025-02-14 09:53:00,2025-02-14 17:53:00,8.0
LOG214161,W0429,Night,2025-04-17 08:21:00,2025-04-17 17:21:00,9.0
LOG214162,W0390,Evening,2025-06-04 21:48:00,2025-06-05 04:48:00,7.0
LOG214163,W0483,Morning,2025-04-12 01:37:00,2025-04-12 11:37:00,10.0
LOG214164,W0132,Evening,2025-03-04 02:35:00,2025-03-04 08:35:00,6.0
LOG214165,W0177,Evening,2025-06-09 15:36:00,2025-06-09 23:36:00,8.0
LOG214169,W0132,Night,2025-02-18 11:44:00,2025-02-18 20:44:00,9.0
LOG214172,W0290,Evening,2025-05-29 05:31:00,2025-05-29 12:31:00,7.0
LOG214173,W0082,Evening,2025-06-02 13:39:00,2025-06-02 21:39:00,8.0
LOG214175,W0396,Night,2025-02-07 06:19:00,2025-02-07 14:19:00,8.0
LOG214176,W0369,Evening,2025-05-04 00:32:00,2025-05-04 08:32:00,8.0
LOG214178,W0290,Night,2025-02-28 19:33:00,2025-03-01 01:33:00,6.0
LOG214179,W0308,Morning,2025-04-29 01:45:00,2025-04-29 09:45:00,8.0
LOG214180,W0350,Morning,2025-03-22 05:53:00,2025-03-22 14:53:00,9.0
LOG214182,W0255,Evening,2025-06-12 08:46:00,2025-06-12 15:46:00,7.0
LOG214183,W0144,Morning,2025-01-31 23:13:00,2025-02-01 05:13:00,6.0
LOG214184,W0100,Evening,2025-06-24 03:54:00,2025-06-24 10:54:00,7.0
LOG214185,W0269,Night,2025-04-08 13:40:00,2025-04-08 21:40:00,8.0
LOG214186,W0306,Night,2025-04-08 13:07:00,2025-04-08 21:07:00,8.0
LOG214188,W0124,Morning,2025-05-30 07:56:00,2025-05-30 17:56:00,10.0
LOG214189,W0188,Evening,2025-03-11 13:20:00,2025-03-11 23:20:00,10.0
LOG214190,W0184,Evening,2025-05-17 11:43:00,2025-05-17 20:43:00,9.0
LOG214191,W0243,Night,2025-01-23 13:34:00,2025-01-23 22:34:00,9.0
LOG214192,W0022,Evening,2025-04-01 00:31:00,2025-04-01 10:31:00,10.0
LOG214193,W0042,Night,2025-06-20 15:31:00,2025-06-20 23:31:00,8.0
LOG214194,W0118,Night,2025-05-23 01:26:00,2025-05-23 11:26:00,10.0
LOG214195,W0407,Morning,2025-06-27 06:00:00,2025-06-27 13:00:00,7.0
LOG214196,W0246,Morning,2025-06-14 23:43:00,2025-06-15 06:43:00,7.0
LOG214197,W0313,Night,2025-01-23 18:53:00,2025-01-24 00:53:00,6.0
LOG214198,W0412,Night,2025-03-13 10:18:00,2025-03-13 16:18:00,6.0
LOG214199,W0458,Night,2025-02-20 18:48:00,2025-02-21 02:48:00,8.0
LOG214200,W0385,Night,2025-05-07 00:26:00,2025-05-07 07:26:00,7.0
LOG214201,W0301,Morning,2025-02-15 04:10:00,2025-02-15 14:10:00,10.0
LOG214203,W0354,Evening,2025-05-09 22:58:00,2025-05-10 04:58:00,6.0
LOG214204,W0166,Night,2025-05-05 06:52:00,2025-05-05 15:52:00,9.0
LOG214205,W0216,Night,2025-06-22 07:00:00,2025-06-22 14:00:00,7.0
LOG214206,W0098,Morning,2025-06-06 23:27:00,2025-06-07 07:27:00,8.0
LOG214209,W0500,Evening,2025-01-15 03:31:00,2025-01-15 13:31:00,10.0
LOG214210,W0352,Evening,2025-01-15 06:25:00,2025-01-15 16:25:00,10.0
LOG214211,W0363,Evening,2025-03-17 16:43:00,2025-03-17 23:43:00,7.0
LOG214212,W0177,Night,2025-06-06 08:11:00,2025-06-06 15:11:00,7.0
LOG214214,W0268,Night,2025-01-17 18:05:00,2025-01-18 03:05:00,9.0
LOG214215,W0259,Morning,2025-01-05 09:01:00,2025-01-05 16:01:00,7.0
LOG214216,W0305,Night,2025-01-26 02:58:00,2025-01-26 11:58:00,9.0
LOG214217,W0385,Evening,2025-03-15 13:59:00,2025-03-15 19:59:00,6.0
LOG214218,W0120,Evening,2025-06-10 14:21:00,2025-06-10 20:21:00,6.0
LOG214219,W0168,Night,2025-06-27 08:20:00,2025-06-27 16:20:00,8.0
LOG214220,W0444,Night,2025-01-20 08:51:00,2025-01-20 18:51:00,10.0
LOG214222,W0152,Morning,2025-04-22 21:43:00,2025-04-23 04:43:00,7.0
LOG214224,W0323,Night,2025-06-06 10:58:00,2025-06-06 16:58:00,6.0
LOG214226,W0028,Night,2025-03-22 23:21:00,2025-03-23 09:21:00,10.0
LOG214227,W0346,Night,2025-01-20 12:19:00,2025-01-20 18:19:00,6.0
LOG214229,W0178,Night,2025-04-29 15:03:00,2025-04-29 23:03:00,8.0
LOG214230,W0362,Night,2025-02-02 19:56:00,2025-02-03 01:56:00,6.0
LOG214231,W0473,Night,2025-02-25 05:50:00,2025-02-25 12:50:00,7.0
LOG214235,W0367,Morning,2025-01-26 19:36:00,2025-01-27 02:36:00,7.0
LOG214236,W0050,Night,2025-05-29 17:32:00,2025-05-30 01:32:00,8.0
LOG214237,W0342,Night,2025-02-10 06:44:00,2025-02-10 13:44:00,7.0
LOG214238,W0257,Night,2025-01-24 11:55:00,2025-01-24 21:55:00,10.0
LOG214239,W0005,Night,2025-02-12 04:54:00,2025-02-12 10:54:00,6.0
LOG214240,W0368,Night,2025-02-03 21:14:00,2025-02-04 03:14:00,6.0
LOG214241,W0297,Night,2025-02-14 19:32:00,2025-02-15 04:32:00,9.0
LOG214243,W0131,Morning,2025-03-10 12:58:00,2025-03-10 22:58:00,10.0
LOG214244,W0122,Evening,2025-04-01 06:25:00,2025-04-01 14:25:00,8.0
LOG214245,W0314,Morning,2025-06-12 08:52:00,2025-06-12 14:52:00,6.0
LOG214246,W0097,Night,2025-05-01 13:08:00,2025-05-01 21:08:00,8.0
LOG214247,W0052,Evening,2025-06-18 07:59:00,2025-06-18 17:59:00,10.0
LOG214248,W0340,Morning,2025-02-08 01:24:00,2025-02-08 08:24:00,7.0
LOG214250,W0376,Evening,2025-05-13 04:46:00,2025-05-13 11:46:00,7.0
LOG214252,W0308,Night,2025-04-30 08:37:00,2025-04-30 15:37:00,7.0
LOG214254,W0370,Night,2025-01-26 20:47:00,2025-01-27 04:47:00,8.0
LOG214255,W0492,Night,2025-04-23 11:47:00,2025-04-23 21:47:00,10.0
LOG214256,W0260,Night,2025-01-17 13:43:00,2025-01-17 19:43:00,6.0
LOG214257,W0052,Night,2025-04-09 18:01:00,2025-04-10 00:01:00,6.0
LOG214258,W0323,Evening,2025-04-20 18:57:00,2025-04-21 02:57:00,8.0
LOG214259,W0203,Morning,2025-02-09 01:12:00,2025-02-09 07:12:00,6.0
LOG214260,W0363,Morning,2025-01-06 14:19:00,2025-01-06 23:19:00,9.0
LOG214261,W0197,Night,2025-02-19 04:51:00,2025-02-19 12:51:00,8.0
LOG214263,W0277,Morning,2025-01-29 08:19:00,2025-01-29 18:19:00,10.0
LOG214264,W0380,Night,2025-01-11 03:03:00,2025-01-11 12:03:00,9.0
LOG214265,W0003,Morning,2025-04-26 07:20:00,2025-04-26 17:20:00,10.0
LOG214266,W0139,Evening,2025-02-23 09:00:00,2025-02-23 19:00:00,10.0
LOG214267,W0477,Morning,2025-02-06 16:24:00,2025-02-07 00:24:00,8.0
LOG214268,W0145,Morning,2025-02-19 18:27:00,2025-02-20 04:27:00,10.0
LOG214269,W0212,Evening,2025-04-28 16:19:00,2025-04-28 22:19:00,6.0
LOG214270,W0110,Night,2025-05-14 08:49:00,2025-05-14 18:49:00,10.0
LOG214271,W0435,Night,2025-06-23 17:43:00,2025-06-24 02:43:00,9.0
LOG214273,W0435,Morning,2025-06-10 08:27:00,2025-06-10 14:27:00,6.0
LOG214274,W0065,Night,2025-03-03 19:07:00,2025-03-04 03:07:00,8.0
LOG214276,W0411,Morning,2025-05-31 19:56:00,2025-06-01 05:56:00,10.0
LOG214277,W0376,Night,2025-01-02 11:28:00,2025-01-02 20:28:00,9.0
LOG214278,W0264,Morning,2025-05-12 13:16:00,2025-05-12 20:16:00,7.0
LOG214280,W0413,Night,2025-02-08 08:55:00,2025-02-08 18:55:00,10.0
LOG214285,W0043,Evening,2025-05-21 22:45:00,2025-05-22 07:45:00,9.0
LOG214286,W0390,Night,2025-03-20 06:07:00,2025-03-20 16:07:00,10.0
LOG214287,W0201,Night,2025-01-17 22:53:00,2025-01-18 04:53:00,6.0
LOG214290,W0493,Evening,2025-03-24 16:53:00,2025-03-25 01:53:00,9.0
LOG214291,W0294,Night,2025-03-17 17:30:00,2025-03-18 00:30:00,7.0
LOG214295,W0109,Morning,2025-02-23 07:02:00,2025-02-23 17:02:00,10.0
LOG214296,W0419,Morning,2025-03-28 06:21:00,2025-03-28 15:21:00,9.0
LOG214297,W0449,Evening,2025-05-17 12:13:00,2025-05-17 19:13:00,7.0
LOG214298,W0239,Evening,2025-06-19 12:24:00,2025-06-19 20:24:00,8.0
LOG214299,W0110,Night,2025-05-06 06:43:00,2025-05-06 13:43:00,7.0
LOG214300,W0192,Night,2025-03-13 10:48:00,2025-03-13 17:48:00,7.0
LOG214301,W0243,Night,2025-02-11 05:10:00,2025-02-11 15:10:00,10.0
LOG214302,W0477,Night,2025-01-22 05:56:00,2025-01-22 14:56:00,9.0
LOG214304,W0254,Evening,2025-01-25 21:23:00,2025-01-26 04:23:00,7.0
LOG214305,W0425,Night,2025-02-22 15:02:00,2025-02-23 00:02:00,9.0
LOG214307,W0096,Morning,2025-06-17 11:26:00,2025-06-17 20:26:00,9.0
LOG214308,W0253,Morning,2025-02-26 13:43:00,2025-02-26 22:43:00,9.0
LOG214309,W0005,Night,2025-02-20 04:15:00,2025-02-20 13:15:00,9.0
LOG214310,W0228,Evening,2025-04-03 07:11:00,2025-04-03 16:11:00,9.0
LOG214311,W0139,Morning,2025-05-15 03:13:00,2025-05-15 13:13:00,10.0
LOG214312,W0318,Night,2025-05-19 06:45:00,2025-05-19 14:45:00,8.0
LOG214313,W0226,Night,2025-02-15 01:32:00,2025-02-15 09:32:00,8.0
LOG214314,W0401,Morning,2025-02-22 11:46:00,2025-02-22 21:46:00,10.0
LOG214316,W0037,Morning,2025-04-28 17:43:00,2025-04-28 23:43:00,6.0
LOG214317,W0244,Morning,2025-06-18 05:02:00,2025-06-18 15:02:00,10.0
LOG214318,W0420,Morning,2025-03-04 09:21:00,2025-03-04 17:21:00,8.0
LOG214319,W0172,Morning,2025-05-31 09:38:00,2025-05-31 15:38:00,6.0
LOG214321,W0490,Night,2025-03-15 08:18:00,2025-03-15 18:18:00,10.0
LOG214322,W0229,Evening,2025-05-08 14:57:00,2025-05-08 23:57:00,9.0
LOG214324,W0180,Evening,2025-05-28 12:13:00,2025-05-28 22:13:00,10.0
LOG214325,W0445,Evening,2025-06-24 15:41:00,2025-06-25 00:41:00,9.0
LOG214326,W0021,Night,2025-02-04 16:57:00,2025-02-05 02:57:00,10.0
LOG214327,W0352,Evening,2025-05-04 12:33:00,2025-05-04 22:33:00,10.0
LOG214328,W0089,Morning,2025-05-21 07:58:00,2025-05-21 16:58:00,9.0
LOG214329,W0235,Night,2025-06-10 02:04:00,2025-06-10 12:04:00,10.0
LOG214330,W0353,Evening,2025-05-06 15:34:00,2025-05-07 01:34:00,10.0
LOG214331,W0088,Night,2025-06-21 20:28:00,2025-06-22 02:28:00,6.0
LOG214332,W0032,Morning,2025-04-16 09:31:00,2025-04-16 15:31:00,6.0
LOG214333,W0104,Night,2025-02-27 16:36:00,2025-02-28 02:36:00,10.0
LOG214335,W0329,Night,2025-01-10 10:43:00,2025-01-10 16:43:00,6.0
LOG214336,W0267,Morning,2025-05-14 21:17:00,2025-05-15 03:17:00,6.0
LOG214337,W0066,Morning,2025-02-19 22:25:00,2025-02-20 06:25:00,8.0
LOG214338,W0215,Night,2025-05-16 08:43:00,2025-05-16 15:43:00,7.0
LOG214340,W0374,Morning,2025-01-15 09:31:00,2025-01-15 15:31:00,6.0
LOG214341,W0440,Morning,2025-05-06 19:14:00,2025-05-07 02:14:00,7.0
LOG214342,W0448,Night,2025-01-30 16:27:00,2025-01-31 00:27:00,8.0
LOG214343,W0015,Evening,2025-05-05 00:27:00,2025-05-05 09:27:00,9.0
LOG214344,W0109,Evening,2025-06-03 16:37:00,2025-06-04 02:37:00,10.0
LOG214345,W0120,Morning,2025-01-19 11:40:00,2025-01-19 17:40:00,6.0
LOG214351,W0081,Night,2025-02-24 23:04:00,2025-02-25 09:04:00,10.0
LOG214352,W0234,Evening,2025-06-22 09:10:00,2025-06-22 15:10:00,6.0
LOG214354,W0491,Night,2025-04-15 21:22:00,2025-04-16 07:22:00,10.0
LOG214357,W0033,Night,2025-04-12 20:58:00,2025-04-13 03:58:00,7.0
LOG214360,W0113,Night,2025-01-23 23:53:00,2025-01-24 09:53:00,10.0
LOG214362,W0274,Night,2025-03-02 07:27:00,2025-03-02 16:27:00,9.0
LOG214363,W0017,Morning,2025-05-26 14:54:00,2025-05-27 00:54:00,10.0
LOG214365,W0305,Morning,2025-06-04 03:18:00,2025-06-04 11:18:00,8.0
LOG214366,W0388,Evening,2025-02-06 18:13:00,2025-02-07 00:13:00,6.0
LOG214367,W0004,Evening,2025-05-04 05:53:00,2025-05-04 11:53:00,6.0
LOG214368,W0373,Evening,2025-03-15 05:02:00,2025-03-15 12:02:00,7.0
LOG214369,W0432,Night,2025-02-01 08:15:00,2025-02-01 15:15:00,7.0
LOG214370,W0138,Morning,2025-05-16 12:50:00,2025-05-16 21:50:00,9.0
LOG214371,W0357,Morning,2025-01-12 13:37:00,2025-01-12 22:37:00,9.0
LOG214372,W0278,Morning,2025-02-18 04:16:00,2025-02-18 11:16:00,7.0
LOG214373,W0422,Night,2025-04-05 14:29:00,2025-04-06 00:29:00,10.0
LOG214374,W0040,Morning,2025-06-10 06:07:00,2025-06-10 12:07:00,6.0
LOG214375,W0189,Night,2025-04-22 12:09:00,2025-04-22 19:09:00,7.0
LOG214376,W0335,Night,2025-02-22 03:26:00,2025-02-22 10:26:00,7.0
LOG214377,W0016,Evening,2025-05-21 19:04:00,2025-05-22 02:04:00,7.0
LOG214378,W0091,Night,2025-04-11 01:41:00,2025-04-11 09:41:00,8.0
LOG214379,W0429,Evening,2025-03-21 00:21:00,2025-03-21 10:21:00,10.0
LOG214380,W0369,Morning,2025-03-16 02:17:00,2025-03-16 08:17:00,6.0
LOG214381,W0409,Night,2025-04-12 13:29:00,2025-04-12 19:29:00,6.0
LOG214382,W0055,Evening,2025-05-14 04:55:00,2025-05-14 10:55:00,6.0
LOG214383,W0481,Morning,2025-03-18 22:10:00,2025-03-19 06:10:00,8.0
LOG214384,W0015,Morning,2025-05-29 22:43:00,2025-05-30 05:43:00,7.0
LOG214385,W0281,Morning,2025-04-16 02:16:00,2025-04-16 11:16:00,9.0
LOG214386,W0110,Evening,2025-02-24 08:44:00,2025-02-24 15:44:00,7.0
LOG214390,W0478,Night,2025-05-21 02:58:00,2025-05-21 10:58:00,8.0
LOG214391,W0328,Evening,2025-04-17 06:39:00,2025-04-17 12:39:00,6.0
LOG214392,W0478,Evening,2025-04-22 13:28:00,2025-04-22 23:28:00,10.0
LOG214393,W0422,Evening,2025-02-28 04:13:00,2025-02-28 10:13:00,6.0
LOG214394,W0305,Night,2025-04-02 13:24:00,2025-04-02 23:24:00,10.0
LOG214395,W0487,Night,2025-06-02 01:35:00,2025-06-02 11:35:00,10.0
LOG214396,W0251,Night,2025-04-21 13:39:00,2025-04-21 21:39:00,8.0
LOG214397,W0201,Morning,2025-02-28 08:46:00,2025-02-28 14:46:00,6.0
LOG214398,W0084,Evening,2025-01-28 01:18:00,2025-01-28 09:18:00,8.0
LOG214399,W0472,Morning,2025-04-10 06:22:00,2025-04-10 13:22:00,7.0
LOG214400,W0356,Night,2025-04-14 00:02:00,2025-04-14 09:02:00,9.0
LOG214401,W0160,Morning,2025-06-15 23:56:00,2025-06-16 08:56:00,9.0
LOG214402,W0437,Morning,2025-04-07 11:44:00,2025-04-07 18:44:00,7.0
LOG214403,W0142,Night,2025-06-24 04:09:00,2025-06-24 14:09:00,10.0
LOG214404,W0402,Night,2025-04-18 11:31:00,2025-04-18 17:31:00,6.0
LOG214405,W0011,Evening,2025-02-28 04:44:00,2025-02-28 14:44:00,10.0
LOG214407,W0269,Evening,2025-06-10 06:57:00,2025-06-10 15:57:00,9.0
LOG214408,W0269,Evening,2025-04-29 13:41:00,2025-04-29 22:41:00,9.0
LOG214410,W0185,Morning,2025-03-05 06:15:00,2025-03-05 12:15:00,6.0
LOG214411,W0151,Night,2025-06-18 09:30:00,2025-06-18 19:30:00,10.0
LOG214413,W0129,Night,2025-03-10 11:08:00,2025-03-10 18:08:00,7.0
LOG214414,W0256,Morning,2025-06-02 11:18:00,2025-06-02 18:18:00,7.0
LOG214417,W0118,Night,2025-04-19 02:06:00,2025-04-19 11:06:00,9.0
LOG214418,W0415,Evening,2025-01-04 09:50:00,2025-01-04 16:50:00,7.0
LOG214419,W0064,Night,2025-02-01 00:30:00,2025-02-01 09:30:00,9.0
LOG214421,W0483,Night,2025-01-29 00:25:00,2025-01-29 10:25:00,10.0
LOG214423,W0133,Night,2025-05-17 19:31:00,2025-05-18 03:31:00,8.0
LOG214426,W0078,Morning,2025-01-23 08:36:00,2025-01-23 14:36:00,6.0
LOG214427,W0234,Night,2025-06-07 01:11:00,2025-06-07 08:11:00,7.0
LOG214428,W0285,Evening,2025-05-03 13:43:00,2025-05-03 20:43:00,7.0
LOG214429,W0253,Night,2025-04-02 19:02:00,2025-04-03 03:02:00,8.0
LOG214430,W0451,Morning,2025-01-16 19:30:00,2025-01-17 03:30:00,8.0
LOG214431,W0500,Morning,2025-06-08 23:42:00,2025-06-09 09:42:00,10.0
LOG214433,W0039,Night,2025-06-12 01:52:00,2025-06-12 09:52:00,8.0
LOG214434,W0015,Morning,2025-06-22 02:10:00,2025-06-22 11:10:00,9.0
LOG214435,W0131,Night,2025-04-13 06:52:00,2025-04-13 16:52:00,10.0
LOG214438,W0266,Evening,2025-04-24 22:29:00,2025-04-25 07:29:00,9.0
LOG214441,W0149,Night,2025-02-11 15:41:00,2025-02-11 22:41:00,7.0
LOG214442,W0088,Night,2025-05-09 18:02:00,2025-05-10 02:02:00,8.0
LOG214443,W0345,Night,2025-03-31 05:03:00,2025-03-31 13:03:00,8.0
LOG214444,W0007,Evening,2025-03-10 12:02:00,2025-03-10 18:02:00,6.0
LOG214445,W0123,Night,2025-02-11 16:27:00,2025-02-12 02:27:00,10.0
LOG214447,W0426,Night,2025-06-08 01:50:00,2025-06-08 08:50:00,7.0
LOG214448,W0491,Night,2025-01-19 00:11:00,2025-01-19 10:11:00,10.0
LOG214450,W0084,Night,2025-06-25 04:17:00,2025-06-25 14:17:00,10.0
LOG214451,W0182,Night,2025-05-18 15:59:00,2025-05-18 23:59:00,8.0
LOG214452,W0025,Morning,2025-05-15 18:43:00,2025-05-16 01:43:00,7.0
LOG214453,W0055,Morning,2025-02-13 23:03:00,2025-02-14 07:03:00,8.0
LOG214455,W0265,Night,2025-02-10 12:10:00,2025-02-10 20:10:00,8.0
LOG214458,W0020,Morning,2025-06-14 19:51:00,2025-06-15 04:51:00,9.0
LOG214460,W0083,Evening,2025-05-01 17:51:00,2025-05-02 00:51:00,7.0
LOG214462,W0409,Evening,2025-01-26 04:36:00,2025-01-26 10:36:00,6.0
LOG214464,W0281,Night,2025-06-10 20:04:00,2025-06-11 04:04:00,8.0
LOG214465,W0193,Morning,2025-01-01 00:51:00,2025-01-01 08:51:00,8.0
LOG214466,W0009,Night,2025-02-10 20:45:00,2025-02-11 04:45:00,8.0
LOG214469,W0052,Morning,2025-05-09 20:23:00,2025-05-10 02:23:00,6.0
LOG214470,W0191,Morning,2025-05-09 01:30:00,2025-05-09 09:30:00,8.0
LOG214472,W0148,Evening,2025-01-19 08:06:00,2025-01-19 17:06:00,9.0
LOG214473,W0451,Night,2025-02-18 14:39:00,2025-02-18 21:39:00,7.0
LOG214475,W0396,Night,2025-02-11 06:27:00,2025-02-11 13:27:00,7.0
LOG214476,W0384,Night,2025-04-30 05:07:00,2025-04-30 13:07:00,8.0
LOG214477,W0210,Morning,2025-01-29 05:55:00,2025-01-29 14:55:00,9.0
LOG214478,W0219,Evening,2025-06-14 11:13:00,2025-06-14 21:13:00,10.0
LOG214479,W0370,Night,2025-01-11 22:09:00,2025-01-12 04:09:00,6.0
LOG214481,W0351,Morning,2025-06-29 18:46:00,2025-06-30 03:46:00,9.0
LOG214482,W0106,Morning,2025-03-13 01:07:00,2025-03-13 08:07:00,7.0
LOG214483,W0282,Night,2025-04-27 20:15:00,2025-04-28 04:15:00,8.0
LOG214484,W0128,Morning,2025-05-04 20:59:00,2025-05-05 05:59:00,9.0
LOG214486,W0340,Morning,2025-05-12 23:40:00,2025-05-13 08:40:00,9.0
LOG214487,W0037,Night,2025-06-26 05:29:00,2025-06-26 13:29:00,8.0
LOG214488,W0314,Evening,2025-02-19 22:06:00,2025-02-20 04:06:00,6.0
LOG214490,W0297,Night,2025-05-03 11:08:00,2025-05-03 20:08:00,9.0
LOG214491,W0038,Evening,2025-03-15 08:12:00,2025-03-15 14:12:00,6.0
LOG214492,W0080,Evening,2025-06-04 11:08:00,2025-06-04 18:08:00,7.0
LOG214495,W0091,Morning,2025-02-03 20:49:00,2025-02-04 05:49:00,9.0
LOG214496,W0008,Night,2025-03-26 03:59:00,2025-03-26 10:59:00,7.0
LOG214498,W0016,Morning,2025-02-09 22:58:00,2025-02-10 08:58:00,10.0
LOG214500,W0142,Morning,2025-04-01 00:48:00,2025-04-01 07:48:00,7.0
LOG214501,W0105,Morning,2025-02-09 19:47:00,2025-02-10 03:47:00,8.0
LOG214502,W0041,Morning,2025-06-23 23:48:00,2025-06-24 05:48:00,6.0
LOG214504,W0043,Night,2025-02-24 01:41:00,2025-02-24 09:41:00,8.0
LOG214505,W0484,Evening,2025-01-17 18:48:00,2025-01-18 03:48:00,9.0
LOG214509,W0257,Night,2025-06-15 19:09:00,2025-06-16 05:09:00,10.0
LOG214510,W0494,Night,2025-05-23 14:21:00,2025-05-23 23:21:00,9.0
LOG214511,W0309,Morning,2025-05-12 07:01:00,2025-05-12 13:01:00,6.0
LOG214513,W0074,Night,2025-05-10 22:13:00,2025-05-11 04:13:00,6.0
LOG214515,W0435,Morning,2025-03-25 06:15:00,2025-03-25 15:15:00,9.0
LOG214516,W0247,Morning,2025-05-15 23:30:00,2025-05-16 05:30:00,6.0
LOG214517,W0386,Night,2025-06-21 04:08:00,2025-06-21 11:08:00,7.0
LOG214518,W0300,Night,2025-02-22 20:59:00,2025-02-23 02:59:00,6.0
LOG214524,W0477,Morning,2025-01-24 04:09:00,2025-01-24 10:09:00,6.0
LOG214526,W0367,Morning,2025-05-05 03:27:00,2025-05-05 12:27:00,9.0
LOG214527,W0445,Night,2025-01-23 10:31:00,2025-01-23 20:31:00,10.0
LOG214528,W0253,Evening,2025-05-25 05:33:00,2025-05-25 13:33:00,8.0
LOG214530,W0184,Night,2025-05-06 16:08:00,2025-05-07 00:08:00,8.0
LOG214531,W0373,Night,2025-05-23 20:55:00,2025-05-24 03:55:00,7.0
LOG214532,W0406,Night,2025-06-15 22:00:00,2025-06-16 07:00:00,9.0
LOG214533,W0366,Morning,2025-02-17 19:17:00,2025-02-18 02:17:00,7.0
LOG214534,W0049,Night,2025-02-03 05:10:00,2025-02-03 14:10:00,9.0
LOG214535,W0343,Morning,2025-05-02 12:51:00,2025-05-02 20:51:00,8.0
LOG214536,W0351,Evening,2025-06-06 13:39:00,2025-06-06 22:39:00,9.0
LOG214537,W0187,Morning,2025-05-05 19:32:00,2025-05-06 05:32:00,10.0
LOG214538,W0193,Night,2025-02-23 04:21:00,2025-02-23 14:21:00,10.0
LOG214539,W0310,Night,2025-05-11 17:00:00,2025-05-12 03:00:00,10.0
LOG214540,W0237,Morning,2025-02-09 16:14:00,2025-02-09 23:14:00,7.0
LOG214541,W0462,Night,2025-06-28 15:05:00,2025-06-28 22:05:00,7.0
LOG214542,W0442,Night,2025-06-22 20:54:00,2025-06-23 05:54:00,9.0
LOG214543,W0453,Night,2025-06-07 18:27:00,2025-06-08 00:27:00,6.0
LOG214545,W0166,Night,2025-01-16 22:21:00,2025-01-17 04:21:00,6.0
LOG214547,W0195,Morning,2025-02-26 07:57:00,2025-02-26 14:57:00,7.0
LOG214548,W0089,Evening,2025-05-20 10:17:00,2025-05-20 18:17:00,8.0
LOG214549,W0154,Evening,2025-05-13 17:04:00,2025-05-14 02:04:00,9.0
LOG214551,W0047,Evening,2025-06-03 01:08:00,2025-06-03 10:08:00,9.0
LOG214552,W0142,Night,2025-03-25 07:38:00,2025-03-25 16:38:00,9.0
LOG214553,W0031,Evening,2025-05-28 11:58:00,2025-05-28 21:58:00,10.0
LOG214554,W0380,Night,2025-05-01 16:27:00,2025-05-02 01:27:00,9.0
LOG214555,W0316,Evening,2025-05-18 08:45:00,2025-05-18 17:45:00,9.0
LOG214556,W0036,Night,2025-03-15 07:10:00,2025-03-15 17:10:00,10.0
LOG214557,W0334,Morning,2025-01-31 10:02:00,2025-01-31 16:02:00,6.0
LOG214559,W0386,Night,2025-01-10 21:12:00,2025-01-11 06:12:00,9.0
LOG214560,W0185,Night,2025-02-20 05:11:00,2025-02-20 14:11:00,9.0
LOG214561,W0179,Night,2025-04-24 21:06:00,2025-04-25 07:06:00,10.0
LOG214562,W0183,Evening,2025-01-21 07:28:00,2025-01-21 16:28:00,9.0
LOG214563,W0081,Evening,2025-06-25 15:03:00,2025-06-25 21:03:00,6.0
LOG214564,W0178,Evening,2025-05-11 19:47:00,2025-05-12 04:47:00,9.0
LOG214565,W0376,Evening,2025-06-10 22:24:00,2025-06-11 05:24:00,7.0
LOG214566,W0041,Night,2025-02-22 12:57:00,2025-02-22 18:57:00,6.0
LOG214567,W0409,Morning,2025-05-04 23:35:00,2025-05-05 09:35:00,10.0
LOG214568,W0394,Evening,2025-01-21 00:37:00,2025-01-21 10:37:00,10.0
LOG214569,W0134,Night,2025-03-22 13:23:00,2025-03-22 20:23:00,7.0
LOG214571,W0092,Night,2025-01-27 21:42:00,2025-01-28 04:42:00,7.0
LOG214572,W0068,Morning,2025-04-06 17:42:00,2025-04-06 23:42:00,6.0
LOG214573,W0032,Evening,2025-04-10 18:31:00,2025-04-11 01:31:00,7.0
LOG214575,W0368,Night,2025-02-13 09:57:00,2025-02-13 15:57:00,6.0
LOG214576,W0086,Morning,2025-02-24 17:10:00,2025-02-25 03:10:00,10.0
LOG214577,W0337,Morning,2025-03-05 09:42:00,2025-03-05 19:42:00,10.0
LOG214578,W0071,Evening,2025-02-19 09:26:00,2025-02-19 15:26:00,6.0
LOG214579,W0072,Night,2025-01-16 00:05:00,2025-01-16 09:05:00,9.0
LOG214580,W0462,Evening,2025-03-04 00:18:00,2025-03-04 08:18:00,8.0
LOG214583,W0114,Night,2025-04-03 08:24:00,2025-04-03 14:24:00,6.0
LOG214584,W0382,Morning,2025-05-27 10:33:00,2025-05-27 17:33:00,7.0
LOG214586,W0266,Morning,2025-04-06 23:56:00,2025-04-07 07:56:00,8.0
LOG214587,W0005,Evening,2025-05-14 06:56:00,2025-05-14 12:56:00,6.0
LOG214588,W0446,Night,2025-03-30 10:49:00,2025-03-30 17:49:00,7.0
LOG214589,W0491,Night,2025-02-11 07:42:00,2025-02-11 16:42:00,9.0
LOG214590,W0143,Night,2025-05-19 09:21:00,2025-05-19 18:21:00,9.0
LOG214591,W0236,Night,2025-05-14 13:19:00,2025-05-14 19:19:00,6.0
LOG214592,W0126,Morning,2025-03-22 09:48:00,2025-03-22 19:48:00,10.0
LOG214593,W0497,Night,2025-05-03 04:37:00,2025-05-03 13:37:00,9.0
LOG214594,W0112,Night,2025-02-17 01:10:00,2025-02-17 11:10:00,10.0
LOG214595,W0114,Night,2025-01-14 21:48:00,2025-01-15 03:48:00,6.0
LOG214596,W0383,Evening,2025-03-15 22:53:00,2025-03-16 04:53:00,6.0
LOG214597,W0272,Morning,2025-04-07 12:25:00,2025-04-07 18:25:00,6.0
LOG214599,W0039,Evening,2025-02-16 12:28:00,2025-02-16 21:28:00,9.0
LOG214601,W0167,Evening,2025-06-12 12:59:00,2025-06-12 21:59:00,9.0
LOG214602,W0360,Morning,2025-03-11 03:08:00,2025-03-11 10:08:00,7.0
LOG214603,W0398,Evening,2025-05-20 18:10:00,2025-05-21 00:10:00,6.0
LOG214604,W0436,Night,2025-06-18 06:26:00,2025-06-18 12:26:00,6.0
LOG214606,W0352,Night,2025-04-25 02:02:00,2025-04-25 10:02:00,8.0
LOG214607,W0260,Night,2025-03-30 15:48:00,2025-03-30 22:48:00,7.0
LOG214608,W0454,Evening,2025-06-18 20:41:00,2025-06-19 03:41:00,7.0
LOG214609,W0298,Morning,2025-01-03 20:35:00,2025-01-04 06:35:00,10.0
LOG214610,W0074,Night,2025-04-23 13:38:00,2025-04-23 21:38:00,8.0
LOG214611,W0055,Night,2025-04-09 14:34:00,2025-04-09 20:34:00,6.0
LOG214612,W0394,Evening,2025-05-28 06:27:00,2025-05-28 16:27:00,10.0
LOG214613,W0455,Night,2025-05-31 02:18:00,2025-05-31 08:18:00,6.0
LOG214615,W0149,Night,2025-05-30 22:07:00,2025-05-31 07:07:00,9.0
LOG214616,W0268,Night,2025-01-25 04:42:00,2025-01-25 13:42:00,9.0
LOG214617,W0180,Evening,2025-03-04 15:56:00,2025-03-04 23:56:00,8.0
LOG214618,W0104,Evening,2025-02-06 21:01:00,2025-02-07 06:01:00,9.0
LOG214619,W0412,Night,2025-05-14 17:08:00,2025-05-15 03:08:00,10.0
LOG214622,W0160,Night,2025-03-21 22:49:00,2025-03-22 06:49:00,8.0
LOG214624,W0462,Night,2025-05-11 15:46:00,2025-05-11 23:46:00,8.0
LOG214625,W0378,Night,2025-04-29 22:39:00,2025-04-30 08:39:00,10.0
LOG214627,W0001,Morning,2025-05-15 15:02:00,2025-05-16 01:02:00,10.0
LOG214629,W0081,Morning,2025-06-08 07:19:00,2025-06-08 17:19:00,10.0
LOG214630,W0463,Night,2025-03-22 14:31:00,2025-03-22 23:31:00,9.0
LOG214631,W0362,Night,2025-03-15 21:21:00,2025-03-16 07:21:00,10.0
LOG214632,W0428,Night,2025-01-29 05:25:00,2025-01-29 14:25:00,9.0
LOG214633,W0382,Night,2025-03-27 11:11:00,2025-03-27 17:11:00,6.0
LOG214635,W0199,Evening,2025-04-03 15:49:00,2025-04-03 23:49:00,8.0
LOG214636,W0147,Night,2025-05-27 04:39:00,2025-05-27 12:39:00,8.0
LOG214637,W0422,Evening,2025-05-06 12:52:00,2025-05-06 20:52:00,8.0
LOG214638,W0423,Night,2025-06-03 12:07:00,2025-06-03 21:07:00,9.0
LOG214639,W0429,Night,2025-04-21 08:57:00,2025-04-21 16:57:00,8.0
LOG214640,W0479,Evening,2025-04-14 20:35:00,2025-04-15 03:35:00,7.0
LOG214641,W0066,Evening,2025-01-01 23:50:00,2025-01-02 09:50:00,10.0
LOG214642,W0396,Evening,2025-05-10 21:44:00,2025-05-11 07:44:00,10.0
LOG214644,W0122,Evening,2025-03-14 06:08:00,2025-03-14 12:08:00,6.0
LOG214645,W0373,Morning,2025-05-08 09:35:00,2025-05-08 18:35:00,9.0
LOG214646,W0367,Night,2025-05-08 17:17:00,2025-05-09 03:17:00,10.0
LOG214647,W0242,Morning,2025-06-25 15:19:00,2025-06-25 22:19:00,7.0
LOG214648,W0230,Night,2025-03-29 04:13:00,2025-03-29 10:13:00,6.0
LOG214649,W0398,Morning,2025-06-07 16:28:00,2025-06-08 00:28:00,8.0
LOG214652,W0125,Morning,2025-05-23 13:03:00,2025-05-23 23:03:00,10.0
LOG214653,W0378,Night,2025-03-16 14:14:00,2025-03-16 23:14:00,9.0
LOG214654,W0231,Morning,2025-03-04 16:30:00,2025-03-04 23:30:00,7.0
LOG214655,W0157,Night,2025-04-21 12:33:00,2025-04-21 19:33:00,7.0
LOG214656,W0306,Night,2025-01-09 21:18:00,2025-01-10 04:18:00,7.0
LOG214657,W0303,Night,2025-05-11 17:01:00,2025-05-12 01:01:00,8.0
LOG214658,W0084,Night,2025-04-19 07:45:00,2025-04-19 17:45:00,10.0
LOG214659,W0495,Evening,2025-06-15 13:21:00,2025-06-15 21:21:00,8.0
LOG214660,W0370,Night,2025-03-30 15:56:00,2025-03-31 01:56:00,10.0
LOG214661,W0347,Night,2025-02-10 03:28:00,2025-02-10 09:28:00,6.0
LOG214662,W0137,Night,2025-03-20 23:26:00,2025-03-21 05:26:00,6.0
LOG214663,W0185,Night,2025-01-19 09:42:00,2025-01-19 16:42:00,7.0
LOG214665,W0223,Night,2025-04-20 03:50:00,2025-04-20 11:50:00,8.0
LOG214666,W0055,Night,2025-03-05 11:26:00,2025-03-05 21:26:00,10.0
LOG214669,W0419,Evening,2025-04-04 14:22:00,2025-04-05 00:22:00,10.0
LOG214670,W0376,Night,2025-06-07 06:33:00,2025-06-07 15:33:00,9.0
LOG214671,W0454,Night,2025-03-08 09:48:00,2025-03-08 19:48:00,10.0
LOG214672,W0075,Evening,2025-01-03 06:34:00,2025-01-03 16:34:00,10.0
LOG214675,W0261,Night,2025-03-24 23:44:00,2025-03-25 07:44:00,8.0
LOG214676,W0182,Morning,2025-01-10 04:23:00,2025-01-10 14:23:00,10.0
LOG214678,W0228,Night,2025-06-08 19:21:00,2025-06-09 05:21:00,10.0
LOG214679,W0281,Evening,2025-03-28 00:31:00,2025-03-28 07:31:00,7.0
LOG214680,W0250,Evening,2025-02-07 22:00:00,2025-02-08 06:00:00,8.0
LOG214684,W0118,Evening,2025-03-16 13:58:00,2025-03-16 21:58:00,8.0
LOG214685,W0260,Night,2025-03-12 15:37:00,2025-03-13 00:37:00,9.0
LOG214687,W0326,Night,2025-05-11 00:25:00,2025-05-11 06:25:00,6.0
LOG214689,W0318,Morning,2025-03-04 06:33:00,2025-03-04 12:33:00,6.0
LOG214690,W0262,Evening,2025-02-04 03:18:00,2025-02-04 13:18:00,10.0
LOG214691,W0444,Evening,2025-01-04 18:22:00,2025-01-05 01:22:00,7.0
LOG214692,W0494,Morning,2025-01-31 04:41:00,2025-01-31 12:41:00,8.0
LOG214693,W0168,Morning,2025-06-20 23:08:00,2025-06-21 07:08:00,8.0
LOG214694,W0439,Night,2025-04-07 15:54:00,2025-04-07 21:54:00,6.0
LOG214696,W0442,Night,2025-04-04 13:42:00,2025-04-04 22:42:00,9.0
LOG214698,W0162,Morning,2025-04-25 23:17:00,2025-04-26 05:17:00,6.0
LOG214701,W0043,Morning,2025-02-28 14:17:00,2025-02-28 20:17:00,6.0
LOG214702,W0289,Evening,2025-02-01 12:10:00,2025-02-01 18:10:00,6.0
LOG214703,W0276,Night,2025-03-14 01:21:00,2025-03-14 08:21:00,7.0
LOG214705,W0461,Night,2025-05-10 09:41:00,2025-05-10 17:41:00,8.0
LOG214706,W0458,Night,2025-01-10 18:44:00,2025-01-11 04:44:00,10.0
LOG214707,W0099,Evening,2025-05-29 23:52:00,2025-05-30 07:52:00,8.0
LOG214709,W0354,Evening,2025-06-17 19:26:00,2025-06-18 04:26:00,9.0
LOG214710,W0318,Evening,2025-03-29 03:22:00,2025-03-29 09:22:00,6.0
LOG214711,W0462,Evening,2025-03-05 21:05:00,2025-03-06 06:05:00,9.0
LOG214712,W0415,Night,2025-04-12 06:49:00,2025-04-12 12:49:00,6.0
LOG214713,W0473,Evening,2025-05-13 15:42:00,2025-05-13 22:42:00,7.0
LOG214714,W0416,Morning,2025-05-08 23:25:00,2025-05-09 09:25:00,10.0
LOG214715,W0198,Morning,2025-06-17 22:02:00,2025-06-18 05:02:00,7.0
LOG214716,W0016,Evening,2025-04-11 18:37:00,2025-04-12 00:37:00,6.0
LOG214717,W0258,Night,2025-06-05 11:31:00,2025-06-05 18:31:00,7.0
LOG214718,W0175,Morning,2025-06-14 04:45:00,2025-06-14 13:45:00,9.0
LOG214719,W0293,Evening,2025-02-24 05:27:00,2025-02-24 11:27:00,6.0
LOG214720,W0145,Morning,2025-02-14 02:20:00,2025-02-14 09:20:00,7.0
LOG214721,W0468,Night,2025-06-28 15:41:00,2025-06-29 00:41:00,9.0
LOG214722,W0475,Morning,2025-02-17 19:30:00,2025-02-18 01:30:00,6.0
LOG214723,W0008,Night,2025-06-09 16:57:00,2025-06-09 23:57:00,7.0
LOG214724,W0026,Night,2025-01-21 02:01:00,2025-01-21 09:01:00,7.0
LOG214725,W0232,Night,2025-01-17 05:25:00,2025-01-17 14:25:00,9.0
LOG214726,W0312,Evening,2025-04-29 09:12:00,2025-04-29 18:12:00,9.0
LOG214727,W0103,Morning,2025-02-15 08:05:00,2025-02-15 14:05:00,6.0
LOG214728,W0406,Morning,2025-04-30 21:02:00,2025-05-01 07:02:00,10.0
LOG214729,W0288,Morning,2025-06-28 03:21:00,2025-06-28 11:21:00,8.0
LOG214731,W0187,Night,2025-01-14 12:43:00,2025-01-14 20:43:00,8.0
LOG214733,W0471,Night,2025-06-14 06:17:00,2025-06-14 15:17:00,9.0
LOG214734,W0427,Evening,2025-01-27 01:58:00,2025-01-27 09:58:00,8.0
LOG214735,W0059,Night,2025-04-27 09:28:00,2025-04-27 16:28:00,7.0
LOG214736,W0475,Evening,2025-03-27 17:08:00,2025-03-27 23:08:00,6.0
LOG214738,W0270,Morning,2025-06-12 10:58:00,2025-06-12 20:58:00,10.0
LOG214739,W0294,Night,2025-03-02 22:44:00,2025-03-03 05:44:00,7.0
LOG214740,W0209,Night,2025-05-31 11:23:00,2025-05-31 20:23:00,9.0
LOG214741,W0296,Night,2025-06-14 15:33:00,2025-06-15 00:33:00,9.0
LOG214745,W0172,Night,2025-03-27 02:29:00,2025-03-27 08:29:00,6.0
LOG214746,W0336,Morning,2025-01-09 22:38:00,2025-01-10 06:38:00,8.0
LOG214747,W0015,Morning,2025-05-28 14:49:00,2025-05-28 22:49:00,8.0
LOG214748,W0237,Night,2025-01-22 17:42:00,2025-01-23 02:42:00,9.0
LOG214749,W0476,Night,2025-04-08 01:06:00,2025-04-08 08:06:00,7.0
LOG214750,W0234,Night,2025-03-15 16:39:00,2025-03-15 23:39:00,7.0
LOG214751,W0386,Morning,2025-06-24 07:11:00,2025-06-24 16:11:00,9.0
LOG214752,W0465,Night,2025-04-17 09:18:00,2025-04-17 19:18:00,10.0
LOG214753,W0227,Morning,2025-03-12 09:56:00,2025-03-12 19:56:00,10.0
LOG214755,W0266,Morning,2025-01-02 05:31:00,2025-01-02 11:31:00,6.0
LOG214756,W0306,Evening,2025-01-01 22:51:00,2025-01-02 08:51:00,10.0
LOG214757,W0370,Night,2025-01-09 08:18:00,2025-01-09 16:18:00,8.0
LOG214759,W0264,Night,2025-04-25 15:34:00,2025-04-26 01:34:00,10.0
LOG214760,W0395,Night,2025-01-01 03:38:00,2025-01-01 09:38:00,6.0
LOG214761,W0426,Evening,2025-02-18 19:45:00,2025-02-19 05:45:00,10.0
LOG214762,W0475,Morning,2025-02-24 23:54:00,2025-02-25 05:54:00,6.0
LOG214763,W0278,Evening,2025-05-03 19:12:00,2025-05-04 04:12:00,9.0
LOG214764,W0358,Night,2025-02-08 14:52:00,2025-02-08 20:52:00,6.0
LOG214765,W0337,Night,2025-04-13 08:06:00,2025-04-13 18:06:00,10.0
LOG214766,W0397,Night,2025-05-24 05:14:00,2025-05-24 11:14:00,6.0
LOG214767,W0343,Night,2025-01-07 03:00:00,2025-01-07 13:00:00,10.0
LOG214768,W0269,Morning,2025-03-10 00:41:00,2025-03-10 06:41:00,6.0
LOG214769,W0192,Night,2025-04-29 06:27:00,2025-04-29 14:27:00,8.0
LOG214770,W0029,Night,2025-06-11 23:49:00,2025-06-12 05:49:00,6.0
LOG214771,W0228,Night,2025-06-13 11:17:00,2025-06-13 17:17:00,6.0
LOG214772,W0439,Evening,2025-06-16 21:47:00,2025-06-17 07:47:00,10.0
LOG214774,W0031,Night,2025-04-10 06:46:00,2025-04-10 14:46:00,8.0
LOG214776,W0249,Morning,2025-06-08 00:39:00,2025-06-08 06:39:00,6.0
LOG214777,W0457,Night,2025-02-03 13:35:00,2025-02-03 20:35:00,7.0
LOG214778,W0299,Evening,2025-04-17 02:27:00,2025-04-17 08:27:00,6.0
LOG214779,W0008,Night,2025-01-10 16:39:00,2025-01-11 01:39:00,9.0
LOG214780,W0137,Night,2025-01-17 17:53:00,2025-01-18 01:53:00,8.0
LOG214781,W0265,Evening,2025-03-19 09:29:00,2025-03-19 19:29:00,10.0
LOG214782,W0333,Night,2025-05-24 01:44:00,2025-05-24 08:44:00,7.0
LOG214783,W0303,Morning,2025-06-04 04:13:00,2025-06-04 13:13:00,9.0
LOG214784,W0342,Night,2025-06-17 16:19:00,2025-06-18 02:19:00,10.0
LOG214785,W0245,Morning,2025-06-24 16:53:00,2025-06-25 00:53:00,8.0
LOG214787,W0252,Evening,2025-02-21 13:48:00,2025-02-21 19:48:00,6.0
LOG214789,W0471,Night,2025-02-23 07:27:00,2025-02-23 16:27:00,9.0
LOG214792,W0259,Night,2025-05-08 14:58:00,2025-05-08 21:58:00,7.0
LOG214794,W0248,Night,2025-06-05 08:07:00,2025-06-05 16:07:00,8.0
LOG214795,W0496,Morning,2025-02-20 12:03:00,2025-02-20 21:03:00,9.0
LOG214796,W0478,Evening,2025-03-19 00:48:00,2025-03-19 06:48:00,6.0
LOG214797,W0421,Evening,2025-05-24 08:26:00,2025-05-24 16:26:00,8.0
LOG214798,W0004,Morning,2025-03-26 23:33:00,2025-03-27 07:33:00,8.0
LOG214800,W0017,Morning,2025-01-02 01:52:00,2025-01-02 09:52:00,8.0
LOG214801,W0244,Night,2025-06-16 17:11:00,2025-06-17 03:11:00,10.0
LOG214805,W0090,Evening,2025-01-29 10:22:00,2025-01-29 19:22:00,9.0
LOG214806,W0040,Morning,2025-06-08 14:11:00,2025-06-08 20:11:00,6.0
LOG214807,W0268,Morning,2025-01-17 01:39:00,2025-01-17 07:39:00,6.0
LOG214808,W0302,Morning,2025-05-01 09:02:00,2025-05-01 18:02:00,9.0
LOG214809,W0346,Evening,2025-05-31 11:05:00,2025-05-31 18:05:00,7.0
LOG214810,W0216,Night,2025-06-28 01:43:00,2025-06-28 10:43:00,9.0
LOG214812,W0133,Night,2025-01-08 20:48:00,2025-01-09 04:48:00,8.0
LOG214814,W0170,Evening,2025-02-04 11:32:00,2025-02-04 17:32:00,6.0
LOG214818,W0215,Morning,2025-01-31 12:42:00,2025-01-31 22:42:00,10.0
LOG214819,W0225,Evening,2025-02-04 09:16:00,2025-02-04 18:16:00,9.0
LOG214820,W0052,Night,2025-01-23 03:30:00,2025-01-23 13:30:00,10.0
LOG214821,W0179,Evening,2025-06-20 21:05:00,2025-06-21 07:05:00,10.0
LOG214822,W0246,Night,2025-01-02 19:24:00,2025-01-03 05:24:00,10.0
LOG214823,W0380,Night,2025-06-15 03:32:00,2025-06-15 09:32:00,6.0
LOG214824,W0092,Night,2025-05-21 22:46:00,2025-05-22 05:46:00,7.0
LOG214826,W0048,Morning,2025-05-31 21:02:00,2025-06-01 04:02:00,7.0
LOG214827,W0216,Night,2025-06-03 18:04:00,2025-06-04 00:04:00,6.0
LOG214829,W0379,Night,2025-06-26 07:24:00,2025-06-26 15:24:00,8.0
LOG214830,W0340,Night,2025-04-02 21:40:00,2025-04-03 06:40:00,9.0
LOG214831,W0335,Morning,2025-03-29 14:40:00,2025-03-29 21:40:00,7.0
LOG214832,W0255,Night,2025-06-28 09:51:00,2025-06-28 17:51:00,8.0
LOG214833,W0241,Night,2025-01-05 09:36:00,2025-01-05 15:36:00,6.0
LOG214834,W0271,Morning,2025-03-19 05:09:00,2025-03-19 14:09:00,9.0
LOG214835,W0247,Evening,2025-06-29 13:52:00,2025-06-29 20:52:00,7.0
LOG214837,W0225,Night,2025-02-15 09:42:00,2025-02-15 15:42:00,6.0
LOG214839,W0328,Night,2025-05-03 21:11:00,2025-05-04 04:11:00,7.0
LOG214840,W0078,Evening,2025-05-03 04:44:00,2025-05-03 10:44:00,6.0
LOG214843,W0189,Morning,2025-05-17 15:04:00,2025-05-17 21:04:00,6.0
LOG214844,W0204,Night,2025-04-27 21:50:00,2025-04-28 05:50:00,8.0
LOG214845,W0005,Night,2025-06-08 03:59:00,2025-06-08 09:59:00,6.0
LOG214846,W0033,Evening,2025-04-16 05:17:00,2025-04-16 12:17:00,7.0
LOG214847,W0404,Night,2025-02-15 09:32:00,2025-02-15 18:32:00,9.0
LOG214848,W0078,Night,2025-01-30 18:52:00,2025-01-31 03:52:00,9.0
LOG214850,W0115,Night,2025-01-29 19:33:00,2025-01-30 04:33:00,9.0
LOG214851,W0193,Evening,2025-02-03 01:15:00,2025-02-03 10:15:00,9.0
LOG214853,W0319,Morning,2025-02-24 07:10:00,2025-02-24 13:10:00,6.0
LOG214854,W0212,Evening,2025-01-05 11:40:00,2025-01-05 21:40:00,10.0
LOG214855,W0293,Morning,2025-02-08 21:36:00,2025-02-09 07:36:00,10.0
LOG214856,W0328,Night,2025-05-13 06:42:00,2025-05-13 12:42:00,6.0
LOG214857,W0260,Morning,2025-01-21 01:55:00,2025-01-21 09:55:00,8.0
LOG214858,W0101,Night,2025-02-14 02:36:00,2025-02-14 09:36:00,7.0
LOG214859,W0027,Night,2025-06-26 08:53:00,2025-06-26 17:53:00,9.0
LOG214860,W0457,Evening,2025-05-11 10:18:00,2025-05-11 18:18:00,8.0
LOG214861,W0036,Morning,2025-04-05 14:26:00,2025-04-05 22:26:00,8.0
LOG214862,W0386,Night,2025-06-26 09:23:00,2025-06-26 19:23:00,10.0
LOG214863,W0210,Night,2025-01-26 02:24:00,2025-01-26 11:24:00,9.0
LOG214865,W0375,Evening,2025-06-29 16:33:00,2025-06-30 02:33:00,10.0
LOG214867,W0066,Morning,2025-01-25 16:47:00,2025-01-25 23:47:00,7.0
LOG214868,W0053,Night,2025-01-22 15:27:00,2025-01-23 00:27:00,9.0
LOG214869,W0413,Night,2025-05-22 21:56:00,2025-05-23 05:56:00,8.0
LOG214870,W0184,Evening,2025-01-25 21:03:00,2025-01-26 07:03:00,10.0
LOG214871,W0281,Evening,2025-05-17 11:38:00,2025-05-17 19:38:00,8.0
LOG214872,W0337,Evening,2025-06-07 14:01:00,2025-06-08 00:01:00,10.0
LOG214873,W0418,Night,2025-05-24 09:05:00,2025-05-24 16:05:00,7.0
LOG214875,W0371,Night,2025-04-11 20:04:00,2025-04-12 02:04:00,6.0
LOG214876,W0299,Night,2025-03-28 22:36:00,2025-03-29 06:36:00,8.0
LOG214877,W0387,Night,2025-04-22 05:20:00,2025-04-22 15:20:00,10.0
LOG214878,W0297,Night,2025-03-26 03:34:00,2025-03-26 10:34:00,7.0
LOG214879,W0128,Morning,2025-02-01 05:07:00,2025-02-01 12:07:00,7.0
LOG214880,W0152,Morning,2025-06-21 05:17:00,2025-06-21 12:17:00,7.0
LOG214881,W0363,Evening,2025-02-16 12:45:00,2025-02-16 18:45:00,6.0
LOG214883,W0357,Evening,2025-04-05 09:44:00,2025-04-05 15:44:00,6.0
LOG214885,W0185,Night,2025-02-18 20:59:00,2025-02-19 03:59:00,7.0
LOG214887,W0449,Night,2025-01-04 00:29:00,2025-01-04 06:29:00,6.0
LOG214888,W0241,Evening,2025-03-13 04:39:00,2025-03-13 14:39:00,10.0
LOG214890,W0468,Night,2025-02-14 07:09:00,2025-02-14 16:09:00,9.0
LOG214891,W0405,Morning,2025-05-01 22:53:00,2025-05-02 07:53:00,9.0
LOG214892,W0002,Morning,2025-03-29 07:23:00,2025-03-29 17:23:00,10.0
LOG214893,W0152,Evening,2025-03-22 16:59:00,2025-03-23 01:59:00,9.0
LOG214894,W0130,Evening,2025-01-21 10:14:00,2025-01-21 17:14:00,7.0
LOG214895,W0219,Night,2025-01-13 16:11:00,2025-01-13 23:11:00,7.0
LOG214896,W0068,Morning,2025-05-11 19:32:00,2025-05-12 04:32:00,9.0
LOG214897,W0268,Morning,2025-05-26 05:23:00,2025-05-26 12:23:00,7.0
LOG214898,W0219,Night,2025-05-10 21:11:00,2025-05-11 06:11:00,9.0
LOG214899,W0341,Evening,2025-03-07 13:41:00,2025-03-07 23:41:00,10.0
LOG214900,W0096,Morning,2025-04-16 06:40:00,2025-04-16 15:40:00,9.0
LOG214901,W0184,Night,2025-05-10 20:26:00,2025-05-11 05:26:00,9.0
LOG214903,W0086,Evening,2025-06-15 23:50:00,2025-06-16 09:50:00,10.0
LOG214905,W0405,Night,2025-04-22 03:54:00,2025-04-22 12:54:00,9.0
LOG214907,W0335,Night,2025-04-21 12:12:00,2025-04-21 21:12:00,9.0
LOG214908,W0247,Night,2025-06-06 07:23:00,2025-06-06 13:23:00,6.0
LOG214910,W0039,Evening,2025-05-30 06:54:00,2025-05-30 16:54:00,10.0
LOG214911,W0208,Night,2025-06-15 01:33:00,2025-06-15 10:33:00,9.0
LOG214912,W0151,Night,2025-02-12 21:36:00,2025-02-13 05:36:00,8.0
LOG214913,W0328,Morning,2025-06-07 10:29:00,2025-06-07 18:29:00,8.0
LOG214914,W0374,Night,2025-03-12 15:19:00,2025-03-12 23:19:00,8.0
LOG214916,W0259,Morning,2025-04-22 12:24:00,2025-04-22 19:24:00,7.0
LOG214919,W0131,Evening,2025-04-07 14:47:00,2025-04-07 20:47:00,6.0
LOG214922,W0009,Night,2025-03-15 07:39:00,2025-03-15 15:39:00,8.0
LOG214924,W0245,Night,2025-04-29 19:49:00,2025-04-30 04:49:00,9.0
LOG214926,W0446,Morning,2025-01-21 11:38:00,2025-01-21 19:38:00,8.0
LOG214927,W0409,Evening,2025-06-24 13:07:00,2025-06-24 21:07:00,8.0
LOG214931,W0115,Morning,2025-04-04 09:53:00,2025-04-04 18:53:00,9.0
LOG214932,W0402,Evening,2025-02-26 11:44:00,2025-02-26 17:44:00,6.0
LOG214933,W0386,Night,2025-05-05 11:45:00,2025-05-05 21:45:00,10.0
LOG214934,W0069,Night,2025-04-15 23:51:00,2025-04-16 05:51:00,6.0
LOG214935,W0029,Night,2025-06-02 10:05:00,2025-06-02 18:05:00,8.0
LOG214937,W0367,Night,2025-03-22 22:38:00,2025-03-23 04:38:00,6.0
LOG214938,W0164,Evening,2025-04-21 06:59:00,2025-04-21 15:59:00,9.0
LOG214940,W0061,Evening,2025-01-05 04:01:00,2025-01-05 14:01:00,10.0
LOG214941,W0098,Evening,2025-02-24 11:32:00,2025-02-24 18:32:00,7.0
LOG214942,W0171,Night,2025-05-04 06:41:00,2025-05-04 16:41:00,10.0
LOG214943,W0479,Morning,2025-02-04 09:37:00,2025-02-04 19:37:00,10.0
LOG214944,W0435,Morning,2025-06-26 06:16:00,2025-06-26 12:16:00,6.0
LOG214945,W0330,Morning,2025-01-18 00:10:00,2025-01-18 10:10:00,10.0
LOG214946,W0244,Evening,2025-05-10 15:36:00,2025-05-10 22:36:00,7.0
LOG214947,W0285,Morning,2025-05-29 02:02:00,2025-05-29 08:02:00,6.0
LOG214949,W0187,Morning,2025-04-17 06:53:00,2025-04-17 12:53:00,6.0
LOG214951,W0146,Evening,2025-05-29 02:08:00,2025-05-29 11:08:00,9.0
LOG214952,W0098,Evening,2025-05-20 00:09:00,2025-05-20 10:09:00,10.0
LOG214953,W0372,Night,2025-03-05 16:56:00,2025-03-05 23:56:00,7.0
LOG214955,W0260,Evening,2025-02-17 15:10:00,2025-02-17 23:10:00,8.0
LOG214956,W0111,Evening,2025-01-15 12:45:00,2025-01-15 18:45:00,6.0
LOG214957,W0232,Evening,2025-03-03 20:41:00,2025-03-04 04:41:00,8.0
LOG214958,W0189,Morning,2025-01-12 15:56:00,2025-01-12 23:56:00,8.0
LOG214959,W0236,Night,2025-01-25 14:51:00,2025-01-25 23:51:00,9.0
LOG214960,W0078,Evening,2025-04-05 20:19:00,2025-04-06 03:19:00,7.0
LOG214961,W0176,Evening,2025-06-04 09:58:00,2025-06-04 19:58:00,10.0
LOG214964,W0202,Evening,2025-02-12 19:48:00,2025-02-13 01:48:00,6.0
LOG214966,W0289,Morning,2025-01-16 00:11:00,2025-01-16 08:11:00,8.0
LOG214967,W0224,Evening,2025-05-07 15:12:00,2025-05-07 22:12:00,7.0
LOG214969,W0367,Evening,2025-01-07 07:37:00,2025-01-07 15:37:00,8.0
LOG214971,W0396,Morning,2025-02-20 01:09:00,2025-02-20 08:09:00,7.0
LOG214972,W0328,Morning,2025-04-15 13:31:00,2025-04-15 19:31:00,6.0
LOG214973,W0077,Night,2025-03-31 17:08:00,2025-04-01 03:08:00,10.0
LOG214975,W0304,Evening,2025-06-12 09:52:00,2025-06-12 17:52:00,8.0
LOG214976,W0365,Night,2025-03-06 10:47:00,2025-03-06 16:47:00,6.0
LOG214977,W0062,Morning,2025-06-13 11:55:00,2025-06-13 21:55:00,10.0
LOG214978,W0347,Night,2025-01-05 06:46:00,2025-01-05 13:46:00,7.0
LOG214981,W0413,Night,2025-04-28 11:08:00,2025-04-28 17:08:00,6.0
LOG214982,W0010,Morning,2025-06-12 17:30:00,2025-06-13 03:30:00,10.0
LOG214983,W0125,Morning,2025-02-19 09:52:00,2025-02-19 16:52:00,7.0
LOG214984,W0259,Night,2025-05-28 19:27:00,2025-05-29 04:27:00,9.0
LOG214985,W0406,Night,2025-04-03 22:19:00,2025-04-04 08:19:00,10.0
LOG214986,W0311,Night,2025-03-03 14:20:00,2025-03-03 20:20:00,6.0
LOG214987,W0169,Evening,2025-06-02 14:20:00,2025-06-02 21:20:00,7.0
LOG214988,W0212,Evening,2025-03-11 04:58:00,2025-03-11 13:58:00,9.0
LOG214989,W0333,Night,2025-02-09 18:24:00,2025-02-10 01:24:00,7.0
LOG214991,W0317,Night,2025-01-27 19:03:00,2025-01-28 03:03:00,8.0
LOG214992,W0216,Morning,2025-02-18 06:26:00,2025-02-18 14:26:00,8.0
LOG214993,W0062,Night,2025-06-19 02:03:00,2025-06-19 09:03:00,7.0
LOG214994,W0427,Evening,2025-03-26 22:00:00,2025-03-27 05:00:00,7.0
LOG214995,W0131,Evening,2025-04-15 15:15:00,2025-04-15 21:15:00,6.0
LOG214996,W0388,Night,2025-03-04 10:54:00,2025-03-04 18:54:00,8.0
LOG214997,W0277,Evening,2025-01-19 11:13:00,2025-01-19 18:13:00,7.0
LOG215000,W0107,Evening,2025-02-08 10:32:00,2025-02-08 19:32:00,9.0
LOG215002,W0047,Night,2025-03-01 11:27:00,2025-03-01 19:27:00,8.0
LOG215003,W0335,Morning,2025-05-20 22:44:00,2025-05-21 08:44:00,10.0
LOG215004,W0392,Morning,2025-02-25 20:40:00,2025-02-26 05:40:00,9.0
LOG215005,W0073,Evening,2025-05-29 22:36:00,2025-05-30 04:36:00,6.0
LOG215007,W0078,Evening,2025-05-02 20:57:00,2025-05-03 03:57:00,7.0
LOG215008,W0014,Night,2025-01-13 04:14:00,2025-01-13 11:14:00,7.0
LOG215009,W0368,Night,2025-05-11 22:49:00,2025-05-12 07:49:00,9.0
LOG215010,W0163,Morning,2025-04-10 11:36:00,2025-04-10 18:36:00,7.0
LOG215011,W0359,Evening,2025-02-07 19:12:00,2025-02-08 04:12:00,9.0
LOG215013,W0118,Night,2025-05-19 08:46:00,2025-05-19 16:46:00,8.0
LOG215015,W0152,Evening,2025-03-01 08:45:00,2025-03-01 15:45:00,7.0
LOG215017,W0482,Night,2025-01-30 12:03:00,2025-01-30 21:03:00,9.0
LOG215019,W0166,Night,2025-01-29 13:31:00,2025-01-29 23:31:00,10.0
LOG215020,W0015,Night,2025-06-22 13:06:00,2025-06-22 20:06:00,7.0
LOG215021,W0371,Night,2025-06-25 03:37:00,2025-06-25 10:37:00,7.0
LOG215022,W0003,Evening,2025-06-04 13:06:00,2025-06-04 19:06:00,6.0
LOG215023,W0082,Night,2025-06-05 02:31:00,2025-06-05 09:31:00,7.0
LOG215024,W0220,Evening,2025-03-12 15:43:00,2025-03-12 21:43:00,6.0
LOG215025,W0343,Morning,2025-06-20 22:12:00,2025-06-21 05:12:00,7.0
LOG215026,W0112,Night,2025-04-07 13:54:00,2025-04-07 20:54:00,7.0
LOG215027,W0131,Morning,2025-03-23 22:29:00,2025-03-24 06:29:00,8.0
LOG215028,W0343,Night,2025-06-03 10:57:00,2025-06-03 16:57:00,6.0
LOG215030,W0423,Evening,2025-01-01 09:32:00,2025-01-01 16:32:00,7.0
LOG215031,W0119,Night,2025-02-18 20:14:00,2025-02-19 05:14:00,9.0
LOG215033,W0303,Night,2025-04-02 01:58:00,2025-04-02 07:58:00,6.0
LOG215034,W0030,Morning,2025-05-25 05:45:00,2025-05-25 13:45:00,8.0
LOG215035,W0387,Morning,2025-06-17 06:17:00,2025-06-17 16:17:00,10.0
LOG215038,W0337,Evening,2025-04-13 16:52:00,2025-04-14 00:52:00,8.0
LOG215039,W0286,Night,2025-05-26 17:29:00,2025-05-27 00:29:00,7.0
LOG215041,W0236,Night,2025-01-09 00:21:00,2025-01-09 10:21:00,10.0
LOG215042,W0176,Morning,2025-05-12 23:49:00,2025-05-13 07:49:00,8.0
LOG215043,W0173,Morning,2025-03-09 20:02:00,2025-03-10 05:02:00,9.0
LOG215044,W0029,Evening,2025-01-10 12:29:00,2025-01-10 21:29:00,9.0
LOG215046,W0353,Night,2025-06-07 08:29:00,2025-06-07 14:29:00,6.0
LOG215048,W0395,Night,2025-02-08 17:34:00,2025-02-08 23:34:00,6.0
LOG215049,W0471,Night,2025-02-24 02:03:00,2025-02-24 08:03:00,6.0
LOG215052,W0394,Night,2025-06-18 12:25:00,2025-06-18 18:25:00,6.0
LOG215053,W0451,Evening,2025-05-07 21:31:00,2025-05-08 03:31:00,6.0
LOG215056,W0064,Evening,2025-02-07 21:51:00,2025-02-08 05:51:00,8.0
LOG215057,W0392,Night,2025-01-12 12:19:00,2025-01-12 21:19:00,9.0
LOG215059,W0340,Night,2025-04-05 08:18:00,2025-04-05 15:18:00,7.0
LOG215061,W0159,Night,2025-01-27 20:42:00,2025-01-28 05:42:00,9.0
LOG215062,W0185,Night,2025-03-26 11:33:00,2025-03-26 19:33:00,8.0
LOG215063,W0049,Morning,2025-02-27 00:14:00,2025-02-27 06:14:00,6.0
LOG215065,W0198,Night,2025-05-26 10:42:00,2025-05-26 20:42:00,10.0
LOG215066,W0129,Evening,2025-06-18 20:23:00,2025-06-19 05:23:00,9.0
LOG215067,W0295,Night,2025-06-04 17:56:00,2025-06-05 03:56:00,10.0
LOG215068,W0067,Morning,2025-06-24 01:46:00,2025-06-24 10:46:00,9.0
LOG215069,W0454,Night,2025-02-28 06:52:00,2025-02-28 12:52:00,6.0
LOG215070,W0131,Morning,2025-05-02 07:59:00,2025-05-02 14:59:00,7.0
LOG215071,W0319,Night,2025-04-19 08:34:00,2025-04-19 18:34:00,10.0
LOG215075,W0297,Night,2025-02-26 01:22:00,2025-02-26 08:22:00,7.0
LOG215076,W0315,Morning,2025-06-10 09:17:00,2025-06-10 17:17:00,8.0
LOG215077,W0223,Morning,2025-06-01 22:13:00,2025-06-02 08:13:00,10.0
LOG215079,W0378,Evening,2025-06-27 15:22:00,2025-06-28 00:22:00,9.0
LOG215080,W0214,Morning,2025-06-12 08:13:00,2025-06-12 16:13:00,8.0
LOG215081,W0482,Night,2025-03-01 16:16:00,2025-03-01 23:16:00,7.0
LOG215082,W0351,Morning,2025-03-15 21:03:00,2025-03-16 07:03:00,10.0
LOG215083,W0047,Morning,2025-04-27 16:55:00,2025-04-28 02:55:00,10.0
LOG215085,W0069,Evening,2025-01-03 17:09:00,2025-01-04 01:09:00,8.0
LOG215086,W0287,Morning,2025-02-27 05:06:00,2025-02-27 15:06:00,10.0
LOG215087,W0490,Night,2025-04-17 18:51:00,2025-04-18 02:51:00,8.0
LOG215088,W0462,Evening,2025-03-07 23:59:00,2025-03-08 07:59:00,8.0
LOG215089,W0208,Morning,2025-01-17 06:21:00,2025-01-17 16:21:00,10.0
LOG215091,W0465,Night,2025-02-01 07:55:00,2025-02-01 15:55:00,8.0
LOG215092,W0326,Night,2025-05-27 20:34:00,2025-05-28 05:34:00,9.0
LOG215093,W0237,Evening,2025-05-14 03:48:00,2025-05-14 10:48:00,7.0
LOG215095,W0190,Evening,2025-03-18 22:28:00,2025-03-19 07:28:00,9.0
LOG215096,W0418,Night,2025-06-24 09:42:00,2025-06-24 18:42:00,9.0
LOG215098,W0125,Night,2025-02-25 12:29:00,2025-02-25 21:29:00,9.0
LOG215099,W0418,Night,2025-02-22 01:08:00,2025-02-22 10:08:00,9.0
LOG215102,W0171,Evening,2025-05-17 17:10:00,2025-05-17 23:10:00,6.0
LOG215103,W0292,Morning,2025-03-07 23:15:00,2025-03-08 05:15:00,6.0
LOG215104,W0470,Evening,2025-06-25 04:56:00,2025-06-25 13:56:00,9.0
LOG215105,W0474,Night,2025-05-12 03:31:00,2025-05-12 10:31:00,7.0
LOG215107,W0473,Night,2025-06-02 00:42:00,2025-06-02 08:42:00,8.0
LOG215109,W0125,Evening,2025-05-07 22:26:00,2025-05-08 05:26:00,7.0
LOG215110,W0334,Morning,2025-01-19 08:25:00,2025-01-19 17:25:00,9.0
LOG215111,W0351,Evening,2025-02-28 06:54:00,2025-02-28 16:54:00,10.0
LOG215112,W0051,Night,2025-04-21 20:09:00,2025-04-22 05:09:00,9.0
LOG215113,W0233,Night,2025-05-24 15:16:00,2025-05-24 22:16:00,7.0
LOG215115,W0025,Morning,2025-06-11 13:28:00,2025-06-11 22:28:00,9.0
LOG215116,W0135,Evening,2025-01-31 06:43:00,2025-01-31 12:43:00,6.0
LOG215118,W0116,Night,2025-05-09 01:22:00,2025-05-09 08:22:00,7.0
LOG215119,W0472,Evening,2025-01-03 14:49:00,2025-01-03 22:49:00,8.0
LOG215120,W0429,Evening,2025-03-10 04:38:00,2025-03-10 13:38:00,9.0
LOG215121,W0371,Evening,2025-06-24 18:15:00,2025-06-25 04:15:00,10.0
LOG215122,W0481,Evening,2025-03-21 05:46:00,2025-03-21 15:46:00,10.0
LOG215123,W0019,Evening,2025-04-27 12:38:00,2025-04-27 20:38:00,8.0
LOG215124,W0122,Morning,2025-02-02 13:38:00,2025-02-02 20:38:00,7.0
LOG215126,W0340,Night,2025-03-12 22:09:00,2025-03-13 04:09:00,6.0
LOG215127,W0307,Morning,2025-02-10 00:42:00,2025-02-10 09:42:00,9.0
LOG215128,W0072,Night,2025-06-21 09:04:00,2025-06-21 17:04:00,8.0
LOG215129,W0236,Night,2025-03-02 12:32:00,2025-03-02 19:32:00,7.0
LOG215132,W0426,Night,2025-03-18 02:13:00,2025-03-18 10:13:00,8.0
LOG215133,W0366,Morning,2025-03-27 19:09:00,2025-03-28 05:09:00,10.0
LOG215135,W0311,Night,2025-06-26 19:09:00,2025-06-27 02:09:00,7.0
LOG215136,W0231,Morning,2025-02-25 06:41:00,2025-02-25 12:41:00,6.0
LOG215137,W0323,Morning,2025-04-22 22:24:00,2025-04-23 07:24:00,9.0
LOG215138,W0486,Night,2025-05-01 11:58:00,2025-05-01 20:58:00,9.0
LOG215139,W0245,Evening,2025-06-11 14:01:00,2025-06-11 20:01:00,6.0
LOG215141,W0393,Evening,2025-02-06 01:23:00,2025-02-06 10:23:00,9.0
LOG215143,W0021,Evening,2025-05-19 00:24:00,2025-05-19 08:24:00,8.0
LOG215144,W0037,Night,2025-04-13 18:14:00,2025-04-14 00:14:00,6.0
LOG215146,W0487,Night,2025-03-24 17:26:00,2025-03-25 00:26:00,7.0
LOG215147,W0187,Night,2025-06-27 21:09:00,2025-06-28 07:09:00,10.0
LOG215148,W0340,Night,2025-04-29 09:06:00,2025-04-29 16:06:00,7.0
LOG215150,W0168,Night,2025-03-07 07:18:00,2025-03-07 15:18:00,8.0
LOG215151,W0336,Morning,2025-06-25 18:10:00,2025-06-26 04:10:00,10.0
LOG215153,W0088,Morning,2025-04-08 05:21:00,2025-04-08 14:21:00,9.0
LOG215154,W0322,Night,2025-06-14 19:12:00,2025-06-15 05:12:00,10.0
LOG215155,W0434,Morning,2025-01-29 07:22:00,2025-01-29 15:22:00,8.0
LOG215156,W0472,Morning,2025-06-11 13:18:00,2025-06-11 22:18:00,9.0
LOG215158,W0388,Night,2025-05-20 07:35:00,2025-05-20 15:35:00,8.0
LOG215160,W0079,Night,2025-05-11 17:00:00,2025-05-11 23:00:00,6.0
LOG215162,W0254,Night,2025-04-18 01:15:00,2025-04-18 10:15:00,9.0
LOG215163,W0467,Morning,2025-05-18 05:57:00,2025-05-18 15:57:00,10.0
LOG215164,W0071,Evening,2025-01-12 12:37:00,2025-01-12 22:37:00,10.0
LOG215165,W0465,Evening,2025-05-26 16:40:00,2025-05-27 02:40:00,10.0
LOG215167,W0213,Night,2025-01-23 16:58:00,2025-01-23 22:58:00,6.0
LOG215168,W0335,Night,2025-02-25 03:08:00,2025-02-25 10:08:00,7.0
LOG215169,W0127,Night,2025-04-13 10:06:00,2025-04-13 19:06:00,9.0
LOG215171,W0245,Night,2025-02-01 17:16:00,2025-02-02 02:16:00,9.0
LOG215172,W0295,Night,2025-05-27 02:56:00,2025-05-27 08:56:00,6.0
LOG215174,W0068,Night,2025-03-04 18:10:00,2025-03-05 02:10:00,8.0
LOG215177,W0335,Night,2025-05-11 09:45:00,2025-05-11 15:45:00,6.0
LOG215181,W0411,Morning,2025-06-28 05:59:00,2025-06-28 12:59:00,7.0
LOG215182,W0111,Evening,2025-02-24 04:57:00,2025-02-24 10:57:00,6.0
LOG215184,W0283,Evening,2025-03-27 16:47:00,2025-03-28 00:47:00,8.0
LOG215185,W0267,Night,2025-04-30 03:07:00,2025-04-30 11:07:00,8.0
LOG215186,W0451,Night,2025-04-26 11:23:00,2025-04-26 21:23:00,10.0
LOG215189,W0116,Morning,2025-02-25 05:49:00,2025-02-25 11:49:00,6.0
LOG215191,W0264,Night,2025-04-16 06:08:00,2025-04-16 15:08:00,9.0
LOG215192,W0262,Night,2025-04-02 16:11:00,2025-04-03 02:11:00,10.0
LOG215193,W0051,Morning,2025-05-25 22:29:00,2025-05-26 08:29:00,10.0
LOG215194,W0210,Night,2025-02-24 13:25:00,2025-02-24 19:25:00,6.0
LOG215196,W0151,Evening,2025-06-19 09:12:00,2025-06-19 17:12:00,8.0
LOG215197,W0068,Night,2025-05-22 02:53:00,2025-05-22 09:53:00,7.0
LOG215198,W0153,Morning,2025-03-16 17:31:00,2025-03-17 01:31:00,8.0
LOG215199,W0019,Night,2025-03-06 13:09:00,2025-03-06 19:09:00,6.0
LOG215200,W0395,Night,2025-01-15 04:11:00,2025-01-15 14:11:00,10.0
LOG215201,W0004,Morning,2025-04-02 05:32:00,2025-04-02 15:32:00,10.0
LOG215202,W0154,Night,2025-03-19 18:50:00,2025-03-20 03:50:00,9.0
LOG215203,W0382,Morning,2025-04-20 10:48:00,2025-04-20 20:48:00,10.0
LOG215205,W0243,Morning,2025-04-23 14:56:00,2025-04-23 20:56:00,6.0
LOG215206,W0143,Morning,2025-01-17 04:30:00,2025-01-17 12:30:00,8.0
LOG215207,W0346,Evening,2025-03-26 01:53:00,2025-03-26 09:53:00,8.0
LOG215209,W0124,Night,2025-03-02 19:48:00,2025-03-03 02:48:00,7.0
LOG215211,W0258,Morning,2025-03-03 05:48:00,2025-03-03 12:48:00,7.0
LOG215212,W0009,Night,2025-04-06 05:18:00,2025-04-06 11:18:00,6.0
LOG215213,W0366,Morning,2025-06-10 11:43:00,2025-06-10 17:43:00,6.0
LOG215215,W0487,Evening,2025-03-02 21:50:00,2025-03-03 07:50:00,10.0
LOG215216,W0254,Morning,2025-06-09 12:22:00,2025-06-09 18:22:00,6.0
LOG215219,W0013,Night,2025-01-31 11:37:00,2025-01-31 18:37:00,7.0
LOG215220,W0327,Evening,2025-06-24 03:52:00,2025-06-24 09:52:00,6.0
LOG215221,W0243,Night,2025-02-20 11:18:00,2025-02-20 21:18:00,10.0
LOG215222,W0288,Night,2025-03-26 11:17:00,2025-03-26 19:17:00,8.0
LOG215223,W0018,Night,2025-03-02 02:38:00,2025-03-02 08:38:00,6.0
LOG215224,W0276,Evening,2025-03-01 11:19:00,2025-03-01 21:19:00,10.0
LOG215225,W0405,Night,2025-05-12 18:57:00,2025-05-13 04:57:00,10.0
LOG215226,W0121,Morning,2025-02-28 01:25:00,2025-02-28 11:25:00,10.0
LOG215227,W0001,Evening,2025-02-25 11:12:00,2025-02-25 20:12:00,9.0
LOG215228,W0003,Morning,2025-05-15 04:06:00,2025-05-15 11:06:00,7.0
LOG215229,W0452,Night,2025-06-25 01:05:00,2025-06-25 09:05:00,8.0
LOG215230,W0359,Night,2025-05-07 02:49:00,2025-05-07 09:49:00,7.0
LOG215231,W0017,Morning,2025-04-13 16:36:00,2025-04-14 00:36:00,8.0
LOG215232,W0355,Morning,2025-05-16 16:11:00,2025-05-17 00:11:00,8.0
LOG215233,W0418,Night,2025-04-05 13:57:00,2025-04-05 22:57:00,9.0
LOG215234,W0435,Morning,2025-05-11 04:36:00,2025-05-11 14:36:00,10.0
LOG215235,W0084,Night,2025-05-04 13:07:00,2025-05-04 19:07:00,6.0
LOG215236,W0201,Night,2025-03-19 08:40:00,2025-03-19 17:40:00,9.0
LOG215237,W0154,Night,2025-06-25 03:17:00,2025-06-25 11:17:00,8.0
LOG215239,W0200,Morning,2025-03-02 14:54:00,2025-03-03 00:54:00,10.0
LOG215240,W0164,Night,2025-06-12 16:24:00,2025-06-13 02:24:00,10.0
LOG215241,W0284,Morning,2025-04-27 23:30:00,2025-04-28 07:30:00,8.0
LOG215244,W0238,Night,2025-01-12 23:53:00,2025-01-13 07:53:00,8.0
LOG215246,W0342,Evening,2025-01-31 22:15:00,2025-02-01 04:15:00,6.0
LOG215250,W0395,Night,2025-04-24 06:33:00,2025-04-24 16:33:00,10.0
LOG215251,W0099,Night,2025-06-22 19:43:00,2025-06-23 04:43:00,9.0
LOG215252,W0483,Night,2025-03-09 19:38:00,2025-03-10 03:38:00,8.0
LOG215254,W0139,Night,2025-05-08 23:48:00,2025-05-09 08:48:00,9.0
LOG215255,W0064,Morning,2025-01-22 05:08:00,2025-01-22 12:08:00,7.0
LOG215258,W0033,Evening,2025-01-06 03:55:00,2025-01-06 11:55:00,8.0
LOG215259,W0241,Morning,2025-03-27 12:36:00,2025-03-27 20:36:00,8.0
LOG215260,W0354,Night,2025-02-15 08:56:00,2025-02-15 18:56:00,10.0
LOG215261,W0462,Morning,2025-01-29 12:29:00,2025-01-29 19:29:00,7.0
LOG215262,W0093,Evening,2025-06-27 14:51:00,2025-06-27 23:51:00,9.0
LOG215263,W0004,Night,2025-01-27 12:55:00,2025-01-27 20:55:00,8.0
LOG215264,W0053,Morning,2025-03-13 22:24:00,2025-03-14 06:24:00,8.0
LOG215265,W0471,Evening,2025-04-26 03:00:00,2025-04-26 09:00:00,6.0
LOG215266,W0294,Morning,2025-01-25 19:25:00,2025-01-26 01:25:00,6.0
LOG215267,W0255,Evening,2025-05-28 23:01:00,2025-05-29 09:01:00,10.0
LOG215268,W0264,Night,2025-03-07 20:29:00,2025-03-08 04:29:00,8.0
LOG215269,W0481,Night,2025-02-28 03:31:00,2025-02-28 13:31:00,10.0
LOG215271,W0249,Night,2025-06-29 05:14:00,2025-06-29 11:14:00,6.0
LOG215272,W0393,Night,2025-05-29 19:21:00,2025-05-30 04:21:00,9.0
LOG215273,W0432,Night,2025-01-17 22:55:00,2025-01-18 08:55:00,10.0
LOG215274,W0306,Night,2025-03-03 01:28:00,2025-03-03 07:28:00,6.0
LOG215275,W0409,Morning,2025-06-10 14:33:00,2025-06-10 20:33:00,6.0
LOG215276,W0111,Night,2025-06-13 23:43:00,2025-06-14 06:43:00,7.0
LOG215277,W0440,Evening,2025-04-04 08:31:00,2025-04-04 14:31:00,6.0
LOG215278,W0007,Morning,2025-03-03 23:23:00,2025-03-04 05:23:00,6.0
LOG215280,W0341,Night,2025-01-28 01:08:00,2025-01-28 09:08:00,8.0
LOG215281,W0373,Evening,2025-06-06 15:47:00,2025-06-06 21:47:00,6.0
LOG215282,W0096,Morning,2025-02-08 17:51:00,2025-02-09 00:51:00,7.0
LOG215283,W0102,Night,2025-05-29 12:26:00,2025-05-29 18:26:00,6.0
LOG215284,W0497,Morning,2025-03-25 04:51:00,2025-03-25 14:51:00,10.0
LOG215285,W0233,Evening,2025-06-04 15:24:00,2025-06-05 01:24:00,10.0
LOG215286,W0297,Evening,2025-01-11 17:07:00,2025-01-12 03:07:00,10.0
LOG215287,W0252,Morning,2025-02-11 17:34:00,2025-02-12 03:34:00,10.0
LOG215288,W0483,Night,2025-03-11 19:50:00,2025-03-12 03:50:00,8.0
LOG215289,W0368,Night,2025-05-28 00:19:00,2025-05-28 08:19:00,8.0
LOG215291,W0156,Evening,2025-03-21 15:09:00,2025-03-22 00:09:00,9.0
LOG215292,W0077,Night,2025-04-29 02:38:00,2025-04-29 09:38:00,7.0
LOG215293,W0232,Evening,2025-02-06 03:38:00,2025-02-06 09:38:00,6.0
LOG215295,W0442,Night,2025-03-24 11:50:00,2025-03-24 21:50:00,10.0
LOG215297,W0143,Evening,2025-05-24 11:36:00,2025-05-24 19:36:00,8.0
LOG215298,W0115,Evening,2025-06-26 19:43:00,2025-06-27 03:43:00,8.0
LOG215301,W0476,Morning,2025-01-29 09:14:00,2025-01-29 16:14:00,7.0
LOG215305,W0330,Evening,2025-03-23 10:24:00,2025-03-23 18:24:00,8.0
LOG215306,W0244,Night,2025-05-21 17:10:00,2025-05-22 02:10:00,9.0
LOG215307,W0454,Night,2025-01-26 02:35:00,2025-01-26 12:35:00,10.0
LOG215309,W0130,Night,2025-06-09 20:03:00,2025-06-10 03:03:00,7.0
LOG215310,W0019,Evening,2025-02-26 04:28:00,2025-02-26 12:28:00,8.0
LOG215312,W0213,Night,2025-06-16 15:59:00,2025-06-17 01:59:00,10.0
LOG215313,W0169,Night,2025-04-22 13:26:00,2025-04-22 19:26:00,6.0
LOG215314,W0326,Evening,2025-04-09 11:51:00,2025-04-09 18:51:00,7.0
LOG215315,W0459,Evening,2025-02-11 07:10:00,2025-02-11 16:10:00,9.0
LOG215316,W0324,Morning,2025-01-30 13:37:00,2025-01-30 22:37:00,9.0
LOG215317,W0121,Evening,2025-01-17 00:50:00,2025-01-17 09:50:00,9.0
LOG215319,W0116,Night,2025-05-25 16:48:00,2025-05-26 00:48:00,8.0
LOG215321,W0433,Morning,2025-02-28 15:32:00,2025-03-01 00:32:00,9.0
LOG215323,W0295,Night,2025-06-24 11:09:00,2025-06-24 21:09:00,10.0
LOG215324,W0057,Evening,2025-06-27 23:32:00,2025-06-28 09:32:00,10.0
LOG215328,W0218,Night,2025-06-12 02:27:00,2025-06-12 10:27:00,8.0
LOG215329,W0173,Morning,2025-05-25 01:05:00,2025-05-25 07:05:00,6.0
LOG215330,W0044,Night,2025-03-30 18:49:00,2025-03-31 03:49:00,9.0
LOG215331,W0406,Night,2025-04-12 05:20:00,2025-04-12 13:20:00,8.0
LOG215332,W0414,Morning,2025-02-05 13:09:00,2025-02-05 21:09:00,8.0
LOG215334,W0221,Night,2025-05-24 15:25:00,2025-05-24 21:25:00,6.0
LOG215336,W0223,Night,2025-01-07 12:45:00,2025-01-07 22:45:00,10.0
LOG215340,W0406,Evening,2025-02-05 15:35:00,2025-02-06 01:35:00,10.0
LOG215341,W0179,Night,2025-05-01 14:41:00,2025-05-01 23:41:00,9.0
LOG215342,W0276,Night,2025-05-22 19:42:00,2025-05-23 04:42:00,9.0
LOG215343,W0161,Evening,2025-04-15 20:30:00,2025-04-16 06:30:00,10.0
LOG215344,W0217,Evening,2025-01-19 00:49:00,2025-01-19 10:49:00,10.0
LOG215345,W0196,Evening,2025-06-07 14:39:00,2025-06-08 00:39:00,10.0
LOG215346,W0216,Morning,2025-03-19 08:57:00,2025-03-19 18:57:00,10.0
LOG215347,W0202,Night,2025-06-24 20:47:00,2025-06-25 03:47:00,7.0
LOG215348,W0201,Morning,2025-04-06 12:42:00,2025-04-06 22:42:00,10.0
LOG215349,W0379,Morning,2025-02-21 06:02:00,2025-02-21 13:02:00,7.0
LOG215351,W0307,Night,2025-06-17 04:56:00,2025-06-17 10:56:00,6.0
LOG215352,W0485,Night,2025-04-09 10:06:00,2025-04-09 19:06:00,9.0
LOG215353,W0183,Evening,2025-05-04 16:15:00,2025-05-05 01:15:00,9.0
LOG215354,W0232,Morning,2025-02-08 13:59:00,2025-02-08 20:59:00,7.0
LOG215355,W0125,Morning,2025-03-13 19:43:00,2025-03-14 02:43:00,7.0
LOG215357,W0335,Night,2025-01-29 19:15:00,2025-01-30 03:15:00,8.0
LOG215358,W0076,Evening,2025-03-08 13:34:00,2025-03-08 20:34:00,7.0
LOG215360,W0076,Night,2025-05-31 08:51:00,2025-05-31 18:51:00,10.0
LOG215361,W0200,Morning,2025-04-01 01:24:00,2025-04-01 11:24:00,10.0
LOG215364,W0023,Morning,2025-05-18 21:47:00,2025-05-19 05:47:00,8.0
LOG215365,W0106,Morning,2025-03-31 23:54:00,2025-04-01 08:54:00,9.0
LOG215366,W0461,Evening,2025-02-05 02:38:00,2025-02-05 10:38:00,8.0
LOG215368,W0190,Night,2025-04-26 17:58:00,2025-04-26 23:58:00,6.0
LOG215369,W0317,Night,2025-02-23 00:31:00,2025-02-23 09:31:00,9.0
LOG215370,W0391,Night,2025-04-29 07:05:00,2025-04-29 15:05:00,8.0
LOG215371,W0025,Evening,2025-01-10 19:31:00,2025-01-11 03:31:00,8.0
LOG215372,W0038,Night,2025-02-08 19:23:00,2025-02-09 05:23:00,10.0
LOG215373,W0500,Evening,2025-04-15 09:31:00,2025-04-15 16:31:00,7.0
LOG215374,W0181,Night,2025-06-25 05:54:00,2025-06-25 13:54:00,8.0
LOG215375,W0399,Morning,2025-05-31 05:40:00,2025-05-31 14:40:00,9.0
LOG215376,W0005,Night,2025-05-20 04:43:00,2025-05-20 12:43:00,8.0
LOG215378,W0053,Evening,2025-06-22 06:19:00,2025-06-22 16:19:00,10.0
LOG215380,W0476,Morning,2025-04-28 16:13:00,2025-04-29 01:13:00,9.0
LOG215381,W0449,Night,2025-03-19 10:51:00,2025-03-19 19:51:00,9.0
LOG215383,W0303,Evening,2025-02-05 09:04:00,2025-02-05 19:04:00,10.0
LOG215384,W0099,Morning,2025-01-15 19:15:00,2025-01-16 04:15:00,9.0
LOG215386,W0037,Morning,2025-06-01 13:11:00,2025-06-01 21:11:00,8.0
LOG215387,W0141,Night,2025-02-09 01:27:00,2025-02-09 08:27:00,7.0
LOG215388,W0242,Night,2025-02-20 02:48:00,2025-02-20 10:48:00,8.0
LOG215389,W0147,Night,2025-04-05 22:54:00,2025-04-06 04:54:00,6.0
LOG215390,W0488,Night,2025-03-05 02:38:00,2025-03-05 11:38:00,9.0
LOG215392,W0241,Night,2025-06-07 09:35:00,2025-06-07 18:35:00,9.0
LOG215393,W0168,Night,2025-02-14 15:43:00,2025-02-15 00:43:00,9.0
LOG215394,W0282,Night,2025-01-15 07:27:00,2025-01-15 15:27:00,8.0
LOG215396,W0139,Evening,2025-01-15 06:46:00,2025-01-15 12:46:00,6.0
LOG215398,W0259,Night,2025-04-28 07:11:00,2025-04-28 15:11:00,8.0
LOG215399,W0047,Night,2025-02-14 11:42:00,2025-02-14 18:42:00,7.0
LOG215402,W0454,Morning,2025-05-03 23:01:00,2025-05-04 09:01:00,10.0
LOG215406,W0029,Night,2025-06-12 00:12:00,2025-06-12 06:12:00,6.0
LOG215408,W0458,Evening,2025-05-03 03:15:00,2025-05-03 11:15:00,8.0
LOG215409,W0394,Morning,2025-05-07 05:58:00,2025-05-07 14:58:00,9.0
LOG215410,W0238,Night,2025-06-28 18:14:00,2025-06-29 02:14:00,8.0
LOG215411,W0056,Night,2025-05-14 04:04:00,2025-05-14 11:04:00,7.0
LOG215412,W0039,Morning,2025-05-10 19:00:00,2025-05-11 04:00:00,9.0
LOG215413,W0012,Evening,2025-01-01 12:52:00,2025-01-01 19:52:00,7.0
LOG215415,W0088,Night,2025-04-05 02:26:00,2025-04-05 11:26:00,9.0
LOG215416,W0160,Evening,2025-06-24 17:41:00,2025-06-25 00:41:00,7.0
LOG215417,W0176,Evening,2025-01-14 19:54:00,2025-01-15 02:54:00,7.0
LOG215418,W0453,Morning,2025-02-01 23:34:00,2025-02-02 09:34:00,10.0
LOG215419,W0145,Morning,2025-02-16 07:47:00,2025-02-16 17:47:00,10.0
LOG215422,W0359,Night,2025-06-13 18:17:00,2025-06-14 00:17:00,6.0
LOG215423,W0186,Night,2025-03-20 08:11:00,2025-03-20 17:11:00,9.0
LOG215424,W0240,Evening,2025-03-01 01:23:00,2025-03-01 09:23:00,8.0
LOG215425,W0114,Morning,2025-05-29 23:55:00,2025-05-30 07:55:00,8.0
LOG215426,W0150,Evening,2025-01-27 04:22:00,2025-01-27 14:22:00,10.0
LOG215427,W0322,Night,2025-04-11 09:36:00,2025-04-11 17:36:00,8.0
LOG215428,W0012,Evening,2025-06-04 15:03:00,2025-06-04 23:03:00,8.0
LOG215429,W0200,Evening,2025-01-02 22:00:00,2025-01-03 04:00:00,6.0
LOG215430,W0468,Night,2025-04-01 05:15:00,2025-04-01 12:15:00,7.0
LOG215431,W0380,Morning,2025-05-02 18:33:00,2025-05-03 04:33:00,10.0
LOG215432,W0396,Night,2025-04-16 21:04:00,2025-04-17 06:04:00,9.0
LOG215434,W0493,Night,2025-05-29 15:50:00,2025-05-29 22:50:00,7.0
LOG215435,W0496,Night,2025-01-24 08:15:00,2025-01-24 17:15:00,9.0
LOG215436,W0436,Night,2025-03-16 18:11:00,2025-03-17 02:11:00,8.0
LOG215438,W0138,Night,2025-05-01 23:06:00,2025-05-02 06:06:00,7.0
LOG215439,W0039,Morning,2025-03-21 15:03:00,2025-03-21 23:03:00,8.0
LOG215440,W0463,Morning,2025-03-24 14:02:00,2025-03-24 22:02:00,8.0
LOG215442,W0044,Night,2025-03-01 03:40:00,2025-03-01 13:40:00,10.0
LOG215443,W0283,Night,2025-01-17 03:54:00,2025-01-17 12:54:00,9.0
LOG215444,W0102,Morning,2025-04-10 05:37:00,2025-04-10 11:37:00,6.0
LOG215446,W0248,Evening,2025-01-20 00:28:00,2025-01-20 08:28:00,8.0
LOG215448,W0297,Evening,2025-05-28 08:17:00,2025-05-28 17:17:00,9.0
LOG215449,W0093,Morning,2025-06-28 07:02:00,2025-06-28 14:02:00,7.0
LOG215450,W0127,Night,2025-05-18 09:20:00,2025-05-18 15:20:00,6.0
LOG215451,W0098,Evening,2025-05-07 07:41:00,2025-05-07 14:41:00,7.0
LOG215452,W0038,Morning,2025-03-19 03:33:00,2025-03-19 09:33:00,6.0
LOG215453,W0455,Night,2025-02-25 18:27:00,2025-02-26 02:27:00,8.0
LOG215454,W0480,Night,2025-01-08 19:51:00,2025-01-09 02:51:00,7.0
LOG215457,W0251,Night,2025-05-15 06:18:00,2025-05-15 15:18:00,9.0
LOG215458,W0196,Night,2025-05-25 06:59:00,2025-05-25 13:59:00,7.0
LOG215459,W0332,Evening,2025-02-08 21:32:00,2025-02-09 06:32:00,9.0
LOG215460,W0283,Night,2025-04-30 08:00:00,2025-04-30 17:00:00,9.0
LOG215461,W0060,Evening,2025-03-10 00:41:00,2025-03-10 07:41:00,7.0
LOG215462,W0201,Morning,2025-03-23 05:58:00,2025-03-23 12:58:00,7.0
LOG215464,W0055,Night,2025-01-23 08:05:00,2025-01-23 15:05:00,7.0
LOG215465,W0402,Evening,2025-02-07 02:02:00,2025-02-07 12:02:00,10.0
LOG215466,W0126,Night,2025-01-31 20:17:00,2025-02-01 03:17:00,7.0
LOG215468,W0317,Evening,2025-06-08 17:55:00,2025-06-09 00:55:00,7.0
LOG215470,W0236,Night,2025-03-17 16:33:00,2025-03-18 00:33:00,8.0
LOG215471,W0081,Morning,2025-01-03 14:26:00,2025-01-04 00:26:00,10.0
LOG215472,W0163,Evening,2025-03-18 02:27:00,2025-03-18 10:27:00,8.0
LOG215473,W0131,Night,2025-05-20 00:36:00,2025-05-20 10:36:00,10.0
LOG215477,W0368,Evening,2025-01-06 12:26:00,2025-01-06 21:26:00,9.0
LOG215478,W0408,Night,2025-05-02 21:59:00,2025-05-03 04:59:00,7.0
LOG215480,W0054,Evening,2025-05-20 19:00:00,2025-05-21 01:00:00,6.0
LOG215481,W0190,Night,2025-02-22 18:44:00,2025-02-23 04:44:00,10.0
LOG215482,W0395,Evening,2025-03-03 02:40:00,2025-03-03 09:40:00,7.0
LOG215483,W0086,Morning,2025-02-05 19:07:00,2025-02-06 01:07:00,6.0
LOG215484,W0102,Night,2025-04-08 00:42:00,2025-04-08 08:42:00,8.0
LOG215486,W0031,Morning,2025-06-01 14:52:00,2025-06-01 20:52:00,6.0
LOG215487,W0314,Night,2025-05-05 21:37:00,2025-05-06 07:37:00,10.0
LOG215488,W0304,Night,2025-03-16 13:18:00,2025-03-16 20:18:00,7.0
LOG215490,W0399,Night,2025-04-29 11:48:00,2025-04-29 17:48:00,6.0
LOG215492,W0128,Morning,2025-05-30 20:00:00,2025-05-31 04:00:00,8.0
LOG215493,W0279,Evening,2025-05-22 11:43:00,2025-05-22 19:43:00,8.0
LOG215495,W0153,Evening,2025-03-31 02:26:00,2025-03-31 08:26:00,6.0
LOG215496,W0425,Night,2025-01-29 08:51:00,2025-01-29 15:51:00,7.0
LOG215497,W0128,Morning,2025-02-04 07:40:00,2025-02-04 13:40:00,6.0
LOG215498,W0188,Evening,2025-04-03 13:53:00,2025-04-03 20:53:00,7.0
LOG215499,W0365,Evening,2025-02-09 14:57:00,2025-02-09 23:57:00,9.0
LOG215501,W0320,Night,2025-04-09 05:49:00,2025-04-09 14:49:00,9.0
LOG215502,W0435,Night,2025-06-15 15:32:00,2025-06-15 22:32:00,7.0
LOG215503,W0098,Night,2025-01-13 09:02:00,2025-01-13 15:02:00,6.0
LOG215504,W0244,Night,2025-05-04 15:37:00,2025-05-04 22:37:00,7.0
LOG215506,W0232,Morning,2025-06-24 12:18:00,2025-06-24 21:18:00,9.0
LOG215507,W0159,Night,2025-02-19 23:33:00,2025-02-20 05:33:00,6.0
LOG215510,W0295,Evening,2025-01-12 01:58:00,2025-01-12 11:58:00,10.0
LOG215512,W0016,Night,2025-04-27 03:55:00,2025-04-27 11:55:00,8.0
LOG215513,W0328,Morning,2025-03-03 01:37:00,2025-03-03 08:37:00,7.0
LOG215514,W0387,Night,2025-02-13 23:09:00,2025-02-14 08:09:00,9.0
LOG215517,W0368,Evening,2025-06-29 01:54:00,2025-06-29 08:54:00,7.0
LOG215519,W0268,Night,2025-04-28 00:47:00,2025-04-28 08:47:00,8.0
LOG215522,W0348,Night,2025-01-05 06:57:00,2025-01-05 15:57:00,9.0
LOG215523,W0467,Night,2025-04-11 14:32:00,2025-04-11 21:32:00,7.0
LOG215524,W0311,Night,2025-01-08 13:33:00,2025-01-08 19:33:00,6.0
LOG215525,W0181,Evening,2025-03-02 09:01:00,2025-03-02 18:01:00,9.0
LOG215527,W0429,Evening,2025-02-21 12:08:00,2025-02-21 18:08:00,6.0
LOG215529,W0096,Evening,2025-01-12 10:32:00,2025-01-12 17:32:00,7.0
LOG215530,W0315,Night,2025-01-26 20:40:00,2025-01-27 06:40:00,10.0
LOG215531,W0385,Night,2025-02-10 07:18:00,2025-02-10 15:18:00,8.0
LOG215532,W0313,Evening,2025-05-07 12:32:00,2025-05-07 18:32:00,6.0
LOG215533,W0073,Night,2025-01-08 07:17:00,2025-01-08 17:17:00,10.0
LOG215534,W0006,Evening,2025-05-30 00:44:00,2025-05-30 06:44:00,6.0
LOG215535,W0303,Night,2025-04-13 16:03:00,2025-04-14 00:03:00,8.0
LOG215537,W0383,Evening,2025-05-26 15:32:00,2025-05-26 23:32:00,8.0
LOG215538,W0230,Night,2025-03-06 03:16:00,2025-03-06 09:16:00,6.0
LOG215540,W0386,Night,2025-01-04 00:40:00,2025-01-04 08:40:00,8.0
LOG215541,W0485,Night,2025-02-17 15:29:00,2025-02-18 00:29:00,9.0
LOG215542,W0303,Night,2025-03-13 00:36:00,2025-03-13 07:36:00,7.0
LOG215543,W0345,Evening,2025-03-08 19:10:00,2025-03-09 05:10:00,10.0
LOG215544,W0212,Night,2025-04-10 04:04:00,2025-04-10 12:04:00,8.0
LOG215545,W0405,Evening,2025-03-30 13:44:00,2025-03-30 20:44:00,7.0
LOG215546,W0480,Night,2025-05-03 17:36:00,2025-05-03 23:36:00,6.0
LOG215548,W0258,Night,2025-03-13 06:35:00,2025-03-13 13:35:00,7.0
LOG215549,W0296,Morning,2025-01-26 13:15:00,2025-01-26 21:15:00,8.0
LOG215551,W0012,Morning,2025-04-29 11:32:00,2025-04-29 20:32:00,9.0
LOG215552,W0146,Evening,2025-06-15 20:46:00,2025-06-16 05:46:00,9.0
LOG215553,W0112,Morning,2025-04-23 18:46:00,2025-04-24 03:46:00,9.0
LOG215554,W0360,Night,2025-06-01 09:45:00,2025-06-01 17:45:00,8.0
LOG215555,W0310,Night,2025-02-15 08:42:00,2025-02-15 16:42:00,8.0
LOG215556,W0399,Evening,2025-02-28 19:47:00,2025-03-01 05:47:00,10.0
LOG215557,W0474,Evening,2025-05-21 06:28:00,2025-05-21 16:28:00,10.0
LOG215558,W0283,Evening,2025-04-19 17:53:00,2025-04-19 23:53:00,6.0
LOG215559,W0127,Evening,2025-03-17 04:28:00,2025-03-17 13:28:00,9.0
LOG215560,W0244,Night,2025-06-06 09:09:00,2025-06-06 15:09:00,6.0
LOG215561,W0209,Night,2025-05-29 07:50:00,2025-05-29 16:50:00,9.0
LOG215562,W0087,Morning,2025-04-23 06:03:00,2025-04-23 15:03:00,9.0
LOG215563,W0416,Night,2025-05-12 02:36:00,2025-05-12 11:36:00,9.0
LOG215564,W0007,Morning,2025-01-01 15:59:00,2025-01-01 22:59:00,7.0
LOG215565,W0095,Night,2025-06-27 15:24:00,2025-06-27 23:24:00,8.0
LOG215566,W0387,Morning,2025-03-11 21:11:00,2025-03-12 04:11:00,7.0
LOG215569,W0286,Night,2025-03-17 02:47:00,2025-03-17 10:47:00,8.0
LOG215570,W0127,Morning,2025-06-12 01:40:00,2025-06-12 11:40:00,10.0
LOG215571,W0491,Morning,2025-02-09 08:25:00,2025-02-09 18:25:00,10.0
LOG215575,W0126,Night,2025-01-09 10:56:00,2025-01-09 19:56:00,9.0
LOG215576,W0241,Evening,2025-02-07 02:23:00,2025-02-07 10:23:00,8.0
LOG215577,W0118,Night,2025-02-27 07:01:00,2025-02-27 16:01:00,9.0
LOG215578,W0316,Evening,2025-02-20 07:23:00,2025-02-20 14:23:00,7.0
LOG215579,W0400,Night,2025-04-02 07:45:00,2025-04-02 14:45:00,7.0
LOG215580,W0437,Evening,2025-06-11 02:04:00,2025-06-11 08:04:00,6.0
LOG215582,W0376,Evening,2025-06-12 08:40:00,2025-06-12 15:40:00,7.0
LOG215583,W0118,Night,2025-06-12 15:37:00,2025-06-13 00:37:00,9.0
LOG215584,W0353,Night,2025-06-14 05:13:00,2025-06-14 12:13:00,7.0
LOG215585,W0260,Morning,2025-03-16 02:28:00,2025-03-16 11:28:00,9.0
LOG215586,W0174,Morning,2025-03-12 05:28:00,2025-03-12 14:28:00,9.0
LOG215587,W0336,Night,2025-04-18 23:00:00,2025-04-19 09:00:00,10.0
LOG215588,W0167,Night,2025-03-14 17:54:00,2025-03-15 02:54:00,9.0
LOG215589,W0025,Evening,2025-04-26 07:59:00,2025-04-26 15:59:00,8.0
LOG215590,W0106,Night,2025-02-23 01:12:00,2025-02-23 09:12:00,8.0
LOG215591,W0335,Morning,2025-05-01 11:38:00,2025-05-01 21:38:00,10.0
LOG215592,W0408,Evening,2025-04-05 04:54:00,2025-04-05 14:54:00,10.0
LOG215593,W0007,Night,2025-04-21 20:36:00,2025-04-22 06:36:00,10.0
LOG215594,W0442,Night,2025-01-02 23:44:00,2025-01-03 08:44:00,9.0
LOG215595,W0115,Night,2025-02-10 13:41:00,2025-02-10 21:41:00,8.0
LOG215596,W0351,Evening,2025-02-21 09:28:00,2025-02-21 19:28:00,10.0
LOG215597,W0197,Morning,2025-06-28 18:47:00,2025-06-29 02:47:00,8.0
LOG215599,W0175,Evening,2025-01-03 12:53:00,2025-01-03 18:53:00,6.0
LOG215601,W0488,Night,2025-05-27 10:03:00,2025-05-27 20:03:00,10.0
LOG215603,W0428,Morning,2025-04-17 04:07:00,2025-04-17 14:07:00,10.0
LOG215604,W0383,Night,2025-05-04 07:42:00,2025-05-04 16:42:00,9.0
LOG215605,W0367,Night,2025-03-04 10:46:00,2025-03-04 16:46:00,6.0
LOG215607,W0057,Night,2025-03-23 05:44:00,2025-03-23 14:44:00,9.0
LOG215608,W0103,Night,2025-02-05 08:50:00,2025-02-05 17:50:00,9.0
LOG215610,W0377,Morning,2025-04-14 16:23:00,2025-04-14 23:23:00,7.0
LOG215611,W0138,Evening,2025-03-02 17:55:00,2025-03-03 01:55:00,8.0
LOG215613,W0414,Night,2025-01-31 22:54:00,2025-02-01 08:54:00,10.0
LOG215615,W0461,Morning,2025-02-04 09:52:00,2025-02-04 16:52:00,7.0
LOG215616,W0412,Evening,2025-03-21 22:14:00,2025-03-22 06:14:00,8.0
LOG215617,W0273,Night,2025-02-26 05:06:00,2025-02-26 13:06:00,8.0
LOG215618,W0464,Night,2025-06-11 14:06:00,2025-06-11 20:06:00,6.0
LOG215619,W0223,Night,2025-03-06 17:49:00,2025-03-07 01:49:00,8.0
LOG215620,W0030,Night,2025-02-09 03:12:00,2025-02-09 13:12:00,10.0
LOG215621,W0242,Morning,2025-01-07 08:11:00,2025-01-07 15:11:00,7.0
LOG215622,W0071,Morning,2025-06-05 05:44:00,2025-06-05 13:44:00,8.0
LOG215624,W0486,Evening,2025-02-14 21:10:00,2025-02-15 07:10:00,10.0
LOG215625,W0372,Night,2025-01-23 08:22:00,2025-01-23 17:22:00,9.0
LOG215627,W0426,Morning,2025-03-31 00:28:00,2025-03-31 09:28:00,9.0
LOG215628,W0472,Night,2025-05-20 22:03:00,2025-05-21 05:03:00,7.0
LOG215629,W0441,Evening,2025-03-27 10:51:00,2025-03-27 18:51:00,8.0
LOG215630,W0323,Morning,2025-02-24 17:08:00,2025-02-25 01:08:00,8.0
LOG215632,W0419,Evening,2025-01-14 06:55:00,2025-01-14 12:55:00,6.0
LOG215634,W0348,Evening,2025-03-23 07:02:00,2025-03-23 16:02:00,9.0
LOG215635,W0282,Evening,2025-06-03 08:40:00,2025-06-03 15:40:00,7.0
LOG215637,W0391,Night,2025-06-06 21:52:00,2025-06-07 07:52:00,10.0
LOG215639,W0367,Morning,2025-04-24 01:37:00,2025-04-24 10:37:00,9.0
LOG215642,W0164,Night,2025-05-06 09:37:00,2025-05-06 19:37:00,10.0
LOG215643,W0121,Evening,2025-06-07 18:26:00,2025-06-08 02:26:00,8.0
LOG215646,W0113,Night,2025-03-25 02:25:00,2025-03-25 12:25:00,10.0
LOG215647,W0011,Evening,2025-03-17 13:25:00,2025-03-17 22:25:00,9.0
LOG215652,W0023,Night,2025-01-26 13:24:00,2025-01-26 21:24:00,8.0
LOG215654,W0222,Night,2025-01-16 08:14:00,2025-01-16 16:14:00,8.0
LOG215655,W0092,Evening,2025-06-17 03:14:00,2025-06-17 13:14:00,10.0
LOG215656,W0225,Morning,2025-01-15 04:27:00,2025-01-15 12:27:00,8.0
LOG215657,W0068,Night,2025-03-19 10:11:00,2025-03-19 20:11:00,10.0
LOG215658,W0071,Night,2025-04-22 16:16:00,2025-04-22 23:16:00,7.0
LOG215660,W0096,Evening,2025-05-22 11:28:00,2025-05-22 21:28:00,10.0
LOG215661,W0170,Evening,2025-05-24 07:30:00,2025-05-24 14:30:00,7.0
LOG215662,W0253,Night,2025-01-15 18:28:00,2025-01-16 01:28:00,7.0
LOG215663,W0097,Night,2025-05-08 17:51:00,2025-05-09 01:51:00,8.0
LOG215664,W0251,Night,2025-01-25 14:06:00,2025-01-25 21:06:00,7.0
LOG215665,W0435,Night,2025-02-09 13:46:00,2025-02-09 22:46:00,9.0
LOG215666,W0221,Evening,2025-01-03 17:06:00,2025-01-03 23:06:00,6.0
LOG215669,W0476,Night,2025-01-31 19:03:00,2025-02-01 05:03:00,10.0
LOG215670,W0356,Morning,2025-04-10 00:08:00,2025-04-10 09:08:00,9.0
LOG215671,W0350,Night,2025-06-19 10:21:00,2025-06-19 16:21:00,6.0
LOG215672,W0341,Morning,2025-02-15 13:25:00,2025-02-15 19:25:00,6.0
LOG215673,W0387,Evening,2025-01-31 02:08:00,2025-01-31 10:08:00,8.0
LOG215674,W0078,Night,2025-01-04 11:32:00,2025-01-04 18:32:00,7.0
LOG215675,W0028,Night,2025-02-09 16:22:00,2025-02-10 02:22:00,10.0
LOG215676,W0048,Night,2025-01-03 04:47:00,2025-01-03 11:47:00,7.0
LOG215677,W0330,Night,2025-04-15 11:49:00,2025-04-15 18:49:00,7.0
LOG215680,W0409,Night,2025-02-10 01:26:00,2025-02-10 09:26:00,8.0
LOG215681,W0035,Evening,2025-02-21 21:31:00,2025-02-22 03:31:00,6.0
LOG215682,W0132,Night,2025-03-31 08:52:00,2025-03-31 16:52:00,8.0
LOG215683,W0161,Morning,2025-02-28 21:03:00,2025-03-01 05:03:00,8.0
LOG215684,W0066,Evening,2025-01-02 19:40:00,2025-01-03 02:40:00,7.0
LOG215685,W0206,Evening,2025-03-13 16:08:00,2025-03-13 23:08:00,7.0
LOG215686,W0091,Evening,2025-03-10 18:57:00,2025-03-11 04:57:00,10.0
LOG215687,W0132,Evening,2025-04-19 15:39:00,2025-04-20 00:39:00,9.0
LOG215689,W0051,Morning,2025-03-12 04:43:00,2025-03-12 10:43:00,6.0
LOG215691,W0411,Morning,2025-06-28 18:52:00,2025-06-29 02:52:00,8.0
LOG215693,W0207,Night,2025-04-11 17:15:00,2025-04-12 00:15:00,7.0
LOG215694,W0324,Night,2025-01-28 16:20:00,2025-01-29 01:20:00,9.0
LOG215695,W0179,Night,2025-04-08 23:57:00,2025-04-09 05:57:00,6.0
LOG215696,W0444,Night,2025-04-01 14:04:00,2025-04-02 00:04:00,10.0
LOG215697,W0229,Night,2025-02-08 07:59:00,2025-02-08 14:59:00,7.0
LOG215698,W0324,Evening,2025-02-13 02:57:00,2025-02-13 10:57:00,8.0
LOG215699,W0386,Night,2025-04-25 04:52:00,2025-04-25 11:52:00,7.0
LOG215701,W0106,Morning,2025-01-24 22:14:00,2025-01-25 07:14:00,9.0
LOG215702,W0178,Night,2025-03-13 14:44:00,2025-03-14 00:44:00,10.0
LOG215703,W0074,Evening,2025-05-07 13:37:00,2025-05-07 23:37:00,10.0
LOG215704,W0235,Night,2025-02-17 23:33:00,2025-02-18 06:33:00,7.0
LOG215706,W0127,Night,2025-02-10 05:24:00,2025-02-10 12:24:00,7.0
LOG215707,W0033,Evening,2025-06-12 15:45:00,2025-06-13 01:45:00,10.0
LOG215708,W0153,Night,2025-02-25 20:12:00,2025-02-26 05:12:00,9.0
LOG215709,W0180,Night,2025-05-12 05:14:00,2025-05-12 14:14:00,9.0
LOG215710,W0434,Night,2025-03-20 11:08:00,2025-03-20 19:08:00,8.0
LOG215712,W0491,Evening,2025-06-19 11:47:00,2025-06-19 19:47:00,8.0
LOG215715,W0214,Morning,2025-03-10 01:29:00,2025-03-10 10:29:00,9.0
LOG215716,W0121,Morning,2025-03-04 20:12:00,2025-03-05 05:12:00,9.0
LOG215717,W0341,Morning,2025-06-22 13:19:00,2025-06-22 19:19:00,6.0
LOG215718,W0381,Morning,2025-01-01 18:24:00,2025-01-02 01:24:00,7.0
LOG215720,W0392,Morning,2025-02-25 05:28:00,2025-02-25 14:28:00,9.0
LOG215721,W0335,Evening,2025-01-29 20:01:00,2025-01-30 04:01:00,8.0
LOG215723,W0057,Evening,2025-05-18 08:53:00,2025-05-18 14:53:00,6.0
LOG215724,W0180,Night,2025-02-16 15:55:00,2025-02-17 00:55:00,9.0
LOG215725,W0222,Morning,2025-01-23 19:12:00,2025-01-24 01:12:00,6.0
LOG215726,W0008,Night,2025-02-23 17:40:00,2025-02-24 01:40:00,8.0
LOG215727,W0047,Morning,2025-03-09 02:31:00,2025-03-09 12:31:00,10.0
LOG215728,W0018,Evening,2025-06-02 13:37:00,2025-06-02 23:37:00,10.0
LOG215729,W0030,Evening,2025-01-25 19:24:00,2025-01-26 01:24:00,6.0
LOG215730,W0003,Evening,2025-03-28 21:36:00,2025-03-29 07:36:00,10.0
LOG215731,W0420,Morning,2025-01-19 11:39:00,2025-01-19 18:39:00,7.0
LOG215734,W0184,Evening,2025-01-01 17:18:00,2025-01-01 23:18:00,6.0
LOG215735,W0436,Morning,2025-06-22 10:42:00,2025-06-22 19:42:00,9.0
LOG215736,W0087,Evening,2025-04-21 16:17:00,2025-04-22 01:17:00,9.0
LOG215737,W0078,Morning,2025-01-10 19:37:00,2025-01-11 02:37:00,7.0
LOG215739,W0491,Morning,2025-02-21 00:40:00,2025-02-21 07:40:00,7.0
LOG215740,W0337,Night,2025-06-29 11:03:00,2025-06-29 18:03:00,7.0
LOG215741,W0215,Morning,2025-01-02 03:47:00,2025-01-02 12:47:00,9.0
LOG215742,W0279,Evening,2025-06-18 12:30:00,2025-06-18 21:30:00,9.0
LOG215743,W0073,Night,2025-05-06 01:39:00,2025-05-06 09:39:00,8.0
LOG215744,W0487,Morning,2025-03-18 15:44:00,2025-03-19 01:44:00,10.0
LOG215746,W0152,Morning,2025-06-01 15:34:00,2025-06-01 23:34:00,8.0
LOG215747,W0211,Evening,2025-04-19 01:13:00,2025-04-19 07:13:00,6.0
LOG215749,W0380,Night,2025-04-08 05:40:00,2025-04-08 11:40:00,6.0
LOG215750,W0025,Night,2025-03-29 08:00:00,2025-03-29 15:00:00,7.0
LOG215752,W0261,Evening,2025-01-08 09:12:00,2025-01-08 16:12:00,7.0
LOG215753,W0248,Evening,2025-05-22 07:59:00,2025-05-22 15:59:00,8.0
LOG215754,W0102,Morning,2025-03-31 16:05:00,2025-04-01 01:05:00,9.0
LOG215756,W0129,Night,2025-05-04 06:16:00,2025-05-04 12:16:00,6.0
LOG215757,W0190,Night,2025-06-04 20:40:00,2025-06-05 05:40:00,9.0
LOG215758,W0276,Evening,2025-06-01 21:45:00,2025-06-02 07:45:00,10.0
LOG215759,W0249,Night,2025-01-14 00:23:00,2025-01-14 06:23:00,6.0
LOG215761,W0234,Morning,2025-01-11 02:00:00,2025-01-11 10:00:00,8.0
LOG215763,W0373,Night,2025-04-17 07:54:00,2025-04-17 14:54:00,7.0
LOG215764,W0082,Morning,2025-06-04 12:42:00,2025-06-04 18:42:00,6.0
LOG215765,W0184,Morning,2025-04-25 06:20:00,2025-04-25 15:20:00,9.0
LOG215766,W0048,Night,2025-05-22 11:14:00,2025-05-22 19:14:00,8.0
LOG215769,W0028,Night,2025-06-27 22:10:00,2025-06-28 05:10:00,7.0
LOG215770,W0341,Night,2025-03-05 20:43:00,2025-03-06 06:43:00,10.0
LOG215771,W0033,Evening,2025-04-09 14:22:00,2025-04-10 00:22:00,10.0
LOG215772,W0206,Evening,2025-05-03 02:05:00,2025-05-03 09:05:00,7.0
LOG215774,W0033,Night,2025-01-02 18:09:00,2025-01-03 03:09:00,9.0
LOG215775,W0325,Night,2025-03-10 13:40:00,2025-03-10 19:40:00,6.0
LOG215776,W0176,Night,2025-02-26 20:18:00,2025-02-27 03:18:00,7.0
LOG215777,W0145,Night,2025-01-16 09:50:00,2025-01-16 17:50:00,8.0
LOG215778,W0044,Night,2025-06-21 07:39:00,2025-06-21 16:39:00,9.0
LOG215779,W0118,Morning,2025-05-21 12:17:00,2025-05-21 22:17:00,10.0
LOG215780,W0385,Evening,2025-03-26 17:25:00,2025-03-27 02:25:00,9.0
LOG215781,W0328,Night,2025-03-30 23:10:00,2025-03-31 07:10:00,8.0
LOG215782,W0138,Morning,2025-02-10 13:03:00,2025-02-10 20:03:00,7.0
LOG215783,W0390,Morning,2025-01-14 07:35:00,2025-01-14 14:35:00,7.0
LOG215785,W0120,Night,2025-03-05 14:47:00,2025-03-06 00:47:00,10.0
LOG215786,W0004,Night,2025-03-08 07:32:00,2025-03-08 15:32:00,8.0
LOG215787,W0253,Evening,2025-04-04 23:26:00,2025-04-05 05:26:00,6.0
LOG215788,W0341,Night,2025-05-11 00:19:00,2025-05-11 08:19:00,8.0
LOG215790,W0347,Morning,2025-05-09 04:44:00,2025-05-09 13:44:00,9.0
LOG215792,W0329,Night,2025-02-12 15:30:00,2025-02-13 01:30:00,10.0
LOG215793,W0335,Night,2025-02-02 23:54:00,2025-02-03 05:54:00,6.0
LOG215794,W0376,Night,2025-04-08 18:03:00,2025-04-09 02:03:00,8.0
LOG215795,W0440,Morning,2025-04-12 06:05:00,2025-04-12 13:05:00,7.0
LOG215797,W0319,Night,2025-04-10 09:13:00,2025-04-10 18:13:00,9.0
LOG215798,W0363,Evening,2025-06-14 22:37:00,2025-06-15 07:37:00,9.0
LOG215800,W0211,Night,2025-01-30 18:51:00,2025-01-31 03:51:00,9.0
LOG215801,W0068,Night,2025-05-06 04:56:00,2025-05-06 10:56:00,6.0
LOG215802,W0271,Morning,2025-02-11 20:33:00,2025-02-12 04:33:00,8.0
LOG215804,W0208,Morning,2025-02-03 14:06:00,2025-02-03 20:06:00,6.0
LOG215805,W0479,Morning,2025-03-14 13:18:00,2025-03-14 19:18:00,6.0
LOG215807,W0387,Morning,2025-06-07 23:09:00,2025-06-08 07:09:00,8.0
LOG215809,W0100,Night,2025-06-11 04:41:00,2025-06-11 13:41:00,9.0
LOG215811,W0154,Morning,2025-04-26 16:45:00,2025-04-26 23:45:00,7.0
LOG215812,W0471,Morning,2025-03-27 06:35:00,2025-03-27 16:35:00,10.0
LOG215813,W0163,Night,2025-02-24 21:35:00,2025-02-25 03:35:00,6.0
LOG215814,W0241,Morning,2025-06-10 04:56:00,2025-06-10 11:56:00,7.0
LOG215815,W0113,Night,2025-02-01 12:51:00,2025-02-01 21:51:00,9.0
LOG215820,W0487,Evening,2025-06-27 15:02:00,2025-06-28 00:02:00,9.0
LOG215821,W0147,Morning,2025-05-26 11:08:00,2025-05-26 19:08:00,8.0
LOG215824,W0247,Morning,2025-02-05 09:14:00,2025-02-05 17:14:00,8.0
LOG215825,W0033,Evening,2025-04-01 20:44:00,2025-04-02 03:44:00,7.0
LOG215827,W0347,Evening,2025-01-12 23:19:00,2025-01-13 07:19:00,8.0
LOG215828,W0149,Night,2025-02-17 05:01:00,2025-02-17 11:01:00,6.0
LOG215829,W0246,Night,2025-03-25 17:38:00,2025-03-26 00:38:00,7.0
LOG215831,W0102,Evening,2025-05-09 20:19:00,2025-05-10 04:19:00,8.0
LOG215832,W0280,Night,2025-02-21 08:01:00,2025-02-21 18:01:00,10.0
LOG215834,W0174,Night,2025-02-20 14:13:00,2025-02-20 21:13:00,7.0
LOG215836,W0474,Night,2025-05-30 18:41:00,2025-05-31 00:41:00,6.0
LOG215838,W0426,Night,2025-05-07 08:24:00,2025-05-07 16:24:00,8.0
LOG215839,W0486,Morning,2025-03-19 07:43:00,2025-03-19 15:43:00,8.0
LOG215842,W0227,Evening,2025-01-23 01:07:00,2025-01-23 09:07:00,8.0
LOG215845,W0486,Evening,2025-01-29 16:09:00,2025-01-30 02:09:00,10.0
LOG215846,W0027,Night,2025-03-19 08:38:00,2025-03-19 15:38:00,7.0
LOG215847,W0271,Night,2025-02-12 09:47:00,2025-02-12 16:47:00,7.0
LOG215849,W0140,Night,2025-06-29 14:17:00,2025-06-29 20:17:00,6.0
LOG215850,W0032,Morning,2025-01-06 16:35:00,2025-01-07 00:35:00,8.0
LOG215851,W0409,Morning,2025-06-04 00:48:00,2025-06-04 10:48:00,10.0
LOG215852,W0026,Evening,2025-03-01 16:27:00,2025-03-02 01:27:00,9.0
LOG215855,W0466,Evening,2025-06-07 17:25:00,2025-06-08 02:25:00,9.0
LOG215856,W0249,Evening,2025-06-04 03:32:00,2025-06-04 12:32:00,9.0
LOG215858,W0052,Night,2025-01-17 13:01:00,2025-01-17 19:01:00,6.0
LOG215859,W0136,Evening,2025-02-19 23:58:00,2025-02-20 09:58:00,10.0
LOG215860,W0078,Night,2025-03-15 01:55:00,2025-03-15 08:55:00,7.0
LOG215861,W0149,Evening,2025-04-07 20:03:00,2025-04-08 04:03:00,8.0
LOG215862,W0435,Morning,2025-05-26 11:09:00,2025-05-26 17:09:00,6.0
LOG215863,W0005,Night,2025-04-28 02:25:00,2025-04-28 10:25:00,8.0
LOG215865,W0381,Night,2025-05-19 21:01:00,2025-05-20 05:01:00,8.0
LOG215867,W0265,Night,2025-06-12 04:17:00,2025-06-12 13:17:00,9.0
LOG215868,W0151,Evening,2025-03-24 00:09:00,2025-03-24 08:09:00,8.0
LOG215870,W0042,Night,2025-02-07 15:35:00,2025-02-07 23:35:00,8.0
LOG215872,W0266,Evening,2025-03-29 13:10:00,2025-03-29 19:10:00,6.0
LOG215873,W0121,Morning,2025-03-01 15:29:00,2025-03-01 23:29:00,8.0
LOG215875,W0025,Evening,2025-05-28 05:22:00,2025-05-28 14:22:00,9.0
LOG215876,W0247,Evening,2025-04-20 22:44:00,2025-04-21 04:44:00,6.0
LOG215878,W0267,Morning,2025-02-11 17:56:00,2025-02-11 23:56:00,6.0
LOG215879,W0226,Evening,2025-06-23 22:54:00,2025-06-24 05:54:00,7.0
LOG215880,W0281,Morning,2025-02-08 21:59:00,2025-02-09 06:59:00,9.0
LOG215881,W0159,Night,2025-05-30 09:37:00,2025-05-30 17:37:00,8.0
LOG215882,W0477,Morning,2025-05-27 02:40:00,2025-05-27 11:40:00,9.0
LOG215884,W0291,Night,2025-05-15 19:03:00,2025-05-16 02:03:00,7.0
LOG215886,W0203,Morning,2025-03-23 19:16:00,2025-03-24 05:16:00,10.0
LOG215887,W0277,Morning,2025-06-06 07:53:00,2025-06-06 17:53:00,10.0
LOG215888,W0055,Evening,2025-03-28 16:10:00,2025-03-29 01:10:00,9.0
LOG215889,W0038,Night,2025-04-04 15:44:00,2025-04-04 21:44:00,6.0
LOG215891,W0339,Morning,2025-05-30 12:50:00,2025-05-30 20:50:00,8.0
LOG215892,W0017,Night,2025-04-11 23:35:00,2025-04-12 07:35:00,8.0
LOG215893,W0284,Night,2025-03-20 15:30:00,2025-03-20 23:30:00,8.0
LOG215894,W0338,Evening,2025-04-15 05:06:00,2025-04-15 11:06:00,6.0
LOG215895,W0075,Night,2025-05-28 09:42:00,2025-05-28 16:42:00,7.0
LOG215896,W0414,Night,2025-01-10 04:27:00,2025-01-10 10:27:00,6.0
LOG215897,W0130,Evening,2025-01-29 05:45:00,2025-01-29 13:45:00,8.0
LOG215898,W0445,Night,2025-01-19 06:09:00,2025-01-19 16:09:00,10.0
LOG215901,W0327,Night,2025-01-08 01:49:00,2025-01-08 10:49:00,9.0
LOG215902,W0065,Night,2025-06-14 07:57:00,2025-06-14 16:57:00,9.0
LOG215903,W0497,Night,2025-06-08 08:50:00,2025-06-08 18:50:00,10.0
LOG215904,W0401,Night,2025-06-16 05:53:00,2025-06-16 11:53:00,6.0
LOG215905,W0456,Night,2025-04-12 22:22:00,2025-04-13 04:22:00,6.0
LOG215906,W0054,Night,2025-01-30 20:58:00,2025-01-31 06:58:00,10.0
LOG215907,W0290,Morning,2025-03-06 04:26:00,2025-03-06 13:26:00,9.0
LOG215908,W0381,Night,2025-02-04 01:10:00,2025-02-04 08:10:00,7.0
LOG215909,W0383,Night,2025-01-21 10:34:00,2025-01-21 18:34:00,8.0
LOG215910,W0010,Night,2025-04-20 07:01:00,2025-04-20 14:01:00,7.0
LOG215911,W0436,Morning,2025-05-02 17:15:00,2025-05-03 03:15:00,10.0
LOG215912,W0447,Night,2025-04-16 15:23:00,2025-04-17 00:23:00,9.0
LOG215913,W0274,Evening,2025-04-23 15:42:00,2025-04-23 21:42:00,6.0
LOG215914,W0296,Night,2025-01-07 12:37:00,2025-01-07 19:37:00,7.0
LOG215915,W0324,Evening,2025-03-19 00:13:00,2025-03-19 08:13:00,8.0
LOG215916,W0340,Morning,2025-04-10 03:23:00,2025-04-10 13:23:00,10.0
LOG215917,W0243,Morning,2025-04-15 03:49:00,2025-04-15 10:49:00,7.0
LOG215918,W0441,Night,2025-03-15 16:51:00,2025-03-16 02:51:00,10.0
LOG215919,W0143,Evening,2025-02-26 01:20:00,2025-02-26 11:20:00,10.0
LOG215920,W0239,Night,2025-04-28 23:47:00,2025-04-29 06:47:00,7.0
LOG215921,W0180,Night,2025-03-29 06:17:00,2025-03-29 12:17:00,6.0
LOG215922,W0408,Night,2025-01-29 19:42:00,2025-01-30 04:42:00,9.0
LOG215923,W0307,Morning,2025-05-01 20:25:00,2025-05-02 06:25:00,10.0
LOG215925,W0223,Evening,2025-06-29 02:31:00,2025-06-29 12:31:00,10.0
LOG215926,W0405,Evening,2025-03-11 01:27:00,2025-03-11 07:27:00,6.0
LOG215927,W0435,Evening,2025-06-24 05:51:00,2025-06-24 13:51:00,8.0
LOG215928,W0286,Night,2025-04-01 11:03:00,2025-04-01 19:03:00,8.0
LOG215929,W0164,Evening,2025-02-22 19:47:00,2025-02-23 02:47:00,7.0
LOG215930,W0487,Night,2025-05-09 01:32:00,2025-05-09 10:32:00,9.0
LOG215932,W0336,Night,2025-06-10 23:41:00,2025-06-11 07:41:00,8.0
LOG215933,W0085,Morning,2025-05-27 14:19:00,2025-05-28 00:19:00,10.0
LOG215935,W0155,Morning,2025-05-16 08:35:00,2025-05-16 16:35:00,8.0
LOG215936,W0076,Night,2025-02-03 07:52:00,2025-02-03 16:52:00,9.0
LOG215938,W0444,Night,2025-03-14 22:51:00,2025-03-15 04:51:00,6.0
LOG215939,W0148,Night,2025-01-24 12:16:00,2025-01-24 21:16:00,9.0
LOG215940,W0237,Morning,2025-03-08 21:39:00,2025-03-09 07:39:00,10.0
LOG215941,W0053,Evening,2025-01-02 19:25:00,2025-01-03 05:25:00,10.0
LOG215942,W0165,Night,2025-02-17 07:50:00,2025-02-17 13:50:00,6.0
LOG215943,W0061,Evening,2025-01-01 05:56:00,2025-01-01 11:56:00,6.0
LOG215945,W0042,Morning,2025-05-15 05:38:00,2025-05-15 12:38:00,7.0
LOG215946,W0477,Evening,2025-05-31 20:56:00,2025-06-01 06:56:00,10.0
LOG215947,W0312,Night,2025-03-18 17:29:00,2025-03-19 01:29:00,8.0
LOG215948,W0457,Morning,2025-03-05 21:07:00,2025-03-06 04:07:00,7.0
LOG215949,W0032,Evening,2025-03-02 19:48:00,2025-03-03 04:48:00,9.0
LOG215950,W0150,Night,2025-01-02 11:42:00,2025-01-02 21:42:00,10.0
LOG215952,W0282,Night,2025-03-21 15:56:00,2025-03-21 22:56:00,7.0
LOG215953,W0063,Morning,2025-04-16 11:23:00,2025-04-16 21:23:00,10.0
LOG215954,W0220,Night,2025-03-22 13:40:00,2025-03-22 20:40:00,7.0
LOG215955,W0071,Morning,2025-01-21 12:55:00,2025-01-21 19:55:00,7.0
LOG215957,W0129,Morning,2025-03-21 01:28:00,2025-03-21 09:28:00,8.0
LOG215958,W0295,Night,2025-01-02 07:13:00,2025-01-02 16:13:00,9.0
LOG215959,W0467,Evening,2025-02-08 02:02:00,2025-02-08 10:02:00,8.0
LOG215960,W0413,Night,2025-05-10 19:39:00,2025-05-11 01:39:00,6.0
LOG215961,W0465,Evening,2025-03-21 12:23:00,2025-03-21 22:23:00,10.0
LOG215962,W0299,Night,2025-03-25 05:25:00,2025-03-25 13:25:00,8.0
LOG215964,W0104,Morning,2025-06-26 09:14:00,2025-06-26 15:14:00,6.0
LOG215965,W0045,Morning,2025-05-24 14:20:00,2025-05-24 23:20:00,9.0
LOG215967,W0469,Night,2025-03-03 11:20:00,2025-03-03 19:20:00,8.0
LOG215968,W0460,Evening,2025-06-15 04:39:00,2025-06-15 10:39:00,6.0
LOG215970,W0368,Evening,2025-02-27 11:39:00,2025-02-27 18:39:00,7.0
LOG215971,W0276,Evening,2025-01-17 12:00:00,2025-01-17 18:00:00,6.0
LOG215972,W0324,Night,2025-06-09 02:18:00,2025-06-09 08:18:00,6.0
LOG215974,W0341,Morning,2025-06-28 05:21:00,2025-06-28 12:21:00,7.0
LOG215975,W0399,Night,2025-05-17 12:28:00,2025-05-17 22:28:00,10.0
LOG215976,W0158,Night,2025-02-27 19:58:00,2025-02-28 01:58:00,6.0
LOG215979,W0157,Night,2025-04-11 15:24:00,2025-04-11 21:24:00,6.0
LOG215980,W0287,Evening,2025-05-17 14:16:00,2025-05-18 00:16:00,10.0
LOG215981,W0110,Morning,2025-04-22 07:24:00,2025-04-22 13:24:00,6.0
LOG215983,W0192,Evening,2025-02-27 14:44:00,2025-02-28 00:44:00,10.0
LOG215984,W0001,Night,2025-02-17 17:00:00,2025-02-18 01:00:00,8.0
LOG215985,W0110,Night,2025-02-18 11:23:00,2025-02-18 17:23:00,6.0
LOG215986,W0083,Night,2025-06-25 22:10:00,2025-06-26 08:10:00,10.0
LOG215987,W0203,Morning,2025-04-18 15:02:00,2025-04-18 22:02:00,7.0
LOG215988,W0054,Night,2025-04-07 21:33:00,2025-04-08 04:33:00,7.0
LOG215989,W0237,Evening,2025-01-21 07:34:00,2025-01-21 13:34:00,6.0
LOG215990,W0259,Morning,2025-01-07 23:25:00,2025-01-08 08:25:00,9.0
LOG215991,W0459,Evening,2025-02-14 04:12:00,2025-02-14 14:12:00,10.0
LOG215992,W0351,Night,2025-05-27 09:14:00,2025-05-27 19:14:00,10.0
LOG215993,W0464,Morning,2025-05-29 08:21:00,2025-05-29 17:21:00,9.0
LOG215994,W0447,Morning,2025-04-19 18:09:00,2025-04-20 01:09:00,7.0
LOG215995,W0013,Morning,2025-05-12 23:17:00,2025-05-13 05:17:00,6.0
LOG215997,W0056,Night,2025-03-18 14:54:00,2025-03-18 23:54:00,9.0
LOG215998,W0384,Evening,2025-01-10 09:23:00,2025-01-10 15:23:00,6.0
LOG215999,W0353,Morning,2025-03-24 07:27:00,2025-03-24 13:27:00,6.0
LOG216000,W0365,Morning,2025-06-20 03:35:00,2025-06-20 13:35:00,10.0
LOG216002,W0148,Night,2025-01-24 09:52:00,2025-01-24 15:52:00,6.0
LOG216004,W0300,Night,2025-06-18 04:44:00,2025-06-18 11:44:00,7.0
LOG216005,W0125,Evening,2025-02-08 01:55:00,2025-02-08 07:55:00,6.0
LOG216006,W0108,Night,2025-03-29 02:00:00,2025-03-29 08:00:00,6.0
LOG216007,W0437,Night,2025-05-28 00:39:00,2025-05-28 10:39:00,10.0
LOG216008,W0007,Morning,2025-05-05 16:30:00,2025-05-06 01:30:00,9.0
LOG216010,W0179,Evening,2025-04-30 20:58:00,2025-05-01 04:58:00,8.0
LOG216011,W0422,Night,2025-05-29 23:41:00,2025-05-30 08:41:00,9.0
LOG216012,W0288,Morning,2025-01-31 06:39:00,2025-01-31 16:39:00,10.0
LOG216013,W0186,Night,2025-03-23 05:05:00,2025-03-23 14:05:00,9.0
LOG216015,W0101,Night,2025-04-14 10:49:00,2025-04-14 19:49:00,9.0
LOG216016,W0163,Evening,2025-01-08 08:56:00,2025-01-08 14:56:00,6.0
LOG216017,W0083,Morning,2025-06-11 11:39:00,2025-06-11 21:39:00,10.0
LOG216020,W0066,Morning,2025-06-27 21:22:00,2025-06-28 04:22:00,7.0
LOG216021,W0460,Morning,2025-05-16 11:10:00,2025-05-16 21:10:00,10.0
LOG216022,W0484,Evening,2025-06-18 14:12:00,2025-06-18 20:12:00,6.0
LOG216023,W0358,Evening,2025-05-23 11:13:00,2025-05-23 21:13:00,10.0
LOG216024,W0202,Morning,2025-01-22 05:46:00,2025-01-22 15:46:00,10.0
LOG216025,W0465,Night,2025-06-06 05:44:00,2025-06-06 14:44:00,9.0
LOG216026,W0213,Night,2025-02-06 05:44:00,2025-02-06 14:44:00,9.0
LOG216027,W0460,Night,2025-04-09 02:41:00,2025-04-09 10:41:00,8.0
LOG216028,W0198,Night,2025-04-12 09:49:00,2025-04-12 17:49:00,8.0
LOG216029,W0478,Evening,2025-03-22 19:58:00,2025-03-23 04:58:00,9.0
LOG216030,W0058,Night,2025-05-16 22:49:00,2025-05-17 05:49:00,7.0
LOG216031,W0414,Evening,2025-04-20 04:41:00,2025-04-20 14:41:00,10.0
LOG216032,W0426,Evening,2025-06-28 19:38:00,2025-06-29 05:38:00,10.0
LOG216034,W0352,Evening,2025-06-16 21:48:00,2025-06-17 04:48:00,7.0
LOG216035,W0240,Evening,2025-02-25 00:05:00,2025-02-25 06:05:00,6.0
LOG216039,W0176,Evening,2025-03-08 09:01:00,2025-03-08 17:01:00,8.0
LOG216040,W0387,Night,2025-05-13 23:30:00,2025-05-14 09:30:00,10.0
LOG216041,W0207,Morning,2025-01-08 08:09:00,2025-01-08 18:09:00,10.0
LOG216042,W0058,Evening,2025-01-04 08:08:00,2025-01-04 15:08:00,7.0
LOG216043,W0215,Evening,2025-05-13 02:19:00,2025-05-13 12:19:00,10.0
LOG216044,W0136,Night,2025-05-11 20:08:00,2025-05-12 06:08:00,10.0
LOG216045,W0382,Night,2025-01-01 17:06:00,2025-01-02 00:06:00,7.0
LOG216046,W0344,Night,2025-04-01 18:20:00,2025-04-02 01:20:00,7.0
LOG216047,W0461,Evening,2025-05-26 22:21:00,2025-05-27 06:21:00,8.0
LOG216049,W0197,Morning,2025-03-16 09:42:00,2025-03-16 15:42:00,6.0
LOG216050,W0290,Night,2025-01-17 04:00:00,2025-01-17 12:00:00,8.0
LOG216054,W0460,Night,2025-05-11 11:11:00,2025-05-11 17:11:00,6.0
LOG216055,W0194,Night,2025-02-07 06:18:00,2025-02-07 13:18:00,7.0
LOG216056,W0358,Evening,2025-04-03 04:32:00,2025-04-03 14:32:00,10.0
LOG216057,W0497,Night,2025-06-22 05:26:00,2025-06-22 12:26:00,7.0
LOG216058,W0074,Morning,2025-05-07 02:43:00,2025-05-07 11:43:00,9.0
LOG216059,W0313,Night,2025-03-06 16:00:00,2025-03-07 01:00:00,9.0
LOG216060,W0234,Evening,2025-02-26 19:54:00,2025-02-27 03:54:00,8.0
LOG216063,W0209,Night,2025-04-04 21:19:00,2025-04-05 06:19:00,9.0
LOG216064,W0192,Evening,2025-03-24 20:21:00,2025-03-25 05:21:00,9.0
LOG216066,W0309,Evening,2025-05-09 12:31:00,2025-05-09 21:31:00,9.0
LOG216068,W0203,Evening,2025-05-01 09:46:00,2025-05-01 18:46:00,9.0
LOG216069,W0302,Night,2025-06-03 05:44:00,2025-06-03 11:44:00,6.0
LOG216070,W0371,Evening,2025-02-19 14:10:00,2025-02-19 22:10:00,8.0
LOG216071,W0099,Morning,2025-05-20 03:02:00,2025-05-20 11:02:00,8.0
LOG216073,W0396,Night,2025-04-21 17:07:00,2025-04-21 23:07:00,6.0
LOG216075,W0357,Night,2025-06-15 11:36:00,2025-06-15 19:36:00,8.0
LOG216077,W0342,Night,2025-06-11 00:46:00,2025-06-11 07:46:00,7.0
LOG216078,W0455,Morning,2025-04-27 22:22:00,2025-04-28 07:22:00,9.0
LOG216080,W0497,Night,2025-02-22 07:20:00,2025-02-22 15:20:00,8.0
LOG216081,W0410,Morning,2025-02-26 07:02:00,2025-02-26 16:02:00,9.0
LOG216082,W0053,Morning,2025-04-19 19:45:00,2025-04-20 05:45:00,10.0
LOG216085,W0447,Night,2025-05-09 06:09:00,2025-05-09 16:09:00,10.0
LOG216086,W0183,Night,2025-05-07 13:12:00,2025-05-07 23:12:00,10.0
LOG216087,W0007,Night,2025-06-24 17:29:00,2025-06-25 02:29:00,9.0
LOG216088,W0101,Night,2025-05-07 14:29:00,2025-05-07 22:29:00,8.0
LOG216089,W0028,Evening,2025-06-24 18:10:00,2025-06-25 02:10:00,8.0
LOG216092,W0400,Night,2025-01-06 18:54:00,2025-01-07 04:54:00,10.0
LOG216093,W0247,Evening,2025-02-06 20:58:00,2025-02-07 05:58:00,9.0
LOG216094,W0478,Night,2025-06-07 03:03:00,2025-06-07 10:03:00,7.0
LOG216095,W0476,Evening,2025-06-11 15:19:00,2025-06-12 01:19:00,10.0
LOG216096,W0414,Night,2025-01-16 22:11:00,2025-01-17 08:11:00,10.0
LOG216097,W0481,Night,2025-06-26 13:05:00,2025-06-26 20:05:00,7.0
LOG216098,W0426,Night,2025-03-19 07:03:00,2025-03-19 13:03:00,6.0
LOG216099,W0198,Morning,2025-01-26 08:38:00,2025-01-26 17:38:00,9.0
LOG216100,W0143,Night,2025-01-09 10:43:00,2025-01-09 16:43:00,6.0
LOG216102,W0470,Morning,2025-01-25 07:25:00,2025-01-25 14:25:00,7.0
LOG216103,W0064,Night,2025-06-16 11:40:00,2025-06-16 19:40:00,8.0
LOG216104,W0089,Evening,2025-05-10 15:36:00,2025-05-11 01:36:00,10.0
LOG216105,W0081,Night,2025-02-04 01:08:00,2025-02-04 08:08:00,7.0
LOG216106,W0498,Evening,2025-04-18 00:41:00,2025-04-18 10:41:00,10.0
LOG216107,W0321,Morning,2025-05-09 02:52:00,2025-05-09 08:52:00,6.0
LOG216108,W0025,Night,2025-06-29 17:44:00,2025-06-30 01:44:00,8.0
LOG216109,W0174,Morning,2025-04-27 22:33:00,2025-04-28 05:33:00,7.0
LOG216111,W0028,Morning,2025-03-22 00:16:00,2025-03-22 08:16:00,8.0
LOG216112,W0201,Evening,2025-06-08 00:24:00,2025-06-08 06:24:00,6.0
LOG216113,W0051,Night,2025-03-30 03:14:00,2025-03-30 11:14:00,8.0
LOG216114,W0318,Night,2025-01-18 00:24:00,2025-01-18 10:24:00,10.0
LOG216115,W0264,Morning,2025-01-21 20:03:00,2025-01-22 05:03:00,9.0
LOG216121,W0190,Night,2025-02-25 06:47:00,2025-02-25 16:47:00,10.0
LOG216122,W0206,Night,2025-05-04 09:35:00,2025-05-04 18:35:00,9.0
LOG216123,W0262,Morning,2025-05-25 13:56:00,2025-05-25 19:56:00,6.0
LOG216125,W0253,Evening,2025-06-08 10:10:00,2025-06-08 19:10:00,9.0
LOG216127,W0056,Evening,2025-06-10 07:27:00,2025-06-10 16:27:00,9.0
LOG216130,W0313,Morning,2025-01-18 04:32:00,2025-01-18 14:32:00,10.0
LOG216131,W0209,Night,2025-02-13 15:24:00,2025-02-13 22:24:00,7.0
LOG216132,W0131,Evening,2025-04-10 03:39:00,2025-04-10 11:39:00,8.0
LOG216133,W0223,Morning,2025-03-25 16:36:00,2025-03-25 22:36:00,6.0
LOG216134,W0242,Evening,2025-05-11 15:44:00,2025-05-12 00:44:00,9.0
LOG216136,W0492,Night,2025-05-09 18:13:00,2025-05-10 03:13:00,9.0
LOG216137,W0205,Morning,2025-04-26 03:27:00,2025-04-26 12:27:00,9.0
LOG216138,W0223,Night,2025-03-24 17:47:00,2025-03-25 01:47:00,8.0
LOG216139,W0188,Evening,2025-05-20 05:03:00,2025-05-20 12:03:00,7.0
LOG216140,W0421,Night,2025-04-27 09:39:00,2025-04-27 17:39:00,8.0
LOG216141,W0050,Night,2025-02-28 19:48:00,2025-03-01 02:48:00,7.0
LOG216142,W0440,Evening,2025-04-12 10:45:00,2025-04-12 19:45:00,9.0
LOG216143,W0288,Evening,2025-01-31 10:48:00,2025-01-31 19:48:00,9.0
LOG216144,W0228,Morning,2025-04-15 20:39:00,2025-04-16 03:39:00,7.0
LOG216145,W0139,Night,2025-03-14 23:21:00,2025-03-15 08:21:00,9.0
LOG216148,W0138,Morning,2025-04-24 01:49:00,2025-04-24 07:49:00,6.0
LOG216149,W0267,Night,2025-05-14 16:54:00,2025-05-14 23:54:00,7.0
LOG216150,W0382,Evening,2025-03-28 20:24:00,2025-03-29 06:24:00,10.0
LOG216151,W0262,Night,2025-02-13 07:45:00,2025-02-13 13:45:00,6.0
LOG216152,W0236,Evening,2025-04-03 07:27:00,2025-04-03 16:27:00,9.0
LOG216153,W0349,Night,2025-01-14 01:37:00,2025-01-14 07:37:00,6.0
LOG216154,W0261,Night,2025-06-18 03:38:00,2025-06-18 12:38:00,9.0
LOG216155,W0070,Night,2025-06-08 03:19:00,2025-06-08 12:19:00,9.0
LOG216158,W0291,Night,2025-05-25 06:51:00,2025-05-25 14:51:00,8.0
LOG216159,W0054,Morning,2025-03-21 11:22:00,2025-03-21 21:22:00,10.0
LOG216160,W0105,Evening,2025-06-21 03:02:00,2025-06-21 12:02:00,9.0
LOG216161,W0452,Night,2025-03-10 02:41:00,2025-03-10 09:41:00,7.0
LOG216162,W0356,Evening,2025-02-25 19:52:00,2025-02-26 02:52:00,7.0
LOG216163,W0188,Night,2025-01-24 03:35:00,2025-01-24 13:35:00,10.0
LOG216164,W0106,Morning,2025-04-20 02:00:00,2025-04-20 10:00:00,8.0
LOG216165,W0158,Night,2025-03-15 12:04:00,2025-03-15 18:04:00,6.0
LOG216167,W0105,Night,2025-05-04 04:34:00,2025-05-04 13:34:00,9.0
LOG216168,W0406,Morning,2025-06-23 00:39:00,2025-06-23 08:39:00,8.0
LOG216169,W0269,Night,2025-01-09 00:48:00,2025-01-09 08:48:00,8.0
LOG216171,W0262,Night,2025-02-18 00:25:00,2025-02-18 08:25:00,8.0
LOG216173,W0319,Morning,2025-03-17 16:56:00,2025-03-18 01:56:00,9.0
LOG216174,W0418,Morning,2025-04-08 11:23:00,2025-04-08 17:23:00,6.0
LOG216176,W0489,Morning,2025-02-04 08:53:00,2025-02-04 16:53:00,8.0
LOG216177,W0468,Night,2025-04-12 08:05:00,2025-04-12 14:05:00,6.0
LOG216178,W0077,Morning,2025-02-09 13:19:00,2025-02-09 21:19:00,8.0
LOG216180,W0007,Morning,2025-05-12 05:49:00,2025-05-12 15:49:00,10.0
LOG216182,W0446,Night,2025-06-20 20:01:00,2025-06-21 06:01:00,10.0
LOG216183,W0460,Night,2025-01-06 15:55:00,2025-01-06 22:55:00,7.0
LOG216185,W0384,Morning,2025-01-02 02:54:00,2025-01-02 10:54:00,8.0
LOG216186,W0241,Night,2025-06-15 18:24:00,2025-06-16 00:24:00,6.0
LOG216188,W0090,Morning,2025-06-28 15:16:00,2025-06-29 01:16:00,10.0
LOG216190,W0090,Evening,2025-06-11 22:36:00,2025-06-12 06:36:00,8.0
LOG216191,W0278,Morning,2025-03-21 01:02:00,2025-03-21 07:02:00,6.0
LOG216192,W0246,Evening,2025-04-23 13:40:00,2025-04-23 19:40:00,6.0
LOG216193,W0096,Evening,2025-06-19 08:23:00,2025-06-19 18:23:00,10.0
LOG216195,W0011,Night,2025-06-28 09:57:00,2025-06-28 17:57:00,8.0
LOG216196,W0500,Night,2025-05-17 01:42:00,2025-05-17 08:42:00,7.0
LOG216198,W0202,Evening,2025-03-07 00:01:00,2025-03-07 10:01:00,10.0
LOG216199,W0017,Evening,2025-02-22 10:18:00,2025-02-22 20:18:00,10.0
LOG216200,W0117,Night,2025-06-17 11:54:00,2025-06-17 17:54:00,6.0
LOG216203,W0039,Night,2025-06-17 13:04:00,2025-06-17 19:04:00,6.0
LOG216204,W0443,Night,2025-03-02 21:21:00,2025-03-03 07:21:00,10.0
LOG216205,W0384,Night,2025-04-23 00:01:00,2025-04-23 08:01:00,8.0
LOG216209,W0372,Morning,2025-03-27 00:48:00,2025-03-27 07:48:00,7.0
LOG216210,W0423,Morning,2025-05-25 18:50:00,2025-05-26 01:50:00,7.0
LOG216211,W0063,Night,2025-06-16 00:07:00,2025-06-16 07:07:00,7.0
LOG216212,W0452,Night,2025-02-08 18:33:00,2025-02-09 00:33:00,6.0
LOG216214,W0100,Night,2025-05-19 01:39:00,2025-05-19 09:39:00,8.0
LOG216215,W0019,Evening,2025-05-13 18:26:00,2025-05-14 03:26:00,9.0
LOG216216,W0092,Night,2025-05-02 09:07:00,2025-05-02 19:07:00,10.0
LOG216217,W0363,Morning,2025-02-08 08:33:00,2025-02-08 17:33:00,9.0
LOG216219,W0439,Night,2025-06-24 09:35:00,2025-06-24 18:35:00,9.0
LOG216221,W0430,Night,2025-04-14 12:52:00,2025-04-14 18:52:00,6.0
LOG216222,W0103,Night,2025-06-09 12:45:00,2025-06-09 22:45:00,10.0
LOG216223,W0034,Morning,2025-02-07 21:52:00,2025-02-08 03:52:00,6.0
LOG216224,W0148,Night,2025-04-10 20:07:00,2025-04-11 03:07:00,7.0
LOG216225,W0269,Night,2025-02-21 22:51:00,2025-02-22 05:51:00,7.0
LOG216226,W0393,Night,2025-01-12 14:41:00,2025-01-13 00:41:00,10.0
LOG216227,W0310,Night,2025-05-20 08:50:00,2025-05-20 14:50:00,6.0
LOG216228,W0010,Evening,2025-01-01 12:11:00,2025-01-01 22:11:00,10.0
LOG216229,W0398,Evening,2025-03-09 01:24:00,2025-03-09 10:24:00,9.0
LOG216231,W0012,Evening,2025-05-16 20:46:00,2025-05-17 03:46:00,7.0
LOG216233,W0032,Night,2025-05-12 04:06:00,2025-05-12 10:06:00,6.0
LOG216234,W0276,Night,2025-03-13 15:17:00,2025-03-13 21:17:00,6.0
LOG216235,W0329,Night,2025-02-02 04:56:00,2025-02-02 13:56:00,9.0
LOG216236,W0364,Night,2025-05-30 11:15:00,2025-05-30 20:15:00,9.0
LOG216237,W0041,Evening,2025-05-26 10:21:00,2025-05-26 19:21:00,9.0
LOG216238,W0290,Evening,2025-02-26 18:10:00,2025-02-27 02:10:00,8.0
LOG216240,W0390,Night,2025-06-20 00:12:00,2025-06-20 07:12:00,7.0
LOG216241,W0309,Morning,2025-04-26 06:44:00,2025-04-26 15:44:00,9.0
LOG216242,W0442,Night,2025-06-17 22:25:00,2025-06-18 07:25:00,9.0
LOG216243,W0103,Night,2025-06-23 03:12:00,2025-06-23 10:12:00,7.0
LOG216244,W0071,Morning,2025-05-21 00:03:00,2025-05-21 07:03:00,7.0
LOG216246,W0073,Night,2025-03-11 20:54:00,2025-03-12 04:54:00,8.0
LOG216247,W0418,Morning,2025-05-22 16:20:00,2025-05-23 01:20:00,9.0
LOG216248,W0181,Night,2025-03-29 05:00:00,2025-03-29 13:00:00,8.0
LOG216250,W0127,Night,2025-04-24 17:52:00,2025-04-25 03:52:00,10.0
LOG216251,W0164,Night,2025-04-21 11:43:00,2025-04-21 17:43:00,6.0
LOG216253,W0054,Night,2025-03-15 12:34:00,2025-03-15 22:34:00,10.0
LOG216256,W0122,Night,2025-01-16 17:09:00,2025-01-17 02:09:00,9.0
LOG216258,W0416,Night,2025-03-18 21:00:00,2025-03-19 03:00:00,6.0
LOG216260,W0323,Evening,2025-05-03 06:12:00,2025-05-03 12:12:00,6.0
LOG216261,W0090,Evening,2025-02-27 14:38:00,2025-02-27 22:38:00,8.0
LOG216263,W0473,Evening,2025-04-30 09:38:00,2025-04-30 19:38:00,10.0
LOG216264,W0089,Night,2025-03-09 22:51:00,2025-03-10 05:51:00,7.0
LOG216265,W0036,Evening,2025-06-25 00:06:00,2025-06-25 06:06:00,6.0
LOG216266,W0263,Evening,2025-05-17 17:11:00,2025-05-18 02:11:00,9.0
LOG216267,W0424,Morning,2025-06-16 03:35:00,2025-06-16 11:35:00,8.0
LOG216269,W0181,Night,2025-03-24 13:28:00,2025-03-24 22:28:00,9.0
LOG216270,W0332,Evening,2025-03-10 17:06:00,2025-03-11 02:06:00,9.0
LOG216272,W0369,Morning,2025-06-28 01:19:00,2025-06-28 08:19:00,7.0
LOG216273,W0400,Morning,2025-02-28 23:01:00,2025-03-01 07:01:00,8.0
LOG216274,W0305,Evening,2025-02-26 17:18:00,2025-02-26 23:18:00,6.0
LOG216275,W0407,Evening,2025-05-22 08:29:00,2025-05-22 18:29:00,10.0
LOG216276,W0267,Evening,2025-01-17 06:08:00,2025-01-17 16:08:00,10.0
LOG216277,W0428,Evening,2025-05-12 01:24:00,2025-05-12 11:24:00,10.0
LOG216278,W0036,Night,2025-05-27 22:15:00,2025-05-28 07:15:00,9.0
LOG216279,W0333,Evening,2025-04-21 09:54:00,2025-04-21 19:54:00,10.0
LOG216280,W0365,Night,2025-06-28 14:38:00,2025-06-28 22:38:00,8.0
LOG216281,W0499,Morning,2025-04-20 09:18:00,2025-04-20 18:18:00,9.0
LOG216283,W0274,Night,2025-06-27 02:36:00,2025-06-27 09:36:00,7.0
LOG216285,W0341,Night,2025-02-15 20:17:00,2025-02-16 05:17:00,9.0
LOG216286,W0366,Night,2025-01-28 02:33:00,2025-01-28 10:33:00,8.0
LOG216288,W0234,Night,2025-01-05 20:20:00,2025-01-06 06:20:00,10.0
LOG216289,W0305,Morning,2025-03-01 17:45:00,2025-03-02 00:45:00,7.0
LOG216290,W0133,Morning,2025-01-08 01:35:00,2025-01-08 07:35:00,6.0
LOG216291,W0444,Evening,2025-02-18 02:09:00,2025-02-18 09:09:00,7.0
LOG216292,W0243,Night,2025-01-30 03:41:00,2025-01-30 11:41:00,8.0
LOG216293,W0459,Morning,2025-01-24 07:56:00,2025-01-24 14:56:00,7.0
LOG216294,W0157,Evening,2025-01-18 05:43:00,2025-01-18 12:43:00,7.0
LOG216297,W0154,Evening,2025-03-10 23:02:00,2025-03-11 05:02:00,6.0
LOG216299,W0406,Evening,2025-05-21 19:52:00,2025-05-22 03:52:00,8.0
LOG216300,W0448,Night,2025-02-24 03:48:00,2025-02-24 10:48:00,7.0
LOG216302,W0372,Evening,2025-06-07 15:30:00,2025-06-07 21:30:00,6.0
LOG216304,W0236,Night,2025-03-27 02:59:00,2025-03-27 09:59:00,7.0
LOG216305,W0428,Night,2025-05-20 10:41:00,2025-05-20 18:41:00,8.0
LOG216306,W0280,Evening,2025-06-19 07:01:00,2025-06-19 15:01:00,8.0
LOG216307,W0481,Night,2025-05-28 02:35:00,2025-05-28 10:35:00,8.0
LOG216308,W0370,Night,2025-02-14 05:28:00,2025-02-14 11:28:00,6.0
LOG216309,W0035,Night,2025-03-04 17:44:00,2025-03-05 03:44:00,10.0
LOG216310,W0076,Evening,2025-06-18 13:26:00,2025-06-18 20:26:00,7.0
LOG216312,W0172,Morning,2025-06-28 04:54:00,2025-06-28 10:54:00,6.0
LOG216313,W0306,Night,2025-03-07 21:32:00,2025-03-08 04:32:00,7.0
LOG216314,W0176,Night,2025-02-21 10:13:00,2025-02-21 16:13:00,6.0
LOG216315,W0131,Morning,2025-05-05 22:44:00,2025-05-06 07:44:00,9.0
LOG216316,W0187,Evening,2025-04-03 19:44:00,2025-04-04 04:44:00,9.0
LOG216317,W0001,Night,2025-04-26 10:02:00,2025-04-26 19:02:00,9.0
LOG216318,W0384,Night,2025-04-22 05:11:00,2025-04-22 15:11:00,10.0
LOG216319,W0424,Morning,2025-02-25 19:04:00,2025-02-26 01:04:00,6.0
LOG216320,W0021,Morning,2025-03-14 07:09:00,2025-03-14 13:09:00,6.0
LOG216321,W0188,Night,2025-04-06 21:59:00,2025-04-07 06:59:00,9.0
LOG216322,W0317,Night,2025-04-21 07:16:00,2025-04-21 15:16:00,8.0
LOG216323,W0245,Night,2025-02-08 03:45:00,2025-02-08 12:45:00,9.0
LOG216324,W0231,Night,2025-02-27 13:59:00,2025-02-27 21:59:00,8.0
LOG216325,W0102,Night,2025-01-09 00:15:00,2025-01-09 09:15:00,9.0
LOG216327,W0019,Morning,2025-05-13 05:49:00,2025-05-13 12:49:00,7.0
LOG216328,W0273,Morning,2025-02-26 08:18:00,2025-02-26 16:18:00,8.0
LOG216329,W0398,Morning,2025-03-14 15:07:00,2025-03-15 01:07:00,10.0
LOG216330,W0324,Evening,2025-06-05 12:34:00,2025-06-05 21:34:00,9.0
LOG216332,W0354,Night,2025-05-06 17:41:00,2025-05-07 00:41:00,7.0
LOG216333,W0027,Night,2025-06-24 18:29:00,2025-06-25 04:29:00,10.0
LOG216334,W0456,Night,2025-02-05 22:01:00,2025-02-06 05:01:00,7.0
LOG216336,W0048,Evening,2025-06-05 07:53:00,2025-06-05 17:53:00,10.0
LOG216338,W0282,Night,2025-03-18 23:26:00,2025-03-19 06:26:00,7.0
LOG216341,W0283,Morning,2025-01-16 05:44:00,2025-01-16 11:44:00,6.0
LOG216342,W0271,Night,2025-03-14 13:23:00,2025-03-14 22:23:00,9.0
LOG216343,W0073,Night,2025-06-21 12:03:00,2025-06-21 20:03:00,8.0
LOG216344,W0353,Night,2025-02-01 20:43:00,2025-02-02 02:43:00,6.0
LOG216345,W0042,Evening,2025-03-01 00:03:00,2025-03-01 06:03:00,6.0
LOG216346,W0087,Night,2025-03-28 18:37:00,2025-03-29 02:37:00,8.0
LOG216347,W0480,Evening,2025-06-16 23:26:00,2025-06-17 09:26:00,10.0
LOG216349,W0323,Morning,2025-02-01 22:41:00,2025-02-02 06:41:00,8.0
LOG216350,W0327,Night,2025-03-14 02:21:00,2025-03-14 09:21:00,7.0
LOG216354,W0026,Morning,2025-04-29 20:06:00,2025-04-30 03:06:00,7.0
LOG216356,W0206,Morning,2025-05-09 13:08:00,2025-05-09 20:08:00,7.0
LOG216357,W0378,Night,2025-01-03 17:54:00,2025-01-03 23:54:00,6.0
LOG216358,W0448,Morning,2025-02-26 04:47:00,2025-02-26 14:47:00,10.0
LOG216359,W0475,Morning,2025-04-08 06:37:00,2025-04-08 14:37:00,8.0
LOG216361,W0242,Evening,2025-03-31 09:57:00,2025-03-31 16:57:00,7.0
LOG216362,W0380,Night,2025-06-10 04:44:00,2025-06-10 13:44:00,9.0
LOG216363,W0169,Evening,2025-03-19 17:24:00,2025-03-20 03:24:00,10.0
LOG216364,W0454,Night,2025-01-22 06:36:00,2025-01-22 13:36:00,7.0
LOG216366,W0007,Morning,2025-03-18 04:52:00,2025-03-18 13:52:00,9.0
LOG216367,W0444,Night,2025-06-25 12:01:00,2025-06-25 20:01:00,8.0
LOG216369,W0032,Evening,2025-04-28 11:37:00,2025-04-28 21:37:00,10.0
LOG216370,W0156,Evening,2025-03-28 13:51:00,2025-03-28 19:51:00,6.0
LOG216371,W0058,Morning,2025-05-17 22:34:00,2025-05-18 05:34:00,7.0
LOG216372,W0267,Evening,2025-03-02 18:22:00,2025-03-03 01:22:00,7.0
LOG216374,W0354,Night,2025-02-18 21:47:00,2025-02-19 07:47:00,10.0
LOG216378,W0010,Night,2025-02-11 11:02:00,2025-02-11 21:02:00,10.0
LOG216379,W0043,Night,2025-01-29 18:55:00,2025-01-30 00:55:00,6.0
LOG216380,W0341,Morning,2025-03-04 22:39:00,2025-03-05 04:39:00,6.0
LOG216382,W0489,Night,2025-02-08 14:29:00,2025-02-08 21:29:00,7.0
LOG216384,W0483,Morning,2025-02-19 02:51:00,2025-02-19 11:51:00,9.0
LOG216387,W0364,Morning,2025-04-22 11:03:00,2025-04-22 18:03:00,7.0
LOG216390,W0487,Evening,2025-03-09 17:56:00,2025-03-10 00:56:00,7.0
LOG216392,W0249,Night,2025-05-30 07:42:00,2025-05-30 17:42:00,10.0
LOG216394,W0154,Night,2025-03-16 06:28:00,2025-03-16 14:28:00,8.0
LOG216396,W0231,Morning,2025-06-12 19:01:00,2025-06-13 05:01:00,10.0
LOG216397,W0073,Evening,2025-03-12 18:33:00,2025-03-13 00:33:00,6.0
LOG216400,W0227,Night,2025-05-09 02:16:00,2025-05-09 10:16:00,8.0
LOG216401,W0196,Morning,2025-03-29 11:47:00,2025-03-29 21:47:00,10.0
LOG216403,W0106,Morning,2025-05-22 16:54:00,2025-05-23 00:54:00,8.0
LOG216404,W0115,Night,2025-03-02 19:32:00,2025-03-03 03:32:00,8.0
LOG216405,W0217,Night,2025-04-04 02:11:00,2025-04-04 12:11:00,10.0
LOG216407,W0481,Evening,2025-02-23 05:16:00,2025-02-23 13:16:00,8.0
LOG216408,W0224,Night,2025-03-19 18:13:00,2025-03-20 02:13:00,8.0
LOG216409,W0136,Night,2025-04-14 00:50:00,2025-04-14 10:50:00,10.0
LOG216410,W0438,Night,2025-03-21 12:24:00,2025-03-21 21:24:00,9.0
LOG216412,W0007,Night,2025-05-12 05:17:00,2025-05-12 12:17:00,7.0
LOG216413,W0062,Evening,2025-03-23 01:59:00,2025-03-23 07:59:00,6.0
LOG216415,W0146,Evening,2025-04-17 10:35:00,2025-04-17 19:35:00,9.0
LOG216416,W0316,Evening,2025-04-28 05:47:00,2025-04-28 13:47:00,8.0
LOG216417,W0360,Night,2025-03-03 04:49:00,2025-03-03 13:49:00,9.0
LOG216419,W0168,Evening,2025-04-13 18:12:00,2025-04-14 04:12:00,10.0
LOG216420,W0225,Evening,2025-01-19 23:02:00,2025-01-20 06:02:00,7.0
LOG216421,W0108,Night,2025-05-20 10:05:00,2025-05-20 19:05:00,9.0
LOG216422,W0015,Evening,2025-02-21 13:10:00,2025-02-21 19:10:00,6.0
LOG216424,W0048,Night,2025-03-04 07:28:00,2025-03-04 13:28:00,6.0
LOG216425,W0050,Morning,2025-03-17 11:22:00,2025-03-17 21:22:00,10.0
LOG216428,W0500,Evening,2025-06-19 05:59:00,2025-06-19 15:59:00,10.0
LOG216429,W0214,Evening,2025-04-02 00:25:00,2025-04-02 06:25:00,6.0
LOG216430,W0249,Night,2025-04-12 02:21:00,2025-04-12 12:21:00,10.0
LOG216431,W0082,Morning,2025-05-31 01:40:00,2025-05-31 08:40:00,7.0
LOG216432,W0185,Night,2025-05-06 08:15:00,2025-05-06 18:15:00,10.0
LOG216433,W0207,Morning,2025-01-31 02:52:00,2025-01-31 11:52:00,9.0
LOG216434,W0371,Night,2025-06-28 19:33:00,2025-06-29 01:33:00,6.0
LOG216436,W0380,Night,2025-05-01 10:17:00,2025-05-01 17:17:00,7.0
LOG216438,W0048,Evening,2025-04-03 20:24:00,2025-04-04 03:24:00,7.0
LOG216439,W0204,Evening,2025-05-27 15:43:00,2025-05-28 01:43:00,10.0
LOG216440,W0282,Evening,2025-04-19 22:38:00,2025-04-20 07:38:00,9.0
LOG216441,W0410,Night,2025-05-23 01:37:00,2025-05-23 07:37:00,6.0
LOG216443,W0297,Morning,2025-05-28 17:45:00,2025-05-29 00:45:00,7.0
LOG216444,W0469,Night,2025-02-17 07:08:00,2025-02-17 14:08:00,7.0
LOG216445,W0371,Morning,2025-02-05 03:26:00,2025-02-05 10:26:00,7.0
LOG216446,W0278,Night,2025-06-02 07:04:00,2025-06-02 16:04:00,9.0
LOG216447,W0246,Night,2025-02-15 07:19:00,2025-02-15 15:19:00,8.0
LOG216449,W0142,Morning,2025-06-27 06:26:00,2025-06-27 13:26:00,7.0
LOG216451,W0468,Night,2025-01-20 14:10:00,2025-01-20 21:10:00,7.0
LOG216452,W0108,Night,2025-03-23 05:33:00,2025-03-23 15:33:00,10.0
LOG216453,W0428,Night,2025-05-23 04:49:00,2025-05-23 10:49:00,6.0
LOG216454,W0204,Night,2025-04-04 12:00:00,2025-04-04 21:00:00,9.0
LOG216455,W0306,Night,2025-06-26 17:50:00,2025-06-27 03:50:00,10.0
LOG216456,W0226,Evening,2025-04-30 19:29:00,2025-05-01 02:29:00,7.0
LOG216457,W0451,Morning,2025-01-26 01:56:00,2025-01-26 07:56:00,6.0
LOG216458,W0058,Morning,2025-06-23 20:00:00,2025-06-24 02:00:00,6.0
LOG216459,W0261,Night,2025-05-22 08:31:00,2025-05-22 16:31:00,8.0
LOG216461,W0353,Morning,2025-06-06 07:31:00,2025-06-06 15:31:00,8.0
LOG216464,W0171,Night,2025-01-09 06:38:00,2025-01-09 14:38:00,8.0
LOG216465,W0100,Morning,2025-06-29 11:00:00,2025-06-29 20:00:00,9.0
LOG216466,W0253,Night,2025-03-18 13:38:00,2025-03-18 22:38:00,9.0
LOG216468,W0032,Morning,2025-06-26 21:45:00,2025-06-27 04:45:00,7.0
LOG216469,W0461,Evening,2025-01-08 00:36:00,2025-01-08 07:36:00,7.0
LOG216470,W0149,Morning,2025-01-20 23:20:00,2025-01-21 07:20:00,8.0
LOG216471,W0443,Night,2025-03-19 01:29:00,2025-03-19 11:29:00,10.0
LOG216473,W0487,Morning,2025-06-09 07:43:00,2025-06-09 14:43:00,7.0
LOG216475,W0262,Night,2025-06-18 17:58:00,2025-06-19 00:58:00,7.0
LOG216476,W0415,Night,2025-05-18 04:55:00,2025-05-18 11:55:00,7.0
LOG216479,W0233,Morning,2025-03-18 05:04:00,2025-03-18 11:04:00,6.0
LOG216480,W0137,Night,2025-03-14 15:08:00,2025-03-14 21:08:00,6.0
LOG216481,W0305,Evening,2025-05-30 18:36:00,2025-05-31 02:36:00,8.0
LOG216482,W0362,Night,2025-03-22 01:44:00,2025-03-22 11:44:00,10.0
LOG216484,W0335,Night,2025-02-10 13:41:00,2025-02-10 21:41:00,8.0
LOG216487,W0265,Night,2025-01-25 07:19:00,2025-01-25 14:19:00,7.0
LOG216488,W0194,Evening,2025-06-06 14:02:00,2025-06-06 23:02:00,9.0
LOG216489,W0081,Evening,2025-01-07 08:25:00,2025-01-07 16:25:00,8.0
LOG216490,W0439,Evening,2025-03-01 02:38:00,2025-03-01 09:38:00,7.0
LOG216492,W0193,Night,2025-06-16 08:23:00,2025-06-16 16:23:00,8.0
LOG216493,W0068,Evening,2025-03-13 09:16:00,2025-03-13 15:16:00,6.0
LOG216494,W0110,Morning,2025-02-04 16:25:00,2025-02-04 22:25:00,6.0
LOG216495,W0345,Evening,2025-02-01 13:06:00,2025-02-01 22:06:00,9.0
LOG216496,W0009,Evening,2025-03-29 08:41:00,2025-03-29 17:41:00,9.0
LOG216498,W0129,Evening,2025-01-02 11:36:00,2025-01-02 20:36:00,9.0
LOG216499,W0491,Evening,2025-04-10 09:26:00,2025-04-10 18:26:00,9.0
LOG216500,W0167,Night,2025-02-18 21:01:00,2025-02-19 05:01:00,8.0
LOG216502,W0314,Morning,2025-04-29 04:32:00,2025-04-29 13:32:00,9.0
LOG216503,W0406,Morning,2025-01-25 02:18:00,2025-01-25 12:18:00,10.0
LOG216504,W0294,Morning,2025-06-22 12:09:00,2025-06-22 21:09:00,9.0
LOG216505,W0339,Night,2025-04-04 06:05:00,2025-04-04 15:05:00,9.0
LOG216506,W0271,Morning,2025-03-16 01:44:00,2025-03-16 10:44:00,9.0
LOG216507,W0404,Evening,2025-05-12 12:39:00,2025-05-12 19:39:00,7.0
LOG216508,W0229,Morning,2025-02-16 10:13:00,2025-02-16 18:13:00,8.0
LOG216510,W0185,Night,2025-03-13 18:32:00,2025-03-14 00:32:00,6.0
LOG216511,W0202,Morning,2025-02-08 10:52:00,2025-02-08 17:52:00,7.0
LOG216512,W0129,Evening,2025-02-18 20:22:00,2025-02-19 03:22:00,7.0
LOG216515,W0179,Night,2025-05-03 00:40:00,2025-05-03 09:40:00,9.0
LOG216517,W0110,Night,2025-05-16 11:12:00,2025-05-16 19:12:00,8.0
LOG216518,W0363,Night,2025-03-03 09:38:00,2025-03-03 19:38:00,10.0
LOG216519,W0037,Night,2025-06-22 00:18:00,2025-06-22 10:18:00,10.0
LOG216522,W0492,Evening,2025-02-01 10:07:00,2025-02-01 19:07:00,9.0
LOG216523,W0376,Evening,2025-03-21 17:40:00,2025-03-22 00:40:00,7.0
LOG216525,W0039,Night,2025-02-19 15:19:00,2025-02-19 22:19:00,7.0
LOG216528,W0092,Evening,2025-06-15 15:52:00,2025-06-15 22:52:00,7.0
LOG216529,W0260,Night,2025-04-02 23:43:00,2025-04-03 06:43:00,7.0
LOG216531,W0342,Morning,2025-01-16 07:39:00,2025-01-16 14:39:00,7.0
LOG216533,W0326,Evening,2025-05-18 05:42:00,2025-05-18 11:42:00,6.0
LOG216534,W0058,Night,2025-05-17 01:17:00,2025-05-17 11:17:00,10.0
LOG216535,W0452,Night,2025-03-28 03:03:00,2025-03-28 11:03:00,8.0
LOG216536,W0092,Night,2025-02-07 01:08:00,2025-02-07 07:08:00,6.0
LOG216538,W0145,Night,2025-06-25 02:55:00,2025-06-25 11:55:00,9.0
LOG216539,W0337,Night,2025-02-18 21:05:00,2025-02-19 03:05:00,6.0
LOG216540,W0045,Night,2025-05-13 01:06:00,2025-05-13 08:06:00,7.0
LOG216541,W0062,Night,2025-03-07 10:28:00,2025-03-07 19:28:00,9.0
LOG216542,W0193,Morning,2025-04-22 18:54:00,2025-04-23 00:54:00,6.0
LOG216543,W0413,Evening,2025-02-19 17:27:00,2025-02-20 00:27:00,7.0
LOG216544,W0355,Night,2025-03-27 05:58:00,2025-03-27 15:58:00,10.0
LOG216545,W0217,Night,2025-01-29 12:02:00,2025-01-29 22:02:00,10.0
LOG216546,W0412,Night,2025-03-05 10:19:00,2025-03-05 19:19:00,9.0
LOG216547,W0018,Morning,2025-01-12 18:03:00,2025-01-13 03:03:00,9.0
LOG216549,W0460,Evening,2025-03-26 16:09:00,2025-03-26 22:09:00,6.0
LOG216550,W0064,Evening,2025-02-16 21:40:00,2025-02-17 07:40:00,10.0
LOG216553,W0350,Evening,2025-01-27 23:20:00,2025-01-28 09:20:00,10.0
LOG216554,W0371,Night,2025-03-13 14:01:00,2025-03-13 22:01:00,8.0
LOG216558,W0099,Night,2025-01-21 22:16:00,2025-01-22 05:16:00,7.0
LOG216559,W0015,Evening,2025-02-20 06:02:00,2025-02-20 12:02:00,6.0
LOG216560,W0029,Morning,2025-06-23 10:49:00,2025-06-23 16:49:00,6.0
LOG216561,W0252,Evening,2025-01-28 06:49:00,2025-01-28 12:49:00,6.0
LOG216562,W0125,Morning,2025-06-04 17:53:00,2025-06-05 00:53:00,7.0
LOG216563,W0024,Night,2025-02-02 01:40:00,2025-02-02 11:40:00,10.0
LOG216564,W0088,Night,2025-01-23 01:04:00,2025-01-23 10:04:00,9.0
LOG216567,W0265,Morning,2025-04-08 07:42:00,2025-04-08 14:42:00,7.0
LOG216568,W0064,Morning,2025-06-24 17:00:00,2025-06-25 00:00:00,7.0
LOG216570,W0303,Night,2025-05-04 02:27:00,2025-05-04 12:27:00,10.0
LOG216571,W0203,Night,2025-04-05 18:32:00,2025-04-06 02:32:00,8.0
LOG216572,W0023,Night,2025-01-02 02:35:00,2025-01-02 12:35:00,10.0
LOG216573,W0047,Evening,2025-03-15 13:31:00,2025-03-15 20:31:00,7.0
LOG216574,W0100,Morning,2025-03-03 05:37:00,2025-03-03 14:37:00,9.0
LOG216575,W0113,Night,2025-05-24 01:28:00,2025-05-24 11:28:00,10.0
LOG216576,W0478,Evening,2025-04-29 21:34:00,2025-04-30 03:34:00,6.0
LOG216577,W0456,Night,2025-04-19 14:36:00,2025-04-20 00:36:00,10.0
LOG216578,W0137,Night,2025-05-30 01:26:00,2025-05-30 09:26:00,8.0
LOG216579,W0188,Evening,2025-05-05 17:19:00,2025-05-06 02:19:00,9.0
LOG216582,W0484,Evening,2025-05-16 15:01:00,2025-05-17 01:01:00,10.0
LOG216583,W0470,Evening,2025-02-17 20:32:00,2025-02-18 04:32:00,8.0
LOG216584,W0166,Night,2025-06-04 23:21:00,2025-06-05 08:21:00,9.0
LOG216585,W0243,Night,2025-01-02 12:29:00,2025-01-02 22:29:00,10.0
LOG216586,W0310,Night,2025-06-03 00:48:00,2025-06-03 06:48:00,6.0
LOG216587,W0484,Night,2025-03-28 19:54:00,2025-03-29 05:54:00,10.0
LOG216588,W0008,Morning,2025-02-19 01:39:00,2025-02-19 10:39:00,9.0
LOG216590,W0465,Night,2025-06-21 10:46:00,2025-06-21 17:46:00,7.0
LOG216591,W0182,Night,2025-02-11 11:00:00,2025-02-11 18:00:00,7.0
LOG216593,W0474,Night,2025-06-22 22:18:00,2025-06-23 04:18:00,6.0
LOG216594,W0442,Night,2025-02-05 23:23:00,2025-02-06 07:23:00,8.0
LOG216595,W0493,Evening,2025-03-08 04:28:00,2025-03-08 14:28:00,10.0
LOG216596,W0160,Night,2025-01-30 18:28:00,2025-01-31 04:28:00,10.0
LOG216597,W0178,Evening,2025-01-29 19:17:00,2025-01-30 05:17:00,10.0
LOG216598,W0470,Night,2025-04-05 11:15:00,2025-04-05 17:15:00,6.0
LOG216600,W0264,Evening,2025-01-29 05:32:00,2025-01-29 15:32:00,10.0
LOG216601,W0155,Morning,2025-04-06 03:57:00,2025-04-06 09:57:00,6.0
LOG216602,W0031,Night,2025-06-19 00:54:00,2025-06-19 08:54:00,8.0
LOG216603,W0069,Evening,2025-06-26 10:30:00,2025-06-26 16:30:00,6.0
LOG216604,W0176,Evening,2025-04-24 11:18:00,2025-04-24 21:18:00,10.0
LOG216605,W0015,Evening,2025-04-14 17:18:00,2025-04-14 23:18:00,6.0
LOG216607,W0167,Night,2025-01-11 08:45:00,2025-01-11 15:45:00,7.0
LOG216609,W0052,Night,2025-05-25 23:35:00,2025-05-26 09:35:00,10.0
LOG216610,W0407,Night,2025-04-20 16:35:00,2025-04-20 22:35:00,6.0
LOG216611,W0282,Evening,2025-02-27 04:23:00,2025-02-27 12:23:00,8.0
LOG216612,W0048,Night,2025-06-28 21:51:00,2025-06-29 05:51:00,8.0
LOG216614,W0415,Morning,2025-04-08 07:43:00,2025-04-08 17:43:00,10.0
LOG216617,W0423,Morning,2025-05-20 23:06:00,2025-05-21 06:06:00,7.0
LOG216618,W0320,Night,2025-05-13 22:49:00,2025-05-14 05:49:00,7.0
LOG216619,W0057,Morning,2025-01-15 19:55:00,2025-01-16 05:55:00,10.0
LOG216620,W0278,Night,2025-03-09 19:40:00,2025-03-10 01:40:00,6.0
LOG216621,W0488,Morning,2025-03-23 21:51:00,2025-03-24 03:51:00,6.0
LOG216622,W0111,Night,2025-03-26 09:03:00,2025-03-26 16:03:00,7.0
LOG216623,W0304,Night,2025-05-12 08:01:00,2025-05-12 14:01:00,6.0
LOG216624,W0028,Night,2025-05-15 12:08:00,2025-05-15 22:08:00,10.0
LOG216627,W0422,Morning,2025-02-22 12:33:00,2025-02-22 20:33:00,8.0
LOG216628,W0339,Night,2025-06-15 09:02:00,2025-06-15 19:02:00,10.0
LOG216629,W0108,Morning,2025-03-25 13:42:00,2025-03-25 21:42:00,8.0
LOG216630,W0083,Morning,2025-02-05 00:23:00,2025-02-05 07:23:00,7.0
LOG216631,W0416,Night,2025-02-20 22:07:00,2025-02-21 06:07:00,8.0
LOG216632,W0080,Night,2025-01-10 17:36:00,2025-01-11 03:36:00,10.0
LOG216633,W0032,Morning,2025-06-16 00:58:00,2025-06-16 10:58:00,10.0
LOG216634,W0070,Evening,2025-05-08 09:05:00,2025-05-08 15:05:00,6.0
LOG216635,W0449,Night,2025-04-24 14:37:00,2025-04-24 21:37:00,7.0
LOG216637,W0435,Morning,2025-03-24 09:08:00,2025-03-24 16:08:00,7.0
LOG216639,W0494,Night,2025-04-27 06:57:00,2025-04-27 14:57:00,8.0
LOG216640,W0065,Night,2025-06-18 22:32:00,2025-06-19 06:32:00,8.0
LOG216641,W0033,Morning,2025-03-31 10:32:00,2025-03-31 20:32:00,10.0
LOG216642,W0440,Night,2025-04-02 15:42:00,2025-04-02 22:42:00,7.0
LOG216643,W0174,Morning,2025-04-20 00:56:00,2025-04-20 08:56:00,8.0
LOG216644,W0123,Night,2025-04-08 18:29:00,2025-04-09 01:29:00,7.0
LOG216645,W0268,Morning,2025-04-07 09:36:00,2025-04-07 18:36:00,9.0
LOG216647,W0449,Evening,2025-06-06 22:17:00,2025-06-07 04:17:00,6.0
LOG216648,W0403,Night,2025-04-11 16:16:00,2025-04-12 00:16:00,8.0
LOG216649,W0369,Night,2025-02-16 10:41:00,2025-02-16 18:41:00,8.0
LOG216650,W0048,Morning,2025-05-15 03:31:00,2025-05-15 09:31:00,6.0
LOG216651,W0402,Night,2025-06-17 13:00:00,2025-06-17 20:00:00,7.0
LOG216652,W0042,Night,2025-02-27 10:23:00,2025-02-27 17:23:00,7.0
LOG216653,W0416,Night,2025-05-29 11:40:00,2025-05-29 19:40:00,8.0
LOG216654,W0314,Night,2025-01-05 15:16:00,2025-01-05 23:16:00,8.0
LOG216655,W0326,Morning,2025-03-31 04:53:00,2025-03-31 14:53:00,10.0
LOG216657,W0110,Evening,2025-06-16 02:11:00,2025-06-16 12:11:00,10.0
LOG216659,W0432,Night,2025-02-04 14:28:00,2025-02-04 21:28:00,7.0
LOG216660,W0021,Evening,2025-02-25 11:50:00,2025-02-25 18:50:00,7.0
LOG216662,W0396,Morning,2025-02-21 01:32:00,2025-02-21 10:32:00,9.0
LOG216663,W0302,Morning,2025-06-29 21:40:00,2025-06-30 05:40:00,8.0
LOG216664,W0129,Night,2025-05-05 00:08:00,2025-05-05 07:08:00,7.0
LOG216665,W0259,Morning,2025-03-31 05:33:00,2025-03-31 14:33:00,9.0
LOG216666,W0328,Morning,2025-01-15 23:10:00,2025-01-16 05:10:00,6.0
LOG216667,W0133,Evening,2025-01-09 06:50:00,2025-01-09 14:50:00,8.0
LOG216668,W0385,Night,2025-05-05 22:46:00,2025-05-06 08:46:00,10.0
LOG216671,W0323,Morning,2025-03-22 14:42:00,2025-03-23 00:42:00,10.0
LOG216672,W0104,Night,2025-01-28 19:14:00,2025-01-29 04:14:00,9.0
LOG216673,W0222,Night,2025-03-27 16:56:00,2025-03-27 23:56:00,7.0
LOG216674,W0430,Night,2025-06-25 14:58:00,2025-06-26 00:58:00,10.0
LOG216675,W0114,Night,2025-05-13 00:39:00,2025-05-13 10:39:00,10.0
LOG216676,W0263,Night,2025-04-08 13:13:00,2025-04-08 21:13:00,8.0
LOG216678,W0432,Night,2025-03-21 07:08:00,2025-03-21 17:08:00,10.0
LOG216679,W0380,Night,2025-04-22 07:14:00,2025-04-22 14:14:00,7.0
LOG216680,W0418,Evening,2025-05-27 13:02:00,2025-05-27 19:02:00,6.0
LOG216681,W0386,Night,2025-04-24 05:36:00,2025-04-24 12:36:00,7.0
LOG216682,W0323,Night,2025-02-15 09:59:00,2025-02-15 15:59:00,6.0
LOG216687,W0384,Night,2025-05-20 15:06:00,2025-05-21 01:06:00,10.0
LOG216689,W0065,Night,2025-02-07 04:29:00,2025-02-07 14:29:00,10.0
LOG216690,W0202,Night,2025-05-22 19:17:00,2025-05-23 04:17:00,9.0
LOG216691,W0312,Night,2025-05-11 16:36:00,2025-05-12 01:36:00,9.0
LOG216692,W0024,Night,2025-03-18 18:12:00,2025-03-19 00:12:00,6.0
LOG216693,W0445,Evening,2025-03-26 00:14:00,2025-03-26 08:14:00,8.0
LOG216694,W0406,Night,2025-05-24 13:40:00,2025-05-24 21:40:00,8.0
LOG216695,W0154,Morning,2025-02-04 18:21:00,2025-02-05 00:21:00,6.0
LOG216696,W0458,Night,2025-01-19 17:37:00,2025-01-20 03:37:00,10.0
LOG216697,W0026,Night,2025-01-07 23:35:00,2025-01-08 08:35:00,9.0
LOG216698,W0200,Night,2025-02-18 04:45:00,2025-02-18 10:45:00,6.0
LOG216699,W0136,Night,2025-06-19 02:37:00,2025-06-19 10:37:00,8.0
LOG216700,W0043,Morning,2025-04-12 23:03:00,2025-04-13 05:03:00,6.0
LOG216701,W0029,Night,2025-04-18 06:23:00,2025-04-18 12:23:00,6.0
LOG216702,W0187,Night,2025-05-22 05:44:00,2025-05-22 11:44:00,6.0
LOG216704,W0446,Night,2025-04-12 03:20:00,2025-04-12 13:20:00,10.0
LOG216705,W0478,Night,2025-01-28 22:34:00,2025-01-29 04:34:00,6.0
LOG216706,W0457,Night,2025-02-15 06:11:00,2025-02-15 14:11:00,8.0
LOG216707,W0159,Evening,2025-04-30 11:30:00,2025-04-30 17:30:00,6.0
LOG216708,W0161,Night,2025-06-07 06:05:00,2025-06-07 16:05:00,10.0
LOG216709,W0258,Evening,2025-06-18 11:11:00,2025-06-18 19:11:00,8.0
LOG216711,W0395,Night,2025-06-09 21:03:00,2025-06-10 05:03:00,8.0
LOG216712,W0235,Night,2025-03-09 15:38:00,2025-03-09 21:38:00,6.0
LOG216713,W0020,Evening,2025-06-16 08:08:00,2025-06-16 14:08:00,6.0
LOG216715,W0134,Morning,2025-02-04 02:02:00,2025-02-04 11:02:00,9.0
LOG216716,W0237,Night,2025-05-19 15:16:00,2025-05-19 22:16:00,7.0
LOG216718,W0231,Morning,2025-03-23 05:11:00,2025-03-23 15:11:00,10.0
LOG216720,W0243,Evening,2025-04-03 09:38:00,2025-04-03 18:38:00,9.0
LOG216721,W0256,Night,2025-02-12 20:02:00,2025-02-13 04:02:00,8.0
LOG216723,W0497,Morning,2025-05-09 12:42:00,2025-05-09 19:42:00,7.0
LOG216724,W0354,Morning,2025-04-10 20:49:00,2025-04-11 02:49:00,6.0
LOG216727,W0265,Night,2025-02-10 14:36:00,2025-02-11 00:36:00,10.0
LOG216728,W0467,Evening,2025-01-27 20:21:00,2025-01-28 03:21:00,7.0
LOG216729,W0006,Evening,2025-01-10 22:16:00,2025-01-11 08:16:00,10.0
LOG216730,W0285,Morning,2025-05-27 08:10:00,2025-05-27 17:10:00,9.0
LOG216731,W0088,Night,2025-01-06 22:02:00,2025-01-07 06:02:00,8.0
LOG216732,W0028,Night,2025-05-08 01:13:00,2025-05-08 11:13:00,10.0
LOG216734,W0470,Morning,2025-05-20 16:07:00,2025-05-21 02:07:00,10.0
LOG216735,W0010,Morning,2025-02-17 05:37:00,2025-02-17 12:37:00,7.0
LOG216736,W0189,Evening,2025-04-26 16:33:00,2025-04-27 00:33:00,8.0
LOG216737,W0165,Night,2025-05-24 17:54:00,2025-05-25 00:54:00,7.0
LOG216738,W0350,Night,2025-01-16 12:41:00,2025-01-16 20:41:00,8.0
LOG216739,W0338,Night,2025-02-10 08:15:00,2025-02-10 18:15:00,10.0
LOG216740,W0314,Night,2025-01-17 22:00:00,2025-01-18 05:00:00,7.0
LOG216741,W0405,Morning,2025-02-03 15:39:00,2025-02-04 00:39:00,9.0
LOG216743,W0347,Morning,2025-04-18 20:27:00,2025-04-19 02:27:00,6.0
LOG216744,W0470,Evening,2025-03-08 23:27:00,2025-03-09 08:27:00,9.0
LOG216745,W0435,Morning,2025-04-26 10:09:00,2025-04-26 20:09:00,10.0
LOG216746,W0258,Evening,2025-03-05 11:36:00,2025-03-05 17:36:00,6.0
LOG216748,W0422,Night,2025-05-05 12:52:00,2025-05-05 22:52:00,10.0
LOG216749,W0268,Night,2025-05-16 18:23:00,2025-05-17 02:23:00,8.0
LOG216753,W0263,Evening,2025-05-31 22:54:00,2025-06-01 08:54:00,10.0
LOG216755,W0023,Night,2025-05-28 14:47:00,2025-05-29 00:47:00,10.0
LOG216756,W0093,Night,2025-03-29 04:22:00,2025-03-29 11:22:00,7.0
LOG216758,W0259,Evening,2025-06-02 23:27:00,2025-06-03 05:27:00,6.0
LOG216759,W0221,Night,2025-01-02 09:39:00,2025-01-02 19:39:00,10.0
LOG216760,W0123,Night,2025-06-25 20:51:00,2025-06-26 06:51:00,10.0
LOG216761,W0267,Morning,2025-06-04 17:54:00,2025-06-04 23:54:00,6.0
LOG216762,W0476,Night,2025-03-19 01:30:00,2025-03-19 08:30:00,7.0
LOG216763,W0271,Morning,2025-06-26 18:34:00,2025-06-27 00:34:00,6.0
LOG216764,W0094,Night,2025-02-21 00:51:00,2025-02-21 07:51:00,7.0
LOG216765,W0376,Morning,2025-04-03 05:01:00,2025-04-03 12:01:00,7.0
LOG216766,W0079,Morning,2025-05-27 01:46:00,2025-05-27 09:46:00,8.0
LOG216767,W0301,Night,2025-06-06 03:38:00,2025-06-06 13:38:00,10.0
LOG216768,W0377,Evening,2025-06-21 09:37:00,2025-06-21 15:37:00,6.0
LOG216769,W0031,Evening,2025-04-16 19:25:00,2025-04-17 04:25:00,9.0
LOG216773,W0220,Night,2025-04-19 21:29:00,2025-04-20 04:29:00,7.0
LOG216774,W0441,Morning,2025-01-12 17:44:00,2025-01-13 00:44:00,7.0
LOG216775,W0259,Night,2025-03-17 15:58:00,2025-03-17 21:58:00,6.0
LOG216776,W0031,Night,2025-05-19 06:23:00,2025-05-19 14:23:00,8.0
LOG216777,W0224,Night,2025-01-16 01:59:00,2025-01-16 09:59:00,8.0
LOG216778,W0033,Night,2025-04-13 19:39:00,2025-04-14 05:39:00,10.0
LOG216784,W0029,Evening,2025-03-11 18:43:00,2025-03-12 00:43:00,6.0
LOG216785,W0330,Evening,2025-02-04 13:15:00,2025-02-04 22:15:00,9.0
LOG216787,W0069,Evening,2025-06-23 22:42:00,2025-06-24 07:42:00,9.0
LOG216788,W0225,Night,2025-06-21 12:29:00,2025-06-21 18:29:00,6.0
LOG216789,W0308,Night,2025-03-16 22:01:00,2025-03-17 08:01:00,10.0
LOG216790,W0257,Morning,2025-05-04 12:23:00,2025-05-04 19:23:00,7.0
LOG216793,W0286,Morning,2025-03-09 19:55:00,2025-03-10 02:55:00,7.0
LOG216794,W0343,Morning,2025-01-02 01:39:00,2025-01-02 11:39:00,10.0
LOG216795,W0320,Night,2025-03-26 00:09:00,2025-03-26 08:09:00,8.0
LOG216796,W0405,Night,2025-05-31 21:34:00,2025-06-01 05:34:00,8.0
LOG216798,W0348,Morning,2025-04-12 18:56:00,2025-04-13 00:56:00,6.0
LOG216800,W0038,Morning,2025-03-28 10:29:00,2025-03-28 18:29:00,8.0
LOG216801,W0364,Night,2025-05-28 01:09:00,2025-05-28 07:09:00,6.0
LOG216802,W0226,Morning,2025-06-03 03:10:00,2025-06-03 11:10:00,8.0
LOG216805,W0029,Evening,2025-05-24 04:09:00,2025-05-24 10:09:00,6.0
LOG216806,W0320,Night,2025-03-19 08:41:00,2025-03-19 16:41:00,8.0
LOG216809,W0115,Night,2025-04-28 07:30:00,2025-04-28 15:30:00,8.0
LOG216810,W0231,Morning,2025-02-26 13:02:00,2025-02-26 23:02:00,10.0
LOG216811,W0400,Night,2025-04-23 18:54:00,2025-04-24 03:54:00,9.0
LOG216812,W0448,Morning,2025-05-24 22:56:00,2025-05-25 06:56:00,8.0
LOG216813,W0025,Morning,2025-01-13 06:44:00,2025-01-13 13:44:00,7.0
LOG216814,W0178,Evening,2025-06-11 22:56:00,2025-06-12 05:56:00,7.0
LOG216815,W0139,Morning,2025-01-06 04:43:00,2025-01-06 12:43:00,8.0
LOG216816,W0102,Night,2025-01-06 08:38:00,2025-01-06 17:38:00,9.0
LOG216817,W0289,Night,2025-01-23 13:33:00,2025-01-23 19:33:00,6.0
LOG216818,W0448,Morning,2025-01-13 00:19:00,2025-01-13 07:19:00,7.0
LOG216819,W0343,Night,2025-04-03 04:46:00,2025-04-03 11:46:00,7.0
LOG216820,W0486,Evening,2025-05-26 03:14:00,2025-05-26 13:14:00,10.0
LOG216821,W0231,Night,2025-06-06 07:10:00,2025-06-06 13:10:00,6.0
LOG216822,W0200,Morning,2025-05-15 19:38:00,2025-05-16 01:38:00,6.0
LOG216823,W0040,Morning,2025-01-15 21:24:00,2025-01-16 06:24:00,9.0
LOG216824,W0414,Night,2025-02-13 19:09:00,2025-02-14 03:09:00,8.0
LOG216826,W0214,Evening,2025-01-09 17:25:00,2025-01-09 23:25:00,6.0
LOG216827,W0157,Night,2025-01-17 00:58:00,2025-01-17 07:58:00,7.0
LOG216829,W0337,Evening,2025-01-27 12:00:00,2025-01-27 22:00:00,10.0
LOG216830,W0068,Night,2025-05-31 22:53:00,2025-06-01 07:53:00,9.0
LOG216831,W0444,Night,2025-05-25 12:20:00,2025-05-25 18:20:00,6.0
LOG216832,W0097,Morning,2025-04-22 01:55:00,2025-04-22 09:55:00,8.0
LOG216834,W0326,Evening,2025-02-28 10:44:00,2025-02-28 19:44:00,9.0
LOG216836,W0287,Evening,2025-06-12 06:11:00,2025-06-12 13:11:00,7.0
LOG216837,W0071,Evening,2025-01-02 21:20:00,2025-01-03 04:20:00,7.0
LOG216838,W0042,Evening,2025-03-06 10:53:00,2025-03-06 19:53:00,9.0
LOG216839,W0416,Night,2025-02-23 04:39:00,2025-02-23 13:39:00,9.0
LOG216840,W0104,Morning,2025-02-20 19:28:00,2025-02-21 05:28:00,10.0
LOG216841,W0429,Night,2025-06-24 17:39:00,2025-06-24 23:39:00,6.0
LOG216843,W0041,Evening,2025-03-18 11:54:00,2025-03-18 21:54:00,10.0
LOG216844,W0044,Night,2025-05-21 04:10:00,2025-05-21 14:10:00,10.0
LOG216845,W0489,Night,2025-04-17 20:47:00,2025-04-18 02:47:00,6.0
LOG216846,W0039,Night,2025-03-02 15:37:00,2025-03-02 23:37:00,8.0
LOG216847,W0216,Night,2025-03-31 14:54:00,2025-03-31 23:54:00,9.0
LOG216849,W0072,Night,2025-02-01 20:55:00,2025-02-02 03:55:00,7.0
LOG216850,W0445,Evening,2025-05-15 19:21:00,2025-05-16 01:21:00,6.0
LOG216852,W0152,Night,2025-03-28 16:30:00,2025-03-29 02:30:00,10.0
LOG216855,W0468,Night,2025-01-09 07:43:00,2025-01-09 13:43:00,6.0
LOG216856,W0140,Night,2025-03-16 12:16:00,2025-03-16 20:16:00,8.0
LOG216857,W0114,Night,2025-04-09 14:28:00,2025-04-09 22:28:00,8.0
LOG216858,W0143,Morning,2025-03-11 18:08:00,2025-03-12 04:08:00,10.0
LOG216859,W0064,Night,2025-05-14 21:59:00,2025-05-15 03:59:00,6.0
LOG216861,W0178,Morning,2025-06-26 01:07:00,2025-06-26 07:07:00,6.0
LOG216862,W0014,Night,2025-03-06 02:20:00,2025-03-06 10:20:00,8.0
LOG216863,W0066,Night,2025-01-25 14:27:00,2025-01-26 00:27:00,10.0
LOG216865,W0358,Night,2025-01-03 00:04:00,2025-01-03 07:04:00,7.0
LOG216866,W0285,Night,2025-03-09 22:02:00,2025-03-10 08:02:00,10.0
LOG216867,W0312,Night,2025-01-04 02:54:00,2025-01-04 12:54:00,10.0
LOG216868,W0259,Night,2025-03-15 18:03:00,2025-03-16 04:03:00,10.0
LOG216869,W0149,Night,2025-05-07 11:04:00,2025-05-07 18:04:00,7.0
LOG216870,W0110,Night,2025-01-17 07:12:00,2025-01-17 14:12:00,7.0
LOG216871,W0243,Night,2025-02-28 05:35:00,2025-02-28 15:35:00,10.0
LOG216873,W0139,Morning,2025-06-09 04:24:00,2025-06-09 10:24:00,6.0
LOG216874,W0036,Night,2025-03-28 09:29:00,2025-03-28 18:29:00,9.0
LOG216875,W0259,Night,2025-02-21 01:04:00,2025-02-21 08:04:00,7.0
LOG216876,W0156,Evening,2025-02-23 13:50:00,2025-02-23 21:50:00,8.0
LOG216879,W0051,Night,2025-05-27 07:58:00,2025-05-27 14:58:00,7.0
LOG216880,W0327,Morning,2025-02-01 12:28:00,2025-02-01 21:28:00,9.0
LOG216881,W0028,Night,2025-02-07 03:18:00,2025-02-07 10:18:00,7.0
LOG216882,W0331,Night,2025-03-17 16:22:00,2025-03-18 01:22:00,9.0
LOG216884,W0233,Night,2025-06-21 05:51:00,2025-06-21 14:51:00,9.0
LOG216885,W0206,Evening,2025-01-21 12:27:00,2025-01-21 20:27:00,8.0
LOG216886,W0150,Morning,2025-02-16 09:49:00,2025-02-16 18:49:00,9.0
LOG216887,W0441,Night,2025-01-11 23:44:00,2025-01-12 08:44:00,9.0
LOG216888,W0290,Morning,2025-01-16 11:54:00,2025-01-16 19:54:00,8.0
LOG216889,W0339,Night,2025-02-27 22:58:00,2025-02-28 07:58:00,9.0
LOG216890,W0007,Night,2025-01-06 10:36:00,2025-01-06 19:36:00,9.0
LOG216892,W0123,Night,2025-04-14 19:41:00,2025-04-15 05:41:00,10.0
LOG216893,W0206,Morning,2025-03-06 16:31:00,2025-03-06 22:31:00,6.0
LOG216895,W0144,Evening,2025-01-22 02:02:00,2025-01-22 09:02:00,7.0
LOG216896,W0334,Night,2025-06-14 19:24:00,2025-06-15 03:24:00,8.0
LOG216897,W0454,Morning,2025-06-18 11:03:00,2025-06-18 20:03:00,9.0
LOG216898,W0447,Evening,2025-06-23 04:41:00,2025-06-23 14:41:00,10.0
LOG216899,W0160,Night,2025-06-04 14:22:00,2025-06-05 00:22:00,10.0
LOG216900,W0478,Evening,2025-01-01 22:10:00,2025-01-02 04:10:00,6.0
LOG216901,W0449,Night,2025-02-23 16:42:00,2025-02-24 00:42:00,8.0
LOG216902,W0420,Night,2025-03-28 09:22:00,2025-03-28 17:22:00,8.0
LOG216903,W0216,Morning,2025-05-06 12:18:00,2025-05-06 18:18:00,6.0
LOG216904,W0366,Night,2025-02-23 00:49:00,2025-02-23 08:49:00,8.0
LOG216905,W0364,Morning,2025-03-20 09:21:00,2025-03-20 15:21:00,6.0
LOG216906,W0107,Night,2025-03-25 16:52:00,2025-03-25 23:52:00,7.0
LOG216907,W0355,Night,2025-05-31 23:06:00,2025-06-01 06:06:00,7.0
LOG216911,W0018,Morning,2025-02-26 15:39:00,2025-02-26 23:39:00,8.0
LOG216914,W0350,Evening,2025-05-03 01:28:00,2025-05-03 11:28:00,10.0
LOG216915,W0225,Night,2025-04-22 05:41:00,2025-04-22 14:41:00,9.0
LOG216916,W0182,Morning,2025-03-28 07:09:00,2025-03-28 14:09:00,7.0
LOG216918,W0315,Evening,2025-01-15 02:37:00,2025-01-15 11:37:00,9.0
LOG216919,W0270,Night,2025-03-09 01:26:00,2025-03-09 11:26:00,10.0
LOG216920,W0412,Evening,2025-04-08 13:24:00,2025-04-08 19:24:00,6.0
LOG216921,W0236,Evening,2025-01-31 13:52:00,2025-01-31 23:52:00,10.0
LOG216922,W0156,Night,2025-05-04 09:47:00,2025-05-04 17:47:00,8.0
LOG216923,W0251,Night,2025-02-13 02:31:00,2025-02-13 10:31:00,8.0
LOG216924,W0020,Night,2025-06-29 06:48:00,2025-06-29 13:48:00,7.0
LOG216925,W0054,Morning,2025-06-26 21:03:00,2025-06-27 06:03:00,9.0
LOG216926,W0261,Night,2025-04-12 09:12:00,2025-04-12 17:12:00,8.0
LOG216928,W0097,Morning,2025-01-21 02:36:00,2025-01-21 09:36:00,7.0
LOG216929,W0149,Morning,2025-01-30 17:19:00,2025-01-31 00:19:00,7.0
LOG216930,W0021,Morning,2025-03-08 13:05:00,2025-03-08 19:05:00,6.0
LOG216931,W0153,Night,2025-02-09 02:43:00,2025-02-09 12:43:00,10.0
LOG216933,W0488,Night,2025-02-18 03:32:00,2025-02-18 12:32:00,9.0
LOG216934,W0122,Morning,2025-01-14 13:55:00,2025-01-14 23:55:00,10.0
LOG216935,W0418,Night,2025-02-17 21:17:00,2025-02-18 03:17:00,6.0
LOG216937,W0409,Night,2025-01-04 08:09:00,2025-01-04 18:09:00,10.0
LOG216938,W0243,Night,2025-02-28 03:29:00,2025-02-28 11:29:00,8.0
LOG216939,W0205,Morning,2025-05-31 14:07:00,2025-05-31 23:07:00,9.0
LOG216940,W0337,Morning,2025-04-22 15:30:00,2025-04-22 23:30:00,8.0
LOG216941,W0123,Night,2025-03-24 22:19:00,2025-03-25 04:19:00,6.0
LOG216942,W0127,Night,2025-01-01 23:43:00,2025-01-02 09:43:00,10.0
LOG216945,W0207,Night,2025-01-29 03:15:00,2025-01-29 12:15:00,9.0
LOG216946,W0423,Night,2025-04-20 17:03:00,2025-04-21 02:03:00,9.0
LOG216947,W0123,Night,2025-04-06 12:52:00,2025-04-06 19:52:00,7.0
LOG216948,W0138,Night,2025-06-26 08:54:00,2025-06-26 18:54:00,10.0
LOG216950,W0080,Night,2025-04-19 08:02:00,2025-04-19 15:02:00,7.0
LOG216951,W0010,Evening,2025-01-10 01:04:00,2025-01-10 10:04:00,9.0
LOG216953,W0121,Night,2025-04-05 15:03:00,2025-04-05 22:03:00,7.0
LOG216954,W0032,Evening,2025-04-02 23:26:00,2025-04-03 07:26:00,8.0
LOG216955,W0405,Night,2025-02-17 05:18:00,2025-02-17 12:18:00,7.0
LOG216956,W0067,Evening,2025-05-26 23:26:00,2025-05-27 06:26:00,7.0
LOG216958,W0378,Morning,2025-06-20 07:37:00,2025-06-20 14:37:00,7.0
LOG216959,W0028,Evening,2025-05-22 18:14:00,2025-05-23 03:14:00,9.0
LOG216961,W0278,Night,2025-05-24 01:11:00,2025-05-24 07:11:00,6.0
LOG216963,W0076,Morning,2025-02-02 23:27:00,2025-02-03 05:27:00,6.0
LOG216966,W0315,Night,2025-04-16 01:51:00,2025-04-16 07:51:00,6.0
LOG216968,W0008,Night,2025-03-15 02:26:00,2025-03-15 08:26:00,6.0
LOG216969,W0232,Evening,2025-05-31 19:02:00,2025-06-01 03:02:00,8.0
LOG216970,W0066,Morning,2025-04-14 12:16:00,2025-04-14 18:16:00,6.0
LOG216972,W0445,Evening,2025-02-22 22:54:00,2025-02-23 08:54:00,10.0
LOG216973,W0475,Night,2025-03-14 10:18:00,2025-03-14 18:18:00,8.0
LOG216975,W0441,Evening,2025-06-02 00:24:00,2025-06-02 09:24:00,9.0
LOG216976,W0087,Morning,2025-04-05 11:10:00,2025-04-05 17:10:00,6.0
LOG216977,W0500,Night,2025-04-03 20:13:00,2025-04-04 04:13:00,8.0
LOG216979,W0320,Night,2025-01-06 12:41:00,2025-01-06 22:41:00,10.0
LOG216980,W0345,Morning,2025-01-25 16:11:00,2025-01-25 23:11:00,7.0
LOG216981,W0169,Night,2025-05-26 04:53:00,2025-05-26 13:53:00,9.0
LOG216982,W0321,Night,2025-06-11 02:53:00,2025-06-11 08:53:00,6.0
LOG216983,W0258,Night,2025-02-03 11:39:00,2025-02-03 19:39:00,8.0
LOG216986,W0105,Morning,2025-06-25 08:46:00,2025-06-25 18:46:00,10.0
LOG216987,W0228,Evening,2025-04-10 10:49:00,2025-04-10 18:49:00,8.0
LOG216988,W0233,Night,2025-04-12 02:53:00,2025-04-12 09:53:00,7.0
LOG216990,W0154,Night,2025-04-26 14:03:00,2025-04-26 20:03:00,6.0
LOG216991,W0206,Night,2025-03-28 05:53:00,2025-03-28 12:53:00,7.0
LOG216993,W0163,Morning,2025-02-13 12:57:00,2025-02-13 19:57:00,7.0
LOG216995,W0460,Night,2025-03-29 00:25:00,2025-03-29 06:25:00,6.0
LOG216997,W0253,Evening,2025-05-01 09:42:00,2025-05-01 17:42:00,8.0
LOG216998,W0168,Night,2025-04-14 07:31:00,2025-04-14 13:31:00,6.0
LOG216999,W0327,Night,2025-05-10 15:54:00,2025-05-11 00:54:00,9.0
LOG217000,W0300,Evening,2025-03-13 10:23:00,2025-03-13 16:23:00,6.0
LOG217002,W0418,Night,2025-04-27 03:55:00,2025-04-27 11:55:00,8.0
LOG217004,W0330,Morning,2025-03-26 14:05:00,2025-03-27 00:05:00,10.0
LOG217005,W0371,Morning,2025-02-22 14:55:00,2025-02-22 20:55:00,6.0
LOG217006,W0482,Night,2025-02-22 23:06:00,2025-02-23 09:06:00,10.0
LOG217007,W0326,Night,2025-06-18 11:32:00,2025-06-18 18:32:00,7.0
LOG217008,W0249,Evening,2025-02-20 09:15:00,2025-02-20 16:15:00,7.0
LOG217009,W0357,Morning,2025-04-07 08:23:00,2025-04-07 14:23:00,6.0
LOG217012,W0001,Night,2025-06-21 01:30:00,2025-06-21 10:30:00,9.0
LOG217013,W0470,Evening,2025-06-22 09:44:00,2025-06-22 17:44:00,8.0
LOG217016,W0192,Night,2025-04-21 00:49:00,2025-04-21 10:49:00,10.0
LOG217017,W0264,Night,2025-04-05 15:50:00,2025-04-06 00:50:00,9.0
LOG217019,W0009,Night,2025-02-27 14:03:00,2025-02-27 22:03:00,8.0
LOG217020,W0221,Morning,2025-01-19 08:05:00,2025-01-19 16:05:00,8.0
LOG217021,W0334,Night,2025-04-12 13:00:00,2025-04-12 20:00:00,7.0
LOG217022,W0057,Night,2025-01-15 19:39:00,2025-01-16 02:39:00,7.0
LOG217023,W0345,Evening,2025-06-08 10:00:00,2025-06-08 17:00:00,7.0
LOG217025,W0444,Evening,2025-05-13 15:25:00,2025-05-13 22:25:00,7.0
LOG217026,W0182,Night,2025-02-09 10:41:00,2025-02-09 16:41:00,6.0
LOG217027,W0126,Morning,2025-03-14 01:26:00,2025-03-14 09:26:00,8.0
LOG217028,W0420,Morning,2025-04-02 12:30:00,2025-04-02 19:30:00,7.0
LOG217029,W0196,Night,2025-01-24 01:00:00,2025-01-24 09:00:00,8.0
LOG217030,W0397,Morning,2025-01-07 18:57:00,2025-01-08 04:57:00,10.0
LOG217031,W0384,Evening,2025-05-07 22:09:00,2025-05-08 06:09:00,8.0
LOG217032,W0352,Morning,2025-04-13 22:11:00,2025-04-14 05:11:00,7.0
LOG217033,W0317,Night,2025-05-07 00:14:00,2025-05-07 10:14:00,10.0
LOG217034,W0357,Morning,2025-04-03 06:48:00,2025-04-03 12:48:00,6.0
LOG217035,W0310,Night,2025-05-25 05:01:00,2025-05-25 12:01:00,7.0
LOG217036,W0063,Night,2025-01-15 21:59:00,2025-01-16 06:59:00,9.0
LOG217037,W0086,Night,2025-06-29 12:55:00,2025-06-29 20:55:00,8.0
LOG217039,W0330,Night,2025-03-08 15:38:00,2025-03-09 01:38:00,10.0
LOG217040,W0246,Night,2025-03-22 17:53:00,2025-03-23 01:53:00,8.0
LOG217041,W0263,Night,2025-04-28 21:16:00,2025-04-29 04:16:00,7.0
LOG217042,W0295,Night,2025-04-30 13:51:00,2025-04-30 23:51:00,10.0
LOG217043,W0473,Evening,2025-04-28 19:32:00,2025-04-29 03:32:00,8.0
LOG217044,W0054,Morning,2025-05-29 05:24:00,2025-05-29 11:24:00,6.0
LOG217046,W0004,Night,2025-05-20 20:47:00,2025-05-21 04:47:00,8.0
LOG217047,W0284,Night,2025-05-13 01:57:00,2025-05-13 10:57:00,9.0
LOG217049,W0386,Night,2025-01-03 02:29:00,2025-01-03 11:29:00,9.0
LOG217050,W0016,Night,2025-01-07 08:51:00,2025-01-07 17:51:00,9.0
LOG217051,W0266,Night,2025-03-21 07:57:00,2025-03-21 14:57:00,7.0
LOG217053,W0449,Night,2025-05-09 13:46:00,2025-05-09 19:46:00,6.0
LOG217056,W0375,Night,2025-02-25 00:13:00,2025-02-25 10:13:00,10.0
LOG217057,W0002,Morning,2025-02-26 14:19:00,2025-02-26 22:19:00,8.0
LOG217058,W0129,Evening,2025-06-23 17:47:00,2025-06-24 00:47:00,7.0
LOG217059,W0119,Night,2025-03-29 05:18:00,2025-03-29 14:18:00,9.0
LOG217060,W0472,Evening,2025-01-03 11:47:00,2025-01-03 19:47:00,8.0
LOG217061,W0475,Morning,2025-01-30 07:43:00,2025-01-30 16:43:00,9.0
LOG217062,W0338,Night,2025-03-18 23:26:00,2025-03-19 05:26:00,6.0
LOG217063,W0176,Evening,2025-01-16 12:28:00,2025-01-16 20:28:00,8.0
LOG217064,W0090,Morning,2025-05-26 10:53:00,2025-05-26 20:53:00,10.0
LOG217065,W0090,Morning,2025-01-30 03:57:00,2025-01-30 10:57:00,7.0
LOG217066,W0098,Night,2025-03-10 19:03:00,2025-03-11 05:03:00,10.0
LOG217067,W0442,Night,2025-01-31 08:38:00,2025-01-31 18:38:00,10.0
LOG217068,W0248,Evening,2025-02-17 19:53:00,2025-02-18 01:53:00,6.0
LOG217071,W0434,Night,2025-02-12 10:02:00,2025-02-12 16:02:00,6.0
LOG217072,W0212,Night,2025-05-11 00:27:00,2025-05-11 10:27:00,10.0
LOG217074,W0471,Morning,2025-05-05 10:08:00,2025-05-05 18:08:00,8.0
LOG217076,W0456,Night,2025-03-31 08:06:00,2025-03-31 17:06:00,9.0
LOG217077,W0224,Morning,2025-02-24 03:44:00,2025-02-24 11:44:00,8.0
LOG217078,W0021,Morning,2025-04-03 12:39:00,2025-04-03 19:39:00,7.0
LOG217080,W0107,Morning,2025-06-20 07:10:00,2025-06-20 15:10:00,8.0
LOG217081,W0499,Evening,2025-04-04 00:26:00,2025-04-04 10:26:00,10.0
LOG217082,W0037,Night,2025-01-28 08:42:00,2025-01-28 18:42:00,10.0
LOG217083,W0284,Night,2025-01-09 20:14:00,2025-01-10 05:14:00,9.0
LOG217084,W0246,Evening,2025-02-05 03:31:00,2025-02-05 10:31:00,7.0
LOG217085,W0069,Night,2025-05-23 14:18:00,2025-05-23 22:18:00,8.0
LOG217087,W0068,Morning,2025-01-22 01:17:00,2025-01-22 10:17:00,9.0
LOG217088,W0379,Night,2025-01-09 12:24:00,2025-01-09 20:24:00,8.0
LOG217089,W0064,Morning,2025-01-16 16:01:00,2025-01-16 23:01:00,7.0
LOG217090,W0475,Night,2025-05-29 23:34:00,2025-05-30 09:34:00,10.0
LOG217091,W0040,Night,2025-05-14 04:53:00,2025-05-14 14:53:00,10.0
LOG217093,W0058,Night,2025-03-03 20:09:00,2025-03-04 06:09:00,10.0
LOG217094,W0342,Morning,2025-05-26 23:26:00,2025-05-27 07:26:00,8.0
LOG217095,W0059,Night,2025-05-01 23:28:00,2025-05-02 07:28:00,8.0
LOG217096,W0471,Night,2025-02-17 12:34:00,2025-02-17 19:34:00,7.0
LOG217097,W0073,Morning,2025-03-17 02:39:00,2025-03-17 09:39:00,7.0
LOG217098,W0447,Evening,2025-05-04 15:58:00,2025-05-05 00:58:00,9.0
LOG217100,W0132,Night,2025-06-01 04:36:00,2025-06-01 11:36:00,7.0
LOG217102,W0198,Morning,2025-05-09 11:21:00,2025-05-09 21:21:00,10.0
LOG217103,W0466,Morning,2025-05-13 18:42:00,2025-05-14 01:42:00,7.0
LOG217104,W0500,Night,2025-06-24 23:19:00,2025-06-25 07:19:00,8.0
LOG217105,W0198,Night,2025-04-11 05:33:00,2025-04-11 12:33:00,7.0
LOG217106,W0461,Morning,2025-06-13 03:16:00,2025-06-13 11:16:00,8.0
LOG217108,W0288,Night,2025-04-25 22:47:00,2025-04-26 07:47:00,9.0
LOG217109,W0345,Night,2025-03-16 15:54:00,2025-03-16 22:54:00,7.0
LOG217110,W0389,Evening,2025-05-12 14:58:00,2025-05-12 20:58:00,6.0
LOG217111,W0149,Night,2025-06-25 22:21:00,2025-06-26 06:21:00,8.0
LOG217112,W0241,Morning,2025-03-11 01:18:00,2025-03-11 09:18:00,8.0
LOG217113,W0013,Evening,2025-04-21 01:47:00,2025-04-21 08:47:00,7.0
LOG217114,W0036,Morning,2025-02-17 05:34:00,2025-02-17 14:34:00,9.0
LOG217115,W0059,Evening,2025-05-30 15:27:00,2025-05-31 00:27:00,9.0
LOG217117,W0375,Morning,2025-06-15 23:51:00,2025-06-16 09:51:00,10.0
LOG217118,W0283,Morning,2025-02-17 07:33:00,2025-02-17 15:33:00,8.0
LOG217119,W0483,Evening,2025-06-09 08:02:00,2025-06-09 14:02:00,6.0
LOG217121,W0394,Evening,2025-02-21 04:46:00,2025-02-21 10:46:00,6.0
LOG217122,W0203,Evening,2025-02-08 20:49:00,2025-02-09 02:49:00,6.0
LOG217123,W0050,Morning,2025-02-10 22:02:00,2025-02-11 04:02:00,6.0
LOG217124,W0141,Morning,2025-01-20 22:49:00,2025-01-21 07:49:00,9.0
LOG217125,W0377,Night,2025-05-01 22:02:00,2025-05-02 04:02:00,6.0
LOG217126,W0120,Night,2025-02-18 13:48:00,2025-02-18 23:48:00,10.0
LOG217127,W0099,Evening,2025-05-07 07:11:00,2025-05-07 15:11:00,8.0
LOG217131,W0162,Night,2025-04-16 16:54:00,2025-04-17 00:54:00,8.0
LOG217132,W0425,Night,2025-01-05 01:12:00,2025-01-05 08:12:00,7.0
LOG217133,W0424,Evening,2025-05-06 07:25:00,2025-05-06 15:25:00,8.0
LOG217134,W0438,Evening,2025-03-06 18:05:00,2025-03-07 00:05:00,6.0
LOG217137,W0169,Morning,2025-02-23 08:45:00,2025-02-23 15:45:00,7.0
LOG217138,W0129,Night,2025-05-21 00:38:00,2025-05-21 08:38:00,8.0
LOG217139,W0013,Night,2025-04-22 12:20:00,2025-04-22 19:20:00,7.0
LOG217140,W0476,Morning,2025-02-17 13:16:00,2025-02-17 22:16:00,9.0
LOG217141,W0210,Night,2025-02-24 13:21:00,2025-02-24 19:21:00,6.0
LOG217143,W0253,Morning,2025-04-17 20:22:00,2025-04-18 02:22:00,6.0
LOG217144,W0484,Morning,2025-05-13 04:56:00,2025-05-13 14:56:00,10.0
LOG217148,W0006,Evening,2025-01-03 02:35:00,2025-01-03 12:35:00,10.0
LOG217149,W0004,Morning,2025-06-20 20:38:00,2025-06-21 04:38:00,8.0
LOG217153,W0421,Morning,2025-03-26 22:59:00,2025-03-27 05:59:00,7.0
LOG217155,W0131,Morning,2025-02-20 12:43:00,2025-02-20 21:43:00,9.0
LOG217156,W0007,Night,2025-06-22 15:16:00,2025-06-22 23:16:00,8.0
LOG217157,W0102,Night,2025-06-14 02:19:00,2025-06-14 12:19:00,10.0
LOG217159,W0069,Night,2025-04-24 15:10:00,2025-04-25 01:10:00,10.0
LOG217160,W0108,Evening,2025-06-08 15:33:00,2025-06-09 00:33:00,9.0
LOG217163,W0083,Morning,2025-04-11 23:43:00,2025-04-12 08:43:00,9.0
LOG217165,W0319,Night,2025-03-02 11:15:00,2025-03-02 18:15:00,7.0
LOG217167,W0341,Evening,2025-05-08 16:41:00,2025-05-08 23:41:00,7.0
LOG217168,W0236,Night,2025-06-13 18:15:00,2025-06-14 00:15:00,6.0
LOG217169,W0157,Evening,2025-02-03 10:36:00,2025-02-03 17:36:00,7.0
LOG217170,W0273,Morning,2025-02-15 23:18:00,2025-02-16 07:18:00,8.0
LOG217171,W0149,Morning,2025-06-12 02:31:00,2025-06-12 11:31:00,9.0
LOG217172,W0486,Night,2025-03-06 01:56:00,2025-03-06 09:56:00,8.0
LOG217173,W0455,Night,2025-03-15 09:08:00,2025-03-15 18:08:00,9.0
LOG217175,W0323,Night,2025-05-05 12:45:00,2025-05-05 22:45:00,10.0
LOG217176,W0426,Morning,2025-05-22 03:19:00,2025-05-22 12:19:00,9.0
LOG217177,W0440,Night,2025-06-02 22:25:00,2025-06-03 04:25:00,6.0
LOG217179,W0271,Night,2025-04-01 23:33:00,2025-04-02 07:33:00,8.0
LOG217183,W0370,Night,2025-06-22 21:34:00,2025-06-23 05:34:00,8.0
LOG217185,W0125,Evening,2025-03-01 23:04:00,2025-03-02 09:04:00,10.0
LOG217186,W0092,Evening,2025-01-13 12:14:00,2025-01-13 22:14:00,10.0
LOG217188,W0025,Morning,2025-05-19 04:20:00,2025-05-19 11:20:00,7.0
LOG217189,W0370,Night,2025-06-17 10:23:00,2025-06-17 20:23:00,10.0
LOG217190,W0449,Morning,2025-06-23 18:21:00,2025-06-24 02:21:00,8.0
LOG217192,W0246,Morning,2025-02-23 17:32:00,2025-02-24 02:32:00,9.0
LOG217193,W0455,Night,2025-01-13 21:42:00,2025-01-14 04:42:00,7.0
LOG217195,W0016,Night,2025-03-27 01:06:00,2025-03-27 10:06:00,9.0
LOG217196,W0317,Night,2025-05-09 10:08:00,2025-05-09 17:08:00,7.0
LOG217197,W0146,Evening,2025-01-22 07:07:00,2025-01-22 17:07:00,10.0
LOG217199,W0241,Evening,2025-01-06 02:41:00,2025-01-06 09:41:00,7.0
LOG217200,W0480,Morning,2025-04-29 18:02:00,2025-04-30 01:02:00,7.0
LOG217201,W0312,Night,2025-05-21 05:19:00,2025-05-21 13:19:00,8.0
LOG217202,W0340,Evening,2025-01-16 12:38:00,2025-01-16 18:38:00,6.0
LOG217203,W0153,Evening,2025-03-05 13:45:00,2025-03-05 21:45:00,8.0
LOG217205,W0047,Morning,2025-03-12 03:13:00,2025-03-12 13:13:00,10.0
LOG217207,W0009,Morning,2025-05-02 05:29:00,2025-05-02 11:29:00,6.0
LOG217208,W0142,Night,2025-05-23 07:34:00,2025-05-23 14:34:00,7.0
LOG217211,W0047,Morning,2025-02-01 00:26:00,2025-02-01 10:26:00,10.0
LOG217214,W0137,Morning,2025-01-05 17:00:00,2025-01-05 23:00:00,6.0
LOG217215,W0411,Morning,2025-06-26 16:15:00,2025-06-27 01:15:00,9.0
LOG217217,W0218,Night,2025-01-24 00:54:00,2025-01-24 10:54:00,10.0
LOG217219,W0292,Night,2025-06-21 15:21:00,2025-06-21 21:21:00,6.0
LOG217220,W0489,Night,2025-01-08 17:23:00,2025-01-09 03:23:00,10.0
LOG217221,W0083,Night,2025-04-16 07:23:00,2025-04-16 15:23:00,8.0
LOG217222,W0301,Night,2025-01-09 04:30:00,2025-01-09 13:30:00,9.0
LOG217223,W0193,Morning,2025-02-08 10:07:00,2025-02-08 17:07:00,7.0
LOG217224,W0160,Morning,2025-03-19 07:28:00,2025-03-19 13:28:00,6.0
LOG217228,W0120,Night,2025-02-28 10:19:00,2025-02-28 19:19:00,9.0
LOG217229,W0486,Evening,2025-01-09 03:20:00,2025-01-09 09:20:00,6.0
LOG217230,W0486,Evening,2025-06-20 10:47:00,2025-06-20 18:47:00,8.0
LOG217233,W0450,Evening,2025-02-04 00:46:00,2025-02-04 10:46:00,10.0
LOG217234,W0364,Night,2025-03-31 21:43:00,2025-04-01 05:43:00,8.0
LOG217235,W0451,Evening,2025-05-03 16:04:00,2025-05-03 22:04:00,6.0
LOG217236,W0261,Morning,2025-03-08 13:36:00,2025-03-08 22:36:00,9.0
LOG217239,W0078,Evening,2025-04-16 10:37:00,2025-04-16 20:37:00,10.0
LOG217240,W0492,Morning,2025-05-22 11:45:00,2025-05-22 19:45:00,8.0
LOG217241,W0415,Night,2025-01-09 20:14:00,2025-01-10 06:14:00,10.0
LOG217243,W0325,Evening,2025-05-15 19:29:00,2025-05-16 05:29:00,10.0
LOG217244,W0174,Evening,2025-03-02 17:48:00,2025-03-03 03:48:00,10.0
LOG217247,W0002,Morning,2025-02-14 09:39:00,2025-02-14 17:39:00,8.0
LOG217248,W0406,Night,2025-04-28 10:11:00,2025-04-28 18:11:00,8.0
LOG217249,W0048,Night,2025-03-09 11:15:00,2025-03-09 20:15:00,9.0
LOG217250,W0003,Night,2025-06-14 08:48:00,2025-06-14 17:48:00,9.0
LOG217251,W0254,Morning,2025-06-09 20:35:00,2025-06-10 02:35:00,6.0
LOG217252,W0324,Night,2025-02-18 04:10:00,2025-02-18 10:10:00,6.0
LOG217253,W0060,Morning,2025-01-14 16:46:00,2025-01-14 23:46:00,7.0
LOG217254,W0050,Night,2025-03-24 02:33:00,2025-03-24 12:33:00,10.0
LOG217256,W0396,Morning,2025-02-17 05:35:00,2025-02-17 14:35:00,9.0
LOG217257,W0058,Morning,2025-03-19 21:12:00,2025-03-20 03:12:00,6.0
LOG217258,W0018,Evening,2025-03-18 12:26:00,2025-03-18 19:26:00,7.0
LOG217259,W0422,Morning,2025-06-29 20:43:00,2025-06-30 03:43:00,7.0
LOG217260,W0063,Evening,2025-02-13 07:12:00,2025-02-13 15:12:00,8.0
LOG217261,W0099,Evening,2025-05-09 16:56:00,2025-05-09 22:56:00,6.0
LOG217262,W0460,Night,2025-01-26 21:01:00,2025-01-27 07:01:00,10.0
LOG217265,W0292,Evening,2025-05-20 13:45:00,2025-05-20 23:45:00,10.0
LOG217267,W0095,Morning,2025-05-13 08:28:00,2025-05-13 18:28:00,10.0
LOG217268,W0154,Evening,2025-05-22 03:48:00,2025-05-22 12:48:00,9.0
LOG217269,W0090,Evening,2025-01-08 23:40:00,2025-01-09 07:40:00,8.0
LOG217270,W0079,Night,2025-04-22 10:47:00,2025-04-22 17:47:00,7.0
LOG217271,W0221,Morning,2025-06-08 08:15:00,2025-06-08 18:15:00,10.0
LOG217272,W0431,Night,2025-03-16 11:13:00,2025-03-16 19:13:00,8.0
LOG217273,W0296,Night,2025-03-22 23:32:00,2025-03-23 09:32:00,10.0
LOG217274,W0036,Evening,2025-03-08 13:42:00,2025-03-08 19:42:00,6.0
LOG217275,W0259,Morning,2025-05-26 13:15:00,2025-05-26 20:15:00,7.0
LOG217276,W0145,Morning,2025-04-01 03:33:00,2025-04-01 11:33:00,8.0
LOG217277,W0289,Night,2025-02-10 18:59:00,2025-02-11 04:59:00,10.0
LOG217279,W0101,Night,2025-05-18 23:07:00,2025-05-19 09:07:00,10.0
LOG217281,W0355,Evening,2025-02-28 20:22:00,2025-03-01 04:22:00,8.0
LOG217283,W0107,Night,2025-04-27 00:59:00,2025-04-27 08:59:00,8.0
LOG217284,W0345,Evening,2025-02-28 22:09:00,2025-03-01 06:09:00,8.0
LOG217285,W0281,Night,2025-01-05 00:06:00,2025-01-05 09:06:00,9.0
LOG217286,W0336,Night,2025-06-05 13:38:00,2025-06-05 21:38:00,8.0
LOG217287,W0202,Morning,2025-06-03 17:17:00,2025-06-04 03:17:00,10.0
LOG217288,W0165,Night,2025-06-22 17:12:00,2025-06-23 02:12:00,9.0
LOG217289,W0298,Night,2025-04-25 05:30:00,2025-04-25 12:30:00,7.0
LOG217290,W0472,Night,2025-01-17 12:56:00,2025-01-17 22:56:00,10.0
LOG217291,W0270,Night,2025-01-03 18:10:00,2025-01-04 00:10:00,6.0
LOG217292,W0025,Morning,2025-04-17 00:54:00,2025-04-17 10:54:00,10.0
LOG217294,W0310,Night,2025-06-24 22:08:00,2025-06-25 05:08:00,7.0
LOG217295,W0217,Morning,2025-06-25 09:00:00,2025-06-25 17:00:00,8.0
LOG217296,W0181,Night,2025-02-03 09:17:00,2025-02-03 15:17:00,6.0
LOG217297,W0156,Night,2025-03-01 02:41:00,2025-03-01 08:41:00,6.0
LOG217298,W0206,Night,2025-05-30 01:58:00,2025-05-30 09:58:00,8.0
LOG217299,W0188,Morning,2025-05-16 14:17:00,2025-05-17 00:17:00,10.0
LOG217303,W0089,Evening,2025-01-07 05:44:00,2025-01-07 15:44:00,10.0
LOG217305,W0471,Evening,2025-01-07 17:54:00,2025-01-08 01:54:00,8.0
LOG217306,W0062,Evening,2025-01-29 11:43:00,2025-01-29 20:43:00,9.0
LOG217308,W0472,Night,2025-06-08 05:50:00,2025-06-08 15:50:00,10.0
LOG217309,W0307,Evening,2025-01-06 15:25:00,2025-01-06 23:25:00,8.0
LOG217310,W0216,Morning,2025-06-27 16:41:00,2025-06-27 22:41:00,6.0
LOG217311,W0454,Morning,2025-05-26 10:01:00,2025-05-26 16:01:00,6.0
LOG217312,W0479,Night,2025-04-10 20:30:00,2025-04-11 03:30:00,7.0
LOG217315,W0092,Morning,2025-06-18 00:22:00,2025-06-18 06:22:00,6.0
LOG217318,W0135,Evening,2025-05-12 15:17:00,2025-05-13 01:17:00,10.0
LOG217319,W0193,Evening,2025-03-01 18:15:00,2025-03-02 00:15:00,6.0
LOG217320,W0063,Night,2025-04-28 22:30:00,2025-04-29 08:30:00,10.0
LOG217321,W0385,Evening,2025-01-26 23:41:00,2025-01-27 06:41:00,7.0
LOG217322,W0050,Evening,2025-05-15 09:52:00,2025-05-15 15:52:00,6.0
LOG217323,W0452,Night,2025-05-31 07:29:00,2025-05-31 15:29:00,8.0
LOG217324,W0370,Morning,2025-05-04 20:30:00,2025-05-05 02:30:00,6.0
LOG217325,W0234,Night,2025-01-30 09:11:00,2025-01-30 15:11:00,6.0
LOG217327,W0303,Night,2025-03-15 07:46:00,2025-03-15 15:46:00,8.0
LOG217329,W0303,Evening,2025-02-23 18:00:00,2025-02-24 02:00:00,8.0
LOG217333,W0226,Night,2025-04-23 14:16:00,2025-04-23 20:16:00,6.0
LOG217334,W0490,Night,2025-05-10 00:32:00,2025-05-10 10:32:00,10.0
LOG217336,W0233,Morning,2025-02-10 13:15:00,2025-02-10 20:15:00,7.0
LOG217337,W0173,Night,2025-06-09 18:21:00,2025-06-10 04:21:00,10.0
LOG217341,W0021,Evening,2025-04-23 22:57:00,2025-04-24 05:57:00,7.0
LOG217342,W0118,Night,2025-06-28 20:14:00,2025-06-29 06:14:00,10.0
LOG217343,W0371,Morning,2025-06-29 11:56:00,2025-06-29 18:56:00,7.0
LOG217344,W0107,Night,2025-06-20 04:14:00,2025-06-20 10:14:00,6.0
LOG217346,W0239,Night,2025-06-07 09:31:00,2025-06-07 18:31:00,9.0
LOG217347,W0263,Evening,2025-06-14 12:50:00,2025-06-14 18:50:00,6.0
LOG217348,W0425,Evening,2025-05-06 19:29:00,2025-05-07 02:29:00,7.0
LOG217349,W0186,Night,2025-04-13 22:58:00,2025-04-14 05:58:00,7.0
LOG217352,W0112,Night,2025-02-23 03:30:00,2025-02-23 10:30:00,7.0
LOG217353,W0021,Night,2025-03-25 19:28:00,2025-03-26 01:28:00,6.0
LOG217355,W0417,Evening,2025-02-07 04:22:00,2025-02-07 10:22:00,6.0
LOG217357,W0445,Night,2025-04-14 17:19:00,2025-04-15 01:19:00,8.0
LOG217358,W0425,Night,2025-04-26 07:57:00,2025-04-26 14:57:00,7.0
LOG217360,W0124,Night,2025-04-23 23:22:00,2025-04-24 07:22:00,8.0
LOG217361,W0238,Night,2025-05-23 20:34:00,2025-05-24 05:34:00,9.0
LOG217363,W0388,Night,2025-01-19 17:15:00,2025-01-20 03:15:00,10.0
LOG217364,W0112,Evening,2025-02-11 04:07:00,2025-02-11 12:07:00,8.0
LOG217365,W0483,Evening,2025-04-19 07:05:00,2025-04-19 14:05:00,7.0
LOG217366,W0427,Night,2025-01-09 04:21:00,2025-01-09 14:21:00,10.0
LOG217367,W0480,Evening,2025-03-13 05:14:00,2025-03-13 11:14:00,6.0
LOG217368,W0079,Night,2025-04-17 07:42:00,2025-04-17 14:42:00,7.0
LOG217369,W0066,Night,2025-05-23 13:52:00,2025-05-23 22:52:00,9.0
LOG217370,W0319,Night,2025-01-12 13:45:00,2025-01-12 20:45:00,7.0
LOG217371,W0338,Night,2025-04-12 18:17:00,2025-04-13 01:17:00,7.0
LOG217372,W0253,Night,2025-04-14 08:13:00,2025-04-14 14:13:00,6.0
LOG217373,W0401,Night,2025-06-14 15:26:00,2025-06-15 01:26:00,10.0
LOG217374,W0100,Night,2025-04-16 17:40:00,2025-04-17 00:40:00,7.0
LOG217375,W0413,Night,2025-03-04 21:55:00,2025-03-05 05:55:00,8.0
LOG217376,W0366,Evening,2025-03-13 10:53:00,2025-03-13 16:53:00,6.0
LOG217378,W0480,Morning,2025-05-14 21:00:00,2025-05-15 06:00:00,9.0
LOG217379,W0168,Night,2025-06-15 06:36:00,2025-06-15 16:36:00,10.0
LOG217380,W0189,Evening,2025-01-03 19:46:00,2025-01-04 05:46:00,10.0
LOG217381,W0102,Night,2025-04-08 16:53:00,2025-04-09 01:53:00,9.0
LOG217382,W0294,Night,2025-06-20 21:06:00,2025-06-21 03:06:00,6.0
LOG217383,W0466,Morning,2025-06-17 15:38:00,2025-06-17 21:38:00,6.0
LOG217384,W0306,Night,2025-04-17 01:18:00,2025-04-17 08:18:00,7.0
LOG217385,W0012,Night,2025-03-07 12:41:00,2025-03-07 18:41:00,6.0
LOG217386,W0169,Night,2025-01-17 20:06:00,2025-01-18 04:06:00,8.0
LOG217387,W0127,Morning,2025-06-23 05:49:00,2025-06-23 12:49:00,7.0
LOG217388,W0023,Evening,2025-04-21 08:33:00,2025-04-21 17:33:00,9.0
LOG217389,W0088,Night,2025-03-09 13:25:00,2025-03-09 22:25:00,9.0
LOG217390,W0253,Evening,2025-04-14 14:24:00,2025-04-14 23:24:00,9.0
LOG217392,W0145,Evening,2025-02-20 09:08:00,2025-02-20 16:08:00,7.0
LOG217394,W0114,Morning,2025-03-29 12:21:00,2025-03-29 19:21:00,7.0
LOG217397,W0324,Night,2025-03-18 18:32:00,2025-03-19 03:32:00,9.0
LOG217398,W0257,Morning,2025-01-19 15:58:00,2025-01-20 00:58:00,9.0
LOG217401,W0174,Evening,2025-01-20 22:41:00,2025-01-21 07:41:00,9.0
LOG217403,W0163,Morning,2025-02-15 18:43:00,2025-02-16 03:43:00,9.0
LOG217404,W0281,Morning,2025-02-07 00:24:00,2025-02-07 07:24:00,7.0
LOG217406,W0437,Night,2025-05-22 09:20:00,2025-05-22 16:20:00,7.0
LOG217407,W0180,Night,2025-02-13 23:28:00,2025-02-14 05:28:00,6.0
LOG217408,W0062,Evening,2025-02-22 02:19:00,2025-02-22 11:19:00,9.0
LOG217409,W0136,Night,2025-04-29 18:18:00,2025-04-30 01:18:00,7.0
LOG217410,W0483,Evening,2025-06-05 03:04:00,2025-06-05 13:04:00,10.0
LOG217411,W0155,Night,2025-03-27 10:13:00,2025-03-27 20:13:00,10.0
LOG217412,W0229,Morning,2025-04-30 21:25:00,2025-05-01 03:25:00,6.0
LOG217413,W0102,Night,2025-02-16 14:42:00,2025-02-16 22:42:00,8.0
LOG217414,W0321,Evening,2025-06-07 11:17:00,2025-06-07 17:17:00,6.0
LOG217415,W0486,Night,2025-01-14 08:58:00,2025-01-14 15:58:00,7.0
LOG217416,W0202,Night,2025-06-20 15:19:00,2025-06-20 23:19:00,8.0
LOG217417,W0092,Morning,2025-01-19 14:31:00,2025-01-19 21:31:00,7.0
LOG217418,W0002,Night,2025-05-27 19:32:00,2025-05-28 03:32:00,8.0
LOG217420,W0474,Night,2025-03-27 19:26:00,2025-03-28 03:26:00,8.0
LOG217421,W0193,Night,2025-02-11 19:59:00,2025-02-12 04:59:00,9.0
LOG217423,W0171,Morning,2025-06-26 02:40:00,2025-06-26 08:40:00,6.0
LOG217425,W0338,Night,2025-01-28 17:56:00,2025-01-29 00:56:00,7.0
LOG217426,W0487,Night,2025-05-17 01:44:00,2025-05-17 10:44:00,9.0
LOG217427,W0167,Night,2025-02-26 17:11:00,2025-02-27 03:11:00,10.0
LOG217429,W0065,Morning,2025-01-10 22:05:00,2025-01-11 05:05:00,7.0
LOG217430,W0190,Night,2025-03-26 07:33:00,2025-03-26 16:33:00,9.0
LOG217431,W0260,Evening,2025-05-16 00:56:00,2025-05-16 06:56:00,6.0
LOG217433,W0040,Night,2025-03-24 18:07:00,2025-03-25 02:07:00,8.0
LOG217434,W0391,Morning,2025-03-08 23:54:00,2025-03-09 08:54:00,9.0
LOG217436,W0064,Night,2025-02-06 06:02:00,2025-02-06 12:02:00,6.0
LOG217438,W0104,Evening,2025-06-04 05:38:00,2025-06-04 14:38:00,9.0
LOG217439,W0434,Evening,2025-01-21 15:38:00,2025-01-21 23:38:00,8.0
LOG217440,W0315,Night,2025-06-10 01:21:00,2025-06-10 09:21:00,8.0
LOG217442,W0184,Night,2025-01-24 12:00:00,2025-01-24 18:00:00,6.0
LOG217443,W0460,Night,2025-03-18 12:21:00,2025-03-18 21:21:00,9.0
LOG217444,W0028,Night,2025-04-06 14:37:00,2025-04-06 20:37:00,6.0
LOG217446,W0114,Evening,2025-01-19 05:24:00,2025-01-19 15:24:00,10.0
LOG217447,W0046,Morning,2025-02-19 08:54:00,2025-02-19 18:54:00,10.0
LOG217448,W0380,Night,2025-04-06 16:11:00,2025-04-06 22:11:00,6.0
LOG217451,W0166,Night,2025-01-31 03:05:00,2025-01-31 10:05:00,7.0
LOG217452,W0236,Evening,2025-01-27 08:06:00,2025-01-27 15:06:00,7.0
LOG217456,W0322,Night,2025-03-03 19:57:00,2025-03-04 03:57:00,8.0
LOG217458,W0183,Night,2025-06-18 11:46:00,2025-06-18 17:46:00,6.0
LOG217460,W0484,Evening,2025-06-23 22:01:00,2025-06-24 05:01:00,7.0
LOG217461,W0076,Morning,2025-05-07 01:43:00,2025-05-07 08:43:00,7.0
LOG217463,W0336,Night,2025-03-29 09:54:00,2025-03-29 18:54:00,9.0
LOG217464,W0397,Night,2025-05-29 23:14:00,2025-05-30 05:14:00,6.0
LOG217465,W0121,Evening,2025-05-18 10:55:00,2025-05-18 20:55:00,10.0
LOG217467,W0202,Morning,2025-02-13 08:54:00,2025-02-13 17:54:00,9.0
LOG217470,W0055,Night,2025-04-17 13:56:00,2025-04-17 19:56:00,6.0
LOG217472,W0061,Evening,2025-04-16 07:07:00,2025-04-16 17:07:00,10.0
LOG217480,W0276,Evening,2025-06-27 20:13:00,2025-06-28 02:13:00,6.0
LOG217481,W0416,Evening,2025-02-08 21:26:00,2025-02-09 03:26:00,6.0
LOG217482,W0269,Night,2025-02-10 08:44:00,2025-02-10 16:44:00,8.0
LOG217483,W0151,Night,2025-04-08 07:02:00,2025-04-08 17:02:00,10.0
LOG217485,W0389,Morning,2025-02-18 09:35:00,2025-02-18 19:35:00,10.0
LOG217487,W0447,Morning,2025-05-21 04:54:00,2025-05-21 12:54:00,8.0
LOG217488,W0260,Night,2025-05-16 17:38:00,2025-05-17 03:38:00,10.0
LOG217489,W0311,Night,2025-02-20 01:57:00,2025-02-20 07:57:00,6.0
LOG217490,W0376,Morning,2025-04-13 18:42:00,2025-04-14 02:42:00,8.0
LOG217491,W0311,Evening,2025-02-08 02:43:00,2025-02-08 12:43:00,10.0
LOG217494,W0459,Morning,2025-04-13 20:43:00,2025-04-14 06:43:00,10.0
LOG217496,W0442,Night,2025-05-05 18:52:00,2025-05-06 04:52:00,10.0
LOG217497,W0018,Evening,2025-06-18 07:54:00,2025-06-18 13:54:00,6.0
LOG217500,W0500,Night,2025-05-27 13:13:00,2025-05-27 23:13:00,10.0
LOG217501,W0117,Morning,2025-01-11 12:47:00,2025-01-11 22:47:00,10.0
LOG217502,W0183,Night,2025-05-07 23:18:00,2025-05-08 08:18:00,9.0
LOG217503,W0477,Morning,2025-06-13 02:54:00,2025-06-13 08:54:00,6.0
LOG217505,W0464,Morning,2025-06-22 14:03:00,2025-06-22 22:03:00,8.0
LOG217507,W0321,Morning,2025-02-15 08:04:00,2025-02-15 17:04:00,9.0
LOG217508,W0297,Night,2025-06-24 07:57:00,2025-06-24 15:57:00,8.0
LOG217510,W0009,Evening,2025-04-30 11:12:00,2025-04-30 18:12:00,7.0
LOG217512,W0296,Night,2025-06-06 06:08:00,2025-06-06 12:08:00,6.0
LOG217513,W0391,Night,2025-05-09 08:08:00,2025-05-09 15:08:00,7.0
LOG217515,W0384,Morning,2025-06-26 06:09:00,2025-06-26 14:09:00,8.0
LOG217517,W0275,Night,2025-04-22 08:56:00,2025-04-22 17:56:00,9.0
LOG217518,W0215,Evening,2025-05-30 10:18:00,2025-05-30 16:18:00,6.0
LOG217519,W0353,Morning,2025-03-30 23:23:00,2025-03-31 05:23:00,6.0
LOG217520,W0083,Evening,2025-01-31 17:11:00,2025-02-01 02:11:00,9.0
LOG217521,W0400,Morning,2025-06-07 13:22:00,2025-06-07 22:22:00,9.0
LOG217522,W0189,Morning,2025-04-24 20:42:00,2025-04-25 02:42:00,6.0
LOG217523,W0126,Evening,2025-03-13 01:32:00,2025-03-13 09:32:00,8.0
LOG217524,W0389,Evening,2025-02-27 12:55:00,2025-02-27 19:55:00,7.0
LOG217526,W0326,Morning,2025-05-14 22:28:00,2025-05-15 05:28:00,7.0
LOG217528,W0122,Morning,2025-04-22 13:27:00,2025-04-22 21:27:00,8.0
LOG217529,W0334,Morning,2025-05-20 18:16:00,2025-05-21 03:16:00,9.0
LOG217530,W0235,Night,2025-01-14 20:28:00,2025-01-15 03:28:00,7.0
LOG217531,W0231,Morning,2025-02-18 09:36:00,2025-02-18 17:36:00,8.0
LOG217533,W0164,Night,2025-01-08 02:50:00,2025-01-08 12:50:00,10.0
LOG217534,W0387,Night,2025-01-07 18:08:00,2025-01-08 03:08:00,9.0
LOG217535,W0048,Night,2025-06-11 07:50:00,2025-06-11 13:50:00,6.0
LOG217538,W0346,Night,2025-04-13 23:49:00,2025-04-14 07:49:00,8.0
LOG217539,W0081,Night,2025-03-04 05:40:00,2025-03-04 11:40:00,6.0
LOG217540,W0328,Night,2025-01-29 09:45:00,2025-01-29 17:45:00,8.0
LOG217542,W0388,Evening,2025-04-04 19:33:00,2025-04-05 01:33:00,6.0
LOG217543,W0483,Evening,2025-02-14 13:24:00,2025-02-14 23:24:00,10.0
LOG217545,W0138,Night,2025-04-03 15:44:00,2025-04-03 23:44:00,8.0
LOG217546,W0130,Night,2025-03-12 01:09:00,2025-03-12 11:09:00,10.0
LOG217548,W0272,Night,2025-05-25 17:40:00,2025-05-26 01:40:00,8.0
LOG217549,W0097,Night,2025-03-29 05:39:00,2025-03-29 11:39:00,6.0
LOG217552,W0389,Night,2025-04-13 00:35:00,2025-04-13 07:35:00,7.0
LOG217554,W0483,Evening,2025-05-18 21:31:00,2025-05-19 07:31:00,10.0
LOG217555,W0174,Night,2025-01-07 02:50:00,2025-01-07 12:50:00,10.0
LOG217557,W0241,Evening,2025-04-24 13:10:00,2025-04-24 19:10:00,6.0
LOG217558,W0475,Morning,2025-02-27 04:20:00,2025-02-27 13:20:00,9.0
LOG217559,W0281,Night,2025-01-07 08:04:00,2025-01-07 14:04:00,6.0
LOG217560,W0134,Morning,2025-01-26 19:30:00,2025-01-27 02:30:00,7.0
LOG217562,W0022,Night,2025-04-14 22:35:00,2025-04-15 08:35:00,10.0
LOG217565,W0228,Night,2025-01-21 01:43:00,2025-01-21 11:43:00,10.0
LOG217566,W0006,Night,2025-06-24 00:30:00,2025-06-24 06:30:00,6.0
LOG217568,W0278,Morning,2025-05-19 10:01:00,2025-05-19 19:01:00,9.0
LOG217569,W0484,Evening,2025-06-07 20:46:00,2025-06-08 06:46:00,10.0
LOG217571,W0282,Evening,2025-06-26 00:15:00,2025-06-26 06:15:00,6.0
LOG217573,W0300,Night,2025-02-17 13:22:00,2025-02-17 22:22:00,9.0
LOG217575,W0155,Evening,2025-03-05 10:12:00,2025-03-05 20:12:00,10.0
LOG217576,W0293,Morning,2025-04-19 05:25:00,2025-04-19 14:25:00,9.0
LOG217577,W0390,Morning,2025-04-18 05:47:00,2025-04-18 14:47:00,9.0
LOG217578,W0353,Morning,2025-01-12 18:43:00,2025-01-13 02:43:00,8.0
LOG217582,W0377,Morning,2025-02-20 10:44:00,2025-02-20 18:44:00,8.0
LOG217583,W0402,Morning,2025-03-24 03:56:00,2025-03-24 09:56:00,6.0
LOG217584,W0303,Night,2025-06-07 08:24:00,2025-06-07 14:24:00,6.0
LOG217585,W0030,Night,2025-01-14 10:02:00,2025-01-14 20:02:00,10.0
LOG217586,W0173,Morning,2025-06-25 02:43:00,2025-06-25 09:43:00,7.0
LOG217587,W0301,Morning,2025-05-17 10:32:00,2025-05-17 19:32:00,9.0
LOG217588,W0173,Morning,2025-02-20 06:05:00,2025-02-20 12:05:00,6.0
LOG217593,W0315,Night,2025-02-06 17:44:00,2025-02-06 23:44:00,6.0
LOG217596,W0076,Evening,2025-01-24 20:49:00,2025-01-25 06:49:00,10.0
LOG217597,W0164,Evening,2025-02-17 07:52:00,2025-02-17 16:52:00,9.0
LOG217599,W0121,Evening,2025-05-10 18:37:00,2025-05-11 00:37:00,6.0
LOG217603,W0132,Night,2025-02-10 18:08:00,2025-02-11 02:08:00,8.0
LOG217606,W0226,Evening,2025-01-25 03:48:00,2025-01-25 09:48:00,6.0
LOG217608,W0051,Morning,2025-02-09 14:10:00,2025-02-09 23:10:00,9.0
LOG217609,W0257,Morning,2025-06-09 21:06:00,2025-06-10 03:06:00,6.0
LOG217611,W0236,Morning,2025-03-22 02:41:00,2025-03-22 09:41:00,7.0
LOG217614,W0298,Evening,2025-02-27 15:38:00,2025-02-27 23:38:00,8.0
LOG217615,W0415,Evening,2025-06-23 19:07:00,2025-06-24 05:07:00,10.0
LOG217617,W0260,Night,2025-01-20 12:16:00,2025-01-20 21:16:00,9.0
LOG217618,W0331,Night,2025-03-04 16:35:00,2025-03-05 01:35:00,9.0
LOG217619,W0461,Morning,2025-03-30 09:36:00,2025-03-30 15:36:00,6.0
LOG217620,W0127,Morning,2025-02-07 06:16:00,2025-02-07 15:16:00,9.0
LOG217622,W0417,Morning,2025-02-08 23:10:00,2025-02-09 05:10:00,6.0
LOG217623,W0172,Evening,2025-05-30 12:32:00,2025-05-30 22:32:00,10.0
LOG217624,W0477,Morning,2025-06-07 15:54:00,2025-06-08 00:54:00,9.0
LOG217625,W0238,Morning,2025-01-31 21:11:00,2025-02-01 03:11:00,6.0
LOG217626,W0141,Night,2025-05-17 03:02:00,2025-05-17 11:02:00,8.0
LOG217627,W0117,Night,2025-02-23 09:41:00,2025-02-23 17:41:00,8.0
LOG217628,W0011,Evening,2025-03-10 00:54:00,2025-03-10 10:54:00,10.0
LOG217630,W0391,Night,2025-06-22 02:30:00,2025-06-22 10:30:00,8.0
LOG217631,W0290,Evening,2025-06-18 16:53:00,2025-06-18 22:53:00,6.0
LOG217632,W0417,Morning,2025-06-18 11:29:00,2025-06-18 17:29:00,6.0
LOG217634,W0379,Night,2025-03-01 18:48:00,2025-03-02 02:48:00,8.0
LOG217635,W0462,Night,2025-05-05 19:18:00,2025-05-06 05:18:00,10.0
LOG217637,W0221,Morning,2025-06-07 19:50:00,2025-06-08 01:50:00,6.0
LOG217640,W0258,Night,2025-03-21 00:44:00,2025-03-21 08:44:00,8.0
LOG217641,W0433,Night,2025-06-18 15:25:00,2025-06-19 01:25:00,10.0
LOG217642,W0328,Night,2025-01-18 03:42:00,2025-01-18 11:42:00,8.0
LOG217644,W0053,Night,2025-06-11 14:44:00,2025-06-11 22:44:00,8.0
LOG217645,W0383,Morning,2025-04-08 23:18:00,2025-04-09 06:18:00,7.0
LOG217646,W0324,Morning,2025-02-02 13:01:00,2025-02-02 21:01:00,8.0
LOG217647,W0261,Morning,2025-03-28 18:24:00,2025-03-29 01:24:00,7.0
LOG217648,W0345,Night,2025-01-25 20:22:00,2025-01-26 02:22:00,6.0
LOG217649,W0466,Night,2025-04-07 02:15:00,2025-04-07 10:15:00,8.0
LOG217651,W0001,Night,2025-02-07 10:12:00,2025-02-07 16:12:00,6.0
LOG217652,W0274,Morning,2025-02-03 10:19:00,2025-02-03 20:19:00,10.0
LOG217654,W0421,Morning,2025-05-25 05:17:00,2025-05-25 11:17:00,6.0
LOG217655,W0134,Night,2025-01-04 03:23:00,2025-01-04 13:23:00,10.0
LOG217656,W0403,Morning,2025-06-01 17:12:00,2025-06-02 03:12:00,10.0
LOG217657,W0443,Night,2025-03-09 10:57:00,2025-03-09 16:57:00,6.0
LOG217658,W0073,Night,2025-02-06 03:39:00,2025-02-06 10:39:00,7.0
LOG217659,W0491,Night,2025-02-23 21:20:00,2025-02-24 06:20:00,9.0
LOG217660,W0071,Night,2025-01-18 22:05:00,2025-01-19 06:05:00,8.0
LOG217661,W0372,Morning,2025-02-06 03:06:00,2025-02-06 13:06:00,10.0
LOG217662,W0236,Night,2025-01-13 16:27:00,2025-01-13 22:27:00,6.0
LOG217663,W0306,Evening,2025-04-24 05:47:00,2025-04-24 14:47:00,9.0
LOG217664,W0149,Night,2025-03-19 22:33:00,2025-03-20 08:33:00,10.0
LOG217665,W0174,Night,2025-05-04 00:27:00,2025-05-04 06:27:00,6.0
LOG217666,W0188,Evening,2025-05-03 12:24:00,2025-05-03 18:24:00,6.0
LOG217668,W0234,Evening,2025-05-01 22:02:00,2025-05-02 05:02:00,7.0
LOG217669,W0349,Morning,2025-04-01 16:47:00,2025-04-02 02:47:00,10.0
LOG217670,W0384,Evening,2025-02-20 23:36:00,2025-02-21 05:36:00,6.0
LOG217672,W0423,Night,2025-01-10 21:02:00,2025-01-11 07:02:00,10.0
LOG217673,W0051,Night,2025-01-24 16:40:00,2025-01-24 23:40:00,7.0
LOG217674,W0135,Night,2025-04-26 13:50:00,2025-04-26 22:50:00,9.0
LOG217675,W0450,Night,2025-04-20 17:56:00,2025-04-21 02:56:00,9.0
LOG217677,W0046,Morning,2025-06-13 03:58:00,2025-06-13 10:58:00,7.0
LOG217680,W0101,Evening,2025-05-02 18:52:00,2025-05-03 02:52:00,8.0
LOG217681,W0296,Night,2025-05-22 12:43:00,2025-05-22 22:43:00,10.0
LOG217684,W0075,Night,2025-06-28 02:43:00,2025-06-28 11:43:00,9.0
LOG217685,W0295,Night,2025-03-03 11:26:00,2025-03-03 21:26:00,10.0
LOG217688,W0461,Night,2025-02-07 15:25:00,2025-02-07 23:25:00,8.0
LOG217689,W0347,Night,2025-02-16 13:22:00,2025-02-16 20:22:00,7.0
LOG217690,W0408,Evening,2025-03-05 08:27:00,2025-03-05 15:27:00,7.0
LOG217691,W0074,Morning,2025-02-25 19:31:00,2025-02-26 04:31:00,9.0
LOG217692,W0216,Night,2025-06-12 04:26:00,2025-06-12 12:26:00,8.0
LOG217693,W0204,Morning,2025-01-10 01:27:00,2025-01-10 08:27:00,7.0
LOG217695,W0238,Morning,2025-03-01 09:13:00,2025-03-01 18:13:00,9.0
LOG217696,W0444,Evening,2025-03-27 04:54:00,2025-03-27 14:54:00,10.0
LOG217697,W0191,Night,2025-02-07 20:45:00,2025-02-08 02:45:00,6.0
LOG217698,W0059,Night,2025-05-26 04:40:00,2025-05-26 12:40:00,8.0
LOG217699,W0199,Night,2025-01-30 09:50:00,2025-01-30 19:50:00,10.0
LOG217703,W0299,Night,2025-03-10 22:11:00,2025-03-11 05:11:00,7.0
LOG217704,W0188,Night,2025-04-06 17:11:00,2025-04-07 02:11:00,9.0
LOG217705,W0136,Evening,2025-04-11 14:29:00,2025-04-11 22:29:00,8.0
LOG217707,W0284,Morning,2025-03-10 05:51:00,2025-03-10 11:51:00,6.0
LOG217708,W0091,Night,2025-04-09 23:31:00,2025-04-10 08:31:00,9.0
LOG217711,W0010,Night,2025-04-11 20:59:00,2025-04-12 04:59:00,8.0
LOG217712,W0008,Morning,2025-04-09 15:09:00,2025-04-09 23:09:00,8.0
LOG217713,W0145,Night,2025-06-20 19:55:00,2025-06-21 05:55:00,10.0
LOG217714,W0032,Morning,2025-01-14 02:35:00,2025-01-14 11:35:00,9.0
LOG217716,W0074,Morning,2025-02-18 04:26:00,2025-02-18 14:26:00,10.0
LOG217719,W0395,Night,2025-05-16 06:43:00,2025-05-16 13:43:00,7.0
LOG217720,W0058,Night,2025-02-12 20:41:00,2025-02-13 06:41:00,10.0
LOG217722,W0366,Night,2025-01-08 21:53:00,2025-01-09 04:53:00,7.0
LOG217723,W0241,Evening,2025-03-24 01:37:00,2025-03-24 07:37:00,6.0
LOG217724,W0178,Morning,2025-01-16 00:47:00,2025-01-16 08:47:00,8.0
LOG217726,W0482,Morning,2025-06-27 18:12:00,2025-06-28 01:12:00,7.0
LOG217727,W0455,Evening,2025-04-18 05:20:00,2025-04-18 14:20:00,9.0
LOG217728,W0190,Morning,2025-02-07 07:47:00,2025-02-07 17:47:00,10.0
LOG217729,W0003,Morning,2025-04-07 19:37:00,2025-04-08 02:37:00,7.0
LOG217731,W0114,Night,2025-05-27 04:54:00,2025-05-27 11:54:00,7.0
LOG217732,W0180,Night,2025-01-25 12:57:00,2025-01-25 22:57:00,10.0
LOG217733,W0422,Morning,2025-03-08 10:13:00,2025-03-08 18:13:00,8.0
LOG217734,W0111,Evening,2025-03-09 17:00:00,2025-03-09 23:00:00,6.0
LOG217735,W0256,Evening,2025-03-09 04:28:00,2025-03-09 14:28:00,10.0
LOG217738,W0353,Night,2025-04-17 08:02:00,2025-04-17 14:02:00,6.0
LOG217739,W0461,Night,2025-05-04 06:00:00,2025-05-04 16:00:00,10.0
LOG217741,W0212,Night,2025-05-18 06:56:00,2025-05-18 12:56:00,6.0
LOG217742,W0488,Night,2025-03-28 02:29:00,2025-03-28 12:29:00,10.0
LOG217743,W0429,Night,2025-05-05 20:16:00,2025-05-06 03:16:00,7.0
LOG217745,W0488,Night,2025-05-15 15:58:00,2025-05-15 23:58:00,8.0
LOG217746,W0271,Evening,2025-01-21 09:09:00,2025-01-21 18:09:00,9.0
LOG217747,W0097,Night,2025-05-16 14:25:00,2025-05-16 20:25:00,6.0
LOG217749,W0014,Evening,2025-03-19 00:26:00,2025-03-19 10:26:00,10.0
LOG217750,W0065,Evening,2025-05-18 23:05:00,2025-05-19 07:05:00,8.0
LOG217751,W0018,Night,2025-05-11 08:08:00,2025-05-11 15:08:00,7.0
LOG217752,W0361,Morning,2025-01-15 23:47:00,2025-01-16 07:47:00,8.0
LOG217757,W0467,Evening,2025-03-31 13:02:00,2025-03-31 22:02:00,9.0
LOG217758,W0055,Evening,2025-01-08 22:48:00,2025-01-09 07:48:00,9.0
LOG217760,W0072,Morning,2025-02-02 17:04:00,2025-02-03 00:04:00,7.0
LOG217761,W0122,Evening,2025-04-04 08:01:00,2025-04-04 14:01:00,6.0
LOG217762,W0322,Evening,2025-04-29 14:43:00,2025-04-30 00:43:00,10.0
LOG217763,W0343,Night,2025-03-31 16:01:00,2025-04-01 02:01:00,10.0
LOG217765,W0017,Evening,2025-05-07 14:28:00,2025-05-07 23:28:00,9.0
LOG217766,W0399,Night,2025-03-24 08:03:00,2025-03-24 14:03:00,6.0
LOG217768,W0466,Night,2025-06-19 00:21:00,2025-06-19 06:21:00,6.0
LOG217769,W0164,Morning,2025-01-28 16:32:00,2025-01-28 23:32:00,7.0
LOG217770,W0190,Morning,2025-02-22 20:02:00,2025-02-23 06:02:00,10.0
LOG217771,W0117,Morning,2025-01-31 14:57:00,2025-01-31 20:57:00,6.0
LOG217772,W0447,Night,2025-05-02 11:41:00,2025-05-02 21:41:00,10.0
LOG217773,W0023,Night,2025-02-20 16:22:00,2025-02-20 22:22:00,6.0
LOG217775,W0497,Night,2025-06-24 09:45:00,2025-06-24 15:45:00,6.0
LOG217776,W0225,Night,2025-01-03 13:37:00,2025-01-03 23:37:00,10.0
LOG217777,W0485,Evening,2025-03-24 22:35:00,2025-03-25 08:35:00,10.0
LOG217778,W0474,Morning,2025-04-21 20:07:00,2025-04-22 04:07:00,8.0
LOG217781,W0177,Evening,2025-05-16 23:48:00,2025-05-17 08:48:00,9.0
LOG217782,W0357,Evening,2025-05-10 08:51:00,2025-05-10 16:51:00,8.0
LOG217783,W0101,Morning,2025-02-08 09:47:00,2025-02-08 18:47:00,9.0
LOG217784,W0227,Night,2025-01-16 12:30:00,2025-01-16 18:30:00,6.0
LOG217785,W0421,Night,2025-06-29 17:31:00,2025-06-30 02:31:00,9.0
LOG217786,W0286,Night,2025-05-28 19:07:00,2025-05-29 01:07:00,6.0
LOG217788,W0487,Night,2025-03-15 17:12:00,2025-03-16 01:12:00,8.0
LOG217790,W0263,Night,2025-04-26 23:18:00,2025-04-27 09:18:00,10.0
LOG217791,W0310,Night,2025-02-14 22:29:00,2025-02-15 08:29:00,10.0
LOG217793,W0328,Night,2025-03-02 13:49:00,2025-03-02 23:49:00,10.0
LOG217794,W0333,Morning,2025-01-09 00:09:00,2025-01-09 08:09:00,8.0
LOG217796,W0131,Morning,2025-01-30 19:06:00,2025-01-31 04:06:00,9.0
LOG217797,W0458,Morning,2025-06-04 02:11:00,2025-06-04 09:11:00,7.0
LOG217798,W0167,Morning,2025-03-22 12:51:00,2025-03-22 19:51:00,7.0
LOG217802,W0187,Night,2025-01-26 13:25:00,2025-01-26 20:25:00,7.0
LOG217803,W0447,Night,2025-06-19 15:29:00,2025-06-19 23:29:00,8.0
LOG217804,W0439,Night,2025-05-01 06:51:00,2025-05-01 12:51:00,6.0
LOG217805,W0153,Night,2025-01-02 09:51:00,2025-01-02 19:51:00,10.0
LOG217807,W0149,Night,2025-06-02 18:20:00,2025-06-03 03:20:00,9.0
LOG217809,W0328,Night,2025-01-12 13:04:00,2025-01-12 22:04:00,9.0
LOG217810,W0005,Evening,2025-03-02 16:55:00,2025-03-02 23:55:00,7.0
LOG217812,W0037,Evening,2025-03-30 22:32:00,2025-03-31 06:32:00,8.0
LOG217813,W0007,Night,2025-06-25 10:56:00,2025-06-25 16:56:00,6.0
LOG217814,W0173,Night,2025-06-11 13:51:00,2025-06-11 23:51:00,10.0
LOG217815,W0022,Night,2025-06-16 02:57:00,2025-06-16 10:57:00,8.0
LOG217816,W0103,Evening,2025-05-29 09:56:00,2025-05-29 18:56:00,9.0
LOG217817,W0478,Night,2025-01-22 10:57:00,2025-01-22 18:57:00,8.0
LOG217818,W0453,Evening,2025-01-16 16:13:00,2025-01-17 00:13:00,8.0
LOG217819,W0372,Night,2025-03-04 08:21:00,2025-03-04 15:21:00,7.0
LOG217820,W0421,Evening,2025-03-02 21:49:00,2025-03-03 06:49:00,9.0
LOG217822,W0292,Night,2025-04-17 21:31:00,2025-04-18 07:31:00,10.0
LOG217823,W0231,Night,2025-01-26 10:54:00,2025-01-26 18:54:00,8.0
LOG217824,W0327,Evening,2025-02-16 09:02:00,2025-02-16 16:02:00,7.0
LOG217826,W0089,Night,2025-03-09 22:49:00,2025-03-10 08:49:00,10.0
LOG217830,W0492,Evening,2025-06-01 20:32:00,2025-06-02 05:32:00,9.0
LOG217832,W0438,Night,2025-06-05 15:48:00,2025-06-06 01:48:00,10.0
LOG217836,W0047,Morning,2025-06-03 12:36:00,2025-06-03 19:36:00,7.0
LOG217837,W0060,Morning,2025-04-26 20:42:00,2025-04-27 04:42:00,8.0
LOG217838,W0394,Night,2025-04-30 04:01:00,2025-04-30 10:01:00,6.0
LOG217839,W0398,Night,2025-06-04 12:51:00,2025-06-04 20:51:00,8.0
LOG217840,W0080,Evening,2025-02-25 13:41:00,2025-02-25 22:41:00,9.0
LOG217841,W0484,Evening,2025-05-05 21:30:00,2025-05-06 05:30:00,8.0
LOG217842,W0133,Night,2025-01-10 18:27:00,2025-01-11 00:27:00,6.0
LOG217843,W0136,Morning,2025-01-27 04:41:00,2025-01-27 11:41:00,7.0
LOG217844,W0364,Night,2025-06-26 17:17:00,2025-06-26 23:17:00,6.0
LOG217845,W0141,Morning,2025-01-28 01:51:00,2025-01-28 11:51:00,10.0
LOG217846,W0018,Night,2025-03-27 20:00:00,2025-03-28 03:00:00,7.0
LOG217851,W0024,Morning,2025-02-17 21:34:00,2025-02-18 07:34:00,10.0
LOG217855,W0243,Morning,2025-01-18 23:44:00,2025-01-19 07:44:00,8.0
LOG217857,W0206,Morning,2025-02-17 14:44:00,2025-02-17 23:44:00,9.0
LOG217859,W0451,Evening,2025-03-26 15:21:00,2025-03-26 22:21:00,7.0
LOG217860,W0057,Evening,2025-06-04 19:12:00,2025-06-05 02:12:00,7.0
LOG217861,W0158,Night,2025-06-06 14:30:00,2025-06-06 22:30:00,8.0
LOG217862,W0328,Night,2025-03-19 06:37:00,2025-03-19 12:37:00,6.0
LOG217863,W0157,Evening,2025-05-24 02:26:00,2025-05-24 08:26:00,6.0
LOG217864,W0351,Evening,2025-04-21 04:44:00,2025-04-21 12:44:00,8.0
LOG217865,W0015,Morning,2025-05-21 01:55:00,2025-05-21 07:55:00,6.0
LOG217866,W0272,Evening,2025-04-18 21:03:00,2025-04-19 04:03:00,7.0
LOG217868,W0308,Evening,2025-05-20 04:12:00,2025-05-20 13:12:00,9.0
LOG217869,W0471,Evening,2025-04-04 10:04:00,2025-04-04 20:04:00,10.0
LOG217870,W0376,Night,2025-03-24 14:15:00,2025-03-24 22:15:00,8.0
LOG217871,W0462,Morning,2025-05-26 13:44:00,2025-05-26 20:44:00,7.0
LOG217873,W0383,Night,2025-04-06 07:02:00,2025-04-06 16:02:00,9.0
LOG217874,W0429,Morning,2025-02-05 20:14:00,2025-02-06 04:14:00,8.0
LOG217876,W0131,Morning,2025-02-04 12:17:00,2025-02-04 21:17:00,9.0
LOG217877,W0167,Night,2025-02-02 16:06:00,2025-02-03 00:06:00,8.0
LOG217878,W0342,Morning,2025-06-22 04:46:00,2025-06-22 14:46:00,10.0
LOG217879,W0234,Morning,2025-04-07 03:17:00,2025-04-07 09:17:00,6.0
LOG217880,W0382,Morning,2025-05-25 14:52:00,2025-05-25 20:52:00,6.0
LOG217881,W0141,Night,2025-04-03 05:26:00,2025-04-03 11:26:00,6.0
LOG217882,W0371,Morning,2025-06-10 08:44:00,2025-06-10 17:44:00,9.0
LOG217884,W0218,Night,2025-06-11 22:38:00,2025-06-12 04:38:00,6.0
LOG217885,W0230,Night,2025-01-21 01:29:00,2025-01-21 11:29:00,10.0
LOG217886,W0204,Morning,2025-01-26 13:53:00,2025-01-26 23:53:00,10.0
LOG217887,W0289,Morning,2025-05-16 06:22:00,2025-05-16 15:22:00,9.0
LOG217888,W0084,Evening,2025-04-14 10:20:00,2025-04-14 16:20:00,6.0
LOG217889,W0481,Morning,2025-05-15 06:41:00,2025-05-15 13:41:00,7.0
LOG217890,W0323,Evening,2025-02-02 04:56:00,2025-02-02 12:56:00,8.0
LOG217891,W0176,Evening,2025-01-08 02:14:00,2025-01-08 11:14:00,9.0
LOG217892,W0360,Night,2025-01-03 11:53:00,2025-01-03 17:53:00,6.0
LOG217893,W0383,Night,2025-02-07 21:52:00,2025-02-08 06:52:00,9.0
LOG217894,W0360,Evening,2025-04-30 23:08:00,2025-05-01 06:08:00,7.0
LOG217895,W0129,Night,2025-04-09 09:09:00,2025-04-09 16:09:00,7.0
LOG217896,W0029,Evening,2025-06-20 09:16:00,2025-06-20 18:16:00,9.0
LOG217898,W0082,Night,2025-06-06 14:26:00,2025-06-07 00:26:00,10.0
LOG217899,W0029,Night,2025-02-02 12:40:00,2025-02-02 20:40:00,8.0
LOG217900,W0319,Evening,2025-05-19 02:07:00,2025-05-19 09:07:00,7.0
LOG217901,W0016,Night,2025-04-08 21:17:00,2025-04-09 03:17:00,6.0
LOG217902,W0463,Evening,2025-04-24 15:00:00,2025-04-24 21:00:00,6.0
LOG217904,W0030,Night,2025-02-18 20:59:00,2025-02-19 03:59:00,7.0
LOG217905,W0397,Morning,2025-01-07 22:10:00,2025-01-08 04:10:00,6.0
LOG217907,W0228,Evening,2025-02-13 17:15:00,2025-02-14 00:15:00,7.0
LOG217908,W0405,Evening,2025-03-03 01:26:00,2025-03-03 11:26:00,10.0
LOG217910,W0414,Evening,2025-04-22 12:53:00,2025-04-22 21:53:00,9.0
LOG217912,W0140,Evening,2025-03-16 13:07:00,2025-03-16 19:07:00,6.0
LOG217913,W0185,Evening,2025-01-11 08:25:00,2025-01-11 17:25:00,9.0
LOG217914,W0039,Night,2025-01-11 19:34:00,2025-01-12 02:34:00,7.0
LOG217915,W0480,Night,2025-01-18 10:03:00,2025-01-18 20:03:00,10.0
LOG217917,W0276,Evening,2025-03-29 01:18:00,2025-03-29 07:18:00,6.0
LOG217919,W0470,Morning,2025-05-11 18:44:00,2025-05-12 02:44:00,8.0
LOG217920,W0294,Morning,2025-06-03 09:15:00,2025-06-03 19:15:00,10.0
LOG217921,W0053,Morning,2025-04-02 02:27:00,2025-04-02 11:27:00,9.0
LOG217923,W0238,Night,2025-03-29 18:52:00,2025-03-30 01:52:00,7.0
LOG217926,W0274,Morning,2025-06-10 16:28:00,2025-06-11 00:28:00,8.0
LOG217927,W0346,Night,2025-06-21 15:58:00,2025-06-22 00:58:00,9.0
LOG217929,W0114,Morning,2025-05-14 03:57:00,2025-05-14 13:57:00,10.0
LOG217930,W0312,Night,2025-02-24 03:34:00,2025-02-24 11:34:00,8.0
LOG217931,W0475,Morning,2025-05-26 13:03:00,2025-05-26 21:03:00,8.0
LOG217933,W0221,Night,2025-06-25 21:40:00,2025-06-26 07:40:00,10.0
LOG217935,W0448,Night,2025-01-30 15:01:00,2025-01-30 23:01:00,8.0
LOG217937,W0321,Morning,2025-04-26 07:14:00,2025-04-26 15:14:00,8.0
LOG217938,W0281,Night,2025-04-04 04:48:00,2025-04-04 14:48:00,10.0
LOG217939,W0472,Night,2025-01-10 13:22:00,2025-01-10 22:22:00,9.0
LOG217940,W0144,Night,2025-02-21 16:40:00,2025-02-22 00:40:00,8.0
LOG217942,W0474,Night,2025-06-12 04:37:00,2025-06-12 11:37:00,7.0
LOG217944,W0495,Night,2025-06-06 23:41:00,2025-06-07 08:41:00,9.0
LOG217945,W0076,Night,2025-05-31 06:50:00,2025-05-31 12:50:00,6.0
LOG217946,W0336,Night,2025-01-09 12:33:00,2025-01-09 22:33:00,10.0
LOG217947,W0136,Evening,2025-04-02 04:00:00,2025-04-02 14:00:00,10.0
LOG217948,W0458,Night,2025-05-04 17:02:00,2025-05-05 02:02:00,9.0
LOG217949,W0360,Evening,2025-03-19 22:40:00,2025-03-20 04:40:00,6.0
LOG217950,W0145,Night,2025-05-11 20:26:00,2025-05-12 05:26:00,9.0
LOG217951,W0186,Morning,2025-06-26 08:20:00,2025-06-26 16:20:00,8.0
LOG217954,W0372,Evening,2025-03-22 09:11:00,2025-03-22 17:11:00,8.0
LOG217955,W0117,Morning,2025-01-15 07:12:00,2025-01-15 15:12:00,8.0
LOG217956,W0393,Morning,2025-03-04 07:11:00,2025-03-04 13:11:00,6.0
LOG217957,W0261,Evening,2025-05-20 23:47:00,2025-05-21 08:47:00,9.0
LOG217958,W0265,Night,2025-03-13 07:35:00,2025-03-13 17:35:00,10.0
LOG217960,W0138,Morning,2025-04-10 03:12:00,2025-04-10 13:12:00,10.0
LOG217964,W0018,Morning,2025-02-20 01:26:00,2025-02-20 09:26:00,8.0
LOG217965,W0048,Night,2025-01-20 13:05:00,2025-01-20 22:05:00,9.0
LOG217966,W0233,Night,2025-02-06 06:13:00,2025-02-06 14:13:00,8.0
LOG217967,W0470,Morning,2025-05-15 14:57:00,2025-05-15 21:57:00,7.0
LOG217969,W0048,Evening,2025-05-22 23:12:00,2025-05-23 07:12:00,8.0
LOG217970,W0453,Evening,2025-06-05 06:30:00,2025-06-05 12:30:00,6.0
LOG217971,W0400,Night,2025-01-14 16:19:00,2025-01-15 00:19:00,8.0
LOG217973,W0406,Morning,2025-03-01 18:17:00,2025-03-02 04:17:00,10.0
LOG217974,W0468,Night,2025-03-20 23:57:00,2025-03-21 06:57:00,7.0
LOG217975,W0003,Night,2025-05-29 06:42:00,2025-05-29 16:42:00,10.0
LOG217978,W0205,Night,2025-06-18 09:36:00,2025-06-18 19:36:00,10.0
LOG217979,W0485,Night,2025-06-19 00:22:00,2025-06-19 09:22:00,9.0
LOG217981,W0325,Morning,2025-06-22 11:29:00,2025-06-22 20:29:00,9.0
LOG217982,W0189,Morning,2025-01-13 21:50:00,2025-01-14 03:50:00,6.0
LOG217985,W0305,Morning,2025-04-08 09:39:00,2025-04-08 17:39:00,8.0
LOG217987,W0009,Morning,2025-06-17 08:02:00,2025-06-17 18:02:00,10.0
LOG217989,W0476,Night,2025-02-20 16:31:00,2025-02-21 01:31:00,9.0
LOG217991,W0040,Night,2025-01-29 19:29:00,2025-01-30 02:29:00,7.0
LOG217993,W0263,Night,2025-05-13 02:35:00,2025-05-13 10:35:00,8.0
LOG217994,W0493,Night,2025-01-17 06:05:00,2025-01-17 15:05:00,9.0
LOG217997,W0407,Night,2025-04-12 02:42:00,2025-04-12 11:42:00,9.0
LOG217999,W0383,Night,2025-06-23 01:26:00,2025-06-23 11:26:00,10.0
LOG218001,W0190,Evening,2025-04-14 15:13:00,2025-04-14 21:13:00,6.0
LOG218003,W0157,Night,2025-02-20 04:44:00,2025-02-20 14:44:00,10.0
LOG218005,W0483,Morning,2025-01-06 23:57:00,2025-01-07 06:57:00,7.0
LOG218007,W0308,Morning,2025-03-11 07:11:00,2025-03-11 16:11:00,9.0
LOG218010,W0391,Night,2025-05-14 15:26:00,2025-05-15 00:26:00,9.0
LOG218011,W0438,Night,2025-04-28 20:57:00,2025-04-29 03:57:00,7.0
LOG218012,W0474,Morning,2025-04-05 17:06:00,2025-04-06 03:06:00,10.0
LOG218013,W0148,Evening,2025-01-14 18:02:00,2025-01-15 01:02:00,7.0
LOG218014,W0376,Night,2025-04-10 13:20:00,2025-04-10 23:20:00,10.0
LOG218015,W0125,Night,2025-03-12 18:04:00,2025-03-13 04:04:00,10.0
LOG218017,W0387,Morning,2025-06-22 08:57:00,2025-06-22 17:57:00,9.0
LOG218018,W0171,Night,2025-04-01 17:59:00,2025-04-02 00:59:00,7.0
LOG218019,W0041,Night,2025-01-19 18:35:00,2025-01-20 03:35:00,9.0
LOG218020,W0193,Night,2025-01-09 10:24:00,2025-01-09 19:24:00,9.0
LOG218021,W0251,Morning,2025-05-20 18:51:00,2025-05-21 01:51:00,7.0
LOG218024,W0061,Evening,2025-02-26 20:29:00,2025-02-27 02:29:00,6.0
LOG218026,W0450,Night,2025-02-21 21:40:00,2025-02-22 06:40:00,9.0
LOG218027,W0334,Evening,2025-05-21 16:17:00,2025-05-21 23:17:00,7.0
LOG218029,W0460,Night,2025-02-25 09:08:00,2025-02-25 19:08:00,10.0
LOG218030,W0363,Night,2025-02-21 20:39:00,2025-02-22 03:39:00,7.0
LOG218031,W0161,Night,2025-01-03 07:52:00,2025-01-03 13:52:00,6.0
LOG218032,W0349,Evening,2025-02-05 07:49:00,2025-02-05 14:49:00,7.0
LOG218036,W0100,Morning,2025-04-12 22:08:00,2025-04-13 08:08:00,10.0
LOG218037,W0456,Evening,2025-02-08 14:19:00,2025-02-08 22:19:00,8.0
LOG218038,W0102,Night,2025-01-25 09:44:00,2025-01-25 19:44:00,10.0
LOG218039,W0338,Morning,2025-06-10 10:49:00,2025-06-10 17:49:00,7.0
LOG218040,W0103,Night,2025-04-27 00:46:00,2025-04-27 08:46:00,8.0
LOG218042,W0491,Morning,2025-03-10 12:43:00,2025-03-10 19:43:00,7.0
LOG218043,W0447,Night,2025-06-21 03:22:00,2025-06-21 12:22:00,9.0
LOG218044,W0084,Morning,2025-04-22 02:55:00,2025-04-22 09:55:00,7.0
LOG218045,W0394,Night,2025-04-16 12:43:00,2025-04-16 18:43:00,6.0
LOG218046,W0095,Night,2025-03-08 21:53:00,2025-03-09 05:53:00,8.0
LOG218048,W0328,Night,2025-04-29 07:02:00,2025-04-29 13:02:00,6.0
LOG218049,W0037,Night,2025-03-09 11:19:00,2025-03-09 21:19:00,10.0
LOG218050,W0429,Night,2025-06-11 02:41:00,2025-06-11 10:41:00,8.0
LOG218051,W0315,Night,2025-06-15 13:30:00,2025-06-15 21:30:00,8.0
LOG218053,W0130,Evening,2025-06-16 23:31:00,2025-06-17 09:31:00,10.0
LOG218054,W0085,Morning,2025-04-01 08:54:00,2025-04-01 18:54:00,10.0
LOG218056,W0485,Morning,2025-02-19 07:03:00,2025-02-19 16:03:00,9.0
LOG218057,W0253,Night,2025-03-04 00:58:00,2025-03-04 08:58:00,8.0
LOG218058,W0246,Night,2025-03-26 18:13:00,2025-03-27 04:13:00,10.0
LOG218059,W0347,Night,2025-06-04 01:26:00,2025-06-04 07:26:00,6.0
LOG218060,W0452,Evening,2025-05-06 08:10:00,2025-05-06 14:10:00,6.0
LOG218061,W0300,Evening,2025-01-02 17:32:00,2025-01-03 01:32:00,8.0
LOG218062,W0098,Night,2025-06-22 17:51:00,2025-06-23 00:51:00,7.0
LOG218063,W0269,Morning,2025-01-07 18:32:00,2025-01-08 00:32:00,6.0
LOG218064,W0360,Night,2025-06-26 05:44:00,2025-06-26 13:44:00,8.0
LOG218065,W0243,Night,2025-05-29 00:01:00,2025-05-29 07:01:00,7.0
LOG218066,W0388,Night,2025-05-15 06:46:00,2025-05-15 13:46:00,7.0
LOG218067,W0315,Evening,2025-05-19 07:40:00,2025-05-19 16:40:00,9.0
LOG218069,W0407,Night,2025-05-05 11:01:00,2025-05-05 21:01:00,10.0
LOG218070,W0195,Night,2025-04-05 21:08:00,2025-04-06 05:08:00,8.0
LOG218071,W0241,Night,2025-02-13 02:17:00,2025-02-13 09:17:00,7.0
LOG218072,W0233,Night,2025-01-15 16:09:00,2025-01-16 01:09:00,9.0
LOG218074,W0275,Evening,2025-04-25 13:14:00,2025-04-25 20:14:00,7.0
LOG218075,W0423,Night,2025-01-17 13:05:00,2025-01-17 19:05:00,6.0
LOG218076,W0323,Night,2025-01-28 05:17:00,2025-01-28 12:17:00,7.0
LOG218078,W0125,Night,2025-04-30 22:52:00,2025-05-01 07:52:00,9.0
LOG218079,W0425,Evening,2025-06-09 15:30:00,2025-06-10 01:30:00,10.0
LOG218080,W0320,Evening,2025-06-17 00:38:00,2025-06-17 07:38:00,7.0
LOG218081,W0140,Morning,2025-05-07 14:03:00,2025-05-08 00:03:00,10.0
LOG218082,W0288,Night,2025-01-13 15:07:00,2025-01-13 22:07:00,7.0
LOG218083,W0497,Night,2025-04-25 17:33:00,2025-04-26 00:33:00,7.0
LOG218084,W0084,Night,2025-05-09 19:38:00,2025-05-10 01:38:00,6.0
LOG218086,W0496,Morning,2025-01-13 07:09:00,2025-01-13 13:09:00,6.0
LOG218090,W0279,Evening,2025-02-10 21:41:00,2025-02-11 04:41:00,7.0
LOG218092,W0450,Night,2025-04-07 22:30:00,2025-04-08 04:30:00,6.0
LOG218093,W0366,Morning,2025-03-15 00:30:00,2025-03-15 06:30:00,6.0
LOG218094,W0049,Evening,2025-05-24 07:12:00,2025-05-24 17:12:00,10.0
LOG218095,W0041,Night,2025-01-19 20:20:00,2025-01-20 03:20:00,7.0
LOG218097,W0232,Evening,2025-02-11 18:52:00,2025-02-12 00:52:00,6.0
LOG218098,W0158,Night,2025-05-30 17:35:00,2025-05-31 00:35:00,7.0
LOG218099,W0272,Evening,2025-04-01 01:24:00,2025-04-01 09:24:00,8.0
LOG218100,W0105,Morning,2025-03-29 19:59:00,2025-03-30 05:59:00,10.0
LOG218101,W0161,Night,2025-05-16 06:39:00,2025-05-16 14:39:00,8.0
LOG218102,W0334,Night,2025-05-30 14:01:00,2025-05-30 21:01:00,7.0
LOG218103,W0345,Evening,2025-03-09 12:50:00,2025-03-09 19:50:00,7.0
LOG218104,W0125,Evening,2025-06-06 16:11:00,2025-06-06 23:11:00,7.0
LOG218108,W0046,Evening,2025-05-15 17:29:00,2025-05-16 03:29:00,10.0
LOG218109,W0379,Night,2025-04-16 16:32:00,2025-04-16 23:32:00,7.0
LOG218110,W0289,Evening,2025-02-24 18:38:00,2025-02-25 03:38:00,9.0
LOG218111,W0193,Evening,2025-02-21 00:47:00,2025-02-21 08:47:00,8.0
LOG218113,W0126,Evening,2025-06-06 23:00:00,2025-06-07 05:00:00,6.0
LOG218114,W0335,Night,2025-02-25 20:10:00,2025-02-26 05:10:00,9.0
LOG218115,W0230,Night,2025-02-12 03:30:00,2025-02-12 13:30:00,10.0
LOG218116,W0297,Night,2025-01-20 01:48:00,2025-01-20 08:48:00,7.0
LOG218117,W0370,Morning,2025-04-23 07:21:00,2025-04-23 14:21:00,7.0
LOG218118,W0084,Night,2025-01-06 02:10:00,2025-01-06 11:10:00,9.0
LOG218119,W0121,Night,2025-03-01 02:26:00,2025-03-01 10:26:00,8.0
LOG218120,W0153,Night,2025-05-04 11:57:00,2025-05-04 18:57:00,7.0
LOG218121,W0445,Morning,2025-06-23 22:58:00,2025-06-24 07:58:00,9.0
LOG218123,W0219,Night,2025-05-02 01:41:00,2025-05-02 10:41:00,9.0
LOG218124,W0325,Night,2025-01-15 20:24:00,2025-01-16 02:24:00,6.0
LOG218125,W0194,Night,2025-04-23 20:05:00,2025-04-24 02:05:00,6.0
LOG218128,W0480,Night,2025-05-25 21:07:00,2025-05-26 06:07:00,9.0
LOG218129,W0427,Night,2025-02-09 13:03:00,2025-02-09 22:03:00,9.0
LOG218130,W0324,Night,2025-03-15 12:26:00,2025-03-15 22:26:00,10.0
LOG218131,W0399,Evening,2025-02-23 01:36:00,2025-02-23 07:36:00,6.0
LOG218132,W0202,Morning,2025-05-11 22:43:00,2025-05-12 06:43:00,8.0
LOG218133,W0187,Night,2025-03-17 00:10:00,2025-03-17 10:10:00,10.0
LOG218135,W0360,Morning,2025-01-14 11:51:00,2025-01-14 18:51:00,7.0
LOG218136,W0104,Morning,2025-01-09 09:29:00,2025-01-09 16:29:00,7.0
LOG218138,W0116,Night,2025-06-27 18:01:00,2025-06-28 01:01:00,7.0
LOG218140,W0130,Night,2025-03-25 17:27:00,2025-03-26 00:27:00,7.0
LOG218141,W0186,Evening,2025-03-28 05:10:00,2025-03-28 11:10:00,6.0
LOG218142,W0342,Night,2025-01-08 20:17:00,2025-01-09 06:17:00,10.0
LOG218143,W0254,Night,2025-04-29 05:27:00,2025-04-29 13:27:00,8.0
LOG218147,W0202,Night,2025-06-15 22:04:00,2025-06-16 05:04:00,7.0
LOG218148,W0220,Evening,2025-03-16 10:56:00,2025-03-16 16:56:00,6.0
LOG218149,W0469,Morning,2025-05-12 04:28:00,2025-05-12 10:28:00,6.0
LOG218150,W0033,Evening,2025-05-06 14:14:00,2025-05-06 22:14:00,8.0
LOG218151,W0438,Evening,2025-04-26 00:23:00,2025-04-26 10:23:00,10.0
LOG218153,W0425,Night,2025-02-12 22:13:00,2025-02-13 04:13:00,6.0
LOG218155,W0334,Night,2025-06-21 21:50:00,2025-06-22 04:50:00,7.0
LOG218157,W0403,Night,2025-03-14 12:28:00,2025-03-14 18:28:00,6.0
LOG218158,W0245,Morning,2025-01-27 21:42:00,2025-01-28 03:42:00,6.0
LOG218159,W0441,Morning,2025-03-19 01:49:00,2025-03-19 10:49:00,9.0
LOG218160,W0331,Night,2025-04-14 23:38:00,2025-04-15 05:38:00,6.0
LOG218161,W0328,Night,2025-06-21 21:57:00,2025-06-22 03:57:00,6.0
LOG218162,W0046,Evening,2025-02-10 16:28:00,2025-02-11 02:28:00,10.0
LOG218164,W0469,Morning,2025-05-11 14:50:00,2025-05-11 22:50:00,8.0
LOG218165,W0397,Evening,2025-01-02 06:46:00,2025-01-02 12:46:00,6.0
LOG218167,W0090,Morning,2025-03-17 05:19:00,2025-03-17 15:19:00,10.0
LOG218168,W0351,Night,2025-03-06 11:09:00,2025-03-06 18:09:00,7.0
LOG218169,W0348,Night,2025-05-18 06:48:00,2025-05-18 12:48:00,6.0
LOG218170,W0408,Evening,2025-03-24 09:22:00,2025-03-24 17:22:00,8.0
LOG218171,W0427,Evening,2025-03-30 12:14:00,2025-03-30 20:14:00,8.0
LOG218172,W0397,Night,2025-04-03 21:06:00,2025-04-04 06:06:00,9.0
LOG218173,W0218,Night,2025-04-27 15:35:00,2025-04-27 23:35:00,8.0
LOG218174,W0483,Evening,2025-05-27 15:09:00,2025-05-28 00:09:00,9.0
LOG218175,W0362,Night,2025-01-10 15:28:00,2025-01-11 00:28:00,9.0
LOG218176,W0313,Morning,2025-01-20 23:56:00,2025-01-21 09:56:00,10.0
LOG218177,W0329,Morning,2025-01-17 13:22:00,2025-01-17 21:22:00,8.0
LOG218179,W0364,Night,2025-02-19 02:37:00,2025-02-19 08:37:00,6.0
LOG218180,W0213,Evening,2025-03-06 02:31:00,2025-03-06 12:31:00,10.0
LOG218181,W0013,Night,2025-02-24 19:28:00,2025-02-25 03:28:00,8.0
LOG218187,W0496,Night,2025-05-03 02:26:00,2025-05-03 10:26:00,8.0
LOG218189,W0234,Morning,2025-04-30 23:11:00,2025-05-01 06:11:00,7.0
LOG218190,W0085,Evening,2025-05-22 01:09:00,2025-05-22 07:09:00,6.0
LOG218192,W0178,Night,2025-02-23 02:18:00,2025-02-23 12:18:00,10.0
LOG218193,W0145,Night,2025-06-11 19:32:00,2025-06-12 05:32:00,10.0
LOG218195,W0470,Night,2025-06-08 07:11:00,2025-06-08 13:11:00,6.0
LOG218196,W0302,Night,2025-04-14 06:38:00,2025-04-14 13:38:00,7.0
LOG218197,W0330,Night,2025-02-09 12:17:00,2025-02-09 20:17:00,8.0
LOG218198,W0261,Evening,2025-04-19 02:23:00,2025-04-19 09:23:00,7.0
LOG218199,W0235,Morning,2025-06-25 21:25:00,2025-06-26 05:25:00,8.0
LOG218200,W0029,Evening,2025-06-07 12:07:00,2025-06-07 19:07:00,7.0
LOG218201,W0120,Evening,2025-06-06 18:05:00,2025-06-07 03:05:00,9.0
LOG218202,W0143,Night,2025-02-09 09:19:00,2025-02-09 17:19:00,8.0
LOG218203,W0284,Morning,2025-06-25 09:23:00,2025-06-25 16:23:00,7.0
LOG218204,W0483,Night,2025-05-21 15:47:00,2025-05-21 23:47:00,8.0
LOG218205,W0429,Evening,2025-04-18 06:38:00,2025-04-18 14:38:00,8.0
LOG218206,W0021,Evening,2025-02-21 09:55:00,2025-02-21 15:55:00,6.0
LOG218207,W0110,Night,2025-01-03 21:08:00,2025-01-04 05:08:00,8.0
LOG218208,W0230,Night,2025-05-08 08:34:00,2025-05-08 14:34:00,6.0
LOG218211,W0039,Morning,2025-05-08 20:08:00,2025-05-09 04:08:00,8.0
LOG218212,W0453,Night,2025-03-01 22:33:00,2025-03-02 07:33:00,9.0
LOG218213,W0282,Morning,2025-05-12 13:02:00,2025-05-12 20:02:00,7.0
LOG218214,W0476,Evening,2025-03-17 16:48:00,2025-03-17 23:48:00,7.0
LOG218217,W0500,Morning,2025-06-12 03:29:00,2025-06-12 10:29:00,7.0
LOG218218,W0464,Night,2025-02-16 22:58:00,2025-02-17 04:58:00,6.0
LOG218220,W0477,Evening,2025-06-14 00:38:00,2025-06-14 07:38:00,7.0
LOG218223,W0039,Night,2025-05-29 10:44:00,2025-05-29 20:44:00,10.0
LOG218224,W0253,Night,2025-03-31 12:24:00,2025-03-31 18:24:00,6.0
LOG218225,W0122,Evening,2025-06-21 12:54:00,2025-06-21 20:54:00,8.0
LOG218226,W0263,Morning,2025-04-06 01:50:00,2025-04-06 08:50:00,7.0
LOG218227,W0068,Night,2025-02-20 19:12:00,2025-02-21 01:12:00,6.0
LOG218228,W0287,Evening,2025-03-07 22:53:00,2025-03-08 05:53:00,7.0
LOG218231,W0399,Evening,2025-04-08 14:39:00,2025-04-08 22:39:00,8.0
LOG218232,W0085,Night,2025-05-05 05:21:00,2025-05-05 15:21:00,10.0
LOG218234,W0376,Night,2025-02-20 01:34:00,2025-02-20 07:34:00,6.0
LOG218235,W0358,Evening,2025-06-29 15:08:00,2025-06-29 22:08:00,7.0
LOG218236,W0038,Morning,2025-01-24 08:17:00,2025-01-24 15:17:00,7.0
LOG218239,W0404,Evening,2025-02-11 02:16:00,2025-02-11 12:16:00,10.0
LOG218240,W0084,Night,2025-04-23 12:49:00,2025-04-23 18:49:00,6.0
LOG218248,W0090,Morning,2025-01-04 19:54:00,2025-01-05 05:54:00,10.0
LOG218250,W0242,Morning,2025-06-05 04:34:00,2025-06-05 12:34:00,8.0
LOG218251,W0284,Night,2025-05-21 15:22:00,2025-05-22 00:22:00,9.0
LOG218252,W0237,Evening,2025-02-04 19:02:00,2025-02-05 04:02:00,9.0
LOG218254,W0437,Night,2025-06-19 17:01:00,2025-06-20 02:01:00,9.0
LOG218255,W0057,Evening,2025-02-11 02:01:00,2025-02-11 11:01:00,9.0
LOG218257,W0339,Morning,2025-04-14 19:16:00,2025-04-15 02:16:00,7.0
LOG218258,W0403,Evening,2025-06-10 19:08:00,2025-06-11 02:08:00,7.0
LOG218259,W0106,Morning,2025-04-07 23:00:00,2025-04-08 09:00:00,10.0
LOG218260,W0026,Evening,2025-03-20 02:17:00,2025-03-20 11:17:00,9.0
LOG218262,W0069,Evening,2025-04-12 11:19:00,2025-04-12 19:19:00,8.0
LOG218263,W0091,Night,2025-01-26 01:14:00,2025-01-26 09:14:00,8.0
LOG218264,W0115,Night,2025-06-13 13:08:00,2025-06-13 23:08:00,10.0
LOG218265,W0098,Evening,2025-06-24 20:20:00,2025-06-25 04:20:00,8.0
LOG218266,W0108,Morning,2025-01-31 00:33:00,2025-01-31 08:33:00,8.0
LOG218267,W0094,Morning,2025-03-04 17:45:00,2025-03-04 23:45:00,6.0
LOG218269,W0417,Night,2025-01-11 17:11:00,2025-01-11 23:11:00,6.0
LOG218270,W0035,Evening,2025-04-22 06:22:00,2025-04-22 16:22:00,10.0
LOG218271,W0213,Night,2025-04-10 05:30:00,2025-04-10 14:30:00,9.0
LOG218272,W0234,Night,2025-02-08 09:49:00,2025-02-08 18:49:00,9.0
LOG218273,W0481,Night,2025-01-17 01:46:00,2025-01-17 10:46:00,9.0
LOG218275,W0152,Night,2025-02-06 12:57:00,2025-02-06 22:57:00,10.0
LOG218278,W0318,Night,2025-05-19 07:11:00,2025-05-19 13:11:00,6.0
LOG218280,W0240,Evening,2025-04-30 10:31:00,2025-04-30 20:31:00,10.0
LOG218282,W0070,Night,2025-04-23 18:44:00,2025-04-24 00:44:00,6.0
LOG218283,W0402,Night,2025-05-23 18:01:00,2025-05-24 02:01:00,8.0
LOG218284,W0211,Morning,2025-06-23 04:52:00,2025-06-23 14:52:00,10.0
LOG218285,W0171,Night,2025-06-04 22:44:00,2025-06-05 05:44:00,7.0
LOG218287,W0497,Morning,2025-06-21 18:44:00,2025-06-22 04:44:00,10.0
LOG218288,W0400,Night,2025-03-18 17:05:00,2025-03-19 00:05:00,7.0
LOG218289,W0101,Night,2025-01-29 01:02:00,2025-01-29 11:02:00,10.0
LOG218290,W0116,Night,2025-06-21 11:11:00,2025-06-21 19:11:00,8.0
LOG218291,W0424,Evening,2025-02-09 18:21:00,2025-02-10 02:21:00,8.0
LOG218292,W0110,Evening,2025-02-05 15:12:00,2025-02-06 01:12:00,10.0
LOG218294,W0430,Night,2025-02-27 10:30:00,2025-02-27 17:30:00,7.0
LOG218295,W0221,Evening,2025-01-22 22:42:00,2025-01-23 05:42:00,7.0
LOG218296,W0465,Night,2025-02-06 18:41:00,2025-02-07 03:41:00,9.0
LOG218297,W0328,Evening,2025-01-25 07:29:00,2025-01-25 14:29:00,7.0
LOG218298,W0320,Night,2025-03-27 05:36:00,2025-03-27 11:36:00,6.0
LOG218299,W0461,Night,2025-04-16 04:01:00,2025-04-16 13:01:00,9.0
LOG218300,W0353,Morning,2025-03-08 06:55:00,2025-03-08 13:55:00,7.0
LOG218301,W0350,Morning,2025-04-11 07:39:00,2025-04-11 13:39:00,6.0
LOG218302,W0153,Night,2025-04-04 20:35:00,2025-04-05 03:35:00,7.0
LOG218303,W0432,Evening,2025-05-27 09:12:00,2025-05-27 16:12:00,7.0
LOG218304,W0476,Evening,2025-06-04 14:59:00,2025-06-04 23:59:00,9.0
LOG218305,W0481,Night,2025-04-21 23:20:00,2025-04-22 09:20:00,10.0
LOG218306,W0499,Night,2025-01-10 22:52:00,2025-01-11 05:52:00,7.0
LOG218307,W0020,Evening,2025-02-17 19:50:00,2025-02-18 01:50:00,6.0
LOG218308,W0108,Evening,2025-06-07 00:17:00,2025-06-07 06:17:00,6.0
LOG218309,W0195,Night,2025-06-10 18:17:00,2025-06-11 03:17:00,9.0
LOG218310,W0100,Evening,2025-05-17 04:06:00,2025-05-17 14:06:00,10.0
LOG218311,W0452,Night,2025-06-10 07:17:00,2025-06-10 13:17:00,6.0
LOG218312,W0202,Morning,2025-04-23 23:56:00,2025-04-24 07:56:00,8.0
LOG218313,W0340,Evening,2025-01-05 17:55:00,2025-01-06 02:55:00,9.0
LOG218314,W0005,Evening,2025-06-27 19:36:00,2025-06-28 05:36:00,10.0
LOG218316,W0425,Morning,2025-01-29 09:55:00,2025-01-29 19:55:00,10.0
LOG218317,W0397,Night,2025-02-02 22:04:00,2025-02-03 05:04:00,7.0
LOG218318,W0496,Morning,2025-05-16 06:00:00,2025-05-16 12:00:00,6.0
LOG218319,W0131,Evening,2025-01-21 13:36:00,2025-01-21 22:36:00,9.0
LOG218320,W0068,Evening,2025-06-16 00:19:00,2025-06-16 10:19:00,10.0
LOG218321,W0278,Evening,2025-06-09 17:26:00,2025-06-10 01:26:00,8.0
LOG218322,W0090,Night,2025-06-24 14:11:00,2025-06-24 21:11:00,7.0
LOG218323,W0231,Night,2025-01-24 04:51:00,2025-01-24 14:51:00,10.0
LOG218324,W0171,Evening,2025-06-21 00:28:00,2025-06-21 06:28:00,6.0
LOG218326,W0430,Night,2025-05-16 23:11:00,2025-05-17 05:11:00,6.0
LOG218327,W0175,Night,2025-05-31 18:15:00,2025-06-01 02:15:00,8.0
LOG218328,W0441,Evening,2025-05-21 19:56:00,2025-05-22 05:56:00,10.0
LOG218329,W0033,Evening,2025-01-18 13:40:00,2025-01-18 22:40:00,9.0
LOG218330,W0124,Night,2025-06-06 22:48:00,2025-06-07 08:48:00,10.0
LOG218332,W0126,Evening,2025-03-07 09:16:00,2025-03-07 16:16:00,7.0
LOG218333,W0265,Night,2025-03-30 19:39:00,2025-03-31 05:39:00,10.0
LOG218334,W0306,Morning,2025-01-09 00:06:00,2025-01-09 07:06:00,7.0
LOG218335,W0268,Morning,2025-03-25 21:16:00,2025-03-26 06:16:00,9.0
LOG218336,W0407,Evening,2025-03-03 11:24:00,2025-03-03 17:24:00,6.0
LOG218337,W0205,Night,2025-05-29 15:57:00,2025-05-30 01:57:00,10.0
LOG218340,W0249,Morning,2025-05-11 14:41:00,2025-05-11 23:41:00,9.0
LOG218341,W0098,Night,2025-01-19 22:10:00,2025-01-20 05:10:00,7.0
LOG218342,W0130,Night,2025-04-26 20:34:00,2025-04-27 02:34:00,6.0
LOG218345,W0268,Evening,2025-05-08 01:41:00,2025-05-08 11:41:00,10.0
LOG218346,W0470,Evening,2025-02-12 03:50:00,2025-02-12 12:50:00,9.0
LOG218347,W0120,Night,2025-03-19 14:50:00,2025-03-19 23:50:00,9.0
LOG218349,W0344,Evening,2025-06-03 04:32:00,2025-06-03 10:32:00,6.0
LOG218351,W0085,Night,2025-05-17 18:07:00,2025-05-18 00:07:00,6.0
LOG218352,W0008,Morning,2025-03-21 13:36:00,2025-03-21 22:36:00,9.0
LOG218355,W0313,Night,2025-04-12 13:26:00,2025-04-12 21:26:00,8.0
LOG218356,W0108,Evening,2025-04-28 16:31:00,2025-04-29 02:31:00,10.0
LOG218357,W0342,Night,2025-04-21 14:35:00,2025-04-21 21:35:00,7.0
LOG218358,W0377,Night,2025-05-14 23:37:00,2025-05-15 05:37:00,6.0
LOG218359,W0356,Night,2025-05-04 15:43:00,2025-05-04 22:43:00,7.0
LOG218361,W0235,Morning,2025-06-20 15:51:00,2025-06-21 01:51:00,10.0
LOG218362,W0339,Night,2025-05-25 02:37:00,2025-05-25 09:37:00,7.0
LOG218363,W0350,Morning,2025-06-29 13:55:00,2025-06-29 20:55:00,7.0
LOG218364,W0200,Night,2025-05-06 22:17:00,2025-05-07 08:17:00,10.0
LOG218365,W0351,Morning,2025-05-23 03:12:00,2025-05-23 10:12:00,7.0
LOG218366,W0083,Night,2025-04-09 12:43:00,2025-04-09 21:43:00,9.0
LOG218367,W0409,Night,2025-06-26 19:01:00,2025-06-27 02:01:00,7.0
LOG218368,W0003,Morning,2025-01-22 03:40:00,2025-01-22 10:40:00,7.0
LOG218369,W0277,Night,2025-05-27 14:06:00,2025-05-27 21:06:00,7.0
LOG218370,W0465,Evening,2025-03-08 02:14:00,2025-03-08 11:14:00,9.0
LOG218371,W0230,Morning,2025-02-27 09:10:00,2025-02-27 17:10:00,8.0
LOG218375,W0147,Evening,2025-01-11 10:35:00,2025-01-11 17:35:00,7.0
LOG218376,W0106,Night,2025-04-24 10:13:00,2025-04-24 20:13:00,10.0
LOG218377,W0037,Night,2025-06-25 05:24:00,2025-06-25 13:24:00,8.0
LOG218379,W0373,Morning,2025-03-12 17:00:00,2025-03-13 03:00:00,10.0
LOG218380,W0493,Morning,2025-02-28 12:00:00,2025-02-28 18:00:00,6.0
LOG218381,W0362,Night,2025-03-19 09:35:00,2025-03-19 15:35:00,6.0
LOG218382,W0004,Morning,2025-05-15 14:52:00,2025-05-15 21:52:00,7.0
LOG218383,W0394,Evening,2025-01-16 03:39:00,2025-01-16 13:39:00,10.0
LOG218384,W0025,Evening,2025-04-05 21:03:00,2025-04-06 05:03:00,8.0
LOG218385,W0299,Morning,2025-01-22 02:37:00,2025-01-22 11:37:00,9.0
LOG218386,W0063,Evening,2025-02-19 05:38:00,2025-02-19 15:38:00,10.0
LOG218387,W0255,Evening,2025-05-31 20:09:00,2025-06-01 05:09:00,9.0
LOG218388,W0003,Evening,2025-02-14 19:09:00,2025-02-15 04:09:00,9.0
LOG218389,W0195,Night,2025-06-23 21:50:00,2025-06-24 04:50:00,7.0
LOG218390,W0274,Evening,2025-04-12 08:14:00,2025-04-12 17:14:00,9.0
LOG218392,W0185,Night,2025-03-05 01:39:00,2025-03-05 07:39:00,6.0
LOG218393,W0004,Night,2025-03-09 01:41:00,2025-03-09 07:41:00,6.0
LOG218395,W0457,Night,2025-02-01 15:21:00,2025-02-01 21:21:00,6.0
LOG218396,W0171,Night,2025-01-27 09:41:00,2025-01-27 18:41:00,9.0
LOG218397,W0373,Evening,2025-06-09 13:08:00,2025-06-09 22:08:00,9.0
LOG218398,W0499,Evening,2025-03-11 14:57:00,2025-03-11 21:57:00,7.0
LOG218399,W0211,Night,2025-05-12 15:19:00,2025-05-12 23:19:00,8.0
LOG218400,W0138,Night,2025-06-08 08:15:00,2025-06-08 15:15:00,7.0
LOG218401,W0144,Morning,2025-02-27 23:29:00,2025-02-28 05:29:00,6.0
LOG218402,W0263,Night,2025-05-16 19:03:00,2025-05-17 03:03:00,8.0
LOG218403,W0196,Night,2025-04-30 13:04:00,2025-04-30 23:04:00,10.0
LOG218404,W0302,Night,2025-01-06 20:39:00,2025-01-07 05:39:00,9.0
LOG218406,W0254,Night,2025-05-25 17:43:00,2025-05-26 00:43:00,7.0
LOG218407,W0464,Evening,2025-04-28 15:02:00,2025-04-28 23:02:00,8.0
LOG218409,W0417,Evening,2025-04-23 16:01:00,2025-04-24 02:01:00,10.0
LOG218410,W0087,Morning,2025-06-04 17:55:00,2025-06-05 01:55:00,8.0
LOG218411,W0234,Night,2025-02-09 15:07:00,2025-02-09 22:07:00,7.0
LOG218412,W0460,Morning,2025-05-12 18:28:00,2025-05-13 04:28:00,10.0
LOG218414,W0214,Night,2025-02-09 10:41:00,2025-02-09 17:41:00,7.0
LOG218415,W0130,Night,2025-04-22 23:07:00,2025-04-23 05:07:00,6.0
LOG218417,W0492,Evening,2025-03-08 21:22:00,2025-03-09 05:22:00,8.0
LOG218418,W0263,Night,2025-03-05 18:41:00,2025-03-06 02:41:00,8.0
LOG218420,W0493,Morning,2025-01-02 15:16:00,2025-01-03 01:16:00,10.0
LOG218423,W0488,Morning,2025-01-21 11:44:00,2025-01-21 18:44:00,7.0
LOG218424,W0489,Night,2025-02-22 12:51:00,2025-02-22 21:51:00,9.0
LOG218425,W0228,Evening,2025-01-22 04:42:00,2025-01-22 14:42:00,10.0
LOG218426,W0148,Night,2025-03-03 00:47:00,2025-03-03 06:47:00,6.0
LOG218427,W0045,Night,2025-05-10 11:34:00,2025-05-10 17:34:00,6.0
LOG218429,W0215,Evening,2025-01-17 14:15:00,2025-01-17 22:15:00,8.0
LOG218431,W0029,Evening,2025-06-14 20:53:00,2025-06-15 05:53:00,9.0
LOG218438,W0418,Night,2025-03-29 01:47:00,2025-03-29 08:47:00,7.0
LOG218439,W0044,Morning,2025-04-16 23:37:00,2025-04-17 09:37:00,10.0
LOG218440,W0359,Night,2025-05-07 16:52:00,2025-05-08 02:52:00,10.0
LOG218441,W0409,Morning,2025-06-16 15:52:00,2025-06-16 23:52:00,8.0
LOG218442,W0391,Evening,2025-04-13 01:32:00,2025-04-13 07:32:00,6.0
LOG218443,W0095,Morning,2025-06-10 03:27:00,2025-06-10 13:27:00,10.0
LOG218444,W0007,Evening,2025-02-10 03:12:00,2025-02-10 09:12:00,6.0
LOG218446,W0160,Evening,2025-05-07 12:37:00,2025-05-07 22:37:00,10.0
LOG218449,W0053,Night,2025-03-08 23:20:00,2025-03-09 07:20:00,8.0
LOG218450,W0298,Night,2025-01-11 04:00:00,2025-01-11 10:00:00,6.0
LOG218451,W0493,Night,2025-01-11 23:56:00,2025-01-12 08:56:00,9.0
LOG218452,W0296,Evening,2025-01-23 23:49:00,2025-01-24 09:49:00,10.0
LOG218453,W0431,Night,2025-01-03 01:54:00,2025-01-03 08:54:00,7.0
LOG218455,W0243,Night,2025-02-22 10:21:00,2025-02-22 18:21:00,8.0
LOG218458,W0213,Evening,2025-02-10 23:09:00,2025-02-11 07:09:00,8.0
LOG218459,W0199,Night,2025-04-16 22:59:00,2025-04-17 04:59:00,6.0
LOG218460,W0241,Morning,2025-05-06 01:15:00,2025-05-06 10:15:00,9.0
LOG218461,W0388,Morning,2025-05-25 07:22:00,2025-05-25 14:22:00,7.0
LOG218462,W0424,Morning,2025-01-26 23:25:00,2025-01-27 08:25:00,9.0
LOG218466,W0451,Morning,2025-02-17 18:44:00,2025-02-18 03:44:00,9.0
LOG218468,W0410,Night,2025-04-09 17:26:00,2025-04-09 23:26:00,6.0
LOG218469,W0079,Night,2025-01-09 10:06:00,2025-01-09 19:06:00,9.0
LOG218470,W0209,Night,2025-06-05 12:54:00,2025-06-05 18:54:00,6.0
LOG218471,W0150,Morning,2025-01-16 03:53:00,2025-01-16 11:53:00,8.0
LOG218473,W0497,Night,2025-05-22 15:49:00,2025-05-22 21:49:00,6.0
LOG218474,W0262,Evening,2025-02-28 16:46:00,2025-03-01 00:46:00,8.0
LOG218475,W0271,Morning,2025-01-04 20:03:00,2025-01-05 04:03:00,8.0
LOG218476,W0176,Morning,2025-02-28 07:55:00,2025-02-28 17:55:00,10.0
LOG218477,W0327,Night,2025-05-20 14:10:00,2025-05-20 23:10:00,9.0
LOG218478,W0140,Night,2025-06-27 20:58:00,2025-06-28 03:58:00,7.0
LOG218479,W0079,Night,2025-06-15 09:22:00,2025-06-15 19:22:00,10.0
LOG218480,W0049,Night,2025-01-15 06:00:00,2025-01-15 15:00:00,9.0
LOG218482,W0434,Night,2025-04-10 00:20:00,2025-04-10 10:20:00,10.0
LOG218483,W0409,Night,2025-06-29 06:04:00,2025-06-29 14:04:00,8.0
LOG218484,W0026,Evening,2025-02-03 20:51:00,2025-02-04 06:51:00,10.0
LOG218486,W0110,Night,2025-05-28 19:01:00,2025-05-29 04:01:00,9.0
LOG218488,W0347,Night,2025-01-29 07:34:00,2025-01-29 17:34:00,10.0
LOG218489,W0422,Night,2025-04-12 08:03:00,2025-04-12 15:03:00,7.0
LOG218491,W0089,Night,2025-03-12 11:27:00,2025-03-12 21:27:00,10.0
LOG218494,W0486,Morning,2025-06-02 22:45:00,2025-06-03 04:45:00,6.0
LOG218495,W0185,Morning,2025-01-30 05:07:00,2025-01-30 13:07:00,8.0
LOG218498,W0151,Night,2025-05-19 00:28:00,2025-05-19 06:28:00,6.0
LOG218499,W0107,Evening,2025-03-13 14:22:00,2025-03-14 00:22:00,10.0
LOG218500,W0134,Morning,2025-06-18 19:00:00,2025-06-19 01:00:00,6.0
LOG218501,W0137,Evening,2025-01-10 09:52:00,2025-01-10 18:52:00,9.0
LOG218502,W0063,Night,2025-01-23 08:32:00,2025-01-23 17:32:00,9.0
LOG218503,W0098,Morning,2025-04-12 07:17:00,2025-04-12 13:17:00,6.0
LOG218504,W0307,Evening,2025-05-03 19:07:00,2025-05-04 01:07:00,6.0
LOG218505,W0004,Evening,2025-06-04 20:00:00,2025-06-05 05:00:00,9.0
LOG218506,W0350,Morning,2025-04-27 20:44:00,2025-04-28 05:44:00,9.0
LOG218507,W0114,Morning,2025-06-17 20:05:00,2025-06-18 05:05:00,9.0
LOG218508,W0406,Evening,2025-05-26 01:43:00,2025-05-26 07:43:00,6.0
LOG218509,W0267,Morning,2025-05-11 13:56:00,2025-05-11 20:56:00,7.0
LOG218511,W0079,Morning,2025-05-21 21:49:00,2025-05-22 05:49:00,8.0
LOG218512,W0142,Morning,2025-05-12 03:56:00,2025-05-12 09:56:00,6.0
LOG218513,W0285,Night,2025-04-01 20:33:00,2025-04-02 05:33:00,9.0
LOG218514,W0071,Night,2025-05-04 18:40:00,2025-05-05 02:40:00,8.0
LOG218515,W0401,Morning,2025-02-24 01:09:00,2025-02-24 07:09:00,6.0
LOG218516,W0328,Night,2025-05-02 11:56:00,2025-05-02 17:56:00,6.0
LOG218517,W0490,Morning,2025-01-28 02:32:00,2025-01-28 10:32:00,8.0
LOG218518,W0339,Evening,2025-01-28 07:18:00,2025-01-28 16:18:00,9.0
LOG218519,W0077,Night,2025-01-05 04:10:00,2025-01-05 12:10:00,8.0
LOG218520,W0312,Night,2025-05-03 15:19:00,2025-05-03 21:19:00,6.0
LOG218521,W0473,Night,2025-04-05 01:22:00,2025-04-05 08:22:00,7.0
LOG218523,W0093,Night,2025-03-09 12:43:00,2025-03-09 19:43:00,7.0
LOG218524,W0233,Evening,2025-01-04 05:18:00,2025-01-04 14:18:00,9.0
LOG218525,W0482,Night,2025-05-14 20:27:00,2025-05-15 03:27:00,7.0
LOG218526,W0206,Morning,2025-02-13 13:51:00,2025-02-13 21:51:00,8.0
LOG218528,W0492,Night,2025-05-19 16:39:00,2025-05-20 01:39:00,9.0
LOG218529,W0177,Morning,2025-05-16 07:40:00,2025-05-16 17:40:00,10.0
LOG218530,W0155,Night,2025-02-25 10:59:00,2025-02-25 18:59:00,8.0
LOG218531,W0451,Night,2025-04-16 21:32:00,2025-04-17 06:32:00,9.0
LOG218532,W0414,Night,2025-02-11 19:03:00,2025-02-12 04:03:00,9.0
LOG218534,W0355,Night,2025-04-02 13:53:00,2025-04-02 23:53:00,10.0
LOG218536,W0335,Night,2025-04-06 21:58:00,2025-04-07 06:58:00,9.0
LOG218539,W0500,Morning,2025-03-06 19:01:00,2025-03-07 03:01:00,8.0
LOG218543,W0309,Night,2025-02-15 12:10:00,2025-02-15 19:10:00,7.0
LOG218544,W0435,Night,2025-06-05 14:11:00,2025-06-05 21:11:00,7.0
LOG218545,W0124,Evening,2025-03-27 05:22:00,2025-03-27 14:22:00,9.0
LOG218546,W0204,Night,2025-05-27 01:35:00,2025-05-27 11:35:00,10.0
LOG218547,W0179,Evening,2025-02-03 19:46:00,2025-02-04 04:46:00,9.0
LOG218548,W0088,Evening,2025-06-05 04:18:00,2025-06-05 14:18:00,10.0
LOG218549,W0268,Night,2025-04-07 02:47:00,2025-04-07 11:47:00,9.0
LOG218550,W0233,Morning,2025-06-24 23:38:00,2025-06-25 07:38:00,8.0
LOG218553,W0484,Morning,2025-06-02 02:56:00,2025-06-02 11:56:00,9.0
LOG218554,W0026,Night,2025-03-08 20:06:00,2025-03-09 04:06:00,8.0
LOG218555,W0332,Evening,2025-02-23 02:20:00,2025-02-23 08:20:00,6.0
LOG218557,W0438,Evening,2025-03-01 12:54:00,2025-03-01 22:54:00,10.0
LOG218558,W0242,Morning,2025-01-29 03:14:00,2025-01-29 10:14:00,7.0
LOG218559,W0298,Morning,2025-01-01 01:47:00,2025-01-01 08:47:00,7.0
LOG218560,W0284,Morning,2025-03-12 06:56:00,2025-03-12 14:56:00,8.0
LOG218562,W0142,Morning,2025-06-20 11:44:00,2025-06-20 20:44:00,9.0
LOG218563,W0453,Morning,2025-03-21 12:11:00,2025-03-21 19:11:00,7.0
LOG218564,W0414,Evening,2025-02-03 20:33:00,2025-02-04 03:33:00,7.0
LOG218565,W0227,Night,2025-05-08 04:53:00,2025-05-08 14:53:00,10.0
LOG218566,W0266,Night,2025-02-15 18:15:00,2025-02-16 01:15:00,7.0
LOG218568,W0178,Night,2025-04-05 07:34:00,2025-04-05 16:34:00,9.0
LOG218569,W0309,Night,2025-03-13 09:31:00,2025-03-13 17:31:00,8.0
LOG218570,W0363,Night,2025-04-22 02:50:00,2025-04-22 10:50:00,8.0
LOG218571,W0362,Night,2025-06-08 11:13:00,2025-06-08 18:13:00,7.0
LOG218572,W0344,Night,2025-05-18 13:23:00,2025-05-18 21:23:00,8.0
LOG218573,W0086,Morning,2025-02-01 02:29:00,2025-02-01 08:29:00,6.0
LOG218575,W0426,Morning,2025-01-27 19:03:00,2025-01-28 05:03:00,10.0
LOG218577,W0199,Evening,2025-03-23 07:20:00,2025-03-23 16:20:00,9.0
LOG218578,W0330,Morning,2025-03-25 21:22:00,2025-03-26 07:22:00,10.0
LOG218579,W0075,Night,2025-01-04 01:52:00,2025-01-04 11:52:00,10.0
LOG218580,W0185,Morning,2025-02-10 20:52:00,2025-02-11 02:52:00,6.0
LOG218584,W0004,Night,2025-01-27 23:53:00,2025-01-28 07:53:00,8.0
LOG218585,W0420,Morning,2025-04-14 08:34:00,2025-04-14 17:34:00,9.0
LOG218586,W0494,Morning,2025-05-12 16:03:00,2025-05-13 02:03:00,10.0
LOG218587,W0091,Evening,2025-03-27 09:02:00,2025-03-27 15:02:00,6.0
LOG218588,W0420,Night,2025-01-06 01:49:00,2025-01-06 08:49:00,7.0
LOG218590,W0391,Night,2025-04-07 05:21:00,2025-04-07 13:21:00,8.0
LOG218591,W0092,Evening,2025-03-04 03:10:00,2025-03-04 13:10:00,10.0
LOG218592,W0403,Night,2025-03-04 15:30:00,2025-03-04 23:30:00,8.0
LOG218595,W0148,Night,2025-06-02 11:41:00,2025-06-02 19:41:00,8.0
LOG218597,W0445,Night,2025-03-18 23:24:00,2025-03-19 09:24:00,10.0
LOG218598,W0369,Evening,2025-02-21 07:45:00,2025-02-21 17:45:00,10.0
LOG218600,W0284,Morning,2025-01-09 13:59:00,2025-01-09 23:59:00,10.0
LOG218601,W0158,Morning,2025-01-29 03:58:00,2025-01-29 09:58:00,6.0
LOG218602,W0211,Morning,2025-05-28 00:26:00,2025-05-28 07:26:00,7.0
LOG218603,W0358,Evening,2025-05-15 16:29:00,2025-05-16 01:29:00,9.0
LOG218604,W0293,Night,2025-05-22 13:59:00,2025-05-22 23:59:00,10.0
LOG218605,W0193,Night,2025-03-15 23:21:00,2025-03-16 09:21:00,10.0
LOG218606,W0372,Evening,2025-04-17 10:56:00,2025-04-17 18:56:00,8.0
LOG218607,W0052,Night,2025-04-23 07:07:00,2025-04-23 15:07:00,8.0
LOG218611,W0163,Morning,2025-04-13 10:30:00,2025-04-13 19:30:00,9.0
LOG218612,W0411,Night,2025-06-20 20:03:00,2025-06-21 02:03:00,6.0
LOG218613,W0039,Morning,2025-02-22 16:01:00,2025-02-23 00:01:00,8.0
LOG218614,W0131,Morning,2025-06-10 08:17:00,2025-06-10 18:17:00,10.0
LOG218615,W0391,Night,2025-02-04 21:42:00,2025-02-05 07:42:00,10.0
LOG218616,W0159,Night,2025-06-03 01:06:00,2025-06-03 08:06:00,7.0
LOG218617,W0370,Night,2025-04-09 08:25:00,2025-04-09 14:25:00,6.0
LOG218618,W0259,Evening,2025-04-07 09:09:00,2025-04-07 17:09:00,8.0
LOG218619,W0175,Morning,2025-06-13 06:28:00,2025-06-13 12:28:00,6.0
LOG218621,W0232,Night,2025-02-10 21:09:00,2025-02-11 03:09:00,6.0
LOG218622,W0049,Morning,2025-01-20 00:59:00,2025-01-20 08:59:00,8.0
LOG218623,W0079,Morning,2025-01-01 05:36:00,2025-01-01 13:36:00,8.0
LOG218624,W0292,Evening,2025-05-06 23:01:00,2025-05-07 07:01:00,8.0
LOG218625,W0055,Night,2025-02-09 15:36:00,2025-02-10 00:36:00,9.0
LOG218626,W0370,Evening,2025-04-13 04:55:00,2025-04-13 11:55:00,7.0
LOG218627,W0470,Night,2025-05-28 19:05:00,2025-05-29 03:05:00,8.0
LOG218628,W0238,Night,2025-04-05 20:01:00,2025-04-06 03:01:00,7.0
LOG218629,W0274,Evening,2025-06-24 23:45:00,2025-06-25 05:45:00,6.0
LOG218630,W0140,Night,2025-01-11 22:11:00,2025-01-12 04:11:00,6.0
LOG218631,W0346,Night,2025-04-11 17:31:00,2025-04-12 02:31:00,9.0
LOG218634,W0137,Night,2025-02-10 05:59:00,2025-02-10 13:59:00,8.0
LOG218636,W0304,Night,2025-01-20 20:10:00,2025-01-21 06:10:00,10.0
LOG218639,W0409,Night,2025-06-11 02:25:00,2025-06-11 12:25:00,10.0
LOG218640,W0174,Night,2025-01-25 01:03:00,2025-01-25 11:03:00,10.0
LOG218641,W0300,Morning,2025-04-04 19:02:00,2025-04-05 01:02:00,6.0
LOG218642,W0147,Night,2025-02-19 19:57:00,2025-02-20 05:57:00,10.0
LOG218643,W0281,Morning,2025-03-30 17:19:00,2025-03-31 02:19:00,9.0
LOG218644,W0328,Evening,2025-03-16 10:20:00,2025-03-16 17:20:00,7.0
LOG218645,W0200,Night,2025-01-27 06:56:00,2025-01-27 14:56:00,8.0
LOG218646,W0105,Night,2025-05-13 23:38:00,2025-05-14 06:38:00,7.0
LOG218647,W0270,Night,2025-03-15 15:27:00,2025-03-16 00:27:00,9.0
LOG218648,W0234,Night,2025-05-03 19:31:00,2025-05-04 03:31:00,8.0
LOG218649,W0147,Night,2025-06-06 06:43:00,2025-06-06 12:43:00,6.0
LOG218651,W0152,Night,2025-01-21 21:49:00,2025-01-22 04:49:00,7.0
LOG218652,W0089,Morning,2025-05-11 10:56:00,2025-05-11 17:56:00,7.0
LOG218653,W0423,Evening,2025-04-30 09:18:00,2025-04-30 16:18:00,7.0
LOG218654,W0215,Morning,2025-06-06 20:15:00,2025-06-07 06:15:00,10.0
LOG218656,W0067,Night,2025-06-06 05:02:00,2025-06-06 12:02:00,7.0
LOG218657,W0138,Evening,2025-03-30 19:44:00,2025-03-31 03:44:00,8.0
LOG218658,W0350,Evening,2025-06-05 15:25:00,2025-06-05 21:25:00,6.0
LOG218659,W0428,Morning,2025-04-08 00:04:00,2025-04-08 06:04:00,6.0
LOG218660,W0274,Morning,2025-05-11 12:33:00,2025-05-11 22:33:00,10.0
LOG218661,W0046,Evening,2025-04-14 13:31:00,2025-04-14 21:31:00,8.0
LOG218662,W0477,Morning,2025-03-21 19:36:00,2025-03-22 05:36:00,10.0
LOG218663,W0017,Evening,2025-03-13 10:56:00,2025-03-13 20:56:00,10.0
LOG218665,W0351,Evening,2025-02-14 14:42:00,2025-02-14 23:42:00,9.0
LOG218666,W0455,Morning,2025-02-05 10:21:00,2025-02-05 19:21:00,9.0
LOG218667,W0231,Night,2025-06-21 04:43:00,2025-06-21 10:43:00,6.0
LOG218668,W0128,Evening,2025-02-26 17:41:00,2025-02-27 01:41:00,8.0
LOG218669,W0113,Morning,2025-04-19 19:05:00,2025-04-20 02:05:00,7.0
LOG218670,W0280,Morning,2025-05-18 03:04:00,2025-05-18 13:04:00,10.0
LOG218672,W0078,Morning,2025-03-02 02:17:00,2025-03-02 10:17:00,8.0
LOG218673,W0094,Night,2025-03-14 14:18:00,2025-03-14 22:18:00,8.0
LOG218675,W0109,Morning,2025-06-17 01:10:00,2025-06-17 09:10:00,8.0
LOG218677,W0353,Morning,2025-01-15 00:45:00,2025-01-15 09:45:00,9.0
LOG218678,W0428,Morning,2025-04-22 21:40:00,2025-04-23 05:40:00,8.0
LOG218679,W0269,Night,2025-04-01 03:44:00,2025-04-01 10:44:00,7.0
LOG218680,W0193,Evening,2025-04-13 14:57:00,2025-04-14 00:57:00,10.0
LOG218682,W0299,Night,2025-05-30 07:41:00,2025-05-30 16:41:00,9.0
LOG218683,W0391,Morning,2025-04-23 07:46:00,2025-04-23 17:46:00,10.0
LOG218684,W0409,Night,2025-02-09 09:24:00,2025-02-09 19:24:00,10.0
LOG218685,W0243,Evening,2025-04-03 09:03:00,2025-04-03 16:03:00,7.0
LOG218686,W0075,Night,2025-04-09 19:40:00,2025-04-10 01:40:00,6.0
LOG218687,W0238,Night,2025-05-14 07:56:00,2025-05-14 13:56:00,6.0
LOG218689,W0048,Morning,2025-04-09 02:02:00,2025-04-09 08:02:00,6.0
LOG218690,W0239,Morning,2025-02-04 11:38:00,2025-02-04 21:38:00,10.0
LOG218691,W0136,Night,2025-03-22 15:45:00,2025-03-22 23:45:00,8.0
LOG218692,W0336,Morning,2025-06-09 09:07:00,2025-06-09 19:07:00,10.0
LOG218694,W0368,Night,2025-01-18 06:07:00,2025-01-18 15:07:00,9.0
LOG218695,W0192,Night,2025-03-18 16:10:00,2025-03-18 23:10:00,7.0
LOG218696,W0021,Evening,2025-06-02 00:04:00,2025-06-02 10:04:00,10.0
LOG218697,W0254,Night,2025-04-05 17:07:00,2025-04-06 03:07:00,10.0
LOG218698,W0295,Night,2025-02-03 08:08:00,2025-02-03 14:08:00,6.0
LOG218699,W0495,Night,2025-06-02 16:48:00,2025-06-02 22:48:00,6.0
LOG218700,W0348,Evening,2025-06-03 15:53:00,2025-06-03 21:53:00,6.0
LOG218701,W0082,Night,2025-05-09 03:02:00,2025-05-09 13:02:00,10.0
LOG218703,W0203,Night,2025-02-28 14:11:00,2025-02-28 22:11:00,8.0
LOG218705,W0350,Night,2025-03-05 02:04:00,2025-03-05 09:04:00,7.0
LOG218706,W0281,Night,2025-01-13 05:40:00,2025-01-13 14:40:00,9.0
LOG218707,W0179,Night,2025-06-24 18:30:00,2025-06-25 04:30:00,10.0
LOG218708,W0468,Night,2025-01-27 02:05:00,2025-01-27 09:05:00,7.0
LOG218709,W0349,Evening,2025-04-14 00:00:00,2025-04-14 10:00:00,10.0
LOG218710,W0352,Morning,2025-06-21 23:56:00,2025-06-22 09:56:00,10.0
LOG218711,W0352,Night,2025-02-19 08:37:00,2025-02-19 14:37:00,6.0
LOG218712,W0398,Night,2025-02-01 04:32:00,2025-02-01 13:32:00,9.0
LOG218714,W0033,Night,2025-02-21 10:52:00,2025-02-21 20:52:00,10.0
LOG218715,W0028,Night,2025-04-30 04:45:00,2025-04-30 13:45:00,9.0
LOG218716,W0431,Night,2025-01-14 22:43:00,2025-01-15 05:43:00,7.0
LOG218718,W0188,Night,2025-03-01 17:10:00,2025-03-02 02:10:00,9.0
LOG218721,W0240,Night,2025-01-03 10:18:00,2025-01-03 19:18:00,9.0
LOG218722,W0404,Night,2025-06-22 22:59:00,2025-06-23 06:59:00,8.0
LOG218723,W0058,Evening,2025-01-08 07:19:00,2025-01-08 13:19:00,6.0
LOG218724,W0019,Evening,2025-02-21 04:34:00,2025-02-21 11:34:00,7.0
LOG218727,W0343,Morning,2025-02-10 16:14:00,2025-02-10 23:14:00,7.0
LOG218729,W0057,Evening,2025-06-29 00:00:00,2025-06-29 06:00:00,6.0
LOG218730,W0448,Morning,2025-05-19 06:05:00,2025-05-19 13:05:00,7.0
LOG218731,W0355,Morning,2025-04-08 04:33:00,2025-04-08 11:33:00,7.0
LOG218732,W0410,Evening,2025-05-29 05:49:00,2025-05-29 14:49:00,9.0
LOG218733,W0171,Night,2025-06-11 10:41:00,2025-06-11 17:41:00,7.0
LOG218734,W0256,Morning,2025-05-08 15:36:00,2025-05-08 22:36:00,7.0
LOG218736,W0274,Evening,2025-06-13 15:23:00,2025-06-14 01:23:00,10.0
LOG218737,W0072,Morning,2025-06-03 23:30:00,2025-06-04 09:30:00,10.0
LOG218739,W0361,Night,2025-05-10 19:34:00,2025-05-11 05:34:00,10.0
LOG218740,W0061,Night,2025-04-24 14:09:00,2025-04-24 23:09:00,9.0
LOG218741,W0083,Morning,2025-02-10 03:54:00,2025-02-10 10:54:00,7.0
LOG218742,W0328,Night,2025-06-22 17:02:00,2025-06-23 01:02:00,8.0
LOG218744,W0380,Night,2025-04-01 20:33:00,2025-04-02 06:33:00,10.0
LOG218745,W0066,Evening,2025-06-09 08:19:00,2025-06-09 15:19:00,7.0
LOG218746,W0444,Morning,2025-02-16 20:39:00,2025-02-17 06:39:00,10.0
LOG218750,W0402,Night,2025-01-23 19:26:00,2025-01-24 03:26:00,8.0
LOG218752,W0037,Night,2025-04-01 14:57:00,2025-04-02 00:57:00,10.0
LOG218753,W0448,Night,2025-01-16 03:34:00,2025-01-16 12:34:00,9.0
LOG218754,W0164,Evening,2025-05-16 01:26:00,2025-05-16 09:26:00,8.0
LOG218755,W0080,Evening,2025-02-26 02:28:00,2025-02-26 10:28:00,8.0
LOG218756,W0063,Morning,2025-03-13 20:52:00,2025-03-14 06:52:00,10.0
LOG218757,W0463,Night,2025-01-23 05:37:00,2025-01-23 15:37:00,10.0
LOG218759,W0378,Night,2025-06-02 20:16:00,2025-06-03 06:16:00,10.0
LOG218760,W0447,Evening,2025-06-19 18:05:00,2025-06-20 02:05:00,8.0
LOG218761,W0323,Night,2025-06-04 03:39:00,2025-06-04 12:39:00,9.0
LOG218763,W0225,Morning,2025-02-28 07:21:00,2025-02-28 13:21:00,6.0
LOG218764,W0079,Night,2025-01-13 01:54:00,2025-01-13 11:54:00,10.0
LOG218766,W0482,Night,2025-05-22 11:57:00,2025-05-22 20:57:00,9.0
LOG218768,W0142,Night,2025-03-07 19:48:00,2025-03-08 04:48:00,9.0
LOG218770,W0402,Morning,2025-02-26 06:36:00,2025-02-26 13:36:00,7.0
LOG218771,W0170,Evening,2025-06-26 20:04:00,2025-06-27 02:04:00,6.0
LOG218772,W0275,Night,2025-02-26 01:39:00,2025-02-26 10:39:00,9.0
LOG218773,W0169,Evening,2025-01-15 10:49:00,2025-01-15 19:49:00,9.0
LOG218774,W0274,Night,2025-04-21 04:35:00,2025-04-21 13:35:00,9.0
LOG218775,W0383,Morning,2025-03-19 00:37:00,2025-03-19 07:37:00,7.0
LOG218776,W0406,Night,2025-05-06 07:00:00,2025-05-06 15:00:00,8.0
LOG218777,W0227,Night,2025-02-02 01:22:00,2025-02-02 08:22:00,7.0
LOG218779,W0021,Night,2025-05-27 18:51:00,2025-05-28 04:51:00,10.0
LOG218780,W0106,Night,2025-05-23 23:33:00,2025-05-24 09:33:00,10.0
LOG218781,W0453,Night,2025-02-02 07:45:00,2025-02-02 16:45:00,9.0
LOG218782,W0373,Morning,2025-06-29 20:43:00,2025-06-30 04:43:00,8.0
LOG218783,W0160,Night,2025-01-31 14:35:00,2025-01-31 21:35:00,7.0
LOG218787,W0125,Morning,2025-04-10 04:33:00,2025-04-10 10:33:00,6.0
LOG218788,W0275,Night,2025-04-01 21:07:00,2025-04-02 06:07:00,9.0
LOG218791,W0092,Night,2025-04-01 02:31:00,2025-04-01 11:31:00,9.0
LOG218792,W0032,Morning,2025-01-28 22:42:00,2025-01-29 04:42:00,6.0
LOG218794,W0119,Night,2025-06-08 07:04:00,2025-06-08 16:04:00,9.0
LOG218797,W0428,Night,2025-02-20 05:26:00,2025-02-20 14:26:00,9.0
LOG218798,W0193,Evening,2025-04-26 09:29:00,2025-04-26 18:29:00,9.0
LOG218799,W0161,Evening,2025-06-11 23:26:00,2025-06-12 06:26:00,7.0
LOG218800,W0085,Morning,2025-01-08 08:46:00,2025-01-08 17:46:00,9.0
LOG218801,W0312,Night,2025-01-02 15:03:00,2025-01-02 21:03:00,6.0
LOG218802,W0474,Evening,2025-03-20 16:53:00,2025-03-20 22:53:00,6.0
LOG218803,W0382,Night,2025-03-26 12:44:00,2025-03-26 22:44:00,10.0
LOG218806,W0318,Night,2025-01-22 11:19:00,2025-01-22 17:19:00,6.0
LOG218807,W0154,Night,2025-05-21 13:19:00,2025-05-21 23:19:00,10.0
LOG218809,W0287,Night,2025-02-26 08:58:00,2025-02-26 18:58:00,10.0
LOG218810,W0332,Evening,2025-05-24 07:30:00,2025-05-24 13:30:00,6.0
LOG218811,W0004,Night,2025-05-09 08:56:00,2025-05-09 15:56:00,7.0
LOG218812,W0364,Night,2025-03-11 04:29:00,2025-03-11 12:29:00,8.0
LOG218814,W0448,Night,2025-01-14 20:40:00,2025-01-15 02:40:00,6.0
LOG218816,W0256,Night,2025-05-05 18:05:00,2025-05-06 01:05:00,7.0
LOG218817,W0194,Night,2025-02-01 02:20:00,2025-02-01 12:20:00,10.0
LOG218819,W0109,Night,2025-02-20 04:20:00,2025-02-20 10:20:00,6.0
LOG218823,W0415,Night,2025-02-04 21:29:00,2025-02-05 03:29:00,6.0
LOG218824,W0009,Morning,2025-03-18 10:08:00,2025-03-18 16:08:00,6.0
LOG218825,W0234,Night,2025-06-20 11:31:00,2025-06-20 19:31:00,8.0
LOG218826,W0395,Night,2025-02-11 05:57:00,2025-02-11 11:57:00,6.0
LOG218827,W0210,Morning,2025-02-14 12:50:00,2025-02-14 21:50:00,9.0
LOG218829,W0482,Evening,2025-05-23 19:38:00,2025-05-24 04:38:00,9.0
LOG218830,W0443,Morning,2025-04-05 02:16:00,2025-04-05 10:16:00,8.0
LOG218831,W0020,Morning,2025-03-02 15:33:00,2025-03-03 00:33:00,9.0
LOG218832,W0433,Night,2025-04-05 02:59:00,2025-04-05 10:59:00,8.0
LOG218833,W0002,Night,2025-01-09 10:59:00,2025-01-09 18:59:00,8.0
LOG218834,W0247,Evening,2025-06-15 18:57:00,2025-06-16 01:57:00,7.0
LOG218835,W0015,Night,2025-01-05 16:32:00,2025-01-06 02:32:00,10.0
LOG218836,W0343,Evening,2025-01-14 11:00:00,2025-01-14 20:00:00,9.0
LOG218837,W0314,Night,2025-02-11 09:54:00,2025-02-11 18:54:00,9.0
LOG218838,W0194,Night,2025-01-12 08:06:00,2025-01-12 17:06:00,9.0
LOG218839,W0136,Evening,2025-06-20 14:55:00,2025-06-20 22:55:00,8.0
LOG218840,W0183,Morning,2025-02-26 04:24:00,2025-02-26 14:24:00,10.0
LOG218841,W0309,Night,2025-03-14 09:19:00,2025-03-14 18:19:00,9.0
LOG218842,W0070,Night,2025-04-28 18:00:00,2025-04-29 03:00:00,9.0
LOG218843,W0004,Evening,2025-06-29 17:30:00,2025-06-29 23:30:00,6.0
LOG218844,W0409,Evening,2025-04-10 11:58:00,2025-04-10 20:58:00,9.0
LOG218845,W0077,Night,2025-05-31 14:46:00,2025-05-31 21:46:00,7.0
LOG218848,W0381,Evening,2025-02-23 00:30:00,2025-02-23 10:30:00,10.0
LOG218850,W0031,Evening,2025-04-11 18:42:00,2025-04-12 02:42:00,8.0
LOG218853,W0106,Night,2025-03-28 13:41:00,2025-03-28 19:41:00,6.0
LOG218854,W0052,Night,2025-06-22 05:08:00,2025-06-22 13:08:00,8.0
LOG218856,W0488,Night,2025-01-22 13:17:00,2025-01-22 23:17:00,10.0
LOG218858,W0436,Night,2025-06-20 14:32:00,2025-06-20 22:32:00,8.0
LOG218859,W0278,Morning,2025-06-04 14:25:00,2025-06-04 20:25:00,6.0
LOG218860,W0175,Night,2025-06-07 19:45:00,2025-06-08 02:45:00,7.0
LOG218861,W0074,Evening,2025-04-28 18:34:00,2025-04-29 02:34:00,8.0
LOG218862,W0369,Morning,2025-01-20 06:23:00,2025-01-20 12:23:00,6.0
LOG218863,W0336,Morning,2025-06-02 01:58:00,2025-06-02 11:58:00,10.0
LOG218865,W0387,Evening,2025-04-11 06:52:00,2025-04-11 14:52:00,8.0
LOG218866,W0101,Night,2025-02-27 11:51:00,2025-02-27 18:51:00,7.0
LOG218868,W0500,Night,2025-06-24 10:48:00,2025-06-24 16:48:00,6.0
LOG218869,W0478,Morning,2025-05-17 00:33:00,2025-05-17 08:33:00,8.0
LOG218870,W0342,Night,2025-05-10 17:53:00,2025-05-10 23:53:00,6.0
LOG218871,W0215,Night,2025-03-06 23:52:00,2025-03-07 07:52:00,8.0
LOG218873,W0473,Evening,2025-02-20 21:06:00,2025-02-21 04:06:00,7.0
LOG218874,W0241,Night,2025-03-07 09:33:00,2025-03-07 18:33:00,9.0
LOG218875,W0043,Morning,2025-05-23 15:19:00,2025-05-23 23:19:00,8.0
LOG218876,W0232,Night,2025-05-31 18:25:00,2025-06-01 02:25:00,8.0
LOG218877,W0499,Morning,2025-02-24 00:05:00,2025-02-24 06:05:00,6.0
LOG218878,W0087,Night,2025-05-15 22:27:00,2025-05-16 04:27:00,6.0
LOG218880,W0248,Night,2025-04-10 19:06:00,2025-04-11 04:06:00,9.0
LOG218881,W0316,Night,2025-04-13 20:57:00,2025-04-14 02:57:00,6.0
LOG218882,W0048,Evening,2025-02-15 00:40:00,2025-02-15 08:40:00,8.0
LOG218883,W0214,Morning,2025-02-09 19:01:00,2025-02-10 02:01:00,7.0
LOG218884,W0003,Night,2025-04-05 19:51:00,2025-04-06 04:51:00,9.0
LOG218888,W0279,Morning,2025-02-10 19:33:00,2025-02-11 02:33:00,7.0
LOG218890,W0373,Night,2025-05-19 12:42:00,2025-05-19 20:42:00,8.0
LOG218892,W0188,Morning,2025-04-27 11:00:00,2025-04-27 17:00:00,6.0
LOG218894,W0096,Evening,2025-03-30 12:55:00,2025-03-30 22:55:00,10.0
LOG218895,W0299,Night,2025-06-05 05:29:00,2025-06-05 11:29:00,6.0
LOG218897,W0464,Morning,2025-06-26 13:54:00,2025-06-26 19:54:00,6.0
LOG218899,W0436,Night,2025-06-10 22:54:00,2025-06-11 08:54:00,10.0
LOG218900,W0036,Night,2025-03-19 02:11:00,2025-03-19 09:11:00,7.0
LOG218901,W0054,Night,2025-01-20 23:11:00,2025-01-21 06:11:00,7.0
LOG218902,W0323,Morning,2025-04-23 04:42:00,2025-04-23 10:42:00,6.0
LOG218905,W0276,Evening,2025-01-10 08:53:00,2025-01-10 16:53:00,8.0
LOG218906,W0384,Evening,2025-01-09 04:54:00,2025-01-09 12:54:00,8.0
LOG218908,W0407,Night,2025-02-09 08:38:00,2025-02-09 15:38:00,7.0
LOG218909,W0002,Night,2025-05-08 01:18:00,2025-05-08 11:18:00,10.0
LOG218911,W0363,Night,2025-01-27 21:45:00,2025-01-28 06:45:00,9.0
LOG218912,W0327,Morning,2025-04-16 07:27:00,2025-04-16 15:27:00,8.0
LOG218913,W0108,Evening,2025-01-21 13:05:00,2025-01-21 20:05:00,7.0
LOG218914,W0098,Night,2025-06-22 23:38:00,2025-06-23 09:38:00,10.0
LOG218915,W0047,Night,2025-06-08 10:18:00,2025-06-08 20:18:00,10.0
LOG218916,W0103,Morning,2025-06-11 11:18:00,2025-06-11 17:18:00,6.0
LOG218917,W0029,Evening,2025-02-20 10:27:00,2025-02-20 16:27:00,6.0
LOG218918,W0447,Evening,2025-02-12 19:07:00,2025-02-13 02:07:00,7.0
LOG218919,W0127,Night,2025-04-14 20:43:00,2025-04-15 06:43:00,10.0
LOG218921,W0117,Night,2025-04-20 00:06:00,2025-04-20 07:06:00,7.0
LOG218922,W0500,Night,2025-04-06 02:21:00,2025-04-06 12:21:00,10.0
LOG218923,W0081,Morning,2025-01-23 02:00:00,2025-01-23 12:00:00,10.0
LOG218924,W0176,Night,2025-01-04 16:17:00,2025-01-05 01:17:00,9.0
LOG218925,W0497,Evening,2025-06-23 20:10:00,2025-06-24 03:10:00,7.0
LOG218926,W0316,Evening,2025-02-26 05:39:00,2025-02-26 13:39:00,8.0
LOG218927,W0096,Evening,2025-03-18 14:45:00,2025-03-18 22:45:00,8.0
LOG218928,W0489,Evening,2025-02-10 07:33:00,2025-02-10 13:33:00,6.0
LOG218929,W0391,Night,2025-05-14 02:53:00,2025-05-14 09:53:00,7.0
LOG218931,W0408,Night,2025-04-23 12:51:00,2025-04-23 21:51:00,9.0
LOG218932,W0475,Night,2025-06-07 01:55:00,2025-06-07 09:55:00,8.0
LOG218933,W0371,Morning,2025-05-16 14:13:00,2025-05-16 21:13:00,7.0
LOG218934,W0487,Evening,2025-04-25 06:41:00,2025-04-25 13:41:00,7.0
LOG218935,W0061,Night,2025-03-27 01:09:00,2025-03-27 11:09:00,10.0
LOG218936,W0337,Night,2025-01-12 07:38:00,2025-01-12 16:38:00,9.0
LOG218937,W0052,Evening,2025-02-27 11:13:00,2025-02-27 20:13:00,9.0
LOG218938,W0001,Night,2025-06-07 03:59:00,2025-06-07 09:59:00,6.0
LOG218940,W0266,Morning,2025-01-01 10:53:00,2025-01-01 17:53:00,7.0
LOG218944,W0436,Night,2025-04-29 04:49:00,2025-04-29 12:49:00,8.0
LOG218946,W0015,Night,2025-04-14 12:29:00,2025-04-14 19:29:00,7.0
LOG218947,W0234,Evening,2025-03-17 08:23:00,2025-03-17 15:23:00,7.0
LOG218948,W0279,Evening,2025-03-05 01:22:00,2025-03-05 08:22:00,7.0
LOG218949,W0258,Evening,2025-02-24 09:51:00,2025-02-24 17:51:00,8.0
LOG218950,W0437,Night,2025-05-20 23:23:00,2025-05-21 06:23:00,7.0
LOG218951,W0137,Morning,2025-02-22 13:57:00,2025-02-22 19:57:00,6.0
LOG218952,W0118,Morning,2025-04-19 01:20:00,2025-04-19 10:20:00,9.0
LOG218954,W0481,Evening,2025-04-19 00:54:00,2025-04-19 06:54:00,6.0
LOG218955,W0057,Evening,2025-01-26 05:26:00,2025-01-26 13:26:00,8.0
LOG218958,W0305,Night,2025-03-21 10:57:00,2025-03-21 18:57:00,8.0
LOG218959,W0452,Morning,2025-06-04 05:33:00,2025-06-04 14:33:00,9.0
LOG218961,W0223,Night,2025-02-20 05:56:00,2025-02-20 13:56:00,8.0
LOG218962,W0164,Night,2025-05-05 22:18:00,2025-05-06 08:18:00,10.0
LOG218963,W0134,Night,2025-06-09 08:28:00,2025-06-09 16:28:00,8.0
LOG218964,W0219,Night,2025-06-06 19:28:00,2025-06-07 02:28:00,7.0
LOG218968,W0239,Night,2025-01-13 06:16:00,2025-01-13 15:16:00,9.0
LOG218969,W0281,Night,2025-04-21 09:50:00,2025-04-21 17:50:00,8.0
LOG218970,W0438,Night,2025-01-29 00:47:00,2025-01-29 06:47:00,6.0
LOG218972,W0434,Night,2025-05-26 07:20:00,2025-05-26 17:20:00,10.0
LOG218974,W0300,Evening,2025-05-06 12:48:00,2025-05-06 20:48:00,8.0
LOG218975,W0344,Evening,2025-01-31 06:15:00,2025-01-31 15:15:00,9.0
LOG218976,W0440,Night,2025-04-16 19:32:00,2025-04-17 05:32:00,10.0
LOG218979,W0128,Morning,2025-03-04 01:42:00,2025-03-04 11:42:00,10.0
LOG218980,W0420,Night,2025-01-07 17:33:00,2025-01-08 03:33:00,10.0
LOG218983,W0275,Evening,2025-03-17 22:58:00,2025-03-18 04:58:00,6.0
LOG218984,W0052,Night,2025-02-04 10:53:00,2025-02-04 18:53:00,8.0
LOG218986,W0051,Night,2025-06-02 23:41:00,2025-06-03 07:41:00,8.0
LOG218989,W0379,Evening,2025-02-17 15:57:00,2025-02-18 01:57:00,10.0
LOG218990,W0236,Morning,2025-05-28 05:30:00,2025-05-28 13:30:00,8.0
LOG218991,W0452,Morning,2025-05-12 10:35:00,2025-05-12 20:35:00,10.0
LOG218992,W0059,Night,2025-03-09 07:12:00,2025-03-09 16:12:00,9.0
LOG218993,W0395,Morning,2025-01-24 14:42:00,2025-01-24 20:42:00,6.0
LOG218994,W0105,Night,2025-01-27 15:08:00,2025-01-27 21:08:00,6.0
LOG218996,W0049,Night,2025-02-04 06:06:00,2025-02-04 14:06:00,8.0
LOG218998,W0029,Morning,2025-06-26 17:09:00,2025-06-27 00:09:00,7.0
LOG218999,W0271,Night,2025-06-07 19:10:00,2025-06-08 03:10:00,8.0
LOG219000,W0027,Morning,2025-04-23 19:43:00,2025-04-24 05:43:00,10.0
LOG219002,W0060,Night,2025-05-01 10:01:00,2025-05-01 20:01:00,10.0
LOG219003,W0315,Evening,2025-04-02 13:06:00,2025-04-02 19:06:00,6.0
LOG219004,W0386,Night,2025-04-06 12:33:00,2025-04-06 19:33:00,7.0
LOG219005,W0364,Evening,2025-01-18 17:59:00,2025-01-19 03:59:00,10.0
LOG219006,W0218,Evening,2025-06-01 19:38:00,2025-06-02 01:38:00,6.0
LOG219007,W0391,Night,2025-04-28 12:49:00,2025-04-28 19:49:00,7.0
LOG219010,W0201,Evening,2025-01-05 11:02:00,2025-01-05 21:02:00,10.0
LOG219011,W0422,Morning,2025-02-27 17:57:00,2025-02-27 23:57:00,6.0
LOG219012,W0197,Night,2025-06-03 12:34:00,2025-06-03 19:34:00,7.0
LOG219013,W0169,Evening,2025-05-29 02:46:00,2025-05-29 08:46:00,6.0
LOG219014,W0275,Night,2025-04-05 07:36:00,2025-04-05 15:36:00,8.0
LOG219015,W0371,Night,2025-01-24 19:59:00,2025-01-25 05:59:00,10.0
LOG219016,W0083,Morning,2025-01-01 15:09:00,2025-01-02 01:09:00,10.0
LOG219017,W0432,Morning,2025-01-20 07:22:00,2025-01-20 16:22:00,9.0
LOG219020,W0357,Evening,2025-04-06 00:36:00,2025-04-06 07:36:00,7.0
LOG219022,W0308,Morning,2025-01-03 20:51:00,2025-01-04 05:51:00,9.0
LOG219023,W0416,Evening,2025-05-02 08:46:00,2025-05-02 18:46:00,10.0
LOG219024,W0402,Night,2025-04-23 05:59:00,2025-04-23 12:59:00,7.0
LOG219025,W0288,Morning,2025-04-13 11:15:00,2025-04-13 18:15:00,7.0
LOG219028,W0042,Morning,2025-01-08 16:11:00,2025-01-09 02:11:00,10.0
LOG219029,W0017,Night,2025-01-19 05:58:00,2025-01-19 12:58:00,7.0
LOG219030,W0428,Night,2025-04-30 15:15:00,2025-05-01 01:15:00,10.0
LOG219031,W0490,Evening,2025-01-26 12:30:00,2025-01-26 20:30:00,8.0
LOG219032,W0169,Morning,2025-03-05 22:05:00,2025-03-06 08:05:00,10.0
LOG219033,W0268,Morning,2025-04-13 06:27:00,2025-04-13 15:27:00,9.0
LOG219034,W0030,Night,2025-05-16 12:43:00,2025-05-16 18:43:00,6.0
LOG219035,W0195,Evening,2025-03-30 14:51:00,2025-03-31 00:51:00,10.0
LOG219037,W0163,Morning,2025-03-19 12:04:00,2025-03-19 22:04:00,10.0
LOG219038,W0249,Night,2025-04-13 03:17:00,2025-04-13 10:17:00,7.0
LOG219039,W0356,Evening,2025-02-12 01:37:00,2025-02-12 09:37:00,8.0
LOG219040,W0117,Morning,2025-01-14 03:37:00,2025-01-14 11:37:00,8.0
LOG219041,W0070,Night,2025-02-25 20:54:00,2025-02-26 02:54:00,6.0
LOG219042,W0186,Morning,2025-01-18 02:33:00,2025-01-18 08:33:00,6.0
LOG219043,W0367,Night,2025-06-28 00:46:00,2025-06-28 09:46:00,9.0
LOG219044,W0408,Evening,2025-02-08 20:59:00,2025-02-09 03:59:00,7.0
LOG219045,W0159,Night,2025-01-07 21:54:00,2025-01-08 06:54:00,9.0
LOG219046,W0003,Night,2025-05-11 14:50:00,2025-05-11 20:50:00,6.0
LOG219048,W0262,Evening,2025-02-01 18:15:00,2025-02-02 00:15:00,6.0
LOG219049,W0283,Evening,2025-04-08 16:08:00,2025-04-09 02:08:00,10.0
LOG219050,W0103,Evening,2025-06-10 22:30:00,2025-06-11 06:30:00,8.0
LOG219051,W0419,Night,2025-06-09 08:16:00,2025-06-09 17:16:00,9.0
LOG219052,W0246,Night,2025-05-14 00:09:00,2025-05-14 09:09:00,9.0
LOG219053,W0274,Evening,2025-01-28 11:40:00,2025-01-28 18:40:00,7.0
LOG219055,W0066,Night,2025-04-25 17:32:00,2025-04-26 00:32:00,7.0
LOG219056,W0382,Night,2025-04-16 00:33:00,2025-04-16 10:33:00,10.0
LOG219059,W0212,Night,2025-01-16 19:59:00,2025-01-17 03:59:00,8.0
LOG219061,W0475,Night,2025-03-20 20:35:00,2025-03-21 03:35:00,7.0
LOG219062,W0154,Evening,2025-02-16 18:45:00,2025-02-17 03:45:00,9.0
LOG219063,W0240,Night,2025-03-18 20:33:00,2025-03-19 02:33:00,6.0
LOG219064,W0057,Evening,2025-04-23 09:00:00,2025-04-23 15:00:00,6.0
LOG219065,W0204,Night,2025-04-08 17:28:00,2025-04-09 01:28:00,8.0
LOG219068,W0277,Morning,2025-06-28 12:44:00,2025-06-28 21:44:00,9.0
LOG219071,W0078,Evening,2025-05-26 04:13:00,2025-05-26 11:13:00,7.0
LOG219072,W0405,Night,2025-05-26 09:23:00,2025-05-26 15:23:00,6.0
LOG219074,W0185,Night,2025-01-26 17:19:00,2025-01-27 02:19:00,9.0
LOG219075,W0321,Morning,2025-04-23 18:16:00,2025-04-24 00:16:00,6.0
LOG219076,W0359,Evening,2025-04-29 19:00:00,2025-04-30 02:00:00,7.0
LOG219077,W0073,Evening,2025-02-16 15:00:00,2025-02-17 01:00:00,10.0
LOG219078,W0416,Evening,2025-02-25 10:45:00,2025-02-25 18:45:00,8.0
LOG219079,W0044,Morning,2025-04-30 16:58:00,2025-05-01 00:58:00,8.0
LOG219080,W0464,Morning,2025-01-25 19:52:00,2025-01-26 03:52:00,8.0
LOG219081,W0123,Night,2025-04-02 12:17:00,2025-04-02 18:17:00,6.0
LOG219082,W0391,Night,2025-01-24 00:57:00,2025-01-24 06:57:00,6.0
LOG219083,W0215,Night,2025-02-06 07:28:00,2025-02-06 13:28:00,6.0
LOG219085,W0485,Evening,2025-02-15 06:05:00,2025-02-15 15:05:00,9.0
LOG219086,W0473,Evening,2025-03-16 03:55:00,2025-03-16 09:55:00,6.0
LOG219087,W0190,Night,2025-06-10 21:21:00,2025-06-11 03:21:00,6.0
LOG219090,W0048,Night,2025-05-08 14:39:00,2025-05-08 23:39:00,9.0
LOG219091,W0060,Morning,2025-03-30 14:43:00,2025-03-30 21:43:00,7.0
LOG219092,W0448,Evening,2025-03-08 02:20:00,2025-03-08 11:20:00,9.0
LOG219093,W0332,Morning,2025-04-29 13:33:00,2025-04-29 19:33:00,6.0
LOG219094,W0379,Night,2025-04-25 11:25:00,2025-04-25 17:25:00,6.0
LOG219098,W0090,Morning,2025-02-18 20:08:00,2025-02-19 02:08:00,6.0
LOG219099,W0263,Evening,2025-06-22 20:22:00,2025-06-23 02:22:00,6.0
LOG219100,W0401,Night,2025-05-23 00:43:00,2025-05-23 06:43:00,6.0
LOG219102,W0052,Evening,2025-06-10 01:05:00,2025-06-10 11:05:00,10.0
LOG219103,W0277,Morning,2025-04-25 08:42:00,2025-04-25 14:42:00,6.0
LOG219105,W0088,Morning,2025-03-23 07:22:00,2025-03-23 13:22:00,6.0
LOG219106,W0272,Night,2025-01-30 19:41:00,2025-01-31 03:41:00,8.0
LOG219107,W0303,Morning,2025-06-23 00:09:00,2025-06-23 10:09:00,10.0
LOG219110,W0365,Evening,2025-06-05 20:09:00,2025-06-06 03:09:00,7.0
LOG219112,W0121,Evening,2025-05-08 03:02:00,2025-05-08 09:02:00,6.0
LOG219113,W0228,Evening,2025-06-01 18:07:00,2025-06-02 00:07:00,6.0
LOG219114,W0428,Night,2025-05-01 22:43:00,2025-05-02 05:43:00,7.0
LOG219115,W0144,Morning,2025-02-04 14:56:00,2025-02-04 21:56:00,7.0
LOG219116,W0141,Evening,2025-03-04 23:41:00,2025-03-05 08:41:00,9.0
LOG219117,W0051,Evening,2025-04-26 20:48:00,2025-04-27 05:48:00,9.0
LOG219118,W0118,Morning,2025-03-15 09:40:00,2025-03-15 15:40:00,6.0
LOG219119,W0276,Morning,2025-04-18 20:08:00,2025-04-19 06:08:00,10.0
LOG219121,W0142,Night,2025-04-29 03:41:00,2025-04-29 13:41:00,10.0
LOG219125,W0243,Night,2025-01-29 07:26:00,2025-01-29 16:26:00,9.0
LOG219126,W0494,Morning,2025-06-20 08:42:00,2025-06-20 15:42:00,7.0
LOG219127,W0005,Night,2025-06-25 00:33:00,2025-06-25 09:33:00,9.0
LOG219128,W0017,Morning,2025-05-12 12:21:00,2025-05-12 20:21:00,8.0
LOG219130,W0418,Night,2025-04-20 12:57:00,2025-04-20 18:57:00,6.0
LOG219133,W0055,Evening,2025-02-21 21:56:00,2025-02-22 05:56:00,8.0
LOG219134,W0258,Night,2025-03-16 01:52:00,2025-03-16 10:52:00,9.0
LOG219135,W0132,Night,2025-04-28 13:15:00,2025-04-28 19:15:00,6.0
LOG219136,W0337,Evening,2025-06-29 16:10:00,2025-06-29 23:10:00,7.0
LOG219137,W0005,Night,2025-05-30 10:14:00,2025-05-30 16:14:00,6.0
LOG219138,W0480,Evening,2025-04-16 18:58:00,2025-04-17 02:58:00,8.0
LOG219139,W0083,Evening,2025-04-09 04:34:00,2025-04-09 14:34:00,10.0
LOG219140,W0460,Night,2025-05-08 03:02:00,2025-05-08 13:02:00,10.0
LOG219143,W0462,Evening,2025-06-16 07:38:00,2025-06-16 14:38:00,7.0
LOG219144,W0417,Night,2025-04-05 15:36:00,2025-04-05 21:36:00,6.0
LOG219145,W0364,Evening,2025-04-18 14:23:00,2025-04-18 22:23:00,8.0
LOG219146,W0481,Morning,2025-01-18 16:20:00,2025-01-19 01:20:00,9.0
LOG219147,W0324,Night,2025-06-27 04:50:00,2025-06-27 14:50:00,10.0
LOG219148,W0128,Night,2025-05-30 21:44:00,2025-05-31 06:44:00,9.0
LOG219149,W0160,Night,2025-01-27 01:10:00,2025-01-27 07:10:00,6.0
LOG219150,W0083,Night,2025-03-24 10:55:00,2025-03-24 18:55:00,8.0
LOG219151,W0185,Evening,2025-06-01 04:13:00,2025-06-01 10:13:00,6.0
LOG219153,W0485,Evening,2025-01-04 15:34:00,2025-01-05 01:34:00,10.0
LOG219155,W0096,Night,2025-01-19 06:36:00,2025-01-19 12:36:00,6.0
LOG219156,W0489,Night,2025-03-09 19:16:00,2025-03-10 01:16:00,6.0
LOG219157,W0020,Evening,2025-03-28 03:05:00,2025-03-28 10:05:00,7.0
LOG219158,W0351,Night,2025-01-22 10:29:00,2025-01-22 17:29:00,7.0
LOG219160,W0433,Night,2025-02-20 15:53:00,2025-02-20 23:53:00,8.0
LOG219162,W0265,Night,2025-01-22 22:01:00,2025-01-23 08:01:00,10.0
LOG219164,W0465,Evening,2025-01-10 08:47:00,2025-01-10 16:47:00,8.0
LOG219165,W0079,Evening,2025-06-08 02:56:00,2025-06-08 12:56:00,10.0
LOG219166,W0119,Evening,2025-01-02 11:17:00,2025-01-02 19:17:00,8.0
LOG219168,W0463,Morning,2025-06-20 07:49:00,2025-06-20 16:49:00,9.0
LOG219169,W0389,Night,2025-04-01 16:31:00,2025-04-02 01:31:00,9.0
LOG219171,W0388,Evening,2025-02-27 02:16:00,2025-02-27 10:16:00,8.0
LOG219172,W0094,Night,2025-02-17 13:30:00,2025-02-17 20:30:00,7.0
LOG219174,W0211,Morning,2025-03-01 01:02:00,2025-03-01 08:02:00,7.0
LOG219175,W0156,Night,2025-03-25 23:16:00,2025-03-26 07:16:00,8.0
LOG219176,W0337,Evening,2025-03-16 11:47:00,2025-03-16 17:47:00,6.0
LOG219178,W0329,Evening,2025-06-10 03:45:00,2025-06-10 09:45:00,6.0
LOG219179,W0377,Night,2025-03-18 02:59:00,2025-03-18 08:59:00,6.0
LOG219182,W0203,Evening,2025-01-29 10:39:00,2025-01-29 16:39:00,6.0
LOG219184,W0379,Evening,2025-02-06 07:50:00,2025-02-06 13:50:00,6.0
LOG219185,W0417,Morning,2025-05-21 11:12:00,2025-05-21 18:12:00,7.0
LOG219188,W0071,Night,2025-02-15 02:22:00,2025-02-15 10:22:00,8.0
LOG219190,W0224,Morning,2025-05-02 09:19:00,2025-05-02 17:19:00,8.0
LOG219191,W0233,Evening,2025-04-23 18:46:00,2025-04-24 03:46:00,9.0
LOG219192,W0047,Morning,2025-06-10 21:10:00,2025-06-11 06:10:00,9.0
LOG219193,W0128,Evening,2025-02-06 23:37:00,2025-02-07 05:37:00,6.0
LOG219195,W0190,Night,2025-05-07 19:22:00,2025-05-08 05:22:00,10.0
LOG219196,W0490,Evening,2025-04-04 02:46:00,2025-04-04 10:46:00,8.0
LOG219197,W0264,Night,2025-04-02 06:07:00,2025-04-02 12:07:00,6.0
LOG219198,W0453,Night,2025-06-03 02:52:00,2025-06-03 11:52:00,9.0
LOG219200,W0041,Night,2025-05-04 07:59:00,2025-05-04 15:59:00,8.0
LOG219201,W0311,Evening,2025-03-24 17:58:00,2025-03-25 00:58:00,7.0
LOG219203,W0231,Evening,2025-02-24 04:37:00,2025-02-24 12:37:00,8.0
LOG219204,W0007,Night,2025-02-18 21:11:00,2025-02-19 07:11:00,10.0
LOG219205,W0447,Night,2025-03-14 20:16:00,2025-03-15 04:16:00,8.0
LOG219206,W0287,Night,2025-02-22 12:54:00,2025-02-22 20:54:00,8.0
LOG219207,W0280,Night,2025-02-01 13:50:00,2025-02-01 19:50:00,6.0
LOG219209,W0254,Night,2025-06-24 20:16:00,2025-06-25 06:16:00,10.0
LOG219210,W0269,Night,2025-02-10 19:00:00,2025-02-11 01:00:00,6.0
LOG219211,W0138,Night,2025-03-15 09:37:00,2025-03-15 17:37:00,8.0
LOG219212,W0013,Evening,2025-06-22 20:43:00,2025-06-23 05:43:00,9.0
LOG219213,W0207,Evening,2025-04-20 03:08:00,2025-04-20 09:08:00,6.0
LOG219214,W0128,Night,2025-05-05 02:01:00,2025-05-05 12:01:00,10.0
LOG219215,W0499,Night,2025-06-13 12:38:00,2025-06-13 21:38:00,9.0
LOG219217,W0162,Night,2025-01-03 18:52:00,2025-01-04 01:52:00,7.0
LOG219218,W0058,Morning,2025-02-27 12:52:00,2025-02-27 22:52:00,10.0
LOG219219,W0450,Evening,2025-03-02 20:49:00,2025-03-03 06:49:00,10.0
LOG219221,W0139,Night,2025-05-20 18:47:00,2025-05-21 02:47:00,8.0
LOG219222,W0132,Night,2025-05-08 08:03:00,2025-05-08 15:03:00,7.0
LOG219223,W0250,Evening,2025-02-16 05:13:00,2025-02-16 14:13:00,9.0
LOG219225,W0454,Night,2025-04-15 17:58:00,2025-04-15 23:58:00,6.0
LOG219227,W0256,Night,2025-04-09 05:46:00,2025-04-09 13:46:00,8.0
LOG219228,W0053,Night,2025-06-05 03:38:00,2025-06-05 11:38:00,8.0
LOG219230,W0089,Night,2025-01-09 10:03:00,2025-01-09 16:03:00,6.0
LOG219231,W0443,Night,2025-02-13 20:04:00,2025-02-14 05:04:00,9.0
LOG219233,W0455,Evening,2025-03-01 22:00:00,2025-03-02 04:00:00,6.0
LOG219234,W0113,Morning,2025-02-02 01:13:00,2025-02-02 08:13:00,7.0
LOG219237,W0268,Morning,2025-03-24 22:25:00,2025-03-25 06:25:00,8.0
LOG219238,W0076,Night,2025-06-24 08:22:00,2025-06-24 17:22:00,9.0
LOG219239,W0011,Night,2025-01-19 09:21:00,2025-01-19 17:21:00,8.0
LOG219240,W0436,Night,2025-06-06 11:30:00,2025-06-06 20:30:00,9.0
LOG219241,W0362,Evening,2025-01-25 23:47:00,2025-01-26 09:47:00,10.0
LOG219242,W0261,Night,2025-01-03 22:28:00,2025-01-04 08:28:00,10.0
LOG219243,W0216,Night,2025-05-31 22:31:00,2025-06-01 05:31:00,7.0
LOG219244,W0228,Morning,2025-03-11 17:42:00,2025-03-11 23:42:00,6.0
LOG219245,W0048,Morning,2025-03-18 03:59:00,2025-03-18 10:59:00,7.0
LOG219246,W0191,Night,2025-02-09 03:15:00,2025-02-09 11:15:00,8.0
LOG219247,W0073,Morning,2025-06-15 16:57:00,2025-06-16 02:57:00,10.0
LOG219249,W0468,Evening,2025-03-21 23:12:00,2025-03-22 08:12:00,9.0
LOG219250,W0479,Evening,2025-01-28 16:46:00,2025-01-29 00:46:00,8.0
LOG219252,W0318,Night,2025-01-13 23:09:00,2025-01-14 08:09:00,9.0
LOG219255,W0217,Night,2025-04-27 00:51:00,2025-04-27 10:51:00,10.0
LOG219257,W0001,Morning,2025-01-25 04:28:00,2025-01-25 11:28:00,7.0
LOG219258,W0058,Morning,2025-04-22 01:01:00,2025-04-22 11:01:00,10.0
LOG219259,W0301,Night,2025-04-17 23:56:00,2025-04-18 06:56:00,7.0
LOG219260,W0268,Night,2025-02-07 18:43:00,2025-02-08 01:43:00,7.0
LOG219261,W0356,Night,2025-04-18 04:45:00,2025-04-18 13:45:00,9.0
LOG219262,W0372,Night,2025-01-01 17:41:00,2025-01-02 00:41:00,7.0
LOG219264,W0451,Morning,2025-01-19 01:33:00,2025-01-19 11:33:00,10.0
LOG219265,W0479,Night,2025-01-05 22:09:00,2025-01-06 07:09:00,9.0
LOG219266,W0253,Evening,2025-01-05 01:33:00,2025-01-05 08:33:00,7.0
LOG219267,W0132,Night,2025-05-29 00:54:00,2025-05-29 10:54:00,10.0
LOG219268,W0388,Evening,2025-05-03 01:49:00,2025-05-03 07:49:00,6.0
LOG219269,W0472,Night,2025-04-15 07:32:00,2025-04-15 15:32:00,8.0
LOG219270,W0116,Night,2025-06-13 15:34:00,2025-06-13 23:34:00,8.0
LOG219272,W0374,Morning,2025-03-17 05:37:00,2025-03-17 14:37:00,9.0
LOG219273,W0021,Night,2025-06-13 10:53:00,2025-06-13 19:53:00,9.0
LOG219274,W0078,Morning,2025-03-21 03:45:00,2025-03-21 13:45:00,10.0
LOG219275,W0213,Morning,2025-03-16 06:27:00,2025-03-16 15:27:00,9.0
LOG219276,W0275,Night,2025-01-12 00:21:00,2025-01-12 09:21:00,9.0
LOG219277,W0229,Night,2025-03-15 18:27:00,2025-03-16 02:27:00,8.0
LOG219278,W0493,Night,2025-05-29 05:42:00,2025-05-29 13:42:00,8.0
LOG219279,W0037,Night,2025-05-19 21:18:00,2025-05-20 07:18:00,10.0
LOG219280,W0458,Evening,2025-02-13 17:52:00,2025-02-14 01:52:00,8.0
LOG219282,W0305,Morning,2025-04-16 11:05:00,2025-04-16 18:05:00,7.0
LOG219284,W0419,Morning,2025-04-05 03:09:00,2025-04-05 09:09:00,6.0
LOG219286,W0476,Morning,2025-06-03 12:41:00,2025-06-03 21:41:00,9.0
LOG219289,W0242,Night,2025-03-24 06:30:00,2025-03-24 12:30:00,6.0
LOG219290,W0355,Evening,2025-05-07 06:23:00,2025-05-07 15:23:00,9.0
LOG219293,W0494,Night,2025-02-23 06:25:00,2025-02-23 12:25:00,6.0
LOG219296,W0241,Evening,2025-03-18 13:09:00,2025-03-18 20:09:00,7.0
LOG219297,W0434,Morning,2025-04-23 04:41:00,2025-04-23 13:41:00,9.0
LOG219298,W0380,Night,2025-03-17 01:45:00,2025-03-17 07:45:00,6.0
LOG219299,W0054,Night,2025-06-13 19:44:00,2025-06-14 02:44:00,7.0
LOG219300,W0114,Night,2025-06-09 11:14:00,2025-06-09 17:14:00,6.0
LOG219301,W0204,Night,2025-06-29 08:57:00,2025-06-29 14:57:00,6.0
LOG219302,W0168,Morning,2025-01-31 22:06:00,2025-02-01 05:06:00,7.0
LOG219303,W0066,Evening,2025-03-06 18:01:00,2025-03-07 02:01:00,8.0
LOG219304,W0435,Night,2025-05-19 02:47:00,2025-05-19 11:47:00,9.0
LOG219306,W0355,Morning,2025-03-05 10:51:00,2025-03-05 17:51:00,7.0
LOG219307,W0331,Night,2025-01-20 07:41:00,2025-01-20 16:41:00,9.0
LOG219308,W0337,Night,2025-02-20 15:14:00,2025-02-20 22:14:00,7.0
LOG219309,W0333,Night,2025-02-02 15:26:00,2025-02-03 00:26:00,9.0
LOG219310,W0435,Evening,2025-04-12 09:30:00,2025-04-12 15:30:00,6.0
LOG219311,W0459,Morning,2025-03-21 02:02:00,2025-03-21 12:02:00,10.0
LOG219312,W0339,Evening,2025-02-24 21:27:00,2025-02-25 05:27:00,8.0
LOG219313,W0120,Night,2025-06-06 09:34:00,2025-06-06 16:34:00,7.0
LOG219314,W0034,Morning,2025-04-11 17:53:00,2025-04-12 02:53:00,9.0
LOG219318,W0035,Morning,2025-04-15 10:12:00,2025-04-15 20:12:00,10.0
LOG219319,W0415,Evening,2025-06-08 21:49:00,2025-06-09 03:49:00,6.0
LOG219320,W0444,Night,2025-03-15 04:09:00,2025-03-15 10:09:00,6.0
LOG219321,W0304,Night,2025-02-24 21:49:00,2025-02-25 03:49:00,6.0
LOG219323,W0166,Morning,2025-01-15 00:14:00,2025-01-15 06:14:00,6.0
LOG219325,W0155,Morning,2025-03-21 08:56:00,2025-03-21 14:56:00,6.0
LOG219327,W0296,Morning,2025-02-13 17:05:00,2025-02-14 02:05:00,9.0
LOG219328,W0395,Evening,2025-05-21 04:46:00,2025-05-21 12:46:00,8.0
LOG219329,W0259,Evening,2025-05-27 15:41:00,2025-05-27 23:41:00,8.0
LOG219330,W0245,Night,2025-06-15 22:58:00,2025-06-16 04:58:00,6.0
LOG219331,W0121,Evening,2025-01-16 17:30:00,2025-01-17 02:30:00,9.0
LOG219332,W0058,Night,2025-05-20 23:56:00,2025-05-21 05:56:00,6.0
LOG219334,W0037,Night,2025-04-06 01:40:00,2025-04-06 11:40:00,10.0
LOG219335,W0038,Evening,2025-06-11 10:09:00,2025-06-11 20:09:00,10.0
LOG219337,W0279,Night,2025-01-29 08:46:00,2025-01-29 16:46:00,8.0
LOG219340,W0104,Night,2025-05-11 13:15:00,2025-05-11 22:15:00,9.0
LOG219341,W0167,Morning,2025-01-03 13:37:00,2025-01-03 23:37:00,10.0
LOG219345,W0090,Morning,2025-03-20 16:18:00,2025-03-21 01:18:00,9.0
LOG219347,W0144,Evening,2025-04-27 11:24:00,2025-04-27 18:24:00,7.0
LOG219348,W0478,Night,2025-03-31 05:19:00,2025-03-31 11:19:00,6.0
LOG219349,W0215,Evening,2025-04-04 05:58:00,2025-04-04 14:58:00,9.0
LOG219352,W0207,Morning,2025-02-25 17:31:00,2025-02-26 00:31:00,7.0
LOG219353,W0464,Night,2025-05-04 17:32:00,2025-05-05 00:32:00,7.0
LOG219354,W0035,Night,2025-05-09 10:48:00,2025-05-09 18:48:00,8.0
LOG219355,W0099,Evening,2025-03-23 13:18:00,2025-03-23 23:18:00,10.0
LOG219357,W0032,Night,2025-04-22 20:47:00,2025-04-23 05:47:00,9.0
LOG219358,W0496,Morning,2025-01-15 21:29:00,2025-01-16 05:29:00,8.0
LOG219359,W0210,Night,2025-06-08 08:04:00,2025-06-08 16:04:00,8.0
LOG219360,W0107,Night,2025-03-25 06:32:00,2025-03-25 12:32:00,6.0
LOG219361,W0050,Evening,2025-02-10 10:11:00,2025-02-10 20:11:00,10.0
LOG219362,W0344,Night,2025-04-30 16:23:00,2025-05-01 02:23:00,10.0
LOG219364,W0444,Night,2025-02-19 11:59:00,2025-02-19 18:59:00,7.0
LOG219365,W0092,Night,2025-06-22 02:27:00,2025-06-22 10:27:00,8.0
LOG219366,W0244,Evening,2025-02-12 22:00:00,2025-02-13 06:00:00,8.0
LOG219367,W0330,Night,2025-01-27 09:31:00,2025-01-27 16:31:00,7.0
LOG219368,W0220,Night,2025-01-25 14:40:00,2025-01-25 21:40:00,7.0
LOG219369,W0159,Evening,2025-02-22 16:14:00,2025-02-23 00:14:00,8.0
LOG219370,W0396,Night,2025-04-20 06:59:00,2025-04-20 12:59:00,6.0
LOG219371,W0212,Night,2025-03-09 16:49:00,2025-03-09 23:49:00,7.0
LOG219373,W0454,Night,2025-05-09 16:36:00,2025-05-09 23:36:00,7.0
LOG219374,W0177,Night,2025-01-06 04:18:00,2025-01-06 14:18:00,10.0
LOG219375,W0170,Morning,2025-05-28 20:34:00,2025-05-29 03:34:00,7.0
LOG219376,W0005,Evening,2025-05-29 04:02:00,2025-05-29 10:02:00,6.0
LOG219377,W0164,Evening,2025-03-24 15:56:00,2025-03-24 21:56:00,6.0
LOG219378,W0151,Evening,2025-05-27 03:00:00,2025-05-27 13:00:00,10.0
LOG219379,W0394,Night,2025-05-03 19:50:00,2025-05-04 03:50:00,8.0
LOG219380,W0079,Morning,2025-05-08 05:03:00,2025-05-08 11:03:00,6.0
LOG219382,W0444,Night,2025-06-17 20:53:00,2025-06-18 05:53:00,9.0
LOG219383,W0285,Evening,2025-04-26 16:04:00,2025-04-26 22:04:00,6.0
LOG219384,W0496,Night,2025-06-24 06:53:00,2025-06-24 16:53:00,10.0
LOG219385,W0246,Morning,2025-04-01 20:52:00,2025-04-02 03:52:00,7.0
LOG219386,W0280,Night,2025-03-17 07:50:00,2025-03-17 13:50:00,6.0
LOG219387,W0470,Night,2025-01-11 15:10:00,2025-01-12 00:10:00,9.0
LOG219388,W0189,Evening,2025-05-22 15:47:00,2025-05-22 22:47:00,7.0
LOG219389,W0297,Evening,2025-06-08 04:31:00,2025-06-08 14:31:00,10.0
LOG219390,W0357,Night,2025-01-24 04:57:00,2025-01-24 10:57:00,6.0
LOG219391,W0121,Morning,2025-04-29 12:20:00,2025-04-29 19:20:00,7.0
LOG219392,W0087,Night,2025-05-01 12:21:00,2025-05-01 20:21:00,8.0
LOG219393,W0455,Night,2025-01-24 03:28:00,2025-01-24 09:28:00,6.0
LOG219394,W0430,Night,2025-03-23 19:38:00,2025-03-24 04:38:00,9.0
LOG219395,W0054,Morning,2025-05-20 19:16:00,2025-05-21 01:16:00,6.0
LOG219396,W0243,Night,2025-05-16 02:49:00,2025-05-16 10:49:00,8.0
LOG219397,W0389,Night,2025-02-11 02:26:00,2025-02-11 11:26:00,9.0
LOG219398,W0367,Evening,2025-01-25 18:42:00,2025-01-26 02:42:00,8.0
LOG219399,W0378,Night,2025-05-12 09:31:00,2025-05-12 15:31:00,6.0
LOG219401,W0266,Evening,2025-03-12 07:08:00,2025-03-12 14:08:00,7.0
LOG219403,W0183,Night,2025-05-08 13:12:00,2025-05-08 23:12:00,10.0
LOG219404,W0153,Night,2025-05-31 07:45:00,2025-05-31 13:45:00,6.0
LOG219405,W0290,Evening,2025-01-11 09:28:00,2025-01-11 15:28:00,6.0
LOG219408,W0162,Night,2025-05-08 03:51:00,2025-05-08 09:51:00,6.0
LOG219409,W0085,Morning,2025-04-21 11:55:00,2025-04-21 17:55:00,6.0
LOG219411,W0247,Morning,2025-03-01 12:44:00,2025-03-01 19:44:00,7.0
LOG219412,W0332,Morning,2025-05-03 07:35:00,2025-05-03 14:35:00,7.0
LOG219416,W0213,Morning,2025-04-16 07:34:00,2025-04-16 14:34:00,7.0
LOG219418,W0367,Night,2025-02-26 10:07:00,2025-02-26 16:07:00,6.0
LOG219419,W0417,Night,2025-04-09 00:33:00,2025-04-09 06:33:00,6.0
LOG219420,W0349,Evening,2025-04-03 00:02:00,2025-04-03 09:02:00,9.0
LOG219421,W0419,Morning,2025-03-28 22:03:00,2025-03-29 04:03:00,6.0
LOG219422,W0486,Evening,2025-04-15 02:35:00,2025-04-15 11:35:00,9.0
LOG219423,W0075,Night,2025-04-24 02:22:00,2025-04-24 09:22:00,7.0
LOG219424,W0483,Morning,2025-02-17 19:19:00,2025-02-18 03:19:00,8.0
LOG219426,W0164,Night,2025-05-17 02:40:00,2025-05-17 10:40:00,8.0
LOG219428,W0025,Evening,2025-01-03 09:07:00,2025-01-03 19:07:00,10.0
LOG219429,W0029,Night,2025-06-10 01:36:00,2025-06-10 07:36:00,6.0
LOG219431,W0320,Morning,2025-04-06 18:27:00,2025-04-07 03:27:00,9.0
LOG219432,W0482,Night,2025-01-02 12:31:00,2025-01-02 22:31:00,10.0
LOG219433,W0324,Evening,2025-06-28 22:16:00,2025-06-29 07:16:00,9.0
LOG219435,W0382,Morning,2025-02-26 17:59:00,2025-02-27 01:59:00,8.0
LOG219436,W0284,Night,2025-05-25 09:57:00,2025-05-25 16:57:00,7.0
LOG219437,W0438,Night,2025-02-23 02:10:00,2025-02-23 08:10:00,6.0
LOG219439,W0179,Morning,2025-04-14 20:04:00,2025-04-15 02:04:00,6.0
LOG219440,W0360,Evening,2025-01-18 08:10:00,2025-01-18 14:10:00,6.0
LOG219441,W0055,Morning,2025-04-17 14:37:00,2025-04-17 21:37:00,7.0
LOG219442,W0457,Morning,2025-05-25 21:41:00,2025-05-26 05:41:00,8.0
LOG219443,W0356,Morning,2025-05-26 17:10:00,2025-05-27 02:10:00,9.0
LOG219444,W0254,Night,2025-01-05 23:46:00,2025-01-06 06:46:00,7.0
LOG219445,W0425,Morning,2025-03-20 06:51:00,2025-03-20 13:51:00,7.0
LOG219446,W0214,Morning,2025-03-04 17:52:00,2025-03-05 01:52:00,8.0
LOG219447,W0295,Night,2025-04-19 22:53:00,2025-04-20 05:53:00,7.0
LOG219449,W0393,Evening,2025-01-31 06:03:00,2025-01-31 16:03:00,10.0
LOG219451,W0289,Night,2025-02-04 14:04:00,2025-02-05 00:04:00,10.0
LOG219452,W0225,Night,2025-05-19 09:37:00,2025-05-19 15:37:00,6.0
LOG219453,W0209,Night,2025-06-24 05:35:00,2025-06-24 14:35:00,9.0
LOG219454,W0227,Night,2025-01-10 21:30:00,2025-01-11 03:30:00,6.0
LOG219455,W0151,Night,2025-01-20 14:18:00,2025-01-20 21:18:00,7.0
LOG219457,W0314,Morning,2025-06-25 15:09:00,2025-06-25 21:09:00,6.0
LOG219462,W0305,Morning,2025-04-09 06:37:00,2025-04-09 16:37:00,10.0
LOG219464,W0358,Evening,2025-03-24 21:16:00,2025-03-25 03:16:00,6.0
LOG219466,W0223,Night,2025-05-28 20:28:00,2025-05-29 04:28:00,8.0
LOG219468,W0058,Morning,2025-05-16 07:54:00,2025-05-16 16:54:00,9.0
LOG219469,W0403,Night,2025-05-15 20:41:00,2025-05-16 06:41:00,10.0
LOG219471,W0175,Night,2025-06-03 00:35:00,2025-06-03 08:35:00,8.0
LOG219472,W0492,Night,2025-04-22 00:58:00,2025-04-22 06:58:00,6.0
LOG219474,W0193,Night,2025-06-24 15:59:00,2025-06-24 21:59:00,6.0
LOG219475,W0393,Evening,2025-04-27 20:07:00,2025-04-28 06:07:00,10.0
LOG219479,W0069,Night,2025-05-15 13:05:00,2025-05-15 20:05:00,7.0
LOG219480,W0201,Morning,2025-03-20 22:00:00,2025-03-21 08:00:00,10.0
LOG219482,W0339,Night,2025-06-23 14:15:00,2025-06-23 20:15:00,6.0
LOG219483,W0084,Night,2025-01-05 19:00:00,2025-01-06 03:00:00,8.0
LOG219484,W0162,Night,2025-03-24 10:33:00,2025-03-24 20:33:00,10.0
LOG219486,W0284,Morning,2025-06-13 20:04:00,2025-06-14 04:04:00,8.0
LOG219487,W0101,Evening,2025-03-19 15:31:00,2025-03-19 23:31:00,8.0
LOG219488,W0289,Night,2025-02-04 08:51:00,2025-02-04 16:51:00,8.0
LOG219489,W0256,Morning,2025-01-02 11:03:00,2025-01-02 19:03:00,8.0
LOG219490,W0324,Evening,2025-03-20 03:34:00,2025-03-20 13:34:00,10.0
LOG219491,W0225,Evening,2025-02-14 17:00:00,2025-02-15 03:00:00,10.0
LOG219492,W0338,Morning,2025-03-29 06:51:00,2025-03-29 13:51:00,7.0
LOG219493,W0033,Morning,2025-04-19 16:44:00,2025-04-20 00:44:00,8.0
LOG219494,W0127,Night,2025-06-20 03:31:00,2025-06-20 11:31:00,8.0
LOG219495,W0184,Night,2025-01-11 15:48:00,2025-01-12 00:48:00,9.0
LOG219497,W0087,Morning,2025-05-11 11:38:00,2025-05-11 17:38:00,6.0
LOG219498,W0490,Night,2025-06-03 15:55:00,2025-06-04 00:55:00,9.0
LOG219499,W0014,Evening,2025-06-28 08:01:00,2025-06-28 16:01:00,8.0
LOG219500,W0148,Night,2025-01-29 12:55:00,2025-01-29 20:55:00,8.0
LOG219501,W0066,Morning,2025-06-11 20:33:00,2025-06-12 03:33:00,7.0
LOG219502,W0309,Morning,2025-03-09 03:13:00,2025-03-09 12:13:00,9.0
LOG219503,W0156,Night,2025-04-10 09:25:00,2025-04-10 19:25:00,10.0
LOG219505,W0488,Evening,2025-01-25 20:39:00,2025-01-26 06:39:00,10.0
LOG219506,W0005,Evening,2025-05-07 19:34:00,2025-05-08 03:34:00,8.0
LOG219507,W0044,Morning,2025-02-13 02:57:00,2025-02-13 11:57:00,9.0
LOG219508,W0497,Morning,2025-02-16 04:09:00,2025-02-16 10:09:00,6.0
LOG219511,W0487,Night,2025-02-20 19:16:00,2025-02-21 03:16:00,8.0
LOG219513,W0037,Morning,2025-04-30 19:54:00,2025-05-01 04:54:00,9.0
LOG219514,W0095,Morning,2025-01-14 23:35:00,2025-01-15 07:35:00,8.0
LOG219516,W0024,Evening,2025-05-13 04:44:00,2025-05-13 12:44:00,8.0
LOG219517,W0019,Night,2025-04-09 03:51:00,2025-04-09 09:51:00,6.0
LOG219519,W0406,Evening,2025-02-22 13:51:00,2025-02-22 22:51:00,9.0
LOG219520,W0282,Morning,2025-05-22 19:54:00,2025-05-23 04:54:00,9.0
LOG219522,W0093,Night,2025-01-26 04:14:00,2025-01-26 10:14:00,6.0
LOG219523,W0353,Morning,2025-01-20 18:53:00,2025-01-21 03:53:00,9.0
LOG219525,W0436,Morning,2025-05-04 18:54:00,2025-05-05 03:54:00,9.0
LOG219526,W0117,Night,2025-05-14 18:20:00,2025-05-15 04:20:00,10.0
LOG219528,W0471,Night,2025-01-12 20:38:00,2025-01-13 04:38:00,8.0
LOG219529,W0233,Evening,2025-05-14 08:40:00,2025-05-14 18:40:00,10.0
LOG219530,W0108,Night,2025-03-30 11:27:00,2025-03-30 18:27:00,7.0
LOG219531,W0474,Night,2025-05-23 16:43:00,2025-05-23 23:43:00,7.0
LOG219532,W0119,Night,2025-03-15 11:08:00,2025-03-15 21:08:00,10.0
LOG219533,W0280,Night,2025-03-18 01:09:00,2025-03-18 11:09:00,10.0
LOG219535,W0113,Morning,2025-02-07 11:56:00,2025-02-07 19:56:00,8.0
LOG219536,W0413,Morning,2025-05-24 12:27:00,2025-05-24 18:27:00,6.0
LOG219538,W0005,Morning,2025-01-29 13:24:00,2025-01-29 21:24:00,8.0
LOG219539,W0367,Night,2025-03-18 22:49:00,2025-03-19 08:49:00,10.0
LOG219541,W0304,Night,2025-03-21 11:43:00,2025-03-21 18:43:00,7.0
LOG219542,W0453,Morning,2025-01-05 14:25:00,2025-01-05 21:25:00,7.0
LOG219543,W0367,Night,2025-05-28 10:20:00,2025-05-28 16:20:00,6.0
LOG219544,W0155,Morning,2025-05-26 18:12:00,2025-05-27 03:12:00,9.0
LOG219545,W0117,Night,2025-05-09 21:50:00,2025-05-10 05:50:00,8.0
LOG219548,W0035,Night,2025-05-30 03:58:00,2025-05-30 12:58:00,9.0
LOG219549,W0466,Morning,2025-05-26 02:02:00,2025-05-26 11:02:00,9.0
LOG219550,W0323,Morning,2025-03-29 06:39:00,2025-03-29 13:39:00,7.0
LOG219552,W0160,Evening,2025-01-03 11:26:00,2025-01-03 20:26:00,9.0
LOG219553,W0384,Night,2025-01-08 19:15:00,2025-01-09 03:15:00,8.0
LOG219557,W0145,Night,2025-05-12 22:32:00,2025-05-13 08:32:00,10.0
LOG219558,W0304,Night,2025-04-19 18:54:00,2025-04-20 04:54:00,10.0
LOG219559,W0361,Night,2025-04-24 09:36:00,2025-04-24 17:36:00,8.0
LOG219560,W0277,Night,2025-03-18 04:55:00,2025-03-18 14:55:00,10.0
LOG219562,W0110,Evening,2025-05-27 18:54:00,2025-05-28 02:54:00,8.0
LOG219563,W0062,Evening,2025-02-01 16:21:00,2025-02-02 01:21:00,9.0
LOG219565,W0380,Evening,2025-06-10 18:31:00,2025-06-11 00:31:00,6.0
LOG219566,W0169,Night,2025-06-29 19:53:00,2025-06-30 04:53:00,9.0
LOG219567,W0363,Morning,2025-04-27 01:01:00,2025-04-27 11:01:00,10.0
LOG219568,W0236,Evening,2025-02-02 19:16:00,2025-02-03 05:16:00,10.0
LOG219569,W0353,Evening,2025-01-05 14:12:00,2025-01-05 23:12:00,9.0
LOG219570,W0357,Evening,2025-05-03 22:01:00,2025-05-04 07:01:00,9.0
LOG219571,W0035,Morning,2025-06-22 18:46:00,2025-06-23 00:46:00,6.0
LOG219572,W0353,Morning,2025-03-03 06:04:00,2025-03-03 12:04:00,6.0
LOG219573,W0266,Morning,2025-06-05 19:53:00,2025-06-06 05:53:00,10.0
LOG219574,W0129,Morning,2025-01-03 23:59:00,2025-01-04 07:59:00,8.0
LOG219576,W0364,Evening,2025-04-02 14:40:00,2025-04-02 21:40:00,7.0
LOG219577,W0453,Night,2025-03-28 22:21:00,2025-03-29 04:21:00,6.0
LOG219578,W0354,Night,2025-03-17 14:56:00,2025-03-17 22:56:00,8.0
LOG219579,W0199,Night,2025-01-11 05:19:00,2025-01-11 15:19:00,10.0
LOG219580,W0066,Night,2025-01-24 04:22:00,2025-01-24 10:22:00,6.0
LOG219581,W0443,Evening,2025-01-10 12:50:00,2025-01-10 21:50:00,9.0
LOG219582,W0313,Night,2025-03-24 14:27:00,2025-03-24 22:27:00,8.0
LOG219584,W0023,Night,2025-01-04 21:42:00,2025-01-05 04:42:00,7.0
LOG219585,W0407,Evening,2025-04-02 01:58:00,2025-04-02 11:58:00,10.0
LOG219587,W0409,Night,2025-04-19 18:00:00,2025-04-20 04:00:00,10.0
LOG219588,W0180,Evening,2025-03-09 23:42:00,2025-03-10 07:42:00,8.0
LOG219589,W0423,Evening,2025-02-27 20:39:00,2025-02-28 02:39:00,6.0
LOG219590,W0121,Evening,2025-01-03 17:52:00,2025-01-04 00:52:00,7.0
LOG219591,W0372,Evening,2025-01-17 01:20:00,2025-01-17 08:20:00,7.0
LOG219593,W0071,Evening,2025-01-18 10:19:00,2025-01-18 20:19:00,10.0
LOG219595,W0491,Morning,2025-06-09 20:14:00,2025-06-10 03:14:00,7.0
LOG219597,W0443,Morning,2025-02-07 23:57:00,2025-02-08 06:57:00,7.0
LOG219598,W0064,Night,2025-06-27 01:11:00,2025-06-27 08:11:00,7.0
LOG219599,W0166,Night,2025-01-01 07:01:00,2025-01-01 16:01:00,9.0
LOG219600,W0274,Morning,2025-03-01 02:57:00,2025-03-01 11:57:00,9.0
LOG219601,W0473,Night,2025-06-14 17:09:00,2025-06-15 01:09:00,8.0
LOG219603,W0369,Evening,2025-02-21 22:20:00,2025-02-22 05:20:00,7.0
LOG219604,W0111,Night,2025-05-28 09:06:00,2025-05-28 17:06:00,8.0
LOG219606,W0114,Night,2025-03-26 03:11:00,2025-03-26 10:11:00,7.0
LOG219608,W0113,Morning,2025-03-22 17:50:00,2025-03-23 02:50:00,9.0
LOG219609,W0141,Night,2025-04-21 21:10:00,2025-04-22 03:10:00,6.0
LOG219612,W0295,Night,2025-01-04 11:48:00,2025-01-04 19:48:00,8.0
LOG219613,W0462,Morning,2025-01-22 12:15:00,2025-01-22 18:15:00,6.0
LOG219615,W0230,Night,2025-03-13 11:29:00,2025-03-13 19:29:00,8.0
LOG219616,W0037,Morning,2025-04-07 15:22:00,2025-04-07 22:22:00,7.0
LOG219617,W0474,Night,2025-04-04 14:22:00,2025-04-05 00:22:00,10.0
LOG219618,W0426,Evening,2025-01-30 02:56:00,2025-01-30 08:56:00,6.0
LOG219620,W0310,Morning,2025-03-18 10:29:00,2025-03-18 17:29:00,7.0
LOG219622,W0082,Evening,2025-06-01 10:05:00,2025-06-01 20:05:00,10.0
LOG219623,W0024,Evening,2025-03-14 01:15:00,2025-03-14 10:15:00,9.0
LOG219624,W0263,Evening,2025-05-24 09:15:00,2025-05-24 15:15:00,6.0
LOG219625,W0495,Night,2025-04-11 09:04:00,2025-04-11 16:04:00,7.0
LOG219626,W0284,Night,2025-03-12 22:14:00,2025-03-13 05:14:00,7.0
LOG219627,W0295,Night,2025-06-06 09:41:00,2025-06-06 17:41:00,8.0
LOG219629,W0449,Night,2025-06-24 12:20:00,2025-06-24 21:20:00,9.0
LOG219632,W0232,Evening,2025-01-08 20:53:00,2025-01-09 04:53:00,8.0
LOG219633,W0371,Evening,2025-06-16 23:35:00,2025-06-17 08:35:00,9.0
LOG219634,W0048,Evening,2025-03-09 08:52:00,2025-03-09 14:52:00,6.0
LOG219635,W0096,Night,2025-03-08 12:18:00,2025-03-08 18:18:00,6.0
LOG219636,W0217,Evening,2025-01-03 18:45:00,2025-01-04 00:45:00,6.0
LOG219637,W0063,Night,2025-03-21 20:14:00,2025-03-22 02:14:00,6.0
LOG219638,W0060,Night,2025-05-14 18:22:00,2025-05-15 03:22:00,9.0
LOG219639,W0448,Evening,2025-02-01 06:58:00,2025-02-01 12:58:00,6.0
LOG219640,W0472,Evening,2025-02-10 22:21:00,2025-02-11 07:21:00,9.0
LOG219641,W0155,Night,2025-05-18 05:23:00,2025-05-18 15:23:00,10.0
LOG219642,W0246,Evening,2025-03-07 07:02:00,2025-03-07 15:02:00,8.0
LOG219643,W0031,Morning,2025-03-07 22:04:00,2025-03-08 08:04:00,10.0
LOG219645,W0212,Night,2025-06-02 13:39:00,2025-06-02 19:39:00,6.0
LOG219647,W0371,Night,2025-03-14 00:37:00,2025-03-14 07:37:00,7.0
LOG219650,W0455,Night,2025-02-01 04:46:00,2025-02-01 10:46:00,6.0
LOG219652,W0092,Night,2025-06-27 17:21:00,2025-06-28 03:21:00,10.0
LOG219653,W0053,Evening,2025-03-30 10:40:00,2025-03-30 19:40:00,9.0
LOG219654,W0083,Evening,2025-03-01 15:49:00,2025-03-02 00:49:00,9.0
LOG219656,W0048,Evening,2025-02-14 04:04:00,2025-02-14 10:04:00,6.0
LOG219660,W0428,Evening,2025-05-13 07:50:00,2025-05-13 14:50:00,7.0
LOG219662,W0336,Night,2025-04-18 19:34:00,2025-04-19 03:34:00,8.0
LOG219663,W0451,Evening,2025-05-11 09:47:00,2025-05-11 18:47:00,9.0
LOG219667,W0028,Evening,2025-03-19 07:13:00,2025-03-19 16:13:00,9.0
LOG219668,W0178,Night,2025-05-27 22:00:00,2025-05-28 07:00:00,9.0
LOG219669,W0076,Night,2025-06-13 13:29:00,2025-06-13 21:29:00,8.0
LOG219671,W0077,Night,2025-06-11 04:05:00,2025-06-11 13:05:00,9.0
LOG219672,W0103,Morning,2025-05-24 07:02:00,2025-05-24 16:02:00,9.0
LOG219673,W0417,Morning,2025-03-02 10:32:00,2025-03-02 17:32:00,7.0
LOG219674,W0428,Evening,2025-06-15 01:29:00,2025-06-15 07:29:00,6.0
LOG219675,W0039,Night,2025-01-20 18:56:00,2025-01-21 01:56:00,7.0
LOG219677,W0438,Night,2025-06-16 12:14:00,2025-06-16 19:14:00,7.0
LOG219678,W0355,Night,2025-02-24 04:58:00,2025-02-24 10:58:00,6.0
LOG219679,W0039,Evening,2025-03-19 21:33:00,2025-03-20 07:33:00,10.0
LOG219681,W0100,Evening,2025-05-08 20:46:00,2025-05-09 05:46:00,9.0
LOG219682,W0082,Morning,2025-02-05 10:59:00,2025-02-05 19:59:00,9.0
LOG219683,W0195,Evening,2025-04-13 02:52:00,2025-04-13 09:52:00,7.0
LOG219684,W0476,Night,2025-01-15 19:54:00,2025-01-16 04:54:00,9.0
LOG219685,W0468,Night,2025-05-20 05:34:00,2025-05-20 13:34:00,8.0
LOG219686,W0151,Evening,2025-03-29 00:08:00,2025-03-29 10:08:00,10.0
LOG219687,W0364,Evening,2025-01-15 06:04:00,2025-01-15 15:04:00,9.0
LOG219691,W0303,Night,2025-01-27 09:14:00,2025-01-27 18:14:00,9.0
LOG219693,W0445,Night,2025-06-23 01:00:00,2025-06-23 07:00:00,6.0
LOG219694,W0071,Night,2025-03-16 10:45:00,2025-03-16 18:45:00,8.0
LOG219695,W0394,Night,2025-02-26 04:15:00,2025-02-26 10:15:00,6.0
LOG219697,W0367,Night,2025-01-08 10:02:00,2025-01-08 17:02:00,7.0
LOG219698,W0278,Night,2025-03-18 18:39:00,2025-03-19 00:39:00,6.0
LOG219700,W0212,Night,2025-02-28 00:17:00,2025-02-28 07:17:00,7.0
LOG219701,W0458,Morning,2025-06-07 10:29:00,2025-06-07 16:29:00,6.0
LOG219702,W0452,Night,2025-05-04 01:58:00,2025-05-04 08:58:00,7.0
LOG219703,W0481,Night,2025-05-13 03:04:00,2025-05-13 09:04:00,6.0
LOG219704,W0220,Night,2025-05-05 14:09:00,2025-05-05 20:09:00,6.0
LOG219706,W0344,Morning,2025-06-25 18:45:00,2025-06-26 02:45:00,8.0
LOG219707,W0205,Night,2025-03-11 17:43:00,2025-03-11 23:43:00,6.0
LOG219708,W0299,Morning,2025-01-17 15:18:00,2025-01-18 00:18:00,9.0
LOG219709,W0227,Morning,2025-04-08 18:26:00,2025-04-09 01:26:00,7.0
LOG219710,W0227,Morning,2025-01-11 07:50:00,2025-01-11 14:50:00,7.0
LOG219711,W0247,Morning,2025-01-21 05:58:00,2025-01-21 14:58:00,9.0
LOG219712,W0336,Night,2025-02-10 02:43:00,2025-02-10 12:43:00,10.0
LOG219713,W0391,Morning,2025-06-28 08:46:00,2025-06-28 16:46:00,8.0
LOG219714,W0255,Evening,2025-01-05 07:02:00,2025-01-05 16:02:00,9.0
LOG219716,W0119,Night,2025-01-14 07:24:00,2025-01-14 14:24:00,7.0
LOG219717,W0373,Night,2025-01-18 06:54:00,2025-01-18 15:54:00,9.0
LOG219718,W0338,Evening,2025-02-03 04:23:00,2025-02-03 13:23:00,9.0
LOG219719,W0332,Night,2025-03-30 10:58:00,2025-03-30 19:58:00,9.0
LOG219721,W0009,Night,2025-03-03 05:34:00,2025-03-03 12:34:00,7.0
LOG219722,W0456,Evening,2025-03-31 08:01:00,2025-03-31 17:01:00,9.0
LOG219723,W0395,Night,2025-03-01 17:57:00,2025-03-01 23:57:00,6.0
LOG219724,W0317,Evening,2025-03-17 20:18:00,2025-03-18 06:18:00,10.0
LOG219725,W0394,Morning,2025-03-28 19:57:00,2025-03-29 03:57:00,8.0
LOG219726,W0040,Evening,2025-05-30 00:37:00,2025-05-30 10:37:00,10.0
LOG219727,W0122,Night,2025-03-03 08:57:00,2025-03-03 15:57:00,7.0
LOG219728,W0435,Night,2025-06-08 14:22:00,2025-06-08 23:22:00,9.0
LOG219729,W0300,Night,2025-02-09 06:04:00,2025-02-09 14:04:00,8.0
LOG219730,W0473,Night,2025-04-11 11:53:00,2025-04-11 21:53:00,10.0
LOG219731,W0216,Evening,2025-04-08 17:19:00,2025-04-08 23:19:00,6.0
LOG219733,W0121,Night,2025-05-20 05:49:00,2025-05-20 12:49:00,7.0
LOG219734,W0287,Morning,2025-02-22 17:18:00,2025-02-23 03:18:00,10.0
LOG219736,W0096,Night,2025-03-22 09:26:00,2025-03-22 18:26:00,9.0
LOG219737,W0231,Evening,2025-05-21 17:40:00,2025-05-22 00:40:00,7.0
LOG219740,W0379,Night,2025-03-27 00:19:00,2025-03-27 10:19:00,10.0
LOG219741,W0201,Night,2025-03-14 18:33:00,2025-03-15 03:33:00,9.0
LOG219742,W0107,Night,2025-05-02 03:36:00,2025-05-02 13:36:00,10.0
LOG219743,W0442,Night,2025-02-22 04:22:00,2025-02-22 14:22:00,10.0
LOG219744,W0302,Morning,2025-02-20 13:56:00,2025-02-20 20:56:00,7.0
LOG219747,W0197,Night,2025-02-13 11:15:00,2025-02-13 20:15:00,9.0
LOG219748,W0334,Morning,2025-03-12 00:20:00,2025-03-12 09:20:00,9.0
LOG219749,W0303,Evening,2025-04-05 19:03:00,2025-04-06 01:03:00,6.0
LOG219750,W0389,Night,2025-03-16 11:53:00,2025-03-16 21:53:00,10.0
LOG219751,W0409,Evening,2025-03-23 22:45:00,2025-03-24 06:45:00,8.0
LOG219752,W0409,Night,2025-05-23 12:26:00,2025-05-23 22:26:00,10.0
LOG219753,W0355,Evening,2025-04-27 21:07:00,2025-04-28 03:07:00,6.0
LOG219754,W0450,Evening,2025-06-14 08:48:00,2025-06-14 17:48:00,9.0
LOG219755,W0228,Morning,2025-03-21 17:51:00,2025-03-22 01:51:00,8.0
LOG219756,W0153,Night,2025-05-05 16:08:00,2025-05-05 22:08:00,6.0
LOG219757,W0354,Morning,2025-01-09 19:06:00,2025-01-10 02:06:00,7.0
LOG219759,W0457,Morning,2025-03-21 21:09:00,2025-03-22 06:09:00,9.0
LOG219760,W0145,Night,2025-02-13 17:13:00,2025-02-14 00:13:00,7.0
LOG219762,W0467,Night,2025-01-29 14:41:00,2025-01-29 21:41:00,7.0
LOG219763,W0048,Evening,2025-05-24 00:44:00,2025-05-24 08:44:00,8.0
LOG219764,W0493,Evening,2025-05-16 23:14:00,2025-05-17 08:14:00,9.0
LOG219767,W0418,Evening,2025-06-27 19:02:00,2025-06-28 03:02:00,8.0
LOG219769,W0315,Night,2025-02-19 02:15:00,2025-02-19 09:15:00,7.0
LOG219772,W0181,Morning,2025-05-03 04:35:00,2025-05-03 12:35:00,8.0
LOG219773,W0097,Evening,2025-01-04 05:39:00,2025-01-04 12:39:00,7.0
LOG219776,W0436,Night,2025-03-27 05:59:00,2025-03-27 13:59:00,8.0
LOG219778,W0254,Morning,2025-01-23 06:31:00,2025-01-23 15:31:00,9.0
LOG219779,W0166,Night,2025-05-20 06:50:00,2025-05-20 16:50:00,10.0
LOG219781,W0217,Evening,2025-04-18 18:54:00,2025-04-19 00:54:00,6.0
LOG219782,W0082,Morning,2025-05-03 07:31:00,2025-05-03 16:31:00,9.0
LOG219783,W0181,Night,2025-05-25 19:33:00,2025-05-26 05:33:00,10.0
LOG219784,W0372,Morning,2025-02-27 06:36:00,2025-02-27 14:36:00,8.0
LOG219786,W0377,Night,2025-03-15 05:44:00,2025-03-15 15:44:00,10.0
LOG219789,W0317,Evening,2025-06-26 22:36:00,2025-06-27 07:36:00,9.0
LOG219791,W0082,Night,2025-01-19 16:40:00,2025-01-19 23:40:00,7.0
LOG219792,W0212,Night,2025-04-15 18:55:00,2025-04-16 04:55:00,10.0
LOG219793,W0337,Night,2025-06-15 10:54:00,2025-06-15 20:54:00,10.0
LOG219796,W0281,Night,2025-06-25 04:28:00,2025-06-25 11:28:00,7.0
LOG219797,W0441,Morning,2025-06-23 23:50:00,2025-06-24 05:50:00,6.0
LOG219798,W0172,Night,2025-03-01 18:00:00,2025-03-02 02:00:00,8.0
LOG219799,W0402,Evening,2025-01-17 17:58:00,2025-01-18 01:58:00,8.0
LOG219800,W0383,Morning,2025-01-14 15:04:00,2025-01-14 22:04:00,7.0
LOG219801,W0291,Morning,2025-02-26 09:02:00,2025-02-26 17:02:00,8.0
LOG219803,W0158,Evening,2025-02-04 10:04:00,2025-02-04 19:04:00,9.0
LOG219804,W0055,Night,2025-05-11 13:29:00,2025-05-11 20:29:00,7.0
LOG219805,W0177,Morning,2025-06-25 08:49:00,2025-06-25 14:49:00,6.0
LOG219806,W0469,Night,2025-05-05 21:11:00,2025-05-06 06:11:00,9.0
LOG219809,W0104,Night,2025-05-11 16:02:00,2025-05-12 00:02:00,8.0
LOG219810,W0197,Morning,2025-06-01 17:21:00,2025-06-02 00:21:00,7.0
LOG219813,W0233,Evening,2025-05-19 07:35:00,2025-05-19 16:35:00,9.0
LOG219816,W0011,Night,2025-06-25 00:33:00,2025-06-25 06:33:00,6.0
LOG219817,W0240,Night,2025-06-24 09:48:00,2025-06-24 18:48:00,9.0
LOG219818,W0470,Evening,2025-03-02 19:17:00,2025-03-03 04:17:00,9.0
LOG219819,W0013,Night,2025-01-13 20:04:00,2025-01-14 06:04:00,10.0
LOG219820,W0139,Evening,2025-05-25 16:37:00,2025-05-25 23:37:00,7.0
LOG219821,W0047,Evening,2025-05-02 18:33:00,2025-05-03 04:33:00,10.0
LOG219823,W0458,Night,2025-02-10 11:32:00,2025-02-10 17:32:00,6.0
LOG219824,W0384,Night,2025-06-04 13:41:00,2025-06-04 19:41:00,6.0
LOG219826,W0093,Night,2025-04-04 11:10:00,2025-04-04 17:10:00,6.0
LOG219827,W0278,Night,2025-02-24 03:40:00,2025-02-24 13:40:00,10.0
LOG219828,W0243,Evening,2025-02-01 20:13:00,2025-02-02 05:13:00,9.0
LOG219829,W0228,Evening,2025-04-22 14:20:00,2025-04-22 23:20:00,9.0
LOG219830,W0483,Night,2025-05-15 13:08:00,2025-05-15 23:08:00,10.0
LOG219831,W0199,Night,2025-06-24 05:32:00,2025-06-24 14:32:00,9.0
LOG219832,W0060,Night,2025-05-22 15:44:00,2025-05-22 22:44:00,7.0
LOG219833,W0288,Night,2025-06-03 07:11:00,2025-06-03 13:11:00,6.0
LOG219834,W0349,Night,2025-05-06 15:21:00,2025-05-06 22:21:00,7.0
LOG219835,W0086,Morning,2025-06-19 04:42:00,2025-06-19 13:42:00,9.0
LOG219837,W0029,Evening,2025-03-31 08:24:00,2025-03-31 14:24:00,6.0
LOG219838,W0210,Night,2025-06-02 04:36:00,2025-06-02 13:36:00,9.0
LOG219839,W0088,Night,2025-03-05 04:05:00,2025-03-05 13:05:00,9.0
LOG219840,W0062,Night,2025-05-13 23:21:00,2025-05-14 08:21:00,9.0
LOG219841,W0164,Evening,2025-06-23 15:34:00,2025-06-24 00:34:00,9.0
LOG219842,W0345,Morning,2025-01-30 11:27:00,2025-01-30 20:27:00,9.0
LOG219843,W0361,Morning,2025-03-13 19:16:00,2025-03-14 05:16:00,10.0
LOG219844,W0307,Night,2025-06-03 14:24:00,2025-06-03 23:24:00,9.0
LOG219845,W0102,Night,2025-05-03 11:41:00,2025-05-03 17:41:00,6.0
LOG219846,W0451,Night,2025-03-06 03:44:00,2025-03-06 12:44:00,9.0
LOG219847,W0180,Night,2025-05-17 14:04:00,2025-05-17 23:04:00,9.0
LOG219848,W0353,Morning,2025-06-09 19:25:00,2025-06-10 02:25:00,7.0
LOG219849,W0468,Evening,2025-04-05 22:13:00,2025-04-06 07:13:00,9.0
LOG219850,W0420,Evening,2025-05-17 08:09:00,2025-05-17 17:09:00,9.0
LOG219851,W0362,Night,2025-06-04 17:38:00,2025-06-05 00:38:00,7.0
LOG219852,W0057,Morning,2025-01-05 09:22:00,2025-01-05 19:22:00,10.0
LOG219853,W0134,Evening,2025-01-11 05:22:00,2025-01-11 14:22:00,9.0
LOG219854,W0376,Night,2025-02-17 09:13:00,2025-02-17 16:13:00,7.0
LOG219855,W0370,Evening,2025-03-10 14:22:00,2025-03-10 23:22:00,9.0
LOG219856,W0255,Morning,2025-03-12 14:25:00,2025-03-13 00:25:00,10.0
LOG219857,W0466,Night,2025-02-16 06:39:00,2025-02-16 15:39:00,9.0
LOG219858,W0110,Night,2025-04-03 03:48:00,2025-04-03 13:48:00,10.0
LOG219859,W0032,Morning,2025-03-30 03:11:00,2025-03-30 10:11:00,7.0
LOG219860,W0254,Morning,2025-01-19 18:06:00,2025-01-20 00:06:00,6.0
LOG219863,W0017,Evening,2025-01-26 02:11:00,2025-01-26 09:11:00,7.0
LOG219864,W0331,Morning,2025-03-22 19:17:00,2025-03-23 05:17:00,10.0
LOG219865,W0427,Night,2025-03-01 01:59:00,2025-03-01 09:59:00,8.0
LOG219866,W0432,Night,2025-02-09 14:05:00,2025-02-09 22:05:00,8.0
LOG219867,W0392,Night,2025-01-09 01:40:00,2025-01-09 11:40:00,10.0
LOG219869,W0190,Evening,2025-06-15 06:38:00,2025-06-15 16:38:00,10.0
LOG219870,W0190,Evening,2025-01-28 18:47:00,2025-01-29 04:47:00,10.0
LOG219871,W0039,Night,2025-01-15 15:19:00,2025-01-15 23:19:00,8.0
LOG219873,W0389,Night,2025-04-21 03:58:00,2025-04-21 12:58:00,9.0
LOG219874,W0031,Night,2025-03-03 08:39:00,2025-03-03 14:39:00,6.0
LOG219875,W0244,Evening,2025-02-19 09:34:00,2025-02-19 15:34:00,6.0
LOG219876,W0058,Morning,2025-04-27 19:40:00,2025-04-28 05:40:00,10.0
LOG219877,W0027,Night,2025-05-17 21:36:00,2025-05-18 07:36:00,10.0
LOG219878,W0402,Night,2025-06-03 10:45:00,2025-06-03 19:45:00,9.0
LOG219879,W0074,Morning,2025-03-08 06:41:00,2025-03-08 14:41:00,8.0
LOG219880,W0154,Night,2025-01-23 21:18:00,2025-01-24 03:18:00,6.0
LOG219882,W0029,Night,2025-01-01 11:04:00,2025-01-01 21:04:00,10.0
LOG219883,W0397,Evening,2025-01-08 14:12:00,2025-01-09 00:12:00,10.0
LOG219884,W0292,Evening,2025-05-29 02:55:00,2025-05-29 08:55:00,6.0
LOG219886,W0204,Night,2025-05-31 08:36:00,2025-05-31 15:36:00,7.0
LOG219887,W0171,Evening,2025-06-08 12:45:00,2025-06-08 22:45:00,10.0
LOG219888,W0469,Morning,2025-06-26 22:38:00,2025-06-27 08:38:00,10.0
LOG219889,W0345,Evening,2025-06-02 15:36:00,2025-06-03 00:36:00,9.0
LOG219890,W0315,Night,2025-03-24 00:07:00,2025-03-24 10:07:00,10.0
LOG219891,W0245,Night,2025-05-22 16:27:00,2025-05-22 22:27:00,6.0
LOG219892,W0164,Night,2025-05-24 16:04:00,2025-05-25 00:04:00,8.0
LOG219894,W0048,Evening,2025-02-07 15:41:00,2025-02-07 22:41:00,7.0
LOG219895,W0064,Night,2025-06-19 21:00:00,2025-06-20 05:00:00,8.0
LOG219896,W0025,Morning,2025-06-23 00:40:00,2025-06-23 08:40:00,8.0
LOG219897,W0498,Night,2025-04-29 05:11:00,2025-04-29 13:11:00,8.0
LOG219901,W0250,Evening,2025-01-19 21:37:00,2025-01-20 05:37:00,8.0
LOG219902,W0444,Night,2025-04-08 05:38:00,2025-04-08 11:38:00,6.0
LOG219903,W0439,Evening,2025-02-04 07:36:00,2025-02-04 15:36:00,8.0
LOG219906,W0461,Night,2025-02-28 06:28:00,2025-02-28 13:28:00,7.0
LOG219907,W0260,Night,2025-03-12 09:36:00,2025-03-12 15:36:00,6.0
LOG219909,W0377,Morning,2025-01-21 16:57:00,2025-01-21 22:57:00,6.0
LOG219910,W0185,Morning,2025-01-29 21:32:00,2025-01-30 07:32:00,10.0
LOG219912,W0060,Morning,2025-05-15 13:08:00,2025-05-15 19:08:00,6.0
LOG219913,W0170,Morning,2025-06-18 03:26:00,2025-06-18 10:26:00,7.0
LOG219914,W0102,Night,2025-04-11 01:48:00,2025-04-11 08:48:00,7.0
LOG219916,W0047,Night,2025-01-19 19:35:00,2025-01-20 02:35:00,7.0
LOG219918,W0020,Night,2025-03-17 17:45:00,2025-03-18 00:45:00,7.0
LOG219919,W0034,Morning,2025-02-02 14:44:00,2025-02-02 21:44:00,7.0
LOG219920,W0142,Morning,2025-02-24 11:45:00,2025-02-24 21:45:00,10.0
LOG219921,W0097,Evening,2025-05-07 06:56:00,2025-05-07 16:56:00,10.0
LOG219922,W0121,Night,2025-06-23 11:01:00,2025-06-23 21:01:00,10.0
LOG219923,W0425,Morning,2025-05-04 03:27:00,2025-05-04 11:27:00,8.0
LOG219927,W0412,Morning,2025-05-28 09:16:00,2025-05-28 19:16:00,10.0
LOG219928,W0073,Night,2025-03-28 09:18:00,2025-03-28 17:18:00,8.0
LOG219929,W0427,Morning,2025-03-10 23:29:00,2025-03-11 05:29:00,6.0
LOG219930,W0384,Morning,2025-04-21 01:06:00,2025-04-21 10:06:00,9.0
LOG219931,W0259,Evening,2025-05-03 19:57:00,2025-05-04 02:57:00,7.0
LOG219932,W0035,Night,2025-02-19 05:51:00,2025-02-19 15:51:00,10.0
LOG219933,W0186,Night,2025-06-08 07:00:00,2025-06-08 17:00:00,10.0
LOG219936,W0042,Night,2025-04-25 21:06:00,2025-04-26 03:06:00,6.0
LOG219937,W0037,Night,2025-05-05 07:54:00,2025-05-05 17:54:00,10.0
LOG219938,W0095,Morning,2025-01-18 12:56:00,2025-01-18 22:56:00,10.0
LOG219939,W0056,Night,2025-01-31 04:22:00,2025-01-31 13:22:00,9.0
LOG219940,W0117,Night,2025-04-22 04:59:00,2025-04-22 12:59:00,8.0
LOG219941,W0454,Night,2025-02-10 00:08:00,2025-02-10 07:08:00,7.0
LOG219942,W0195,Night,2025-06-01 21:09:00,2025-06-02 06:09:00,9.0
LOG219945,W0223,Evening,2025-03-01 16:15:00,2025-03-01 22:15:00,6.0
LOG219946,W0257,Evening,2025-03-27 11:13:00,2025-03-27 19:13:00,8.0
LOG219947,W0053,Night,2025-05-27 22:46:00,2025-05-28 06:46:00,8.0
LOG219948,W0068,Evening,2025-06-09 17:02:00,2025-06-10 00:02:00,7.0
LOG219949,W0182,Evening,2025-02-17 21:36:00,2025-02-18 07:36:00,10.0
LOG219953,W0035,Night,2025-01-23 12:29:00,2025-01-23 22:29:00,10.0
LOG219954,W0351,Night,2025-06-20 16:08:00,2025-06-21 02:08:00,10.0
LOG219956,W0250,Night,2025-04-12 10:25:00,2025-04-12 19:25:00,9.0
LOG219957,W0058,Night,2025-03-06 09:51:00,2025-03-06 18:51:00,9.0
LOG219958,W0104,Morning,2025-01-26 08:04:00,2025-01-26 15:04:00,7.0
LOG219959,W0315,Morning,2025-05-22 03:01:00,2025-05-22 13:01:00,10.0
LOG219960,W0158,Night,2025-01-21 08:32:00,2025-01-21 15:32:00,7.0
LOG219961,W0163,Night,2025-03-27 15:22:00,2025-03-27 22:22:00,7.0
LOG219962,W0057,Morning,2025-01-27 13:26:00,2025-01-27 19:26:00,6.0
LOG219964,W0498,Night,2025-06-06 07:05:00,2025-06-06 17:05:00,10.0
LOG219965,W0228,Morning,2025-02-08 19:33:00,2025-02-09 03:33:00,8.0
LOG219966,W0258,Night,2025-04-14 15:08:00,2025-04-14 23:08:00,8.0
LOG219968,W0397,Morning,2025-06-13 11:48:00,2025-06-13 20:48:00,9.0
LOG219969,W0200,Morning,2025-02-27 03:30:00,2025-02-27 13:30:00,10.0
LOG219971,W0005,Morning,2025-01-31 11:30:00,2025-01-31 18:30:00,7.0
LOG219975,W0260,Night,2025-01-16 21:28:00,2025-01-17 04:28:00,7.0
LOG219976,W0408,Night,2025-04-15 20:43:00,2025-04-16 05:43:00,9.0
LOG219977,W0130,Morning,2025-02-18 09:39:00,2025-02-18 15:39:00,6.0
LOG219979,W0135,Night,2025-01-13 22:26:00,2025-01-14 08:26:00,10.0
LOG219980,W0206,Night,2025-05-01 01:14:00,2025-05-01 07:14:00,6.0
LOG219981,W0068,Night,2025-04-21 03:05:00,2025-04-21 12:05:00,9.0
LOG219984,W0377,Night,2025-04-19 10:43:00,2025-04-19 19:43:00,9.0
LOG219985,W0326,Night,2025-01-07 07:26:00,2025-01-07 14:26:00,7.0
LOG219986,W0266,Night,2025-04-17 20:42:00,2025-04-18 05:42:00,9.0
LOG219987,W0500,Night,2025-05-27 12:39:00,2025-05-27 18:39:00,6.0
LOG219989,W0093,Night,2025-06-11 12:12:00,2025-06-11 22:12:00,10.0
LOG219990,W0205,Night,2025-02-05 00:07:00,2025-02-05 09:07:00,9.0
LOG219991,W0351,Night,2025-05-20 13:48:00,2025-05-20 23:48:00,10.0
LOG219992,W0314,Morning,2025-02-13 20:14:00,2025-02-14 05:14:00,9.0
LOG219994,W0446,Night,2025-05-27 11:08:00,2025-05-27 20:08:00,9.0
LOG219997,W0362,Evening,2025-06-02 02:23:00,2025-06-02 09:23:00,7.0
LOG219998,W0261,Morning,2025-03-26 13:31:00,2025-03-26 20:31:00,7.0
LOG219999,W0029,Night,2025-03-12 14:58:00,2025-03-12 20:58:00,6.0
