operation_id,worker_id,shift,zone,pick_qty,error_flag,operation_time
OP100000,W0243,Evening,E,19.0,0,2025-02-23 10:31:00
OP100002,W0263,Morning,B,9.0,0,2025-01-03 20:19:00
OP100003,W0415,Morning,D,34.0,0,2025-01-28 20:55:00
OP100011,W0108,Morning,B,49.0,0,2025-02-07 08:51:00
OP100012,W0391,Morning,D,11.0,1,2025-02-26 00:42:00
OP100014,W0274,Morning,C,8.0,0,2025-06-12 09:30:00
OP100015,W0233,Morning,E,1.0,1,2025-04-06 05:45:00
OP100016,W0027,Evening,E,27.0,1,2025-05-24 01:56:00
OP100017,W0256,Night,A,24.0,0,2025-04-19 00:46:00
OP100018,W0100,Evening,C,26.0,1,2025-03-09 14:10:00
OP100020,W0468,Night,A,2.0,0,2025-01-26 19:33:00
OP100022,W0087,Morning,C,9.0,1,2025-05-09 11:27:00
OP100024,W0481,Morning,B,7.0,0,2025-02-18 05:57:00
OP100026,W0286,Night,B,17.0,0,2025-06-28 08:50:00
OP100028,W0016,Morning,E,30.0,1,2025-01-29 08:32:00
OP100030,W0336,Evening,C,6.0,0,2025-02-01 02:24:00
OP100031,W0071,Night,A,6.0,0,2025-04-16 22:47:00
OP100038,W0243,Night,E,13.0,0,2025-01-02 12:11:00
OP100039,W0001,Evening,D,27.0,0,2025-01-30 17:15:00
OP100040,W0187,Night,A,39.0,1,2025-05-09 17:27:00
OP100042,W0465,Morning,C,21.0,1,2025-05-07 08:50:00
OP100043,W0083,Morning,E,34.0,0,2025-05-20 05:00:00
OP100044,W0442,Morning,B,15.0,1,2025-04-16 07:23:00
OP100045,W0360,Morning,C,5.0,0,2025-01-02 10:51:00
OP100046,W0063,Morning,E,19.0,0,2025-06-14 12:24:00
OP100048,W0150,Morning,B,12.0,0,2025-06-17 19:59:00
OP100051,W0433,Night,C,5.0,0,2025-03-02 18:10:00
OP100053,W0047,Evening,E,10.0,1,2025-05-24 14:11:00
OP100054,W0335,Night,E,8.0,1,2025-04-14 11:54:00
OP100056,W0139,Night,C,41.0,0,2025-01-11 05:48:00
OP100058,W0269,Morning,E,26.0,1,2025-02-04 18:37:00
OP100063,W0205,Night,C,29.0,0,2025-04-19 08:02:00
OP100065,W0376,Morning,A,7.0,0,2025-02-02 11:19:00
OP100069,W0087,Morning,A,30.0,1,2025-01-16 07:57:00
OP100075,W0496,Morning,E,22.0,0,2025-05-23 11:02:00
OP100081,W0437,Evening,A,25.0,0,2025-05-24 14:03:00
OP100082,W0128,Morning,B,10.0,0,2025-01-22 14:06:00
OP100085,W0294,Morning,E,24.0,0,2025-01-23 19:30:00
OP100088,W0483,Night,C,8.0,0,2025-03-17 17:39:00
OP100089,W0498,Night,E,40.0,1,2025-06-16 15:36:00
OP100093,W0468,Morning,A,41.0,0,2025-02-12 01:06:00
OP100094,W0495,Morning,E,11.0,1,2025-02-05 13:30:00
OP100095,W0294,Morning,A,15.0,0,2025-06-08 15:48:00
OP100100,W0066,Morning,E,45.0,0,2025-06-06 07:11:00
OP100102,W0173,Evening,E,38.0,0,2025-02-18 08:36:00
OP100107,W0339,Morning,C,34.0,0,2025-04-16 14:31:00
OP100109,W0292,Evening,E,23.0,1,2025-05-22 21:46:00
OP100112,W0155,Night,E,3.0,0,2025-04-10 06:19:00
OP100115,W0427,Morning,A,42.0,1,2025-01-24 16:06:00
OP100117,W0446,Night,B,29.0,1,2025-05-23 01:17:00
OP100120,W0312,Morning,C,21.0,0,2025-06-10 05:45:00
OP100122,W0448,Morning,E,47.0,0,2025-06-12 13:28:00
OP100123,W0341,Evening,B,21.0,0,2025-05-07 09:24:00
OP100124,W0405,Morning,C,13.0,1,2025-04-16 07:40:00
OP100125,W0374,Night,E,10.0,0,2025-03-10 04:26:00
OP100126,W0262,Morning,D,17.0,0,2025-01-28 18:23:00
OP100127,W0052,Morning,A,8.0,0,2025-02-03 14:08:00
OP100131,W0432,Morning,B,6.0,1,2025-06-09 17:53:00
OP100132,W0247,Night,A,27.0,0,2025-03-26 10:26:00
OP100133,W0219,Night,B,6.0,0,2025-02-21 20:45:00
OP100136,W0310,Morning,A,40.0,0,2025-02-23 23:34:00
OP100138,W0158,Night,B,19.0,0,2025-05-06 05:36:00
OP100139,W0322,Morning,A,6.0,1,2025-03-01 22:33:00
OP100140,W0297,Morning,D,49.0,1,2025-04-01 21:44:00
OP100146,W0051,Evening,E,9.0,1,2025-04-02 17:39:00
OP100148,W0057,Evening,B,6.0,0,2025-02-23 10:01:00
OP100150,W0168,Morning,D,43.0,0,2025-03-11 10:03:00
OP100153,W0236,Evening,B,12.0,0,2025-06-27 09:37:00
OP100154,W0312,Morning,D,30.0,0,2025-01-06 13:18:00
OP100156,W0012,Morning,D,5.0,0,2025-01-28 08:46:00
OP100158,W0088,Morning,C,44.0,0,2025-03-21 04:23:00
OP100159,W0221,Evening,C,35.0,0,2025-04-24 03:55:00
OP100160,W0377,Morning,B,34.0,1,2025-01-08 18:27:00
OP100162,W0221,Evening,C,6.0,0,2025-01-06 23:33:00
OP100165,W0289,Morning,C,44.0,0,2025-02-18 00:29:00
OP100166,W0102,Night,A,15.0,1,2025-03-14 18:14:00
OP100167,W0314,Night,C,28.0,0,2025-05-22 16:52:00
OP100172,W0098,Morning,B,19.0,0,2025-04-11 14:26:00
OP100173,W0333,Morning,A,31.0,0,2025-06-29 15:06:00
OP100175,W0327,Morning,A,40.0,0,2025-02-10 02:25:00
OP100176,W0227,Night,C,10.0,1,2025-02-28 03:18:00
OP100181,W0137,Night,D,34.0,0,2025-03-13 23:57:00
OP100184,W0136,Morning,E,18.0,1,2025-03-11 22:10:00
OP100185,W0028,Night,C,35.0,0,2025-03-02 06:10:00
OP100186,W0190,Evening,D,27.0,1,2025-05-17 08:08:00
OP100194,W0380,Evening,D,43.0,1,2025-05-13 01:50:00
OP100195,W0295,Morning,D,31.0,0,2025-01-20 19:09:00
OP100197,W0283,Night,A,24.0,0,2025-03-11 15:46:00
OP100198,W0252,Evening,B,5.0,0,2025-05-09 04:10:00
OP100199,W0457,Night,B,37.0,0,2025-03-08 18:07:00
OP100202,W0217,Evening,D,47.0,0,2025-05-06 23:21:00
OP100203,W0061,Night,C,44.0,0,2025-05-28 02:33:00
OP100205,W0146,Morning,B,25.0,0,2025-01-01 05:22:00
OP100207,W0325,Night,C,33.0,0,2025-02-28 15:57:00
OP100211,W0079,Morning,E,17.0,0,2025-01-02 22:19:00
OP100212,W0426,Morning,C,8.0,0,2025-01-03 23:30:00
OP100213,W0423,Morning,A,3.0,0,2025-04-13 08:15:00
OP100215,W0298,Morning,C,3.0,0,2025-04-29 10:08:00
OP100220,W0440,Morning,A,33.0,0,2025-05-17 12:40:00
OP100222,W0150,Evening,E,47.0,1,2025-05-04 06:14:00
OP100223,W0192,Evening,A,10.0,0,2025-06-05 11:03:00
OP100226,W0351,Morning,D,32.0,1,2025-02-19 14:04:00
OP100228,W0209,Morning,D,43.0,0,2025-04-07 14:11:00
OP100230,W0047,Morning,C,1.0,0,2025-04-20 02:10:00
OP100240,W0250,Morning,C,16.0,1,2025-04-07 09:19:00
OP100241,W0108,Night,B,31.0,0,2025-06-15 03:30:00
OP100243,W0261,Evening,B,38.0,0,2025-05-20 08:45:00
OP100245,W0119,Night,B,9.0,1,2025-01-03 00:46:00
OP100249,W0418,Morning,A,17.0,1,2025-06-12 01:50:00
OP100250,W0094,Night,A,16.0,0,2025-01-05 08:34:00
OP100256,W0400,Evening,E,10.0,0,2025-01-17 13:32:00
OP100258,W0306,Evening,D,38.0,0,2025-06-18 20:26:00
OP100259,W0292,Night,B,36.0,1,2025-02-13 14:18:00
OP100262,W0117,Morning,E,5.0,1,2025-01-05 00:18:00
OP100270,W0157,Evening,D,10.0,0,2025-04-28 23:39:00
OP100271,W0206,Morning,D,21.0,0,2025-01-26 04:47:00
OP100273,W0029,Morning,D,45.0,0,2025-01-02 01:52:00
OP100274,W0367,Evening,C,14.0,0,2025-05-11 13:36:00
OP100278,W0415,Evening,C,24.0,1,2025-01-03 09:38:00
OP100279,W0459,Morning,C,3.0,0,2025-06-23 08:06:00
OP100281,W0381,Night,D,29.0,1,2025-06-17 23:56:00
OP100287,W0374,Morning,D,15.0,1,2025-04-21 08:03:00
OP100292,W0280,Night,A,39.0,0,2025-02-12 02:33:00
OP100294,W0347,Night,A,45.0,0,2025-03-16 20:26:00
OP100298,W0410,Evening,D,28.0,0,2025-03-03 22:59:00
OP100299,W0130,Morning,E,47.0,0,2025-03-10 16:50:00
OP100302,W0086,Evening,A,18.0,1,2025-05-18 18:01:00
OP100305,W0283,Morning,C,26.0,0,2025-06-07 23:55:00
OP100306,W0175,Morning,E,23.0,0,2025-06-01 06:06:00
OP100308,W0304,Night,C,47.0,0,2025-06-10 04:47:00
OP100311,W0011,Night,D,33.0,0,2025-05-01 07:44:00
OP100312,W0200,Night,E,44.0,0,2025-05-04 19:57:00
OP100317,W0128,Morning,D,5.0,0,2025-02-27 23:17:00
OP100318,W0287,Evening,D,21.0,0,2025-05-21 04:38:00
OP100320,W0481,Night,E,49.0,0,2025-04-09 03:33:00
OP100321,W0146,Morning,D,4.0,0,2025-03-02 02:52:00
OP100322,W0377,Morning,E,8.0,1,2025-02-10 21:59:00
OP100324,W0002,Morning,B,1.0,0,2025-05-05 19:55:00
OP100327,W0120,Evening,E,49.0,0,2025-06-16 06:59:00
OP100328,W0279,Night,D,32.0,0,2025-01-30 22:11:00
OP100333,W0412,Morning,E,2.0,0,2025-06-06 03:01:00
OP100335,W0447,Morning,D,1.0,0,2025-01-06 12:48:00
OP100338,W0458,Morning,B,9.0,0,2025-01-21 02:30:00
OP100339,W0394,Morning,A,22.0,0,2025-03-22 06:31:00
OP100341,W0458,Night,B,35.0,0,2025-06-01 16:15:00
OP100342,W0343,Morning,C,3.0,0,2025-04-24 14:26:00
OP100344,W0208,Morning,E,7.0,0,2025-05-28 05:22:00
OP100345,W0481,Night,C,14.0,0,2025-01-08 22:07:00
OP100348,W0223,Night,E,12.0,0,2025-01-12 00:16:00
OP100349,W0343,Morning,B,34.0,0,2025-06-13 03:09:00
OP100350,W0179,Night,D,14.0,0,2025-02-27 12:25:00
OP100351,W0266,Morning,B,18.0,0,2025-02-26 08:14:00
OP100352,W0058,Evening,A,45.0,0,2025-02-19 13:28:00
OP100353,W0090,Evening,A,28.0,0,2025-02-01 06:55:00
OP100354,W0307,Night,B,13.0,0,2025-06-23 02:57:00
OP100356,W0426,Night,A,5.0,0,2025-06-29 23:39:00
OP100357,W0445,Night,C,11.0,0,2025-05-06 13:44:00
OP100359,W0479,Night,A,34.0,0,2025-04-22 20:59:00
OP100360,W0256,Morning,D,18.0,1,2025-03-29 06:58:00
OP100362,W0011,Morning,B,3.0,0,2025-02-25 10:43:00
OP100367,W0254,Night,B,48.0,0,2025-03-30 01:29:00
OP100368,W0464,Morning,E,17.0,0,2025-06-25 10:23:00
OP100370,W0282,Evening,E,27.0,0,2025-02-02 08:13:00
OP100373,W0116,Evening,E,4.0,0,2025-05-11 13:32:00
OP100376,W0463,Night,B,28.0,1,2025-03-25 08:00:00
OP100384,W0240,Morning,C,37.0,0,2025-01-26 13:22:00
OP100388,W0094,Night,A,3.0,0,2025-03-22 16:42:00
OP100391,W0033,Night,E,12.0,0,2025-03-06 17:39:00
OP100393,W0309,Morning,C,27.0,0,2025-01-29 06:28:00
OP100395,W0415,Night,C,33.0,0,2025-04-01 15:50:00
OP100397,W0050,Morning,C,33.0,0,2025-03-02 15:26:00
OP100398,W0022,Morning,E,38.0,0,2025-04-11 23:25:00
OP100400,W0303,Evening,B,39.0,0,2025-02-02 09:15:00
OP100401,W0072,Morning,B,38.0,1,2025-01-12 08:23:00
OP100402,W0141,Evening,A,8.0,0,2025-06-03 06:50:00
OP100404,W0217,Morning,A,40.0,0,2025-04-14 09:29:00
OP100405,W0168,Evening,D,13.0,1,2025-03-02 05:00:00
OP100406,W0064,Night,C,47.0,1,2025-03-16 17:26:00
OP100410,W0112,Morning,A,6.0,0,2025-05-11 08:11:00
OP100411,W0032,Night,C,29.0,0,2025-06-18 04:23:00
OP100414,W0325,Morning,B,29.0,0,2025-05-30 23:25:00
OP100415,W0180,Evening,D,5.0,0,2025-02-01 15:18:00
OP100417,W0288,Evening,D,3.0,0,2025-01-03 20:38:00
OP100420,W0008,Night,E,49.0,0,2025-02-23 21:01:00
OP100423,W0462,Evening,E,41.0,0,2025-04-07 19:39:00
OP100429,W0416,Evening,B,27.0,1,2025-06-04 20:27:00
OP100430,W0438,Morning,B,2.0,1,2025-01-21 08:16:00
OP100431,W0006,Night,D,24.0,0,2025-02-24 08:40:00
OP100433,W0019,Morning,E,23.0,0,2025-02-25 01:49:00
OP100434,W0379,Morning,D,20.0,0,2025-06-07 01:23:00
OP100437,W0208,Evening,B,3.0,0,2025-03-31 04:26:00
OP100438,W0157,Morning,B,15.0,1,2025-02-08 23:51:00
OP100439,W0059,Evening,D,19.0,0,2025-01-29 10:15:00
OP100440,W0047,Morning,D,25.0,0,2025-02-04 19:41:00
OP100441,W0487,Morning,B,40.0,0,2025-03-08 12:26:00
OP100442,W0178,Night,D,28.0,0,2025-03-21 03:43:00
OP100445,W0307,Morning,D,37.0,0,2025-04-04 01:48:00
OP100446,W0176,Morning,B,26.0,0,2025-01-16 11:30:00
OP100448,W0336,Morning,D,49.0,1,2025-02-20 09:20:00
OP100450,W0198,Night,B,20.0,0,2025-04-21 09:12:00
OP100453,W0390,Evening,C,13.0,0,2025-06-28 07:51:00
OP100456,W0387,Morning,E,1.0,0,2025-03-06 18:57:00
OP100458,W0364,Night,B,45.0,0,2025-03-28 14:28:00
OP100460,W0403,Night,A,32.0,1,2025-02-11 03:28:00
OP100462,W0498,Night,A,6.0,1,2025-06-21 12:03:00
OP100463,W0062,Evening,B,41.0,0,2025-02-05 02:03:00
OP100464,W0167,Night,B,33.0,0,2025-04-22 23:47:00
OP100470,W0045,Evening,D,37.0,1,2025-01-31 05:24:00
OP100473,W0096,Evening,B,38.0,0,2025-04-25 04:33:00
OP100477,W0139,Evening,E,40.0,1,2025-05-08 02:37:00
OP100478,W0287,Evening,E,12.0,1,2025-01-10 09:36:00
OP100479,W0348,Morning,B,13.0,0,2025-06-26 07:36:00
OP100481,W0342,Night,D,32.0,0,2025-05-23 16:03:00
OP100482,W0296,Morning,D,24.0,0,2025-05-02 16:22:00
OP100483,W0288,Morning,C,38.0,0,2025-03-10 18:24:00
OP100484,W0194,Morning,B,22.0,0,2025-02-16 02:00:00
OP100486,W0086,Evening,C,1.0,0,2025-05-26 12:49:00
OP100488,W0108,Night,E,4.0,0,2025-06-23 04:06:00
OP100489,W0010,Morning,B,24.0,0,2025-06-13 19:22:00
OP100490,W0139,Night,B,12.0,0,2025-03-09 15:23:00
OP100491,W0268,Evening,B,43.0,0,2025-01-17 12:57:00
OP100492,W0175,Evening,A,48.0,0,2025-05-02 17:39:00
OP100493,W0058,Night,A,33.0,0,2025-03-09 14:30:00
OP100496,W0375,Morning,C,42.0,1,2025-06-04 03:10:00
OP100498,W0033,Morning,C,17.0,0,2025-05-13 02:12:00
OP100500,W0047,Morning,B,29.0,0,2025-01-27 18:56:00
OP100501,W0012,Evening,D,11.0,0,2025-02-23 21:30:00
OP100503,W0264,Night,B,38.0,0,2025-04-30 23:13:00
OP100504,W0136,Morning,C,26.0,0,2025-05-24 05:02:00
OP100505,W0336,Evening,D,17.0,0,2025-05-13 16:32:00
OP100509,W0147,Evening,C,23.0,0,2025-05-21 13:52:00
OP100517,W0066,Morning,E,24.0,0,2025-03-06 19:47:00
OP100520,W0096,Night,E,45.0,0,2025-05-16 04:20:00
OP100521,W0206,Evening,B,26.0,0,2025-01-03 10:19:00
OP100524,W0477,Morning,E,32.0,1,2025-01-01 21:03:00
OP100526,W0141,Evening,E,21.0,0,2025-05-31 09:34:00
OP100527,W0465,Morning,D,4.0,0,2025-05-14 13:13:00
OP100531,W0197,Night,C,35.0,0,2025-02-22 18:55:00
OP100533,W0025,Night,C,11.0,1,2025-03-27 17:56:00
OP100534,W0161,Morning,E,17.0,1,2025-06-08 00:59:00
OP100539,W0375,Night,A,38.0,1,2025-02-07 15:00:00
OP100540,W0359,Night,D,23.0,1,2025-02-25 01:18:00
OP100542,W0358,Morning,A,18.0,0,2025-05-10 14:18:00
OP100544,W0436,Night,A,19.0,1,2025-03-12 16:26:00
OP100547,W0154,Morning,B,23.0,1,2025-01-03 23:26:00
OP100549,W0032,Morning,D,14.0,0,2025-05-04 21:21:00
OP100552,W0382,Morning,B,9.0,1,2025-04-24 19:54:00
OP100554,W0014,Morning,C,8.0,0,2025-05-15 22:18:00
OP100555,W0092,Morning,E,49.0,0,2025-03-29 11:25:00
OP100557,W0129,Evening,B,47.0,0,2025-06-06 09:45:00
OP100560,W0284,Evening,D,16.0,0,2025-05-22 17:11:00
OP100561,W0291,Evening,C,40.0,0,2025-01-03 04:23:00
OP100565,W0159,Morning,B,39.0,1,2025-05-14 16:27:00
OP100566,W0326,Morning,E,42.0,0,2025-04-27 12:03:00
OP100567,W0445,Morning,E,40.0,0,2025-02-19 08:23:00
OP100568,W0404,Morning,C,33.0,1,2025-01-22 03:09:00
OP100569,W0134,Evening,E,11.0,1,2025-06-06 10:58:00
OP100576,W0283,Night,D,47.0,0,2025-05-18 17:32:00
OP100578,W0422,Morning,C,2.0,0,2025-03-08 11:50:00
OP100580,W0051,Night,E,18.0,0,2025-05-13 06:24:00
OP100582,W0190,Evening,C,23.0,0,2025-04-12 19:18:00
OP100584,W0287,Evening,B,4.0,1,2025-04-23 11:32:00
OP100586,W0413,Evening,A,48.0,0,2025-04-05 14:56:00
OP100590,W0052,Night,C,41.0,1,2025-05-05 20:51:00
OP100592,W0175,Evening,E,11.0,0,2025-02-18 22:52:00
OP100593,W0122,Evening,E,16.0,1,2025-02-27 03:06:00
OP100594,W0351,Evening,A,40.0,0,2025-02-05 14:08:00
OP100596,W0322,Morning,E,35.0,1,2025-03-22 15:35:00
OP100598,W0420,Evening,D,40.0,1,2025-03-26 08:26:00
OP100602,W0466,Morning,B,20.0,0,2025-03-02 17:22:00
OP100608,W0051,Morning,E,47.0,1,2025-04-12 06:41:00
OP100609,W0172,Night,A,21.0,0,2025-05-25 14:50:00
OP100610,W0210,Evening,C,36.0,0,2025-05-17 20:00:00
OP100615,W0165,Evening,C,28.0,0,2025-03-13 21:43:00
OP100616,W0032,Evening,B,32.0,0,2025-01-22 21:13:00
OP100619,W0018,Night,C,8.0,0,2025-05-12 08:40:00
OP100620,W0256,Night,B,38.0,0,2025-06-14 04:44:00
OP100622,W0079,Morning,D,24.0,0,2025-04-27 19:13:00
OP100626,W0157,Evening,C,22.0,0,2025-06-17 11:18:00
OP100630,W0245,Evening,D,33.0,0,2025-04-14 09:36:00
OP100631,W0134,Morning,D,21.0,0,2025-06-05 21:47:00
OP100632,W0119,Morning,C,7.0,0,2025-06-21 23:10:00
OP100639,W0026,Morning,E,24.0,1,2025-06-13 20:15:00
OP100640,W0208,Night,E,28.0,0,2025-03-31 14:22:00
OP100642,W0400,Morning,E,7.0,0,2025-05-08 07:12:00
OP100643,W0105,Morning,B,15.0,0,2025-01-28 18:40:00
OP100644,W0080,Night,C,16.0,0,2025-06-08 05:12:00
OP100648,W0155,Evening,B,29.0,0,2025-05-30 23:24:00
OP100653,W0259,Morning,E,7.0,0,2025-03-09 12:28:00
OP100654,W0053,Night,A,46.0,1,2025-05-28 00:28:00
OP100660,W0145,Morning,C,37.0,1,2025-06-19 16:54:00
OP100661,W0170,Night,C,23.0,0,2025-06-16 15:14:00
OP100663,W0234,Night,C,32.0,0,2025-04-20 17:38:00
OP100664,W0003,Morning,B,41.0,0,2025-04-04 23:32:00
OP100670,W0200,Morning,E,43.0,0,2025-02-06 16:59:00
OP100671,W0186,Morning,C,14.0,1,2025-04-25 12:01:00
OP100673,W0111,Evening,A,19.0,0,2025-01-23 00:32:00
OP100674,W0037,Morning,D,30.0,0,2025-06-19 03:35:00
OP100676,W0425,Morning,A,27.0,0,2025-03-27 10:20:00
OP100677,W0051,Evening,A,22.0,0,2025-01-08 16:22:00
OP100679,W0350,Night,A,29.0,0,2025-06-22 06:21:00
OP100680,W0405,Morning,C,19.0,0,2025-02-24 15:28:00
OP100681,W0264,Night,B,7.0,0,2025-03-15 19:39:00
OP100682,W0174,Morning,E,24.0,0,2025-01-05 06:07:00
OP100684,W0187,Morning,A,30.0,0,2025-06-25 15:29:00
OP100685,W0035,Morning,C,18.0,1,2025-02-02 00:55:00
OP100686,W0266,Morning,C,9.0,0,2025-03-14 12:01:00
OP100687,W0135,Morning,A,11.0,0,2025-05-25 19:33:00
OP100688,W0436,Morning,D,16.0,0,2025-05-15 18:13:00
OP100690,W0419,Evening,C,9.0,1,2025-06-06 13:29:00
OP100692,W0268,Evening,C,6.0,1,2025-01-07 13:35:00
OP100696,W0225,Evening,C,37.0,0,2025-05-16 11:53:00
OP100698,W0017,Morning,C,35.0,1,2025-04-27 09:17:00
OP100699,W0315,Morning,C,48.0,1,2025-03-23 03:16:00
OP100701,W0116,Evening,E,42.0,0,2025-01-29 09:31:00
OP100702,W0469,Evening,A,47.0,0,2025-01-11 06:20:00
OP100705,W0066,Evening,A,6.0,1,2025-01-05 03:48:00
OP100706,W0069,Evening,C,27.0,0,2025-06-11 02:21:00
OP100707,W0421,Morning,A,25.0,1,2025-05-24 17:17:00
OP100709,W0226,Morning,A,43.0,0,2025-03-26 03:26:00
OP100711,W0450,Morning,B,34.0,0,2025-03-25 03:26:00
OP100712,W0216,Morning,C,28.0,0,2025-04-16 07:39:00
OP100713,W0144,Evening,E,27.0,1,2025-03-21 04:44:00
OP100715,W0023,Morning,E,13.0,1,2025-06-08 18:58:00
OP100716,W0496,Morning,D,38.0,0,2025-03-10 01:40:00
OP100718,W0496,Evening,C,41.0,0,2025-05-07 00:51:00
OP100722,W0304,Morning,D,32.0,0,2025-01-07 02:31:00
OP100723,W0422,Morning,E,10.0,1,2025-01-26 23:00:00
OP100724,W0171,Night,C,36.0,0,2025-02-11 04:50:00
OP100727,W0097,Morning,C,35.0,1,2025-01-06 09:00:00
OP100729,W0331,Morning,C,46.0,0,2025-04-15 04:06:00
OP100730,W0027,Evening,C,14.0,1,2025-02-22 12:44:00
OP100735,W0384,Morning,A,49.0,0,2025-01-07 18:16:00
OP100736,W0480,Morning,D,36.0,0,2025-03-06 17:27:00
OP100737,W0092,Morning,B,34.0,0,2025-03-16 17:01:00
OP100738,W0463,Evening,D,13.0,0,2025-01-31 22:28:00
OP100740,W0068,Evening,D,28.0,0,2025-02-13 00:34:00
OP100742,W0123,Morning,A,15.0,0,2025-01-20 07:07:00
OP100751,W0172,Morning,B,36.0,0,2025-05-01 00:37:00
OP100753,W0095,Evening,E,42.0,0,2025-02-25 15:50:00
OP100757,W0118,Morning,B,19.0,1,2025-04-15 00:38:00
OP100761,W0238,Morning,C,9.0,0,2025-06-03 02:30:00
OP100762,W0203,Morning,C,30.0,0,2025-02-02 20:19:00
OP100763,W0307,Evening,A,22.0,1,2025-06-23 10:25:00
OP100764,W0487,Evening,B,16.0,0,2025-06-26 00:25:00
OP100768,W0119,Night,C,47.0,0,2025-03-14 13:09:00
OP100772,W0200,Morning,E,45.0,0,2025-02-24 11:36:00
OP100773,W0135,Night,C,25.0,0,2025-02-10 17:04:00
OP100774,W0199,Evening,E,39.0,1,2025-03-09 05:07:00
OP100775,W0488,Night,E,4.0,0,2025-02-07 10:01:00
OP100776,W0141,Evening,B,38.0,0,2025-04-24 18:31:00
OP100780,W0138,Evening,D,36.0,0,2025-01-27 01:51:00
OP100783,W0032,Evening,B,37.0,1,2025-06-20 02:24:00
OP100786,W0020,Night,C,6.0,0,2025-06-06 10:37:00
OP100791,W0037,Morning,C,39.0,0,2025-05-16 01:34:00
OP100796,W0025,Morning,E,20.0,1,2025-01-04 05:16:00
OP100797,W0237,Night,A,19.0,0,2025-01-12 15:31:00
OP100799,W0034,Evening,A,19.0,0,2025-02-15 04:16:00
OP100800,W0140,Morning,C,43.0,0,2025-05-17 09:50:00
OP100801,W0371,Morning,A,48.0,1,2025-02-13 20:42:00
OP100802,W0329,Morning,C,1.0,1,2025-01-23 22:21:00
OP100810,W0107,Evening,A,48.0,0,2025-06-26 06:30:00
OP100811,W0364,Morning,D,39.0,0,2025-03-10 18:37:00
OP100812,W0379,Morning,D,25.0,1,2025-01-30 13:19:00
OP100814,W0479,Evening,C,43.0,0,2025-01-27 21:30:00
OP100817,W0042,Morning,B,41.0,1,2025-02-22 20:04:00
OP100824,W0027,Night,C,9.0,0,2025-04-30 12:35:00
OP100832,W0324,Morning,B,29.0,1,2025-05-30 10:56:00
OP100834,W0286,Evening,B,26.0,0,2025-03-02 12:02:00
OP100835,W0131,Morning,E,41.0,0,2025-01-12 16:42:00
OP100839,W0130,Evening,C,8.0,0,2025-01-07 22:28:00
OP100841,W0267,Morning,B,36.0,1,2025-03-27 07:45:00
OP100847,W0446,Morning,A,14.0,1,2025-04-14 01:05:00
OP100849,W0288,Evening,D,38.0,1,2025-01-08 13:30:00
OP100851,W0272,Night,E,36.0,0,2025-05-21 01:45:00
OP100854,W0366,Morning,D,38.0,0,2025-03-30 13:53:00
OP100855,W0395,Morning,C,6.0,1,2025-05-11 13:58:00
OP100856,W0040,Evening,D,4.0,0,2025-05-25 06:45:00
OP100857,W0208,Night,D,29.0,1,2025-01-07 18:24:00
OP100860,W0243,Morning,B,4.0,0,2025-02-25 06:02:00
OP100865,W0272,Night,B,18.0,0,2025-01-30 10:08:00
OP100868,W0341,Evening,E,44.0,0,2025-04-20 21:14:00
OP100873,W0455,Morning,A,43.0,0,2025-03-05 19:19:00
OP100879,W0335,Evening,E,11.0,0,2025-05-14 05:39:00
OP100880,W0310,Morning,E,7.0,0,2025-03-05 10:03:00
OP100881,W0476,Evening,C,6.0,1,2025-04-09 00:27:00
OP100882,W0477,Night,E,35.0,0,2025-02-21 01:36:00
OP100883,W0120,Evening,A,23.0,0,2025-04-20 13:32:00
OP100886,W0445,Night,A,39.0,0,2025-06-22 15:16:00
OP100888,W0221,Evening,D,21.0,0,2025-04-10 14:33:00
OP100892,W0425,Evening,B,42.0,0,2025-04-26 03:33:00
OP100896,W0168,Evening,E,39.0,0,2025-01-03 20:30:00
OP100900,W0109,Morning,A,30.0,0,2025-01-09 06:34:00
OP100904,W0331,Morning,D,48.0,0,2025-01-14 13:01:00
OP100906,W0383,Morning,D,38.0,1,2025-03-01 02:07:00
OP100910,W0394,Night,C,15.0,0,2025-04-03 13:17:00
OP100913,W0377,Morning,C,39.0,0,2025-04-15 03:39:00
OP100914,W0048,Morning,E,34.0,0,2025-03-08 09:22:00
OP100922,W0221,Evening,A,21.0,1,2025-05-23 17:45:00
OP100924,W0194,Morning,D,48.0,0,2025-02-21 05:27:00
OP100926,W0132,Evening,E,7.0,0,2025-03-29 14:04:00
OP100927,W0428,Morning,C,5.0,1,2025-04-25 23:31:00
OP100930,W0152,Evening,D,25.0,0,2025-01-15 05:12:00
OP100936,W0118,Evening,A,48.0,1,2025-02-07 00:15:00
OP100938,W0327,Night,A,12.0,0,2025-02-08 14:23:00
OP100940,W0420,Morning,C,4.0,0,2025-05-29 06:04:00
OP100941,W0422,Evening,D,17.0,0,2025-04-10 02:00:00
OP100952,W0222,Morning,E,34.0,0,2025-03-31 22:48:00
OP100957,W0094,Morning,A,46.0,0,2025-03-16 02:55:00
OP100959,W0020,Morning,B,35.0,0,2025-03-18 10:54:00
OP100960,W0006,Morning,D,6.0,0,2025-05-18 23:31:00
OP100961,W0245,Morning,B,28.0,1,2025-06-18 06:33:00
OP100965,W0086,Morning,A,46.0,0,2025-02-22 09:55:00
OP100966,W0250,Morning,C,25.0,0,2025-02-08 06:49:00
OP100968,W0018,Evening,A,32.0,0,2025-01-14 01:48:00
OP100970,W0056,Evening,E,15.0,0,2025-04-04 05:20:00
OP100972,W0331,Morning,C,42.0,0,2025-05-17 19:10:00
OP100973,W0263,Morning,B,49.0,0,2025-05-04 01:38:00
OP100975,W0397,Evening,D,15.0,0,2025-03-09 09:41:00
OP100981,W0214,Evening,E,46.0,0,2025-04-17 15:04:00
OP100986,W0247,Morning,C,42.0,1,2025-05-11 07:11:00
OP100987,W0103,Night,C,19.0,0,2025-03-14 23:41:00
OP100997,W0025,Night,E,26.0,0,2025-01-13 04:44:00
OP100999,W0194,Night,B,11.0,1,2025-02-02 12:22:00
OP101003,W0214,Evening,B,45.0,1,2025-02-24 12:41:00
OP101005,W0284,Morning,B,29.0,1,2025-05-22 03:08:00
OP101007,W0379,Evening,B,32.0,0,2025-03-10 11:03:00
OP101009,W0465,Evening,C,25.0,0,2025-01-29 01:24:00
OP101014,W0297,Night,A,22.0,0,2025-04-04 00:24:00
OP101015,W0497,Night,E,13.0,0,2025-01-26 20:30:00
OP101017,W0084,Morning,E,32.0,1,2025-06-27 15:32:00
OP101019,W0224,Morning,C,17.0,0,2025-06-21 02:22:00
OP101021,W0176,Morning,E,22.0,0,2025-06-11 03:35:00
OP101024,W0320,Morning,D,40.0,0,2025-05-18 15:43:00
OP101027,W0150,Morning,E,1.0,0,2025-06-03 06:35:00
OP101029,W0170,Morning,C,19.0,1,2025-03-18 22:51:00
OP101031,W0079,Morning,A,18.0,0,2025-03-10 10:08:00
OP101033,W0318,Morning,C,32.0,0,2025-05-17 07:51:00
OP101034,W0435,Morning,E,40.0,0,2025-01-03 18:12:00
OP101040,W0032,Morning,A,4.0,0,2025-01-30 05:22:00
OP101041,W0442,Night,B,45.0,0,2025-06-02 13:54:00
OP101043,W0039,Evening,B,21.0,0,2025-02-11 11:01:00
OP101044,W0469,Morning,A,40.0,0,2025-05-23 13:18:00
OP101047,W0171,Night,A,39.0,0,2025-01-23 17:14:00
OP101053,W0012,Evening,E,39.0,1,2025-04-29 11:51:00
OP101056,W0042,Night,A,49.0,0,2025-01-03 09:14:00
OP101057,W0138,Evening,D,20.0,0,2025-05-31 13:43:00
OP101059,W0329,Morning,A,12.0,0,2025-06-10 11:51:00
OP101060,W0446,Morning,B,43.0,0,2025-03-19 17:35:00
OP101062,W0248,Morning,E,18.0,1,2025-02-17 00:58:00
OP101065,W0232,Morning,C,36.0,0,2025-04-22 03:16:00
OP101067,W0129,Night,D,22.0,0,2025-03-01 20:50:00
OP101068,W0377,Morning,E,3.0,0,2025-05-23 02:23:00
OP101071,W0157,Evening,E,20.0,0,2025-02-17 05:46:00
OP101072,W0315,Morning,B,24.0,1,2025-05-16 16:40:00
OP101073,W0429,Morning,E,33.0,0,2025-01-21 12:06:00
OP101075,W0296,Night,E,26.0,1,2025-04-28 14:23:00
OP101077,W0096,Morning,A,47.0,0,2025-03-08 21:34:00
OP101078,W0267,Morning,C,18.0,0,2025-05-16 23:37:00
OP101080,W0365,Morning,E,25.0,0,2025-03-22 15:23:00
OP101082,W0220,Morning,A,14.0,0,2025-02-13 15:22:00
OP101084,W0217,Evening,A,43.0,0,2025-04-06 21:14:00
OP101086,W0162,Night,C,5.0,1,2025-03-31 07:33:00
OP101087,W0489,Morning,A,18.0,0,2025-01-02 17:34:00
OP101091,W0425,Evening,A,4.0,0,2025-01-18 10:57:00
OP101093,W0203,Morning,C,19.0,1,2025-06-21 19:24:00
OP101094,W0240,Night,A,24.0,1,2025-03-02 19:44:00
OP101095,W0406,Night,A,43.0,0,2025-04-30 10:47:00
OP101096,W0110,Night,B,27.0,0,2025-05-22 08:39:00
OP101097,W0348,Evening,C,2.0,0,2025-03-30 04:28:00
OP101098,W0330,Morning,B,8.0,0,2025-02-18 10:38:00
OP101103,W0047,Night,B,40.0,0,2025-05-14 07:17:00
OP101104,W0157,Night,D,22.0,0,2025-04-19 14:32:00
OP101107,W0348,Morning,B,16.0,0,2025-05-17 04:01:00
OP101108,W0115,Evening,E,36.0,0,2025-06-22 16:53:00
OP101109,W0272,Night,A,27.0,1,2025-01-03 03:12:00
OP101111,W0447,Evening,A,22.0,0,2025-04-30 08:04:00
OP101114,W0003,Evening,E,33.0,0,2025-06-04 06:09:00
OP101115,W0326,Evening,C,22.0,1,2025-05-10 13:58:00
OP101116,W0465,Night,B,26.0,1,2025-03-15 11:43:00
OP101117,W0295,Morning,E,2.0,1,2025-01-12 15:22:00
OP101118,W0457,Morning,D,26.0,0,2025-02-01 10:11:00
OP101119,W0457,Evening,A,5.0,0,2025-06-03 11:44:00
OP101120,W0173,Morning,D,6.0,0,2025-06-22 13:07:00
OP101121,W0056,Morning,C,8.0,0,2025-02-22 11:04:00
OP101123,W0352,Morning,C,39.0,0,2025-03-21 17:19:00
OP101124,W0399,Night,A,6.0,1,2025-04-29 20:06:00
OP101125,W0011,Morning,D,14.0,0,2025-04-04 22:56:00
OP101128,W0013,Morning,D,29.0,0,2025-02-08 14:34:00
OP101130,W0173,Evening,C,27.0,0,2025-02-12 08:06:00
OP101133,W0157,Morning,D,5.0,0,2025-03-07 16:11:00
OP101134,W0287,Morning,B,8.0,1,2025-01-31 11:50:00
OP101136,W0322,Morning,D,16.0,0,2025-06-12 10:45:00
OP101144,W0500,Morning,A,45.0,0,2025-01-07 22:40:00
OP101146,W0495,Evening,A,49.0,0,2025-06-28 23:46:00
OP101147,W0050,Night,C,12.0,0,2025-04-16 18:49:00
OP101149,W0053,Morning,C,27.0,0,2025-05-07 07:03:00
OP101152,W0319,Morning,A,21.0,0,2025-06-27 06:24:00
OP101153,W0283,Night,C,20.0,0,2025-01-27 04:39:00
OP101155,W0396,Evening,B,10.0,0,2025-02-23 02:24:00
OP101158,W0066,Morning,C,30.0,0,2025-02-21 14:22:00
OP101161,W0268,Night,E,11.0,0,2025-03-19 14:52:00
OP101165,W0138,Evening,A,1.0,0,2025-05-16 07:33:00
OP101167,W0381,Evening,A,37.0,0,2025-04-07 21:26:00
OP101169,W0405,Evening,B,21.0,0,2025-01-18 22:32:00
OP101170,W0477,Evening,C,18.0,1,2025-06-19 22:29:00
OP101172,W0138,Night,C,12.0,1,2025-01-11 16:50:00
OP101173,W0159,Morning,A,19.0,1,2025-06-21 22:23:00
OP101174,W0415,Evening,E,6.0,0,2025-06-14 01:28:00
OP101175,W0179,Night,C,49.0,0,2025-02-09 08:42:00
OP101184,W0049,Night,E,46.0,0,2025-05-02 22:29:00
OP101185,W0310,Morning,E,46.0,1,2025-02-11 21:33:00
OP101186,W0090,Morning,C,36.0,0,2025-06-22 11:10:00
OP101187,W0147,Morning,C,10.0,0,2025-02-13 11:40:00
OP101192,W0096,Morning,A,4.0,1,2025-05-11 21:27:00
OP101196,W0050,Evening,D,13.0,0,2025-06-19 04:06:00
OP101202,W0135,Morning,A,29.0,0,2025-03-11 20:50:00
OP101206,W0428,Night,E,18.0,0,2025-05-07 06:47:00
OP101207,W0495,Evening,D,11.0,0,2025-06-02 16:46:00
OP101210,W0286,Morning,D,4.0,0,2025-02-25 15:47:00
OP101211,W0376,Evening,C,36.0,0,2025-05-02 18:33:00
OP101212,W0237,Evening,E,8.0,0,2025-05-06 15:56:00
OP101213,W0277,Evening,E,29.0,1,2025-02-10 06:42:00
OP101214,W0263,Morning,E,22.0,0,2025-01-19 02:26:00
OP101215,W0273,Evening,C,24.0,0,2025-02-18 06:57:00
OP101217,W0171,Morning,B,1.0,1,2025-02-28 21:16:00
OP101218,W0211,Morning,E,35.0,1,2025-01-26 18:10:00
OP101222,W0303,Evening,E,44.0,0,2025-05-14 07:31:00
OP101227,W0202,Morning,A,48.0,0,2025-06-25 21:48:00
OP101228,W0208,Night,C,37.0,1,2025-01-25 01:24:00
OP101229,W0306,Evening,D,5.0,0,2025-03-25 01:35:00
OP101233,W0272,Morning,D,34.0,0,2025-05-21 06:15:00
OP101241,W0449,Morning,B,23.0,0,2025-02-09 17:36:00
OP101242,W0225,Morning,E,12.0,0,2025-06-19 00:08:00
OP101245,W0305,Morning,C,43.0,1,2025-04-30 11:06:00
OP101246,W0283,Evening,B,34.0,1,2025-05-07 05:43:00
OP101250,W0407,Night,C,30.0,0,2025-05-06 17:18:00
OP101251,W0217,Morning,C,22.0,0,2025-06-24 00:35:00
OP101254,W0052,Morning,B,13.0,0,2025-06-29 23:06:00
OP101255,W0296,Morning,D,1.0,0,2025-05-02 22:12:00
OP101261,W0181,Morning,C,10.0,0,2025-02-02 05:13:00
OP101263,W0185,Morning,E,32.0,1,2025-03-25 21:09:00
OP101265,W0046,Night,A,29.0,0,2025-03-21 12:18:00
OP101268,W0112,Evening,C,1.0,1,2025-06-27 04:21:00
OP101269,W0216,Morning,A,49.0,0,2025-05-23 05:05:00
OP101276,W0341,Night,D,49.0,0,2025-01-16 06:05:00
OP101279,W0352,Morning,C,20.0,0,2025-01-13 13:12:00
OP101280,W0253,Night,D,21.0,0,2025-04-20 04:52:00
OP101283,W0090,Evening,A,7.0,1,2025-04-28 10:33:00
OP101284,W0385,Evening,D,5.0,0,2025-01-04 02:48:00
OP101285,W0423,Morning,C,18.0,0,2025-01-02 06:10:00
OP101287,W0243,Morning,E,41.0,0,2025-05-22 16:40:00
OP101288,W0405,Evening,A,8.0,0,2025-02-02 19:08:00
OP101290,W0300,Evening,C,33.0,0,2025-06-06 19:10:00
OP101292,W0216,Morning,C,30.0,0,2025-06-20 04:38:00
OP101293,W0012,Night,E,14.0,0,2025-01-27 14:05:00
OP101294,W0465,Morning,A,2.0,0,2025-04-28 15:34:00
OP101295,W0197,Night,C,7.0,1,2025-04-08 17:00:00
OP101298,W0449,Morning,A,14.0,0,2025-06-05 21:07:00
OP101299,W0166,Morning,E,26.0,0,2025-04-04 03:53:00
OP101303,W0171,Night,A,32.0,0,2025-05-03 08:18:00
OP101306,W0035,Evening,B,15.0,0,2025-01-05 07:21:00
OP101307,W0061,Morning,E,19.0,0,2025-02-15 13:30:00
OP101309,W0235,Night,C,9.0,0,2025-05-13 12:19:00
OP101312,W0490,Morning,D,42.0,1,2025-04-10 13:09:00
OP101316,W0286,Morning,A,26.0,0,2025-04-15 06:07:00
OP101317,W0079,Night,B,25.0,0,2025-06-02 08:57:00
OP101319,W0455,Night,B,16.0,1,2025-02-22 20:32:00
OP101321,W0243,Night,C,19.0,1,2025-03-06 22:52:00
OP101323,W0421,Evening,A,10.0,0,2025-03-05 01:41:00
OP101324,W0249,Evening,D,37.0,0,2025-05-10 11:53:00
OP101325,W0318,Night,C,23.0,0,2025-06-14 08:47:00
OP101328,W0086,Night,D,12.0,1,2025-01-31 16:46:00
OP101329,W0008,Evening,C,46.0,1,2025-06-15 08:22:00
OP101333,W0409,Night,C,1.0,0,2025-03-09 03:06:00
OP101334,W0198,Morning,D,29.0,1,2025-04-20 17:10:00
OP101335,W0246,Morning,C,7.0,0,2025-04-05 13:15:00
OP101337,W0495,Morning,D,37.0,0,2025-02-04 14:01:00
OP101342,W0193,Evening,E,2.0,0,2025-03-27 17:22:00
OP101343,W0256,Evening,A,33.0,1,2025-01-12 13:13:00
OP101347,W0245,Morning,A,3.0,0,2025-03-29 01:47:00
OP101348,W0133,Morning,D,11.0,1,2025-02-20 01:41:00
OP101349,W0315,Evening,D,11.0,1,2025-01-25 20:13:00
OP101350,W0301,Night,A,5.0,0,2025-02-27 04:44:00
OP101351,W0013,Evening,A,30.0,0,2025-03-06 02:34:00
OP101353,W0107,Morning,C,42.0,0,2025-05-24 01:19:00
OP101354,W0320,Evening,C,49.0,0,2025-06-17 05:43:00
OP101356,W0410,Evening,D,39.0,0,2025-06-21 15:12:00
OP101361,W0244,Night,C,39.0,1,2025-04-26 17:13:00
OP101364,W0105,Evening,C,37.0,1,2025-03-17 12:18:00
OP101366,W0211,Morning,D,46.0,1,2025-01-10 13:46:00
OP101367,W0055,Evening,E,14.0,1,2025-06-12 20:39:00
OP101370,W0262,Morning,E,4.0,0,2025-05-12 21:26:00
OP101371,W0362,Evening,B,29.0,0,2025-04-09 20:19:00
OP101372,W0107,Morning,B,1.0,1,2025-03-11 16:32:00
OP101373,W0225,Night,E,22.0,1,2025-06-23 00:49:00
OP101374,W0248,Evening,D,23.0,1,2025-02-04 09:05:00
OP101376,W0324,Night,C,29.0,0,2025-06-16 01:33:00
OP101378,W0108,Morning,D,9.0,0,2025-04-14 02:25:00
OP101380,W0386,Morning,E,4.0,0,2025-03-29 00:06:00
OP101381,W0098,Night,B,37.0,0,2025-02-22 01:02:00
OP101382,W0067,Morning,D,34.0,0,2025-03-26 16:27:00
OP101383,W0472,Morning,E,6.0,0,2025-05-22 02:24:00
OP101384,W0329,Morning,D,8.0,0,2025-05-26 12:46:00
OP101387,W0009,Night,B,1.0,1,2025-02-03 23:55:00
OP101388,W0452,Night,A,33.0,1,2025-03-03 12:49:00
OP101396,W0433,Morning,C,29.0,0,2025-01-12 12:02:00
OP101397,W0104,Evening,D,24.0,0,2025-02-14 04:45:00
OP101399,W0041,Evening,E,35.0,0,2025-01-25 09:53:00
OP101401,W0138,Morning,D,32.0,0,2025-05-14 19:52:00
OP101402,W0223,Night,A,33.0,1,2025-05-12 06:11:00
OP101403,W0473,Morning,E,42.0,0,2025-05-20 04:50:00
OP101404,W0091,Morning,C,27.0,1,2025-01-30 14:11:00
OP101405,W0304,Night,B,15.0,1,2025-01-27 15:00:00
OP101407,W0393,Morning,B,36.0,1,2025-02-14 00:09:00
OP101410,W0421,Night,A,21.0,0,2025-01-29 07:50:00
OP101415,W0053,Evening,D,48.0,0,2025-06-03 18:17:00
OP101416,W0112,Night,C,16.0,0,2025-03-18 05:49:00
OP101417,W0058,Morning,D,2.0,0,2025-04-29 07:53:00
OP101420,W0279,Morning,B,15.0,1,2025-05-12 23:54:00
OP101426,W0066,Morning,A,11.0,0,2025-05-31 08:00:00
OP101427,W0125,Morning,C,15.0,1,2025-06-05 01:33:00
OP101432,W0032,Evening,D,9.0,1,2025-05-24 08:53:00
OP101435,W0498,Night,D,1.0,0,2025-02-23 04:58:00
OP101439,W0352,Morning,B,5.0,0,2025-06-07 22:46:00
OP101440,W0470,Evening,D,4.0,1,2025-01-17 11:02:00
OP101444,W0324,Morning,C,47.0,0,2025-03-22 05:18:00
OP101447,W0128,Morning,A,24.0,0,2025-04-13 18:22:00
OP101448,W0368,Morning,B,37.0,0,2025-06-22 20:23:00
OP101449,W0075,Evening,B,14.0,0,2025-04-18 12:47:00
OP101451,W0027,Morning,C,49.0,0,2025-03-06 02:26:00
OP101452,W0318,Evening,E,33.0,0,2025-06-24 05:10:00
OP101453,W0139,Morning,B,48.0,0,2025-01-04 13:01:00
OP101455,W0323,Evening,D,8.0,1,2025-04-15 05:16:00
OP101459,W0451,Evening,D,32.0,0,2025-06-06 16:17:00
OP101460,W0336,Evening,B,24.0,0,2025-03-20 01:59:00
OP101462,W0107,Evening,B,24.0,0,2025-01-23 20:54:00
OP101463,W0311,Morning,D,2.0,0,2025-05-14 09:05:00
OP101466,W0300,Morning,C,25.0,1,2025-02-03 20:34:00
OP101470,W0204,Evening,A,31.0,0,2025-06-02 01:41:00
OP101472,W0194,Morning,C,14.0,1,2025-04-08 21:40:00
OP101473,W0467,Morning,E,9.0,0,2025-01-06 09:52:00
OP101475,W0243,Night,C,47.0,1,2025-05-01 18:03:00
OP101477,W0144,Morning,C,9.0,0,2025-05-07 04:38:00
OP101479,W0107,Evening,E,37.0,0,2025-03-27 09:13:00
OP101481,W0057,Morning,A,21.0,0,2025-03-29 17:09:00
OP101483,W0429,Morning,C,41.0,0,2025-04-23 07:56:00
OP101484,W0216,Night,B,19.0,1,2025-02-10 07:09:00
OP101488,W0346,Morning,A,38.0,0,2025-05-16 04:42:00
OP101489,W0002,Morning,E,32.0,0,2025-02-21 05:20:00
OP101490,W0165,Morning,B,48.0,0,2025-01-25 20:50:00
OP101494,W0424,Morning,D,10.0,1,2025-06-05 08:32:00
OP101497,W0100,Morning,D,4.0,1,2025-03-30 09:56:00
OP101498,W0142,Morning,E,48.0,0,2025-05-26 13:52:00
OP101499,W0121,Night,E,29.0,0,2025-06-24 23:08:00
OP101502,W0264,Morning,C,34.0,0,2025-05-19 17:33:00
OP101503,W0128,Evening,D,11.0,0,2025-04-05 05:20:00
OP101504,W0430,Night,E,38.0,0,2025-04-28 17:52:00
OP101506,W0026,Morning,A,31.0,0,2025-03-08 17:46:00
OP101507,W0320,Morning,A,10.0,1,2025-01-03 08:06:00
OP101513,W0115,Night,A,45.0,1,2025-04-04 08:30:00
OP101516,W0471,Morning,E,35.0,1,2025-05-18 15:08:00
OP101517,W0328,Evening,E,4.0,0,2025-06-03 13:54:00
OP101521,W0161,Morning,C,45.0,0,2025-06-13 03:10:00
OP101523,W0209,Night,B,11.0,0,2025-03-03 22:57:00
OP101527,W0465,Evening,B,15.0,0,2025-05-04 20:56:00
OP101528,W0166,Morning,A,43.0,1,2025-03-24 03:42:00
OP101529,W0025,Evening,A,37.0,1,2025-04-21 18:11:00
OP101531,W0290,Morning,E,21.0,1,2025-02-21 06:51:00
OP101534,W0294,Night,E,17.0,0,2025-06-11 05:22:00
OP101535,W0137,Morning,E,20.0,0,2025-05-16 08:57:00
OP101536,W0414,Evening,B,25.0,0,2025-02-15 14:07:00
OP101537,W0021,Morning,A,44.0,0,2025-04-26 12:14:00
OP101538,W0303,Morning,A,36.0,0,2025-05-28 08:58:00
OP101542,W0097,Morning,A,40.0,0,2025-04-16 07:33:00
OP101543,W0259,Night,D,24.0,0,2025-04-29 16:12:00
OP101544,W0494,Morning,B,18.0,0,2025-03-20 08:18:00
OP101545,W0450,Morning,C,47.0,0,2025-05-12 12:22:00
OP101547,W0356,Morning,D,17.0,1,2025-03-03 06:57:00
OP101548,W0005,Night,C,38.0,1,2025-01-23 10:56:00
OP101549,W0155,Night,B,49.0,1,2025-03-12 06:31:00
OP101550,W0337,Morning,B,36.0,0,2025-04-29 22:45:00
OP101554,W0312,Night,E,36.0,1,2025-04-14 03:10:00
OP101555,W0119,Morning,B,26.0,0,2025-01-07 13:51:00
OP101559,W0078,Morning,D,5.0,0,2025-02-19 10:52:00
OP101560,W0314,Morning,C,49.0,0,2025-02-02 20:55:00
OP101564,W0205,Evening,A,37.0,1,2025-05-04 13:18:00
OP101566,W0247,Evening,D,21.0,0,2025-03-29 17:04:00
OP101567,W0314,Morning,C,3.0,1,2025-06-13 12:52:00
OP101569,W0304,Night,B,5.0,0,2025-04-22 08:15:00
OP101570,W0449,Night,C,26.0,0,2025-06-11 13:45:00
OP101571,W0403,Morning,E,36.0,0,2025-03-10 06:29:00
OP101576,W0205,Night,D,28.0,0,2025-02-05 03:29:00
OP101579,W0215,Evening,B,6.0,0,2025-01-13 21:10:00
OP101580,W0383,Evening,D,18.0,0,2025-04-19 20:26:00
OP101584,W0139,Morning,D,7.0,1,2025-01-22 04:31:00
OP101585,W0098,Night,B,44.0,0,2025-01-23 00:39:00
OP101587,W0007,Morning,A,40.0,1,2025-05-05 07:32:00
OP101590,W0317,Night,D,39.0,0,2025-05-11 02:42:00
OP101592,W0171,Morning,C,26.0,0,2025-02-13 23:30:00
OP101594,W0196,Evening,D,25.0,0,2025-06-23 21:32:00
OP101599,W0162,Morning,D,27.0,0,2025-03-10 02:06:00
OP101601,W0044,Night,E,22.0,0,2025-02-20 00:24:00
OP101602,W0163,Evening,C,5.0,0,2025-06-07 23:00:00
OP101607,W0471,Morning,E,13.0,0,2025-05-03 01:47:00
OP101608,W0099,Morning,B,18.0,0,2025-01-04 11:39:00
OP101609,W0380,Night,C,4.0,1,2025-02-26 21:35:00
OP101612,W0487,Night,C,36.0,0,2025-02-24 16:31:00
OP101613,W0335,Morning,D,40.0,0,2025-06-01 00:43:00
OP101618,W0123,Morning,D,47.0,0,2025-01-22 12:06:00
OP101620,W0142,Morning,C,28.0,1,2025-06-05 19:22:00
OP101621,W0006,Morning,B,21.0,1,2025-04-26 11:47:00
OP101625,W0160,Morning,D,47.0,0,2025-02-12 15:04:00
OP101629,W0259,Morning,A,34.0,0,2025-03-01 09:03:00
OP101630,W0199,Night,D,5.0,0,2025-02-01 20:14:00
OP101635,W0074,Morning,A,1.0,0,2025-04-24 18:18:00
OP101636,W0490,Morning,B,30.0,1,2025-04-19 10:58:00
OP101638,W0397,Morning,D,40.0,0,2025-06-22 00:20:00
OP101640,W0343,Night,B,48.0,0,2025-02-04 12:29:00
OP101642,W0257,Night,A,41.0,0,2025-05-07 09:31:00
OP101644,W0267,Evening,E,45.0,0,2025-05-17 02:44:00
OP101652,W0125,Night,D,9.0,0,2025-02-07 09:25:00
OP101656,W0187,Night,B,20.0,1,2025-02-13 01:38:00
OP101657,W0193,Evening,A,7.0,0,2025-06-20 13:57:00
OP101660,W0459,Night,B,34.0,0,2025-06-12 19:31:00
OP101662,W0206,Morning,E,14.0,0,2025-06-09 05:57:00
OP101663,W0361,Morning,A,8.0,0,2025-01-04 13:52:00
OP101664,W0057,Morning,B,34.0,0,2025-01-25 02:58:00
OP101665,W0283,Morning,E,26.0,0,2025-06-26 02:05:00
OP101666,W0174,Night,A,26.0,0,2025-04-25 05:29:00
OP101667,W0448,Morning,C,4.0,1,2025-05-07 12:29:00
OP101668,W0497,Evening,C,27.0,0,2025-06-29 11:51:00
OP101669,W0162,Night,D,37.0,0,2025-06-16 12:13:00
OP101670,W0209,Evening,C,18.0,0,2025-04-26 18:54:00
OP101672,W0394,Evening,D,36.0,1,2025-03-27 06:33:00
OP101673,W0115,Morning,E,48.0,0,2025-04-21 09:19:00
OP101675,W0455,Morning,A,29.0,0,2025-05-29 04:45:00
OP101677,W0262,Morning,B,42.0,0,2025-03-29 16:49:00
OP101678,W0138,Evening,A,46.0,0,2025-03-08 05:04:00
OP101679,W0128,Morning,A,44.0,0,2025-05-05 10:05:00
OP101683,W0015,Morning,A,18.0,1,2025-03-21 07:37:00
OP101687,W0037,Evening,A,1.0,1,2025-06-05 20:26:00
OP101694,W0231,Evening,A,12.0,0,2025-02-15 15:59:00
OP101698,W0414,Evening,B,40.0,1,2025-05-25 14:45:00
OP101703,W0326,Evening,C,9.0,1,2025-01-30 09:15:00
OP101705,W0488,Morning,E,46.0,0,2025-02-10 20:09:00
OP101706,W0213,Evening,A,11.0,0,2025-05-11 13:52:00
OP101707,W0385,Evening,C,43.0,0,2025-02-22 16:05:00
OP101709,W0234,Morning,E,5.0,0,2025-01-25 01:08:00
OP101710,W0360,Morning,A,16.0,0,2025-06-25 12:20:00
OP101714,W0343,Morning,C,10.0,1,2025-04-23 08:26:00
OP101717,W0138,Evening,C,10.0,1,2025-01-18 08:56:00
OP101718,W0025,Night,A,13.0,0,2025-03-21 10:44:00
OP101720,W0220,Morning,C,38.0,0,2025-06-07 10:42:00
OP101723,W0223,Morning,E,38.0,0,2025-05-17 09:40:00
OP101725,W0371,Morning,B,35.0,1,2025-06-02 13:49:00
OP101726,W0315,Morning,D,10.0,0,2025-06-02 08:54:00
OP101727,W0431,Morning,D,33.0,0,2025-04-20 12:40:00
OP101733,W0109,Morning,E,45.0,1,2025-06-18 19:24:00
OP101734,W0221,Morning,D,47.0,1,2025-06-20 03:19:00
OP101735,W0023,Morning,A,37.0,1,2025-05-04 19:16:00
OP101736,W0091,Night,E,39.0,0,2025-04-12 04:16:00
OP101737,W0400,Evening,B,7.0,0,2025-06-29 01:13:00
OP101738,W0112,Morning,B,48.0,0,2025-02-03 04:23:00
OP101742,W0343,Morning,B,24.0,0,2025-01-10 21:10:00
OP101746,W0400,Evening,D,22.0,0,2025-01-08 01:57:00
OP101749,W0326,Morning,C,36.0,0,2025-05-04 07:51:00
OP101751,W0124,Night,A,10.0,0,2025-01-12 02:26:00
OP101753,W0118,Morning,D,16.0,1,2025-03-11 15:26:00
OP101755,W0297,Morning,D,32.0,0,2025-02-13 02:05:00
OP101756,W0012,Morning,D,21.0,1,2025-04-22 19:30:00
OP101757,W0113,Morning,A,32.0,0,2025-01-01 05:43:00
OP101760,W0449,Evening,A,26.0,0,2025-01-22 10:45:00
OP101761,W0355,Night,C,6.0,1,2025-03-25 03:31:00
OP101764,W0083,Evening,B,29.0,0,2025-05-08 13:51:00
OP101768,W0220,Morning,A,45.0,0,2025-03-31 02:42:00
OP101769,W0049,Morning,B,19.0,0,2025-01-07 21:39:00
OP101774,W0204,Morning,A,38.0,0,2025-01-04 01:24:00
OP101776,W0319,Morning,D,47.0,0,2025-03-25 22:27:00
OP101778,W0392,Morning,E,45.0,0,2025-06-11 07:44:00
OP101780,W0125,Morning,A,1.0,0,2025-04-30 01:54:00
OP101781,W0060,Morning,E,2.0,0,2025-05-08 14:39:00
OP101783,W0117,Morning,A,31.0,0,2025-06-18 07:31:00
OP101785,W0204,Evening,E,41.0,1,2025-04-05 05:24:00
OP101787,W0199,Night,B,37.0,0,2025-03-29 10:49:00
OP101788,W0385,Morning,D,43.0,0,2025-02-16 14:34:00
OP101791,W0290,Evening,C,8.0,0,2025-02-04 03:49:00
OP101793,W0253,Morning,D,28.0,1,2025-06-08 06:46:00
OP101795,W0250,Morning,A,37.0,1,2025-01-27 06:12:00
OP101796,W0226,Morning,B,14.0,0,2025-06-14 03:03:00
OP101798,W0354,Night,E,27.0,0,2025-05-30 08:04:00
OP101799,W0173,Evening,A,22.0,0,2025-01-18 21:35:00
OP101801,W0467,Night,B,34.0,0,2025-03-12 13:07:00
OP101802,W0020,Morning,D,27.0,0,2025-04-20 08:42:00
OP101803,W0015,Morning,A,9.0,0,2025-03-10 17:40:00
OP101804,W0479,Morning,D,14.0,0,2025-05-05 19:58:00
OP101806,W0044,Morning,A,17.0,0,2025-06-13 21:26:00
OP101809,W0258,Evening,A,36.0,1,2025-06-15 03:14:00
OP101810,W0149,Morning,E,8.0,0,2025-02-11 21:33:00
OP101812,W0433,Morning,C,13.0,1,2025-05-31 00:41:00
OP101814,W0110,Evening,A,4.0,0,2025-06-26 01:18:00
OP101817,W0075,Night,D,8.0,0,2025-06-12 12:14:00
OP101820,W0244,Morning,A,46.0,0,2025-06-21 02:49:00
OP101821,W0222,Morning,E,40.0,0,2025-04-26 19:22:00
OP101825,W0257,Morning,A,1.0,1,2025-01-29 18:18:00
OP101826,W0218,Evening,C,42.0,0,2025-05-24 23:51:00
OP101828,W0032,Evening,D,23.0,0,2025-06-08 12:46:00
OP101830,W0444,Night,C,38.0,0,2025-05-05 11:08:00
OP101831,W0324,Morning,E,11.0,0,2025-05-07 22:49:00
OP101832,W0482,Morning,A,33.0,0,2025-01-14 15:47:00
OP101839,W0433,Night,E,33.0,0,2025-03-30 22:11:00
OP101842,W0373,Night,D,14.0,0,2025-02-14 03:00:00
OP101843,W0142,Night,B,47.0,0,2025-05-18 08:49:00
OP101845,W0327,Morning,E,25.0,0,2025-04-27 23:04:00
OP101848,W0387,Night,A,12.0,0,2025-05-21 21:31:00
OP101849,W0371,Morning,C,13.0,0,2025-03-11 22:04:00
OP101850,W0393,Morning,A,24.0,1,2025-01-18 22:23:00
OP101855,W0481,Night,D,10.0,0,2025-03-27 15:56:00
OP101857,W0232,Night,E,23.0,1,2025-03-27 10:05:00
OP101858,W0384,Morning,C,32.0,0,2025-02-06 05:42:00
OP101861,W0246,Morning,A,47.0,0,2025-04-02 15:19:00
OP101862,W0341,Evening,A,9.0,1,2025-02-28 14:29:00
OP101866,W0238,Night,D,37.0,0,2025-05-02 08:00:00
OP101867,W0176,Night,D,42.0,0,2025-02-18 20:11:00
OP101869,W0460,Morning,D,12.0,0,2025-04-23 07:42:00
OP101870,W0397,Night,E,24.0,0,2025-06-05 21:40:00
OP101873,W0287,Morning,D,49.0,0,2025-01-11 05:57:00
OP101874,W0230,Night,E,16.0,0,2025-05-16 01:11:00
OP101875,W0307,Night,C,40.0,0,2025-03-08 05:47:00
OP101876,W0359,Evening,D,19.0,1,2025-06-25 13:47:00
OP101879,W0005,Morning,E,30.0,0,2025-05-23 18:42:00
OP101880,W0446,Night,E,6.0,1,2025-04-08 08:15:00
OP101881,W0423,Morning,D,16.0,0,2025-05-04 21:02:00
OP101883,W0035,Evening,D,27.0,0,2025-03-23 00:54:00
OP101885,W0439,Evening,A,39.0,0,2025-06-08 11:21:00
OP101887,W0468,Night,C,23.0,1,2025-03-15 06:24:00
OP101890,W0337,Morning,D,45.0,0,2025-03-29 06:58:00
OP101896,W0297,Evening,E,30.0,1,2025-04-24 02:24:00
OP101897,W0403,Evening,C,39.0,0,2025-04-20 18:35:00
OP101899,W0479,Evening,B,3.0,0,2025-05-20 17:16:00
OP101904,W0161,Evening,B,24.0,1,2025-04-12 05:38:00
OP101912,W0262,Morning,C,7.0,1,2025-02-10 15:30:00
OP101915,W0113,Evening,B,33.0,0,2025-06-24 18:17:00
OP101916,W0348,Night,A,37.0,0,2025-06-09 02:36:00
OP101920,W0235,Night,C,20.0,1,2025-03-20 06:38:00
OP101921,W0387,Morning,E,5.0,1,2025-03-07 19:18:00
OP101922,W0407,Night,D,38.0,0,2025-06-28 05:20:00
OP101923,W0257,Morning,A,48.0,0,2025-06-07 10:40:00
OP101924,W0185,Morning,A,22.0,1,2025-06-27 17:33:00
OP101926,W0195,Morning,B,1.0,0,2025-02-19 22:35:00
OP101927,W0312,Morning,C,37.0,0,2025-03-22 14:52:00
OP101928,W0429,Morning,B,38.0,0,2025-04-19 14:01:00
OP101930,W0499,Morning,E,35.0,0,2025-06-09 20:56:00
OP101934,W0341,Night,E,7.0,0,2025-05-24 23:17:00
OP101937,W0451,Morning,D,30.0,1,2025-04-06 03:00:00
OP101938,W0234,Evening,E,4.0,0,2025-03-19 14:50:00
OP101939,W0379,Night,C,34.0,1,2025-01-07 09:05:00
OP101940,W0018,Morning,E,11.0,0,2025-05-03 22:26:00
OP101943,W0341,Night,E,23.0,0,2025-05-29 22:50:00
OP101944,W0130,Morning,C,44.0,0,2025-04-19 23:35:00
OP101948,W0149,Evening,B,9.0,1,2025-03-18 09:13:00
OP101951,W0446,Morning,D,3.0,0,2025-01-14 22:52:00
OP101957,W0370,Evening,D,15.0,1,2025-03-23 17:35:00
OP101960,W0447,Night,C,10.0,0,2025-02-14 23:07:00
OP101966,W0028,Night,B,20.0,1,2025-06-14 01:45:00
OP101967,W0416,Morning,C,34.0,0,2025-05-05 23:19:00
OP101968,W0370,Night,B,33.0,0,2025-06-19 11:08:00
OP101969,W0454,Morning,B,17.0,0,2025-06-10 02:32:00
OP101971,W0445,Morning,E,17.0,0,2025-02-21 22:43:00
OP101973,W0137,Morning,D,1.0,0,2025-04-29 19:13:00
OP101975,W0092,Morning,A,10.0,0,2025-01-05 12:20:00
OP101976,W0123,Evening,C,3.0,0,2025-01-13 08:23:00
OP101977,W0247,Morning,E,9.0,1,2025-03-27 11:28:00
OP101982,W0050,Night,A,39.0,0,2025-01-27 13:45:00
OP101983,W0280,Night,C,20.0,0,2025-02-09 20:37:00
OP101984,W0120,Morning,B,47.0,0,2025-02-04 08:23:00
OP101986,W0016,Night,D,37.0,0,2025-01-03 05:16:00
OP101989,W0211,Evening,E,26.0,0,2025-05-27 10:27:00
OP101991,W0302,Morning,E,21.0,0,2025-06-17 05:49:00
OP101992,W0495,Morning,C,37.0,0,2025-03-18 08:02:00
OP101993,W0303,Night,D,45.0,0,2025-03-15 00:40:00
OP101996,W0048,Morning,D,17.0,1,2025-02-04 08:52:00
OP102003,W0400,Morning,A,36.0,0,2025-06-25 22:28:00
OP102005,W0185,Evening,A,30.0,1,2025-04-29 20:01:00
OP102006,W0142,Evening,E,10.0,0,2025-03-12 11:24:00
OP102009,W0289,Night,E,37.0,1,2025-05-05 14:23:00
OP102010,W0328,Night,E,32.0,0,2025-01-13 14:56:00
OP102011,W0418,Morning,D,31.0,0,2025-02-02 18:01:00
OP102015,W0196,Morning,D,4.0,1,2025-06-19 09:59:00
OP102019,W0206,Evening,D,42.0,0,2025-04-20 14:14:00
OP102024,W0419,Morning,E,37.0,0,2025-04-24 05:09:00
OP102026,W0494,Morning,D,14.0,0,2025-01-03 15:49:00
OP102030,W0253,Evening,A,19.0,0,2025-01-31 10:25:00
OP102033,W0372,Night,E,31.0,0,2025-02-14 21:22:00
OP102034,W0019,Evening,A,10.0,0,2025-04-13 00:40:00
OP102038,W0485,Evening,E,23.0,0,2025-04-28 10:00:00
OP102039,W0084,Morning,C,28.0,0,2025-06-20 13:56:00
OP102041,W0080,Morning,A,22.0,0,2025-02-06 22:51:00
OP102043,W0360,Morning,D,2.0,0,2025-01-28 05:53:00
OP102047,W0118,Morning,A,31.0,1,2025-06-26 00:57:00
OP102048,W0118,Morning,A,19.0,0,2025-03-22 18:12:00
OP102055,W0444,Evening,A,11.0,0,2025-06-11 10:49:00
OP102061,W0357,Evening,C,13.0,0,2025-03-14 01:21:00
OP102066,W0494,Morning,A,29.0,0,2025-01-29 09:30:00
OP102067,W0096,Morning,A,19.0,0,2025-05-26 20:34:00
OP102071,W0241,Morning,B,19.0,0,2025-03-25 09:32:00
OP102074,W0087,Morning,E,5.0,1,2025-06-02 03:41:00
OP102079,W0032,Morning,E,47.0,0,2025-06-01 23:36:00
OP102082,W0151,Morning,C,42.0,0,2025-01-30 11:03:00
OP102086,W0226,Morning,D,7.0,0,2025-01-21 04:50:00
OP102087,W0221,Night,C,28.0,1,2025-06-20 09:38:00
OP102089,W0033,Morning,E,27.0,0,2025-02-17 07:31:00
OP102091,W0310,Morning,B,21.0,0,2025-06-10 03:23:00
OP102092,W0042,Morning,E,6.0,0,2025-05-05 03:01:00
OP102094,W0304,Night,D,45.0,1,2025-05-28 19:16:00
OP102097,W0296,Morning,E,46.0,0,2025-03-05 06:44:00
OP102100,W0128,Morning,C,12.0,0,2025-01-08 18:42:00
OP102101,W0489,Night,D,49.0,0,2025-04-16 04:41:00
OP102105,W0350,Evening,D,49.0,0,2025-02-11 11:32:00
OP102106,W0122,Evening,A,19.0,1,2025-02-13 23:23:00
OP102107,W0375,Morning,A,11.0,0,2025-04-11 16:47:00
OP102108,W0230,Morning,E,44.0,0,2025-03-18 18:27:00
OP102109,W0149,Morning,B,35.0,0,2025-06-29 19:36:00
OP102110,W0493,Evening,A,42.0,1,2025-05-16 19:31:00
OP102112,W0480,Morning,E,8.0,0,2025-02-02 01:09:00
OP102113,W0209,Night,E,34.0,1,2025-01-21 12:05:00
OP102115,W0086,Night,E,3.0,1,2025-05-08 01:30:00
OP102116,W0385,Morning,D,31.0,1,2025-06-05 05:36:00
OP102119,W0296,Evening,E,37.0,0,2025-03-03 14:11:00
OP102121,W0278,Evening,A,30.0,0,2025-06-15 18:06:00
OP102122,W0276,Night,A,21.0,0,2025-02-01 23:09:00
OP102123,W0424,Night,E,24.0,1,2025-02-03 00:16:00
OP102125,W0341,Evening,C,36.0,0,2025-06-22 07:19:00
OP102129,W0258,Evening,B,20.0,0,2025-03-26 20:40:00
OP102135,W0434,Morning,E,25.0,0,2025-03-26 12:47:00
OP102139,W0191,Night,A,38.0,0,2025-06-16 22:03:00
OP102142,W0217,Night,D,25.0,0,2025-03-29 19:26:00
OP102143,W0435,Night,D,34.0,0,2025-05-30 09:00:00
OP102147,W0121,Night,C,34.0,0,2025-05-01 01:34:00
OP102148,W0297,Evening,B,36.0,1,2025-05-18 07:34:00
OP102150,W0404,Morning,A,14.0,0,2025-05-15 00:05:00
OP102152,W0316,Morning,D,15.0,0,2025-02-11 06:03:00
OP102154,W0126,Morning,B,7.0,0,2025-05-16 16:10:00
OP102162,W0293,Morning,D,6.0,0,2025-04-24 20:01:00
OP102165,W0495,Evening,E,39.0,0,2025-02-27 03:57:00
OP102167,W0097,Morning,A,43.0,0,2025-02-02 12:52:00
OP102169,W0414,Night,E,27.0,0,2025-03-10 02:45:00
OP102173,W0045,Night,E,6.0,1,2025-02-27 02:28:00
OP102176,W0137,Morning,C,42.0,0,2025-03-10 09:28:00
OP102177,W0339,Night,A,9.0,0,2025-05-04 09:12:00
OP102178,W0128,Evening,E,21.0,0,2025-03-29 02:25:00
OP102179,W0426,Morning,E,24.0,0,2025-03-14 13:12:00
OP102182,W0316,Night,D,34.0,1,2025-05-23 21:42:00
OP102184,W0001,Evening,A,38.0,0,2025-06-02 15:29:00
OP102185,W0200,Night,C,45.0,0,2025-01-05 14:39:00
OP102187,W0014,Morning,B,48.0,0,2025-03-26 07:38:00
OP102188,W0132,Morning,C,33.0,1,2025-01-14 22:00:00
OP102189,W0258,Morning,C,35.0,0,2025-05-12 21:07:00
OP102191,W0218,Morning,D,42.0,1,2025-06-18 01:20:00
OP102194,W0109,Morning,A,45.0,0,2025-01-13 12:45:00
OP102195,W0109,Morning,A,38.0,0,2025-06-22 15:03:00
OP102196,W0283,Morning,A,13.0,0,2025-05-05 22:45:00
OP102197,W0105,Night,B,4.0,1,2025-05-05 05:22:00
OP102199,W0261,Night,D,21.0,1,2025-04-05 08:47:00
OP102200,W0153,Evening,C,6.0,0,2025-04-04 13:46:00
OP102202,W0423,Evening,D,37.0,0,2025-05-12 21:34:00
OP102205,W0346,Morning,B,6.0,0,2025-06-17 01:32:00
OP102207,W0117,Morning,C,14.0,0,2025-04-30 17:30:00
OP102208,W0036,Night,B,10.0,0,2025-04-14 05:16:00
OP102210,W0261,Night,E,42.0,0,2025-06-13 02:24:00
OP102216,W0323,Evening,B,4.0,0,2025-03-25 16:56:00
OP102218,W0312,Morning,D,32.0,0,2025-05-14 13:52:00
OP102220,W0232,Morning,C,7.0,0,2025-02-17 19:08:00
OP102222,W0347,Night,E,49.0,0,2025-02-20 14:35:00
OP102223,W0234,Morning,D,38.0,1,2025-05-02 13:43:00
OP102226,W0476,Morning,D,15.0,0,2025-06-19 10:44:00
OP102227,W0497,Night,C,13.0,1,2025-05-08 01:24:00
OP102230,W0391,Night,D,49.0,0,2025-05-26 10:59:00
OP102232,W0041,Morning,E,40.0,0,2025-04-29 09:55:00
OP102233,W0331,Morning,B,4.0,0,2025-02-20 21:20:00
OP102235,W0065,Evening,D,4.0,1,2025-06-21 20:13:00
OP102240,W0319,Morning,B,10.0,1,2025-03-30 05:54:00
OP102241,W0402,Morning,E,9.0,0,2025-03-26 03:14:00
OP102242,W0248,Morning,E,7.0,0,2025-02-27 16:35:00
OP102245,W0497,Morning,B,49.0,0,2025-02-08 19:07:00
OP102247,W0361,Morning,E,15.0,0,2025-03-06 17:01:00
OP102248,W0334,Evening,C,27.0,0,2025-03-07 05:55:00
OP102251,W0398,Morning,C,5.0,0,2025-06-07 14:40:00
OP102252,W0493,Night,C,22.0,0,2025-01-26 22:38:00
OP102253,W0174,Night,B,3.0,0,2025-01-01 09:40:00
OP102255,W0375,Evening,B,48.0,0,2025-05-01 00:34:00
OP102257,W0122,Morning,C,7.0,1,2025-02-04 00:10:00
OP102258,W0211,Morning,C,28.0,1,2025-02-26 15:46:00
OP102260,W0421,Morning,B,37.0,0,2025-06-24 05:01:00
OP102261,W0216,Evening,B,27.0,0,2025-04-17 07:55:00
OP102262,W0400,Evening,A,45.0,0,2025-05-08 14:05:00
OP102263,W0311,Night,E,2.0,0,2025-02-06 02:43:00
OP102264,W0249,Morning,D,18.0,0,2025-04-09 15:01:00
OP102266,W0421,Evening,E,30.0,0,2025-06-06 15:43:00
OP102267,W0427,Night,C,23.0,0,2025-06-07 12:53:00
OP102269,W0368,Evening,E,40.0,1,2025-03-19 18:18:00
OP102271,W0215,Morning,B,19.0,0,2025-03-14 06:55:00
OP102272,W0427,Night,C,35.0,0,2025-05-05 01:27:00
OP102273,W0380,Evening,A,25.0,0,2025-02-24 15:17:00
OP102276,W0306,Night,C,48.0,0,2025-02-25 23:40:00
OP102280,W0098,Night,A,42.0,1,2025-04-15 15:57:00
OP102281,W0144,Morning,A,34.0,1,2025-04-09 14:17:00
OP102285,W0361,Night,E,14.0,0,2025-06-06 05:31:00
OP102287,W0295,Evening,D,33.0,0,2025-03-03 03:44:00
OP102291,W0299,Morning,E,6.0,0,2025-01-25 20:04:00
OP102293,W0164,Morning,A,25.0,0,2025-01-08 21:20:00
OP102299,W0132,Evening,D,17.0,1,2025-05-01 15:45:00
OP102301,W0099,Morning,B,20.0,1,2025-01-27 03:37:00
OP102302,W0008,Evening,D,16.0,0,2025-01-28 23:09:00
OP102304,W0053,Evening,B,36.0,0,2025-05-05 16:00:00
OP102307,W0394,Evening,A,48.0,1,2025-01-23 02:54:00
OP102316,W0271,Night,B,19.0,0,2025-03-21 06:13:00
OP102317,W0383,Morning,C,48.0,1,2025-05-06 17:57:00
OP102319,W0452,Morning,A,18.0,0,2025-02-24 18:46:00
OP102321,W0076,Morning,D,9.0,0,2025-01-29 12:30:00
OP102322,W0356,Morning,A,47.0,0,2025-05-15 13:27:00
OP102324,W0017,Evening,C,14.0,1,2025-02-16 13:16:00
OP102326,W0031,Morning,B,38.0,0,2025-04-06 23:14:00
OP102328,W0253,Morning,D,13.0,0,2025-02-15 08:55:00
OP102329,W0290,Evening,B,25.0,0,2025-03-17 14:13:00
OP102330,W0430,Morning,B,35.0,0,2025-03-21 20:55:00
OP102331,W0290,Morning,E,30.0,1,2025-06-07 11:05:00
OP102332,W0102,Morning,C,28.0,1,2025-04-30 23:51:00
OP102333,W0240,Night,E,46.0,0,2025-03-01 08:22:00
OP102334,W0294,Night,A,17.0,0,2025-05-09 23:02:00
OP102338,W0457,Night,B,5.0,1,2025-04-23 20:53:00
OP102339,W0121,Night,C,23.0,0,2025-02-15 19:47:00
OP102340,W0287,Evening,A,43.0,1,2025-03-04 06:07:00
OP102341,W0124,Night,B,45.0,0,2025-05-29 14:02:00
OP102342,W0381,Morning,B,48.0,0,2025-06-09 13:20:00
OP102343,W0389,Morning,E,43.0,0,2025-03-07 12:38:00
OP102349,W0123,Evening,B,35.0,0,2025-02-22 14:55:00
OP102359,W0269,Evening,B,6.0,0,2025-04-03 08:52:00
OP102360,W0102,Night,B,35.0,0,2025-04-22 04:43:00
OP102361,W0305,Morning,C,7.0,1,2025-02-20 11:56:00
OP102362,W0495,Morning,E,40.0,0,2025-03-31 00:24:00
OP102363,W0246,Evening,D,45.0,0,2025-02-27 15:39:00
OP102366,W0359,Morning,D,43.0,1,2025-03-28 08:45:00
OP102367,W0119,Morning,C,3.0,1,2025-06-04 07:48:00
OP102368,W0138,Night,C,6.0,0,2025-05-13 03:37:00
OP102374,W0144,Evening,B,45.0,1,2025-04-27 05:51:00
OP102386,W0124,Morning,C,33.0,0,2025-04-06 22:42:00
OP102387,W0071,Morning,D,44.0,1,2025-04-06 21:13:00
OP102390,W0456,Evening,D,7.0,0,2025-02-27 11:22:00
OP102391,W0156,Night,A,49.0,0,2025-02-19 21:27:00
OP102394,W0231,Evening,A,16.0,0,2025-01-21 13:53:00
OP102395,W0464,Night,A,46.0,1,2025-06-05 06:08:00
OP102396,W0041,Morning,A,40.0,0,2025-04-07 05:15:00
OP102399,W0359,Night,B,40.0,0,2025-03-25 02:01:00
OP102400,W0137,Morning,B,15.0,1,2025-01-23 23:37:00
OP102402,W0499,Night,D,23.0,0,2025-03-09 23:01:00
OP102409,W0437,Night,C,4.0,0,2025-02-10 14:17:00
OP102410,W0093,Evening,C,27.0,1,2025-04-08 02:27:00
OP102412,W0255,Evening,C,34.0,0,2025-06-26 08:50:00
OP102414,W0129,Night,E,26.0,0,2025-04-22 22:00:00
OP102416,W0252,Morning,C,46.0,1,2025-03-06 18:39:00
OP102417,W0411,Morning,E,34.0,0,2025-02-02 17:42:00
OP102420,W0140,Morning,E,40.0,0,2025-04-22 23:56:00
OP102422,W0328,Evening,D,6.0,0,2025-06-05 18:16:00
OP102424,W0295,Morning,A,28.0,0,2025-04-26 22:07:00
OP102425,W0139,Morning,B,2.0,0,2025-06-16 09:00:00
OP102431,W0269,Night,C,31.0,0,2025-04-30 11:28:00
OP102432,W0270,Night,C,38.0,0,2025-04-12 21:04:00
OP102433,W0235,Morning,B,6.0,0,2025-06-28 11:36:00
OP102434,W0262,Night,B,47.0,0,2025-01-11 20:09:00
OP102435,W0472,Morning,B,20.0,0,2025-01-15 03:13:00
OP102436,W0092,Morning,B,37.0,0,2025-05-25 19:03:00
OP102444,W0085,Night,B,32.0,0,2025-04-11 00:00:00
OP102447,W0263,Evening,A,45.0,0,2025-03-31 08:55:00
OP102449,W0231,Night,B,38.0,0,2025-01-05 10:22:00
OP102452,W0352,Morning,B,25.0,0,2025-02-01 08:01:00
OP102454,W0178,Morning,E,6.0,0,2025-01-30 08:47:00
OP102455,W0172,Evening,A,13.0,1,2025-01-21 16:20:00
OP102457,W0140,Evening,D,7.0,1,2025-03-21 09:19:00
OP102458,W0418,Evening,C,47.0,1,2025-03-08 02:59:00
OP102459,W0325,Night,E,39.0,0,2025-05-18 20:08:00
OP102462,W0466,Night,A,14.0,1,2025-02-04 00:15:00
OP102463,W0135,Morning,D,9.0,0,2025-04-17 20:59:00
OP102465,W0469,Morning,A,40.0,0,2025-02-07 03:44:00
OP102466,W0025,Morning,E,6.0,0,2025-06-20 14:53:00
OP102468,W0311,Morning,A,27.0,0,2025-06-24 23:25:00
OP102470,W0177,Morning,C,28.0,1,2025-03-26 06:28:00
OP102472,W0234,Morning,B,6.0,1,2025-05-25 03:50:00
OP102474,W0130,Morning,C,45.0,0,2025-05-04 23:49:00
OP102476,W0270,Morning,D,43.0,0,2025-02-13 20:31:00
OP102478,W0422,Morning,C,1.0,0,2025-03-14 22:14:00
OP102483,W0291,Morning,E,35.0,0,2025-04-30 22:48:00
OP102493,W0478,Night,C,14.0,0,2025-04-11 16:30:00
OP102494,W0283,Morning,A,18.0,1,2025-04-02 17:42:00
OP102495,W0165,Evening,C,15.0,0,2025-04-12 16:00:00
OP102496,W0135,Evening,C,20.0,1,2025-01-11 20:30:00
OP102499,W0455,Evening,A,6.0,1,2025-04-04 13:33:00
OP102500,W0371,Night,B,9.0,0,2025-05-30 03:41:00
OP102501,W0048,Evening,E,23.0,0,2025-05-10 09:32:00
OP102502,W0027,Morning,E,47.0,0,2025-04-28 17:13:00
OP102505,W0083,Morning,B,32.0,1,2025-04-29 23:34:00
OP102506,W0265,Evening,A,25.0,0,2025-04-29 22:33:00
OP102507,W0128,Evening,D,45.0,1,2025-03-15 17:54:00
OP102508,W0231,Night,C,12.0,0,2025-04-09 18:48:00
OP102512,W0030,Morning,C,42.0,0,2025-01-25 17:16:00
OP102515,W0129,Evening,D,23.0,1,2025-05-22 17:25:00
OP102516,W0381,Morning,A,13.0,1,2025-01-30 09:51:00
OP102517,W0364,Morning,B,15.0,0,2025-04-18 03:52:00
OP102521,W0086,Night,D,4.0,1,2025-06-08 10:12:00
OP102527,W0204,Morning,A,5.0,0,2025-06-29 04:04:00
OP102528,W0381,Morning,D,36.0,0,2025-04-22 15:51:00
OP102529,W0323,Night,C,6.0,0,2025-05-27 13:54:00
OP102531,W0015,Morning,E,11.0,1,2025-02-20 08:21:00
OP102534,W0368,Evening,C,3.0,1,2025-03-16 07:00:00
OP102537,W0481,Morning,A,9.0,0,2025-02-06 21:43:00
OP102538,W0043,Evening,E,15.0,1,2025-02-24 02:39:00
OP102539,W0476,Evening,A,6.0,0,2025-01-28 13:09:00
OP102541,W0232,Morning,B,32.0,0,2025-05-15 19:31:00
OP102544,W0130,Evening,C,3.0,0,2025-05-28 08:49:00
OP102545,W0365,Morning,E,47.0,0,2025-06-01 06:10:00
OP102547,W0323,Night,D,17.0,1,2025-02-10 18:17:00
OP102548,W0178,Morning,B,8.0,0,2025-04-22 17:54:00
OP102552,W0146,Night,C,45.0,0,2025-06-26 14:38:00
OP102553,W0253,Morning,A,24.0,1,2025-04-25 14:33:00
OP102554,W0470,Morning,B,36.0,1,2025-04-21 17:45:00
OP102558,W0351,Morning,B,44.0,1,2025-01-12 10:22:00
OP102562,W0103,Morning,B,30.0,0,2025-03-24 19:36:00
OP102568,W0257,Night,B,15.0,1,2025-05-12 14:11:00
OP102571,W0128,Morning,D,47.0,0,2025-05-17 12:04:00
OP102572,W0208,Morning,D,41.0,0,2025-02-18 19:47:00
OP102573,W0444,Morning,B,40.0,1,2025-02-23 05:53:00
OP102574,W0138,Morning,B,29.0,1,2025-05-20 17:33:00
OP102576,W0282,Morning,E,16.0,0,2025-06-23 06:48:00
OP102579,W0490,Morning,A,45.0,0,2025-03-16 05:55:00
OP102583,W0482,Morning,A,36.0,1,2025-03-27 15:06:00
OP102586,W0051,Evening,C,10.0,1,2025-06-05 17:47:00
OP102588,W0129,Morning,E,19.0,0,2025-05-29 15:02:00
OP102590,W0052,Morning,A,32.0,1,2025-04-12 21:31:00
OP102592,W0229,Night,B,17.0,0,2025-03-01 04:38:00
OP102597,W0314,Evening,E,24.0,0,2025-03-27 12:12:00
OP102598,W0171,Night,A,3.0,0,2025-05-28 06:46:00
OP102600,W0379,Morning,D,40.0,0,2025-02-07 13:59:00
OP102601,W0258,Morning,C,19.0,0,2025-04-01 00:33:00
OP102605,W0317,Evening,C,35.0,1,2025-03-02 18:27:00
OP102609,W0270,Night,D,42.0,0,2025-06-07 18:21:00
OP102612,W0189,Morning,E,26.0,1,2025-01-15 07:11:00
OP102614,W0357,Morning,A,7.0,0,2025-05-17 15:36:00
OP102617,W0411,Morning,C,14.0,0,2025-03-28 02:15:00
OP102622,W0065,Night,D,24.0,0,2025-03-03 04:36:00
OP102625,W0344,Morning,C,20.0,0,2025-05-14 03:12:00
OP102629,W0457,Morning,A,21.0,0,2025-06-27 06:07:00
OP102631,W0075,Evening,E,14.0,0,2025-06-27 16:54:00
OP102632,W0443,Morning,A,28.0,0,2025-03-23 04:06:00
OP102637,W0424,Morning,C,28.0,0,2025-02-23 13:00:00
OP102638,W0089,Evening,A,39.0,0,2025-04-21 06:17:00
OP102640,W0289,Morning,A,43.0,1,2025-03-11 21:31:00
OP102643,W0407,Evening,A,16.0,0,2025-06-04 12:17:00
OP102648,W0312,Night,E,33.0,0,2025-04-08 13:53:00
OP102651,W0313,Morning,C,2.0,1,2025-04-15 15:30:00
OP102652,W0375,Morning,E,38.0,0,2025-01-04 20:18:00
OP102654,W0024,Evening,C,34.0,0,2025-02-23 01:57:00
OP102657,W0086,Morning,A,34.0,0,2025-01-02 03:42:00
OP102658,W0144,Evening,E,37.0,0,2025-05-09 16:05:00
OP102659,W0295,Evening,A,3.0,1,2025-04-29 07:37:00
OP102666,W0264,Morning,C,13.0,1,2025-05-26 08:18:00
OP102669,W0249,Night,B,16.0,0,2025-02-05 02:27:00
OP102670,W0464,Morning,C,45.0,0,2025-03-16 17:05:00
OP102671,W0094,Night,D,13.0,0,2025-06-11 11:28:00
OP102672,W0054,Morning,C,19.0,0,2025-01-31 15:48:00
OP102673,W0429,Morning,C,3.0,0,2025-04-15 17:57:00
OP102674,W0006,Evening,C,11.0,1,2025-02-24 10:45:00
OP102680,W0158,Morning,C,40.0,0,2025-05-12 15:41:00
OP102682,W0097,Morning,A,45.0,1,2025-03-08 16:05:00
OP102686,W0251,Night,C,5.0,0,2025-04-06 07:30:00
OP102691,W0190,Night,D,40.0,0,2025-03-11 05:10:00
OP102692,W0235,Night,A,42.0,0,2025-04-26 06:03:00
OP102693,W0497,Morning,D,29.0,1,2025-06-20 10:40:00
OP102695,W0150,Night,C,46.0,1,2025-01-20 18:25:00
OP102697,W0283,Evening,D,22.0,0,2025-05-31 15:05:00
OP102699,W0426,Evening,C,39.0,0,2025-06-17 16:17:00
OP102701,W0184,Morning,D,11.0,0,2025-05-26 02:04:00
OP102703,W0475,Morning,D,3.0,0,2025-02-08 03:30:00
OP102704,W0473,Morning,B,45.0,1,2025-02-27 06:55:00
OP102706,W0451,Night,D,31.0,0,2025-02-12 18:48:00
OP102710,W0183,Morning,E,43.0,0,2025-02-21 05:19:00
OP102713,W0201,Evening,D,44.0,0,2025-01-26 18:26:00
OP102716,W0067,Morning,D,45.0,0,2025-03-19 11:27:00
OP102719,W0488,Night,E,3.0,0,2025-06-23 07:13:00
OP102720,W0133,Night,C,47.0,0,2025-01-02 19:58:00
OP102721,W0393,Night,B,8.0,0,2025-05-30 20:17:00
OP102722,W0166,Morning,D,10.0,0,2025-05-22 16:14:00
OP102723,W0178,Morning,A,42.0,0,2025-05-26 16:49:00
OP102724,W0426,Night,D,15.0,0,2025-03-02 12:02:00
OP102727,W0358,Night,D,2.0,0,2025-06-20 03:35:00
OP102728,W0144,Morning,B,17.0,1,2025-05-23 01:14:00
OP102732,W0363,Evening,C,42.0,0,2025-06-01 13:02:00
OP102733,W0074,Night,E,9.0,0,2025-01-16 13:22:00
OP102737,W0264,Morning,B,16.0,1,2025-01-18 13:30:00
OP102738,W0046,Morning,A,2.0,0,2025-06-29 10:10:00
OP102739,W0035,Night,E,46.0,0,2025-03-05 19:35:00
OP102743,W0146,Night,B,48.0,0,2025-04-24 07:06:00
OP102744,W0182,Morning,A,3.0,1,2025-03-12 10:15:00
OP102745,W0082,Morning,C,36.0,0,2025-02-12 15:15:00
OP102747,W0232,Night,D,38.0,1,2025-04-11 20:37:00
OP102750,W0185,Morning,C,21.0,0,2025-06-14 23:44:00
OP102751,W0220,Morning,E,5.0,0,2025-03-24 07:13:00
OP102753,W0210,Night,D,42.0,0,2025-02-14 23:03:00
OP102754,W0393,Morning,B,22.0,1,2025-05-17 22:52:00
OP102760,W0470,Morning,C,1.0,0,2025-02-13 01:20:00
OP102763,W0452,Evening,D,43.0,0,2025-05-12 04:36:00
OP102764,W0466,Evening,B,21.0,1,2025-06-04 15:01:00
OP102765,W0094,Evening,C,31.0,1,2025-01-26 22:11:00
OP102766,W0012,Evening,C,3.0,0,2025-06-17 13:00:00
OP102767,W0278,Evening,D,49.0,0,2025-04-04 02:34:00
OP102768,W0248,Evening,B,38.0,1,2025-02-06 11:24:00
OP102771,W0249,Night,B,36.0,0,2025-06-08 13:25:00
OP102773,W0162,Night,C,8.0,1,2025-05-15 17:39:00
OP102777,W0049,Morning,D,11.0,0,2025-03-17 21:46:00
OP102778,W0199,Night,A,5.0,0,2025-03-15 20:01:00
OP102779,W0199,Morning,B,25.0,0,2025-03-03 17:07:00
OP102780,W0338,Evening,A,26.0,0,2025-01-16 09:23:00
OP102782,W0284,Evening,B,47.0,0,2025-06-17 13:07:00
OP102783,W0219,Morning,B,8.0,0,2025-04-30 15:09:00
OP102792,W0448,Morning,E,20.0,0,2025-01-28 07:16:00
OP102794,W0053,Evening,C,29.0,0,2025-06-28 04:31:00
OP102795,W0163,Night,A,8.0,0,2025-04-19 17:02:00
OP102797,W0136,Morning,D,4.0,0,2025-05-01 03:03:00
OP102799,W0141,Morning,D,1.0,0,2025-02-03 08:55:00
OP102800,W0431,Morning,D,16.0,0,2025-03-09 15:33:00
OP102803,W0423,Morning,A,12.0,0,2025-01-31 17:46:00
OP102804,W0371,Morning,B,14.0,0,2025-04-26 05:06:00
OP102805,W0225,Morning,A,4.0,0,2025-03-02 11:52:00
OP102807,W0018,Evening,E,18.0,1,2025-04-15 11:52:00
OP102810,W0070,Morning,B,34.0,0,2025-06-13 18:57:00
OP102813,W0311,Morning,B,47.0,0,2025-05-03 02:15:00
OP102817,W0284,Evening,E,22.0,0,2025-02-07 13:33:00
OP102820,W0103,Evening,C,13.0,0,2025-03-25 14:36:00
OP102822,W0484,Morning,E,17.0,0,2025-05-14 11:13:00
OP102824,W0377,Morning,B,46.0,0,2025-03-28 04:37:00
OP102825,W0379,Night,D,6.0,1,2025-03-22 01:37:00
OP102826,W0154,Morning,D,43.0,0,2025-02-23 16:01:00
OP102827,W0315,Morning,B,4.0,0,2025-03-12 18:36:00
OP102828,W0213,Morning,E,18.0,0,2025-05-04 08:54:00
OP102832,W0486,Evening,E,40.0,1,2025-05-08 11:39:00
OP102834,W0180,Evening,C,4.0,0,2025-05-17 12:41:00
OP102837,W0481,Night,A,22.0,1,2025-02-14 11:54:00
OP102841,W0109,Morning,E,28.0,0,2025-03-05 15:47:00
OP102843,W0198,Night,A,5.0,1,2025-02-17 08:23:00
OP102844,W0216,Morning,E,2.0,0,2025-03-05 14:28:00
OP102845,W0191,Morning,D,18.0,0,2025-03-18 20:30:00
OP102850,W0171,Evening,B,22.0,0,2025-02-22 20:16:00
OP102853,W0396,Evening,D,49.0,0,2025-04-21 06:10:00
OP102855,W0016,Night,B,13.0,0,2025-03-18 21:24:00
OP102856,W0370,Night,D,46.0,1,2025-01-20 18:04:00
OP102860,W0041,Night,E,11.0,0,2025-05-11 01:41:00
OP102861,W0108,Evening,C,19.0,0,2025-06-11 22:42:00
OP102866,W0087,Morning,E,42.0,1,2025-06-06 11:02:00
OP102869,W0341,Night,D,43.0,0,2025-05-02 05:36:00
OP102871,W0130,Morning,E,3.0,1,2025-03-26 00:47:00
OP102873,W0064,Morning,C,12.0,0,2025-01-31 14:02:00
OP102881,W0490,Night,B,10.0,1,2025-06-23 18:55:00
OP102882,W0243,Evening,A,42.0,0,2025-02-22 09:20:00
OP102884,W0033,Night,C,10.0,0,2025-04-11 08:46:00
OP102885,W0283,Night,C,6.0,0,2025-01-24 19:47:00
OP102887,W0004,Morning,E,29.0,1,2025-04-22 17:32:00
OP102889,W0278,Night,A,8.0,0,2025-03-30 00:02:00
OP102890,W0415,Evening,A,13.0,0,2025-06-21 16:42:00
OP102892,W0181,Morning,A,43.0,0,2025-03-14 06:22:00
OP102898,W0365,Night,D,5.0,0,2025-01-17 03:08:00
OP102899,W0468,Night,A,21.0,1,2025-04-08 22:03:00
OP102903,W0398,Morning,D,19.0,1,2025-01-21 07:46:00
OP102904,W0078,Evening,C,24.0,0,2025-05-10 00:41:00
OP102905,W0101,Morning,A,2.0,1,2025-02-04 08:51:00
OP102907,W0246,Morning,B,1.0,1,2025-04-10 10:59:00
OP102913,W0437,Evening,B,4.0,0,2025-02-10 09:41:00
OP102915,W0470,Morning,C,23.0,0,2025-04-14 01:35:00
OP102917,W0385,Morning,A,13.0,0,2025-06-19 08:40:00
OP102925,W0003,Night,C,16.0,0,2025-04-23 09:00:00
OP102927,W0071,Night,C,42.0,1,2025-01-28 05:32:00
OP102928,W0378,Morning,D,27.0,1,2025-06-02 01:11:00
OP102933,W0094,Morning,D,26.0,0,2025-01-13 02:48:00
OP102934,W0324,Evening,C,40.0,1,2025-05-04 22:51:00
OP102935,W0231,Evening,E,37.0,1,2025-01-17 06:33:00
OP102936,W0050,Evening,A,24.0,0,2025-03-13 11:29:00
OP102937,W0167,Morning,D,36.0,1,2025-06-11 22:18:00
OP102941,W0193,Morning,C,11.0,0,2025-01-08 22:12:00
OP102946,W0042,Evening,C,16.0,1,2025-02-14 05:25:00
OP102947,W0420,Morning,D,38.0,0,2025-02-23 07:53:00
OP102949,W0225,Morning,A,28.0,0,2025-02-13 18:33:00
OP102950,W0119,Evening,D,31.0,0,2025-03-23 14:38:00
OP102951,W0412,Morning,B,30.0,0,2025-05-11 12:05:00
OP102954,W0230,Night,A,35.0,1,2025-01-13 12:34:00
OP102955,W0144,Morning,E,9.0,1,2025-03-23 19:57:00
OP102956,W0119,Evening,B,43.0,1,2025-03-20 08:44:00
OP102958,W0060,Evening,B,37.0,0,2025-06-01 10:18:00
OP102960,W0255,Morning,A,6.0,0,2025-02-08 09:39:00
OP102962,W0145,Morning,D,42.0,0,2025-01-31 21:58:00
OP102963,W0346,Morning,A,7.0,0,2025-05-22 03:49:00
OP102966,W0299,Morning,A,8.0,1,2025-02-05 20:19:00
OP102969,W0390,Evening,A,19.0,0,2025-01-12 06:32:00
OP102972,W0406,Night,B,22.0,0,2025-01-27 03:33:00
OP102975,W0393,Night,E,6.0,0,2025-01-26 05:27:00
OP102978,W0301,Evening,E,15.0,1,2025-06-25 19:38:00
OP102979,W0467,Morning,D,33.0,0,2025-04-25 20:41:00
OP102981,W0409,Night,E,25.0,0,2025-03-05 02:23:00
OP102982,W0327,Morning,A,24.0,0,2025-03-11 00:45:00
OP102984,W0402,Evening,D,11.0,1,2025-01-20 19:40:00
OP102985,W0372,Evening,C,1.0,0,2025-01-04 14:49:00
OP102987,W0279,Morning,E,8.0,0,2025-01-10 15:57:00
OP102991,W0099,Night,E,3.0,1,2025-03-19 08:28:00
OP102994,W0499,Night,C,34.0,0,2025-03-01 14:55:00
OP103000,W0299,Morning,B,32.0,1,2025-01-17 07:17:00
OP103001,W0221,Night,C,13.0,0,2025-03-19 07:15:00
OP103002,W0134,Night,B,41.0,0,2025-03-04 09:58:00
OP103011,W0372,Evening,A,20.0,0,2025-05-12 14:00:00
OP103014,W0213,Evening,D,9.0,0,2025-01-06 23:40:00
OP103018,W0437,Evening,C,35.0,1,2025-01-24 09:40:00
OP103019,W0254,Evening,C,15.0,0,2025-04-11 23:34:00
OP103022,W0076,Night,B,20.0,0,2025-06-25 15:57:00
OP103025,W0479,Evening,C,23.0,0,2025-03-20 12:18:00
OP103026,W0410,Morning,E,36.0,0,2025-04-06 07:14:00
OP103027,W0458,Morning,E,21.0,1,2025-06-21 16:58:00
OP103028,W0430,Morning,D,44.0,0,2025-05-04 08:35:00
OP103035,W0370,Morning,D,40.0,0,2025-04-07 09:16:00
OP103040,W0400,Evening,E,46.0,0,2025-06-15 23:31:00
OP103041,W0405,Morning,A,3.0,0,2025-04-04 11:34:00
OP103043,W0218,Morning,B,15.0,0,2025-06-06 01:36:00
OP103050,W0065,Morning,E,11.0,0,2025-06-03 11:45:00
OP103051,W0431,Morning,C,10.0,0,2025-03-06 07:20:00
OP103052,W0115,Evening,B,8.0,0,2025-05-10 06:36:00
OP103053,W0050,Morning,C,11.0,0,2025-02-05 23:12:00
OP103056,W0197,Night,C,21.0,0,2025-02-04 15:26:00
OP103057,W0122,Evening,D,38.0,0,2025-06-01 18:14:00
OP103058,W0337,Morning,E,23.0,0,2025-03-07 11:09:00
OP103062,W0179,Evening,A,21.0,0,2025-01-13 23:54:00
OP103063,W0254,Evening,B,4.0,1,2025-01-22 01:23:00
OP103064,W0052,Evening,A,39.0,1,2025-05-24 13:15:00
OP103065,W0431,Evening,D,20.0,0,2025-04-11 04:25:00
OP103066,W0412,Night,D,13.0,1,2025-06-14 22:03:00
OP103069,W0372,Morning,D,32.0,0,2025-06-01 06:36:00
OP103072,W0071,Night,A,4.0,0,2025-03-30 00:54:00
OP103077,W0445,Night,A,15.0,0,2025-06-09 06:51:00
OP103080,W0228,Morning,B,9.0,0,2025-01-28 18:23:00
OP103081,W0092,Morning,E,20.0,0,2025-03-29 06:24:00
OP103082,W0352,Morning,C,38.0,0,2025-02-21 07:07:00
OP103083,W0003,Night,B,9.0,0,2025-06-16 10:26:00
OP103085,W0281,Evening,A,13.0,0,2025-06-02 13:21:00
OP103087,W0116,Morning,E,38.0,0,2025-02-02 05:08:00
OP103090,W0406,Evening,A,8.0,1,2025-04-27 00:26:00
OP103094,W0156,Morning,A,10.0,0,2025-05-04 05:20:00
OP103099,W0454,Evening,D,23.0,0,2025-05-25 13:42:00
OP103100,W0412,Evening,C,33.0,1,2025-04-01 17:56:00
OP103102,W0319,Evening,E,4.0,0,2025-06-25 02:59:00
OP103104,W0137,Evening,A,37.0,1,2025-03-07 02:40:00
OP103105,W0377,Morning,A,10.0,0,2025-01-01 10:53:00
OP103108,W0485,Night,E,36.0,1,2025-02-05 15:20:00
OP103109,W0198,Night,A,3.0,1,2025-01-12 02:41:00
OP103115,W0123,Morning,C,47.0,1,2025-04-26 15:52:00
OP103117,W0031,Evening,B,45.0,0,2025-02-28 14:08:00
OP103119,W0315,Morning,A,40.0,0,2025-04-03 19:14:00
OP103120,W0043,Morning,D,46.0,0,2025-04-14 20:18:00
OP103121,W0496,Night,C,41.0,0,2025-05-29 23:12:00
OP103124,W0403,Evening,C,40.0,1,2025-01-31 14:57:00
OP103125,W0042,Night,B,1.0,0,2025-01-23 19:07:00
OP103129,W0338,Night,D,33.0,0,2025-03-06 20:05:00
OP103130,W0381,Morning,C,20.0,0,2025-01-03 09:02:00
OP103132,W0330,Morning,A,3.0,0,2025-05-27 05:46:00
OP103135,W0405,Morning,C,21.0,0,2025-03-26 07:46:00
OP103136,W0011,Morning,E,6.0,0,2025-01-27 01:39:00
OP103139,W0005,Night,B,7.0,1,2025-03-09 08:33:00
OP103140,W0108,Morning,A,42.0,0,2025-02-16 19:29:00
OP103143,W0395,Morning,D,2.0,0,2025-01-22 20:48:00
OP103146,W0461,Morning,E,41.0,0,2025-06-28 14:16:00
OP103148,W0490,Morning,D,47.0,0,2025-02-22 11:04:00
OP103149,W0475,Night,D,8.0,1,2025-03-19 04:24:00
OP103150,W0361,Morning,B,44.0,0,2025-01-18 11:02:00
OP103151,W0267,Night,A,47.0,1,2025-01-20 11:25:00
OP103154,W0333,Night,A,10.0,1,2025-03-02 15:53:00
OP103159,W0434,Evening,E,45.0,1,2025-02-17 12:30:00
OP103163,W0026,Morning,A,13.0,0,2025-03-12 12:35:00
OP103164,W0267,Morning,C,18.0,0,2025-02-03 07:19:00
OP103165,W0436,Evening,B,38.0,0,2025-02-03 18:02:00
OP103166,W0022,Morning,E,41.0,1,2025-04-24 02:31:00
OP103167,W0425,Night,C,49.0,0,2025-04-10 19:44:00
OP103170,W0417,Morning,E,17.0,0,2025-05-13 07:33:00
OP103171,W0421,Night,C,43.0,0,2025-01-25 23:02:00
OP103175,W0288,Morning,E,18.0,0,2025-03-11 19:06:00
OP103176,W0337,Morning,D,12.0,0,2025-05-27 04:03:00
OP103181,W0448,Night,E,39.0,0,2025-01-09 00:41:00
OP103182,W0222,Morning,B,2.0,1,2025-06-17 10:39:00
OP103183,W0056,Evening,B,39.0,1,2025-03-25 05:58:00
OP103189,W0193,Morning,C,11.0,0,2025-04-21 02:07:00
OP103193,W0312,Morning,B,36.0,0,2025-06-13 05:15:00
OP103196,W0176,Morning,D,31.0,0,2025-02-04 05:23:00
OP103200,W0270,Morning,A,28.0,0,2025-04-24 05:15:00
OP103201,W0433,Night,E,7.0,1,2025-02-22 17:32:00
OP103202,W0102,Night,D,43.0,0,2025-01-04 03:57:00
OP103203,W0307,Night,C,35.0,1,2025-06-02 13:24:00
OP103204,W0414,Evening,B,24.0,0,2025-01-11 11:13:00
OP103206,W0491,Evening,C,9.0,0,2025-04-23 17:28:00
OP103207,W0309,Morning,A,24.0,1,2025-02-15 06:32:00
OP103208,W0177,Morning,A,40.0,0,2025-01-18 12:02:00
OP103209,W0342,Morning,B,43.0,0,2025-05-08 02:08:00
OP103211,W0077,Morning,B,22.0,0,2025-02-21 05:20:00
OP103212,W0284,Night,C,11.0,0,2025-01-17 13:52:00
OP103213,W0415,Morning,A,27.0,0,2025-04-24 13:09:00
OP103218,W0278,Evening,E,17.0,0,2025-05-03 19:55:00
OP103221,W0458,Morning,A,16.0,1,2025-03-22 05:44:00
OP103225,W0111,Night,A,3.0,1,2025-05-06 06:01:00
OP103228,W0086,Night,C,26.0,0,2025-04-27 07:51:00
OP103230,W0175,Evening,B,16.0,1,2025-03-30 08:55:00
OP103236,W0166,Morning,E,15.0,0,2025-03-13 14:51:00
OP103238,W0210,Morning,C,8.0,0,2025-06-15 07:00:00
OP103239,W0246,Night,C,37.0,0,2025-03-12 02:03:00
OP103241,W0458,Morning,C,8.0,0,2025-03-02 17:23:00
OP103243,W0453,Morning,D,41.0,0,2025-04-14 21:36:00
OP103252,W0214,Morning,A,33.0,0,2025-04-27 22:20:00
OP103254,W0370,Evening,D,24.0,0,2025-02-24 21:53:00
OP103259,W0320,Night,E,43.0,0,2025-02-25 09:37:00
OP103260,W0294,Night,B,44.0,0,2025-05-30 11:57:00
OP103261,W0021,Night,C,27.0,0,2025-06-22 13:58:00
OP103262,W0006,Morning,C,44.0,0,2025-06-20 16:32:00
OP103264,W0011,Morning,B,31.0,0,2025-04-12 14:09:00
OP103273,W0348,Morning,A,29.0,1,2025-05-08 22:35:00
OP103274,W0482,Night,B,21.0,0,2025-05-31 09:48:00
OP103276,W0210,Morning,A,32.0,1,2025-05-28 20:49:00
OP103279,W0364,Morning,A,29.0,0,2025-03-12 05:21:00
OP103282,W0458,Morning,D,47.0,0,2025-05-20 22:58:00
OP103284,W0359,Evening,B,41.0,0,2025-01-06 06:58:00
OP103285,W0479,Morning,C,25.0,0,2025-03-07 13:53:00
OP103286,W0031,Morning,D,32.0,0,2025-01-11 23:38:00
OP103289,W0482,Morning,E,10.0,0,2025-04-08 12:16:00
OP103294,W0108,Evening,A,41.0,1,2025-01-30 15:03:00
OP103295,W0162,Morning,B,36.0,0,2025-02-16 13:48:00
OP103297,W0493,Morning,C,5.0,1,2025-03-31 06:32:00
OP103301,W0162,Night,E,38.0,1,2025-04-13 14:00:00
OP103303,W0477,Morning,A,14.0,1,2025-05-15 03:39:00
OP103305,W0080,Evening,A,9.0,0,2025-01-27 23:26:00
OP103307,W0187,Morning,A,29.0,0,2025-06-16 19:57:00
OP103311,W0381,Evening,E,7.0,0,2025-03-21 09:42:00
OP103312,W0121,Night,E,15.0,0,2025-02-02 21:42:00
OP103314,W0478,Evening,D,33.0,0,2025-03-17 05:57:00
OP103315,W0358,Morning,D,33.0,1,2025-02-07 01:34:00
OP103316,W0121,Night,E,25.0,1,2025-01-06 22:42:00
OP103318,W0228,Morning,C,42.0,0,2025-02-26 13:46:00
OP103320,W0348,Night,B,5.0,1,2025-03-15 23:39:00
OP103321,W0161,Evening,E,17.0,0,2025-04-30 03:46:00
OP103323,W0448,Evening,C,3.0,1,2025-03-09 17:30:00
OP103324,W0087,Morning,B,32.0,0,2025-03-15 21:30:00
OP103325,W0252,Morning,D,27.0,0,2025-01-22 12:08:00
OP103331,W0344,Morning,A,32.0,0,2025-01-12 08:34:00
OP103337,W0359,Morning,B,17.0,0,2025-02-23 05:38:00
OP103339,W0085,Morning,A,47.0,0,2025-04-29 06:26:00
OP103340,W0400,Morning,E,32.0,0,2025-03-19 09:16:00
OP103347,W0255,Morning,B,47.0,1,2025-04-27 20:18:00
OP103349,W0261,Night,C,49.0,1,2025-05-30 03:30:00
OP103353,W0406,Morning,E,47.0,1,2025-05-23 08:11:00
OP103358,W0057,Morning,A,46.0,0,2025-02-10 04:44:00
OP103359,W0293,Evening,E,16.0,0,2025-05-16 19:09:00
OP103364,W0173,Morning,D,11.0,1,2025-05-01 05:53:00
OP103365,W0111,Night,B,5.0,1,2025-03-24 02:44:00
OP103369,W0448,Evening,A,8.0,1,2025-02-22 21:41:00
OP103371,W0128,Evening,B,3.0,0,2025-03-05 02:19:00
OP103372,W0482,Evening,E,19.0,1,2025-05-24 09:23:00
OP103373,W0180,Morning,B,5.0,0,2025-01-25 04:10:00
OP103377,W0384,Morning,A,47.0,0,2025-06-17 09:02:00
OP103383,W0413,Morning,E,1.0,0,2025-05-25 19:36:00
OP103388,W0166,Night,B,48.0,1,2025-02-21 13:19:00
OP103391,W0455,Evening,E,39.0,1,2025-01-02 19:37:00
OP103392,W0347,Evening,A,1.0,0,2025-02-12 01:13:00
OP103393,W0268,Night,C,10.0,1,2025-05-24 17:00:00
OP103394,W0181,Morning,A,35.0,1,2025-03-27 09:30:00
OP103395,W0009,Night,E,6.0,0,2025-01-07 04:18:00
OP103397,W0365,Night,D,20.0,1,2025-06-20 15:30:00
OP103402,W0477,Evening,A,6.0,0,2025-05-31 07:23:00
OP103403,W0423,Evening,B,43.0,1,2025-05-01 11:18:00
OP103407,W0196,Morning,B,24.0,1,2025-02-14 07:03:00
OP103409,W0079,Night,C,13.0,0,2025-01-25 23:38:00
OP103410,W0252,Evening,D,7.0,0,2025-06-20 14:25:00
OP103412,W0384,Evening,C,44.0,0,2025-03-20 03:34:00
OP103415,W0157,Morning,C,6.0,0,2025-01-20 12:43:00
OP103416,W0409,Night,A,20.0,0,2025-03-11 10:34:00
OP103418,W0223,Night,C,12.0,0,2025-01-06 10:43:00
OP103420,W0489,Night,A,11.0,1,2025-05-20 14:55:00
OP103422,W0259,Morning,E,29.0,0,2025-01-15 01:58:00
OP103423,W0180,Morning,E,29.0,0,2025-06-15 04:00:00
OP103424,W0485,Morning,D,39.0,1,2025-02-11 21:56:00
OP103427,W0080,Evening,B,46.0,1,2025-01-11 23:57:00
OP103428,W0184,Night,B,28.0,0,2025-06-09 10:51:00
OP103431,W0279,Evening,C,6.0,1,2025-06-15 06:12:00
OP103432,W0203,Night,C,18.0,0,2025-05-13 03:01:00
OP103435,W0218,Morning,D,27.0,1,2025-04-23 17:56:00
OP103436,W0240,Evening,D,25.0,0,2025-04-21 01:07:00
OP103437,W0323,Morning,B,1.0,1,2025-04-17 17:11:00
OP103438,W0412,Night,D,5.0,0,2025-01-03 04:04:00
OP103439,W0161,Morning,B,30.0,0,2025-02-04 17:30:00
OP103440,W0328,Evening,E,41.0,1,2025-03-03 16:08:00
OP103442,W0335,Evening,E,9.0,0,2025-06-25 12:57:00
OP103443,W0158,Morning,D,21.0,1,2025-03-09 16:22:00
OP103444,W0402,Morning,E,45.0,0,2025-04-12 02:49:00
OP103445,W0026,Evening,D,47.0,0,2025-05-02 03:04:00
OP103448,W0405,Morning,A,21.0,1,2025-04-16 05:08:00
OP103450,W0022,Morning,E,42.0,0,2025-02-13 13:50:00
OP103451,W0200,Morning,B,17.0,0,2025-05-18 01:19:00
OP103452,W0404,Evening,D,49.0,1,2025-05-02 05:25:00
OP103458,W0441,Evening,D,42.0,0,2025-03-24 14:02:00
OP103461,W0380,Evening,C,14.0,0,2025-03-06 00:47:00
OP103462,W0106,Morning,E,25.0,0,2025-02-17 17:01:00
OP103465,W0190,Evening,B,21.0,0,2025-01-01 09:22:00
OP103472,W0366,Morning,A,47.0,0,2025-05-07 19:36:00
OP103474,W0214,Evening,A,40.0,0,2025-03-03 18:35:00
OP103475,W0319,Morning,B,29.0,1,2025-05-31 04:43:00
OP103476,W0363,Morning,E,27.0,0,2025-05-18 13:38:00
OP103477,W0211,Night,C,27.0,0,2025-03-11 06:47:00
OP103478,W0154,Evening,B,32.0,1,2025-04-13 06:42:00
OP103480,W0486,Morning,B,46.0,0,2025-02-06 03:24:00
OP103481,W0343,Morning,C,4.0,1,2025-04-05 00:22:00
OP103483,W0143,Night,D,14.0,0,2025-05-22 00:20:00
OP103484,W0212,Night,D,44.0,0,2025-04-10 12:51:00
OP103485,W0259,Evening,D,1.0,0,2025-01-25 14:40:00
OP103486,W0403,Morning,C,11.0,0,2025-06-15 23:23:00
OP103487,W0258,Morning,D,39.0,0,2025-05-09 10:55:00
OP103488,W0374,Morning,E,29.0,0,2025-03-26 16:49:00
OP103489,W0357,Morning,C,17.0,0,2025-03-16 14:06:00
OP103490,W0049,Night,B,2.0,0,2025-02-11 23:49:00
OP103491,W0043,Evening,E,29.0,0,2025-02-07 18:24:00
OP103494,W0374,Night,D,22.0,0,2025-06-08 19:41:00
OP103495,W0068,Morning,B,35.0,0,2025-04-26 12:56:00
OP103497,W0229,Morning,E,48.0,0,2025-01-25 11:44:00
OP103498,W0252,Morning,E,2.0,1,2025-03-24 17:35:00
OP103499,W0042,Night,E,27.0,0,2025-04-08 19:25:00
OP103500,W0368,Evening,C,20.0,1,2025-05-01 18:11:00
OP103506,W0222,Morning,C,21.0,1,2025-01-10 19:13:00
OP103508,W0099,Evening,A,23.0,0,2025-06-09 07:24:00
OP103509,W0100,Morning,B,48.0,0,2025-06-21 01:50:00
OP103510,W0034,Evening,D,14.0,1,2025-04-30 23:32:00
OP103513,W0206,Night,C,3.0,0,2025-02-01 13:33:00
OP103514,W0456,Evening,C,35.0,0,2025-02-12 19:08:00
OP103517,W0204,Evening,D,31.0,0,2025-04-15 02:22:00
OP103520,W0342,Morning,E,23.0,0,2025-02-01 14:02:00
OP103524,W0155,Evening,C,8.0,0,2025-04-06 12:27:00
OP103525,W0038,Morning,E,32.0,1,2025-06-21 04:57:00
OP103527,W0303,Night,B,48.0,0,2025-04-08 16:58:00
OP103531,W0273,Morning,C,27.0,0,2025-06-19 07:59:00
OP103535,W0443,Evening,E,18.0,1,2025-04-29 22:27:00
OP103537,W0063,Morning,E,7.0,0,2025-03-12 21:58:00
OP103538,W0213,Morning,B,30.0,0,2025-06-24 16:05:00
OP103540,W0165,Evening,C,39.0,0,2025-01-18 20:45:00
OP103543,W0152,Evening,C,9.0,1,2025-03-23 03:45:00
OP103546,W0088,Morning,D,16.0,0,2025-02-12 07:31:00
OP103548,W0486,Morning,E,44.0,0,2025-05-26 15:05:00
OP103554,W0431,Evening,D,37.0,0,2025-01-04 16:49:00
OP103557,W0145,Evening,A,1.0,0,2025-03-12 01:53:00
OP103561,W0368,Morning,D,42.0,0,2025-06-26 10:02:00
OP103562,W0241,Morning,E,12.0,0,2025-01-25 23:29:00
OP103563,W0250,Evening,C,26.0,0,2025-05-31 21:23:00
OP103564,W0001,Night,B,25.0,1,2025-03-17 17:48:00
OP103566,W0099,Evening,B,44.0,0,2025-06-03 11:55:00
OP103567,W0379,Morning,D,30.0,0,2025-04-04 08:09:00
OP103569,W0147,Morning,D,30.0,1,2025-05-22 13:26:00
OP103573,W0120,Morning,A,28.0,0,2025-05-20 01:49:00
OP103575,W0440,Morning,E,7.0,0,2025-04-22 10:55:00
OP103576,W0167,Evening,D,31.0,0,2025-03-13 05:51:00
OP103580,W0248,Morning,C,28.0,1,2025-01-11 00:22:00
OP103584,W0221,Night,D,34.0,0,2025-01-03 11:15:00
OP103586,W0253,Morning,E,38.0,1,2025-05-04 10:29:00
OP103589,W0281,Evening,C,46.0,1,2025-06-17 04:08:00
OP103590,W0421,Night,C,39.0,0,2025-04-28 16:39:00
OP103591,W0125,Night,B,42.0,1,2025-02-11 13:20:00
OP103594,W0343,Morning,C,41.0,0,2025-01-06 14:14:00
OP103596,W0059,Morning,C,44.0,0,2025-05-13 05:48:00
OP103597,W0451,Morning,C,1.0,1,2025-02-19 10:09:00
OP103599,W0093,Night,A,18.0,0,2025-01-21 06:26:00
OP103606,W0325,Morning,C,25.0,0,2025-03-04 01:07:00
OP103610,W0004,Morning,E,31.0,1,2025-03-20 10:36:00
OP103611,W0363,Evening,E,27.0,0,2025-03-07 10:07:00
OP103614,W0139,Morning,A,2.0,0,2025-04-10 07:37:00
OP103615,W0315,Night,A,1.0,0,2025-06-02 17:10:00
OP103616,W0314,Evening,E,45.0,0,2025-06-24 09:02:00
OP103617,W0034,Night,E,23.0,0,2025-05-22 16:58:00
OP103620,W0355,Morning,E,1.0,0,2025-06-26 13:31:00
OP103621,W0326,Morning,A,47.0,0,2025-04-09 23:23:00
OP103623,W0072,Morning,A,46.0,0,2025-04-18 10:27:00
OP103625,W0348,Morning,C,10.0,0,2025-01-26 12:40:00
OP103627,W0164,Morning,D,13.0,0,2025-06-15 10:24:00
OP103629,W0155,Evening,B,38.0,0,2025-05-26 19:46:00
OP103630,W0068,Evening,A,33.0,1,2025-04-18 15:58:00
OP103631,W0132,Night,C,27.0,0,2025-05-17 08:50:00
OP103632,W0457,Evening,B,36.0,0,2025-04-15 23:19:00
OP103636,W0308,Night,A,32.0,0,2025-03-07 07:47:00
OP103637,W0176,Morning,A,8.0,0,2025-01-20 04:00:00
OP103640,W0125,Night,B,21.0,1,2025-03-25 19:45:00
OP103641,W0475,Evening,C,11.0,1,2025-04-07 00:25:00
OP103643,W0478,Evening,A,32.0,0,2025-05-05 06:25:00
OP103648,W0297,Evening,D,38.0,1,2025-02-06 19:22:00
OP103649,W0192,Morning,C,23.0,0,2025-06-17 16:50:00
OP103651,W0102,Morning,D,9.0,1,2025-03-29 10:58:00
OP103656,W0044,Night,E,49.0,1,2025-03-03 20:32:00
OP103659,W0456,Morning,B,26.0,0,2025-02-05 01:30:00
OP103660,W0356,Morning,B,12.0,0,2025-03-25 08:24:00
OP103662,W0046,Night,B,33.0,0,2025-02-15 14:01:00
OP103667,W0391,Morning,D,1.0,0,2025-05-25 16:26:00
OP103668,W0123,Morning,B,25.0,0,2025-06-16 04:20:00
OP103671,W0259,Morning,A,3.0,0,2025-05-26 07:22:00
OP103672,W0306,Evening,D,2.0,0,2025-03-02 02:45:00
OP103673,W0377,Evening,D,49.0,0,2025-04-22 20:51:00
OP103675,W0274,Night,A,9.0,0,2025-04-22 18:03:00
OP103680,W0357,Morning,C,33.0,0,2025-05-09 21:50:00
OP103681,W0103,Morning,E,26.0,0,2025-01-07 21:31:00
OP103683,W0071,Evening,B,25.0,0,2025-04-08 13:14:00
OP103684,W0117,Night,B,25.0,0,2025-04-05 14:24:00
OP103686,W0264,Morning,B,9.0,0,2025-01-30 15:04:00
OP103687,W0185,Morning,A,11.0,0,2025-04-27 19:53:00
OP103689,W0210,Morning,D,9.0,0,2025-04-08 10:00:00
OP103692,W0414,Night,B,10.0,0,2025-06-11 03:21:00
OP103697,W0313,Evening,B,24.0,0,2025-01-26 19:22:00
OP103698,W0414,Evening,C,45.0,0,2025-05-09 10:32:00
OP103703,W0206,Evening,C,39.0,0,2025-04-06 01:54:00
OP103708,W0073,Morning,A,5.0,1,2025-01-16 20:51:00
OP103709,W0280,Morning,C,47.0,1,2025-04-07 16:19:00
OP103713,W0414,Night,B,14.0,0,2025-02-24 18:59:00
OP103716,W0075,Morning,D,31.0,0,2025-05-22 05:34:00
OP103718,W0499,Night,B,3.0,0,2025-05-20 00:52:00
OP103720,W0350,Evening,A,5.0,1,2025-06-18 23:45:00
OP103726,W0252,Morning,A,15.0,0,2025-06-15 14:52:00
OP103729,W0112,Evening,A,32.0,0,2025-02-02 23:46:00
OP103733,W0421,Night,B,26.0,1,2025-02-24 22:28:00
OP103740,W0082,Night,C,16.0,0,2025-01-18 14:35:00
OP103743,W0258,Evening,A,49.0,0,2025-05-03 03:48:00
OP103745,W0303,Morning,C,19.0,1,2025-02-10 23:45:00
OP103746,W0303,Morning,A,5.0,0,2025-02-18 21:30:00
OP103747,W0418,Night,D,21.0,0,2025-03-14 04:31:00
OP103748,W0349,Morning,E,21.0,0,2025-03-05 06:50:00
OP103756,W0431,Evening,C,6.0,0,2025-04-26 05:04:00
OP103757,W0467,Evening,C,5.0,0,2025-05-21 23:59:00
OP103758,W0045,Evening,C,18.0,1,2025-06-01 16:17:00
OP103760,W0111,Morning,D,18.0,0,2025-06-23 20:07:00
OP103761,W0043,Morning,B,38.0,0,2025-03-08 11:35:00
OP103762,W0278,Night,D,45.0,0,2025-01-09 17:26:00
OP103763,W0206,Evening,B,41.0,0,2025-01-19 08:21:00
OP103764,W0269,Evening,B,13.0,1,2025-04-05 03:31:00
OP103766,W0136,Night,E,20.0,0,2025-06-01 16:32:00
OP103768,W0435,Morning,A,16.0,0,2025-04-04 23:22:00
OP103770,W0334,Morning,D,16.0,0,2025-03-29 12:47:00
OP103773,W0316,Night,A,9.0,0,2025-06-25 09:03:00
OP103774,W0338,Morning,D,6.0,0,2025-03-19 22:22:00
OP103776,W0287,Evening,B,42.0,0,2025-06-15 21:21:00
OP103779,W0162,Night,A,44.0,0,2025-03-09 14:42:00
OP103783,W0164,Morning,C,8.0,0,2025-04-16 15:49:00
OP103784,W0327,Evening,A,17.0,1,2025-04-22 13:17:00
OP103786,W0322,Morning,D,4.0,0,2025-04-12 01:32:00
OP103790,W0333,Morning,A,26.0,0,2025-05-02 15:26:00
OP103791,W0046,Morning,C,27.0,1,2025-03-28 20:15:00
OP103798,W0059,Evening,A,38.0,0,2025-05-13 18:31:00
OP103800,W0162,Evening,A,6.0,0,2025-06-23 01:17:00
OP103801,W0187,Morning,C,7.0,0,2025-01-27 01:34:00
OP103802,W0048,Morning,A,47.0,0,2025-04-29 03:21:00
OP103805,W0061,Morning,A,49.0,1,2025-05-12 02:47:00
OP103806,W0263,Morning,A,43.0,0,2025-02-24 15:03:00
OP103809,W0225,Morning,D,16.0,0,2025-03-28 08:48:00
OP103811,W0348,Evening,A,43.0,0,2025-04-11 02:50:00
OP103816,W0013,Night,D,27.0,0,2025-03-07 16:02:00
OP103822,W0194,Night,A,4.0,0,2025-03-15 07:46:00
OP103827,W0479,Night,D,14.0,1,2025-01-14 21:36:00
OP103828,W0390,Morning,C,12.0,0,2025-03-10 05:30:00
OP103832,W0183,Evening,D,38.0,0,2025-04-11 10:57:00
OP103834,W0183,Night,D,13.0,0,2025-03-20 08:04:00
OP103837,W0167,Morning,B,45.0,0,2025-05-17 02:03:00
OP103838,W0117,Evening,A,24.0,0,2025-06-28 03:33:00
OP103842,W0441,Evening,C,30.0,1,2025-04-18 00:46:00
OP103845,W0099,Morning,A,43.0,1,2025-05-20 20:22:00
OP103847,W0480,Morning,B,48.0,0,2025-04-18 07:56:00
OP103848,W0321,Morning,C,4.0,0,2025-06-13 18:14:00
OP103854,W0214,Morning,A,27.0,0,2025-02-10 22:38:00
OP103858,W0043,Morning,E,42.0,0,2025-05-31 07:43:00
OP103861,W0425,Evening,C,4.0,0,2025-05-12 08:37:00
OP103865,W0172,Night,A,20.0,0,2025-04-07 03:01:00
OP103866,W0143,Night,C,33.0,0,2025-03-12 14:34:00
OP103867,W0352,Morning,D,41.0,0,2025-03-10 11:16:00
OP103868,W0490,Night,E,45.0,0,2025-03-23 13:29:00
OP103869,W0043,Morning,B,43.0,0,2025-04-24 02:35:00
OP103874,W0330,Evening,D,48.0,1,2025-05-09 16:25:00
OP103876,W0426,Evening,C,43.0,0,2025-01-18 21:45:00
OP103877,W0433,Morning,E,37.0,0,2025-04-23 23:54:00
OP103878,W0226,Night,E,13.0,0,2025-02-28 11:44:00
OP103881,W0031,Evening,A,15.0,0,2025-05-01 17:57:00
OP103883,W0389,Evening,E,8.0,0,2025-05-30 16:17:00
OP103884,W0358,Evening,E,24.0,0,2025-05-28 23:00:00
OP103885,W0251,Morning,E,23.0,0,2025-01-16 17:41:00
OP103886,W0341,Evening,C,4.0,0,2025-05-23 08:22:00
OP103887,W0442,Night,A,31.0,0,2025-03-25 05:32:00
OP103888,W0057,Evening,D,2.0,0,2025-06-11 21:02:00
OP103889,W0066,Morning,E,28.0,0,2025-04-10 13:21:00
OP103890,W0478,Morning,C,24.0,0,2025-04-02 22:02:00
OP103893,W0285,Morning,A,41.0,0,2025-03-17 05:30:00
OP103894,W0216,Morning,D,15.0,0,2025-01-01 21:06:00
OP103895,W0091,Morning,E,2.0,0,2025-06-17 08:17:00
OP103896,W0202,Morning,C,34.0,0,2025-01-28 20:40:00
OP103899,W0195,Evening,B,1.0,1,2025-05-06 08:29:00
OP103904,W0160,Night,E,1.0,0,2025-02-22 21:35:00
OP103905,W0092,Morning,C,48.0,0,2025-04-28 02:21:00
OP103906,W0470,Morning,D,40.0,0,2025-01-29 05:58:00
OP103907,W0433,Evening,B,29.0,0,2025-05-29 00:56:00
OP103910,W0188,Morning,C,28.0,0,2025-02-18 15:14:00
OP103911,W0169,Morning,D,18.0,0,2025-03-11 22:21:00
OP103919,W0325,Night,E,24.0,0,2025-03-19 05:02:00
OP103925,W0254,Morning,C,15.0,0,2025-04-23 11:40:00
OP103927,W0131,Morning,C,15.0,0,2025-02-17 10:42:00
OP103928,W0241,Night,C,33.0,1,2025-03-14 18:33:00
OP103929,W0160,Morning,D,17.0,1,2025-01-30 15:19:00
OP103933,W0007,Morning,B,1.0,0,2025-04-15 20:37:00
OP103934,W0090,Night,C,1.0,0,2025-06-22 04:31:00
OP103937,W0282,Morning,A,37.0,1,2025-03-31 12:55:00
OP103939,W0117,Morning,A,46.0,1,2025-04-27 10:30:00
OP103940,W0039,Night,B,24.0,0,2025-03-22 00:39:00
OP103942,W0409,Evening,E,30.0,0,2025-04-10 13:18:00
OP103943,W0044,Morning,B,39.0,0,2025-06-20 19:04:00
OP103945,W0089,Morning,E,23.0,0,2025-06-13 01:58:00
OP103947,W0266,Morning,E,39.0,1,2025-02-18 01:54:00
OP103950,W0235,Evening,C,49.0,0,2025-02-06 18:17:00
OP103953,W0380,Morning,C,9.0,1,2025-05-22 13:48:00
OP103955,W0089,Morning,E,14.0,0,2025-06-21 19:52:00
OP103956,W0273,Morning,C,24.0,0,2025-03-11 00:36:00
OP103959,W0457,Night,C,48.0,0,2025-02-17 13:51:00
OP103960,W0237,Evening,D,17.0,1,2025-06-17 18:32:00
OP103961,W0371,Evening,D,27.0,0,2025-01-12 08:53:00
OP103964,W0127,Evening,B,47.0,0,2025-06-17 19:13:00
OP103968,W0256,Morning,A,5.0,0,2025-03-28 03:09:00
OP103973,W0430,Night,E,39.0,0,2025-04-26 09:34:00
OP103979,W0368,Night,C,20.0,0,2025-03-07 06:35:00
OP103980,W0202,Night,C,45.0,0,2025-01-20 16:32:00
OP103981,W0044,Evening,E,32.0,0,2025-02-21 18:28:00
OP103982,W0181,Evening,B,31.0,0,2025-01-08 07:59:00
OP103984,W0158,Morning,E,13.0,0,2025-02-13 23:28:00
OP103986,W0427,Night,E,14.0,1,2025-01-27 16:51:00
OP103988,W0065,Morning,D,14.0,1,2025-05-27 16:46:00
OP103990,W0487,Morning,B,21.0,0,2025-01-22 08:58:00
OP103994,W0031,Morning,A,40.0,0,2025-06-14 01:07:00
OP103995,W0200,Morning,A,11.0,0,2025-01-29 05:58:00
OP103996,W0303,Morning,D,39.0,0,2025-06-04 07:42:00
OP103997,W0398,Night,D,45.0,0,2025-05-19 07:41:00
OP104001,W0163,Night,B,46.0,0,2025-04-02 21:58:00
OP104003,W0310,Evening,A,10.0,1,2025-02-24 02:57:00
OP104007,W0483,Night,A,30.0,0,2025-02-25 17:21:00
OP104008,W0110,Evening,B,41.0,0,2025-05-29 20:47:00
OP104010,W0372,Evening,A,23.0,0,2025-04-04 18:24:00
OP104012,W0381,Morning,C,3.0,1,2025-06-01 19:04:00
OP104013,W0412,Morning,C,2.0,1,2025-02-04 13:19:00
OP104016,W0338,Evening,B,44.0,0,2025-01-18 14:04:00
OP104017,W0500,Evening,A,2.0,0,2025-06-29 08:49:00
OP104020,W0307,Night,B,12.0,0,2025-01-31 07:37:00
OP104022,W0468,Evening,D,13.0,1,2025-06-24 16:46:00
OP104027,W0338,Morning,A,35.0,0,2025-05-05 00:07:00
OP104029,W0194,Night,D,46.0,0,2025-04-22 02:49:00
OP104030,W0143,Night,E,24.0,0,2025-02-20 08:14:00
OP104031,W0185,Night,B,15.0,0,2025-05-10 14:48:00
OP104032,W0417,Morning,A,45.0,0,2025-06-01 19:25:00
OP104036,W0342,Morning,A,37.0,1,2025-02-26 07:21:00
OP104038,W0329,Morning,A,15.0,0,2025-04-13 08:43:00
OP104039,W0382,Morning,D,2.0,1,2025-03-21 11:25:00
OP104042,W0101,Night,D,38.0,0,2025-06-13 23:00:00
OP104043,W0385,Evening,A,42.0,0,2025-04-18 04:01:00
OP104044,W0431,Morning,A,29.0,0,2025-05-19 23:07:00
OP104045,W0304,Morning,D,47.0,0,2025-02-07 05:36:00
OP104046,W0239,Evening,A,12.0,0,2025-04-02 13:53:00
OP104053,W0392,Morning,E,25.0,0,2025-04-11 17:06:00
OP104054,W0211,Morning,C,27.0,1,2025-03-06 00:44:00
OP104056,W0057,Night,C,28.0,0,2025-01-20 12:28:00
OP104058,W0462,Night,A,48.0,0,2025-06-19 00:28:00
OP104060,W0204,Evening,C,37.0,0,2025-06-18 15:26:00
OP104061,W0051,Morning,D,20.0,0,2025-01-16 05:06:00
OP104062,W0202,Evening,D,16.0,1,2025-04-26 13:44:00
OP104064,W0451,Morning,A,47.0,1,2025-06-17 12:07:00
OP104065,W0041,Morning,D,18.0,0,2025-04-21 02:10:00
OP104074,W0114,Evening,A,19.0,0,2025-01-03 13:48:00
OP104075,W0378,Evening,B,37.0,0,2025-05-29 16:04:00
OP104076,W0325,Morning,E,8.0,0,2025-03-21 03:11:00
OP104080,W0137,Morning,E,45.0,0,2025-03-11 18:15:00
OP104085,W0063,Night,D,44.0,0,2025-01-12 21:40:00
OP104086,W0330,Night,A,18.0,0,2025-02-12 07:38:00
OP104087,W0256,Morning,E,19.0,0,2025-01-23 21:50:00
OP104090,W0446,Morning,A,27.0,0,2025-01-15 03:41:00
OP104091,W0358,Morning,E,38.0,0,2025-01-31 22:28:00
OP104094,W0139,Night,E,5.0,1,2025-03-10 20:36:00
OP104095,W0149,Night,D,8.0,0,2025-04-30 14:35:00
OP104096,W0194,Night,D,6.0,0,2025-06-13 03:24:00
OP104097,W0326,Morning,B,8.0,0,2025-05-12 08:34:00
OP104098,W0260,Morning,C,49.0,0,2025-01-30 23:25:00
OP104099,W0143,Morning,D,24.0,0,2025-04-28 12:17:00
OP104102,W0009,Morning,D,48.0,1,2025-01-07 03:39:00
OP104104,W0108,Morning,B,30.0,0,2025-01-10 21:17:00
OP104107,W0183,Morning,E,29.0,0,2025-04-09 02:30:00
OP104108,W0028,Evening,B,47.0,0,2025-05-28 09:25:00
OP104111,W0167,Morning,D,28.0,1,2025-03-28 01:51:00
OP104113,W0473,Morning,E,49.0,0,2025-06-17 01:29:00
OP104116,W0007,Morning,D,26.0,1,2025-04-16 06:02:00
OP104117,W0165,Morning,B,36.0,0,2025-05-26 04:14:00
OP104118,W0084,Evening,A,23.0,0,2025-05-29 18:44:00
OP104120,W0184,Evening,D,45.0,0,2025-01-21 15:42:00
OP104121,W0382,Morning,A,27.0,0,2025-04-05 05:43:00
OP104123,W0192,Morning,E,24.0,1,2025-02-28 19:05:00
OP104124,W0130,Night,A,18.0,0,2025-05-15 20:52:00
OP104131,W0414,Night,C,7.0,0,2025-04-01 11:39:00
OP104133,W0155,Morning,B,32.0,0,2025-03-27 14:16:00
OP104134,W0228,Morning,A,26.0,0,2025-02-21 04:18:00
OP104136,W0007,Morning,E,21.0,0,2025-02-12 04:52:00
OP104137,W0160,Evening,D,13.0,0,2025-01-18 00:01:00
OP104139,W0284,Night,B,36.0,0,2025-05-26 11:55:00
OP104148,W0097,Evening,D,26.0,0,2025-02-18 05:02:00
OP104150,W0100,Morning,A,1.0,0,2025-05-10 12:25:00
OP104153,W0020,Morning,A,31.0,0,2025-05-22 18:11:00
OP104155,W0391,Morning,B,7.0,0,2025-05-17 01:05:00
OP104160,W0041,Morning,C,15.0,0,2025-04-04 16:09:00
OP104161,W0204,Evening,D,26.0,0,2025-01-22 20:06:00
OP104165,W0228,Morning,D,41.0,0,2025-02-10 06:16:00
OP104166,W0285,Morning,D,41.0,0,2025-02-26 12:07:00
OP104167,W0381,Morning,C,1.0,0,2025-05-03 12:38:00
OP104170,W0322,Morning,E,37.0,0,2025-03-30 09:32:00
OP104171,W0129,Night,C,45.0,1,2025-03-11 03:36:00
OP104172,W0066,Morning,A,3.0,0,2025-06-08 22:02:00
OP104173,W0222,Morning,E,19.0,0,2025-05-07 05:43:00
OP104176,W0065,Morning,E,49.0,1,2025-04-15 09:38:00
OP104177,W0142,Night,C,5.0,1,2025-01-28 23:02:00
OP104179,W0223,Morning,C,16.0,0,2025-01-18 01:51:00
OP104180,W0330,Evening,A,32.0,1,2025-03-27 16:42:00
OP104183,W0131,Night,A,42.0,0,2025-01-18 02:25:00
OP104187,W0459,Morning,A,24.0,0,2025-04-10 08:09:00
OP104192,W0215,Morning,D,19.0,0,2025-04-02 07:27:00
OP104193,W0466,Morning,E,7.0,0,2025-05-07 20:16:00
OP104196,W0413,Night,A,44.0,0,2025-01-08 05:12:00
OP104199,W0232,Morning,B,48.0,0,2025-03-25 08:42:00
OP104203,W0251,Morning,C,9.0,0,2025-01-04 08:34:00
OP104205,W0242,Evening,B,42.0,0,2025-05-25 06:24:00
OP104206,W0222,Evening,A,45.0,0,2025-06-17 02:21:00
OP104207,W0481,Evening,E,19.0,0,2025-05-05 15:22:00
OP104208,W0453,Night,D,32.0,0,2025-04-19 19:03:00
OP104209,W0382,Evening,E,43.0,0,2025-02-12 05:59:00
OP104214,W0421,Evening,C,30.0,1,2025-05-01 02:01:00
OP104216,W0153,Morning,D,37.0,0,2025-05-20 23:13:00
OP104220,W0189,Morning,B,33.0,0,2025-03-31 23:44:00
OP104222,W0296,Morning,A,43.0,0,2025-01-05 22:29:00
OP104223,W0246,Morning,B,5.0,0,2025-04-07 10:00:00
OP104225,W0220,Morning,C,18.0,1,2025-05-31 19:01:00
OP104226,W0169,Morning,C,15.0,1,2025-04-29 09:20:00
OP104229,W0245,Evening,B,15.0,0,2025-06-24 19:25:00
OP104232,W0165,Morning,D,43.0,1,2025-05-14 13:39:00
OP104234,W0254,Morning,C,3.0,1,2025-01-08 01:50:00
OP104237,W0458,Morning,D,11.0,0,2025-04-13 22:29:00
OP104238,W0332,Evening,C,41.0,0,2025-01-07 02:42:00
OP104242,W0421,Morning,B,48.0,1,2025-01-17 08:23:00
OP104243,W0127,Night,A,40.0,1,2025-06-18 23:40:00
OP104244,W0208,Evening,B,22.0,0,2025-06-14 14:57:00
OP104246,W0018,Morning,D,39.0,1,2025-05-11 23:57:00
OP104252,W0270,Morning,B,48.0,0,2025-01-27 05:46:00
OP104260,W0108,Morning,A,19.0,1,2025-03-11 22:08:00
OP104265,W0037,Evening,C,48.0,0,2025-03-19 06:09:00
OP104266,W0491,Morning,A,32.0,0,2025-04-07 09:07:00
OP104267,W0404,Morning,C,12.0,0,2025-02-04 20:31:00
OP104269,W0104,Morning,A,30.0,0,2025-05-29 00:59:00
OP104271,W0309,Night,D,23.0,0,2025-06-04 11:23:00
OP104277,W0487,Morning,D,21.0,0,2025-01-11 19:08:00
OP104279,W0096,Morning,D,41.0,0,2025-05-08 15:10:00
OP104282,W0131,Morning,C,9.0,0,2025-01-05 11:12:00
OP104283,W0129,Morning,D,35.0,0,2025-06-18 00:40:00
OP104287,W0431,Night,A,2.0,0,2025-06-14 02:28:00
OP104290,W0098,Night,C,46.0,0,2025-04-20 21:29:00
OP104292,W0320,Morning,A,42.0,1,2025-01-06 21:17:00
OP104293,W0478,Evening,D,46.0,0,2025-02-24 01:54:00
OP104298,W0392,Evening,B,23.0,1,2025-05-04 02:38:00
OP104308,W0206,Night,D,35.0,1,2025-06-07 04:09:00
OP104312,W0243,Night,C,39.0,1,2025-03-04 15:08:00
OP104317,W0471,Evening,B,20.0,0,2025-05-28 01:00:00
OP104323,W0486,Morning,B,1.0,0,2025-01-25 19:57:00
OP104326,W0119,Evening,B,27.0,1,2025-05-17 06:16:00
OP104328,W0405,Morning,D,5.0,0,2025-05-04 01:20:00
OP104332,W0229,Evening,C,17.0,0,2025-04-21 03:30:00
OP104333,W0435,Morning,B,13.0,0,2025-06-15 12:47:00
OP104335,W0490,Morning,A,34.0,1,2025-01-23 07:53:00
OP104336,W0444,Evening,A,15.0,0,2025-03-07 04:53:00
OP104337,W0420,Evening,D,29.0,0,2025-06-28 10:33:00
OP104340,W0252,Morning,B,37.0,0,2025-02-08 21:16:00
OP104342,W0326,Morning,A,6.0,0,2025-06-01 09:01:00
OP104344,W0153,Morning,B,41.0,0,2025-04-27 01:25:00
OP104348,W0328,Night,C,40.0,1,2025-04-17 06:54:00
OP104349,W0360,Morning,E,17.0,0,2025-03-25 10:32:00
OP104352,W0398,Morning,A,2.0,1,2025-03-18 01:50:00
OP104353,W0429,Morning,D,49.0,0,2025-05-26 13:48:00
OP104360,W0050,Morning,D,38.0,0,2025-01-27 07:33:00
OP104365,W0233,Morning,C,6.0,0,2025-04-02 15:42:00
OP104367,W0374,Night,C,22.0,0,2025-03-08 00:11:00
OP104370,W0038,Morning,B,45.0,1,2025-05-24 07:23:00
OP104371,W0082,Night,A,11.0,0,2025-06-24 23:00:00
OP104376,W0482,Morning,E,36.0,1,2025-04-21 20:46:00
OP104378,W0390,Evening,B,25.0,1,2025-04-01 01:37:00
OP104380,W0325,Morning,B,29.0,0,2025-03-05 04:34:00
OP104381,W0492,Evening,E,35.0,0,2025-05-07 01:50:00
OP104382,W0454,Evening,E,24.0,0,2025-01-11 05:40:00
OP104383,W0398,Morning,B,12.0,1,2025-05-19 11:24:00
OP104385,W0298,Morning,A,34.0,0,2025-02-25 01:31:00
OP104388,W0129,Evening,B,20.0,0,2025-06-16 23:10:00
OP104392,W0221,Night,D,9.0,0,2025-03-22 06:28:00
OP104393,W0381,Evening,D,43.0,0,2025-02-01 08:01:00
OP104396,W0259,Night,E,21.0,0,2025-03-30 00:11:00
OP104398,W0110,Night,A,47.0,0,2025-01-30 11:55:00
OP104406,W0067,Evening,D,8.0,0,2025-01-13 08:22:00
OP104407,W0053,Night,C,24.0,0,2025-05-24 10:25:00
OP104408,W0108,Morning,A,49.0,0,2025-05-30 22:56:00
OP104409,W0064,Morning,E,1.0,0,2025-01-04 14:13:00
OP104411,W0216,Night,A,26.0,0,2025-02-02 15:00:00
OP104412,W0008,Morning,C,9.0,0,2025-06-26 18:31:00
OP104414,W0376,Night,C,47.0,0,2025-02-17 04:25:00
OP104417,W0407,Evening,D,7.0,0,2025-02-19 13:48:00
OP104423,W0033,Night,E,7.0,1,2025-05-04 11:11:00
OP104426,W0433,Evening,E,40.0,0,2025-01-01 17:56:00
OP104428,W0055,Night,A,34.0,1,2025-02-08 03:35:00
OP104430,W0251,Morning,B,10.0,0,2025-04-07 11:04:00
OP104431,W0104,Evening,B,22.0,0,2025-04-06 20:36:00
OP104432,W0245,Morning,A,3.0,0,2025-06-02 17:27:00
OP104435,W0141,Night,E,9.0,1,2025-05-30 16:16:00
OP104438,W0475,Evening,A,35.0,0,2025-03-13 10:58:00
OP104439,W0124,Night,E,32.0,0,2025-02-05 20:38:00
OP104440,W0333,Morning,D,36.0,0,2025-04-04 03:55:00
OP104441,W0338,Evening,C,19.0,0,2025-03-01 01:35:00
OP104445,W0047,Morning,D,20.0,0,2025-04-20 01:31:00
OP104446,W0160,Night,A,33.0,0,2025-06-06 15:47:00
OP104449,W0078,Morning,E,41.0,1,2025-06-29 14:26:00
OP104452,W0428,Morning,D,24.0,0,2025-04-16 02:02:00
OP104455,W0183,Evening,D,31.0,1,2025-02-28 14:25:00
OP104456,W0031,Morning,A,41.0,0,2025-06-09 05:34:00
OP104458,W0483,Morning,E,48.0,0,2025-01-10 11:23:00
OP104460,W0489,Morning,A,22.0,0,2025-01-04 16:26:00
OP104462,W0370,Morning,E,27.0,0,2025-05-29 11:11:00
OP104463,W0049,Morning,E,32.0,1,2025-01-04 08:49:00
OP104464,W0276,Evening,C,14.0,0,2025-01-11 11:54:00
OP104466,W0466,Morning,D,12.0,0,2025-05-21 07:14:00
OP104469,W0268,Evening,D,6.0,0,2025-06-24 07:41:00
OP104470,W0193,Evening,C,6.0,0,2025-04-13 11:37:00
OP104474,W0033,Morning,C,27.0,1,2025-06-03 22:21:00
OP104476,W0085,Night,D,49.0,0,2025-06-26 22:06:00
OP104479,W0492,Morning,C,49.0,1,2025-03-04 01:54:00
OP104480,W0475,Morning,E,1.0,0,2025-02-19 08:34:00
OP104481,W0494,Morning,C,31.0,1,2025-06-03 18:04:00
OP104489,W0435,Morning,B,48.0,0,2025-01-20 11:24:00
OP104490,W0225,Morning,B,41.0,0,2025-05-07 10:39:00
OP104492,W0409,Morning,C,11.0,0,2025-05-12 17:58:00
OP104493,W0189,Morning,E,3.0,0,2025-03-07 11:20:00
OP104499,W0290,Night,A,23.0,0,2025-05-20 15:06:00
OP104500,W0465,Evening,B,21.0,0,2025-06-22 17:08:00
OP104502,W0289,Evening,C,42.0,1,2025-06-09 05:19:00
OP104503,W0019,Evening,A,38.0,0,2025-03-01 19:25:00
OP104504,W0080,Evening,C,12.0,0,2025-06-17 13:41:00
OP104507,W0301,Evening,E,9.0,0,2025-06-04 09:02:00
OP104509,W0020,Morning,B,8.0,1,2025-01-20 18:57:00
OP104510,W0296,Evening,D,8.0,0,2025-06-06 10:10:00
OP104516,W0093,Evening,E,30.0,0,2025-05-20 14:00:00
OP104518,W0149,Morning,E,29.0,1,2025-05-15 02:24:00
OP104522,W0130,Night,B,36.0,0,2025-04-09 04:10:00
OP104523,W0467,Morning,E,47.0,0,2025-01-18 06:24:00
OP104524,W0140,Night,B,27.0,0,2025-01-23 23:17:00
OP104525,W0086,Morning,D,5.0,0,2025-05-02 13:16:00
OP104526,W0215,Evening,D,44.0,0,2025-03-11 19:00:00
OP104529,W0450,Night,B,4.0,0,2025-03-29 23:25:00
OP104532,W0318,Morning,D,31.0,0,2025-06-27 07:35:00
OP104536,W0432,Night,B,36.0,0,2025-05-30 14:59:00
OP104537,W0356,Evening,B,3.0,0,2025-02-12 23:22:00
OP104539,W0478,Night,C,23.0,0,2025-05-21 20:09:00
OP104546,W0134,Morning,C,17.0,1,2025-06-20 06:23:00
OP104550,W0038,Evening,C,23.0,0,2025-02-15 20:16:00
OP104552,W0370,Evening,A,30.0,0,2025-03-10 23:51:00
OP104558,W0473,Morning,C,17.0,1,2025-04-07 01:46:00
OP104559,W0335,Morning,E,32.0,0,2025-01-23 19:45:00
OP104565,W0424,Night,E,20.0,1,2025-02-25 05:41:00
OP104569,W0231,Evening,B,15.0,0,2025-04-05 11:30:00
OP104570,W0480,Morning,D,39.0,1,2025-02-25 12:35:00
OP104574,W0157,Morning,D,26.0,0,2025-01-20 04:29:00
OP104575,W0257,Morning,C,26.0,0,2025-02-13 04:39:00
OP104582,W0389,Night,E,46.0,0,2025-01-19 12:45:00
OP104583,W0220,Morning,B,20.0,1,2025-04-05 07:41:00
OP104584,W0122,Night,A,18.0,0,2025-01-23 15:51:00
OP104587,W0016,Morning,B,29.0,1,2025-05-24 07:41:00
OP104590,W0136,Morning,C,32.0,1,2025-06-13 23:17:00
OP104592,W0459,Morning,C,9.0,0,2025-02-10 18:14:00
OP104597,W0088,Morning,D,12.0,0,2025-01-05 05:55:00
OP104598,W0281,Morning,C,36.0,0,2025-03-21 14:25:00
OP104599,W0260,Evening,A,25.0,1,2025-04-28 18:26:00
OP104600,W0294,Night,E,38.0,0,2025-06-07 19:26:00
OP104601,W0389,Night,A,9.0,0,2025-03-05 22:32:00
OP104602,W0022,Night,B,24.0,1,2025-06-16 12:21:00
OP104603,W0449,Night,D,38.0,0,2025-03-17 13:30:00
OP104606,W0073,Morning,B,11.0,1,2025-06-11 19:37:00
OP104607,W0171,Night,B,46.0,1,2025-06-09 00:04:00
OP104609,W0175,Morning,D,5.0,0,2025-02-27 04:47:00
OP104610,W0445,Morning,D,49.0,0,2025-05-04 16:41:00
OP104611,W0137,Morning,C,38.0,0,2025-06-01 18:36:00
OP104612,W0256,Night,D,24.0,0,2025-05-30 02:27:00
OP104614,W0456,Night,D,45.0,0,2025-05-01 11:04:00
OP104617,W0296,Evening,D,9.0,1,2025-06-03 06:08:00
OP104622,W0221,Night,A,19.0,1,2025-04-16 09:28:00
OP104623,W0412,Morning,B,25.0,0,2025-01-17 16:14:00
OP104624,W0108,Night,B,27.0,1,2025-01-23 19:36:00
OP104626,W0023,Night,B,37.0,0,2025-03-31 06:20:00
OP104627,W0291,Night,A,48.0,0,2025-06-05 10:44:00
OP104629,W0068,Morning,C,26.0,0,2025-03-23 06:25:00
OP104630,W0207,Morning,A,11.0,1,2025-02-13 00:20:00
OP104631,W0055,Morning,B,33.0,1,2025-03-30 18:17:00
OP104638,W0473,Morning,D,24.0,0,2025-05-10 10:37:00
OP104640,W0308,Morning,B,4.0,0,2025-02-09 22:08:00
OP104641,W0296,Night,B,43.0,0,2025-02-03 12:34:00
OP104647,W0002,Night,C,5.0,0,2025-05-13 12:39:00
OP104651,W0400,Evening,A,48.0,0,2025-06-25 19:56:00
OP104652,W0198,Morning,B,39.0,1,2025-05-16 08:11:00
OP104655,W0219,Morning,B,12.0,0,2025-04-02 08:31:00
OP104657,W0167,Morning,E,29.0,0,2025-06-26 21:26:00
OP104658,W0386,Evening,C,5.0,0,2025-01-24 01:44:00
OP104659,W0016,Morning,D,24.0,0,2025-04-27 18:30:00
OP104661,W0238,Morning,D,27.0,1,2025-03-16 19:09:00
OP104662,W0264,Morning,C,34.0,1,2025-05-27 13:14:00
OP104664,W0449,Morning,D,36.0,1,2025-05-05 08:49:00
OP104666,W0301,Evening,D,26.0,0,2025-03-28 20:34:00
OP104669,W0402,Morning,A,29.0,0,2025-05-23 11:20:00
OP104671,W0094,Morning,D,9.0,0,2025-03-27 12:48:00
OP104672,W0043,Evening,E,36.0,0,2025-05-15 14:39:00
OP104677,W0437,Night,C,14.0,0,2025-01-26 06:01:00
OP104680,W0159,Night,C,33.0,0,2025-01-24 10:22:00
OP104682,W0474,Night,E,49.0,0,2025-03-13 06:25:00
OP104685,W0158,Morning,B,31.0,0,2025-04-06 22:40:00
OP104689,W0251,Morning,E,16.0,0,2025-05-29 17:17:00
OP104692,W0324,Morning,E,9.0,0,2025-03-06 16:52:00
OP104693,W0006,Morning,E,6.0,1,2025-01-20 01:22:00
OP104699,W0293,Evening,C,20.0,0,2025-04-29 05:50:00
OP104701,W0234,Night,C,5.0,1,2025-04-22 05:53:00
OP104702,W0182,Morning,A,46.0,0,2025-05-27 04:46:00
OP104703,W0429,Morning,E,29.0,0,2025-03-18 04:49:00
OP104704,W0332,Night,D,29.0,1,2025-05-10 06:32:00
OP104705,W0146,Morning,E,20.0,1,2025-02-22 10:30:00
OP104706,W0085,Night,C,22.0,0,2025-01-05 03:52:00
OP104710,W0164,Morning,A,21.0,0,2025-01-02 18:44:00
OP104711,W0274,Night,C,36.0,0,2025-06-10 20:38:00
OP104712,W0342,Morning,A,11.0,1,2025-05-19 04:15:00
OP104714,W0404,Night,A,39.0,0,2025-04-11 18:30:00
OP104719,W0064,Morning,C,4.0,1,2025-02-07 08:57:00
OP104723,W0318,Morning,C,38.0,1,2025-04-30 22:40:00
OP104725,W0236,Night,B,17.0,0,2025-01-24 16:20:00
OP104726,W0107,Evening,B,13.0,1,2025-04-02 00:25:00
OP104737,W0060,Morning,B,12.0,0,2025-04-13 09:42:00
OP104739,W0423,Morning,B,28.0,1,2025-05-26 16:52:00
OP104740,W0121,Evening,D,22.0,1,2025-06-01 03:50:00
OP104743,W0468,Morning,D,36.0,1,2025-04-19 12:46:00
OP104745,W0038,Morning,E,29.0,0,2025-05-02 14:27:00
OP104746,W0496,Morning,D,42.0,0,2025-02-03 01:04:00
OP104750,W0275,Evening,E,49.0,0,2025-05-25 10:23:00
OP104755,W0212,Morning,D,43.0,0,2025-03-29 03:21:00
OP104756,W0265,Morning,A,27.0,0,2025-01-05 15:18:00
OP104757,W0040,Evening,D,40.0,0,2025-05-26 15:46:00
OP104758,W0245,Night,B,42.0,0,2025-02-07 10:18:00
OP104760,W0103,Morning,C,5.0,1,2025-05-24 03:44:00
OP104761,W0155,Morning,E,35.0,0,2025-01-25 16:35:00
OP104768,W0004,Morning,D,37.0,1,2025-06-14 12:23:00
OP104769,W0378,Morning,B,47.0,0,2025-06-08 20:53:00
OP104772,W0145,Night,C,44.0,0,2025-02-10 08:48:00
OP104773,W0408,Morning,C,34.0,0,2025-03-10 13:35:00
OP104775,W0440,Evening,D,27.0,0,2025-05-21 04:40:00
OP104776,W0361,Evening,B,48.0,0,2025-04-29 02:05:00
OP104777,W0482,Evening,A,10.0,0,2025-03-22 23:55:00
OP104778,W0172,Evening,A,2.0,0,2025-03-03 01:17:00
OP104780,W0315,Morning,C,49.0,1,2025-04-14 16:24:00
OP104782,W0471,Morning,D,24.0,0,2025-06-07 02:24:00
OP104786,W0188,Evening,A,43.0,0,2025-03-18 19:34:00
OP104789,W0474,Morning,E,12.0,0,2025-01-26 19:04:00
OP104790,W0496,Night,E,8.0,0,2025-02-16 04:38:00
OP104792,W0126,Morning,E,44.0,0,2025-06-05 08:40:00
OP104794,W0069,Morning,E,23.0,1,2025-01-22 14:49:00
OP104795,W0081,Evening,E,8.0,0,2025-03-22 15:44:00
OP104797,W0327,Morning,A,23.0,0,2025-06-24 16:15:00
OP104798,W0062,Evening,C,1.0,0,2025-06-14 14:24:00
OP104800,W0111,Night,A,43.0,1,2025-06-02 19:00:00
OP104803,W0165,Night,C,48.0,0,2025-01-01 02:03:00
OP104804,W0385,Morning,C,33.0,0,2025-05-13 22:45:00
OP104810,W0341,Night,C,40.0,0,2025-03-20 21:43:00
OP104812,W0287,Morning,B,35.0,0,2025-05-08 12:58:00
OP104813,W0172,Evening,B,21.0,0,2025-05-20 15:59:00
OP104814,W0424,Morning,A,49.0,0,2025-03-04 18:10:00
OP104815,W0169,Morning,B,35.0,0,2025-02-11 01:39:00
OP104819,W0218,Morning,B,39.0,0,2025-06-03 10:27:00
OP104821,W0090,Evening,A,21.0,0,2025-03-21 21:51:00
OP104829,W0152,Morning,B,29.0,1,2025-01-18 11:21:00
OP104831,W0139,Evening,A,24.0,1,2025-03-04 14:23:00
OP104832,W0021,Night,B,17.0,0,2025-04-09 10:19:00
OP104834,W0340,Morning,B,44.0,0,2025-02-11 13:29:00
OP104835,W0265,Evening,E,27.0,0,2025-02-09 20:23:00
OP104841,W0130,Morning,A,39.0,1,2025-01-30 08:54:00
OP104845,W0338,Night,C,16.0,0,2025-03-17 01:10:00
OP104848,W0480,Morning,D,25.0,1,2025-03-28 20:36:00
OP104851,W0414,Morning,E,42.0,0,2025-06-04 14:01:00
OP104852,W0292,Evening,B,39.0,1,2025-04-06 19:28:00
OP104853,W0046,Morning,B,13.0,0,2025-01-18 04:42:00
OP104854,W0317,Night,C,43.0,0,2025-03-23 15:46:00
OP104857,W0412,Night,D,5.0,0,2025-06-01 05:08:00
OP104858,W0163,Morning,B,38.0,0,2025-05-27 09:31:00
OP104859,W0251,Evening,D,48.0,0,2025-06-04 07:43:00
OP104863,W0243,Night,A,46.0,0,2025-03-25 04:04:00
OP104865,W0498,Morning,A,47.0,0,2025-06-08 07:41:00
OP104866,W0333,Morning,C,28.0,0,2025-04-13 20:27:00
OP104867,W0430,Morning,E,25.0,0,2025-01-28 10:32:00
OP104869,W0468,Morning,A,11.0,1,2025-05-05 11:19:00
OP104872,W0174,Night,B,11.0,0,2025-01-02 10:22:00
OP104875,W0095,Morning,E,1.0,0,2025-03-17 01:29:00
OP104876,W0461,Night,A,19.0,0,2025-06-02 23:40:00
OP104878,W0114,Night,D,40.0,0,2025-04-06 14:27:00
OP104881,W0121,Morning,E,25.0,0,2025-02-03 17:08:00
OP104885,W0147,Morning,A,17.0,0,2025-05-01 02:52:00
OP104886,W0014,Morning,D,13.0,0,2025-01-02 08:07:00
OP104888,W0333,Night,C,42.0,0,2025-06-19 06:34:00
OP104889,W0016,Morning,C,21.0,0,2025-03-03 18:27:00
OP104892,W0231,Morning,E,35.0,1,2025-01-02 17:41:00
OP104894,W0219,Morning,E,35.0,0,2025-03-28 14:04:00
OP104896,W0053,Morning,C,7.0,0,2025-05-30 18:05:00
OP104898,W0052,Night,B,16.0,0,2025-06-28 02:15:00
OP104900,W0175,Night,E,22.0,0,2025-03-14 16:16:00
OP104903,W0490,Morning,D,47.0,1,2025-04-08 02:00:00
OP104904,W0465,Night,A,35.0,0,2025-06-28 12:15:00
OP104905,W0109,Evening,D,12.0,0,2025-03-01 22:14:00
OP104908,W0287,Night,D,45.0,0,2025-05-19 18:24:00
OP104910,W0455,Morning,A,46.0,1,2025-06-25 14:49:00
OP104913,W0387,Evening,B,32.0,0,2025-03-25 09:50:00
OP104914,W0183,Evening,D,33.0,0,2025-06-12 04:28:00
OP104916,W0338,Evening,E,29.0,0,2025-03-03 03:41:00
OP104924,W0089,Night,E,19.0,0,2025-05-30 08:39:00
OP104926,W0368,Morning,E,23.0,1,2025-02-20 00:49:00
OP104927,W0436,Evening,C,10.0,0,2025-02-11 06:36:00
OP104929,W0325,Morning,A,39.0,0,2025-02-22 13:00:00
OP104931,W0053,Morning,D,41.0,1,2025-03-12 06:55:00
OP104937,W0493,Morning,D,9.0,0,2025-02-26 15:01:00
OP104938,W0034,Night,E,33.0,0,2025-04-23 12:04:00
OP104941,W0216,Morning,C,2.0,0,2025-03-02 04:15:00
OP104942,W0036,Morning,E,40.0,0,2025-01-11 01:02:00
OP104948,W0035,Night,D,40.0,1,2025-05-16 12:05:00
OP104950,W0388,Morning,D,11.0,0,2025-01-25 23:15:00
OP104953,W0003,Evening,D,4.0,0,2025-03-23 23:03:00
OP104958,W0236,Morning,E,47.0,0,2025-04-12 02:01:00
OP104959,W0051,Night,C,4.0,0,2025-05-23 04:49:00
OP104961,W0469,Evening,A,21.0,1,2025-05-28 20:00:00
OP104963,W0490,Morning,C,32.0,1,2025-05-10 21:14:00
OP104964,W0293,Evening,E,48.0,0,2025-01-29 20:34:00
OP104966,W0455,Morning,B,46.0,0,2025-02-15 16:48:00
OP104975,W0102,Evening,D,31.0,0,2025-04-09 14:04:00
OP104976,W0328,Evening,D,10.0,1,2025-02-02 20:40:00
OP104977,W0100,Evening,B,42.0,0,2025-05-29 04:09:00
OP104978,W0288,Evening,E,34.0,0,2025-01-18 14:11:00
OP104982,W0236,Morning,E,11.0,1,2025-01-07 07:57:00
OP104984,W0184,Evening,E,35.0,1,2025-04-14 06:00:00
OP104986,W0360,Morning,C,31.0,0,2025-02-21 00:47:00
OP104989,W0408,Night,B,32.0,0,2025-06-13 00:11:00
OP104993,W0113,Evening,A,27.0,1,2025-06-08 18:15:00
OP104996,W0215,Morning,C,36.0,1,2025-04-30 14:08:00
OP105001,W0126,Night,D,17.0,1,2025-02-18 15:43:00
OP105003,W0130,Morning,E,27.0,1,2025-05-12 14:37:00
OP105006,W0496,Night,A,21.0,1,2025-01-12 10:06:00
OP105007,W0125,Morning,B,37.0,1,2025-05-18 08:30:00
OP105008,W0474,Night,E,38.0,1,2025-01-23 02:22:00
OP105010,W0459,Night,B,45.0,0,2025-06-26 17:23:00
OP105017,W0184,Morning,D,9.0,0,2025-02-16 08:04:00
OP105018,W0068,Night,C,14.0,1,2025-01-12 21:17:00
OP105019,W0029,Night,E,44.0,0,2025-06-09 17:21:00
OP105022,W0183,Night,B,22.0,0,2025-04-11 08:39:00
OP105023,W0178,Evening,B,46.0,0,2025-01-16 08:57:00
OP105029,W0126,Night,E,20.0,1,2025-04-27 23:31:00
OP105030,W0467,Morning,A,38.0,0,2025-01-07 12:14:00
OP105034,W0004,Morning,D,10.0,1,2025-01-24 04:57:00
OP105035,W0398,Morning,D,32.0,0,2025-03-17 05:23:00
OP105042,W0133,Evening,A,5.0,0,2025-01-16 08:20:00
OP105043,W0028,Night,C,23.0,1,2025-02-12 10:14:00
OP105045,W0200,Night,A,10.0,1,2025-01-04 10:05:00
OP105047,W0450,Evening,B,5.0,0,2025-02-09 16:30:00
OP105048,W0483,Morning,B,40.0,0,2025-03-01 19:06:00
OP105049,W0086,Morning,B,30.0,0,2025-01-20 16:02:00
OP105050,W0447,Morning,D,24.0,0,2025-05-18 23:44:00
OP105053,W0416,Morning,D,14.0,0,2025-06-18 13:22:00
OP105056,W0328,Night,D,26.0,0,2025-02-15 12:07:00
OP105062,W0059,Morning,E,3.0,0,2025-06-18 15:44:00
OP105066,W0462,Evening,D,23.0,0,2025-05-20 17:48:00
OP105070,W0008,Morning,D,18.0,0,2025-06-11 13:15:00
OP105075,W0265,Morning,B,45.0,0,2025-04-06 06:18:00
OP105079,W0450,Evening,C,12.0,0,2025-04-10 23:11:00
OP105081,W0361,Evening,B,42.0,0,2025-04-06 15:17:00
OP105084,W0200,Evening,E,37.0,0,2025-02-16 07:49:00
OP105085,W0399,Night,A,34.0,1,2025-02-01 04:30:00
OP105087,W0106,Night,D,28.0,0,2025-06-14 16:10:00
OP105088,W0309,Night,B,19.0,1,2025-03-03 00:54:00
OP105089,W0103,Evening,C,4.0,0,2025-05-12 05:42:00
OP105090,W0162,Morning,B,30.0,0,2025-04-30 01:37:00
OP105091,W0369,Morning,D,48.0,0,2025-02-28 06:24:00
OP105092,W0071,Night,E,19.0,1,2025-01-08 22:59:00
OP105093,W0172,Morning,E,3.0,0,2025-04-08 00:02:00
OP105095,W0164,Morning,D,22.0,0,2025-05-16 09:22:00
OP105096,W0272,Night,E,37.0,0,2025-04-17 19:56:00
OP105099,W0241,Morning,C,13.0,0,2025-02-01 02:52:00
OP105102,W0037,Evening,E,16.0,1,2025-05-02 14:41:00
OP105103,W0347,Morning,A,4.0,0,2025-06-24 19:09:00
OP105105,W0051,Evening,C,17.0,1,2025-04-28 07:51:00
OP105107,W0480,Morning,D,25.0,0,2025-04-05 09:51:00
OP105109,W0040,Night,D,7.0,0,2025-02-23 11:46:00
OP105111,W0327,Night,A,21.0,0,2025-05-31 09:58:00
OP105112,W0443,Night,B,33.0,0,2025-04-10 14:34:00
OP105114,W0425,Night,A,20.0,0,2025-03-29 21:06:00
OP105116,W0249,Morning,E,17.0,0,2025-03-30 17:44:00
OP105117,W0200,Morning,B,10.0,0,2025-01-09 23:48:00
OP105127,W0434,Morning,B,26.0,1,2025-02-28 06:48:00
OP105130,W0339,Night,D,38.0,0,2025-01-17 04:29:00
OP105132,W0344,Morning,B,9.0,0,2025-01-12 12:28:00
OP105133,W0163,Morning,D,41.0,1,2025-01-08 00:45:00
OP105137,W0301,Evening,D,2.0,0,2025-04-03 09:20:00
OP105141,W0020,Morning,A,24.0,0,2025-05-09 04:13:00
OP105142,W0330,Morning,D,2.0,0,2025-01-28 13:20:00
OP105143,W0361,Morning,C,46.0,1,2025-04-25 05:45:00
OP105145,W0487,Night,C,48.0,0,2025-04-20 16:42:00
OP105147,W0344,Morning,B,20.0,0,2025-06-08 00:23:00
OP105152,W0270,Evening,A,46.0,0,2025-03-01 15:54:00
OP105155,W0357,Morning,C,8.0,0,2025-04-14 06:11:00
OP105158,W0443,Evening,C,25.0,1,2025-01-19 09:45:00
OP105159,W0280,Morning,E,39.0,0,2025-04-10 11:31:00
OP105165,W0279,Morning,C,40.0,0,2025-06-26 18:00:00
OP105166,W0179,Morning,E,33.0,0,2025-02-20 21:57:00
OP105167,W0305,Evening,E,42.0,1,2025-02-04 10:26:00
OP105168,W0018,Night,A,1.0,0,2025-03-17 18:24:00
OP105171,W0126,Night,D,31.0,0,2025-02-08 16:44:00
OP105174,W0417,Night,A,34.0,0,2025-01-13 07:31:00
OP105175,W0104,Evening,C,20.0,1,2025-05-27 16:47:00
OP105177,W0057,Morning,D,20.0,0,2025-03-17 14:44:00
OP105178,W0227,Evening,D,32.0,0,2025-03-16 16:09:00
OP105179,W0492,Morning,A,21.0,0,2025-06-27 13:21:00
OP105180,W0160,Night,B,28.0,1,2025-03-25 07:28:00
OP105181,W0146,Night,A,21.0,0,2025-04-06 06:18:00
OP105186,W0336,Morning,C,41.0,1,2025-02-09 17:38:00
OP105188,W0229,Morning,B,18.0,0,2025-04-03 12:30:00
OP105190,W0365,Evening,A,49.0,0,2025-02-01 00:59:00
OP105191,W0237,Morning,A,18.0,0,2025-05-19 04:51:00
OP105192,W0465,Morning,E,3.0,0,2025-05-14 02:28:00
OP105195,W0148,Night,C,1.0,0,2025-04-26 15:02:00
OP105198,W0474,Night,E,31.0,0,2025-06-02 22:46:00
OP105200,W0241,Evening,C,45.0,0,2025-05-11 03:01:00
OP105204,W0100,Morning,E,42.0,1,2025-04-22 21:20:00
OP105205,W0181,Morning,C,1.0,0,2025-03-15 06:21:00
OP105212,W0421,Morning,E,44.0,0,2025-02-15 09:06:00
OP105213,W0388,Evening,E,6.0,0,2025-04-10 11:55:00
OP105214,W0435,Morning,D,18.0,0,2025-06-23 21:19:00
OP105215,W0060,Morning,A,32.0,0,2025-01-15 01:17:00
OP105217,W0334,Night,A,7.0,0,2025-06-05 12:34:00
OP105218,W0117,Morning,A,46.0,0,2025-04-21 17:42:00
OP105219,W0433,Morning,D,49.0,0,2025-03-04 00:16:00
OP105221,W0016,Night,D,37.0,1,2025-06-25 11:48:00
OP105223,W0261,Morning,B,18.0,0,2025-03-04 10:20:00
OP105224,W0148,Evening,B,18.0,0,2025-02-28 10:40:00
OP105225,W0499,Morning,D,8.0,0,2025-04-27 17:06:00
OP105227,W0225,Morning,A,45.0,0,2025-01-01 17:10:00
OP105229,W0091,Morning,E,14.0,1,2025-04-14 21:29:00
OP105230,W0213,Night,B,15.0,0,2025-02-13 21:08:00
OP105233,W0315,Night,C,30.0,1,2025-04-23 19:32:00
OP105234,W0017,Night,A,44.0,0,2025-05-18 17:59:00
OP105235,W0307,Morning,B,49.0,1,2025-05-04 17:51:00
OP105236,W0384,Night,B,30.0,0,2025-04-16 15:35:00
OP105238,W0486,Evening,D,26.0,0,2025-01-30 10:05:00
OP105239,W0013,Night,B,2.0,0,2025-05-23 08:15:00
OP105244,W0085,Morning,E,41.0,1,2025-06-22 18:19:00
OP105245,W0091,Evening,B,20.0,1,2025-04-15 18:58:00
OP105246,W0233,Morning,C,49.0,0,2025-03-07 20:30:00
OP105248,W0013,Night,A,27.0,1,2025-04-22 17:44:00
OP105250,W0396,Evening,E,37.0,0,2025-01-16 10:01:00
OP105252,W0180,Morning,C,23.0,1,2025-01-06 22:06:00
OP105257,W0257,Morning,E,12.0,0,2025-02-28 17:43:00
OP105259,W0195,Evening,C,26.0,1,2025-06-19 14:26:00
OP105261,W0443,Evening,E,26.0,0,2025-04-09 07:02:00
OP105266,W0371,Morning,D,27.0,0,2025-02-16 15:23:00
OP105267,W0077,Morning,B,26.0,0,2025-03-05 18:16:00
OP105268,W0323,Evening,D,40.0,1,2025-04-01 00:23:00
OP105269,W0409,Morning,A,8.0,0,2025-03-19 20:23:00
OP105270,W0465,Morning,E,41.0,1,2025-03-15 14:40:00
OP105271,W0435,Evening,D,43.0,1,2025-01-02 11:02:00
OP105272,W0408,Evening,C,29.0,0,2025-04-15 11:30:00
OP105273,W0183,Morning,B,44.0,0,2025-04-23 10:06:00
OP105274,W0197,Morning,E,47.0,0,2025-02-23 19:37:00
OP105275,W0459,Evening,B,18.0,1,2025-01-18 06:54:00
OP105276,W0170,Evening,C,46.0,0,2025-03-26 11:24:00
OP105279,W0361,Evening,A,48.0,0,2025-01-08 16:49:00
OP105283,W0348,Evening,E,49.0,0,2025-03-14 14:08:00
OP105284,W0465,Evening,B,25.0,0,2025-04-20 17:18:00
OP105287,W0320,Morning,A,27.0,1,2025-04-06 19:08:00
OP105291,W0065,Morning,E,19.0,0,2025-06-18 17:33:00
OP105302,W0204,Morning,A,23.0,0,2025-01-19 22:45:00
OP105303,W0154,Morning,C,21.0,0,2025-06-11 13:48:00
OP105306,W0412,Night,B,20.0,1,2025-05-09 05:39:00
OP105308,W0417,Morning,C,45.0,0,2025-05-24 13:34:00
OP105309,W0204,Morning,D,1.0,0,2025-05-10 21:07:00
OP105311,W0286,Evening,E,16.0,0,2025-03-20 00:44:00
OP105317,W0307,Evening,C,14.0,0,2025-04-03 11:36:00
OP105319,W0425,Evening,B,4.0,0,2025-04-24 18:05:00
OP105320,W0352,Night,E,46.0,0,2025-05-27 13:24:00
OP105322,W0144,Night,B,26.0,0,2025-01-09 01:44:00
OP105323,W0428,Morning,E,24.0,0,2025-03-31 05:37:00
OP105324,W0236,Morning,B,34.0,0,2025-05-28 07:39:00
OP105325,W0412,Morning,C,42.0,0,2025-05-28 22:46:00
OP105326,W0175,Night,E,21.0,0,2025-03-22 00:45:00
OP105327,W0201,Morning,E,34.0,0,2025-06-26 14:23:00
OP105328,W0292,Night,A,8.0,0,2025-02-09 03:24:00
OP105329,W0257,Evening,D,10.0,0,2025-04-21 02:19:00
OP105331,W0396,Morning,E,17.0,1,2025-01-27 14:59:00
OP105332,W0239,Evening,E,5.0,1,2025-05-26 21:48:00
OP105335,W0270,Morning,A,32.0,0,2025-02-27 04:41:00
OP105339,W0342,Night,E,13.0,0,2025-02-10 19:15:00
OP105341,W0182,Night,E,21.0,0,2025-04-17 18:58:00
OP105342,W0205,Evening,D,22.0,0,2025-04-18 10:34:00
OP105343,W0423,Morning,B,6.0,0,2025-01-23 11:26:00
OP105349,W0016,Morning,C,48.0,1,2025-06-04 05:05:00
OP105355,W0163,Night,B,21.0,0,2025-04-17 15:43:00
OP105356,W0033,Morning,B,21.0,0,2025-05-14 10:37:00
OP105358,W0321,Morning,D,16.0,1,2025-01-05 00:29:00
OP105359,W0251,Morning,B,27.0,0,2025-01-04 16:16:00
OP105362,W0188,Morning,D,9.0,0,2025-04-26 12:27:00
OP105369,W0250,Morning,C,31.0,0,2025-01-24 02:45:00
OP105372,W0295,Morning,E,27.0,0,2025-05-18 07:46:00
OP105373,W0140,Night,A,24.0,0,2025-03-17 23:20:00
OP105376,W0102,Morning,C,36.0,1,2025-02-21 21:09:00
OP105379,W0179,Morning,C,20.0,0,2025-01-09 06:51:00
OP105380,W0492,Evening,C,26.0,0,2025-03-21 22:12:00
OP105381,W0180,Evening,B,1.0,0,2025-02-02 17:25:00
OP105384,W0398,Evening,A,33.0,0,2025-04-15 11:08:00
OP105387,W0075,Evening,C,27.0,0,2025-03-29 20:27:00
OP105388,W0010,Morning,C,19.0,0,2025-02-05 08:40:00
OP105390,W0333,Morning,C,13.0,0,2025-06-09 15:28:00
OP105392,W0177,Morning,E,44.0,0,2025-04-23 16:04:00
OP105397,W0482,Evening,B,36.0,1,2025-05-05 09:24:00
OP105399,W0308,Morning,A,3.0,0,2025-04-24 04:03:00
OP105400,W0383,Night,E,16.0,0,2025-03-22 01:17:00
OP105401,W0334,Evening,A,37.0,0,2025-03-01 08:35:00
OP105405,W0104,Evening,A,3.0,0,2025-03-16 07:44:00
OP105406,W0019,Evening,C,19.0,1,2025-03-22 12:33:00
OP105407,W0472,Morning,B,42.0,1,2025-01-02 08:50:00
OP105408,W0035,Evening,B,19.0,0,2025-01-16 21:44:00
OP105409,W0469,Night,C,47.0,0,2025-06-26 08:27:00
OP105410,W0037,Morning,A,49.0,0,2025-03-06 10:16:00
OP105411,W0160,Morning,B,48.0,0,2025-06-21 10:23:00
OP105413,W0056,Morning,A,37.0,0,2025-01-05 06:53:00
OP105414,W0372,Evening,A,48.0,1,2025-02-15 14:19:00
OP105415,W0365,Morning,D,27.0,0,2025-05-04 06:34:00
OP105419,W0439,Morning,E,32.0,1,2025-04-19 09:14:00
OP105424,W0050,Morning,D,9.0,0,2025-05-27 11:45:00
OP105425,W0171,Morning,A,22.0,0,2025-03-28 07:04:00
OP105426,W0242,Evening,D,4.0,0,2025-03-14 04:02:00
OP105427,W0352,Night,C,25.0,0,2025-03-08 04:30:00
OP105430,W0160,Evening,C,35.0,1,2025-03-13 17:21:00
OP105434,W0049,Evening,C,30.0,0,2025-03-13 09:48:00
OP105435,W0055,Night,E,11.0,0,2025-03-10 13:38:00
OP105436,W0073,Morning,D,25.0,1,2025-05-03 17:11:00
OP105441,W0252,Morning,A,8.0,0,2025-03-30 10:20:00
OP105442,W0010,Evening,D,27.0,0,2025-05-16 23:05:00
OP105443,W0171,Morning,D,10.0,0,2025-04-22 08:45:00
OP105445,W0027,Morning,C,17.0,1,2025-01-15 21:02:00
OP105450,W0025,Evening,A,43.0,0,2025-02-27 00:52:00
OP105452,W0301,Evening,E,14.0,1,2025-01-22 09:53:00
OP105453,W0268,Night,D,3.0,0,2025-03-18 03:16:00
OP105459,W0476,Morning,D,29.0,0,2025-03-17 07:36:00
OP105460,W0445,Morning,D,10.0,0,2025-04-08 13:34:00
OP105461,W0282,Morning,A,7.0,0,2025-05-08 20:43:00
OP105464,W0417,Morning,C,35.0,0,2025-01-11 03:56:00
OP105465,W0369,Night,C,29.0,0,2025-02-25 08:58:00
OP105466,W0479,Morning,B,1.0,0,2025-02-23 00:24:00
OP105471,W0175,Morning,D,1.0,0,2025-05-09 21:42:00
OP105474,W0134,Morning,E,27.0,0,2025-01-24 12:57:00
OP105476,W0006,Morning,B,22.0,1,2025-06-13 15:12:00
OP105478,W0372,Morning,D,15.0,0,2025-03-16 03:02:00
OP105479,W0129,Morning,A,38.0,0,2025-01-21 11:44:00
OP105482,W0396,Night,C,4.0,1,2025-03-17 08:48:00
OP105484,W0371,Morning,E,40.0,0,2025-06-17 11:15:00
OP105486,W0267,Evening,B,8.0,0,2025-04-17 04:12:00
OP105487,W0253,Night,D,22.0,0,2025-04-12 16:58:00
OP105488,W0405,Night,A,18.0,1,2025-03-11 03:27:00
OP105489,W0381,Morning,B,19.0,0,2025-04-09 23:03:00
OP105490,W0010,Evening,D,44.0,0,2025-01-14 00:48:00
OP105492,W0438,Night,B,1.0,0,2025-02-21 23:20:00
OP105495,W0261,Evening,B,38.0,0,2025-03-05 04:50:00
OP105497,W0009,Morning,A,15.0,0,2025-04-21 01:28:00
OP105499,W0030,Morning,B,2.0,0,2025-04-05 05:18:00
OP105500,W0190,Night,E,7.0,1,2025-03-19 22:45:00
OP105501,W0311,Morning,D,18.0,0,2025-05-09 21:43:00
OP105502,W0390,Night,D,40.0,0,2025-02-26 19:53:00
OP105504,W0390,Evening,E,49.0,0,2025-05-31 19:09:00
OP105509,W0042,Morning,B,5.0,0,2025-06-18 05:39:00
OP105512,W0033,Evening,D,32.0,0,2025-02-07 09:52:00
OP105513,W0214,Evening,E,5.0,0,2025-01-02 11:07:00
OP105514,W0484,Morning,D,22.0,0,2025-03-16 02:21:00
OP105515,W0329,Night,E,14.0,0,2025-04-10 01:55:00
OP105517,W0445,Night,A,38.0,0,2025-01-04 13:12:00
OP105518,W0492,Night,B,31.0,1,2025-01-15 03:32:00
OP105521,W0461,Night,C,42.0,0,2025-05-23 20:50:00
OP105522,W0417,Evening,B,3.0,0,2025-03-29 00:33:00
OP105529,W0023,Morning,D,48.0,0,2025-04-11 06:52:00
OP105532,W0416,Morning,D,23.0,0,2025-02-25 15:56:00
OP105533,W0152,Evening,E,9.0,1,2025-06-14 21:08:00
OP105535,W0488,Morning,B,6.0,0,2025-04-02 12:09:00
OP105536,W0183,Evening,C,48.0,0,2025-04-04 20:42:00
OP105541,W0165,Night,C,38.0,0,2025-03-09 03:37:00
OP105542,W0222,Morning,E,12.0,1,2025-04-08 03:47:00
OP105543,W0107,Night,A,16.0,0,2025-06-28 00:05:00
OP105547,W0021,Morning,E,27.0,0,2025-03-28 06:46:00
OP105551,W0493,Morning,D,7.0,1,2025-03-13 04:21:00
OP105556,W0420,Morning,B,31.0,0,2025-06-24 22:28:00
OP105557,W0367,Morning,C,28.0,0,2025-03-09 02:29:00
OP105559,W0310,Evening,D,16.0,0,2025-02-14 06:08:00
OP105563,W0165,Night,C,24.0,0,2025-03-21 09:21:00
OP105566,W0058,Night,A,8.0,0,2025-02-09 01:22:00
OP105573,W0462,Morning,C,49.0,1,2025-03-14 13:41:00
OP105574,W0296,Morning,C,32.0,0,2025-01-18 00:05:00
OP105577,W0276,Morning,C,17.0,0,2025-06-25 16:35:00
OP105583,W0280,Evening,B,31.0,1,2025-05-02 19:44:00
OP105588,W0431,Morning,C,4.0,1,2025-01-13 00:51:00
OP105589,W0313,Morning,B,36.0,0,2025-05-24 18:55:00
OP105591,W0315,Morning,D,33.0,0,2025-02-15 13:35:00
OP105592,W0376,Evening,E,7.0,1,2025-02-02 18:16:00
OP105595,W0155,Night,B,20.0,1,2025-02-24 09:33:00
OP105599,W0243,Evening,C,41.0,0,2025-06-07 05:26:00
OP105600,W0441,Morning,D,15.0,1,2025-01-10 20:04:00
OP105601,W0317,Morning,E,27.0,0,2025-04-27 19:53:00
OP105602,W0489,Morning,E,25.0,0,2025-06-15 16:55:00
OP105605,W0283,Evening,E,15.0,0,2025-02-22 08:31:00
OP105606,W0367,Morning,D,19.0,0,2025-06-23 23:07:00
OP105607,W0044,Morning,D,6.0,0,2025-05-04 21:11:00
OP105609,W0249,Evening,A,3.0,1,2025-04-14 21:56:00
OP105610,W0322,Evening,A,28.0,1,2025-01-22 04:20:00
OP105611,W0255,Morning,A,46.0,0,2025-03-12 16:22:00
OP105612,W0096,Morning,E,23.0,0,2025-01-17 16:54:00
OP105613,W0290,Evening,C,38.0,1,2025-05-15 04:39:00
OP105614,W0458,Morning,D,17.0,0,2025-02-09 19:50:00
OP105615,W0230,Night,D,47.0,0,2025-05-15 07:39:00
OP105616,W0067,Evening,A,2.0,0,2025-04-12 08:47:00
OP105617,W0181,Evening,C,21.0,0,2025-01-08 11:44:00
OP105618,W0469,Morning,E,48.0,0,2025-04-25 04:07:00
OP105620,W0179,Morning,A,47.0,0,2025-06-22 23:25:00
OP105623,W0114,Evening,B,29.0,0,2025-05-13 02:41:00
OP105624,W0016,Morning,B,39.0,0,2025-06-17 00:05:00
OP105628,W0200,Morning,B,9.0,1,2025-03-25 22:43:00
OP105630,W0104,Evening,A,4.0,0,2025-05-08 14:52:00
OP105631,W0044,Evening,D,22.0,0,2025-01-21 09:47:00
OP105632,W0037,Night,D,31.0,0,2025-02-19 10:23:00
OP105633,W0208,Night,D,26.0,0,2025-01-16 09:26:00
OP105634,W0003,Evening,B,26.0,0,2025-03-20 23:12:00
OP105641,W0444,Evening,A,11.0,0,2025-02-26 23:09:00
OP105642,W0302,Evening,E,38.0,0,2025-05-09 12:19:00
OP105644,W0140,Night,E,32.0,0,2025-01-27 05:45:00
OP105647,W0063,Morning,E,25.0,0,2025-03-14 20:09:00
OP105649,W0055,Evening,E,17.0,1,2025-03-27 04:40:00
OP105650,W0346,Morning,D,47.0,1,2025-02-20 13:27:00
OP105651,W0099,Morning,E,28.0,0,2025-05-12 20:46:00
OP105653,W0441,Evening,B,39.0,0,2025-04-10 19:25:00
OP105654,W0180,Night,B,7.0,0,2025-04-13 05:06:00
OP105655,W0374,Morning,A,42.0,0,2025-02-02 03:25:00
OP105659,W0304,Morning,B,39.0,0,2025-06-06 09:30:00
OP105660,W0472,Evening,C,33.0,0,2025-01-07 15:48:00
OP105662,W0159,Night,A,42.0,0,2025-03-15 19:27:00
OP105663,W0274,Night,D,20.0,0,2025-04-28 03:31:00
OP105664,W0377,Evening,D,35.0,0,2025-06-21 08:58:00
OP105671,W0133,Night,D,15.0,0,2025-04-03 19:16:00
OP105674,W0349,Morning,A,12.0,1,2025-06-06 20:30:00
OP105677,W0032,Morning,E,20.0,0,2025-05-25 21:31:00
OP105679,W0051,Morning,B,36.0,0,2025-01-27 07:01:00
OP105681,W0356,Morning,A,42.0,1,2025-04-25 22:16:00
OP105683,W0212,Morning,D,24.0,1,2025-02-12 09:01:00
OP105684,W0308,Night,C,34.0,1,2025-06-09 09:32:00
OP105689,W0437,Morning,E,11.0,0,2025-03-03 06:40:00
OP105691,W0237,Night,D,24.0,0,2025-03-31 05:25:00
OP105692,W0295,Evening,A,37.0,0,2025-01-06 22:11:00
OP105694,W0317,Morning,A,36.0,1,2025-05-14 11:23:00
OP105695,W0238,Morning,E,26.0,0,2025-03-30 17:21:00
OP105696,W0419,Evening,B,6.0,1,2025-04-12 06:42:00
OP105699,W0210,Morning,D,25.0,0,2025-02-02 21:13:00
OP105700,W0431,Evening,D,42.0,0,2025-01-17 07:52:00
OP105701,W0221,Evening,E,33.0,0,2025-03-16 20:59:00
OP105702,W0209,Morning,A,3.0,1,2025-05-09 20:47:00
OP105704,W0251,Morning,C,23.0,0,2025-04-20 07:09:00
OP105706,W0442,Morning,A,2.0,1,2025-03-20 12:52:00
OP105707,W0052,Evening,D,16.0,1,2025-05-07 23:27:00
OP105710,W0116,Morning,A,20.0,0,2025-02-16 10:17:00
OP105715,W0402,Morning,B,4.0,0,2025-03-08 00:51:00
OP105717,W0294,Morning,E,43.0,0,2025-03-12 11:04:00
OP105718,W0429,Morning,B,12.0,0,2025-05-04 05:49:00
OP105720,W0307,Morning,D,23.0,0,2025-01-26 11:57:00
OP105721,W0271,Night,E,25.0,0,2025-06-11 18:30:00
OP105722,W0137,Night,B,44.0,1,2025-03-29 11:52:00
OP105726,W0180,Morning,C,38.0,0,2025-04-25 08:31:00
OP105728,W0416,Morning,B,9.0,1,2025-02-01 12:42:00
OP105729,W0325,Evening,B,6.0,0,2025-03-15 14:59:00
OP105730,W0350,Morning,C,46.0,0,2025-04-05 12:30:00
OP105732,W0388,Evening,A,42.0,0,2025-06-26 22:49:00
OP105733,W0205,Evening,E,6.0,1,2025-03-11 22:42:00
OP105734,W0055,Night,A,24.0,0,2025-05-25 12:41:00
OP105735,W0218,Morning,C,27.0,1,2025-05-17 22:54:00
OP105736,W0226,Night,B,31.0,0,2025-01-23 14:52:00
OP105738,W0435,Morning,A,5.0,0,2025-06-13 03:09:00
OP105739,W0385,Morning,A,28.0,0,2025-01-03 02:46:00
OP105740,W0036,Evening,E,4.0,0,2025-02-27 21:26:00
OP105742,W0367,Night,A,18.0,0,2025-06-02 15:52:00
OP105746,W0103,Morning,E,45.0,0,2025-03-23 22:39:00
OP105748,W0219,Morning,B,12.0,0,2025-02-26 06:48:00
OP105754,W0357,Evening,E,24.0,0,2025-01-13 18:37:00
OP105758,W0297,Evening,D,12.0,0,2025-06-15 14:19:00
OP105766,W0398,Morning,E,1.0,0,2025-05-24 04:13:00
OP105769,W0187,Morning,E,13.0,0,2025-02-16 22:24:00
OP105772,W0137,Morning,C,43.0,1,2025-01-21 13:53:00
OP105776,W0238,Evening,E,9.0,0,2025-05-11 00:04:00
OP105779,W0297,Evening,C,18.0,1,2025-03-23 15:28:00
OP105780,W0477,Morning,E,39.0,0,2025-02-16 16:13:00
OP105784,W0134,Morning,C,38.0,0,2025-04-20 12:31:00
OP105787,W0227,Morning,A,41.0,0,2025-02-02 23:41:00
OP105788,W0315,Evening,A,49.0,0,2025-04-05 02:02:00
OP105789,W0043,Morning,E,24.0,0,2025-02-02 16:44:00
OP105790,W0325,Morning,C,28.0,0,2025-02-18 08:34:00
OP105792,W0149,Morning,B,7.0,0,2025-06-19 14:28:00
OP105796,W0242,Evening,B,23.0,0,2025-01-28 09:58:00
OP105801,W0072,Morning,C,18.0,0,2025-02-16 22:26:00
OP105802,W0141,Night,E,37.0,0,2025-03-06 12:58:00
OP105805,W0102,Morning,C,25.0,0,2025-01-03 22:00:00
OP105808,W0175,Evening,E,5.0,0,2025-06-02 16:05:00
OP105809,W0150,Evening,A,30.0,0,2025-03-25 22:34:00
OP105811,W0171,Night,D,19.0,1,2025-05-18 00:35:00
OP105813,W0232,Evening,E,43.0,1,2025-02-18 23:06:00
OP105815,W0453,Evening,A,5.0,0,2025-01-10 12:48:00
OP105816,W0342,Morning,E,1.0,0,2025-06-19 07:18:00
OP105817,W0173,Night,A,14.0,0,2025-04-10 04:18:00
OP105820,W0027,Morning,B,25.0,0,2025-04-05 10:32:00
OP105823,W0454,Morning,D,7.0,0,2025-03-09 23:03:00
OP105825,W0402,Evening,D,35.0,0,2025-05-01 13:38:00
OP105826,W0061,Morning,C,40.0,0,2025-05-01 14:29:00
OP105827,W0199,Morning,C,18.0,0,2025-05-02 14:46:00
OP105830,W0249,Night,A,15.0,1,2025-02-15 18:47:00
OP105833,W0339,Night,E,30.0,0,2025-06-01 12:42:00
OP105834,W0185,Evening,D,27.0,1,2025-06-01 03:56:00
OP105836,W0114,Morning,C,48.0,0,2025-01-22 19:32:00
OP105837,W0459,Evening,D,33.0,0,2025-04-07 07:54:00
OP105840,W0220,Morning,B,38.0,0,2025-03-17 10:09:00
OP105842,W0251,Night,E,4.0,0,2025-04-06 10:30:00
OP105845,W0345,Night,B,40.0,0,2025-01-05 16:27:00
OP105846,W0242,Night,C,6.0,0,2025-04-19 19:18:00
OP105847,W0177,Morning,D,2.0,0,2025-06-16 09:10:00
OP105850,W0119,Night,D,28.0,0,2025-04-15 09:54:00
OP105851,W0012,Morning,E,44.0,0,2025-06-08 20:05:00
OP105853,W0262,Evening,B,26.0,0,2025-01-28 14:16:00
OP105856,W0198,Night,E,35.0,0,2025-01-15 04:17:00
OP105859,W0172,Evening,C,36.0,0,2025-03-01 17:57:00
OP105860,W0217,Morning,A,17.0,0,2025-03-22 02:02:00
OP105863,W0432,Morning,E,6.0,1,2025-03-05 19:52:00
OP105866,W0127,Morning,D,17.0,1,2025-01-13 02:53:00
OP105868,W0371,Evening,E,23.0,0,2025-04-08 05:55:00
OP105869,W0466,Morning,A,41.0,0,2025-01-10 11:31:00
OP105870,W0074,Evening,A,12.0,0,2025-05-04 15:00:00
OP105874,W0069,Morning,E,35.0,0,2025-04-09 04:01:00
OP105875,W0220,Morning,E,14.0,0,2025-06-10 07:52:00
OP105876,W0249,Morning,A,25.0,1,2025-03-23 23:16:00
OP105878,W0033,Morning,A,10.0,0,2025-05-12 00:58:00
OP105881,W0187,Evening,B,30.0,1,2025-02-05 10:21:00
OP105887,W0003,Morning,B,18.0,0,2025-01-10 05:05:00
OP105888,W0020,Morning,D,20.0,0,2025-05-08 10:23:00
OP105890,W0250,Morning,A,14.0,0,2025-02-07 22:33:00
OP105894,W0094,Morning,E,43.0,0,2025-06-07 22:20:00
OP105899,W0237,Night,C,21.0,0,2025-05-06 15:25:00
OP105901,W0397,Evening,C,41.0,0,2025-01-14 10:38:00
OP105907,W0445,Morning,E,9.0,0,2025-06-24 21:09:00
OP105909,W0232,Evening,D,1.0,1,2025-01-18 13:49:00
OP105910,W0056,Morning,D,36.0,0,2025-03-25 07:38:00
OP105911,W0084,Evening,E,16.0,0,2025-04-01 19:18:00
OP105912,W0108,Morning,E,28.0,0,2025-04-18 18:22:00
OP105913,W0305,Evening,A,20.0,0,2025-03-10 12:25:00
OP105918,W0389,Morning,D,25.0,0,2025-03-24 04:09:00
OP105919,W0421,Morning,C,46.0,0,2025-05-17 12:23:00
OP105920,W0236,Evening,B,13.0,1,2025-04-17 23:13:00
OP105922,W0151,Night,D,19.0,1,2025-03-07 00:59:00
OP105924,W0386,Morning,C,38.0,1,2025-01-12 03:39:00
OP105926,W0298,Morning,D,40.0,0,2025-02-20 02:07:00
OP105934,W0450,Evening,E,7.0,0,2025-04-02 08:01:00
OP105936,W0233,Evening,E,18.0,0,2025-02-18 13:49:00
OP105938,W0094,Evening,B,11.0,1,2025-03-30 00:30:00
OP105939,W0152,Morning,B,23.0,0,2025-06-09 15:41:00
OP105942,W0491,Evening,C,33.0,0,2025-06-09 17:38:00
OP105943,W0016,Evening,C,47.0,0,2025-04-26 10:51:00
OP105944,W0182,Night,C,15.0,0,2025-02-08 16:11:00
OP105945,W0446,Evening,A,34.0,0,2025-06-26 12:24:00
OP105947,W0132,Morning,D,26.0,0,2025-05-20 18:37:00
OP105948,W0360,Night,D,39.0,0,2025-01-30 10:27:00
OP105949,W0170,Night,D,7.0,1,2025-02-13 02:39:00
OP105950,W0381,Night,D,11.0,1,2025-06-19 07:57:00
OP105953,W0372,Morning,A,16.0,0,2025-05-03 13:24:00
OP105954,W0217,Evening,A,22.0,0,2025-01-04 05:07:00
OP105955,W0029,Morning,D,33.0,0,2025-01-16 11:38:00
OP105958,W0073,Night,B,6.0,0,2025-03-05 12:31:00
OP105961,W0262,Morning,B,10.0,0,2025-06-15 00:02:00
OP105964,W0345,Morning,D,17.0,0,2025-04-24 00:25:00
OP105968,W0116,Night,D,20.0,0,2025-03-10 09:08:00
OP105970,W0236,Morning,A,28.0,0,2025-03-03 10:35:00
OP105976,W0238,Morning,C,45.0,1,2025-02-27 08:12:00
OP105977,W0213,Morning,A,41.0,1,2025-02-02 22:10:00
OP105978,W0362,Evening,E,47.0,0,2025-03-21 20:25:00
OP105983,W0085,Morning,D,15.0,0,2025-02-21 03:11:00
OP105984,W0095,Morning,D,43.0,0,2025-04-13 19:13:00
OP105985,W0273,Morning,A,3.0,1,2025-04-30 14:04:00
OP105986,W0358,Morning,B,22.0,0,2025-01-23 07:57:00
OP105987,W0157,Morning,B,40.0,0,2025-06-28 14:55:00
OP105988,W0035,Night,E,6.0,0,2025-06-03 18:59:00
OP105989,W0366,Night,B,30.0,0,2025-02-03 00:46:00
OP105990,W0142,Night,A,35.0,0,2025-06-11 14:01:00
OP105991,W0341,Night,B,32.0,0,2025-06-24 09:47:00
OP105993,W0100,Night,D,13.0,0,2025-02-23 19:51:00
OP105994,W0401,Morning,B,19.0,0,2025-04-17 18:27:00
OP105995,W0415,Morning,A,9.0,0,2025-06-11 05:20:00
OP105996,W0426,Evening,D,13.0,0,2025-03-15 21:33:00
OP105997,W0013,Morning,D,15.0,0,2025-03-09 14:19:00
OP105998,W0379,Morning,B,40.0,0,2025-04-27 23:10:00
OP105999,W0232,Morning,E,13.0,1,2025-02-21 09:59:00
OP106001,W0330,Morning,A,28.0,1,2025-01-14 03:38:00
OP106009,W0034,Morning,A,32.0,0,2025-05-07 18:15:00
OP106015,W0260,Morning,A,36.0,0,2025-05-07 16:10:00
OP106016,W0431,Morning,D,22.0,0,2025-04-23 12:29:00
OP106017,W0128,Morning,C,15.0,0,2025-02-01 01:03:00
OP106020,W0225,Night,B,25.0,1,2025-06-13 22:18:00
OP106026,W0468,Morning,E,7.0,0,2025-06-28 09:41:00
OP106030,W0363,Night,C,22.0,1,2025-06-03 07:19:00
OP106031,W0137,Morning,B,12.0,0,2025-03-23 13:34:00
OP106033,W0461,Morning,E,4.0,0,2025-01-21 07:56:00
OP106037,W0314,Morning,A,45.0,1,2025-01-22 01:46:00
OP106038,W0412,Evening,D,3.0,0,2025-04-04 22:22:00
OP106040,W0310,Evening,D,9.0,0,2025-06-17 07:25:00
OP106041,W0039,Night,D,13.0,0,2025-05-23 07:26:00
OP106044,W0085,Evening,C,15.0,0,2025-04-17 04:28:00
OP106045,W0038,Morning,E,28.0,0,2025-01-15 13:49:00
OP106046,W0371,Morning,A,7.0,0,2025-05-27 03:50:00
OP106049,W0040,Night,B,11.0,1,2025-06-05 12:45:00
OP106052,W0104,Morning,A,23.0,0,2025-05-01 16:47:00
OP106058,W0419,Morning,B,36.0,1,2025-06-14 16:53:00
OP106063,W0087,Morning,E,49.0,0,2025-04-01 09:17:00
OP106065,W0218,Night,C,8.0,0,2025-01-01 12:35:00
OP106066,W0436,Morning,D,11.0,0,2025-03-16 12:02:00
OP106067,W0405,Morning,D,24.0,1,2025-01-12 04:49:00
OP106069,W0327,Night,A,39.0,1,2025-04-10 18:36:00
OP106070,W0348,Evening,D,36.0,0,2025-02-27 16:05:00
OP106071,W0155,Night,A,35.0,0,2025-01-29 15:14:00
OP106072,W0007,Morning,A,22.0,0,2025-02-27 02:43:00
OP106075,W0102,Morning,D,44.0,0,2025-05-05 09:49:00
OP106077,W0197,Night,D,12.0,0,2025-02-10 15:16:00
OP106078,W0441,Evening,C,5.0,0,2025-06-08 02:57:00
OP106079,W0459,Morning,E,49.0,0,2025-01-24 22:01:00
OP106081,W0487,Evening,B,9.0,0,2025-02-15 09:35:00
OP106082,W0156,Night,D,4.0,0,2025-04-15 16:20:00
OP106083,W0153,Evening,D,14.0,0,2025-03-19 04:26:00
OP106089,W0405,Morning,A,17.0,0,2025-04-30 17:55:00
OP106090,W0021,Evening,E,22.0,0,2025-03-21 19:16:00
OP106092,W0077,Night,C,42.0,1,2025-01-12 00:23:00
OP106094,W0321,Evening,D,44.0,0,2025-06-15 19:44:00
OP106097,W0291,Night,E,12.0,0,2025-03-10 09:22:00
OP106098,W0145,Morning,B,27.0,1,2025-03-15 14:26:00
OP106102,W0049,Evening,A,20.0,0,2025-04-03 21:57:00
OP106103,W0051,Morning,C,37.0,0,2025-02-03 08:01:00
OP106104,W0103,Morning,B,27.0,1,2025-01-30 02:55:00
OP106109,W0227,Morning,D,5.0,0,2025-03-06 18:58:00
OP106110,W0025,Morning,C,24.0,1,2025-05-29 14:03:00
OP106112,W0062,Night,D,20.0,1,2025-06-17 02:49:00
OP106115,W0472,Morning,A,45.0,0,2025-06-18 04:57:00
OP106116,W0449,Morning,A,12.0,0,2025-04-30 18:40:00
OP106117,W0238,Morning,E,49.0,0,2025-04-18 10:09:00
OP106118,W0233,Morning,B,48.0,0,2025-02-05 22:45:00
OP106121,W0165,Evening,C,30.0,1,2025-03-29 04:23:00
OP106122,W0415,Night,C,26.0,1,2025-06-15 17:06:00
OP106125,W0490,Night,D,45.0,0,2025-03-24 04:52:00
OP106126,W0119,Morning,E,31.0,0,2025-05-04 12:39:00
OP106129,W0374,Morning,C,18.0,0,2025-01-21 17:45:00
OP106130,W0310,Morning,C,30.0,0,2025-05-20 18:13:00
OP106134,W0438,Evening,B,38.0,1,2025-01-20 08:40:00
OP106135,W0077,Evening,A,36.0,1,2025-02-16 07:14:00
OP106138,W0166,Evening,B,40.0,0,2025-02-19 00:45:00
OP106141,W0466,Night,D,40.0,0,2025-04-25 16:28:00
OP106142,W0155,Morning,A,21.0,0,2025-02-11 14:47:00
OP106143,W0179,Night,A,33.0,0,2025-04-08 11:05:00
OP106149,W0379,Morning,C,17.0,1,2025-06-18 16:19:00
OP106158,W0338,Night,A,25.0,1,2025-05-29 20:08:00
OP106159,W0048,Morning,E,36.0,0,2025-05-04 15:02:00
OP106161,W0131,Morning,E,22.0,0,2025-04-09 06:59:00
OP106163,W0045,Morning,B,39.0,0,2025-05-18 10:53:00
OP106164,W0109,Night,C,14.0,0,2025-01-07 12:26:00
OP106166,W0461,Morning,A,34.0,0,2025-04-20 23:33:00
OP106168,W0306,Morning,E,45.0,0,2025-06-26 21:05:00
OP106171,W0364,Morning,D,29.0,0,2025-04-17 22:57:00
OP106172,W0259,Morning,E,23.0,1,2025-04-15 06:14:00
OP106175,W0109,Morning,B,28.0,0,2025-01-07 01:40:00
OP106177,W0175,Evening,C,45.0,0,2025-04-03 20:05:00
OP106180,W0231,Night,A,44.0,0,2025-04-04 03:26:00
OP106181,W0499,Evening,D,16.0,1,2025-03-21 07:55:00
OP106183,W0337,Morning,B,39.0,0,2025-06-28 13:49:00
OP106184,W0469,Morning,E,1.0,0,2025-02-14 17:56:00
OP106187,W0370,Morning,D,42.0,0,2025-05-06 19:02:00
OP106192,W0093,Night,E,41.0,1,2025-01-09 23:39:00
OP106193,W0227,Morning,E,26.0,0,2025-05-20 01:19:00
OP106201,W0453,Morning,E,32.0,0,2025-01-21 17:25:00
OP106202,W0409,Evening,C,44.0,0,2025-03-17 22:18:00
OP106205,W0192,Morning,A,29.0,1,2025-03-29 02:30:00
OP106209,W0156,Morning,D,37.0,0,2025-05-28 22:30:00
OP106211,W0245,Evening,D,5.0,1,2025-02-23 01:01:00
OP106212,W0378,Morning,E,49.0,0,2025-06-29 14:52:00
OP106215,W0222,Evening,E,36.0,0,2025-03-27 20:28:00
OP106216,W0465,Morning,D,1.0,0,2025-02-21 18:37:00
OP106221,W0088,Morning,C,20.0,1,2025-01-27 21:26:00
OP106222,W0324,Night,A,29.0,0,2025-05-09 10:12:00
OP106224,W0142,Night,B,6.0,1,2025-05-10 21:12:00
OP106225,W0409,Morning,C,33.0,1,2025-04-06 10:09:00
OP106226,W0452,Morning,A,7.0,0,2025-03-03 13:15:00
OP106229,W0266,Morning,D,7.0,0,2025-05-04 05:23:00
OP106230,W0290,Evening,B,14.0,0,2025-05-05 15:56:00
OP106231,W0480,Evening,B,25.0,1,2025-01-11 08:46:00
OP106232,W0374,Evening,A,21.0,0,2025-02-10 17:10:00
OP106233,W0229,Morning,A,9.0,1,2025-04-03 10:15:00
OP106235,W0253,Morning,C,10.0,0,2025-02-25 18:23:00
OP106238,W0286,Night,D,32.0,1,2025-05-17 15:20:00
OP106244,W0133,Morning,B,49.0,0,2025-05-17 20:39:00
OP106245,W0162,Morning,D,37.0,1,2025-04-15 21:36:00
OP106246,W0260,Morning,A,46.0,1,2025-01-25 03:18:00
OP106247,W0157,Evening,C,6.0,0,2025-03-28 05:51:00
OP106248,W0491,Evening,B,45.0,0,2025-06-19 11:55:00
OP106249,W0227,Evening,C,20.0,1,2025-06-18 17:38:00
OP106253,W0232,Night,D,29.0,0,2025-04-17 12:15:00
OP106258,W0239,Night,B,24.0,0,2025-04-02 11:27:00
OP106259,W0326,Morning,C,14.0,0,2025-01-22 19:51:00
OP106260,W0309,Morning,B,32.0,0,2025-03-05 11:42:00
OP106263,W0196,Morning,A,13.0,0,2025-06-08 16:48:00
OP106266,W0364,Night,D,41.0,0,2025-06-07 02:08:00
OP106267,W0413,Evening,A,1.0,0,2025-05-04 17:24:00
OP106268,W0234,Morning,A,7.0,0,2025-05-26 18:52:00
OP106269,W0153,Night,D,44.0,0,2025-03-26 01:00:00
OP106270,W0341,Morning,C,44.0,1,2025-03-24 12:14:00
OP106271,W0126,Evening,E,31.0,0,2025-01-02 23:58:00
OP106273,W0084,Night,C,16.0,0,2025-06-08 05:04:00
OP106274,W0142,Morning,A,17.0,1,2025-04-07 01:38:00
OP106275,W0363,Morning,A,10.0,0,2025-05-22 04:46:00
OP106277,W0411,Morning,A,33.0,0,2025-03-02 01:31:00
OP106278,W0062,Morning,E,21.0,0,2025-04-15 14:47:00
OP106279,W0134,Morning,B,38.0,1,2025-05-20 17:31:00
OP106280,W0428,Night,D,20.0,0,2025-06-15 11:05:00
OP106286,W0479,Morning,A,9.0,0,2025-01-27 00:56:00
OP106287,W0313,Morning,C,48.0,0,2025-02-02 03:18:00
OP106288,W0407,Evening,B,22.0,0,2025-04-23 03:40:00
OP106290,W0490,Morning,D,42.0,0,2025-04-05 16:36:00
OP106293,W0311,Morning,A,36.0,0,2025-05-14 01:01:00
OP106294,W0293,Night,E,43.0,0,2025-01-01 21:25:00
OP106296,W0368,Morning,D,8.0,0,2025-02-04 18:37:00
OP106297,W0365,Morning,E,1.0,0,2025-01-02 01:03:00
OP106298,W0026,Morning,B,44.0,0,2025-06-02 21:09:00
OP106301,W0494,Evening,E,29.0,0,2025-06-28 19:41:00
OP106302,W0051,Evening,D,10.0,1,2025-03-03 11:01:00
OP106303,W0020,Evening,D,6.0,0,2025-06-20 16:06:00
OP106306,W0051,Morning,A,46.0,0,2025-03-08 07:53:00
OP106308,W0257,Morning,C,44.0,0,2025-05-04 18:17:00
OP106309,W0044,Evening,B,47.0,1,2025-03-02 01:20:00
OP106310,W0235,Morning,E,25.0,0,2025-01-06 07:54:00
OP106314,W0462,Evening,D,6.0,0,2025-01-22 21:11:00
OP106315,W0104,Morning,E,4.0,0,2025-04-03 07:04:00
OP106316,W0212,Morning,E,37.0,0,2025-03-21 09:41:00
OP106318,W0040,Morning,E,3.0,0,2025-06-23 08:46:00
OP106319,W0459,Morning,A,40.0,1,2025-02-27 09:02:00
OP106322,W0310,Morning,D,6.0,0,2025-03-26 04:39:00
OP106324,W0111,Evening,C,21.0,0,2025-04-22 09:03:00
OP106325,W0398,Morning,A,6.0,1,2025-01-28 05:30:00
OP106326,W0193,Morning,B,13.0,0,2025-04-12 10:47:00
OP106329,W0405,Night,C,36.0,0,2025-02-18 01:01:00
OP106330,W0273,Evening,E,21.0,0,2025-04-21 14:32:00
OP106333,W0171,Night,C,11.0,0,2025-06-23 14:58:00
OP106334,W0370,Morning,E,38.0,0,2025-02-22 14:28:00
OP106336,W0106,Morning,A,15.0,1,2025-05-28 15:29:00
OP106339,W0391,Morning,D,14.0,0,2025-03-10 15:14:00
OP106340,W0488,Morning,E,47.0,0,2025-01-09 10:12:00
OP106342,W0048,Morning,A,42.0,0,2025-01-23 17:58:00
OP106346,W0244,Evening,C,4.0,0,2025-06-28 08:47:00
OP106347,W0483,Morning,C,14.0,0,2025-05-12 05:30:00
OP106349,W0391,Evening,B,27.0,0,2025-06-28 18:39:00
OP106354,W0119,Morning,D,2.0,1,2025-03-14 18:28:00
OP106358,W0291,Morning,A,16.0,0,2025-05-06 16:22:00
OP106359,W0375,Morning,A,16.0,1,2025-06-05 08:57:00
OP106361,W0395,Evening,D,45.0,0,2025-02-24 17:31:00
OP106362,W0490,Morning,C,43.0,0,2025-06-19 14:04:00
OP106364,W0234,Night,E,47.0,1,2025-02-21 00:37:00
OP106367,W0235,Morning,D,49.0,0,2025-06-13 21:08:00
OP106368,W0099,Night,E,41.0,1,2025-01-09 03:34:00
OP106369,W0232,Evening,E,25.0,0,2025-02-15 22:40:00
OP106371,W0471,Morning,A,25.0,0,2025-04-06 03:11:00
OP106373,W0277,Morning,B,48.0,0,2025-04-30 07:49:00
OP106374,W0119,Morning,A,40.0,0,2025-05-27 22:52:00
OP106382,W0181,Night,A,4.0,1,2025-06-08 16:32:00
OP106383,W0173,Night,B,35.0,1,2025-02-12 08:16:00
OP106385,W0416,Morning,D,33.0,0,2025-06-27 08:51:00
OP106386,W0262,Night,B,38.0,0,2025-02-05 12:03:00
OP106388,W0253,Morning,D,2.0,0,2025-01-03 12:58:00
OP106389,W0485,Morning,B,4.0,1,2025-02-21 03:06:00
OP106390,W0082,Morning,E,1.0,1,2025-02-23 08:24:00
OP106391,W0204,Evening,D,31.0,0,2025-04-20 02:51:00
OP106394,W0011,Morning,A,35.0,0,2025-01-16 18:15:00
OP106397,W0444,Morning,C,25.0,0,2025-04-27 21:53:00
OP106398,W0022,Evening,D,26.0,1,2025-02-22 16:30:00
OP106401,W0458,Night,B,2.0,0,2025-04-27 02:22:00
OP106406,W0163,Night,E,16.0,1,2025-03-06 00:11:00
OP106407,W0427,Night,B,24.0,0,2025-01-29 16:18:00
OP106409,W0306,Night,A,35.0,0,2025-06-09 21:37:00
OP106413,W0182,Night,E,39.0,1,2025-03-03 19:24:00
OP106415,W0121,Evening,C,19.0,1,2025-06-13 16:44:00
OP106417,W0330,Morning,C,7.0,0,2025-06-19 22:53:00
OP106421,W0462,Evening,C,32.0,0,2025-01-04 09:04:00
OP106422,W0041,Evening,A,48.0,1,2025-06-07 19:17:00
OP106423,W0155,Night,D,31.0,0,2025-04-05 06:24:00
OP106424,W0244,Night,C,25.0,0,2025-02-04 12:04:00
OP106430,W0291,Night,A,42.0,1,2025-01-26 18:20:00
OP106433,W0346,Night,E,11.0,0,2025-02-25 20:14:00
OP106435,W0191,Evening,A,2.0,0,2025-05-24 17:36:00
OP106437,W0297,Morning,A,7.0,0,2025-02-23 18:32:00
OP106438,W0305,Evening,D,48.0,0,2025-01-23 12:43:00
OP106444,W0076,Night,A,31.0,0,2025-04-10 12:50:00
OP106445,W0036,Morning,B,32.0,0,2025-02-20 01:06:00
OP106446,W0443,Evening,E,2.0,0,2025-05-15 05:03:00
OP106447,W0245,Night,C,12.0,1,2025-03-14 12:22:00
OP106448,W0226,Morning,A,2.0,0,2025-03-06 23:38:00
OP106449,W0471,Morning,A,47.0,0,2025-05-12 06:37:00
OP106450,W0486,Evening,A,49.0,0,2025-06-28 02:48:00
OP106452,W0108,Morning,A,15.0,0,2025-04-18 06:14:00
OP106455,W0353,Night,C,48.0,1,2025-04-13 16:06:00
OP106456,W0480,Morning,C,23.0,0,2025-01-12 02:53:00
OP106457,W0210,Evening,D,27.0,0,2025-02-08 01:11:00
OP106458,W0068,Evening,C,11.0,0,2025-02-21 20:18:00
OP106462,W0263,Morning,D,15.0,0,2025-04-15 00:48:00
OP106463,W0494,Morning,B,17.0,0,2025-06-07 09:37:00
OP106466,W0371,Night,A,29.0,0,2025-02-11 21:15:00
OP106467,W0305,Evening,C,25.0,0,2025-05-11 19:58:00
OP106468,W0190,Morning,E,14.0,0,2025-04-12 03:17:00
OP106471,W0135,Morning,D,11.0,0,2025-01-21 12:56:00
OP106474,W0220,Morning,B,19.0,0,2025-01-07 12:07:00
OP106475,W0220,Morning,C,29.0,0,2025-06-24 06:28:00
OP106476,W0221,Night,A,18.0,0,2025-06-04 22:28:00
OP106477,W0462,Morning,B,18.0,0,2025-04-03 04:29:00
OP106480,W0219,Evening,A,49.0,0,2025-01-23 07:31:00
OP106481,W0351,Morning,B,10.0,0,2025-03-28 12:33:00
OP106484,W0107,Night,D,49.0,1,2025-05-18 18:56:00
OP106487,W0483,Morning,A,16.0,0,2025-04-09 18:52:00
OP106488,W0049,Evening,A,38.0,0,2025-04-17 17:01:00
OP106490,W0119,Night,B,41.0,0,2025-06-29 10:07:00
OP106491,W0112,Morning,D,14.0,1,2025-04-09 18:19:00
OP106492,W0052,Night,B,4.0,0,2025-03-11 21:43:00
OP106493,W0475,Morning,E,21.0,1,2025-05-10 19:50:00
OP106496,W0309,Night,A,6.0,0,2025-06-09 03:09:00
OP106497,W0008,Morning,D,23.0,0,2025-05-19 17:17:00
OP106498,W0405,Morning,C,12.0,0,2025-05-17 20:26:00
OP106499,W0096,Night,C,45.0,0,2025-03-11 00:05:00
OP106504,W0482,Morning,C,48.0,1,2025-03-14 12:44:00
OP106506,W0110,Morning,E,4.0,1,2025-03-04 20:03:00
OP106507,W0369,Evening,D,27.0,1,2025-05-19 10:47:00
OP106509,W0462,Evening,A,21.0,0,2025-03-07 19:27:00
OP106511,W0438,Morning,C,41.0,1,2025-05-05 04:32:00
OP106513,W0345,Evening,C,43.0,1,2025-04-22 12:10:00
OP106515,W0327,Night,E,26.0,0,2025-05-24 04:23:00
OP106516,W0153,Morning,B,7.0,0,2025-06-27 05:48:00
OP106518,W0315,Morning,A,38.0,0,2025-05-20 16:03:00
OP106519,W0385,Evening,B,42.0,1,2025-01-25 10:49:00
OP106520,W0114,Night,E,21.0,0,2025-03-31 11:18:00
OP106522,W0037,Morning,D,43.0,1,2025-02-20 20:33:00
OP106526,W0430,Night,B,5.0,1,2025-05-25 06:05:00
OP106527,W0498,Morning,A,16.0,1,2025-03-05 21:44:00
OP106528,W0322,Evening,A,19.0,0,2025-01-26 22:29:00
OP106530,W0114,Morning,A,27.0,0,2025-06-29 05:57:00
OP106531,W0253,Morning,E,15.0,1,2025-02-20 06:52:00
OP106535,W0010,Morning,A,15.0,0,2025-01-04 01:23:00
OP106536,W0145,Morning,E,37.0,0,2025-05-11 00:52:00
OP106537,W0025,Morning,D,17.0,0,2025-01-12 20:07:00
OP106539,W0076,Evening,B,8.0,0,2025-03-05 05:17:00
OP106544,W0357,Evening,A,26.0,0,2025-02-19 21:23:00
OP106545,W0366,Morning,C,41.0,0,2025-06-17 05:08:00
OP106546,W0272,Night,C,39.0,0,2025-05-11 01:30:00
OP106549,W0009,Morning,B,44.0,0,2025-02-15 21:49:00
OP106551,W0257,Morning,B,19.0,1,2025-01-22 13:58:00
OP106552,W0459,Evening,A,1.0,1,2025-06-13 08:56:00
OP106553,W0285,Night,C,5.0,1,2025-05-13 11:32:00
OP106555,W0079,Night,B,36.0,1,2025-04-05 18:33:00
OP106556,W0170,Morning,B,26.0,0,2025-05-15 11:28:00
OP106558,W0206,Night,C,28.0,0,2025-01-24 11:24:00
OP106563,W0463,Morning,D,11.0,0,2025-04-15 07:28:00
OP106564,W0455,Night,C,19.0,0,2025-01-15 10:35:00
OP106565,W0234,Morning,B,24.0,0,2025-01-27 01:58:00
OP106568,W0246,Evening,E,6.0,0,2025-05-17 04:40:00
OP106572,W0484,Evening,A,48.0,1,2025-05-04 20:10:00
OP106573,W0484,Morning,C,8.0,0,2025-02-27 06:06:00
OP106574,W0123,Evening,E,43.0,0,2025-05-07 00:35:00
OP106575,W0225,Morning,E,18.0,1,2025-02-22 21:38:00
OP106576,W0218,Night,C,11.0,0,2025-05-11 17:51:00
OP106577,W0397,Morning,C,12.0,0,2025-05-11 00:00:00
OP106581,W0473,Night,A,7.0,0,2025-05-03 08:10:00
OP106583,W0449,Morning,C,44.0,0,2025-06-10 16:09:00
OP106586,W0091,Morning,E,17.0,0,2025-06-26 07:39:00
OP106588,W0365,Morning,E,2.0,1,2025-04-01 21:08:00
OP106591,W0412,Morning,B,28.0,0,2025-03-19 14:25:00
OP106593,W0424,Morning,E,10.0,0,2025-01-01 07:43:00
OP106596,W0029,Evening,B,22.0,0,2025-02-06 09:22:00
OP106599,W0349,Evening,D,38.0,0,2025-02-13 19:33:00
OP106600,W0470,Morning,D,47.0,1,2025-02-23 16:57:00
OP106601,W0019,Evening,C,48.0,0,2025-05-20 05:20:00
OP106602,W0033,Evening,D,6.0,0,2025-01-16 00:43:00
OP106604,W0457,Evening,B,24.0,0,2025-02-15 08:36:00
OP106605,W0160,Morning,E,14.0,0,2025-06-22 10:54:00
OP106610,W0046,Night,C,49.0,0,2025-03-06 23:43:00
OP106611,W0085,Night,B,23.0,0,2025-03-31 05:48:00
OP106613,W0011,Night,C,33.0,0,2025-02-23 16:34:00
OP106614,W0425,Night,E,13.0,0,2025-04-30 18:16:00
OP106616,W0087,Evening,E,17.0,0,2025-04-09 18:20:00
OP106617,W0268,Morning,A,12.0,0,2025-05-29 16:49:00
OP106619,W0465,Evening,C,33.0,0,2025-03-29 09:23:00
OP106620,W0317,Morning,D,2.0,0,2025-03-03 09:41:00
OP106624,W0375,Morning,B,47.0,1,2025-06-01 22:12:00
OP106625,W0242,Morning,E,19.0,0,2025-03-21 16:08:00
OP106626,W0022,Evening,D,26.0,1,2025-05-16 17:38:00
OP106628,W0172,Morning,C,18.0,1,2025-06-20 19:53:00
OP106631,W0036,Morning,B,42.0,0,2025-03-28 03:57:00
OP106632,W0180,Morning,A,9.0,0,2025-04-18 17:49:00
OP106637,W0197,Night,C,47.0,0,2025-01-26 15:26:00
OP106638,W0294,Night,D,25.0,1,2025-01-21 12:51:00
OP106647,W0180,Morning,E,8.0,0,2025-03-23 17:20:00
OP106649,W0492,Morning,A,44.0,0,2025-02-19 05:11:00
OP106650,W0356,Night,A,29.0,0,2025-04-16 21:11:00
OP106652,W0398,Evening,E,12.0,0,2025-06-25 09:13:00
OP106656,W0196,Morning,A,41.0,0,2025-02-26 15:43:00
OP106657,W0024,Morning,A,25.0,0,2025-03-17 04:32:00
OP106658,W0227,Evening,C,34.0,0,2025-05-18 13:38:00
OP106659,W0222,Morning,A,6.0,0,2025-02-18 13:27:00
OP106661,W0085,Morning,D,42.0,0,2025-01-16 06:38:00
OP106663,W0440,Night,C,20.0,0,2025-06-26 08:49:00
OP106666,W0163,Morning,E,24.0,1,2025-05-08 23:11:00
OP106667,W0085,Night,D,24.0,0,2025-05-28 11:30:00
OP106671,W0440,Morning,A,42.0,0,2025-02-05 09:50:00
OP106672,W0244,Morning,B,33.0,1,2025-03-29 10:12:00
OP106674,W0006,Morning,E,45.0,0,2025-01-02 15:29:00
OP106675,W0163,Night,D,42.0,0,2025-02-18 08:31:00
OP106678,W0150,Morning,C,17.0,0,2025-02-02 17:13:00
OP106679,W0272,Night,B,6.0,0,2025-04-01 11:15:00
OP106682,W0038,Morning,B,24.0,0,2025-04-13 09:23:00
OP106683,W0164,Morning,B,47.0,0,2025-01-04 23:01:00
OP106684,W0449,Morning,E,36.0,0,2025-06-11 08:38:00
OP106685,W0280,Morning,A,31.0,0,2025-01-10 14:35:00
OP106686,W0489,Morning,B,14.0,1,2025-05-01 00:02:00
OP106690,W0406,Morning,D,11.0,0,2025-03-01 22:19:00
OP106691,W0267,Evening,C,13.0,0,2025-02-05 07:22:00
OP106693,W0276,Morning,D,23.0,0,2025-02-12 15:16:00
OP106700,W0464,Evening,B,6.0,0,2025-03-19 17:56:00
OP106703,W0489,Morning,A,49.0,1,2025-01-18 02:51:00
OP106704,W0008,Morning,A,29.0,0,2025-02-14 15:00:00
OP106705,W0418,Morning,B,25.0,0,2025-06-14 06:42:00
OP106709,W0257,Night,D,45.0,0,2025-01-07 09:35:00
OP106712,W0095,Night,B,4.0,0,2025-03-09 01:29:00
OP106714,W0353,Morning,B,18.0,0,2025-04-08 18:57:00
OP106715,W0026,Night,E,14.0,0,2025-05-02 13:46:00
OP106716,W0030,Night,C,27.0,0,2025-05-19 16:31:00
OP106719,W0341,Evening,C,14.0,1,2025-05-08 05:13:00
OP106720,W0124,Night,D,5.0,0,2025-06-23 02:11:00
OP106724,W0403,Evening,E,38.0,1,2025-05-20 22:10:00
OP106725,W0195,Morning,C,33.0,0,2025-06-05 01:09:00
OP106726,W0242,Evening,A,3.0,1,2025-04-11 11:45:00
OP106727,W0280,Night,E,9.0,1,2025-05-10 09:28:00
OP106733,W0307,Evening,B,13.0,0,2025-02-20 10:45:00
OP106737,W0435,Morning,A,31.0,0,2025-01-15 16:04:00
OP106739,W0405,Morning,C,30.0,0,2025-04-24 08:23:00
OP106740,W0349,Morning,E,37.0,1,2025-04-11 05:04:00
OP106742,W0101,Morning,D,15.0,1,2025-02-22 10:52:00
OP106744,W0417,Morning,C,19.0,1,2025-05-01 12:04:00
OP106746,W0298,Morning,B,2.0,1,2025-03-10 12:09:00
OP106747,W0464,Morning,C,26.0,0,2025-05-21 05:12:00
OP106748,W0229,Morning,D,14.0,0,2025-01-18 23:43:00
OP106749,W0121,Night,E,22.0,0,2025-01-30 21:53:00
OP106754,W0105,Morning,B,34.0,0,2025-04-27 07:14:00
OP106757,W0367,Morning,A,41.0,0,2025-02-05 13:09:00
OP106760,W0085,Evening,B,10.0,0,2025-05-05 07:57:00
OP106761,W0164,Morning,E,18.0,0,2025-03-13 20:10:00
OP106767,W0279,Morning,D,42.0,0,2025-06-19 10:24:00
OP106771,W0240,Morning,D,18.0,0,2025-06-09 17:31:00
OP106773,W0078,Morning,B,49.0,0,2025-05-26 05:11:00
OP106774,W0431,Night,D,7.0,0,2025-06-27 12:56:00
OP106776,W0415,Evening,D,4.0,1,2025-06-19 08:11:00
OP106779,W0059,Evening,B,1.0,0,2025-01-18 18:32:00
OP106780,W0047,Night,E,18.0,0,2025-06-22 21:25:00
OP106782,W0481,Evening,C,23.0,1,2025-06-16 23:52:00
OP106786,W0324,Evening,B,19.0,0,2025-04-27 03:53:00
OP106789,W0309,Morning,D,27.0,0,2025-03-10 05:36:00
OP106790,W0418,Night,E,45.0,0,2025-02-01 16:05:00
OP106792,W0154,Night,A,31.0,0,2025-02-16 11:09:00
OP106797,W0306,Night,E,9.0,0,2025-03-02 18:45:00
OP106798,W0204,Morning,A,26.0,0,2025-05-06 21:19:00
OP106799,W0453,Evening,D,22.0,1,2025-01-24 07:35:00
OP106800,W0372,Morning,C,47.0,1,2025-01-12 06:57:00
OP106801,W0462,Morning,C,17.0,0,2025-06-09 21:18:00
OP106802,W0268,Morning,B,44.0,1,2025-01-17 05:57:00
OP106804,W0147,Morning,E,16.0,0,2025-05-27 00:22:00
OP106808,W0040,Evening,A,48.0,0,2025-06-04 06:51:00
OP106811,W0058,Morning,E,23.0,0,2025-04-07 20:43:00
OP106814,W0493,Evening,A,34.0,0,2025-06-14 02:10:00
OP106821,W0477,Morning,A,33.0,0,2025-01-23 15:01:00
OP106823,W0036,Evening,C,1.0,0,2025-03-19 08:52:00
OP106824,W0126,Evening,B,25.0,0,2025-06-24 15:36:00
OP106826,W0137,Evening,D,40.0,0,2025-04-19 16:01:00
OP106828,W0091,Morning,B,36.0,0,2025-01-29 11:08:00
OP106829,W0026,Night,E,1.0,1,2025-03-08 03:32:00
OP106830,W0427,Evening,A,31.0,1,2025-03-24 09:50:00
OP106831,W0092,Morning,D,15.0,0,2025-01-15 16:47:00
OP106833,W0009,Evening,C,15.0,0,2025-02-26 01:40:00
OP106834,W0494,Evening,B,36.0,0,2025-06-26 04:03:00
OP106835,W0108,Evening,C,11.0,0,2025-05-15 00:32:00
OP106837,W0382,Morning,B,44.0,0,2025-01-18 22:43:00
OP106840,W0022,Evening,B,11.0,0,2025-06-16 04:06:00
OP106841,W0247,Evening,B,11.0,0,2025-01-23 01:42:00
OP106842,W0246,Morning,E,16.0,0,2025-03-04 18:28:00
OP106844,W0029,Evening,A,1.0,1,2025-02-09 00:15:00
OP106847,W0295,Morning,D,43.0,1,2025-01-01 16:25:00
OP106848,W0048,Morning,D,13.0,0,2025-03-23 09:53:00
OP106850,W0190,Morning,C,45.0,0,2025-06-02 10:08:00
OP106854,W0140,Morning,B,23.0,0,2025-02-16 04:05:00
OP106856,W0078,Evening,A,34.0,1,2025-01-23 01:14:00
OP106859,W0246,Night,D,19.0,0,2025-04-20 14:19:00
OP106860,W0239,Morning,C,47.0,0,2025-01-25 13:26:00
OP106862,W0326,Morning,D,12.0,0,2025-03-21 10:16:00
OP106863,W0296,Morning,A,2.0,0,2025-04-26 12:22:00
OP106866,W0252,Night,A,15.0,0,2025-04-22 13:51:00
OP106870,W0101,Morning,C,41.0,1,2025-03-19 18:22:00
OP106872,W0335,Morning,E,13.0,0,2025-01-01 21:01:00
OP106873,W0149,Night,D,3.0,0,2025-04-07 01:34:00
OP106875,W0418,Night,C,9.0,0,2025-01-09 19:33:00
OP106877,W0202,Evening,C,39.0,0,2025-03-23 20:12:00
OP106879,W0202,Evening,D,5.0,0,2025-01-10 16:25:00
OP106881,W0367,Evening,B,28.0,0,2025-06-25 12:55:00
OP106882,W0183,Morning,D,33.0,1,2025-06-21 18:20:00
OP106885,W0048,Morning,C,25.0,0,2025-06-25 00:35:00
OP106886,W0030,Evening,C,15.0,0,2025-02-01 05:24:00
OP106888,W0283,Evening,C,39.0,1,2025-02-28 11:57:00
OP106890,W0339,Evening,A,26.0,0,2025-06-23 14:32:00
OP106893,W0470,Evening,D,47.0,0,2025-02-19 08:16:00
OP106899,W0014,Night,D,26.0,0,2025-01-21 22:10:00
OP106901,W0199,Morning,C,36.0,1,2025-03-08 18:47:00
OP106903,W0212,Night,E,21.0,0,2025-02-03 08:05:00
OP106904,W0298,Morning,A,19.0,0,2025-01-10 21:04:00
OP106905,W0117,Evening,B,14.0,0,2025-06-27 01:49:00
OP106906,W0113,Morning,C,35.0,0,2025-02-15 11:55:00
OP106908,W0371,Morning,E,11.0,0,2025-06-06 04:31:00
OP106909,W0316,Morning,E,38.0,0,2025-02-23 08:33:00
OP106910,W0364,Evening,E,13.0,0,2025-06-08 16:28:00
OP106914,W0451,Night,A,42.0,0,2025-02-13 09:38:00
OP106916,W0038,Night,C,10.0,1,2025-03-17 19:29:00
OP106917,W0497,Morning,E,36.0,0,2025-04-24 00:08:00
OP106920,W0196,Morning,D,24.0,0,2025-05-30 05:38:00
OP106921,W0121,Morning,B,5.0,0,2025-05-01 10:09:00
OP106924,W0116,Evening,B,49.0,0,2025-06-29 22:22:00
OP106926,W0057,Morning,A,13.0,1,2025-03-18 08:24:00
OP106927,W0071,Evening,D,48.0,0,2025-02-09 12:18:00
OP106929,W0014,Night,B,33.0,0,2025-04-22 02:32:00
OP106930,W0438,Evening,B,33.0,0,2025-06-24 19:24:00
OP106931,W0337,Evening,A,49.0,1,2025-06-27 14:10:00
OP106934,W0122,Night,C,36.0,0,2025-02-19 06:25:00
OP106936,W0050,Evening,D,2.0,0,2025-06-29 02:11:00
OP106937,W0245,Morning,A,24.0,0,2025-04-04 03:55:00
OP106939,W0497,Morning,D,17.0,0,2025-04-29 02:51:00
OP106940,W0277,Night,E,36.0,0,2025-04-16 17:20:00
OP106942,W0082,Evening,B,10.0,0,2025-01-03 20:14:00
OP106943,W0111,Morning,B,37.0,0,2025-06-29 03:02:00
OP106946,W0244,Evening,C,2.0,0,2025-01-16 23:50:00
OP106950,W0109,Night,D,20.0,0,2025-06-03 19:14:00
OP106951,W0107,Night,D,28.0,0,2025-03-01 09:02:00
OP106954,W0492,Night,A,2.0,1,2025-02-24 06:17:00
OP106957,W0213,Morning,A,6.0,0,2025-03-08 20:47:00
OP106961,W0364,Evening,D,7.0,1,2025-03-05 02:01:00
OP106962,W0353,Night,A,2.0,1,2025-03-14 04:00:00
OP106964,W0042,Morning,D,48.0,0,2025-02-23 20:33:00
OP106965,W0370,Morning,D,26.0,0,2025-02-10 18:01:00
OP106966,W0267,Evening,C,43.0,0,2025-02-17 03:34:00
OP106967,W0235,Evening,B,23.0,0,2025-01-03 23:11:00
OP106969,W0113,Night,D,18.0,0,2025-06-29 01:52:00
OP106970,W0432,Evening,A,21.0,0,2025-06-22 00:31:00
OP106973,W0159,Night,D,21.0,1,2025-02-15 21:00:00
OP106975,W0066,Morning,B,32.0,0,2025-04-10 17:24:00
OP106976,W0169,Morning,E,29.0,0,2025-06-06 03:29:00
OP106983,W0218,Evening,C,10.0,1,2025-03-06 00:26:00
OP106984,W0479,Morning,C,24.0,1,2025-02-23 16:25:00
OP106985,W0492,Morning,D,14.0,0,2025-06-07 22:27:00
OP106987,W0079,Morning,C,36.0,1,2025-02-03 10:24:00
OP106988,W0281,Night,C,34.0,1,2025-05-11 03:04:00
OP106989,W0463,Morning,C,14.0,1,2025-06-24 23:43:00
OP106991,W0353,Night,C,37.0,0,2025-03-21 11:56:00
OP106995,W0043,Morning,D,6.0,0,2025-01-04 23:50:00
OP106996,W0255,Evening,A,11.0,0,2025-06-11 13:39:00
OP106997,W0254,Morning,E,49.0,0,2025-05-22 13:37:00
OP106998,W0322,Morning,C,28.0,0,2025-05-25 09:51:00
OP106999,W0004,Morning,A,5.0,0,2025-04-27 15:29:00
OP107000,W0456,Morning,D,1.0,0,2025-04-28 20:26:00
OP107003,W0343,Evening,E,44.0,0,2025-05-21 07:52:00
OP107005,W0358,Morning,D,16.0,1,2025-03-01 12:15:00
OP107006,W0221,Night,E,33.0,1,2025-06-02 16:55:00
OP107007,W0035,Evening,B,42.0,0,2025-04-30 14:39:00
OP107008,W0470,Night,D,15.0,0,2025-03-20 00:43:00
OP107013,W0041,Morning,E,36.0,0,2025-05-29 06:15:00
OP107014,W0112,Evening,A,4.0,1,2025-03-19 02:23:00
OP107015,W0197,Evening,C,33.0,0,2025-05-29 15:26:00
OP107019,W0195,Morning,A,12.0,0,2025-06-06 08:44:00
OP107021,W0163,Morning,D,43.0,0,2025-03-26 22:45:00
OP107023,W0022,Morning,B,44.0,0,2025-05-01 22:41:00
OP107025,W0396,Night,D,42.0,0,2025-06-18 08:11:00
OP107026,W0483,Evening,A,13.0,0,2025-02-06 06:25:00
OP107029,W0123,Evening,D,45.0,0,2025-03-20 09:01:00
OP107030,W0009,Morning,A,44.0,1,2025-05-06 05:09:00
OP107031,W0336,Evening,C,17.0,0,2025-05-02 19:44:00
OP107032,W0057,Evening,C,27.0,0,2025-06-18 21:37:00
OP107033,W0059,Night,B,40.0,0,2025-02-09 15:12:00
OP107034,W0114,Night,D,48.0,1,2025-02-21 05:20:00
OP107035,W0144,Evening,C,49.0,0,2025-05-25 20:15:00
OP107046,W0430,Night,A,11.0,1,2025-01-06 01:50:00
OP107047,W0423,Evening,D,18.0,0,2025-01-12 16:03:00
OP107048,W0140,Morning,A,4.0,0,2025-01-02 05:35:00
OP107052,W0457,Morning,D,25.0,0,2025-01-12 23:36:00
OP107053,W0231,Morning,A,25.0,0,2025-05-09 14:15:00
OP107054,W0363,Night,E,49.0,0,2025-01-07 15:23:00
OP107057,W0250,Evening,B,39.0,1,2025-06-03 06:24:00
OP107064,W0009,Morning,A,3.0,1,2025-05-11 02:24:00
OP107069,W0233,Night,B,38.0,0,2025-03-18 13:12:00
OP107070,W0057,Morning,D,15.0,0,2025-03-26 18:12:00
OP107071,W0012,Night,D,39.0,0,2025-01-25 17:41:00
OP107072,W0159,Evening,D,44.0,0,2025-04-03 03:40:00
OP107073,W0460,Morning,A,20.0,1,2025-01-12 16:56:00
OP107075,W0480,Night,B,11.0,0,2025-06-08 08:58:00
OP107076,W0028,Evening,C,14.0,1,2025-03-04 19:27:00
OP107078,W0021,Night,E,2.0,0,2025-05-17 06:28:00
OP107081,W0021,Night,B,26.0,0,2025-02-21 17:30:00
OP107082,W0130,Morning,D,41.0,1,2025-02-01 05:22:00
OP107083,W0139,Morning,D,13.0,0,2025-05-31 13:07:00
OP107085,W0039,Morning,E,9.0,0,2025-01-17 20:46:00
OP107087,W0351,Night,A,2.0,0,2025-04-14 14:00:00
OP107094,W0192,Night,C,27.0,0,2025-04-14 00:41:00
OP107096,W0022,Morning,E,40.0,1,2025-01-26 21:11:00
OP107099,W0046,Evening,E,10.0,0,2025-02-18 22:03:00
OP107102,W0057,Morning,B,35.0,0,2025-03-27 03:55:00
OP107103,W0304,Night,D,21.0,0,2025-01-18 04:01:00
OP107105,W0095,Night,D,43.0,0,2025-06-04 02:52:00
OP107107,W0007,Morning,A,36.0,0,2025-03-12 01:16:00
OP107113,W0158,Evening,B,10.0,1,2025-01-04 21:22:00
OP107115,W0306,Night,A,19.0,0,2025-01-08 14:40:00
OP107121,W0222,Morning,A,38.0,0,2025-05-19 01:22:00
OP107122,W0138,Evening,C,8.0,0,2025-03-18 20:39:00
OP107126,W0243,Evening,A,28.0,0,2025-05-19 03:54:00
OP107131,W0363,Night,E,36.0,1,2025-02-20 22:51:00
OP107133,W0042,Night,C,21.0,1,2025-05-14 23:49:00
OP107135,W0040,Morning,E,3.0,0,2025-02-12 07:09:00
OP107136,W0495,Evening,E,21.0,1,2025-05-21 08:05:00
OP107138,W0127,Night,C,18.0,0,2025-04-15 13:41:00
OP107141,W0379,Morning,E,15.0,0,2025-01-25 09:13:00
OP107143,W0157,Morning,A,21.0,0,2025-01-11 16:19:00
OP107145,W0370,Evening,C,3.0,0,2025-02-15 18:56:00
OP107146,W0463,Evening,E,35.0,0,2025-02-28 14:33:00
OP107149,W0463,Morning,B,6.0,1,2025-05-29 20:08:00
OP107153,W0064,Morning,C,8.0,0,2025-01-01 06:08:00
OP107154,W0145,Morning,A,49.0,0,2025-04-16 01:25:00
OP107155,W0382,Morning,A,8.0,1,2025-02-27 12:01:00
OP107156,W0398,Morning,C,17.0,0,2025-05-01 23:46:00
OP107162,W0380,Evening,C,2.0,0,2025-01-05 00:25:00
OP107167,W0176,Evening,C,41.0,1,2025-04-08 20:05:00
OP107168,W0023,Morning,C,14.0,0,2025-01-20 02:07:00
OP107171,W0031,Morning,C,18.0,0,2025-03-20 07:46:00
OP107174,W0225,Evening,D,16.0,0,2025-03-26 13:14:00
OP107176,W0393,Morning,C,47.0,0,2025-03-18 08:54:00
OP107178,W0129,Morning,A,34.0,1,2025-06-22 20:29:00
OP107186,W0156,Morning,A,39.0,1,2025-02-25 19:42:00
OP107188,W0102,Night,A,27.0,0,2025-01-09 04:00:00
OP107190,W0105,Evening,C,38.0,0,2025-04-08 15:15:00
OP107191,W0382,Morning,E,25.0,0,2025-04-13 17:07:00
OP107193,W0402,Morning,E,11.0,0,2025-03-03 03:08:00
OP107194,W0248,Evening,C,27.0,0,2025-04-05 12:02:00
OP107196,W0282,Evening,B,32.0,0,2025-06-04 18:04:00
OP107199,W0318,Morning,D,23.0,0,2025-05-12 18:45:00
OP107202,W0166,Evening,D,33.0,1,2025-05-15 02:53:00
OP107203,W0294,Morning,B,48.0,0,2025-06-05 03:17:00
OP107205,W0306,Night,C,29.0,0,2025-02-16 16:22:00
OP107207,W0158,Evening,D,23.0,0,2025-01-15 17:00:00
OP107209,W0068,Morning,A,39.0,0,2025-02-13 20:35:00
OP107210,W0027,Morning,A,12.0,0,2025-05-26 07:08:00
OP107212,W0116,Morning,E,28.0,0,2025-06-06 01:38:00
OP107215,W0163,Night,B,15.0,0,2025-02-12 22:45:00
OP107217,W0029,Night,C,22.0,1,2025-03-25 13:15:00
OP107218,W0478,Night,A,42.0,0,2025-01-12 12:23:00
OP107222,W0354,Morning,D,26.0,0,2025-06-20 15:35:00
OP107224,W0424,Morning,A,45.0,0,2025-05-14 15:26:00
OP107227,W0253,Night,C,1.0,0,2025-03-08 13:35:00
OP107235,W0183,Morning,C,32.0,0,2025-04-25 01:25:00
OP107238,W0386,Morning,C,35.0,1,2025-04-29 10:16:00
OP107241,W0126,Morning,A,2.0,0,2025-05-14 20:21:00
OP107242,W0273,Morning,C,13.0,1,2025-03-28 17:04:00
OP107244,W0342,Morning,B,40.0,1,2025-02-15 15:22:00
OP107245,W0098,Night,A,31.0,0,2025-05-04 11:24:00
OP107250,W0222,Morning,E,46.0,0,2025-02-02 15:12:00
OP107251,W0242,Evening,B,18.0,1,2025-05-25 10:35:00
OP107252,W0168,Morning,E,12.0,0,2025-06-28 15:59:00
OP107253,W0128,Night,B,2.0,0,2025-01-17 17:48:00
OP107254,W0114,Evening,C,8.0,0,2025-03-05 00:41:00
OP107257,W0378,Night,A,10.0,0,2025-04-02 09:15:00
OP107258,W0148,Night,D,23.0,1,2025-03-03 04:48:00
OP107260,W0435,Morning,E,47.0,0,2025-04-14 07:54:00
OP107262,W0375,Evening,D,1.0,0,2025-06-06 02:36:00
OP107263,W0483,Morning,A,27.0,1,2025-05-09 06:22:00
OP107264,W0081,Morning,E,35.0,0,2025-04-22 20:11:00
OP107265,W0066,Morning,D,39.0,0,2025-04-16 03:41:00
OP107267,W0335,Morning,A,25.0,0,2025-03-12 03:43:00
OP107269,W0108,Night,E,10.0,0,2025-03-02 17:01:00
OP107274,W0200,Evening,E,39.0,0,2025-03-29 23:35:00
OP107276,W0249,Night,A,8.0,0,2025-01-16 16:57:00
OP107281,W0355,Evening,A,16.0,1,2025-06-22 04:31:00
OP107282,W0098,Evening,A,45.0,1,2025-06-20 17:34:00
OP107286,W0114,Evening,C,17.0,0,2025-03-11 08:39:00
OP107287,W0448,Morning,D,35.0,0,2025-02-28 17:04:00
OP107293,W0281,Night,C,15.0,1,2025-02-05 06:16:00
OP107294,W0279,Morning,A,16.0,0,2025-06-15 19:05:00
OP107295,W0173,Night,E,16.0,0,2025-01-02 06:31:00
OP107298,W0180,Morning,B,22.0,0,2025-02-20 20:30:00
OP107301,W0055,Night,E,44.0,0,2025-03-04 01:57:00
OP107304,W0443,Morning,C,21.0,0,2025-03-27 12:49:00
OP107305,W0454,Morning,D,11.0,1,2025-01-29 02:10:00
OP107307,W0470,Night,D,8.0,0,2025-03-09 06:29:00
OP107308,W0403,Morning,D,22.0,1,2025-02-20 02:34:00
OP107312,W0179,Morning,A,12.0,0,2025-03-20 19:58:00
OP107314,W0258,Morning,B,15.0,0,2025-06-24 04:17:00
OP107315,W0211,Morning,E,13.0,0,2025-01-25 16:35:00
OP107321,W0119,Morning,A,4.0,0,2025-06-19 02:09:00
OP107322,W0472,Night,A,23.0,0,2025-01-17 19:36:00
OP107324,W0420,Night,B,28.0,0,2025-01-01 05:35:00
OP107326,W0396,Morning,E,18.0,0,2025-01-07 08:37:00
OP107329,W0483,Morning,B,14.0,0,2025-06-13 17:11:00
OP107332,W0051,Evening,B,11.0,0,2025-03-24 02:41:00
OP107333,W0394,Evening,A,9.0,0,2025-04-16 20:23:00
OP107334,W0018,Morning,C,20.0,0,2025-05-15 14:36:00
OP107335,W0397,Morning,A,20.0,1,2025-06-23 12:28:00
OP107336,W0312,Evening,C,15.0,0,2025-03-10 11:07:00
OP107337,W0383,Night,C,9.0,0,2025-03-12 16:25:00
OP107338,W0195,Morning,E,46.0,0,2025-06-03 16:26:00
OP107339,W0408,Evening,D,35.0,0,2025-01-28 07:33:00
OP107340,W0317,Morning,A,31.0,1,2025-06-27 11:15:00
OP107343,W0500,Morning,C,17.0,0,2025-06-25 08:37:00
OP107348,W0062,Morning,A,19.0,1,2025-05-26 21:41:00
OP107349,W0214,Morning,C,49.0,0,2025-04-10 07:42:00
OP107350,W0268,Night,A,26.0,1,2025-05-09 11:29:00
OP107352,W0303,Night,D,40.0,0,2025-06-20 02:47:00
OP107357,W0143,Morning,D,26.0,0,2025-04-26 07:18:00
OP107358,W0039,Night,D,26.0,0,2025-06-03 03:29:00
OP107360,W0358,Morning,C,48.0,0,2025-04-12 20:22:00
OP107361,W0185,Morning,B,20.0,0,2025-03-30 13:53:00
OP107362,W0478,Night,B,12.0,0,2025-04-18 08:27:00
OP107364,W0270,Evening,A,46.0,0,2025-03-01 11:53:00
OP107365,W0240,Night,D,7.0,1,2025-02-20 00:44:00
OP107366,W0404,Morning,B,25.0,0,2025-06-03 05:59:00
OP107368,W0442,Evening,E,40.0,0,2025-03-25 14:12:00
OP107369,W0493,Morning,E,38.0,0,2025-06-10 11:46:00
OP107374,W0377,Night,B,3.0,1,2025-01-11 04:34:00
OP107375,W0200,Morning,A,15.0,1,2025-05-29 07:35:00
OP107376,W0025,Evening,A,16.0,0,2025-03-05 12:47:00
OP107378,W0287,Morning,A,28.0,0,2025-04-16 11:03:00
OP107382,W0030,Night,D,16.0,0,2025-04-05 03:45:00
OP107383,W0198,Night,B,32.0,0,2025-01-29 01:57:00
OP107384,W0201,Evening,D,30.0,0,2025-02-04 03:11:00
OP107387,W0176,Night,C,27.0,0,2025-06-18 04:20:00
OP107388,W0300,Night,C,5.0,0,2025-04-28 21:32:00
OP107389,W0044,Morning,C,29.0,1,2025-03-08 21:07:00
OP107390,W0181,Morning,C,32.0,0,2025-01-18 08:53:00
OP107395,W0033,Evening,D,18.0,0,2025-04-22 11:36:00
OP107398,W0097,Morning,D,25.0,0,2025-06-21 12:57:00
OP107400,W0185,Evening,B,21.0,0,2025-01-27 16:35:00
OP107402,W0474,Night,B,5.0,1,2025-05-08 22:35:00
OP107404,W0092,Morning,B,24.0,1,2025-05-16 05:04:00
OP107405,W0488,Night,D,7.0,1,2025-06-08 05:21:00
OP107406,W0489,Night,D,22.0,1,2025-01-03 23:30:00
OP107407,W0275,Evening,E,31.0,0,2025-03-28 07:43:00
OP107410,W0095,Night,A,20.0,0,2025-01-29 05:35:00
OP107414,W0399,Morning,B,47.0,1,2025-03-28 00:59:00
OP107415,W0217,Evening,E,17.0,1,2025-01-15 15:59:00
OP107416,W0424,Morning,C,47.0,0,2025-04-14 22:22:00
OP107417,W0352,Night,E,4.0,0,2025-02-01 13:13:00
OP107421,W0193,Night,B,40.0,0,2025-01-09 10:18:00
OP107423,W0392,Morning,D,26.0,1,2025-04-26 00:28:00
OP107425,W0493,Night,C,31.0,0,2025-05-06 06:47:00
OP107426,W0123,Night,C,29.0,0,2025-03-25 23:34:00
OP107430,W0338,Morning,B,38.0,0,2025-01-20 23:12:00
OP107431,W0372,Morning,A,42.0,0,2025-02-13 08:38:00
OP107432,W0432,Morning,C,20.0,0,2025-01-12 03:54:00
OP107435,W0348,Night,A,1.0,0,2025-03-23 19:59:00
OP107440,W0102,Night,B,31.0,0,2025-04-24 03:32:00
OP107441,W0374,Morning,E,8.0,0,2025-02-28 10:26:00
OP107442,W0266,Evening,C,18.0,0,2025-03-17 07:08:00
OP107445,W0162,Morning,E,6.0,0,2025-05-13 11:51:00
OP107453,W0335,Night,A,1.0,0,2025-04-07 09:02:00
OP107454,W0215,Morning,B,3.0,0,2025-05-10 12:06:00
OP107455,W0364,Night,B,15.0,0,2025-03-11 14:06:00
OP107462,W0003,Night,E,39.0,0,2025-05-25 18:14:00
OP107463,W0105,Night,E,4.0,0,2025-06-04 13:12:00
OP107464,W0128,Night,D,30.0,0,2025-03-06 12:18:00
OP107468,W0135,Night,C,24.0,0,2025-04-28 22:32:00
OP107472,W0139,Morning,E,18.0,1,2025-03-06 11:02:00
OP107473,W0306,Evening,D,6.0,1,2025-04-05 21:12:00
OP107476,W0417,Morning,B,30.0,1,2025-02-25 02:53:00
OP107479,W0356,Morning,B,13.0,0,2025-03-12 21:37:00
OP107482,W0294,Morning,C,27.0,0,2025-05-08 00:22:00
OP107484,W0467,Morning,B,2.0,0,2025-03-15 04:18:00
OP107485,W0114,Night,D,35.0,1,2025-05-18 17:45:00
OP107486,W0424,Morning,A,35.0,0,2025-01-09 10:37:00
OP107487,W0174,Night,B,13.0,1,2025-06-21 04:54:00
OP107488,W0276,Morning,E,21.0,1,2025-04-11 14:15:00
OP107489,W0234,Morning,C,14.0,1,2025-01-23 20:58:00
OP107492,W0108,Morning,D,31.0,0,2025-04-12 18:56:00
OP107494,W0141,Evening,B,44.0,1,2025-01-01 13:31:00
OP107496,W0237,Morning,E,23.0,0,2025-04-06 05:16:00
OP107498,W0463,Morning,C,20.0,1,2025-05-24 04:42:00
OP107500,W0169,Night,D,28.0,0,2025-03-12 21:19:00
OP107501,W0431,Morning,B,26.0,0,2025-05-28 14:13:00
OP107503,W0222,Evening,C,45.0,0,2025-05-19 08:36:00
OP107510,W0049,Evening,B,39.0,0,2025-03-27 03:24:00
OP107512,W0185,Morning,C,41.0,1,2025-02-03 13:42:00
OP107513,W0332,Morning,C,6.0,0,2025-04-29 17:06:00
OP107515,W0346,Morning,A,36.0,0,2025-03-21 04:42:00
OP107516,W0144,Morning,D,12.0,0,2025-03-22 02:34:00
OP107517,W0232,Morning,D,29.0,1,2025-06-08 11:22:00
OP107520,W0247,Night,C,47.0,0,2025-06-07 03:54:00
OP107522,W0357,Morning,E,23.0,1,2025-05-25 21:42:00
OP107524,W0068,Evening,C,28.0,0,2025-04-28 22:39:00
OP107527,W0230,Night,A,19.0,0,2025-05-01 11:48:00
OP107528,W0274,Morning,A,30.0,0,2025-03-25 17:21:00
OP107531,W0100,Evening,C,40.0,1,2025-04-15 06:00:00
OP107532,W0349,Evening,B,42.0,0,2025-06-17 21:02:00
OP107535,W0073,Evening,E,11.0,0,2025-03-31 08:37:00
OP107538,W0443,Night,C,5.0,0,2025-02-28 07:15:00
OP107540,W0458,Morning,E,31.0,0,2025-03-05 00:10:00
OP107542,W0492,Morning,D,11.0,0,2025-05-29 01:47:00
OP107543,W0220,Evening,E,3.0,1,2025-05-27 12:32:00
OP107544,W0057,Morning,B,8.0,0,2025-06-13 09:29:00
OP107545,W0168,Night,D,39.0,0,2025-01-28 01:26:00
OP107547,W0373,Evening,E,9.0,0,2025-05-05 19:10:00
OP107548,W0436,Morning,E,43.0,0,2025-05-14 07:09:00
OP107550,W0152,Night,A,34.0,1,2025-05-24 08:01:00
OP107552,W0228,Morning,E,12.0,0,2025-02-07 16:23:00
OP107553,W0226,Evening,A,48.0,0,2025-04-22 03:03:00
OP107557,W0438,Night,A,47.0,0,2025-06-02 21:01:00
OP107558,W0377,Morning,C,47.0,0,2025-02-03 03:21:00
OP107562,W0394,Morning,A,44.0,1,2025-04-01 14:41:00
OP107564,W0257,Morning,A,8.0,0,2025-03-01 15:05:00
OP107567,W0220,Morning,D,12.0,0,2025-04-26 17:04:00
OP107568,W0279,Morning,A,43.0,1,2025-02-28 19:10:00
OP107570,W0028,Night,D,33.0,0,2025-04-13 22:36:00
OP107575,W0431,Morning,E,36.0,0,2025-05-10 15:23:00
OP107578,W0380,Evening,D,46.0,0,2025-03-04 15:59:00
OP107579,W0143,Evening,A,13.0,0,2025-05-29 10:26:00
OP107580,W0172,Morning,C,40.0,0,2025-05-21 15:02:00
OP107583,W0249,Morning,B,15.0,1,2025-02-11 06:39:00
OP107586,W0219,Morning,C,16.0,1,2025-05-06 04:26:00
OP107588,W0202,Morning,A,43.0,0,2025-05-16 21:11:00
OP107589,W0391,Morning,C,45.0,0,2025-06-04 03:39:00
OP107590,W0055,Evening,D,18.0,1,2025-03-12 10:42:00
OP107591,W0470,Morning,D,41.0,0,2025-04-27 09:35:00
OP107595,W0470,Morning,C,11.0,0,2025-06-13 21:24:00
OP107596,W0159,Morning,D,33.0,0,2025-01-01 19:49:00
OP107600,W0320,Evening,E,33.0,0,2025-02-20 15:29:00
OP107603,W0025,Evening,B,47.0,0,2025-04-11 23:16:00
OP107605,W0490,Morning,A,14.0,0,2025-05-31 20:00:00
OP107606,W0468,Morning,D,36.0,1,2025-06-07 00:57:00
OP107608,W0159,Morning,D,31.0,0,2025-04-26 13:59:00
OP107612,W0184,Night,E,31.0,1,2025-04-02 23:42:00
OP107614,W0317,Morning,E,43.0,0,2025-01-26 22:03:00
OP107618,W0171,Evening,C,48.0,0,2025-03-24 22:31:00
OP107620,W0228,Night,E,21.0,0,2025-01-27 06:22:00
OP107621,W0397,Morning,A,4.0,1,2025-06-28 00:13:00
OP107626,W0379,Evening,D,5.0,0,2025-02-15 02:49:00
OP107630,W0236,Night,A,12.0,0,2025-05-05 18:44:00
OP107632,W0265,Evening,E,35.0,0,2025-06-23 06:26:00
OP107633,W0136,Morning,E,16.0,0,2025-04-19 08:35:00
OP107635,W0440,Morning,D,6.0,0,2025-02-12 11:55:00
OP107637,W0043,Evening,A,29.0,0,2025-04-28 11:22:00
OP107641,W0387,Morning,B,15.0,0,2025-03-27 18:31:00
OP107642,W0220,Evening,C,35.0,0,2025-05-13 18:49:00
OP107643,W0250,Night,D,32.0,0,2025-02-05 10:07:00
OP107650,W0141,Evening,C,49.0,0,2025-03-14 17:37:00
OP107651,W0329,Evening,E,24.0,0,2025-04-04 23:54:00
OP107655,W0478,Evening,E,7.0,0,2025-01-29 00:33:00
OP107658,W0029,Night,C,6.0,0,2025-06-08 18:47:00
OP107660,W0306,Evening,D,24.0,0,2025-04-02 16:01:00
OP107664,W0365,Morning,E,1.0,1,2025-02-11 13:38:00
OP107665,W0172,Night,B,6.0,0,2025-02-28 00:34:00
OP107666,W0404,Morning,E,49.0,1,2025-06-17 20:41:00
OP107670,W0291,Morning,E,31.0,1,2025-04-13 13:53:00
OP107672,W0128,Evening,A,13.0,0,2025-03-29 18:31:00
OP107676,W0148,Evening,B,17.0,0,2025-05-22 11:46:00
OP107677,W0173,Evening,D,27.0,0,2025-05-19 02:42:00
OP107679,W0298,Night,E,32.0,0,2025-03-02 14:16:00
OP107680,W0413,Morning,B,17.0,1,2025-01-21 17:46:00
OP107681,W0235,Morning,D,42.0,1,2025-01-20 04:38:00
OP107683,W0409,Evening,A,4.0,1,2025-04-18 06:30:00
OP107684,W0339,Evening,C,47.0,0,2025-06-08 20:36:00
OP107685,W0461,Morning,D,24.0,0,2025-02-12 20:53:00
OP107687,W0477,Evening,C,6.0,0,2025-05-24 00:54:00
OP107696,W0330,Night,A,24.0,0,2025-01-25 01:48:00
OP107697,W0494,Night,D,11.0,0,2025-01-20 21:04:00
OP107702,W0429,Morning,A,45.0,0,2025-02-09 01:22:00
OP107703,W0101,Morning,E,21.0,0,2025-06-10 16:41:00
OP107707,W0252,Evening,C,5.0,0,2025-06-24 05:45:00
OP107711,W0124,Morning,A,49.0,0,2025-02-02 15:11:00
OP107713,W0015,Night,C,24.0,0,2025-06-17 14:29:00
OP107715,W0302,Morning,B,11.0,0,2025-04-28 12:59:00
OP107719,W0353,Night,C,8.0,0,2025-05-27 01:30:00
OP107720,W0369,Night,E,14.0,1,2025-04-05 13:30:00
OP107724,W0319,Evening,D,15.0,1,2025-03-10 11:36:00
OP107726,W0428,Morning,B,3.0,0,2025-01-19 20:59:00
OP107728,W0026,Morning,B,16.0,0,2025-06-25 21:26:00
OP107730,W0109,Night,C,24.0,0,2025-05-15 10:01:00
OP107734,W0222,Night,E,40.0,0,2025-04-17 18:18:00
OP107735,W0151,Morning,A,8.0,1,2025-01-18 02:59:00
OP107738,W0360,Night,C,30.0,0,2025-04-17 10:19:00
OP107741,W0109,Night,C,15.0,1,2025-06-09 21:32:00
OP107744,W0431,Morning,C,40.0,0,2025-06-12 08:50:00
OP107746,W0284,Night,C,47.0,0,2025-05-17 20:54:00
OP107747,W0412,Morning,C,19.0,0,2025-05-08 22:51:00
OP107748,W0408,Night,A,2.0,0,2025-04-04 23:48:00
OP107751,W0211,Evening,E,8.0,0,2025-06-28 05:39:00
OP107755,W0262,Night,B,16.0,0,2025-02-08 23:35:00
OP107757,W0494,Morning,C,21.0,0,2025-06-20 07:21:00
OP107759,W0374,Night,A,24.0,1,2025-05-25 12:51:00
OP107760,W0309,Morning,C,26.0,0,2025-02-26 22:12:00
OP107763,W0354,Night,E,49.0,1,2025-05-23 01:18:00
OP107765,W0424,Morning,D,47.0,0,2025-05-28 07:40:00
OP107767,W0392,Night,A,15.0,1,2025-02-01 08:51:00
OP107769,W0076,Morning,B,46.0,0,2025-01-27 08:02:00
OP107770,W0050,Evening,A,10.0,0,2025-02-26 15:16:00
OP107772,W0147,Night,B,49.0,0,2025-06-06 14:01:00
OP107779,W0180,Morning,E,49.0,0,2025-01-18 05:49:00
OP107780,W0092,Morning,D,9.0,0,2025-02-02 07:58:00
OP107781,W0184,Morning,B,16.0,0,2025-01-08 12:50:00
OP107783,W0115,Evening,C,17.0,1,2025-01-14 15:02:00
OP107785,W0145,Evening,D,14.0,0,2025-06-24 06:02:00
OP107788,W0438,Morning,A,28.0,0,2025-03-18 08:39:00
OP107793,W0486,Morning,A,25.0,0,2025-03-24 11:38:00
OP107794,W0208,Morning,E,33.0,1,2025-05-10 17:40:00
OP107797,W0349,Morning,D,24.0,0,2025-05-31 09:07:00
OP107798,W0226,Evening,D,8.0,0,2025-04-11 16:53:00
OP107801,W0162,Morning,B,3.0,0,2025-04-18 10:11:00
OP107804,W0227,Night,D,26.0,0,2025-06-19 00:01:00
OP107805,W0030,Evening,B,9.0,0,2025-04-01 06:12:00
OP107806,W0278,Morning,C,36.0,0,2025-04-15 21:11:00
OP107811,W0213,Evening,A,8.0,0,2025-06-27 07:50:00
OP107812,W0465,Night,A,18.0,0,2025-04-02 04:45:00
OP107817,W0412,Night,E,12.0,0,2025-06-08 20:17:00
OP107819,W0353,Morning,E,9.0,0,2025-04-11 06:50:00
OP107820,W0427,Night,B,7.0,0,2025-05-08 07:46:00
OP107822,W0075,Morning,B,28.0,0,2025-06-06 17:30:00
OP107824,W0332,Morning,C,9.0,0,2025-02-27 05:05:00
OP107829,W0491,Evening,C,43.0,0,2025-04-18 00:54:00
OP107832,W0250,Morning,C,34.0,0,2025-04-30 03:24:00
OP107833,W0052,Morning,D,39.0,1,2025-04-13 05:51:00
OP107834,W0346,Morning,C,46.0,0,2025-03-01 17:30:00
OP107835,W0364,Morning,D,2.0,0,2025-03-24 18:20:00
OP107837,W0325,Evening,A,31.0,0,2025-01-11 21:24:00
OP107838,W0299,Morning,E,32.0,0,2025-03-12 12:35:00
OP107839,W0389,Evening,A,32.0,0,2025-04-07 09:08:00
OP107844,W0209,Night,A,5.0,1,2025-02-03 06:40:00
OP107846,W0422,Morning,C,33.0,0,2025-05-21 05:49:00
OP107847,W0273,Night,E,29.0,1,2025-05-27 08:22:00
OP107848,W0303,Morning,A,5.0,1,2025-03-26 13:12:00
OP107849,W0062,Morning,B,6.0,0,2025-01-27 18:00:00
OP107850,W0331,Night,C,4.0,0,2025-03-06 16:30:00
OP107851,W0442,Evening,B,25.0,1,2025-05-17 23:36:00
OP107852,W0141,Morning,C,1.0,0,2025-05-05 10:19:00
OP107853,W0323,Morning,E,47.0,0,2025-06-05 23:46:00
OP107856,W0035,Evening,E,5.0,0,2025-05-28 12:51:00
OP107861,W0395,Morning,D,21.0,0,2025-03-26 15:04:00
OP107863,W0302,Evening,C,10.0,1,2025-04-05 02:28:00
OP107866,W0370,Morning,A,11.0,0,2025-01-27 09:19:00
OP107868,W0294,Morning,E,45.0,0,2025-04-21 23:06:00
OP107872,W0326,Morning,C,9.0,0,2025-05-28 22:12:00
OP107873,W0356,Morning,B,19.0,1,2025-04-13 18:39:00
OP107875,W0064,Morning,C,39.0,1,2025-04-14 12:44:00
OP107876,W0430,Morning,E,47.0,1,2025-01-15 08:31:00
OP107878,W0219,Morning,B,48.0,0,2025-01-13 23:02:00
OP107880,W0445,Evening,D,41.0,0,2025-02-16 09:45:00
OP107881,W0209,Evening,A,9.0,0,2025-04-30 21:57:00
OP107882,W0142,Evening,E,22.0,0,2025-06-26 05:20:00
OP107885,W0230,Morning,A,7.0,0,2025-05-21 01:04:00
OP107890,W0025,Morning,E,40.0,0,2025-01-21 07:05:00
OP107892,W0243,Morning,E,32.0,0,2025-05-24 13:51:00
OP107894,W0068,Evening,B,30.0,0,2025-04-08 02:45:00
OP107895,W0108,Morning,A,6.0,0,2025-04-28 06:56:00
OP107896,W0214,Night,E,18.0,0,2025-05-14 01:00:00
OP107901,W0237,Morning,B,40.0,0,2025-01-21 00:52:00
OP107903,W0337,Morning,C,7.0,0,2025-03-16 10:20:00
OP107904,W0017,Evening,E,35.0,0,2025-02-19 00:37:00
OP107905,W0418,Evening,E,42.0,0,2025-05-10 18:12:00
OP107907,W0276,Evening,B,30.0,0,2025-02-09 09:17:00
OP107908,W0345,Night,E,17.0,0,2025-04-24 01:02:00
OP107909,W0451,Morning,E,4.0,0,2025-05-29 12:47:00
OP107910,W0263,Morning,C,43.0,1,2025-03-06 13:23:00
OP107911,W0467,Night,A,18.0,0,2025-03-11 04:18:00
OP107912,W0106,Evening,A,8.0,0,2025-06-17 16:59:00
OP107918,W0098,Evening,B,26.0,1,2025-04-12 10:11:00
OP107920,W0307,Night,C,21.0,0,2025-01-30 00:48:00
OP107923,W0221,Night,E,12.0,1,2025-01-27 15:05:00
OP107924,W0076,Evening,A,13.0,0,2025-06-10 17:03:00
OP107926,W0267,Morning,A,16.0,0,2025-01-18 11:08:00
OP107931,W0104,Morning,C,6.0,1,2025-04-30 21:07:00
OP107932,W0400,Night,A,1.0,0,2025-02-27 09:40:00
OP107935,W0465,Morning,D,10.0,0,2025-01-23 11:35:00
OP107937,W0292,Evening,C,46.0,0,2025-02-10 02:13:00
OP107938,W0018,Morning,A,30.0,0,2025-02-27 14:17:00
OP107940,W0115,Evening,B,19.0,0,2025-06-05 23:24:00
OP107942,W0089,Morning,C,20.0,1,2025-03-15 22:19:00
OP107943,W0235,Night,D,43.0,0,2025-06-16 04:52:00
OP107948,W0236,Evening,B,40.0,0,2025-02-26 01:56:00
OP107950,W0114,Evening,C,40.0,0,2025-05-06 11:37:00
OP107952,W0284,Evening,B,16.0,0,2025-06-26 22:07:00
OP107953,W0141,Evening,A,33.0,0,2025-01-17 17:46:00
OP107954,W0239,Evening,A,29.0,1,2025-04-08 03:15:00
OP107957,W0050,Morning,A,39.0,0,2025-04-17 11:13:00
OP107958,W0173,Night,C,20.0,0,2025-03-28 23:19:00
OP107960,W0392,Morning,B,30.0,0,2025-01-04 23:51:00
OP107961,W0286,Morning,C,23.0,0,2025-05-14 20:11:00
OP107963,W0420,Morning,C,18.0,0,2025-03-18 19:48:00
OP107970,W0346,Night,D,4.0,0,2025-01-18 18:18:00
OP107972,W0081,Morning,D,31.0,0,2025-04-18 17:29:00
OP107973,W0346,Morning,C,44.0,1,2025-05-29 13:57:00
OP107975,W0117,Morning,D,48.0,1,2025-04-17 18:30:00
OP107982,W0241,Evening,E,44.0,1,2025-04-17 06:48:00
OP107983,W0261,Evening,E,10.0,0,2025-06-07 08:10:00
OP107985,W0242,Evening,B,26.0,0,2025-06-22 04:23:00
OP107987,W0163,Morning,D,15.0,0,2025-01-15 07:23:00
OP107989,W0357,Morning,C,29.0,0,2025-02-25 04:32:00
OP107993,W0184,Morning,D,13.0,0,2025-06-08 03:56:00
OP107994,W0176,Night,B,22.0,1,2025-05-03 23:59:00
OP107997,W0295,Evening,C,47.0,0,2025-01-07 08:28:00
OP107998,W0066,Morning,D,17.0,0,2025-04-16 23:25:00
OP107999,W0230,Morning,E,2.0,0,2025-01-17 00:49:00
OP108001,W0202,Evening,D,37.0,0,2025-05-14 05:14:00
OP108006,W0329,Morning,D,4.0,0,2025-02-23 03:12:00
OP108009,W0308,Evening,E,3.0,0,2025-01-04 15:02:00
OP108010,W0266,Morning,C,31.0,0,2025-03-17 15:25:00
OP108011,W0335,Morning,D,27.0,0,2025-06-13 20:35:00
OP108014,W0245,Night,C,48.0,0,2025-04-14 17:07:00
OP108015,W0333,Morning,B,30.0,1,2025-04-14 16:40:00
OP108019,W0394,Morning,D,17.0,0,2025-06-03 12:40:00
OP108021,W0011,Morning,B,40.0,1,2025-01-15 03:52:00
OP108022,W0494,Night,E,42.0,0,2025-05-01 00:29:00
OP108023,W0279,Morning,D,38.0,0,2025-01-12 12:17:00
OP108024,W0165,Night,A,17.0,1,2025-05-02 22:44:00
OP108025,W0137,Morning,D,21.0,1,2025-03-04 22:50:00
OP108026,W0181,Morning,B,28.0,0,2025-05-29 07:42:00
OP108027,W0026,Morning,B,11.0,1,2025-03-21 22:05:00
OP108029,W0368,Morning,D,21.0,0,2025-05-03 23:53:00
OP108030,W0214,Evening,B,13.0,1,2025-01-28 10:46:00
OP108031,W0373,Morning,D,46.0,0,2025-05-08 12:03:00
OP108032,W0086,Morning,C,29.0,0,2025-05-11 04:23:00
OP108033,W0279,Morning,D,22.0,0,2025-02-01 08:27:00
OP108034,W0331,Evening,E,46.0,1,2025-03-08 00:19:00
OP108035,W0098,Night,C,46.0,0,2025-02-15 02:47:00
OP108036,W0210,Night,E,14.0,1,2025-01-30 10:41:00
OP108039,W0024,Evening,B,35.0,0,2025-01-20 05:01:00
OP108041,W0278,Evening,D,15.0,0,2025-03-29 03:23:00
OP108045,W0442,Morning,B,22.0,1,2025-06-04 18:31:00
OP108046,W0272,Night,B,34.0,0,2025-06-14 09:17:00
OP108047,W0373,Morning,A,29.0,0,2025-01-08 21:21:00
OP108049,W0447,Morning,C,21.0,0,2025-04-07 07:51:00
OP108052,W0099,Night,D,19.0,0,2025-02-27 21:40:00
OP108062,W0301,Night,A,40.0,0,2025-03-14 21:01:00
OP108063,W0125,Morning,B,2.0,1,2025-01-01 21:30:00
OP108064,W0087,Evening,B,11.0,0,2025-04-06 11:17:00
OP108065,W0451,Night,A,7.0,0,2025-05-17 11:08:00
OP108066,W0381,Morning,E,13.0,0,2025-03-10 18:28:00
OP108067,W0225,Morning,B,7.0,1,2025-06-19 08:38:00
OP108068,W0458,Evening,B,25.0,1,2025-01-01 01:59:00
OP108069,W0462,Night,A,14.0,0,2025-04-23 00:26:00
OP108070,W0327,Night,E,31.0,1,2025-01-28 03:10:00
OP108071,W0348,Morning,E,1.0,0,2025-02-01 03:28:00
OP108072,W0461,Morning,E,17.0,0,2025-06-03 02:03:00
OP108073,W0148,Evening,E,8.0,0,2025-05-04 05:51:00
OP108074,W0096,Night,D,40.0,1,2025-05-23 20:21:00
OP108077,W0397,Morning,A,12.0,0,2025-05-26 06:34:00
OP108078,W0327,Morning,E,4.0,0,2025-05-09 22:02:00
OP108082,W0431,Evening,D,25.0,0,2025-03-18 01:51:00
OP108084,W0189,Evening,C,30.0,0,2025-05-25 11:35:00
OP108090,W0039,Morning,E,8.0,0,2025-05-03 23:47:00
OP108093,W0212,Morning,B,40.0,0,2025-05-20 02:55:00
OP108094,W0192,Morning,D,43.0,1,2025-04-06 22:45:00
OP108096,W0099,Morning,A,46.0,0,2025-04-18 22:03:00
OP108098,W0215,Evening,B,44.0,0,2025-04-19 01:17:00
OP108100,W0162,Morning,B,34.0,0,2025-06-21 19:35:00
OP108101,W0226,Night,D,5.0,0,2025-01-15 01:05:00
OP108104,W0483,Morning,B,26.0,0,2025-05-11 13:05:00
OP108107,W0424,Night,E,15.0,0,2025-04-26 06:07:00
OP108109,W0319,Morning,B,9.0,0,2025-03-26 18:44:00
OP108110,W0208,Night,E,37.0,1,2025-05-31 14:03:00
OP108111,W0474,Morning,D,30.0,0,2025-05-26 14:27:00
OP108112,W0385,Morning,A,48.0,0,2025-05-12 13:55:00
OP108114,W0375,Evening,B,27.0,1,2025-05-05 05:37:00
OP108119,W0061,Evening,C,13.0,1,2025-02-19 16:55:00
OP108121,W0405,Night,D,16.0,0,2025-01-19 01:29:00
OP108123,W0266,Night,A,48.0,0,2025-05-14 18:39:00
OP108124,W0097,Night,D,49.0,1,2025-04-25 10:08:00
OP108128,W0249,Morning,A,2.0,0,2025-06-02 10:40:00
OP108129,W0359,Evening,A,21.0,0,2025-02-06 06:17:00
OP108131,W0088,Morning,C,6.0,0,2025-02-07 15:03:00
OP108133,W0270,Evening,A,7.0,0,2025-03-27 02:41:00
OP108136,W0031,Night,B,43.0,0,2025-06-06 18:01:00
OP108140,W0085,Night,E,40.0,0,2025-01-03 15:29:00
OP108143,W0268,Morning,E,49.0,0,2025-03-22 10:15:00
OP108145,W0393,Morning,B,26.0,0,2025-04-09 17:16:00
OP108147,W0419,Night,E,47.0,0,2025-01-16 01:29:00
OP108152,W0473,Evening,A,34.0,0,2025-06-03 13:29:00
OP108153,W0030,Morning,D,29.0,0,2025-01-15 14:08:00
OP108155,W0420,Night,A,16.0,0,2025-01-30 12:00:00
OP108157,W0182,Morning,C,10.0,1,2025-03-01 05:50:00
OP108160,W0344,Evening,C,16.0,0,2025-03-04 09:14:00
OP108161,W0435,Night,A,12.0,0,2025-02-21 17:02:00
OP108163,W0086,Night,E,24.0,0,2025-06-18 12:08:00
OP108164,W0157,Night,A,21.0,1,2025-01-14 04:23:00
OP108166,W0026,Morning,E,20.0,0,2025-04-24 02:38:00
OP108167,W0215,Morning,D,47.0,0,2025-03-13 10:14:00
OP108169,W0246,Morning,A,46.0,0,2025-01-26 20:59:00
OP108170,W0179,Morning,B,20.0,0,2025-03-19 15:05:00
OP108172,W0337,Evening,D,1.0,0,2025-03-10 04:57:00
OP108173,W0103,Morning,C,10.0,1,2025-01-31 18:14:00
OP108176,W0457,Night,E,13.0,0,2025-05-30 09:34:00
OP108177,W0493,Evening,A,8.0,1,2025-05-30 21:15:00
OP108179,W0414,Evening,C,32.0,0,2025-01-18 01:06:00
OP108180,W0460,Morning,C,14.0,0,2025-05-18 04:32:00
OP108183,W0321,Evening,C,28.0,0,2025-05-27 21:43:00
OP108184,W0177,Evening,D,4.0,0,2025-01-23 00:31:00
OP108190,W0019,Morning,B,4.0,1,2025-01-29 22:42:00
OP108192,W0310,Morning,E,4.0,0,2025-05-02 15:52:00
OP108193,W0295,Night,A,3.0,0,2025-03-16 18:27:00
OP108196,W0027,Morning,A,44.0,0,2025-03-31 06:03:00
OP108199,W0098,Evening,E,17.0,0,2025-06-14 01:09:00
OP108201,W0059,Night,B,20.0,1,2025-04-08 08:27:00
OP108202,W0065,Morning,E,4.0,0,2025-06-11 09:05:00
OP108203,W0110,Night,D,34.0,0,2025-03-31 19:29:00
OP108205,W0208,Morning,B,34.0,0,2025-04-24 21:46:00
OP108207,W0200,Morning,E,16.0,0,2025-03-06 20:43:00
OP108208,W0298,Evening,C,29.0,1,2025-04-30 07:04:00
OP108209,W0198,Night,D,12.0,1,2025-04-16 04:33:00
OP108214,W0139,Morning,D,27.0,1,2025-06-02 23:15:00
OP108215,W0485,Night,D,42.0,0,2025-02-05 21:29:00
OP108216,W0330,Morning,C,47.0,0,2025-01-26 18:44:00
OP108220,W0075,Morning,E,8.0,0,2025-03-03 15:57:00
OP108221,W0215,Morning,D,37.0,0,2025-05-22 02:00:00
OP108223,W0237,Evening,D,36.0,0,2025-05-29 12:53:00
OP108224,W0324,Morning,D,4.0,0,2025-01-10 06:25:00
OP108226,W0036,Morning,C,6.0,0,2025-03-19 14:45:00
OP108228,W0037,Night,A,36.0,0,2025-04-22 23:45:00
OP108229,W0256,Morning,A,15.0,0,2025-06-04 07:48:00
OP108231,W0139,Night,C,3.0,0,2025-06-03 12:56:00
OP108237,W0108,Morning,E,12.0,0,2025-06-03 09:52:00
OP108238,W0455,Evening,A,33.0,0,2025-06-15 05:18:00
OP108241,W0262,Morning,B,2.0,0,2025-06-27 00:45:00
OP108244,W0046,Morning,A,10.0,0,2025-04-03 06:56:00
OP108245,W0459,Night,E,47.0,0,2025-05-22 23:02:00
OP108248,W0238,Evening,A,41.0,0,2025-01-16 12:11:00
OP108251,W0055,Morning,D,47.0,0,2025-03-18 23:38:00
OP108254,W0452,Morning,D,3.0,0,2025-01-06 08:07:00
OP108257,W0007,Night,D,41.0,0,2025-03-04 21:59:00
OP108262,W0237,Morning,A,16.0,0,2025-01-13 18:03:00
OP108263,W0117,Morning,A,36.0,0,2025-01-23 21:30:00
OP108264,W0312,Morning,C,9.0,0,2025-06-16 03:23:00
OP108268,W0173,Evening,A,15.0,0,2025-03-28 22:49:00
OP108269,W0150,Evening,A,47.0,0,2025-05-05 10:25:00
OP108271,W0225,Night,C,49.0,0,2025-02-19 01:34:00
OP108274,W0210,Night,C,21.0,0,2025-05-28 06:01:00
OP108275,W0141,Evening,D,24.0,0,2025-01-10 10:47:00
OP108277,W0440,Night,A,21.0,1,2025-06-21 03:17:00
OP108279,W0036,Evening,E,30.0,0,2025-02-15 09:58:00
OP108282,W0354,Night,C,36.0,0,2025-04-01 04:49:00
OP108284,W0102,Evening,A,23.0,0,2025-03-17 21:49:00
OP108286,W0305,Morning,E,9.0,0,2025-06-06 07:42:00
OP108287,W0378,Morning,B,23.0,0,2025-04-09 11:52:00
OP108288,W0291,Night,D,41.0,0,2025-06-18 13:13:00
OP108292,W0039,Evening,D,44.0,0,2025-03-23 02:06:00
OP108293,W0477,Night,E,21.0,0,2025-02-16 21:25:00
OP108296,W0305,Morning,E,18.0,0,2025-06-17 06:21:00
OP108297,W0290,Evening,D,24.0,0,2025-02-17 09:29:00
OP108299,W0011,Night,D,6.0,0,2025-02-28 06:52:00
OP108300,W0357,Morning,E,32.0,1,2025-05-08 07:02:00
OP108302,W0403,Morning,A,22.0,0,2025-01-30 05:05:00
OP108312,W0339,Evening,C,13.0,0,2025-01-08 17:14:00
OP108313,W0283,Morning,C,30.0,0,2025-06-22 02:16:00
OP108315,W0094,Morning,D,5.0,0,2025-05-27 13:12:00
OP108319,W0103,Night,A,8.0,0,2025-03-13 14:15:00
OP108322,W0010,Morning,C,32.0,0,2025-01-02 08:56:00
OP108323,W0021,Morning,A,35.0,0,2025-02-28 11:32:00
OP108324,W0479,Morning,A,24.0,0,2025-02-19 22:59:00
OP108325,W0171,Evening,E,35.0,0,2025-06-03 09:28:00
OP108326,W0100,Night,E,44.0,0,2025-06-08 07:17:00
OP108327,W0191,Morning,D,40.0,0,2025-05-17 17:46:00
OP108328,W0262,Morning,D,34.0,1,2025-03-04 04:34:00
OP108330,W0246,Night,E,21.0,1,2025-06-22 02:56:00
OP108338,W0291,Morning,B,27.0,0,2025-04-12 14:01:00
OP108342,W0393,Night,A,35.0,0,2025-06-28 07:43:00
OP108344,W0057,Night,B,26.0,0,2025-03-05 21:29:00
OP108347,W0343,Morning,E,46.0,0,2025-03-30 00:40:00
OP108348,W0415,Night,A,28.0,0,2025-06-28 11:32:00
OP108350,W0284,Morning,D,12.0,0,2025-03-06 16:03:00
OP108351,W0374,Evening,D,33.0,0,2025-01-29 22:48:00
OP108352,W0216,Morning,B,48.0,1,2025-06-24 20:16:00
OP108353,W0336,Morning,A,48.0,0,2025-04-12 12:43:00
OP108358,W0414,Evening,B,6.0,0,2025-04-28 00:53:00
OP108359,W0434,Evening,A,13.0,0,2025-01-01 07:07:00
OP108360,W0352,Evening,B,8.0,0,2025-06-09 10:29:00
OP108361,W0395,Morning,E,47.0,1,2025-01-17 05:34:00
OP108362,W0082,Night,E,2.0,1,2025-02-01 12:53:00
OP108367,W0022,Evening,C,19.0,0,2025-05-20 22:59:00
OP108369,W0059,Morning,E,45.0,0,2025-03-24 16:59:00
OP108374,W0344,Morning,B,9.0,1,2025-01-05 02:08:00
OP108377,W0130,Evening,E,32.0,1,2025-04-02 12:13:00
OP108378,W0009,Morning,C,49.0,0,2025-04-05 09:10:00
OP108379,W0074,Morning,D,30.0,1,2025-01-24 02:46:00
OP108381,W0010,Night,D,1.0,0,2025-04-24 17:26:00
OP108383,W0316,Evening,A,48.0,0,2025-02-15 11:53:00
OP108384,W0077,Morning,B,12.0,1,2025-04-12 12:06:00
OP108389,W0292,Evening,E,37.0,1,2025-06-13 18:41:00
OP108392,W0182,Evening,C,12.0,1,2025-06-28 05:26:00
OP108396,W0003,Morning,C,3.0,0,2025-01-18 08:28:00
OP108400,W0485,Morning,D,26.0,0,2025-04-11 18:57:00
OP108401,W0089,Morning,E,13.0,0,2025-06-19 13:20:00
OP108411,W0492,Evening,D,35.0,0,2025-04-23 18:28:00
OP108412,W0024,Morning,E,46.0,0,2025-06-23 00:21:00
OP108415,W0193,Morning,C,44.0,1,2025-03-04 09:53:00
OP108417,W0464,Evening,A,40.0,0,2025-06-22 12:34:00
OP108418,W0384,Evening,B,40.0,1,2025-03-14 19:02:00
OP108424,W0016,Evening,B,9.0,1,2025-02-06 01:32:00
OP108429,W0279,Night,D,20.0,0,2025-02-08 03:14:00
OP108432,W0366,Evening,A,25.0,0,2025-01-30 17:53:00
OP108440,W0107,Morning,A,39.0,1,2025-05-18 11:32:00
OP108444,W0315,Evening,C,24.0,0,2025-05-01 00:40:00
OP108445,W0143,Night,D,46.0,1,2025-05-10 00:37:00
OP108447,W0223,Morning,E,30.0,0,2025-05-15 01:22:00
OP108451,W0138,Night,C,17.0,0,2025-01-14 16:24:00
OP108454,W0248,Night,B,8.0,0,2025-06-12 16:14:00
OP108455,W0464,Morning,E,37.0,0,2025-06-17 16:02:00
OP108456,W0414,Evening,C,29.0,0,2025-02-15 12:18:00
OP108457,W0418,Morning,D,37.0,0,2025-05-31 09:14:00
OP108459,W0008,Evening,C,3.0,1,2025-05-10 02:21:00
OP108462,W0455,Morning,A,19.0,0,2025-02-15 09:25:00
OP108464,W0243,Morning,E,22.0,0,2025-04-17 14:53:00
OP108465,W0436,Night,A,40.0,0,2025-03-24 08:27:00
OP108468,W0127,Evening,E,40.0,0,2025-01-12 01:35:00
OP108473,W0146,Night,D,42.0,0,2025-05-10 20:35:00
OP108474,W0341,Morning,E,16.0,0,2025-05-05 17:36:00
OP108475,W0397,Evening,B,8.0,0,2025-02-01 18:15:00
OP108476,W0256,Morning,B,40.0,0,2025-03-31 14:50:00
OP108477,W0125,Morning,C,43.0,0,2025-03-06 04:53:00
OP108478,W0233,Morning,C,36.0,0,2025-02-15 21:16:00
OP108484,W0171,Morning,D,22.0,0,2025-01-23 05:21:00
OP108489,W0426,Morning,D,43.0,0,2025-03-22 09:17:00
OP108491,W0351,Morning,C,37.0,0,2025-05-14 03:36:00
OP108492,W0422,Morning,B,3.0,0,2025-01-24 00:03:00
OP108493,W0276,Evening,B,37.0,0,2025-05-23 14:54:00
OP108495,W0304,Morning,D,7.0,0,2025-02-25 16:07:00
OP108497,W0328,Night,D,16.0,0,2025-03-03 22:29:00
OP108498,W0136,Night,D,16.0,0,2025-05-20 03:47:00
OP108500,W0378,Evening,B,2.0,1,2025-03-31 06:18:00
OP108501,W0351,Morning,D,46.0,0,2025-02-13 08:13:00
OP108504,W0158,Night,B,17.0,0,2025-01-05 00:42:00
OP108505,W0457,Morning,D,2.0,0,2025-05-27 15:54:00
OP108510,W0179,Evening,D,39.0,0,2025-03-06 03:50:00
OP108514,W0375,Night,B,1.0,0,2025-02-10 08:04:00
OP108516,W0373,Evening,A,46.0,0,2025-02-24 11:45:00
OP108518,W0072,Morning,C,29.0,0,2025-01-12 03:19:00
OP108522,W0237,Morning,D,24.0,0,2025-01-23 20:23:00
OP108524,W0096,Evening,D,6.0,0,2025-01-23 19:24:00
OP108525,W0452,Evening,E,11.0,0,2025-03-25 13:00:00
OP108527,W0379,Night,D,17.0,0,2025-04-14 12:08:00
OP108528,W0485,Night,A,6.0,0,2025-01-11 21:31:00
OP108529,W0124,Night,D,43.0,1,2025-06-08 00:19:00
OP108531,W0280,Morning,A,6.0,1,2025-05-30 08:32:00
OP108532,W0476,Evening,B,45.0,1,2025-02-16 03:07:00
OP108533,W0216,Morning,D,35.0,1,2025-03-17 02:35:00
OP108536,W0321,Evening,A,40.0,0,2025-02-09 08:30:00
OP108537,W0395,Morning,D,39.0,0,2025-02-07 03:15:00
OP108538,W0081,Evening,A,12.0,0,2025-04-16 20:50:00
OP108543,W0500,Morning,D,31.0,1,2025-04-03 17:48:00
OP108545,W0084,Morning,A,36.0,0,2025-03-31 19:50:00
OP108547,W0138,Evening,C,8.0,0,2025-06-09 03:38:00
OP108550,W0231,Morning,E,30.0,0,2025-01-01 21:53:00
OP108551,W0105,Evening,B,30.0,0,2025-02-13 07:09:00
OP108555,W0485,Morning,A,42.0,0,2025-06-10 11:31:00
OP108556,W0321,Evening,A,23.0,0,2025-02-20 12:29:00
OP108557,W0259,Night,A,30.0,0,2025-03-19 17:04:00
OP108559,W0137,Morning,B,43.0,1,2025-01-23 14:23:00
OP108564,W0361,Morning,D,45.0,0,2025-01-19 21:38:00
OP108567,W0407,Morning,B,30.0,1,2025-03-04 09:38:00
OP108568,W0444,Night,A,39.0,1,2025-01-06 15:43:00
OP108569,W0044,Evening,C,45.0,0,2025-01-19 19:46:00
OP108570,W0024,Morning,D,28.0,1,2025-06-08 18:53:00
OP108579,W0345,Evening,A,2.0,0,2025-01-12 01:10:00
OP108581,W0273,Night,E,27.0,0,2025-02-06 21:55:00
OP108582,W0036,Night,B,28.0,0,2025-02-05 08:41:00
OP108585,W0287,Evening,D,33.0,0,2025-03-15 05:19:00
OP108586,W0333,Night,B,30.0,0,2025-01-27 03:09:00
OP108587,W0257,Night,A,7.0,0,2025-05-10 17:18:00
OP108588,W0300,Night,E,31.0,1,2025-06-14 12:53:00
OP108591,W0224,Morning,B,23.0,0,2025-04-06 10:41:00
OP108595,W0478,Morning,D,33.0,0,2025-01-22 01:39:00
OP108600,W0200,Morning,D,45.0,1,2025-04-16 18:26:00
OP108601,W0264,Morning,C,31.0,0,2025-01-12 20:18:00
OP108603,W0209,Morning,A,15.0,0,2025-05-14 20:01:00
OP108604,W0065,Morning,D,24.0,1,2025-02-13 13:16:00
OP108608,W0188,Evening,B,3.0,0,2025-01-16 18:09:00
OP108609,W0105,Morning,C,38.0,1,2025-03-01 01:55:00
OP108611,W0184,Night,D,20.0,0,2025-03-25 19:39:00
OP108612,W0420,Morning,B,32.0,0,2025-02-17 19:09:00
OP108613,W0168,Morning,D,32.0,0,2025-01-22 18:35:00
OP108614,W0083,Morning,A,18.0,0,2025-01-05 02:51:00
OP108615,W0498,Night,E,36.0,1,2025-06-02 21:49:00
OP108616,W0172,Night,B,44.0,0,2025-02-08 06:09:00
OP108619,W0340,Night,E,33.0,0,2025-02-28 23:28:00
OP108626,W0053,Evening,C,6.0,0,2025-02-23 15:47:00
OP108631,W0310,Morning,B,21.0,0,2025-01-18 10:23:00
OP108635,W0406,Night,A,49.0,0,2025-03-04 07:26:00
OP108636,W0026,Morning,A,6.0,1,2025-02-07 08:01:00
OP108638,W0332,Night,A,38.0,0,2025-06-10 08:26:00
OP108639,W0152,Evening,A,20.0,0,2025-03-27 08:19:00
OP108640,W0330,Morning,B,4.0,0,2025-03-22 16:15:00
OP108641,W0181,Morning,B,4.0,0,2025-01-13 22:08:00
OP108644,W0236,Night,D,16.0,0,2025-04-02 10:19:00
OP108645,W0166,Morning,E,13.0,0,2025-05-25 04:21:00
OP108647,W0304,Night,B,21.0,0,2025-01-29 18:19:00
OP108651,W0129,Morning,D,31.0,0,2025-06-12 05:51:00
OP108652,W0019,Night,B,33.0,0,2025-03-27 04:15:00
OP108653,W0229,Evening,A,21.0,1,2025-01-28 06:13:00
OP108654,W0170,Morning,C,48.0,0,2025-05-21 23:49:00
OP108655,W0226,Morning,C,27.0,0,2025-02-26 00:43:00
OP108656,W0065,Morning,A,38.0,1,2025-05-23 08:52:00
OP108658,W0035,Night,C,28.0,0,2025-01-12 14:19:00
OP108659,W0122,Night,D,5.0,1,2025-02-15 20:18:00
OP108660,W0309,Morning,A,35.0,0,2025-04-25 02:31:00
OP108662,W0443,Morning,A,44.0,0,2025-04-12 09:42:00
OP108664,W0488,Evening,A,25.0,0,2025-01-23 12:01:00
OP108667,W0452,Night,C,26.0,0,2025-02-11 01:50:00
OP108668,W0415,Evening,A,24.0,0,2025-05-01 09:20:00
OP108670,W0290,Morning,A,3.0,0,2025-02-07 02:23:00
OP108672,W0375,Morning,A,37.0,0,2025-05-07 23:16:00
OP108675,W0472,Night,E,7.0,0,2025-06-14 23:37:00
OP108678,W0345,Morning,D,16.0,0,2025-04-10 20:39:00
OP108680,W0086,Night,B,30.0,1,2025-04-05 08:11:00
OP108681,W0494,Morning,E,49.0,1,2025-06-11 15:58:00
OP108683,W0179,Morning,B,30.0,0,2025-03-02 16:11:00
OP108685,W0167,Evening,E,28.0,0,2025-01-29 02:19:00
OP108687,W0121,Morning,A,22.0,0,2025-06-24 09:49:00
OP108690,W0325,Evening,A,40.0,0,2025-03-02 13:02:00
OP108691,W0454,Morning,C,1.0,0,2025-03-23 01:48:00
OP108692,W0233,Morning,A,29.0,0,2025-02-06 15:12:00
OP108694,W0168,Evening,C,29.0,0,2025-04-28 08:59:00
OP108695,W0142,Evening,A,1.0,0,2025-03-15 02:53:00
OP108697,W0131,Night,D,16.0,0,2025-05-05 04:27:00
OP108699,W0341,Evening,C,43.0,0,2025-04-30 23:58:00
OP108701,W0418,Morning,A,49.0,0,2025-03-29 08:50:00
OP108702,W0224,Morning,C,29.0,0,2025-05-18 12:17:00
OP108704,W0386,Morning,E,14.0,0,2025-01-20 10:55:00
OP108710,W0129,Morning,C,34.0,0,2025-01-20 14:30:00
OP108712,W0393,Morning,B,16.0,0,2025-05-30 14:16:00
OP108714,W0294,Morning,D,19.0,0,2025-05-08 14:36:00
OP108716,W0291,Morning,C,48.0,1,2025-06-15 00:23:00
OP108717,W0420,Morning,D,23.0,0,2025-03-31 17:58:00
OP108718,W0210,Night,B,6.0,1,2025-06-04 01:46:00
OP108720,W0315,Morning,C,19.0,0,2025-01-03 03:44:00
OP108721,W0044,Night,E,33.0,0,2025-01-09 08:11:00
OP108722,W0274,Morning,C,28.0,0,2025-01-27 13:42:00
OP108726,W0025,Night,E,8.0,1,2025-04-30 16:50:00
OP108728,W0152,Morning,D,40.0,0,2025-02-21 13:21:00
OP108731,W0182,Morning,E,22.0,0,2025-03-16 07:11:00
OP108733,W0342,Night,C,24.0,0,2025-04-24 11:56:00
OP108737,W0206,Night,C,2.0,0,2025-04-22 07:53:00
OP108739,W0330,Morning,E,49.0,0,2025-02-19 01:00:00
OP108740,W0187,Night,A,12.0,0,2025-03-01 00:58:00
OP108742,W0176,Morning,B,1.0,1,2025-01-28 23:43:00
OP108748,W0430,Evening,D,36.0,0,2025-04-25 03:56:00
OP108750,W0225,Morning,E,13.0,0,2025-03-17 12:18:00
OP108751,W0467,Evening,E,45.0,0,2025-01-16 16:34:00
OP108753,W0104,Night,E,22.0,1,2025-01-07 22:43:00
OP108754,W0293,Morning,D,7.0,1,2025-01-12 18:15:00
OP108756,W0398,Morning,A,23.0,0,2025-03-02 05:36:00
OP108757,W0321,Morning,B,12.0,0,2025-05-31 19:37:00
OP108759,W0260,Morning,C,12.0,0,2025-01-05 16:56:00
OP108761,W0471,Morning,E,12.0,1,2025-01-20 18:04:00
OP108769,W0148,Night,C,28.0,0,2025-05-11 07:30:00
OP108771,W0391,Evening,E,2.0,1,2025-03-25 09:45:00
OP108773,W0249,Morning,D,42.0,0,2025-03-14 18:05:00
OP108774,W0364,Evening,D,19.0,0,2025-01-17 21:52:00
OP108775,W0401,Night,E,16.0,0,2025-01-17 21:42:00
OP108792,W0316,Morning,B,31.0,0,2025-01-30 06:15:00
OP108793,W0250,Evening,B,20.0,0,2025-05-30 20:11:00
OP108803,W0204,Evening,B,40.0,0,2025-05-02 22:06:00
OP108806,W0177,Morning,D,7.0,0,2025-01-25 11:53:00
OP108808,W0340,Morning,C,36.0,0,2025-05-23 05:06:00
OP108809,W0333,Night,E,49.0,0,2025-03-17 11:32:00
OP108811,W0192,Evening,C,46.0,0,2025-05-31 18:31:00
OP108812,W0198,Evening,B,43.0,0,2025-05-05 11:24:00
OP108813,W0179,Morning,C,34.0,0,2025-06-22 06:58:00
OP108814,W0059,Morning,E,47.0,0,2025-05-01 23:09:00
OP108818,W0119,Morning,A,31.0,0,2025-01-24 14:25:00
OP108819,W0461,Night,B,3.0,0,2025-02-24 20:34:00
OP108820,W0106,Night,E,25.0,0,2025-03-09 16:06:00
OP108821,W0135,Morning,A,10.0,0,2025-06-20 15:02:00
OP108822,W0241,Evening,B,6.0,0,2025-04-09 21:13:00
OP108823,W0270,Morning,C,32.0,0,2025-02-10 07:10:00
OP108824,W0014,Evening,D,8.0,0,2025-01-11 06:52:00
OP108825,W0456,Night,C,48.0,0,2025-04-27 00:31:00
OP108826,W0015,Morning,D,20.0,0,2025-02-19 16:22:00
OP108827,W0133,Evening,D,41.0,0,2025-02-21 01:36:00
OP108830,W0360,Morning,B,19.0,0,2025-04-01 08:26:00
OP108831,W0253,Evening,E,12.0,0,2025-04-21 19:16:00
OP108833,W0451,Evening,D,47.0,0,2025-06-20 16:14:00
OP108835,W0056,Evening,A,25.0,0,2025-01-19 18:33:00
OP108836,W0134,Evening,C,45.0,0,2025-03-19 21:41:00
OP108837,W0042,Night,A,10.0,0,2025-05-22 05:29:00
OP108839,W0194,Night,D,17.0,0,2025-04-27 16:23:00
OP108841,W0230,Evening,E,30.0,0,2025-01-29 13:47:00
OP108842,W0194,Morning,B,12.0,0,2025-02-12 06:14:00
OP108843,W0261,Night,C,47.0,0,2025-03-14 16:47:00
OP108844,W0371,Morning,C,46.0,1,2025-04-13 11:36:00
OP108846,W0078,Night,A,41.0,1,2025-06-26 18:08:00
OP108849,W0403,Night,A,44.0,0,2025-04-22 05:08:00
OP108850,W0010,Night,B,8.0,0,2025-01-30 23:01:00
OP108852,W0325,Night,B,39.0,0,2025-06-04 13:56:00
OP108853,W0088,Morning,D,48.0,0,2025-01-18 13:42:00
OP108854,W0176,Morning,D,2.0,0,2025-05-23 19:22:00
OP108855,W0464,Evening,D,41.0,0,2025-05-25 17:40:00
OP108857,W0193,Morning,B,11.0,0,2025-02-16 18:50:00
OP108863,W0017,Morning,D,14.0,0,2025-05-25 04:44:00
OP108865,W0003,Morning,C,23.0,0,2025-03-13 14:31:00
OP108866,W0122,Evening,C,12.0,0,2025-06-18 18:13:00
OP108870,W0401,Night,D,4.0,0,2025-06-27 15:41:00
OP108871,W0083,Evening,A,25.0,0,2025-01-11 16:24:00
OP108872,W0182,Morning,D,18.0,0,2025-02-02 03:05:00
OP108873,W0132,Night,C,43.0,0,2025-05-19 03:32:00
OP108874,W0085,Evening,E,16.0,1,2025-06-04 04:36:00
OP108880,W0435,Evening,E,16.0,0,2025-03-19 20:04:00
OP108882,W0114,Morning,A,47.0,0,2025-06-19 22:04:00
OP108883,W0472,Morning,A,36.0,1,2025-03-13 15:49:00
OP108885,W0203,Night,B,20.0,0,2025-06-26 09:19:00
OP108888,W0076,Evening,E,8.0,0,2025-05-21 20:58:00
OP108891,W0186,Night,C,20.0,0,2025-01-08 21:24:00
OP108893,W0267,Morning,B,33.0,0,2025-05-21 19:25:00
OP108895,W0097,Night,A,2.0,0,2025-06-05 01:43:00
OP108896,W0349,Night,E,36.0,0,2025-04-09 18:12:00
OP108897,W0172,Night,B,30.0,1,2025-04-26 06:52:00
OP108899,W0164,Evening,C,46.0,0,2025-05-06 01:48:00
OP108901,W0166,Morning,B,9.0,0,2025-05-19 15:14:00
OP108902,W0299,Morning,C,45.0,1,2025-04-08 16:26:00
OP108904,W0199,Morning,D,21.0,0,2025-04-13 11:31:00
OP108905,W0153,Morning,D,41.0,0,2025-05-31 06:21:00
OP108907,W0126,Evening,B,45.0,0,2025-02-15 16:38:00
OP108909,W0162,Night,E,29.0,0,2025-01-25 05:04:00
OP108911,W0055,Night,D,37.0,0,2025-02-28 18:15:00
OP108912,W0205,Night,E,5.0,0,2025-03-12 11:52:00
OP108913,W0320,Morning,A,8.0,1,2025-06-21 05:49:00
OP108914,W0370,Morning,C,40.0,0,2025-03-24 03:42:00
OP108917,W0293,Night,C,42.0,1,2025-03-24 18:06:00
OP108920,W0131,Evening,E,29.0,0,2025-05-13 16:36:00
OP108921,W0042,Evening,C,32.0,1,2025-01-17 02:55:00
OP108923,W0206,Evening,C,21.0,0,2025-01-26 16:07:00
OP108925,W0346,Morning,B,34.0,0,2025-04-30 08:32:00
OP108926,W0361,Evening,A,40.0,0,2025-04-15 18:12:00
OP108927,W0425,Evening,D,45.0,0,2025-02-03 19:00:00
OP108930,W0144,Night,C,17.0,0,2025-04-23 21:06:00
OP108931,W0398,Morning,A,46.0,0,2025-05-24 16:00:00
OP108935,W0220,Morning,B,41.0,0,2025-06-04 12:27:00
OP108937,W0387,Morning,C,8.0,1,2025-05-28 11:30:00
OP108940,W0112,Morning,A,5.0,1,2025-06-24 02:30:00
OP108941,W0008,Night,A,26.0,0,2025-01-16 23:51:00
OP108942,W0396,Morning,A,30.0,0,2025-04-03 19:27:00
OP108947,W0046,Morning,A,46.0,0,2025-02-13 22:26:00
OP108948,W0401,Evening,B,2.0,0,2025-02-11 16:17:00
OP108949,W0423,Morning,B,26.0,1,2025-05-25 06:43:00
OP108956,W0282,Evening,C,20.0,0,2025-03-04 00:37:00
OP108959,W0152,Evening,D,8.0,0,2025-02-05 01:31:00
OP108962,W0089,Morning,C,31.0,0,2025-02-03 21:42:00
OP108964,W0158,Evening,B,48.0,0,2025-02-21 21:09:00
OP108968,W0104,Night,A,47.0,0,2025-02-12 14:56:00
OP108970,W0021,Morning,B,32.0,1,2025-01-22 08:36:00
OP108972,W0038,Morning,E,35.0,0,2025-02-24 19:34:00
OP108976,W0122,Morning,C,32.0,1,2025-01-03 01:31:00
OP108977,W0401,Night,C,21.0,0,2025-06-16 01:29:00
OP108978,W0031,Morning,E,25.0,1,2025-04-02 13:02:00
OP108980,W0045,Night,B,32.0,0,2025-04-19 16:26:00
OP108982,W0022,Morning,B,30.0,1,2025-01-11 21:23:00
OP108986,W0298,Morning,D,14.0,0,2025-01-16 23:54:00
OP108987,W0066,Morning,B,45.0,0,2025-01-07 15:35:00
OP108992,W0230,Morning,C,44.0,0,2025-05-02 10:40:00
OP108994,W0171,Morning,A,35.0,0,2025-03-12 16:12:00
OP108995,W0390,Night,A,43.0,0,2025-06-29 12:06:00
OP108996,W0356,Evening,C,39.0,0,2025-03-17 18:18:00
OP108998,W0131,Night,E,17.0,0,2025-02-27 22:43:00
OP108999,W0290,Morning,C,21.0,0,2025-02-06 22:24:00
OP109000,W0121,Morning,E,25.0,0,2025-01-15 02:17:00
OP109004,W0053,Morning,A,18.0,0,2025-05-29 18:08:00
OP109006,W0068,Morning,C,15.0,0,2025-06-09 02:49:00
OP109009,W0122,Evening,D,26.0,0,2025-06-13 14:38:00
OP109012,W0067,Night,E,36.0,1,2025-03-13 04:51:00
OP109017,W0198,Night,B,1.0,1,2025-03-21 08:24:00
OP109021,W0393,Morning,A,43.0,1,2025-01-18 17:28:00
OP109022,W0456,Morning,E,8.0,0,2025-03-24 07:50:00
OP109023,W0046,Evening,C,48.0,0,2025-03-31 03:02:00
OP109025,W0182,Morning,C,2.0,0,2025-02-14 12:06:00
OP109028,W0107,Evening,B,13.0,0,2025-05-15 04:47:00
OP109031,W0055,Morning,E,37.0,0,2025-03-29 07:51:00
OP109039,W0443,Morning,C,11.0,0,2025-03-29 20:08:00
OP109041,W0441,Evening,D,45.0,0,2025-06-05 12:33:00
OP109050,W0330,Morning,B,36.0,0,2025-06-25 05:57:00
OP109052,W0432,Evening,D,25.0,1,2025-01-25 20:43:00
OP109053,W0251,Evening,A,14.0,0,2025-04-16 18:57:00
OP109059,W0236,Evening,D,9.0,1,2025-01-18 16:36:00
OP109064,W0460,Night,D,42.0,1,2025-04-12 05:51:00
OP109069,W0389,Night,B,38.0,0,2025-05-23 00:34:00
OP109071,W0004,Evening,C,23.0,0,2025-04-01 02:08:00
OP109072,W0463,Evening,D,1.0,1,2025-03-10 15:15:00
OP109073,W0498,Morning,A,14.0,0,2025-04-22 06:15:00
OP109075,W0200,Night,A,6.0,0,2025-06-01 17:23:00
OP109077,W0112,Morning,B,9.0,0,2025-01-06 06:26:00
OP109078,W0096,Morning,D,5.0,0,2025-03-30 02:31:00
OP109081,W0044,Evening,B,48.0,0,2025-03-02 08:16:00
OP109086,W0407,Morning,B,30.0,1,2025-05-24 10:36:00
OP109088,W0249,Night,C,17.0,1,2025-04-03 10:36:00
OP109091,W0278,Morning,C,26.0,0,2025-02-04 05:39:00
OP109092,W0328,Evening,D,28.0,0,2025-01-04 06:52:00
OP109093,W0407,Evening,C,48.0,1,2025-02-24 07:46:00
OP109094,W0284,Night,C,46.0,0,2025-04-06 16:04:00
OP109095,W0018,Night,B,20.0,0,2025-06-20 12:32:00
OP109097,W0177,Morning,C,46.0,1,2025-06-24 08:35:00
OP109099,W0264,Evening,D,40.0,0,2025-02-20 00:29:00
OP109100,W0030,Morning,C,30.0,0,2025-04-03 07:22:00
OP109102,W0344,Morning,E,11.0,0,2025-06-20 19:25:00
OP109105,W0065,Morning,A,26.0,0,2025-05-14 09:36:00
OP109107,W0056,Evening,C,39.0,0,2025-03-30 11:57:00
OP109113,W0194,Morning,C,31.0,1,2025-03-02 18:32:00
OP109116,W0400,Night,B,4.0,1,2025-01-02 18:22:00
OP109117,W0265,Morning,B,30.0,0,2025-06-01 17:07:00
OP109120,W0357,Morning,C,35.0,1,2025-06-07 20:30:00
OP109123,W0326,Night,D,20.0,0,2025-05-02 12:24:00
OP109124,W0207,Night,B,40.0,1,2025-03-19 14:31:00
OP109126,W0157,Morning,A,47.0,1,2025-05-27 06:15:00
OP109127,W0221,Morning,E,5.0,0,2025-06-18 14:36:00
OP109134,W0478,Evening,C,2.0,1,2025-04-01 23:07:00
OP109138,W0362,Morning,C,18.0,1,2025-04-14 14:27:00
OP109142,W0417,Night,C,14.0,0,2025-02-06 11:24:00
OP109143,W0319,Night,D,23.0,0,2025-01-21 17:52:00
OP109144,W0292,Morning,E,2.0,0,2025-04-07 20:23:00
OP109148,W0281,Night,C,49.0,1,2025-02-05 01:26:00
OP109149,W0072,Evening,C,15.0,0,2025-04-21 18:25:00
OP109153,W0023,Night,C,46.0,1,2025-05-01 00:48:00
OP109157,W0153,Night,E,22.0,1,2025-02-04 00:01:00
OP109158,W0125,Night,B,30.0,0,2025-04-16 01:45:00
OP109161,W0477,Morning,A,9.0,0,2025-05-29 18:35:00
OP109162,W0352,Evening,A,49.0,1,2025-02-23 03:26:00
OP109163,W0329,Morning,E,26.0,0,2025-03-12 16:13:00
OP109169,W0004,Morning,E,34.0,0,2025-03-31 03:57:00
OP109171,W0137,Morning,B,39.0,0,2025-01-21 07:52:00
OP109173,W0067,Night,D,31.0,1,2025-04-23 01:49:00
OP109174,W0125,Morning,C,9.0,1,2025-03-09 07:15:00
OP109176,W0350,Evening,B,22.0,0,2025-05-29 20:13:00
OP109177,W0285,Night,B,5.0,0,2025-02-06 06:37:00
OP109179,W0053,Morning,D,35.0,0,2025-04-18 10:05:00
OP109180,W0204,Morning,E,5.0,0,2025-02-19 08:43:00
OP109184,W0409,Night,E,9.0,0,2025-02-18 04:37:00
OP109189,W0409,Morning,E,45.0,0,2025-03-30 06:47:00
OP109193,W0372,Night,E,15.0,0,2025-04-12 08:29:00
OP109194,W0248,Morning,E,43.0,0,2025-01-25 20:18:00
OP109196,W0133,Evening,D,12.0,0,2025-01-20 00:50:00
OP109197,W0479,Morning,B,16.0,1,2025-01-08 02:34:00
OP109198,W0285,Morning,E,49.0,0,2025-01-14 14:51:00
OP109199,W0478,Night,C,42.0,0,2025-04-24 09:56:00
OP109202,W0058,Evening,B,2.0,1,2025-02-12 06:44:00
OP109203,W0342,Morning,C,39.0,0,2025-05-17 12:41:00
OP109204,W0288,Night,C,28.0,0,2025-03-17 19:39:00
OP109205,W0269,Evening,C,48.0,1,2025-05-20 18:48:00
OP109206,W0489,Evening,C,42.0,1,2025-03-12 17:56:00
OP109207,W0247,Evening,D,36.0,0,2025-06-07 23:00:00
OP109208,W0117,Morning,B,41.0,0,2025-01-11 04:18:00
OP109209,W0297,Morning,C,43.0,1,2025-04-02 01:09:00
OP109211,W0022,Night,C,23.0,0,2025-06-22 23:02:00
OP109212,W0305,Morning,A,41.0,0,2025-04-15 00:26:00
OP109213,W0197,Morning,D,12.0,0,2025-03-07 03:54:00
OP109214,W0500,Evening,B,31.0,0,2025-04-17 03:08:00
OP109215,W0106,Morning,C,43.0,1,2025-04-11 01:17:00
OP109216,W0432,Morning,A,25.0,0,2025-05-13 09:12:00
OP109217,W0394,Morning,A,20.0,0,2025-01-01 01:18:00
OP109222,W0279,Evening,D,15.0,0,2025-03-20 11:38:00
OP109224,W0006,Morning,A,6.0,0,2025-06-07 19:06:00
OP109227,W0205,Morning,C,45.0,0,2025-04-30 10:22:00
OP109228,W0060,Morning,D,47.0,0,2025-01-05 09:58:00
OP109229,W0403,Morning,B,5.0,1,2025-03-26 15:18:00
OP109232,W0164,Evening,C,39.0,0,2025-04-03 21:32:00
OP109234,W0143,Evening,C,22.0,0,2025-01-27 03:05:00
OP109235,W0206,Evening,A,22.0,1,2025-02-15 03:26:00
OP109238,W0093,Morning,E,31.0,0,2025-04-06 05:05:00
OP109239,W0111,Morning,D,24.0,1,2025-05-12 00:24:00
OP109244,W0461,Night,B,45.0,0,2025-04-15 07:28:00
OP109245,W0379,Morning,A,7.0,0,2025-06-13 22:02:00
OP109248,W0469,Morning,A,23.0,0,2025-01-20 21:27:00
OP109249,W0239,Morning,B,26.0,1,2025-04-02 22:34:00
OP109260,W0177,Morning,C,41.0,1,2025-06-11 13:23:00
OP109262,W0258,Morning,A,49.0,0,2025-06-15 13:39:00
OP109265,W0043,Night,C,9.0,1,2025-01-06 13:03:00
OP109266,W0333,Night,B,41.0,0,2025-01-14 10:23:00
OP109269,W0226,Night,C,6.0,1,2025-03-17 06:03:00
OP109270,W0230,Morning,B,32.0,0,2025-03-24 06:18:00
OP109271,W0089,Night,A,15.0,1,2025-06-27 09:01:00
OP109272,W0079,Morning,A,28.0,0,2025-01-27 02:11:00
OP109274,W0405,Evening,C,43.0,0,2025-05-20 20:56:00
OP109280,W0424,Morning,C,39.0,1,2025-04-26 09:13:00
OP109283,W0032,Morning,D,22.0,1,2025-03-27 11:46:00
OP109284,W0204,Morning,E,4.0,0,2025-03-12 08:01:00
OP109285,W0392,Morning,C,27.0,0,2025-02-26 00:14:00
OP109287,W0019,Night,B,8.0,1,2025-06-01 23:50:00
OP109289,W0021,Evening,B,9.0,1,2025-05-07 04:15:00
OP109293,W0143,Night,D,25.0,1,2025-01-24 05:49:00
OP109295,W0059,Night,D,31.0,0,2025-03-17 09:10:00
OP109297,W0251,Night,E,37.0,0,2025-04-27 21:09:00
OP109299,W0048,Morning,A,49.0,0,2025-05-06 18:51:00
OP109302,W0064,Morning,A,49.0,0,2025-05-10 23:30:00
OP109303,W0293,Morning,C,18.0,0,2025-05-04 07:42:00
OP109306,W0385,Night,E,34.0,0,2025-06-07 16:10:00
OP109307,W0425,Morning,B,47.0,0,2025-05-03 02:06:00
OP109309,W0420,Morning,B,23.0,0,2025-06-17 09:56:00
OP109310,W0470,Morning,D,31.0,0,2025-02-15 09:48:00
OP109312,W0331,Morning,B,24.0,0,2025-01-24 14:33:00
OP109313,W0099,Night,A,26.0,1,2025-04-21 19:07:00
OP109316,W0459,Evening,D,42.0,0,2025-05-09 08:18:00
OP109317,W0116,Evening,D,17.0,0,2025-01-11 20:47:00
OP109319,W0401,Night,B,2.0,1,2025-04-07 20:17:00
OP109320,W0076,Evening,E,24.0,0,2025-03-01 05:34:00
OP109322,W0039,Night,D,45.0,1,2025-01-24 23:27:00
OP109325,W0249,Morning,B,43.0,0,2025-06-07 13:14:00
OP109326,W0499,Morning,D,36.0,0,2025-02-02 11:30:00
OP109330,W0456,Evening,D,2.0,0,2025-02-01 04:10:00
OP109332,W0437,Night,E,10.0,0,2025-01-12 02:03:00
OP109334,W0187,Morning,C,35.0,0,2025-03-08 10:33:00
OP109335,W0186,Evening,A,17.0,0,2025-05-26 04:09:00
OP109336,W0466,Night,A,6.0,0,2025-02-11 07:59:00
OP109337,W0346,Evening,A,40.0,1,2025-04-28 03:02:00
OP109342,W0245,Night,B,46.0,0,2025-06-10 13:34:00
OP109347,W0297,Night,C,22.0,0,2025-01-01 17:29:00
OP109348,W0012,Evening,D,3.0,1,2025-06-18 03:19:00
OP109350,W0345,Evening,C,43.0,1,2025-01-11 03:22:00
OP109351,W0032,Morning,B,16.0,0,2025-05-01 23:49:00
OP109353,W0041,Morning,A,34.0,0,2025-04-14 00:07:00
OP109354,W0138,Night,B,28.0,0,2025-04-04 13:51:00
OP109358,W0014,Evening,D,38.0,0,2025-04-22 05:30:00
OP109361,W0259,Morning,C,34.0,0,2025-04-17 05:19:00
OP109362,W0075,Morning,A,36.0,0,2025-03-03 00:00:00
OP109363,W0400,Evening,B,41.0,0,2025-02-07 19:28:00
OP109364,W0142,Evening,B,46.0,0,2025-05-22 17:26:00
OP109366,W0299,Night,C,17.0,1,2025-03-16 02:48:00
OP109372,W0167,Morning,A,43.0,0,2025-02-17 03:56:00
OP109373,W0350,Night,C,37.0,0,2025-01-14 04:28:00
OP109375,W0477,Night,D,13.0,0,2025-01-28 04:02:00
OP109379,W0184,Morning,A,8.0,0,2025-05-28 20:28:00
OP109380,W0466,Morning,E,49.0,0,2025-02-04 08:57:00
OP109381,W0254,Morning,D,46.0,1,2025-06-25 17:31:00
OP109382,W0072,Morning,B,17.0,0,2025-03-15 04:59:00
OP109383,W0336,Night,C,12.0,0,2025-04-22 13:45:00
OP109384,W0108,Night,B,42.0,0,2025-02-21 01:54:00
OP109387,W0115,Morning,D,17.0,0,2025-05-22 04:35:00
OP109388,W0464,Night,A,12.0,0,2025-06-06 22:28:00
OP109389,W0228,Evening,E,17.0,0,2025-05-27 12:37:00
OP109390,W0049,Evening,C,49.0,0,2025-01-30 07:40:00
OP109391,W0156,Morning,B,6.0,0,2025-06-10 05:21:00
OP109395,W0174,Night,A,23.0,1,2025-03-28 07:32:00
OP109396,W0209,Night,A,17.0,0,2025-01-24 23:53:00
OP109398,W0352,Morning,C,15.0,0,2025-03-14 10:57:00
OP109403,W0464,Night,E,35.0,1,2025-03-23 00:46:00
OP109405,W0046,Morning,D,31.0,0,2025-04-11 04:08:00
OP109407,W0088,Night,C,1.0,0,2025-03-18 09:19:00
OP109413,W0170,Night,C,41.0,0,2025-03-16 06:57:00
OP109415,W0044,Evening,E,30.0,0,2025-02-06 00:39:00
OP109419,W0433,Night,E,27.0,0,2025-03-08 22:08:00
OP109420,W0414,Evening,C,36.0,0,2025-06-23 07:54:00
OP109423,W0336,Morning,A,4.0,0,2025-05-06 03:03:00
OP109424,W0183,Evening,D,41.0,0,2025-05-18 03:16:00
OP109429,W0349,Evening,B,23.0,0,2025-05-07 01:53:00
OP109431,W0381,Evening,A,9.0,0,2025-06-14 23:12:00
OP109432,W0497,Night,C,14.0,0,2025-02-28 06:38:00
OP109436,W0129,Night,C,22.0,0,2025-03-18 22:30:00
OP109440,W0312,Night,A,2.0,0,2025-05-21 16:18:00
OP109442,W0104,Evening,C,48.0,0,2025-01-30 13:02:00
OP109443,W0241,Night,B,25.0,0,2025-06-10 08:30:00
OP109447,W0425,Morning,E,8.0,0,2025-05-21 07:55:00
OP109449,W0272,Morning,B,9.0,0,2025-03-20 13:45:00
OP109450,W0027,Evening,B,42.0,0,2025-04-16 09:38:00
OP109453,W0123,Night,B,48.0,1,2025-02-01 20:12:00
OP109455,W0365,Night,D,10.0,0,2025-01-07 01:11:00
OP109456,W0450,Morning,D,34.0,1,2025-02-07 03:21:00
OP109457,W0079,Morning,E,15.0,0,2025-05-11 16:36:00
OP109458,W0243,Night,D,7.0,0,2025-04-16 13:31:00
OP109459,W0373,Night,D,40.0,0,2025-06-10 07:28:00
OP109460,W0069,Morning,A,2.0,0,2025-06-13 12:01:00
OP109462,W0141,Evening,A,42.0,0,2025-06-26 19:44:00
OP109463,W0465,Morning,C,7.0,0,2025-03-22 15:59:00
OP109467,W0056,Morning,D,15.0,0,2025-05-06 07:38:00
OP109470,W0215,Evening,E,23.0,0,2025-04-25 21:16:00
OP109472,W0016,Morning,C,3.0,0,2025-03-13 18:39:00
OP109473,W0469,Morning,D,45.0,0,2025-02-16 00:12:00
OP109474,W0144,Evening,B,46.0,0,2025-05-10 21:40:00
OP109475,W0030,Night,D,30.0,1,2025-06-01 12:52:00
OP109476,W0269,Morning,E,2.0,0,2025-04-09 21:12:00
OP109481,W0307,Night,D,13.0,1,2025-02-02 21:48:00
OP109482,W0012,Morning,C,32.0,1,2025-01-14 04:53:00
OP109484,W0002,Night,C,19.0,0,2025-05-14 04:58:00
OP109485,W0478,Morning,C,33.0,0,2025-01-29 07:19:00
OP109486,W0090,Morning,D,6.0,0,2025-06-17 17:59:00
OP109488,W0068,Evening,A,37.0,0,2025-02-01 13:55:00
OP109489,W0433,Morning,C,15.0,0,2025-05-18 13:13:00
OP109490,W0413,Morning,D,49.0,0,2025-01-19 15:56:00
OP109491,W0283,Morning,D,36.0,0,2025-03-10 23:59:00
OP109492,W0160,Evening,E,31.0,1,2025-03-27 04:42:00
OP109493,W0364,Morning,E,39.0,1,2025-05-02 09:23:00
OP109496,W0013,Morning,D,4.0,0,2025-04-24 18:42:00
OP109497,W0134,Morning,C,18.0,1,2025-06-27 07:23:00
OP109498,W0349,Morning,A,26.0,0,2025-06-12 07:37:00
OP109499,W0109,Night,C,46.0,0,2025-02-01 07:46:00
OP109500,W0088,Morning,D,38.0,1,2025-03-12 03:37:00
OP109501,W0140,Night,B,19.0,0,2025-04-22 09:16:00
OP109502,W0016,Evening,A,45.0,1,2025-02-09 01:26:00
OP109508,W0350,Night,A,32.0,0,2025-05-30 10:23:00
OP109509,W0217,Morning,D,25.0,0,2025-03-11 18:03:00
OP109516,W0083,Evening,A,15.0,1,2025-05-14 22:51:00
OP109518,W0389,Morning,B,6.0,1,2025-05-05 16:32:00
OP109528,W0180,Morning,E,25.0,0,2025-03-22 19:21:00
OP109531,W0471,Night,E,33.0,0,2025-04-25 09:10:00
OP109534,W0288,Evening,B,9.0,0,2025-02-28 01:27:00
OP109536,W0395,Evening,D,8.0,0,2025-04-07 22:30:00
OP109538,W0178,Evening,B,3.0,1,2025-04-21 22:56:00
OP109539,W0121,Morning,B,20.0,0,2025-01-05 00:31:00
OP109545,W0432,Night,C,12.0,0,2025-01-06 08:14:00
OP109548,W0221,Night,E,43.0,0,2025-02-22 06:10:00
OP109549,W0367,Morning,A,35.0,0,2025-06-09 12:00:00
OP109550,W0275,Night,A,27.0,1,2025-01-26 12:33:00
OP109551,W0493,Morning,C,16.0,0,2025-01-12 06:46:00
OP109553,W0339,Morning,B,47.0,0,2025-01-15 16:40:00
OP109556,W0032,Night,C,12.0,0,2025-05-25 21:28:00
OP109558,W0393,Morning,E,43.0,0,2025-03-06 21:58:00
OP109559,W0306,Morning,A,31.0,1,2025-05-22 02:17:00
OP109562,W0317,Evening,A,20.0,1,2025-01-15 17:45:00
OP109563,W0219,Morning,B,11.0,0,2025-01-17 02:32:00
OP109564,W0238,Morning,C,28.0,0,2025-02-22 21:45:00
OP109565,W0198,Morning,E,16.0,1,2025-01-10 09:59:00
OP109567,W0197,Evening,A,39.0,0,2025-05-12 14:51:00
OP109568,W0403,Night,A,30.0,0,2025-01-05 08:42:00
OP109570,W0447,Evening,A,32.0,1,2025-04-29 18:13:00
OP109572,W0190,Night,A,36.0,0,2025-04-14 02:56:00
OP109573,W0203,Evening,A,8.0,0,2025-03-22 08:20:00
OP109575,W0222,Night,C,15.0,0,2025-01-06 07:50:00
OP109577,W0051,Morning,E,20.0,0,2025-06-07 20:29:00
OP109579,W0378,Morning,D,11.0,0,2025-05-31 13:14:00
OP109581,W0399,Morning,C,35.0,0,2025-01-26 06:23:00
OP109582,W0490,Morning,A,18.0,1,2025-05-05 00:16:00
OP109585,W0041,Evening,E,7.0,0,2025-02-13 10:01:00
OP109588,W0440,Night,B,1.0,0,2025-03-04 00:46:00
OP109591,W0439,Morning,E,23.0,0,2025-01-29 02:35:00
OP109593,W0145,Evening,B,36.0,0,2025-06-20 18:25:00
OP109594,W0366,Evening,D,19.0,1,2025-02-27 02:37:00
OP109596,W0297,Evening,E,29.0,0,2025-03-22 07:58:00
OP109597,W0090,Morning,D,42.0,0,2025-04-05 11:15:00
OP109599,W0364,Evening,B,20.0,0,2025-02-03 23:08:00
OP109601,W0414,Evening,B,41.0,1,2025-02-25 15:11:00
OP109603,W0012,Evening,D,31.0,0,2025-04-29 04:55:00
OP109606,W0043,Night,C,14.0,0,2025-04-06 02:17:00
OP109607,W0178,Evening,E,3.0,0,2025-05-19 21:37:00
OP109609,W0466,Night,E,41.0,0,2025-01-03 22:59:00
OP109610,W0325,Morning,C,4.0,0,2025-02-18 08:51:00
OP109612,W0050,Night,B,34.0,0,2025-04-18 04:09:00
OP109615,W0302,Morning,A,41.0,0,2025-05-04 03:19:00
OP109617,W0083,Morning,D,7.0,0,2025-05-10 15:39:00
OP109619,W0059,Morning,C,18.0,0,2025-01-24 00:32:00
OP109624,W0266,Morning,A,8.0,1,2025-06-06 01:20:00
OP109625,W0230,Night,D,3.0,0,2025-03-10 02:31:00
OP109627,W0152,Morning,E,36.0,0,2025-05-02 11:05:00
OP109629,W0159,Morning,A,24.0,1,2025-05-07 20:29:00
OP109630,W0454,Evening,B,42.0,1,2025-04-04 07:11:00
OP109632,W0307,Morning,A,38.0,0,2025-02-27 12:44:00
OP109633,W0187,Morning,B,13.0,0,2025-03-02 23:16:00
OP109638,W0003,Morning,D,24.0,1,2025-05-09 21:26:00
OP109642,W0412,Evening,D,48.0,0,2025-06-05 07:22:00
OP109643,W0339,Morning,C,35.0,0,2025-06-21 03:57:00
OP109645,W0468,Night,B,9.0,0,2025-05-03 13:25:00
OP109646,W0175,Morning,C,36.0,0,2025-02-05 11:52:00
OP109648,W0466,Night,C,32.0,0,2025-06-09 10:54:00
OP109651,W0134,Morning,A,8.0,0,2025-05-03 13:16:00
OP109653,W0438,Night,B,4.0,1,2025-03-27 10:49:00
OP109655,W0225,Evening,B,37.0,0,2025-06-19 16:31:00
OP109656,W0457,Night,E,49.0,0,2025-05-06 00:41:00
OP109658,W0383,Morning,C,11.0,0,2025-03-14 05:52:00
OP109659,W0008,Evening,D,44.0,0,2025-01-22 16:33:00
OP109660,W0090,Morning,D,31.0,1,2025-04-07 10:37:00
OP109662,W0305,Morning,D,19.0,0,2025-02-11 21:58:00
OP109663,W0081,Night,E,11.0,1,2025-03-06 23:14:00
OP109664,W0237,Evening,A,7.0,1,2025-06-21 09:19:00
OP109668,W0060,Evening,D,19.0,0,2025-06-22 12:38:00
OP109671,W0045,Morning,B,21.0,0,2025-01-25 17:13:00
OP109672,W0103,Night,B,25.0,0,2025-01-20 05:10:00
OP109675,W0124,Night,E,49.0,1,2025-06-16 03:20:00
OP109679,W0153,Morning,D,4.0,0,2025-03-31 03:01:00
OP109681,W0431,Evening,A,14.0,1,2025-02-22 01:41:00
OP109685,W0255,Morning,A,14.0,0,2025-05-06 02:08:00
OP109690,W0034,Night,B,22.0,0,2025-06-28 18:17:00
OP109691,W0275,Morning,E,23.0,0,2025-02-12 05:22:00
OP109694,W0337,Evening,D,21.0,1,2025-03-04 01:32:00
OP109696,W0107,Morning,C,34.0,0,2025-05-10 17:31:00
OP109697,W0112,Night,C,30.0,1,2025-04-10 06:16:00
OP109698,W0003,Morning,D,23.0,0,2025-02-10 02:18:00
OP109701,W0210,Morning,D,17.0,1,2025-03-26 14:12:00
OP109705,W0147,Morning,B,7.0,1,2025-01-24 00:52:00
OP109708,W0309,Evening,D,14.0,0,2025-02-11 04:08:00
OP109710,W0065,Evening,E,18.0,0,2025-02-06 06:07:00
OP109712,W0194,Night,D,16.0,0,2025-04-08 14:53:00
OP109713,W0317,Morning,D,24.0,0,2025-01-14 00:08:00
OP109714,W0013,Morning,E,25.0,0,2025-03-19 22:57:00
OP109718,W0306,Morning,A,38.0,1,2025-05-04 17:08:00
OP109720,W0104,Night,C,24.0,1,2025-02-09 18:14:00
OP109721,W0431,Night,A,25.0,0,2025-06-16 04:25:00
OP109727,W0329,Evening,A,4.0,0,2025-01-26 20:55:00
OP109728,W0146,Night,A,40.0,1,2025-04-20 17:19:00
OP109729,W0145,Evening,C,17.0,0,2025-05-08 11:50:00
OP109732,W0491,Evening,A,47.0,0,2025-02-07 16:09:00
OP109733,W0268,Evening,B,2.0,1,2025-02-15 12:04:00
OP109734,W0265,Night,A,42.0,0,2025-03-23 10:55:00
OP109735,W0195,Night,E,49.0,0,2025-06-22 10:53:00
OP109737,W0222,Morning,E,15.0,0,2025-04-07 15:59:00
OP109738,W0347,Morning,B,47.0,0,2025-05-11 16:48:00
OP109739,W0429,Morning,E,17.0,0,2025-01-20 08:41:00
OP109743,W0473,Evening,A,41.0,0,2025-06-25 01:36:00
OP109750,W0389,Night,B,3.0,0,2025-06-27 16:23:00
OP109754,W0394,Night,B,24.0,0,2025-04-05 17:04:00
OP109755,W0435,Night,D,13.0,0,2025-06-08 16:37:00
OP109758,W0209,Night,B,38.0,0,2025-04-21 19:44:00
OP109761,W0359,Evening,E,35.0,0,2025-06-05 14:18:00
OP109762,W0165,Morning,A,2.0,0,2025-06-23 10:17:00
OP109764,W0029,Morning,C,34.0,0,2025-06-19 17:36:00
OP109765,W0456,Evening,B,40.0,0,2025-06-25 15:43:00
OP109767,W0476,Morning,D,22.0,1,2025-03-15 19:07:00
OP109768,W0145,Morning,A,48.0,0,2025-06-08 02:07:00
OP109772,W0001,Night,A,20.0,1,2025-04-16 06:57:00
OP109773,W0318,Night,C,6.0,1,2025-05-18 20:32:00
OP109780,W0457,Evening,A,20.0,1,2025-02-08 19:55:00
OP109783,W0386,Night,A,34.0,1,2025-02-22 17:50:00
OP109787,W0357,Morning,B,2.0,0,2025-06-16 06:51:00
OP109789,W0450,Night,D,12.0,0,2025-05-27 09:24:00
OP109791,W0128,Night,A,11.0,1,2025-06-24 05:56:00
OP109792,W0123,Evening,B,45.0,0,2025-04-26 16:28:00
OP109794,W0103,Night,E,44.0,0,2025-03-20 18:20:00
OP109796,W0012,Morning,D,29.0,0,2025-02-15 13:43:00
OP109797,W0370,Morning,B,11.0,0,2025-02-24 10:33:00
OP109799,W0209,Morning,C,37.0,0,2025-01-23 22:53:00
OP109801,W0496,Evening,B,39.0,0,2025-05-06 05:40:00
OP109802,W0063,Night,B,44.0,0,2025-01-11 23:00:00
OP109805,W0037,Morning,C,1.0,0,2025-01-04 07:43:00
OP109807,W0375,Morning,B,30.0,0,2025-02-02 19:58:00
OP109808,W0320,Evening,C,36.0,1,2025-06-14 10:19:00
OP109810,W0092,Night,A,32.0,0,2025-05-05 23:12:00
OP109813,W0276,Morning,A,33.0,0,2025-04-15 00:31:00
OP109814,W0234,Evening,A,49.0,1,2025-03-11 00:44:00
OP109815,W0099,Night,A,44.0,1,2025-04-23 16:24:00
OP109816,W0148,Morning,C,22.0,1,2025-03-26 00:30:00
OP109818,W0184,Morning,A,22.0,0,2025-06-16 21:36:00
OP109820,W0421,Morning,E,17.0,0,2025-02-01 18:24:00
OP109821,W0194,Night,C,34.0,0,2025-04-28 14:06:00
OP109822,W0333,Morning,D,13.0,0,2025-01-13 14:12:00
OP109824,W0341,Morning,D,34.0,1,2025-01-22 16:30:00
OP109825,W0343,Morning,D,46.0,0,2025-06-16 22:44:00
OP109826,W0216,Night,B,28.0,0,2025-05-18 22:08:00
OP109828,W0175,Morning,C,40.0,0,2025-01-05 07:23:00
OP109831,W0424,Morning,C,6.0,0,2025-04-11 18:45:00
OP109832,W0432,Night,B,3.0,0,2025-06-10 14:12:00
OP109834,W0385,Night,E,36.0,0,2025-04-11 15:23:00
OP109835,W0463,Morning,A,34.0,0,2025-05-13 17:11:00
OP109836,W0259,Morning,A,7.0,0,2025-05-17 21:15:00
OP109838,W0123,Morning,A,5.0,0,2025-02-23 21:08:00
OP109845,W0198,Evening,D,43.0,0,2025-04-16 14:23:00
OP109847,W0290,Night,A,43.0,0,2025-04-07 07:43:00
OP109849,W0119,Night,B,39.0,0,2025-02-10 18:54:00
OP109850,W0114,Morning,C,42.0,0,2025-06-18 05:12:00
OP109851,W0470,Night,C,12.0,0,2025-06-17 19:43:00
OP109852,W0340,Morning,E,39.0,0,2025-06-17 03:09:00
OP109853,W0050,Morning,C,43.0,0,2025-05-09 03:20:00
OP109855,W0321,Evening,A,43.0,0,2025-05-02 00:40:00
OP109857,W0484,Morning,D,3.0,0,2025-04-16 06:57:00
OP109859,W0017,Night,A,19.0,1,2025-02-15 21:34:00
OP109860,W0185,Morning,D,8.0,0,2025-03-21 18:27:00
OP109861,W0279,Morning,C,5.0,0,2025-02-09 18:10:00
OP109863,W0073,Morning,A,15.0,0,2025-04-04 08:16:00
OP109866,W0489,Evening,D,44.0,1,2025-05-24 22:59:00
OP109870,W0189,Night,A,36.0,0,2025-04-20 11:31:00
OP109871,W0219,Morning,A,31.0,0,2025-01-24 06:56:00
OP109872,W0301,Evening,A,41.0,1,2025-03-19 17:38:00
OP109873,W0462,Morning,D,26.0,0,2025-01-06 05:11:00
OP109874,W0451,Morning,B,20.0,1,2025-06-03 07:48:00
OP109877,W0048,Morning,A,33.0,0,2025-05-04 07:14:00
OP109880,W0371,Morning,E,10.0,0,2025-06-14 19:33:00
OP109883,W0188,Morning,E,11.0,0,2025-04-17 06:57:00
OP109884,W0316,Morning,D,38.0,0,2025-06-28 06:35:00
OP109886,W0397,Evening,A,27.0,0,2025-03-09 07:30:00
OP109887,W0127,Evening,A,17.0,0,2025-05-18 23:11:00
OP109890,W0208,Morning,C,18.0,1,2025-06-06 08:32:00
OP109892,W0058,Night,A,24.0,0,2025-04-29 22:03:00
OP109894,W0092,Night,A,47.0,0,2025-01-31 00:55:00
OP109897,W0013,Evening,A,6.0,0,2025-03-22 05:30:00
OP109900,W0289,Evening,A,27.0,0,2025-01-24 02:35:00
OP109907,W0451,Morning,B,3.0,1,2025-06-25 22:37:00
OP109908,W0493,Night,A,13.0,1,2025-06-12 19:16:00
OP109909,W0092,Morning,C,47.0,1,2025-01-23 10:41:00
OP109912,W0275,Morning,B,18.0,0,2025-04-24 20:45:00
OP109915,W0168,Morning,A,29.0,0,2025-02-28 09:23:00
OP109918,W0413,Evening,E,42.0,0,2025-06-04 15:36:00
OP109919,W0257,Evening,D,40.0,1,2025-04-24 10:05:00
OP109921,W0143,Evening,C,31.0,0,2025-01-25 15:57:00
OP109922,W0027,Evening,B,35.0,0,2025-01-12 18:18:00
OP109923,W0292,Morning,D,38.0,0,2025-05-23 08:16:00
OP109924,W0192,Evening,A,30.0,0,2025-01-30 17:22:00
OP109925,W0347,Morning,E,4.0,1,2025-03-08 08:32:00
OP109926,W0377,Morning,B,4.0,0,2025-02-05 17:04:00
OP109929,W0415,Morning,B,31.0,1,2025-02-08 19:58:00
OP109932,W0324,Night,A,12.0,0,2025-01-03 00:03:00
OP109937,W0391,Night,D,24.0,0,2025-01-23 10:24:00
OP109941,W0192,Night,A,19.0,0,2025-03-02 10:34:00
OP109942,W0075,Night,C,47.0,0,2025-06-08 00:16:00
OP109944,W0320,Morning,D,47.0,1,2025-01-21 12:11:00
OP109948,W0183,Night,E,24.0,0,2025-02-02 07:38:00
OP109949,W0041,Evening,A,11.0,1,2025-03-20 10:19:00
OP109952,W0178,Evening,D,26.0,1,2025-01-18 02:37:00
OP109954,W0266,Evening,A,22.0,1,2025-02-19 17:35:00
OP109955,W0189,Night,D,33.0,1,2025-01-02 09:32:00
OP109957,W0251,Evening,B,11.0,0,2025-01-25 23:33:00
OP109958,W0301,Evening,A,35.0,0,2025-04-11 17:02:00
OP109959,W0334,Evening,B,22.0,1,2025-06-11 19:11:00
OP109960,W0440,Night,A,41.0,0,2025-02-28 04:52:00
OP109961,W0045,Evening,E,2.0,0,2025-01-25 21:56:00
OP109963,W0471,Night,B,32.0,1,2025-01-16 07:51:00
OP109966,W0195,Night,E,26.0,0,2025-03-03 08:06:00
OP109967,W0390,Morning,D,39.0,0,2025-04-22 07:20:00
OP109970,W0130,Evening,A,17.0,0,2025-03-16 22:16:00
OP109978,W0059,Morning,C,33.0,1,2025-05-09 04:40:00
OP109980,W0406,Evening,E,4.0,1,2025-05-06 04:21:00
OP109981,W0351,Morning,E,4.0,0,2025-04-02 10:24:00
OP109984,W0142,Evening,E,39.0,0,2025-03-30 10:48:00
OP109985,W0074,Morning,B,17.0,0,2025-02-12 14:04:00
OP109986,W0276,Evening,E,1.0,1,2025-06-18 18:58:00
OP109987,W0322,Morning,B,22.0,0,2025-05-31 18:35:00
OP109988,W0029,Morning,A,20.0,0,2025-06-01 05:02:00
OP109992,W0360,Night,B,33.0,0,2025-03-17 06:18:00
OP109996,W0432,Evening,A,25.0,0,2025-06-26 20:13:00
OP109999,W0105,Night,A,9.0,0,2025-03-07 00:27:00
OP110001,W0274,Morning,D,39.0,0,2025-05-05 23:36:00
OP110006,W0417,Morning,B,7.0,0,2025-05-14 15:14:00
OP110008,W0123,Night,A,6.0,0,2025-01-13 08:51:00
OP110009,W0215,Morning,B,43.0,0,2025-05-07 09:58:00
OP110011,W0316,Night,A,28.0,1,2025-03-09 03:08:00
OP110012,W0463,Night,A,44.0,0,2025-03-28 19:57:00
OP110016,W0406,Evening,C,41.0,1,2025-03-29 07:12:00
OP110019,W0155,Morning,B,32.0,1,2025-01-30 05:25:00
OP110025,W0152,Morning,B,25.0,0,2025-06-06 00:27:00
OP110033,W0343,Night,A,32.0,1,2025-05-20 13:00:00
OP110034,W0372,Evening,C,47.0,0,2025-04-14 12:58:00
OP110035,W0277,Night,E,47.0,0,2025-06-23 14:41:00
OP110037,W0320,Evening,D,10.0,0,2025-05-19 03:07:00
OP110038,W0146,Night,A,6.0,0,2025-06-10 08:05:00
OP110040,W0236,Evening,C,34.0,0,2025-03-05 13:17:00
OP110045,W0313,Evening,C,36.0,0,2025-03-18 08:00:00
OP110049,W0348,Morning,E,49.0,0,2025-06-25 10:00:00
OP110052,W0026,Night,D,24.0,0,2025-06-18 11:47:00
OP110055,W0255,Evening,C,28.0,0,2025-05-08 15:48:00
OP110057,W0333,Night,D,16.0,0,2025-01-25 18:16:00
OP110058,W0363,Morning,D,2.0,1,2025-01-22 20:17:00
OP110061,W0349,Morning,D,43.0,0,2025-05-07 17:59:00
OP110063,W0195,Evening,C,41.0,0,2025-03-03 19:13:00
OP110064,W0230,Evening,D,34.0,1,2025-02-08 09:52:00
OP110065,W0485,Evening,D,48.0,0,2025-06-20 05:43:00
OP110067,W0040,Morning,C,3.0,1,2025-05-05 08:50:00
OP110069,W0201,Morning,B,49.0,0,2025-05-27 09:42:00
OP110074,W0383,Morning,B,38.0,0,2025-02-06 16:12:00
OP110075,W0316,Morning,D,42.0,0,2025-01-11 03:25:00
OP110076,W0271,Morning,A,25.0,1,2025-06-13 20:15:00
OP110078,W0432,Morning,D,2.0,0,2025-04-01 19:55:00
OP110079,W0373,Morning,A,45.0,0,2025-04-27 09:31:00
OP110082,W0231,Morning,C,29.0,0,2025-06-21 01:22:00
OP110087,W0056,Morning,B,35.0,0,2025-04-30 09:30:00
OP110089,W0352,Night,B,33.0,0,2025-06-25 22:07:00
OP110090,W0085,Morning,B,8.0,0,2025-01-24 21:05:00
OP110091,W0070,Evening,C,49.0,1,2025-05-02 13:41:00
OP110093,W0117,Evening,D,32.0,0,2025-01-24 05:19:00
OP110096,W0388,Evening,E,9.0,0,2025-02-22 22:29:00
OP110098,W0215,Morning,A,45.0,0,2025-06-05 16:33:00
OP110102,W0119,Morning,E,24.0,0,2025-01-14 06:07:00
OP110103,W0029,Evening,D,17.0,1,2025-01-30 11:44:00
OP110105,W0119,Night,E,12.0,0,2025-06-02 12:47:00
OP110110,W0226,Morning,D,4.0,0,2025-05-13 08:57:00
OP110112,W0413,Morning,D,22.0,0,2025-04-30 10:39:00
OP110113,W0227,Morning,C,6.0,0,2025-03-31 12:33:00
OP110114,W0303,Morning,C,35.0,1,2025-04-04 15:03:00
OP110115,W0388,Night,C,37.0,0,2025-03-02 07:20:00
OP110119,W0030,Morning,C,19.0,0,2025-05-07 19:56:00
OP110123,W0245,Night,D,24.0,0,2025-04-25 13:51:00
OP110126,W0242,Evening,A,28.0,0,2025-04-06 13:50:00
OP110127,W0416,Evening,B,8.0,1,2025-06-19 23:50:00
OP110129,W0370,Morning,B,11.0,0,2025-06-12 13:43:00
OP110131,W0239,Night,C,18.0,0,2025-03-02 20:29:00
OP110132,W0301,Morning,E,28.0,0,2025-03-17 01:16:00
OP110133,W0047,Morning,E,24.0,0,2025-06-26 00:36:00
OP110137,W0063,Morning,A,47.0,0,2025-06-12 23:26:00
OP110139,W0142,Morning,B,19.0,0,2025-03-17 17:01:00
OP110141,W0371,Morning,A,18.0,0,2025-03-29 19:21:00
OP110143,W0029,Morning,A,27.0,0,2025-02-02 08:32:00
OP110147,W0352,Morning,A,42.0,0,2025-03-13 19:13:00
OP110151,W0090,Morning,B,33.0,0,2025-01-12 18:19:00
OP110152,W0344,Night,D,4.0,0,2025-02-24 14:39:00
OP110158,W0092,Morning,B,2.0,0,2025-06-07 09:50:00
OP110162,W0305,Night,B,27.0,1,2025-03-29 20:30:00
OP110164,W0396,Evening,C,14.0,0,2025-03-28 05:51:00
OP110166,W0210,Night,D,42.0,0,2025-03-01 21:39:00
OP110173,W0086,Night,D,28.0,0,2025-04-16 23:59:00
OP110177,W0171,Evening,D,13.0,0,2025-04-26 08:19:00
OP110178,W0154,Morning,B,14.0,0,2025-05-14 23:36:00
OP110181,W0084,Morning,E,32.0,0,2025-02-13 20:21:00
OP110183,W0298,Evening,E,39.0,0,2025-06-13 10:38:00
OP110184,W0131,Morning,E,23.0,0,2025-03-15 01:56:00
OP110185,W0332,Evening,B,44.0,0,2025-02-11 17:44:00
OP110186,W0447,Evening,D,30.0,0,2025-01-03 01:38:00
OP110193,W0253,Morning,E,22.0,0,2025-02-12 08:17:00
OP110194,W0040,Morning,E,3.0,0,2025-01-04 05:39:00
OP110195,W0376,Night,B,37.0,0,2025-02-05 13:01:00
OP110196,W0136,Morning,B,11.0,1,2025-05-31 08:11:00
OP110197,W0356,Night,C,37.0,0,2025-05-06 02:27:00
OP110198,W0084,Evening,C,9.0,1,2025-01-25 06:56:00
OP110202,W0022,Evening,D,18.0,0,2025-05-04 00:47:00
OP110203,W0366,Evening,B,49.0,0,2025-01-15 20:39:00
OP110205,W0041,Morning,E,4.0,0,2025-03-18 05:56:00
OP110206,W0008,Evening,D,35.0,1,2025-03-24 11:22:00
OP110211,W0355,Morning,C,15.0,0,2025-03-23 14:27:00
OP110213,W0158,Night,E,18.0,0,2025-01-09 21:20:00
OP110216,W0307,Night,A,35.0,0,2025-02-07 03:37:00
OP110217,W0399,Morning,B,7.0,1,2025-06-17 08:54:00
OP110222,W0318,Night,B,45.0,1,2025-03-07 05:22:00
OP110226,W0086,Evening,B,1.0,1,2025-03-06 13:27:00
OP110229,W0169,Morning,D,1.0,0,2025-05-19 14:45:00
OP110230,W0093,Morning,A,25.0,1,2025-02-21 00:31:00
OP110236,W0280,Evening,C,45.0,0,2025-04-24 14:34:00
OP110238,W0182,Evening,A,7.0,0,2025-04-25 01:48:00
OP110239,W0356,Morning,E,45.0,0,2025-06-23 15:31:00
OP110241,W0159,Morning,A,27.0,0,2025-04-18 09:57:00
OP110245,W0183,Morning,B,10.0,0,2025-06-28 08:02:00
OP110247,W0086,Evening,A,29.0,0,2025-03-24 07:49:00
OP110248,W0285,Morning,D,36.0,1,2025-03-17 22:16:00
OP110249,W0088,Morning,C,17.0,0,2025-03-06 04:42:00
OP110258,W0434,Evening,B,41.0,0,2025-01-23 14:30:00
OP110260,W0021,Evening,B,5.0,0,2025-06-14 06:19:00
OP110261,W0083,Morning,C,23.0,0,2025-03-10 21:44:00
OP110262,W0442,Night,A,15.0,0,2025-03-15 02:03:00
OP110265,W0330,Night,B,39.0,0,2025-02-09 21:40:00
OP110266,W0198,Night,C,23.0,0,2025-03-01 13:06:00
OP110267,W0476,Morning,A,42.0,0,2025-03-09 14:15:00
OP110269,W0443,Night,E,28.0,0,2025-06-07 13:00:00
OP110273,W0153,Morning,A,18.0,0,2025-03-06 21:56:00
OP110274,W0166,Morning,D,42.0,0,2025-04-15 21:32:00
OP110277,W0366,Morning,A,3.0,0,2025-02-10 03:04:00
OP110280,W0095,Evening,E,7.0,1,2025-05-03 08:22:00
OP110282,W0416,Night,B,15.0,1,2025-06-18 14:38:00
OP110283,W0022,Evening,A,48.0,0,2025-06-07 14:55:00
OP110284,W0300,Night,A,25.0,0,2025-06-21 06:41:00
OP110286,W0475,Night,B,6.0,0,2025-04-27 10:08:00
OP110287,W0347,Morning,E,16.0,0,2025-02-22 15:02:00
OP110289,W0450,Morning,D,27.0,0,2025-03-27 22:51:00
OP110290,W0319,Morning,C,3.0,0,2025-01-04 03:02:00
OP110292,W0433,Night,D,45.0,1,2025-02-16 08:34:00
OP110294,W0045,Morning,B,19.0,0,2025-04-12 01:54:00
OP110302,W0405,Night,E,42.0,0,2025-01-25 12:02:00
OP110305,W0240,Morning,B,37.0,0,2025-04-28 13:25:00
OP110307,W0420,Evening,D,29.0,0,2025-01-16 08:24:00
OP110309,W0136,Morning,D,2.0,1,2025-06-19 14:44:00
OP110312,W0355,Night,B,13.0,0,2025-02-27 07:15:00
OP110313,W0001,Morning,C,14.0,1,2025-01-13 01:31:00
OP110314,W0078,Morning,A,11.0,0,2025-05-25 04:38:00
OP110316,W0251,Night,A,18.0,0,2025-03-01 17:01:00
OP110317,W0427,Evening,B,30.0,0,2025-05-19 00:56:00
OP110319,W0234,Evening,D,33.0,0,2025-03-06 03:58:00
OP110325,W0367,Evening,C,8.0,0,2025-06-04 17:00:00
OP110327,W0352,Evening,E,19.0,0,2025-01-09 18:33:00
OP110330,W0119,Night,C,18.0,0,2025-03-04 16:46:00
OP110332,W0014,Night,C,17.0,1,2025-01-21 22:37:00
OP110334,W0368,Morning,A,39.0,0,2025-01-31 13:47:00
OP110337,W0031,Evening,B,35.0,1,2025-01-21 09:46:00
OP110338,W0338,Night,C,21.0,1,2025-05-23 00:58:00
OP110339,W0410,Morning,C,28.0,0,2025-02-20 14:41:00
OP110342,W0119,Morning,C,19.0,0,2025-03-10 21:41:00
OP110343,W0391,Morning,C,25.0,0,2025-03-27 14:06:00
OP110345,W0203,Evening,E,15.0,0,2025-04-14 09:37:00
OP110347,W0232,Night,B,25.0,0,2025-05-27 11:31:00
OP110348,W0061,Morning,C,36.0,0,2025-04-02 19:26:00
OP110349,W0276,Morning,C,41.0,0,2025-06-12 14:42:00
OP110351,W0328,Night,B,41.0,0,2025-06-02 22:17:00
OP110352,W0029,Morning,C,10.0,1,2025-02-24 01:49:00
OP110353,W0163,Evening,D,36.0,1,2025-03-19 09:53:00
OP110354,W0372,Morning,B,25.0,1,2025-04-02 13:31:00
OP110355,W0303,Morning,E,40.0,0,2025-02-05 09:59:00
OP110356,W0422,Morning,D,37.0,1,2025-06-23 09:07:00
OP110361,W0123,Evening,B,45.0,0,2025-06-25 06:42:00
OP110362,W0283,Night,E,34.0,1,2025-04-04 15:20:00
OP110365,W0492,Night,A,35.0,1,2025-06-25 19:10:00
OP110367,W0213,Evening,E,25.0,0,2025-06-18 10:04:00
OP110369,W0412,Morning,E,38.0,0,2025-03-18 04:20:00
OP110371,W0442,Night,D,15.0,1,2025-03-12 14:11:00
OP110374,W0073,Night,C,25.0,0,2025-02-05 07:28:00
OP110378,W0287,Morning,D,35.0,1,2025-02-13 18:17:00
OP110381,W0381,Evening,E,11.0,0,2025-04-03 02:57:00
OP110383,W0368,Evening,C,34.0,0,2025-01-08 08:31:00
OP110384,W0447,Evening,E,31.0,1,2025-03-23 22:32:00
OP110385,W0072,Morning,D,3.0,1,2025-06-07 03:11:00
OP110386,W0308,Night,E,42.0,0,2025-01-14 04:49:00
OP110389,W0027,Night,D,36.0,0,2025-03-02 20:18:00
OP110391,W0121,Evening,C,23.0,0,2025-04-02 09:44:00
OP110392,W0443,Night,A,24.0,0,2025-02-22 21:07:00
OP110393,W0303,Night,B,48.0,0,2025-06-15 20:59:00
OP110394,W0072,Evening,A,5.0,0,2025-05-12 10:54:00
OP110395,W0166,Morning,C,34.0,1,2025-06-26 11:09:00
OP110398,W0123,Morning,A,20.0,0,2025-03-20 14:07:00
OP110400,W0028,Morning,B,8.0,0,2025-04-30 04:12:00
OP110405,W0190,Morning,A,19.0,0,2025-04-19 03:56:00
OP110406,W0010,Night,E,6.0,1,2025-01-27 07:10:00
OP110407,W0426,Morning,B,16.0,1,2025-03-07 10:14:00
OP110409,W0349,Evening,E,28.0,0,2025-02-03 13:57:00
OP110411,W0240,Morning,D,43.0,0,2025-04-08 13:53:00
OP110412,W0429,Evening,B,34.0,0,2025-01-03 21:51:00
OP110413,W0073,Morning,B,36.0,0,2025-04-28 12:42:00
OP110414,W0233,Morning,E,12.0,0,2025-05-24 03:06:00
OP110415,W0272,Evening,A,18.0,0,2025-03-22 09:27:00
OP110416,W0282,Night,E,35.0,0,2025-05-07 18:24:00
OP110417,W0322,Morning,A,27.0,1,2025-02-22 06:02:00
OP110418,W0401,Night,E,43.0,1,2025-02-14 04:10:00
OP110421,W0478,Morning,A,44.0,1,2025-04-12 17:27:00
OP110422,W0231,Morning,B,4.0,0,2025-02-10 08:01:00
OP110423,W0033,Night,B,39.0,0,2025-05-08 13:04:00
OP110425,W0216,Morning,D,16.0,1,2025-02-22 15:40:00
OP110426,W0327,Night,A,7.0,0,2025-06-25 18:57:00
OP110428,W0282,Evening,C,8.0,0,2025-01-19 02:26:00
OP110430,W0017,Night,C,22.0,0,2025-06-25 05:16:00
OP110431,W0170,Evening,D,35.0,0,2025-05-01 09:35:00
OP110435,W0325,Night,B,21.0,0,2025-02-14 19:02:00
OP110437,W0052,Morning,A,36.0,0,2025-01-05 14:21:00
OP110441,W0008,Evening,B,36.0,0,2025-02-01 10:41:00
OP110443,W0266,Morning,E,33.0,1,2025-05-24 09:27:00
OP110445,W0325,Morning,D,48.0,1,2025-03-09 03:40:00
OP110446,W0096,Morning,E,18.0,0,2025-03-08 08:08:00
OP110449,W0082,Night,C,19.0,1,2025-03-13 11:03:00
OP110454,W0448,Night,C,27.0,1,2025-05-22 19:01:00
OP110455,W0250,Night,A,45.0,0,2025-02-28 02:18:00
OP110459,W0362,Night,D,15.0,0,2025-01-06 06:33:00
OP110460,W0420,Evening,E,7.0,0,2025-01-09 04:50:00
OP110466,W0182,Morning,A,45.0,1,2025-02-02 19:23:00
OP110467,W0461,Evening,C,22.0,0,2025-04-20 00:14:00
OP110471,W0161,Night,D,12.0,0,2025-06-03 10:57:00
OP110473,W0405,Evening,B,19.0,0,2025-01-31 09:43:00
OP110474,W0170,Evening,E,4.0,1,2025-04-07 07:20:00
OP110477,W0380,Evening,A,35.0,0,2025-02-27 23:45:00
OP110482,W0414,Evening,B,2.0,1,2025-06-10 18:23:00
OP110488,W0159,Evening,C,48.0,0,2025-03-26 06:43:00
OP110491,W0131,Evening,B,38.0,0,2025-01-26 03:04:00
OP110492,W0021,Morning,E,36.0,0,2025-05-24 07:59:00
OP110493,W0438,Morning,C,49.0,0,2025-05-10 11:57:00
OP110494,W0038,Night,A,12.0,1,2025-02-02 03:26:00
OP110495,W0448,Night,D,12.0,0,2025-06-11 02:44:00
OP110498,W0120,Morning,C,36.0,0,2025-06-21 18:11:00
OP110502,W0066,Night,B,1.0,0,2025-05-13 20:07:00
OP110504,W0445,Morning,A,2.0,1,2025-01-26 14:46:00
OP110505,W0323,Evening,C,13.0,1,2025-02-15 20:16:00
OP110506,W0173,Morning,A,5.0,0,2025-01-31 15:16:00
OP110508,W0296,Morning,A,21.0,0,2025-04-12 02:45:00
OP110509,W0483,Evening,C,10.0,0,2025-02-27 16:04:00
OP110512,W0457,Night,C,19.0,1,2025-01-27 00:09:00
OP110513,W0124,Night,C,49.0,0,2025-01-17 10:50:00
OP110515,W0251,Night,D,29.0,0,2025-04-09 23:41:00
OP110516,W0213,Morning,D,14.0,0,2025-06-07 20:13:00
OP110517,W0324,Evening,B,34.0,0,2025-04-12 07:38:00
OP110518,W0449,Morning,D,25.0,1,2025-02-10 12:29:00
OP110519,W0098,Morning,E,7.0,1,2025-06-23 12:03:00
OP110521,W0139,Morning,A,28.0,0,2025-04-20 10:21:00
OP110523,W0448,Night,E,28.0,0,2025-01-24 10:42:00
OP110524,W0095,Morning,B,26.0,0,2025-04-14 11:07:00
OP110529,W0251,Night,B,45.0,0,2025-03-02 12:42:00
OP110530,W0438,Morning,E,35.0,0,2025-05-04 01:35:00
OP110531,W0127,Evening,C,9.0,0,2025-01-10 05:16:00
OP110532,W0290,Night,D,33.0,0,2025-04-11 08:42:00
OP110538,W0248,Night,D,2.0,0,2025-02-24 18:06:00
OP110539,W0292,Morning,E,40.0,1,2025-02-03 08:27:00
OP110541,W0331,Morning,B,48.0,0,2025-06-18 16:53:00
OP110543,W0001,Night,E,25.0,0,2025-03-18 11:32:00
OP110544,W0348,Night,B,21.0,0,2025-05-22 04:25:00
OP110546,W0121,Morning,B,32.0,0,2025-05-17 01:11:00
OP110547,W0158,Morning,D,6.0,0,2025-02-15 18:59:00
OP110549,W0356,Evening,C,23.0,0,2025-06-18 07:11:00
OP110551,W0420,Night,E,33.0,0,2025-03-10 10:06:00
OP110552,W0115,Night,E,36.0,0,2025-06-20 08:03:00
OP110555,W0064,Morning,C,11.0,1,2025-06-20 23:57:00
OP110558,W0165,Morning,D,40.0,0,2025-06-16 12:31:00
OP110569,W0159,Morning,E,37.0,0,2025-02-03 20:18:00
OP110570,W0479,Evening,B,47.0,0,2025-01-09 03:54:00
OP110571,W0485,Evening,C,10.0,1,2025-02-13 14:23:00
OP110572,W0455,Night,D,27.0,1,2025-01-05 10:34:00
OP110573,W0461,Evening,E,46.0,0,2025-02-10 01:36:00
OP110575,W0293,Evening,D,28.0,1,2025-02-27 04:21:00
OP110578,W0449,Night,B,49.0,0,2025-01-11 15:40:00
OP110579,W0095,Morning,A,15.0,0,2025-02-08 05:19:00
OP110582,W0113,Morning,E,45.0,0,2025-02-22 09:21:00
OP110587,W0481,Night,B,8.0,1,2025-06-16 12:28:00
OP110588,W0252,Morning,C,18.0,0,2025-06-18 18:22:00
OP110589,W0466,Evening,C,22.0,0,2025-06-02 03:51:00
OP110592,W0337,Evening,A,39.0,0,2025-05-11 21:38:00
OP110593,W0139,Morning,A,15.0,0,2025-01-07 17:06:00
OP110595,W0337,Night,D,49.0,0,2025-06-13 00:21:00
OP110597,W0127,Evening,B,37.0,0,2025-03-25 22:49:00
OP110598,W0101,Morning,A,31.0,0,2025-03-09 13:49:00
OP110599,W0394,Morning,C,6.0,0,2025-02-19 19:02:00
OP110601,W0069,Night,B,28.0,1,2025-06-20 13:11:00
OP110602,W0033,Evening,B,40.0,0,2025-01-24 10:22:00
OP110603,W0063,Morning,B,35.0,0,2025-02-15 19:25:00
OP110610,W0446,Evening,B,10.0,1,2025-02-28 05:18:00
OP110611,W0035,Morning,A,43.0,0,2025-03-07 08:03:00
OP110612,W0386,Night,B,7.0,0,2025-06-05 05:10:00
OP110613,W0179,Night,D,47.0,0,2025-03-07 15:57:00
OP110615,W0173,Morning,D,49.0,0,2025-06-26 07:07:00
OP110616,W0387,Evening,D,1.0,0,2025-01-27 01:53:00
OP110617,W0183,Night,A,9.0,0,2025-02-22 08:53:00
OP110619,W0095,Night,A,49.0,0,2025-01-01 17:43:00
OP110620,W0353,Night,C,10.0,0,2025-04-10 03:40:00
OP110622,W0124,Night,D,16.0,1,2025-03-26 08:54:00
OP110623,W0226,Morning,E,1.0,0,2025-04-09 13:57:00
OP110625,W0404,Morning,E,39.0,0,2025-01-24 22:38:00
OP110626,W0191,Morning,B,46.0,0,2025-03-08 10:05:00
OP110627,W0337,Evening,C,34.0,1,2025-01-19 11:18:00
OP110629,W0010,Morning,A,3.0,0,2025-06-05 07:23:00
OP110631,W0001,Evening,B,30.0,0,2025-03-10 11:28:00
OP110634,W0346,Evening,B,19.0,0,2025-03-16 00:09:00
OP110635,W0484,Evening,E,42.0,1,2025-04-26 03:26:00
OP110636,W0305,Evening,B,45.0,0,2025-06-12 11:19:00
OP110641,W0235,Morning,D,48.0,0,2025-01-20 11:33:00
OP110642,W0237,Morning,E,41.0,0,2025-03-18 04:41:00
OP110643,W0486,Night,C,34.0,0,2025-02-13 01:27:00
OP110644,W0128,Night,B,35.0,0,2025-03-07 10:03:00
OP110646,W0349,Night,E,14.0,0,2025-04-01 23:38:00
OP110647,W0059,Morning,C,31.0,0,2025-04-07 14:07:00
OP110650,W0318,Morning,C,36.0,0,2025-03-23 07:03:00
OP110651,W0102,Morning,C,7.0,0,2025-01-25 19:11:00
OP110652,W0452,Morning,B,35.0,1,2025-04-27 10:35:00
OP110654,W0242,Night,B,21.0,0,2025-05-02 05:03:00
OP110655,W0134,Evening,B,47.0,0,2025-04-27 10:29:00
OP110657,W0084,Night,E,24.0,0,2025-05-19 00:46:00
OP110660,W0186,Evening,C,27.0,0,2025-01-20 02:16:00
OP110661,W0059,Morning,E,40.0,0,2025-02-15 23:12:00
OP110662,W0328,Morning,E,20.0,0,2025-02-14 11:00:00
OP110663,W0142,Morning,A,41.0,1,2025-02-02 16:40:00
OP110665,W0152,Morning,C,45.0,0,2025-06-26 05:59:00
OP110667,W0411,Morning,D,17.0,0,2025-02-23 12:24:00
OP110669,W0150,Morning,C,34.0,0,2025-01-17 09:09:00
OP110670,W0237,Evening,E,16.0,0,2025-04-07 22:23:00
OP110673,W0460,Morning,E,8.0,0,2025-01-12 13:19:00
OP110675,W0036,Morning,A,20.0,0,2025-02-07 07:34:00
OP110676,W0233,Night,D,44.0,0,2025-06-12 07:37:00
OP110678,W0032,Evening,E,32.0,0,2025-04-27 06:21:00
OP110679,W0245,Evening,E,44.0,0,2025-02-20 16:37:00
OP110681,W0180,Morning,A,30.0,0,2025-02-21 20:23:00
OP110682,W0351,Evening,D,24.0,0,2025-02-04 14:38:00
OP110684,W0058,Morning,E,49.0,1,2025-06-01 22:36:00
OP110690,W0212,Morning,B,44.0,0,2025-03-19 21:27:00
OP110693,W0340,Evening,B,30.0,0,2025-03-24 19:28:00
OP110695,W0414,Evening,D,7.0,0,2025-01-03 03:57:00
OP110699,W0465,Night,A,13.0,0,2025-06-26 16:15:00
OP110700,W0293,Evening,D,24.0,0,2025-02-19 06:52:00
OP110701,W0247,Morning,E,47.0,0,2025-04-25 14:50:00
OP110704,W0262,Night,C,1.0,1,2025-03-01 12:20:00
OP110706,W0293,Morning,E,21.0,0,2025-06-28 16:01:00
OP110707,W0434,Morning,B,15.0,0,2025-06-05 00:47:00
OP110708,W0199,Evening,B,44.0,0,2025-01-26 10:06:00
OP110711,W0239,Evening,B,29.0,1,2025-06-13 06:19:00
OP110716,W0045,Night,D,5.0,0,2025-01-09 20:37:00
OP110723,W0426,Morning,B,39.0,0,2025-04-25 15:28:00
OP110726,W0342,Night,D,11.0,0,2025-06-03 13:50:00
OP110728,W0265,Morning,D,17.0,0,2025-04-03 03:12:00
OP110729,W0045,Morning,A,14.0,0,2025-04-07 04:51:00
OP110731,W0195,Morning,D,49.0,0,2025-04-09 02:38:00
OP110733,W0156,Morning,D,6.0,0,2025-04-26 06:21:00
OP110734,W0354,Morning,C,25.0,0,2025-03-27 03:42:00
OP110735,W0153,Morning,A,3.0,0,2025-03-01 02:25:00
OP110737,W0167,Evening,C,15.0,0,2025-05-30 02:55:00
OP110740,W0378,Night,D,40.0,0,2025-03-14 18:03:00
OP110742,W0468,Evening,C,29.0,0,2025-06-07 22:33:00
OP110743,W0122,Evening,C,34.0,0,2025-06-05 18:38:00
OP110744,W0054,Morning,D,46.0,1,2025-04-20 16:08:00
OP110745,W0169,Night,B,24.0,1,2025-03-20 11:51:00
OP110747,W0237,Morning,D,36.0,0,2025-01-05 12:27:00
OP110748,W0114,Evening,C,1.0,0,2025-03-13 08:57:00
OP110751,W0304,Night,D,26.0,0,2025-02-07 23:02:00
OP110752,W0242,Morning,E,12.0,0,2025-06-09 21:20:00
OP110756,W0053,Night,D,40.0,1,2025-04-14 12:01:00
OP110759,W0258,Morning,A,7.0,0,2025-03-30 11:40:00
OP110760,W0215,Evening,B,12.0,0,2025-03-24 20:42:00
OP110762,W0409,Night,E,32.0,0,2025-03-27 19:09:00
OP110766,W0244,Evening,D,26.0,0,2025-01-11 01:02:00
OP110767,W0309,Night,C,39.0,0,2025-03-14 19:11:00
OP110773,W0057,Evening,E,41.0,1,2025-04-08 05:40:00
OP110774,W0407,Night,B,27.0,0,2025-06-01 02:13:00
OP110780,W0032,Morning,C,24.0,1,2025-06-23 09:18:00
OP110785,W0116,Night,D,44.0,1,2025-05-23 15:05:00
OP110786,W0153,Morning,D,25.0,0,2025-04-14 22:59:00
OP110789,W0276,Morning,D,42.0,0,2025-05-17 01:15:00
OP110790,W0400,Morning,A,28.0,0,2025-05-26 13:52:00
OP110793,W0117,Night,B,12.0,0,2025-05-06 14:05:00
OP110794,W0453,Morning,E,15.0,0,2025-04-08 13:37:00
OP110795,W0238,Morning,D,1.0,0,2025-04-09 02:36:00
OP110796,W0014,Morning,D,9.0,0,2025-01-04 17:56:00
OP110799,W0458,Evening,E,41.0,1,2025-01-30 05:15:00
OP110800,W0252,Morning,B,41.0,0,2025-03-06 14:59:00
OP110804,W0326,Morning,A,40.0,0,2025-02-16 14:10:00
OP110806,W0014,Evening,C,5.0,0,2025-05-06 09:45:00
OP110807,W0140,Morning,D,23.0,0,2025-03-18 00:31:00
OP110808,W0307,Morning,B,10.0,1,2025-06-25 05:27:00
OP110809,W0297,Morning,A,38.0,0,2025-05-05 02:34:00
OP110811,W0101,Evening,D,33.0,0,2025-04-24 16:10:00
OP110812,W0327,Morning,D,24.0,0,2025-02-24 00:15:00
OP110814,W0175,Morning,E,7.0,1,2025-04-18 16:44:00
OP110820,W0127,Evening,E,26.0,1,2025-06-13 17:05:00
OP110821,W0090,Morning,B,5.0,0,2025-02-18 01:26:00
OP110824,W0500,Morning,C,31.0,0,2025-01-14 05:05:00
OP110827,W0076,Evening,E,31.0,0,2025-05-29 10:03:00
OP110828,W0050,Morning,B,28.0,0,2025-02-17 01:16:00
OP110829,W0173,Morning,A,25.0,0,2025-04-18 04:57:00
OP110836,W0369,Evening,C,40.0,0,2025-06-23 05:54:00
OP110837,W0369,Night,B,33.0,0,2025-05-20 01:14:00
OP110838,W0026,Night,D,22.0,0,2025-01-27 22:47:00
OP110841,W0331,Evening,A,37.0,0,2025-01-26 00:58:00
OP110843,W0439,Night,A,9.0,0,2025-05-10 17:32:00
OP110851,W0445,Evening,C,29.0,0,2025-06-21 20:03:00
OP110852,W0087,Evening,B,26.0,0,2025-01-25 18:53:00
OP110854,W0467,Night,C,19.0,1,2025-06-06 06:09:00
OP110856,W0083,Morning,B,49.0,0,2025-01-14 08:29:00
OP110858,W0060,Morning,C,16.0,0,2025-02-09 12:43:00
OP110859,W0115,Evening,A,25.0,0,2025-05-29 00:02:00
OP110864,W0096,Morning,B,4.0,0,2025-01-26 00:16:00
OP110869,W0029,Morning,C,35.0,0,2025-05-15 08:47:00
OP110873,W0288,Night,B,24.0,0,2025-01-11 11:38:00
OP110874,W0155,Night,D,18.0,0,2025-02-13 09:28:00
OP110875,W0423,Evening,B,47.0,0,2025-04-30 20:21:00
OP110879,W0442,Evening,B,3.0,0,2025-03-22 21:55:00
OP110880,W0431,Night,A,44.0,0,2025-06-22 15:02:00
OP110881,W0162,Morning,A,16.0,1,2025-03-12 01:51:00
OP110882,W0298,Night,D,1.0,1,2025-05-05 13:45:00
OP110883,W0401,Morning,B,35.0,0,2025-01-05 07:37:00
OP110888,W0382,Evening,D,25.0,1,2025-01-26 13:23:00
OP110890,W0247,Night,A,3.0,0,2025-02-15 12:50:00
OP110894,W0256,Evening,D,3.0,0,2025-06-09 18:08:00
OP110895,W0131,Evening,E,34.0,1,2025-05-02 14:52:00
OP110896,W0321,Morning,D,42.0,0,2025-04-08 14:27:00
OP110898,W0200,Morning,C,12.0,0,2025-05-23 04:59:00
OP110899,W0436,Evening,E,38.0,0,2025-03-05 04:55:00
OP110901,W0479,Night,A,8.0,0,2025-01-26 20:38:00
OP110903,W0390,Morning,B,34.0,0,2025-04-10 14:44:00
OP110904,W0257,Evening,E,44.0,0,2025-01-12 08:57:00
OP110906,W0304,Night,B,17.0,0,2025-03-04 06:30:00
OP110907,W0308,Morning,A,39.0,0,2025-01-03 13:43:00
OP110910,W0393,Evening,B,34.0,0,2025-05-01 19:14:00
OP110913,W0047,Morning,D,17.0,0,2025-04-15 07:49:00
OP110914,W0085,Night,B,2.0,0,2025-02-20 01:21:00
OP110915,W0047,Morning,A,45.0,0,2025-02-18 05:52:00
OP110919,W0290,Night,B,20.0,0,2025-06-21 22:02:00
OP110921,W0381,Evening,D,48.0,0,2025-04-20 21:30:00
OP110926,W0299,Night,C,11.0,1,2025-03-09 20:09:00
OP110927,W0055,Morning,C,28.0,0,2025-03-12 20:54:00
OP110929,W0180,Morning,B,48.0,0,2025-06-10 11:26:00
OP110930,W0465,Morning,B,49.0,0,2025-01-09 07:17:00
OP110931,W0427,Night,C,2.0,0,2025-05-29 16:56:00
OP110932,W0132,Morning,A,42.0,0,2025-03-19 03:48:00
OP110936,W0217,Morning,E,48.0,0,2025-01-06 02:17:00
OP110937,W0011,Morning,D,25.0,0,2025-03-10 14:34:00
OP110938,W0181,Morning,C,8.0,0,2025-06-26 20:09:00
OP110940,W0173,Evening,B,43.0,1,2025-01-30 01:00:00
OP110941,W0045,Evening,D,26.0,0,2025-02-26 03:49:00
OP110944,W0463,Evening,D,42.0,0,2025-06-08 02:15:00
OP110945,W0111,Evening,D,29.0,0,2025-03-25 15:21:00
OP110946,W0208,Morning,E,48.0,0,2025-03-02 23:24:00
OP110949,W0285,Morning,D,4.0,0,2025-02-26 18:35:00
OP110952,W0416,Evening,E,38.0,0,2025-02-12 22:43:00
OP110953,W0034,Night,B,26.0,1,2025-02-16 14:46:00
OP110955,W0215,Morning,C,40.0,1,2025-05-20 09:45:00
OP110956,W0222,Night,E,21.0,0,2025-05-15 14:57:00
OP110958,W0289,Morning,E,9.0,1,2025-05-09 19:35:00
OP110964,W0352,Morning,B,38.0,1,2025-04-03 06:01:00
OP110965,W0186,Morning,E,11.0,0,2025-02-05 10:55:00
OP110968,W0140,Night,D,36.0,1,2025-02-08 01:57:00
OP110969,W0071,Morning,A,26.0,0,2025-02-28 16:12:00
OP110973,W0049,Morning,A,26.0,0,2025-02-02 10:12:00
OP110974,W0013,Morning,B,40.0,0,2025-04-02 12:26:00
OP110976,W0224,Night,E,33.0,0,2025-02-02 21:02:00
OP110977,W0324,Night,C,27.0,0,2025-06-04 05:24:00
OP110979,W0152,Morning,D,29.0,0,2025-02-03 17:48:00
OP110980,W0397,Night,E,8.0,0,2025-03-11 05:23:00
OP110981,W0414,Morning,D,34.0,0,2025-05-31 11:01:00
OP110983,W0381,Night,C,48.0,1,2025-03-29 02:14:00
OP110984,W0257,Evening,B,9.0,0,2025-05-31 10:04:00
OP110986,W0146,Morning,A,26.0,1,2025-01-11 08:50:00
OP110987,W0095,Morning,C,49.0,1,2025-02-14 14:01:00
OP110988,W0487,Night,C,3.0,0,2025-06-26 23:22:00
OP110989,W0046,Evening,C,23.0,0,2025-01-09 12:59:00
OP110990,W0447,Night,B,9.0,0,2025-05-08 17:17:00
OP110993,W0409,Night,B,27.0,0,2025-01-02 03:09:00
OP110994,W0478,Morning,A,2.0,1,2025-06-14 19:07:00
OP110996,W0213,Morning,C,11.0,0,2025-04-12 21:37:00
OP110998,W0292,Morning,E,8.0,1,2025-02-11 23:16:00
OP110999,W0413,Evening,B,25.0,0,2025-02-12 05:47:00
OP111001,W0287,Night,A,36.0,0,2025-02-13 16:20:00
OP111002,W0241,Evening,C,46.0,0,2025-02-09 01:50:00
OP111006,W0380,Evening,B,5.0,0,2025-02-13 14:01:00
OP111008,W0256,Morning,D,31.0,0,2025-04-12 08:59:00
OP111009,W0422,Morning,C,40.0,0,2025-04-04 08:33:00
OP111010,W0362,Night,B,15.0,0,2025-03-06 08:37:00
OP111012,W0098,Night,D,47.0,1,2025-03-02 11:29:00
OP111013,W0288,Morning,D,45.0,0,2025-01-15 13:57:00
OP111016,W0341,Morning,D,7.0,0,2025-06-07 20:25:00
OP111018,W0113,Evening,D,24.0,0,2025-01-22 22:26:00
OP111020,W0380,Morning,D,18.0,0,2025-06-19 22:59:00
OP111023,W0009,Evening,D,9.0,1,2025-04-30 09:07:00
OP111025,W0468,Morning,E,8.0,1,2025-06-22 23:14:00
OP111026,W0124,Night,D,48.0,0,2025-03-12 13:55:00
OP111027,W0312,Night,E,28.0,1,2025-01-17 14:34:00
OP111028,W0324,Morning,D,23.0,0,2025-04-20 03:12:00
OP111029,W0247,Evening,C,38.0,0,2025-04-15 21:20:00
OP111033,W0155,Night,D,14.0,0,2025-06-19 23:41:00
OP111038,W0328,Night,B,28.0,0,2025-05-10 05:20:00
OP111042,W0454,Night,A,48.0,0,2025-01-06 15:21:00
OP111047,W0234,Night,B,33.0,1,2025-06-22 09:53:00
OP111053,W0186,Morning,A,38.0,1,2025-05-01 03:03:00
OP111054,W0287,Evening,C,5.0,1,2025-05-02 15:26:00
OP111058,W0448,Night,E,31.0,0,2025-01-12 02:21:00
OP111061,W0497,Evening,B,6.0,1,2025-02-24 06:46:00
OP111062,W0469,Evening,C,23.0,1,2025-04-22 14:29:00
OP111064,W0470,Evening,A,14.0,0,2025-04-17 08:23:00
OP111065,W0302,Night,D,47.0,0,2025-01-16 02:04:00
OP111066,W0247,Evening,E,17.0,1,2025-03-12 12:37:00
OP111067,W0299,Morning,E,14.0,0,2025-04-19 03:21:00
OP111069,W0339,Morning,D,30.0,0,2025-05-17 10:07:00
OP111071,W0190,Morning,C,20.0,0,2025-04-09 03:04:00
OP111073,W0300,Morning,D,46.0,0,2025-05-23 23:36:00
OP111075,W0413,Morning,A,30.0,1,2025-04-16 17:05:00
OP111076,W0266,Evening,C,1.0,0,2025-03-15 10:12:00
OP111077,W0330,Night,B,1.0,0,2025-04-25 22:25:00
OP111080,W0126,Evening,B,28.0,0,2025-01-29 11:45:00
OP111082,W0371,Evening,B,28.0,0,2025-05-02 10:13:00
OP111083,W0039,Night,D,6.0,0,2025-03-16 21:06:00
OP111086,W0437,Morning,A,13.0,0,2025-01-13 20:13:00
OP111088,W0030,Morning,B,39.0,0,2025-03-11 14:06:00
OP111091,W0053,Night,C,10.0,0,2025-03-25 17:33:00
OP111093,W0309,Evening,B,33.0,0,2025-03-03 17:51:00
OP111094,W0465,Night,D,49.0,0,2025-06-14 17:16:00
OP111095,W0308,Morning,D,7.0,0,2025-01-01 19:12:00
OP111099,W0130,Morning,D,25.0,0,2025-03-18 06:01:00
OP111102,W0421,Night,B,44.0,0,2025-02-27 18:48:00
OP111108,W0480,Morning,C,23.0,1,2025-06-08 22:14:00
OP111109,W0401,Morning,B,6.0,0,2025-03-08 09:52:00
OP111117,W0064,Morning,B,42.0,0,2025-04-25 12:50:00
OP111121,W0221,Morning,E,11.0,0,2025-06-25 15:23:00
OP111126,W0474,Morning,A,25.0,0,2025-05-29 09:47:00
OP111128,W0499,Morning,B,41.0,0,2025-01-12 01:23:00
OP111129,W0333,Morning,C,48.0,0,2025-03-22 02:46:00
OP111131,W0351,Morning,C,42.0,0,2025-03-23 09:54:00
OP111137,W0280,Night,D,30.0,0,2025-04-02 07:26:00
OP111139,W0136,Morning,C,38.0,0,2025-03-25 08:56:00
OP111140,W0294,Morning,B,32.0,0,2025-03-30 10:19:00
OP111142,W0127,Morning,B,46.0,1,2025-05-19 20:58:00
OP111143,W0085,Morning,E,34.0,1,2025-06-12 15:21:00
OP111151,W0201,Morning,D,27.0,1,2025-03-24 03:45:00
OP111152,W0307,Evening,E,45.0,1,2025-01-01 05:01:00
OP111155,W0319,Morning,A,3.0,0,2025-01-05 20:04:00
OP111156,W0389,Evening,D,46.0,0,2025-06-26 15:44:00
OP111158,W0461,Evening,A,49.0,1,2025-05-19 05:23:00
OP111162,W0258,Morning,D,46.0,0,2025-01-30 23:54:00
OP111164,W0026,Morning,A,30.0,0,2025-02-16 14:10:00
OP111168,W0258,Morning,B,9.0,0,2025-02-07 23:47:00
OP111170,W0330,Evening,E,8.0,0,2025-05-23 07:35:00
OP111173,W0098,Evening,A,8.0,1,2025-05-29 14:51:00
OP111174,W0350,Morning,E,44.0,0,2025-06-14 02:47:00
OP111175,W0300,Morning,A,45.0,1,2025-03-30 19:15:00
OP111176,W0173,Night,A,15.0,0,2025-06-22 08:20:00
OP111177,W0411,Evening,A,49.0,0,2025-03-07 12:30:00
OP111179,W0057,Morning,D,39.0,0,2025-05-19 06:55:00
OP111180,W0354,Night,E,44.0,0,2025-03-09 14:58:00
OP111181,W0030,Night,D,43.0,0,2025-04-19 10:21:00
OP111184,W0023,Evening,C,27.0,0,2025-03-08 09:47:00
OP111188,W0304,Morning,C,19.0,0,2025-03-23 04:35:00
OP111190,W0135,Morning,D,1.0,0,2025-02-22 00:20:00
OP111191,W0149,Morning,D,25.0,0,2025-06-24 11:05:00
OP111193,W0236,Morning,A,43.0,0,2025-05-17 05:40:00
OP111194,W0359,Night,A,28.0,0,2025-02-18 22:19:00
OP111201,W0241,Evening,D,10.0,0,2025-02-09 08:41:00
OP111203,W0241,Morning,B,35.0,0,2025-05-19 13:26:00
OP111204,W0323,Evening,D,20.0,0,2025-01-09 11:43:00
OP111206,W0204,Morning,A,22.0,0,2025-02-08 00:19:00
OP111208,W0213,Evening,B,8.0,1,2025-06-18 04:37:00
OP111211,W0060,Morning,B,30.0,0,2025-03-17 19:51:00
OP111217,W0486,Morning,B,36.0,1,2025-03-21 18:47:00
OP111220,W0160,Night,E,48.0,0,2025-01-28 17:49:00
OP111223,W0307,Morning,A,47.0,0,2025-01-25 22:33:00
OP111226,W0111,Night,B,44.0,0,2025-05-12 22:02:00
OP111228,W0240,Morning,B,23.0,1,2025-06-04 16:17:00
OP111229,W0210,Evening,E,28.0,0,2025-02-28 18:12:00
OP111237,W0369,Morning,C,42.0,0,2025-06-25 17:53:00
OP111240,W0284,Evening,D,37.0,0,2025-05-26 16:22:00
OP111241,W0014,Morning,E,41.0,0,2025-05-12 21:55:00
OP111245,W0358,Night,B,1.0,0,2025-04-08 14:00:00
OP111248,W0198,Evening,D,42.0,0,2025-02-17 12:28:00
OP111249,W0087,Evening,D,7.0,1,2025-03-19 21:09:00
OP111253,W0023,Evening,D,9.0,0,2025-03-26 01:09:00
OP111257,W0033,Morning,C,47.0,1,2025-01-20 06:58:00
OP111260,W0494,Evening,D,21.0,1,2025-03-24 03:25:00
OP111264,W0183,Evening,C,22.0,0,2025-04-10 02:44:00
OP111268,W0170,Morning,E,47.0,0,2025-02-11 21:07:00
OP111272,W0149,Morning,D,7.0,0,2025-06-21 02:16:00
OP111273,W0023,Morning,E,14.0,0,2025-05-29 19:21:00
OP111280,W0318,Night,C,43.0,0,2025-03-03 02:24:00
OP111284,W0350,Morning,E,32.0,0,2025-05-18 21:29:00
OP111291,W0459,Morning,B,36.0,0,2025-06-09 21:47:00
OP111293,W0162,Night,E,47.0,0,2025-04-12 07:11:00
OP111294,W0451,Evening,B,34.0,1,2025-01-06 21:34:00
OP111297,W0034,Night,D,3.0,0,2025-03-06 14:50:00
OP111299,W0226,Morning,B,2.0,0,2025-05-01 03:23:00
OP111302,W0403,Morning,A,4.0,0,2025-05-28 07:12:00
OP111306,W0134,Evening,B,37.0,0,2025-05-25 19:22:00
OP111309,W0436,Morning,A,22.0,0,2025-02-21 16:50:00
OP111310,W0208,Morning,C,5.0,0,2025-04-06 16:54:00
OP111312,W0218,Morning,B,11.0,0,2025-06-20 05:10:00
OP111315,W0291,Morning,B,3.0,0,2025-03-21 20:16:00
OP111320,W0411,Evening,C,11.0,0,2025-05-07 17:21:00
OP111321,W0221,Morning,B,33.0,0,2025-04-24 10:27:00
OP111322,W0304,Morning,C,46.0,0,2025-03-02 22:37:00
OP111323,W0082,Morning,B,34.0,0,2025-02-16 07:41:00
OP111325,W0191,Night,A,5.0,1,2025-04-10 04:21:00
OP111329,W0370,Morning,B,22.0,0,2025-06-10 15:45:00
OP111330,W0076,Night,A,16.0,0,2025-04-28 18:57:00
OP111331,W0492,Evening,C,14.0,0,2025-06-10 09:29:00
OP111333,W0320,Night,D,21.0,1,2025-06-10 00:34:00
OP111338,W0175,Morning,B,31.0,0,2025-06-24 06:24:00
OP111340,W0452,Night,A,16.0,0,2025-04-22 19:49:00
OP111341,W0171,Morning,C,39.0,1,2025-03-11 10:56:00
OP111343,W0089,Morning,B,21.0,0,2025-05-25 20:31:00
OP111350,W0038,Morning,D,28.0,0,2025-01-19 14:53:00
OP111352,W0482,Evening,D,9.0,0,2025-06-05 12:36:00
OP111353,W0395,Morning,E,24.0,0,2025-06-23 06:28:00
OP111354,W0466,Morning,A,15.0,0,2025-04-18 10:05:00
OP111356,W0115,Morning,C,10.0,1,2025-06-15 06:34:00
OP111359,W0412,Morning,B,32.0,1,2025-04-22 08:17:00
OP111360,W0399,Evening,C,29.0,0,2025-05-25 02:31:00
OP111361,W0093,Morning,A,42.0,0,2025-02-05 16:32:00
OP111362,W0473,Morning,B,37.0,0,2025-05-25 12:57:00
OP111365,W0229,Morning,E,28.0,1,2025-01-30 18:27:00
OP111366,W0221,Night,E,26.0,0,2025-06-10 23:43:00
OP111368,W0253,Morning,E,40.0,0,2025-05-03 10:54:00
OP111371,W0147,Evening,D,18.0,0,2025-01-30 20:43:00
OP111374,W0166,Morning,D,14.0,0,2025-02-02 15:31:00
OP111375,W0058,Morning,D,26.0,1,2025-03-09 03:19:00
OP111376,W0198,Night,B,19.0,1,2025-02-02 07:30:00
OP111377,W0496,Night,A,1.0,0,2025-03-25 13:10:00
OP111378,W0015,Morning,D,3.0,0,2025-06-13 11:08:00
OP111381,W0059,Night,C,48.0,0,2025-04-12 13:53:00
OP111383,W0381,Evening,E,27.0,1,2025-01-20 05:25:00
OP111384,W0335,Evening,D,10.0,0,2025-04-10 00:10:00
OP111387,W0250,Morning,C,44.0,0,2025-05-21 07:36:00
OP111388,W0489,Evening,D,21.0,0,2025-04-16 12:49:00
OP111390,W0289,Morning,B,22.0,0,2025-06-16 12:31:00
OP111392,W0023,Night,D,17.0,0,2025-02-07 05:42:00
OP111393,W0284,Evening,E,22.0,0,2025-02-25 09:26:00
OP111395,W0084,Morning,D,12.0,0,2025-05-09 11:37:00
OP111396,W0483,Night,C,8.0,0,2025-05-23 21:46:00
OP111397,W0211,Morning,C,44.0,0,2025-01-17 06:50:00
OP111398,W0206,Morning,C,34.0,0,2025-01-10 14:48:00
OP111400,W0101,Morning,D,23.0,0,2025-03-20 00:00:00
OP111401,W0167,Morning,C,6.0,0,2025-05-23 16:05:00
OP111403,W0221,Morning,C,34.0,0,2025-03-14 13:00:00
OP111404,W0326,Night,B,22.0,1,2025-02-10 04:59:00
OP111405,W0349,Night,C,25.0,0,2025-01-19 22:02:00
OP111406,W0103,Morning,C,48.0,0,2025-01-31 00:53:00
OP111410,W0221,Morning,E,9.0,1,2025-02-13 05:49:00
OP111411,W0063,Evening,D,24.0,0,2025-01-05 01:32:00
OP111414,W0109,Morning,A,35.0,0,2025-05-02 13:04:00
OP111415,W0038,Evening,C,12.0,0,2025-03-28 15:30:00
OP111416,W0292,Evening,E,23.0,0,2025-01-17 17:15:00
OP111417,W0208,Evening,E,8.0,1,2025-04-24 05:48:00
OP111419,W0165,Morning,E,28.0,0,2025-03-23 21:26:00
OP111420,W0077,Night,D,1.0,0,2025-02-08 14:27:00
OP111421,W0122,Morning,C,48.0,0,2025-04-13 10:56:00
OP111424,W0493,Evening,D,23.0,1,2025-05-06 17:47:00
OP111425,W0260,Morning,B,3.0,0,2025-04-07 16:07:00
OP111428,W0456,Morning,B,13.0,0,2025-01-12 15:41:00
OP111430,W0289,Night,E,14.0,1,2025-01-29 04:37:00
OP111431,W0050,Morning,C,21.0,0,2025-04-17 03:00:00
OP111433,W0383,Evening,C,6.0,0,2025-02-06 02:17:00
OP111441,W0137,Evening,C,30.0,0,2025-01-25 21:33:00
OP111442,W0491,Night,B,24.0,0,2025-06-05 04:59:00
OP111443,W0075,Evening,A,24.0,1,2025-01-27 08:57:00
OP111446,W0402,Morning,B,32.0,0,2025-02-08 14:32:00
OP111447,W0271,Morning,C,12.0,1,2025-03-03 23:36:00
OP111449,W0379,Evening,C,26.0,0,2025-03-17 09:20:00
OP111450,W0394,Morning,B,41.0,0,2025-04-30 20:24:00
OP111459,W0364,Morning,A,26.0,0,2025-02-16 19:47:00
OP111464,W0253,Night,B,47.0,0,2025-05-09 19:46:00
OP111465,W0205,Evening,E,47.0,0,2025-06-01 21:00:00
OP111468,W0216,Evening,D,36.0,0,2025-05-05 18:00:00
OP111470,W0373,Night,E,44.0,0,2025-01-27 19:59:00
OP111471,W0114,Night,D,37.0,0,2025-02-13 00:38:00
OP111472,W0395,Evening,D,47.0,0,2025-05-22 16:18:00
OP111473,W0303,Night,B,5.0,0,2025-04-21 03:21:00
OP111475,W0044,Morning,C,48.0,1,2025-05-11 02:23:00
OP111476,W0031,Morning,B,48.0,0,2025-04-24 05:21:00
OP111480,W0332,Morning,D,35.0,1,2025-01-27 01:24:00
OP111482,W0447,Morning,B,27.0,0,2025-06-20 03:41:00
OP111483,W0185,Evening,A,30.0,0,2025-02-01 00:48:00
OP111484,W0040,Morning,C,30.0,0,2025-01-18 07:33:00
OP111486,W0133,Morning,C,14.0,0,2025-01-21 03:51:00
OP111488,W0071,Evening,D,43.0,0,2025-04-15 13:53:00
OP111489,W0084,Night,C,36.0,0,2025-06-05 09:42:00
OP111490,W0373,Morning,A,36.0,1,2025-03-16 01:21:00
OP111493,W0328,Night,D,23.0,0,2025-05-26 21:38:00
OP111494,W0419,Night,E,49.0,0,2025-04-13 02:43:00
OP111496,W0196,Night,E,23.0,1,2025-01-02 11:37:00
OP111498,W0102,Morning,B,38.0,1,2025-02-12 20:18:00
OP111499,W0180,Evening,D,5.0,0,2025-05-24 17:12:00
OP111511,W0318,Morning,A,32.0,0,2025-01-09 03:56:00
OP111526,W0326,Evening,B,21.0,1,2025-03-04 23:38:00
OP111530,W0298,Morning,C,38.0,0,2025-02-13 11:52:00
OP111531,W0053,Morning,E,25.0,0,2025-05-18 00:15:00
OP111532,W0375,Morning,E,25.0,1,2025-03-14 13:12:00
OP111534,W0302,Morning,D,45.0,0,2025-03-06 21:04:00
OP111536,W0077,Evening,B,13.0,0,2025-04-19 08:14:00
OP111539,W0076,Evening,D,27.0,0,2025-06-15 20:39:00
OP111548,W0307,Evening,A,45.0,0,2025-05-12 12:50:00
OP111549,W0292,Morning,E,33.0,0,2025-03-17 17:47:00
OP111551,W0224,Morning,D,24.0,0,2025-06-29 23:47:00
OP111554,W0125,Morning,C,28.0,1,2025-02-28 05:56:00
OP111563,W0334,Night,C,11.0,0,2025-01-31 19:05:00
OP111565,W0478,Evening,C,1.0,0,2025-05-05 17:56:00
OP111567,W0473,Morning,E,22.0,1,2025-06-07 06:41:00
OP111568,W0211,Evening,E,8.0,0,2025-06-01 21:56:00
OP111569,W0175,Morning,B,3.0,1,2025-05-12 03:19:00
OP111570,W0129,Evening,A,42.0,0,2025-03-26 22:26:00
OP111572,W0036,Evening,A,22.0,1,2025-02-19 02:56:00
OP111573,W0177,Evening,C,4.0,0,2025-06-06 15:51:00
OP111577,W0194,Morning,D,40.0,0,2025-06-19 20:09:00
OP111579,W0427,Night,D,10.0,1,2025-02-20 04:22:00
OP111583,W0046,Morning,A,13.0,1,2025-01-06 07:27:00
OP111585,W0299,Night,E,24.0,0,2025-05-06 23:01:00
OP111589,W0339,Morning,C,7.0,1,2025-05-12 04:59:00
OP111593,W0388,Morning,C,19.0,0,2025-05-30 00:29:00
OP111595,W0350,Night,B,5.0,0,2025-06-24 07:03:00
OP111610,W0400,Morning,B,31.0,1,2025-06-29 20:42:00
OP111611,W0465,Night,B,41.0,1,2025-02-02 02:43:00
OP111612,W0342,Evening,A,12.0,0,2025-02-12 11:22:00
OP111616,W0139,Morning,E,22.0,0,2025-02-04 13:56:00
OP111628,W0326,Morning,A,34.0,0,2025-04-11 15:17:00
OP111631,W0371,Evening,A,11.0,0,2025-05-12 20:27:00
OP111633,W0250,Morning,B,12.0,1,2025-01-08 03:47:00
OP111640,W0075,Evening,A,2.0,0,2025-02-10 16:29:00
OP111642,W0079,Night,E,40.0,1,2025-04-13 19:03:00
OP111644,W0010,Night,C,48.0,0,2025-05-26 19:45:00
OP111649,W0002,Night,D,32.0,0,2025-01-30 16:12:00
OP111650,W0423,Morning,E,32.0,0,2025-05-19 17:09:00
OP111652,W0349,Morning,C,3.0,1,2025-03-12 17:52:00
OP111656,W0498,Morning,C,25.0,0,2025-06-23 18:51:00
OP111658,W0429,Night,B,4.0,0,2025-03-22 14:40:00
OP111660,W0436,Morning,D,36.0,0,2025-05-04 21:27:00
OP111661,W0266,Evening,A,35.0,0,2025-01-01 05:25:00
OP111663,W0181,Evening,E,9.0,1,2025-04-16 10:44:00
OP111665,W0430,Evening,A,32.0,0,2025-06-23 15:44:00
OP111668,W0145,Evening,E,42.0,0,2025-05-31 20:37:00
OP111670,W0085,Night,A,29.0,0,2025-06-26 07:24:00
OP111671,W0486,Night,C,26.0,1,2025-05-06 21:46:00
OP111676,W0147,Morning,D,31.0,1,2025-04-22 05:41:00
OP111679,W0305,Morning,D,17.0,0,2025-02-28 20:44:00
OP111681,W0090,Morning,D,43.0,0,2025-04-24 02:24:00
OP111684,W0182,Evening,B,9.0,0,2025-04-29 19:50:00
OP111689,W0274,Evening,A,34.0,0,2025-05-23 17:40:00
OP111691,W0252,Evening,B,12.0,1,2025-06-21 00:12:00
OP111697,W0149,Night,A,9.0,0,2025-06-23 04:50:00
OP111699,W0474,Evening,B,19.0,1,2025-01-02 06:50:00
OP111701,W0273,Morning,D,8.0,0,2025-06-01 07:57:00
OP111702,W0015,Night,B,42.0,0,2025-01-06 00:35:00
OP111704,W0215,Night,E,32.0,0,2025-04-08 09:41:00
OP111710,W0343,Night,A,15.0,0,2025-02-05 13:33:00
OP111713,W0046,Morning,B,11.0,0,2025-06-24 09:47:00
OP111714,W0443,Morning,A,2.0,0,2025-05-04 06:01:00
OP111715,W0385,Night,D,20.0,1,2025-06-11 17:14:00
OP111716,W0351,Morning,B,3.0,0,2025-06-22 00:37:00
OP111717,W0096,Morning,C,40.0,0,2025-03-21 08:20:00
OP111718,W0267,Morning,E,41.0,0,2025-03-31 20:36:00
OP111719,W0123,Morning,E,17.0,0,2025-05-31 04:04:00
OP111721,W0480,Morning,B,19.0,0,2025-05-30 11:39:00
OP111725,W0454,Morning,E,41.0,0,2025-03-18 05:47:00
OP111727,W0407,Morning,B,19.0,0,2025-02-13 00:37:00
OP111728,W0132,Night,A,10.0,0,2025-01-20 14:14:00
OP111732,W0056,Morning,D,12.0,0,2025-05-21 14:24:00
OP111738,W0405,Morning,B,12.0,0,2025-03-22 06:16:00
OP111739,W0269,Evening,C,27.0,0,2025-05-04 19:44:00
OP111741,W0039,Morning,E,27.0,0,2025-04-11 00:59:00
OP111743,W0396,Evening,B,13.0,0,2025-01-26 12:39:00
OP111746,W0274,Evening,E,32.0,0,2025-02-04 04:20:00
OP111747,W0120,Morning,B,49.0,1,2025-05-11 06:21:00
OP111748,W0220,Morning,E,32.0,0,2025-06-10 17:41:00
OP111750,W0380,Morning,B,49.0,0,2025-04-20 15:21:00
OP111753,W0153,Morning,A,7.0,0,2025-05-04 05:06:00
OP111754,W0492,Night,E,15.0,0,2025-04-11 04:27:00
OP111755,W0158,Morning,A,21.0,0,2025-04-11 12:36:00
OP111759,W0314,Night,E,38.0,1,2025-05-22 00:34:00
OP111760,W0404,Evening,A,5.0,0,2025-03-23 00:42:00
OP111761,W0420,Night,A,46.0,0,2025-05-13 20:22:00
OP111763,W0340,Morning,D,40.0,1,2025-03-05 21:48:00
OP111765,W0181,Night,C,46.0,1,2025-01-07 20:53:00
OP111766,W0419,Morning,B,33.0,0,2025-04-20 15:42:00
OP111770,W0449,Morning,C,4.0,0,2025-05-09 18:16:00
OP111773,W0498,Evening,E,28.0,0,2025-01-27 10:30:00
OP111775,W0478,Evening,B,44.0,0,2025-04-22 14:06:00
OP111776,W0289,Night,D,24.0,0,2025-05-09 16:01:00
OP111777,W0484,Morning,D,39.0,1,2025-01-19 00:20:00
OP111778,W0092,Morning,D,17.0,0,2025-04-29 08:53:00
OP111779,W0101,Night,D,15.0,0,2025-05-28 03:53:00
OP111780,W0370,Morning,D,5.0,0,2025-04-16 17:33:00
OP111782,W0421,Morning,A,38.0,0,2025-02-01 07:09:00
OP111784,W0084,Morning,D,16.0,1,2025-01-18 22:17:00
OP111787,W0175,Morning,D,38.0,0,2025-04-02 09:25:00
OP111788,W0336,Night,B,43.0,0,2025-06-05 04:18:00
OP111789,W0361,Morning,C,39.0,0,2025-06-12 03:06:00
OP111792,W0407,Morning,B,43.0,1,2025-01-06 23:47:00
OP111794,W0202,Morning,B,1.0,1,2025-05-02 00:20:00
OP111795,W0151,Night,B,6.0,1,2025-05-18 11:47:00
OP111796,W0013,Morning,E,24.0,1,2025-03-27 16:45:00
OP111804,W0375,Evening,C,41.0,0,2025-04-04 06:30:00
OP111805,W0171,Night,E,7.0,0,2025-04-26 23:12:00
OP111809,W0388,Night,B,28.0,0,2025-06-17 12:08:00
OP111814,W0054,Morning,C,29.0,1,2025-05-15 17:25:00
OP111816,W0043,Night,B,26.0,0,2025-05-10 16:12:00
OP111817,W0215,Night,C,34.0,0,2025-04-17 03:57:00
OP111819,W0124,Evening,D,26.0,1,2025-01-13 22:35:00
OP111825,W0496,Evening,E,42.0,0,2025-03-25 02:53:00
OP111826,W0084,Morning,B,49.0,0,2025-06-09 22:32:00
OP111827,W0135,Evening,D,34.0,0,2025-05-17 16:24:00
OP111828,W0063,Evening,E,32.0,0,2025-05-24 06:09:00
OP111831,W0226,Morning,A,48.0,0,2025-01-09 10:32:00
OP111834,W0319,Evening,A,9.0,1,2025-01-12 21:56:00
OP111838,W0071,Morning,E,25.0,0,2025-05-24 12:53:00
OP111840,W0360,Morning,C,44.0,0,2025-02-05 06:26:00
OP111841,W0457,Evening,B,15.0,0,2025-01-20 00:14:00
OP111842,W0163,Morning,D,38.0,0,2025-02-26 08:05:00
OP111847,W0429,Morning,D,49.0,0,2025-03-26 09:07:00
OP111848,W0330,Morning,B,28.0,0,2025-05-17 20:27:00
OP111849,W0458,Morning,A,6.0,0,2025-01-19 03:34:00
OP111850,W0334,Evening,D,13.0,1,2025-04-30 13:58:00
OP111851,W0472,Evening,E,34.0,1,2025-02-08 18:55:00
OP111852,W0372,Morning,D,22.0,0,2025-02-05 22:16:00
OP111853,W0315,Morning,E,42.0,0,2025-03-21 06:03:00
OP111856,W0321,Morning,D,35.0,0,2025-01-20 12:56:00
OP111857,W0044,Morning,E,44.0,0,2025-02-16 05:57:00
OP111859,W0276,Evening,E,47.0,0,2025-03-27 17:27:00
OP111860,W0243,Night,E,40.0,0,2025-04-12 09:45:00
OP111864,W0157,Morning,D,7.0,0,2025-06-04 09:03:00
OP111870,W0257,Evening,C,4.0,0,2025-05-06 11:40:00
OP111871,W0334,Morning,E,48.0,0,2025-04-19 05:16:00
OP111874,W0328,Evening,A,2.0,1,2025-02-03 21:56:00
OP111878,W0457,Night,D,31.0,0,2025-06-09 05:12:00
OP111879,W0217,Morning,E,20.0,0,2025-03-13 20:05:00
OP111880,W0155,Morning,E,8.0,1,2025-06-27 21:02:00
OP111882,W0146,Morning,E,32.0,0,2025-05-13 06:31:00
OP111890,W0003,Morning,B,44.0,0,2025-04-06 21:29:00
OP111891,W0042,Morning,E,45.0,0,2025-01-18 01:36:00
OP111894,W0070,Evening,B,38.0,0,2025-03-16 07:44:00
OP111895,W0478,Morning,D,14.0,1,2025-01-25 05:37:00
OP111898,W0414,Evening,C,3.0,1,2025-06-05 03:04:00
OP111899,W0407,Night,D,13.0,0,2025-02-07 22:59:00
OP111902,W0014,Evening,E,20.0,1,2025-04-17 18:56:00
OP111903,W0015,Morning,E,38.0,0,2025-03-31 18:09:00
OP111904,W0225,Morning,E,30.0,0,2025-02-21 16:02:00
OP111905,W0122,Evening,E,6.0,0,2025-01-05 00:12:00
OP111906,W0003,Morning,A,36.0,0,2025-05-31 01:18:00
OP111908,W0194,Night,D,5.0,1,2025-03-11 04:52:00
OP111909,W0031,Morning,C,39.0,0,2025-06-12 08:20:00
OP111911,W0027,Evening,C,33.0,0,2025-03-20 09:08:00
OP111917,W0418,Evening,C,36.0,0,2025-03-06 13:23:00
OP111919,W0048,Morning,E,45.0,0,2025-04-11 22:18:00
OP111921,W0083,Morning,A,24.0,0,2025-02-09 08:03:00
OP111925,W0235,Morning,C,22.0,0,2025-04-01 00:13:00
OP111927,W0062,Evening,B,5.0,0,2025-01-01 14:06:00
OP111928,W0055,Morning,C,7.0,0,2025-02-11 04:28:00
OP111929,W0073,Evening,E,33.0,1,2025-06-27 11:46:00
OP111942,W0207,Morning,B,12.0,0,2025-02-20 19:34:00
OP111943,W0140,Night,E,13.0,1,2025-02-28 11:22:00
OP111944,W0287,Night,A,45.0,0,2025-05-29 16:25:00
OP111945,W0499,Morning,A,27.0,0,2025-02-09 10:05:00
OP111946,W0304,Morning,C,12.0,0,2025-03-03 09:47:00
OP111948,W0448,Morning,A,45.0,0,2025-05-05 08:55:00
OP111949,W0493,Morning,A,32.0,0,2025-01-24 14:48:00
OP111950,W0457,Morning,B,11.0,0,2025-05-22 00:27:00
OP111952,W0282,Morning,D,2.0,1,2025-01-03 01:05:00
OP111954,W0451,Night,A,36.0,1,2025-05-26 21:03:00
OP111955,W0363,Night,C,24.0,1,2025-05-11 09:22:00
OP111957,W0207,Night,A,47.0,0,2025-06-14 00:29:00
OP111958,W0462,Morning,C,28.0,1,2025-04-24 05:37:00
OP111960,W0406,Morning,B,21.0,0,2025-04-26 17:07:00
OP111961,W0381,Morning,C,36.0,0,2025-03-06 12:59:00
OP111963,W0450,Night,A,38.0,1,2025-01-11 22:47:00
OP111965,W0028,Morning,C,14.0,0,2025-01-20 10:28:00
OP111966,W0487,Morning,B,40.0,0,2025-02-07 07:34:00
OP111971,W0477,Morning,E,22.0,0,2025-03-31 07:07:00
OP111972,W0411,Morning,D,3.0,0,2025-06-26 22:05:00
OP111974,W0136,Evening,A,14.0,0,2025-04-02 12:52:00
OP111978,W0072,Evening,B,5.0,0,2025-01-04 07:25:00
OP111980,W0072,Night,B,45.0,0,2025-04-09 06:20:00
OP111985,W0145,Evening,B,44.0,1,2025-03-30 09:18:00
OP111991,W0378,Evening,A,13.0,0,2025-05-09 05:50:00
OP111993,W0156,Morning,D,3.0,0,2025-05-19 17:31:00
OP111994,W0439,Morning,B,47.0,0,2025-03-21 03:52:00
OP111995,W0097,Evening,C,35.0,1,2025-03-22 09:19:00
OP111997,W0418,Evening,A,30.0,1,2025-06-26 00:24:00
OP111998,W0148,Morning,A,8.0,1,2025-03-14 20:11:00
OP111999,W0029,Morning,B,44.0,0,2025-06-10 11:36:00
OP112001,W0412,Morning,A,27.0,0,2025-06-11 16:33:00
OP112003,W0316,Morning,B,5.0,1,2025-02-09 09:20:00
OP112005,W0324,Night,D,43.0,1,2025-01-10 22:40:00
OP112011,W0291,Night,E,30.0,0,2025-01-15 21:05:00
OP112012,W0016,Evening,A,33.0,0,2025-06-11 13:05:00
OP112014,W0208,Night,B,36.0,0,2025-06-11 09:15:00
OP112015,W0463,Night,B,11.0,0,2025-02-11 02:53:00
OP112016,W0228,Morning,A,31.0,1,2025-02-04 18:11:00
OP112018,W0011,Morning,A,34.0,0,2025-02-09 03:57:00
OP112025,W0202,Morning,D,5.0,0,2025-03-01 14:15:00
OP112026,W0397,Night,D,48.0,0,2025-03-04 03:45:00
OP112030,W0101,Morning,A,39.0,0,2025-01-01 08:12:00
OP112033,W0420,Morning,E,31.0,0,2025-02-20 16:12:00
OP112034,W0170,Morning,A,43.0,1,2025-05-03 20:55:00
OP112037,W0316,Night,E,28.0,0,2025-06-17 19:17:00
OP112038,W0230,Morning,C,20.0,1,2025-06-20 18:16:00
OP112039,W0360,Morning,E,10.0,0,2025-04-20 23:26:00
OP112040,W0170,Morning,D,3.0,0,2025-04-23 15:44:00
OP112041,W0452,Morning,D,45.0,0,2025-05-20 07:57:00
OP112043,W0457,Morning,E,22.0,0,2025-06-28 16:39:00
OP112048,W0305,Evening,D,42.0,0,2025-02-22 16:45:00
OP112049,W0266,Morning,A,10.0,0,2025-01-24 08:27:00
OP112057,W0478,Night,D,19.0,0,2025-03-15 07:57:00
OP112058,W0324,Morning,E,12.0,0,2025-03-03 05:23:00
OP112062,W0390,Night,D,46.0,1,2025-06-13 13:20:00
OP112063,W0189,Night,B,3.0,0,2025-01-22 02:37:00
OP112065,W0279,Morning,B,27.0,0,2025-02-27 05:34:00
OP112067,W0341,Morning,E,10.0,1,2025-01-26 03:17:00
OP112068,W0451,Morning,B,35.0,0,2025-03-22 22:47:00
OP112069,W0113,Night,B,9.0,0,2025-01-19 11:11:00
OP112071,W0054,Evening,B,43.0,0,2025-05-11 13:17:00
OP112072,W0180,Evening,E,17.0,0,2025-04-12 01:22:00
OP112073,W0421,Night,A,31.0,0,2025-04-26 14:45:00
OP112074,W0356,Evening,C,12.0,0,2025-06-21 10:23:00
OP112075,W0331,Morning,C,22.0,0,2025-06-13 13:05:00
OP112076,W0373,Night,D,5.0,0,2025-05-13 09:08:00
OP112079,W0066,Morning,B,20.0,0,2025-01-17 12:23:00
OP112082,W0446,Morning,E,14.0,1,2025-06-01 06:14:00
OP112084,W0204,Morning,D,35.0,0,2025-01-06 04:13:00
OP112085,W0475,Morning,E,14.0,0,2025-01-23 06:57:00
OP112086,W0356,Night,B,14.0,0,2025-01-18 10:58:00
OP112088,W0014,Morning,C,18.0,0,2025-02-25 13:27:00
OP112091,W0047,Evening,B,31.0,0,2025-01-07 21:17:00
OP112092,W0178,Morning,A,21.0,0,2025-05-23 15:01:00
OP112094,W0321,Morning,B,9.0,0,2025-04-09 16:51:00
OP112096,W0394,Morning,D,26.0,0,2025-06-06 16:26:00
OP112097,W0068,Evening,D,20.0,0,2025-01-27 11:44:00
OP112098,W0192,Morning,E,13.0,1,2025-03-30 01:07:00
OP112099,W0055,Morning,D,10.0,0,2025-02-04 08:18:00
OP112100,W0212,Morning,B,4.0,0,2025-03-19 00:56:00
OP112101,W0053,Night,D,22.0,0,2025-03-04 06:57:00
OP112105,W0125,Night,A,24.0,0,2025-02-07 19:02:00
OP112107,W0378,Evening,E,2.0,0,2025-05-06 00:46:00
OP112110,W0020,Morning,C,2.0,0,2025-05-13 07:21:00
OP112111,W0298,Morning,C,2.0,0,2025-04-01 23:37:00
OP112112,W0387,Night,A,20.0,0,2025-06-29 04:42:00
OP112118,W0207,Morning,C,46.0,1,2025-02-22 22:49:00
OP112119,W0005,Morning,A,28.0,0,2025-04-30 11:09:00
OP112120,W0059,Evening,D,12.0,0,2025-06-14 17:45:00
OP112121,W0454,Night,D,35.0,0,2025-01-21 18:05:00
OP112123,W0008,Morning,C,40.0,1,2025-06-07 00:54:00
OP112125,W0144,Morning,A,15.0,0,2025-01-11 21:06:00
OP112130,W0459,Night,B,45.0,0,2025-01-02 16:22:00
OP112131,W0368,Morning,D,6.0,0,2025-05-25 09:34:00
OP112133,W0353,Morning,B,17.0,0,2025-02-01 12:42:00
OP112134,W0219,Night,A,35.0,1,2025-02-27 20:14:00
OP112135,W0037,Morning,A,46.0,1,2025-03-13 22:03:00
OP112136,W0011,Night,C,22.0,0,2025-05-17 07:17:00
OP112139,W0299,Night,E,39.0,1,2025-05-01 07:35:00
OP112140,W0275,Evening,C,39.0,0,2025-06-14 20:49:00
OP112142,W0320,Morning,C,25.0,0,2025-01-31 23:37:00
OP112145,W0179,Night,B,27.0,1,2025-02-08 01:21:00
OP112149,W0025,Morning,D,26.0,0,2025-03-23 09:16:00
OP112151,W0211,Evening,D,4.0,0,2025-04-26 15:46:00
OP112154,W0097,Night,C,49.0,0,2025-01-17 03:39:00
OP112158,W0421,Evening,D,26.0,0,2025-03-01 23:03:00
OP112159,W0461,Night,A,1.0,0,2025-04-16 10:25:00
OP112160,W0470,Night,D,41.0,0,2025-04-22 15:42:00
OP112161,W0273,Morning,A,49.0,1,2025-02-28 02:30:00
OP112165,W0294,Morning,B,26.0,0,2025-05-09 22:34:00
OP112169,W0121,Morning,E,34.0,0,2025-04-07 23:55:00
OP112170,W0005,Morning,B,25.0,0,2025-02-26 06:33:00
OP112176,W0237,Morning,B,7.0,0,2025-05-19 15:53:00
OP112177,W0308,Evening,A,24.0,0,2025-02-25 14:50:00
OP112179,W0154,Night,B,30.0,0,2025-01-19 09:27:00
OP112180,W0196,Morning,C,8.0,0,2025-05-07 14:20:00
OP112181,W0129,Night,D,43.0,0,2025-03-16 03:56:00
OP112183,W0361,Morning,D,28.0,1,2025-01-27 07:52:00
OP112184,W0142,Evening,A,1.0,0,2025-03-24 19:24:00
OP112187,W0260,Night,C,27.0,0,2025-03-22 09:07:00
OP112189,W0177,Night,A,32.0,0,2025-05-25 10:58:00
OP112190,W0297,Morning,E,17.0,1,2025-05-26 23:43:00
OP112191,W0374,Morning,D,42.0,0,2025-06-08 03:49:00
OP112193,W0007,Morning,A,38.0,0,2025-05-15 18:38:00
OP112194,W0168,Morning,E,21.0,0,2025-01-12 05:17:00
OP112195,W0444,Morning,C,23.0,0,2025-04-13 10:37:00
OP112197,W0222,Night,A,39.0,1,2025-02-19 16:23:00
OP112198,W0486,Morning,B,4.0,0,2025-04-05 19:00:00
OP112199,W0121,Morning,B,40.0,0,2025-06-11 11:19:00
OP112202,W0087,Night,E,33.0,0,2025-03-08 03:59:00
OP112204,W0123,Morning,E,1.0,1,2025-02-22 13:53:00
OP112205,W0105,Night,C,15.0,0,2025-04-01 17:24:00
OP112206,W0306,Morning,D,33.0,0,2025-03-06 10:29:00
OP112207,W0166,Evening,E,35.0,0,2025-04-06 04:51:00
OP112208,W0446,Evening,E,48.0,0,2025-01-15 11:38:00
OP112209,W0246,Night,A,33.0,1,2025-03-17 19:02:00
OP112210,W0221,Night,E,42.0,1,2025-06-01 18:56:00
OP112215,W0166,Evening,A,26.0,1,2025-05-21 23:19:00
OP112216,W0366,Evening,C,40.0,0,2025-03-23 19:55:00
OP112219,W0099,Morning,B,41.0,1,2025-01-31 12:42:00
OP112224,W0238,Morning,D,11.0,1,2025-04-18 06:50:00
OP112226,W0091,Night,A,6.0,0,2025-01-10 23:33:00
OP112228,W0093,Evening,A,16.0,1,2025-04-27 15:36:00
OP112229,W0176,Morning,A,6.0,0,2025-03-16 03:35:00
OP112230,W0104,Night,B,42.0,0,2025-02-15 21:21:00
OP112231,W0255,Morning,B,40.0,0,2025-04-06 23:05:00
OP112234,W0186,Evening,E,4.0,1,2025-05-30 18:14:00
OP112235,W0498,Evening,B,8.0,1,2025-06-23 07:31:00
OP112238,W0091,Evening,C,6.0,1,2025-02-01 22:31:00
OP112239,W0016,Morning,E,15.0,1,2025-03-28 06:02:00
OP112241,W0100,Night,D,12.0,1,2025-02-24 11:13:00
OP112244,W0141,Morning,C,26.0,0,2025-04-28 16:28:00
OP112246,W0210,Night,E,7.0,1,2025-03-20 03:26:00
OP112247,W0358,Night,B,9.0,0,2025-05-26 07:27:00
OP112250,W0158,Morning,B,9.0,0,2025-01-01 05:23:00
OP112256,W0178,Morning,A,31.0,0,2025-01-24 12:08:00
OP112258,W0440,Night,E,8.0,0,2025-01-16 18:06:00
OP112260,W0071,Evening,C,15.0,0,2025-06-16 10:04:00
OP112261,W0152,Night,B,19.0,0,2025-02-17 01:14:00
OP112262,W0332,Night,A,46.0,1,2025-03-28 12:53:00
OP112263,W0010,Morning,A,42.0,0,2025-02-20 22:30:00
OP112264,W0465,Night,E,3.0,1,2025-06-06 13:12:00
OP112265,W0086,Morning,A,40.0,0,2025-01-14 15:45:00
OP112267,W0143,Morning,E,47.0,0,2025-03-16 03:01:00
OP112268,W0213,Evening,E,3.0,0,2025-05-02 18:09:00
OP112271,W0037,Evening,A,35.0,0,2025-06-19 20:16:00
OP112272,W0396,Evening,E,49.0,0,2025-05-07 10:33:00
OP112274,W0300,Evening,D,15.0,0,2025-05-18 05:57:00
OP112275,W0141,Night,E,8.0,0,2025-03-11 22:29:00
OP112279,W0326,Evening,B,7.0,1,2025-02-02 14:26:00
OP112280,W0376,Night,D,44.0,1,2025-02-17 03:37:00
OP112282,W0430,Morning,B,15.0,0,2025-01-19 05:08:00
OP112284,W0241,Morning,A,39.0,0,2025-05-06 06:01:00
OP112286,W0111,Night,E,25.0,0,2025-06-28 07:22:00
OP112287,W0328,Night,D,41.0,0,2025-05-06 23:48:00
OP112288,W0263,Morning,D,7.0,0,2025-01-02 12:14:00
OP112289,W0446,Evening,D,36.0,0,2025-01-18 03:05:00
OP112292,W0433,Morning,E,16.0,0,2025-05-13 01:35:00
OP112294,W0248,Night,B,31.0,0,2025-05-24 19:47:00
OP112296,W0140,Morning,A,5.0,0,2025-02-09 14:48:00
OP112298,W0092,Night,B,28.0,0,2025-05-13 18:33:00
OP112299,W0495,Morning,D,30.0,0,2025-01-03 07:43:00
OP112303,W0251,Morning,E,13.0,0,2025-01-16 19:33:00
OP112305,W0133,Night,E,22.0,0,2025-05-20 03:48:00
OP112308,W0413,Night,A,41.0,0,2025-05-31 09:01:00
OP112311,W0269,Night,A,20.0,0,2025-03-24 05:07:00
OP112314,W0157,Night,B,6.0,0,2025-05-13 10:06:00
OP112316,W0158,Evening,A,21.0,0,2025-02-27 20:10:00
OP112320,W0210,Evening,A,43.0,0,2025-02-17 14:35:00
OP112322,W0042,Morning,E,16.0,0,2025-02-28 20:49:00
OP112324,W0490,Morning,B,7.0,0,2025-05-21 11:29:00
OP112325,W0171,Night,C,35.0,1,2025-04-03 09:11:00
OP112326,W0383,Night,B,45.0,0,2025-03-19 18:42:00
OP112328,W0467,Evening,B,8.0,0,2025-04-11 16:39:00
OP112330,W0007,Night,E,31.0,0,2025-05-31 19:08:00
OP112331,W0478,Night,C,16.0,1,2025-01-12 02:06:00
OP112332,W0411,Night,C,42.0,0,2025-03-19 12:58:00
OP112334,W0017,Morning,E,48.0,0,2025-03-31 00:19:00
OP112335,W0136,Morning,D,35.0,0,2025-05-23 19:02:00
OP112337,W0306,Morning,A,13.0,0,2025-01-31 12:53:00
OP112338,W0061,Night,B,45.0,0,2025-04-02 08:34:00
OP112342,W0416,Night,A,34.0,0,2025-05-18 23:39:00
OP112345,W0419,Morning,C,19.0,1,2025-04-29 18:27:00
OP112348,W0222,Morning,C,36.0,0,2025-06-04 11:03:00
OP112351,W0175,Evening,E,28.0,0,2025-06-03 12:50:00
OP112355,W0463,Morning,C,32.0,0,2025-06-27 03:56:00
OP112361,W0162,Morning,E,26.0,0,2025-03-11 19:23:00
OP112364,W0275,Night,B,45.0,0,2025-06-15 01:52:00
OP112365,W0446,Evening,C,3.0,0,2025-04-21 13:34:00
OP112368,W0353,Morning,B,1.0,0,2025-02-14 03:11:00
OP112370,W0310,Night,C,19.0,0,2025-04-09 03:20:00
OP112374,W0448,Evening,E,17.0,1,2025-06-11 03:42:00
OP112376,W0311,Morning,D,14.0,0,2025-06-25 16:25:00
OP112377,W0237,Morning,B,49.0,0,2025-02-18 14:02:00
OP112378,W0480,Evening,E,3.0,0,2025-04-28 23:37:00
OP112383,W0168,Evening,D,26.0,1,2025-03-21 05:14:00
OP112385,W0319,Morning,B,45.0,0,2025-05-11 01:52:00
OP112386,W0057,Evening,D,9.0,0,2025-03-25 01:36:00
OP112390,W0228,Morning,A,19.0,0,2025-06-16 12:02:00
OP112392,W0088,Morning,E,36.0,0,2025-02-01 01:32:00
OP112393,W0426,Night,C,5.0,0,2025-01-21 08:09:00
OP112394,W0140,Night,D,36.0,0,2025-03-22 23:30:00
OP112395,W0389,Morning,C,17.0,0,2025-03-06 02:43:00
OP112396,W0077,Morning,A,8.0,0,2025-04-30 09:56:00
OP112405,W0255,Morning,C,43.0,1,2025-06-29 10:45:00
OP112407,W0498,Evening,C,15.0,0,2025-02-02 04:12:00
OP112408,W0152,Evening,E,14.0,0,2025-06-29 11:45:00
OP112409,W0447,Morning,B,28.0,0,2025-05-14 21:38:00
OP112410,W0412,Morning,B,49.0,0,2025-01-05 11:15:00
OP112411,W0330,Evening,A,31.0,0,2025-05-08 01:04:00
OP112412,W0036,Morning,E,14.0,0,2025-03-15 19:47:00
OP112415,W0224,Evening,E,34.0,0,2025-02-10 08:48:00
OP112418,W0455,Night,D,38.0,0,2025-04-12 07:25:00
OP112419,W0026,Night,B,13.0,0,2025-06-12 16:24:00
OP112425,W0243,Morning,D,47.0,1,2025-03-06 22:22:00
OP112427,W0141,Morning,A,16.0,0,2025-05-02 20:58:00
OP112432,W0444,Morning,B,20.0,0,2025-06-02 19:55:00
OP112433,W0391,Evening,B,46.0,0,2025-02-11 12:28:00
OP112434,W0446,Morning,D,4.0,0,2025-06-07 07:22:00
OP112439,W0353,Morning,C,30.0,0,2025-06-29 16:11:00
OP112442,W0064,Morning,C,19.0,1,2025-03-02 03:45:00
OP112444,W0020,Night,A,30.0,0,2025-02-28 06:54:00
OP112445,W0147,Morning,C,40.0,0,2025-02-09 06:59:00
OP112447,W0076,Night,A,40.0,1,2025-02-02 21:08:00
OP112451,W0330,Night,C,16.0,0,2025-03-10 17:40:00
OP112454,W0421,Morning,E,43.0,0,2025-03-23 08:05:00
OP112455,W0469,Morning,C,14.0,0,2025-04-21 23:53:00
OP112456,W0385,Morning,E,9.0,0,2025-04-29 04:21:00
OP112459,W0298,Evening,B,48.0,1,2025-04-08 18:12:00
OP112460,W0147,Morning,E,12.0,0,2025-04-01 10:56:00
OP112461,W0084,Evening,B,1.0,1,2025-01-11 06:25:00
OP112466,W0093,Evening,D,4.0,1,2025-06-20 10:04:00
OP112469,W0022,Evening,A,40.0,0,2025-03-07 11:41:00
OP112470,W0494,Evening,A,10.0,1,2025-06-18 12:14:00
OP112471,W0354,Morning,B,34.0,0,2025-04-06 20:07:00
OP112474,W0094,Night,D,20.0,0,2025-03-26 20:06:00
OP112477,W0074,Night,C,1.0,0,2025-01-29 11:52:00
OP112478,W0295,Evening,C,39.0,0,2025-05-25 09:17:00
OP112483,W0449,Morning,A,15.0,0,2025-05-25 12:25:00
OP112487,W0230,Morning,C,29.0,1,2025-01-31 19:07:00
OP112488,W0238,Night,A,26.0,0,2025-01-22 08:32:00
OP112491,W0339,Morning,B,27.0,1,2025-01-20 18:43:00
OP112492,W0373,Morning,D,15.0,0,2025-01-11 04:27:00
OP112493,W0148,Morning,B,37.0,0,2025-01-04 16:21:00
OP112502,W0144,Night,A,19.0,0,2025-05-01 19:04:00
OP112505,W0172,Night,A,28.0,0,2025-05-15 16:10:00
OP112506,W0048,Evening,A,48.0,0,2025-01-01 01:30:00
OP112508,W0462,Evening,C,18.0,1,2025-02-06 04:41:00
OP112511,W0019,Night,B,42.0,0,2025-01-28 11:22:00
OP112513,W0310,Morning,D,23.0,1,2025-04-23 19:03:00
OP112514,W0279,Morning,A,22.0,0,2025-05-20 06:48:00
OP112515,W0456,Night,A,42.0,1,2025-02-27 12:54:00
OP112518,W0331,Night,B,7.0,0,2025-06-10 23:20:00
OP112519,W0354,Morning,B,16.0,0,2025-01-18 04:53:00
OP112524,W0010,Night,D,49.0,0,2025-04-12 07:02:00
OP112525,W0497,Morning,E,15.0,1,2025-06-10 07:43:00
OP112527,W0010,Morning,C,29.0,0,2025-03-04 13:24:00
OP112529,W0283,Night,B,39.0,1,2025-04-12 20:56:00
OP112531,W0164,Morning,B,48.0,0,2025-04-14 04:29:00
OP112532,W0244,Night,D,36.0,0,2025-01-31 16:02:00
OP112533,W0180,Morning,D,44.0,0,2025-04-20 12:45:00
OP112534,W0053,Morning,E,23.0,0,2025-05-03 07:38:00
OP112535,W0158,Evening,E,41.0,1,2025-06-26 10:05:00
OP112540,W0454,Evening,C,19.0,1,2025-02-28 11:50:00
OP112541,W0005,Morning,A,13.0,0,2025-06-15 14:35:00
OP112542,W0006,Evening,C,44.0,0,2025-04-30 22:05:00
OP112543,W0092,Morning,E,23.0,1,2025-05-24 05:12:00
OP112545,W0292,Morning,B,28.0,0,2025-05-11 11:53:00
OP112546,W0451,Morning,C,33.0,1,2025-04-05 11:50:00
OP112547,W0327,Morning,A,13.0,0,2025-03-12 17:20:00
OP112553,W0322,Morning,B,9.0,0,2025-04-02 02:27:00
OP112554,W0037,Evening,C,44.0,0,2025-02-03 15:14:00
OP112555,W0047,Morning,B,2.0,0,2025-06-01 13:31:00
OP112558,W0448,Night,B,27.0,0,2025-04-11 19:32:00
OP112559,W0365,Morning,D,36.0,1,2025-06-03 17:23:00
OP112560,W0341,Morning,B,17.0,0,2025-05-05 05:28:00
OP112565,W0296,Evening,D,9.0,0,2025-01-22 17:52:00
OP112566,W0152,Morning,C,6.0,0,2025-04-06 12:31:00
OP112567,W0374,Night,A,3.0,1,2025-01-07 05:05:00
OP112571,W0481,Evening,B,25.0,0,2025-03-21 17:44:00
OP112572,W0495,Morning,D,13.0,1,2025-06-15 18:26:00
OP112573,W0207,Morning,B,18.0,1,2025-01-26 07:37:00
OP112574,W0286,Morning,C,33.0,0,2025-05-11 20:41:00
OP112575,W0269,Morning,C,14.0,0,2025-02-13 16:41:00
OP112576,W0090,Night,A,23.0,0,2025-01-29 08:58:00
OP112577,W0059,Night,C,4.0,0,2025-05-08 05:20:00
OP112580,W0223,Evening,B,16.0,1,2025-05-12 12:47:00
OP112581,W0271,Evening,E,4.0,0,2025-05-03 19:43:00
OP112593,W0477,Morning,B,31.0,0,2025-01-20 14:00:00
OP112595,W0396,Evening,A,27.0,0,2025-01-05 14:06:00
OP112598,W0026,Morning,C,49.0,0,2025-01-10 01:29:00
OP112601,W0181,Night,A,41.0,0,2025-06-14 04:10:00
OP112603,W0427,Morning,E,28.0,1,2025-05-11 17:32:00
OP112606,W0185,Morning,D,19.0,0,2025-06-19 19:29:00
OP112608,W0324,Evening,D,11.0,1,2025-05-02 15:40:00
OP112609,W0006,Night,B,41.0,1,2025-06-17 14:26:00
OP112610,W0493,Morning,D,29.0,0,2025-05-11 23:59:00
OP112612,W0016,Morning,C,17.0,0,2025-03-14 02:48:00
OP112613,W0028,Night,D,24.0,0,2025-06-05 03:50:00
OP112619,W0211,Night,B,6.0,0,2025-03-28 14:24:00
OP112620,W0262,Morning,E,14.0,1,2025-01-07 14:56:00
OP112621,W0339,Morning,B,47.0,1,2025-06-05 09:16:00
OP112623,W0214,Night,C,3.0,1,2025-04-12 15:07:00
OP112624,W0455,Night,D,37.0,0,2025-03-04 21:09:00
OP112626,W0019,Evening,C,13.0,0,2025-06-25 21:46:00
OP112627,W0426,Morning,D,36.0,0,2025-04-12 06:11:00
OP112628,W0216,Morning,C,34.0,0,2025-06-19 03:12:00
OP112629,W0260,Night,C,30.0,0,2025-01-09 06:23:00
OP112630,W0360,Night,B,14.0,0,2025-03-22 03:37:00
OP112632,W0061,Evening,B,1.0,0,2025-04-08 19:23:00
OP112633,W0475,Morning,A,3.0,0,2025-03-17 22:45:00
OP112638,W0217,Morning,C,40.0,0,2025-01-16 07:06:00
OP112639,W0274,Morning,A,27.0,0,2025-04-10 19:09:00
OP112645,W0069,Morning,C,38.0,1,2025-05-09 13:40:00
OP112646,W0489,Night,B,2.0,0,2025-04-09 17:16:00
OP112650,W0121,Night,A,25.0,0,2025-04-29 08:56:00
OP112652,W0300,Evening,A,4.0,1,2025-05-03 15:38:00
OP112653,W0260,Evening,E,34.0,1,2025-04-29 23:38:00
OP112655,W0119,Morning,D,24.0,0,2025-02-01 07:54:00
OP112658,W0116,Morning,A,49.0,0,2025-01-14 08:28:00
OP112661,W0398,Evening,B,48.0,0,2025-01-06 14:12:00
OP112663,W0050,Morning,E,5.0,0,2025-06-16 07:53:00
OP112666,W0363,Evening,B,46.0,0,2025-05-21 16:59:00
OP112670,W0309,Evening,C,26.0,0,2025-05-29 16:18:00
OP112671,W0002,Night,A,40.0,0,2025-02-27 10:11:00
OP112672,W0287,Night,C,42.0,0,2025-04-08 21:24:00
OP112674,W0238,Night,A,47.0,0,2025-01-24 04:09:00
OP112676,W0069,Morning,D,38.0,0,2025-02-05 21:00:00
OP112678,W0072,Morning,C,17.0,0,2025-02-21 01:46:00
OP112679,W0170,Night,D,38.0,1,2025-03-15 18:50:00
OP112680,W0333,Morning,C,48.0,0,2025-05-11 18:31:00
OP112681,W0383,Night,D,16.0,0,2025-03-14 04:59:00
OP112684,W0044,Morning,A,5.0,1,2025-03-19 16:07:00
OP112688,W0241,Morning,B,22.0,1,2025-04-14 05:14:00
OP112690,W0252,Morning,A,34.0,0,2025-01-14 14:16:00
OP112691,W0051,Morning,A,26.0,0,2025-03-23 10:06:00
OP112694,W0284,Morning,B,33.0,0,2025-01-10 22:22:00
OP112699,W0353,Evening,B,40.0,0,2025-03-18 06:04:00
OP112707,W0498,Morning,D,46.0,1,2025-02-25 17:28:00
OP112709,W0492,Morning,D,22.0,0,2025-01-25 01:25:00
OP112710,W0339,Morning,D,43.0,0,2025-05-19 22:09:00
OP112713,W0086,Evening,B,43.0,0,2025-05-16 06:33:00
OP112716,W0333,Morning,A,14.0,1,2025-05-21 11:18:00
OP112718,W0358,Morning,A,17.0,0,2025-03-29 16:39:00
OP112721,W0290,Morning,B,8.0,0,2025-03-11 15:27:00
OP112722,W0059,Evening,D,11.0,0,2025-01-23 16:41:00
OP112723,W0075,Night,E,17.0,1,2025-03-16 01:12:00
OP112725,W0221,Night,C,9.0,0,2025-01-07 14:18:00
OP112727,W0389,Morning,C,20.0,0,2025-05-09 03:28:00
OP112728,W0449,Evening,B,22.0,0,2025-04-27 16:35:00
OP112729,W0063,Evening,B,47.0,0,2025-04-20 23:19:00
OP112730,W0489,Morning,D,30.0,1,2025-01-22 05:03:00
OP112734,W0227,Morning,E,37.0,1,2025-06-18 03:52:00
OP112736,W0089,Morning,D,47.0,0,2025-06-05 01:10:00
OP112740,W0185,Morning,A,9.0,0,2025-05-29 19:53:00
OP112743,W0464,Night,C,49.0,1,2025-03-15 16:42:00
OP112744,W0470,Night,A,23.0,0,2025-05-09 16:43:00
OP112747,W0147,Morning,B,42.0,0,2025-01-11 19:08:00
OP112749,W0195,Morning,B,20.0,1,2025-05-08 04:19:00
OP112753,W0264,Morning,D,36.0,1,2025-06-25 18:13:00
OP112756,W0272,Morning,D,1.0,0,2025-01-21 04:25:00
OP112757,W0340,Morning,A,25.0,0,2025-01-26 10:35:00
OP112763,W0398,Morning,B,49.0,0,2025-02-05 13:55:00
OP112764,W0061,Night,E,9.0,0,2025-02-11 17:55:00
OP112767,W0109,Morning,E,16.0,0,2025-05-22 07:23:00
OP112770,W0177,Morning,D,28.0,0,2025-02-13 21:06:00
OP112776,W0154,Morning,C,11.0,0,2025-04-28 22:50:00
OP112778,W0041,Night,E,38.0,0,2025-05-13 10:40:00
OP112781,W0335,Night,B,43.0,0,2025-02-03 16:21:00
OP112785,W0239,Morning,D,34.0,1,2025-04-06 11:46:00
OP112786,W0377,Night,D,38.0,0,2025-02-25 13:05:00
OP112787,W0040,Evening,B,38.0,0,2025-06-28 23:19:00
OP112788,W0362,Night,D,32.0,0,2025-06-23 22:56:00
OP112789,W0165,Night,E,3.0,1,2025-04-26 20:39:00
OP112791,W0327,Night,A,21.0,1,2025-03-22 08:17:00
OP112793,W0388,Morning,A,12.0,0,2025-03-02 20:44:00
OP112794,W0126,Morning,A,14.0,0,2025-02-16 23:36:00
OP112795,W0067,Evening,D,3.0,1,2025-05-20 22:59:00
OP112796,W0149,Morning,E,33.0,0,2025-05-19 21:34:00
OP112798,W0388,Morning,C,15.0,0,2025-02-10 17:35:00
OP112799,W0108,Morning,B,24.0,0,2025-04-12 11:48:00
OP112802,W0259,Evening,C,33.0,0,2025-05-22 17:49:00
OP112804,W0129,Morning,A,27.0,1,2025-02-22 07:49:00
OP112805,W0338,Evening,E,35.0,0,2025-05-25 14:07:00
OP112807,W0322,Morning,C,22.0,1,2025-02-23 16:39:00
OP112811,W0265,Morning,E,20.0,0,2025-02-26 19:53:00
OP112812,W0420,Morning,A,39.0,1,2025-04-19 04:55:00
OP112813,W0165,Evening,E,43.0,0,2025-01-09 17:59:00
OP112818,W0429,Morning,B,16.0,1,2025-06-12 15:34:00
OP112819,W0399,Morning,B,31.0,0,2025-04-15 05:03:00
OP112820,W0197,Morning,D,14.0,0,2025-03-15 02:21:00
OP112823,W0472,Morning,E,5.0,0,2025-05-23 18:37:00
OP112825,W0022,Evening,C,10.0,0,2025-04-06 17:58:00
OP112826,W0186,Morning,D,40.0,0,2025-02-12 10:36:00
OP112828,W0447,Morning,C,13.0,0,2025-03-06 15:48:00
OP112829,W0043,Morning,A,6.0,0,2025-05-23 06:38:00
OP112831,W0211,Evening,D,40.0,0,2025-02-11 22:33:00
OP112833,W0164,Morning,E,20.0,0,2025-04-05 19:04:00
OP112834,W0293,Morning,C,13.0,1,2025-05-23 18:10:00
OP112836,W0089,Evening,A,15.0,0,2025-01-09 00:20:00
OP112837,W0372,Evening,B,3.0,0,2025-06-04 06:29:00
OP112843,W0308,Morning,D,14.0,0,2025-01-06 07:41:00
OP112845,W0472,Morning,C,13.0,0,2025-02-27 20:51:00
OP112846,W0340,Morning,D,10.0,0,2025-01-26 21:52:00
OP112850,W0305,Night,A,9.0,0,2025-01-30 17:05:00
OP112852,W0486,Morning,D,14.0,1,2025-05-11 09:56:00
OP112853,W0436,Morning,B,2.0,0,2025-04-02 00:02:00
OP112854,W0465,Night,C,20.0,0,2025-03-20 13:31:00
OP112860,W0182,Morning,A,2.0,0,2025-05-30 22:06:00
OP112862,W0188,Morning,E,21.0,0,2025-03-14 02:01:00
OP112863,W0183,Evening,D,6.0,1,2025-03-20 14:11:00
OP112866,W0481,Morning,C,20.0,0,2025-03-10 21:41:00
OP112869,W0319,Morning,A,21.0,0,2025-06-05 13:48:00
OP112870,W0149,Evening,D,29.0,0,2025-03-19 22:07:00
OP112871,W0169,Night,D,14.0,1,2025-03-05 22:08:00
OP112872,W0207,Night,D,14.0,1,2025-02-27 20:50:00
OP112873,W0232,Evening,E,9.0,0,2025-02-20 15:50:00
OP112874,W0435,Morning,C,44.0,0,2025-01-13 21:49:00
OP112878,W0422,Evening,D,26.0,0,2025-05-05 00:33:00
OP112881,W0111,Morning,C,46.0,0,2025-06-25 05:00:00
OP112882,W0378,Morning,E,36.0,0,2025-02-13 09:01:00
OP112889,W0018,Evening,C,18.0,0,2025-05-14 18:31:00
OP112891,W0152,Evening,D,43.0,0,2025-01-11 23:05:00
OP112893,W0103,Morning,C,18.0,0,2025-05-20 10:06:00
OP112895,W0019,Night,D,44.0,0,2025-06-28 17:03:00
OP112899,W0369,Morning,A,48.0,1,2025-04-08 00:15:00
OP112904,W0021,Evening,C,21.0,0,2025-06-10 19:42:00
OP112905,W0267,Night,C,16.0,0,2025-04-02 18:08:00
OP112906,W0483,Morning,C,43.0,0,2025-03-03 09:16:00
OP112907,W0253,Morning,A,15.0,0,2025-05-12 13:35:00
OP112910,W0267,Morning,D,34.0,1,2025-04-01 04:49:00
OP112911,W0035,Night,A,39.0,0,2025-04-02 08:48:00
OP112913,W0274,Morning,D,31.0,0,2025-03-17 19:00:00
OP112916,W0362,Morning,D,22.0,1,2025-01-05 11:23:00
OP112917,W0282,Night,E,30.0,1,2025-05-05 11:36:00
OP112919,W0226,Morning,A,9.0,0,2025-04-25 12:40:00
OP112921,W0430,Night,A,11.0,0,2025-02-17 14:24:00
OP112925,W0402,Morning,B,22.0,0,2025-06-20 20:18:00
OP112926,W0098,Morning,B,33.0,0,2025-03-14 09:04:00
OP112929,W0376,Morning,D,32.0,0,2025-02-01 09:58:00
OP112931,W0046,Evening,E,30.0,0,2025-05-11 22:02:00
OP112933,W0226,Morning,A,22.0,0,2025-06-26 19:12:00
OP112934,W0075,Evening,D,44.0,0,2025-02-20 11:04:00
OP112936,W0079,Night,A,41.0,0,2025-05-06 04:05:00
OP112937,W0082,Morning,E,42.0,0,2025-02-20 02:56:00
OP112941,W0124,Night,A,32.0,0,2025-06-27 21:54:00
OP112942,W0409,Evening,E,6.0,0,2025-04-27 23:47:00
OP112943,W0410,Morning,B,37.0,0,2025-06-12 17:52:00
OP112944,W0006,Morning,B,26.0,1,2025-03-06 11:17:00
OP112952,W0219,Night,C,22.0,1,2025-01-03 08:48:00
OP112953,W0085,Evening,A,2.0,0,2025-01-31 06:28:00
OP112954,W0048,Evening,D,43.0,0,2025-03-15 14:26:00
OP112956,W0474,Morning,B,37.0,0,2025-04-30 17:44:00
OP112958,W0339,Morning,E,20.0,0,2025-03-20 07:43:00
OP112959,W0195,Night,B,48.0,1,2025-06-16 09:29:00
OP112966,W0286,Evening,D,27.0,0,2025-05-03 14:12:00
OP112967,W0438,Evening,A,16.0,0,2025-03-04 10:55:00
OP112968,W0260,Evening,C,18.0,0,2025-06-09 08:01:00
OP112972,W0427,Night,C,34.0,0,2025-02-10 12:56:00
OP112978,W0441,Evening,A,30.0,1,2025-03-06 22:49:00
OP112980,W0333,Night,E,36.0,0,2025-03-30 22:23:00
OP112985,W0085,Morning,D,29.0,0,2025-01-22 17:09:00
OP112986,W0247,Morning,B,41.0,0,2025-04-27 06:57:00
OP112991,W0265,Evening,A,22.0,0,2025-02-02 11:35:00
OP112996,W0084,Morning,B,35.0,0,2025-05-10 04:06:00
OP112998,W0018,Evening,D,23.0,0,2025-03-17 08:52:00
OP113002,W0412,Night,E,13.0,0,2025-06-10 13:38:00
OP113003,W0132,Morning,D,33.0,0,2025-01-08 06:07:00
OP113004,W0230,Morning,A,42.0,0,2025-01-23 03:39:00
OP113005,W0294,Evening,A,13.0,1,2025-04-02 22:16:00
OP113006,W0356,Evening,A,19.0,0,2025-01-14 09:08:00
OP113007,W0336,Evening,D,37.0,0,2025-01-16 12:07:00
OP113008,W0213,Evening,D,31.0,0,2025-04-10 10:35:00
OP113014,W0078,Morning,D,19.0,1,2025-05-20 23:06:00
OP113016,W0125,Evening,A,37.0,0,2025-03-15 20:27:00
OP113017,W0185,Morning,D,24.0,0,2025-04-30 22:58:00
OP113019,W0409,Night,E,9.0,0,2025-02-07 22:56:00
OP113022,W0336,Evening,C,12.0,1,2025-06-09 13:10:00
OP113024,W0230,Night,A,32.0,0,2025-02-23 21:34:00
OP113028,W0219,Morning,B,11.0,0,2025-01-23 11:20:00
OP113035,W0313,Morning,D,17.0,0,2025-03-01 09:19:00
OP113036,W0048,Morning,E,41.0,0,2025-05-16 03:38:00
OP113037,W0168,Morning,A,46.0,0,2025-04-28 22:53:00
OP113038,W0275,Evening,E,24.0,0,2025-01-12 14:20:00
OP113046,W0303,Morning,B,3.0,1,2025-03-15 13:57:00
OP113049,W0298,Morning,D,6.0,0,2025-02-22 05:16:00
OP113052,W0092,Night,A,9.0,1,2025-06-25 22:46:00
OP113053,W0086,Morning,A,10.0,0,2025-03-13 20:05:00
OP113055,W0304,Morning,D,1.0,0,2025-05-18 21:34:00
OP113058,W0044,Morning,A,16.0,1,2025-03-31 09:58:00
OP113059,W0444,Morning,B,36.0,0,2025-01-30 03:43:00
OP113060,W0251,Morning,E,29.0,0,2025-05-03 19:24:00
OP113061,W0418,Morning,D,23.0,0,2025-03-25 21:55:00
OP113066,W0260,Night,C,47.0,1,2025-05-14 02:23:00
OP113067,W0437,Morning,A,44.0,1,2025-06-03 20:04:00
OP113070,W0067,Evening,B,37.0,1,2025-04-17 09:08:00
OP113071,W0025,Evening,C,26.0,0,2025-05-17 21:21:00
OP113072,W0125,Night,A,34.0,0,2025-03-28 03:12:00
OP113078,W0488,Evening,D,22.0,0,2025-02-07 12:33:00
OP113085,W0473,Night,E,40.0,1,2025-05-24 14:39:00
OP113086,W0473,Night,C,41.0,1,2025-03-24 02:10:00
OP113091,W0342,Morning,D,6.0,0,2025-02-17 15:31:00
OP113092,W0048,Evening,E,22.0,0,2025-01-30 09:04:00
OP113093,W0162,Morning,E,3.0,0,2025-02-23 22:39:00
OP113094,W0198,Night,C,39.0,0,2025-05-06 20:54:00
OP113095,W0212,Night,B,18.0,0,2025-03-21 20:15:00
OP113096,W0365,Morning,B,37.0,0,2025-06-29 06:34:00
OP113099,W0450,Evening,D,28.0,0,2025-05-06 14:56:00
OP113101,W0217,Evening,E,35.0,0,2025-04-26 20:07:00
OP113102,W0035,Night,B,34.0,0,2025-06-07 11:17:00
OP113104,W0174,Evening,B,13.0,0,2025-03-14 09:25:00
OP113106,W0435,Morning,A,47.0,0,2025-01-21 21:21:00
OP113107,W0312,Morning,C,34.0,0,2025-06-10 16:03:00
OP113110,W0149,Morning,C,33.0,1,2025-04-13 19:16:00
OP113111,W0328,Night,B,17.0,0,2025-05-18 15:38:00
OP113112,W0445,Morning,B,29.0,1,2025-03-27 12:34:00
OP113114,W0223,Night,E,28.0,0,2025-01-15 06:56:00
OP113123,W0264,Night,D,5.0,1,2025-04-06 21:23:00
OP113125,W0476,Evening,D,19.0,0,2025-05-09 16:54:00
OP113127,W0483,Night,B,18.0,0,2025-01-30 06:12:00
OP113129,W0018,Night,D,16.0,0,2025-03-04 08:40:00
OP113131,W0370,Morning,E,14.0,0,2025-02-18 06:22:00
OP113132,W0245,Night,D,8.0,0,2025-03-15 08:19:00
OP113135,W0360,Night,B,20.0,1,2025-04-06 10:09:00
OP113136,W0363,Night,E,6.0,0,2025-03-21 09:29:00
OP113137,W0413,Morning,A,30.0,0,2025-05-17 01:53:00
OP113138,W0248,Night,B,25.0,0,2025-02-25 12:24:00
OP113143,W0235,Morning,B,10.0,0,2025-04-06 15:19:00
OP113146,W0261,Night,D,11.0,0,2025-05-03 18:07:00
OP113148,W0416,Night,B,32.0,0,2025-06-09 02:32:00
OP113151,W0117,Night,D,28.0,1,2025-01-17 06:50:00
OP113152,W0144,Morning,D,31.0,1,2025-03-06 21:19:00
OP113154,W0166,Evening,D,21.0,1,2025-01-07 23:13:00
OP113158,W0187,Evening,A,42.0,0,2025-02-10 01:19:00
OP113159,W0005,Evening,B,23.0,0,2025-02-22 12:16:00
OP113160,W0335,Morning,C,49.0,0,2025-03-06 12:38:00
OP113164,W0340,Evening,D,8.0,0,2025-05-21 21:58:00
OP113165,W0158,Evening,E,6.0,1,2025-02-11 17:35:00
OP113166,W0338,Morning,A,31.0,0,2025-02-23 07:53:00
OP113167,W0061,Morning,D,25.0,1,2025-02-07 00:00:00
OP113168,W0204,Night,C,34.0,0,2025-02-28 19:44:00
OP113169,W0440,Evening,E,11.0,0,2025-03-17 04:35:00
OP113171,W0439,Evening,D,15.0,0,2025-05-01 08:45:00
OP113175,W0285,Morning,D,43.0,0,2025-06-25 12:57:00
OP113176,W0077,Morning,A,22.0,0,2025-01-06 08:14:00
OP113177,W0392,Morning,B,49.0,0,2025-02-02 06:10:00
OP113178,W0285,Morning,B,39.0,0,2025-06-23 10:37:00
OP113182,W0091,Night,A,44.0,0,2025-03-19 02:49:00
OP113184,W0378,Night,D,38.0,0,2025-05-21 06:24:00
OP113190,W0340,Morning,E,43.0,1,2025-05-11 04:07:00
OP113191,W0203,Evening,A,24.0,1,2025-03-01 22:36:00
OP113193,W0026,Morning,B,47.0,0,2025-04-13 22:23:00
OP113195,W0215,Night,C,24.0,0,2025-04-07 12:48:00
OP113196,W0253,Evening,C,6.0,0,2025-04-24 01:40:00
OP113197,W0404,Morning,D,29.0,0,2025-03-19 08:56:00
OP113202,W0309,Night,D,40.0,1,2025-04-27 19:42:00
OP113204,W0170,Night,D,48.0,0,2025-02-17 05:25:00
OP113205,W0379,Night,D,40.0,0,2025-01-09 16:14:00
OP113208,W0493,Night,D,7.0,0,2025-01-20 04:07:00
OP113212,W0401,Morning,E,15.0,1,2025-03-26 13:05:00
OP113213,W0390,Evening,E,1.0,0,2025-02-06 20:23:00
OP113217,W0451,Morning,E,23.0,0,2025-03-16 01:15:00
OP113218,W0150,Morning,A,6.0,0,2025-04-05 23:12:00
OP113221,W0459,Evening,B,12.0,0,2025-05-10 09:27:00
OP113222,W0289,Evening,C,34.0,1,2025-04-22 02:25:00
OP113223,W0149,Evening,D,12.0,1,2025-01-19 11:45:00
OP113228,W0068,Morning,C,6.0,0,2025-05-24 15:11:00
OP113230,W0381,Morning,E,24.0,0,2025-05-20 15:13:00
OP113231,W0372,Night,C,5.0,0,2025-01-15 15:38:00
OP113237,W0480,Morning,B,17.0,0,2025-06-05 02:40:00
OP113238,W0271,Morning,B,5.0,0,2025-02-15 22:53:00
OP113242,W0212,Night,A,37.0,0,2025-01-24 05:29:00
OP113247,W0486,Morning,E,35.0,0,2025-02-22 14:30:00
OP113252,W0146,Morning,C,43.0,0,2025-02-07 21:49:00
OP113255,W0293,Morning,B,1.0,0,2025-05-10 08:38:00
OP113257,W0267,Morning,C,46.0,0,2025-02-18 17:21:00
OP113258,W0044,Night,C,5.0,0,2025-01-19 13:04:00
OP113259,W0268,Morning,C,44.0,1,2025-04-23 02:21:00
OP113263,W0111,Night,C,35.0,1,2025-02-10 19:29:00
OP113264,W0071,Morning,D,18.0,0,2025-03-04 20:56:00
OP113267,W0446,Night,D,7.0,1,2025-06-12 09:36:00
OP113269,W0341,Morning,A,35.0,0,2025-05-27 10:25:00
OP113271,W0363,Morning,E,15.0,0,2025-04-08 07:57:00
OP113272,W0251,Morning,B,32.0,0,2025-03-22 20:23:00
OP113273,W0484,Morning,B,36.0,1,2025-02-02 17:23:00
OP113275,W0111,Night,B,15.0,0,2025-04-19 06:02:00
OP113277,W0244,Night,B,27.0,0,2025-02-09 16:10:00
OP113278,W0487,Morning,D,36.0,0,2025-06-06 02:51:00
OP113282,W0069,Morning,D,41.0,0,2025-03-23 05:48:00
OP113283,W0453,Night,D,19.0,0,2025-01-30 05:28:00
OP113286,W0027,Morning,C,25.0,1,2025-01-03 01:13:00
OP113291,W0374,Morning,D,30.0,0,2025-05-31 08:58:00
OP113293,W0496,Night,E,12.0,0,2025-05-12 12:15:00
OP113294,W0240,Night,E,46.0,0,2025-06-15 20:02:00
OP113297,W0284,Morning,E,11.0,0,2025-04-11 08:02:00
OP113298,W0476,Morning,C,7.0,1,2025-05-09 08:12:00
OP113300,W0356,Night,D,11.0,1,2025-02-12 04:16:00
OP113302,W0418,Morning,B,8.0,0,2025-01-09 23:28:00
OP113303,W0033,Morning,E,48.0,0,2025-04-25 03:48:00
OP113306,W0236,Morning,D,47.0,1,2025-05-13 03:39:00
OP113307,W0335,Evening,C,10.0,0,2025-02-13 15:59:00
OP113308,W0080,Morning,C,42.0,0,2025-04-01 14:25:00
OP113319,W0015,Evening,A,28.0,0,2025-03-08 22:04:00
OP113320,W0214,Morning,D,29.0,0,2025-04-29 02:39:00
OP113321,W0024,Morning,C,8.0,1,2025-06-06 16:40:00
OP113322,W0432,Night,C,19.0,1,2025-01-08 19:54:00
OP113329,W0200,Night,D,5.0,0,2025-05-09 13:16:00
OP113330,W0466,Morning,C,11.0,0,2025-04-10 00:25:00
OP113331,W0486,Morning,B,37.0,0,2025-05-19 21:57:00
OP113333,W0172,Morning,B,40.0,0,2025-05-20 09:41:00
OP113335,W0087,Night,C,18.0,0,2025-03-10 11:55:00
OP113337,W0492,Night,B,23.0,0,2025-05-23 07:15:00
OP113338,W0125,Night,E,35.0,0,2025-01-30 18:54:00
OP113339,W0258,Evening,C,13.0,1,2025-04-02 07:52:00
OP113340,W0140,Night,B,14.0,0,2025-03-27 12:15:00
OP113342,W0475,Morning,D,14.0,0,2025-04-15 20:53:00
OP113344,W0347,Night,C,20.0,1,2025-04-06 00:01:00
OP113345,W0442,Evening,B,38.0,0,2025-01-10 13:24:00
OP113351,W0120,Morning,E,26.0,1,2025-03-25 20:39:00
OP113353,W0495,Night,B,40.0,0,2025-04-16 08:43:00
OP113354,W0156,Evening,D,23.0,1,2025-02-22 17:23:00
OP113355,W0018,Morning,B,34.0,0,2025-05-02 01:17:00
OP113356,W0414,Evening,B,40.0,0,2025-03-27 05:14:00
OP113358,W0022,Morning,A,24.0,0,2025-01-18 03:11:00
OP113359,W0126,Evening,B,41.0,0,2025-02-17 10:18:00
OP113360,W0388,Evening,E,3.0,1,2025-05-22 15:30:00
OP113364,W0169,Night,A,14.0,1,2025-05-26 18:14:00
OP113372,W0484,Night,C,44.0,0,2025-03-28 00:46:00
OP113374,W0349,Morning,A,14.0,1,2025-02-01 07:00:00
OP113381,W0262,Evening,D,18.0,0,2025-01-20 14:30:00
OP113382,W0133,Evening,E,32.0,0,2025-04-14 02:41:00
OP113384,W0037,Night,C,24.0,0,2025-05-17 11:53:00
OP113385,W0076,Night,E,10.0,0,2025-02-12 04:43:00
OP113388,W0448,Night,C,30.0,1,2025-04-06 20:23:00
OP113389,W0149,Evening,D,42.0,1,2025-01-24 04:27:00
OP113391,W0330,Night,A,30.0,0,2025-06-18 04:16:00
OP113393,W0044,Morning,D,14.0,0,2025-04-20 02:49:00
OP113397,W0482,Morning,B,29.0,1,2025-06-07 17:36:00
OP113398,W0072,Night,A,41.0,0,2025-05-22 09:11:00
OP113399,W0227,Evening,E,46.0,1,2025-04-15 19:37:00
OP113400,W0279,Morning,D,21.0,1,2025-02-19 18:07:00
OP113402,W0117,Night,B,30.0,1,2025-02-26 02:00:00
OP113408,W0456,Evening,E,20.0,0,2025-02-14 06:18:00
OP113410,W0160,Morning,D,19.0,0,2025-02-27 01:18:00
OP113411,W0361,Night,E,26.0,0,2025-05-28 07:37:00
OP113413,W0423,Morning,C,48.0,0,2025-06-23 22:25:00
OP113416,W0406,Morning,E,41.0,0,2025-02-06 05:34:00
OP113418,W0491,Night,C,44.0,1,2025-04-28 02:21:00
OP113420,W0184,Morning,A,11.0,1,2025-05-20 06:44:00
OP113423,W0340,Morning,C,3.0,0,2025-01-29 14:58:00
OP113426,W0373,Morning,E,27.0,0,2025-02-25 18:50:00
OP113429,W0011,Morning,E,7.0,1,2025-04-15 09:33:00
OP113430,W0053,Morning,C,13.0,0,2025-01-20 17:38:00
OP113431,W0401,Night,D,7.0,0,2025-05-05 16:29:00
OP113432,W0292,Evening,A,37.0,0,2025-03-10 21:59:00
OP113433,W0281,Morning,E,19.0,1,2025-06-01 01:58:00
OP113435,W0304,Night,C,15.0,0,2025-01-05 04:51:00
OP113438,W0237,Night,C,38.0,1,2025-04-03 09:30:00
OP113440,W0469,Morning,B,47.0,0,2025-05-21 15:46:00
OP113443,W0128,Morning,D,33.0,1,2025-03-02 18:36:00
OP113449,W0173,Evening,B,33.0,0,2025-03-22 10:45:00
OP113451,W0385,Morning,B,28.0,1,2025-05-11 09:09:00
OP113453,W0342,Night,B,27.0,0,2025-06-05 22:39:00
OP113454,W0085,Morning,D,11.0,1,2025-06-23 16:20:00
OP113455,W0480,Night,A,31.0,0,2025-05-16 22:04:00
OP113457,W0125,Evening,B,22.0,0,2025-05-14 16:55:00
OP113458,W0329,Morning,E,47.0,0,2025-06-16 22:58:00
OP113460,W0005,Night,C,49.0,1,2025-06-17 13:56:00
OP113461,W0292,Night,D,21.0,0,2025-04-18 08:16:00
OP113463,W0211,Night,D,17.0,0,2025-04-06 00:45:00
OP113468,W0361,Evening,D,45.0,0,2025-04-22 03:21:00
OP113470,W0204,Night,D,16.0,0,2025-01-28 16:49:00
OP113474,W0392,Evening,E,10.0,0,2025-01-13 10:09:00
OP113475,W0491,Night,A,42.0,0,2025-06-14 23:27:00
OP113479,W0335,Night,E,8.0,0,2025-04-27 01:52:00
OP113480,W0230,Night,B,48.0,0,2025-01-17 20:06:00
OP113483,W0477,Night,B,26.0,0,2025-04-18 15:16:00
OP113484,W0344,Morning,E,6.0,0,2025-06-21 09:53:00
OP113487,W0261,Night,B,45.0,1,2025-05-09 06:26:00
OP113489,W0157,Night,D,32.0,1,2025-05-13 03:21:00
OP113490,W0357,Morning,C,37.0,0,2025-04-04 21:36:00
OP113491,W0167,Morning,E,42.0,1,2025-06-08 05:57:00
OP113493,W0455,Night,A,8.0,0,2025-06-26 15:05:00
OP113495,W0140,Morning,D,13.0,0,2025-06-26 16:30:00
OP113499,W0181,Morning,D,44.0,0,2025-01-26 10:45:00
OP113501,W0232,Morning,B,47.0,0,2025-05-17 21:14:00
OP113504,W0433,Morning,B,18.0,1,2025-02-19 03:45:00
OP113506,W0433,Morning,A,22.0,0,2025-06-24 00:13:00
OP113507,W0064,Evening,C,11.0,0,2025-03-05 08:33:00
OP113508,W0158,Morning,B,44.0,1,2025-04-03 19:19:00
OP113509,W0240,Night,B,38.0,0,2025-03-25 05:13:00
OP113511,W0346,Morning,B,47.0,0,2025-02-21 12:26:00
OP113515,W0478,Morning,A,12.0,0,2025-06-27 08:55:00
OP113517,W0089,Morning,D,35.0,0,2025-03-14 05:16:00
OP113522,W0405,Morning,A,4.0,0,2025-03-11 12:52:00
OP113524,W0138,Evening,C,10.0,0,2025-01-29 17:09:00
OP113526,W0126,Evening,A,41.0,0,2025-02-28 08:43:00
OP113532,W0075,Morning,A,18.0,0,2025-05-30 18:59:00
OP113535,W0350,Morning,A,29.0,0,2025-01-14 09:04:00
OP113536,W0120,Evening,B,43.0,0,2025-01-05 13:29:00
OP113537,W0325,Morning,E,46.0,0,2025-01-13 17:05:00
OP113538,W0181,Morning,E,22.0,0,2025-03-21 10:58:00
OP113539,W0168,Night,A,23.0,0,2025-05-13 07:09:00
OP113541,W0295,Morning,B,12.0,1,2025-01-22 00:28:00
OP113542,W0147,Evening,E,1.0,0,2025-06-29 14:17:00
OP113545,W0162,Morning,D,10.0,0,2025-01-05 01:04:00
OP113549,W0170,Night,C,8.0,1,2025-05-17 17:40:00
OP113552,W0468,Evening,C,21.0,0,2025-02-27 10:13:00
OP113555,W0468,Morning,B,32.0,0,2025-04-28 12:37:00
OP113556,W0381,Night,E,10.0,0,2025-04-10 19:40:00
OP113558,W0423,Morning,B,30.0,1,2025-05-16 22:16:00
OP113559,W0034,Morning,A,15.0,1,2025-04-29 14:45:00
OP113561,W0369,Night,D,7.0,0,2025-02-17 23:49:00
OP113564,W0202,Night,A,14.0,0,2025-04-15 10:52:00
OP113567,W0421,Morning,D,49.0,0,2025-05-16 08:52:00
OP113570,W0040,Morning,B,2.0,0,2025-06-14 11:07:00
OP113571,W0461,Night,D,28.0,0,2025-06-08 00:16:00
OP113574,W0488,Morning,D,46.0,0,2025-02-01 19:41:00
OP113575,W0471,Morning,E,8.0,0,2025-03-14 15:19:00
OP113577,W0263,Morning,C,18.0,0,2025-04-06 07:20:00
OP113578,W0070,Morning,A,1.0,1,2025-01-08 11:00:00
OP113580,W0214,Night,D,12.0,0,2025-06-27 01:24:00
OP113581,W0096,Morning,E,4.0,0,2025-06-13 10:00:00
OP113583,W0456,Morning,C,42.0,0,2025-05-18 05:44:00
OP113585,W0078,Morning,C,39.0,0,2025-04-20 05:49:00
OP113586,W0269,Night,D,4.0,1,2025-05-11 17:09:00
OP113587,W0332,Morning,C,40.0,0,2025-02-24 22:50:00
OP113588,W0002,Evening,D,4.0,1,2025-04-27 23:39:00
OP113590,W0280,Morning,E,49.0,1,2025-04-17 08:41:00
OP113592,W0433,Night,A,46.0,0,2025-02-15 15:27:00
OP113596,W0050,Night,B,20.0,0,2025-01-03 19:38:00
OP113600,W0382,Morning,D,30.0,1,2025-05-15 00:53:00
OP113602,W0421,Morning,D,34.0,0,2025-06-16 21:27:00
OP113604,W0342,Evening,E,36.0,0,2025-03-12 08:25:00
OP113605,W0297,Night,A,44.0,1,2025-04-20 12:57:00
OP113606,W0240,Morning,B,43.0,0,2025-03-13 08:12:00
OP113607,W0070,Evening,A,1.0,0,2025-04-04 06:30:00
OP113609,W0466,Night,B,44.0,0,2025-06-06 06:02:00
OP113612,W0234,Evening,D,41.0,0,2025-03-06 21:18:00
OP113614,W0490,Morning,D,25.0,0,2025-06-11 10:37:00
OP113618,W0028,Night,A,18.0,0,2025-05-27 12:56:00
OP113620,W0282,Night,C,20.0,1,2025-06-03 00:58:00
OP113621,W0105,Morning,D,13.0,0,2025-05-20 17:23:00
OP113623,W0223,Night,C,42.0,1,2025-02-19 17:38:00
OP113624,W0058,Night,E,32.0,0,2025-05-19 23:55:00
OP113627,W0162,Morning,C,15.0,0,2025-03-07 22:19:00
OP113630,W0129,Night,B,29.0,0,2025-06-29 20:12:00
OP113631,W0271,Morning,E,8.0,0,2025-02-18 09:48:00
OP113632,W0336,Night,B,31.0,1,2025-01-20 22:39:00
OP113633,W0447,Morning,D,4.0,0,2025-03-30 13:54:00
OP113634,W0106,Night,C,31.0,0,2025-01-13 21:41:00
OP113636,W0229,Evening,E,15.0,0,2025-06-25 12:28:00
OP113642,W0118,Morning,B,10.0,0,2025-04-09 05:46:00
OP113643,W0074,Morning,B,16.0,0,2025-04-01 14:40:00
OP113646,W0337,Morning,C,11.0,0,2025-05-16 16:05:00
OP113649,W0492,Morning,B,28.0,0,2025-01-17 22:07:00
OP113651,W0090,Evening,E,37.0,0,2025-02-18 10:20:00
OP113655,W0210,Morning,D,39.0,1,2025-02-03 14:10:00
OP113656,W0300,Morning,A,18.0,0,2025-04-19 11:26:00
OP113657,W0422,Morning,C,36.0,0,2025-05-01 15:13:00
OP113658,W0344,Evening,A,34.0,0,2025-05-09 17:26:00
OP113662,W0274,Morning,B,20.0,1,2025-05-16 06:40:00
OP113664,W0178,Night,D,41.0,1,2025-03-11 05:47:00
OP113668,W0162,Evening,E,25.0,0,2025-01-04 02:01:00
OP113670,W0147,Evening,B,22.0,1,2025-04-25 08:10:00
OP113671,W0237,Night,B,3.0,1,2025-05-29 17:49:00
OP113674,W0239,Morning,E,30.0,0,2025-06-05 16:39:00
OP113675,W0035,Night,D,10.0,1,2025-05-16 20:32:00
OP113679,W0128,Night,C,16.0,0,2025-04-14 13:30:00
OP113682,W0210,Night,D,47.0,0,2025-06-15 17:14:00
OP113688,W0006,Morning,B,42.0,0,2025-05-30 06:41:00
OP113689,W0060,Night,E,9.0,1,2025-01-14 20:35:00
OP113690,W0271,Morning,E,14.0,1,2025-05-06 06:55:00
OP113697,W0266,Night,C,20.0,0,2025-04-08 09:58:00
OP113700,W0288,Evening,C,30.0,1,2025-01-05 03:09:00
OP113701,W0056,Night,B,3.0,1,2025-02-26 09:21:00
OP113703,W0217,Morning,E,31.0,0,2025-02-12 09:11:00
OP113706,W0180,Morning,E,48.0,0,2025-04-14 13:07:00
OP113709,W0254,Morning,C,23.0,0,2025-02-26 18:10:00
OP113710,W0363,Evening,B,30.0,0,2025-06-20 20:27:00
OP113713,W0175,Evening,C,23.0,0,2025-04-09 06:23:00
OP113714,W0441,Night,E,39.0,0,2025-01-05 05:53:00
OP113717,W0175,Night,D,20.0,0,2025-03-11 17:29:00
OP113718,W0362,Night,D,39.0,1,2025-03-17 14:35:00
OP113719,W0129,Evening,B,46.0,0,2025-03-28 05:43:00
OP113727,W0083,Morning,A,31.0,0,2025-03-30 14:14:00
OP113728,W0459,Morning,D,27.0,1,2025-01-22 16:37:00
OP113729,W0154,Morning,C,7.0,0,2025-05-05 10:06:00
OP113730,W0050,Evening,C,28.0,0,2025-01-11 12:23:00
OP113731,W0093,Night,C,19.0,1,2025-06-23 21:48:00
OP113732,W0247,Morning,D,47.0,0,2025-05-09 00:26:00
OP113738,W0317,Evening,A,26.0,1,2025-03-14 19:00:00
OP113741,W0392,Evening,C,5.0,0,2025-05-18 15:21:00
OP113742,W0342,Morning,E,30.0,0,2025-01-26 06:22:00
OP113743,W0149,Night,D,29.0,0,2025-01-08 16:24:00
OP113745,W0331,Night,C,39.0,0,2025-01-05 20:12:00
OP113747,W0143,Night,B,31.0,0,2025-04-17 11:52:00
OP113749,W0062,Night,A,25.0,0,2025-02-26 22:54:00
OP113753,W0328,Evening,B,40.0,1,2025-01-24 02:23:00
OP113755,W0296,Night,C,13.0,0,2025-02-18 07:12:00
OP113756,W0281,Morning,A,49.0,0,2025-03-20 17:18:00
OP113757,W0290,Morning,D,49.0,0,2025-02-24 08:08:00
OP113758,W0049,Night,E,4.0,1,2025-03-03 08:18:00
OP113763,W0288,Morning,E,14.0,0,2025-03-23 02:02:00
OP113765,W0425,Morning,E,11.0,1,2025-01-07 17:00:00
OP113770,W0277,Night,D,25.0,0,2025-02-20 02:49:00
OP113771,W0001,Night,E,4.0,1,2025-03-11 03:05:00
OP113774,W0334,Morning,D,19.0,1,2025-02-07 16:36:00
OP113775,W0456,Evening,D,36.0,1,2025-06-06 09:36:00
OP113778,W0402,Night,D,46.0,0,2025-04-22 22:28:00
OP113779,W0073,Morning,D,39.0,0,2025-01-03 03:31:00
OP113784,W0133,Night,E,19.0,0,2025-01-28 08:35:00
OP113785,W0139,Night,E,10.0,0,2025-01-07 20:13:00
OP113789,W0015,Morning,E,49.0,1,2025-03-31 22:31:00
OP113791,W0390,Evening,A,46.0,0,2025-05-07 16:35:00
OP113797,W0075,Night,D,4.0,1,2025-06-08 19:51:00
OP113799,W0014,Evening,E,7.0,0,2025-02-26 09:02:00
OP113801,W0060,Morning,C,3.0,0,2025-04-30 22:11:00
OP113803,W0420,Morning,D,29.0,0,2025-05-17 16:51:00
OP113806,W0095,Morning,B,49.0,1,2025-05-16 07:25:00
OP113810,W0142,Evening,E,40.0,0,2025-05-01 14:31:00
OP113813,W0361,Morning,A,12.0,1,2025-04-16 09:51:00
OP113816,W0488,Night,A,41.0,1,2025-06-29 21:04:00
OP113819,W0168,Morning,B,16.0,0,2025-06-28 23:42:00
OP113820,W0332,Evening,D,24.0,0,2025-03-26 10:45:00
OP113823,W0126,Morning,B,38.0,0,2025-04-07 05:57:00
OP113824,W0356,Morning,B,37.0,0,2025-02-21 07:04:00
OP113827,W0404,Morning,C,5.0,1,2025-02-10 05:22:00
OP113831,W0329,Night,B,31.0,0,2025-06-21 19:39:00
OP113836,W0150,Morning,E,49.0,0,2025-05-19 04:53:00
OP113837,W0343,Morning,B,3.0,0,2025-01-18 06:02:00
OP113838,W0484,Night,B,24.0,0,2025-04-02 06:00:00
OP113839,W0268,Evening,B,2.0,0,2025-01-25 04:21:00
OP113840,W0127,Morning,E,38.0,0,2025-02-03 14:33:00
OP113841,W0188,Night,C,39.0,0,2025-01-28 22:18:00
OP113843,W0013,Night,C,12.0,0,2025-01-10 21:04:00
OP113844,W0364,Night,B,27.0,0,2025-04-10 19:38:00
OP113845,W0257,Night,E,13.0,0,2025-01-18 06:39:00
OP113846,W0307,Evening,E,38.0,0,2025-03-29 12:01:00
OP113847,W0434,Night,B,47.0,0,2025-02-07 07:04:00
OP113848,W0388,Morning,E,38.0,1,2025-06-06 20:16:00
OP113850,W0281,Morning,C,25.0,1,2025-04-14 22:17:00
OP113851,W0173,Morning,D,30.0,0,2025-01-02 23:46:00
OP113853,W0428,Evening,C,13.0,0,2025-03-15 10:09:00
OP113854,W0481,Morning,D,23.0,1,2025-01-13 09:40:00
OP113855,W0475,Morning,A,23.0,0,2025-04-10 11:09:00
OP113856,W0179,Morning,D,5.0,0,2025-01-27 02:08:00
OP113858,W0300,Morning,C,17.0,0,2025-05-10 08:36:00
OP113859,W0157,Morning,E,2.0,0,2025-03-20 20:45:00
OP113860,W0013,Morning,D,39.0,0,2025-03-11 08:16:00
OP113861,W0097,Night,B,4.0,0,2025-03-27 02:53:00
OP113863,W0301,Night,B,39.0,0,2025-03-25 04:21:00
OP113864,W0096,Evening,B,24.0,0,2025-02-07 00:59:00
OP113866,W0328,Morning,E,37.0,0,2025-01-11 01:44:00
OP113867,W0300,Morning,C,25.0,1,2025-01-19 11:26:00
OP113870,W0322,Morning,A,26.0,0,2025-06-28 00:31:00
OP113871,W0131,Evening,B,17.0,1,2025-04-10 06:49:00
OP113874,W0182,Morning,C,47.0,0,2025-05-13 01:39:00
OP113877,W0167,Evening,B,14.0,0,2025-05-22 05:40:00
OP113879,W0450,Morning,E,1.0,0,2025-04-27 16:03:00
OP113882,W0437,Morning,D,13.0,1,2025-02-20 20:54:00
OP113886,W0165,Morning,C,26.0,0,2025-02-24 21:22:00
OP113890,W0009,Evening,A,19.0,0,2025-05-28 23:55:00
OP113892,W0251,Morning,D,5.0,0,2025-04-03 14:52:00
OP113894,W0254,Morning,A,37.0,0,2025-03-03 23:56:00
OP113896,W0389,Morning,B,47.0,0,2025-04-25 06:21:00
OP113898,W0230,Evening,C,6.0,0,2025-03-22 19:13:00
OP113900,W0494,Morning,D,45.0,0,2025-06-29 18:46:00
OP113902,W0413,Morning,C,45.0,0,2025-02-01 11:45:00
OP113908,W0226,Morning,A,49.0,0,2025-01-09 21:33:00
OP113913,W0314,Night,E,23.0,0,2025-01-18 23:16:00
OP113914,W0445,Evening,E,35.0,0,2025-06-03 10:33:00
OP113915,W0092,Morning,C,19.0,0,2025-02-04 05:31:00
OP113917,W0244,Evening,E,13.0,1,2025-03-11 00:07:00
OP113918,W0149,Morning,E,32.0,0,2025-03-21 07:50:00
OP113920,W0281,Night,C,23.0,0,2025-03-12 17:57:00
OP113922,W0141,Night,C,36.0,0,2025-01-23 06:25:00
OP113924,W0002,Morning,C,5.0,1,2025-06-16 02:45:00
OP113928,W0299,Evening,D,12.0,0,2025-04-19 17:36:00
OP113929,W0093,Morning,C,32.0,1,2025-03-07 21:36:00
OP113930,W0327,Evening,B,37.0,0,2025-03-16 00:21:00
OP113931,W0251,Morning,D,11.0,0,2025-05-09 12:53:00
OP113932,W0169,Night,D,36.0,0,2025-04-03 19:01:00
OP113933,W0353,Morning,E,31.0,1,2025-03-28 01:08:00
OP113934,W0458,Morning,B,45.0,0,2025-02-25 21:43:00
OP113935,W0455,Night,A,7.0,0,2025-06-27 22:02:00
OP113936,W0327,Evening,E,36.0,0,2025-02-08 03:41:00
OP113937,W0099,Night,B,46.0,1,2025-04-26 23:54:00
OP113938,W0163,Morning,E,13.0,0,2025-03-28 22:11:00
OP113940,W0371,Morning,B,40.0,1,2025-01-06 14:00:00
OP113945,W0283,Morning,E,22.0,0,2025-04-27 10:04:00
OP113947,W0180,Morning,B,39.0,0,2025-05-27 02:21:00
OP113948,W0168,Morning,B,28.0,0,2025-06-03 18:15:00
OP113950,W0006,Night,D,5.0,0,2025-05-30 10:31:00
OP113954,W0165,Evening,A,4.0,0,2025-04-09 09:26:00
OP113956,W0279,Evening,E,1.0,1,2025-06-05 04:27:00
OP113959,W0046,Evening,C,25.0,1,2025-05-26 05:59:00
OP113960,W0464,Morning,C,24.0,0,2025-03-05 21:15:00
OP113962,W0244,Night,C,7.0,0,2025-03-12 02:29:00
OP113964,W0248,Morning,C,42.0,0,2025-05-06 14:01:00
OP113966,W0083,Morning,A,38.0,0,2025-05-06 04:24:00
OP113967,W0003,Evening,C,3.0,1,2025-05-17 13:58:00
OP113973,W0008,Morning,C,19.0,0,2025-06-29 12:22:00
OP113974,W0045,Evening,C,40.0,0,2025-02-28 11:04:00
OP113975,W0467,Morning,A,48.0,1,2025-05-09 22:20:00
OP113980,W0302,Morning,A,14.0,1,2025-04-16 18:02:00
OP113986,W0403,Morning,A,4.0,0,2025-06-27 05:16:00
OP113989,W0456,Morning,D,8.0,0,2025-01-15 08:38:00
OP114000,W0443,Night,C,45.0,0,2025-01-03 01:18:00
OP114003,W0343,Night,E,30.0,0,2025-04-28 13:05:00
OP114006,W0222,Evening,C,45.0,1,2025-06-09 19:52:00
OP114007,W0345,Night,B,15.0,0,2025-01-02 00:55:00
OP114008,W0158,Morning,D,11.0,0,2025-03-08 11:10:00
OP114009,W0280,Morning,E,45.0,0,2025-01-16 11:12:00
OP114012,W0013,Evening,B,27.0,0,2025-06-26 19:34:00
OP114013,W0309,Morning,C,44.0,1,2025-01-18 14:46:00
OP114017,W0229,Morning,C,16.0,0,2025-05-03 13:24:00
OP114019,W0456,Morning,C,42.0,1,2025-01-23 12:12:00
OP114021,W0075,Evening,C,1.0,0,2025-03-08 06:38:00
OP114023,W0433,Morning,A,2.0,0,2025-06-09 09:03:00
OP114024,W0474,Morning,E,8.0,1,2025-05-17 16:01:00
OP114025,W0285,Morning,A,24.0,0,2025-05-16 23:30:00
OP114028,W0382,Morning,B,10.0,1,2025-05-03 07:39:00
OP114029,W0142,Morning,E,15.0,0,2025-01-12 05:50:00
OP114031,W0028,Night,B,18.0,0,2025-05-18 13:26:00
OP114034,W0111,Morning,E,48.0,0,2025-01-03 16:58:00
OP114036,W0359,Morning,D,27.0,0,2025-06-28 04:04:00
OP114038,W0242,Night,C,7.0,0,2025-02-22 17:45:00
OP114039,W0330,Evening,A,8.0,0,2025-02-18 10:54:00
OP114040,W0236,Morning,B,2.0,0,2025-06-29 22:05:00
OP114041,W0016,Evening,C,38.0,0,2025-03-18 16:31:00
OP114043,W0195,Evening,C,25.0,0,2025-05-10 10:12:00
OP114044,W0404,Morning,B,17.0,0,2025-03-03 22:00:00
OP114046,W0174,Morning,E,5.0,0,2025-05-05 17:27:00
OP114047,W0001,Night,B,33.0,0,2025-04-11 14:33:00
OP114051,W0491,Evening,D,42.0,0,2025-04-30 21:33:00
OP114052,W0109,Evening,D,16.0,0,2025-06-01 00:24:00
OP114056,W0405,Night,A,15.0,0,2025-03-17 21:35:00
OP114060,W0480,Morning,E,48.0,0,2025-02-14 20:48:00
OP114064,W0069,Morning,D,28.0,1,2025-01-24 04:18:00
OP114066,W0230,Morning,D,4.0,1,2025-03-10 13:19:00
OP114067,W0048,Morning,E,14.0,0,2025-04-25 20:46:00
OP114070,W0036,Night,C,27.0,1,2025-03-10 22:33:00
OP114071,W0344,Night,D,43.0,0,2025-05-17 23:23:00
OP114073,W0015,Night,A,13.0,0,2025-05-17 12:27:00
OP114075,W0227,Morning,C,2.0,1,2025-03-23 23:56:00
OP114083,W0196,Morning,E,38.0,0,2025-04-03 22:38:00
OP114085,W0367,Morning,D,18.0,0,2025-06-24 05:47:00
OP114086,W0405,Morning,B,38.0,0,2025-06-10 20:12:00
OP114087,W0264,Evening,E,5.0,0,2025-04-16 20:07:00
OP114088,W0137,Morning,E,40.0,0,2025-06-15 11:45:00
OP114093,W0422,Morning,C,45.0,0,2025-01-06 09:53:00
OP114096,W0471,Night,D,44.0,0,2025-03-13 05:48:00
OP114097,W0341,Morning,E,15.0,0,2025-02-23 22:25:00
OP114098,W0176,Morning,D,11.0,0,2025-03-11 12:11:00
OP114100,W0020,Morning,D,5.0,1,2025-01-18 03:03:00
OP114101,W0088,Evening,D,19.0,1,2025-03-21 12:28:00
OP114107,W0468,Night,A,13.0,0,2025-06-19 07:01:00
OP114108,W0058,Night,E,29.0,0,2025-01-21 17:15:00
OP114109,W0438,Night,B,23.0,0,2025-01-17 02:10:00
OP114110,W0300,Evening,C,43.0,0,2025-06-21 02:17:00
OP114111,W0184,Morning,D,40.0,0,2025-02-10 05:36:00
OP114113,W0496,Morning,A,1.0,0,2025-04-29 02:02:00
OP114116,W0016,Evening,E,6.0,1,2025-05-17 01:40:00
OP114120,W0257,Evening,B,12.0,0,2025-03-11 03:21:00
OP114123,W0109,Morning,A,41.0,0,2025-03-29 00:49:00
OP114128,W0309,Morning,D,14.0,1,2025-02-21 12:25:00
OP114130,W0247,Night,B,2.0,0,2025-05-31 03:17:00
OP114133,W0263,Night,D,37.0,0,2025-04-12 01:29:00
OP114141,W0472,Morning,C,27.0,0,2025-04-01 16:34:00
OP114145,W0308,Evening,B,7.0,0,2025-03-22 09:08:00
OP114147,W0425,Evening,A,27.0,1,2025-06-06 01:22:00
OP114148,W0142,Night,A,11.0,1,2025-05-07 21:23:00
OP114149,W0208,Night,E,27.0,1,2025-04-18 02:14:00
OP114151,W0057,Evening,E,19.0,1,2025-01-27 02:07:00
OP114160,W0107,Night,E,4.0,0,2025-02-14 09:53:00
OP114163,W0197,Evening,D,16.0,0,2025-04-12 01:37:00
OP114164,W0015,Morning,B,15.0,0,2025-03-04 02:35:00
OP114165,W0313,Morning,C,8.0,1,2025-06-09 15:36:00
OP114167,W0054,Morning,B,26.0,0,2025-02-05 09:59:00
OP114168,W0074,Evening,C,29.0,0,2025-02-26 20:40:00
OP114170,W0495,Evening,E,38.0,0,2025-01-22 17:11:00
OP114172,W0384,Morning,B,31.0,0,2025-05-29 05:31:00
OP114175,W0046,Evening,A,10.0,0,2025-02-07 06:19:00
OP114178,W0170,Morning,E,30.0,1,2025-02-28 19:33:00
OP114181,W0155,Night,E,6.0,0,2025-04-03 12:59:00
OP114187,W0487,Morning,B,4.0,0,2025-01-28 19:28:00
OP114188,W0193,Evening,C,42.0,0,2025-05-30 07:56:00
OP114190,W0118,Morning,D,5.0,0,2025-05-17 11:43:00
OP114192,W0354,Morning,E,47.0,0,2025-04-01 00:31:00
OP114194,W0260,Night,B,26.0,0,2025-05-23 01:26:00
OP114195,W0247,Morning,C,2.0,0,2025-06-27 06:00:00
OP114198,W0377,Morning,E,13.0,1,2025-03-13 10:18:00
OP114199,W0314,Morning,E,36.0,0,2025-02-20 18:48:00
OP114203,W0489,Morning,B,8.0,0,2025-05-09 22:58:00
OP114208,W0060,Night,A,11.0,0,2025-06-20 20:25:00
OP114209,W0018,Evening,A,14.0,0,2025-01-15 03:31:00
OP114210,W0089,Night,B,1.0,0,2025-01-15 06:25:00
OP114212,W0073,Night,E,10.0,0,2025-06-06 08:11:00
OP114215,W0296,Morning,D,28.0,0,2025-01-05 09:01:00
OP114216,W0022,Evening,E,17.0,1,2025-01-26 02:58:00
OP114218,W0341,Morning,E,7.0,1,2025-06-10 14:21:00
OP114221,W0209,Morning,C,46.0,0,2025-06-20 14:04:00
OP114224,W0470,Morning,D,32.0,1,2025-06-06 10:58:00
OP114225,W0303,Evening,A,32.0,0,2025-06-14 23:55:00
OP114240,W0343,Morning,B,13.0,1,2025-02-03 21:14:00
OP114243,W0026,Morning,E,26.0,1,2025-03-10 12:58:00
OP114244,W0036,Night,D,27.0,0,2025-04-01 06:25:00
OP114247,W0227,Night,C,1.0,0,2025-06-18 07:59:00
OP114248,W0392,Evening,B,19.0,0,2025-02-08 01:24:00
OP114249,W0273,Morning,E,35.0,0,2025-04-29 10:17:00
OP114250,W0009,Night,B,17.0,0,2025-05-13 04:46:00
OP114252,W0100,Night,E,15.0,0,2025-04-30 08:37:00
OP114253,W0220,Morning,A,10.0,0,2025-06-05 19:59:00
OP114255,W0323,Morning,E,12.0,0,2025-04-23 11:47:00
OP114257,W0139,Evening,C,46.0,0,2025-04-09 18:01:00
OP114258,W0067,Evening,A,30.0,1,2025-04-20 18:57:00
OP114260,W0280,Evening,C,28.0,0,2025-01-06 14:19:00
OP114262,W0209,Night,A,17.0,0,2025-05-01 18:53:00
OP114267,W0473,Morning,B,17.0,0,2025-02-06 16:24:00
OP114269,W0268,Morning,B,13.0,1,2025-04-28 16:19:00
OP114275,W0084,Morning,B,13.0,0,2025-02-04 16:33:00
OP114276,W0094,Night,E,27.0,0,2025-05-31 19:56:00
OP114277,W0377,Night,D,9.0,1,2025-01-02 11:28:00
OP114278,W0178,Morning,C,30.0,1,2025-05-12 13:16:00
OP114280,W0420,Morning,E,10.0,0,2025-02-08 08:55:00
OP114285,W0072,Morning,D,17.0,1,2025-05-21 22:45:00
OP114287,W0271,Morning,C,11.0,0,2025-01-17 22:53:00
OP114288,W0162,Evening,D,41.0,0,2025-01-09 17:13:00
OP114289,W0457,Morning,D,27.0,1,2025-06-06 02:27:00
OP114291,W0064,Morning,B,45.0,0,2025-03-17 17:30:00
OP114293,W0312,Evening,E,41.0,0,2025-03-03 08:28:00
OP114295,W0286,Morning,C,15.0,1,2025-02-23 07:02:00
OP114298,W0204,Night,D,40.0,1,2025-06-19 12:24:00
OP114301,W0033,Evening,A,13.0,1,2025-02-11 05:10:00
OP114302,W0103,Morning,E,36.0,1,2025-01-22 05:56:00
OP114303,W0080,Night,B,21.0,0,2025-03-29 23:31:00
OP114304,W0027,Night,E,25.0,0,2025-01-25 21:23:00
OP114305,W0247,Morning,E,21.0,0,2025-02-22 15:02:00
OP114306,W0398,Morning,B,10.0,0,2025-04-06 04:56:00
OP114310,W0126,Night,E,27.0,0,2025-04-03 07:11:00
OP114312,W0047,Evening,E,43.0,0,2025-05-19 06:45:00
OP114317,W0146,Evening,C,15.0,0,2025-06-18 05:02:00
OP114319,W0197,Evening,A,16.0,0,2025-05-31 09:38:00
OP114321,W0306,Morning,C,18.0,0,2025-03-15 08:18:00
OP114322,W0349,Night,E,45.0,0,2025-05-08 14:57:00
OP114324,W0379,Evening,A,42.0,0,2025-05-28 12:13:00
OP114325,W0083,Night,A,26.0,1,2025-06-24 15:41:00
OP114326,W0175,Night,A,37.0,0,2025-02-04 16:57:00
OP114329,W0373,Morning,D,23.0,0,2025-06-10 02:04:00
OP114334,W0063,Morning,A,40.0,1,2025-06-17 06:58:00
OP114337,W0428,Evening,A,5.0,1,2025-02-19 22:25:00
OP114341,W0500,Night,C,39.0,0,2025-05-06 19:14:00
OP114343,W0036,Night,D,38.0,0,2025-05-05 00:27:00
OP114345,W0479,Evening,E,2.0,0,2025-01-19 11:40:00
OP114347,W0378,Evening,A,36.0,0,2025-05-15 10:54:00
OP114348,W0447,Evening,D,35.0,0,2025-06-15 21:20:00
OP114349,W0428,Morning,E,4.0,0,2025-04-03 04:45:00
OP114351,W0383,Evening,C,22.0,0,2025-02-24 23:04:00
OP114352,W0194,Evening,C,22.0,1,2025-06-22 09:10:00
OP114353,W0191,Night,E,17.0,0,2025-06-12 10:20:00
OP114357,W0291,Morning,A,16.0,0,2025-04-12 20:58:00
OP114358,W0447,Night,B,21.0,0,2025-04-21 14:26:00
OP114361,W0303,Evening,A,1.0,0,2025-06-05 18:55:00
OP114362,W0259,Evening,A,7.0,0,2025-03-02 07:27:00
OP114363,W0331,Evening,A,42.0,0,2025-05-26 14:54:00
OP114364,W0222,Evening,C,17.0,1,2025-01-08 05:21:00
OP114365,W0493,Morning,C,38.0,0,2025-06-04 03:18:00
OP114367,W0454,Night,B,47.0,0,2025-05-04 05:53:00
OP114368,W0346,Night,A,37.0,0,2025-03-15 05:02:00
OP114372,W0473,Morning,D,31.0,0,2025-02-18 04:16:00
OP114374,W0323,Morning,E,19.0,0,2025-06-10 06:07:00
OP114377,W0315,Morning,A,7.0,0,2025-05-21 19:04:00
OP114378,W0214,Evening,B,14.0,0,2025-04-11 01:41:00
OP114379,W0021,Morning,D,24.0,0,2025-03-21 00:21:00
OP114385,W0468,Morning,B,37.0,0,2025-04-16 02:16:00
OP114387,W0464,Morning,A,34.0,0,2025-03-24 12:28:00
OP114390,W0400,Morning,D,17.0,0,2025-05-21 02:58:00
OP114395,W0177,Morning,D,30.0,0,2025-06-02 01:35:00
OP114397,W0250,Morning,C,9.0,0,2025-02-28 08:46:00
OP114402,W0306,Night,A,37.0,0,2025-04-07 11:44:00
OP114403,W0154,Night,C,10.0,0,2025-06-24 04:09:00
OP114405,W0347,Morning,B,10.0,0,2025-02-28 04:44:00
OP114406,W0031,Evening,D,2.0,0,2025-02-22 04:22:00
OP114408,W0134,Evening,B,5.0,0,2025-04-29 13:41:00
OP114412,W0452,Evening,B,47.0,1,2025-05-23 17:44:00
OP114413,W0095,Morning,B,32.0,0,2025-03-10 11:08:00
OP114414,W0212,Night,C,45.0,0,2025-06-02 11:18:00
OP114415,W0028,Morning,C,27.0,0,2025-04-05 12:55:00
OP114416,W0323,Morning,A,22.0,0,2025-06-14 02:22:00
OP114421,W0097,Evening,C,37.0,0,2025-01-29 00:25:00
OP114425,W0452,Morning,D,24.0,0,2025-02-22 16:44:00
OP114426,W0435,Night,E,16.0,1,2025-01-23 08:36:00
OP114435,W0356,Morning,A,39.0,1,2025-04-13 06:52:00
OP114436,W0161,Morning,A,34.0,1,2025-02-12 05:37:00
OP114440,W0472,Evening,C,3.0,1,2025-04-02 00:34:00
OP114441,W0497,Morning,C,47.0,0,2025-02-11 15:41:00
OP114443,W0229,Morning,D,32.0,1,2025-03-31 05:03:00
OP114444,W0360,Night,C,29.0,0,2025-03-10 12:02:00
OP114446,W0050,Morning,A,41.0,0,2025-02-18 01:05:00
OP114447,W0484,Night,D,37.0,1,2025-06-08 01:50:00
OP114452,W0458,Evening,A,49.0,1,2025-05-15 18:43:00
OP114458,W0035,Evening,E,43.0,0,2025-06-14 19:51:00
OP114459,W0451,Night,E,24.0,0,2025-03-01 04:53:00
OP114460,W0209,Morning,A,8.0,1,2025-05-01 17:51:00
OP114462,W0058,Night,A,14.0,0,2025-01-26 04:36:00
OP114464,W0340,Morning,C,20.0,1,2025-06-10 20:04:00
OP114465,W0427,Morning,B,39.0,1,2025-01-01 00:51:00
OP114466,W0089,Morning,B,37.0,0,2025-02-10 20:45:00
OP114476,W0387,Morning,E,15.0,0,2025-04-30 05:07:00
OP114480,W0380,Night,C,11.0,1,2025-04-12 21:59:00
OP114484,W0286,Evening,D,44.0,0,2025-05-04 20:59:00
OP114485,W0140,Morning,D,40.0,0,2025-02-02 23:52:00
OP114489,W0196,Night,E,23.0,0,2025-02-13 04:19:00
OP114490,W0260,Night,C,22.0,0,2025-05-03 11:08:00
OP114491,W0411,Morning,B,38.0,0,2025-03-15 08:12:00
OP114494,W0247,Evening,E,43.0,0,2025-06-28 14:10:00
OP114496,W0493,Night,C,14.0,0,2025-03-26 03:59:00
OP114497,W0054,Night,B,44.0,0,2025-06-14 10:13:00
OP114500,W0261,Evening,E,36.0,0,2025-04-01 00:48:00
OP114502,W0158,Morning,B,24.0,1,2025-06-23 23:48:00
OP114503,W0332,Night,E,40.0,0,2025-06-15 16:13:00
OP114509,W0063,Morning,A,7.0,0,2025-06-15 19:09:00
OP114510,W0446,Morning,A,37.0,0,2025-05-23 14:21:00
OP114511,W0158,Evening,A,4.0,1,2025-05-12 07:01:00
OP114512,W0128,Morning,D,49.0,0,2025-02-23 20:16:00
OP114513,W0170,Morning,A,9.0,0,2025-05-10 22:13:00
OP114514,W0361,Morning,E,16.0,0,2025-04-14 16:34:00
OP114516,W0115,Evening,D,10.0,0,2025-05-15 23:30:00
OP114517,W0237,Morning,B,10.0,0,2025-06-21 04:08:00
OP114518,W0136,Morning,B,42.0,0,2025-02-22 20:59:00
OP114526,W0394,Evening,B,2.0,0,2025-05-05 03:27:00
OP114528,W0010,Morning,C,21.0,1,2025-05-25 05:33:00
OP114529,W0224,Evening,C,35.0,0,2025-04-29 10:29:00
OP114530,W0074,Evening,A,32.0,1,2025-05-06 16:08:00
OP114532,W0051,Morning,C,22.0,0,2025-06-15 22:00:00
OP114534,W0063,Morning,C,11.0,0,2025-02-03 05:10:00
OP114536,W0349,Evening,A,34.0,0,2025-06-06 13:39:00
OP114538,W0090,Morning,B,30.0,0,2025-02-23 04:21:00
OP114545,W0373,Night,E,41.0,0,2025-01-16 22:21:00
OP114546,W0138,Morning,C,2.0,0,2025-06-15 13:14:00
OP114547,W0210,Evening,D,46.0,0,2025-02-26 07:57:00
OP114550,W0188,Morning,E,19.0,0,2025-06-16 06:39:00
OP114553,W0318,Morning,A,1.0,0,2025-05-28 11:58:00
OP114555,W0267,Morning,A,35.0,0,2025-05-18 08:45:00
OP114559,W0061,Night,A,1.0,0,2025-01-10 21:12:00
OP114560,W0077,Evening,D,25.0,0,2025-02-20 05:11:00
OP114562,W0368,Evening,B,11.0,1,2025-01-21 07:28:00
OP114563,W0067,Evening,A,25.0,0,2025-06-25 15:03:00
OP114568,W0200,Morning,A,14.0,0,2025-01-21 00:37:00
OP114569,W0307,Night,B,16.0,1,2025-03-22 13:23:00
OP114570,W0296,Morning,E,46.0,0,2025-06-24 16:31:00
OP114578,W0080,Morning,B,17.0,1,2025-02-19 09:26:00
OP114580,W0497,Night,E,43.0,1,2025-03-04 00:18:00
OP114581,W0254,Night,B,38.0,1,2025-01-15 12:10:00
OP114582,W0431,Morning,E,38.0,0,2025-02-23 19:10:00
OP114584,W0263,Morning,E,35.0,0,2025-05-27 10:33:00
OP114585,W0390,Morning,A,4.0,0,2025-04-09 15:39:00
OP114588,W0107,Morning,E,31.0,0,2025-03-30 10:49:00
OP114589,W0218,Morning,A,43.0,1,2025-02-11 07:42:00
OP114596,W0164,Morning,C,42.0,0,2025-03-15 22:53:00
OP114597,W0084,Morning,C,23.0,0,2025-04-07 12:25:00
OP114600,W0493,Night,B,32.0,1,2025-06-18 17:45:00
OP114601,W0373,Morning,D,43.0,0,2025-06-12 12:59:00
OP114602,W0441,Morning,C,33.0,1,2025-03-11 03:08:00
OP114603,W0055,Morning,C,17.0,0,2025-05-20 18:10:00
OP114604,W0348,Night,A,4.0,1,2025-06-18 06:26:00
OP114606,W0012,Morning,B,33.0,0,2025-04-25 02:02:00
OP114609,W0130,Morning,A,42.0,0,2025-01-03 20:35:00
OP114610,W0306,Night,C,13.0,1,2025-04-23 13:38:00
OP114612,W0421,Night,A,14.0,0,2025-05-28 06:27:00
OP114613,W0091,Morning,C,43.0,1,2025-05-31 02:18:00
OP114615,W0078,Morning,C,8.0,0,2025-05-30 22:07:00
OP114616,W0212,Night,E,10.0,1,2025-01-25 04:42:00
OP114617,W0435,Evening,C,19.0,0,2025-03-04 15:56:00
OP114620,W0470,Morning,E,21.0,0,2025-06-25 01:29:00
OP114625,W0426,Morning,A,32.0,0,2025-04-29 22:39:00
OP114627,W0156,Morning,D,6.0,0,2025-05-15 15:02:00
OP114628,W0084,Morning,A,42.0,0,2025-04-24 20:45:00
OP114631,W0253,Morning,B,31.0,0,2025-03-15 21:21:00
OP114634,W0149,Night,B,3.0,0,2025-01-28 07:04:00
OP114637,W0318,Morning,A,37.0,1,2025-05-06 12:52:00
OP114639,W0102,Night,C,46.0,1,2025-04-21 08:57:00
OP114640,W0107,Night,D,30.0,0,2025-04-14 20:35:00
OP114641,W0326,Morning,D,7.0,0,2025-01-01 23:50:00
OP114643,W0073,Morning,E,35.0,0,2025-02-02 23:06:00
OP114644,W0045,Evening,C,24.0,0,2025-03-14 06:08:00
OP114645,W0240,Night,B,27.0,1,2025-05-08 09:35:00
OP114647,W0349,Night,B,23.0,0,2025-06-25 15:19:00
OP114649,W0488,Morning,B,1.0,0,2025-06-07 16:28:00
OP114650,W0050,Night,B,46.0,0,2025-03-31 03:13:00
OP114651,W0484,Morning,B,29.0,1,2025-01-30 05:11:00
OP114653,W0419,Morning,B,22.0,0,2025-03-16 14:14:00
OP114654,W0192,Morning,E,28.0,1,2025-03-04 16:30:00
OP114655,W0343,Morning,D,15.0,0,2025-04-21 12:33:00
OP114656,W0058,Morning,E,36.0,0,2025-01-09 21:18:00
OP114659,W0107,Evening,E,40.0,1,2025-06-15 13:21:00
OP114660,W0050,Morning,E,42.0,0,2025-03-30 15:56:00
OP114661,W0366,Morning,B,18.0,1,2025-02-10 03:28:00
OP114665,W0263,Night,E,18.0,0,2025-04-20 03:50:00
OP114667,W0323,Evening,C,1.0,0,2025-05-02 13:59:00
OP114670,W0145,Morning,C,3.0,0,2025-06-07 06:33:00
OP114673,W0074,Evening,D,31.0,0,2025-05-08 04:02:00
OP114676,W0482,Morning,E,9.0,1,2025-01-10 04:23:00
OP114679,W0162,Night,A,34.0,0,2025-03-28 00:31:00
OP114684,W0088,Morning,B,42.0,1,2025-03-16 13:58:00
OP114687,W0003,Night,B,33.0,0,2025-05-11 00:25:00
OP114688,W0174,Morning,A,9.0,0,2025-04-12 21:00:00
OP114689,W0378,Evening,B,25.0,1,2025-03-04 06:33:00
OP114692,W0262,Night,B,5.0,0,2025-01-31 04:41:00
OP114693,W0410,Night,D,27.0,0,2025-06-20 23:08:00
OP114697,W0077,Evening,A,12.0,0,2025-04-29 03:44:00
OP114698,W0051,Night,B,37.0,0,2025-04-25 23:17:00
OP114701,W0083,Morning,B,1.0,0,2025-02-28 14:17:00
OP114710,W0487,Morning,D,12.0,1,2025-03-29 03:22:00
OP114711,W0265,Evening,A,13.0,0,2025-03-05 21:05:00
OP114712,W0023,Morning,C,47.0,0,2025-04-12 06:49:00
OP114714,W0423,Morning,A,9.0,1,2025-05-08 23:25:00
OP114719,W0409,Night,B,22.0,1,2025-02-24 05:27:00
OP114720,W0148,Evening,C,33.0,0,2025-02-14 02:20:00
OP114724,W0294,Night,E,2.0,0,2025-01-21 02:01:00
OP114727,W0275,Evening,A,32.0,0,2025-02-15 08:05:00
OP114730,W0310,Morning,B,43.0,0,2025-04-09 00:58:00
OP114731,W0318,Morning,E,48.0,0,2025-01-14 12:43:00
OP114732,W0244,Morning,D,19.0,0,2025-02-28 06:15:00
OP114733,W0051,Morning,E,11.0,0,2025-06-14 06:17:00
OP114736,W0475,Evening,C,31.0,0,2025-03-27 17:08:00
OP114738,W0268,Morning,A,14.0,0,2025-06-12 10:58:00
OP114739,W0435,Evening,C,39.0,0,2025-03-02 22:44:00
OP114744,W0113,Evening,B,17.0,0,2025-05-23 15:34:00
OP114746,W0221,Night,D,27.0,1,2025-01-09 22:38:00
OP114748,W0317,Morning,B,45.0,0,2025-01-22 17:42:00
OP114749,W0452,Morning,E,39.0,0,2025-04-08 01:06:00
OP114750,W0431,Morning,E,44.0,0,2025-03-15 16:39:00
OP114751,W0237,Night,E,42.0,0,2025-06-24 07:11:00
OP114753,W0099,Morning,B,27.0,0,2025-03-12 09:56:00
OP114756,W0250,Evening,B,49.0,0,2025-01-01 22:51:00
OP114757,W0400,Morning,A,2.0,0,2025-01-09 08:18:00
OP114759,W0466,Evening,E,39.0,0,2025-04-25 15:34:00
OP114761,W0188,Morning,A,43.0,0,2025-02-18 19:45:00
OP114762,W0201,Night,B,3.0,0,2025-02-24 23:54:00
OP114767,W0034,Morning,B,4.0,0,2025-01-07 03:00:00
OP114770,W0305,Morning,A,20.0,1,2025-06-11 23:49:00
OP114772,W0015,Evening,E,43.0,1,2025-06-16 21:47:00
OP114773,W0263,Morning,E,2.0,1,2025-04-18 00:28:00
OP114774,W0340,Morning,D,9.0,0,2025-04-10 06:46:00
OP114775,W0424,Evening,D,43.0,1,2025-02-27 13:08:00
OP114777,W0460,Night,D,30.0,0,2025-02-03 13:35:00
OP114780,W0236,Night,B,29.0,1,2025-01-17 17:53:00
OP114783,W0099,Morning,A,32.0,0,2025-06-04 04:13:00
OP114785,W0021,Morning,D,41.0,1,2025-06-24 16:53:00
OP114788,W0432,Morning,B,33.0,0,2025-02-06 15:53:00
OP114790,W0415,Evening,E,32.0,0,2025-03-08 21:43:00
OP114792,W0324,Night,C,31.0,1,2025-05-08 14:58:00
OP114793,W0217,Morning,A,24.0,0,2025-06-04 04:51:00
OP114795,W0155,Morning,C,4.0,0,2025-02-20 12:03:00
OP114797,W0499,Evening,B,27.0,0,2025-05-24 08:26:00
OP114798,W0467,Night,B,19.0,0,2025-03-26 23:33:00
OP114799,W0180,Morning,C,32.0,0,2025-01-29 23:21:00
OP114800,W0388,Morning,D,43.0,0,2025-01-02 01:52:00
OP114804,W0415,Morning,E,2.0,0,2025-03-29 19:58:00
OP114807,W0138,Morning,A,38.0,0,2025-01-17 01:39:00
OP114812,W0237,Night,B,44.0,0,2025-01-08 20:48:00
OP114813,W0311,Night,A,37.0,0,2025-04-06 01:13:00
OP114815,W0229,Morning,A,36.0,0,2025-02-12 09:06:00
OP114818,W0138,Morning,E,17.0,0,2025-01-31 12:42:00
OP114820,W0385,Evening,A,5.0,0,2025-01-23 03:30:00
OP114825,W0050,Night,E,9.0,0,2025-05-12 23:48:00
OP114827,W0463,Morning,A,22.0,0,2025-06-03 18:04:00
OP114831,W0221,Morning,C,45.0,0,2025-03-29 14:40:00
OP114832,W0485,Evening,E,31.0,0,2025-06-28 09:51:00
OP114835,W0008,Morning,B,10.0,0,2025-06-29 13:52:00
OP114846,W0289,Morning,B,46.0,0,2025-04-16 05:17:00
OP114847,W0266,Night,C,7.0,0,2025-02-15 09:32:00
OP114848,W0208,Evening,E,4.0,0,2025-01-30 18:52:00
OP114849,W0480,Night,D,33.0,0,2025-03-06 08:43:00
OP114851,W0473,Morning,C,4.0,0,2025-02-03 01:15:00
OP114852,W0120,Morning,A,8.0,0,2025-06-05 09:08:00
OP114854,W0371,Morning,D,1.0,1,2025-01-05 11:40:00
OP114855,W0283,Night,E,49.0,0,2025-02-08 21:36:00
OP114858,W0291,Morning,C,45.0,0,2025-02-14 02:36:00
OP114862,W0430,Morning,C,2.0,0,2025-06-26 09:23:00
OP114864,W0182,Morning,E,24.0,0,2025-05-22 15:15:00
OP114867,W0086,Morning,C,22.0,0,2025-01-25 16:47:00
OP114869,W0284,Morning,C,46.0,0,2025-05-22 21:56:00
OP114871,W0380,Morning,C,29.0,1,2025-05-17 11:38:00
OP114872,W0286,Night,D,20.0,0,2025-06-07 14:01:00
OP114876,W0191,Morning,A,45.0,0,2025-03-28 22:36:00
OP114877,W0153,Evening,C,11.0,0,2025-04-22 05:20:00
OP114880,W0288,Evening,E,25.0,0,2025-06-21 05:17:00
OP114881,W0238,Evening,D,7.0,0,2025-02-16 12:45:00
OP114882,W0359,Night,E,34.0,0,2025-02-03 08:35:00
OP114884,W0317,Morning,A,39.0,0,2025-01-03 09:26:00
OP114885,W0215,Evening,A,35.0,0,2025-02-18 20:59:00
OP114887,W0445,Morning,A,40.0,1,2025-01-04 00:29:00
OP114889,W0257,Morning,C,47.0,0,2025-04-24 18:29:00
OP114892,W0102,Morning,A,40.0,1,2025-03-29 07:23:00
OP114893,W0347,Morning,C,47.0,0,2025-03-22 16:59:00
OP114894,W0130,Morning,B,8.0,0,2025-01-21 10:14:00
OP114895,W0343,Morning,C,25.0,0,2025-01-13 16:11:00
OP114899,W0092,Night,C,25.0,1,2025-03-07 13:41:00
OP114901,W0380,Morning,E,27.0,0,2025-05-10 20:26:00
OP114904,W0157,Night,A,25.0,0,2025-02-15 23:29:00
OP114909,W0207,Evening,B,29.0,0,2025-03-05 10:44:00
OP114912,W0454,Night,C,6.0,0,2025-02-12 21:36:00
OP114919,W0123,Morning,D,34.0,1,2025-04-07 14:47:00
OP114920,W0421,Morning,A,6.0,0,2025-04-15 09:48:00
OP114921,W0053,Morning,C,31.0,0,2025-03-01 16:23:00
OP114923,W0367,Evening,D,47.0,0,2025-04-25 13:52:00
OP114925,W0051,Morning,D,13.0,0,2025-05-22 06:47:00
OP114926,W0116,Evening,A,40.0,0,2025-01-21 11:38:00
OP114935,W0287,Evening,A,22.0,0,2025-06-02 10:05:00
OP114936,W0240,Morning,E,27.0,1,2025-03-05 09:38:00
OP114939,W0052,Evening,A,11.0,0,2025-05-27 09:24:00
OP114945,W0492,Night,A,31.0,1,2025-01-18 00:10:00
OP114946,W0045,Night,C,41.0,0,2025-05-10 15:36:00
OP114947,W0151,Night,A,25.0,1,2025-05-29 02:02:00
OP114948,W0198,Morning,C,19.0,0,2025-05-08 17:12:00
OP114949,W0103,Evening,B,21.0,1,2025-04-17 06:53:00
OP114950,W0269,Morning,C,15.0,1,2025-04-30 22:26:00
OP114952,W0174,Morning,A,47.0,0,2025-05-20 00:09:00
OP114960,W0395,Evening,B,1.0,1,2025-04-05 20:19:00
OP114961,W0246,Night,E,15.0,0,2025-06-04 09:58:00
OP114966,W0022,Morning,B,27.0,0,2025-01-16 00:11:00
OP114968,W0367,Morning,A,27.0,0,2025-03-11 15:34:00
OP114973,W0475,Morning,C,16.0,0,2025-03-31 17:08:00
OP114975,W0253,Evening,C,49.0,0,2025-06-12 09:52:00
OP114976,W0321,Night,B,49.0,0,2025-03-06 10:47:00
OP114979,W0485,Night,D,19.0,0,2025-04-29 05:16:00
OP114980,W0120,Evening,C,47.0,0,2025-01-11 11:53:00
OP114984,W0346,Morning,D,48.0,0,2025-05-28 19:27:00
OP114986,W0135,Evening,C,41.0,0,2025-03-03 14:20:00
OP114987,W0289,Evening,B,20.0,0,2025-06-02 14:20:00
OP114990,W0484,Morning,E,1.0,0,2025-06-20 19:07:00
OP114994,W0060,Morning,B,8.0,0,2025-03-26 22:00:00
OP114995,W0136,Morning,E,26.0,1,2025-04-15 15:15:00
OP114996,W0496,Evening,E,35.0,0,2025-03-04 10:54:00
OP114997,W0116,Evening,E,22.0,0,2025-01-19 11:13:00
OP115001,W0436,Morning,A,9.0,0,2025-02-19 04:42:00
OP115006,W0012,Evening,B,30.0,0,2025-02-17 11:42:00
OP115007,W0276,Morning,E,35.0,1,2025-05-02 20:57:00
OP115008,W0227,Morning,D,33.0,0,2025-01-13 04:14:00
OP115009,W0174,Night,C,45.0,0,2025-05-11 22:49:00
OP115010,W0003,Night,B,38.0,0,2025-04-10 11:36:00
OP115014,W0211,Night,D,37.0,0,2025-03-03 04:25:00
OP115019,W0146,Morning,D,4.0,1,2025-01-29 13:31:00
OP115021,W0378,Morning,D,11.0,0,2025-06-25 03:37:00
OP115023,W0120,Night,C,24.0,0,2025-06-05 02:31:00
OP115026,W0002,Night,C,34.0,0,2025-04-07 13:54:00
OP115028,W0357,Night,A,25.0,0,2025-06-03 10:57:00
OP115029,W0010,Morning,C,18.0,0,2025-05-24 03:01:00
OP115030,W0122,Morning,E,46.0,0,2025-01-01 09:32:00
OP115032,W0248,Evening,E,14.0,1,2025-06-24 19:14:00
OP115035,W0443,Morning,C,38.0,0,2025-06-17 06:17:00
OP115036,W0068,Morning,D,2.0,1,2025-01-25 10:22:00
OP115037,W0075,Morning,E,27.0,1,2025-02-25 13:35:00
OP115042,W0446,Morning,E,31.0,0,2025-05-12 23:49:00
OP115043,W0091,Morning,C,46.0,0,2025-03-09 20:02:00
OP115045,W0471,Evening,C,46.0,0,2025-05-18 19:21:00
OP115047,W0315,Morning,C,42.0,1,2025-05-09 00:52:00
OP115049,W0253,Evening,D,19.0,1,2025-02-24 02:03:00
OP115053,W0194,Morning,C,13.0,1,2025-05-07 21:31:00
OP115054,W0146,Morning,E,15.0,0,2025-05-08 19:14:00
OP115065,W0137,Night,C,28.0,0,2025-05-26 10:42:00
OP115067,W0059,Night,D,8.0,0,2025-06-04 17:56:00
OP115070,W0087,Morning,D,39.0,0,2025-05-02 07:59:00
OP115072,W0219,Morning,B,26.0,0,2025-01-20 12:07:00
OP115073,W0140,Morning,C,17.0,0,2025-01-15 06:00:00
OP115076,W0314,Morning,D,40.0,0,2025-06-10 09:17:00
OP115077,W0446,Morning,E,1.0,1,2025-06-01 22:13:00
OP115079,W0220,Night,A,6.0,0,2025-06-27 15:22:00
OP115081,W0394,Night,B,44.0,0,2025-03-01 16:16:00
OP115082,W0222,Evening,E,46.0,1,2025-03-15 21:03:00
OP115084,W0274,Evening,D,27.0,1,2025-04-30 07:16:00
OP115085,W0032,Night,D,47.0,0,2025-01-03 17:09:00
OP115086,W0305,Morning,B,16.0,0,2025-02-27 05:06:00
OP115091,W0177,Morning,D,20.0,0,2025-02-01 07:55:00
OP115095,W0295,Night,E,6.0,0,2025-03-18 22:28:00
OP115097,W0462,Evening,D,15.0,0,2025-03-09 15:07:00
OP115098,W0278,Morning,A,25.0,0,2025-02-25 12:29:00
OP115100,W0400,Morning,C,15.0,0,2025-04-17 16:47:00
OP115105,W0018,Evening,D,43.0,1,2025-05-12 03:31:00
OP115107,W0025,Night,C,49.0,0,2025-06-02 00:42:00
OP115110,W0167,Night,C,39.0,0,2025-01-19 08:25:00
OP115119,W0339,Evening,E,18.0,1,2025-01-03 14:49:00
OP115120,W0495,Morning,B,24.0,0,2025-03-10 04:38:00
OP115126,W0012,Morning,C,34.0,0,2025-03-12 22:09:00
OP115129,W0408,Night,D,19.0,1,2025-03-02 12:32:00
OP115130,W0198,Morning,C,30.0,0,2025-01-03 17:30:00
OP115132,W0276,Evening,D,40.0,0,2025-03-18 02:13:00
OP115133,W0210,Morning,C,20.0,1,2025-03-27 19:09:00
OP115140,W0261,Night,E,3.0,0,2025-02-23 11:06:00
OP115141,W0076,Night,B,49.0,1,2025-02-06 01:23:00
OP115144,W0241,Night,B,21.0,1,2025-04-13 18:14:00
OP115145,W0243,Morning,A,28.0,0,2025-01-13 11:41:00
OP115147,W0190,Morning,B,36.0,0,2025-06-27 21:09:00
OP115148,W0258,Morning,E,35.0,0,2025-04-29 09:06:00
OP115150,W0050,Night,D,42.0,0,2025-03-07 07:18:00
OP115151,W0371,Morning,C,22.0,0,2025-06-25 18:10:00
OP115153,W0101,Morning,E,42.0,1,2025-04-08 05:21:00
OP115155,W0155,Morning,B,27.0,0,2025-01-29 07:22:00
OP115156,W0242,Morning,C,4.0,1,2025-06-11 13:18:00
OP115159,W0161,Night,B,2.0,0,2025-02-05 10:06:00
OP115161,W0224,Morning,E,29.0,0,2025-06-05 11:56:00
OP115164,W0129,Night,E,22.0,0,2025-01-12 12:37:00
OP115165,W0057,Morning,D,14.0,0,2025-05-26 16:40:00
OP115167,W0102,Morning,E,14.0,0,2025-01-23 16:58:00
OP115169,W0127,Evening,C,27.0,1,2025-04-13 10:06:00
OP115175,W0257,Morning,D,49.0,0,2025-04-24 09:47:00
OP115177,W0338,Morning,D,40.0,0,2025-05-11 09:45:00
OP115180,W0253,Morning,B,16.0,0,2025-01-05 03:13:00
OP115181,W0062,Evening,D,37.0,0,2025-06-28 05:59:00
OP115182,W0129,Evening,D,25.0,0,2025-02-24 04:57:00
OP115184,W0470,Morning,C,9.0,0,2025-03-27 16:47:00
OP115186,W0045,Night,C,23.0,0,2025-04-26 11:23:00
OP115190,W0004,Morning,D,36.0,1,2025-06-29 03:53:00
OP115194,W0410,Morning,C,10.0,0,2025-02-24 13:25:00
OP115201,W0015,Morning,B,43.0,0,2025-04-02 05:32:00
OP115205,W0190,Night,D,37.0,0,2025-04-23 14:56:00
OP115206,W0006,Evening,E,49.0,1,2025-01-17 04:30:00
OP115208,W0210,Night,A,47.0,0,2025-04-13 23:49:00
OP115209,W0005,Night,E,19.0,1,2025-03-02 19:48:00
OP115210,W0165,Morning,C,17.0,0,2025-04-25 14:44:00
OP115211,W0407,Morning,A,15.0,0,2025-03-03 05:48:00
OP115212,W0091,Morning,A,6.0,1,2025-04-06 05:18:00
OP115215,W0080,Morning,C,37.0,0,2025-03-02 21:50:00
OP115216,W0104,Evening,E,15.0,1,2025-06-09 12:22:00
OP115217,W0130,Evening,B,44.0,1,2025-02-27 11:03:00
OP115218,W0371,Evening,C,5.0,0,2025-06-05 13:08:00
OP115220,W0030,Morning,B,4.0,0,2025-06-24 03:52:00
OP115221,W0431,Morning,D,24.0,1,2025-02-20 11:18:00
OP115222,W0314,Morning,A,47.0,0,2025-03-26 11:17:00
OP115223,W0338,Evening,B,34.0,0,2025-03-02 02:38:00
OP115225,W0238,Evening,D,34.0,0,2025-05-12 18:57:00
OP115226,W0363,Night,C,21.0,0,2025-02-28 01:25:00
OP115227,W0295,Morning,B,23.0,0,2025-02-25 11:12:00
OP115228,W0098,Morning,D,40.0,0,2025-05-15 04:06:00
OP115231,W0294,Evening,D,41.0,0,2025-04-13 16:36:00
OP115232,W0037,Morning,E,20.0,0,2025-05-16 16:11:00
OP115235,W0414,Evening,D,31.0,0,2025-05-04 13:07:00
OP115236,W0493,Morning,A,24.0,0,2025-03-19 08:40:00
OP115239,W0388,Night,D,34.0,1,2025-03-02 14:54:00
OP115240,W0408,Night,B,27.0,0,2025-06-12 16:24:00
OP115245,W0486,Night,C,31.0,0,2025-02-27 18:05:00
OP115247,W0287,Evening,C,31.0,0,2025-05-07 18:43:00
OP115248,W0303,Night,D,43.0,0,2025-05-05 05:51:00
OP115250,W0205,Night,D,19.0,0,2025-04-24 06:33:00
OP115252,W0126,Night,C,9.0,0,2025-03-09 19:38:00
OP115253,W0036,Evening,D,47.0,0,2025-02-12 00:46:00
OP115256,W0081,Evening,A,24.0,1,2025-03-27 09:57:00
OP115257,W0328,Morning,B,26.0,0,2025-05-05 08:47:00
OP115258,W0107,Morning,A,33.0,0,2025-01-06 03:55:00
OP115260,W0182,Night,A,48.0,0,2025-02-15 08:56:00
OP115262,W0420,Morning,C,48.0,1,2025-06-27 14:51:00
OP115263,W0093,Evening,E,15.0,1,2025-01-27 12:55:00
OP115265,W0344,Evening,D,39.0,0,2025-04-26 03:00:00
OP115266,W0072,Morning,A,17.0,0,2025-01-25 19:25:00
OP115267,W0420,Night,E,17.0,1,2025-05-28 23:01:00
OP115270,W0302,Morning,E,11.0,1,2025-03-12 01:06:00
OP115271,W0123,Morning,A,44.0,1,2025-06-29 05:14:00
OP115274,W0147,Morning,B,47.0,0,2025-03-03 01:28:00
OP115275,W0079,Night,B,40.0,1,2025-06-10 14:33:00
OP115278,W0140,Night,D,44.0,0,2025-03-03 23:23:00
OP115279,W0264,Morning,E,35.0,0,2025-06-10 16:42:00
OP115282,W0443,Morning,A,13.0,0,2025-02-08 17:51:00
OP115284,W0307,Morning,D,48.0,1,2025-03-25 04:51:00
OP115286,W0483,Morning,B,17.0,0,2025-01-11 17:07:00
OP115295,W0446,Morning,B,25.0,0,2025-03-24 11:50:00
OP115296,W0397,Evening,B,29.0,1,2025-01-04 07:22:00
OP115297,W0128,Morning,E,33.0,0,2025-05-24 11:36:00
OP115298,W0301,Morning,C,27.0,0,2025-06-26 19:43:00
OP115301,W0045,Morning,B,31.0,1,2025-01-29 09:14:00
OP115303,W0362,Night,D,12.0,0,2025-03-02 10:55:00
OP115304,W0006,Night,B,23.0,1,2025-05-22 14:20:00
OP115307,W0400,Morning,C,9.0,1,2025-01-26 02:35:00
OP115311,W0420,Morning,C,3.0,1,2025-02-12 04:25:00
OP115313,W0360,Morning,A,42.0,0,2025-04-22 13:26:00
OP115316,W0087,Morning,E,25.0,0,2025-01-30 13:37:00
OP115320,W0224,Evening,E,46.0,1,2025-04-24 13:24:00
OP115322,W0271,Morning,E,23.0,1,2025-03-16 04:29:00
OP115323,W0296,Morning,E,6.0,1,2025-06-24 11:09:00
OP115324,W0439,Evening,E,39.0,0,2025-06-27 23:32:00
OP115326,W0294,Morning,D,4.0,0,2025-02-23 10:58:00
OP115327,W0450,Morning,D,41.0,1,2025-04-12 16:50:00
OP115328,W0435,Morning,E,8.0,0,2025-06-12 02:27:00
OP115334,W0447,Evening,E,9.0,1,2025-05-24 15:25:00
OP115337,W0358,Morning,C,9.0,1,2025-04-01 05:51:00
OP115338,W0216,Evening,A,43.0,0,2025-01-23 00:32:00
OP115340,W0364,Morning,B,32.0,0,2025-02-05 15:35:00
OP115344,W0077,Night,E,49.0,0,2025-01-19 00:49:00
OP115345,W0272,Morning,C,40.0,0,2025-06-07 14:39:00
OP115348,W0208,Evening,B,17.0,0,2025-04-06 12:42:00
OP115349,W0157,Morning,E,33.0,0,2025-02-21 06:02:00
OP115350,W0279,Morning,C,31.0,0,2025-05-11 11:47:00
OP115351,W0259,Night,D,13.0,0,2025-06-17 04:56:00
OP115353,W0499,Night,A,43.0,0,2025-05-04 16:15:00
OP115359,W0160,Night,E,3.0,0,2025-05-15 06:48:00
OP115361,W0114,Evening,E,3.0,0,2025-04-01 01:24:00
OP115369,W0220,Night,C,31.0,1,2025-02-23 00:31:00
OP115373,W0096,Evening,D,16.0,1,2025-04-15 09:31:00
OP115382,W0187,Morning,B,41.0,0,2025-02-03 11:06:00
OP115383,W0439,Morning,B,22.0,0,2025-02-05 09:04:00
OP115384,W0123,Morning,D,44.0,0,2025-01-15 19:15:00
OP115388,W0397,Morning,E,36.0,1,2025-02-20 02:48:00
OP115390,W0237,Morning,C,49.0,1,2025-03-05 02:38:00
OP115392,W0225,Evening,E,48.0,0,2025-06-07 09:35:00
OP115395,W0282,Evening,A,25.0,1,2025-04-21 06:33:00
OP115397,W0262,Morning,D,38.0,1,2025-03-30 15:07:00
OP115398,W0452,Night,D,2.0,0,2025-04-28 07:11:00
OP115399,W0459,Night,A,41.0,0,2025-02-14 11:42:00
OP115402,W0484,Night,A,44.0,0,2025-05-03 23:01:00
OP115403,W0477,Morning,E,40.0,0,2025-03-06 16:10:00
OP115404,W0061,Night,D,22.0,1,2025-06-03 17:54:00
OP115405,W0038,Morning,C,44.0,1,2025-03-18 19:09:00
OP115407,W0180,Morning,E,1.0,0,2025-02-20 16:22:00
OP115411,W0486,Morning,B,47.0,0,2025-05-14 04:04:00
OP115412,W0236,Night,A,22.0,1,2025-05-10 19:00:00
OP115414,W0218,Morning,E,25.0,1,2025-03-10 05:03:00
OP115415,W0063,Morning,E,14.0,0,2025-04-05 02:26:00
OP115417,W0117,Evening,D,43.0,0,2025-01-14 19:54:00
OP115420,W0113,Morning,E,49.0,0,2025-05-14 20:28:00
OP115423,W0240,Morning,C,13.0,0,2025-03-20 08:11:00
OP115426,W0397,Evening,B,28.0,0,2025-01-27 04:22:00
OP115427,W0223,Morning,E,13.0,0,2025-04-11 09:36:00
OP115430,W0421,Night,C,25.0,1,2025-04-01 05:15:00
OP115432,W0346,Evening,B,43.0,1,2025-04-16 21:04:00
OP115444,W0050,Evening,E,28.0,1,2025-04-10 05:37:00
OP115447,W0212,Evening,A,36.0,0,2025-04-09 02:52:00
OP115448,W0337,Evening,D,44.0,0,2025-05-28 08:17:00
OP115450,W0407,Morning,A,14.0,0,2025-05-18 09:20:00
OP115453,W0042,Evening,C,13.0,0,2025-02-25 18:27:00
OP115457,W0077,Morning,C,36.0,0,2025-05-15 06:18:00
OP115458,W0209,Morning,E,13.0,0,2025-05-25 06:59:00
OP115460,W0229,Morning,D,22.0,0,2025-04-30 08:00:00
OP115461,W0044,Night,B,29.0,0,2025-03-10 00:41:00
OP115464,W0268,Morning,A,47.0,0,2025-01-23 08:05:00
OP115468,W0206,Morning,B,14.0,1,2025-06-08 17:55:00
OP115473,W0179,Morning,B,4.0,0,2025-05-20 00:36:00
OP115474,W0379,Evening,A,32.0,0,2025-05-23 20:32:00
OP115475,W0220,Morning,D,35.0,0,2025-02-26 00:34:00
OP115477,W0238,Morning,C,42.0,1,2025-01-06 12:26:00
OP115482,W0290,Evening,C,30.0,1,2025-03-03 02:40:00
OP115484,W0242,Night,B,23.0,1,2025-04-08 00:42:00
OP115487,W0298,Evening,A,13.0,0,2025-05-05 21:37:00
OP115494,W0191,Evening,B,36.0,0,2025-03-18 22:32:00
OP115496,W0371,Morning,C,18.0,1,2025-01-29 08:51:00
OP115497,W0302,Morning,B,35.0,0,2025-02-04 07:40:00
OP115498,W0420,Morning,D,9.0,0,2025-04-03 13:53:00
OP115506,W0292,Evening,C,18.0,1,2025-06-24 12:18:00
OP115511,W0001,Night,A,9.0,0,2025-02-21 06:46:00
OP115512,W0126,Night,B,16.0,1,2025-04-27 03:55:00
OP115513,W0321,Evening,B,11.0,0,2025-03-03 01:37:00
OP115516,W0257,Morning,B,28.0,0,2025-02-14 16:18:00
OP115518,W0344,Evening,E,34.0,0,2025-05-31 23:37:00
OP115519,W0403,Morning,A,40.0,1,2025-04-28 00:47:00
OP115520,W0270,Morning,B,11.0,0,2025-06-20 14:38:00
OP115521,W0348,Evening,D,42.0,0,2025-01-28 09:19:00
OP115522,W0191,Morning,E,27.0,0,2025-01-05 06:57:00
OP115529,W0462,Morning,A,4.0,0,2025-01-12 10:32:00
OP115530,W0001,Morning,C,36.0,0,2025-01-26 20:40:00
OP115531,W0263,Morning,C,23.0,0,2025-02-10 07:18:00
OP115535,W0269,Morning,A,16.0,0,2025-04-13 16:03:00
OP115537,W0356,Morning,C,18.0,1,2025-05-26 15:32:00
OP115542,W0342,Evening,C,8.0,0,2025-03-13 00:36:00
OP115545,W0333,Morning,E,29.0,0,2025-03-30 13:44:00
OP115546,W0193,Morning,D,36.0,0,2025-05-03 17:36:00
OP115547,W0223,Morning,C,24.0,0,2025-03-02 15:20:00
OP115550,W0232,Morning,A,44.0,1,2025-01-15 16:54:00
OP115553,W0094,Morning,A,34.0,0,2025-04-23 18:46:00
OP115554,W0432,Morning,E,25.0,1,2025-06-01 09:45:00
OP115555,W0486,Morning,A,47.0,0,2025-02-15 08:42:00
OP115557,W0226,Morning,A,8.0,1,2025-05-21 06:28:00
OP115559,W0148,Morning,B,8.0,0,2025-03-17 04:28:00
OP115560,W0453,Night,A,12.0,0,2025-06-06 09:09:00
OP115561,W0467,Night,D,18.0,0,2025-05-29 07:50:00
OP115562,W0410,Morning,B,29.0,0,2025-04-23 06:03:00
OP115563,W0287,Evening,E,33.0,0,2025-05-12 02:36:00
OP115566,W0029,Night,A,23.0,1,2025-03-11 21:11:00
OP115569,W0454,Morning,D,3.0,0,2025-03-17 02:47:00
OP115570,W0219,Evening,B,44.0,1,2025-06-12 01:40:00
OP115572,W0039,Morning,D,33.0,0,2025-03-15 07:17:00
OP115574,W0056,Morning,D,44.0,0,2025-01-16 12:29:00
OP115575,W0479,Night,A,37.0,0,2025-01-09 10:56:00
OP115577,W0266,Night,E,35.0,1,2025-02-27 07:01:00
OP115580,W0366,Evening,D,4.0,0,2025-06-11 02:04:00
OP115581,W0012,Evening,E,9.0,0,2025-02-06 01:29:00
OP115586,W0475,Morning,E,37.0,0,2025-03-12 05:28:00
OP115587,W0266,Morning,D,41.0,0,2025-04-18 23:00:00
OP115589,W0006,Morning,E,30.0,0,2025-04-26 07:59:00
OP115590,W0127,Morning,A,21.0,0,2025-02-23 01:12:00
OP115594,W0155,Morning,A,13.0,0,2025-01-02 23:44:00
OP115597,W0469,Evening,B,18.0,0,2025-06-28 18:47:00
OP115599,W0189,Evening,E,3.0,0,2025-01-03 12:53:00
OP115606,W0102,Evening,B,49.0,0,2025-04-13 19:35:00
OP115608,W0285,Evening,C,17.0,0,2025-02-05 08:50:00
OP115609,W0446,Night,D,23.0,1,2025-06-15 10:20:00
OP115610,W0134,Night,B,42.0,0,2025-04-14 16:23:00
OP115613,W0341,Morning,A,41.0,0,2025-01-31 22:54:00
OP115616,W0498,Evening,B,26.0,0,2025-03-21 22:14:00
OP115617,W0323,Night,C,11.0,0,2025-02-26 05:06:00
OP115618,W0310,Night,E,26.0,0,2025-06-11 14:06:00
OP115621,W0003,Morning,B,11.0,1,2025-01-07 08:11:00
OP115622,W0267,Morning,C,4.0,1,2025-06-05 05:44:00
OP115624,W0465,Morning,A,33.0,0,2025-02-14 21:10:00
OP115627,W0256,Morning,A,12.0,0,2025-03-31 00:28:00
OP115628,W0481,Night,B,33.0,1,2025-05-20 22:03:00
OP115629,W0232,Night,A,43.0,0,2025-03-27 10:51:00
OP115630,W0124,Morning,D,34.0,0,2025-02-24 17:08:00
OP115632,W0031,Morning,D,29.0,0,2025-01-14 06:55:00
OP115636,W0049,Evening,A,22.0,0,2025-06-07 07:19:00
OP115637,W0489,Morning,A,2.0,1,2025-06-06 21:52:00
OP115640,W0293,Evening,D,7.0,0,2025-04-11 09:05:00
OP115642,W0061,Morning,D,40.0,0,2025-05-06 09:37:00
OP115643,W0143,Evening,E,34.0,0,2025-06-07 18:26:00
OP115644,W0165,Morning,B,3.0,0,2025-03-20 19:12:00
OP115646,W0051,Evening,D,36.0,1,2025-03-25 02:25:00
OP115650,W0058,Night,B,48.0,0,2025-05-11 00:04:00
OP115652,W0471,Morning,D,41.0,0,2025-01-26 13:24:00
OP115653,W0303,Night,D,23.0,0,2025-05-31 04:03:00
OP115657,W0098,Morning,A,10.0,0,2025-03-19 10:11:00
OP115659,W0418,Evening,C,31.0,1,2025-04-02 10:17:00
OP115663,W0205,Morning,D,17.0,1,2025-05-08 17:51:00
OP115665,W0370,Evening,A,37.0,0,2025-02-09 13:46:00
OP115667,W0418,Morning,D,15.0,0,2025-06-07 05:04:00
OP115672,W0387,Morning,B,10.0,1,2025-02-15 13:25:00
OP115673,W0418,Morning,C,34.0,0,2025-01-31 02:08:00
OP115677,W0373,Night,A,5.0,0,2025-04-15 11:49:00
OP115678,W0228,Night,D,25.0,0,2025-03-12 07:50:00
OP115683,W0150,Evening,C,18.0,0,2025-02-28 21:03:00
OP115690,W0321,Night,A,20.0,1,2025-01-31 23:17:00
OP115693,W0351,Evening,C,25.0,0,2025-04-11 17:15:00
OP115696,W0433,Morning,B,1.0,1,2025-04-01 14:04:00
OP115697,W0280,Night,C,33.0,0,2025-02-08 07:59:00
OP115698,W0081,Morning,B,31.0,0,2025-02-13 02:57:00
OP115703,W0362,Morning,D,26.0,0,2025-05-07 13:37:00
OP115706,W0365,Morning,C,10.0,0,2025-02-10 05:24:00
OP115708,W0243,Night,A,10.0,0,2025-02-25 20:12:00
OP115710,W0203,Evening,A,36.0,1,2025-03-20 11:08:00
OP115711,W0043,Morning,A,22.0,0,2025-06-16 00:33:00
OP115713,W0404,Evening,E,26.0,0,2025-01-17 06:18:00
OP115714,W0194,Night,E,10.0,1,2025-03-05 16:52:00
OP115721,W0429,Morning,E,22.0,0,2025-01-29 20:01:00
OP115722,W0035,Morning,C,9.0,0,2025-06-17 07:50:00
OP115724,W0310,Morning,D,1.0,1,2025-02-16 15:55:00
OP115728,W0033,Evening,C,1.0,0,2025-06-02 13:37:00
OP115729,W0032,Night,D,2.0,0,2025-01-25 19:24:00
OP115734,W0136,Night,E,25.0,0,2025-01-01 17:18:00
OP115736,W0117,Evening,A,21.0,0,2025-04-21 16:17:00
OP115737,W0257,Night,B,16.0,0,2025-01-10 19:37:00
OP115739,W0253,Night,B,10.0,0,2025-02-21 00:40:00
OP115746,W0428,Night,C,31.0,0,2025-06-01 15:34:00
OP115748,W0280,Morning,E,37.0,0,2025-06-24 07:21:00
OP115752,W0303,Evening,B,42.0,0,2025-01-08 09:12:00
OP115754,W0188,Evening,C,47.0,1,2025-03-31 16:05:00
OP115756,W0169,Evening,B,44.0,0,2025-05-04 06:16:00
OP115757,W0298,Night,C,12.0,0,2025-06-04 20:40:00
OP115758,W0161,Night,E,34.0,0,2025-06-01 21:45:00
OP115759,W0481,Night,A,31.0,0,2025-01-14 00:23:00
OP115760,W0136,Evening,A,9.0,1,2025-05-11 09:18:00
OP115762,W0396,Morning,C,44.0,0,2025-06-02 21:17:00
OP115765,W0160,Night,C,16.0,0,2025-04-25 06:20:00
OP115768,W0446,Evening,A,45.0,1,2025-02-17 00:13:00
OP115769,W0061,Night,D,24.0,0,2025-06-27 22:10:00
OP115771,W0259,Night,B,39.0,0,2025-04-09 14:22:00
OP115773,W0380,Night,D,42.0,0,2025-02-21 20:13:00
OP115777,W0046,Morning,E,6.0,0,2025-01-16 09:50:00
OP115781,W0007,Evening,B,39.0,1,2025-03-30 23:10:00
OP115782,W0430,Evening,C,25.0,0,2025-02-10 13:03:00
OP115784,W0155,Evening,B,47.0,0,2025-04-27 15:33:00
OP115789,W0281,Evening,E,47.0,0,2025-04-20 23:09:00
OP115790,W0127,Evening,E,9.0,0,2025-05-09 04:44:00
OP115791,W0229,Morning,E,38.0,0,2025-02-14 21:21:00
OP115795,W0026,Morning,C,35.0,0,2025-04-12 06:05:00
OP115797,W0176,Morning,A,12.0,0,2025-04-10 09:13:00
OP115798,W0003,Night,C,28.0,1,2025-06-14 22:37:00
OP115800,W0055,Evening,E,41.0,1,2025-01-30 18:51:00
OP115802,W0308,Evening,A,23.0,0,2025-02-11 20:33:00
OP115804,W0326,Morning,D,15.0,0,2025-02-03 14:06:00
OP115806,W0023,Evening,A,18.0,0,2025-01-26 01:55:00
OP115807,W0244,Evening,D,30.0,0,2025-06-07 23:09:00
OP115809,W0282,Night,D,11.0,1,2025-06-11 04:41:00
OP115812,W0256,Evening,E,46.0,0,2025-03-27 06:35:00
OP115814,W0293,Evening,C,33.0,0,2025-06-10 04:56:00
OP115816,W0484,Morning,B,44.0,0,2025-04-29 11:06:00
OP115817,W0379,Evening,D,17.0,0,2025-02-21 11:59:00
OP115824,W0305,Evening,E,48.0,0,2025-02-05 09:14:00
OP115826,W0324,Morning,A,25.0,0,2025-04-18 04:28:00
OP115827,W0460,Morning,A,14.0,0,2025-01-12 23:19:00
OP115829,W0336,Morning,C,9.0,0,2025-03-25 17:38:00
OP115831,W0110,Evening,E,27.0,0,2025-05-09 20:19:00
OP115841,W0106,Evening,C,19.0,1,2025-04-23 10:34:00
OP115842,W0269,Morning,B,3.0,0,2025-01-23 01:07:00
OP115843,W0458,Morning,C,23.0,0,2025-05-05 05:42:00
OP115847,W0008,Night,A,14.0,1,2025-02-12 09:47:00
OP115848,W0106,Morning,A,12.0,1,2025-05-18 09:38:00
OP115851,W0148,Evening,A,29.0,0,2025-06-04 00:48:00
OP115853,W0220,Morning,D,24.0,0,2025-05-20 03:12:00
OP115855,W0449,Night,E,5.0,0,2025-06-07 17:25:00
OP115856,W0094,Morning,E,31.0,0,2025-06-04 03:32:00
OP115857,W0455,Morning,D,12.0,1,2025-05-18 16:55:00
OP115862,W0261,Night,B,24.0,1,2025-05-26 11:09:00
OP115863,W0481,Morning,D,33.0,1,2025-04-28 02:25:00
OP115864,W0250,Night,A,10.0,0,2025-02-15 15:36:00
OP115867,W0500,Morning,B,31.0,1,2025-06-12 04:17:00
OP115868,W0355,Morning,E,24.0,0,2025-03-24 00:09:00
OP115870,W0149,Morning,C,13.0,0,2025-02-07 15:35:00
OP115879,W0172,Night,A,15.0,0,2025-06-23 22:54:00
OP115880,W0266,Evening,C,23.0,0,2025-02-08 21:59:00
OP115883,W0443,Evening,B,1.0,1,2025-04-20 18:58:00
OP115888,W0272,Morning,A,49.0,0,2025-03-28 16:10:00
OP115889,W0466,Morning,D,43.0,0,2025-04-04 15:44:00
OP115890,W0221,Morning,C,30.0,0,2025-04-17 19:13:00
OP115891,W0468,Night,D,34.0,0,2025-05-30 12:50:00
OP115893,W0473,Night,C,35.0,1,2025-03-20 15:30:00
OP115894,W0456,Morning,C,5.0,1,2025-04-15 05:06:00
OP115895,W0283,Evening,C,46.0,0,2025-05-28 09:42:00
OP115897,W0195,Morning,B,11.0,1,2025-01-29 05:45:00
OP115899,W0493,Evening,B,23.0,0,2025-02-05 06:20:00
OP115906,W0165,Evening,C,37.0,0,2025-01-30 20:58:00
OP115908,W0008,Morning,A,39.0,0,2025-02-04 01:10:00
OP115909,W0275,Night,A,38.0,0,2025-01-21 10:34:00
OP115912,W0130,Evening,E,40.0,1,2025-04-16 15:23:00
OP115913,W0213,Morning,C,10.0,0,2025-04-23 15:42:00
OP115917,W0420,Morning,A,35.0,0,2025-04-15 03:49:00
OP115920,W0328,Morning,A,46.0,0,2025-04-28 23:47:00
OP115923,W0104,Morning,C,3.0,0,2025-05-01 20:25:00
OP115926,W0079,Morning,D,45.0,0,2025-03-11 01:27:00
OP115928,W0443,Night,E,7.0,1,2025-04-01 11:03:00
OP115929,W0027,Morning,D,9.0,0,2025-02-22 19:47:00
OP115931,W0417,Morning,E,1.0,0,2025-01-07 01:55:00
OP115934,W0236,Morning,A,20.0,0,2025-05-12 03:52:00
OP115943,W0403,Evening,D,15.0,0,2025-01-01 05:56:00
OP115946,W0021,Evening,D,39.0,0,2025-05-31 20:56:00
OP115949,W0222,Morning,B,46.0,1,2025-03-02 19:48:00
OP115951,W0468,Evening,C,45.0,0,2025-01-24 14:41:00
OP115952,W0054,Night,A,21.0,1,2025-03-21 15:56:00
OP115953,W0337,Evening,C,20.0,1,2025-04-16 11:23:00
OP115954,W0452,Morning,D,3.0,0,2025-03-22 13:40:00
OP115955,W0085,Morning,A,36.0,0,2025-01-21 12:55:00
OP115956,W0156,Evening,C,30.0,0,2025-02-22 00:56:00
OP115961,W0218,Morning,E,49.0,0,2025-03-21 12:23:00
OP115965,W0233,Morning,B,35.0,0,2025-05-24 14:20:00
OP115966,W0198,Morning,C,17.0,0,2025-04-03 05:00:00
OP115967,W0214,Night,C,37.0,0,2025-03-03 11:20:00
OP115968,W0078,Night,E,22.0,0,2025-06-15 04:39:00
OP115971,W0271,Evening,D,1.0,0,2025-01-17 12:00:00
OP115974,W0341,Morning,B,42.0,1,2025-06-28 05:21:00
OP115977,W0182,Evening,A,11.0,0,2025-03-19 21:28:00
OP115978,W0327,Morning,A,46.0,0,2025-06-27 22:30:00
OP115979,W0226,Morning,D,3.0,0,2025-04-11 15:24:00
OP115980,W0183,Morning,A,37.0,0,2025-05-17 14:16:00
OP115981,W0085,Evening,A,40.0,0,2025-04-22 07:24:00
OP115983,W0190,Evening,B,32.0,0,2025-02-27 14:44:00
OP115984,W0456,Morning,E,23.0,0,2025-02-17 17:00:00
OP115987,W0366,Morning,C,7.0,0,2025-04-18 15:02:00
OP115988,W0442,Night,B,3.0,0,2025-04-07 21:33:00
OP115990,W0286,Evening,E,22.0,0,2025-01-07 23:25:00
OP115993,W0195,Evening,E,41.0,0,2025-05-29 08:21:00
OP115994,W0315,Evening,E,16.0,1,2025-04-19 18:09:00
OP115995,W0030,Morning,B,21.0,0,2025-05-12 23:17:00
OP115997,W0218,Morning,E,33.0,1,2025-03-18 14:54:00
OP115999,W0085,Morning,A,22.0,1,2025-03-24 07:27:00
OP116000,W0140,Evening,B,8.0,0,2025-06-20 03:35:00
OP116002,W0237,Morning,E,28.0,0,2025-01-24 09:52:00
OP116005,W0346,Evening,C,46.0,1,2025-02-08 01:55:00
OP116006,W0089,Morning,B,41.0,0,2025-03-29 02:00:00
OP116010,W0453,Night,B,33.0,1,2025-04-30 20:58:00
OP116025,W0156,Morning,C,34.0,0,2025-06-06 05:44:00
OP116026,W0140,Evening,A,9.0,0,2025-02-06 05:44:00
OP116027,W0409,Night,B,37.0,0,2025-04-09 02:41:00
OP116028,W0179,Morning,C,34.0,0,2025-04-12 09:49:00
OP116029,W0497,Evening,A,48.0,0,2025-03-22 19:58:00
OP116031,W0022,Morning,A,22.0,0,2025-04-20 04:41:00
OP116032,W0094,Morning,D,44.0,0,2025-06-28 19:38:00
OP116033,W0133,Morning,E,13.0,1,2025-05-06 16:12:00
OP116034,W0473,Morning,A,30.0,1,2025-06-16 21:48:00
OP116036,W0321,Morning,E,7.0,1,2025-06-08 03:34:00
OP116037,W0382,Morning,C,17.0,0,2025-03-02 09:33:00
OP116039,W0282,Night,E,1.0,1,2025-03-08 09:01:00
OP116045,W0177,Morning,D,37.0,0,2025-01-01 17:06:00
OP116046,W0275,Evening,D,25.0,0,2025-04-01 18:20:00
OP116047,W0164,Morning,D,29.0,0,2025-05-26 22:21:00
OP116048,W0209,Morning,A,20.0,1,2025-05-15 08:25:00
OP116055,W0372,Evening,A,12.0,1,2025-02-07 06:18:00
OP116057,W0366,Morning,B,17.0,0,2025-06-22 05:26:00
OP116058,W0338,Evening,E,11.0,1,2025-05-07 02:43:00
OP116059,W0432,Evening,D,26.0,0,2025-03-06 16:00:00
OP116060,W0333,Evening,C,33.0,0,2025-02-26 19:54:00
OP116064,W0151,Morning,E,9.0,0,2025-03-24 20:21:00
OP116068,W0009,Night,B,25.0,0,2025-05-01 09:46:00
OP116071,W0232,Night,D,9.0,0,2025-05-20 03:02:00
OP116072,W0171,Evening,C,43.0,0,2025-02-22 19:41:00
OP116073,W0469,Morning,D,15.0,0,2025-04-21 17:07:00
OP116082,W0450,Night,A,5.0,0,2025-04-19 19:45:00
OP116086,W0056,Evening,B,7.0,0,2025-05-07 13:12:00
OP116088,W0485,Night,C,3.0,0,2025-05-07 14:29:00
OP116090,W0069,Morning,D,49.0,1,2025-01-30 08:37:00
OP116091,W0279,Evening,A,40.0,0,2025-04-21 05:33:00
OP116093,W0078,Evening,A,48.0,1,2025-02-06 20:58:00
OP116097,W0058,Night,D,21.0,0,2025-06-26 13:05:00
OP116099,W0142,Morning,A,12.0,0,2025-01-26 08:38:00
OP116105,W0024,Night,B,21.0,0,2025-02-04 01:08:00
OP116106,W0386,Morning,C,10.0,0,2025-04-18 00:41:00
OP116108,W0062,Night,C,27.0,0,2025-06-29 17:44:00
OP116109,W0281,Morning,B,7.0,0,2025-04-27 22:33:00
OP116111,W0028,Night,A,39.0,0,2025-03-22 00:16:00
OP116115,W0080,Morning,C,24.0,0,2025-01-21 20:03:00
OP116116,W0050,Night,D,26.0,1,2025-02-21 04:04:00
OP116117,W0221,Night,A,25.0,0,2025-06-15 04:18:00
OP116119,W0056,Morning,A,43.0,0,2025-04-22 03:03:00
OP116120,W0290,Evening,C,26.0,1,2025-03-30 13:09:00
OP116122,W0040,Night,D,22.0,0,2025-05-04 09:35:00
OP116124,W0127,Morning,E,4.0,0,2025-04-18 20:45:00
OP116126,W0367,Morning,B,39.0,0,2025-02-13 17:37:00
OP116133,W0231,Night,A,1.0,0,2025-03-25 16:36:00
OP116136,W0092,Morning,A,8.0,1,2025-05-09 18:13:00
OP116137,W0110,Morning,D,5.0,0,2025-04-26 03:27:00
OP116138,W0061,Morning,B,26.0,0,2025-03-24 17:47:00
OP116142,W0416,Morning,E,24.0,0,2025-04-12 10:45:00
OP116146,W0353,Morning,B,4.0,0,2025-02-25 02:16:00
OP116148,W0419,Evening,D,20.0,0,2025-04-24 01:49:00
OP116149,W0135,Morning,A,25.0,0,2025-05-14 16:54:00
OP116150,W0224,Morning,D,22.0,0,2025-03-28 20:24:00
OP116152,W0250,Evening,E,15.0,1,2025-04-03 07:27:00
OP116155,W0091,Morning,B,39.0,0,2025-06-08 03:19:00
OP116158,W0061,Morning,D,24.0,0,2025-05-25 06:51:00
OP116161,W0081,Morning,B,41.0,1,2025-03-10 02:41:00
OP116163,W0393,Morning,D,38.0,0,2025-01-24 03:35:00
OP116168,W0464,Morning,E,12.0,0,2025-06-23 00:39:00
OP116170,W0473,Morning,A,39.0,0,2025-06-29 19:27:00
OP116172,W0122,Morning,D,6.0,1,2025-02-27 03:41:00
OP116173,W0165,Evening,D,47.0,0,2025-03-17 16:56:00
OP116174,W0075,Evening,A,35.0,0,2025-04-08 11:23:00
OP116175,W0067,Morning,C,26.0,1,2025-03-24 13:55:00
OP116176,W0445,Morning,D,43.0,1,2025-02-04 08:53:00
OP116180,W0133,Night,E,7.0,0,2025-05-12 05:49:00
OP116182,W0280,Morning,D,3.0,0,2025-06-20 20:01:00
OP116183,W0254,Night,E,38.0,0,2025-01-06 15:55:00
OP116185,W0382,Morning,D,44.0,0,2025-01-02 02:54:00
OP116189,W0239,Morning,B,39.0,0,2025-02-07 20:49:00
OP116190,W0367,Night,B,38.0,0,2025-06-11 22:36:00
OP116193,W0035,Evening,C,5.0,0,2025-06-19 08:23:00
OP116199,W0223,Morning,D,35.0,0,2025-02-22 10:18:00
OP116203,W0233,Night,C,31.0,0,2025-06-17 13:04:00
OP116204,W0193,Evening,A,13.0,0,2025-03-02 21:21:00
OP116206,W0056,Night,E,18.0,1,2025-06-04 14:34:00
OP116207,W0476,Evening,D,11.0,0,2025-03-15 17:03:00
OP116208,W0059,Night,E,9.0,0,2025-04-28 08:33:00
OP116209,W0419,Morning,D,4.0,0,2025-03-27 00:48:00
OP116210,W0073,Night,B,49.0,0,2025-05-25 18:50:00
OP116217,W0369,Night,B,6.0,0,2025-02-08 08:33:00
OP116219,W0037,Morning,D,48.0,0,2025-06-24 09:35:00
OP116220,W0249,Morning,E,4.0,0,2025-05-17 09:30:00
OP116223,W0459,Evening,D,27.0,1,2025-02-07 21:52:00
OP116225,W0038,Night,A,23.0,0,2025-02-21 22:51:00
OP116227,W0195,Night,C,31.0,0,2025-05-20 08:50:00
OP116228,W0485,Evening,D,25.0,0,2025-01-01 12:11:00
OP116230,W0390,Evening,A,18.0,0,2025-01-19 01:51:00
OP116231,W0038,Morning,C,30.0,1,2025-05-16 20:46:00
OP116232,W0170,Night,D,7.0,0,2025-05-29 11:20:00
OP116233,W0010,Morning,C,39.0,0,2025-05-12 04:06:00
OP116237,W0088,Morning,C,28.0,0,2025-05-26 10:21:00
OP116238,W0356,Evening,D,47.0,0,2025-02-26 18:10:00
OP116239,W0301,Evening,D,33.0,0,2025-04-01 01:35:00
OP116240,W0396,Evening,C,31.0,0,2025-06-20 00:12:00
OP116241,W0393,Morning,C,37.0,0,2025-04-26 06:44:00
OP116242,W0421,Evening,B,11.0,0,2025-06-17 22:25:00
OP116245,W0147,Morning,E,12.0,1,2025-03-16 14:51:00
OP116247,W0450,Night,C,5.0,1,2025-05-22 16:20:00
OP116253,W0327,Morning,D,40.0,0,2025-03-15 12:34:00
OP116254,W0012,Evening,A,3.0,0,2025-04-16 15:56:00
OP116255,W0208,Morning,A,22.0,1,2025-03-21 22:48:00
OP116256,W0447,Night,D,21.0,0,2025-01-16 17:09:00
OP116260,W0497,Night,E,33.0,0,2025-05-03 06:12:00
OP116261,W0430,Morning,E,2.0,0,2025-02-27 14:38:00
OP116262,W0211,Morning,C,47.0,0,2025-06-26 03:24:00
OP116263,W0171,Night,B,39.0,0,2025-04-30 09:38:00
OP116265,W0356,Night,C,11.0,0,2025-06-25 00:06:00
OP116268,W0230,Morning,D,21.0,0,2025-01-25 20:46:00
OP116272,W0075,Morning,C,46.0,0,2025-06-28 01:19:00
OP116273,W0265,Night,E,44.0,0,2025-02-28 23:01:00
OP116275,W0105,Morning,B,20.0,0,2025-05-22 08:29:00
OP116280,W0059,Morning,D,18.0,1,2025-06-28 14:38:00
OP116281,W0484,Morning,A,4.0,1,2025-04-20 09:18:00
OP116284,W0297,Morning,A,7.0,1,2025-03-24 20:46:00
OP116287,W0264,Night,D,7.0,1,2025-05-17 16:40:00
OP116288,W0262,Night,A,37.0,0,2025-01-05 20:20:00
OP116289,W0171,Evening,B,2.0,0,2025-03-01 17:45:00
OP116290,W0360,Morning,D,1.0,0,2025-01-08 01:35:00
OP116293,W0113,Night,C,38.0,0,2025-01-24 07:56:00
OP116294,W0091,Morning,A,27.0,0,2025-01-18 05:43:00
OP116295,W0371,Night,D,7.0,0,2025-02-02 14:52:00
OP116296,W0395,Morning,A,36.0,0,2025-03-25 16:23:00
OP116297,W0473,Evening,D,42.0,0,2025-03-10 23:02:00
OP116300,W0013,Night,E,43.0,1,2025-02-24 03:48:00
OP116302,W0038,Night,C,27.0,1,2025-06-07 15:30:00
OP116304,W0308,Night,E,10.0,0,2025-03-27 02:59:00
OP116305,W0355,Night,E,1.0,1,2025-05-20 10:41:00
OP116306,W0178,Morning,E,45.0,1,2025-06-19 07:01:00
OP116308,W0458,Night,C,42.0,0,2025-02-14 05:28:00
OP116309,W0474,Evening,B,24.0,0,2025-03-04 17:44:00
OP116310,W0377,Morning,C,1.0,0,2025-06-18 13:26:00
OP116312,W0223,Evening,B,36.0,0,2025-06-28 04:54:00
OP116315,W0164,Morning,A,34.0,0,2025-05-05 22:44:00
OP116317,W0331,Evening,D,31.0,0,2025-04-26 10:02:00
OP116319,W0081,Morning,E,38.0,1,2025-02-25 19:04:00
OP116321,W0215,Evening,A,41.0,0,2025-04-06 21:59:00
OP116322,W0397,Night,E,10.0,1,2025-04-21 07:16:00
OP116323,W0093,Night,C,47.0,1,2025-02-08 03:45:00
OP116324,W0431,Night,A,5.0,0,2025-02-27 13:59:00
OP116330,W0232,Night,C,22.0,0,2025-06-05 12:34:00
OP116333,W0436,Evening,D,49.0,1,2025-06-24 18:29:00
OP116338,W0072,Morning,B,16.0,0,2025-03-18 23:26:00
OP116339,W0097,Night,E,30.0,0,2025-06-26 08:17:00
OP116340,W0065,Morning,A,3.0,0,2025-04-21 17:28:00
OP116342,W0498,Morning,A,2.0,1,2025-03-14 13:23:00
OP116344,W0239,Evening,E,27.0,1,2025-02-01 20:43:00
OP116348,W0242,Morning,C,27.0,0,2025-03-22 02:12:00
OP116349,W0396,Night,C,13.0,0,2025-02-01 22:41:00
OP116353,W0397,Morning,C,43.0,0,2025-06-16 15:28:00
OP116356,W0112,Night,A,22.0,0,2025-05-09 13:08:00
OP116360,W0495,Morning,C,20.0,0,2025-06-08 07:36:00
OP116361,W0260,Night,C,38.0,1,2025-03-31 09:57:00
OP116363,W0321,Morning,B,21.0,0,2025-03-19 17:24:00
OP116365,W0371,Evening,C,12.0,1,2025-05-17 07:06:00
OP116367,W0484,Night,E,33.0,0,2025-06-25 12:01:00
OP116372,W0023,Morning,A,21.0,0,2025-03-02 18:22:00
OP116375,W0391,Morning,E,49.0,1,2025-06-29 08:06:00
OP116376,W0310,Morning,D,20.0,0,2025-04-29 01:33:00
OP116377,W0059,Morning,E,21.0,1,2025-03-15 23:59:00
OP116379,W0004,Night,E,44.0,0,2025-01-29 18:55:00
OP116380,W0317,Night,A,7.0,0,2025-03-04 22:39:00
OP116381,W0228,Morning,E,40.0,0,2025-02-28 21:18:00
OP116382,W0110,Night,C,1.0,0,2025-02-08 14:29:00
OP116383,W0165,Evening,B,2.0,0,2025-05-16 15:10:00
OP116385,W0170,Morning,E,49.0,0,2025-03-22 02:25:00
OP116386,W0089,Night,C,31.0,1,2025-02-20 02:08:00
OP116388,W0297,Night,A,11.0,1,2025-05-25 11:28:00
OP116389,W0297,Night,B,21.0,1,2025-05-09 23:07:00
OP116394,W0261,Evening,C,15.0,0,2025-03-16 06:28:00
OP116397,W0301,Morning,C,2.0,0,2025-03-12 18:33:00
OP116398,W0148,Evening,D,48.0,0,2025-05-31 05:09:00
OP116400,W0202,Morning,C,47.0,0,2025-05-09 02:16:00
OP116402,W0250,Morning,A,19.0,0,2025-04-05 23:23:00
OP116403,W0127,Night,C,29.0,0,2025-05-22 16:54:00
OP116405,W0306,Night,A,23.0,0,2025-04-04 02:11:00
OP116408,W0440,Evening,A,5.0,0,2025-03-19 18:13:00
OP116410,W0117,Morning,C,22.0,0,2025-03-21 12:24:00
OP116412,W0178,Morning,E,7.0,1,2025-05-12 05:17:00
OP116413,W0321,Morning,B,46.0,1,2025-03-23 01:59:00
OP116418,W0340,Night,E,3.0,0,2025-03-29 18:54:00
OP116419,W0439,Evening,C,27.0,0,2025-04-13 18:12:00
OP116420,W0269,Morning,B,3.0,1,2025-01-19 23:02:00
OP116422,W0299,Morning,A,20.0,0,2025-02-21 13:10:00
OP116423,W0236,Morning,D,40.0,0,2025-01-06 12:21:00
OP116424,W0184,Morning,E,29.0,0,2025-03-04 07:28:00
OP116426,W0347,Evening,B,48.0,1,2025-01-24 02:52:00
OP116427,W0235,Evening,A,22.0,0,2025-05-12 00:32:00
OP116431,W0344,Morning,D,23.0,0,2025-05-31 01:40:00
OP116434,W0131,Evening,D,29.0,0,2025-06-28 19:33:00
OP116435,W0193,Night,D,3.0,1,2025-02-23 12:43:00
OP116438,W0176,Night,E,25.0,1,2025-04-03 20:24:00
OP116443,W0087,Evening,A,7.0,1,2025-05-28 17:45:00
OP116444,W0364,Morning,C,3.0,1,2025-02-17 07:08:00
OP116446,W0246,Night,E,45.0,0,2025-06-02 07:04:00
OP116448,W0271,Night,A,10.0,1,2025-03-12 15:31:00
OP116450,W0224,Morning,A,25.0,0,2025-04-10 09:19:00
OP116453,W0009,Evening,A,44.0,0,2025-05-23 04:49:00
OP116454,W0336,Evening,B,5.0,0,2025-04-04 12:00:00
OP116459,W0194,Morning,D,19.0,0,2025-05-22 08:31:00
OP116460,W0211,Night,E,23.0,0,2025-06-16 16:12:00
OP116462,W0385,Night,C,14.0,1,2025-02-14 14:09:00
OP116463,W0011,Morning,D,38.0,0,2025-04-19 02:04:00
OP116464,W0279,Morning,B,26.0,1,2025-01-09 06:38:00
OP116469,W0277,Evening,A,6.0,0,2025-01-08 00:36:00
OP116473,W0460,Evening,D,4.0,0,2025-06-09 07:43:00
OP116474,W0225,Evening,B,39.0,0,2025-02-25 19:02:00
OP116475,W0207,Evening,D,18.0,0,2025-06-18 17:58:00
OP116479,W0137,Evening,E,32.0,0,2025-03-18 05:04:00
OP116481,W0095,Night,E,24.0,0,2025-05-30 18:36:00
OP116483,W0447,Morning,C,28.0,0,2025-03-09 19:48:00
OP116484,W0393,Morning,D,6.0,1,2025-02-10 13:41:00
OP116486,W0381,Night,C,5.0,0,2025-03-04 11:46:00
OP116491,W0010,Evening,B,44.0,0,2025-06-06 12:19:00
OP116494,W0394,Morning,C,10.0,0,2025-02-04 16:25:00
OP116495,W0155,Morning,D,44.0,0,2025-02-01 13:06:00
OP116496,W0204,Evening,B,44.0,0,2025-03-29 08:41:00
OP116497,W0469,Night,A,49.0,0,2025-06-24 02:20:00
OP116500,W0282,Night,B,2.0,0,2025-02-18 21:01:00
OP116501,W0436,Morning,E,39.0,0,2025-06-29 06:03:00
OP116503,W0042,Morning,E,3.0,0,2025-01-25 02:18:00
OP116504,W0436,Morning,C,32.0,0,2025-06-22 12:09:00
OP116506,W0410,Morning,D,46.0,0,2025-03-16 01:44:00
OP116507,W0280,Night,E,30.0,0,2025-05-12 12:39:00
OP116511,W0054,Morning,B,48.0,0,2025-02-08 10:52:00
OP116520,W0238,Morning,C,20.0,1,2025-01-09 16:41:00
OP116521,W0022,Night,E,49.0,0,2025-05-15 22:20:00
OP116522,W0025,Morning,E,1.0,1,2025-02-01 10:07:00
OP116523,W0215,Evening,B,13.0,0,2025-03-21 17:40:00
OP116524,W0280,Evening,E,42.0,0,2025-01-09 11:26:00
OP116525,W0339,Night,A,23.0,0,2025-02-19 15:19:00
OP116527,W0417,Morning,A,44.0,0,2025-02-26 06:45:00
OP116530,W0429,Morning,C,39.0,0,2025-03-06 08:57:00
OP116532,W0384,Evening,A,43.0,0,2025-02-20 06:34:00
OP116533,W0402,Morning,A,20.0,0,2025-05-18 05:42:00
OP116540,W0261,Night,A,4.0,0,2025-05-13 01:06:00
OP116542,W0299,Morning,E,17.0,0,2025-04-22 18:54:00
OP116546,W0373,Morning,A,26.0,0,2025-03-05 10:19:00
OP116550,W0060,Evening,A,1.0,0,2025-02-16 21:40:00
OP116551,W0292,Morning,C,43.0,0,2025-01-10 09:44:00
OP116553,W0236,Evening,B,44.0,0,2025-01-27 23:20:00
OP116555,W0430,Evening,A,25.0,0,2025-03-17 22:59:00
OP116557,W0447,Morning,E,18.0,0,2025-05-06 00:34:00
OP116564,W0101,Morning,E,4.0,0,2025-01-23 01:04:00
OP116566,W0447,Evening,C,6.0,0,2025-04-15 20:15:00
OP116567,W0148,Evening,B,1.0,0,2025-04-08 07:42:00
OP116569,W0426,Night,C,37.0,0,2025-04-23 07:46:00
OP116577,W0456,Evening,A,46.0,0,2025-04-19 14:36:00
OP116581,W0339,Night,E,48.0,0,2025-03-18 14:50:00
OP116583,W0185,Night,C,2.0,1,2025-02-17 20:32:00
OP116584,W0272,Night,A,6.0,0,2025-06-04 23:21:00
OP116586,W0264,Morning,C,18.0,0,2025-06-03 00:48:00
OP116588,W0410,Morning,B,20.0,0,2025-02-19 01:39:00
OP116590,W0073,Night,C,15.0,0,2025-06-21 10:46:00
OP116591,W0109,Morning,C,15.0,1,2025-02-11 11:00:00
OP116593,W0109,Night,D,38.0,1,2025-06-22 22:18:00
OP116596,W0341,Morning,A,22.0,0,2025-01-30 18:28:00
OP116597,W0061,Night,C,32.0,0,2025-01-29 19:17:00
OP116598,W0266,Evening,E,48.0,1,2025-04-05 11:15:00
OP116600,W0180,Morning,D,17.0,1,2025-01-29 05:32:00
OP116602,W0353,Morning,B,8.0,0,2025-06-19 00:54:00
OP116603,W0337,Evening,C,9.0,0,2025-06-26 10:30:00
OP116604,W0185,Evening,C,38.0,1,2025-04-24 11:18:00
OP116605,W0365,Night,B,12.0,0,2025-04-14 17:18:00
OP116607,W0073,Evening,D,3.0,0,2025-01-11 08:45:00
OP116611,W0165,Night,A,13.0,0,2025-02-27 04:23:00
OP116612,W0333,Morning,D,32.0,1,2025-06-28 21:51:00
OP116615,W0056,Morning,A,5.0,1,2025-04-09 15:34:00
OP116619,W0228,Morning,A,47.0,0,2025-01-15 19:55:00
OP116623,W0017,Night,A,15.0,0,2025-05-12 08:01:00
OP116624,W0398,Evening,B,9.0,0,2025-05-15 12:08:00
OP116625,W0125,Night,C,25.0,0,2025-06-22 03:53:00
OP116626,W0001,Evening,D,26.0,0,2025-03-06 07:07:00
OP116627,W0021,Evening,E,13.0,0,2025-02-22 12:33:00
OP116629,W0374,Morning,E,3.0,0,2025-03-25 13:42:00
OP116630,W0418,Evening,A,12.0,0,2025-02-05 00:23:00
OP116631,W0232,Night,B,49.0,1,2025-02-20 22:07:00
OP116632,W0179,Morning,E,32.0,1,2025-01-10 17:36:00
OP116635,W0478,Night,D,10.0,0,2025-04-24 14:37:00
OP116636,W0283,Morning,C,10.0,0,2025-06-17 14:00:00
OP116637,W0180,Morning,D,31.0,0,2025-03-24 09:08:00
OP116640,W0149,Morning,D,6.0,1,2025-06-18 22:32:00
OP116642,W0486,Morning,B,22.0,1,2025-04-02 15:42:00
OP116643,W0047,Evening,E,34.0,1,2025-04-20 00:56:00
OP116645,W0204,Night,D,9.0,0,2025-04-07 09:36:00
OP116646,W0148,Morning,D,30.0,0,2025-04-29 10:52:00
OP116649,W0283,Evening,A,10.0,0,2025-02-16 10:41:00
OP116650,W0305,Morning,E,29.0,1,2025-05-15 03:31:00
OP116651,W0100,Morning,D,28.0,0,2025-06-17 13:00:00
OP116654,W0082,Night,C,21.0,0,2025-01-05 15:16:00
OP116655,W0012,Evening,A,47.0,0,2025-03-31 04:53:00
OP116656,W0343,Evening,E,49.0,0,2025-03-08 04:28:00
OP116658,W0092,Morning,E,18.0,0,2025-03-02 00:00:00
OP116660,W0362,Night,E,37.0,0,2025-02-25 11:50:00
OP116666,W0081,Evening,E,23.0,1,2025-01-15 23:10:00
OP116667,W0215,Night,B,48.0,0,2025-01-09 06:50:00
OP116669,W0272,Morning,A,18.0,0,2025-03-02 11:29:00
OP116670,W0081,Morning,B,44.0,0,2025-06-12 03:51:00
OP116677,W0332,Morning,C,28.0,0,2025-01-04 08:30:00
OP116679,W0471,Morning,E,21.0,0,2025-04-22 07:14:00
OP116680,W0159,Night,D,42.0,1,2025-05-27 13:02:00
OP116681,W0103,Night,E,27.0,0,2025-04-24 05:36:00
OP116682,W0071,Morning,C,31.0,0,2025-02-15 09:59:00
OP116690,W0050,Night,A,48.0,0,2025-05-22 19:17:00
OP116693,W0079,Morning,B,11.0,0,2025-03-26 00:14:00
OP116694,W0009,Morning,C,41.0,0,2025-05-24 13:40:00
OP116696,W0370,Evening,E,49.0,1,2025-01-19 17:37:00
OP116700,W0120,Morning,C,22.0,0,2025-04-12 23:03:00
OP116703,W0384,Morning,D,1.0,0,2025-03-10 20:59:00
OP116704,W0211,Morning,A,4.0,0,2025-04-12 03:20:00
OP116705,W0128,Night,A,11.0,1,2025-01-28 22:34:00
OP116709,W0012,Night,C,36.0,0,2025-06-18 11:11:00
OP116710,W0037,Morning,C,13.0,0,2025-01-17 19:59:00
OP116712,W0241,Morning,D,4.0,0,2025-03-09 15:38:00
OP116716,W0194,Morning,E,39.0,1,2025-05-19 15:16:00
OP116717,W0061,Morning,A,7.0,0,2025-02-02 13:21:00
OP116720,W0358,Night,B,27.0,0,2025-04-03 09:38:00
OP116721,W0415,Morning,A,15.0,0,2025-02-12 20:02:00
OP116724,W0373,Evening,B,18.0,0,2025-04-10 20:49:00
OP116727,W0250,Evening,E,6.0,1,2025-02-10 14:36:00
OP116731,W0281,Morning,E,18.0,1,2025-01-06 22:02:00
OP116733,W0465,Morning,B,5.0,0,2025-02-22 17:26:00
OP116736,W0237,Morning,E,35.0,0,2025-04-26 16:33:00
OP116738,W0133,Night,D,23.0,0,2025-01-16 12:41:00
OP116740,W0364,Morning,B,16.0,0,2025-01-17 22:00:00
OP116742,W0269,Evening,C,41.0,0,2025-01-04 08:47:00
OP116744,W0357,Evening,C,45.0,0,2025-03-08 23:27:00
OP116745,W0182,Night,E,39.0,0,2025-04-26 10:09:00
OP116747,W0430,Morning,A,33.0,0,2025-04-11 02:54:00
OP116749,W0288,Morning,A,6.0,0,2025-05-16 18:23:00
OP116755,W0481,Morning,A,29.0,0,2025-05-28 14:47:00
OP116757,W0473,Night,B,25.0,0,2025-03-29 11:11:00
OP116758,W0035,Morning,E,9.0,0,2025-06-02 23:27:00
OP116761,W0058,Morning,A,43.0,0,2025-06-04 17:54:00
OP116764,W0405,Night,A,23.0,1,2025-02-21 00:51:00
OP116767,W0384,Morning,B,47.0,0,2025-06-06 03:38:00
OP116768,W0124,Morning,B,43.0,0,2025-06-21 09:37:00
OP116769,W0255,Evening,A,12.0,0,2025-04-16 19:25:00
OP116772,W0409,Morning,A,31.0,0,2025-06-23 13:56:00
OP116773,W0153,Morning,A,17.0,0,2025-04-19 21:29:00
OP116775,W0021,Morning,A,3.0,0,2025-03-17 15:58:00
OP116777,W0097,Morning,C,21.0,0,2025-01-16 01:59:00
OP116783,W0200,Morning,E,29.0,1,2025-06-22 07:48:00
OP116784,W0134,Night,E,49.0,0,2025-03-11 18:43:00
OP116788,W0406,Morning,E,16.0,0,2025-06-21 12:29:00
OP116791,W0321,Evening,E,22.0,0,2025-06-04 22:03:00
OP116792,W0290,Morning,A,31.0,0,2025-02-16 08:17:00
OP116793,W0366,Night,B,12.0,0,2025-03-09 19:55:00
OP116794,W0264,Morning,C,47.0,0,2025-01-02 01:39:00
OP116795,W0177,Night,B,40.0,0,2025-03-26 00:09:00
OP116801,W0089,Night,B,21.0,1,2025-05-28 01:09:00
OP116802,W0067,Morning,C,24.0,0,2025-06-03 03:10:00
OP116805,W0403,Morning,E,34.0,0,2025-05-24 04:09:00
OP116807,W0497,Evening,D,39.0,0,2025-04-29 17:16:00
OP116809,W0004,Evening,A,47.0,1,2025-04-28 07:30:00
OP116810,W0060,Night,A,49.0,0,2025-02-26 13:02:00
OP116813,W0266,Morning,B,21.0,1,2025-01-13 06:44:00
OP116815,W0105,Night,C,26.0,0,2025-01-06 04:43:00
OP116817,W0325,Evening,B,36.0,0,2025-01-23 13:33:00
OP116819,W0231,Evening,E,44.0,0,2025-04-03 04:46:00
OP116820,W0316,Night,A,39.0,0,2025-05-26 03:14:00
OP116821,W0452,Morning,E,25.0,0,2025-06-06 07:10:00
OP116823,W0243,Morning,A,19.0,1,2025-01-15 21:24:00
OP116825,W0049,Morning,D,11.0,0,2025-01-30 20:08:00
OP116827,W0168,Morning,C,30.0,1,2025-01-17 00:58:00
OP116830,W0358,Morning,B,42.0,0,2025-05-31 22:53:00
OP116832,W0071,Night,C,10.0,0,2025-04-22 01:55:00
OP116833,W0441,Morning,C,40.0,0,2025-01-14 17:32:00
OP116834,W0491,Night,D,8.0,0,2025-02-28 10:44:00
OP116837,W0228,Evening,E,9.0,0,2025-01-02 21:20:00
OP116838,W0226,Morning,E,19.0,0,2025-03-06 10:53:00
OP116839,W0366,Morning,C,28.0,0,2025-02-23 04:39:00
OP116841,W0320,Evening,D,37.0,1,2025-06-24 17:39:00
OP116842,W0142,Evening,C,33.0,0,2025-05-06 13:44:00
OP116845,W0249,Morning,D,39.0,1,2025-04-17 20:47:00
OP116846,W0075,Night,B,26.0,1,2025-03-02 15:37:00
OP116848,W0079,Morning,E,31.0,0,2025-06-05 12:31:00
OP116854,W0177,Morning,E,39.0,0,2025-05-25 05:10:00
OP116856,W0496,Night,E,15.0,1,2025-03-16 12:16:00
OP116858,W0001,Morning,A,41.0,0,2025-03-11 18:08:00
OP116861,W0130,Night,D,30.0,1,2025-06-26 01:07:00
OP116862,W0135,Morning,C,9.0,0,2025-03-06 02:20:00
OP116864,W0003,Night,A,30.0,1,2025-03-12 18:54:00
OP116870,W0390,Morning,B,48.0,1,2025-01-17 07:12:00
OP116876,W0179,Morning,E,24.0,1,2025-02-23 13:50:00
OP116877,W0280,Night,C,14.0,0,2025-01-05 14:12:00
OP116880,W0124,Night,B,24.0,0,2025-02-01 12:28:00
OP116882,W0131,Morning,E,20.0,0,2025-03-17 16:22:00
OP116884,W0148,Night,C,23.0,0,2025-06-21 05:51:00
OP116888,W0244,Night,E,48.0,0,2025-01-16 11:54:00
OP116890,W0286,Night,D,27.0,0,2025-01-06 10:36:00
OP116891,W0094,Morning,E,11.0,0,2025-01-29 21:53:00
OP116892,W0240,Morning,C,28.0,0,2025-04-14 19:41:00
OP116896,W0395,Morning,C,43.0,0,2025-06-14 19:24:00
OP116900,W0203,Evening,E,27.0,0,2025-01-01 22:10:00
OP116906,W0348,Evening,D,44.0,0,2025-03-25 16:52:00
OP116907,W0138,Night,C,26.0,0,2025-05-31 23:06:00
OP116908,W0206,Evening,D,33.0,0,2025-06-04 06:24:00
OP116914,W0031,Morning,D,36.0,0,2025-05-03 01:28:00
OP116918,W0064,Morning,C,21.0,0,2025-01-15 02:37:00
OP116920,W0042,Night,C,17.0,1,2025-04-08 13:24:00
OP116925,W0110,Morning,C,41.0,0,2025-06-26 21:03:00
OP116926,W0010,Morning,B,17.0,0,2025-04-12 09:12:00
OP116931,W0048,Evening,A,1.0,0,2025-02-09 02:43:00
OP116932,W0345,Night,E,14.0,0,2025-05-04 18:30:00
OP116936,W0282,Evening,D,5.0,0,2025-04-07 20:59:00
OP116938,W0317,Morning,B,44.0,0,2025-02-28 03:29:00
OP116940,W0290,Morning,A,6.0,0,2025-04-22 15:30:00
OP116941,W0348,Evening,A,34.0,1,2025-03-24 22:19:00
OP116943,W0078,Morning,C,19.0,0,2025-06-03 00:14:00
OP116946,W0009,Morning,E,11.0,0,2025-04-20 17:03:00
OP116948,W0214,Morning,D,5.0,0,2025-06-26 08:54:00
OP116950,W0030,Morning,B,37.0,0,2025-04-19 08:02:00
OP116951,W0305,Night,B,39.0,1,2025-01-10 01:04:00
OP116954,W0132,Morning,B,45.0,0,2025-04-02 23:26:00
OP116957,W0359,Morning,D,22.0,1,2025-05-26 04:37:00
OP116960,W0407,Morning,E,15.0,1,2025-03-26 06:24:00
OP116961,W0233,Evening,E,43.0,1,2025-05-24 01:11:00
OP116964,W0265,Evening,C,43.0,0,2025-06-06 01:41:00
OP116965,W0416,Evening,E,3.0,1,2025-04-17 22:50:00
OP116967,W0376,Evening,A,12.0,1,2025-02-09 01:41:00
OP116968,W0362,Evening,C,18.0,1,2025-03-15 02:26:00
OP116969,W0187,Evening,A,18.0,0,2025-05-31 19:02:00
OP116972,W0107,Night,A,2.0,0,2025-02-22 22:54:00
OP116975,W0192,Morning,A,7.0,0,2025-06-02 00:24:00
OP116983,W0037,Morning,A,9.0,0,2025-02-03 11:39:00
OP116984,W0199,Morning,E,1.0,1,2025-05-15 04:21:00
OP116985,W0273,Morning,C,39.0,0,2025-03-15 19:53:00
OP116987,W0274,Morning,D,9.0,0,2025-04-10 10:49:00
OP116988,W0166,Night,E,48.0,0,2025-04-12 02:53:00
OP116989,W0354,Evening,D,15.0,0,2025-05-27 20:13:00
OP116990,W0029,Morning,D,26.0,0,2025-04-26 14:03:00
OP116991,W0434,Night,C,39.0,0,2025-03-28 05:53:00
OP116993,W0482,Morning,D,9.0,0,2025-02-13 12:57:00
OP116995,W0067,Night,A,15.0,0,2025-03-29 00:25:00
OP116996,W0260,Morning,E,21.0,0,2025-02-03 06:22:00
OP116998,W0208,Evening,A,31.0,0,2025-04-14 07:31:00
OP117004,W0299,Night,E,7.0,0,2025-03-26 14:05:00
OP117005,W0438,Evening,C,3.0,0,2025-02-22 14:55:00
OP117008,W0292,Night,E,38.0,0,2025-02-20 09:15:00
OP117010,W0436,Evening,E,34.0,0,2025-06-01 02:28:00
OP117013,W0329,Night,D,5.0,0,2025-06-22 09:44:00
OP117016,W0153,Morning,D,43.0,0,2025-04-21 00:49:00
OP117017,W0472,Morning,D,42.0,0,2025-04-05 15:50:00
OP117020,W0442,Morning,B,49.0,0,2025-01-19 08:05:00
OP117021,W0287,Morning,C,39.0,1,2025-04-12 13:00:00
OP117022,W0300,Morning,D,3.0,0,2025-01-15 19:39:00
OP117024,W0295,Night,E,48.0,1,2025-05-11 02:40:00
OP117025,W0460,Evening,E,12.0,0,2025-05-13 15:25:00
OP117028,W0234,Morning,E,45.0,0,2025-04-02 12:30:00
OP117029,W0343,Morning,B,17.0,0,2025-01-24 01:00:00
OP117030,W0260,Evening,E,22.0,0,2025-01-07 18:57:00
OP117032,W0001,Morning,A,19.0,1,2025-04-13 22:11:00
OP117039,W0469,Evening,A,42.0,0,2025-03-08 15:38:00
OP117040,W0093,Evening,A,40.0,0,2025-03-22 17:53:00
OP117042,W0221,Night,E,47.0,0,2025-04-30 13:51:00
OP117043,W0126,Night,D,21.0,0,2025-04-28 19:32:00
OP117045,W0389,Night,C,28.0,0,2025-02-08 08:27:00
OP117046,W0031,Evening,C,47.0,0,2025-05-20 20:47:00
OP117047,W0244,Night,E,20.0,0,2025-05-13 01:57:00
OP117049,W0142,Night,C,3.0,0,2025-01-03 02:29:00
OP117053,W0408,Evening,B,44.0,0,2025-05-09 13:46:00
OP117056,W0076,Evening,C,24.0,0,2025-02-25 00:13:00
OP117057,W0440,Evening,C,37.0,0,2025-02-26 14:19:00
OP117058,W0106,Morning,A,23.0,1,2025-06-23 17:47:00
OP117060,W0282,Evening,B,28.0,0,2025-01-03 11:47:00
OP117061,W0394,Evening,C,29.0,0,2025-01-30 07:43:00
OP117067,W0154,Morning,E,33.0,0,2025-01-31 08:38:00
OP117069,W0407,Night,D,19.0,0,2025-01-13 15:07:00
OP117071,W0093,Evening,B,40.0,0,2025-02-12 10:02:00
OP117072,W0083,Night,A,18.0,1,2025-05-11 00:27:00
OP117073,W0190,Night,E,15.0,0,2025-04-18 22:34:00
OP117080,W0181,Morning,A,30.0,0,2025-06-20 07:10:00
OP117082,W0255,Morning,E,35.0,1,2025-01-28 08:42:00
OP117083,W0179,Morning,E,28.0,1,2025-01-09 20:14:00
OP117084,W0242,Night,A,28.0,0,2025-02-05 03:31:00
OP117086,W0041,Night,B,45.0,0,2025-03-01 18:31:00
OP117087,W0326,Morning,E,19.0,1,2025-01-22 01:17:00
OP117092,W0067,Morning,A,25.0,0,2025-01-08 04:52:00
OP117094,W0333,Night,C,10.0,1,2025-05-26 23:26:00
OP117099,W0304,Morning,B,40.0,0,2025-06-25 11:10:00
OP117102,W0114,Morning,D,21.0,1,2025-05-09 11:21:00
OP117107,W0334,Evening,A,25.0,0,2025-06-05 00:59:00
OP117109,W0479,Morning,B,27.0,1,2025-03-16 15:54:00
OP117111,W0129,Morning,C,32.0,0,2025-06-25 22:21:00
OP117112,W0019,Morning,B,31.0,1,2025-03-11 01:18:00
OP117115,W0197,Night,E,38.0,0,2025-05-30 15:27:00
OP117118,W0200,Night,D,44.0,1,2025-02-17 07:33:00
OP117119,W0275,Evening,E,3.0,1,2025-06-09 08:02:00
OP117121,W0243,Evening,D,30.0,1,2025-02-21 04:46:00
OP117122,W0229,Night,E,5.0,1,2025-02-08 20:49:00
OP117123,W0097,Night,C,33.0,1,2025-02-10 22:02:00
OP117125,W0050,Evening,C,10.0,1,2025-05-01 22:02:00
OP117128,W0478,Night,A,10.0,0,2025-04-29 13:38:00
OP117137,W0255,Evening,C,10.0,1,2025-02-23 08:45:00
OP117139,W0119,Morning,C,26.0,0,2025-04-22 12:20:00
OP117140,W0459,Morning,A,33.0,1,2025-02-17 13:16:00
OP117141,W0205,Evening,D,37.0,0,2025-02-24 13:21:00
OP117148,W0319,Evening,E,7.0,0,2025-01-03 02:35:00
OP117152,W0470,Evening,A,1.0,0,2025-02-12 05:44:00
OP117153,W0286,Morning,D,40.0,0,2025-03-26 22:59:00
OP117154,W0071,Evening,D,19.0,0,2025-05-11 14:44:00
OP117155,W0314,Evening,E,37.0,0,2025-02-20 12:43:00
OP117158,W0450,Night,D,10.0,0,2025-02-11 08:44:00
OP117159,W0381,Evening,C,8.0,0,2025-04-24 15:10:00
OP117160,W0240,Night,D,30.0,1,2025-06-08 15:33:00
OP117161,W0357,Morning,A,2.0,0,2025-06-21 16:34:00
OP117164,W0019,Morning,D,24.0,1,2025-05-30 02:12:00
OP117167,W0162,Night,C,24.0,1,2025-05-08 16:41:00
OP117168,W0092,Morning,A,46.0,0,2025-06-13 18:15:00
OP117171,W0119,Evening,B,35.0,0,2025-06-12 02:31:00
OP117173,W0186,Evening,E,34.0,1,2025-03-15 09:08:00
OP117177,W0258,Morning,D,19.0,1,2025-06-02 22:25:00
OP117178,W0478,Morning,B,34.0,0,2025-03-28 21:20:00
OP117185,W0410,Morning,B,49.0,1,2025-03-01 23:04:00
OP117186,W0273,Morning,E,43.0,0,2025-01-13 12:14:00
OP117187,W0231,Evening,C,8.0,0,2025-01-05 23:30:00
OP117188,W0403,Morning,D,34.0,1,2025-05-19 04:20:00
OP117191,W0075,Morning,C,11.0,0,2025-05-17 01:18:00
OP117192,W0238,Evening,A,2.0,0,2025-02-23 17:32:00
OP117193,W0233,Night,C,44.0,0,2025-01-13 21:42:00
OP117197,W0385,Morning,E,24.0,0,2025-01-22 07:07:00
OP117199,W0465,Evening,D,49.0,0,2025-01-06 02:41:00
OP117200,W0091,Morning,B,12.0,1,2025-04-29 18:02:00
OP117201,W0447,Morning,C,46.0,0,2025-05-21 05:19:00
OP117202,W0391,Morning,E,38.0,0,2025-01-16 12:38:00
OP117205,W0410,Night,B,13.0,0,2025-03-12 03:13:00
OP117206,W0263,Morning,A,12.0,1,2025-01-28 00:51:00
OP117207,W0242,Night,A,44.0,0,2025-05-02 05:29:00
OP117208,W0392,Morning,B,10.0,0,2025-05-23 07:34:00
OP117210,W0477,Morning,D,17.0,1,2025-06-25 15:57:00
OP117211,W0415,Night,C,30.0,0,2025-02-01 00:26:00
OP117214,W0085,Morning,E,44.0,1,2025-01-05 17:00:00
OP117220,W0036,Evening,A,19.0,0,2025-01-08 17:23:00
OP117221,W0206,Evening,C,37.0,0,2025-04-16 07:23:00
OP117224,W0156,Morning,B,27.0,0,2025-03-19 07:28:00
OP117225,W0306,Morning,B,49.0,0,2025-01-27 14:07:00
OP117226,W0348,Morning,A,16.0,0,2025-01-22 04:02:00
OP117227,W0475,Night,D,7.0,1,2025-01-19 02:46:00
OP117228,W0191,Night,A,43.0,0,2025-02-28 10:19:00
OP117232,W0484,Night,D,24.0,0,2025-05-20 22:56:00
OP117233,W0390,Night,E,44.0,0,2025-02-04 00:46:00
OP117234,W0461,Morning,D,3.0,0,2025-03-31 21:43:00
OP117235,W0414,Morning,E,34.0,0,2025-05-03 16:04:00
OP117237,W0310,Night,B,15.0,1,2025-03-08 10:19:00
OP117239,W0086,Morning,C,12.0,0,2025-04-16 10:37:00
OP117241,W0266,Evening,E,42.0,1,2025-01-09 20:14:00
OP117242,W0051,Evening,A,48.0,0,2025-05-05 02:44:00
OP117243,W0124,Morning,B,9.0,1,2025-05-15 19:29:00
OP117256,W0474,Night,D,6.0,1,2025-02-17 05:35:00
OP117258,W0150,Morning,C,17.0,0,2025-03-18 12:26:00
OP117259,W0381,Night,A,24.0,0,2025-06-29 20:43:00
OP117261,W0322,Morning,D,33.0,0,2025-05-09 16:56:00
OP117262,W0137,Morning,C,39.0,0,2025-01-26 21:01:00
OP117263,W0462,Morning,C,32.0,0,2025-03-10 19:15:00
OP117264,W0223,Evening,A,20.0,1,2025-06-16 06:35:00
OP117265,W0403,Evening,C,15.0,0,2025-05-20 13:45:00
OP117269,W0270,Morning,A,4.0,0,2025-01-08 23:40:00
OP117270,W0401,Morning,D,31.0,1,2025-04-22 10:47:00
OP117279,W0493,Morning,D,33.0,1,2025-05-18 23:07:00
OP117281,W0208,Night,E,45.0,0,2025-02-28 20:22:00
OP117283,W0484,Evening,B,41.0,0,2025-04-27 00:59:00
OP117285,W0294,Morning,B,3.0,0,2025-01-05 00:06:00
OP117286,W0200,Morning,A,25.0,0,2025-06-05 13:38:00
OP117290,W0406,Night,A,10.0,0,2025-01-17 12:56:00
OP117293,W0220,Morning,E,24.0,0,2025-01-09 15:52:00
OP117294,W0112,Morning,A,36.0,0,2025-06-24 22:08:00
OP117296,W0308,Evening,A,38.0,0,2025-02-03 09:17:00
OP117301,W0116,Night,B,16.0,0,2025-04-15 14:24:00
OP117305,W0272,Evening,E,27.0,1,2025-01-07 17:54:00
OP117306,W0060,Evening,C,8.0,0,2025-01-29 11:43:00
OP117320,W0257,Night,C,13.0,1,2025-04-28 22:30:00
OP117321,W0204,Morning,E,17.0,0,2025-01-26 23:41:00
OP117322,W0187,Evening,A,30.0,0,2025-05-15 09:52:00
OP117324,W0350,Morning,E,10.0,0,2025-05-04 20:30:00
OP117327,W0296,Morning,C,20.0,0,2025-03-15 07:46:00
OP117329,W0253,Morning,A,36.0,0,2025-02-23 18:00:00
OP117333,W0392,Night,B,12.0,0,2025-04-23 14:16:00
OP117335,W0158,Morning,E,16.0,1,2025-05-03 08:22:00
OP117336,W0261,Morning,C,28.0,1,2025-02-10 13:15:00
OP117337,W0012,Morning,C,12.0,0,2025-06-09 18:21:00
OP117338,W0176,Morning,B,15.0,1,2025-01-17 22:58:00
OP117339,W0273,Night,B,31.0,0,2025-01-31 06:03:00
OP117340,W0438,Morning,D,12.0,0,2025-05-24 00:12:00
OP117341,W0057,Morning,E,26.0,0,2025-04-23 22:57:00
OP117343,W0054,Morning,D,45.0,0,2025-06-29 11:56:00
OP117349,W0082,Morning,C,39.0,0,2025-04-13 22:58:00
OP117351,W0281,Morning,E,22.0,0,2025-01-23 13:47:00
OP117352,W0026,Evening,B,29.0,1,2025-02-23 03:30:00
OP117358,W0297,Morning,B,30.0,1,2025-04-26 07:57:00
OP117360,W0132,Morning,E,31.0,0,2025-04-23 23:22:00
OP117361,W0361,Morning,C,6.0,0,2025-05-23 20:34:00
OP117363,W0403,Evening,A,5.0,1,2025-01-19 17:15:00
OP117366,W0295,Evening,E,44.0,0,2025-01-09 04:21:00
OP117367,W0009,Morning,D,38.0,0,2025-03-13 05:14:00
OP117368,W0411,Night,A,7.0,0,2025-04-17 07:42:00
OP117369,W0460,Morning,B,14.0,1,2025-05-23 13:52:00
OP117373,W0114,Evening,C,29.0,1,2025-06-14 15:26:00
OP117374,W0256,Night,D,45.0,0,2025-04-16 17:40:00
OP117375,W0334,Night,E,30.0,0,2025-03-04 21:55:00
OP117376,W0207,Morning,D,16.0,0,2025-03-13 10:53:00
OP117379,W0365,Morning,A,46.0,0,2025-06-15 06:36:00
OP117380,W0032,Morning,B,11.0,0,2025-01-03 19:46:00
OP117381,W0274,Morning,D,2.0,0,2025-04-08 16:53:00
OP117383,W0276,Evening,E,39.0,0,2025-06-17 15:38:00
OP117387,W0395,Evening,D,2.0,1,2025-06-23 05:49:00
OP117388,W0372,Morning,A,4.0,0,2025-04-21 08:33:00
OP117390,W0039,Morning,B,22.0,0,2025-04-14 14:24:00
OP117391,W0286,Morning,C,13.0,0,2025-04-10 03:55:00
OP117393,W0122,Morning,C,23.0,0,2025-02-07 11:29:00
OP117395,W0077,Morning,C,16.0,1,2025-02-02 14:23:00
OP117396,W0130,Evening,B,10.0,0,2025-06-03 10:09:00
OP117398,W0388,Night,B,3.0,0,2025-01-19 15:58:00
OP117400,W0175,Night,E,42.0,0,2025-06-22 10:09:00
OP117402,W0375,Morning,A,27.0,0,2025-01-30 22:47:00
OP117403,W0387,Evening,E,18.0,1,2025-02-15 18:43:00
OP117404,W0226,Morning,D,35.0,1,2025-02-07 00:24:00
OP117405,W0204,Night,D,30.0,0,2025-05-03 23:40:00
OP117406,W0485,Morning,C,30.0,0,2025-05-22 09:20:00
OP117407,W0252,Night,C,25.0,0,2025-02-13 23:28:00
OP117408,W0089,Morning,D,31.0,0,2025-02-22 02:19:00
OP117410,W0044,Night,A,28.0,0,2025-06-05 03:04:00
OP117411,W0390,Evening,A,24.0,1,2025-03-27 10:13:00
OP117413,W0457,Morning,D,39.0,1,2025-02-16 14:42:00
OP117416,W0228,Morning,C,9.0,0,2025-06-20 15:19:00
OP117425,W0126,Evening,D,4.0,1,2025-01-28 17:56:00
OP117430,W0028,Morning,D,23.0,0,2025-03-26 07:33:00
OP117431,W0103,Evening,A,12.0,0,2025-05-16 00:56:00
OP117435,W0087,Morning,A,1.0,0,2025-06-01 12:28:00
OP117438,W0152,Morning,B,2.0,0,2025-06-04 05:38:00
OP117441,W0085,Evening,A,23.0,0,2025-02-02 03:25:00
OP117442,W0024,Morning,E,31.0,0,2025-01-24 12:00:00
OP117443,W0376,Morning,B,34.0,0,2025-03-18 12:21:00
OP117451,W0367,Night,E,16.0,0,2025-01-31 03:05:00
OP117453,W0219,Morning,D,11.0,1,2025-01-08 04:45:00
OP117454,W0415,Morning,B,31.0,0,2025-01-23 04:07:00
OP117455,W0189,Morning,A,20.0,0,2025-05-25 19:44:00
OP117456,W0167,Morning,C,19.0,1,2025-03-03 19:57:00
OP117461,W0102,Morning,C,17.0,0,2025-05-07 01:43:00
OP117463,W0219,Night,A,35.0,0,2025-03-29 09:54:00
OP117470,W0352,Morning,E,45.0,1,2025-04-17 13:56:00
OP117473,W0256,Morning,E,32.0,0,2025-04-25 04:07:00
OP117474,W0398,Morning,D,48.0,0,2025-03-18 14:07:00
OP117475,W0207,Evening,D,34.0,1,2025-04-12 10:20:00
OP117479,W0260,Evening,E,7.0,1,2025-03-26 20:52:00
OP117480,W0098,Evening,E,32.0,0,2025-06-27 20:13:00
OP117482,W0170,Morning,A,33.0,1,2025-02-10 08:44:00
OP117483,W0325,Night,B,21.0,0,2025-04-08 07:02:00
OP117484,W0337,Morning,E,26.0,0,2025-03-08 11:00:00
OP117489,W0249,Morning,D,47.0,0,2025-02-20 01:57:00
OP117490,W0045,Morning,E,16.0,0,2025-04-13 18:42:00
OP117497,W0203,Morning,B,47.0,1,2025-06-18 07:54:00
OP117498,W0420,Morning,A,15.0,0,2025-03-28 16:30:00
OP117504,W0036,Morning,D,16.0,0,2025-01-21 16:42:00
OP117505,W0296,Morning,B,34.0,0,2025-06-22 14:03:00
OP117511,W0195,Morning,E,6.0,0,2025-04-09 16:03:00
OP117513,W0221,Evening,B,5.0,0,2025-05-09 08:08:00
OP117514,W0356,Morning,D,13.0,0,2025-04-24 22:57:00
OP117517,W0072,Evening,A,37.0,1,2025-04-22 08:56:00
OP117519,W0150,Morning,A,35.0,0,2025-03-30 23:23:00
OP117521,W0315,Evening,E,23.0,0,2025-06-07 13:22:00
OP117522,W0280,Night,D,5.0,1,2025-04-24 20:42:00
OP117523,W0229,Morning,D,28.0,1,2025-03-13 01:32:00
OP117531,W0078,Evening,A,12.0,1,2025-02-18 09:36:00
OP117533,W0301,Morning,E,4.0,0,2025-01-08 02:50:00
OP117536,W0227,Evening,A,31.0,0,2025-02-17 17:30:00
OP117538,W0104,Morning,B,1.0,0,2025-04-13 23:49:00
OP117543,W0335,Morning,D,3.0,1,2025-02-14 13:24:00
OP117544,W0334,Evening,C,17.0,1,2025-03-10 02:38:00
OP117550,W0046,Evening,C,33.0,1,2025-02-25 06:38:00
OP117551,W0167,Morning,E,21.0,0,2025-02-22 23:21:00
OP117553,W0161,Morning,E,41.0,0,2025-04-02 06:21:00
OP117555,W0280,Morning,B,45.0,1,2025-01-07 02:50:00
OP117556,W0410,Morning,C,23.0,1,2025-01-15 02:36:00
OP117558,W0453,Night,A,28.0,0,2025-02-27 04:20:00
OP117559,W0150,Morning,A,49.0,1,2025-01-07 08:04:00
OP117561,W0054,Evening,A,18.0,1,2025-06-12 05:13:00
OP117562,W0118,Night,C,27.0,0,2025-04-14 22:35:00
OP117563,W0410,Morning,B,36.0,0,2025-04-23 04:22:00
OP117564,W0374,Morning,C,45.0,1,2025-06-02 14:16:00
OP117565,W0027,Night,E,31.0,0,2025-01-21 01:43:00
OP117573,W0025,Evening,A,32.0,1,2025-02-17 13:22:00
OP117574,W0410,Night,C,42.0,1,2025-02-27 14:47:00
OP117575,W0153,Morning,E,24.0,0,2025-03-05 10:12:00
OP117576,W0488,Morning,B,35.0,0,2025-04-19 05:25:00
OP117580,W0432,Evening,A,49.0,0,2025-06-28 20:19:00
OP117588,W0242,Evening,E,41.0,1,2025-02-20 06:05:00
OP117592,W0426,Morning,B,21.0,0,2025-02-02 19:15:00
OP117594,W0129,Morning,B,20.0,0,2025-06-29 09:11:00
OP117595,W0165,Night,B,11.0,0,2025-04-07 11:36:00
OP117598,W0294,Night,A,8.0,1,2025-03-20 03:39:00
OP117600,W0300,Evening,A,18.0,0,2025-02-05 01:49:00
OP117601,W0379,Morning,A,20.0,1,2025-02-04 22:39:00
OP117606,W0132,Evening,D,23.0,0,2025-01-25 03:48:00
OP117611,W0048,Morning,A,33.0,0,2025-03-22 02:41:00
OP117614,W0402,Night,B,38.0,0,2025-02-27 15:38:00
OP117615,W0277,Evening,A,17.0,0,2025-06-23 19:07:00
OP117616,W0275,Morning,E,10.0,0,2025-02-11 18:09:00
OP117617,W0206,Night,C,43.0,0,2025-01-20 12:16:00
OP117621,W0378,Morning,D,2.0,1,2025-02-09 21:27:00
OP117627,W0025,Night,C,8.0,0,2025-02-23 09:41:00
OP117628,W0284,Morning,A,16.0,0,2025-03-10 00:54:00
OP117629,W0140,Morning,E,1.0,0,2025-04-02 03:04:00
OP117630,W0041,Night,B,23.0,0,2025-06-22 02:30:00
OP117634,W0161,Night,C,40.0,0,2025-03-01 18:48:00
OP117635,W0009,Morning,E,6.0,0,2025-05-05 19:18:00
OP117636,W0458,Evening,B,37.0,0,2025-06-05 03:32:00
OP117640,W0330,Evening,A,3.0,0,2025-03-21 00:44:00
OP117641,W0361,Night,D,22.0,0,2025-06-18 15:25:00
OP117642,W0164,Morning,D,5.0,1,2025-01-18 03:42:00
OP117643,W0109,Night,B,26.0,1,2025-04-30 01:38:00
OP117645,W0045,Night,A,49.0,0,2025-04-08 23:18:00
OP117646,W0259,Morning,B,8.0,1,2025-02-02 13:01:00
OP117647,W0265,Morning,B,47.0,1,2025-03-28 18:24:00
OP117649,W0058,Evening,C,6.0,1,2025-04-07 02:15:00
OP117650,W0366,Morning,D,35.0,0,2025-03-16 18:38:00
OP117651,W0016,Night,B,12.0,1,2025-02-07 10:12:00
OP117652,W0408,Evening,D,19.0,1,2025-02-03 10:19:00
OP117653,W0056,Morning,E,35.0,1,2025-04-04 09:39:00
OP117654,W0286,Night,D,12.0,1,2025-05-25 05:17:00
OP117656,W0457,Evening,A,7.0,1,2025-06-01 17:12:00
OP117657,W0479,Morning,D,4.0,0,2025-03-09 10:57:00
OP117658,W0197,Morning,E,26.0,0,2025-02-06 03:39:00
OP117661,W0340,Morning,C,47.0,0,2025-02-06 03:06:00
OP117665,W0139,Evening,C,24.0,0,2025-05-04 00:27:00
OP117666,W0360,Night,B,18.0,0,2025-05-03 12:24:00
OP117667,W0333,Evening,B,43.0,1,2025-03-04 01:39:00
OP117670,W0230,Night,D,45.0,0,2025-02-20 23:36:00
OP117671,W0426,Evening,B,28.0,1,2025-02-21 00:57:00
OP117673,W0032,Evening,D,47.0,0,2025-01-24 16:40:00
OP117674,W0178,Morning,B,17.0,1,2025-04-26 13:50:00
OP117684,W0174,Night,B,36.0,0,2025-06-28 02:43:00
OP117685,W0284,Night,D,41.0,0,2025-03-03 11:26:00
OP117688,W0280,Evening,E,46.0,0,2025-02-07 15:25:00
OP117691,W0146,Night,D,4.0,1,2025-02-25 19:31:00
OP117695,W0277,Evening,B,1.0,0,2025-03-01 09:13:00
OP117696,W0345,Morning,B,14.0,0,2025-03-27 04:54:00
OP117698,W0265,Morning,D,26.0,0,2025-05-26 04:40:00
OP117701,W0062,Night,D,27.0,0,2025-01-16 18:05:00
OP117703,W0349,Morning,D,47.0,1,2025-03-10 22:11:00
OP117704,W0351,Morning,C,28.0,0,2025-04-06 17:11:00
OP117705,W0499,Night,C,14.0,0,2025-04-11 14:29:00
OP117707,W0021,Evening,C,49.0,0,2025-03-10 05:51:00
OP117708,W0228,Evening,E,32.0,1,2025-04-09 23:31:00
OP117709,W0233,Morning,B,19.0,0,2025-05-14 11:25:00
OP117711,W0264,Evening,A,38.0,0,2025-04-11 20:59:00
OP117712,W0214,Night,E,31.0,1,2025-04-09 15:09:00
OP117713,W0272,Night,B,34.0,0,2025-06-20 19:55:00
OP117719,W0093,Morning,A,48.0,0,2025-05-16 06:43:00
OP117723,W0243,Morning,D,16.0,0,2025-03-24 01:37:00
OP117724,W0134,Night,B,3.0,0,2025-01-16 00:47:00
OP117728,W0218,Morning,D,40.0,1,2025-02-07 07:47:00
OP117740,W0090,Evening,D,19.0,0,2025-06-12 05:12:00
OP117742,W0032,Evening,C,31.0,0,2025-03-28 02:29:00
OP117745,W0107,Evening,A,28.0,1,2025-05-15 15:58:00
OP117746,W0198,Morning,D,38.0,0,2025-01-21 09:09:00
OP117749,W0152,Evening,B,19.0,0,2025-03-19 00:26:00
OP117753,W0382,Night,C,36.0,0,2025-01-11 06:33:00
OP117758,W0243,Night,B,18.0,0,2025-01-08 22:48:00
OP117759,W0159,Morning,B,2.0,0,2025-01-02 15:22:00
OP117761,W0276,Evening,C,49.0,0,2025-04-04 08:01:00
OP117762,W0154,Night,A,33.0,1,2025-04-29 14:43:00
OP117763,W0094,Morning,D,23.0,0,2025-03-31 16:01:00
OP117766,W0333,Morning,E,35.0,0,2025-03-24 08:03:00
OP117769,W0067,Night,D,32.0,0,2025-01-28 16:32:00
OP117774,W0170,Night,A,22.0,0,2025-05-15 04:35:00
OP117775,W0242,Night,B,6.0,0,2025-06-24 09:45:00
OP117776,W0338,Night,A,24.0,1,2025-01-03 13:37:00
OP117777,W0031,Evening,A,21.0,0,2025-03-24 22:35:00
OP117787,W0404,Morning,D,25.0,0,2025-01-30 13:53:00
OP117789,W0017,Morning,B,10.0,0,2025-01-20 07:51:00
OP117790,W0159,Morning,D,24.0,1,2025-04-26 23:18:00
OP117792,W0054,Evening,D,42.0,0,2025-06-26 16:55:00
OP117793,W0340,Morning,C,8.0,0,2025-03-02 13:49:00
OP117795,W0365,Night,D,36.0,1,2025-05-21 21:51:00
OP117797,W0317,Morning,A,23.0,1,2025-06-04 02:11:00
OP117801,W0082,Night,E,31.0,0,2025-06-01 17:42:00
OP117803,W0278,Morning,C,44.0,0,2025-06-19 15:29:00
OP117804,W0217,Night,B,30.0,0,2025-05-01 06:51:00
OP117806,W0332,Evening,B,22.0,1,2025-02-02 18:54:00
OP117808,W0456,Night,B,22.0,1,2025-05-23 15:21:00
OP117810,W0436,Night,A,15.0,0,2025-03-02 16:55:00
OP117811,W0235,Morning,D,49.0,0,2025-03-09 21:06:00
OP117817,W0165,Morning,C,4.0,0,2025-01-22 10:57:00
OP117818,W0306,Night,D,6.0,0,2025-01-16 16:13:00
OP117819,W0232,Morning,D,40.0,0,2025-03-04 08:21:00
OP117821,W0500,Evening,C,27.0,0,2025-02-01 08:28:00
OP117822,W0375,Evening,D,40.0,0,2025-04-17 21:31:00
OP117824,W0066,Night,C,16.0,0,2025-02-16 09:02:00
OP117826,W0283,Morning,D,22.0,0,2025-03-09 22:49:00
OP117829,W0009,Morning,B,39.0,0,2025-04-19 19:06:00
OP117831,W0402,Morning,A,13.0,1,2025-06-08 21:01:00
OP117833,W0071,Evening,E,7.0,1,2025-03-23 13:50:00
OP117835,W0451,Morning,E,18.0,0,2025-02-24 21:01:00
OP117836,W0394,Night,B,18.0,1,2025-06-03 12:36:00
OP117837,W0190,Morning,C,7.0,0,2025-04-26 20:42:00
OP117838,W0107,Night,A,28.0,0,2025-04-30 04:01:00
OP117839,W0070,Morning,B,17.0,1,2025-06-04 12:51:00
OP117844,W0059,Night,C,13.0,1,2025-06-26 17:17:00
OP117847,W0455,Evening,B,16.0,0,2025-04-13 14:03:00
OP117848,W0334,Night,C,5.0,0,2025-04-22 16:56:00
OP117849,W0454,Morning,D,43.0,0,2025-02-12 17:29:00
OP117851,W0217,Morning,E,2.0,1,2025-02-17 21:34:00
OP117853,W0212,Evening,E,39.0,0,2025-02-09 10:31:00
OP117854,W0470,Night,D,10.0,0,2025-06-06 13:40:00
OP117856,W0324,Morning,B,36.0,1,2025-02-25 17:21:00
OP117858,W0331,Evening,A,26.0,0,2025-02-07 09:14:00
OP117860,W0334,Night,C,13.0,0,2025-06-04 19:12:00
OP117864,W0379,Evening,B,42.0,0,2025-04-21 04:44:00
OP117866,W0285,Morning,D,6.0,0,2025-04-18 21:03:00
OP117868,W0368,Night,D,21.0,1,2025-05-20 04:12:00
OP117871,W0488,Morning,A,39.0,1,2025-05-26 13:44:00
OP117873,W0122,Morning,A,22.0,0,2025-04-06 07:02:00
OP117876,W0488,Morning,A,36.0,1,2025-02-04 12:17:00
OP117877,W0436,Night,A,34.0,0,2025-02-02 16:06:00
OP117879,W0418,Night,D,9.0,1,2025-04-07 03:17:00
OP117884,W0149,Night,E,16.0,0,2025-06-11 22:38:00
OP117885,W0094,Morning,E,5.0,1,2025-01-21 01:29:00
OP117887,W0057,Evening,D,25.0,0,2025-05-16 06:22:00
OP117889,W0405,Night,D,42.0,1,2025-05-15 06:41:00
OP117890,W0453,Evening,A,45.0,0,2025-02-02 04:56:00
OP117891,W0243,Night,E,26.0,1,2025-01-08 02:14:00
OP117893,W0340,Morning,B,36.0,0,2025-02-07 21:52:00
OP117894,W0129,Morning,B,40.0,0,2025-04-30 23:08:00
OP117897,W0401,Morning,D,33.0,0,2025-05-21 15:04:00
OP117900,W0009,Evening,E,27.0,1,2025-05-19 02:07:00
OP117901,W0075,Morning,E,28.0,0,2025-04-08 21:17:00
OP117904,W0074,Morning,E,24.0,0,2025-02-18 20:59:00
OP117905,W0050,Evening,E,37.0,0,2025-01-07 22:10:00
OP117908,W0053,Evening,B,1.0,0,2025-03-03 01:26:00
OP117911,W0327,Morning,D,15.0,0,2025-04-22 09:19:00
OP117912,W0180,Night,E,1.0,0,2025-03-16 13:07:00
OP117914,W0409,Night,E,4.0,0,2025-01-11 19:34:00
OP117916,W0345,Morning,C,11.0,1,2025-05-21 05:44:00
OP117917,W0383,Evening,E,31.0,0,2025-03-29 01:18:00
OP117923,W0447,Night,B,36.0,0,2025-03-29 18:52:00
OP117925,W0111,Night,B,21.0,0,2025-05-10 20:07:00
OP117926,W0276,Morning,D,4.0,0,2025-06-10 16:28:00
OP117933,W0430,Morning,A,37.0,1,2025-06-25 21:40:00
OP117934,W0493,Morning,A,22.0,0,2025-01-17 23:34:00
OP117938,W0462,Morning,B,40.0,0,2025-04-04 04:48:00
OP117940,W0453,Morning,D,27.0,0,2025-02-21 16:40:00
OP117941,W0084,Morning,C,15.0,0,2025-01-24 19:07:00
OP117944,W0189,Evening,E,39.0,0,2025-06-06 23:41:00
OP117945,W0130,Morning,B,39.0,0,2025-05-31 06:50:00
OP117946,W0500,Morning,A,38.0,1,2025-01-09 12:33:00
OP117947,W0440,Evening,E,10.0,1,2025-04-02 04:00:00
OP117949,W0249,Morning,A,44.0,1,2025-03-19 22:40:00
OP117951,W0263,Night,A,6.0,0,2025-06-26 08:20:00
OP117952,W0105,Morning,B,42.0,0,2025-02-16 15:34:00
OP117954,W0192,Morning,C,3.0,0,2025-03-22 09:11:00
OP117955,W0009,Evening,A,43.0,0,2025-01-15 07:12:00
OP117957,W0267,Morning,B,47.0,0,2025-05-20 23:47:00
OP117960,W0123,Morning,C,27.0,0,2025-04-10 03:12:00
OP117962,W0284,Morning,A,16.0,0,2025-03-09 07:17:00
OP117963,W0089,Morning,C,47.0,0,2025-03-10 23:43:00
OP117971,W0254,Night,A,42.0,0,2025-01-14 16:19:00
OP117973,W0346,Night,C,29.0,0,2025-03-01 18:17:00
OP117974,W0293,Evening,B,32.0,0,2025-03-20 23:57:00
OP117975,W0070,Evening,B,34.0,1,2025-05-29 06:42:00
OP117976,W0258,Evening,D,47.0,0,2025-05-27 09:28:00
OP117977,W0197,Evening,B,22.0,0,2025-05-24 03:43:00
OP117982,W0194,Morning,B,8.0,0,2025-01-13 21:50:00
OP117985,W0106,Evening,B,46.0,0,2025-04-08 09:39:00
OP117986,W0115,Night,D,21.0,0,2025-03-09 01:15:00
OP117987,W0062,Evening,E,5.0,1,2025-06-17 08:02:00
OP117990,W0110,Night,E,2.0,0,2025-03-14 07:38:00
OP117991,W0003,Evening,C,20.0,0,2025-01-29 19:29:00
OP117993,W0363,Morning,C,44.0,0,2025-05-13 02:35:00
OP117994,W0053,Evening,D,27.0,0,2025-01-17 06:05:00
OP117995,W0216,Night,B,39.0,1,2025-01-01 19:47:00
OP117997,W0168,Evening,C,24.0,0,2025-04-12 02:42:00
OP117998,W0486,Morning,E,17.0,0,2025-03-05 04:25:00
OP118004,W0457,Evening,D,17.0,0,2025-05-30 07:54:00
OP118006,W0075,Morning,B,24.0,0,2025-01-10 22:36:00
OP118015,W0353,Morning,B,9.0,0,2025-03-12 18:04:00
OP118016,W0492,Night,D,48.0,0,2025-02-16 03:41:00
OP118021,W0302,Evening,B,26.0,0,2025-05-20 18:51:00
OP118022,W0067,Morning,C,20.0,1,2025-03-29 15:45:00
OP118023,W0106,Morning,A,46.0,0,2025-06-23 21:40:00
OP118024,W0194,Evening,C,8.0,1,2025-02-26 20:29:00
OP118025,W0151,Evening,B,6.0,1,2025-05-16 13:11:00
OP118026,W0360,Evening,E,20.0,0,2025-02-21 21:40:00
OP118029,W0172,Morning,E,34.0,1,2025-02-25 09:08:00
OP118032,W0485,Morning,C,32.0,1,2025-02-05 07:49:00
OP118034,W0245,Morning,A,49.0,1,2025-01-19 23:01:00
OP118035,W0149,Morning,D,5.0,0,2025-03-30 10:25:00
OP118041,W0011,Morning,B,31.0,0,2025-03-18 09:13:00
OP118045,W0331,Evening,C,6.0,0,2025-04-16 12:43:00
OP118049,W0234,Morning,A,24.0,0,2025-03-09 11:19:00
OP118050,W0211,Night,B,8.0,0,2025-06-11 02:41:00
OP118053,W0460,Night,E,14.0,1,2025-06-16 23:31:00
OP118054,W0295,Morning,C,3.0,1,2025-04-01 08:54:00
OP118057,W0190,Night,A,4.0,0,2025-03-04 00:58:00
OP118058,W0385,Morning,C,13.0,0,2025-03-26 18:13:00
OP118059,W0444,Evening,A,48.0,0,2025-06-04 01:26:00
OP118062,W0119,Night,E,15.0,0,2025-06-22 17:51:00
OP118063,W0055,Night,C,4.0,0,2025-01-07 18:32:00
OP118064,W0192,Night,C,4.0,0,2025-06-26 05:44:00
OP118066,W0383,Morning,E,41.0,0,2025-05-15 06:46:00
OP118067,W0403,Morning,C,9.0,1,2025-05-19 07:40:00
OP118071,W0053,Evening,E,26.0,0,2025-02-13 02:17:00
OP118073,W0059,Night,B,37.0,0,2025-04-25 10:18:00
OP118079,W0328,Night,A,19.0,0,2025-06-09 15:30:00
OP118083,W0409,Evening,A,12.0,0,2025-04-25 17:33:00
OP118086,W0208,Morning,B,11.0,1,2025-01-13 07:09:00
OP118092,W0040,Night,B,22.0,0,2025-04-07 22:30:00
OP118093,W0260,Evening,E,36.0,0,2025-03-15 00:30:00
OP118094,W0174,Morning,C,45.0,0,2025-05-24 07:12:00
OP118095,W0105,Morning,E,19.0,1,2025-01-19 20:20:00
OP118097,W0306,Evening,E,28.0,0,2025-02-11 18:52:00
OP118098,W0432,Evening,D,36.0,0,2025-05-30 17:35:00
OP118100,W0140,Morning,A,35.0,0,2025-03-29 19:59:00
OP118102,W0145,Night,B,3.0,1,2025-05-30 14:01:00
OP118103,W0456,Night,D,48.0,0,2025-03-09 12:50:00
OP118106,W0201,Morning,D,16.0,0,2025-03-01 10:58:00
OP118107,W0133,Evening,D,42.0,1,2025-03-20 11:08:00
OP118111,W0030,Night,B,8.0,0,2025-02-21 00:47:00
OP118115,W0315,Morning,D,25.0,1,2025-02-12 03:30:00
OP118116,W0255,Night,A,45.0,0,2025-01-20 01:48:00
OP118122,W0118,Night,C,33.0,0,2025-05-18 07:39:00
OP118123,W0342,Evening,C,8.0,1,2025-05-02 01:41:00
OP118130,W0299,Morning,A,7.0,1,2025-03-15 12:26:00
OP118131,W0228,Evening,D,21.0,1,2025-02-23 01:36:00
OP118132,W0239,Evening,A,29.0,0,2025-05-11 22:43:00
OP118136,W0122,Morning,B,27.0,1,2025-01-09 09:29:00
OP118137,W0394,Morning,A,39.0,0,2025-04-23 16:44:00
OP118139,W0312,Evening,A,46.0,0,2025-05-19 23:12:00
OP118140,W0190,Morning,C,14.0,0,2025-03-25 17:27:00
OP118142,W0121,Evening,B,25.0,0,2025-01-08 20:17:00
OP118143,W0291,Evening,E,7.0,0,2025-04-29 05:27:00
OP118145,W0157,Night,C,26.0,0,2025-04-08 07:16:00
OP118148,W0382,Night,B,18.0,0,2025-03-16 10:56:00
OP118150,W0349,Morning,A,35.0,1,2025-05-06 14:14:00
OP118153,W0005,Morning,D,34.0,0,2025-02-12 22:13:00
OP118160,W0036,Morning,D,15.0,1,2025-04-14 23:38:00
OP118164,W0138,Morning,D,47.0,0,2025-05-11 14:50:00
OP118168,W0364,Evening,B,30.0,0,2025-03-06 11:09:00
OP118170,W0196,Morning,E,47.0,0,2025-03-24 09:22:00
OP118174,W0305,Evening,E,19.0,0,2025-05-27 15:09:00
OP118180,W0303,Night,B,29.0,0,2025-03-06 02:31:00
OP118181,W0210,Evening,C,7.0,0,2025-02-24 19:28:00
OP118182,W0076,Evening,E,12.0,1,2025-06-19 23:15:00
OP118184,W0229,Night,D,26.0,0,2025-05-28 14:37:00
OP118186,W0008,Night,A,18.0,0,2025-02-27 17:28:00
OP118190,W0075,Morning,D,33.0,1,2025-05-22 01:09:00
OP118191,W0064,Evening,B,27.0,1,2025-06-04 09:42:00
OP118194,W0303,Evening,D,23.0,0,2025-05-20 00:16:00
OP118198,W0443,Evening,A,28.0,0,2025-04-19 02:23:00
OP118203,W0491,Night,E,41.0,0,2025-06-25 09:23:00
OP118209,W0249,Morning,A,9.0,0,2025-06-08 15:18:00
OP118210,W0021,Night,C,49.0,0,2025-03-08 18:22:00
OP118214,W0254,Morning,D,13.0,0,2025-03-17 16:48:00
OP118215,W0257,Morning,D,18.0,1,2025-03-07 11:30:00
OP118216,W0200,Evening,A,5.0,0,2025-04-11 23:38:00
OP118217,W0298,Evening,D,3.0,0,2025-06-12 03:29:00
OP118221,W0210,Morning,B,48.0,1,2025-03-01 18:37:00
OP118222,W0123,Morning,E,2.0,1,2025-01-01 19:48:00
OP118225,W0221,Morning,B,15.0,1,2025-06-21 12:54:00
OP118226,W0190,Morning,D,44.0,0,2025-04-06 01:50:00
OP118228,W0014,Night,C,18.0,0,2025-03-07 22:53:00
OP118233,W0497,Morning,D,15.0,0,2025-06-22 18:58:00
OP118234,W0042,Evening,A,9.0,0,2025-02-20 01:34:00
OP118236,W0114,Morning,A,34.0,1,2025-01-24 08:17:00
OP118239,W0124,Morning,E,48.0,0,2025-02-11 02:16:00
OP118241,W0314,Morning,D,40.0,0,2025-04-16 00:34:00
OP118242,W0143,Evening,E,10.0,0,2025-01-09 16:27:00
OP118243,W0089,Evening,C,9.0,0,2025-04-12 11:19:00
OP118244,W0079,Morning,A,29.0,0,2025-06-24 23:52:00
OP118247,W0189,Morning,A,11.0,0,2025-05-15 18:52:00
OP118248,W0040,Morning,D,30.0,0,2025-01-04 19:54:00
OP118250,W0483,Morning,C,45.0,0,2025-06-05 04:34:00
OP118253,W0122,Evening,C,23.0,0,2025-03-30 02:05:00
OP118255,W0397,Evening,D,44.0,0,2025-02-11 02:01:00
OP118256,W0355,Night,D,34.0,0,2025-01-15 01:50:00
OP118257,W0495,Morning,B,42.0,0,2025-04-14 19:16:00
OP118263,W0112,Night,D,5.0,0,2025-01-26 01:14:00
OP118264,W0319,Evening,A,46.0,1,2025-06-13 13:08:00
OP118267,W0325,Morning,D,1.0,0,2025-03-04 17:45:00
OP118270,W0081,Morning,B,26.0,1,2025-04-22 06:22:00
OP118273,W0226,Morning,D,44.0,0,2025-01-17 01:46:00
OP118275,W0373,Night,E,47.0,0,2025-02-06 12:57:00
OP118279,W0238,Night,D,4.0,1,2025-06-17 14:45:00
OP118282,W0447,Night,C,38.0,0,2025-04-23 18:44:00
OP118284,W0149,Morning,E,24.0,1,2025-06-23 04:52:00
OP118285,W0160,Evening,D,49.0,0,2025-06-04 22:44:00
OP118289,W0368,Night,B,39.0,1,2025-01-29 01:02:00
OP118292,W0032,Morning,A,14.0,0,2025-02-05 15:12:00
OP118294,W0457,Morning,E,12.0,1,2025-02-27 10:30:00
OP118297,W0448,Morning,D,32.0,0,2025-01-25 07:29:00
OP118298,W0207,Morning,E,15.0,0,2025-03-27 05:36:00
OP118299,W0183,Evening,D,25.0,0,2025-04-16 04:01:00
OP118301,W0382,Night,C,31.0,0,2025-04-11 07:39:00
OP118302,W0152,Morning,C,45.0,0,2025-04-04 20:35:00
OP118303,W0060,Night,B,17.0,0,2025-05-27 09:12:00
OP118305,W0001,Night,C,18.0,1,2025-04-21 23:20:00
OP118310,W0083,Morning,C,41.0,1,2025-05-17 04:06:00
OP118311,W0234,Morning,D,47.0,0,2025-06-10 07:17:00
OP118313,W0491,Morning,B,26.0,0,2025-01-05 17:55:00
OP118314,W0130,Morning,B,23.0,0,2025-06-27 19:36:00
OP118315,W0070,Morning,E,9.0,1,2025-06-25 21:35:00
OP118316,W0098,Morning,A,20.0,1,2025-01-29 09:55:00
OP118318,W0399,Morning,B,11.0,0,2025-05-16 06:00:00
OP118321,W0386,Night,D,44.0,0,2025-06-09 17:26:00
OP118326,W0257,Morning,C,8.0,0,2025-05-16 23:11:00
OP118327,W0296,Evening,B,14.0,0,2025-05-31 18:15:00
OP118329,W0143,Morning,C,4.0,0,2025-01-18 13:40:00
OP118334,W0297,Evening,A,15.0,1,2025-01-09 00:06:00
OP118336,W0441,Night,E,39.0,0,2025-03-03 11:24:00
OP118338,W0154,Morning,C,16.0,0,2025-06-25 19:11:00
OP118340,W0461,Morning,E,2.0,0,2025-05-11 14:41:00
OP118341,W0181,Morning,A,1.0,1,2025-01-19 22:10:00
OP118343,W0359,Night,B,29.0,0,2025-03-06 00:35:00
OP118344,W0093,Night,A,26.0,0,2025-05-31 12:01:00
OP118346,W0107,Evening,C,15.0,0,2025-02-12 03:50:00
OP118347,W0327,Night,C,26.0,1,2025-03-19 14:50:00
OP118350,W0477,Evening,A,34.0,0,2025-04-13 00:22:00
OP118352,W0129,Morning,B,36.0,0,2025-03-21 13:36:00
OP118354,W0139,Morning,E,14.0,0,2025-02-22 11:20:00
OP118355,W0437,Morning,C,18.0,0,2025-04-12 13:26:00
OP118357,W0014,Evening,C,34.0,0,2025-04-21 14:35:00
OP118358,W0423,Morning,C,44.0,0,2025-05-14 23:37:00
OP118361,W0212,Morning,E,47.0,0,2025-06-20 15:51:00
OP118362,W0265,Morning,E,42.0,0,2025-05-25 02:37:00
OP118365,W0251,Morning,E,37.0,1,2025-05-23 03:12:00
OP118367,W0155,Night,A,41.0,0,2025-06-26 19:01:00
OP118374,W0472,Morning,E,22.0,0,2025-02-24 01:43:00
OP118380,W0091,Morning,B,32.0,1,2025-02-28 12:00:00
OP118381,W0153,Morning,B,48.0,0,2025-03-19 09:35:00
OP118383,W0007,Morning,D,23.0,1,2025-01-16 03:39:00
OP118386,W0283,Evening,D,11.0,0,2025-02-19 05:38:00
OP118390,W0212,Evening,B,43.0,0,2025-04-12 08:14:00
OP118393,W0201,Night,A,36.0,0,2025-03-09 01:41:00
OP118395,W0172,Night,E,20.0,0,2025-02-01 15:21:00
OP118396,W0199,Morning,B,30.0,0,2025-01-27 09:41:00
OP118398,W0018,Morning,B,15.0,0,2025-03-11 14:57:00
OP118400,W0358,Morning,C,26.0,0,2025-06-08 08:15:00
OP118401,W0366,Evening,D,18.0,0,2025-02-27 23:29:00
OP118404,W0488,Night,D,19.0,0,2025-01-06 20:39:00
OP118405,W0404,Morning,B,27.0,1,2025-05-22 08:32:00
OP118406,W0270,Morning,A,33.0,1,2025-05-25 17:43:00
OP118408,W0309,Evening,B,14.0,0,2025-06-29 15:30:00
OP118409,W0165,Morning,B,4.0,1,2025-04-23 16:01:00
OP118412,W0456,Evening,A,3.0,0,2025-05-12 18:28:00
OP118415,W0471,Evening,D,6.0,0,2025-04-22 23:07:00
OP118417,W0071,Morning,D,11.0,0,2025-03-08 21:22:00
OP118419,W0120,Morning,D,16.0,0,2025-02-04 01:55:00
OP118420,W0344,Night,A,6.0,0,2025-01-02 15:16:00
OP118421,W0212,Morning,A,43.0,0,2025-03-01 22:59:00
OP118425,W0346,Evening,A,27.0,0,2025-01-22 04:42:00
OP118426,W0093,Morning,B,28.0,1,2025-03-03 00:47:00
OP118428,W0109,Morning,E,38.0,0,2025-05-16 05:53:00
OP118429,W0129,Evening,B,36.0,1,2025-01-17 14:15:00
OP118430,W0139,Night,C,40.0,0,2025-01-26 04:40:00
OP118432,W0329,Morning,E,19.0,0,2025-04-19 20:50:00
OP118441,W0480,Morning,B,43.0,0,2025-06-16 15:52:00
OP118446,W0010,Morning,E,30.0,1,2025-05-07 12:37:00
OP118447,W0358,Evening,E,42.0,1,2025-03-14 21:18:00
OP118449,W0048,Evening,A,29.0,1,2025-03-08 23:20:00
OP118450,W0309,Morning,A,49.0,0,2025-01-11 04:00:00
OP118456,W0151,Evening,A,10.0,1,2025-01-08 15:59:00
OP118457,W0487,Morning,B,11.0,0,2025-05-10 15:49:00
OP118458,W0010,Morning,B,20.0,0,2025-02-10 23:09:00
OP118459,W0041,Evening,D,12.0,0,2025-04-16 22:59:00
OP118460,W0319,Evening,A,28.0,0,2025-05-06 01:15:00
OP118462,W0235,Night,B,27.0,0,2025-01-26 23:25:00
OP118463,W0239,Evening,A,28.0,0,2025-04-05 22:05:00
OP118468,W0074,Evening,A,42.0,0,2025-04-09 17:26:00
OP118469,W0099,Morning,E,47.0,1,2025-01-09 10:06:00
OP118471,W0300,Morning,A,1.0,1,2025-01-16 03:53:00
OP118472,W0227,Morning,B,8.0,1,2025-02-04 02:21:00
OP118473,W0198,Morning,D,32.0,1,2025-05-22 15:49:00
OP118474,W0304,Night,E,42.0,0,2025-02-28 16:46:00
OP118482,W0210,Morning,B,45.0,0,2025-04-10 00:20:00
OP118486,W0206,Evening,D,10.0,0,2025-05-28 19:01:00
OP118491,W0120,Morning,E,1.0,0,2025-03-12 11:27:00
OP118492,W0108,Evening,D,32.0,0,2025-06-11 14:07:00
OP118495,W0466,Morning,E,38.0,0,2025-01-30 05:07:00
OP118497,W0263,Morning,E,25.0,1,2025-02-06 16:03:00
OP118501,W0233,Morning,A,17.0,0,2025-01-10 09:52:00
OP118503,W0265,Morning,B,38.0,0,2025-04-12 07:17:00
OP118505,W0269,Evening,A,11.0,0,2025-06-04 20:00:00
OP118506,W0117,Evening,B,33.0,0,2025-04-27 20:44:00
OP118507,W0462,Night,C,19.0,0,2025-06-17 20:05:00
OP118508,W0027,Morning,E,26.0,0,2025-05-26 01:43:00
OP118511,W0149,Morning,E,26.0,1,2025-05-21 21:49:00
OP118512,W0272,Night,E,41.0,0,2025-05-12 03:56:00
OP118513,W0262,Morning,A,14.0,0,2025-04-01 20:33:00
OP118516,W0075,Night,D,47.0,1,2025-05-02 11:56:00
OP118517,W0011,Evening,E,29.0,0,2025-01-28 02:32:00
OP118519,W0303,Night,D,6.0,0,2025-01-05 04:10:00
OP118521,W0177,Night,E,36.0,0,2025-04-05 01:22:00
OP118525,W0016,Night,C,47.0,1,2025-05-14 20:27:00
OP118529,W0338,Morning,C,36.0,0,2025-05-16 07:40:00
OP118530,W0201,Morning,A,29.0,1,2025-02-25 10:59:00
OP118537,W0093,Morning,D,4.0,0,2025-01-07 16:38:00
OP118539,W0461,Evening,E,48.0,1,2025-03-06 19:01:00
OP118545,W0404,Morning,A,16.0,0,2025-03-27 05:22:00
OP118547,W0380,Night,E,7.0,0,2025-02-03 19:46:00
OP118549,W0329,Evening,B,12.0,0,2025-04-07 02:47:00
OP118551,W0090,Morning,D,3.0,0,2025-02-22 17:19:00
OP118553,W0048,Morning,B,38.0,1,2025-06-02 02:56:00
OP118554,W0146,Evening,C,35.0,1,2025-03-08 20:06:00
OP118555,W0057,Night,A,23.0,0,2025-02-23 02:20:00
OP118557,W0103,Evening,C,33.0,1,2025-03-01 12:54:00
OP118559,W0475,Morning,B,37.0,0,2025-01-01 01:47:00
OP118562,W0276,Evening,D,12.0,0,2025-06-20 11:44:00
OP118563,W0180,Morning,B,8.0,0,2025-03-21 12:11:00
OP118567,W0146,Evening,D,48.0,1,2025-01-14 02:18:00
OP118568,W0145,Morning,E,30.0,0,2025-04-05 07:34:00
OP118569,W0372,Morning,C,12.0,0,2025-03-13 09:31:00
OP118574,W0452,Evening,B,43.0,0,2025-01-26 13:13:00
OP118575,W0165,Evening,B,17.0,0,2025-01-27 19:03:00
OP118577,W0252,Morning,D,17.0,0,2025-03-23 07:20:00
OP118578,W0357,Morning,C,12.0,1,2025-03-25 21:22:00
OP118580,W0500,Morning,D,20.0,1,2025-02-10 20:52:00
OP118587,W0343,Evening,A,32.0,0,2025-03-27 09:02:00
OP118592,W0486,Morning,A,1.0,0,2025-03-04 15:30:00
OP118593,W0080,Evening,A,15.0,0,2025-06-22 12:52:00
OP118594,W0261,Morning,B,16.0,0,2025-03-29 10:03:00
OP118596,W0239,Morning,E,9.0,0,2025-04-27 19:53:00
OP118597,W0469,Evening,C,26.0,0,2025-03-18 23:24:00
OP118599,W0178,Evening,C,21.0,1,2025-06-24 18:13:00
OP118602,W0133,Evening,A,47.0,1,2025-05-28 00:26:00
OP118609,W0047,Night,B,21.0,0,2025-01-20 06:03:00
OP118618,W0201,Morning,D,46.0,0,2025-04-07 09:09:00
OP118621,W0286,Night,A,2.0,1,2025-02-10 21:09:00
OP118622,W0409,Evening,D,32.0,0,2025-01-20 00:59:00
OP118624,W0178,Morning,C,9.0,1,2025-05-06 23:01:00
OP118626,W0405,Morning,E,43.0,0,2025-04-13 04:55:00
OP118628,W0035,Morning,C,39.0,0,2025-04-05 20:01:00
OP118629,W0283,Morning,D,19.0,0,2025-06-24 23:45:00
OP118635,W0306,Night,D,35.0,0,2025-02-10 07:57:00
OP118637,W0047,Morning,D,29.0,0,2025-05-01 21:13:00
OP118640,W0350,Morning,C,40.0,0,2025-01-25 01:03:00
OP118643,W0401,Evening,C,1.0,0,2025-03-30 17:19:00
OP118644,W0451,Evening,B,4.0,1,2025-03-16 10:20:00
OP118645,W0465,Evening,C,33.0,1,2025-01-27 06:56:00
OP118647,W0325,Morning,E,24.0,0,2025-03-15 15:27:00
OP118648,W0194,Night,A,49.0,0,2025-05-03 19:31:00
OP118650,W0426,Morning,B,48.0,1,2025-02-23 04:50:00
OP118652,W0192,Morning,A,21.0,0,2025-05-11 10:56:00
OP118654,W0242,Evening,D,29.0,0,2025-06-06 20:15:00
OP118655,W0173,Morning,E,1.0,0,2025-05-03 21:05:00
OP118656,W0027,Morning,A,34.0,0,2025-06-06 05:02:00
OP118660,W0156,Morning,E,15.0,0,2025-05-11 12:33:00
OP118661,W0219,Morning,C,34.0,1,2025-04-14 13:31:00
OP118662,W0319,Morning,E,32.0,0,2025-03-21 19:36:00
OP118663,W0149,Night,A,20.0,1,2025-03-13 10:56:00
OP118665,W0391,Night,E,14.0,0,2025-02-14 14:42:00
OP118666,W0280,Morning,D,2.0,1,2025-02-05 10:21:00
OP118668,W0447,Evening,C,13.0,0,2025-02-26 17:41:00
OP118669,W0043,Evening,A,25.0,1,2025-04-19 19:05:00
OP118674,W0354,Evening,C,34.0,1,2025-02-26 11:16:00
OP118675,W0349,Morning,B,28.0,0,2025-06-17 01:10:00
OP118676,W0232,Morning,C,15.0,0,2025-02-12 15:37:00
OP118677,W0428,Night,A,5.0,0,2025-01-15 00:45:00
OP118678,W0472,Morning,D,32.0,0,2025-04-22 21:40:00
OP118679,W0351,Evening,C,19.0,0,2025-04-01 03:44:00
OP118682,W0279,Night,A,26.0,0,2025-05-30 07:41:00
OP118683,W0065,Morning,B,2.0,0,2025-04-23 07:46:00
OP118685,W0285,Morning,E,2.0,1,2025-04-03 09:03:00
OP118686,W0258,Evening,C,14.0,1,2025-04-09 19:40:00
OP118688,W0455,Night,D,7.0,0,2025-05-29 00:20:00
OP118689,W0129,Evening,B,29.0,1,2025-04-09 02:02:00
OP118692,W0423,Morning,B,44.0,0,2025-06-09 09:07:00
OP118694,W0052,Evening,C,39.0,0,2025-01-18 06:07:00
OP118695,W0053,Morning,E,40.0,0,2025-03-18 16:10:00
OP118696,W0071,Evening,A,33.0,0,2025-06-02 00:04:00
OP118699,W0179,Morning,D,38.0,0,2025-06-02 16:48:00
OP118700,W0479,Evening,D,35.0,0,2025-06-03 15:53:00
OP118701,W0230,Night,C,46.0,1,2025-05-09 03:02:00
OP118705,W0299,Morning,C,16.0,0,2025-03-05 02:04:00
OP118708,W0453,Morning,C,24.0,1,2025-01-27 02:05:00
OP118713,W0127,Evening,D,24.0,1,2025-02-09 10:24:00
OP118721,W0455,Morning,B,20.0,0,2025-01-03 10:18:00
OP118724,W0312,Morning,E,23.0,0,2025-02-21 04:34:00
OP118727,W0334,Night,D,47.0,0,2025-02-10 16:14:00
OP118728,W0017,Morning,B,31.0,1,2025-06-11 09:01:00
OP118729,W0323,Morning,B,44.0,0,2025-06-29 00:00:00
OP118734,W0414,Morning,A,2.0,0,2025-05-08 15:36:00
OP118735,W0201,Morning,A,48.0,0,2025-06-10 05:56:00
OP118737,W0084,Evening,A,41.0,0,2025-06-03 23:30:00
OP118738,W0274,Evening,C,9.0,0,2025-05-29 12:45:00
OP118739,W0016,Morning,A,35.0,0,2025-05-10 19:34:00
OP118741,W0351,Night,A,25.0,0,2025-02-10 03:54:00
OP118747,W0436,Morning,E,28.0,0,2025-04-05 15:38:00
OP118753,W0361,Evening,A,29.0,0,2025-01-16 03:34:00
OP118755,W0352,Morning,B,13.0,0,2025-02-26 02:28:00
OP118757,W0464,Night,C,45.0,1,2025-01-23 05:37:00
OP118758,W0394,Morning,B,17.0,0,2025-06-10 07:26:00
OP118759,W0408,Night,C,26.0,0,2025-06-02 20:16:00
OP118764,W0299,Night,E,34.0,1,2025-01-13 01:54:00
OP118766,W0022,Evening,B,44.0,0,2025-05-22 11:57:00
OP118768,W0420,Morning,A,33.0,1,2025-03-07 19:48:00
OP118769,W0260,Morning,E,37.0,0,2025-01-21 22:36:00
OP118771,W0141,Morning,A,46.0,1,2025-06-26 20:04:00
OP118775,W0288,Morning,B,30.0,1,2025-03-19 00:37:00
OP118776,W0104,Morning,C,2.0,0,2025-05-06 07:00:00
OP118777,W0101,Morning,C,3.0,0,2025-02-02 01:22:00
OP118779,W0484,Evening,D,36.0,0,2025-05-27 18:51:00
OP118782,W0346,Night,A,2.0,0,2025-06-29 20:43:00
OP118784,W0468,Morning,B,38.0,0,2025-06-20 01:28:00
OP118785,W0239,Morning,C,49.0,1,2025-05-22 11:04:00
OP118786,W0499,Evening,C,27.0,1,2025-03-16 18:35:00
OP118788,W0277,Morning,E,3.0,1,2025-04-01 21:07:00
OP118789,W0094,Evening,D,11.0,1,2025-01-26 21:51:00
OP118790,W0315,Morning,D,25.0,1,2025-04-29 16:12:00
OP118793,W0340,Evening,C,43.0,0,2025-04-02 08:42:00
OP118794,W0261,Evening,D,20.0,1,2025-06-08 07:04:00
OP118795,W0045,Evening,E,12.0,0,2025-04-14 18:51:00
OP118798,W0140,Morning,E,35.0,0,2025-04-26 09:29:00
OP118799,W0206,Night,B,40.0,0,2025-06-11 23:26:00
OP118801,W0263,Night,C,4.0,1,2025-01-02 15:03:00
OP118806,W0036,Night,D,17.0,0,2025-01-22 11:19:00
OP118807,W0371,Morning,D,44.0,0,2025-05-21 13:19:00
OP118808,W0010,Morning,C,27.0,0,2025-04-20 13:00:00
OP118810,W0332,Morning,E,12.0,1,2025-05-24 07:30:00
OP118813,W0279,Morning,A,11.0,0,2025-04-03 12:17:00
OP118815,W0189,Night,E,10.0,0,2025-06-13 16:14:00
OP118816,W0143,Morning,C,39.0,0,2025-05-05 18:05:00
OP118822,W0343,Morning,B,17.0,1,2025-06-27 18:17:00
OP118827,W0451,Night,D,41.0,1,2025-02-14 12:50:00
OP118829,W0014,Night,D,19.0,1,2025-05-23 19:38:00
OP118830,W0437,Morning,E,47.0,1,2025-04-05 02:16:00
OP118833,W0226,Night,C,21.0,0,2025-01-09 10:59:00
OP118834,W0160,Morning,A,3.0,0,2025-06-15 18:57:00
OP118837,W0319,Evening,D,21.0,0,2025-02-11 09:54:00
OP118838,W0147,Night,D,33.0,0,2025-01-12 08:06:00
OP118839,W0162,Night,B,32.0,0,2025-06-20 14:55:00
OP118842,W0253,Morning,B,27.0,0,2025-04-28 18:00:00
OP118843,W0264,Night,D,31.0,1,2025-06-29 17:30:00
OP118844,W0250,Morning,D,34.0,1,2025-04-10 11:58:00
OP118845,W0121,Morning,B,27.0,0,2025-05-31 14:46:00
OP118847,W0314,Night,A,23.0,0,2025-03-17 18:35:00
OP118854,W0065,Night,D,49.0,0,2025-06-22 05:08:00
OP118857,W0489,Morning,B,11.0,0,2025-03-18 22:28:00
OP118858,W0081,Evening,D,43.0,1,2025-06-20 14:32:00
OP118859,W0127,Morning,B,27.0,0,2025-06-04 14:25:00
OP118862,W0225,Morning,E,29.0,0,2025-01-20 06:23:00
OP118865,W0376,Evening,D,12.0,0,2025-04-11 06:52:00
OP118866,W0417,Morning,E,13.0,0,2025-02-27 11:51:00
OP118867,W0478,Morning,A,23.0,0,2025-01-03 12:28:00
OP118874,W0336,Morning,E,33.0,0,2025-03-07 09:33:00
OP118877,W0058,Night,B,8.0,0,2025-02-24 00:05:00
OP118879,W0331,Morning,B,7.0,0,2025-05-25 08:41:00
OP118880,W0217,Evening,A,32.0,1,2025-04-10 19:06:00
OP118886,W0444,Morning,E,8.0,0,2025-05-20 05:19:00
OP118887,W0450,Night,B,26.0,0,2025-04-01 17:55:00
OP118891,W0202,Evening,C,28.0,0,2025-04-08 13:58:00
OP118893,W0361,Morning,C,44.0,0,2025-02-02 20:25:00
OP118897,W0363,Morning,E,46.0,0,2025-06-26 13:54:00
OP118898,W0100,Evening,E,42.0,0,2025-01-13 15:48:00
OP118901,W0367,Evening,C,49.0,0,2025-01-20 23:11:00
OP118903,W0457,Night,D,5.0,0,2025-01-22 22:05:00
OP118904,W0165,Night,C,10.0,0,2025-01-14 10:20:00
OP118907,W0145,Night,D,17.0,1,2025-05-05 17:55:00
OP118909,W0202,Evening,E,36.0,1,2025-05-08 01:18:00
OP118913,W0110,Night,A,31.0,0,2025-01-21 13:05:00
OP118914,W0151,Night,C,18.0,0,2025-06-22 23:38:00
OP118915,W0131,Evening,A,13.0,0,2025-06-08 10:18:00
OP118917,W0499,Morning,C,13.0,0,2025-02-20 10:27:00
OP118919,W0254,Morning,C,14.0,0,2025-04-14 20:43:00
OP118921,W0358,Morning,D,30.0,1,2025-04-20 00:06:00
OP118922,W0095,Night,B,35.0,0,2025-04-06 02:21:00
OP118927,W0214,Night,E,45.0,0,2025-03-18 14:45:00
OP118931,W0374,Night,E,11.0,0,2025-04-23 12:51:00
OP118932,W0456,Night,A,16.0,0,2025-06-07 01:55:00
OP118933,W0156,Night,B,47.0,0,2025-05-16 14:13:00
OP118934,W0340,Night,C,26.0,0,2025-04-25 06:41:00
OP118935,W0152,Evening,D,22.0,0,2025-03-27 01:09:00
OP118937,W0041,Night,B,31.0,0,2025-02-27 11:13:00
OP118938,W0244,Morning,D,33.0,0,2025-06-07 03:59:00
OP118941,W0175,Morning,C,3.0,1,2025-04-11 10:17:00
OP118946,W0326,Morning,B,47.0,0,2025-04-14 12:29:00
OP118947,W0358,Night,A,16.0,0,2025-03-17 08:23:00
OP118951,W0316,Night,E,3.0,0,2025-02-22 13:57:00
OP118954,W0430,Morning,B,29.0,0,2025-04-19 00:54:00
OP118960,W0315,Morning,C,10.0,0,2025-04-14 02:03:00
OP118961,W0291,Morning,A,18.0,1,2025-02-20 05:56:00
OP118963,W0437,Morning,A,1.0,1,2025-06-09 08:28:00
OP118965,W0044,Morning,C,41.0,0,2025-02-11 06:03:00
OP118967,W0304,Morning,C,19.0,1,2025-03-03 02:50:00
OP118968,W0285,Evening,A,44.0,1,2025-01-13 06:16:00
OP118969,W0012,Night,A,2.0,0,2025-04-21 09:50:00
OP118970,W0260,Night,C,21.0,1,2025-01-29 00:47:00
OP118972,W0361,Morning,B,44.0,0,2025-05-26 07:20:00
OP118975,W0289,Morning,A,24.0,0,2025-01-31 06:15:00
OP118978,W0091,Evening,A,12.0,0,2025-05-09 01:30:00
OP118979,W0038,Night,D,14.0,0,2025-03-04 01:42:00
OP118980,W0455,Night,A,6.0,1,2025-01-07 17:33:00
OP118981,W0108,Morning,A,13.0,1,2025-04-09 20:47:00
OP118986,W0076,Evening,D,8.0,0,2025-06-02 23:41:00
OP118988,W0234,Evening,D,3.0,1,2025-05-21 16:58:00
OP118989,W0055,Morning,D,42.0,0,2025-02-17 15:57:00
OP118990,W0204,Night,A,47.0,0,2025-05-28 05:30:00
OP118993,W0013,Night,E,33.0,0,2025-01-24 14:42:00
OP118994,W0218,Evening,A,3.0,1,2025-01-27 15:08:00
OP118997,W0170,Evening,D,49.0,0,2025-05-18 18:53:00
OP118999,W0308,Evening,D,15.0,0,2025-06-07 19:10:00
OP119000,W0010,Evening,E,42.0,0,2025-04-23 19:43:00
OP119001,W0016,Evening,E,41.0,0,2025-01-26 23:13:00
OP119003,W0048,Morning,D,15.0,0,2025-04-02 13:06:00
OP119004,W0302,Morning,D,30.0,0,2025-04-06 12:33:00
OP119005,W0162,Night,B,22.0,0,2025-01-18 17:59:00
OP119008,W0381,Morning,D,2.0,1,2025-05-08 04:00:00
OP119009,W0404,Evening,D,4.0,0,2025-02-06 22:09:00
OP119011,W0329,Morning,C,48.0,0,2025-02-27 17:57:00
OP119014,W0121,Morning,A,18.0,0,2025-04-05 07:36:00
OP119016,W0253,Evening,B,23.0,0,2025-01-01 15:09:00
OP119017,W0016,Morning,A,26.0,1,2025-01-20 07:22:00
OP119018,W0024,Night,A,24.0,0,2025-04-11 22:08:00
OP119019,W0190,Night,D,46.0,0,2025-06-08 04:49:00
OP119023,W0101,Morning,C,38.0,1,2025-05-02 08:46:00
OP119026,W0017,Evening,C,19.0,0,2025-05-21 03:35:00
OP119031,W0475,Night,B,33.0,0,2025-01-26 12:30:00
OP119033,W0379,Night,A,21.0,1,2025-04-13 06:27:00
OP119035,W0450,Morning,B,18.0,1,2025-03-30 14:51:00
OP119040,W0211,Night,D,42.0,0,2025-01-14 03:37:00
OP119041,W0060,Night,A,46.0,0,2025-02-25 20:54:00
OP119042,W0127,Morning,A,26.0,0,2025-01-18 02:33:00
OP119043,W0387,Morning,B,14.0,1,2025-06-28 00:46:00
OP119044,W0203,Evening,E,39.0,0,2025-02-08 20:59:00
OP119046,W0282,Evening,B,44.0,0,2025-05-11 14:50:00
OP119047,W0291,Morning,D,45.0,1,2025-04-30 09:20:00
OP119050,W0109,Morning,C,4.0,0,2025-06-10 22:30:00
OP119051,W0191,Morning,B,44.0,0,2025-06-09 08:16:00
OP119053,W0410,Morning,E,8.0,0,2025-01-28 11:40:00
OP119055,W0045,Evening,E,35.0,0,2025-04-25 17:32:00
OP119061,W0395,Morning,E,37.0,0,2025-03-20 20:35:00
OP119063,W0418,Night,A,13.0,0,2025-03-18 20:33:00
OP119069,W0198,Night,D,19.0,0,2025-04-28 02:49:00
OP119072,W0102,Morning,C,24.0,0,2025-05-26 09:23:00
OP119073,W0430,Night,B,24.0,0,2025-04-23 18:29:00
OP119077,W0371,Night,C,43.0,0,2025-02-16 15:00:00
OP119078,W0227,Morning,C,5.0,1,2025-02-25 10:45:00
OP119079,W0462,Night,A,24.0,0,2025-04-30 16:58:00
OP119083,W0388,Morning,C,16.0,1,2025-02-06 07:28:00
OP119087,W0241,Evening,A,4.0,0,2025-06-10 21:21:00
OP119098,W0277,Morning,D,26.0,1,2025-02-18 20:08:00
OP119100,W0160,Night,A,32.0,0,2025-05-23 00:43:00
OP119108,W0250,Evening,C,15.0,0,2025-01-18 10:34:00
OP119113,W0456,Morning,B,16.0,1,2025-06-01 18:07:00
OP119114,W0088,Night,E,28.0,0,2025-05-01 22:43:00
OP119116,W0120,Morning,C,31.0,0,2025-03-04 23:41:00
OP119117,W0157,Evening,D,4.0,0,2025-04-26 20:48:00
OP119121,W0392,Evening,C,34.0,0,2025-04-29 03:41:00
OP119122,W0027,Morning,B,3.0,0,2025-02-12 11:23:00
OP119125,W0445,Morning,B,7.0,0,2025-01-29 07:26:00
OP119131,W0315,Morning,E,2.0,1,2025-01-24 15:54:00
OP119132,W0177,Evening,A,16.0,0,2025-02-12 18:43:00
OP119136,W0211,Night,A,46.0,0,2025-06-29 16:10:00
OP119137,W0066,Night,D,44.0,0,2025-05-30 10:14:00
OP119138,W0234,Night,D,26.0,0,2025-04-16 18:58:00
OP119139,W0264,Night,C,37.0,0,2025-04-09 04:34:00
OP119142,W0042,Evening,C,11.0,0,2025-04-02 23:28:00
OP119143,W0129,Morning,E,22.0,1,2025-06-16 07:38:00
OP119147,W0056,Morning,D,6.0,1,2025-06-27 04:50:00
OP119149,W0338,Evening,E,27.0,0,2025-01-27 01:10:00
OP119150,W0288,Night,C,11.0,0,2025-03-24 10:55:00
OP119151,W0101,Night,D,40.0,0,2025-06-01 04:13:00
OP119152,W0344,Evening,B,40.0,0,2025-01-08 23:42:00
OP119154,W0197,Morning,E,42.0,1,2025-04-29 08:42:00
OP119155,W0397,Night,B,17.0,0,2025-01-19 06:36:00
OP119163,W0254,Evening,B,36.0,0,2025-01-18 10:15:00
OP119164,W0272,Morning,D,2.0,0,2025-01-10 08:47:00
OP119165,W0196,Morning,D,44.0,0,2025-06-08 02:56:00
OP119166,W0108,Morning,B,25.0,0,2025-01-02 11:17:00
OP119167,W0294,Night,C,33.0,0,2025-02-25 05:28:00
OP119169,W0484,Evening,E,42.0,0,2025-04-01 16:31:00
OP119171,W0031,Evening,E,15.0,0,2025-02-27 02:16:00
OP119176,W0238,Night,C,14.0,0,2025-03-16 11:47:00
OP119177,W0225,Evening,C,47.0,0,2025-03-14 17:36:00
OP119178,W0247,Morning,E,6.0,0,2025-06-10 03:45:00
OP119179,W0109,Morning,B,15.0,0,2025-03-18 02:59:00
OP119181,W0192,Night,A,25.0,0,2025-04-26 11:25:00
OP119182,W0100,Night,B,10.0,0,2025-01-29 10:39:00
OP119183,W0390,Morning,D,24.0,1,2025-03-01 12:27:00
OP119185,W0049,Morning,E,30.0,0,2025-05-21 11:12:00
OP119191,W0100,Morning,B,41.0,0,2025-04-23 18:46:00
OP119193,W0082,Morning,B,45.0,0,2025-02-06 23:37:00
OP119194,W0320,Night,E,49.0,0,2025-03-11 13:22:00
OP119195,W0260,Night,C,13.0,0,2025-05-07 19:22:00
OP119196,W0165,Night,E,30.0,1,2025-04-04 02:46:00
OP119197,W0237,Morning,B,6.0,0,2025-04-02 06:07:00
OP119203,W0207,Evening,D,16.0,1,2025-02-24 04:37:00
OP119205,W0189,Night,C,38.0,0,2025-03-14 20:16:00
OP119208,W0424,Night,E,5.0,0,2025-05-28 21:01:00
OP119213,W0317,Morning,A,44.0,0,2025-04-20 03:08:00
OP119218,W0178,Evening,C,16.0,1,2025-02-27 12:52:00
OP119220,W0093,Morning,E,47.0,0,2025-02-13 15:32:00
OP119223,W0138,Night,D,35.0,1,2025-02-16 05:13:00
OP119225,W0205,Morning,B,36.0,0,2025-04-15 17:58:00
OP119226,W0038,Night,E,36.0,0,2025-05-28 02:59:00
OP119231,W0315,Night,D,4.0,0,2025-02-13 20:04:00
OP119236,W0321,Night,B,28.0,0,2025-04-18 12:27:00
OP119238,W0032,Evening,A,2.0,0,2025-06-24 08:22:00
OP119240,W0246,Evening,A,38.0,1,2025-06-06 11:30:00
OP119241,W0309,Morning,D,28.0,1,2025-01-25 23:47:00
OP119244,W0115,Night,B,11.0,0,2025-03-11 17:42:00
OP119245,W0277,Morning,D,4.0,0,2025-03-18 03:59:00
OP119247,W0443,Night,E,21.0,1,2025-06-15 16:57:00
OP119248,W0280,Morning,C,19.0,0,2025-01-06 02:34:00
OP119249,W0396,Morning,E,16.0,1,2025-03-21 23:12:00
OP119250,W0208,Evening,E,27.0,0,2025-01-28 16:46:00
OP119251,W0300,Morning,B,48.0,0,2025-02-08 18:34:00
OP119254,W0310,Evening,A,3.0,1,2025-03-02 08:52:00
OP119257,W0284,Night,C,16.0,0,2025-01-25 04:28:00
OP119258,W0114,Night,E,29.0,0,2025-04-22 01:01:00
OP119260,W0409,Morning,E,37.0,0,2025-02-07 18:43:00
OP119263,W0479,Morning,A,39.0,0,2025-03-13 09:26:00
OP119264,W0051,Night,B,14.0,1,2025-01-19 01:33:00
OP119265,W0325,Evening,D,11.0,0,2025-01-05 22:09:00
OP119266,W0161,Night,E,28.0,0,2025-01-05 01:33:00
OP119270,W0279,Morning,B,36.0,1,2025-06-13 15:34:00
OP119271,W0340,Night,A,1.0,0,2025-04-30 12:25:00
OP119272,W0167,Morning,E,11.0,0,2025-03-17 05:37:00
OP119276,W0312,Evening,D,21.0,1,2025-01-12 00:21:00
OP119278,W0393,Evening,E,2.0,0,2025-05-29 05:42:00
OP119280,W0423,Morning,D,47.0,0,2025-02-13 17:52:00
OP119283,W0132,Morning,A,37.0,0,2025-05-09 22:59:00
OP119288,W0159,Night,C,48.0,1,2025-01-06 02:07:00
OP119290,W0108,Night,C,45.0,1,2025-05-07 06:23:00
OP119291,W0130,Night,E,45.0,1,2025-05-10 01:43:00
OP119295,W0441,Evening,A,40.0,0,2025-06-14 19:45:00
OP119296,W0035,Night,D,39.0,0,2025-03-18 13:09:00
OP119297,W0276,Evening,E,49.0,0,2025-04-23 04:41:00
OP119302,W0040,Evening,E,43.0,1,2025-01-31 22:06:00
OP119309,W0448,Night,B,39.0,0,2025-02-02 15:26:00
OP119310,W0089,Night,B,28.0,1,2025-04-12 09:30:00
OP119312,W0358,Morning,A,40.0,0,2025-02-24 21:27:00
OP119313,W0252,Evening,E,18.0,1,2025-06-06 09:34:00
OP119314,W0153,Morning,E,4.0,0,2025-04-11 17:53:00
OP119316,W0122,Morning,C,32.0,0,2025-04-03 07:17:00
OP119318,W0480,Evening,D,42.0,0,2025-04-15 10:12:00
OP119320,W0220,Night,E,10.0,1,2025-03-15 04:09:00
OP119321,W0136,Morning,C,13.0,0,2025-02-24 21:49:00
OP119326,W0410,Evening,E,8.0,1,2025-06-10 19:51:00
OP119327,W0094,Evening,C,14.0,1,2025-02-13 17:05:00
OP119328,W0277,Night,C,8.0,0,2025-05-21 04:46:00
OP119329,W0496,Night,B,5.0,1,2025-05-27 15:41:00
OP119337,W0073,Night,D,45.0,1,2025-01-29 08:46:00
OP119340,W0491,Morning,E,15.0,1,2025-05-11 13:15:00
OP119341,W0449,Night,E,15.0,0,2025-01-03 13:37:00
OP119345,W0024,Morning,C,24.0,1,2025-03-20 16:18:00
OP119347,W0180,Night,E,27.0,0,2025-04-27 11:24:00
OP119348,W0382,Morning,C,21.0,1,2025-03-31 05:19:00
OP119349,W0188,Evening,A,34.0,0,2025-04-04 05:58:00
OP119351,W0203,Evening,C,21.0,0,2025-04-13 05:25:00
OP119357,W0276,Morning,E,30.0,1,2025-04-22 20:47:00
OP119359,W0232,Evening,C,17.0,0,2025-06-08 08:04:00
OP119363,W0454,Morning,D,33.0,0,2025-05-31 17:33:00
OP119366,W0119,Evening,D,10.0,0,2025-02-12 22:00:00
OP119368,W0321,Night,B,34.0,0,2025-01-25 14:40:00
OP119370,W0062,Morning,A,26.0,0,2025-04-20 06:59:00
OP119372,W0221,Evening,C,42.0,0,2025-06-21 04:27:00
OP119385,W0251,Morning,D,16.0,1,2025-04-01 20:52:00
OP119393,W0160,Night,C,31.0,0,2025-01-24 03:28:00
OP119396,W0179,Morning,E,20.0,0,2025-05-16 02:49:00
OP119397,W0167,Morning,D,32.0,0,2025-02-11 02:26:00
OP119399,W0409,Morning,D,46.0,0,2025-05-12 09:31:00
OP119401,W0367,Evening,E,19.0,1,2025-03-12 07:08:00
OP119402,W0496,Morning,E,17.0,0,2025-01-16 06:33:00
OP119403,W0458,Morning,A,22.0,0,2025-05-08 13:12:00
OP119404,W0042,Night,C,26.0,0,2025-05-31 07:45:00
OP119408,W0348,Night,B,36.0,0,2025-05-08 03:51:00
OP119411,W0323,Night,D,45.0,1,2025-03-01 12:44:00
OP119413,W0226,Morning,C,3.0,0,2025-06-01 11:58:00
OP119414,W0410,Night,A,28.0,0,2025-06-12 16:04:00
OP119418,W0008,Morning,B,20.0,0,2025-02-26 10:07:00
OP119419,W0130,Evening,D,12.0,0,2025-04-09 00:33:00
OP119420,W0083,Morning,B,47.0,0,2025-04-03 00:02:00
OP119426,W0087,Evening,A,12.0,0,2025-05-17 02:40:00
OP119428,W0263,Morning,A,7.0,0,2025-01-03 09:07:00
OP119431,W0498,Morning,E,12.0,0,2025-04-06 18:27:00
OP119433,W0192,Morning,B,30.0,1,2025-06-28 22:16:00
OP119437,W0476,Evening,E,25.0,1,2025-02-23 02:10:00
OP119438,W0281,Morning,B,7.0,0,2025-03-18 23:29:00
OP119441,W0052,Night,D,49.0,0,2025-04-17 14:37:00
OP119442,W0358,Morning,D,37.0,0,2025-05-25 21:41:00
OP119449,W0018,Morning,D,48.0,1,2025-01-31 06:03:00
OP119452,W0147,Morning,B,22.0,0,2025-05-19 09:37:00
OP119459,W0050,Morning,D,40.0,0,2025-02-19 02:21:00
OP119460,W0313,Morning,B,17.0,0,2025-01-18 01:06:00
OP119463,W0011,Evening,E,22.0,1,2025-06-11 00:16:00
OP119464,W0009,Morning,D,35.0,0,2025-03-24 21:16:00
OP119465,W0185,Morning,E,11.0,1,2025-06-26 02:46:00
OP119466,W0471,Morning,C,21.0,0,2025-05-28 20:28:00
OP119467,W0313,Morning,A,28.0,1,2025-01-31 20:41:00
OP119468,W0063,Morning,C,38.0,0,2025-05-16 07:54:00
OP119471,W0326,Morning,E,33.0,1,2025-06-03 00:35:00
OP119472,W0126,Evening,A,13.0,1,2025-04-22 00:58:00
OP119475,W0447,Evening,A,12.0,0,2025-04-27 20:07:00
OP119482,W0195,Morning,E,43.0,0,2025-06-23 14:15:00
OP119484,W0399,Night,E,43.0,0,2025-03-24 10:33:00
OP119485,W0124,Night,C,35.0,0,2025-03-07 01:32:00
OP119487,W0430,Evening,E,27.0,0,2025-03-19 15:31:00
OP119489,W0129,Morning,D,47.0,0,2025-01-02 11:03:00
OP119491,W0087,Morning,A,24.0,1,2025-02-14 17:00:00
OP119494,W0191,Morning,E,10.0,1,2025-06-20 03:31:00
OP119497,W0092,Night,D,14.0,0,2025-05-11 11:38:00
OP119500,W0070,Evening,A,24.0,0,2025-01-29 12:55:00
OP119505,W0187,Night,A,22.0,0,2025-01-25 20:39:00
OP119507,W0357,Morning,C,44.0,1,2025-02-13 02:57:00
OP119512,W0478,Morning,A,8.0,1,2025-04-18 02:39:00
OP119515,W0192,Evening,C,10.0,1,2025-02-17 03:34:00
OP119516,W0405,Night,C,45.0,0,2025-05-13 04:44:00
OP119518,W0427,Morning,B,38.0,0,2025-03-29 05:00:00
OP119519,W0191,Morning,A,26.0,0,2025-02-22 13:51:00
OP119522,W0196,Evening,A,46.0,0,2025-01-26 04:14:00
OP119523,W0476,Evening,A,46.0,1,2025-01-20 18:53:00
OP119524,W0259,Morning,C,6.0,1,2025-06-27 01:30:00
OP119525,W0393,Night,E,33.0,0,2025-05-04 18:54:00
OP119526,W0031,Evening,C,7.0,0,2025-05-14 18:20:00
OP119527,W0260,Morning,B,23.0,1,2025-05-24 01:01:00
OP119530,W0154,Morning,A,11.0,1,2025-03-30 11:27:00
OP119531,W0246,Morning,E,6.0,0,2025-05-23 16:43:00
OP119532,W0423,Morning,A,7.0,0,2025-03-15 11:08:00
OP119535,W0300,Morning,C,19.0,0,2025-02-07 11:56:00
OP119536,W0233,Evening,D,49.0,0,2025-05-24 12:27:00
OP119538,W0471,Morning,B,17.0,0,2025-01-29 13:24:00
OP119539,W0177,Morning,A,8.0,0,2025-03-18 22:49:00
OP119544,W0118,Evening,C,49.0,0,2025-05-26 18:12:00
OP119546,W0386,Morning,D,17.0,0,2025-06-23 20:21:00
OP119549,W0313,Evening,E,17.0,1,2025-05-26 02:02:00
OP119552,W0183,Night,E,24.0,0,2025-01-03 11:26:00
OP119553,W0377,Night,E,37.0,0,2025-01-08 19:15:00
OP119555,W0350,Morning,D,3.0,0,2025-04-23 11:42:00
OP119557,W0411,Night,E,30.0,1,2025-05-12 22:32:00
OP119559,W0084,Morning,A,8.0,0,2025-04-24 09:36:00
OP119560,W0279,Morning,E,32.0,0,2025-03-18 04:55:00
OP119562,W0263,Morning,B,32.0,0,2025-05-27 18:54:00
OP119565,W0164,Morning,C,34.0,0,2025-06-10 18:31:00
OP119566,W0303,Morning,E,34.0,1,2025-06-29 19:53:00
OP119568,W0202,Evening,E,9.0,0,2025-02-02 19:16:00
OP119571,W0024,Night,D,13.0,0,2025-06-22 18:46:00
OP119580,W0413,Night,E,17.0,0,2025-01-24 04:22:00
OP119584,W0484,Evening,E,44.0,0,2025-01-04 21:42:00
OP119585,W0273,Night,E,35.0,0,2025-04-02 01:58:00
OP119586,W0141,Morning,C,10.0,0,2025-06-12 19:12:00
OP119590,W0031,Morning,E,39.0,0,2025-01-03 17:52:00
OP119591,W0396,Night,E,23.0,0,2025-01-17 01:20:00
OP119592,W0139,Evening,D,43.0,0,2025-01-17 23:12:00
OP119593,W0197,Evening,D,14.0,1,2025-01-18 10:19:00
OP119595,W0142,Night,D,47.0,0,2025-06-09 20:14:00
OP119598,W0284,Morning,C,21.0,0,2025-06-27 01:11:00
OP119601,W0354,Evening,E,47.0,1,2025-06-14 17:09:00
OP119603,W0334,Morning,B,21.0,0,2025-02-21 22:20:00
OP119604,W0464,Morning,B,29.0,0,2025-05-28 09:06:00
OP119608,W0046,Morning,B,34.0,0,2025-03-22 17:50:00
OP119609,W0483,Morning,D,26.0,0,2025-04-21 21:10:00
OP119610,W0324,Evening,D,37.0,1,2025-02-14 22:51:00
OP119611,W0011,Morning,D,11.0,0,2025-01-12 15:26:00
OP119612,W0241,Morning,D,38.0,0,2025-01-04 11:48:00
OP119615,W0364,Night,A,41.0,0,2025-03-13 11:29:00
OP119616,W0152,Morning,E,14.0,0,2025-04-07 15:22:00
OP119617,W0017,Morning,B,33.0,0,2025-04-04 14:22:00
OP119621,W0363,Morning,D,4.0,0,2025-05-30 21:10:00
OP119622,W0446,Morning,B,43.0,0,2025-06-01 10:05:00
OP119624,W0158,Night,B,25.0,1,2025-05-24 09:15:00
OP119625,W0062,Evening,C,20.0,0,2025-04-11 09:04:00
OP119626,W0230,Morning,C,40.0,1,2025-03-12 22:14:00
OP119636,W0493,Morning,D,5.0,1,2025-01-03 18:45:00
OP119637,W0254,Night,A,41.0,1,2025-03-21 20:14:00
OP119638,W0147,Morning,A,28.0,1,2025-05-14 18:22:00
OP119640,W0082,Evening,A,41.0,0,2025-02-10 22:21:00
OP119642,W0276,Morning,A,10.0,0,2025-03-07 07:02:00
OP119645,W0237,Night,B,5.0,1,2025-06-02 13:39:00
OP119648,W0469,Morning,D,32.0,1,2025-05-19 13:22:00
OP119651,W0430,Morning,A,17.0,1,2025-02-12 07:50:00
OP119652,W0312,Evening,D,1.0,1,2025-06-27 17:21:00
OP119653,W0007,Morning,C,45.0,1,2025-03-30 10:40:00
OP119655,W0140,Night,B,48.0,1,2025-02-17 03:11:00
OP119658,W0093,Morning,C,12.0,0,2025-01-19 15:00:00
OP119661,W0104,Evening,E,6.0,0,2025-03-25 02:41:00
OP119663,W0109,Night,B,38.0,0,2025-05-11 09:47:00
OP119665,W0253,Morning,B,5.0,0,2025-02-05 09:17:00
OP119667,W0299,Morning,C,49.0,0,2025-03-19 07:13:00
OP119669,W0122,Night,D,25.0,0,2025-06-13 13:29:00
OP119670,W0367,Evening,D,14.0,0,2025-04-30 09:18:00
OP119673,W0171,Morning,C,47.0,1,2025-03-02 10:32:00
OP119674,W0052,Morning,C,29.0,1,2025-06-15 01:29:00
OP119676,W0225,Night,A,45.0,0,2025-02-18 18:08:00
OP119680,W0414,Night,D,44.0,1,2025-02-13 03:53:00
OP119685,W0114,Night,B,38.0,0,2025-05-20 05:34:00
OP119687,W0358,Evening,C,38.0,0,2025-01-15 06:04:00
OP119688,W0184,Morning,A,16.0,0,2025-02-14 22:26:00
OP119690,W0323,Evening,A,34.0,0,2025-05-18 16:46:00
OP119692,W0398,Night,D,35.0,0,2025-03-21 03:30:00
OP119693,W0141,Morning,A,1.0,1,2025-06-23 01:00:00
OP119696,W0083,Morning,B,5.0,0,2025-05-30 04:55:00
OP119697,W0132,Morning,D,49.0,0,2025-01-08 10:02:00
OP119699,W0118,Evening,A,23.0,0,2025-02-03 11:43:00
OP119700,W0405,Morning,C,3.0,1,2025-02-28 00:17:00
OP119703,W0272,Night,A,29.0,1,2025-05-13 03:04:00
OP119704,W0296,Morning,D,17.0,0,2025-05-05 14:09:00
OP119705,W0370,Morning,D,26.0,0,2025-05-01 08:15:00
OP119708,W0493,Evening,A,19.0,0,2025-01-17 15:18:00
OP119709,W0234,Night,C,32.0,1,2025-04-08 18:26:00
OP119711,W0164,Morning,D,17.0,0,2025-01-21 05:58:00
OP119712,W0201,Morning,E,38.0,0,2025-02-10 02:43:00
OP119713,W0366,Morning,A,10.0,1,2025-06-28 08:46:00
OP119714,W0077,Night,E,16.0,0,2025-01-05 07:02:00
OP119715,W0166,Evening,E,23.0,0,2025-05-02 16:33:00
OP119716,W0047,Morning,A,39.0,0,2025-01-14 07:24:00
OP119719,W0391,Evening,E,30.0,1,2025-03-30 10:58:00
OP119720,W0479,Morning,E,5.0,0,2025-02-02 15:26:00
OP119721,W0397,Morning,B,7.0,1,2025-03-03 05:34:00
OP119729,W0092,Evening,A,10.0,0,2025-02-09 06:04:00
OP119731,W0326,Morning,B,29.0,0,2025-04-08 17:19:00
OP119741,W0092,Morning,C,19.0,1,2025-03-14 18:33:00
OP119748,W0350,Morning,B,45.0,0,2025-03-12 00:20:00
OP119750,W0425,Evening,C,23.0,1,2025-03-16 11:53:00
OP119751,W0460,Morning,D,37.0,1,2025-03-23 22:45:00
OP119752,W0118,Morning,B,11.0,0,2025-05-23 12:26:00
OP119753,W0113,Night,E,34.0,1,2025-04-27 21:07:00
OP119755,W0472,Morning,C,37.0,1,2025-03-21 17:51:00
OP119756,W0459,Night,A,27.0,1,2025-05-05 16:08:00
OP119757,W0290,Evening,A,9.0,0,2025-01-09 19:06:00
OP119764,W0392,Night,B,18.0,1,2025-05-16 23:14:00
OP119765,W0387,Evening,A,44.0,0,2025-05-03 00:31:00
OP119772,W0262,Morning,A,33.0,0,2025-05-03 04:35:00
OP119774,W0437,Morning,E,3.0,0,2025-05-17 13:40:00
OP119778,W0266,Evening,E,22.0,1,2025-01-23 06:31:00
OP119780,W0092,Night,D,41.0,0,2025-05-19 08:13:00
OP119784,W0144,Morning,C,39.0,0,2025-02-27 06:36:00
OP119787,W0081,Morning,C,25.0,0,2025-02-01 01:58:00
OP119796,W0447,Morning,E,47.0,0,2025-06-25 04:28:00
OP119797,W0340,Night,E,43.0,0,2025-06-23 23:50:00
OP119802,W0340,Night,E,40.0,0,2025-02-24 03:11:00
OP119803,W0395,Night,C,4.0,0,2025-02-04 10:04:00
OP119805,W0469,Morning,D,34.0,1,2025-06-25 08:49:00
OP119808,W0482,Evening,C,43.0,1,2025-02-08 10:15:00
OP119812,W0480,Morning,D,46.0,0,2025-02-08 14:56:00
OP119817,W0121,Evening,E,3.0,0,2025-06-24 09:48:00
OP119819,W0474,Night,B,39.0,1,2025-01-13 20:04:00
OP119822,W0047,Morning,C,38.0,0,2025-05-24 19:07:00
OP119826,W0339,Morning,D,13.0,0,2025-04-04 11:10:00
OP119831,W0204,Morning,D,42.0,0,2025-06-24 05:32:00
OP119833,W0190,Evening,B,49.0,0,2025-06-03 07:11:00
OP119835,W0209,Morning,A,1.0,0,2025-06-19 04:42:00
OP119836,W0008,Evening,A,43.0,0,2025-05-02 05:54:00
OP119838,W0472,Morning,C,30.0,0,2025-06-02 04:36:00
OP119843,W0059,Morning,B,43.0,0,2025-03-13 19:16:00
OP119844,W0131,Evening,B,49.0,0,2025-06-03 14:24:00
OP119845,W0179,Evening,C,49.0,0,2025-05-03 11:41:00
OP119849,W0390,Morning,E,1.0,0,2025-04-05 22:13:00
OP119854,W0182,Morning,D,25.0,0,2025-02-17 09:13:00
OP119858,W0015,Night,E,47.0,0,2025-04-03 03:48:00
OP119859,W0316,Evening,D,4.0,0,2025-03-30 03:11:00
OP119862,W0283,Night,A,34.0,0,2025-02-17 08:40:00
OP119867,W0441,Night,E,15.0,0,2025-01-09 01:40:00
OP119870,W0160,Evening,E,44.0,0,2025-01-28 18:47:00
OP119872,W0294,Night,B,1.0,1,2025-04-03 09:06:00
OP119873,W0396,Morning,A,24.0,0,2025-04-21 03:58:00
OP119877,W0429,Night,A,28.0,0,2025-05-17 21:36:00
OP119879,W0178,Morning,B,28.0,0,2025-03-08 06:41:00
OP119888,W0416,Morning,D,12.0,1,2025-06-26 22:38:00
OP119889,W0110,Morning,B,24.0,0,2025-06-02 15:36:00
OP119891,W0073,Morning,D,10.0,0,2025-05-22 16:27:00
OP119892,W0041,Night,B,18.0,0,2025-05-24 16:04:00
OP119896,W0282,Night,D,12.0,0,2025-06-23 00:40:00
OP119899,W0494,Night,A,49.0,1,2025-03-10 08:29:00
OP119900,W0112,Night,B,36.0,0,2025-01-23 16:34:00
OP119901,W0014,Morning,A,39.0,0,2025-01-19 21:37:00
OP119902,W0148,Evening,A,13.0,1,2025-04-08 05:38:00
OP119904,W0280,Night,E,49.0,0,2025-02-16 16:06:00
OP119906,W0336,Morning,B,36.0,1,2025-02-28 06:28:00
OP119907,W0384,Morning,D,34.0,0,2025-03-12 09:36:00
OP119908,W0333,Evening,E,49.0,0,2025-01-02 04:56:00
OP119911,W0146,Morning,B,41.0,0,2025-03-24 20:53:00
OP119913,W0140,Morning,A,17.0,1,2025-06-18 03:26:00
OP119917,W0201,Morning,D,49.0,0,2025-03-02 23:18:00
OP119918,W0014,Evening,B,39.0,0,2025-03-17 17:45:00
OP119923,W0475,Evening,D,39.0,0,2025-05-04 03:27:00
OP119924,W0021,Morning,A,5.0,0,2025-01-28 00:45:00
OP119927,W0282,Morning,A,37.0,0,2025-05-28 09:16:00
OP119928,W0210,Night,C,30.0,0,2025-03-28 09:18:00
OP119930,W0315,Night,D,31.0,0,2025-04-21 01:06:00
OP119935,W0122,Evening,D,17.0,0,2025-05-20 05:00:00
OP119937,W0044,Night,E,37.0,0,2025-05-05 07:54:00
OP119940,W0103,Evening,D,8.0,1,2025-04-22 04:59:00
OP119942,W0176,Morning,D,41.0,0,2025-06-01 21:09:00
OP119945,W0288,Evening,A,8.0,0,2025-03-01 16:15:00
OP119947,W0414,Night,E,27.0,0,2025-05-27 22:46:00
OP119949,W0041,Morning,A,32.0,0,2025-02-17 21:36:00
OP119951,W0339,Evening,C,38.0,0,2025-04-11 00:26:00
OP119953,W0038,Morning,C,13.0,0,2025-01-23 12:29:00
OP119954,W0381,Night,E,21.0,0,2025-06-20 16:08:00
OP119956,W0241,Morning,C,7.0,0,2025-04-12 10:25:00
OP119958,W0163,Night,B,12.0,0,2025-01-26 08:04:00
OP119960,W0452,Morning,D,28.0,0,2025-01-21 08:32:00
OP119965,W0041,Evening,D,10.0,0,2025-02-08 19:33:00
OP119966,W0351,Evening,A,43.0,0,2025-04-14 15:08:00
OP119969,W0288,Morning,B,27.0,0,2025-02-27 03:30:00
OP119976,W0473,Night,D,12.0,1,2025-04-15 20:43:00
OP119977,W0296,Evening,A,48.0,0,2025-02-18 09:39:00
OP119978,W0189,Morning,E,43.0,0,2025-06-19 16:12:00
OP119980,W0209,Night,C,40.0,0,2025-05-01 01:14:00
OP119982,W0131,Morning,C,15.0,0,2025-03-05 02:08:00
OP119983,W0296,Evening,C,49.0,0,2025-06-22 10:03:00
OP119984,W0110,Morning,B,16.0,1,2025-04-19 10:43:00
OP119985,W0170,Morning,E,5.0,0,2025-01-07 07:26:00
OP119991,W0420,Morning,A,23.0,0,2025-05-20 13:48:00
OP119997,W0489,Morning,C,3.0,1,2025-06-02 02:23:00
OP119999,W0160,Morning,C,31.0,0,2025-03-12 14:58:00
